frame_index,timestamp_ns,segment,keyframe,cx,cy,cz,qw,qx,qy,qz
150,5000000000,0,1,0,0,0,1,0,0,0
154,5133333333,0,1,0.05484348616,-0.001188058226,-0.01065453893,0.9973411278,-0.006672098548,-0.06449976197,-0.03325565409
155,5166666667,0,0,0.07098527968,-0.001232976627,-0.01318833618,0.9960479266,-0.01116190608,-0.07725922954,-0.0423668643
156,5200000000,0,0,0.08487670641,-0.009326268542,-0.01539634646,0.9950150783,-0.01582470902,-0.08552964508,-0.04877757953
157,5233333333,0,0,0.1011965745,-0.004086763843,-0.01774078796,0.9940371213,-0.01363046619,-0.09257493467,-0.05598475912
158,5266666667,0,0,0.1130100926,-0.01121422081,-0.01952117818,0.992899082,-0.0197938207,-0.09698848187,-0.06597614765
159,5300000000,0,1,0.1265106048,-0.02564302128,-0.008992047044,0.9916440731,-0.01705244279,-0.1028351315,-0.07600119872
160,5333333333,0,0,0.1350729193,-0.03132998064,-0.01427265291,0.9905726485,0.001116536588,-0.1081002397,-0.08413631548
161,5366666667,0,1,0.1478711655,-0.03429343231,-0.01535502559,0.9885224034,0.02352514504,-0.1205681142,-0.08793949797
162,5400000000,0,0,0.1597167665,-0.02575713332,-0.0237222504,0.9853863726,0.05039243502,-0.1347583303,-0.09118383449
163,5433333333,0,0,0.174126818,-0.01667849001,-0.02890717961,0.9815493786,0.06461271299,-0.1527411025,-0.09516391258
164,5466666667,0,0,0.1944224283,-0.02674707869,-0.02924453168,0.9776409145,0.07110987577,-0.1711125589,-0.09940885269
165,5500000000,0,0,0.2106703241,-0.0271960456,-0.03045106419,0.9734586809,0.08718516909,-0.1822018033,-0.1076078326
166,5533333333,0,0,0.2260805065,-0.0293379654,-0.03481847091,0.9698432534,0.1007550745,-0.1897246513,-0.1151392005
167,5566666667,0,1,0.2525407439,-0.03589042062,-0.02658918809,0.9649227962,0.1164582964,-0.2009477373,-0.1223988132
168,5600000000,0,0,0.2715884538,-0.03776768676,-0.02766497923,0.9607211193,0.1368214534,-0.2029497521,-0.1307907447
169,5633333333,0,0,0.2850249121,-0.03640290576,-0.03183210785,0.9580683161,0.1556621112,-0.1992141733,-0.1348633458
170,5666666667,0,0,0.2920076723,-0.04055551593,-0.03761531594,0.9564956267,0.1702832496,-0.1960979304,-0.1329109954
171,5700000000,0,0,0.2992773224,-0.04231066821,-0.04343588662,0.9539746619,0.1850986106,-0.196633273,-0.1304078402
172,5733333333,0,0,0.3037697388,-0.04206223029,-0.04601509471,0.9508853341,0.1975122294,-0.2017494078,-0.126898294
173,5766666667,0,1,0.3140285394,-0.05224486422,-0.04727487442,0.9459655625,0.2088547935,-0.2147420236,-0.1241559226
174,5800000000,0,0,0.3216747643,-0.05169869117,-0.04951473479,0.9398554584,0.2235832461,-0.2268691432,-0.1233395361
175,5833333333,0,0,0.330469939,-0.05344025907,-0.04874635868,0.9348000301,0.2311976949,-0.2397213744,-0.1234106649
176,5866666667,0,0,0.3380223836,-0.06136605946,-0.04510088827,0.9295733117,0.2385692944,-0.2522753289,-0.1238358123
177,5900000000,0,0,0.3476736157,-0.06198677176,-0.03961407419,0.9240803509,0.24876272,-0.2612956685,-0.1261633378
178,5933333333,0,1,0.3578864719,-0.06543386581,-0.03765105925,0.9191978374,0.2582122323,-0.2691736065,-0.1262828112
179,5966666667,0,0,0.3633538327,-0.06945162347,-0.03435713226,0.9144871836,0.2668758025,-0.2762093226,-0.1272749276
180,6000000000,0,0,0.3707030123,-0.07634386179,-0.02993607324,0.9102456873,0.2741713326,-0.284359499,-0.1241875379
181,6033333333,0,0,0.3788235674,-0.08028448724,-0.02401122934,0.9052482844,0.2836479078,-0.2929157393,-0.1194561746
182,6066666667,0,0,0.3852304416,-0.08434877988,-0.01806273117,0.9002039891,0.2926030448,-0.3003646243,-0.1174620309
183,6100000000,0,0,0.3912791877,-0.08991670776,-0.01324319485,0.8955204594,0.2998325735,-0.3078980411,-0.115509008
184,6133333333,0,1,0.4045103754,-0.09411651699,-0.02510043685,0.8902798711,0.306654442,-0.3176660452,-0.1115934051
185,6166666667,0,0,0.4123759688,-0.09941654727,-0.01742637433,0.8842297745,0.3159759659,-0.3264299215,-0.1083531323
186,6200000000,0,0,0.4202276409,-0.1021296047,-0.01116997791,0.8789753311,0.3244556007,-0.3330232204,-0.105955015
187,6233333333,0,0,0.4262472468,-0.1113766296,-0.005932543692,0.8738334593,0.3322709618,-0.3399052386,-0.102349998
188,6266666667,0,0,0.4314215813,-0.1313483491,-0.001894802551,0.8672570964,0.3432991947,-0.347214033,-0.09722760387
189,6300000000,0,1,0.4448772128,-0.121785309,-0.009056357201,0.8587450944,0.3598551287,-0.352222072,-0.0948723415
190,6333333333,0,0,0.4549259247,-0.1248317803,-0.004943966062,0.8504012633,0.3758408733,-0.3555251623,-0.09572454371
191,6366666667,0,0,0.4619258574,-0.1363926906,-0.0115903658,0.8427566229,0.3918280264,-0.3563695274,-0.09608762817
192,6400000000,0,1,0.476932095,-0.1409396871,-0.02904716899,0.8350382818,0.4082216963,-0.3564544742,-0.09490164601
193,6433333333,0,0,0.4864177494,-0.1283299792,-0.01523761779,0.8258342457,0.4266946309,-0.357329272,-0.09080353501
194,6466666667,0,0,0.4879541674,-0.1284986192,-0.02111147199,0.8206168708,0.4382345117,-0.356894994,-0.08464294107
195,6500000000,0,0,0.4914686721,-0.1286542898,-0.02031801468,0.8142409279,0.4495557173,-0.3586842828,-0.07910090732
196,6533333333,0,1,0.5231532807,-0.1221932462,-0.02494247765,0.8084623503,0.457197635,-0.3628416729,-0.07553059686
197,6566666667,0,0,0.5292924454,-0.1187630582,-0.02684425278,0.8057196066,0.4597430328,-0.366348773,-0.07239361847
198,6600000000,0,0,0.5339511158,-0.1193006458,-0.02929345345,0.8045789167,0.4588704406,-0.3697993779,-0.07306918401
199,6633333333,0,0,0.5373206247,-0.1155139598,-0.02792865161,0.8054344438,0.4546893571,-0.3728983706,-0.07402533661
200,6666666667,0,1,0.5663960166,-0.1237981868,-0.03910857103,0.8087349799,0.446079839,-0.3751401796,-0.07893259875
201,6700000000,0,0,0.5752607183,-0.1186698936,-0.04025584997,0.8146122376,0.4352074416,-0.3748531297,-0.08053891162
202,6733333333,0,0,0.577067443,-0.1164965347,-0.03779822857,0.8226498057,0.4192966935,-0.3749223117,-0.08289053221
203,6766666667,0,0,0.5813254765,-0.1168556583,-0.03490193268,0.8294625259,0.404707109,-0.3745328558,-0.08904613404
204,6800000000,0,0,0.5819165465,-0.1168190483,-0.03251787537,0.8351837868,0.3911996774,-0.3740019818,-0.09774135377
205,6833333333,0,0,0.5835554294,-0.1140317949,-0.03012531754,0.8406289359,0.3771518825,-0.3740036828,-0.1059277817
206,6866666667,0,1,0.6283409361,-0.1096218265,0.02083573877,0.8404399876,0.3673629639,-0.3814855791,-0.1147773192
207,6900000000,0,0,0.6351788457,-0.104145121,0.02623487195,0.8437645018,0.355276969,-0.3838691727,-0.1203503181
208,6933333333,0,0,0.6411037234,-0.1020034857,0.02446989725,0.8478467256,0.3408235051,-0.3869395977,-0.1235840441
209,6966666667,0,0,0.6442855883,-0.09878339749,0.02737850561,0.8511694069,0.326746885,-0.3910999831,-0.125649979
210,7000000000,0,0,0.6602420984,-0.09039934963,0.02799794571,0.8543826816,0.3106134305,-0.3958505825,-0.1298146622
211,7033333333,0,1,0.6961356614,-0.101382101,0.06432979791,0.8559963147,0.2913461491,-0.404727155,-0.1363219008
212,7066666667,0,0,0.7036884632,-0.1018716015,0.06231073871,0.860408595,0.2711709741,-0.4075523668,-0.1416489348
213,7100000000,0,0,0.7189765219,-0.106172595,0.05950962682,0.863927488,0.2507102702,-0.4100015997,-0.1505733845
214,7133333333,0,0,0.7363482094,-0.1088700495,0.05871038926,0.8676464842,0.2313798478,-0.4099394443,-0.1600081138
215,7166666667,0,1,0.7581095657,-0.1115112083,0.1040825086,0.8687272998,0.2136481626,-0.414420704,-0.1671012307
216,7200000000,0,0,0.7704250299,-0.1184232653,0.1017202302,0.8725121403,0.1924530526,-0.4133657335,-0.1755367708
217,7233333333,0,0,0.7853632416,-0.1230396901,0.1007610974,0.874957308,0.1753269871,-0.41247713,-0.1832287481
218,7266666667,0,0,0.7980669035,-0.1220079813,0.09984668096,0.8765953099,0.1582951724,-0.4114660207,-0.1929223025
219,7300000000,0,1,0.8045020779,-0.1488982398,0.1386043586,0.8743935098,0.1405541508,-0.4157457113,-0.2069686553
220,7333333333,0,0,0.8170539328,-0.1516217035,0.1435880071,0.8719834897,0.1308770525,-0.4190822319,-0.2165319231
221,7366666667,0,0,0.8325167602,-0.1535314783,0.1505053055,0.8688567296,0.1200712217,-0.4224585776,-0.2284723953
222,7400000000,0,0,0.8496174664,-0.1673642831,0.1575506568,0.8673211689,0.1070200949,-0.4236236661,-0.2384191242
223,7433333333,0,0,0.8646640465,-0.1719714092,0.1668686533,0.8671129896,0.09810733422,-0.4228410518,-0.2443265421
224,7466666667,0,0,0.8819356907,-0.1722647941,0.177642169,0.8665200987,0.0885515542,-0.4215607867,-0.2521666986
225,7500000000,0,1,0.8949108173,-0.176229853,0.2123591482,0.8660532016,0.07940895481,-0.4191139135,-0.2607481493
226,7533333333,0,0,0.9109157226,-0.1788591065,0.2251469746,0.8654357393,0.06903553014,-0.4155460464,-0.2712499955
227,7566666667,0,0,0.924976273,-0.1872062527,0.2385214361,0.8647461261,0.05620442214,-0.4108199751,-0.283341046
228,7600000000,0,0,0.9388178194,-0.1975308341,0.2534083238,0.8641507623,0.0464006622,-0.4065747125,-0.292894933
229,7633333333,0,0,0.9557154061,-0.1998021351,0.2690649297,0.8646244751,0.03842777831,-0.4007554326,-0.3005709669
230,7666666667,0,1,0.9651419453,-0.2026846467,0.2977710171,0.8652555005,0.02697852124,-0.392429894,-0.3108116095
231,7700000000,0,0,0.9777050949,-0.2184636417,0.3157651329,0.8655653422,0.0144974497,-0.386228482,-0.3184556829
232,7733333333,0,0,0.9915492162,-0.2310366445,0.3318109416,0.8670209261,0.007557240804,-0.3785410007,-0.3239202256
233,7766666667,0,0,1.004649505,-0.2369217856,0.3476169744,0.8684757576,0.004362957539,-0.3713174315,-0.3284116139
234,7800000000,0,0,1.017667684,-0.246045915,0.3625945371,0.8692746588,-0.002602139521,-0.3656609225,-0.332636267
235,7833333333,0,1,1.023973373,-0.2554506506,0.3886276511,0.870424727,-0.007675176494,-0.3608684097,-0.3347773546
236,7866666667,0,0,1.037115106,-0.2627729417,0.4047162558,0.8698915056,-0.009965544144,-0.3584210151,-0.3387090675
237,7900000000,0,0,1.047101367,-0.2747341077,0.4183498959,0.8679405226,-0.01496711931,-0.3567813417,-0.3451989408
238,7933333333,0,0,1.05701157,-0.287260496,0.4319291172,0.8657274137,-0.02027218967,-0.3577650101,-0.3494413844
239,7966666667,0,0,1.068926146,-0.3047534732,0.4471973574,0.8627324208,-0.02573624121,-0.3600157269,-0.3541455809
240,8000000000,0,0,1.081308654,-0.3224181887,0.4642072553,0.8584328439,-0.02457866688,-0.3615450949,-0.3630070055
241,8033333333,0,1,1.08701413,-0.3354680139,0.4739209536,0.854361503,-0.01801610714,-0.3572333083,-0.3769962938
242,8066666667,0,0,1.096143853,-0.3460190736,0.4853693111,0.8503483464,-0.01113993668,-0.3554860979,-0.3878314399
243,8100000000,0,0,1.103038511,-0.3606024288,0.4956873909,0.8446524525,-0.006003048285,-0.3566525579,-0.3991555471
244,8133333333,0,0,1.109769445,-0.3706937012,0.5054742675,0.8373355837,0.001755857832,-0.3601384595,-0.4112983432
245,8166666667,0,0,1.117262031,-0.378592122,0.5167489727,0.8284328242,0.008763444639,-0.3675033507,-0.4225677994
246,8200000000,0,0,1.127380254,-0.3904405066,0.530488412,0.8179242083,0.01433416499,-0.3770867399,-0.4342811436
247,8233333333,0,1,1.130941508,-0.3949823789,0.5375174945,0.8084141836,0.02152149982,-0.3836213521,-0.4459125375
248,8266666667,0,0,1.14080706,-0.4022842761,0.5497043971,0.7987785336,0.02608005274,-0.3943712071,-0.4535901632
249,8300000000,0,0,1.147888677,-0.4106187888,0.566382679,0.7883085532,0.02647160444,-0.4046568418,-0.4627328814
250,8333333333,0,0,1.154506151,-0.4228784752,0.5835594789,0.7771722744,0.02745792487,-0.4153499755,-0.4719467302
251,8366666667,0,0,1.162003034,-0.4327362919,0.6006694755,0.7672652873,0.02921067021,-0.4242430025,-0.4800714432
252,8400000000,0,0,1.167567524,-0.4421955677,0.6163053135,0.7583706104,0.02957847664,-0.4321237431,-0.4871018391
253,8433333333,0,1,1.171909187,-0.446900503,0.6222373139,0.750279608,0.02862919955,-0.4388577752,-0.4936240796
254,8466666667,0,0,1.17475926,-0.4559971115,0.6338098016,0.7377197388,0.02854592134,-0.4488888257,-0.5034416942
255,8500000000,0,0,1.184041711,-0.4658113203,0.6484940223,0.7219956448,0.03218670383,-0.4619427621,-0.5140964789
256,8533333333,0,0,1.189705429,-0.4769135653,0.6629000522,0.7076204272,0.03443854018,-0.4743347514,-0.5225838322
257,8566666667,0,0,1.204341547,-0.4870882143,0.6763788101,0.6957677661,0.03666676926,-0.4887692139,-0.5250403977
258,8600000000,0,0,1.216683706,-0.4989578166,0.6919481516,0.683071561,0.03525333613,-0.5004457532,-0.5307772537
259,8633333333,0,1,1.22065727,-0.5052203951,0.7008187953,0.673273733,0.03349937146,-0.5086583119,-0.5355809876
260,8666666667,0,0,1.233334985,-0.5170558506,0.7132523283,0.662181329,0.03160340909,-0.5188388866,-0.5397437557
261,8700000000,0,0,1.246651512,-0.5311185079,0.7257461275,0.6509983122,0.03067251871,-0.5267977705,-0.5456596953
262,8733333333,0,0,1.257486288,-0.5493299195,0.7377000706,0.6426958808,0.02815719391,-0.532215138,-0.5503600858
263,8766666667,0,0,1.262838169,-0.5718974594,0.7458938788,0.6380391997,0.02624307221,-0.5347474904,-0.5534097959
264,8800000000,0,0,1.275038173,-0.5839704486,0.7533516576,0.6353731785,0.03181373049,-0.537854713,-0.5531736783
265,8833333333,0,1,1.2785774,-0.5858930737,0.7622993143,0.6328288513,0.03587264189,-0.5411277263,-0.5526496017
266,8866666667,0,0,1.281636261,-0.6026715487,0.7669293184,0.6282777005,0.03773222552,-0.5476993105,-0.5512430276
267,8900000000,0,0,1.293199632,-0.6192043356,0.7786189282,0.623174834,0.04296485404,-0.5575475991,-0.5467612114
268,8933333333,0,0,1.294641103,-0.6455162602,0.7901822804,0.6195877222,0.04349961381,-0.5637689538,-0.5444110624
269,8966666667,0,0,1.297762082,-0.658034796,0.7973023146,0.6200616926,0.05214993294,-0.5673794467,-0.5393370424
270,9000000000,0,0,1.304703541,-0.6621970951,0.8048891158,0.620800701,0.05787003602,-0.5730238455,-0.5318845937
271,9033333333,0,1,1.302279375,-0.6674397004,0.8077621135,0.6181391616,0.05790605769,-0.5812672896,-0.5260030451
272,9066666667,0,0,1.3070456,-0.6750941038,0.8148769732,0.6117170949,0.05502951586,-0.5942022899,-0.5193241636
273,9100000000,0,0,1.303074736,-0.6884552176,0.8267931982,0.6022551824,0.0447329546,-0.6069616534,-0.5166093392
274,9133333333,0,0,1.290716959,-0.7052513234,0.8393993272,0.5941874644,0.03770949096,-0.6183137463,-0.5130373891
275,9166666667,0,0,1.287829829,-0.7159378392,0.8491081686,0.5903421402,0.03543769183,-0.627675811,-0.5062246575
276,9200000000,0,0,1.27937625,-0.7261436455,0.8608705756,0.5868476499,0.03118824826,-0.6362391613,-0.499836832
277,9233333333,0,1,1.270871816,-0.7346273669,0.8638110067,0.5854121612,0.02806870008,-0.6435296733,-0.4923152538
278,9266666667,0,0,1.267983568,-0.7387435548,0.8710544694,0.5799395989,0.02413593988,-0.6534940547,-0.4858323152
279,9300000000,0,0,1.254389881,-0.7457436571,0.8813694499,0.5711942554,0.01737087232,-0.6640900072,-0.4820994064
280,9333333333,0,0,1.246005728,-0.7527273574,0.8916541197,0.5627229057,0.01618787169,-0.6745729133,-0.4775272441
281,9366666667,0,0,1.235789573,-0.7593142765,0.906643759,0.5550215814,0.013819221,-0.6827189146,-0.4750315325
282,9400000000,0,0,1.224066192,-0.7670699388,0.9236295093,0.5488210246,0.01331198553,-0.6887960122,-0.473474738
283,9433333333,0,1,1.213182087,-0.7733554655,0.9381084732,0.5480353595,0.01411209844,-0.6893089109,-0.4736151589
284,9466666667,0,0,1.195390142,-0.7805680358,0.948856636,0.5530395242,0.01565630481,-0.6863790117,-0.4720021367
285,9500000000,0,0,1.183812941,-0.7876420253,0.9582715519,0.5600950052,0.02091156014,-0.6829257486,-0.4684748806
286,9533333333,0,0,1.168857035,-0.7946340844,0.968035594,0.5706737943,0.02461168761,-0.6773097628,-0.4636563065
287,9566666667,0,1,1.16037394,-0.8020279392,0.9724846642,0.5854609697,0.02908391312,-0.6705765425,-0.4546610602
288,9600000000,0,0,1.152781947,-0.8051512315,0.9801830812,0.5996698462,0.03434173384,-0.6629367581,-0.4469133872
289,9633333333,0,0,1.136934859,-0.8101603555,0.9860836675,0.6150170273,0.03710111483,-0.6544125968,-0.4383169134
290,9666666667,0,0,1.129743117,-0.8119580422,0.9888238707,0.6289894729,0.04545990175,-0.6462546668,-0.4297214748
291,9700000000,0,0,1.118930313,-0.817984814,0.9930001846,0.6399499744,0.0504814805,-0.6399364695,-0.4223706492
292,9733333333,0,0,1.108721454,-0.8211233669,0.9951154725,0.6497275036,0.05835038858,-0.6342716663,-0.4149082507
293,9766666667,0,1,1.098069575,-0.826131872,0.9952530101,0.6574555131,0.06480939745,-0.6295208165,-0.4089688641
294,9800000000,0,0,1.090878026,-0.8311841138,0.9953386691,0.6620417405,0.06985476496,-0.6273609016,-0.4040288912
295,9833333333,0,0,1.080558157,-0.8368646978,0.9981330123,0.66644107,0.07486493973,-0.6260782482,-0.3978411343
296,9866666667,0,0,1.073367238,-0.8428592923,1.003856026,0.6729056399,0.08028337775,-0.6241909747,-0.3887649754
297,9900000000,0,1,1.069357863,-0.860186935,1.011951253,0.6830643624,0.08319847592,-0.6176563758,-0.3807908767
298,9933333333,0,0,1.061048199,-0.8677313132,1.013492273,0.6986499562,0.0899118575,-0.6049741179,-0.3712282496
299,9966666667,0,0,1.055940523,-0.8728574568,1.015465558,0.7133666521,0.0997857873,-0.5930926243,-0.359710933
300,10000000000,0,0,1.05332388,-0.8801142508,1.01688507,0.7274694363,0.1082067542,-0.5802218011,-0.3498888097
301,10033333333,0,1,1.042780908,-0.891324549,1.020710203,0.7407966852,0.1127067783,-0.5687717948,-0.3391402347
302,10066666667,0,0,1.03998006,-0.8955604233,1.022270987,0.7506003323,0.1201180727,-0.5595967548,-0.3301851931
303,10100000000,0,0,1.035590159,-0.90233784,1.024547891,0.7593302622,0.1272841036,-0.5506618411,-0.3224714663
304,10133333333,0,0,1.029676729,-0.9111282948,1.030381759,0.7691578413,0.1312181787,-0.5425673247,-0.3111248993
305,10166666667,0,1,1.026348459,-0.9204785341,1.039029071,0.7787443277,0.133560472,-0.5339058103,-0.3011037331
306,10200000000,0,0,1.022394105,-0.9263484911,1.041272724,0.7892982641,0.1367108719,-0.522136786,-0.2927312154
307,10233333333,0,0,1.01416843,-0.9328052108,1.045178077,0.7992150712,0.1398427456,-0.5102344631,-0.285236865
308,10266666667,0,0,1.010081802,-0.9363048012,1.049099599,0.8076162068,0.1451617881,-0.4986090398,-0.2794157174
309,10300000000,0,1,1.006358454,-0.9527320256,1.053550525,0.8141365933,0.1450579901,-0.4882366001,-0.2788634241
310,10333333333,0,0,1.00231797,-0.9568609868,1.053827562,0.8221369296,0.1453703347,-0.4768182248,-0.2749594794
311,10366666667,0,0,0.9968484612,-0.9584149211,1.059828449,0.8287472133,0.1458871722,-0.4652978535,-0.2745776702
312,10400000000,0,0,0.9916889005,-0.9652752816,1.066712782,0.8357133331,0.1446971714,-0.4526502493,-0.2752339102
313,10433333333,0,0,0.984550089,-0.9738794627,1.068428213,0.8415820504,0.1471488212,-0.4397167718,-0.2770127028
314,10466666667,0,0,0.9750713038,-0.9858947571,1.075636859,0.8475112142,0.1495319959,-0.4290511098,-0.2743721364
315,10500000000,0,1,0.9739079266,-1.013135958,1.066886382,0.8521613014,0.1480747325,-0.4201566306,-0.2745239439
316,10533333333,0,0,0.9727819789,-1.018404366,1.068154798,0.855699794,0.1511919665,-0.4136113662,-0.2717434259
317,10566666667,0,0,0.9686787628,-1.0247313,1.071678873,0.8599839058,0.151598157,-0.407943129,-0.2665109453
318,10600000000,0,0,0.9663752841,-1.031071102,1.075355163,0.8636519012,0.1513319769,-0.4038730776,-0.2609416861
319,10633333333,0,0,0.9651692401,-1.041522125,1.08301219,0.8671504431,0.1514703404,-0.3992983905,-0.2562569811
320,10666666667,0,0,0.9603958295,-1.04622597,1.08785413,0.8721458021,0.1527636194,-0.3917865612,-0.2500565274
321,10700000000,0,1,0.9631900507,-1.062494358,1.089761684,0.8768558521,0.1499160786,-0.3861550279,-0.243994423
322,10733333333,0,0,0.9638642437,-1.071402572,1.096537548,0.8824651094,0.1496391306,-0.3784174435,-0.2359315574
323,10766666667,0,0,0.9615190197,-1.080337286,1.102525926,0.8885768347,0.150626959,-0.3673481376,-0.2297783146
324,10800000000,0,0,0.9584915266,-1.094768164,1.104885656,0.8949291307,0.1536978608,-0.3551121777,-0.2222029699
325,10833333333,0,1,0.962820951,-1.093339116,1.111446196,0.8995443362,0.16169755,-0.3437309232,-0.2156917753
326,10866666667,0,0,0.9641366956,-1.098781667,1.121024627,0.9063358796,0.1604767291,-0.3305751522,-0.2086206164
327,10900000000,0,0,0.9697695438,-1.113742863,1.131414102,0.9141471791,0.1577340721,-0.3164086232,-0.1983443484
328,10933333333,0,0,0.9655893761,-1.114492087,1.14408355,0.9216126686,0.1618608488,-0.2971183195,-0.1901364217
329,10966666667,0,1,0.9739937488,-1.122091243,1.150449926,0.9293255119,0.1622071595,-0.2773229893,-0.1820299148
330,11000000000,0,0,0.9637397706,-1.12326633,1.146344104,0.9376058033,0.16127693,-0.2537762479,-0.1745930283
331,11033333333,0,0,0.9514280681,-1.118698614,1.148606935,0.9436782361,0.1617273239,-0.234649693,-0.1680927749
332,11066666667,0,0,0.9415610391,-1.121287162,1.151826322,0.9485564621,0.1575043952,-0.2212831526,-0.1626861088
333,11100000000,0,0,0.9340247441,-1.130084868,1.150439047,0.9516697183,0.154209484,-0.2130156426,-0.1586458898
334,11133333333,0,0,0.9340797372,-1.126743773,1.163724731,0.953293084,0.1552266123,-0.2063347689,-0.1567257411
335,11166666667,0,1,0.9335177585,-1.137719787,1.177065674,0.9562439912,0.1498751307,-0.1991216194,-0.1532496496
336,11200000000,0,0,0.9334494049,-1.143789648,1.185695946,0.9595125268,0.1488198541,-0.1894624743,-0.1459189254
337,11233333333,0,0,0.9297673103,-1.142511128,1.190294386,0.9632619336,0.1491484498,-0.1750546225,-0.1386977517
338,11266666667,0,0,0.9259962574,-1.145675469,1.195491565,0.9668113618,0.1467796473,-0.1616251097,-0.1326983415
339,11300000000,0,0,0.9189989057,-1.14946509,1.198999765,0.9702806934,0.1434485959,-0.1488514173,-0.1257820812
340,11333333333,0,0,0.9133531385,-1.152987441,1.20476582,0.97276539,0.1417096789,-0.1391703957,-0.1194883424
341,11366666667,0,1,0.9040149142,-1.154728554,1.207580196,0.9751853989,0.1400460775,-0.1282391337,-0.1138211695
342,11400000000,0,0,0.9021777,-1.155753158,1.209413245,0.9775678169,0.1372652306,-0.118441569,-0.1071961499
343,11433333333,0,0,0.898225225,-1.157990101,1.213428636,0.9794809242,0.1346711178,-0.1095640097,-0.1023549552
344,11466666667,0,0,0.8938304747,-1.159181037,1.215966842,0.9809831669,0.1333760474,-0.1002841449,-0.09912591203
345,11500000000,0,0,0.8911988746,-1.158558261,1.217797606,0.9827722881,0.1303673212,-0.09044905299,-0.09477320312
346,11533333333,0,0,0.8903750814,-1.158698026,1.218649879,0.9844249564,0.1259930379,-0.08008259952,-0.09284415363
347,11566666667,0,1,0.8767942121,-1.157671831,1.221520245,0.9862753726,0.1208600425,-0.06511273454,-0.09172824772
348,11600000000,0,0,0.8709855929,-1.159967841,1.223355266,0.9876491114,0.1160696705,-0.0553147163,-0.08953963705
349,11633333333,0,0,0.8698548818,-1.157870754,1.223165012,0.9886669664,0.1123436384,-0.04722503529,-0.08767173108
350,11666666667,0,0,0.8677925715,-1.156821719,1.229000531,0.9901127259,0.1057495421,-0.0366040031,-0.08458115264
351,11700000000,0,0,0.8611761317,-1.157748396,1.229893022,0.9912167324,0.1003111864,-0.02753924298,-0.08166177461
352,11733333333,0,0,0.8604256772,-1.1571478,1.232388446,0.9919219035,0.09675754397,-0.02065344753,-0.07938734217
353,11766666667,0,1,0.8467727983,-1.155262767,1.243257356,0.9929093431,0.09110472611,-0.01069750528,-0.07560772895
354,11800000000,0,0,0.8469292058,-1.156865263,1.24391811,0.9933638786,0.08692353654,-0.004848578175,-0.07515979462
355,11833333333,0,0,0.8474051093,-1.157294728,1.24576697,0.9938457909,0.08180508376,0.004176340097,-0.07457231655
356,11866666667,0,0,0.841151165,-1.158487329,1.249498472,0.9942288731,0.07768952434,0.01319978718,-0.07279458276
357,11900000000,0,0,0.8463562364,-1.158100963,1.249177053,0.994358242,0.07516979433,0.01846539196,-0.07252736005
358,11933333333,0,0,0.8461174655,-1.15933239,1.25260211,0.9945446287,0.07181870934,0.02918485052,-0.06979469127
359,11966666667,0,1,0.8330846667,-1.162459363,1.261644954,0.9943924074,0.07223166654,0.04126102259,-0.06529819651
360,12000000000,0,0,0.8347172981,-1.161893572,1.261435072,0.9942474035,0.07462636072,0.04857180494,-0.05952971294
361,12033333333,0,0,0.8355229985,-1.160387105,1.262702643,0.9940104639,0.0772529377,0.05659137856,-0.05265545784
362,12066666667,0,0,0.8401676137,-1.160585831,1.261643568,0.9936708433,0.07922499228,0.06358348224,-0.04794576751
363,12100000000,0,0,0.8404963789,-1.162097476,1.261574034,0.9930563412,0.08119683118,0.07369062643,-0.04261302
364,12133333333,0,0,0.8413774101,-1.159248828,1.264810853,0.9921784393,0.08593430407,0.0824582005,-0.03738830194
365,12166666667,0,1,0.8485540864,-1.150836205,1.26145703,0.9915097871,0.08932160019,0.08860318918,-0.0328552685
366,12200000000,0,0,0.8479578319,-1.150603744,1.263431434,0.9912145296,0.08882505269,0.094241176,-0.02687874713
367,12233333333,0,0,0.85029527,-1.147659551,1.262902077,0.9909826878,0.08869843492,0.09768379209,-0.02331902315
368,12266666667,0,0,0.8489515479,-1.150108541,1.263685327,0.990566402,0.08625320598,0.1046947324,-0.01943195246
369,12300000000,0,0,0.8481268251,-1.150415605,1.266280979,0.9901504003,0.0860985056,0.1095113453,-0.01401775571
370,12333333333,0,0,0.8562597886,-1.146580376,1.263778566,0.9898718167,0.08699418843,0.1116661661,-0.01079189796
371,12366666667,0,1,0.8727145901,-1.143680331,1.258146534,0.9896129029,0.08587453888,0.1149960554,-0.00823245227
372,12400000000,0,0,0.8728186621,-1.146136536,1.261313848,0.9886425059,0.08733156327,0.1221739012,-0.00572114345
373,12433333333,0,0,0.8766390951,-1.146221233,1.259818171,0.9870556685,0.09445025408,0.129501136,-0.005450931457
374,12466666667,0,0,0.8803937495,-1.142564967,1.252811832,0.9854194471,0.09955027803,0.1379651955,-0.001964746006
375,12500000000,0,0,0.8811228417,-1.136830175,1.248289362,0.9842112746,0.09863744956,0.1468595746,0.005575459024
376,12533333333,0,0,0.883060403,-1.136441084,1.251305924,0.9832036044,0.09633976295,0.1542520299,0.01535036244
377,12566666667,0,1,0.8960206839,-1.130113598,1.246951792,0.9825270727,0.09624472543,0.1577703399,0.02204595576
378,12600000000,0,0,0.8986965738,-1.124862794,1.24017787,0.9815122243,0.09463351065,0.163866238,0.02874210058
379,12633333333,0,0,0.9023718491,-1.120986525,1.237296946,0.9806788536,0.089034407,0.1700366862,0.03780721828
380,12666666667,0,0,0.9067582707,-1.121034869,1.234897412,0.9792901891,0.08534360828,0.1775942505,0.04655616149
381,12700000000,0,0,0.9101790476,-1.118323058,1.230214703,0.9773853186,0.08434065538,0.1858612787,0.05531887391
382,12733333333,0,0,0.9117940597,-1.119750527,1.234156613,0.9751603415,0.08735127202,0.1941527354,0.06112919999
383,12766666667,0,1,0.9371342888,-1.107301839,1.214992868,0.9740968282,0.09641568645,0.1937049951,0.06570966044
384,12800000000,0,0,0.9381868455,-1.102764362,1.205931146,0.9724182754,0.1013665075,0.1976209566,0.07122840937
385,12833333333,0,0,0.9417501319,-1.098469006,1.196345157,0.9710992474,0.1065419679,0.1999415244,0.07508959684
386,12866666667,0,0,0.9420163834,-1.092181022,1.183481955,0.9696994727,0.1090301907,0.2028971889,0.08141302686
387,12900000000,0,0,0.9455713169,-1.088143418,1.174913991,0.9683706407,0.1114121495,0.2051585524,0.08806590424
388,12933333333,0,0,0.9464343425,-1.08015293,1.16089334,0.9669976192,0.1150371665,0.2080899557,0.09154575466
389,12966666667,0,1,0.9713802832,-1.061870152,1.136656987,0.9673376121,0.1162951224,0.2038578519,0.09578812551
390,13000000000,0,0,0.9764673674,-1.052936358,1.123656957,0.966408332,0.1188692474,0.2064082067,0.09654372131
391,13033333333,0,0,0.9767616652,-1.04257147,1.107453204,0.9657267951,0.1171912673,0.2107596866,0.09601207562
392,13066666667,0,0,0.985782487,-1.035544584,1.099156561,0.9651287568,0.1176758318,0.2125161029,0.0975488977
393,13100000000,0,0,0.9890415656,-1.026298701,1.084879295,0.9643816758,0.1230894159,0.2139107018,0.09517978138
394,13133333333,0,0,0.9900502101,-1.014626236,1.069998144,0.9637887549,0.1271989425,0.2167977886,0.0890527027
395,13166666667,0,1,1.002265045,-0.9950685183,1.052003614,0.9636192618,0.1314912066,0.2175582983,0.08256129698
396,13200000000,0,0,0.9993157406,-0.9812142463,1.034070485,0.9635448685,0.1264782899,0.2218840476,0.07969942334
397,13233333333,0,0,1.013697559,-0.9723276275,1.028478063,0.9636247773,0.124050406,0.2231799214,0.07892723265
398,13266666667,0,0,1.016568518,-0.9589444433,1.013139866,0.9618281446,0.1307719664,0.2280638468,0.07597496187
399,13300000000,0,0,1.009574586,-0.9424932757,0.9923276278,0.9604651596,0.1292596988,0.2335652456,0.07903090201
400,13333333333,0,0,1.023982766,-0.9318505957,0.9865652639,0.9609089214,0.1247493149,0.2334878829,0.08108675497
401,13366666667,0,1,1.034583711,-0.9169420809,0.9785393511,0.9609514765,0.1275199156,0.2330399328,0.07748109851
402,13400000000,0,0,1.034819029,-0.9012948161,0.9613267484,0.9613058298,0.1259009704,0.232595915,0.0770661252
403,13433333333,0,0,1.044896564,-0.8930488519,0.9554488109,0.9627396517,0.1237033911,0.2282928603,0.07557912357
404,13466666667,0,0,1.048362893,-0.8770604317,0.9403371385,0.9638291723,0.12555736,0.2241758166,0.07080875097
405,13500000000,0,0,1.05504123,-0.8654564858,0.9301288642,0.9648606655,0.1248763429,0.220555351,0.06931906101
406,13533333333,0,0,1.057832322,-0.8501888437,0.9151093524,0.9655275306,0.1249087065,0.2176292776,0.06922355297
407,13566666667,0,1,1.061576585,-0.8357362263,0.9069767481,0.9664005554,0.1239287757,0.2146831,0.06799111459
408,13600000000,0,0,1.065550842,-0.824117156,0.8951930435,0.9676221119,0.1240731777,0.2096816966,0.06593088226
409,13633333333,0,0,1.067135065,-0.8109370406,0.8814567749,0.9691925309,0.1240847752,0.2030656521,0.06350706668
410,13666666667,0,0,1.071145691,-0.7981797397,0.8704497287,0.9706581633,0.1235585832,0.196740547,0.06204162866
411,13700000000,0,0,1.073768468,-0.7872519438,0.8616748234,0.9716259882,0.1251736459,0.1918317249,0.05894986699
412,13733333333,0,0,1.073825403,-0.7772321939,0.8484930657,0.9727794913,0.128080609,0.1849508003,0.0555753583
413,13766666667,0,1,1.071252982,-0.7656715583,0.8387495396,0.9739976664,0.1315230618,0.1766490508,0.05315395384
414,13800000000,0,0,1.073742228,-0.7560180613,0.8297630036,0.9752022658,0.1378753756,0.1654990967,0.05080325377
415,13833333333,0,0,1.076997276,-0.7451678468,0.8170924257,0.9760289564,0.143586992,0.1564975903,0.04752637483
416,13866666667,0,0,1.080303932,-0.7367099339,0.8113628283,0.9757904877,0.1504209645,0.1512417676,0.04829477419
417,13900000000,0,0,1.081637146,-0.7239774572,0.7983812637,0.9754416673,0.1586032692,0.1452094223,0.04767368569
418,13933333333,0,0,1.08592536,-0.712641153,0.7924187858,0.9752344822,0.1647590627,0.1400763253,0.04637649227
419,13966666667,0,1,1.091160084,-0.7008463829,0.7865094456,0.974708694,0.1720850968,0.1354876226,0.04441604893
420,14000000000,0,0,1.095067264,-0.6864601706,0.7769331021,0.9744280992,0.1756454099,0.1336367771,0.04218745448
421,14033333333,0,0,1.098133782,-0.6756711953,0.7716359927,0.97400503,0.1771413117,0.1344700044,0.04304619808
422,14066666667,0,0,1.100020105,-0.6606262924,0.7640155518,0.9732989245,0.180367628,0.1354136334,0.04265993713
423,14100000000,0,0,1.098326508,-0.6433558586,0.7581575814,0.9732519362,0.1796334843,0.1368472396,0.04225296492
424,14133333333,0,0,1.098895906,-0.6341909218,0.7520597036,0.974456066,0.1744815946,0.1344052602,0.04389504189
425,14166666667,0,1,1.098859272,-0.6216684705,0.7513924746,0.9748125983,0.1757754844,0.1305097995,0.04255078643
426,14200000000,0,0,1.099352169,-0.608243204,0.74624079,0.9752066048,0.1769640823,0.126772184,0.0398070961
427,14233333333,0,0,1.100233882,-0.5973330361,0.7418379788,0.9753281841,0.1791438594,0.1235371189,0.03716169124
428,14266666667,0,0,1.100130964,-0.5861736173,0.73726718,0.9749925751,0.1827193242,0.1216106963,0.03484200867
429,14300000000,0,0,1.10001142,-0.5753276386,0.7317115126,0.9740651844,0.1883161536,0.1213503486,0.03175115364
430,14333333333,0,0,1.09689947,-0.5563391343,0.7213448782,0.9734904055,0.192050118,0.1205776111,0.0299035478
431,14366666667,0,1,1.094145645,-0.5431377423,0.7143418143,0.9745921535,0.1872380941,0.1184496415,0.03288940469
432,14400000000,0,0,1.093193465,-0.538494303,0.712191801,0.9755240339,0.1841174004,0.1152241594,0.03430794796
433,14433333333,0,0,1.092224017,-0.5278209466,0.7052763772,0.9756032013,0.1863902812,0.1115957768,0.03167711092
434,14466666667,0,0,1.090028166,-0.5118991243,0.6957112175,0.9761041076,0.1861869631,0.1081823309,0.02918508585
435,14500000000,0,0,1.088508793,-0.500611984,0.690246598,0.9771250584,0.183644084,0.1043418097,0.02478421784
436,14533333333,0,0,1.08863893,-0.4872381341,0.6831137054,0.9778674245,0.1815254763,0.1020911262,0.02003006455
437,14566666667,0,0,1.086826065,-0.4709288401,0.6776553259,0.9786641134,0.1777869214,0.1015789863,0.01703153934
438,14600000000,0,1,1.087098334,-0.4600847862,0.6735532301,0.9797203132,0.1728651732,0.100718214,0.01102638424
439,14633333333,0,0,1.087801942,-0.4478119265,0.6694239181,0.9802663963,0.1702377235,0.1003120686,0.005865043457
440,14666666667,0,0,1.088583857,-0.4361252396,0.6656636541,0.9803534827,0.1708372279,0.09855419306,0.002959989373
441,14700000000,0,0,1.096247535,-0.4225692709,0.6581600943,0.9798759262,0.1737986487,0.09816601441,0.0007953432776
442,14733333333,0,0,1.102081527,-0.4088947699,0.6491859269,0.9785761344,0.1785615275,0.1024644549,0.002359162429
443,14766666667,0,0,1.105464263,-0.3913100616,0.6443124943,0.9765315127,0.1858677522,0.1086416364,0.006031430836
444,14800000000,0,1,1.111076951,-0.384263724,0.639055141,0.9754206248,0.1880894538,0.1141792835,0.01183440891
445,14833333333,0,0,1.11775705,-0.3676209002,0.6304843656,0.9740837954,0.1913826704,0.1194345465,0.01639579751
446,14866666667,0,0,1.123328927,-0.3509363206,0.6223134627,0.9731288753,0.1921099041,0.1252938297,0.02038217685
447,14900000000,0,0,1.127020564,-0.3362728049,0.6162413296,0.973006699,0.1899902119,0.1283788923,0.02608722198
448,14933333333,0,0,1.132916544,-0.3239094693,0.6126766748,0.9732561337,0.1885547632,0.1280317329,0.02876586329
449,14966666667,0,0,1.142663098,-0.3106273223,0.6076229548,0.973754667,0.1869260305,0.1265037499,0.02927983737
450,15000000000,0,1,1.149357543,-0.2970796778,0.6009514663,0.9743608297,0.1827096342,0.1266962246,0.03444168777
451,15033333333,0,0,1.159713937,-0.2847526559,0.5958423563,0.9751316273,0.1764752368,0.1287827102,0.0372802059
452,15066666667,0,0,1.169565328,-0.2700380721,0.5906115747,0.9758808444,0.1684882697,0.1322155064,0.04227694772
453,15100000000,0,0,1.178726352,-0.2600093098,0.5898607185,0.9766413958,0.1594492087,0.136391821,0.04631203902
454,15133333333,0,0,1.188356256,-0.2475577863,0.5840850032,0.9770098992,0.1518653112,0.1403152444,0.0519636056
455,15166666667,0,0,1.192636678,-0.2367165071,0.5812763214,0.9770629509,0.1449316337,0.1441695296,0.05964862284
456,15200000000,0,1,1.193936426,-0.2269527997,0.5704193371,0.9775787915,0.1357239676,0.1465811573,0.06657834016
457,15233333333,0,0,1.199361336,-0.2203588772,0.5669680328,0.9780659916,0.1279589709,0.1475646368,0.07237469105
458,15266666667,0,0,1.206183401,-0.20952818,0.5593991334,0.9781959603,0.123954609,0.1471602946,0.0781777836
459,15300000000,0,0,1.214275587,-0.1959170886,0.550513074,0.978242944,0.1199551778,0.1477735424,0.08254985177
460,15333333333,0,0,1.220762926,-0.1848121242,0.5458718556,0.9778821572,0.1168004842,0.1515870001,0.08441276558
461,15366666667,0,0,1.227632067,-0.170645533,0.5342997774,0.9772920541,0.1151758471,0.1556066391,0.08614719416
462,15400000000,0,1,1.226909551,-0.1575134666,0.5295142435,0.9763146203,0.1110737444,0.163732871,0.087543889
463,15433333333,0,0,1.231271256,-0.1499794806,0.521218068,0.9750218751,0.1095120607,0.1702735417,0.09135848463
464,15466666667,0,0,1.233594919,-0.13407141,0.5083523747,0.973666305,0.1091367614,0.1767835395,0.09386519085
465,15500000000,0,0,1.238746235,-0.1211477368,0.4985788668,0.9726974863,0.1062077383,0.1828376524,0.09565515874
466,15533333333,0,0,1.242842606,-0.1102771114,0.4875148999,0.9712738938,0.1048435731,0.1903782043,0.09690710834
467,15566666667,0,0,1.246860286,-0.09722264003,0.475686223,0.9691867658,0.1036187965,0.1998436373,0.1000133924
468,15600000000,0,1,1.252830458,-0.08741077834,0.4672424103,0.9668243746,0.1027154949,0.209364897,0.1042424848
469,15633333333,0,0,1.253607413,-0.07885393074,0.4539236372,0.9643270727,0.1025374427,0.2183030822,0.1091014848
470,15666666667,0,0,1.254068841,-0.06900098488,0.4404138371,0.9618802923,0.1017134944,0.2266787725,0.1142689912
471,15700000000,0,0,1.257243637,-0.06174247078,0.4297006931,0.9594209599,0.1005431353,0.2345376776,0.1199774038
472,15733333333,0,0,1.258627549,-0.05563591125,0.4204793082,0.9561558766,0.1019033127,0.2436167318,0.1266196764
473,15766666667,0,0,1.255583897,-0.04761353601,0.4060903146,0.9524430048,0.1035916381,0.2534749337,0.1336845283
474,15800000000,0,1,1.25429563,-0.04363245237,0.3914979966,0.9486464855,0.1043279581,0.2620076839,0.1433090935
475,15833333333,0,0,1.250133668,-0.03805460986,0.3790929891,0.9447905293,0.1050183915,0.2703361601,0.1525134542
476,15866666667,0,0,1.246073287,-0.0342511296,0.367171904,0.940785875,0.10436666,0.2782038264,0.1631936536
477,15900000000,0,0,1.242554039,-0.02917472475,0.3583741059,0.9364879811,0.1040560246,0.2860831368,0.1741236454
478,15933333333,0,0,1.241178114,-0.02190962851,0.3535130753,0.9320488881,0.1043193311,0.2958741317,0.1812756064
479,15966666667,0,0,1.233014099,-0.01798636816,0.3476272845,0.9262858147,0.1021219017,0.3102332312,0.1879389501
480,16000000000,0,1,1.232157108,-0.01744549525,0.3444717511,0.9194167261,0.09866477343,0.3237373598,0.2003303975
481,16033333333,0,0,1.230143202,-0.01486233315,0.3401153676,0.9122774247,0.09576594512,0.3366774,0.21266667
482,16066666667,0,0,1.219707183,-0.01340916909,0.3394321734,0.9028832866,0.09327305744,0.3532575021,0.2265194135
483,16100000000,0,0,1.221263838,-0.009071621612,0.3347004831,0.8933242843,0.08982677309,0.3677301485,0.2422342085
484,16133333333,0,0,1.216729523,-0.01498262647,0.3390674713,0.8806797831,0.08470947649,0.3867578084,0.2600881041
485,16166666667,0,1,1.225333726,-0.002410631056,0.3281329381,0.8702733636,0.0824290824,0.4012222066,0.273588121
486,16200000000,0,0,1.223569004,-0.004300050817,0.3251440937,0.8579892843,0.07478794981,0.418951539,0.2876469339
487,16233333333,0,0,1.216799949,-0.00785420674,0.3230977657,0.8455522947,0.06527526724,0.4357229651,0.3015393077
488,16266666667,0,0,1.220177955,-0.002950782893,0.3245855166,0.8333683325,0.05907722362,0.449947313,0.3155226133
489,16300000000,0,0,1.221982351,-0.003691699041,0.326927788,0.8201131929,0.05224804619,0.4635569558,0.3313599873
490,16333333333,0,1,1.216017687,-0.007454897261,0.3204946135,0.8080110713,0.04337201992,0.4747411385,0.346204893
491,16366666667,0,0,1.214625487,-0.007361627115,0.317858025,0.7973400892,0.03407833414,0.4846286675,0.3580817001
492,16400000000,0,0,1.214453315,-0.004593904641,0.3168104247,0.7852946385,0.02567790141,0.4939284831,0.3724078808
493,16433333333,0,1,1.210771587,-0.005433472073,0.31613557,0.774443689,0.01511399093,0.5018100394,0.3849613283
494,16466666667,0,0,1.206338539,-0.007376125534,0.3102613994,0.7652152299,0.001957661729,0.5039464217,0.4005993305
495,16500000000,0,0,1.209689634,-0.004829506557,0.3150643372,0.7587699044,-0.00917389258,0.5045086371,0.411892106
496,16533333333,0,0,1.210231693,-0.005216678846,0.314502245,0.7513673871,-0.02053587947,0.5061275467,0.4229187082
497,16566666667,0,1,1.211063203,-0.005422131872,0.3164116484,0.7425295521,-0.02926318453,0.5094273016,0.4339093853
498,16600000000,0,0,1.211073653,-0.005381368654,0.3165342374,0.7329007802,-0.03817470767,0.5140797993,0.4439832181
499,16633333333,0,0,1.211898277,-0.004799059258,0.3166376582,0.7227931081,-0.04769511651,0.5180792806,0.4548506984
500,16666666667,0,0,1.211346099,-0.005268217374,0.3166580127,0.7136489008,-0.05504451598,0.521512467,0.4644352424
501,16700000000,1,1,0,0,0,1,0,0,0
508,16933333333,1,1,0.03483518961,0.02867275013,0.01468396549,0.9988181937,-0.03657682776,0.005653583474,-0.03150219883
509,16966666667,1,0,0.03903486121,0.03027985864,0.01728624192,0.9982730279,-0.04130176601,0.004570114786,-0.04152396825
510,17000000000,1,0,0.04251286103,0.03086576129,0.02005467352,0.9976674628,-0.04574982052,0.003730865734,-0.05052393696
511,17033333333,1,0,0.04556162661,0.03350617337,0.02305896338,0.9972711651,-0.04718981205,0.003914871912,-0.05663937449
512,17066666667,1,0,0.04878036517,0.03214189794,0.02497375382,0.9968183238,-0.05075784034,0.004772291239,-0.06127068018
513,17100000000,1,0,0.05383426214,0.031392769,0.02752978453,0.9964621255,-0.05530166918,0.006007456539,-0.06299895444
514,17133333333,1,1,0.06758633062,0.03054759933,0.0317445234,0.9963530402,-0.0569677455,0.00387111042,-0.06340591269
515,17166666667,1,0,0.07203645377,0.03335842043,0.03272032547,0.9963333638,-0.05522771764,0.00588772127,-0.06507735501
516,17200000000,1,0,0.07785140923,0.03484504415,0.03425708617,0.9962159887,-0.05667418655,0.006451777457,-0.06557526243
517,17233333333,1,0,0.08371086161,0.03436274177,0.03650559309,0.9960970681,-0.05836881461,0.007969695468,-0.06572820039
518,17266666667,1,0,0.09046361335,0.03819152059,0.03718200498,0.9961137953,-0.05744769305,0.009651885029,-0.0660599012
519,17300000000,1,0,0.09790220383,0.04037084563,0.03848733074,0.9959691239,-0.06024427693,0.01209491431,-0.06534404696
520,17333333333,1,1,0.1110695935,0.03767493007,0.03765669354,0.9958531753,-0.06402255752,0.01208546072,-0.06349415018
521,17366666667,1,0,0.1206585428,0.03796770204,0.03813136722,0.9957424445,-0.06556888104,0.01370458865,-0.06332369501
522,17400000000,1,0,0.128704142,0.03591784031,0.03923612187,0.9955097709,-0.06744546356,0.01815359425,-0.06388937784
523,17433333333,1,0,0.1361468626,0.03569554904,0.03897733902,0.9954052964,-0.06694258088,0.02489576373,-0.06377450659
524,17466666667,1,0,0.1441063419,0.03844307907,0.03809977541,0.9954103453,-0.06601987982,0.03273454249,-0.0610579214
525,17500000000,1,0,0.1454289657,0.03711130735,0.03891002342,0.9951690514,-0.06775372703,0.04320724051,-0.05640147077
526,17533333333,1,1,0.1492981413,0.03061499747,0.03662450606,0.9948988181,-0.07027022193,0.0515076556,-0.05084681937
527,17566666667,1,0,0.1538421413,0.03144765005,0.0358678886,0.994830135,-0.06933912899,0.05944305391,-0.04440282665
528,17600000000,1,0,0.1570597951,0.03008851739,0.03588620967,0.9946642991,-0.06873116386,0.06819820289,-0.03560848559
529,17633333333,1,0,0.1631668714,0.02859173396,0.03479300298,0.9945152625,-0.06668685413,0.07639527292,-0.02561285795
530,17666666667,1,0,0.1697503659,0.02609635178,0.03299982104,0.9941005252,-0.0637335485,0.0869441649,-0.0119537736
531,17700000000,1,0,0.1771326009,0.02844773825,0.03267079019,0.9934340403,-0.05802691318,0.09852440622,0.003824436127
532,17733333333,1,1,0.1790852674,0.02198385256,0.0316148885,0.9918522157,-0.05480187695,0.1130962942,0.02086060281
533,17766666667,1,0,0.1802032765,0.02084474258,0.02971867339,0.9904168031,-0.04673033598,0.1249612446,0.0357144123
534,17800000000,1,0,0.1861408954,0.02158335293,0.02708947747,0.9890148027,-0.03812358403,0.1344979904,0.04802710626
535,17833333333,1,0,0.1914022806,0.01925698986,0.02613118015,0.9868519482,-0.02936019149,0.1468830987,0.06071710537
536,17866666667,1,0,0.194713719,0.01605266455,0.02345189186,0.9844432347,-0.01821391605,0.1602122645,0.06979828951
537,17900000000,1,0,0.1953967918,0.01492058865,0.021726871,0.9818769157,-0.005286624059,0.1739809613,0.07496932134
538,17933333333,1,1,0.205890976,0.01152039285,0.01822099756,0.9795690355,0.006044594264,0.1830880621,0.08298631847
539,17966666667,1,0,0.2065093985,0.008702265938,0.01376610354,0.9766367917,0.01781726472,0.195053896,0.0884143648
540,18000000000,1,0,0.2074565978,0.004767023798,0.009588203327,0.9734454842,0.0293077881,0.2062228678,0.09495826289
541,18033333333,1,0,0.2093150165,0.001089816925,0.006028980001,0.9703819946,0.04199231681,0.2162038831,0.09925377002
542,18066666667,1,0,0.2092124862,-0.001226087139,0.002248024509,0.966821308,0.05564169612,0.2266575023,0.1038601788
543,18100000000,1,0,0.2141188427,-0.002300608387,-0.001696226251,0.9634124937,0.06991359317,0.2345963356,0.1091467625
544,18133333333,1,1,0.2123045857,-0.006347036272,-0.007141739962,0.9592093991,0.08396941888,0.2457630536,0.1116556616
545,18166666667,1,0,0.2135691402,-0.0089351188,-0.0109047393,0.9549819597,0.09980478744,0.2549041235,0.1143343735
546,18200000000,1,0,0.212273413,-0.01234739341,-0.01553390521,0.9496154814,0.1170628941,0.2667717811,0.1155834467
547,18233333333,1,1,0.2111367566,-0.01479264037,-0.02135026815,0.9438930088,0.1317915586,0.2796309392,0.1162046079
548,18266666667,1,0,0.2099844736,-0.01665410494,-0.02587004575,0.9375274936,0.1476332828,0.2922617146,0.1175997568
549,18300000000,1,0,0.2091826153,-0.01978500932,-0.0298583239,0.930383585,0.1639472974,0.3062292435,0.1171807104
550,18333333333,1,1,0.208611658,-0.0250392767,-0.03771625127,0.9229295791,0.1778162904,0.3198944098,0.1193730516
551,18366666667,1,0,0.2069666016,-0.02781824578,-0.04290964986,0.9148408381,0.1935948514,0.3329996945,0.121237279
552,18400000000,1,0,0.204182955,-0.02816828578,-0.0491419261,0.9067318278,0.2093771886,0.3448876129,0.1226830057
553,18433333333,1,0,0.2015671698,-0.0296947445,-0.05325338857,0.8981381254,0.2238314475,0.356707114,0.1265204551
554,18466666667,1,0,0.200504907,-0.03203214895,-0.05634443965,0.8885567668,0.2409012949,0.3674657019,0.1319181421
555,18500000000,1,1,0.2012548383,-0.04616787697,-0.06797433195,0.8807193429,0.2531319159,0.3763527544,0.1364414765
556,18533333333,1,0,0.1990496364,-0.04682574506,-0.07606622319,0.8719522447,0.2675793065,0.3858234735,0.138711373
557,18566666667,1,0,0.1943402784,-0.05018542186,-0.07886002994,0.8626485509,0.2807001065,0.3960215999,0.1421682815
558,18600000000,1,0,0.1898311089,-0.05212331713,-0.0821278322,0.8542494012,0.2944830148,0.4031582141,0.144917801
559,18633333333,1,0,0.1875067299,-0.05061469817,-0.08328851772,0.8471093845,0.3079808489,0.4072132382,0.1474139277
560,18666666667,1,0,0.1841451959,-0.05752150511,-0.09172377317,0.8417186889,0.3176282655,0.4107715318,0.147948242
561,18700000000,1,1,0.1728628889,-0.0652256804,-0.1051109375,0.8351824566,0.327520999,0.4145946291,0.1526812132
562,18733333333,1,0,0.1698202919,-0.06609438667,-0.1084730467,0.8289319944,0.3385214176,0.4179380667,0.1536319334
563,18766666667,1,0,0.1656333705,-0.06608182748,-0.1126018626,0.8225535295,0.3493590443,0.4216264567,0.1535743477
564,18800000000,1,0,0.1605230144,-0.06658707073,-0.1160723673,0.8166042535,0.3589304637,0.4255841167,0.1523304799
565,18833333333,1,0,0.1582234374,-0.06510766748,-0.1202873914,0.8111373946,0.3692279625,0.4284810128,0.1487644463
566,18866666667,1,0,0.1514733267,-0.06489989643,-0.1244079005,0.8049371111,0.3786337787,0.433190712,0.1451155255
567,18900000000,1,1,0.140215258,-0.07501911432,-0.1291315814,0.7991444293,0.3844938533,0.4398233475,0.1417324274
568,18933333333,1,0,0.1342948498,-0.07567436797,-0.1318930435,0.7933111891,0.3937067941,0.443615098,0.1373242965
569,18966666667,1,0,0.1283159111,-0.07667348019,-0.1354210759,0.7893165244,0.4015033617,0.4451244215,0.1328108588
570,19000000000,1,0,0.1239817346,-0.07852810993,-0.1376742141,0.7876352702,0.4079861373,0.4435607337,0.1281868497
571,19033333333,1,0,0.1184217428,-0.07800966676,-0.1388222511,0.7845182215,0.4175561817,0.4416403611,0.123011328
572,19066666667,1,0,0.1138660559,-0.07867437053,-0.1435203997,0.7828766539,0.42444686,0.4392049965,0.11852417
573,19100000000,1,1,0.1126815898,-0.07749154307,-0.1513140795,0.7826463008,0.4302877333,0.4354331377,0.1127617709
574,19133333333,1,0,0.1080954739,-0.07745852317,-0.1538667884,0.7809618283,0.4367906008,0.4330062184,0.1087115845
575,19166666667,1,0,0.1017973124,-0.07841234934,-0.1559439487,0.7787254944,0.4415040225,0.4330409199,0.1055289735
576,19200000000,1,0,0.09730548226,-0.07841853352,-0.1580128621,0.7762855508,0.4444434328,0.4348505314,0.1037101441
577,19233333333,1,0,0.09399521825,-0.07772213458,-0.1610706501,0.7736108529,0.4465528817,0.4372380526,0.1045928177
578,19266666667,1,0,0.09030037481,-0.07711900356,-0.1637290282,0.7711991829,0.4475466446,0.4395138954,0.1085419599
579,19300000000,1,1,0.08934486885,-0.08744153507,-0.1689773373,0.7708758947,0.4437218908,0.4424308952,0.1145257247
580,19333333333,1,0,0.08805074757,-0.08666060114,-0.1722487713,0.7708001801,0.4408133635,0.4446070761,0.1177930763
581,19366666667,1,0,0.08578095546,-0.08731223598,-0.1730486458,0.7703407808,0.4357603242,0.4494961452,0.1210009782
582,19400000000,1,0,0.0832461348,-0.0885756154,-0.17234338,0.7674569674,0.4316870596,0.4569471881,0.1259180411
583,19433333333,1,0,0.08124371839,-0.08884228397,-0.1754964265,0.7649044214,0.4257088934,0.4652064019,0.1314388368
584,19466666667,1,0,0.08014632141,-0.08653505214,-0.1761792272,0.7624929981,0.4184493135,0.4741726743,0.1366194528
585,19500000000,1,1,0.07574552741,-0.09270719619,-0.1731766415,0.757649678,0.4107522412,0.4860124439,0.1450567689
586,19533333333,1,0,0.07409062321,-0.09264405906,-0.1778345624,0.7551443216,0.4020338906,0.4945154531,0.1535586891
587,19566666667,1,0,0.07422927538,-0.09080945861,-0.1779442035,0.7527110084,0.392384721,0.5037438396,0.1603200319
588,19600000000,1,0,0.07159043653,-0.09061716027,-0.1746200283,0.7478999499,0.3837590646,0.5147855755,0.1684353183
589,19633333333,1,0,0.07180093916,-0.08976450075,-0.1776321375,0.7449625174,0.3746300634,0.5225730095,0.1777656129
590,19666666667,1,0,0.06853670318,-0.08631127545,-0.1778906102,0.7424956092,0.3645642834,0.5303907049,0.1856848235
591,19700000000,1,1,0.06787240667,-0.08192875836,-0.1770423947,0.7408617062,0.3550907231,0.5355679215,0.1954520712
592,19733333333,1,0,0.06585392987,-0.08111463348,-0.1767876269,0.7404550432,0.3436340689,0.5389420055,0.2078063291
593,19766666667,1,0,0.06831156398,-0.08087068792,-0.1760047447,0.7407328095,0.3320852558,0.5417479676,0.2180445539
594,19800000000,1,0,0.06920936894,-0.08169280286,-0.1749977818,0.7402167819,0.3208981112,0.546000809,0.2258022025
595,19833333333,1,0,0.06429153542,-0.07809173347,-0.1781273569,0.7404144723,0.3076531765,0.5499594543,0.2338386857
596,19866666667,1,0,0.06553402331,-0.07468995359,-0.1729548342,0.7413994361,0.2946096768,0.5522411166,0.2419953793
597,19900000000,1,1,0.06726172234,-0.08125502066,-0.1773217005,0.7454875727,0.2791734161,0.5496032117,0.2534695099
598,19933333333,1,0,0.06789836576,-0.08139933775,-0.1776100677,0.7497904768,0.2672162047,0.5452895866,0.2628098316
599,19966666667,1,0,0.06716336174,-0.08072010313,-0.1782097223,0.7545748176,0.2554103194,0.5403118181,0.2710083995
600,20000000000,1,0,0.06711661449,-0.08054177075,-0.1780046674,0.7591179743,0.242614136,0.5361784325,0.2781923266
601,20033333333,1,0,0.06853581873,-0.08206977137,-0.1763190274,0.7622133803,0.2311892765,0.5328826608,0.2856892564
602,20066666667,1,0,0.06998693123,-0.0809627761,-0.1763188281,0.7640380512,0.2221413586,0.5309008958,0.2916218646
603,20100000000,1,1,0.07001702568,-0.0774760166,-0.1764704936,0.7666718419,0.2120790251,0.530807605,0.2923697324
604,20133333333,1,0,0.07007118636,-0.07718310888,-0.1763110813,0.7676266313,0.2012613096,0.530104156,0.2987186367
605,20166666667,1,0,0.06998198864,-0.07692042555,-0.1761924594,0.7682973398,0.1909648148,0.5288155806,0.305950517
606,20200000000,1,0,0.06983753868,-0.07669862511,-0.1760394195,0.7685317822,0.1805380442,0.5274560825,0.3139346993
607,20233333333,1,0,0.06975751288,-0.07642994203,-0.1758215997,0.7688819997,0.1682275267,0.5262623004,0.3218197647
608,20266666667,1,0,0.07085198091,-0.07621203502,-0.1758496741,0.7693193548,0.1552054448,0.5242201844,0.3305332032
609,20300000000,1,1,0.07116130061,-0.07443623849,-0.1750249243,0.7691951854,0.1440099569,0.5229216395,0.3378651477
610,20333333333,1,0,0.07153829624,-0.07416110969,-0.1750213624,0.7677773951,0.131959036,0.521044606,0.3487365809
611,20366666667,1,0,0.07180393105,-0.07381179161,-0.1750151736,0.7655714576,0.1204084308,0.5202736408,0.3587722004
612,20400000000,1,0,0.07228537292,-0.07352555117,-0.1748878684,0.7615383621,0.1074660399,0.5217555246,0.3691633051
613,20433333333,1,0,0.0725713107,-0.07311061999,-0.1747023554,0.755725545,0.09388422148,0.5247790023,0.3803572694
614,20466666667,1,1,0.07480553796,-0.06955316166,-0.1747890949,0.7512392476,0.08159282716,0.5263468939,0.3897962939
615,20500000000,1,0,0.07519318332,-0.0692975255,-0.1747335498,0.743605902,0.0678969469,0.5307403419,0.4009425852
616,20533333333,1,0,0.0759044807,-0.06884209604,-0.1746140411,0.7350619689,0.05506032163,0.5356404924,0.4119969973
617,20566666667,1,0,0.0765693441,-0.06860129867,-0.1745714422,0.7248598123,0.04314374291,0.5425395645,0.4223359928
618,20600000000,1,0,0.07701169023,-0.06837215212,-0.1744732925,0.7139793411,0.03317016012,0.5491167862,0.4331327696
619,20633333333,1,1,0.0770722186,-0.06858309827,-0.1737488084,0.7026065564,0.02639411849,0.5546183369,0.4450234576
620,20666666667,1,0,0.07749109925,-0.0684981494,-0.1735841841,0.6922605937,0.0201725581,0.559267715,0.4556182188
621,20700000000,1,0,0.07795661421,-0.06840790166,-0.1734052572,0.682497426,0.01625632529,0.5638516327,0.4647626616
622,20733333333,1,0,0.07816790138,-0.06835075697,-0.1733140043,0.6731283879,0.0123982318,0.5679206563,0.4735088018
623,20766666667,1,0,0.07862418282,-0.06816734083,-0.1731727842,0.6635098707,0.009242171024,0.5704348924,0.4840178378
624,20800000000,1,1,0.08112991927,-0.06758981111,-0.1717562376,0.6517284081,0.01221124971,0.5748003568,0.494677185
625,20833333333,1,0,0.08141765683,-0.06746458883,-0.1713752242,0.6445217211,0.01287604295,0.5784169558,0.4998597641
626,20866666667,1,0,0.08190709823,-0.06736083084,-0.1710495766,0.6390033803,0.01181393346,0.5807439637,0.5042534675
627,20900000000,1,0,0.08241670657,-0.06710080945,-0.1708032814,0.6350669965,0.01108984248,0.5834426649,0.5061240777
628,20933333333,1,0,0.08278546665,-0.06699855111,-0.1704759216,0.6302429297,0.009259972599,0.5866598831,0.5084666008
629,20966666667,1,0,0.08319036474,-0.06679940806,-0.1700153427,0.6266261907,0.007338482105,0.5890360151,0.5102179305
630,21000000000,1,1,0.08419665261,-0.06928465627,-0.1664655509,0.6180573818,0.0006088478555,0.5957840143,0.5128802106
631,21033333333,1,0,0.08485398023,-0.06908374117,-0.1661093145,0.6150619974,9.44549413e-05,0.5938851121,0.5186513319
632,21066666667,1,0,0.08515502228,-0.06895668054,-0.165609185,0.6109939636,0.0007189944417,0.5921770213,0.5253686658
633,21100000000,1,0,0.08574291244,-0.06889497084,-0.165119531,0.604939737,0.0008153817819,0.588654684,0.5362209552
634,21133333333,1,0,0.08660038253,-0.06833944722,-0.1648484915,0.6015781182,0.00281819831,0.5848850862,0.5440636557
635,21166666667,1,0,0.08710168688,-0.06825657974,-0.1645396689,0.5979845072,0.005764379674,0.584060287,0.5488669076
636,21200000000,1,1,0.0891269051,-0.06775173206,-0.1619361507,0.5927711792,0.009183520005,0.5857327741,0.552679934
637,21233333333,1,0,0.08981788084,-0.06739140532,-0.1615448757,0.5895689982,0.012701336,0.5855645619,0.5562024958
638,21266666667,1,0,0.09052615723,-0.06712352749,-0.1611582133,0.5849292425,0.01705168089,0.5857163528,0.5608060053
639,21300000000,1,0,0.09095052632,-0.06700830781,-0.1604933641,0.5820304988,0.02026750619,0.5867199282,0.5626628232
640,21333333333,1,0,0.09152469133,-0.06702563992,-0.1601364959,0.5780616844,0.02220418106,0.585455089,0.5679735928
641,21366666667,1,0,0.09245982364,-0.06741509483,-0.1597862168,0.576254438,0.02642035314,0.5816989309,0.573462415
642,21400000000,1,1,0.09368494206,-0.06844954208,-0.1584763468,0.5776915671,0.02965212354,0.5779127753,0.5756822292
643,21433333333,1,0,0.09468508506,-0.06835584885,-0.1581757993,0.5840600232,0.03235263031,0.5714210189,0.575591188
644,21466666667,1,0,0.095474603,-0.0683979899,-0.1578865063,0.5926142298,0.03485722819,0.5652417778,0.5727958457
645,21500000000,1,0,0.09662376449,-0.06800022395,-0.157613717,0.601706875,0.03794446791,0.5589403257,0.5692932163
646,21533333333,1,0,0.0976676246,-0.06773509065,-0.1573079712,0.6101243121,0.04062739283,0.5553667951,0.5636181879
647,21566666667,1,0,0.09864761246,-0.06757656582,-0.1571519462,0.6157386196,0.04351276935,0.5526034619,0.5600017903
648,21600000000,1,1,0.1005525859,-0.06845339705,-0.1567935106,0.6193659415,0.04615683327,0.5507768715,0.5575842672
649,21633333333,1,0,0.101442166,-0.06868595963,-0.15655115,0.6264846832,0.05092171724,0.5482030376,0.5517221674
650,21666666667,1,0,0.1022869339,-0.06918037004,-0.1563328384,0.6328645019,0.0555311114,0.5441503798,0.5479956041
651,21700000000,1,0,0.1034845247,-0.06944216676,-0.156216125,0.6400166057,0.0600080068,0.5385978728,0.5446926794
652,21733333333,1,0,0.1044106399,-0.06946272832,-0.1560631461,0.6489162283,0.06352068461,0.5334339932,0.5388144637
653,21766666667,1,0,0.1056904706,-0.06920431198,-0.156018594,0.6574230491,0.06776060502,0.5278131718,0.5334947897
654,21800000000,1,1,0.1072986903,-0.07063301328,-0.1560247012,0.6634216708,0.06965825929,0.5234134519,0.5301488206
655,21833333333,1,0,0.1082584873,-0.07117135649,-0.1558587515,0.6739175606,0.07271684253,0.5179634984,0.5217865432
656,21866666667,1,0,0.1092459644,-0.07136532996,-0.155847785,0.6863523622,0.07626964354,0.5113959289,0.5114465565
657,21900000000,1,0,0.1102109657,-0.0720677178,-0.1558248111,0.6965707133,0.07959814025,0.5058623907,0.502550116
658,21933333333,1,0,0.1111173378,-0.07214716621,-0.1559099746,0.7078825868,0.08396318726,0.4998843415,0.4919025022
659,21966666667,1,0,0.1118809141,-0.07244764865,-0.1559325062,0.7182083369,0.08821379929,0.4954973279,0.4804971472
660,22000000000,1,1,0.1139398864,-0.07342555418,-0.1557573287,0.724858868,0.09210215365,0.4910579134,0.4742983665
661,22033333333,1,0,0.1147538915,-0.0739675363,-0.1558461616,0.7335769481,0.09968835764,0.4866951002,0.4637401988
662,22066666667,1,0,0.1156384014,-0.07419531195,-0.1559987569,0.7416732067,0.1058541771,0.4830718313,0.4531637159
663,22100000000,1,0,0.1167186204,-0.07455356358,-0.1558820732,0.7476768607,0.1127982852,0.4820190091,0.4426212078
664,22133333333,1,0,0.117545174,-0.07521892785,-0.1558695959,0.7528984688,0.1207162881,0.4826819296,0.4308011471
665,22166666667,1,0,0.1181178439,-0.07598689849,-0.156175547,0.7582643441,0.1262005754,0.4801983422,0.4225140843
666,22200000000,1,1,0.1192642299,-0.07636110796,-0.1546720436,0.7627267953,0.1272471786,0.4806992846,0.4135023447
667,22233333333,1,0,0.1202182544,-0.07676686879,-0.1543853746,0.7653832853,0.1300500143,0.4833259885,0.4045632327
668,22266666667,1,0,0.1209930862,-0.07712069514,-0.1548948649,0.7662984634,0.1327543813,0.4863231718,0.3983123295
669,22300000000,1,0,0.1215214623,-0.07734127513,-0.1551779543,0.7658077942,0.1327410421,0.4890517552,0.3959123878
670,22333333333,1,0,0.1224684731,-0.0773383963,-0.154367696,0.7621783501,0.1340453886,0.4950347407,0.3950400006
671,22366666667,1,1,0.1225780822,-0.07748729925,-0.1546507608,0.7566297628,0.135580124,0.50472852,0.3929103627
672,22400000000,1,0,0.123005785,-0.07750784317,-0.154813147,0.7483336751,0.1361095175,0.5146564745,0.3957267026
673,22433333333,1,0,0.1233734845,-0.07742900314,-0.1545635817,0.7395473878,0.1370486622,0.5246361441,0.3988035126
674,22466666667,1,0,0.1236519359,-0.07724211035,-0.1543727326,0.7327087303,0.138048547,0.5328136805,0.4002375509
675,22500000000,1,0,0.1240964761,-0.07730563868,-0.1541807991,0.7271346039,0.1384699367,0.5401932133,0.4003656288
676,22533333333,1,0,0.1240401381,-0.07724716007,-0.1543612247,0.7212104729,0.1393388623,0.5463577868,0.4024093737
677,22566666667,1,1,0.124204597,-0.07691088429,-0.1545819884,0.7158479919,0.1396551873,0.549856345,0.4070824007
678,22600000000,1,0,0.1243656085,-0.07682799284,-0.1544508056,0.7099351857,0.1394872547,0.5549422797,0.4105781339
679,22633333333,1,0,0.1243103835,-0.07680569823,-0.1546477298,0.7039874767,0.1398127187,0.5590453962,0.4151171899
680,22666666667,1,0,0.124316038,-0.07664287911,-0.1546232582,0.6982305168,0.1385034977,0.5618573003,0.4214348119
681,22700000000,1,0,0.1244897054,-0.07653841746,-0.1544976491,0.6917349129,0.1377774804,0.5661319549,0.426631909
682,22733333333,1,0,0.1244558852,-0.07652622189,-0.1545904917,0.6850355019,0.1371304406,0.5712539481,0.4308021938
683,22766666667,1,1,0.1248141276,-0.07644606533,-0.1544250176,0.6776682944,0.1345361996,0.5774665836,0.4349690087
684,22800000000,1,0,0.1248009052,-0.07644323193,-0.1544172716,0.6684552262,0.1332031881,0.5843446861,0.4404154959
685,22833333333,1,0,0.1248973812,-0.07638398548,-0.1544106507,0.6577779077,0.1324377701,0.5920776983,0.4463546352
686,22866666667,1,0,0.1247978505,-0.0764325501,-0.1543902711,0.6455568142,0.1299367967,0.6012722565,0.4525975056
687,22900000000,1,0,0.1245656791,-0.07655897007,-0.1543805737,0.6313835284,0.1272129902,0.6109552826,0.4603317694
688,22933333333,1,0,0.1244643893,-0.07665808511,-0.1543762448,0.615740817,0.1258030025,0.6197226496,0.4700858309
689,22966666667,1,1,0.1235437988,-0.0773418541,-0.154320165,0.5991333078,0.1234873463,0.628113435,0.4808988121
690,23000000000,1,0,0.1235067134,-0.07735066346,-0.1543177906,0.585125626,0.1208916929,0.6355687395,0.4889433277
691,23033333333,1,0,0.1234609237,-0.07736557116,-0.1543228305,0.5721893398,0.1172366308,0.6431785983,0.4951527265
692,23066666667,1,0,0.1232915792,-0.07743307172,-0.1543068046,0.5601564372,0.1116275197,0.6497545757,0.501580556
693,23100000000,1,0,0.123277255,-0.07743909613,-0.1543254986,0.5488559981,0.1060886925,0.6545590179,0.5089742378
694,23133333333,1,0,0.1232086536,-0.07748089863,-0.1543731399,0.538694366,0.1010237544,0.6577561954,0.5166811091
695,23166666667,1,1,0.1218925746,-0.07811925704,-0.1547005916,0.5300513404,0.09482444007,0.6613118422,0.5222265307
696,23200000000,1,0,0.1216728755,-0.07824524147,-0.1547590679,0.5216679458,0.08978477463,0.662890862,0.5295063301
697,23233333333,1,0,0.1214734063,-0.07832449462,-0.1547958195,0.5160167665,0.0843836096,0.6635915157,0.53502561
698,23266666667,1,0,0.1212423876,-0.07842956617,-0.1548218706,0.5106413901,0.07798413758,0.6646062138,0.5398726013
699,23300000000,1,0,0.1208681763,-0.0786785934,-0.1548919457,0.504653097,0.07156980406,0.6660507988,0.5445909917
700,23333333333,1,0,0.1204588866,-0.07901176807,-0.1549221718,0.4971837047,0.06481130973,0.6680315477,0.5498560805
701,23366666667,1,1,0.1191136603,-0.0796937609,-0.155024887,0.4874360327,0.05852944067,0.6706892852,0.5560182563
702,23400000000,1,0,0.1185816026,-0.08006846708,-0.1550943133,0.479638445,0.05192372367,0.6732412464,0.5603544532
703,23433333333,1,0,0.1179656582,-0.08044828509,-0.155173477,0.4722642138,0.04491743972,0.6751282927,0.5649342655
704,23466666667,1,0,0.1174182888,-0.08078163538,-0.1552690316,0.4636274144,0.03925791787,0.6770370693,0.5702010551
705,23500000000,1,0,0.1169171217,-0.08113669953,-0.1554349782,0.4566518979,0.03544391853,0.6781454716,0.5747447192
706,23533333333,1,0,0.1162035819,-0.08158492694,-0.1556569488,0.4522166091,0.03106568883,0.6776132989,0.5791159457
707,23566666667,1,1,0.1154794656,-0.08036662357,-0.1557945037,0.4532454968,0.02962048557,0.6761700964,0.5800733981
708,23600000000,1,0,0.1148625243,-0.08071993134,-0.1560060608,0.4525160592,0.02596234117,0.6750347091,0.5821368521
709,23633333333,1,0,0.1141686807,-0.0811100978,-0.1562077554,0.4539341308,0.02190016996,0.6734329613,0.5830542291
710,23666666667,1,0,0.1135165222,-0.08142661265,-0.1564385061,0.4570374282,0.01793214826,0.6726572285,0.5816592476
711,23700000000,1,0,0.1127153833,-0.08187392945,-0.1566861364,0.4622815658,0.01272583695,0.6738072905,0.5762964014
712,23733333333,1,0,0.1117093327,-0.08241285696,-0.1568584644,0.4664919746,0.003803062368,0.6757179027,0.5707679829
713,23766666667,1,1,0.1114149857,-0.08002381849,-0.1575710651,0.4746853107,0.002932181836,0.6759015184,0.5637573907
714,23800000000,1,0,0.1106442633,-0.08044856711,-0.1578868269,0.4745803754,-0.0007845847085,0.6788348759,0.5603178232
715,23833333333,1,0,0.1098315225,-0.08087725831,-0.1583030637,0.4748096149,-0.004467699901,0.6800960058,0.558574339
716,23866666667,1,0,0.1092749474,-0.08115262112,-0.1587543615,0.476721094,-0.007189814101,0.6789982817,0.5582532029
717,23900000000,1,0,0.1085785704,-0.08141978343,-0.1590899065,0.4808980162,-0.009816814268,0.6805803628,0.5526763048
718,23933333333,1,0,0.1076457647,-0.08197932097,-0.1595601882,0.4834863587,-0.01405079738,0.6818504215,0.5487472267
719,23966666667,1,1,0.107297742,-0.07952029867,-0.1609169784,0.4954730875,-0.01019061885,0.6779797347,0.5429051945
720,24000000000,1,0,0.1065323024,-0.07981310555,-0.1613633648,0.5013172688,-0.01397923875,0.6786142201,0.536626795
721,24033333333,1,0,0.105685739,-0.08012556017,-0.1617938479,0.5058355879,-0.01772873944,0.6791780741,0.5315385155
722,24066666667,1,0,0.1051025117,-0.08019166344,-0.1622451882,0.5108426149,-0.02011602523,0.6794700881,0.5262656817
723,24100000000,1,0,0.1041572043,-0.08056672652,-0.1627797642,0.517186219,-0.0234482814,0.6802283307,0.5189007718
724,24133333333,1,0,0.103543918,-0.08067441372,-0.1633286638,0.5237295256,-0.02557816761,0.6796009756,0.5130259792
725,24166666667,1,1,0.1033448033,-0.07816068263,-0.164857439,0.5378477713,-0.01811299218,0.675509711,0.5040618262
726,24200000000,1,0,0.1025005827,-0.0783493805,-0.1654988171,0.544471,-0.01959420896,0.6777549199,0.4937769392
727,24233333333,1,0,0.1016061503,-0.07858596167,-0.1662487821,0.5514157141,-0.02086432441,0.6804559832,0.4821670303
728,24266666667,1,0,0.1007361799,-0.07882876208,-0.1669341192,0.5555200271,-0.01991735447,0.6826355532,0.4743516628
729,24300000000,1,0,0.09993338326,-0.07908960496,-0.1676539968,0.5600182213,-0.01688155415,0.6842957859,0.4667267749
730,24333333333,1,0,0.09892076846,-0.07929369919,-0.1684369171,0.5634313646,-0.01478655531,0.6852817642,0.4612107531
731,24366666667,1,1,0.09942661323,-0.07700920696,-0.1697536608,0.569251208,-0.00755548997,0.6818048882,0.4593888017
732,24400000000,1,0,0.09894495994,-0.07700850538,-0.1704515925,0.5707389624,-0.005842364885,0.6830865785,0.4556485815
733,24433333333,1,0,0.09836317159,-0.07696663042,-0.1710661482,0.5715550832,-0.00190955112,0.6838099899,0.4535692209
734,24466666667,1,0,0.09779297329,-0.07696804537,-0.1717516485,0.572542127,0.002570851974,0.6824057845,0.4544350876
735,24500000000,1,0,0.09732344176,-0.0770007414,-0.1724681256,0.573752688,0.006594535737,0.680606248,0.4555650341
736,24533333333,1,0,0.09670336134,-0.07715726692,-0.1734289761,0.573734851,0.00781402587,0.6800542573,0.4563917932
737,24566666667,1,1,0.09720735581,-0.07565161933,-0.1744125519,0.5728163825,0.01362797087,0.6793541442,0.4584469621
738,24600000000,1,0,0.09663983167,-0.07554391435,-0.1752450173,0.5675991606,0.01660396856,0.6815154387,0.4616191156
739,24633333333,1,0,0.09638590476,-0.07549305014,-0.1760789212,0.5598513261,0.01969168399,0.6842234785,0.4669228649
740,24666666667,1,0,0.09621227695,-0.07532513964,-0.1766978919,0.5512701973,0.02475944443,0.6872327291,0.472439748
741,24700000000,1,0,0.0960203423,-0.07530599726,-0.1775455964,0.5441988209,0.02941799726,0.689469275,0.4770894502
742,24733333333,1,0,0.09591583648,-0.0753101893,-0.1784574348,0.5370522329,0.03390704626,0.6938772392,0.4784972187
743,24766666667,1,1,0.09629325724,-0.07437984976,-0.1792464472,0.5301013768,0.04398774954,0.6975872854,0.4800308193
744,24800000000,1,0,0.09611833032,-0.07441975045,-0.1804158646,0.5227828373,0.0502838448,0.7032797378,0.4791317672
745,24833333333,1,0,0.09586868488,-0.07449310621,-0.1814908237,0.5124529512,0.05563343619,0.7125263518,0.4760284566
746,24866666667,1,1,0.09577133477,-0.07404213349,-0.1826609747,0.5010087501,0.06422616289,0.7228260206,0.4715800846
747,24900000000,1,0,0.09533910671,-0.07412843179,-0.1836846562,0.4880979797,0.06878225618,0.7368587586,0.4626754082
748,24933333333,1,0,0.09458493388,-0.07430245039,-0.1846939908,0.4745797004,0.0695723114,0.7521905974,0.4518219856
749,24966666667,1,1,0.09399973691,-0.07399807778,-0.1862063078,0.4593545301,0.06948325152,0.7680634286,0.4407312822
750,25000000000,1,0,0.09329475671,-0.07393594442,-0.1868308919,0.4404418173,0.06739215437,0.7860570262,0.428466632
751,25033333333,1,0,0.09322001144,-0.07383341883,-0.1869955184,0.4224774243,0.06467013336,0.8013558657,0.418520461
752,25066666667,1,1,0.09381360284,-0.07404447585,-0.1872679793,0.4086064248,0.05999874033,0.8132591062,0.4099397114
753,25100000000,1,0,0.09380328486,-0.07392605197,-0.1876369343,0.3957575535,0.05967830285,0.8231279834,0.402833442
754,25133333333,1,0,0.09389491669,-0.07379629451,-0.1877967907,0.3847865148,0.0592316107,0.8318588869,0.3955271755
755,25166666667,1,0,0.09385709318,-0.0737514537,-0.1878790211,0.3766913288,0.05783866064,0.8403871932,0.3853669649
756,25200000000,1,0,0.09396335516,-0.07363073037,-0.1880872649,0.3703837978,0.05592900918,0.8483740102,0.3740980179
757,25233333333,1,0,0.09407289362,-0.07361917158,-0.1883819204,0.3645032033,0.05406060894,0.8556249078,0.3634843636
758,25266666667,1,1,0.09403810099,-0.07306464936,-0.1890876705,0.359567939,0.05326279088,0.8621404723,0.3529699396
759,25300000000,1,0,0.09397544387,-0.07314768073,-0.1890821741,0.351803581,0.05233083477,0.8687365832,0.3446628398
760,25333333333,1,0,0.09408287351,-0.07294181247,-0.1891889259,0.3429065759,0.0515316918,0.8754474394,0.3366769159
761,25366666667,1,0,0.09404789952,-0.07304363175,-0.189273092,0.3327130875,0.05380210426,0.8810855124,0.3318066527
762,25400000000,1,0,0.09408432372,-0.07306604137,-0.1892380843,0.3238563843,0.05525954681,0.8853153443,0.3290595174
763,25433333333,1,0,0.09420936319,-0.0727090963,-0.1893410535,0.3153473135,0.05653960657,0.8905342964,0.3229675087
764,25466666667,1,1,0.09422945244,-0.07270044343,-0.1893854405,0.3062385243,0.05923160975,0.8958939024,0.316360077
765,25500000000,1,0,0.09425664881,-0.07268432327,-0.1893930459,0.2968485858,0.06162041433,0.9006845386,0.3112092602
766,25533333333,1,0,0.09428824526,-0.07262629971,-0.1894354616,0.2868012975,0.06739437725,0.9050732515,0.3066682622
767,25566666667,1,0,0.09430727877,-0.07260445706,-0.1894347131,0.2766493004,0.07698481696,0.9086784985,0.3030542673
768,25600000000,1,0,0.09434929548,-0.07254881064,-0.1894810593,0.267412368,0.0847014568,0.9118370749,0.299782317
769,25633333333,1,0,0.09436126606,-0.07255493747,-0.1894260965,0.2572544076,0.09007637684,0.915323344,0.2964617884
770,25666666667,1,1,0.09438094288,-0.07252005135,-0.18953416,0.2486638797,0.0937274995,0.918340094,0.2933136588
771,25700000000,1,0,0.09440949287,-0.07248626205,-0.1895629332,0.2412517404,0.09784494462,0.9209735836,0.2898820845
772,25733333333,1,0,0.09444260479,-0.07245505371,-0.1895926396,0.2346884206,0.1018803629,0.9235160492,0.2857618655
773,25766666667,1,0,0.09447280434,-0.07242606135,-0.1896210915,0.2299868708,0.1042544441,0.9255314411,0.282185403
774,25800000000,1,0,0.09448460416,-0.07241576339,-0.18962646,0.2267024225,0.1091175632,0.9264517548,0.2799759187
775,25833333333,1,0,0.09452477253,-0.072365549,-0.1896736328,0.2242334499,0.1141262778,0.927099,0.2778164806
776,25866666667,1,1,0.09454612983,-0.07234635757,-0.1897144851,0.2219082321,0.1148080449,0.9277557399,0.2772095533
777,25900000000,1,0,0.09459360164,-0.07229082462,-0.1897761776,0.2176954697,0.1130556626,0.9293986032,0.2757631883
778,25933333333,1,0,0.09461986963,-0.07227027166,-0.1898065306,0.2110740942,0.1137637845,0.9313563264,0.2740089803
779,25966666667,1,0,0.09464015231,-0.07225633737,-0.1898232922,0.2074761985,0.1162082465,0.9310870838,0.2766335355
780,26000000000,1,0,0.09468686696,-0.07220786991,-0.1898862313,0.2061730265,0.114506193,0.9304016274,0.2805954857
781,26033333333,1,0,0.09472167027,-0.07218512646,-0.1899215767,0.2042016419,0.1159709875,0.929017186,0.2859711308
782,26066666667,1,1,0.09472680444,-0.07214846276,-0.1899504773,0.2042885122,0.1189012212,0.925656362,0.2954471235
783,26100000000,1,0,0.09476767394,-0.07209733326,-0.1900047401,0.2064357406,0.1174371198,0.9215886401,0.307029618
784,26133333333,1,0,0.09480047433,-0.07205328024,-0.1900576935,0.2105104413,0.1171860619,0.9164732048,0.3194207974
785,26166666667,1,0,0.09483840526,-0.07201835047,-0.1901020806,0.2153331635,0.1127891389,0.9109166166,0.3333783983
786,26200000000,1,1,0.09489564888,-0.07191308889,-0.1902005972,0.219524228,0.106819125,0.9048918949,0.3486681035
787,26233333333,1,0,0.09495251194,-0.07184227368,-0.1902748971,0.2229388416,0.103405544,0.8995401003,0.3611553327
788,26266666667,1,0,0.09498426759,-0.07181808941,-0.1903034435,0.2290538121,0.1009201548,0.8932417199,0.3734550889
789,26300000000,1,0,0.09502786425,-0.07177037072,-0.1903557989,0.236927088,0.09972505054,0.8849630042,0.3882794747
790,26333333333,1,1,0.09502085952,-0.07165395182,-0.1905042927,0.2450642683,0.1017992878,0.8767718824,0.4010629322
791,26366666667,1,0,0.09503882555,-0.07162800961,-0.190506513,0.2498059464,0.09971451998,0.8705277427,0.4121109714
792,26400000000,1,0,0.09506097988,-0.07158442972,-0.190562711,0.2519474102,0.09951127165,0.8629321928,0.4265771207
793,26433333333,1,0,0.09510175057,-0.07151760731,-0.1906330451,0.2546949019,0.09879572403,0.8552185528,0.4404215466
794,26466666667,1,0,0.09512095813,-0.07148269162,-0.1906996024,0.2585044075,0.1006462405,0.8455722312,0.4561287179
795,26500000000,1,1,0.09513477009,-0.0714332466,-0.1907727565,0.2607920468,0.1017543761,0.8354031487,0.4730064846
796,26533333333,1,0,0.0951563962,-0.07137544667,-0.1908442842,0.2618632374,0.1039418107,0.8257586928,0.4886167478
797,26566666667,1,0,0.09517845423,-0.07131399536,-0.1909120789,0.2632646307,0.1050286104,0.8159545439,0.5038639772
798,26600000000,1,0,0.09520315782,-0.07126766367,-0.1909755757,0.2606010354,0.1039848052,0.8080186592,0.5180541546
799,26633333333,1,0,0.09521977775,-0.07120215391,-0.1910460167,0.2575650632,0.1017264756,0.8009305694,0.5308692734
800,26666666667,1,1,0.09522064208,-0.07116353819,-0.1911121637,0.2582690721,0.09945974668,0.7922318273,0.5438506937
801,26700000000,1,0,0.09524070413,-0.07113630333,-0.1911760586,0.2590931564,0.09765190766,0.7830411526,0.5569393096
802,26733333333,1,0,0.09523598058,-0.07099621741,-0.1911456846,0.2623966794,0.09265541354,0.7747267602,0.5677687945
803,26766666667,1,0,0.09525530688,-0.0709288816,-0.1911431763,0.2632080077,0.08745356811,0.764696843,0.5816460749
804,26800000000,1,0,0.09528834801,-0.07092487395,-0.1911467133,0.2616849895,0.08458447387,0.7539017067,0.596656224
805,26833333333,1,0,0.09529803715,-0.07079604441,-0.1912143577,0.2616238153,0.08196778401,0.7423489698,0.6113528185
806,26866666667,1,1,0.09525936747,-0.07067817577,-0.1911941798,0.2615308837,0.07711049263,0.7346621375,0.6212303216
807,26900000000,1,0,0.09526191462,-0.07060580937,-0.1912241213,0.2575619343,0.07316287727,0.7247689572,0.6348377761
808,26933333333,1,0,0.09527010373,-0.07049734071,-0.1912909517,0.2526461403,0.07005418582,0.7160828388,0.6469062581
809,26966666667,1,0,0.09529123639,-0.07049399568,-0.1913111344,0.2473667206,0.06590917465,0.7087690643,0.6573523406
810,27000000000,1,0,0.09529927983,-0.07042803082,-0.1913255003,0.2440783911,0.06155748107,0.7024567224,0.6657258961
811,27033333333,1,1,0.09528245115,-0.07031836901,-0.1914189546,0.2426737881,0.05448560647,0.6981903888,0.6713202904
812,27066666667,1,0,0.09528546534,-0.07030220023,-0.1914266218,0.236213427,0.04943527768,0.6939328693,0.6783926172
813,27100000000,1,0,0.09529134939,-0.07024833061,-0.1914489023,0.2283280418,0.04543950053,0.6892667598,0.6860851922
814,27133333333,1,0,0.09528940557,-0.0702047228,-0.191465835,0.218734125,0.04102100634,0.6858312052,0.6928984179
815,27166666667,1,0,0.0952838767,-0.07015224659,-0.1914628825,0.2070380939,0.03583097467,0.6820593856,0.700461536
816,27200000000,1,0,0.09528882742,-0.07010429259,-0.1915045028,0.1922441131,0.03265410799,0.6775377686,0.7091674572
817,27233333333,1,1,0.09522043823,-0.06993763608,-0.1915217418,0.184163677,0.02795649725,0.6754146802,0.7135244803
818,27266666667,1,0,0.09522255874,-0.06988253589,-0.1915624816,0.1706190974,0.02394684422,0.6713483501,0.7208377522
819,27300000000,1,0,0.09522201832,-0.06984003173,-0.191553521,0.1574565093,0.01923005574,0.6710557355,0.7242388091
820,27333333333,1,0,0.09521742054,-0.06983770082,-0.1915455262,0.1450427386,0.01317027031,0.6693144102,0.7285652807
821,27366666667,1,0,0.09521947188,-0.06980279265,-0.1915522468,0.1291581345,0.009117748136,0.6657571692,0.7348485794
822,27400000000,1,0,0.09523492299,-0.06979907877,-0.1915641105,0.1112767953,0.007707151036,0.6608538877,0.7421793677
823,27433333333,1,1,0.09507454982,-0.06958008814,-0.191537011,0.103791583,0.0116850342,0.6559168404,0.7475719803
824,27466666667,1,0,0.09506707943,-0.06953961498,-0.1915377943,0.08915327913,0.009964454122,0.6517228444,0.7531332794
825,27500000000,1,0,0.0950743567,-0.06949991945,-0.1915423727,0.07244465589,0.007554061163,0.6492903896,0.7570447134
826,27533333333,1,0,0.09507921447,-0.06946678217,-0.1915491409,0.05627660202,0.003008477556,0.649081373,0.7586285417
827,27566666667,1,0,0.09508984725,-0.06944177636,-0.1915590272,0.04121614235,-0.002051784843,0.6488846107,0.759766926
828,27600000000,1,0,0.09508855924,-0.06942768013,-0.1915592174,0.02784926755,-0.006418293987,0.649323564,0.7599750871
829,27633333333,1,1,0.09490275247,-0.06926033966,-0.1916310442,0.02226903579,-0.005201546478,0.6480449962,0.7612586399
830,27666666667,1,0,0.09489391984,-0.06923823893,-0.1916334039,0.008539277272,-0.009782737303,0.6509632493,0.7589981731
831,27700000000,1,0,0.09489610953,-0.0692423168,-0.1916502078,-0.004740314343,-0.01450858551,0.6538455841,0.7564740462
832,27733333333,1,0,0.09487881987,-0.06922853667,-0.191657699,-0.01400533651,-0.01872468679,0.6562130708,0.7542132605
833,27766666667,1,1,0.09477236154,-0.06914269037,-0.1916545813,-0.02082414518,-0.0209473309,0.6620358051,0.7488899499
834,27800000000,1,0,0.09476709955,-0.06915737773,-0.191658774,-0.02893844253,-0.02945841176,0.6695661423,0.7416036338
835,27833333333,1,0,0.0947640487,-0.06915482361,-0.1916674474,-0.03687137279,-0.03682498,0.6758466962,0.7351977053
836,27866666667,1,0,0.09475723617,-0.06915200411,-0.1916836602,-0.04451329475,-0.04427927617,0.6840773037,0.7267022463
837,27900000000,1,0,0.09473896898,-0.06916575723,-0.1916794642,-0.05243848018,-0.04915468275,0.6933914273,0.7169674689
838,27933333333,1,1,0.09471354369,-0.06921739018,-0.1917464683,-0.0587878363,-0.05555628365,0.7006512059,0.7089043499
839,27966666667,1,0,0.09471313317,-0.0692367798,-0.1917379552,-0.06494590466,-0.06484524356,0.7130851854,0.6950443455
840,28000000000,1,0,0.09470336395,-0.06928129054,-0.1917602976,-0.07105950319,-0.07308830598,0.7224991404,0.6838155005
841,28033333333,1,0,0.09468876708,-0.06930231786,-0.1917595821,-0.07318690252,-0.08457100396,0.7351348374,0.6686315827
842,28066666667,1,1,0.09468862647,-0.06939687554,-0.1917884242,-0.08175911697,-0.09313914267,0.7450910481,0.6553471423
843,28100000000,1,0,0.09467077512,-0.06943564494,-0.191800071,-0.08523333677,-0.1033317537,0.7563080207,0.6403561547
844,28133333333,1,0,0.09466542519,-0.06949840976,-0.1917878082,-0.09188920574,-0.1134191492,0.7679132916,0.6236999656
845,28166666667,1,1,0.09465810093,-0.06963199504,-0.1917796785,-0.1027540784,-0.1169042384,0.7775930005,0.6091995765
846,28200000000,1,0,0.09464315504,-0.06973814316,-0.1917856416,-0.1101348805,-0.1191273054,0.786457442,0.59595611
847,28233333333,2,1,0,0,0,1,0,0,0
849,28300000000,2,1,0.005375216026,-0.0196733663,-0.01383877849,0.9996936647,0.02213535456,0.009893200338,0.004972668957
850,28333333333,2,0,0.009277498788,-0.02207718544,-0.02013104014,0.9991886573,0.0367240651,0.01313429487,0.01004292841
851,28366666667,2,0,0.01229164345,-0.03103340087,-0.02739574301,0.9985458251,0.04936976383,0.01738141231,0.0129130943
852,28400000000,2,0,0.01749333056,-0.03205500039,-0.03465778021,0.9973938607,0.06783230619,0.01967894347,0.0147310548
853,28433333333,2,0,0.01566122829,-0.03804879198,-0.04035901272,0.9960542632,0.08325177569,0.02427036995,0.01886784756
854,28466666667,2,0,0.01771687774,-0.03618525812,-0.04659445316,0.9940060054,0.1031592973,0.02740607285,0.02364588382
855,28500000000,2,1,0.03006991735,-0.05809688824,-0.0576223468,0.9931878383,0.1115550614,0.02750007881,0.01941987908
856,28533333333,2,0,0.02795831637,-0.06181577093,-0.06441261505,0.9906868809,0.1301460494,0.03357981766,0.02176937466
857,28566666667,2,0,0.03790369032,-0.08041155401,-0.07563942899,0.9888875382,0.1427529666,0.03540907122,0.02166160239
858,28600000000,2,0,0.0398574756,-0.08725139758,-0.08317680016,0.985230653,0.1648542159,0.04009578065,0.02315116166
859,28633333333,2,0,0.04406913237,-0.09271160756,-0.08887750913,0.9817057947,0.1840892501,0.0425217308,0.02359625014
860,28666666667,2,1,0.03936400023,-0.0897725728,-0.09561013063,0.9779557131,0.2020702639,0.04724587524,0.02319609779
861,28700000000,2,0,0.04033185935,-0.08883716009,-0.09955378647,0.9747398557,0.216764174,0.04773473604,0.02483750474
862,28733333333,2,0,0.04028015341,-0.09267737268,-0.1059180023,0.972380229,0.2269096526,0.04747215003,0.02711263195
863,28766666667,2,0,0.0376081492,-0.09223803661,-0.1119554619,0.9696150142,0.2375145375,0.05026140536,0.03012241529
864,28800000000,2,0,0.03783449185,-0.09062769397,-0.11608478,0.9667511376,0.2477974672,0.05381906399,0.03304786752
865,28833333333,2,0,0.03856787391,-0.09303067595,-0.1236298708,0.9647946482,0.2542824342,0.05727562024,0.03508894054
866,28866666667,2,1,0.04543887851,-0.1031031701,-0.1344514213,0.9643235923,0.2558160947,0.05897862248,0.03405373913
867,28900000000,2,0,0.04708700672,-0.1053503496,-0.1407553995,0.963382764,0.2582561409,0.06069509398,0.038904
868,28933333333,2,0,0.0481980247,-0.1069773688,-0.1460973123,0.9630193812,0.2581796735,0.06380724526,0.04319216518
869,28966666667,2,0,0.04863886018,-0.1072762664,-0.1480403899,0.962291796,0.2585012167,0.06899668409,0.04910272808
870,29000000000,2,0,0.04725937261,-0.1106947774,-0.1523083972,0.9619334913,0.2566755698,0.07603020584,0.05496378717
871,29033333333,2,0,0.04126265014,-0.1133168707,-0.1566106471,0.9613659182,0.2536004413,0.08847216419,0.06029148961
872,29066666667,2,1,0.05770886931,-0.1081426503,-0.1661045787,0.9611928285,0.2519601103,0.09383571605,0.06180054684
873,29100000000,2,0,0.05976314913,-0.1071065635,-0.1677818526,0.9600529095,0.2497147259,0.1056467064,0.0691356647
874,29133333333,2,0,0.06242608636,-0.1054455398,-0.1718265936,0.9591532063,0.2457923791,0.1174422119,0.07627948686
875,29166666667,2,0,0.06615987679,-0.1016041943,-0.1799233334,0.9591952586,0.23761236,0.1284861624,0.08352321985
876,29200000000,2,1,0.07271282885,-0.09562925705,-0.1822188089,0.9595813277,0.2275614948,0.1382527942,0.09113510001
877,29233333333,2,0,0.07468458367,-0.09778371863,-0.1782500629,0.9598475591,0.2142089627,0.1521872384,0.09821521332
878,29266666667,2,0,0.07787424229,-0.1002402358,-0.1741214787,0.9594718913,0.2019635184,0.1666845091,0.1041186895
879,29300000000,2,0,0.08079451306,-0.1060321646,-0.1636600953,0.9582520352,0.1911647318,0.1832419297,0.1078493282
880,29333333333,2,0,0.08432065734,-0.1097913385,-0.1532011721,0.9556883207,0.1857746821,0.2006761045,0.1089802839
881,29366666667,2,0,0.08763766387,-0.1089278102,-0.1422875427,0.9523584397,0.183318603,0.2158291954,0.1132495056
882,29400000000,2,1,0.0944272732,-0.1140391444,-0.1288277394,0.9492487554,0.1801449023,0.2302520503,0.1160112407
883,29433333333,2,0,0.09505598475,-0.1144922924,-0.1242897907,0.9461857892,0.1779994613,0.2412709414,0.1218071298
884,29466666667,2,0,0.09838559487,-0.1154847333,-0.1187971287,0.9437603193,0.1744994204,0.2493549294,0.129184098
885,29500000000,2,0,0.1009123424,-0.1168482776,-0.113652882,0.9407957756,0.1699562565,0.2590317576,0.1375526371
886,29533333333,2,0,0.1045062738,-0.1188792614,-0.1084783659,0.9369529765,0.164664746,0.2705451464,0.1476819723
887,29566666667,2,1,0.1092172117,-0.1187972404,-0.1057572412,0.9322446045,0.1590559981,0.2839931776,0.1580160182
888,29600000000,2,0,0.1097107928,-0.1180263511,-0.1051463205,0.9270747314,0.1482530499,0.3004187296,0.1682321686
889,29633333333,2,0,0.1147643545,-0.1202849195,-0.09709047815,0.9207954393,0.1364056771,0.3160404678,0.1834330201
890,29666666667,2,0,0.1176305705,-0.1215101583,-0.08947909354,0.9137873454,0.1259811526,0.3316157672,0.1978697034
891,29700000000,2,1,0.1217107753,-0.1224396425,-0.07189676827,0.9061512575,0.1172027567,0.3460275978,0.2131157289
892,29733333333,2,0,0.1267591207,-0.125875003,-0.06297445542,0.9000390883,0.1076285246,0.3582708241,0.2235794194
893,29766666667,2,0,0.1289495565,-0.1255684122,-0.05970718257,0.8946233368,0.1012166463,0.3675825209,0.2329964936
894,29800000000,2,1,0.1365816216,-0.1241563645,-0.02986078832,0.8890558449,0.09654033359,0.3779930877,0.2395430946
895,29833333333,2,0,0.1431890264,-0.1262573691,-0.02191127649,0.8853395623,0.08914559521,0.3866867259,0.2422814446
896,29866666667,2,0,0.1458298311,-0.1260476428,-0.01731547802,0.8797930558,0.08578443182,0.3980553347,0.2452695675
897,29900000000,2,0,0.148297888,-0.1237118969,-0.01157114268,0.8738731831,0.08133454165,0.4087145463,0.2503652769
898,29933333333,2,0,0.1523858424,-0.1253173254,-0.005473241823,0.869795654,0.07412814436,0.4185183826,0.2506050717
899,29966666667,2,0,0.1564191945,-0.1250962143,0.0008895004634,0.8649277792,0.06880780998,0.4277148505,0.2534273637
900,30000000000,2,1,0.1611409382,-0.1220751031,0.01125847071,0.8598169908,0.06498265659,0.4357555953,0.2580873068
901,30033333333,2,0,0.1650801747,-0.1203138502,0.01678361871,0.8557751162,0.05786102084,0.4428166468,0.2611790001
902,30066666667,2,0,0.1712396115,-0.1202235548,0.02592167671,0.8520665293,0.05007402313,0.4493924535,0.2636695746
903,30100000000,2,0,0.1756272272,-0.1123772164,0.02896448314,0.8498940733,0.04241990795,0.4534471587,0.265077894
904,30133333333,2,0,0.1831776152,-0.1086737121,0.03382599732,0.8477688506,0.03113391624,0.4576961594,0.2661444736
905,30166666667,2,0,0.1898345987,-0.1072197892,0.04323005222,0.8448054231,0.02037353775,0.462840689,0.2677073267
906,30200000000,2,1,0.2045146547,-0.1050635669,0.0571875052,0.8415390929,0.009901284283,0.4680079554,0.269596872
907,30233333333,2,0,0.2135223121,-0.1025324102,0.06579182909,0.8384148784,0.0003280831645,0.472668405,0.2713760543
908,30266666667,2,0,0.2225243426,-0.1002458186,0.07491343784,0.8363745023,-0.007856378377,0.4766079632,0.2706673579
909,30300000000,2,0,0.2322854506,-0.09998755884,0.08219519682,0.834453247,-0.0155529345,0.4789922332,0.2720520637
910,30333333333,2,0,0.2432487514,-0.09902139695,0.09030034331,0.8327617932,-0.02278115831,0.4811427752,0.2729293763
911,30366666667,2,0,0.2547839984,-0.093288789,0.09839834411,0.830154363,-0.0282378545,0.4842059858,0.2749380302
912,30400000000,2,1,0.2713011232,-0.09842164399,0.1254342983,0.8239819657,-0.03399031343,0.4912404902,0.2803233127
913,30433333333,2,0,0.2861116938,-0.0955909848,0.1337214793,0.8195914261,-0.03640449543,0.4960636134,0.2843685961
914,30466666667,2,0,0.2978090542,-0.09144747012,0.1409289398,0.8142836673,-0.0386440178,0.5026015896,0.2878200675
915,30500000000,2,0,0.3114395338,-0.09281205902,0.1486052822,0.8080623811,-0.04194811022,0.5092449884,0.2931639235
916,30533333333,2,0,0.3256652125,-0.08711427649,0.1556952916,0.8018190667,-0.04247009245,0.5166133048,0.2973098869
917,30566666667,2,0,0.3340411942,-0.08551150927,0.1656555279,0.7929768002,-0.04231625887,0.5264761281,0.3036774855
918,30600000000,2,1,0.3396051027,-0.08552813856,0.1829465925,0.7833441968,-0.04102484992,0.5352910262,0.3132927517
919,30633333333,2,0,0.3486294861,-0.0838584386,0.1905861707,0.7758656621,-0.03980506214,0.5387097834,0.3259444748
920,30666666667,2,0,0.3614285686,-0.08172838499,0.2019422097,0.7671517997,-0.03711706018,0.5418707712,0.3412865473
921,30700000000,2,0,0.3704058659,-0.08021203621,0.2098459603,0.7587037497,-0.03002473875,0.5439017857,0.3572645836
922,30733333333,2,0,0.3800556858,-0.07797232735,0.2169157501,0.7518188514,-0.02685740282,0.5455794833,0.3693103329
923,30766666667,2,0,0.3942158389,-0.07626835142,0.2307513062,0.7446006148,-0.02890227395,0.55162256,0.3747627707
924,30800000000,2,1,0.417631668,-0.07050216476,0.2185869099,0.7383730813,-0.03087520797,0.5550883395,0.3817444822
925,30833333333,2,0,0.422468306,-0.07016006407,0.2271566342,0.7275473055,-0.03490144296,0.5653453169,0.3870936324
926,30866666667,2,0,0.4286210295,-0.07119889154,0.2364434209,0.7170105149,-0.04191743511,0.5739878858,0.3932896606
927,30900000000,2,0,0.4451281288,-0.07000339267,0.2426089571,0.7060587032,-0.04642093151,0.5807759573,0.4025239025
928,30933333333,2,0,0.4575054832,-0.06883075723,0.2494708888,0.6969871702,-0.04723818425,0.588705845,0.4066975125
929,30966666667,2,0,0.4601561664,-0.06921534237,0.2599780519,0.6896227889,-0.04961244191,0.5969428403,0.4069622341
930,31000000000,2,1,0.471559781,-0.07480299642,0.2670506108,0.6829635911,-0.05587040557,0.6023333582,0.4094310158
931,31033333333,2,0,0.4840167932,-0.07400301271,0.2725925293,0.6796370915,-0.06047383977,0.6063679533,0.4083555361
932,31066666667,2,0,0.4944705543,-0.07519460118,0.2837417062,0.6757689645,-0.06319984806,0.612033036,0.4059034968
933,31100000000,2,0,0.5031114801,-0.07558557812,0.2961025105,0.6724618995,-0.06444893824,0.6171491061,0.4034455464
934,31133333333,2,0,0.518389673,-0.0742036717,0.3017790148,0.6699844606,-0.06272316561,0.6216523345,0.4009176999
935,31166666667,2,0,0.5213009938,-0.07517572887,0.3161236022,0.666753769,-0.05982101063,0.6288073003,0.3955530778
936,31200000000,2,1,0.5309875533,-0.0765343712,0.3308318511,0.6618472416,-0.05674781291,0.6359254966,0.3928570698
937,31233333333,2,0,0.5349488618,-0.07935883668,0.3467119444,0.6579014625,-0.05315972946,0.6427276908,0.3888969327
938,31266666667,2,0,0.5452150863,-0.08319840721,0.361824326,0.6558137979,-0.04999739706,0.6464132211,0.3867279023
939,31300000000,2,0,0.5422546571,-0.08172049283,0.3786384312,0.6571822173,-0.04608836326,0.6487646569,0.3809091964
940,31333333333,2,1,0.5316257414,-0.08920316342,0.3979018758,0.6568500391,-0.05387084652,0.6489179194,0.3801992792
941,31366666667,2,0,0.547263355,-0.08124345025,0.3999988958,0.6580089457,-0.06012884292,0.6447747312,0.3842841339
942,31400000000,2,0,0.5541393656,-0.0794447956,0.4065875411,0.6580190855,-0.06402225588,0.6451258299,0.3830465996
943,31433333333,2,0,0.5535191717,-0.078534688,0.4221670872,0.6562529979,-0.07031109851,0.6462236941,0.3831230735
944,31466666667,2,0,0.5676651333,-0.07048206032,0.4231294171,0.6561198219,-0.07547470613,0.6443903117,0.385449704
945,31500000000,2,0,0.5628854211,-0.07334812879,0.4396961704,0.6521891684,-0.0813769307,0.6475699741,0.3855907317
946,31533333333,2,1,0.5701951518,-0.0721107587,0.4682787065,0.6449772413,-0.08860199233,0.6497525635,0.3923973131
947,31566666667,2,0,0.577962131,-0.06928711065,0.4754732709,0.6427617929,-0.09249271172,0.6476347892,0.3985869488
948,31600000000,2,0,0.5808694568,-0.06910137785,0.4877060547,0.6398921364,-0.09690509689,0.6453525724,0.4057924511
949,31633333333,2,0,0.5907996189,-0.06301928117,0.4933064447,0.6412023105,-0.1008121328,0.6399197182,0.4113383827
950,31666666667,2,1,0.6078219939,-0.05335899029,0.4912178499,0.6456788131,-0.1021064271,0.6347534547,0.4120208728
951,31700000000,2,0,0.6151612969,-0.05095555261,0.49298168,0.6479077986,-0.1017809048,0.6344112377,0.4091191922
952,31733333333,2,0,0.6178390756,-0.04939698258,0.4995607092,0.6473100812,-0.1010661446,0.6347940963,0.409648323
953,31766666667,2,0,0.6288552925,-0.04678666443,0.5043341495,0.6483020591,-0.09953727523,0.6334021493,0.4106074625
954,31800000000,2,0,0.6340022187,-0.04627329099,0.5094463224,0.6514512842,-0.09759344043,0.6319516131,0.4083183849
955,31833333333,2,0,0.6403685753,-0.04292816382,0.5125216181,0.6553681265,-0.0957596846,0.628926987,0.4071529768
956,31866666667,2,0,0.6451067248,-0.04058371503,0.5155990258,0.6589960625,-0.0952042958,0.6262303016,0.4055809921
957,31900000000,2,1,0.6451994748,-0.03845573499,0.5310271156,0.6618398549,-0.09806610167,0.6243647267,0.403137364
958,31933333333,2,0,0.6557523941,-0.03343005628,0.5308015923,0.6678094356,-0.1024566741,0.6173558578,0.4029949534
959,31966666667,2,0,0.6631410073,-0.02999413853,0.532272264,0.6718214767,-0.1074917776,0.6129564506,0.4017285287
960,32000000000,2,0,0.6753615092,-0.0267719221,0.5336087048,0.6730144033,-0.1110077031,0.6097930293,0.4035856344
961,32033333333,2,0,0.6863091092,-0.02206858439,0.5299650274,0.6748152411,-0.1133650474,0.6076819445,0.4031071951
962,32066666667,2,0,0.6916800081,-0.0215171048,0.5366365488,0.6743668614,-0.1159088367,0.6079160466,0.4027810301
963,32100000000,2,1,0.7021797268,-0.0223781556,0.5401370093,0.6756954073,-0.1172575982,0.6050033569,0.4045458075
964,32133333333,2,0,0.7071751022,-0.02003787109,0.540483876,0.678919357,-0.1177598652,0.6010504788,0.4048943599
965,32166666667,2,0,0.7173469141,-0.01551867895,0.542005811,0.681643307,-0.1190449484,0.5973470432,0.4054222641
966,32200000000,2,0,0.7270930877,-0.01340148045,0.5371612028,0.684178775,-0.1205343581,0.5949578506,0.4042227459
967,32233333333,2,0,0.7358378179,-0.01273918309,0.539579607,0.6849247888,-0.12168855,0.5945514428,0.4032102583
968,32266666667,2,0,0.7435520454,-0.01208408433,0.5392725414,0.689303264,-0.1208359986,0.5920029045,0.3997402066
969,32300000000,2,0,0.74677499,-0.01019451405,0.5375132961,0.6937698849,-0.1203865556,0.5886111665,0.397148988
970,32333333333,2,1,0.7592721761,-0.01038643798,0.5290629857,0.6975679811,-0.1225527549,0.5827836146,0.3984256424
971,32366666667,2,0,0.7704860685,-0.01076051895,0.5246460734,0.6985597724,-0.1221651582,0.5810250587,0.3993742601
972,32400000000,2,0,0.7791482435,-0.009492485118,0.5196097195,0.6986204101,-0.1199546407,0.5801053276,0.401270751
973,32433333333,2,0,0.7905943793,-0.007967864167,0.5115722197,0.6995009254,-0.118579685,0.5784761222,0.4024955773
974,32466666667,2,0,0.8008466712,-0.008702094549,0.504209437,0.6998009362,-0.117572122,0.5780556578,0.4028735563
975,32500000000,2,0,0.8143007018,-0.009652431393,0.4973298329,0.6994306955,-0.1158185321,0.5778279638,0.4043483821
976,32533333333,2,1,0.8305269711,-0.01691478563,0.487965184,0.7008186441,-0.1143888863,0.5767929763,0.4038295101
977,32566666667,2,0,0.8420926202,-0.01942651204,0.4769506544,0.7031918918,-0.1091838225,0.5771402168,0.4006360273
978,32600000000,2,0,0.8513480934,-0.02316123116,0.4681085105,0.7043698791,-0.1030583423,0.5791714183,0.3972436529
979,32633333333,2,0,0.8614825091,-0.02646192917,0.4580803172,0.70512609,-0.09631992386,0.5807165869,0.395332664
980,32666666667,2,0,0.870715325,-0.0306400795,0.4442900379,0.707079073,-0.08902881706,0.5822114458,0.39133475
981,32700000000,2,0,0.8728498929,-0.03483639655,0.4384985034,0.7074226787,-0.08405331855,0.5862770701,0.3857037598
982,32733333333,2,1,0.8837811919,-0.03861180156,0.4257687588,0.7088051528,-0.08186671734,0.5863572879,0.3835077925
983,32766666667,2,0,0.8916820428,-0.04400631313,0.4133511655,0.70933423,-0.07669081652,0.5886446868,0.3800801252
984,32800000000,2,0,0.8935635056,-0.04994023733,0.4092266159,0.7075408664,-0.07235267104,0.5930779984,0.3773718342
985,32833333333,2,0,0.8950235644,-0.05467624345,0.3988465358,0.7065319539,-0.07011638429,0.5938734562,0.3784317757
986,32866666667,2,0,0.9019934144,-0.06073863179,0.3908310572,0.705632331,-0.07287117004,0.594508047,0.3785934336
987,32900000000,2,0,0.9144716868,-0.0625716059,0.3802991612,0.705398624,-0.07164933059,0.597015789,0.3753016153
988,32933333333,2,1,0.9221292995,-0.06854426791,0.375918433,0.7051491062,-0.06638119522,0.6024202561,0.3680327567
989,32966666667,2,0,0.919740759,-0.07377616195,0.3737239626,0.7052830696,-0.05989371338,0.6087965118,0.3582671378
990,33000000000,2,0,0.9229329176,-0.08069332614,0.3686510903,0.7062443429,-0.05751390492,0.6115378594,0.3520405166
991,33033333333,2,0,0.9262864247,-0.08462614334,0.3627593728,0.708454234,-0.05468937843,0.6130626246,0.3453344589
992,33066666667,2,0,0.9328043649,-0.08976910408,0.3579312708,0.7102632557,-0.05298982118,0.6139982073,0.3401828742
993,33100000000,2,1,0.9425884863,-0.1006491588,0.3500074696,0.7132423806,-0.04945894608,0.6137799571,0.3348332172
994,33133333333,2,0,0.9413496127,-0.1022800105,0.3472788084,0.716302449,-0.0416469774,0.6161961994,0.324774652
995,33166666667,2,0,0.950284203,-0.1167355558,0.3412063983,0.7184117429,-0.03740480832,0.6159139319,0.3211471257
996,33200000000,2,0,0.9530125676,-0.1190334609,0.3326334987,0.7215983388,-0.02558182915,0.6179836933,0.3110266263
997,33233333333,2,0,0.9515773457,-0.1159733994,0.3264259203,0.7208426107,-0.01712223005,0.6224228282,0.3044381429
998,33266666667,2,0,0.9563273911,-0.121335006,0.3188792032,0.7162636696,-0.0102819927,0.6296380734,0.30069342
999,33300000000,2,1,0.9507771232,-0.1220792653,0.3150225067,0.7105230588,-0.001919616244,0.6400198457,0.2924515261
1000,33333333333,2,0,0.9493459876,-0.12592701,0.3158502195,0.7022560162,0.005310600326,0.6510999547,0.2878838901
1001,33366666667,2,0,0.9476045696,-0.1293956511,0.3174793163,0.6948594376,0.01333045783,0.660257536,0.2846974658
1002,33400000000,2,0,0.9439371841,-0.1305944962,0.318507698,0.6892281106,0.02065685718,0.6671765333,0.2818037957
1003,33433333333,2,0,0.9395713972,-0.1292361711,0.3188706965,0.6846830525,0.02703157946,0.6724491846,0.2798044057
1004,33466666667,2,0,0.933782772,-0.1307981954,0.3180391406,0.681018815,0.03142964725,0.6761810963,0.2792931718
1005,33500000000,2,1,0.9334415367,-0.1311623409,0.3115897218,0.6773306464,0.0336398913,0.679397475,0.2801974734
1006,33533333333,2,0,0.9305385481,-0.1325596037,0.310842069,0.6703867751,0.03650829075,0.6853221809,0.2821032166
1007,33566666667,2,0,0.9260545072,-0.1343371175,0.3101389259,0.6625158633,0.03787204902,0.6923780249,0.2832862676
1008,33600000000,2,0,0.9220584035,-0.1387139499,0.3122857841,0.6521862249,0.03953101844,0.7000920558,0.28803045
1009,33633333333,2,0,0.9164814451,-0.1367195333,0.3062025281,0.6430156927,0.04300713658,0.7055578708,0.2947359771
1010,33666666667,2,1,0.9086496013,-0.1394049791,0.3090572545,0.6300933814,0.04117842833,0.7141444651,0.3021330017
1011,33700000000,2,0,0.906957471,-0.1402970687,0.3078501176,0.6143069488,0.04083331117,0.7231361189,0.3131034444
1012,33733333333,2,0,0.9024619001,-0.1418037197,0.3048141125,0.5987968291,0.04007347027,0.733481843,0.3191251485
1013,33766666667,2,0,0.8972927601,-0.1424283162,0.3049753109,0.5852873152,0.03574933549,0.7420430473,0.3248582145
1014,33800000000,2,0,0.8920372397,-0.1467258451,0.3040247231,0.5735013987,0.03170864382,0.7479503375,0.3326574819
1015,33833333333,2,0,0.8874881439,-0.1437722943,0.3031165498,0.5641990682,0.02654393053,0.7522784943,0.3391930104
1016,33866666667,2,1,0.8843157647,-0.1486368093,0.2997488774,0.5547536728,0.01809947846,0.7558324914,0.3473298378
1017,33900000000,2,0,0.8779626966,-0.1494028616,0.2988984772,0.5449841741,0.008596681041,0.7602111262,0.3535497004
1018,33933333333,2,0,0.8730276197,-0.1526952961,0.2969094384,0.5322839593,-0.003784647255,0.764597761,0.3633864706
1019,33966666667,2,0,0.8762731003,-0.1531250086,0.2972817169,0.5176005741,-0.0123592936,0.7714403026,0.369887487
1020,34000000000,2,0,0.8728499198,-0.1480704573,0.2976788509,0.504970125,-0.017266906,0.7788147504,0.371691554
1021,34033333333,2,0,0.8728780745,-0.1484648291,0.2979209873,0.4944187578,-0.02483503314,0.7835114453,0.3755570904
1022,34066666667,2,1,0.8736136264,-0.1478643213,0.2948071593,0.4856145969,-0.03005480876,0.7851749767,0.3831128133
1023,34100000000,2,0,0.8732310558,-0.147880998,0.292717211,0.477560545,-0.03428603357,0.786777358,0.3895404764
1024,34133333333,2,0,0.8711149955,-0.1466381428,0.2912335017,0.4702881354,-0.03839286558,0.7895767553,0.3923309891
1025,34166666667,2,0,0.869851417,-0.1446688943,0.2891242999,0.4628804087,-0.04503730593,0.7918917417,0.3957535062
1026,34200000000,2,0,0.8733797297,-0.1438258409,0.2817200042,0.4547672638,-0.04653839866,0.7949216728,0.3988990441
1027,34233333333,2,1,0.8751613163,-0.1499437244,0.2736452775,0.4451588711,-0.03613415573,0.8013835966,0.3978846985
1028,34266666667,2,0,0.8729261331,-0.1550551331,0.2719526829,0.4384139181,-0.02406169881,0.8117754074,0.3850129335
1029,34300000000,2,0,0.8702555864,-0.1575766121,0.2728624602,0.4349349041,-0.01185366353,0.8195480976,0.3728699982
1030,34333333333,2,0,0.8700320498,-0.1618288375,0.2645681598,0.4350102402,0.001484202814,0.824820361,0.3611582205
1031,34366666667,2,0,0.8641920192,-0.1650949164,0.2644286683,0.4357493155,0.01338957795,0.8324147962,0.3420948118
1032,34400000000,2,1,0.8633378016,-0.1616278021,0.2640097746,0.437975764,0.02325875143,0.837887926,0.3249308911
1033,34433333333,2,0,0.8581237795,-0.1584066534,0.2613829703,0.441117448,0.03006002291,0.842705094,0.307180593
1034,34466666667,2,0,0.8551288391,-0.1519795832,0.2606275963,0.4411391527,0.02797830237,0.8478290006,0.2929154285
1035,34500000000,2,0,0.8504629826,-0.1528856743,0.2603427191,0.4387262202,0.02536576677,0.8518471246,0.2850129083
1036,34533333333,2,0,0.852086792,-0.163405501,0.2562486267,0.4358944159,0.0275635921,0.8545795783,0.280944925
1037,34566666667,2,0,0.8480228089,-0.1632066949,0.2543961009,0.4370876871,0.03550848826,0.8570859826,0.2703647896
1038,34600000000,2,1,0.8446154797,-0.1663739042,0.2662322899,0.4370374023,0.04029375176,0.85963193,0.2615485951
1039,34633333333,2,0,0.8438239457,-0.1664451118,0.2661671692,0.4401370608,0.04867985568,0.8598986392,0.2539369404
1040,34666666667,2,0,0.8435507607,-0.1670112099,0.2665998545,0.4431264044,0.05574222015,0.8619943463,0.23978645
1041,34700000000,2,1,0.8343222364,-0.1722508199,0.2651265519,0.4468227549,0.05658601951,0.8632507037,0.2279159288
1042,34733333333,2,0,0.8316364023,-0.1729199463,0.2644511507,0.4475570446,0.05498273546,0.8647800985,0.2209637343
1043,34766666667,2,0,0.8310578443,-0.1701753812,0.2597056476,0.4435332865,0.05625450367,0.8688688779,0.2125571161
1044,34800000000,2,1,0.8030059951,-0.1832918581,0.2601774668,0.4389164703,0.05698376138,0.8727937025,0.2057579547
1045,34833333333,2,0,0.7989552734,-0.1839578935,0.2604485221,0.4311203999,0.05590597448,0.8763803722,0.2072852287
1046,34866666667,2,0,0.7966153994,-0.1851312712,0.2602287608,0.4264177743,0.05406196701,0.8782667523,0.2095058407
1047,34900000000,2,0,0.794321955,-0.1846445703,0.2601124985,0.4236197212,0.04984551046,0.8790330151,0.2129852465
1048,34933333333,2,0,0.7920616094,-0.1852731896,0.2604256617,0.4194016466,0.04539803732,0.8796679848,0.2196030818
1049,34966666667,2,0,0.7873951151,-0.1857596846,0.2603272288,0.4149897842,0.03995895455,0.880933748,0.2239251942
1050,35000000000,2,1,0.7572541086,-0.1860955492,0.2397898073,0.4157298498,0.03544370577,0.8780914791,0.2342387458
1051,35033333333,2,0,0.7559151393,-0.1870915072,0.2392695887,0.4094104553,0.0271912294,0.8778547447,0.2470116666
1052,35066666667,2,0,0.751421559,-0.1897170412,0.2399597979,0.4034813578,0.01909326331,0.8771769563,0.2596128434
1053,35100000000,2,0,0.7413929715,-0.1951186841,0.2428013174,0.3961226868,0.01161253541,0.8755690753,0.2762802208
1054,35133333333,2,1,0.7160938366,-0.1812934937,0.2264258409,0.3959621022,0.008069015387,0.869343701,0.2956187308
1055,35166666667,2,0,0.7153376063,-0.1820140105,0.2248420605,0.3866180142,-0.002974688922,0.8674080552,0.3132426024
1056,35200000000,2,0,0.7127562691,-0.1831191488,0.2246774394,0.3735448422,-0.0112158201,0.866088484,0.3320078224
1057,35233333333,2,0,0.7062201556,-0.1856918338,0.2252749248,0.3599812975,-0.02179385519,0.8645540548,0.349978256
1058,35266666667,2,1,0.6900406688,-0.1665075757,0.2130073412,0.3527444342,-0.02557865293,0.8615139772,0.3642948856
1059,35300000000,2,0,0.6836701025,-0.1684836697,0.2128174276,0.3401634856,-0.03063348193,0.8603976439,0.3782410439
1060,35333333333,2,0,0.6777202333,-0.1730169125,0.2126378599,0.3277420192,-0.0352076293,0.8595714947,0.3904899963
1061,35366666667,2,0,0.6735464864,-0.1766943938,0.2126617882,0.3193441212,-0.04111957185,0.8594685872,0.3970418879
1062,35400000000,2,1,0.6687985285,-0.1603590203,0.2026418986,0.3181482859,-0.04395478192,0.8583936957,0.4000123854
1063,35433333333,2,0,0.6622651768,-0.1628235622,0.2044640551,0.3108583225,-0.04659602654,0.8574480441,0.4074049158
1064,35466666667,2,0,0.6573201186,-0.1656072179,0.2064834968,0.3057030388,-0.04890316634,0.8552266297,0.4156218766
1065,35500000000,2,0,0.650549702,-0.1699360144,0.2096562589,0.3055597842,-0.05087229041,0.85126082,0.4235566605
1066,35533333333,2,1,0.6445687722,-0.157992031,0.2236107649,0.3116633785,-0.05507801573,0.8490547326,0.4230111248
1067,35566666667,2,0,0.6365489789,-0.1638147218,0.2267895216,0.3167645808,-0.0582494195,0.8427462174,0.4313305213
1068,35600000000,2,0,0.6267507821,-0.170987057,0.2317671002,0.3196337364,-0.06115857883,0.8374556454,0.4390466316
1069,35633333333,2,0,0.6214139229,-0.178379611,0.2374373565,0.3215975689,-0.06596007855,0.8326288866,0.4460419362
1070,35666666667,2,0,0.6117440178,-0.1865243767,0.2428984461,0.3241674116,-0.066562187,0.828930345,0.4509539308
1071,35700000000,2,1,0.5924389615,-0.1784620212,0.2587276125,0.3303551361,-0.06389243233,0.82869928,0.4472591469
1072,35733333333,2,0,0.5783869243,-0.1860617325,0.2665465155,0.3326644903,-0.06333111972,0.8256688202,0.4512144785
1073,35766666667,2,0,0.5648947362,-0.1950310005,0.272407269,0.3333111348,-0.06303762491,0.8235067667,0.4547159009
1074,35800000000,2,0,0.5500575062,-0.2030535101,0.2791344927,0.3316069237,-0.0616279115,0.8229529943,0.4571511979
1075,35833333333,2,0,0.5356641209,-0.2112526974,0.2877004402,0.3273052708,-0.06111842244,0.823283107,0.4597180918
1076,35866666667,2,0,0.522274709,-0.2195505378,0.2943877397,0.322777197,-0.06213092855,0.8244017972,0.4607779353
1077,35900000000,2,1,0.5135038815,-0.2126225196,0.3033039596,0.3204921416,-0.06488297006,0.8272983266,0.4567849233
1078,35933333333,2,0,0.5014309558,-0.2201724017,0.3134284618,0.3159748691,-0.06877362599,0.8294692209,0.4554238488
1079,35966666667,2,0,0.489849377,-0.2264379096,0.3264467866,0.3125487099,-0.07194055395,0.8305979654,0.4552415628
1080,36000000000,2,0,0.475918838,-0.2329313506,0.3348429455,0.3109714809,-0.07500517793,0.8295166357,0.4577915601
1081,36033333333,2,0,0.464147944,-0.2417953993,0.3410270538,0.3074535185,-0.07851457566,0.8283774234,0.4616260823
1082,36066666667,2,0,0.4538483865,-0.2508489137,0.3479139582,0.3036912637,-0.08015830691,0.8276844021,0.4650642887
1083,36100000000,2,0,0.4466228678,-0.261452669,0.3552167374,0.3019443499,-0.08280585848,0.8274734075,0.4661121746
1084,36133333333,2,1,0.4450146509,-0.2647002431,0.3595654237,0.3035382456,-0.08257952687,0.8273324897,0.4653666369
1085,36166666667,2,0,0.4317670974,-0.2701185011,0.367696486,0.3072179004,-0.07978089623,0.8260168345,0.4657771564
1086,36200000000,2,0,0.41781176,-0.2746674999,0.3736305284,0.3095330966,-0.07948111964,0.8235408473,0.4686709789
1087,36233333333,2,0,0.4103545935,-0.2824101094,0.37735709,0.3116207363,-0.08116797637,0.81986096,0.4734261109
1088,36266666667,2,0,0.3976001599,-0.286466644,0.3786363449,0.3156887928,-0.08022958191,0.8170785068,0.4756958209
1089,36300000000,2,0,0.3832935302,-0.2907072689,0.3778996817,0.317003584,-0.07991858154,0.8155872418,0.4774297844
1090,36333333333,2,0,0.3725572742,-0.2972138145,0.3761212757,0.3184926988,-0.08260713301,0.8155578034,0.4760293392
1091,36366666667,2,1,0.3604745358,-0.2880875123,0.3756404205,0.319754474,-0.08413933302,0.8173649189,0.471796819
1092,36400000000,2,0,0.3510641695,-0.2887029442,0.3756861483,0.3155408261,-0.08480710623,0.817858541,0.4736550947
1093,36433333333,2,0,0.3433328621,-0.2905634966,0.3726711504,0.3143888921,-0.08504123818,0.8174632096,0.4750594839
1094,36466666667,2,0,0.3340317,-0.2898796681,0.3707005982,0.3151622985,-0.08607617535,0.8172816995,0.4746727728
1095,36500000000,2,0,0.323716198,-0.2852514155,0.370326358,0.3194346133,-0.0890122154,0.8158012449,0.473821361
1096,36533333333,2,0,0.3107291316,-0.2791090152,0.3674005514,0.3241320414,-0.0919796132,0.8117261571,0.4770522156
1097,36566666667,2,1,0.3089698882,-0.2769692945,0.3578797211,0.3274672865,-0.0979373691,0.8061016324,0.4830875762
1098,36600000000,2,0,0.3010820301,-0.2749674024,0.3487020574,0.3358730883,-0.1042871556,0.8016492019,0.483396333
1099,36633333333,2,0,0.289994697,-0.2692414139,0.3422755598,0.3441244774,-0.1080897252,0.7990370452,0.481076663
1100,36666666667,2,0,0.2827325395,-0.2666495112,0.3319850251,0.3503330743,-0.1077186092,0.7957039331,0.4822019173
1101,36700000000,2,0,0.2775977017,-0.269144379,0.3181958095,0.3580216602,-0.1059712827,0.7936871311,0.4802617162
1102,36733333333,2,0,0.2685793954,-0.2646855018,0.3114789945,0.369183515,-0.1043208712,0.7932774129,0.4727913222
1103,36766666667,2,1,0.2576213671,-0.2536070358,0.3096611567,0.3803566921,-0.1017311826,0.79281117,0.4652203799
1104,36800000000,2,0,0.2500900003,-0.2525694398,0.2999119713,0.3927190271,-0.1004805082,0.7874542545,0.464318027
1105,36833333333,2,0,0.2358374997,-0.2475570948,0.2873554108,0.4107183325,-0.1026894765,0.7811574724,0.4588663488
1106,36866666667,2,0,0.2231689704,-0.2426102353,0.2757293886,0.4253289266,-0.1055110278,0.7771261425,0.4517053087
1107,36900000000,2,0,0.2146567183,-0.2405968294,0.2660230507,0.4379335201,-0.104689718,0.7739617177,0.4452387611
1108,36933333333,2,0,0.2014660245,-0.2368592052,0.2516594229,0.456437396,-0.1038059544,0.7688568041,0.4356012422
1109,36966666667,2,1,0.1911782101,-0.2315662665,0.2461819434,0.4713434563,-0.1053523181,0.7664205606,0.4234805304
1110,37000000000,2,0,0.1770453835,-0.2272553314,0.2337056065,0.4870295255,-0.1052019535,0.7633784221,0.4110817131
1111,37033333333,2,0,0.1569978795,-0.2160030771,0.2276066926,0.4978362306,-0.1050411298,0.7624016141,0.3998365008
1112,37066666667,2,0,0.151957002,-0.2164672439,0.2145479092,0.5067431818,-0.1077388933,0.7582373643,0.3958279652
1113,37100000000,2,0,0.1354580471,-0.2076160701,0.2076199481,0.5194329761,-0.1083471337,0.7558998631,0.3834914326
1114,37133333333,2,0,0.1275293058,-0.2024770443,0.1993793595,0.5283341913,-0.1119361432,0.7514857765,0.3789490861
1115,37166666667,2,1,0.1205681339,-0.2053058403,0.193185409,0.5367082754,-0.1143040879,0.7472456471,0.3748369585
1116,37200000000,2,0,0.1077465016,-0.1967790953,0.1853467013,0.5459389763,-0.1162061021,0.7422812833,0.3707630947
1117,37233333333,2,0,0.1030623721,-0.1942843849,0.1743261221,0.5523269653,-0.1193253812,0.7365832173,0.3716739711
1118,37266666667,2,0,0.09682993163,-0.1898041062,0.1613881803,0.5589024839,-0.1189092423,0.7324909427,0.3700616496
1119,37300000000,2,0,0.08847440475,-0.1841619752,0.1500637417,0.5627450209,-0.1173616352,0.7314545725,0.3667676327
1120,37333333333,2,0,0.0842018908,-0.1804607026,0.1417785721,0.5653795484,-0.116448164,0.7306309411,0.3646425912
1121,37366666667,2,0,0.07920904724,-0.1750154245,0.1329606582,0.5701850808,-0.1142722994,0.7279148146,0.3632779073
1122,37400000000,2,1,0.07800097368,-0.1769349282,0.1242736075,0.5751649987,-0.1140482371,0.7245109087,0.3623012103
1123,37433333333,2,0,0.07258823346,-0.1702377637,0.1138482909,0.5835954088,-0.1136030534,0.7203613307,0.357197842
1124,37466666667,2,0,0.06790267797,-0.1628329399,0.1038701906,0.5912442439,-0.1136981091,0.7159419272,0.3534545812
1125,37500000000,2,0,0.06657780056,-0.1564631325,0.09184261096,0.59846997,-0.1123695178,0.7104195403,0.3528609686
1126,37533333333,2,0,0.06197609348,-0.1469922188,0.07674121997,0.6052881716,-0.1084075252,0.7053625692,0.35261549
1127,37566666667,2,0,0.05554223314,-0.1356379642,0.05910459495,0.6084831988,-0.1063080826,0.7021904237,0.3540838844
1128,37600000000,2,1,0.05757090278,-0.1318571567,0.0442092733,0.60617259,-0.109035386,0.7014053838,0.3587430324
1129,37633333333,2,0,0.05570327951,-0.1233621955,0.02901200926,0.6057020623,-0.1105532899,0.7013742873,0.3591338064
1130,37666666667,2,0,0.05241652004,-0.1121667067,0.01536564201,0.6036784604,-0.114340622,0.7011862621,0.361713097
1131,37700000000,2,0,0.05777162287,-0.1068588075,0.0002133422549,0.6007636063,-0.1186144189,0.6994810192,0.368429115
1132,37733333333,2,0,0.05841303276,-0.09857847297,-0.01661948125,0.6005618534,-0.120805024,0.6973434877,0.3720801883
1133,37766666667,2,0,0.05927961758,-0.08904364234,-0.03474695969,0.5999693717,-0.1248189656,0.6955197584,0.3751123092
1134,37800000000,2,1,0.06083473305,-0.0854159852,-0.05685069829,0.5985743058,-0.1294182093,0.6940748279,0.3784439997
1135,37833333333,2,0,0.05955196033,-0.07731850618,-0.07080141733,0.5973735587,-0.1345414738,0.6950495139,0.376761989
1136,37866666667,2,0,0.06143257614,-0.07264997208,-0.08639925643,0.59560424,-0.1424030636,0.6945531414,0.3775882552
1137,37900000000,2,0,0.0621170122,-0.06685210834,-0.1019639578,0.5949915261,-0.1484212359,0.6945722087,0.3761989733
1138,37933333333,2,0,0.05896201157,-0.05816106967,-0.1167202171,0.5938495496,-0.1554176138,0.695184185,0.3740414772
1139,37966666667,2,0,0.06109274592,-0.05592233718,-0.1291394579,0.5890320953,-0.163637998,0.6962408043,0.3761815237
1140,38000000000,2,1,0.05858005529,-0.04726226793,-0.1498082016,0.5882095319,-0.1648736766,0.6947417705,0.3796841972
1141,38033333333,2,0,0.05695291107,-0.03981373029,-0.1640152908,0.5842174994,-0.1682958207,0.6946589641,0.3844676238
1142,38066666667,2,0,0.05568574788,-0.03229364758,-0.1764243092,0.578831735,-0.1711783947,0.6950019933,0.390671229
1143,38100000000,2,0,0.05259399249,-0.02172335116,-0.1875844631,0.5734589903,-0.174610257,0.694000606,0.3987721197
1144,38133333333,2,0,0.05557112138,-0.01598532225,-0.1986705523,0.5660295513,-0.1805384778,0.6909987164,0.4117489273
1145,38166666667,2,0,0.05558567821,-0.009354079024,-0.2090869955,0.5612408689,-0.183074875,0.6875092082,0.4228751185
1146,38200000000,2,1,0.05001667275,0.00643013883,-0.2251627262,0.5626807091,-0.1851699749,0.6795104762,0.4328602693
1147,38233333333,2,0,0.05070422421,0.01589380801,-0.2368992566,0.5616362849,-0.1931125904,0.669413101,0.4462715667
1148,38266666667,2,0,0.05160320688,0.02531949867,-0.2497549041,0.5593284245,-0.201769897,0.6603701041,0.4586414153
1149,38300000000,2,0,0.05315091151,0.03279113402,-0.2587738908,0.5542869599,-0.2124926431,0.6524029604,0.4711509524
1150,38333333333,2,0,0.05491414386,0.04137394096,-0.2639891848,0.5521465054,-0.2206708351,0.6445923517,0.4805614625
1151,38366666667,2,0,0.05622603499,0.0503106836,-0.2724975424,0.5542707874,-0.2286545331,0.6320662079,0.490910692
1152,38400000000,2,1,0.05646531357,0.06810557742,-0.2819613835,0.5611856007,-0.2307522972,0.6205753989,0.4966993791
1153,38433333333,2,0,0.05592427006,0.07585091119,-0.2886110399,0.5677078549,-0.235824818,0.6087221702,0.5015493657
1154,38466666667,2,0,0.05590434298,0.08299901304,-0.2978448214,0.5767531633,-0.2420961781,0.5943594267,0.5054523727
1155,38500000000,2,0,0.05553580761,0.09001840512,-0.3070539638,0.5856134693,-0.2469263037,0.5813660617,0.5080332346
1156,38533333333,2,0,0.05637210934,0.09630210896,-0.3192048598,0.5953357448,-0.2503759992,0.5691348829,0.5088935989
1157,38566666667,2,0,0.05428149887,0.102186026,-0.3288116876,0.6045823528,-0.2537591145,0.5606369251,0.5057397835
1158,38600000000,2,1,0.05339369697,0.1166589911,-0.3421161069,0.6164234556,-0.2578199117,0.5492747505,0.5018448615
1159,38633333333,2,0,0.05619837175,0.1179568798,-0.3549151777,0.622477003,-0.2692343962,0.5393928114,0.4990897872
1160,38666666667,2,0,0.05772962726,0.1184103689,-0.3665539969,0.6292202703,-0.2745110371,0.5345637673,0.492916951
1161,38700000000,2,0,0.05570835938,0.1202781148,-0.3770371586,0.6373089822,-0.2761874116,0.5301126379,0.4863521009
1162,38733333333,2,0,0.05615381929,0.1196734199,-0.3885962486,0.6443619731,-0.2781034765,0.5237449562,0.482853316
1163,38766666667,2,0,0.05838340684,0.1170667877,-0.3998873865,0.651047286,-0.2778299668,0.5188044502,0.4793640406
1164,38800000000,2,1,0.0622852788,0.1203467112,-0.41200952,0.6616386047,-0.2703876154,0.514894171,0.4732957711
1165,38833333333,2,0,0.06149145232,0.1187242656,-0.4231837069,0.6729614203,-0.2649637348,0.5127302355,0.4626282001
1166,38866666667,2,0,0.0647744355,0.1139609433,-0.4342511027,0.6821903298,-0.2608712175,0.5109687962,0.4532917947
1167,38900000000,2,0,0.06853006361,0.1073451709,-0.4444720073,0.6908727347,-0.2533965601,0.5124155023,0.442623317
1168,38933333333,2,0,0.06524498374,0.1063600982,-0.4543554637,0.7002304865,-0.2418073654,0.517643716,0.428078786
1169,38966666667,2,0,0.0697758374,0.09938495093,-0.4632947756,0.7045189429,-0.2360188402,0.5213592498,0.4196816637
1170,39000000000,2,1,0.07542595188,0.09603821214,-0.473706688,0.7090104879,-0.223910646,0.5258149341,0.4131425973
1171,39033333333,2,0,0.07810626593,0.0899919985,-0.4823568483,0.7139005278,-0.2126357292,0.5325099827,0.4019517401
1172,39066666667,2,0,0.08000130257,0.08415159037,-0.4892364279,0.7186656248,-0.2018965809,0.539828064,0.3890284716
1173,39100000000,2,0,0.08609915807,0.07590670358,-0.4959704799,0.7228745946,-0.1915145723,0.5456349505,0.3782287534
1174,39133333333,2,0,0.08802290847,0.07076118489,-0.5059182819,0.7279944744,-0.1762079662,0.5530041209,0.3649126472
1175,39166666667,2,0,0.08891617831,0.06601550303,-0.5163697724,0.7310563833,-0.1639279498,0.5616009272,0.3511247502
1176,39200000000,2,1,0.08916812798,0.05947786916,-0.5256928237,0.7308649756,-0.1537396099,0.5723710825,0.3385142001
1177,39233333333,2,0,0.09281137596,0.05393429091,-0.5337128516,0.7279852382,-0.1428147575,0.5844359307,0.3287492676
1178,39266666667,2,0,0.09668989589,0.04850450936,-0.5413214541,0.7233282886,-0.1299559309,0.5978909984,0.320053116
1179,39300000000,2,0,0.1007447387,0.04270614886,-0.5500886834,0.7175644873,-0.1159867263,0.6112083527,0.3131655082
1180,39333333333,2,1,0.1075846702,0.0336728874,-0.5632409021,0.7127981496,-0.1009820723,0.6225312006,0.3068816111
1181,39366666667,2,0,0.1212616946,0.02000348119,-0.5768882042,0.7072620568,-0.08175465612,0.6349661627,0.2998575185
1182,39400000000,2,0,0.120447063,0.01976908899,-0.5813608439,0.7016576153,-0.05397864481,0.6516013329,0.2831582592
1183,39433333333,2,1,0.1267319417,0.01037864854,-0.5972152516,0.6962876518,-0.03234121902,0.6637612406,0.2712168266
1184,39466666667,2,0,0.1271114641,0.01092164927,-0.6006553416,0.6898006624,-0.01014878577,0.6788268696,0.2515275917
1185,39500000000,2,1,0.1263759553,0.006935030458,-0.6050086459,0.6844390526,0.005008102149,0.6901365133,0.2350099894
1186,39533333333,2,0,0.1245694126,0.006006089109,-0.6067832236,0.6788909205,0.01675974139,0.7003540905,0.2198417092
1187,39566666667,2,0,0.1268126095,0.004402441047,-0.6081390102,0.674062522,0.02733918033,0.7089731906,0.2055463469
1188,39600000000,2,0,0.1277802419,0.004000476378,-0.6082878132,0.6706347089,0.03934834224,0.7160995488,0.1894788414
1189,39633333333,2,1,0.135171289,-0.0004934039059,-0.6161772537,0.6707789265,0.04835154825,0.7188545926,0.1759711177
1190,39666666667,2,0,0.1377257062,-0.0005335829879,-0.6173919642,0.6712035358,0.05947297303,0.7210404749,0.1613983044
1191,39700000000,2,0,0.1368798873,-0.001485259192,-0.6182184541,0.6722964348,0.06954002232,0.7218997424,0.1484670029
1192,39733333333,2,1,0.1366095505,-0.003147662562,-0.6176495859,0.6724606571,0.07649393852,0.7229440941,0.1389142857
1193,39766666667,2,0,0.1353123847,-0.004679157866,-0.6173698499,0.6715117539,0.08141758528,0.723929118,0.1355351369
1194,39800000000,2,0,0.1355055635,-0.006076422338,-0.6165586119,0.6691494105,0.08264507412,0.7259439891,0.135698868
1195,39833333333,2,0,0.1366185224,-0.008482528519,-0.6166809831,0.665390848,0.08321750139,0.7282799481,0.1412026349
1196,39866666667,2,1,0.1371800076,-0.008762838872,-0.6196429417,0.6650129876,0.07816293374,0.7281493218,0.1464474216
1197,39900000000,2,0,0.1372647341,-0.009095412327,-0.6205570962,0.6645539972,0.07334360639,0.7271520553,0.1556874709
1198,39933333333,2,0,0.1373249014,-0.009374114943,-0.6211259947,0.6662031318,0.06631364564,0.7242705259,0.1649487585
1199,39966666667,2,1,0.1377312934,-0.01221433261,-0.6221034313,0.6694409404,0.05400526805,0.7194005084,0.1771868137
1200,40000000000,2,0,0.1376842786,-0.01252048058,-0.6220805327,0.6729934113,0.04200478512,0.7134505758,0.1905354096
1201,40033333333,2,0,0.1376869316,-0.01286019226,-0.62192476,0.6764709735,0.03018314619,0.7067697004,0.2048233146
1202,40066666667,2,1,0.1377867551,-0.01365952474,-0.6215737605,0.6782618676,0.01682068754,0.7007084917,0.2206479394
1203,40100000000,2,0,0.1383476286,-0.01337172243,-0.621603544,0.6796823608,0.005328130606,0.6946273781,0.2355765377
1204,40133333333,2,0,0.1385393552,-0.01289831189,-0.6212314659,0.6807724638,-0.005185589397,0.6888429328,0.2490328817
1205,40166666667,2,1,0.1397367624,-0.01204679264,-0.6215757793,0.6819713864,-0.01716688048,0.6824394845,0.2624817637
1206,40200000000,2,0,0.1401604571,-0.01161505548,-0.6215996449,0.6838132721,-0.02712293268,0.6757866928,0.2738176423
1207,40233333333,2,0,0.1408266361,-0.01093468092,-0.6215655594,0.6860071245,-0.0352903831,0.6697409888,0.2821273151
1208,40266666667,2,1,0.1407079279,-0.01028884586,-0.6223473864,0.6900933235,-0.0429900977,0.6646769917,0.2830681067
1209,40300000000,2,0,0.1405640752,-0.01000411076,-0.6224070949,0.6926608704,-0.0527438345,0.6603174207,0.2853417433
1210,40333333333,2,0,0.1407222731,-0.009663842403,-0.622461673,0.6944134909,-0.06329845118,0.655333907,0.2903802338
1211,40366666667,2,0,0.1405234901,-0.0096826781,-0.6225984168,0.697476107,-0.07217962925,0.6489443102,0.295276927
1212,40400000000,2,1,0.1390649563,-0.008520462098,-0.6235262665,0.7039344231,-0.0767875942,0.6400256964,0.2982400062
1213,40433333333,2,0,0.1387564965,-0.008245529419,-0.6235744864,0.7093371794,-0.08898035409,0.6297916164,0.3037857509
1214,40466666667,2,0,0.1385253834,-0.00817302386,-0.6239243941,0.7162240379,-0.1049337663,0.6162881933,0.3101626911
1215,40500000000,2,0,0.1383305825,-0.008136817081,-0.62422943,0.7218774262,-0.1216291526,0.6055155074,0.3121703079
1216,40533333333,2,0,0.1380363721,-0.008081391519,-0.6244255245,0.7271241581,-0.1353848969,0.5974032385,0.3099528335
1217,40566666667,2,0,0.1375930441,-0.007888747797,-0.6247771156,0.7319827305,-0.1495040905,0.5888225186,0.3084442424
1218,40600000000,2,1,0.1359585093,-0.005066588287,-0.6276790377,0.7433811682,-0.1560581595,0.5749090709,0.304154319
1219,40633333333,2,0,0.1356155288,-0.004927784988,-0.6281183818,0.746055235,-0.1698468503,0.5680337213,0.3031358199
1220,40666666667,2,0,0.1351727248,-0.004693077235,-0.628602846,0.7459657702,-0.1830211316,0.5636464251,0.3038766896
1221,40700000000,2,0,0.1349322132,-0.004542095514,-0.629081029,0.7432419492,-0.1953414865,0.5607181013,0.3082666371
1222,40733333333,2,0,0.1345876359,-0.004354271564,-0.6296182908,0.7397539713,-0.2042119528,0.5585280349,0.3148141905
1223,40766666667,2,1,0.1338567548,-0.001893767512,-0.6325957061,0.742155865,-0.2046826785,0.552022021,0.320283252
1224,40800000000,2,0,0.1336601233,-0.001521418288,-0.6332518702,0.7357622144,-0.211982838,0.552750585,0.3289134097
1225,40833333333,2,0,0.1335159496,-0.001201580427,-0.6339059042,0.7301349795,-0.2185735775,0.5526205544,0.3372521694
1226,40866666667,2,0,0.1333465599,-0.0007523945762,-0.6347238222,0.7262015099,-0.2249371178,0.5515965764,0.343184902
1227,40900000000,2,0,0.1333918068,-0.0001506376793,-0.6354282385,0.7207277454,-0.2350785223,0.5517454325,0.3476587163
1228,40933333333,2,1,0.1332781875,0.002287053371,-0.6373816442,0.7212880203,-0.2367576743,0.5487444929,0.3500983817
1229,40966666667,2,0,0.1332827781,0.002926767292,-0.638148095,0.7147622304,-0.2451717944,0.5476880477,0.3592263183
1230,41000000000,2,0,0.13356297,0.003438020851,-0.6388920571,0.7074687042,-0.255380957,0.5457268047,0.3693925472
1231,41033333333,2,0,0.1337684515,0.004026522022,-0.6397325359,0.7011030536,-0.2630013977,0.5453155324,0.3767170599
1232,41066666667,2,0,0.1338622202,0.004685893924,-0.6405568762,0.6936721217,-0.2708608356,0.546206113,0.3835521834
1233,41100000000,2,1,0.1343126184,0.006992449449,-0.6422483075,0.692480128,-0.273659393,0.5428365277,0.3884717661
1234,41133333333,2,0,0.1346480476,0.007658057108,-0.6429981457,0.6853285889,-0.280325134,0.543255738,0.3957470753
1235,41166666667,2,0,0.1348882961,0.008354469756,-0.643722854,0.6788231539,-0.2858177492,0.5446053235,0.4011388556
1236,41200000000,2,0,0.1352115547,0.009024439955,-0.6442754189,0.6732727431,-0.2886740846,0.5451510189,0.4076535942
1237,41233333333,2,1,0.1356979247,0.01064518611,-0.6454873248,0.6761827604,-0.2849395965,0.5392823453,0.4132322021
1238,41266666667,2,0,0.1361409762,0.01123805901,-0.6461747095,0.6776687404,-0.2851475438,0.5347237849,0.4165650374
1239,41300000000,2,0,0.1366203099,0.01178735136,-0.6468247464,0.6816864981,-0.2836660215,0.5308960367,0.4159164638
1240,41333333333,2,0,0.1370695574,0.01228773367,-0.6474650935,0.6882103089,-0.2806589233,0.5277028986,0.4112502769
1241,41366666667,2,0,0.1372962321,0.01278243539,-0.6479645399,0.6979449013,-0.276198201,0.5234240984,0.4032551075
1242,41400000000,2,0,0.1375738114,0.013211394,-0.6484669184,0.7096494706,-0.2734248238,0.5135081828,0.3974240064
1243,41433333333,2,1,0.1382147407,0.0140757565,-0.6497513549,0.7257386189,-0.269544736,0.4961229272,0.3930790423
1244,41466666667,2,0,0.1388410511,0.01436491769,-0.650325372,0.7398575522,-0.2704495592,0.4837507801,0.3813830373
1245,41500000000,2,0,0.1391339746,0.01462926793,-0.6509903449,0.7531513472,-0.2690404605,0.472348943,0.3704952831
1246,41533333333,2,0,0.1398046411,0.01486930741,-0.6516539706,0.7632707448,-0.271712909,0.4606531104,0.3624756226
1247,41566666667,2,0,0.1404711989,0.01498282436,-0.6524274512,0.7719237624,-0.272246252,0.4546074964,0.351208923
1248,41600000000,2,0,0.1409046526,0.01520938576,-0.6532403422,0.7766418647,-0.2706765062,0.4536929358,0.343109841
1249,41633333333,2,1,0.1421064209,0.01501612455,-0.6542711052,0.7764183738,-0.273850205,0.4500827049,0.3458411959
1250,41666666667,2,0,0.1426885283,0.01527123548,-0.6548062564,0.774793662,-0.2702288403,0.4537923433,0.3474818907
1251,41700000000,2,0,0.1433036751,0.01553927489,-0.6553187466,0.7737468754,-0.2666963226,0.4565765952,0.3488934752
1252,41733333333,2,0,0.1438508075,0.01571746347,-0.6558390421,0.7735067523,-0.2634873508,0.4591394802,0.3485005851
1253,41766666667,2,0,0.1444332735,0.01593446587,-0.6562532058,0.773060423,-0.2609331774,0.4621571402,0.347422275
1254,41800000000,2,0,0.1450095615,0.01613784217,-0.6565907537,0.7734891638,-0.2558079259,0.4663033569,0.344728876
1255,41833333333,2,1,0.1458674668,0.01617679469,-0.6573074531,0.7757620431,-0.251998584,0.4652621845,0.3438329038
1256,41866666667,2,0,0.1463650503,0.0163812339,-0.6575191121,0.7773148042,-0.2458038679,0.4676178091,0.3416075795
1257,41900000000,2,0,0.1468201271,0.01653567141,-0.6576890849,0.7799854255,-0.2373699395,0.4700596204,0.3381156624
1258,41933333333,2,0,0.1470834898,0.01683195325,-0.6578853749,0.7836822552,-0.223943634,0.4720857022,0.3358965041
1259,41966666667,2,0,0.1474078915,0.01685200724,-0.6580131748,0.7883522304,-0.2117194387,0.4721451068,0.3327981944
1260,42000000000,2,1,0.1477620424,0.01707659836,-0.6580674332,0.7953576753,-0.2000710719,0.4680907962,0.329042157
1261,42033333333,2,0,0.148163112,0.0170783522,-0.6580478132,0.8042028543,-0.1871185309,0.4617706192,0.3240560443
1262,42066666667,2,0,0.1484206013,0.01700147739,-0.6581185025,0.8142881428,-0.1718660909,0.4547674785,0.3171488732
1263,42100000000,2,0,0.1486095737,0.01703197235,-0.6582771634,0.8245215163,-0.1579729553,0.4458733701,0.3104927573
1264,42133333333,2,1,0.1494408335,0.01669389667,-0.6586823803,0.835116202,-0.1447444633,0.4348148038,0.3042467025
1265,42166666667,2,0,0.1490852707,0.01715490047,-0.6591111311,0.84690939,-0.1246121508,0.4280720864,0.2897767861
1266,42200000000,2,0,0.1490389537,0.01739478205,-0.6594626618,0.8564698121,-0.1152318869,0.4164701114,0.2823715982
1267,42233333333,2,0,0.1499399097,0.01720243217,-0.6599728425,0.8643918449,-0.1081457318,0.4035261541,0.2798175873
1268,42266666667,2,0,0.1502398649,0.01740798563,-0.6605018495,0.8713649269,-0.09874933939,0.3963856016,0.2717539089
1269,42300000000,2,0,0.1506977435,0.01737409863,-0.6610271802,0.8765180169,-0.09456074695,0.3898334865,0.266090744
1270,42333333333,2,1,0.1508990936,0.01693102162,-0.6613591921,0.8802188112,-0.09359960293,0.3854045436,0.2606094712
1271,42366666667,2,0,0.1512879071,0.01688864973,-0.6617960124,0.8844448902,-0.0902798474,0.3791533023,0.2566116886
1272,42400000000,2,0,0.1516039292,0.01667776389,-0.6621198001,0.8879122278,-0.08802486218,0.3757093445,0.2504116367
1273,42433333333,2,0,0.1518019399,0.01643655905,-0.6623768356,0.8916775431,-0.086442365,0.372273507,0.242592895
1274,42466666667,2,0,0.1519399127,0.01621733375,-0.6625665976,0.8960610751,-0.08396639029,0.3679333634,0.2337717587
1275,42500000000,2,0,0.1521755285,0.01597334723,-0.662685335,0.9007996141,-0.0818472599,0.3615437708,0.2261574298
1276,42533333333,2,1,0.1523071532,0.01574252713,-0.6629586707,0.9044613519,-0.07788941854,0.357468829,0.2193146999
1277,42566666667,2,0,0.1523448298,0.01535931082,-0.6630200859,0.9075394012,-0.07436781659,0.354777768,0.2120716824
1278,42600000000,2,0,0.1523234751,0.01495610975,-0.6630802505,0.9104876637,-0.06917146571,0.3510697007,0.2073103657
1279,42633333333,2,0,0.1520818516,0.01462071888,-0.6630117773,0.9133624124,-0.0630308123,0.3470304006,0.2033866303
1280,42666666667,2,0,0.1518124649,0.01444769975,-0.6630544313,0.9165249393,-0.05773879644,0.3403011236,0.2020975318
1281,42700000000,2,0,0.1517898375,0.01408287699,-0.6631229415,0.9183370155,-0.05612013634,0.3339832961,0.2048482712
1282,42733333333,2,1,0.1516263467,0.01347137715,-0.6630520949,0.9189718619,-0.05438392369,0.3297545762,0.2092726101
1283,42766666667,2,0,0.1510386198,0.01346188617,-0.6630023956,0.9200401753,-0.05165260841,0.3253936144,0.2120780036
1284,42800000000,2,0,0.1509941226,0.01307602891,-0.6630478769,0.9209139629,-0.05545091399,0.3201157256,0.2153336743
1285,42833333333,2,0,0.1504875697,0.01301735359,-0.6630084297,0.9209202906,-0.05791532065,0.3189057472,0.2164503603
1286,42866666667,2,0,0.1499952552,0.01284304829,-0.6628505731,0.919459564,-0.0641950842,0.3172772155,0.2231776644
1287,42900000000,2,0,0.1500291687,0.01232304557,-0.6627718541,0.9166607985,-0.06956102593,0.3167398571,0.2336024552
1288,42933333333,2,1,0.1496973214,0.01226188638,-0.6627854612,0.9135802233,-0.07038683365,0.3192507829,0.241859064
1289,42966666667,2,0,0.1490221539,0.01228977811,-0.6626279983,0.910804164,-0.07432214647,0.3213675123,0.248263802
1290,43000000000,2,0,0.1489329269,0.01195703437,-0.6625527754,0.907599348,-0.0795723074,0.3217047279,0.2577551928
1291,43033333333,2,0,0.14849313,0.01206293561,-0.6624919011,0.9033154811,-0.07973441157,0.3252959097,0.2680412958
1292,43066666667,2,0,0.1480298802,0.01226465457,-0.6624105758,0.8975638848,-0.08478307075,0.3302618206,0.2794960347
1293,43100000000,2,0,0.1479691043,0.01213830023,-0.6622892112,0.8905695528,-0.09019930374,0.336933674,0.2919343361
1294,43133333333,2,1,0.1475093459,0.01238499887,-0.6622417433,0.8831952197,-0.09406539738,0.3468190779,0.3013875115
1295,43166666667,2,0,0.1471300287,0.01238721074,-0.6621380685,0.8746799125,-0.1041291517,0.3581291443,0.3095733943
1296,43200000000,2,0,0.147130381,0.01230449776,-0.6619472922,0.8664291653,-0.1129120433,0.3702207392,0.3154171464
1297,43233333333,2,0,0.1466216206,0.01229157869,-0.6618063815,0.8581495756,-0.1201657308,0.3863931615,0.31597441
1298,43266666667,2,0,0.1459992105,0.01185283489,-0.6614737956,0.8486669693,-0.1340326975,0.4022336858,0.3162398981
1299,43300000000,2,0,0.1457899474,0.01140432191,-0.6611041182,0.8403336724,-0.1461759738,0.4138518905,0.3181171426
1300,43333333333,2,1,0.1456090871,0.01116629465,-0.6610055491,0.8339820692,-0.1548050689,0.4243120557,0.3169677873
1301,43366666667,2,0,0.1452947897,0.01071856887,-0.6608028236,0.8259189977,-0.1634832619,0.4368480749,0.3166935299
1302,43400000000,2,0,0.1449405942,0.0102147721,-0.660584313,0.8179325053,-0.1701794646,0.4485664728,0.3175113953
1303,43433333333,2,0,0.1446943553,0.00955321809,-0.6602534199,0.8106380501,-0.1751518016,0.4596491227,0.3176641026
1304,43466666667,2,0,0.1442203695,0.008670173854,-0.6599087077,0.8045839076,-0.1783286432,0.4707376773,0.3150391559
1305,43500000000,2,0,0.1438022201,0.00789114432,-0.6597221478,0.8005014546,-0.1773426554,0.4790695357,0.3134316254
1306,43533333333,2,1,0.1429913485,0.007352105052,-0.6586435474,0.7964024658,-0.1766065515,0.4905335945,0.3064800664
1307,43566666667,2,0,0.1422624139,0.006642914986,-0.6580658668,0.7914810236,-0.1775824795,0.4978944733,0.3067952831
1308,43600000000,2,0,0.1417004856,0.005840862981,-0.657476326,0.7875858242,-0.1800632201,0.5027068103,0.3075250708
1309,43633333333,2,0,0.1413133884,0.004997677251,-0.6569517436,0.7856425342,-0.1833076256,0.5056400705,0.305765011
1310,43666666667,2,0,0.1404990139,0.004497207276,-0.6565040032,0.783471251,-0.1845095517,0.5105595437,0.3024201987
1311,43700000000,2,0,0.1397734074,0.003811949949,-0.6557665815,0.7781139198,-0.1881264156,0.5159953149,0.3047884752
1312,43733333333,2,1,0.139381263,0.003548061398,-0.6551036909,0.7733248792,-0.1884575634,0.5196765774,0.3104651877
1313,43766666667,2,0,0.1386462571,0.00299171588,-0.6545938384,0.7677513781,-0.1892865309,0.5249648299,0.3148656191
1314,43800000000,2,0,0.1380937737,0.002391569275,-0.6538069353,0.7593040053,-0.1934222662,0.5311834178,0.3223188345
1315,43833333333,2,0,0.1381849831,0.001194005599,-0.6528335536,0.7506284293,-0.1953961454,0.5372496894,0.3312704012
1316,43866666667,2,0,0.1379344177,0.0002277946847,-0.652246401,0.7468704107,-0.1909269025,0.5439322405,0.33146527
1317,43900000000,2,0,0.1369162403,-0.0001588402201,-0.6511182534,0.7445469968,-0.184626753,0.5528567218,0.3254415106
1318,43933333333,2,1,0.136266537,-0.0001968023516,-0.6504881148,0.7462142892,-0.1788110277,0.5535927799,0.3236137898
1319,43966666667,2,0,0.1359066351,-0.0007168275539,-0.6498275431,0.746936165,-0.1789068036,0.5536655168,0.321765779
1320,44000000000,2,0,0.1356333994,-0.001314137003,-0.6489611824,0.7478767579,-0.1786055364,0.5544035003,0.3184606353
1321,44033333333,2,0,0.1351092978,-0.001634009765,-0.6485100784,0.7487379484,-0.1752732021,0.5552808763,0.3167553277
1322,44066666667,2,0,0.1347584663,-0.001984979817,-0.6478665042,0.7465363014,-0.1751218239,0.5578464532,0.3175267424
1323,44100000000,2,0,0.1345618129,-0.002406493301,-0.6474499789,0.7451496589,-0.1743157118,0.5603280139,0.316857279
1324,44133333333,2,0,0.1339309201,-0.002409694582,-0.6469877925,0.7409663493,-0.1724073914,0.5658813691,0.3178408984
1325,44166666667,2,1,0.1337924351,-0.003015864533,-0.6460054243,0.7345328212,-0.1747798682,0.5711296116,0.3220628806
1326,44200000000,2,0,0.133406028,-0.003222045471,-0.6456323566,0.7321163531,-0.1752407219,0.5741115938,0.3220127525
1327,44233333333,2,0,0.1331146199,-0.003382775746,-0.6450639222,0.7280216782,-0.178055575,0.5781814343,0.3224699634
1328,44266666667,2,0,0.1328423407,-0.003537615086,-0.6444430368,0.7245655904,-0.1801830559,0.5814498406,0.3231947624
1329,44300000000,2,0,0.1323243023,-0.003328163792,-0.6440152611,0.7220996322,-0.1822831398,0.5837735034,0.3233472975
1330,44333333333,2,0,0.132197531,-0.003442173555,-0.643254694,0.7179031066,-0.187687483,0.585357783,0.3267182337
1331,44366666667,2,0,0.131956043,-0.003384289162,-0.6427530817,0.7163464126,-0.1910239254,0.5848795288,0.3290495615
1332,44400000000,2,1,0.1316539518,-0.003224432452,-0.6422814292,0.714484186,-0.1952320243,0.5840020742,0.3321722173
1333,44433333333,2,0,0.1316362427,-0.003238965725,-0.6416979978,0.7126549271,-0.2003681431,0.5821045738,0.3363477772
1334,44466666667,2,0,0.1316014705,-0.003234553098,-0.6414642514,0.7133009344,-0.2056748651,0.5790094549,0.3371167128
1335,44500000000,2,0,0.1314849669,-0.00313679856,-0.6411688463,0.7121079169,-0.2106548219,0.5779922242,0.3383073298
1336,44533333333,2,0,0.1315999072,-0.003182740036,-0.6407917111,0.7099087318,-0.2149354494,0.5771966895,0.3415791662
1337,44566666667,2,0,0.1315505672,-0.003092711467,-0.6407077699,0.7083893056,-0.2162435434,0.5772153873,0.3438687516
1338,44600000000,2,0,0.1315758243,-0.003022937874,-0.640522832,0.7048603,-0.2186257748,0.5781583097,0.3480053118
1339,44633333333,2,0,0.1316520111,-0.003021023885,-0.6404276842,0.7013224611,-0.2190811299,0.5795423353,0.3525350276
1340,44666666667,2,0,0.1316666485,-0.002967901057,-0.6403556593,0.6974728299,-0.2192401714,0.5813532529,0.3570627314
1341,44700000000,2,0,0.1317619972,-0.003041738429,-0.6401616904,0.6948078771,-0.2206868416,0.5824356774,0.3595942347
1342,44733333333,2,0,0.1316602784,-0.002937281871,-0.640127419,0.6939786034,-0.2210553143,0.5827130039,0.3605187945
1343,44766666667,2,0,0.1317423151,-0.002985006412,-0.6399891751,0.6916484626,-0.2218516397,0.5831261959,0.3638242623
1344,44800000000,2,0,0.1319271743,-0.003152737525,-0.6400271716,0.6915552417,-0.2217219813,0.582713026,0.3647413331
1345,44833333333,2,0,0.1317645508,-0.003074810742,-0.6400803797,0.6916314127,-0.2208581668,0.5836245569,0.36366198
1346,44866666667,2,0,0.1317242548,-0.003065075863,-0.639956074,0.6903970882,-0.2194653312,0.5848563611,0.364869656
1347,44900000000,2,0,0.1316825469,-0.003065791054,-0.6400019268,0.6905172326,-0.218401095,0.5842936258,0.3661801086
1348,44933333333,2,0,0.1317498805,-0.003107252486,-0.6401083304,0.690228779,-0.2181433132,0.5841042498,0.3671783667
1349,44966666667,2,0,0.1317341692,-0.003151520893,-0.6400691119,0.6892070601,-0.2168134744,0.5853515253,0.3678982706
1350,45000000000,2,0,0.1317148256,-0.003182973576,-0.6401273117,0.6887892944,-0.2153867267,0.585791594,0.3688171285
1351,45033333333,2,0,0.1317021038,-0.003234182788,-0.6401789462,0.6879202919,-0.2136940934,0.586770727,0.3698656789
1352,45066666667,2,1,0.1316618363,-0.003221437361,-0.6401786667,0.6874338217,-0.212623235,0.5875393888,0.3701669452
1353,45100000000,2,0,0.1316876905,-0.003287459552,-0.6402328476,0.6871535826,-0.2111723602,0.5879948799,0.3707940255
1354,45133333333,2,0,0.1314774088,-0.003213118815,-0.6402909449,0.6866904167,-0.2089787758,0.5887976786,0.3716200162
1355,45166666667,2,0,0.1315312266,-0.003336796071,-0.6402438433,0.6860696133,-0.2089781579,0.5886272137,0.3730343396
1356,45200000000,2,0,0.1315408078,-0.003422383975,-0.6403380854,0.6868250199,-0.207706151,0.5880126473,0.3733238185
1357,45233333333,2,0,0.131451903,-0.003465435741,-0.6405433509,0.6868365906,-0.2064139519,0.5885132338,0.3732304274
1358,45266666667,2,0,0.1314576758,-0.003560109397,-0.6405383383,0.6855184392,-0.2062359858,0.5901769044,0.3731251925
1359,45300000000,2,0,0.1314396386,-0.003610796861,-0.6405005005,0.6851024875,-0.2046937541,0.5914410592,0.3727365318
1360,45333333333,2,0,0.1313161305,-0.003593486423,-0.6406433022,0.6848230671,-0.2025470893,0.5928023788,0.3722598327
1361,45366666667,2,0,0.1312415298,-0.003586698088,-0.6406362463,0.6834443898,-0.2027130421,0.5942789971,0.3723488447
