124891433333.333344 0.001579127 0.000353488 0.012002855 0.000104591 -0.006554636 0.001107731 0.999977887
124908116666.666672 0.002680255 0.000647343 0.014328488 0.000262600 -0.006970032 0.001894892 0.999973893
124924800000.000000 0.001929598 0.000371060 0.013476424 0.000339241 -0.007292320 0.001079802 0.999972820
124941483333.333344 0.002648639 0.001298295 0.019291010 0.000871073 -0.007224146 0.001634065 0.999972165
124958166666.666672 0.002183193 0.000269845 0.014828924 0.000159585 -0.007875511 0.001224881 0.999968231
124974850000.000000 0.003059170 0.000858198 0.024539201 0.000594795 -0.007601828 0.001866837 0.999969244
124991533333.333344 0.004164222 0.001008500 0.026908355 0.000781338 -0.008220237 0.001713237 0.999964476
125008216666.666672 0.008016590 0.001186829 0.063996203 0.000242511 -0.007315030 0.000862182 0.999972880
125024900000.000000 0.007977574 0.001208647 0.065766677 0.000292084 -0.007242719 0.000724923 0.999973476
125041583333.333328 0.008304005 0.001615065 0.067739397 0.000419683 -0.007432074 0.000890836 0.999971926
125058266666.666672 0.010510241 0.001706342 0.071039364 0.000481228 -0.008783280 0.000906832 0.999960899
125074950000.000000 0.011082462 0.001973847 0.073368847 0.000581753 -0.009029387 0.000987472 0.999958634
125091633333.333328 0.010968558 0.002007810 0.075968944 0.000410490 -0.008913373 0.000965161 0.999959767
125108316666.666672 0.010924044 0.002776389 0.078655347 0.000807211 -0.008882565 0.000889019 0.999959826
125125000000.000000 0.003258268 0.000499799 0.021144971 0.000172166 -0.010273762 0.001433704 0.999946177
125141683333.333328 0.003401517 0.000669623 0.023364283 0.000163399 -0.010391256 0.001391741 0.999945045
125158366666.666672 0.003406805 0.000608002 0.022501994 0.000132787 -0.010507596 0.001441542 0.999943793
125175050000.000000 0.004580570 0.000882507 0.025124140 0.000135733 -0.010990534 0.001407583 0.999938667
125191733333.333328 0.013871334 0.003101467 0.084138960 0.000370595 -0.011251329 0.001139205 0.999935985
125208416666.666672 0.014834613 0.003437276 0.086357825 0.000565503 -0.011626361 0.001138523 0.999931633
125225100000.000000 0.016055329 0.003646532 0.089101903 0.000494423 -0.012035706 0.001190844 0.999926746
125241783333.333328 0.015933905 0.004362583 0.095185712 0.000693605 -0.011268125 0.001376721 0.999935329
125258466666.666656 0.016241610 0.004640156 0.098185919 0.000711740 -0.011185785 0.001379809 0.999936283
125275150000.000000 0.012713621 0.003410687 0.067530572 0.000401635 -0.011522096 0.001738087 0.999932051
125291833333.333328 0.012545886 0.003416360 0.070566460 0.000341769 -0.011291863 0.001803646 0.999934614
125308516666.666656 0.004477947 0.001200203 0.028279243 0.000447013 -0.011323036 0.002150460 0.999933481
125325200000.000000 0.004563462 0.001311111 0.029387049 0.000461928 -0.011271834 0.002010553 0.999934375
125341883333.333344 0.004574365 0.001102485 0.031090271 0.000225092 -0.011078942 0.002391178 0.999935746
125358566666.666672 0.005155466 0.001613772 0.034551777 0.000590110 -0.011134060 0.002409178 0.999934971
125375250000.000015 0.014283324 0.003371331 0.076334409 0.000486526 -0.012155761 0.002025954 0.999923944
125391933333.333344 0.014279698 0.003023436 0.078277931 0.000237141 -0.011956691 0.002046494 0.999926448
125408616666.666672 0.005222483 0.001170727 0.032328613 0.000240066 -0.011746990 0.002414278 0.999928057
125425300000.000000 0.005255519 0.000884268 0.034934305 0.000152969 -0.011620377 0.002209923 0.999930084
125441983333.333344 0.011114880 0.002182682 0.067131110 0.000273859 -0.011494285 0.002345987 0.999931216
125458666666.666672 0.011309490 0.002061106 0.069849111 0.000343122 -0.011564744 0.001917245 0.999931216
125475350000.000000 0.011612887 0.001813530 0.071322672 0.000050607 -0.011489045 0.002119077 0.999931753
125492033333.333344 0.011880215 0.002129033 0.073266044 0.000353253 -0.011387820 0.001914649 0.999933302
125508716666.666672 0.012790339 0.001577175 0.075415090 0.000132795 -0.011688925 0.002147789 0.999929368
125525400000.000000 0.016169684 0.002127860 0.094927587 -0.000010749 -0.011527861 0.002147488 0.999931276
125542083333.333344 0.016290871 0.002198427 0.096748121 0.000045470 -0.011516982 0.002039552 0.999931633
125558766666.666672 0.006236717 0.000866688 0.039151635 -0.000014202 -0.011890527 0.001982040 0.999927342
125575450000.000000 0.006580858 0.000876005 0.040824208 -0.000053311 -0.011924346 0.002231765 0.999926448
125592133333.333344 0.006751164 0.001336534 0.042882137 0.000404810 -0.011858882 0.002253406 0.999927104
125608816666.666672 0.006866259 0.001242801 0.044594679 0.000156617 -0.011974460 0.001984088 0.999926329
125625500000.000000 0.008474175 0.000723771 0.046094384 -0.000211822 -0.012862466 0.001814081 0.999915600
125642183333.333328 0.008679875 0.001252556 0.048110705 -0.000097129 -0.012675454 0.001503172 0.999918580
125658866666.666672 0.008627133 0.001774141 0.048715450 0.000263735 -0.012582097 0.001494926 0.999919713
125675550000.000000 0.008314536 0.001565155 0.050757043 0.000240182 -0.012246324 0.001829626 0.999923348
125692233333.333328 0.007817685 0.001823911 0.052423917 0.000134212 -0.011558425 0.001610696 0.999931931
125708916666.666672 0.006995738 0.001242794 0.044469789 -0.000092221 -0.011716077 0.001447003 0.999930322
125725600000.000000 0.008480421 0.001638628 0.047059659 0.000084217 -0.012554253 0.001496913 0.999920130
125742283333.333328 0.007999969 0.001749110 0.048014350 -0.000079667 -0.012210403 0.001415505 0.999924541
125758966666.666672 0.008380450 0.001809649 0.050193872 -0.000184524 -0.012179445 0.001627271 0.999924481
125775650000.000000 0.008571714 0.002199931 0.051472336 -0.000071255 -0.012308665 0.001796421 0.999922633
125792333333.333328 0.007810256 0.002436255 0.052327678 -0.000000532 -0.011581709 0.001980210 0.999931037
125809016666.666672 0.007361015 0.002531437 0.054020498 0.000070181 -0.011083534 0.001728062 0.999937117
125825700000.000000 0.006906513 0.002862942 0.055669338 0.000345417 -0.010781108 0.001689364 0.999940395
125842383333.333328 0.007489689 0.001698259 0.049940810 -0.000236413 -0.011804193 0.001807772 0.999928653
125859066666.666656 0.007248570 0.001807797 0.051058900 -0.000263780 -0.011649602 0.001860527 0.999930382
125875750000.000000 0.008210207 0.001515147 0.052751880 -0.000493473 -0.012011966 0.001619418 0.999926448
125892433333.333328 0.007851698 0.001439158 0.053701032 -0.000603419 -0.011848358 0.001677416 0.999928296
125909116666.666656 0.007633159 0.001333836 0.054838028 -0.000678514 -0.011650528 0.002063986 0.999929786
125925800000.000000 0.007765314 0.001866209 0.056141540 -0.000372199 -0.011655711 0.002226741 0.999929607
125942483333.333344 0.008046298 0.002093717 0.058415178 -0.000232811 -0.011742814 0.002056675 0.999928951
125959166666.666672 0.007950894 0.001638658 0.060207855 -0.000580820 -0.011563790 0.002135491 0.999930739
125975850000.000015 0.008132125 0.002531842 0.060916975 0.000362848 -0.011551325 0.001475272 0.999932170
125992533333.333344 0.008786540 0.001989613 0.062211197 -0.000157842 -0.012066795 0.001774924 0.999925613
126009216666.666672 0.008571817 0.001735423 0.063212909 -0.000159241 -0.011784072 0.001492623 0.999929428
126025900000.000000 0.009108657 0.001357630 0.065360613 -0.000447470 -0.012007168 0.001549816 0.999926686
126042583333.333344 0.009211359 0.001612122 0.066643462 -0.000197752 -0.011856331 0.001710673 0.999928296
126059266666.666672 0.009577644 0.001185681 0.068068035 -0.000470606 -0.012150668 0.002043979 0.999924004
126075950000.000000 0.009700128 0.001055390 0.069685504 -0.000490626 -0.011938875 0.001932495 0.999926805
126092633333.333344 0.009182398 0.001234489 0.067902759 -0.000542931 -0.011571926 0.001605067 0.999931633
126109316666.666672 0.009160448 0.001163905 0.069221243 -0.000415622 -0.011372404 0.001596839 0.999934018
126126000000.000000 0.009129127 0.001375664 0.069980554 -0.000447535 -0.011195875 0.001675995 0.999935865
126142683333.333344 0.010137569 0.001153771 0.071783647 -0.000374060 -0.012006141 0.001692995 0.999926507
126159366666.666672 0.009828603 0.001589299 0.072660178 -0.000274007 -0.011541408 0.001833303 0.999931753
126176050000.000000 0.009634065 0.001312799 0.073158063 -0.000461243 -0.011389265 0.001678929 0.999933660
126192733333.333344 0.009625386 0.001551742 0.074236721 -0.000480984 -0.011048929 0.002031177 0.999936819
126209416666.666672 0.010995975 0.001527027 0.076278694 -0.000454175 -0.011994557 0.001584386 0.999926686
126226100000.000000 0.010917165 0.001941102 0.077326797 -0.000323726 -0.011973364 0.001170483 0.999927640
126242783333.333328 0.010716685 0.001839679 0.078181766 -0.000362531 -0.011547276 0.001277946 0.999932468
126259466666.666672 0.010699734 0.001795139 0.079306111 -0.000431764 -0.011448938 0.001071140 0.999933839
126276150000.000000 0.010761097 0.001888377 0.079827458 -0.000587910 -0.011352476 0.001314825 0.999934554
126292833333.333328 0.011672264 0.002273330 0.082537718 -0.000077358 -0.011990553 0.000622339 0.999927938
126309516666.666672 0.011826294 0.001500265 0.083170764 -0.000763791 -0.011951935 0.001067409 0.999927759
126326200000.000000 0.012029642 0.000964080 0.084007286 -0.001306240 -0.011806465 0.001003613 0.999929011
126342883333.333328 0.010339521 0.002017108 0.070739217 -0.000401059 -0.012661961 0.001218835 0.999918997
126359566666.666672 0.009572347 0.002760956 0.072310999 0.000071220 -0.012197106 0.001417290 0.999924600
126376250000.000000 0.009381984 0.002689053 0.072951704 0.000078725 -0.011805670 0.001363204 0.999929428
126392933333.333328 0.010571941 0.002120858 0.072795980 -0.000136102 -0.012787423 0.001296380 0.999917388
126409616666.666672 0.010077505 0.002483334 0.074303538 0.000029896 -0.012317161 0.001444368 0.999923110
126426300000.000000 0.009858516 0.001789443 0.075345106 -0.000465170 -0.011982320 0.001422900 0.999927104
126442983333.333328 0.011528734 0.002632959 0.077803984 0.000032347 -0.013175658 0.001300531 0.999912381
126459666666.666656 0.011832854 0.002242522 0.079143308 -0.000297456 -0.013237195 0.001375226 0.999911427
126476350000.000000 0.011217116 0.002706736 0.080352530 -0.000022555 -0.012469870 0.001611894 0.999920964
126493033333.333328 0.011580495 0.002554764 0.080761977 0.000029685 -0.012876815 0.001838408 0.999915421
126509716666.666656 0.012014836 0.002576865 0.082196534 0.000027317 -0.012978307 0.001928119 0.999913931
126526400000.000000 0.011408986 0.002306587 0.078846045 0.000055683 -0.012933001 0.001153429 0.999915719
126543083333.333344 0.011565506 0.002311202 0.079533100 0.000235072 -0.012937796 0.001055251 0.999915779
126559766666.666672 0.011333179 0.002492750 0.081836663 0.000345248 -0.012737355 0.000603325 0.999918699
126576450000.000015 0.012258037 0.002018447 0.082672372 0.000217959 -0.013103275 0.001204867 0.999913454
126593133333.333344 0.012556224 0.001937788 0.082773440 0.000251463 -0.013231033 0.001181580 0.999911785
126609816666.666672 0.011897897 0.002263808 0.084141240 0.000433543 -0.012837882 0.001301022 0.999916732
126626500000.000000 0.011606922 0.001935116 0.082979158 -0.000047447 -0.012751847 0.001184738 0.999917984
126643183333.333344 0.011589305 0.002220421 0.083729573 0.000279200 -0.012547405 0.001398457 0.999920309
126659866666.666672 0.011707426 0.002005493 0.084886216 0.000210807 -0.012583053 0.001108290 0.999920249
126676550000.000000 0.011983684 0.001990612 0.084648781 0.000030373 -0.012883841 0.001207169 0.999916315
126693233333.333344 0.011379500 0.002047357 0.085677385 0.000028795 -0.012461710 0.001153740 0.999921739
126709916666.666672 0.012274052 0.002087511 0.086711735 -0.000092057 -0.012831504 0.001033803 0.999917150
126726600000.000000 0.012240652 0.002050422 0.088126928 -0.000259175 -0.012852092 0.001144733 0.999916792
126743283333.333344 0.012668946 0.001932094 0.090458483 -0.000289863 -0.013018591 0.000585078 0.999915063
126759966666.666672 0.013765298 0.002019162 0.090602309 -0.000245981 -0.013765280 0.001017820 0.999904752
126776650000.000000 0.013079206 0.002088055 0.091133051 -0.000187243 -0.013178052 0.000887543 0.999912798
126793333333.333344 0.012757568 0.002272843 0.091839269 -0.000076030 -0.012960045 0.000739716 0.999915779
126810016666.666672 0.013680778 0.002734946 0.092870340 0.000187160 -0.013463190 0.000832324 0.999909043
126826700000.000000 0.014078977 0.002858347 0.094042771 0.000104833 -0.013659352 0.000812441 0.999906421
126843383333.333328 0.015143858 0.002804299 0.094556138 0.000024826 -0.014177776 0.000719866 0.999899268
126860066666.666672 0.013742890 0.002425981 0.096721917 -0.000354109 -0.013163930 0.000067591 0.999913335
126876750000.000000 0.014281222 0.003091971 0.096191444 -0.000005979 -0.013310253 0.000537476 0.999911308
126893433333.333328 0.014361802 0.003615568 0.097613715 0.000330562 -0.013537765 0.000806418 0.999907970
126910116666.666672 0.014236915 0.003758501 0.098837279 0.000389798 -0.013365425 0.000726102 0.999910355
126926800000.000000 0.014247772 0.003639598 0.100398451 0.000193100 -0.013340446 0.000396155 0.999910951
126943483333.333328 0.014569149 0.003450709 0.100541800 -0.000062636 -0.013264811 0.000551624 0.999911904
126960166666.666672 0.014511045 0.003918916 0.101525672 0.000386410 -0.013254525 0.000462522 0.999912024
126976850000.000000 0.013986051 0.004133592 0.103091851 0.000426930 -0.012850841 0.000730627 0.999917090
126993533333.333328 0.012852151 0.004517030 0.104956172 0.000725894 -0.011970576 0.000788898 0.999927819
127010216666.666672 0.014010847 0.004084100 0.104939871 0.000434158 -0.012784714 0.000720168 0.999917924
127026900000.000000 0.014276189 0.003649604 0.106510878 -0.000027500 -0.012991243 0.000982552 0.999915183
127043583333.333328 0.014792801 0.004005916 0.107494645 0.000275245 -0.013236189 0.000883489 0.999912024
127060266666.666656 0.014144747 0.004095675 0.108576320 0.000426532 -0.012659850 0.000438966 0.999919713
127076950000.000000 0.014150212 0.004023965 0.108691484 0.000317726 -0.012422868 0.000549258 0.999922693
127093633333.333328 0.014387409 0.004082222 0.110046096 0.000420084 -0.012526358 0.000690412 0.999921262
127110316666.666656 0.014316655 0.004265569 0.111145794 0.000710115 -0.012373545 0.000753035 0.999922931
127127000000.000000 0.013811408 0.004026176 0.112205729 0.000430810 -0.011874104 0.000680805 0.999929249
127143683333.333344 0.015120372 0.004213351 0.113406099 0.000578070 -0.012651112 0.000893338 0.999919415
127160366666.666672 0.014838971 0.003421428 0.115008123 0.000023329 -0.012421173 0.000520274 0.999922812
127177050000.000015 0.015229775 0.003748588 0.115793310 0.000252177 -0.012411989 0.000699016 0.999922752
127193733333.333344 0.015133766 0.003444231 0.116351567 0.000065081 -0.012302299 0.000481670 0.999924242
127210416666.666672 0.014945112 0.003709573 0.116814695 0.000317502 -0.011936224 0.000595443 0.999928534
127227100000.000000 0.014835625 0.003918281 0.118190244 0.000604401 -0.011459046 0.000913759 0.999933779
127243783333.333344 0.015439433 0.003497204 0.119472012 0.000367673 -0.011532786 0.000602142 0.999933302
127260466666.666672 0.015598512 0.003340760 0.119963937 0.000182088 -0.011268214 0.000285009 0.999936521
127277150000.000000 0.016289974 0.003530710 0.121410884 0.000415277 -0.011293960 0.000603796 0.999935985
127293833333.333344 0.016801665 0.003830186 0.121485978 0.000560428 -0.011181001 0.001163449 0.999936700
127310516666.666672 0.016471889 0.003821187 0.119486675 0.000893534 -0.011053847 0.000752581 0.999938309
127327200000.000000 0.016383221 0.003408242 0.120855033 0.000417895 -0.010459488 0.000478055 0.999945164
127343883333.333344 0.016238200 0.003776075 0.124216177 0.000557149 -0.009483844 0.000577703 0.999954700
127360566666.666672 0.016948752 0.003846547 0.124847926 0.000732010 -0.009503230 0.000442217 0.999954522
127377250000.000000 0.016832909 0.004065961 0.123492368 0.001220055 -0.009306804 0.000429076 0.999955893
127393933333.333344 0.016617058 0.004293361 0.124653436 0.001326018 -0.008527442 0.000886407 0.999962389
127410616666.666672 0.016724305 0.004323583 0.124946803 0.001353495 -0.008129375 0.000228268 0.999966085
127427300000.000000 0.016993904 0.004436321 0.125410438 0.001478701 -0.007786979 0.000629553 0.999968410
127443983333.333328 0.017541753 0.004064173 0.126998469 0.001028460 -0.007620796 0.000847514 0.999970138
127460666666.666672 0.017406240 0.004839982 0.127895370 0.001675531 -0.006633423 0.000904903 0.999976277
127477350000.000000 0.018423324 0.004602788 0.129363060 0.001496436 -0.006733348 0.001287067 0.999975383
127494033333.333328 0.016195819 0.003788256 0.120037630 0.001478665 -0.006618005 0.001225972 0.999976277
127510716666.666672 0.016355716 0.003961742 0.120611608 0.001469119 -0.005864227 0.001066707 0.999981225
127527400000.000000 0.015923100 0.003738148 0.121027261 0.001259012 -0.004974293 0.000917204 0.999986410
127544083333.333328 0.015512518 0.003117934 0.121249348 0.000846520 -0.003980190 0.000877280 0.999991417
127560766666.666672 0.015778506 0.002922330 0.122878835 0.000539921 -0.003352612 0.000864531 0.999993861
127577450000.000000 0.014460963 0.003441767 0.124739327 0.000873494 -0.001226284 0.000749432 0.999998629
127594133333.333328 0.015433675 0.002860008 0.126399070 0.000271497 -0.001030902 0.000437181 0.999999344
127610816666.666672 0.014619926 0.002888086 0.126925036 0.000446388 0.000732289 0.000359338 0.999999642
127627500000.000000 0.014845651 0.003203786 0.127658680 0.000606689 0.001343356 0.000525114 0.999998868
127644183333.333328 0.016079763 0.003121473 0.127495155 0.000445868 0.001461084 0.000770727 0.999998569
127660866666.666656 0.017679511 0.002693724 0.128057525 0.000112183 0.001234488 0.000589723 0.999999106
127677550000.000000 0.016469110 0.002800392 0.128631055 0.000259452 0.003182431 0.000635335 0.999994755
127694233333.333328 0.016501369 0.003009437 0.128097817 0.000577294 0.003741278 0.000451085 0.999992788
127710916666.666656 0.016382316 0.002760966 0.129396960 0.000187837 0.004919689 -0.000066553 0.999987900
127727600000.000000 0.017968159 0.003359980 0.130477041 0.000841874 0.004642210 0.000664043 0.999988675
127744283333.333344 0.016503658 0.003380386 0.130010784 0.000716248 0.006198880 -0.000124267 0.999980569
127760966666.666672 0.017553264 0.004088291 0.131990865 0.001181160 0.006497571 -0.000285524 0.999978244
127777650000.000015 0.017698791 0.003346477 0.132834092 0.000718024 0.007277732 -0.000127935 0.999973238
127794333333.333344 0.016889568 0.002684248 0.131907374 0.000154339 0.008245165 0.000151009 0.999966085
127811016666.666672 0.014606147 0.002696104 0.133229405 -0.000019436 0.010746883 -0.000683540 0.999942005
127827700000.000000 0.017131886 0.002830107 0.133064896 0.000051981 0.009510566 -0.000020674 0.999954760
127844383333.333344 0.017506870 0.003022758 0.134030208 0.000173102 0.010191712 -0.000155556 0.999948144
127861066666.666672 0.018910520 0.003117815 0.135443717 0.000183338 0.010250623 0.000328283 0.999947429
127877750000.000000 0.018498240 0.003374286 0.135406539 0.000323001 0.011122148 -0.000124998 0.999938130
127894433333.333344 0.017472569 0.004027958 0.133511499 0.001275882 0.011714693 0.000158251 0.999930561
127911116666.666672 0.017674502 0.003978938 0.134816095 0.001233986 0.012449811 0.000031136 0.999921799
127927800000.000000 0.017851138 0.003782743 0.135467142 0.000974928 0.013103605 0.000070122 0.999913692
127944483333.333344 0.018076245 0.003792996 0.136455998 0.001079458 0.013647474 0.000421767 0.999906242
127961166666.666672 0.018188480 0.003898655 0.137004837 0.000980049 0.014522986 -0.000041865 0.999894083
127977850000.000000 0.018377488 0.003920114 0.138104275 0.000998797 0.015373022 0.000010405 0.999881387
127994533333.333344 0.018643741 0.003989236 0.139427677 0.000865918 0.016186450 -0.000333739 0.999868572
128011216666.666656 0.018679500 0.004019857 0.139551297 0.000866327 0.016882490 -0.000019098 0.999857187
128027899999.999985 0.019043028 0.004165731 0.140260950 0.000716584 0.017380301 -0.000372968 0.999848664
128044583333.333344 0.019206811 0.004208541 0.141114637 0.000625477 0.018110069 -0.000953501 0.999835372
128061266666.666687 0.019047840 0.004626516 0.141970947 0.000938625 0.019141834 -0.000758600 0.999816120
128077950000.000015 0.018936511 0.004590526 0.142436683 0.000936989 0.019999523 -0.000286228 0.999799550
128094633333.333344 0.019504553 0.004378336 0.143599123 0.000828014 0.020356134 -0.000560770 0.999792278
128111316666.666687 0.021062119 0.005002342 0.143970504 0.001320392 0.020176442 -0.000310177 0.999795556
128128000000.000015 0.020002464 0.004814209 0.145112172 0.001019955 0.022228390 -0.000614520 0.999752283
128144683333.333344 0.020479480 0.005474928 0.145729959 0.001517339 0.022579903 0.000060034 0.999743879
128161366666.666687 0.020374684 0.005572631 0.146379784 0.001767712 0.023683950 0.000019485 0.999718010
128178050000.000015 0.021495672 0.005567151 0.146971032 0.001551254 0.023681002 -0.000285268 0.999718368
128194733333.333344 0.021680107 0.005676007 0.147726089 0.001411875 0.024629762 -0.000259214 0.999695659
128211416666.666672 0.021303726 0.005743828 0.148420185 0.001385099 0.025866250 -0.001138811 0.999663889
128228100000.000015 0.021431517 0.005546966 0.149161160 0.001351625 0.026707761 -0.000477764 0.999642313
128244783333.333344 0.021611739 0.005848527 0.149840906 0.001708495 0.027515542 -0.000150379 0.999619961
128261466666.666672 0.020409817 0.005172515 0.146602422 0.001474453 0.028023977 0.000014957 0.999606192
128278150000.000015 0.020585576 0.005119243 0.146607891 0.001188014 0.028824909 -0.000607511 0.999583662
128294833333.333344 0.020508356 0.005013662 0.147297442 0.001143356 0.030194039 -0.000270253 0.999543428
128311516666.666672 0.021402303 0.005343525 0.149259374 0.001492033 0.030275878 -0.000150731 0.999540508
128328200000.000015 0.021201463 0.004843341 0.148849502 0.000921555 0.031309545 -0.000545557 0.999509215
128344883333.333344 0.021178713 0.004855847 0.149202600 0.000931306 0.032543506 -0.000248545 0.999469876
128361566666.666672 0.021263430 0.005035037 0.149990335 0.001109132 0.033465039 -0.000482384 0.999439240
128378250000.000015 0.021530874 0.005281950 0.151499212 0.001328419 0.034190208 -0.000598767 0.999414325
128394933333.333344 0.021612646 0.005426136 0.152291358 0.001276524 0.035160977 -0.000519606 0.999380708
128411616666.666672 0.021771070 0.005603409 0.153298691 0.001225195 0.036162592 -0.000845000 0.999344826
128428300000.000000 0.021937486 0.005767260 0.154077858 0.001700134 0.037025981 -0.001189694 0.999312162
128444983333.333344 0.022172095 0.006026457 0.155454114 0.001744482 0.037791610 -0.000753144 0.999283850
128461666666.666672 0.021973824 0.005720690 0.153991938 0.001811046 0.038630784 -0.000401763 0.999251842
128478350000.000000 0.022121727 0.005872030 0.154973611 0.001920569 0.039581086 -0.000353183 0.999214530
128495033333.333344 0.022272568 0.006076649 0.156067699 0.002316094 0.040360760 -0.000392917 0.999182463
128511716666.666672 0.022213345 0.006006549 0.155784011 0.002125922 0.041334860 -0.000500933 0.999143004
128528400000.000000 0.022272302 0.006125036 0.156397015 0.002346994 0.042321298 -0.001217042 0.999100566
128545083333.333344 0.022450911 0.006369332 0.157718137 0.002516658 0.043281447 -0.000946019 0.999059379
128561766666.666672 0.022512713 0.006416122 0.158090949 0.002306681 0.044134699 -0.000687468 0.999022722
128578450000.000000 0.022716738 0.006648633 0.159399733 0.002493322 0.045105666 -0.000760313 0.998978913
128595133333.333344 0.022844637 0.006812210 0.160071284 0.002817229 0.046026886 -0.000918637 0.998935878
128611816666.666672 0.022971250 0.006926580 0.160798624 0.002858674 0.046983127 -0.000849422 0.998891234
128628500000.000000 0.023121085 0.007044747 0.161656022 0.002783393 0.047918446 -0.001176976 0.998846710
128645183333.333328 0.023239123 0.007168027 0.162385568 0.002821711 0.049092326 -0.001345058 0.998789430
128661866666.666672 0.023373106 0.007292140 0.163259253 0.002906625 0.050051037 -0.001111399 0.998741806
128678550000.000000 0.023522133 0.007427326 0.163992107 0.003200473 0.050885979 -0.001026065 0.998698831
128695233333.333328 0.023598524 0.007484550 0.164386004 0.003153634 0.051793192 -0.001149611 0.998652220
128711916666.666672 0.023639493 0.007487952 0.164634049 0.003134940 0.053137019 -0.001596674 0.998581111
128728600000.000000 0.023806866 0.007629296 0.165530935 0.003069771 0.054111730 -0.001462155 0.998529196
128745283333.333328 0.023981277 0.007806746 0.166583359 0.003369266 0.055124592 -0.001435979 0.998472810
128761966666.666672 0.023953123 0.007745217 0.165944070 0.003400109 0.055530310 -0.001424495 0.998450220
128778650000.000000 0.024052182 0.007854363 0.166639045 0.003305081 0.056588139 -0.001306051 0.998391390
128795333333.333328 0.024977909 0.006799792 0.167571366 0.002466525 0.056875162 -0.001379378 0.998377323
128812016666.666672 0.024858918 0.007209439 0.168121383 0.002744552 0.058009718 -0.001322978 0.998311400
128828700000.000000 0.025117023 0.007164101 0.169189766 0.002819974 0.058892302 -0.001606040 0.998259068
128845383333.333328 0.025137389 0.007538556 0.170181960 0.003096808 0.059907734 -0.001417820 0.998198152
128862066666.666656 0.024944937 0.006942082 0.170637876 0.002449792 0.060936559 -0.002098321 0.998136461
128878750000.000000 0.024915764 0.006731911 0.171764791 0.002448170 0.062055007 -0.002002845 0.998067737
128895433333.333328 0.025165062 0.007050228 0.172912255 0.002726392 0.062903017 -0.001795890 0.998014331
128912116666.666656 0.025599493 0.007129169 0.173050955 0.002509119 0.063201554 -0.001818258 0.997995973
128928800000.000000 0.025580825 0.006915957 0.173997238 0.002309364 0.064269893 -0.002525921 0.997926712
128945483333.333328 0.025751786 0.007117570 0.174669221 0.002526985 0.065068722 -0.002335105 0.997874856
128962166666.666656 0.025850812 0.007373844 0.175282285 0.002887549 0.065794110 -0.002055814 0.997826993
128978850000.000000 0.025863115 0.007222038 0.176046655 0.002507162 0.066621594 -0.002417710 0.997772217
128995533333.333328 0.025977561 0.007478212 0.177674398 0.002654403 0.067675091 -0.002384692 0.997701108
129012216666.666656 0.026056839 0.007458406 0.178117365 0.002599377 0.068531871 -0.002770025 0.997641742
129028900000.000000 0.026043782 0.007607937 0.178788707 0.002814839 0.069129623 -0.002539270 0.997600496
129045583333.333328 0.025654569 0.007357941 0.177654624 0.002707333 0.070068978 -0.002092136 0.997536302
129062266666.666656 0.025749965 0.007346463 0.178258210 0.002761574 0.071131788 -0.001440603 0.997462094
129078949999.999985 0.025796130 0.007475326 0.179593608 0.002615513 0.071926951 -0.002120157 0.997404218
129095633333.333328 0.026014300 0.007473653 0.180568159 0.002536099 0.072673164 -0.002218266 0.997350156
129112316666.666656 0.026070822 0.007503460 0.180722177 0.002551071 0.073334463 -0.002159715 0.997301877
129128999999.999985 0.025976093 0.007424853 0.181136459 0.002309821 0.074450567 -0.002255344 0.997219503
129145683333.333328 0.026231296 0.007728408 0.182160243 0.002663739 0.075167634 -0.002147594 0.997165084
129162366666.666656 0.026460942 0.007712019 0.182778895 0.002505336 0.075749792 -0.002754002 0.997119904
129179049999.999985 0.026429877 0.007836128 0.183334589 0.002810504 0.076587997 -0.002267153 0.997056305
129195733333.333328 0.026884368 0.008004065 0.185681105 0.003105303 0.077360600 -0.002249050 0.996995807
129212416666.666656 0.026681779 0.007853341 0.185465872 0.002732526 0.078340173 -0.002269389 0.996920347
129229099999.999985 0.026883049 0.007943363 0.186720997 0.002644732 0.079218693 -0.002767280 0.996849954
129245783333.333344 0.027022840 0.007983258 0.187184870 0.002629532 0.080004774 -0.002713090 0.996787369
129262466666.666687 0.027171303 0.008004533 0.188060775 0.002719284 0.080908805 -0.002487645 0.996714711
129279150000.000015 0.027456429 0.008171613 0.188965648 0.002754306 0.081790574 -0.002863081 0.996641636
129295833333.333344 0.027548719 0.008080573 0.189802960 0.002729052 0.082742937 -0.002813869 0.996563256
129312516666.666687 0.027495865 0.007794471 0.190483570 0.002456326 0.083915129 -0.002872950 0.996465743
129329200000.000015 0.027635952 0.007967466 0.192074820 0.002497783 0.084835716 -0.003214307 0.996386647
129345883333.333344 0.027348267 0.007835674 0.192810208 0.002218769 0.085868359 -0.003194206 0.996298909
129362566666.666687 0.027770035 0.007868209 0.193316162 0.002382546 0.086442597 -0.002939224 0.996249676
129379250000.000015 0.028319890 0.007833930 0.194261968 0.002375331 0.086969815 -0.002920764 0.996203840
129395933333.333344 0.027993178 0.007788474 0.194627061 0.002383752 0.087790944 -0.003288683 0.996130645
129412616666.666672 0.028671585 0.007779502 0.195554316 0.002374394 0.088112369 -0.003217180 0.996102512
129429300000.000015 0.028784931 0.007843273 0.195939168 0.002493432 0.088861175 -0.003135933 0.996035993
129445983333.333344 0.028459981 0.007724036 0.196894944 0.002373922 0.090176128 -0.003257588 0.995917678
129462666666.666672 0.028794853 0.007785721 0.197535008 0.002654680 0.090847060 -0.002543315 0.995858073
129479350000.000015 0.027960258 0.007747143 0.198639646 0.002601599 0.092445947 -0.002889946 0.995710194
129496033333.333344 0.028707832 0.007976563 0.199184015 0.002655668 0.092606984 -0.003249258 0.995693982
129512716666.666672 0.028660866 0.008064908 0.199644506 0.002699115 0.093484282 -0.003277114 0.995611727
129529400000.000015 0.028748920 0.008346215 0.200332016 0.003146611 0.094123885 -0.003171442 0.995550573
129546083333.333344 0.028673200 0.008002085 0.200947285 0.002815401 0.095067121 -0.003345159 0.995461345
129562766666.666672 0.029687716 0.008112897 0.202050284 0.002936760 0.095298335 -0.003247671 0.995439172
129579450000.000015 0.030041441 0.008455358 0.202866882 0.003209772 0.095944591 -0.003088122 0.995376766
129596133333.333344 0.030080004 0.008366101 0.203514621 0.003024524 0.096723892 -0.003293426 0.995301306
129612816666.666672 0.030002536 0.008380976 0.204004377 0.003119778 0.097676784 -0.003183629 0.995208263
129629500000.000000 0.030641738 0.008595555 0.205239803 0.003327172 0.098155841 -0.003016477 0.995160937
129646183333.333344 0.029984210 0.008654223 0.206243455 0.003350864 0.099448346 -0.002893114 0.995032907
129662866666.666672 0.030112298 0.009013026 0.206993937 0.003578814 0.100272417 -0.003149617 0.994948626
129679550000.000000 0.029899195 0.009011464 0.207667738 0.003684369 0.101510055 -0.002883805 0.994823575
129696233333.333344 0.030470937 0.008898257 0.208600849 0.003562187 0.101913854 -0.003017565 0.994782329
129712916666.666672 0.031189563 0.009004442 0.209336430 0.003535893 0.102050230 -0.003129888 0.994768083
129729600000.000000 0.031277411 0.008772100 0.210189089 0.003143076 0.103078865 -0.002936689 0.994663894
129746283333.333344 0.031842802 0.008923255 0.211210743 0.003323876 0.103523336 -0.002915467 0.994617283
129762966666.666672 0.031982489 0.008898722 0.212119415 0.003318902 0.104200885 -0.002862916 0.994546652
129779650000.000000 0.031902347 0.009014359 0.212688521 0.003503880 0.105082564 -0.003304985 0.994451880
129796333333.333344 0.032193180 0.008821844 0.213761687 0.003162304 0.105813622 -0.003203315 0.994375825
129813016666.666672 0.032320637 0.008818425 0.214797094 0.003221562 0.106679790 -0.002914384 0.994283974
129829700000.000000 0.032186739 0.008847754 0.214468569 0.003376116 0.107325658 -0.003086579 0.994213402
129846383333.333328 0.032447882 0.008780413 0.215442553 0.003166154 0.108028434 -0.003122183 0.994137883
129863066666.666672 0.032356329 0.008733469 0.216214880 0.003343991 0.108921908 -0.003031606 0.994040132
129879750000.000000 0.032556027 0.008612007 0.217059493 0.003135335 0.109665692 -0.003198661 0.993958533
129896433333.333328 0.032474685 0.008724157 0.217817172 0.003194015 0.110710956 -0.003491645 0.993841410
129913116666.666672 0.032851603 0.008583808 0.218947470 0.002954547 0.111307614 -0.003779738 0.993774474
129929800000.000000 0.033340447 0.008575129 0.220058113 0.003111136 0.111974232 -0.003651164 0.993699551
129946483333.333328 0.033322155 0.008633964 0.220806792 0.003276156 0.112694107 -0.003495605 0.993618190
129963166666.666672 0.033514194 0.008842996 0.221763998 0.003489390 0.113459930 -0.003800845 0.993529260
129979850000.000000 0.033805940 0.008721584 0.222372219 0.003185703 0.113936841 -0.003730075 0.993475914
129996533333.333328 0.034246229 0.008747078 0.223270491 0.003031697 0.114311934 -0.003904624 0.993432641
130013216666.666672 0.034339938 0.008570367 0.224263087 0.002797798 0.115115434 -0.003799977 0.993340969
130029900000.000000 0.033929944 0.008666169 0.224877983 0.003010894 0.116210885 -0.003721826 0.993213058
130046583333.333328 0.033713229 0.008654304 0.225362226 0.002835208 0.117064230 -0.003605783 0.993113756
130063266666.666656 0.033812672 0.008511082 0.226406470 0.002657315 0.118044972 -0.003484757 0.992998660
130079950000.000000 0.034073431 0.008694151 0.227191061 0.002796429 0.118551575 -0.003349692 0.992938340
130096633333.333328 0.034370795 0.009102375 0.228253469 0.003140737 0.119177617 -0.003370080 0.992862284
130113316666.666656 0.035122078 0.009124226 0.229380444 0.003040357 0.119111262 -0.003458732 0.992870271
130130000000.000000 0.035195213 0.009236218 0.229771599 0.003100826 0.119763672 -0.003712587 0.992790639
130146683333.333328 0.035903215 0.009136759 0.230754510 0.002845914 0.119835012 -0.003312894 0.992784262
130163366666.666656 0.036563952 0.009051302 0.231533960 0.002821517 0.119821467 -0.003462734 0.992785394
130180050000.000000 0.035634950 0.009490820 0.232574135 0.003106806 0.121594511 -0.003447192 0.992569029
130196733333.333328 0.036117233 0.009706844 0.233306974 0.003214092 0.121845886 -0.003666759 0.992537081
130213416666.666656 0.036536135 0.009780979 0.233979911 0.003267859 0.122166820 -0.003168872 0.992499232
130230100000.000000 0.036565851 0.009730859 0.234945878 0.003040327 0.122744888 -0.003319836 0.992428064
130246783333.333328 0.036783542 0.009878917 0.236008912 0.003157062 0.123385467 -0.003268720 0.992348433
130263466666.666656 0.036856506 0.009757528 0.236725733 0.003000910 0.124042235 -0.003380007 0.992266655
130280149999.999985 0.036998767 0.009886358 0.237531036 0.003186338 0.124652974 -0.003267541 0.992189944
130296833333.333328 0.036930032 0.010194908 0.238472879 0.003463803 0.125516504 -0.003465839 0.992079437
130313516666.666656 0.037256591 0.009924599 0.239566073 0.003219490 0.125919342 -0.003077579 0.992030561
130330199999.999985 0.037736870 0.010003561 0.240564793 0.003350169 0.126144364 -0.003335383 0.992000639
130346883333.333328 0.037592828 0.009928561 0.241354942 0.003171048 0.127087384 -0.003444853 0.991880476
130363566666.666656 0.037939183 0.009838025 0.242527470 0.003178516 0.127697065 -0.003325391 0.991802573
130380249999.999985 0.037726674 0.010097861 0.242952436 0.003413202 0.128511563 -0.003665351 0.991695404
130396933333.333328 0.037864599 0.010039526 0.243872076 0.003388044 0.129244849 -0.003805665 0.991599619
130413616666.666656 0.038156297 0.010037884 0.244926959 0.003554887 0.129708752 -0.003871250 0.991538286
130430299999.999985 0.038157109 0.010008301 0.245834291 0.003467025 0.130456820 -0.004275421 0.991438746
130446983333.333344 0.038426258 0.009770031 0.246591747 0.003157329 0.130889013 -0.004390231 0.991382301
130463666666.666687 0.039112646 0.010063571 0.247182235 0.003437366 0.130966723 -0.004663371 0.991369843
130480350000.000015 0.039385092 0.009864584 0.248136744 0.003213405 0.131490335 -0.004493044 0.991302133
130497033333.333344 0.039685361 0.009782370 0.249091566 0.003143577 0.132073537 -0.004287658 0.991225719
130513716666.666687 0.040005438 0.009846021 0.249980181 0.003111603 0.132473379 -0.004372914 0.991172075
130530400000.000015 0.039926872 0.009996884 0.250692964 0.003264277 0.133287609 -0.004610700 0.991061389
130547083333.333344 0.040204693 0.009759592 0.251360655 0.002982325 0.133499756 -0.004506269 0.991034150
130563766666.666687 0.040879391 0.009805558 0.252076268 0.003026392 0.133519933 -0.004677687 0.991030455
130580450000.000015 0.041019514 0.010053240 0.252863914 0.003187320 0.134058759 -0.004861444 0.990956366
130597133333.333344 0.040896337 0.010106151 0.254073560 0.003264625 0.135209054 -0.004633809 0.990800917
130613816666.666672 0.041247312 0.010184220 0.254677564 0.003250994 0.135590360 -0.004467096 0.990749598
130630500000.000015 0.041126143 0.010218989 0.255663812 0.003361997 0.136698529 -0.004105923 0.990598559
130647183333.333344 0.041491631 0.010146217 0.256433100 0.003299649 0.136914298 -0.003854477 0.990569949
130663866666.666672 0.041599944 0.010484674 0.257227004 0.003365340 0.137395993 -0.004615122 0.990499735
130680550000.000015 0.041557491 0.010695792 0.257942975 0.003273291 0.138152838 -0.004858255 0.990393639
130697233333.333344 0.041968785 0.010757892 0.258401066 0.003185873 0.138329759 -0.004756147 0.990369737
130713916666.666672 0.042082086 0.010666839 0.259718299 0.002995930 0.139246389 -0.004624612 0.990242481
130730600000.000015 0.042501777 0.010855654 0.260285079 0.003208414 0.139485136 -0.004617245 0.990208209
130747283333.333344 0.042496376 0.010909196 0.261233389 0.003104527 0.140206516 -0.004834158 0.990105629
130763966666.666672 0.042846594 0.010789653 0.261847138 0.002936911 0.140518293 -0.004478971 0.990063608
130780650000.000015 0.043343533 0.010496805 0.262791634 0.002701912 0.140786752 -0.004065215 0.990027964
130797333333.333344 0.043436479 0.010575497 0.263218969 0.002926013 0.141305611 -0.003903550 0.989954054
130814016666.666672 0.043912787 0.010884112 0.264920324 0.003067428 0.141867623 -0.004182681 0.989872098
130830700000.000000 0.044468395 0.010712206 0.265445322 0.002727247 0.141933799 -0.004380818 0.989862800
130847383333.333344 0.044280246 0.010829050 0.266178936 0.002810082 0.142876104 -0.004114199 0.989728093
130864066666.666672 0.044938754 0.010629300 0.266905785 0.002687038 0.142900467 -0.003960219 0.989725530
130880750000.000000 0.044894725 0.011004286 0.268185139 0.003122184 0.143712804 -0.004401535 0.989604712
130897433333.333344 0.045016956 0.011092547 0.269040078 0.003208137 0.144430667 -0.004726473 0.989498496
130914116666.666672 0.045159373 0.011103711 0.270047486 0.003332275 0.145176485 -0.004676390 0.989389181
130930800000.000000 0.045464743 0.011002410 0.271117181 0.003048695 0.145970806 -0.004829359 0.989272475
130947483333.333344 0.045169670 0.010910789 0.271797866 0.002991130 0.146934122 -0.005149890 0.989128411
130964166666.666672 0.045278024 0.011002224 0.273015976 0.003395409 0.147702321 -0.004855830 0.989014149
130980850000.000000 0.045851745 0.010959714 0.274036258 0.003472674 0.147962108 -0.004809972 0.988975286
130997533333.333344 0.045618940 0.011088831 0.275069773 0.003385239 0.149051487 -0.005239933 0.988809764
131014216666.666672 0.045907564 0.010836070 0.275842577 0.003108065 0.149538264 -0.005104663 0.988737941
131030900000.000000 0.046270188 0.010790840 0.276539266 0.003032385 0.149702266 -0.005413648 0.988711655
131047583333.333328 0.046178948 0.010912765 0.277914405 0.003125432 0.150812477 -0.005382332 0.988542795
131064266666.666672 0.046215866 0.010783152 0.278609902 0.003091990 0.151383996 -0.005339995 0.988455772
131080950000.000000 0.045603465 0.010979103 0.279275656 0.003116545 0.152497441 -0.005876192 0.988281488
131097633333.333328 0.045889117 0.011053833 0.280425817 0.003166511 0.153090686 -0.005837766 0.988189816
131114316666.666672 0.046788163 0.010882689 0.281596422 0.003167935 0.153183252 -0.005237445 0.988178849
131131000000.000000 0.047045659 0.010820521 0.282555461 0.002987273 0.153495058 -0.005290065 0.988130748
131147683333.333328 0.047076009 0.010835271 0.283313483 0.002960544 0.154096782 -0.005234792 0.988037467
131164366666.666672 0.047513645 0.010868245 0.284132481 0.002975668 0.154266074 -0.005126416 0.988011599
131181050000.000000 0.047807280 0.010833145 0.284848064 0.002881177 0.154586673 -0.005092727 0.987961948
131197733333.333328 0.047566723 0.011004468 0.285730153 0.003024136 0.155680194 -0.005090640 0.987789810
131214416666.666672 0.048099693 0.011210099 0.287219465 0.002898786 0.155910313 -0.005447798 0.987751961
131231100000.000000 0.048248153 0.011464925 0.287884980 0.003303376 0.156331003 -0.004898897 0.987687051
131247783333.333328 0.048319381 0.011431387 0.288704127 0.003169605 0.156749994 -0.005040963 0.987620354
131264466666.666656 0.048709463 0.011481253 0.289696723 0.002997698 0.157048702 -0.004844267 0.987574458
131281150000.000000 0.048186269 0.011981464 0.290832937 0.003561616 0.158345163 -0.005239919 0.987363577
131297833333.333328 0.048518304 0.012045085 0.291560322 0.003294519 0.158561885 -0.005578823 0.987327814
131314516666.666656 0.048656859 0.012015512 0.292482018 0.003398524 0.159059271 -0.005156717 0.987249732
131331200000.000000 0.048899524 0.012079936 0.293161273 0.003477241 0.159193218 -0.004811175 0.987229645
131347883333.333328 0.049390491 0.011790091 0.293977469 0.003222036 0.159253433 -0.004613433 0.987221777
131364566666.666656 0.048917282 0.012389028 0.294999361 0.003634261 0.160419881 -0.005763342 0.987025380
131381250000.000000 0.049396709 0.011993883 0.296030998 0.003191153 0.160674065 -0.005376880 0.986987770
131397933333.333328 0.049730677 0.011981880 0.297031909 0.003247338 0.161057845 -0.005108951 0.986926436
131414616666.666656 0.049948178 0.012125345 0.297846675 0.003335085 0.161288396 -0.005255823 0.986887693
131431300000.000000 0.050185937 0.011703190 0.299432874 0.002636889 0.161907122 -0.005094224 0.986789346
131447983333.333328 0.050396916 0.011453961 0.300269306 0.002427133 0.162251443 -0.004608119 0.986735761
131464666666.666656 0.050783753 0.011344181 0.300903201 0.002431169 0.162443474 -0.004568245 0.986704350
131481349999.999985 0.050598241 0.011539883 0.302138120 0.002505006 0.163551271 -0.005506148 0.986516297
131498033333.333328 0.050699018 0.011650403 0.302859277 0.002725117 0.164276794 -0.005704579 0.986394107
131514716666.666656 0.051581576 0.011520829 0.303825498 0.002680119 0.163917735 -0.005355442 0.986455858
131531399999.999985 0.051462457 0.011481998 0.304501593 0.002689564 0.164463416 -0.005414356 0.986364722
131548083333.333328 0.052553307 0.011298080 0.305895507 0.002472349 0.164154932 -0.005196767 0.986417770
131564766666.666656 0.051777095 0.011400494 0.306416452 0.002531764 0.165492475 -0.005771505 0.986190975
131581449999.999985 0.051932849 0.011355970 0.307361752 0.002534690 0.165962681 -0.005533295 0.986113310
131598133333.333328 0.052025598 0.011381068 0.307993084 0.002634515 0.166377097 -0.005518416 0.986043274
131614816666.666656 0.052755866 0.011421101 0.308845103 0.002599156 0.166336998 -0.005772299 0.986048639
131631499999.999985 0.053074822 0.011200491 0.310105056 0.002263572 0.166812077 -0.005580341 0.985970378
131648183333.333344 0.053159177 0.011289826 0.311015934 0.002305278 0.167454317 -0.005662032 0.985860944
131664866666.666687 0.052959632 0.011616172 0.311822832 0.002505594 0.168022737 -0.005809001 0.985762894
131681550000.000015 0.052947253 0.011653929 0.312484413 0.002482326 0.168469295 -0.005505170 0.985688508
131698233333.333344 0.053215567 0.011810603 0.313720882 0.002442442 0.169130236 -0.005689180 0.985574305
131714916666.666687 0.053137649 0.011802879 0.314782977 0.002344466 0.169962361 -0.005680969 0.985431433
131731600000.000015 0.053283323 0.011821679 0.315585703 0.002606240 0.170332417 -0.005568204 0.985367477
131748283333.333344 0.053626381 0.011820286 0.316253513 0.002276115 0.170515925 -0.005723166 0.985335708
131764966666.666687 0.054150362 0.011538382 0.317112267 0.001842839 0.170444250 -0.005404519 0.985350788
131781650000.000015 0.054100890 0.012194872 0.318118006 0.002534778 0.171384200 -0.005205287 0.985187292
131798333333.333344 0.054642495 0.012142157 0.319112539 0.002403816 0.171450764 -0.004678224 0.985178709
131815016666.666672 0.054912478 0.012060658 0.319960773 0.002333746 0.171881467 -0.004360731 0.985105276
131831700000.000015 0.054829825 0.012464356 0.320917398 0.002528838 0.172534719 -0.005098538 0.984987080
131848383333.333344 0.055010341 0.012517392 0.321794778 0.002576373 0.173053101 -0.005054674 0.984896183
131865066666.666672 0.055795740 0.012866369 0.323165834 0.002535583 0.173309386 -0.005526791 0.984848678
131881750000.000015 0.055954188 0.012909305 0.324104726 0.002564574 0.173919946 -0.005443611 0.984741390
131898433333.333344 0.056427106 0.012715702 0.324922562 0.002250338 0.173728630 -0.005479108 0.984775782
131915116666.666672 0.056029469 0.012886603 0.325995564 0.002412489 0.174739227 -0.005968489 0.984593749
131931800000.000015 0.056794602 0.012843828 0.326857060 0.002204929 0.174668014 -0.005666367 0.984608650
131948483333.333344 0.056795862 0.012836307 0.327737033 0.002278812 0.175522089 -0.005372243 0.984458268
131965166666.666672 0.057563525 0.012753442 0.328708619 0.002126755 0.175308332 -0.005331139 0.984496951
131981850000.000015 0.058188435 0.012621317 0.329338282 0.002049983 0.175153345 -0.004947609 0.984526634
131998533333.333344 0.058463484 0.012435229 0.330454648 0.001663001 0.175396636 -0.005050314 0.984483540
132015216666.666672 0.058082804 0.012658362 0.331771344 0.002050979 0.176638946 -0.005397385 0.984258831
132031900000.000000 0.058455545 0.012774348 0.332650423 0.002114547 0.176993921 -0.005829252 0.984192491
132048583333.333344 0.058603797 0.012651819 0.333405912 0.001949424 0.177394390 -0.005638520 0.984121799
132065266666.666672 0.058642402 0.012638325 0.334444076 0.001905010 0.177999496 -0.006178576 0.984009385
132081950000.000000 0.058631729 0.012969762 0.335735530 0.002317471 0.178628132 -0.006526672 0.983892262
132098633333.333344 0.058816709 0.012952103 0.336575866 0.002354020 0.178812206 -0.006286746 0.983860373
132115316666.666672 0.058757190 0.012878432 0.337812483 0.002196280 0.179425240 -0.006601242 0.983747065
132132000000.000000 0.059662391 0.012903186 0.338926584 0.002211885 0.179267764 -0.006506434 0.983776331
132148683333.333344 0.060161002 0.013043797 0.339782029 0.002334742 0.179236397 -0.006496185 0.983781874
132165366666.666672 0.059583221 0.013244732 0.340706021 0.002510790 0.180463552 -0.007132661 0.983552635
132182050000.000000 0.059650011 0.013462769 0.341438234 0.002762673 0.180867642 -0.007146235 0.983477592
132198733333.333344 0.059978899 0.013182804 0.342320412 0.002228099 0.180874780 -0.007482532 0.983475149
132215416666.666672 0.059712023 0.013286044 0.343217552 0.002359079 0.181402773 -0.007110762 0.983380377
132232100000.000000 0.059876174 0.013204838 0.343842506 0.002149964 0.181639925 -0.006922826 0.983338416
132248783333.333328 0.060998268 0.012957700 0.345306158 0.002007337 0.181275576 -0.006152453 0.983411133
132265466666.666672 0.061213236 0.012912886 0.346029580 0.002081092 0.181442767 -0.006183483 0.983379900
132282150000.000000 0.060862329 0.013031925 0.346935868 0.001989440 0.182058349 -0.006153050 0.983266532
132298833333.333328 0.060688246 0.013187802 0.348085970 0.001922222 0.182833239 -0.006166987 0.983122706
132315516666.666672 0.061030187 0.013317579 0.348641992 0.002110132 0.182738811 -0.005851690 0.983141840
132332200000.000000 0.061218608 0.013710516 0.349621087 0.002601549 0.183012813 -0.006096223 0.983088195
132348883333.333328 0.061851472 0.013514624 0.350886643 0.002120172 0.183069438 -0.006062991 0.983079016
132365566666.666672 0.062576711 0.013485705 0.351758927 0.001960691 0.182774708 -0.006063090 0.983134210
132382250000.000000 0.062530883 0.013511065 0.352741480 0.001871570 0.183472633 -0.005663367 0.983006716
132398933333.333328 0.062403049 0.013659578 0.353798062 0.002052881 0.184088320 -0.005393568 0.982892752
132415616666.666672 0.062430330 0.014066708 0.354689360 0.002389650 0.184374675 -0.006038191 0.982834637
132432300000.000000 0.063455284 0.014192175 0.355932802 0.002414385 0.184232488 -0.005869168 0.982862234
132448983333.333328 0.063450620 0.013978214 0.356639057 0.001968946 0.184679717 -0.006032931 0.982778251
132465666666.666656 0.063747972 0.013944174 0.357537180 0.001735574 0.184760451 -0.006069989 0.982763290
132482350000.000000 0.064256258 0.013807244 0.358865589 0.001620991 0.185171977 -0.005738845 0.982688069
132499033333.333328 0.064656101 0.013716878 0.359951943 0.001459371 0.185244143 -0.005746143 0.982674658
132515716666.666656 0.064070053 0.014359025 0.360582143 0.002226647 0.186155319 -0.006052194 0.982499182
132532400000.000000 0.064358547 0.014623527 0.361823350 0.002234679 0.186440408 -0.006675711 0.982441068
132549083333.333328 0.064764448 0.014346078 0.362811267 0.001991478 0.186403960 -0.006142715 0.982451975
132565766666.666656 0.064892374 0.014623832 0.363756269 0.002260177 0.186895654 -0.007123360 0.982351363
132582450000.000000 0.065241978 0.014271140 0.364635289 0.001805224 0.186952800 -0.006860134 0.982343316
132599133333.333328 0.064664818 0.014416517 0.365505666 0.002265225 0.188410044 -0.006627548 0.982065499
132615816666.666656 0.065017857 0.014348378 0.366320491 0.002185724 0.188476801 -0.006729236 0.982052147
132632500000.000000 0.065625966 0.014053890 0.367160410 0.001742349 0.188246593 -0.006594230 0.982098162
132649183333.333328 0.065448910 0.014377617 0.368203491 0.002177566 0.189075366 -0.006942421 0.981935620
132665866666.666656 0.065384299 0.014658725 0.369172543 0.002516080 0.189646617 -0.007469550 0.981820762
132682549999.999985 0.065981857 0.014579300 0.370156288 0.002486681 0.189555481 -0.007277538 0.981839955
132699233333.333328 0.066323936 0.014411394 0.371223897 0.002245079 0.189820513 -0.007240741 0.981789529
132715916666.666656 0.066450529 0.014269538 0.372242302 0.002052296 0.190324008 -0.006988882 0.981694341
132732599999.999985 0.066945449 0.014291856 0.373065352 0.002165159 0.190288246 -0.006825222 0.981702209
132749283333.333328 0.067490362 0.013996074 0.373598456 0.001726016 0.189940527 -0.006203331 0.981774509
132765966666.666656 0.067710102 0.014018568 0.374687850 0.001743088 0.190449581 -0.006256593 0.981675506
132782649999.999985 0.067321971 0.014691908 0.375672996 0.002449776 0.191334143 -0.006716578 0.981498957
132799333333.333328 0.067629583 0.014793544 0.376733601 0.002573707 0.191652939 -0.006759296 0.981436133
132816016666.666656 0.068224996 0.014530284 0.377563983 0.001988560 0.191293895 -0.006510937 0.981509209
132832699999.999985 0.068771154 0.014252297 0.378391147 0.001566273 0.191457480 -0.006091385 0.981480837
132849383333.333344 0.068495803 0.014651491 0.379514456 0.001923547 0.192392409 -0.005955551 0.981298149
132866066666.666687 0.068335950 0.015210705 0.380473018 0.002294668 0.193293184 -0.006891449 0.981114149
132882750000.000015 0.068983428 0.015163299 0.381339788 0.002121227 0.193080276 -0.006543739 0.981158912
132899433333.333344 0.069493949 0.015307426 0.382433295 0.002353264 0.193157881 -0.006118763 0.981145799
132916116666.666687 0.069523335 0.015351282 0.383332253 0.002141076 0.193710253 -0.006140306 0.981037259
132932800000.000015 0.070010804 0.015634429 0.384643286 0.002429336 0.194242150 -0.006354471 0.980930030
132949483333.333344 0.070323326 0.015684908 0.385607302 0.002420506 0.194476917 -0.005890082 0.980886459
132966166666.666687 0.070856743 0.015525782 0.386560827 0.002173280 0.194430813 -0.005800382 0.980896652
132982850000.000015 0.070690513 0.015916152 0.387518436 0.002486332 0.195316344 -0.006294406 0.980717003
132999533333.333344 0.070947140 0.016204122 0.388316423 0.002767901 0.195454136 -0.006833240 0.980685115
133016216666.666672 0.071458876 0.016208667 0.389537930 0.002654808 0.195905834 -0.006668028 0.980596483
133032900000.000015 0.071550198 0.016210688 0.390389293 0.002590324 0.196297899 -0.006639409 0.980518401
133049583333.333344 0.071545601 0.016269010 0.391552001 0.002632973 0.196817443 -0.006404795 0.980415761
133066266666.666672 0.072213799 0.016199717 0.392332613 0.002622440 0.196433619 -0.006293229 0.980493486
133082950000.000015 0.072592422 0.016308039 0.393348604 0.002708129 0.196621835 -0.006360182 0.980455101
133099633333.333344 0.072720967 0.016184196 0.394209057 0.002340422 0.197104692 -0.006397560 0.980358839
133116316666.666672 0.072897002 0.016090021 0.395115823 0.002309753 0.197501570 -0.006513584 0.980278254
133133000000.000015 0.073361643 0.015989112 0.396254331 0.002272635 0.197714254 -0.006452439 0.980235875
133149683333.333344 0.073460639 0.016130438 0.397243917 0.002428018 0.198245272 -0.006880443 0.980125308
133166366666.666672 0.073899269 0.016141402 0.398341149 0.002469167 0.198375881 -0.007036313 0.980097651
133183050000.000015 0.074203856 0.015923392 0.399342388 0.002235953 0.198604643 -0.006751857 0.980053902
133199733333.333344 0.074337609 0.015914459 0.400170535 0.002168071 0.198794827 -0.006859384 0.980014741
133216416666.666672 0.074741468 0.015754526 0.401263922 0.001949397 0.198975652 -0.006884270 0.979978383
133233100000.000000 0.074959703 0.015874565 0.402156323 0.002163711 0.199419186 -0.007120473 0.979886055
133249783333.333344 0.075209819 0.015651530 0.403105378 0.001811308 0.199692234 -0.007021636 0.979831874
133266466666.666672 0.075614147 0.015620572 0.404189348 0.001921185 0.199757650 -0.006844819 0.979819596
133283150000.000000 0.075503036 0.015841968 0.405136108 0.002282921 0.200483933 -0.007099905 0.979668617
133299833333.333344 0.075997636 0.015837671 0.405879200 0.002198983 0.200173840 -0.007179342 0.979731619
133316516666.666672 0.076666370 0.015790896 0.406925082 0.002130756 0.200021207 -0.006872210 0.979765177
133333200000.000000 0.076287791 0.015762476 0.407833874 0.002078670 0.200932696 -0.006941942 0.979578257
133349883333.333344 0.076689117 0.015822556 0.408601254 0.002100600 0.200995281 -0.006977619 0.979565144
133366566666.666672 0.076464050 0.016020922 0.409583449 0.002181759 0.201666757 -0.007142316 0.979425728
133383250000.000000 0.076527253 0.016291725 0.410695761 0.002511773 0.202392653 -0.007256021 0.979274392
133399933333.333344 0.076942272 0.016338164 0.411438763 0.002453473 0.202145830 -0.007174436 0.979326069
133416616666.666672 0.077057391 0.016300967 0.412344962 0.002338919 0.202507034 -0.006835303 0.979254186
133433300000.000000 0.077222444 0.016507369 0.413330019 0.002543111 0.202956736 -0.007166862 0.979158163
133449983333.333328 0.077755906 0.016533354 0.414424062 0.002348170 0.202788591 -0.007066730 0.979194224
133466666666.666672 0.077852815 0.016680339 0.415183008 0.002558048 0.202898026 -0.006771401 0.979173183
133483350000.000000 0.077968433 0.016983854 0.416046023 0.002732060 0.203084365 -0.007104171 0.979131758
133500033333.333328 0.078200951 0.017286835 0.417022347 0.003030503 0.203422591 -0.007481660 0.979057789
133516716666.666672 0.078449570 0.017308651 0.417920530 0.002909838 0.203438178 -0.007501327 0.979054809
133533400000.000000 0.078775197 0.017302820 0.418887883 0.002861437 0.203728184 -0.007233293 0.978996634
133550083333.333328 0.078868873 0.017161559 0.419780970 0.002569632 0.204031765 -0.007070044 0.978935421
133566766666.666672 0.079009190 0.016883070 0.420884013 0.002197158 0.204233229 -0.006697576 0.978896856
133583450000.000000 0.079267517 0.016879324 0.421908677 0.002276553 0.204326883 -0.006467368 0.978878796
133600133333.333328 0.079280809 0.017043788 0.422909468 0.002349301 0.204903483 -0.006939893 0.978754759
133616816666.666672 0.079478703 0.017080575 0.423850000 0.002324573 0.205121338 -0.007128219 0.978707850
133633500000.000000 0.079539016 0.017345028 0.424517453 0.002709439 0.205085367 -0.007601027 0.978710890
133650183333.333328 0.080365792 0.017286854 0.425596058 0.002628488 0.204487145 -0.007459897 0.978837311
133666866666.666656 0.080800384 0.017358372 0.426571578 0.002774141 0.204385638 -0.007479409 0.978857994
133683550000.000000 0.081296347 0.017141946 0.427688867 0.002578774 0.204422444 -0.007314707 0.978852093
133700233333.333328 0.081350893 0.017176110 0.428466856 0.002670303 0.204747498 -0.007611594 0.978781641
133716916666.666656 0.081312567 0.016978335 0.429091007 0.002490058 0.204856038 -0.007273992 0.978761971
133733600000.000000 0.081558459 0.017071562 0.430421382 0.002519714 0.205182761 -0.007996719 0.978687823
133750283333.333328 0.081459440 0.017042989 0.431182474 0.002515117 0.205467731 -0.008147460 0.978626788
133766966666.666656 0.082041368 0.016876243 0.432312697 0.002361822 0.205232680 -0.007689385 0.978680134
133783650000.000000 0.082098350 0.016792070 0.433106542 0.002319000 0.205416217 -0.007685138 0.978641808
133800333333.333328 0.082252122 0.016925802 0.434015185 0.002386329 0.205555931 -0.008173317 0.978608370
133817016666.666656 0.082773179 0.016691362 0.435387850 0.002239724 0.205573857 -0.007289570 0.978611887
133833700000.000000 0.083165988 0.016922507 0.436117619 0.002490379 0.205323517 -0.007551185 0.978661895
133850383333.333328 0.083173841 0.016925626 0.436834723 0.002365742 0.205462560 -0.007582836 0.978632808
133867066666.666656 0.083546244 0.016967835 0.437859058 0.002465412 0.205339476 -0.007564356 0.978658557
133883749999.999985 0.084177032 0.016681328 0.439010054 0.002225722 0.205104738 -0.006693395 0.978714645
133900433333.333328 0.084880166 0.016841721 0.440089166 0.002440664 0.204876393 -0.006342987 0.978764296
133917116666.666656 0.084897384 0.017099846 0.440696031 0.002436468 0.204990998 -0.006990294 0.978735924
133933799999.999985 0.084980018 0.017243447 0.441718549 0.002524304 0.205362678 -0.006983920 0.978657782
133950483333.333328 0.085077882 0.017392214 0.442726701 0.002625371 0.205709934 -0.007055852 0.978584051
133967166666.666656 0.085060112 0.017358193 0.443387300 0.002551978 0.205837905 -0.006723422 0.978559673
133983849999.999985 0.085077874 0.017369306 0.444215328 0.002328228 0.206061199 -0.007083221 0.978510737
134000533333.333328 0.085080080 0.017385032 0.445054024 0.002431921 0.206425413 -0.006602215 0.978437066
134017216666.666656 0.085205793 0.017350465 0.445851386 0.002223404 0.206384897 -0.006452072 0.978447139
134033899999.999985 0.086419888 0.017898571 0.447020739 0.002667868 0.205675066 -0.007078769 0.978591084
134050583333.333344 0.087243475 0.018371398 0.448128849 0.003046016 0.205271944 -0.007611556 0.978670657
134067266666.666687 0.087583438 0.018403549 0.448920697 0.003005194 0.205050364 -0.007110605 0.978721023
134083950000.000015 0.087887563 0.018528329 0.450034797 0.002960252 0.205214813 -0.007617022 0.978682876
134100633333.333344 0.088395089 0.018553721 0.450933844 0.003186093 0.205090016 -0.007490997 0.978709280
134117316666.666687 0.087757915 0.018506080 0.451494277 0.003186878 0.206121132 -0.007459052 0.978492856
134134000000.000015 0.088077798 0.018328108 0.452535212 0.002844143 0.206361890 -0.007132629 0.978445649
134150683333.333344 0.088442013 0.018313752 0.453443795 0.002857629 0.206572548 -0.006796811 0.978403568
134167366666.666687 0.088292338 0.018274061 0.454433709 0.002684798 0.206970736 -0.007241704 0.978316724
134184050000.000015 0.088893995 0.018243887 0.455296338 0.002876914 0.206654549 -0.006635809 0.978387296
134200733333.333344 0.089114502 0.018406598 0.456084460 0.003023523 0.207004905 -0.006996654 0.978310287
134217416666.666672 0.089767501 0.018384131 0.457716376 0.002657734 0.207453340 -0.007103763 0.978215516
134234100000.000015 0.090199120 0.018172180 0.458553553 0.002276330 0.207445294 -0.006862472 0.978219926
134250783333.333344 0.090261862 0.018221827 0.459499687 0.002161231 0.207784384 -0.007028872 0.978147030
134267466666.666672 0.090805151 0.017943261 0.460499167 0.001918246 0.207584992 -0.006515612 0.978193462
134284150000.000015 0.091066472 0.018057764 0.461615175 0.002033091 0.207832694 -0.007095988 0.978136599
134300833333.333344 0.090811908 0.018138567 0.462354988 0.002400361 0.208392397 -0.007123270 0.978016436
134317516666.666672 0.091430470 0.018169472 0.463360786 0.002609981 0.208482146 -0.007072091 0.977997184
134334200000.000015 0.091469482 0.018239345 0.463988632 0.002712345 0.208601251 -0.007222161 0.977970421
134350883333.333344 0.091631092 0.018081412 0.464831412 0.002453314 0.208831936 -0.007564914 0.977919221
134367566666.666672 0.092111886 0.018098168 0.465931177 0.002632423 0.209038794 -0.007218993 0.977877140
134384250000.000015 0.092124589 0.017973380 0.466475695 0.002543858 0.209386200 -0.007075500 0.977804184
134400933333.333344 0.092405088 0.018114755 0.467668355 0.002721491 0.209977165 -0.007462112 0.977674067
134417616666.666672 0.092586711 0.018101893 0.468650371 0.002577252 0.210421711 -0.007819954 0.977576077
134434300000.000000 0.092911914 0.017979678 0.469586074 0.002351189 0.210774571 -0.007487412 0.977503240
134450983333.333344 0.092801146 0.018266244 0.470355630 0.002441546 0.211533517 -0.008267245 0.977332771
134467666666.666672 0.093206950 0.018382998 0.471268594 0.002664143 0.211652502 -0.007869247 0.977309704
134484350000.000000 0.093922153 0.018085832 0.472375154 0.002402902 0.211551473 -0.007125756 0.977338016
134501033333.333344 0.094017059 0.018659918 0.473255068 0.002938014 0.212096468 -0.008340725 0.977208734
134517716666.666672 0.094301946 0.018740013 0.473976880 0.002985939 0.212389901 -0.008141835 0.977146566
134534400000.000000 0.094328783 0.018803066 0.474864483 0.002945002 0.212852821 -0.007973202 0.977047324
134551083333.333344 0.094681561 0.018846430 0.475775808 0.002774787 0.212933764 -0.008070874 0.977029443
134567766666.666672 0.094691694 0.019035786 0.476732999 0.002989162 0.213319302 -0.008259892 0.976943135
134584450000.000000 0.095087700 0.018973116 0.477590978 0.002969926 0.213195220 -0.007545513 0.976975977
134601133333.333344 0.095268384 0.019148421 0.478353113 0.003165662 0.213500366 -0.007815318 0.976906598
134617816666.666672 0.095720075 0.019347647 0.479490936 0.003370226 0.213430941 -0.007635333 0.976922572
134634500000.000000 0.095620386 0.019571386 0.480300307 0.003448851 0.214113384 -0.008199497 0.976768315
134651183333.333328 0.096115202 0.019196562 0.481450498 0.003031563 0.214095607 -0.007490456 0.976779282
134667866666.666672 0.096186399 0.019426461 0.482171774 0.003054155 0.214577138 -0.008048268 0.976669192
134684550000.000000 0.096475177 0.019563468 0.483185738 0.003231463 0.214786828 -0.008214407 0.976621091
134701233333.333328 0.096734345 0.019476660 0.484107286 0.003044495 0.214823470 -0.008009274 0.976615310
134717916666.666672 0.097055800 0.019559421 0.484978110 0.003226464 0.214954451 -0.008046653 0.976585627
134734600000.000000 0.096914560 0.019542795 0.485962361 0.003288241 0.215620622 -0.008154536 0.976437688
134751283333.333328 0.097413339 0.019502580 0.486784160 0.003392157 0.215696529 -0.007840604 0.976423144
134767966666.666672 0.097625636 0.019419596 0.487806559 0.003209880 0.216083273 -0.007988062 0.976337075
134784650000.000000 0.097899906 0.019228324 0.488876939 0.002867302 0.216543049 -0.008144755 0.976234972
134801333333.333328 0.098040290 0.019426864 0.489614308 0.003226896 0.216931313 -0.008271198 0.976146579
134818016666.666672 0.098382361 0.019332901 0.490531862 0.003112000 0.217169747 -0.008528752 0.976091623
134834700000.000000 0.098932073 0.018885972 0.491641879 0.002718816 0.217294261 -0.008063505 0.976069152
134851383333.333328 0.098847948 0.018935753 0.492442727 0.002851438 0.217958108 -0.008083185 0.975920498
134868066666.666656 0.099331647 0.018830944 0.493269384 0.002939978 0.217861325 -0.007810403 0.975944102
134884750000.000000 0.099387556 0.018791588 0.494206041 0.002854651 0.218538702 -0.007732765 0.975793481
134901433333.333328 0.099301979 0.018719276 0.495119750 0.002845182 0.219289958 -0.007895405 0.975623667
134918116666.666656 0.099829681 0.018595213 0.496020496 0.002678838 0.219549343 -0.007548826 0.975568593
134934800000.000000 0.100306377 0.018743655 0.497359693 0.002825362 0.219724342 -0.007841711 0.975526392
134951483333.333328 0.100400656 0.019001959 0.498121470 0.003151466 0.220115229 -0.008071564 0.975435376
134968166666.666656 0.100582652 0.019144455 0.498911500 0.003206580 0.220269218 -0.008293813 0.975398660
134984850000.000000 0.100835763 0.019282132 0.499953657 0.003420752 0.220885232 -0.008061882 0.975260556
135001533333.333328 0.101352803 0.019087497 0.500840783 0.003228720 0.220837295 -0.007541276 0.975276172
135018216666.666656 0.101740159 0.019003989 0.501804948 0.003102174 0.221193567 -0.007380802 0.975197077
135034900000.000000 0.102045245 0.019258650 0.502543747 0.003301644 0.221222714 -0.007422224 0.975189507
135051583333.333328 0.102434903 0.019126033 0.503435671 0.003119353 0.221420720 -0.007096594 0.975147605
135068266666.666656 0.102643847 0.019272305 0.504499257 0.003057635 0.221841350 -0.007012603 0.975052834
135084949999.999985 0.102942854 0.019438123 0.505446911 0.003324958 0.222263739 -0.007145887 0.974954784
135101633333.333328 0.103086531 0.019699473 0.506196558 0.003428125 0.222618029 -0.007533541 0.974870622
135118316666.666656 0.103562772 0.019694036 0.507081509 0.003176469 0.222712874 -0.007503602 0.974850118
135134999999.999985 0.103855632 0.019911023 0.507965803 0.002983092 0.223143533 -0.008279980 0.974745929
135151683333.333328 0.104196675 0.019887423 0.508822322 0.002774144 0.223317087 -0.007779866 0.974710882
135168366666.666656 0.104387634 0.019893590 0.509650826 0.002883939 0.223725021 -0.007526002 0.974619031
135185049999.999985 0.104808755 0.020237267 0.510736287 0.003186596 0.223776147 -0.007833716 0.974603951
135201733333.333328 0.104971856 0.020202123 0.511447906 0.003236094 0.224184290 -0.008209041 0.974506855
135218416666.666656 0.105375782 0.020239199 0.512728453 0.003417639 0.224564537 -0.007786902 0.974422157
135235099999.999985 0.105791137 0.020211104 0.513574302 0.003357169 0.224760771 -0.007698409 0.974377811
135251783333.333344 0.106004849 0.020275973 0.514472783 0.003530452 0.225060627 -0.007845360 0.974306881
135268466666.666687 0.106225796 0.020423703 0.515360773 0.003591918 0.225460976 -0.008156302 0.974211454
135285150000.000015 0.106779769 0.020348160 0.516514778 0.003499729 0.225444451 -0.007784447 0.974218726
135301833333.333344 0.107378215 0.020124665 0.517505348 0.003395153 0.225160107 -0.007851003 0.974284232
135318516666.666687 0.107423410 0.020521600 0.518398523 0.004063844 0.225424141 -0.008745262 0.974213064
135335200000.000015 0.107483774 0.020443384 0.519144535 0.003757169 0.226193100 -0.008840580 0.974035144
135351883333.333344 0.107728794 0.020549672 0.520101070 0.003949394 0.226533040 -0.009189077 0.973952174
135368566666.666687 0.108190171 0.019951873 0.521005809 0.003459120 0.226401627 -0.008382915 0.973991871
135385250000.000015 0.108449899 0.019850124 0.521822989 0.003342960 0.226543173 -0.008838524 0.973955333
135401933333.333344 0.109224759 0.019899217 0.523114204 0.003484325 0.226373464 -0.008790526 0.973994732
135418616666.666672 0.109335683 0.019869929 0.524114311 0.003456015 0.226808473 -0.008858101 0.973892987
135435300000.000015 0.109700114 0.019812519 0.524860978 0.003523341 0.226704881 -0.008559825 0.973919570
135451983333.333344 0.109919332 0.019601358 0.525587201 0.003250552 0.227064803 -0.008547501 0.973836780
135468666666.666672 0.110474326 0.019614395 0.526974738 0.003291394 0.227177754 -0.008978754 0.973806381
135485350000.000015 0.110255592 0.019746849 0.527426302 0.003418611 0.227783993 -0.009082579 0.973663390
135502033333.333344 0.110587783 0.019567473 0.528693736 0.003212637 0.228158996 -0.008535008 0.973581195
135518716666.666672 0.110766336 0.019451154 0.529391289 0.003001239 0.228309587 -0.008352073 0.973548174
135535400000.000015 0.111125290 0.019590911 0.530516446 0.003030626 0.228610009 -0.008535594 0.973475993
135552083333.333344 0.111326359 0.020031869 0.531181216 0.003589443 0.228943780 -0.009181977 0.973389804
135568766666.666672 0.111624852 0.019985799 0.531953216 0.003488663 0.229071334 -0.009187300 0.973360062
135585450000.000015 0.111821264 0.020253396 0.532838762 0.003761093 0.229360506 -0.009071263 0.973292053
135602133333.333344 0.112028554 0.020116240 0.534102559 0.003251804 0.229976654 -0.008794899 0.973151028
135618816666.666672 0.112093911 0.019920863 0.534784138 0.003073935 0.230359450 -0.007820692 0.973069310
135635500000.000000 0.112412989 0.020229030 0.535689414 0.003501424 0.230547875 -0.007628718 0.973024786
135652183333.333344 0.112742320 0.020243268 0.536632359 0.003255372 0.230671227 -0.007673298 0.972996056
135668866666.666672 0.113058351 0.020450709 0.537711382 0.003412089 0.231118917 -0.007586012 0.972890019
135685550000.000000 0.113185734 0.020511964 0.538683951 0.003360977 0.231688634 -0.007258803 0.972757101
135702233333.333344 0.113577738 0.020665383 0.539727032 0.003463691 0.231864393 -0.007918485 0.972709775
135718916666.666672 0.113948099 0.020754315 0.540416002 0.003566198 0.231841877 -0.008017884 0.972713947
135735600000.000000 0.114065833 0.020927537 0.541584373 0.003516898 0.232430398 -0.007950119 0.972574234
135752283333.333344 0.114252619 0.020960720 0.542417407 0.003452796 0.232871965 -0.007854936 0.972469568
135768966666.666672 0.114826314 0.021063497 0.543477476 0.003501815 0.232908934 -0.008318797 0.972456753
135785650000.000000 0.114747725 0.021183196 0.544605553 0.003539997 0.233830780 -0.008383773 0.972234786
135802333333.333344 0.114728779 0.021237951 0.545561314 0.003452419 0.234625369 -0.008541408 0.972042203
135819016666.666672 0.115040481 0.021255324 0.546328068 0.003611630 0.234578311 -0.008335104 0.972054780
135835700000.000000 0.115219846 0.021346066 0.547631383 0.003879882 0.235283375 -0.008288082 0.971883774
135852383333.333328 0.115742847 0.021196149 0.548513412 0.003489457 0.235105962 -0.008488345 0.971926451
135869066666.666672 0.116040289 0.021453856 0.549816489 0.003862353 0.235623881 -0.008735064 0.971797407
135885750000.000000 0.116338827 0.021239342 0.550708592 0.003538030 0.236112580 -0.008203916 0.971684694
135902433333.333328 0.116712533 0.021092411 0.551864088 0.003421026 0.236549482 -0.008064007 0.971580029
135919116666.666672 0.116745397 0.021231718 0.552714229 0.003458187 0.236988068 -0.008911767 0.971465588
135935800000.000000 0.117003813 0.021260832 0.553561926 0.003433686 0.237279341 -0.009040046 0.971393406
135952483333.333328 0.117323890 0.020957882 0.554713011 0.003272096 0.237638161 -0.008728083 0.971309006
135969166666.666672 0.117587857 0.020933717 0.555637121 0.003278977 0.238078102 -0.008640245 0.971202075
135985850000.000000 0.117752463 0.020789379 0.556314111 0.002943696 0.238255173 -0.008771049 0.971158564
136002533333.333328 0.118185319 0.020737624 0.557360351 0.002987589 0.238760680 -0.008250193 0.971038818
136019216666.666672 0.118558377 0.020780995 0.558310151 0.002927484 0.238897160 -0.008543112 0.971002877
136035900000.000000 0.118919641 0.020829353 0.559367537 0.003080528 0.239517957 -0.008448740 0.970850289
136052583333.333328 0.119176701 0.021005975 0.560302913 0.003270417 0.239714086 -0.008399422 0.970801711
136069266666.666656 0.119534448 0.021101274 0.561090589 0.003413693 0.239800304 -0.008736545 0.970776975
136085950000.000000 0.119525582 0.021221820 0.561869383 0.003478003 0.240276471 -0.009041605 0.970656216
136102633333.333328 0.119875550 0.021231707 0.562712371 0.003364960 0.240595743 -0.008571727 0.970581770
136119316666.666656 0.120319158 0.021238696 0.563828111 0.003371130 0.240673423 -0.008619913 0.970562100
136136000000.000000 0.120664038 0.021178735 0.565087736 0.003319460 0.241381720 -0.007919151 0.970392287
136152683333.333328 0.120640054 0.021656711 0.565805674 0.003681936 0.241886765 -0.008958730 0.970256150
136169366666.666656 0.120865166 0.021701211 0.566478610 0.003585330 0.242046639 -0.008655231 0.970219433
136186050000.000000 0.121219739 0.021799399 0.567498565 0.003541722 0.242438942 -0.008583087 0.970122278
136202733333.333328 0.121431716 0.021886846 0.568330705 0.003533893 0.242743924 -0.008261396 0.970048785
136219416666.666656 0.122034155 0.021912903 0.569359720 0.003647736 0.242989674 -0.008003052 0.969989002
136236100000.000000 0.122426204 0.022363629 0.570647418 0.004204949 0.243290097 -0.008523333 0.969907045
136252783333.333328 0.122767560 0.022416996 0.571569443 0.004277488 0.243622571 -0.008571991 0.969822824
136269466666.666656 0.123102054 0.022408694 0.572483242 0.004181680 0.243849456 -0.008529477 0.969766676
136286149999.999985 0.123360649 0.022494469 0.573405325 0.004179446 0.244239748 -0.008677148 0.969667077
136302833333.333328 0.123742551 0.022588519 0.574289739 0.004211931 0.244482189 -0.008842393 0.969604373
136319516666.666656 0.124151930 0.022567371 0.575390756 0.004037672 0.245040536 -0.008852855 0.969464004
136336199999.999985 0.124302581 0.022556264 0.576224446 0.003968542 0.245614514 -0.009112613 0.969316661
136352883333.333328 0.124628969 0.022456355 0.577279329 0.003687940 0.245737389 -0.008829086 0.969289243
136369566666.666656 0.124969341 0.022457758 0.578116894 0.003810578 0.245932594 -0.008252089 0.969244361
136386249999.999985 0.125465006 0.022639930 0.579396427 0.004108116 0.246154293 -0.009083905 0.969179392
136402933333.333328 0.125930071 0.022703860 0.580420554 0.004073841 0.246280015 -0.009529340 0.969143391
136419616666.666656 0.126232430 0.022657653 0.581455588 0.004107745 0.246803701 -0.009316328 0.969012082
136436299999.999985 0.126757935 0.022454623 0.582494378 0.003836032 0.246913135 -0.009158615 0.968986750
136452983333.333344 0.126655728 0.022657996 0.583327949 0.004188651 0.247821361 -0.009585631 0.968749285
136469666666.666687 0.126925051 0.022475125 0.584376872 0.004004027 0.248136744 -0.009427603 0.968670905
136486350000.000015 0.127197400 0.022482045 0.585216641 0.003947402 0.248234421 -0.009565677 0.968644798
136503033333.333344 0.127437547 0.022434715 0.586259544 0.003986469 0.248796239 -0.009144714 0.968504548
136519716666.666687 0.127771646 0.022344485 0.587230563 0.003974892 0.248862237 -0.009031145 0.968488693
136536400000.000015 0.128047436 0.022275103 0.588323176 0.003907811 0.249264359 -0.009247531 0.968383431
136553083333.333344 0.127969608 0.022412620 0.589117587 0.004126302 0.249758705 -0.009810472 0.968249679
136569766666.666687 0.128073946 0.022483420 0.589990318 0.004105043 0.250221044 -0.010560642 0.968122482
136586450000.000015 0.128192171 0.022710755 0.590843201 0.004414944 0.250706166 -0.010707065 0.967993975
136603133333.333344 0.128551558 0.022708405 0.591805220 0.004351356 0.251068443 -0.010319493 0.967904627
136619816666.666672 0.128617585 0.022832435 0.592559814 0.004315534 0.251479357 -0.010676258 0.967794240
136636500000.000015 0.128775045 0.022875600 0.593630612 0.004407719 0.252024084 -0.010222380 0.967656970
136653183333.333344 0.129368082 0.022755183 0.594676077 0.004013199 0.251780182 -0.009980441 0.967724681
136669866666.666672 0.129468888 0.023055412 0.595445931 0.004320297 0.252223104 -0.010566153 0.967601836
136686550000.000015 0.129760176 0.023236871 0.596651077 0.004580017 0.252702445 -0.010759007 0.967473447
136703233333.333344 0.129937693 0.023290668 0.597126722 0.004540126 0.252851248 -0.010882178 0.967433393
136719916666.666672 0.130308002 0.023459481 0.598303676 0.004638104 0.253043681 -0.010633706 0.967385352
136736600000.000015 0.131103307 0.023231972 0.599578857 0.004277773 0.253055125 -0.009655067 0.967394233
136753283333.333344 0.131356329 0.023509121 0.600514710 0.004633765 0.253159672 -0.009175424 0.967369914
136769966666.666672 0.131423429 0.023651935 0.601007879 0.004633502 0.253551543 -0.009262668 0.967266500
136786650000.000015 0.131869659 0.023822675 0.602191985 0.004876760 0.253648818 -0.009256014 0.967239797
136803333333.333344 0.131968230 0.023640953 0.602705836 0.004524646 0.254082799 -0.009225678 0.967127919
136820016666.666672 0.132492542 0.023789402 0.604194641 0.004615582 0.254247487 -0.009436814 0.967082143
136836700000.000000 0.132494316 0.023849394 0.605162740 0.004422026 0.254903346 -0.009377089 0.966911018
136853383333.333344 0.132752419 0.024093924 0.605950177 0.004553593 0.255266398 -0.010277345 0.966805458
136870066666.666672 0.132956386 0.024158331 0.606829166 0.004533582 0.255664498 -0.010039867 0.966702819
136886750000.000000 0.133187622 0.024201814 0.607683539 0.004530089 0.255969942 -0.010383953 0.966618419
136903433333.333344 0.133313686 0.024372255 0.608531177 0.004792442 0.256437808 -0.010147811 0.966495633
136920116666.666672 0.133641332 0.024498658 0.609421313 0.005015901 0.256499618 -0.009975344 0.966479897
136936800000.000000 0.133895919 0.024571415 0.610176802 0.004919247 0.256720901 -0.010074076 0.966420531
136953483333.333344 0.134147853 0.024607457 0.611138582 0.005072199 0.257258803 -0.010733603 0.966269612
136970166666.666672 0.134802178 0.024188893 0.612785995 0.004643181 0.257447809 -0.010183469 0.966227412
136986850000.000000 0.135108218 0.024242222 0.613555908 0.004934684 0.257637739 -0.009394345 0.966183364
137003533333.333344 0.135271877 0.024249570 0.614064693 0.004780941 0.258037567 -0.009346747 0.966077864
137020216666.666672 0.135526627 0.024246203 0.614908934 0.004745955 0.258382171 -0.010050293 0.965978861
137036900000.000000 0.135923594 0.024174690 0.616313457 0.004831577 0.258909076 -0.010497237 0.965832651
137053583333.333328 0.136228859 0.024239922 0.617202282 0.004856903 0.259315491 -0.010751535 0.965720654
137070266666.666672 0.136522368 0.024260774 0.618069351 0.004743460 0.259789228 -0.011209091 0.965588689
137086950000.000000 0.136992633 0.024403362 0.619319916 0.005100603 0.260138988 -0.010797338 0.965497375
137103633333.333328 0.137312576 0.024381155 0.620009720 0.004931964 0.260383368 -0.010848827 0.965431809
137120316666.666672 0.137486935 0.024441212 0.620534360 0.005227098 0.260750085 -0.010539181 0.965334654
137137000000.000000 0.138241947 0.023937630 0.622223794 0.004626988 0.260586739 -0.010545345 0.965381801
137153683333.333328 0.138416678 0.023964109 0.622677207 0.004650522 0.260946035 -0.010817223 0.965281665
137170366666.666672 0.138853744 0.024169812 0.624071538 0.004784760 0.261710852 -0.011044097 0.965071321
137187050000.000000 0.138906598 0.024223574 0.624187708 0.004751087 0.261953324 -0.010615097 0.965010524
137203733333.333328 0.139171764 0.024359601 0.625417650 0.004658143 0.262301832 -0.010793019 0.964914322
137220416666.666672 0.139298290 0.024390237 0.625542521 0.004733558 0.262376845 -0.010288941 0.964899004
137237100000.000000 0.139811575 0.024646007 0.627157152 0.004888013 0.262867391 -0.010678396 0.964760542
137253783333.333328 0.140024170 0.024803963 0.627636909 0.005243475 0.263102949 -0.010473205 0.964696705
137270466666.666656 0.140374422 0.024918217 0.628787994 0.004871546 0.263553798 -0.010746562 0.964572608
137287150000.000000 0.140764803 0.025098151 0.629808843 0.005186823 0.263845265 -0.010346254 0.964495599
137303833333.333328 0.141113520 0.025198754 0.630838513 0.004974420 0.264207989 -0.010428830 0.964396596
137320516666.666656 0.141584694 0.025404226 0.632119238 0.005263208 0.264716297 -0.010179835 0.964258313
137337200000.000000 0.141865209 0.025487790 0.632811308 0.005037703 0.265181899 -0.010131479 0.964132011
137353883333.333328 0.142002851 0.025591161 0.633396864 0.004957083 0.265697420 -0.010201627 0.963989794
137370566666.666656 0.142469645 0.025755804 0.634642601 0.004833395 0.265894234 -0.009986080 0.963938355
137387250000.000000 0.142898515 0.025871851 0.635816813 0.005161840 0.266404510 -0.010349899 0.963791966
137403933333.333328 0.143206105 0.026117407 0.636774778 0.005185973 0.266889691 -0.010924743 0.963651180
137420616666.666656 0.144565329 0.024789978 0.638818741 0.004066496 0.266780943 -0.010691904 0.963689327
137437300000.000000 0.144813851 0.024895387 0.639527321 0.004273707 0.267247260 -0.010403013 0.963562429
137453983333.333313 0.145086631 0.024962170 0.640341759 0.004245495 0.267520994 -0.011407009 0.963475168
137470666666.666656 0.145453274 0.025063522 0.641380608 0.004616208 0.268017083 -0.010381346 0.963347256
137487350000.000000 0.145822093 0.025125664 0.642366648 0.004681864 0.268316805 -0.010944469 0.963257253
137504033333.333313 0.146256268 0.024993243 0.643646240 0.004616510 0.268785536 -0.010627924 0.963130355
137520716666.666656 0.146595657 0.025061172 0.644548357 0.004885117 0.269155264 -0.010856773 0.963023245
137537400000.000000 0.146879345 0.025133327 0.645439506 0.004738250 0.269689053 -0.011344673 0.962869048
137554083333.333313 0.147233769 0.025196712 0.646322310 0.004797597 0.269725323 -0.011336808 0.962858677
137570766666.666656 0.147210538 0.025145408 0.646387696 0.004378176 0.269987226 -0.013004962 0.962766171
137587450000.000000 0.147600770 0.025200922 0.647485077 0.004017541 0.270091981 -0.014009604 0.962724268
137604133333.333313 0.148060992 0.025304141 0.648693919 0.003997779 0.270541459 -0.015162535 0.962580621
137620816666.666656 0.148235932 0.024727389 0.650332272 0.004421859 0.271743566 -0.011956936 0.962285280
137637500000.000000 0.148557931 0.024791608 0.651264846 0.004850924 0.272011995 -0.011528611 0.962212622
137654183333.333344 0.148273453 0.024639051 0.650618672 0.004382094 0.272248238 -0.010888421 0.962155521
137670866666.666687 0.148834109 0.024824429 0.652095497 0.004574557 0.272711217 -0.011732351 0.962013543
137687550000.000031 0.149176121 0.024931883 0.653318882 0.004501471 0.273209989 -0.013046409 0.961855471
137704233333.333344 0.149644136 0.025069121 0.654522955 0.004756049 0.273769230 -0.012136283 0.961707115
137720916666.666687 0.149697468 0.024857692 0.655685008 0.004540430 0.274336159 -0.012118115 0.961546779
137737600000.000000 0.149944857 0.024934798 0.656390369 0.004394877 0.274625808 -0.012405279 0.961461127
137754283333.333344 0.150083095 0.024996005 0.656824231 0.004490775 0.274781138 -0.012068615 0.961420596
137770966666.666687 0.150309831 0.025139185 0.657437801 0.004436107 0.275220811 -0.012206382 0.961293399
137787650000.000000 0.150707245 0.025366522 0.658651173 0.004533590 0.275524497 -0.012749664 0.961198807
137804333333.333344 0.151225463 0.025701525 0.660284221 0.004940263 0.276228100 -0.011962675 0.961005032
137821016666.666687 0.151255101 0.025812171 0.660489321 0.004940983 0.276370674 -0.011768469 0.960966408
137837700000.000000 0.151545271 0.025980536 0.661375165 0.004915270 0.276694685 -0.011994389 0.960870504
137854383333.333344 0.151994973 0.026194742 0.662468612 0.005410051 0.277139783 -0.011265682 0.960748315
137871066666.666687 0.152539134 0.026400520 0.663867116 0.005383108 0.277427495 -0.011284073 0.960665286
137887750000.000000 0.153131574 0.026832461 0.665980339 0.005479271 0.278006643 -0.011291365 0.960497200
137904433333.333344 0.153400660 0.026967622 0.666717410 0.005553492 0.278382719 -0.011643571 0.960383594
137921116666.666687 0.153661534 0.026973089 0.667481363 0.005242350 0.278641045 -0.011904012 0.960307300
137937800000.000000 0.154133081 0.027101669 0.668710828 0.005373726 0.279118240 -0.012647130 0.960158527
137954483333.333344 0.154523700 0.027310316 0.669747412 0.005452165 0.279373556 -0.012392296 0.960087061
137971166666.666687 0.155539647 0.026762938 0.671471000 0.005203418 0.279285103 -0.011672490 0.960123241
137987850000.000000 0.155810595 0.026822807 0.672252059 0.005304376 0.279784471 -0.011309726 0.959981620
138004533333.333344 0.156224459 0.026899729 0.673202336 0.004856660 0.279942214 -0.012933684 0.959917486
138021216666.666687 0.156696782 0.026984774 0.674404681 0.005031324 0.280170262 -0.012697432 0.959853232
138037900000.000000 0.156522572 0.027722234 0.674721003 0.005933317 0.280858368 -0.012070720 0.959654987
138054583333.333344 0.157103837 0.026989868 0.676419258 0.005498207 0.280953437 -0.011304429 0.959639132
138071266666.666687 0.157394469 0.027026763 0.677104592 0.005548464 0.281304151 -0.011459550 0.959534228
138087950000.000000 0.157783270 0.027050998 0.678010106 0.005424839 0.281883210 -0.011687915 0.959362268
138104633333.333344 0.158112362 0.027095702 0.678753138 0.005239692 0.282292783 -0.012353082 0.959234476
138121316666.666687 0.158557057 0.027171390 0.679731786 0.005788319 0.282407582 -0.011816934 0.959204316
138138000000.000000 0.159119606 0.026827605 0.681287348 0.005228917 0.283071935 -0.011594222 0.959014356
138154683333.333344 0.159413397 0.026869025 0.681937218 0.005272529 0.283389598 -0.011576556 0.958920538
138171366666.666656 0.159730867 0.026904520 0.682669997 0.005515975 0.283815145 -0.011314293 0.958796442
138188050000.000000 0.160179451 0.027014330 0.683638334 0.005044931 0.284248143 -0.012417899 0.958657086
138204733333.333344 0.160760805 0.027108058 0.684737980 0.005469663 0.284691334 -0.011609957 0.958533406
138221416666.666656 0.160907462 0.027164180 0.685045540 0.005728246 0.284749240 -0.012005205 0.958509743
138238100000.000000 0.161290571 0.027258623 0.685855091 0.005816212 0.285366446 -0.011070100 0.958336949
138254783333.333344 0.161640137 0.027353119 0.686616123 0.006057324 0.285612315 -0.010972660 0.958263338
138271466666.666656 0.162284136 0.027330106 0.688180983 0.005853381 0.286263049 -0.011561134 0.958063424
138288150000.000000 0.162679195 0.027427174 0.689037800 0.005654816 0.286579549 -0.012082701 0.957963586
138304833333.333344 0.162967801 0.027514057 0.689688981 0.005520951 0.287230670 -0.011974202 0.957770705
138321516666.666656 0.163411379 0.027679000 0.690697551 0.005664625 0.287509829 -0.011325940 0.957693994
138338200000.000000 0.163788036 0.027867498 0.691635132 0.005632743 0.287798464 -0.012082792 0.957598209
138354883333.333344 0.164017051 0.027951937 0.692101002 0.005819761 0.288054913 -0.012241227 0.957517982
138371566666.666656 0.164273828 0.028023252 0.692848861 0.005980937 0.288545728 -0.011322635 0.957380533
138388250000.000000 0.164581940 0.028136071 0.693455338 0.005678652 0.288859308 -0.011684688 0.957283437
138404933333.333344 0.165162310 0.028311960 0.694756746 0.005856156 0.289272606 -0.012244394 0.957150519
138421616666.666656 0.166080043 0.028031744 0.696595609 0.006024964 0.289450824 -0.011023554 0.957110465
138438300000.000000 0.166386321 0.028137490 0.697331727 0.006213353 0.289612502 -0.011197909 0.957058370
138454983333.333344 0.166736290 0.028242510 0.698059022 0.006247023 0.289840519 -0.011123153 0.956990004
138471666666.666656 0.167145342 0.028362337 0.699090481 0.006425208 0.290663213 -0.010839906 0.956742465
138488350000.000000 0.167582810 0.028509006 0.700093091 0.006345928 0.290946394 -0.011421311 0.956650198
138505033333.333344 0.167993456 0.028720086 0.700925887 0.006262971 0.291303396 -0.011384971 0.956542492
138521716666.666656 0.168256938 0.028773343 0.701535165 0.006507453 0.291596174 -0.011303458 0.956452608
138538400000.000000 0.168575048 0.028847998 0.702289999 0.006500766 0.291908354 -0.011009115 0.956360877
138555083333.333344 0.168899611 0.028915770 0.703050494 0.006377041 0.292285711 -0.011534454 0.956240296
138571766666.666656 0.169356734 0.028870592 0.704204738 0.006057652 0.293023407 -0.011789434 0.956013441
138588450000.000000 0.169904053 0.028738508 0.705737531 0.006312217 0.293447167 -0.011275177 0.955887973
138605133333.333313 0.170177117 0.028798766 0.706356585 0.006457559 0.293836683 -0.010951401 0.955771148
138621816666.666656 0.170681134 0.028898433 0.707549214 0.006367118 0.294504821 -0.011446785 0.955560267
138638500000.000000 0.170892403 0.028938312 0.708054483 0.006201537 0.294717342 -0.012336201 0.955484748
138655183333.333313 0.171165004 0.028996211 0.708676279 0.006324808 0.294941038 -0.012364962 0.955414534
138671866666.666656 0.172151893 0.028560732 0.710629225 0.006209588 0.295300335 -0.011479044 0.955315351
138688550000.000000 0.172476605 0.028635614 0.711383164 0.006065223 0.295605928 -0.012527702 0.955208600
138705233333.333313 0.172861353 0.028724838 0.712270558 0.006296238 0.296143949 -0.012259382 0.955043912
138721916666.666656 0.173255965 0.028825814 0.713170707 0.006249648 0.296474099 -0.012681890 0.954936326
138738600000.000000 0.173668325 0.028932963 0.714107573 0.006587311 0.296822459 -0.013227372 0.954818368
138755283333.333313 0.173888132 0.028978545 0.714639544 0.006894172 0.297162145 -0.010007592 0.954749703
138771966666.666656 0.174574614 0.028710004 0.715985179 0.006504044 0.297557592 -0.010943973 0.954618990
138788650000.000000 0.174878567 0.028791100 0.716672957 0.006365689 0.297775835 -0.011616196 0.954543948
138805333333.333313 0.175295994 0.028897770 0.717606783 0.006024536 0.298204124 -0.011783358 0.954410434
138822016666.666656 0.175623000 0.028989416 0.718341529 0.006369609 0.298595160 -0.010674056 0.954298973
138838700000.000000 0.175982311 0.029082788 0.719152868 0.006292198 0.298829079 -0.011468057 0.954217017
138855383333.333344 0.176162213 0.029166771 0.719605744 0.006261488 0.299195409 -0.011452623 0.954102635
138872066666.666687 0.176539034 0.029381353 0.720721662 0.006233938 0.299727768 -0.012481678 0.953922749
138888750000.000031 0.176575348 0.029409876 0.720822871 0.006508776 0.300121933 -0.010345769 0.953822553
138905433333.333344 0.176801234 0.029464165 0.721321702 0.006124623 0.300025672 -0.011277496 0.953844845
138922116666.666687 0.176735371 0.029464683 0.721191049 0.005891068 0.300359428 -0.010932309 0.953745306
138938800000.000000 0.177188635 0.029573925 0.722202063 0.005807854 0.300869703 -0.011220443 0.953581572
138955483333.333344 0.177732259 0.029661257 0.723207176 0.005929203 0.300958127 -0.011682469 0.953547418
138972166666.666687 0.178702682 0.029170172 0.727365673 0.006061051 0.302221268 -0.011639793 0.953147471
138988850000.000000 0.179029837 0.029254479 0.728093326 0.005930565 0.302666813 -0.011974109 0.953002810
139005533333.333344 0.179553002 0.029375644 0.729236364 0.005784699 0.303051233 -0.012493597 0.952874839
139022216666.666687 0.179791301 0.029431030 0.729761362 0.005611181 0.303371936 -0.013280792 0.952763200
139038900000.000000 0.180131674 0.029532587 0.730531216 0.005842514 0.303653270 -0.012128599 0.952687502
139055583333.333344 0.180460215 0.029488245 0.731590509 0.006145171 0.303938001 -0.011471596 0.952602983
139072266666.666687 0.180870816 0.029583152 0.732485414 0.006266546 0.304329157 -0.011401846 0.952478170
139088950000.000000 0.181174979 0.029648978 0.733153343 0.006346117 0.304778010 -0.010823086 0.952340782
139105633333.333344 0.181307197 0.029677309 0.733435631 0.006411203 0.304989636 -0.010777469 0.952273130
139122316666.666687 0.181873694 0.029796848 0.734652698 0.006350532 0.305477113 -0.010768929 0.952117383
139139000000.000000 0.182358593 0.029899595 0.735659361 0.006376676 0.305732161 -0.011513792 0.952026606
139155683333.333344 0.182626292 0.029533578 0.737347484 0.006206344 0.306264758 -0.011198632 0.951860309
139172366666.666687 0.182839036 0.029576220 0.737790346 0.006186809 0.306897044 -0.012139893 0.951645195
139189050000.000000 0.183190048 0.029656703 0.738540649 0.006136769 0.307434887 -0.012299571 0.951469898
139205733333.333344 0.183560252 0.029746762 0.739328265 0.006503243 0.307707429 -0.012599753 0.951375365
139222416666.666687 0.184016630 0.029853720 0.740297496 0.006697353 0.308454156 -0.012262675 0.951136649
139239100000.000000 0.184257969 0.029829858 0.740729034 0.006636397 0.308757961 -0.011916147 0.951042891
139255783333.333344 0.185095444 0.029086957 0.743444562 0.006015372 0.309578896 -0.011945890 0.950779736
139272466666.666687 0.185353026 0.028517272 0.744205713 0.005624498 0.309710681 -0.011249593 0.950747728
139289150000.000000 0.185549051 0.028672665 0.744532108 0.005749038 0.310471356 -0.012043624 0.950489044
139305833333.333344 0.185749963 0.029007455 0.744841993 0.005931203 0.310460925 -0.011724431 0.950495422
139322516666.666687 0.186771035 0.028836673 0.746927023 0.005720504 0.311341494 -0.012492672 0.950198829
139339200000.000000 0.186554521 0.028956890 0.746775389 0.005838955 0.311739385 -0.011590588 0.950079083
139355883333.333344 0.186784267 0.029158615 0.747495294 0.006151691 0.312317252 -0.011735080 0.949885488
139372566666.666656 0.187086225 0.029200330 0.748257935 0.006463506 0.312459439 -0.011265457 0.949842334
139389250000.000000 0.187213749 0.028950404 0.748826265 0.006278366 0.313204467 -0.011015112 0.949601173
139405933333.333344 0.188500747 0.029161312 0.751287341 0.005900444 0.313710898 -0.011766035 0.949427366
139422616666.666656 0.189012408 0.029278876 0.752062500 0.006165010 0.314086586 -0.011398894 0.949305952
139439300000.000000 0.189139917 0.029453721 0.752836704 0.006435675 0.314523339 -0.011072698 0.949163437
139455983333.333344 0.189441592 0.029539725 0.753509879 0.006220063 0.314960390 -0.011263911 0.949017644
139472666666.666656 0.189905837 0.029711200 0.754525185 0.006273543 0.315326720 -0.011315261 0.948895037
139489350000.000000 0.190581143 0.029788153 0.755859733 0.006297993 0.315809637 -0.011666479 0.948729992
139506033333.333344 0.190924600 0.029614057 0.756216884 0.006183440 0.315872759 -0.010879807 0.948719025
139522716666.666656 0.191000953 0.029892270 0.757381916 0.006235843 0.316693693 -0.011108960 0.948442400
139539400000.000000 0.191543043 0.029845688 0.758522451 0.006071992 0.317110926 -0.011062421 0.948304474
139556083333.333344 0.192103222 0.030167256 0.759205699 0.006407702 0.317549944 -0.011236877 0.948153377
139572766666.666656 0.192818135 0.030368121 0.760442197 0.006286959 0.317840040 -0.011517967 0.948053539
139589450000.000000 0.193124771 0.030314561 0.761074662 0.006518099 0.318244606 -0.011231605 0.947919726
139606133333.333344 0.193419650 0.030480068 0.762023926 0.006475900 0.318922192 -0.011710469 0.947686434
139622816666.666656 0.193815380 0.030534131 0.762571692 0.006739546 0.319225043 -0.011469548 0.947585642
139639500000.000000 0.194326252 0.030717662 0.763877749 0.006597003 0.319542110 -0.011619251 0.947477937
139656183333.333344 0.194996759 0.030823890 0.765226126 0.006713468 0.320083827 -0.011190810 0.947299361
139672866666.666656 0.195533663 0.030803474 0.766199589 0.007113265 0.320493549 -0.010437635 0.947166502
139689550000.000000 0.195911825 0.030759070 0.767100871 0.007053839 0.320854574 -0.010456493 0.947044551
139706233333.333344 0.196213588 0.030865392 0.767996907 0.007081268 0.321580440 -0.010476300 0.946797848
139722916666.666656 0.196659356 0.030856445 0.769227028 0.007014501 0.321890503 -0.011080299 0.946686089
139739600000.000000 0.196871281 0.030805975 0.769744039 0.006765011 0.322228670 -0.011014378 0.946573675
139756283333.333344 0.197151229 0.030523166 0.770557165 0.006091330 0.322946250 -0.011248065 0.946330905
139772966666.666656 0.197465986 0.030632989 0.770685494 0.006661595 0.323027879 -0.010755442 0.946304917
139789650000.000000 0.198148668 0.030842245 0.772593975 0.006959151 0.323512703 -0.010975325 0.946134627
139806333333.333313 0.198613882 0.030666254 0.774242461 0.006858371 0.324076831 -0.011037106 0.945941567
139823016666.666656 0.198926702 0.030746687 0.774764061 0.007128800 0.324297518 -0.010843917 0.945866168
139839700000.000000 0.199427128 0.030843178 0.775917411 0.007161494 0.324935049 -0.010816044 0.945647418
139856383333.333313 0.199672937 0.030658593 0.776528895 0.006970352 0.325301975 -0.011083093 0.945519567
139873066666.666656 0.199975371 0.030849233 0.777147532 0.007209321 0.325450838 -0.010503577 0.945473135
139889750000.000000 0.200629711 0.031037202 0.778984666 0.007153959 0.325964004 -0.011576796 0.945284247
139906433333.333313 0.200853258 0.031102095 0.779688120 0.007499671 0.326519817 -0.011195303 0.945094347
139923116666.666656 0.200948030 0.031175723 0.779877126 0.007608967 0.326822847 -0.010840334 0.944992840
139939800000.000000 0.201231807 0.031306427 0.780818939 0.007620596 0.327221751 -0.010748353 0.944855750
139956483333.333313 0.201627344 0.031654716 0.781839132 0.007553678 0.327630371 -0.011734876 0.944702983
139973166666.666656 0.201952547 0.031760875 0.782631874 0.007922006 0.327808499 -0.011370013 0.944642603
139989850000.000000 0.202312380 0.031904187 0.783439398 0.008082842 0.327797860 -0.011537303 0.944642901
140006533333.333313 0.202691361 0.031968687 0.784110963 0.007964830 0.328006268 -0.011635093 0.944570303
140023216666.666656 0.203162611 0.031736862 0.785600960 0.007656715 0.328428537 -0.011598404 0.944426656
140039900000.000000 0.203617111 0.031919457 0.786464632 0.007905172 0.328693360 -0.010796201 0.944341958
140056583333.333313 0.204415351 0.031694725 0.787181079 0.007663886 0.328491509 -0.010610583 0.944416285
140073266666.666687 0.204838216 0.031702548 0.787970185 0.007619241 0.328629702 -0.010749180 0.944366992
140089950000.000031 0.205201119 0.032100163 0.788905382 0.007883111 0.329126745 -0.010687187 0.944192469
140106633333.333344 0.205359027 0.032340959 0.789523482 0.008104615 0.329623222 -0.009791882 0.944027066
140123316666.666687 0.205903947 0.032284185 0.790754318 0.007951045 0.329693109 -0.009555760 0.944006383
140140000000.000000 0.206296682 0.032502349 0.791950464 0.008121406 0.330213279 -0.010837579 0.943809211
140156683333.333344 0.206445068 0.032592416 0.792924523 0.008232973 0.330856174 -0.010221959 0.943589985
140173366666.666687 0.206886843 0.032371949 0.794132829 0.007642873 0.331219733 -0.011288573 0.943455160
140190050000.000000 0.206954926 0.032326475 0.794735551 0.007513341 0.331377953 -0.010897657 0.943405271
140206733333.333344 0.207422033 0.032967739 0.795566440 0.008460674 0.331848264 -0.010800865 0.943233013
140223416666.666687 0.207546860 0.032717600 0.796393812 0.007877525 0.332274824 -0.012367265 0.943068683
140240100000.000000 0.208044037 0.032897860 0.797405720 0.008300059 0.332325667 -0.011348014 0.943059921
140256783333.333344 0.208141834 0.032995917 0.797831357 0.008340918 0.332943439 -0.011367293 0.942841411
140273466666.666687 0.208637059 0.032887086 0.798878908 0.008213271 0.333091229 -0.011255940 0.942791700
140290150000.000000 0.209166378 0.032940596 0.799632907 0.008347487 0.333224058 -0.011577572 0.942739666
140306833333.333344 0.209420353 0.032502368 0.800217867 0.007679834 0.333601475 -0.011911223 0.942607701
140323516666.666687 0.210106552 0.032552361 0.801809728 0.007917308 0.334132195 -0.011230158 0.942426085
140340200000.000000 0.210724860 0.032511890 0.802925825 0.008260580 0.334428102 -0.010084155 0.942331195
140356883333.333344 0.210815310 0.032549705 0.803721786 0.008157843 0.334810793 -0.010945880 0.942186534
140373566666.666687 0.211251587 0.032782976 0.804420054 0.008392991 0.334925979 -0.010960701 0.942143321
140390250000.000000 0.211635560 0.032501422 0.805270672 0.008033530 0.335080266 -0.011833874 0.942081094
140406933333.333344 0.212234870 0.032359216 0.806221843 0.007877599 0.335346699 -0.011790163 0.941988111
140423616666.666687 0.212545782 0.032449279 0.806912184 0.007817920 0.335649490 -0.012069663 0.941877186
140440300000.000000 0.213148475 0.032492831 0.807804108 0.008065498 0.335721821 -0.011470931 0.941856861
140456983333.333344 0.213349044 0.032307662 0.808877707 0.007873190 0.336271822 -0.011986638 0.941655815
140473666666.666687 0.213784397 0.032292105 0.809441149 0.007596251 0.336141855 -0.012644167 0.941695869
140490350000.000000 0.214002520 0.032336392 0.810089469 0.007780059 0.336531579 -0.012172524 0.941561401
140507033333.333344 0.214529991 0.032273822 0.811011195 0.007513904 0.336553156 -0.012586434 0.941550434
140523716666.666687 0.214918435 0.032459661 0.811919570 0.007512636 0.337033242 -0.013227650 0.941369891
140540400000.000000 0.215395182 0.032451011 0.812638760 0.007395711 0.337005228 -0.013218725 0.941380978
140557083333.333344 0.216045752 0.032472879 0.813775241 0.007786573 0.337427616 -0.012500549 0.941236258
140573766666.666656 0.216190159 0.032444667 0.814385056 0.007753971 0.337902009 -0.013039127 0.941059053
140590450000.000000 0.216797858 0.032652143 0.815294147 0.007819947 0.337987125 -0.012842385 0.941030622
140607133333.333344 0.217159271 0.032685254 0.816171646 0.007840737 0.338182598 -0.012907434 0.940959394
140623816666.666656 0.217918783 0.032656044 0.817272127 0.007632427 0.338322788 -0.012548382 0.940915525
140640500000.000000 0.218368530 0.032777496 0.818042457 0.007723925 0.338605195 -0.012465854 0.940814316
140657183333.333344 0.218695402 0.032795928 0.818733752 0.007795000 0.338843703 -0.012685598 0.940724909
140673866666.666656 0.219111860 0.032905929 0.819530845 0.007770198 0.338956296 -0.012316428 0.940689445
140690550000.000000 0.219343603 0.032931089 0.820171356 0.007675835 0.339238614 -0.012585850 0.940584898
140707233333.333344 0.219933808 0.032928057 0.821403980 0.007608048 0.339664549 -0.012898170 0.940427423
140723916666.666656 0.220365569 0.032931633 0.822060466 0.007675316 0.339729518 -0.012428395 0.940409720
140740600000.000000 0.220883995 0.032896526 0.823258877 0.007725160 0.340163201 -0.012293633 0.940254331
140757283333.333344 0.221472472 0.032988388 0.824116349 0.007885790 0.340102673 -0.011977904 0.940278947
140773966666.666656 0.221780643 0.032586712 0.824730039 0.007641742 0.340409279 -0.011560431 0.940175295
140790650000.000000 0.221923769 0.032847986 0.825350285 0.007549480 0.340980232 -0.012754666 0.939953625
140807333333.333344 0.222697213 0.032938406 0.826966405 0.007499952 0.341537148 -0.013327915 0.939743876
140824016666.666656 0.223266423 0.032791473 0.827887297 0.007440459 0.341651112 -0.013405993 0.939701796
140840700000.000000 0.224011406 0.032566745 0.829017758 0.007516392 0.341618598 -0.013380984 0.939713418
140857383333.333344 0.224498928 0.032605492 0.829841375 0.007318643 0.341736585 -0.013705779 0.939667344
140874066666.666656 0.224691659 0.032840014 0.830374658 0.007702323 0.341902316 -0.013583801 0.939605772
140890750000.000000 0.225241750 0.032875367 0.831502557 0.007943687 0.341890633 -0.013497557 0.939609289
140907433333.333344 0.225587785 0.032703049 0.831891119 0.007812932 0.341842353 -0.013681919 0.939625263
140924116666.666656 0.225890666 0.032659709 0.832605302 0.007677187 0.341972917 -0.013699227 0.939578652
140940800000.000000 0.226909012 0.032527942 0.833913088 0.007615974 0.342018694 -0.013980184 0.939558327
140957483333.333344 0.227596462 0.032400768 0.835235178 0.007550186 0.342071861 -0.013734470 0.939543128
140974166666.666656 0.227580011 0.032436982 0.835097909 0.007478314 0.342082024 -0.013477005 0.939543664
140990850000.000000 0.228166491 0.032518350 0.835889816 0.007680759 0.341842175 -0.013409375 0.939630389
141007533333.333313 0.228646964 0.032546509 0.836792588 0.007871678 0.342034549 -0.012901519 0.939565897
141024216666.666656 0.228992581 0.032632336 0.837288678 0.007839772 0.342009395 -0.013129508 0.939572096
141040900000.000000 0.229590803 0.032404434 0.838273466 0.007039812 0.342219323 -0.014331126 0.939484477
141057583333.333313 0.229853719 0.032584831 0.839769125 0.007260930 0.342980444 -0.014590779 0.939201176
141074266666.666656 0.230049640 0.032827526 0.840320051 0.007414100 0.343053460 -0.014268925 0.939178228
141090950000.000000 0.230236366 0.032485683 0.841462135 0.006957343 0.343351334 -0.014095704 0.939075589
141107633333.333313 0.231348693 0.033085749 0.842278183 0.007583099 0.342783242 -0.013918092 0.939280808
141124316666.666656 0.231595337 0.033158123 0.842727125 0.007611753 0.342760563 -0.013843987 0.939289927
141141000000.000000 0.231970385 0.033316687 0.843324900 0.007858878 0.342610687 -0.013357768 0.939349651
141157683333.333313 0.232324973 0.033621371 0.844203591 0.008103617 0.342733026 -0.013808361 0.939296484
141174366666.666656 0.232753903 0.033603400 0.844955623 0.007868098 0.342615724 -0.013687528 0.939342976
141191050000.000000 0.233287990 0.033875789 0.846090555 0.007812347 0.342790484 -0.014076111 0.939273953
141207733333.333313 0.234188914 0.033745222 0.846895695 0.007624756 0.342210859 -0.013693789 0.939492524
141224416666.666656 0.234586358 0.033799313 0.847406149 0.007823483 0.342023343 -0.013799258 0.939557612
141241100000.000000 0.235167444 0.033893816 0.847973943 0.007704764 0.341769814 -0.013570993 0.939654171
141257783333.333313 0.235650510 0.033980314 0.848662138 0.007751371 0.341516018 -0.013839785 0.939742088
141274466666.666687 0.235969156 0.034082919 0.850050926 0.007844741 0.342195600 -0.013731990 0.939495623
141291150000.000031 0.236307934 0.034192301 0.850864887 0.007670944 0.342285693 -0.014242958 0.939456642
141307833333.333344 0.236762658 0.034237429 0.851806402 0.007693616 0.342274845 -0.014202405 0.939461052
141324516666.666687 0.237067878 0.034242436 0.852221012 0.007879995 0.342310131 -0.013857015 0.939451814
141341200000.000000 0.237684354 0.034399953 0.853297055 0.008126399 0.342110574 -0.014026382 0.939519882
141357883333.333344 0.238073573 0.033972695 0.854275882 0.007613478 0.342203915 -0.013620418 0.939496160
141374566666.666687 0.238010913 0.033979513 0.854937673 0.007576459 0.342775255 -0.013872804 0.939284444
141391250000.000000 0.238155872 0.034122285 0.855642974 0.007854178 0.342992961 -0.013801219 0.939203739
141407933333.333344 0.239130497 0.034078538 0.856412232 0.008092628 0.342462420 -0.013021554 0.939406395
141424616666.666687 0.239361763 0.034036692 0.858047605 0.008082304 0.343354106 -0.013385194 0.939075887
141441300000.000000 0.239840895 0.033890110 0.858177781 0.007847048 0.342995137 -0.013498003 0.939207435
141457983333.333344 0.240467995 0.033561923 0.859278262 0.007380051 0.343077987 -0.013470079 0.939181387
141474666666.666687 0.241001189 0.033663869 0.859799147 0.007610827 0.342557967 -0.012936785 0.939376831
141491350000.000000 0.241350621 0.033752285 0.861773789 0.007583866 0.343682855 -0.013540231 0.938957572
141508033333.333344 0.241736293 0.033927776 0.861678481 0.008095670 0.342818797 -0.013394389 0.939271212
141524716666.666687 0.241990507 0.033968020 0.861964226 0.008020290 0.342785180 -0.013412691 0.939283848
141541400000.000000 0.242193878 0.034048282 0.862182260 0.008260471 0.342487752 -0.013208897 0.939393163
141558083333.333344 0.243097216 0.034206305 0.863330901 0.008769367 0.342549950 -0.012637621 0.939373672
141574766666.666687 0.243289471 0.034230419 0.863562942 0.008501067 0.342256278 -0.012645281 0.939483166
141591450000.000000 0.244568065 0.034445733 0.865124583 0.008857631 0.341875285 -0.013428450 0.939607620
141608133333.333344 0.244687140 0.034402341 0.866379976 0.008662429 0.342991680 -0.013177225 0.939206064
141624816666.666687 0.244932443 0.034314379 0.866985202 0.008450605 0.343122900 -0.013546991 0.939154804
141641500000.000000 0.245332152 0.034456886 0.867295027 0.008782093 0.342925727 -0.013320093 0.939227045
141658183333.333344 0.246147692 0.034634672 0.868113816 0.008971317 0.342635989 -0.013125954 0.939333737
141674866666.666687 0.246199757 0.034220003 0.869240820 0.008133804 0.343192726 -0.014026585 0.939125061
141691550000.000000 0.246455431 0.034212757 0.869859576 0.008143964 0.343351990 -0.014070379 0.939066112
141708233333.333344 0.246896803 0.034295388 0.870469928 0.008122083 0.343306154 -0.014656686 0.939074159
141724916666.666687 0.247446373 0.034450263 0.871515095 0.008172762 0.343505532 -0.014836244 0.938997924
141741600000.000000 0.247678936 0.034330457 0.872269630 0.007968795 0.343965948 -0.015119509 0.938826561
141758283333.333344 0.248168334 0.034659449 0.873043895 0.008494499 0.343955576 -0.014561367 0.938834667
141774966666.666656 0.248911917 0.034668252 0.874078035 0.008350608 0.344046831 -0.014503869 0.938803375
141791650000.000000 0.248986155 0.034764133 0.874553561 0.008358717 0.344171315 -0.013899580 0.938766778
141808333333.333344 0.249592155 0.034680095 0.875204563 0.008012865 0.344286442 -0.014315877 0.938721359
141825016666.666656 0.249842346 0.034783915 0.875728965 0.008164632 0.344152838 -0.014531558 0.938765705
141841700000.000000 0.250886381 0.034927383 0.877410948 0.008060739 0.344656885 -0.014574923 0.938581049
141858383333.333344 0.250752687 0.034784503 0.878281355 0.007546304 0.345585316 -0.014704172 0.938241839
141875066666.666656 0.251380056 0.034873329 0.878611922 0.008118130 0.344941556 -0.014287435 0.938480377
141891750000.000000 0.251696408 0.034897484 0.879384935 0.008101873 0.345262885 -0.014571968 0.938357890
141908433333.333344 0.251987040 0.034961291 0.879997671 0.008410599 0.345284641 -0.014021696 0.938355625
141925116666.666656 0.253015161 0.034843069 0.880948305 0.008027182 0.344899088 -0.014367859 0.938495517
141941800000.000000 0.253102392 0.034773525 0.882302046 0.007665171 0.346159637 -0.014816591 0.938027382
141958483333.333344 0.253942132 0.034683198 0.882406473 0.007740392 0.345429331 -0.014192501 0.938305497
141975166666.666656 0.254339933 0.034718122 0.882972598 0.007660546 0.345265597 -0.014579475 0.938360512
141991850000.000000 0.254486591 0.034703299 0.883380353 0.007801837 0.345473677 -0.014021444 0.938291252
142008533333.333344 0.255306065 0.034702960 0.884561121 0.007690031 0.345614046 -0.014244840 0.938237131
142025216666.666656 0.255359590 0.034796510 0.885237932 0.007965308 0.346181273 -0.014217175 0.938026130
142041900000.000000 0.256074607 0.034645211 0.885943294 0.007718274 0.345853239 -0.014139751 0.938150346
142058583333.333344 0.256358802 0.034463711 0.886386812 0.007382519 0.345871359 -0.014136414 0.938146472
142075266666.666656 0.256774426 0.034414973 0.886859238 0.007303943 0.345850974 -0.014134710 0.938154638
142091950000.000000 0.257026702 0.034520973 0.887668550 0.007687127 0.346403807 -0.013836174 0.937951982
142108633333.333344 0.257161319 0.034599937 0.888068914 0.007616697 0.346401036 -0.014269610 0.937947094
142125316666.666656 0.257825702 0.034722105 0.889414191 0.007719369 0.346595317 -0.014684671 0.937868118
142142000000.000000 0.258363307 0.034764804 0.890195191 0.007464038 0.346277207 -0.015109549 0.937980950
142158683333.333344 0.258762956 0.034686271 0.890738368 0.007118196 0.346131831 -0.015219196 0.938035429
142175366666.666656 0.258834034 0.034682952 0.891292512 0.007384926 0.346578717 -0.014980754 0.937872171
142192050000.000000 0.259590626 0.034651991 0.891995907 0.007138947 0.346324503 -0.015027815 0.937967300
142208733333.333313 0.259972751 0.034807041 0.893180907 0.007160179 0.346928030 -0.015287390 0.937739849
142225416666.666656 0.260795146 0.034959685 0.894114256 0.007534584 0.346785218 -0.014967171 0.937794924
142242100000.000000 0.261554152 0.035048693 0.894684553 0.007475882 0.346395016 -0.015156099 0.937936544
142258783333.333313 0.261684239 0.035084944 0.895369947 0.007598572 0.346828192 -0.015252017 0.937773943
142275466666.666656 0.262201995 0.035137769 0.896382689 0.007735930 0.347078413 -0.015000716 0.937684298
142292150000.000000 0.262906551 0.035366196 0.896888018 0.008169182 0.346526384 -0.015155927 0.937882245
142308833333.333313 0.263577968 0.035349876 0.897977352 0.007897505 0.346679747 -0.015419607 0.937823594
142325516666.666656 0.263651401 0.035394549 0.898347020 0.007869443 0.346656770 -0.014626968 0.937845051
142342200000.000000 0.264301300 0.035501525 0.899331808 0.007914117 0.346693128 -0.014511455 0.937833011
142358883333.333313 0.264725298 0.035408605 0.900197506 0.007626076 0.346936643 -0.014664248 0.937742949
142375566666.666656 0.265272528 0.035411730 0.900962234 0.007511865 0.346863210 -0.014738165 0.937769949
142392250000.000000 0.265612185 0.035551466 0.901973844 0.007810641 0.347233683 -0.014767811 0.937629879
142408933333.333313 0.266192496 0.035601623 0.902811170 0.007909436 0.347375154 -0.014391142 0.937582493
142425616666.666656 0.266576290 0.035838664 0.903444409 0.008004705 0.347608626 -0.014889510 0.937487304
142442300000.000000 0.267336518 0.035940573 0.904666901 0.008171423 0.347653657 -0.014905144 0.937468946
142458983333.333313 0.267806649 0.035855293 0.905155420 0.008100295 0.347563744 -0.014740203 0.937505543
142475666666.666687 0.268153816 0.035712156 0.905543804 0.008046515 0.347466737 -0.014232217 0.937549770
142492350000.000031 0.268856198 0.035557132 0.906214833 0.007975460 0.347399563 -0.013840103 0.937581182
142509033333.333344 0.269020081 0.035858106 0.907564640 0.007712834 0.348031074 -0.015110320 0.937329471
142525716666.666687 0.269374400 0.035790451 0.908389211 0.007765624 0.348463655 -0.014431918 0.937179029
142542400000.000000 0.269662201 0.035843648 0.909013510 0.007501490 0.348563880 -0.015355862 0.937129200
142559083333.333344 0.270842314 0.035756655 0.910221756 0.007253843 0.348494589 -0.015392778 0.937156379
142575766666.666687 0.271172464 0.035661921 0.910488546 0.007403051 0.348390281 -0.014357415 0.937210441
142592450000.000000 0.271733344 0.035307329 0.911274433 0.007189376 0.348497182 -0.014072836 0.937176585
142609133333.333344 0.272138685 0.035696913 0.912052274 0.007688858 0.348765999 -0.014548473 0.937065363
142625816666.666687 0.272502333 0.035812013 0.912708521 0.007892064 0.348966599 -0.014629764 0.936987758
142642500000.000000 0.273139179 0.035591614 0.913765311 0.007234707 0.349132925 -0.015553299 0.936916232
142659183333.333344 0.273465186 0.035710819 0.914432764 0.007549483 0.349414259 -0.015287444 0.936813235
142675866666.666687 0.274019033 0.035782404 0.915008068 0.007745234 0.349509746 -0.015142404 0.936778367
142692550000.000000 0.274478585 0.036072057 0.915864110 0.008146737 0.349473000 -0.015178972 0.936788082
142709233333.333344 0.275062859 0.035810232 0.916527092 0.007932288 0.349697292 -0.014706647 0.936713755
142725916666.666687 0.275335968 0.035858069 0.917268753 0.007892014 0.349830478 -0.014651422 0.936665237
142742600000.000000 0.275939375 0.035852291 0.917908669 0.008022451 0.349831700 -0.013886482 0.936675310
142759283333.333344 0.276699215 0.035851508 0.918756127 0.007898141 0.349842250 -0.014037639 0.936670184
142775966666.666687 0.276968271 0.036088269 0.919659972 0.007638704 0.350056529 -0.015110756 0.936575532
142792650000.000000 0.277432293 0.036141504 0.920349360 0.007789675 0.350264370 -0.014784542 0.936501801
142809333333.333344 0.278606564 0.036273014 0.921140254 0.008119512 0.349871576 -0.014548410 0.936649501
142826016666.666687 0.278204024 0.036243003 0.921773911 0.007867643 0.350594789 -0.015263207 0.936369836
142842700000.000000 0.278422475 0.036162544 0.922412157 0.007844863 0.350824952 -0.014578170 0.936294734
142859383333.333344 0.279366285 0.036540765 0.923344851 0.007916259 0.350730956 -0.015428132 0.936315775
142876066666.666687 0.280037940 0.036881860 0.924203038 0.007873799 0.350835234 -0.016041312 0.936266720
142892750000.000000 0.280714363 0.037007518 0.924931526 0.007853327 0.350841045 -0.016101768 0.936263740
142909433333.333344 0.281495303 0.036873404 0.925945759 0.007813916 0.351107448 -0.015893120 0.936167717
142926116666.666687 0.282117844 0.036898520 0.926814556 0.007851128 0.351570606 -0.015195593 0.936005116
142942800000.000000 0.282178611 0.037248865 0.926973581 0.007877458 0.351353794 -0.015611098 0.936079502
142959483333.333344 0.283508420 0.037023980 0.928086638 0.007639367 0.351179779 -0.015324821 0.936151445
142976166666.666656 0.284104943 0.037268721 0.928676426 0.008051199 0.351297796 -0.015511543 0.936100721
142992850000.000000 0.284314573 0.037268899 0.929265678 0.008267141 0.351466000 -0.015270053 0.936039686
143009533333.333344 0.284736127 0.037220594 0.930017352 0.008210622 0.351476252 -0.015332920 0.936035275
143026216666.666656 0.285508037 0.037217718 0.930966973 0.008153288 0.351667643 -0.015278988 0.935964763
143042900000.000000 0.285754621 0.037231550 0.931487083 0.008348120 0.351865888 -0.015008938 0.935892940
143059583333.333344 0.286725879 0.037340082 0.932362795 0.008555220 0.351767898 -0.014879054 0.935929894
143076266666.666656 0.287383229 0.037186731 0.933142304 0.008182865 0.351986647 -0.014820072 0.935851932
143092950000.000000 0.287468702 0.037347343 0.933649421 0.007973403 0.352276713 -0.015343894 0.935736179
143109633333.333344 0.288464487 0.036878306 0.934720874 0.007659321 0.352304041 -0.014523111 0.935741603
143126316666.666656 0.288912237 0.037127864 0.935575724 0.007807512 0.352691770 -0.015295133 0.935582042
143143000000.000000 0.289298415 0.037072703 0.935920238 0.007782515 0.352588266 -0.015293749 0.935621262
143159683333.333344 0.289894015 0.037269708 0.936754823 0.008194016 0.352681726 -0.015269322 0.935582876
143176366666.666656 0.290532231 0.037276670 0.937712669 0.008031372 0.352907628 -0.015714793 0.935491741
143193050000.000000 0.291162670 0.037144680 0.938586235 0.007846547 0.352984279 -0.015493228 0.935468137
143209733333.333344 0.291630566 0.037176359 0.939398229 0.007989416 0.353302181 -0.015621069 0.935344756
143226416666.666656 0.292109966 0.037266739 0.940216362 0.008117044 0.353602737 -0.015479065 0.935232401
143243100000.000000 0.292796493 0.037217863 0.941242933 0.008203244 0.353806138 -0.015368073 0.935156584
143259783333.333344 0.293371886 0.037365843 0.941801488 0.008377472 0.353725195 -0.015661458 0.935180783
143276466666.666656 0.293565869 0.037392158 0.942292571 0.008245884 0.354123861 -0.015528913 0.935033262
143293150000.000000 0.294022739 0.037468042 0.942789555 0.008300299 0.354120970 -0.015585399 0.935032964
143309833333.333344 0.294768184 0.037456624 0.943709433 0.008204751 0.354332417 -0.015489924 0.934955239
143326516666.666656 0.294987857 0.037528574 0.944105327 0.008158322 0.354405522 -0.015820514 0.934922397
143343200000.000000 0.295747578 0.037313975 0.944662154 0.008271836 0.354177386 -0.015066814 0.935020387
143359883333.333344 0.295889527 0.037628524 0.945709348 0.008219247 0.354910165 -0.016116727 0.934725404
143376566666.666656 0.296614051 0.037711386 0.946805477 0.008524887 0.355236560 -0.015643697 0.934606671
143393250000.000000 0.296972543 0.037674204 0.947603643 0.008599017 0.355599672 -0.015300792 0.934473574
143409933333.333313 0.297688693 0.037845094 0.948379219 0.008625111 0.355580449 -0.015636783 0.934475124
143426616666.666656 0.298255056 0.037907958 0.949249268 0.008663042 0.355734855 -0.015366461 0.934420526
143443300000.000000 0.298719525 0.037957348 0.949918866 0.008570427 0.355889738 -0.015392577 0.934361935
143459983333.333313 0.299367607 0.037968319 0.950730205 0.008856487 0.355836242 -0.014860814 0.934388220
143476666666.666656 0.299797446 0.038045727 0.951420546 0.008764878 0.355909705 -0.015237513 0.934355021
143493350000.000000 0.300041854 0.038082380 0.952373326 0.008633628 0.356467277 -0.015379892 0.934141338
143510033333.333313 0.300363392 0.038183864 0.953075349 0.008692310 0.356821924 -0.015501348 0.934003353
143526716666.666656 0.301209718 0.038129702 0.954013824 0.008665881 0.356792152 -0.015509742 0.934014857
143543400000.000000 0.301711619 0.038054299 0.954657674 0.008618101 0.356722027 -0.015111741 0.934048593
143560083333.333313 0.302160949 0.038023658 0.955276787 0.008762363 0.356740385 -0.015044539 0.934041381
143576766666.666656 0.302523345 0.038081281 0.956134498 0.008551921 0.357146949 -0.015343365 0.933883011
143593450000.000000 0.303395510 0.038046230 0.956660509 0.008375445 0.356940895 -0.015314856 0.933963895
143610133333.333313 0.303668797 0.038307328 0.957520425 0.008599862 0.357489139 -0.015574678 0.933747828
143626816666.666656 0.304113030 0.038240038 0.958444834 0.008208227 0.358069777 -0.016260587 0.933517158
143643500000.000000 0.304800272 0.037919100 0.959138334 0.008343013 0.358280241 -0.014944039 0.933457196
143660183333.333313 0.305000216 0.037874937 0.960036457 0.008316935 0.358776420 -0.015367631 0.933259964
143676866666.666687 0.305800974 0.037833642 0.960594058 0.008390675 0.358688533 -0.015014006 0.933298826
143693550000.000031 0.305771589 0.037531395 0.961167693 0.008163296 0.359250337 -0.014693843 0.933089852
143710233333.333344 0.307208776 0.037970200 0.962340474 0.008418146 0.359324217 -0.015561339 0.933045089
143726916666.666687 0.307217449 0.037928879 0.963311434 0.008152939 0.360221684 -0.015794786 0.932697415
143743600000.000000 0.309073448 0.037932243 0.964205384 0.008479659 0.359587818 -0.015078442 0.932950914
143760283333.333344 0.308577746 0.038116418 0.964816391 0.008534082 0.360518038 -0.015807491 0.932579219
143776966666.666687 0.308036774 0.038078796 0.965423346 0.008418237 0.361399472 -0.016217215 0.932232082
143793650000.000000 0.308832705 0.038072232 0.966002524 0.008456326 0.361333042 -0.016024986 0.932260811
143810333333.333344 0.308753490 0.038187139 0.966665685 0.008446342 0.361830562 -0.016238952 0.932064176
143827016666.666687 0.309455574 0.038218174 0.967664421 0.008500822 0.362206459 -0.015794536 0.931925297
143843700000.000000 0.310567081 0.038260225 0.968393266 0.008685851 0.361873060 -0.015113279 0.932064414
143860383333.333344 0.311105609 0.038388282 0.968750358 0.008452620 0.361930609 -0.015485656 0.932038128
143877066666.666687 0.311500013 0.038406804 0.969635248 0.008302771 0.362301081 -0.015774749 0.931890726
143893750000.000000 0.312721610 0.038578324 0.970422089 0.008090385 0.361988783 -0.015929958 0.932011306
143910433333.333344 0.313229322 0.038620625 0.971129537 0.008474861 0.362247974 -0.015131879 0.931920409
143927116666.666687 0.313294083 0.038513243 0.971716642 0.008179856 0.362313062 -0.014889169 0.931901693
143943800000.000000 0.314288676 0.038547680 0.972496390 0.008292609 0.362242550 -0.014638450 0.931932092
143960483333.333344 0.314492673 0.038899224 0.973246276 0.008469277 0.362915725 -0.015460710 0.931655169
143977166666.666687 0.315147221 0.039179053 0.973993540 0.008548487 0.363085508 -0.016170273 0.931576312
143993850000.000000 0.315784901 0.039070077 0.974841416 0.008507522 0.363114417 -0.015556562 0.931575835
144010533333.333344 0.317390770 0.038951471 0.975809515 0.008511332 0.362720221 -0.015133237 0.931736290
144027216666.666687 0.316366941 0.039242338 0.976166725 0.008431356 0.363581300 -0.016220007 0.931383133
144043900000.000000 0.317318678 0.039032891 0.977054358 0.008188805 0.363563448 -0.015597546 0.931402862
144060583333.333344 0.317974180 0.039004013 0.977770984 0.008472411 0.363808572 -0.014851595 0.931316793
144077266666.666687 0.319153875 0.038967147 0.978721678 0.008401617 0.363585383 -0.014582029 0.931408882
144093950000.000000 0.319569618 0.038872518 0.979322195 0.008393679 0.363590658 -0.014514314 0.931407928
144110633333.333344 0.320281237 0.038841315 0.980171382 0.008238022 0.363766402 -0.014428645 0.931342065
144127316666.666687 0.320456803 0.038727742 0.981010556 0.008298486 0.364313602 -0.014266281 0.931130052
144144000000.000000 0.320556402 0.039038412 0.981575310 0.008330099 0.364532650 -0.015535968 0.931023777
144160683333.333344 0.321640939 0.038828976 0.982478261 0.008369107 0.364484489 -0.015001295 0.931051016
144177366666.666656 0.322218925 0.038891915 0.982943177 0.008394814 0.364094794 -0.015227079 0.931199610
144194050000.000000 0.322478294 0.038757399 0.983700633 0.008171682 0.364414930 -0.015086882 0.931078613
144210733333.333344 0.323431849 0.039145287 0.984715462 0.008629740 0.364436805 -0.015463093 0.931059837
144227416666.666656 0.323822796 0.039138585 0.985523343 0.008717844 0.364563912 -0.015743256 0.931004524
144244100000.000000 0.324131548 0.039363399 0.986245632 0.008673704 0.364910781 -0.016464099 0.930856526
144260783333.333344 0.324676037 0.039228346 0.987170458 0.008486892 0.365187675 -0.016505081 0.930748940
144277466666.666656 0.324982882 0.039245524 0.987768173 0.008456305 0.365460664 -0.016936101 0.930634320
144294150000.000000 0.325477719 0.039404884 0.988549709 0.008374395 0.365444034 -0.017696103 0.930627465
144310833333.333344 0.325964421 0.039273579 0.989165008 0.008325520 0.365256786 -0.017313575 0.930708528
144327516666.666656 0.326490641 0.039566934 0.990116954 0.008379217 0.365521193 -0.018153906 0.930588305
144344200000.000000 0.326920897 0.039592043 0.990797937 0.008533425 0.365503073 -0.017510993 0.930606365
144360883333.333344 0.327513546 0.039829686 0.991665363 0.008746031 0.365432292 -0.018030267 0.930622280
144377566666.666656 0.327781379 0.039538510 0.991972327 0.008556114 0.365564734 -0.017047470 0.930590451
144394250000.000000 0.328251690 0.039629214 0.992714167 0.008559984 0.365642309 -0.017019868 0.930560470
144410933333.333344 0.328723967 0.039752197 0.993470967 0.008459690 0.365599900 -0.017132746 0.930576026
144427616666.666656 0.329217434 0.039827548 0.994281828 0.008549187 0.365580738 -0.016955474 0.930585921
144444300000.000000 0.330265224 0.039650060 0.994937778 0.008489640 0.365177721 -0.016010847 0.930761456
144460983333.333344 0.330326319 0.040182516 0.995896459 0.008822945 0.365593612 -0.016834596 0.930580497
144477666666.666656 0.330797017 0.040064007 0.996430933 0.008574476 0.365411550 -0.016763387 0.930655599
144494350000.000000 0.331201702 0.040357400 0.997237086 0.008876377 0.365636230 -0.016668878 0.930566251
144511033333.333344 0.331788719 0.040478967 0.998056293 0.008935566 0.365440875 -0.016817043 0.930639744
144527716666.666656 0.331974536 0.040140975 0.998809576 0.008536279 0.365803748 -0.016275570 0.930510581
144544400000.000000 0.332924783 0.040094078 0.999596119 0.008548521 0.365357876 -0.015528071 0.930698395
144561083333.333344 0.333787888 0.040304899 1.000543833 0.008714543 0.365052253 -0.015603716 0.930815518
144577766666.666656 0.333962172 0.040307436 1.001144409 0.008719193 0.365298778 -0.015898932 0.930713713
144594450000.000000 0.334940791 0.040389188 1.002155542 0.008605617 0.365079761 -0.016284388 0.930794060
144611133333.333313 0.335684061 0.040584181 1.003226995 0.008614534 0.365177244 -0.016796226 0.930746615
144627816666.666656 0.336029649 0.040688675 1.003928423 0.008753242 0.365278125 -0.016757589 0.930706501
144644500000.000000 0.336753815 0.040685993 1.004876614 0.008780381 0.365115196 -0.016779326 0.930769742
144661183333.333313 0.337068796 0.040680576 1.005623460 0.008759785 0.365333050 -0.016815456 0.930683792
144677866666.666656 0.337990612 0.040495992 1.006543875 0.008615982 0.365216076 -0.016516084 0.930736363
144694550000.000000 0.338089198 0.040626783 1.006842613 0.008500176 0.365318865 -0.017345021 0.930682003
144711233333.333313 0.338547587 0.040659010 1.007594109 0.008459100 0.365351886 -0.017642163 0.930663884
144727916666.666656 0.339047909 0.040716194 1.008393288 0.008462570 0.365394443 -0.017770875 0.930644691
144744600000.000000 0.339669436 0.040799454 1.009231091 0.008586350 0.365291476 -0.018016204 0.930679202
144761283333.333313 0.340155005 0.040809534 1.010072708 0.008283436 0.365413725 -0.018508468 0.930624306
144777966666.666656 0.340869188 0.040429611 1.010874748 0.008339558 0.365299433 -0.017422583 0.930689692
144794650000.000000 0.341075331 0.040582772 1.011600971 0.008387875 0.365439147 -0.017758518 0.930628061
144811333333.333313 0.341439873 0.040538069 1.012084961 0.008528550 0.365410477 -0.017473752 0.930643439
144828016666.666656 0.342008829 0.040480945 1.012998581 0.008403646 0.365489870 -0.017412705 0.930614531
144844700000.000000 0.342550904 0.040447410 1.013570786 0.008514890 0.365286440 -0.017109092 0.930698931
144861383333.333313 0.343021005 0.040391702 1.014220238 0.008506847 0.365176678 -0.016975302 0.930744588
144878066666.666687 0.343542814 0.040702522 1.015238643 0.008580046 0.365371764 -0.017401230 0.930659533
144894750000.000031 0.344328225 0.040660456 1.016225934 0.008575617 0.365417451 -0.017083917 0.930647492
144911433333.333344 0.344710976 0.040786717 1.017137766 0.008694748 0.365707785 -0.017001903 0.930533886
144928116666.666687 0.345496297 0.040803678 1.017855048 0.008585346 0.365333050 -0.016952042 0.930682957
144944800000.000000 0.345937163 0.040900305 1.018630981 0.008573540 0.365348220 -0.017159410 0.930673301
144961483333.333344 0.346354872 0.041141570 1.019102812 0.008383387 0.365284026 -0.017992938 0.930684447
144978166666.666687 0.347508579 0.041265253 1.019944549 0.008301890 0.364719629 -0.017903719 0.930908263
144994850000.000000 0.347886235 0.041334003 1.020710111 0.008441218 0.364865094 -0.017775258 0.930852473
145011533333.333344 0.348259807 0.041405037 1.021411896 0.008540505 0.364946365 -0.017523034 0.930824518
145028216666.666687 0.348896295 0.041587576 1.022307873 0.008347429 0.364973068 -0.018032853 0.930806041
145044900000.000000 0.349292904 0.041733801 1.022961736 0.008549950 0.364922792 -0.017941490 0.930825710
145061583333.333344 0.349661529 0.041668847 1.023740888 0.008189133 0.365183651 -0.018137120 0.930722773
145078266666.666687 0.350245535 0.041804362 1.024594545 0.008200141 0.365239561 -0.018184895 0.930699825
145094950000.000000 0.350369662 0.041864172 1.025267839 0.008276579 0.365490824 -0.018109888 0.930601954
145111633333.333344 0.351049185 0.041751377 1.025996923 0.008331971 0.365296274 -0.017866837 0.930682600
145128316666.666687 0.351760328 0.041786335 1.026924491 0.008482117 0.365175933 -0.017784087 0.930730045
145145000000.000000 0.352385134 0.041824691 1.027603149 0.008536642 0.365114927 -0.017432425 0.930760086
145161683333.333344 0.353280127 0.041859128 1.028548121 0.008506234 0.364834696 -0.017470222 0.930869579
145178366666.666687 0.353685051 0.041954935 1.029159307 0.008626196 0.364927739 -0.017660601 0.930828393
145195050000.000000 0.354119688 0.041954637 1.029840231 0.008582807 0.364832759 -0.017772565 0.930863917
145211733333.333344 0.354467928 0.041829094 1.030625820 0.008422693 0.364996970 -0.017916987 0.930798233
145228416666.666687 0.355305195 0.041751955 1.031495094 0.008438546 0.364783674 -0.017912997 0.930881739
145245100000.000000 0.356099963 0.041718900 1.032479286 0.008392972 0.364904225 -0.017989546 0.930833399
145261783333.333344 0.356188923 0.041641437 1.033209682 0.008296999 0.365181684 -0.018157849 0.930722177
145278466666.666687 0.356621116 0.041675944 1.034031868 0.008311322 0.365295559 -0.018187914 0.930676877
145295150000.000000 0.356958866 0.041681062 1.035020471 0.008511916 0.365624189 -0.017582152 0.930557609
145311833333.333344 0.357517511 0.041517202 1.035699725 0.008435526 0.365474164 -0.017296797 0.930622578
145328516666.666687 0.358104616 0.041399736 1.036228299 0.008479847 0.365154892 -0.017201681 0.930749238
145345200000.000000 0.358186871 0.041380875 1.037012577 0.008440640 0.365401864 -0.017197380 0.930652797
145361883333.333344 0.358207554 0.041493215 1.037744522 0.008508299 0.365707397 -0.017498661 0.930526495
145378566666.666656 0.358868927 0.041701384 1.038698792 0.008527884 0.365611970 -0.018345324 0.930547535
145395250000.000000 0.359636188 0.041529465 1.039560795 0.008495888 0.365586728 -0.017892618 0.930566549
145411933333.333344 0.360003054 0.041602999 1.040214300 0.008391067 0.365647703 -0.018108247 0.930539429
145428616666.666656 0.360789597 0.041648135 1.041129589 0.008571203 0.365533710 -0.017993998 0.930584729
145445300000.000000 0.361128926 0.041872237 1.041940093 0.008659615 0.365572006 -0.018390518 0.930561125
145461983333.333344 0.361520261 0.041927345 1.042551041 0.008545163 0.365716904 -0.018410107 0.930504858
145478666666.666656 0.362014890 0.042130813 1.043520927 0.008731271 0.365754783 -0.018667394 0.930483103
145495350000.000000 0.362638861 0.041992649 1.043439150 0.008291224 0.365216315 -0.018759772 0.930696726
145512033333.333344 0.363119602 0.041975923 1.044087410 0.008153892 0.365128368 -0.018599384 0.930735707
145528716666.666656 0.363371968 0.042168267 1.044814348 0.008284098 0.365057081 -0.018644992 0.930761576
145545400000.000000 0.364191651 0.042271309 1.045704365 0.008329924 0.364789665 -0.018673344 0.930865467
145562083333.333344 0.364629388 0.042370684 1.046563745 0.008168454 0.364953339 -0.019078439 0.930794537
145578766666.666656 0.365307063 0.042073771 1.047349334 0.007905290 0.364720404 -0.018055264 0.930908501
145595450000.000000 0.365876138 0.042520039 1.048358679 0.008507807 0.364815444 -0.018481238 0.930857599
145612133333.333344 0.366019726 0.042512447 1.048881769 0.008348185 0.365083665 -0.018365152 0.930756092
145628816666.666656 0.366418600 0.042530090 1.049458385 0.008401366 0.364926279 -0.018204618 0.930820525
145645500000.000000 0.367318541 0.042661481 1.050510645 0.008563962 0.364774257 -0.018131897 0.930880070
145662183333.333344 0.367815197 0.042873777 1.051660299 0.008658594 0.365292609 -0.018627224 0.930666149
145678866666.666656 0.367996067 0.042998262 1.052251816 0.008830138 0.365248591 -0.018898653 0.930676281
145695550000.000000 0.368638426 0.043067940 1.053196430 0.008856686 0.365449935 -0.018752154 0.930599988
145712233333.333344 0.368755251 0.043273974 1.053818583 0.008722642 0.365540236 -0.019328386 0.930553973
145728916666.666656 0.369198292 0.043342657 1.054727554 0.008987008 0.365544617 -0.019334536 0.930549622
145745600000.000000 0.370636612 0.043112025 1.055582762 0.008861656 0.364725322 -0.018834872 0.930882514
145762283333.333344 0.370489120 0.043125808 1.056252241 0.008716283 0.365339577 -0.018920131 0.930641234
145778966666.666656 0.371362478 0.042965285 1.056953788 0.008457161 0.364853323 -0.019087432 0.930830956
145795650000.000000 0.372479647 0.042805787 1.057580471 0.008345142 0.364198446 -0.018965691 0.931090891
145812333333.333313 0.372902125 0.043168720 1.058512211 0.008676841 0.364366174 -0.019960867 0.931001425
145829016666.666656 0.373336613 0.042894781 1.059418559 0.008565450 0.364696383 -0.019054076 0.930892169
145845700000.000000 0.373590171 0.042910554 1.060153365 0.008538424 0.364769310 -0.019306064 0.930858672
145862383333.333313 0.374104142 0.042670749 1.060874224 0.008330550 0.364679784 -0.018988846 0.930902123
145879066666.666656 0.374362350 0.042613368 1.061670303 0.008253865 0.364908963 -0.019083371 0.930811048
145895750000.000000 0.374393702 0.042627215 1.062443495 0.008402212 0.365422398 -0.018981025 0.930610359
145912433333.333313 0.375547290 0.042702012 1.062852025 0.008501837 0.364742368 -0.018870918 0.930878460
145929116666.666656 0.375995040 0.042769648 1.063554406 0.008743611 0.364646882 -0.018655563 0.930917919
145945800000.000000 0.376348466 0.042862158 1.064197063 0.008858357 0.364723414 -0.018780908 0.930884421
145962483333.333313 0.376611322 0.042721014 1.064944863 0.008679053 0.364826590 -0.018945411 0.930842340
145979166666.666656 0.376698315 0.042932585 1.065608740 0.009042909 0.365148365 -0.018868774 0.930714190
145995850000.000000 0.377476960 0.042968225 1.066394925 0.008875783 0.365100771 -0.018776823 0.930736363
146012533333.333313 0.378061771 0.043115292 1.067250252 0.008995419 0.365038306 -0.018845255 0.930758297
146029216666.666656 0.378535450 0.043110080 1.068047881 0.008871143 0.365162820 -0.018639699 0.930714786
146045900000.000000 0.378767401 0.043176845 1.068753958 0.008549521 0.365238994 -0.019233838 0.930675864
146062583333.333313 0.379298359 0.043315440 1.069440126 0.008448936 0.365202695 -0.019435760 0.930686831
146079266666.666687 0.379803926 0.043325912 1.070318341 0.008447309 0.365310490 -0.019196099 0.930649519
146095950000.000031 0.380324990 0.043437414 1.070965052 0.008560674 0.365151763 -0.019258954 0.930709481
146112633333.333344 0.380591214 0.043560091 1.071641564 0.008423637 0.365262717 -0.019503677 0.930662036
146129316666.666687 0.381729424 0.043766633 1.072744131 0.008715811 0.365280986 -0.019586856 0.930650532
146146000000.000000 0.381373465 0.043829620 1.073426485 0.008559595 0.365785629 -0.019560138 0.930454254
146162683333.333344 0.383054256 0.043863572 1.073964119 0.008858913 0.364792526 -0.018706378 0.930858731
146179366666.666687 0.383822352 0.043865956 1.074712396 0.008785393 0.364662528 -0.018558254 0.930913389
146196050000.000000 0.384825826 0.043962292 1.075495958 0.008974089 0.364192635 -0.018426247 0.931098163
146212733333.333344 0.385223866 0.044033140 1.076273203 0.008885270 0.364310682 -0.018597556 0.931049407
146229416666.666687 0.385644048 0.044071253 1.076931834 0.008684410 0.364357322 -0.018770523 0.931029558
146246100000.000000 0.386144459 0.044045102 1.077961922 0.008656953 0.364422798 -0.018657176 0.931006491
146262783333.333344 0.386571586 0.043909885 1.078682542 0.008596943 0.364499569 -0.018448951 0.930981100
146279466666.666687 0.387153894 0.044304788 1.079397917 0.009104056 0.364382625 -0.019148400 0.931007922
146296150000.000000 0.387448758 0.044238660 1.080109119 0.009119671 0.364510030 -0.019175986 0.930957377
146312833333.333344 0.387896836 0.044290856 1.081154823 0.009272757 0.364895612 -0.019428631 0.930799544
146329516666.666687 0.388290465 0.044013068 1.081379414 0.008726996 0.364558965 -0.019231057 0.930940807
146346200000.000000 0.388720393 0.043941572 1.082182527 0.008753341 0.364564955 -0.019154646 0.930939794
146362883333.333344 0.389154464 0.044039346 1.082903028 0.008679498 0.364517033 -0.019656504 0.930948853
146379566666.666687 0.389390260 0.044014841 1.083528757 0.008870436 0.364699244 -0.019498821 0.930878997
146396250000.000000 0.390169412 0.043919854 1.084502220 0.008486746 0.364574373 -0.020008592 0.930920660
146412933333.333344 0.390568376 0.043877069 1.085130453 0.008554342 0.364706278 -0.019633440 0.930876315
146429616666.666687 0.390877545 0.043888569 1.085896492 0.008691697 0.364748716 -0.019680427 0.930857420
146446300000.000000 0.391279936 0.043835241 1.086718440 0.008636496 0.365047872 -0.019519674 0.930744052
146462983333.333344 0.391982228 0.043882452 1.087662101 0.008734071 0.365210205 -0.019738305 0.930674851
146479666666.666687 0.392525256 0.043644994 1.088114619 0.008534703 0.364742368 -0.019325566 0.930868804
146496350000.000000 0.392936587 0.043640204 1.088715315 0.008925955 0.364712179 -0.018896038 0.930885792
146513033333.333344 0.393257201 0.043560594 1.089753985 0.008712601 0.364886582 -0.018791977 0.930821598
146529716666.666687 0.393787682 0.043792024 1.090292692 0.008662009 0.364769667 -0.019122254 0.930861175
146546400000.000000 0.394416511 0.043643549 1.091192484 0.008491981 0.364727855 -0.018891020 0.930883825
146563083333.333344 0.394844115 0.043689091 1.091918111 0.008521899 0.364721626 -0.019029044 0.930883169
146579766666.666656 0.395197421 0.043913037 1.092628717 0.008715550 0.364756286 -0.019155797 0.930865228
146596450000.000000 0.395536840 0.043940693 1.093617678 0.008574565 0.365190119 -0.018715406 0.930705369
146613133333.333344 0.396282673 0.044246912 1.093988419 0.008522243 0.364566445 -0.019329676 0.930937707
146629816666.666656 0.396762431 0.044279020 1.094768286 0.008479117 0.364609241 -0.019288527 0.930922210
146646500000.000000 0.397640586 0.044713199 1.095484376 0.008721337 0.364012271 -0.020065630 0.931137204
146663183333.333344 0.398077041 0.044575054 1.096382022 0.008442131 0.364304781 -0.019444456 0.931038499
146679866666.666656 0.398356438 0.044673186 1.097151279 0.008486556 0.364555717 -0.019478895 0.930939138
146696550000.000000 0.398685247 0.044782974 1.098014235 0.008518635 0.364646405 -0.019369556 0.930905640
146713233333.333344 0.399332792 0.044901572 1.098805904 0.008661339 0.364566654 -0.019391552 0.930935085
146729916666.666656 0.399706781 0.044825077 1.099707723 0.008435498 0.364747107 -0.019341361 0.930867493
146746600000.000000 0.400401533 0.045106795 1.100561142 0.008723025 0.364656925 -0.019429173 0.930898368
146763283333.333344 0.400883615 0.045155682 1.100925922 0.008973303 0.364380807 -0.019067641 0.931011558
146779966666.666656 0.401211977 0.045110323 1.101812840 0.008894316 0.364567786 -0.018978136 0.930940986
146796650000.000000 0.401707977 0.045268886 1.102547288 0.009122420 0.364440650 -0.019070771 0.930986643
146813333333.333344 0.401702911 0.045202851 1.103310585 0.009230663 0.364824831 -0.018663002 0.930843413
146830016666.666656 0.402353644 0.045023169 1.104297996 0.009032876 0.364874661 -0.018644569 0.930826128
146846700000.000000 0.402747482 0.045088891 1.104958296 0.009089281 0.364751071 -0.018740578 0.930872083
146863383333.333344 0.403625011 0.045214865 1.105732679 0.008943683 0.364446789 -0.019471295 0.930977762
146880066666.666656 0.404279798 0.045127690 1.106479883 0.008907237 0.364379942 -0.019519933 0.931003213
146896750000.000000 0.404851377 0.045062751 1.107414126 0.008730594 0.364349365 -0.019510034 0.931017101
146913433333.333344 0.405289710 0.045091942 1.108247519 0.008883117 0.364351332 -0.019782051 0.931009114
146930116666.666656 0.405939937 0.044919491 1.109125495 0.008896287 0.364252478 -0.019470993 0.931054235
146946800000.000000 0.405947506 0.044966977 1.109858513 0.008791606 0.364582598 -0.019793108 0.930919170
146963483333.333344 0.406674445 0.044814978 1.110598326 0.008704986 0.364484370 -0.019395661 0.930966854
146980166666.666656 0.406990379 0.044827007 1.111412764 0.008766220 0.364651591 -0.019279532 0.930903196
146996850000.000000 0.407536387 0.044638813 1.112154603 0.008820280 0.364593327 -0.018846093 0.930934370
147013533333.333313 0.407646149 0.044740841 1.112756252 0.008812307 0.364951521 -0.019245539 0.930785894
147030216666.666656 0.407924414 0.044887662 1.113659978 0.008594861 0.365162581 -0.019844133 0.930692554
147046900000.000000 0.408937991 0.044900499 1.113857508 0.008848005 0.364352465 -0.019098291 0.931023240
147063583333.333313 0.409357965 0.045026794 1.114515543 0.008770005 0.364297271 -0.019304460 0.931041360
147080266666.666656 0.409958780 0.044984825 1.115249515 0.008866538 0.364142507 -0.019004742 0.931107163
147096950000.000000 0.410444677 0.045222498 1.116156459 0.008974805 0.364093482 -0.019134291 0.931122601
147113633333.333313 0.410851836 0.045140654 1.116909623 0.008807127 0.364314139 -0.018897422 0.931042731
147130316666.666656 0.411269397 0.045100078 1.117788076 0.008638069 0.364261270 -0.018953979 0.931063890
147147000000.000000 0.411588550 0.045121886 1.118567109 0.008490317 0.364398330 -0.019059870 0.931009412
147163683333.333313 0.411994189 0.045320831 1.119279027 0.008576064 0.364392787 -0.019353127 0.931004763
147180366666.666656 0.412796348 0.045622647 1.120017529 0.008971596 0.364113659 -0.019285684 0.931111693
147197050000.000000 0.413534582 0.045604412 1.120790482 0.008989529 0.364061415 -0.018971216 0.931138396
147213733333.333313 0.414008021 0.045633048 1.121551394 0.008838447 0.364124119 -0.019168977 0.931111217
147230416666.666656 0.414400280 0.045693226 1.122416019 0.008854669 0.364213914 -0.019121226 0.931076944
147247100000.000000 0.415111572 0.045985669 1.122973084 0.009161195 0.364000350 -0.019029524 0.931159377
147263783333.333313 0.415812790 0.045967333 1.124102592 0.008928224 0.364120215 -0.019230392 0.931110620
147280466666.666687 0.416549742 0.046082981 1.124798298 0.009145440 0.364007950 -0.019068107 0.931155741
147297150000.000031 0.417076766 0.046055652 1.125536323 0.008936503 0.363867104 -0.019222502 0.931209624
147313833333.333344 0.417955011 0.045994081 1.126420498 0.008870948 0.363714904 -0.019223936 0.931269765
147330516666.666687 0.417833030 0.046214890 1.126839399 0.009245683 0.363846183 -0.019064913 0.931218088
147347200000.000000 0.417925745 0.046150319 1.127655625 0.008880355 0.364235103 -0.019479355 0.931060970
147363883333.333344 0.418430835 0.046269011 1.128511071 0.009035437 0.364344597 -0.019493410 0.931016386
147380566666.666687 0.419117779 0.046263546 1.129345894 0.009172679 0.364236206 -0.019507237 0.931057155
147397250000.000000 0.419500887 0.046204675 1.129868627 0.009327412 0.364042848 -0.019350570 0.931134462
147413933333.333344 0.419891030 0.046300314 1.130943656 0.009136863 0.364371300 -0.019856710 0.930997252
147430616666.666687 0.420983434 0.046092000 1.131988287 0.009068269 0.364229113 -0.019658523 0.931057751
147447300000.000000 0.421379894 0.046117447 1.132685781 0.009080778 0.364256293 -0.019729925 0.931045532
147463983333.333344 0.421354532 0.046056155 1.132846951 0.008977823 0.364183217 -0.019494019 0.931080043
147480666666.666687 0.421908498 0.045987353 1.133790016 0.009002441 0.364213228 -0.019358940 0.931070924
147497350000.000000 0.422471941 0.045962241 1.134665728 0.009033238 0.364129722 -0.019198231 0.931106508
147514033333.333344 0.423242629 0.045872718 1.135774255 0.008988259 0.364201725 -0.019217735 0.931078434
147530716666.666687 0.423285425 0.045741998 1.136218786 0.008861578 0.364355266 -0.019569313 0.931012273
147547400000.000000 0.423836410 0.045797206 1.137073994 0.008964936 0.364390910 -0.019456103 0.930999696
147564083333.333344 0.424594998 0.045848578 1.138064146 0.009025807 0.364189506 -0.019592736 0.931075037
147580766666.666687 0.424977750 0.045777597 1.138510942 0.008818484 0.364187300 -0.019556388 0.931078672
147597450000.000000 0.425455391 0.045751411 1.139454722 0.008778188 0.364249796 -0.019675104 0.931052089
147614133333.333344 0.425714850 0.045809727 1.140063286 0.008727673 0.364223510 -0.019591741 0.931064606
147630816666.666687 0.426220953 0.045863669 1.141020298 0.008736303 0.364305466 -0.019631024 0.931031644
147647500000.000000 0.426687211 0.045851640 1.141785026 0.008509802 0.364408940 -0.019772924 0.930990279
147664183333.333344 0.426884502 0.045859732 1.142573595 0.008561154 0.364480555 -0.019690661 0.930963516
147680866666.666687 0.427445412 0.046138078 1.143639088 0.008784983 0.364553124 -0.019813158 0.930930436
147697550000.000000 0.427256972 0.046140991 1.143473864 0.008686653 0.364535838 -0.019509306 0.930944443
147714233333.333344 0.428172052 0.046320170 1.144553900 0.008938500 0.364380389 -0.019440174 0.931004465
147730916666.666687 0.428765863 0.046564788 1.145624161 0.009329582 0.364346355 -0.019325472 0.931016266
147747600000.000000 0.428980321 0.046590265 1.145965576 0.009088363 0.364309639 -0.019566154 0.931027949
147764283333.333344 0.429300129 0.046654023 1.146340251 0.008664437 0.364215821 -0.019941512 0.931060731
147780966666.666656 0.430069298 0.046903603 1.147179484 0.008751040 0.364106357 -0.019958647 0.931102395
147797650000.000000 0.430295885 0.046967726 1.147912979 0.008747926 0.364149541 -0.019979214 0.931085110
147814333333.333344 0.430822134 0.047023281 1.148718476 0.008902674 0.364044607 -0.019674877 0.931131184
147831016666.666656 0.431551486 0.047113333 1.149621487 0.008741738 0.364035159 -0.019894566 0.931131721
147847700000.000000 0.432016313 0.047223285 1.150454998 0.008867814 0.363914490 -0.019795109 0.931179762
147864383333.333344 0.431999862 0.047426932 1.150984049 0.009085451 0.364082307 -0.019765502 0.931112707
147881066666.666656 0.432915628 0.047455564 1.151935458 0.009020930 0.363949478 -0.020091573 0.931158304
147897750000.000000 0.433526516 0.047470257 1.153016210 0.009214837 0.363658130 -0.019716255 0.931278288
147914433333.333344 0.433412135 0.047301289 1.153432727 0.008909053 0.363955170 -0.019868538 0.931161940
147931116666.666656 0.433703959 0.047323033 1.154168963 0.008719515 0.363992065 -0.020389026 0.931138039
147947800000.000000 0.434198141 0.047340713 1.154817700 0.008797361 0.363898069 -0.020034945 0.931181729
147964483333.333344 0.434761703 0.047438946 1.155738831 0.008965084 0.363736063 -0.020247815 0.931238830
147981166666.666656 0.435268283 0.047495276 1.156609774 0.009095308 0.363827169 -0.020207157 0.931202948
147997850000.000000 0.435810626 0.047533330 1.157490253 0.009068440 0.363830775 -0.020509221 0.931195140
148014533333.333344 0.435878962 0.047451526 1.158019781 0.009316388 0.363832533 -0.020103795 0.931200862
148031216666.666656 0.436393380 0.047585048 1.158582449 0.009511261 0.363640428 -0.020129407 0.931273341
148047900000.000000 0.437130183 0.047682215 1.159626961 0.009510486 0.363636225 -0.020235157 0.931272745
148064583333.333344 0.437818289 0.046846125 1.160447121 0.009101121 0.363355458 -0.019147409 0.931409299
148081266666.666656 0.438092232 0.046621025 1.160902858 0.008802163 0.363332987 -0.019047825 0.931423008
148097950000.000000 0.438993990 0.046795517 1.161854029 0.008913462 0.363033652 -0.019308766 0.931533396
148114633333.333344 0.439092964 0.046803709 1.162356615 0.009013521 0.363085359 -0.019120513 0.931516111
148131316666.666656 0.439424127 0.046792939 1.163115144 0.008862635 0.363158584 -0.019083058 0.931489825
148148000000.000000 0.439273566 0.047033735 1.163895845 0.009157462 0.363646060 -0.019854177 0.931280613
148164683333.333344 0.440130055 0.046920732 1.164751887 0.008792864 0.363619506 -0.019864902 0.931294203
148181366666.666656 0.440289289 0.046909183 1.165419579 0.008772872 0.363716334 -0.019897891 0.931255877
148198050000.000000 0.440796942 0.047099907 1.166030049 0.008745720 0.363635153 -0.019988939 0.931285918
148214733333.333313 0.440945208 0.047242738 1.166626453 0.008860038 0.363803893 -0.020072576 0.931217134
148231416666.666656 0.441697359 0.047189906 1.167648554 0.008842831 0.363609135 -0.019683687 0.931301713
148248100000.000000 0.442476064 0.047260270 1.168609262 0.008784991 0.363590986 -0.019823642 0.931306303
148264783333.333313 0.442687988 0.047462203 1.169359684 0.009113234 0.363779336 -0.019536234 0.931235671
148281466666.666656 0.443086922 0.047366135 1.169995785 0.008968849 0.363769829 -0.019321851 0.931245267
148298150000.000000 0.443872750 0.047475733 1.170632839 0.009063235 0.363369167 -0.019382175 0.931399524
148314833333.333313 0.444300294 0.047748819 1.171420097 0.009010596 0.363528490 -0.019713687 0.931330919
148331516666.666656 0.444564700 0.047735617 1.172132850 0.009152114 0.363649577 -0.019327842 0.931290388
148348200000.000000 0.444982678 0.047775134 1.172818661 0.009159259 0.363561094 -0.019154029 0.931328416
148364883333.333313 0.445468843 0.048000082 1.173793077 0.009385467 0.363721132 -0.019419784 0.931258202
148381566666.666656 0.446305186 0.048246972 1.174648046 0.009347513 0.363394499 -0.019779878 0.931378543
148398250000.000000 0.446518958 0.048135206 1.175215840 0.009310337 0.363588542 -0.019472005 0.931309581
148414933333.333313 0.447104484 0.048336916 1.176051974 0.009159847 0.363684088 -0.019763727 0.931267619
148431616666.666656 0.447533190 0.048184816 1.176863432 0.008954704 0.363729984 -0.019830296 0.931250334
148448300000.000000 0.447964638 0.048107669 1.177121878 0.008812474 0.363385856 -0.019655922 0.931389689
148464983333.333313 0.448215872 0.048104778 1.177857876 0.008713426 0.363534629 -0.019484332 0.931336164
148481666666.666687 0.448642105 0.048039041 1.178559899 0.008565099 0.363504589 -0.019699734 0.931344748
148498350000.000031 0.449719876 0.048035860 1.179611802 0.008591403 0.363267183 -0.019558212 0.931440115
148515033333.333344 0.450139850 0.048118807 1.180445075 0.008742560 0.363385051 -0.019680686 0.931390107
148531716666.666687 0.450604171 0.048106574 1.181180596 0.008868366 0.363423944 -0.019689053 0.931373596
148548400000.000000 0.451346040 0.047973014 1.182194233 0.008941534 0.363476694 -0.019603729 0.931354105
148565083333.333344 0.451625168 0.047937006 1.182588339 0.008840424 0.363325894 -0.019593755 0.931414127
148581766666.666687 0.452195466 0.047923755 1.183724642 0.008714542 0.363596380 -0.019917691 0.931302965
148598450000.000000 0.452631772 0.047938131 1.184431791 0.008709095 0.363637507 -0.019996943 0.931285203
148615133333.333344 0.452978283 0.047949541 1.184674144 0.008801615 0.363226920 -0.019935468 0.931445897
148631816666.666687 0.453123480 0.047919821 1.185400486 0.008622439 0.363433868 -0.020203181 0.931361020
148648500000.000000 0.453689188 0.047914527 1.186362147 0.008611321 0.363428473 -0.020114841 0.931365192
148665183333.333344 0.454591513 0.047695134 1.187236547 0.008579507 0.363340348 -0.019576674 0.931411326
148681866666.666687 0.454850912 0.047756288 1.187747240 0.008701278 0.363208473 -0.019511530 0.931462944
148698550000.000000 0.455455661 0.047709692 1.188655734 0.008703607 0.363258570 -0.019272104 0.931448400
148715233333.333344 0.456035972 0.047740165 1.189273000 0.008593488 0.363065541 -0.019361237 0.931522846
148731916666.666687 0.456495821 0.047878318 1.190124273 0.008615256 0.363154173 -0.019416831 0.931486964
148748600000.000000 0.456621289 0.047993921 1.190747857 0.008711110 0.363296241 -0.019626051 0.931426227
148765283333.333344 0.457109928 0.048155062 1.191508770 0.008674511 0.363287687 -0.019758677 0.931427062
148781966666.666687 0.457767904 0.048111051 1.192334294 0.008424478 0.363140821 -0.019731821 0.931487262
148798650000.000000 0.457718790 0.048166335 1.193079472 0.008288883 0.363563985 -0.019910596 0.931319594
148815333333.333344 0.458520591 0.048489287 1.194026709 0.008504950 0.363459378 -0.019919613 0.931358278
148832016666.666687 0.458753407 0.048677124 1.194766402 0.008857098 0.363522917 -0.019556277 0.931337893
148848700000.000000 0.459133267 0.048636824 1.195114136 0.008859322 0.363267660 -0.019320125 0.931442380
148865383333.333344 0.459650755 0.048792753 1.196099520 0.008799395 0.363289088 -0.019534424 0.931430161
148882066666.666687 0.460481048 0.048869282 1.196828127 0.009009997 0.362933338 -0.019061206 0.931576610
148898750000.000000 0.460750639 0.049003832 1.197811842 0.008812446 0.363294601 -0.019357881 0.931431592
148915433333.333344 0.461308300 0.049051709 1.198591948 0.008914283 0.363128334 -0.019313373 0.931496322
148932116666.666687 0.461625248 0.049126487 1.199145913 0.009135880 0.363133848 -0.019262930 0.931493104
148948800000.000000 0.462158322 0.049219325 1.200024366 0.009244435 0.363083720 -0.019218594 0.931512475
148965483333.333344 0.462279975 0.049394909 1.200684309 0.009114196 0.363192290 -0.019623935 0.931462944
148982166666.666656 0.462437451 0.049406901 1.201094985 0.009009762 0.363176018 -0.019701006 0.931468725
148998850000.000000 0.462984383 0.049427360 1.202295780 0.008865356 0.363386065 -0.019870836 0.931384504
149015533333.333344 0.463283360 0.049464125 1.202855587 0.008601040 0.363338709 -0.020226628 0.931397915
149032216666.666656 0.464167625 0.049457125 1.203941345 0.008736393 0.363183141 -0.020130215 0.931459367
149048900000.000000 0.464636505 0.049246386 1.204689860 0.008860108 0.363263041 -0.019707430 0.931436062
149065583333.333344 0.464852393 0.049212441 1.205287218 0.008828001 0.363276750 -0.019572517 0.931433856
149082266666.666656 0.465562880 0.049376838 1.206154466 0.008894606 0.363128960 -0.019898405 0.931483924
149098950000.000000 0.466028661 0.049239755 1.206875801 0.009019595 0.363086104 -0.019762671 0.931502402
149115633333.333344 0.466209650 0.049334053 1.207516074 0.009066842 0.363336951 -0.019768890 0.931403995
149132316666.666656 0.466867268 0.049339265 1.208404541 0.009069223 0.363290191 -0.019871293 0.931419969
149149000000.000000 0.467434257 0.048929386 1.209298491 0.008690723 0.363485366 -0.019487333 0.931355596
149165683333.333344 0.468313605 0.048716150 1.210027099 0.008607354 0.362820476 -0.019230651 0.931620896
149182366666.666656 0.468064547 0.048869874 1.210459352 0.008548137 0.363225430 -0.019615157 0.931455612
149199050000.000000 0.468446523 0.048949674 1.211151719 0.008704189 0.363420039 -0.019798283 0.931374371
149215733333.333344 0.469135582 0.048855938 1.211968184 0.008643969 0.363162816 -0.019748921 0.931476295
149232416666.666656 0.469577074 0.048778009 1.212732434 0.008503404 0.363228619 -0.019916561 0.931448400
149249100000.000000 0.470063329 0.049075712 1.213556290 0.008994806 0.363208026 -0.019836960 0.931453466
149265783333.333344 0.470811963 0.048956264 1.214182377 0.008836616 0.363038361 -0.019908028 0.931519628
149282466666.666656 0.471179336 0.048901677 1.215018868 0.008915091 0.363240123 -0.019469714 0.931449473
149299150000.000000 0.471043408 0.048878968 1.215594530 0.008630871 0.363524646 -0.019617042 0.931338072
149315833333.333344 0.471501976 0.049075995 1.216156006 0.008813332 0.363529235 -0.019927235 0.931327999
149332516666.666656 0.472007334 0.049206115 1.216857553 0.008835301 0.363429248 -0.019843603 0.931368589
149349200000.000000 0.472718716 0.049259339 1.217798710 0.009109365 0.363476992 -0.019534163 0.931353867
149365883333.333344 0.473187447 0.049436316 1.218370914 0.009196941 0.363363087 -0.019464891 0.931398869
149382566666.666656 0.473270595 0.049426280 1.218967795 0.008998825 0.363557786 -0.019662317 0.931320727
149399250000.000000 0.474159300 0.049674191 1.219985485 0.009067964 0.363616467 -0.019766465 0.931294918
149415933333.333313 0.474717617 0.049778551 1.220459104 0.009215967 0.363317043 -0.019385969 0.931418300
149432616666.666656 0.475170672 0.049852286 1.221234322 0.008927096 0.363461465 -0.019793427 0.931356192
149449300000.000000 0.475498587 0.050057009 1.221870422 0.009108181 0.363625973 -0.019798651 0.931290150
149465983333.333313 0.476017773 0.049980566 1.222731113 0.008981264 0.363587976 -0.019628655 0.931309760
149482666666.666656 0.476697743 0.049997073 1.223099113 0.009153579 0.363228709 -0.019430418 0.931452394
149499350000.000000 0.477194726 0.050168663 1.223898172 0.009450540 0.363368124 -0.019160343 0.931400657
149516033333.333313 0.477716863 0.050311327 1.224651933 0.009403843 0.363274336 -0.019260205 0.931435645
149532716666.666656 0.478346497 0.050373934 1.225386143 0.009600442 0.363212794 -0.018811299 0.931466877
149549400000.000000 0.478679895 0.050274350 1.226084352 0.009277468 0.363346159 -0.019235743 0.931409419
149566083333.333313 0.479268163 0.050324522 1.227160573 0.009335734 0.363606513 -0.019536603 0.931300998
149582766666.666656 0.479660451 0.050281145 1.227606773 0.009217472 0.363368481 -0.019100271 0.931404114
149599450000.000000 0.479991913 0.050283812 1.228209972 0.009343008 0.363487989 -0.018984092 0.931358635
149616133333.333313 0.480516374 0.050332122 1.229245186 0.009297677 0.363749564 -0.019417604 0.931248009
149632816666.666656 0.480927110 0.050225649 1.230013967 0.008957571 0.363837540 -0.019757124 0.931209803
149649500000.000000 0.481708050 0.050009288 1.230897307 0.008675389 0.363866031 -0.019361664 0.931209624
149666183333.333313 0.482324898 0.049957320 1.231361985 0.008518541 0.363630742 -0.019444149 0.931301296
149682866666.666687 0.483067989 0.049917899 1.232492924 0.008577667 0.363687515 -0.019585330 0.931275606
149699550000.000031 0.483266115 0.049832202 1.233173132 0.008586519 0.363916099 -0.019292733 0.931192338
149716233333.333344 0.483713448 0.049714543 1.233932734 0.008462024 0.364115089 -0.019164601 0.931118369
149732916666.666687 0.484157473 0.049845934 1.234793901 0.008799548 0.364523858 -0.019474609 0.930948853
149749600000.000000 0.484762728 0.049886674 1.235596180 0.008690714 0.364388764 -0.019411828 0.931004047
149766283333.333344 0.484894812 0.049902417 1.236273885 0.008828318 0.364724457 -0.019484093 0.930869758
149782966666.666687 0.485283107 0.049880534 1.237235904 0.008593021 0.364953518 -0.019996589 0.930771351
149799650000.000000 0.485766768 0.049915887 1.238089800 0.008709658 0.365105897 -0.019857846 0.930713475
149816333333.333344 0.486318260 0.049979657 1.238724470 0.008817134 0.364902258 -0.019686356 0.930795968
149833016666.666687 0.486804962 0.050068080 1.239575386 0.008757348 0.365093857 -0.019815896 0.930718601
149849700000.000000 0.487077087 0.050072063 1.240221024 0.008568127 0.365176499 -0.019902319 0.930686116
149866383333.333344 0.487616390 0.050118063 1.241002560 0.008552143 0.365175664 -0.019810861 0.930688560
149883066666.666687 0.487918854 0.050184254 1.241547823 0.008736576 0.364964724 -0.019491959 0.930776298
149899750000.000000 0.488466352 0.050398529 1.242374182 0.008872740 0.364811689 -0.019700242 0.930830598
149916433333.333344 0.488821268 0.050515644 1.243054152 0.008978833 0.364838749 -0.019615220 0.930820823
149933116666.666687 0.489252269 0.050592031 1.243875504 0.008763148 0.364858359 -0.019809373 0.930811048
149949800000.000000 0.489395797 0.050656643 1.244556904 0.008842378 0.365302503 -0.019781107 0.930636644
149966483333.333344 0.490238965 0.050805099 1.245397925 0.008795216 0.364947110 -0.019764788 0.930776894
149983166666.666687 0.490614057 0.050816290 1.246168971 0.008817151 0.365020007 -0.019464411 0.930754483
149999850000.000000 0.490971982 0.050877959 1.246866703 0.008923483 0.365156561 -0.019631915 0.930696309
150016533333.333344 0.491406828 0.050953984 1.247591972 0.008956667 0.364999831 -0.019558096 0.930759013
150033216666.666687 0.491909683 0.050959788 1.248487949 0.008766150 0.365032852 -0.019658662 0.930745840
150049900000.000000 0.492276073 0.051122375 1.249163747 0.008867046 0.365065277 -0.019982759 0.930725217
150066583333.333344 0.492690384 0.051164329 1.249837756 0.008812579 0.365095556 -0.020118365 0.930710971
150083266666.666687 0.493213475 0.051215723 1.250740409 0.008738141 0.365047038 -0.020080617 0.930731475
150099950000.000000 0.493454754 0.051117543 1.251584530 0.008697133 0.365455061 -0.019700434 0.930579901
150116633333.333344 0.494097471 0.051135816 1.252459049 0.008663112 0.365334600 -0.019979903 0.930621505
150133316666.666687 0.494540155 0.051131874 1.253134251 0.008753703 0.365197539 -0.020126062 0.930671334
150150000000.000000 0.494844019 0.051101308 1.253795147 0.008706775 0.365425020 -0.020088242 0.930583298
150166683333.333344 0.495317847 0.051098242 1.254614472 0.008790291 0.365423501 -0.019727867 0.930590868
150183366666.666656 0.496021509 0.051092956 1.255506754 0.008684431 0.365327895 -0.020057999 0.930622280
150200050000.000000 0.496241093 0.050951540 1.256210089 0.008657330 0.365620077 -0.019689906 0.930515707
150216733333.333344 0.496733606 0.050881088 1.256898403 0.008498685 0.365502477 -0.019850062 0.930559874
150233416666.666656 0.497221738 0.050782710 1.257636547 0.008271804 0.365407288 -0.019897068 0.930598319
150250100000.000000 0.497783124 0.050800703 1.258338451 0.008198603 0.365266800 -0.020045029 0.930650949
150266783333.333344 0.498213887 0.050769530 1.259180903 0.008269961 0.365542471 -0.019919846 0.930544734
150283466666.666656 0.498822391 0.050811402 1.260041714 0.008428280 0.365491599 -0.019697864 0.930568039
150300150000.000000 0.499281824 0.050793014 1.260741711 0.008570777 0.365583479 -0.019388113 0.930537164
150316833333.333344 0.499585003 0.050869390 1.261476159 0.008736214 0.365882456 -0.019533820 0.930415094
150333516666.666656 0.499938905 0.050917305 1.262135744 0.008759826 0.365951121 -0.019763766 0.930383027
150350200000.000000 0.500418127 0.050936565 1.262920976 0.008724429 0.365998775 -0.019924905 0.930361092
150366883333.333344 0.500939906 0.050976008 1.263658285 0.008678925 0.366068780 -0.019671418 0.930339456
150383566666.666656 0.501412868 0.051187534 1.264395237 0.008903004 0.366067797 -0.019770376 0.930335581
150400250000.000000 0.502089441 0.051303007 1.265236616 0.008972383 0.366107881 -0.019943358 0.930315495
150416933333.333344 0.502579510 0.051344275 1.265960217 0.008935085 0.366133094 -0.019835094 0.930308223
150433616666.666656 0.503013134 0.051347625 1.266631126 0.008798067 0.366106093 -0.019727027 0.930322409
150450300000.000000 0.503281474 0.051402278 1.267256975 0.008795675 0.366249502 -0.019571740 0.930269301
150466983333.333344 0.503797293 0.051433917 1.267922878 0.008912633 0.366249353 -0.019393085 0.930271983
150483666666.666656 0.504240870 0.051564954 1.268693805 0.008954587 0.366511583 -0.019547308 0.930165112
150500350000.000000 0.504920423 0.051768798 1.269538045 0.008956670 0.366561830 -0.019829463 0.930139303
150517033333.333344 0.505615354 0.051896766 1.270415664 0.008961698 0.366365969 -0.020121532 0.930210114
150533716666.666656 0.505979896 0.052051626 1.271074533 0.009017706 0.366539240 -0.019996539 0.930144012
150550400000.000000 0.506430268 0.052087262 1.271765709 0.008987538 0.366423160 -0.020127123 0.930187225
150567083333.333344 0.507006228 0.052237839 1.272450089 0.009239714 0.366540402 -0.020069301 0.930139780
150583766666.666656 0.507741749 0.052403461 1.273344874 0.009493290 0.366548330 -0.019787511 0.930140138
150600450000.000000 0.508007646 0.052349009 1.273928523 0.009286076 0.366733611 -0.019922731 0.930066288
150617133333.333313 0.508747280 0.052347176 1.274934411 0.009323834 0.366934448 -0.019806493 0.929989219
150633816666.666656 0.509170294 0.052315556 1.275523543 0.009408124 0.366961747 -0.019705711 0.929979742
150650500000.000000 0.509643853 0.052277956 1.276373625 0.009274002 0.367162853 -0.020000240 0.929895461
150667183333.333313 0.510143161 0.052279592 1.277133584 0.009349486 0.367409617 -0.019655967 0.929804564
150683866666.666656 0.510613561 0.052291960 1.277806520 0.009222589 0.367396265 -0.019849928 0.929807007
150700550000.000000 0.511551142 0.052357778 1.278778315 0.009219471 0.367166102 -0.019916333 0.929896533
150717233333.333313 0.511938751 0.052321505 1.279368877 0.009107797 0.367228687 -0.020005217 0.929870903
150733916666.666656 0.512144864 0.052131936 1.279971361 0.008878106 0.367453068 -0.019692697 0.929791272
150750600000.000000 0.512543559 0.051988542 1.280851841 0.008592353 0.367861331 -0.019623140 0.929633915
150767283333.333313 0.512921810 0.051926952 1.281406879 0.008564143 0.367766231 -0.019910300 0.929665744
150783966666.666656 0.513301730 0.051866069 1.282256961 0.008320678 0.367950171 -0.020023867 0.929592669
150800650000.000000 0.513872981 0.051835835 1.283026457 0.008364459 0.368099332 -0.019917287 0.929535508
150817333333.333313 0.514324427 0.051698945 1.283712506 0.008277229 0.368250459 -0.019600138 0.929483235
150834016666.666656 0.514849663 0.051727798 1.284564734 0.008369634 0.368372262 -0.019891197 0.929427922
150850700000.000000 0.515434384 0.051702242 1.285183668 0.008598172 0.368276894 -0.019526038 0.929471374
150867383333.333313 0.515780091 0.051734116 1.285840988 0.008574707 0.368485034 -0.019730842 0.929384768
150884066666.666687 0.516219139 0.051759504 1.286623716 0.008646242 0.368557632 -0.019553803 0.929359019
150900750000.000031 0.516654849 0.051843032 1.287317395 0.008985010 0.368608057 -0.019412354 0.929338813
150917433333.333344 0.517442822 0.051989444 1.288323402 0.008735021 0.368371844 -0.020087818 0.929420471
150934116666.666687 0.517829359 0.051873952 1.288935542 0.008519151 0.368568122 -0.020258520 0.929341018
150950800000.000000 0.518291056 0.051988207 1.289730310 0.008675385 0.368531048 -0.020070916 0.929358304
150967483333.333344 0.518775523 0.052176312 1.290364504 0.008945508 0.368561536 -0.019980773 0.929345608
150984166666.666687 0.519015789 0.052107967 1.291014791 0.008881842 0.368792146 -0.019703856 0.929260612
151000850000.000000 0.519619465 0.052282646 1.291999102 0.008646342 0.368751019 -0.020627959 0.929259121
151017533333.333344 0.519856691 0.052323408 1.292643547 0.008709548 0.368903548 -0.020546000 0.929199815
151034216666.666687 0.520369947 0.052495241 1.293354511 0.008906826 0.368981898 -0.020474512 0.929168403
151050900000.000000 0.520579875 0.052459881 1.294106364 0.008664890 0.369299382 -0.020705879 0.929039419
151067583333.333344 0.521185279 0.052639574 1.294897318 0.008951621 0.369299412 -0.020598140 0.929039121
151084266666.666687 0.521606266 0.052781109 1.295616865 0.009154963 0.369236439 -0.020353967 0.929067552
151100950000.000000 0.522208691 0.052891791 1.296447992 0.009056602 0.369280517 -0.020303719 0.929052055
151117633333.333344 0.522550523 0.052959867 1.297181606 0.009181399 0.369368136 -0.020238062 0.929017425
151134316666.666687 0.523002386 0.053003006 1.297966480 0.009270198 0.369505793 -0.019895682 0.928969264
151151000000.000000 0.523398519 0.053009521 1.298636436 0.008915142 0.369515687 -0.020532727 0.928954840
151167683333.333344 0.524125934 0.053118527 1.299567699 0.008730566 0.369555712 -0.020716732 0.928936660
151184366666.666687 0.524591923 0.053158246 1.300266385 0.009031287 0.369516790 -0.020516733 0.928953707
151201050000.000000 0.524982691 0.053282063 1.301087976 0.009320304 0.369722247 -0.020443548 0.928870678
151217733333.333344 0.525502384 0.053231806 1.301634908 0.009303160 0.369601250 -0.020171069 0.928924918
151234416666.666687 0.525923431 0.053162307 1.302266002 0.009303913 0.369574785 -0.019903619 0.928941250
151251100000.000000 0.526427865 0.053136118 1.303137541 0.009026206 0.369868487 -0.020607688 0.928811669
151267783333.333344 0.526719391 0.053041749 1.303826213 0.008898911 0.370080203 -0.020604158 0.928728700
151284466666.666687 0.527294517 0.053005174 1.304624796 0.008757964 0.370050579 -0.020561237 0.928742826
151301150000.000000 0.527655363 0.052957863 1.305202961 0.008784262 0.370253533 -0.020157827 0.928670526
151317833333.333344 0.528381526 0.053026222 1.306079388 0.008987650 0.370223820 -0.020522621 0.928672433
151334516666.666687 0.528635323 0.052828327 1.306512713 0.008584689 0.370420098 -0.020007072 0.928609252
151351200000.000000 0.529085577 0.052723378 1.307190895 0.008628955 0.370572150 -0.019775176 0.928553045
151367883333.333344 0.529799759 0.052862823 1.308158278 0.008761689 0.370614022 -0.020379487 0.928522050
151384566666.666656 0.530191422 0.052796796 1.308705330 0.008707443 0.370762944 -0.020213328 0.928466797
151401250000.000000 0.530636430 0.052775316 1.309402704 0.008911960 0.370994151 -0.020058952 0.928375781
151417933333.333344 0.531051397 0.052792631 1.310026526 0.008886052 0.371119469 -0.020186050 0.928323209
151434616666.666656 0.531427979 0.052780695 1.310726166 0.008898046 0.371534824 -0.019953791 0.928161919
151451300000.000000 0.531973898 0.052936889 1.311412811 0.008935280 0.371536195 -0.020445747 0.928150415
151467983333.333344 0.532168984 0.052930273 1.311930060 0.009056603 0.371751815 -0.020394403 0.928063989
151484666666.666656 0.532825470 0.053088173 1.312689185 0.009027535 0.371881872 -0.020939525 0.928000033
151501350000.000000 0.533578515 0.053186938 1.313503027 0.009140854 0.371862680 -0.020696577 0.928012013
151518033333.333344 0.533877254 0.053254116 1.314105868 0.009289177 0.372167706 -0.020503305 0.927892566
151534716666.666656 0.534469724 0.053416036 1.314808130 0.008918880 0.372377276 -0.021233432 0.927795708
151551400000.000000 0.534886479 0.053503297 1.315416694 0.008903320 0.372443527 -0.021259909 0.927768648
151568083333.333344 0.535193205 0.053533074 1.316052079 0.008641024 0.372730345 -0.021381773 0.927653193
151584766666.666656 0.535839319 0.053721115 1.316861272 0.009178715 0.373085737 -0.021260183 0.927507877
151601450000.000000 0.536088169 0.053761691 1.317416310 0.009050801 0.373393357 -0.021284478 0.927384734
151618133333.333344 0.536931634 0.053873770 1.318187475 0.009301584 0.373443425 -0.021037295 0.927367747
151634816666.666656 0.537749350 0.054013021 1.318998933 0.009384464 0.373425514 -0.021018893 0.927374542
151651500000.000000 0.538240612 0.054136716 1.319679737 0.009140488 0.373657376 -0.021429366 0.927274227
151668183333.333344 0.538781524 0.054163441 1.320383310 0.009018806 0.373906851 -0.021087235 0.927182674
151684866666.666656 0.539078474 0.054164276 1.320885062 0.009199670 0.374227732 -0.020915098 0.927055299
151701550000.000000 0.539722323 0.054252885 1.321662426 0.009389563 0.374516875 -0.020900261 0.926936984
151718233333.333344 0.540162742 0.054231063 1.322269917 0.009228853 0.374590755 -0.020913053 0.926908433
151734916666.666656 0.540806413 0.054279983 1.323080540 0.009162519 0.374735087 -0.021079496 0.926846981
151751600000.000000 0.541081965 0.054209083 1.323569417 0.008781713 0.375101447 -0.021490982 0.926693082
151768283333.333344 0.541821361 0.054234438 1.324466228 0.009006499 0.375488520 -0.020984670 0.926545680
151784966666.666656 0.542399645 0.054230146 1.325099349 0.009287141 0.375713974 -0.020833211 0.926454961
151801650000.000000 0.543065190 0.054151755 1.325912714 0.009189580 0.375914812 -0.020916652 0.926372588
151818333333.333313 0.543645740 0.054166678 1.326687336 0.009357092 0.376567274 -0.020619990 0.926112533
151835016666.666656 0.544178128 0.054077033 1.327262163 0.009260315 0.377026647 -0.020961838 0.925918937
151851700000.000000 0.544763088 0.054053422 1.327954531 0.009321115 0.377227217 -0.020959498 0.925836623
151868383333.333313 0.545395613 0.054019745 1.328698874 0.009123416 0.377511114 -0.021264793 0.925715923
151885066666.666656 0.546063364 0.053981639 1.329253793 0.009249349 0.377522320 -0.020906748 0.925718248
151901750000.000000 0.546768546 0.053921640 1.329995751 0.009202562 0.377707213 -0.020938369 0.925642550
151918433333.333313 0.547459424 0.053824969 1.330814242 0.009242346 0.378243536 -0.020388506 0.925435483
151935116666.666656 0.547654212 0.053841375 1.330889702 0.008869052 0.378360391 -0.021690797 0.925361753
151951800000.000000 0.548193097 0.053650621 1.331087232 0.008514245 0.378398716 -0.021969348 0.925342858
151968483333.333313 0.548790812 0.053708971 1.331762671 0.008545885 0.378539383 -0.021928376 0.925285995
151985166666.666656 0.548418701 0.053845719 1.332723022 0.008818747 0.379684210 -0.021806186 0.924817145
152001850000.000000 0.549298704 0.053842347 1.333608866 0.008962770 0.379527092 -0.021664400 0.924883544
152018533333.333313 0.549955964 0.054027751 1.333811045 0.009030838 0.379416108 -0.021931276 0.924922109
152035216666.666656 0.550613046 0.053976312 1.334601521 0.008730685 0.379488081 -0.021729985 0.924900234
152051900000.000000 0.550764501 0.054161079 1.334920287 0.009080186 0.379887968 -0.021518145 0.924737632
152068583333.333313 0.551259160 0.054174066 1.335675955 0.008965890 0.380226880 -0.021675659 0.924595773
152085266666.666687 0.551842332 0.054439899 1.336602330 0.009014231 0.380423069 -0.022203989 0.924502075
152101950000.000031 0.552645504 0.054348543 1.336973667 0.009007516 0.380180180 -0.021752920 0.924612761
152118633333.333344 0.553352714 0.054495841 1.338289380 0.008941191 0.380885005 -0.021996126 0.924317598
152135316666.666687 0.553978264 0.054634489 1.338588238 0.009033876 0.380652487 -0.021735752 0.924418569
152152000000.000000 0.554638267 0.054727778 1.339199066 0.009146219 0.380858779 -0.021635158 0.924334884
152168683333.333344 0.555141628 0.054883726 1.340265632 0.009362848 0.381714284 -0.021445088 0.923984170
152185366666.666687 0.555648327 0.054953165 1.340850115 0.008902265 0.381809056 -0.021809470 0.923941016
152202050000.000000 0.556188464 0.055344224 1.341382504 0.009764099 0.382056057 -0.021007789 0.923848808
152218733333.333344 0.556914806 0.055330921 1.341999531 0.009626127 0.382313341 -0.021231694 0.923738658
152235416666.666687 0.557392597 0.055280574 1.342929244 0.009251306 0.382863522 -0.021801624 0.923501372
152252100000.000000 0.557952046 0.055321656 1.343597412 0.009184260 0.383289248 -0.021870548 0.923323691
152268783333.333344 0.558424950 0.055387892 1.344286442 0.009058981 0.383780092 -0.022127263 0.923114955
152285466666.666687 0.559064806 0.055500854 1.345114350 0.009303619 0.384191543 -0.021803224 0.922949016
152302150000.000000 0.559687018 0.055505775 1.345868826 0.009273483 0.384057313 -0.021329863 0.923016310
152318833333.333344 0.560149431 0.055542912 1.346576452 0.009444430 0.384507090 -0.021389866 0.922825933
152335516666.666687 0.560796857 0.055400901 1.347596288 0.008953994 0.385108948 -0.021458594 0.922578156
152352200000.000000 0.561528981 0.055573232 1.348236561 0.009384512 0.385413468 -0.021360388 0.922449052
152368883333.333344 0.561997175 0.055298537 1.348837852 0.008976496 0.386040539 -0.021436833 0.922189116
152385566666.666687 0.562533617 0.055400424 1.349465489 0.009251483 0.386469215 -0.021669609 0.922001362
152402250000.000000 0.563256741 0.055377752 1.350027323 0.009241905 0.386553884 -0.021410540 0.921971977
152418933333.333344 0.563771367 0.055378281 1.350750327 0.009117057 0.387264639 -0.021513052 0.921672523
152435616666.666687 0.564584553 0.055234328 1.351146221 0.008866003 0.387201071 -0.021826886 0.921694338
152452300000.000000 0.565271974 0.055078007 1.352002263 0.008809830 0.387789518 -0.021803807 0.921447933
152468983333.333344 0.565889359 0.055025786 1.352846384 0.008800518 0.388229221 -0.021584192 0.921268106
152485666666.666687 0.566319525 0.055085599 1.353533864 0.008903224 0.388975829 -0.021561991 0.920952618
152502350000.000000 0.566743016 0.055185229 1.354005218 0.009102439 0.389514446 -0.021397397 0.920726836
152519033333.333344 0.567521274 0.055151209 1.354594827 0.008942770 0.389701694 -0.021564536 0.920645297
152535716666.666687 0.567974687 0.055285372 1.354999065 0.009545495 0.390124202 -0.021085253 0.920471370
152552400000.000000 0.568839848 0.055354256 1.355645537 0.009397674 0.390165776 -0.021106668 0.920454681
152569083333.333344 0.569415331 0.055244114 1.356573582 0.009005593 0.390816063 -0.021529287 0.920172930
152585766666.666656 0.569829345 0.055385657 1.357058406 0.008956381 0.391313046 -0.021959249 0.919952035
152602450000.000000 0.570572495 0.055240944 1.357834816 0.008657429 0.391769618 -0.021926798 0.919761300
152619133333.333344 0.571258426 0.055421915 1.358398914 0.008707514 0.392108262 -0.021810792 0.919619322
152635816666.666656 0.571730614 0.055498891 1.358991861 0.008893329 0.392676890 -0.021941382 0.919371724
152652500000.000000 0.572261810 0.055462744 1.359675884 0.008622822 0.393341750 -0.022116400 0.919085920
152669183333.333344 0.572712481 0.055566750 1.359960556 0.008880332 0.393551558 -0.022045348 0.918995321
152685866666.666656 0.573491335 0.055509493 1.360867739 0.008181741 0.394086689 -0.022852726 0.918752670
152702550000.000000 0.574011207 0.055613961 1.361593246 0.008228933 0.395046949 -0.022770217 0.918341875
152719233333.333344 0.574525416 0.055927489 1.362244964 0.008843165 0.395638287 -0.022337481 0.918092191
152735916666.666656 0.575680494 0.055874389 1.363289237 0.008678470 0.395682782 -0.022443391 0.918071985
152752600000.000000 0.576213121 0.055805050 1.364233613 0.008453255 0.396765739 -0.022667030 0.917601109
152769283333.333344 0.576680660 0.056212503 1.365237474 0.009033840 0.397785187 -0.022708477 0.917153060
152785966666.666656 0.577908993 0.056134678 1.365099430 0.009185534 0.396912485 -0.021829091 0.917550921
152802650000.000000 0.577993631 0.055927105 1.366244555 0.008407768 0.398783028 -0.023168046 0.916714072
152819333333.333344 0.578999758 0.056173902 1.366958618 0.009102545 0.398840189 -0.022250889 0.916705310
152836016666.666656 0.579588592 0.056158204 1.366930723 0.008787451 0.398741126 -0.022893094 0.916735649
152852700000.000000 0.580249965 0.055995785 1.367625356 0.008704305 0.399236172 -0.022415403 0.916532755
152869383333.333344 0.580670059 0.056165919 1.368374586 0.009153405 0.400179416 -0.022421133 0.916116834
152886066666.666656 0.581970870 0.055438053 1.368134499 0.007780157 0.398816586 -0.022679767 0.916717231
152902750000.000000 0.582296193 0.056173056 1.369692087 0.009595579 0.401075393 -0.022187604 0.915726006
152919433333.333344 0.583277524 0.055324987 1.369481087 0.007418002 0.400023073 -0.023641340 0.916170120
152936116666.666656 0.583723426 0.055531777 1.369861364 0.008352035 0.400676310 -0.022553016 0.915904045
152952800000.000000 0.584132075 0.055880759 1.371181488 0.008772321 0.402058601 -0.022907862 0.915285289
152969483333.333344 0.584447324 0.055834554 1.371667385 0.008830451 0.402773887 -0.022907864 0.914970279
152986166666.666656 0.584879816 0.055867210 1.372437716 0.008800559 0.403703332 -0.023534184 0.914544880
153002850000.000000 0.585292220 0.055782646 1.373099685 0.008855855 0.404585302 -0.023542898 0.914154351
153019533333.333313 0.586693704 0.055645354 1.373328447 0.008780104 0.403831720 -0.023037666 0.914501071
153036216666.666656 0.587441027 0.055900719 1.374083519 0.009044682 0.404510617 -0.023332290 0.914190888
153052900000.000000 0.587800384 0.055651221 1.374741316 0.008872136 0.405387789 -0.023076631 0.913810432
153069583333.333313 0.588487208 0.055337023 1.375070572 0.008349671 0.405415148 -0.023677012 0.913787901
153086266666.666656 0.588869870 0.055680495 1.375843406 0.009121249 0.406390578 -0.023037318 0.913363516
153102950000.000000 0.589606643 0.055400748 1.376335382 0.008463122 0.406952560 -0.023732208 0.913101792
153119633333.333313 0.590447426 0.055120178 1.376859903 0.007668555 0.406819344 -0.023912711 0.913163424
153136316666.666656 0.591022968 0.055568822 1.377906680 0.008080470 0.407986432 -0.024077732 0.912634671
153153000000.000000 0.591957510 0.055598177 1.378109217 0.008112434 0.407862991 -0.024055095 0.912690222
153169683333.333313 0.592504084 0.055387460 1.378687978 0.007918317 0.407992005 -0.023880912 0.912638843
153186366666.666656 0.593176484 0.055548511 1.379494786 0.007861380 0.408856273 -0.024067305 0.912247539
153203050000.000000 0.593832850 0.055781581 1.379737258 0.008293788 0.408977449 -0.023868669 0.912194610
153219733333.333313 0.594485402 0.055620037 1.380526781 0.007865480 0.409441173 -0.023854002 0.911990762
153236416666.666656 0.595168293 0.056340411 1.380940914 0.009193460 0.409886479 -0.023508262 0.911787212
153253100000.000000 0.595709205 0.056162782 1.381364584 0.008640359 0.410357714 -0.023905685 0.911570311
153269783333.333313 0.596298277 0.056419779 1.381892920 0.009206412 0.411000520 -0.023543652 0.911284566
153286466666.666687 0.596706867 0.056471325 1.382662892 0.009213809 0.411879569 -0.023766574 0.910881758
153303150000.000031 0.597484767 0.056674037 1.383257508 0.009310968 0.412259221 -0.023672108 0.910711408
153319833333.333344 0.598518491 0.056890268 1.383861780 0.009314979 0.412138343 -0.023665592 0.910766304
153336516666.666687 0.599243999 0.056747269 1.384308338 0.008906459 0.412619740 -0.024100905 0.910540938
153353200000.000031 0.599563718 0.056712341 1.384902596 0.008706522 0.413537741 -0.023981981 0.910129488
153369883333.333344 0.600591302 0.056961413 1.385601759 0.009132203 0.413789064 -0.023877382 0.910013795
153386566666.666687 0.601069868 0.057069976 1.386301756 0.009261946 0.414550930 -0.023655323 0.909671485
153403250000.000000 0.602095366 0.057353742 1.386721134 0.009904466 0.414581746 -0.023210265 0.909662187
153419933333.333344 0.602754354 0.057447635 1.387567401 0.010104154 0.415245771 -0.023414630 0.909351766
153436616666.666687 0.603388429 0.057404410 1.388487935 0.009927049 0.416055292 -0.023408407 0.908983827
153453300000.000000 0.603981495 0.057403035 1.388795257 0.009987270 0.416583091 -0.023277074 0.908744752
153469983333.333344 0.604871094 0.057058416 1.389547110 0.009380758 0.417249680 -0.023519879 0.908439100
153486666666.666687 0.605578423 0.057004184 1.390167832 0.009312871 0.417848259 -0.023473926 0.908165812
153503350000.000000 0.606186986 0.057366423 1.390557766 0.010091651 0.418100029 -0.023518028 0.908040464
153520033333.333344 0.606560946 0.057074729 1.391410828 0.009403396 0.419089139 -0.024158362 0.907575011
153536716666.666687 0.607355416 0.056978539 1.391772032 0.009417803 0.419457763 -0.024023108 0.907408118
153553400000.000000 0.608051360 0.057039104 1.392343402 0.009615421 0.419952184 -0.023699986 0.907185853
153570083333.333344 0.608853102 0.056910049 1.392434359 0.009369085 0.420301914 -0.023840358 0.907022715
153586766666.666687 0.609917223 0.056919713 1.393197298 0.009720843 0.420258015 -0.023310749 0.907053173
153603450000.000000 0.610435963 0.057027258 1.393946171 0.009763722 0.421344459 -0.023156943 0.906552494
153620133333.333344 0.611265063 0.057149015 1.394752383 0.010068150 0.422011942 -0.023048587 0.906241357
153636816666.666687 0.611974478 0.057217892 1.395211101 0.010300959 0.422388911 -0.022543237 0.906075776
153653500000.000000 0.612630963 0.057126470 1.395926356 0.010133829 0.423108637 -0.022824796 0.905734777
153670183333.333344 0.613422513 0.057272222 1.396210194 0.010343408 0.423507392 -0.022475548 0.905554771
153686866666.666687 0.613974810 0.057380449 1.396770954 0.010539539 0.424199253 -0.022438081 0.905229509
153703550000.000000 0.614976525 0.057335041 1.397597194 0.010120294 0.424506307 -0.023051443 0.905074954
153720233333.333344 0.615333259 0.057471339 1.397981882 0.010319837 0.425363988 -0.023072220 0.904669344
153736916666.666687 0.616033912 0.057660975 1.398578882 0.010609364 0.426087409 -0.022917259 0.904329538
153753600000.000000 0.616749704 0.057486631 1.399274588 0.010029548 0.426971942 -0.023655470 0.903899848
153770283333.333344 0.617180824 0.057585467 1.399867535 0.010065777 0.427535772 -0.023484720 0.903637350
153786966666.666656 0.618286490 0.057725672 1.399491310 0.010151927 0.426813990 -0.023924340 0.903965950
153803650000.000000 0.619237781 0.058154251 1.400464773 0.010940542 0.427619278 -0.023329653 0.903591692
153820333333.333344 0.620026886 0.058167636 1.401237488 0.010966077 0.428203851 -0.023353156 0.903313816
153837016666.666656 0.620705009 0.058252782 1.402273893 0.010707397 0.429341197 -0.023710335 0.902767658
153853700000.000000 0.621498883 0.058399595 1.402652979 0.010940738 0.429703027 -0.023657110 0.902594090
153870383333.333344 0.621973813 0.058255911 1.402297735 0.010845116 0.429672658 -0.023479585 0.902614295
153887066666.666656 0.622483134 0.057890028 1.402551055 0.009951234 0.429583699 -0.024536353 0.902638793
153903750000.000000 0.623296738 0.057637304 1.402892351 0.009446634 0.429894835 -0.024477664 0.902497709
153920433333.333344 0.623966813 0.057797413 1.403495312 0.009675764 0.430577487 -0.024609262 0.902166188
153937116666.666656 0.624787748 0.057620957 1.403852940 0.009556574 0.430688947 -0.024121996 0.902127445
153953800000.000000 0.625413775 0.057785444 1.404533267 0.009973146 0.431375653 -0.024087951 0.901795685
153970483333.333344 0.625886619 0.057872839 1.404915571 0.009934995 0.431993812 -0.024701893 0.901483536
153987166666.666656 0.626575232 0.057722423 1.405547976 0.009616614 0.432576299 -0.025094481 0.901196837
154003850000.000000 0.627419710 0.057886090 1.405924201 0.010081661 0.432830244 -0.024882188 0.901075602
154020533333.333344 0.627952039 0.057562597 1.405969739 0.009648558 0.433175147 -0.024801470 0.900916874
154037216666.666656 0.628680527 0.057547666 1.406656027 0.009854211 0.433775097 -0.024749946 0.900627315
154053900000.000000 0.629584074 0.057587154 1.407504916 0.010071126 0.434473842 -0.024287052 0.900300682
154070583333.333344 0.630170703 0.057492178 1.408327103 0.009842751 0.435219049 -0.024760082 0.899930298
154087266666.666656 0.631160975 0.057270713 1.408682108 0.009504251 0.434960127 -0.025173634 0.900047600
154103950000.000000 0.631801844 0.057118073 1.409122705 0.009361383 0.435627162 -0.024948496 0.899732709
154120633333.333344 0.632434249 0.057264954 1.409562826 0.009729105 0.436168969 -0.024981063 0.899465382
154137316666.666656 0.633003473 0.057321195 1.410400033 0.009666564 0.437128782 -0.025589330 0.898982882
154154000000.000000 0.633490086 0.057255503 1.410481930 0.009777262 0.437533617 -0.025313115 0.898792505
154170683333.333344 0.634228528 0.057235297 1.411053181 0.009537255 0.437959790 -0.025409902 0.898584843
154187366666.666656 0.635169446 0.057044555 1.411034465 0.009392791 0.437753826 -0.024726430 0.898705781
154204050000.000000 0.636290908 0.057400540 1.411678910 0.010242135 0.437947601 -0.024572007 0.898606300
154220733333.333313 0.637103617 0.057434157 1.412477255 0.010045555 0.438500553 -0.024844643 0.898331344
154237416666.666656 0.637295485 0.057597030 1.413487315 0.010117311 0.440186977 -0.025676662 0.897481918
154254100000.000000 0.638121605 0.057514489 1.413560748 0.010004575 0.440132082 -0.024974002 0.897529960
154270783333.333313 0.638688505 0.057592094 1.413787007 0.010041427 0.440764785 -0.024769234 0.897224724
154287466666.666656 0.639233232 0.057516184 1.413851976 0.010044806 0.441082388 -0.024809899 0.897067487
154304150000.000000 0.640271425 0.057276793 1.414131403 0.009541804 0.440842032 -0.024290632 0.897205234
154320833333.333313 0.641036272 0.057952456 1.415896773 0.010289490 0.442545116 -0.025090825 0.896336138
154337516666.666656 0.641926527 0.058075070 1.416149139 0.010717486 0.442598134 -0.024775548 0.896313727
154354200000.000000 0.642457843 0.058045261 1.416484594 0.010566602 0.443312854 -0.024942391 0.895957589
154370883333.333313 0.643197894 0.058189582 1.417055964 0.010799954 0.443926841 -0.024952929 0.895650506
154387566666.666656 0.644157588 0.058199149 1.417582035 0.010584259 0.444230050 -0.024554620 0.895513713
154404250000.000000 0.644730270 0.058521729 1.418613553 0.011096602 0.445795894 -0.024980435 0.894717276
154420933333.333313 0.645317376 0.058387473 1.418768883 0.010632401 0.445933878 -0.025654003 0.894635022
154437616666.666656 0.646017551 0.058608543 1.419203401 0.011215170 0.446219563 -0.024648389 0.894513726
154454300000.000000 0.646669149 0.058417745 1.419621706 0.010820943 0.446881205 -0.024694474 0.894187033
154470983333.333313 0.647404373 0.058683913 1.420361638 0.011310278 0.447629601 -0.024565589 0.893810093
154487666666.666687 0.648205340 0.058404468 1.420784712 0.010610848 0.448020697 -0.025093568 0.893608034
154504350000.000031 0.648770392 0.058506370 1.421409488 0.011051969 0.449065298 -0.024753273 0.893087626
154521033333.333344 0.649548292 0.058439601 1.421761274 0.010931513 0.449166298 -0.024689913 0.893040061
154537716666.666687 0.650262475 0.058385227 1.422122478 0.010784017 0.449742943 -0.024743499 0.892750204
154554400000.000031 0.651121020 0.058286756 1.422326446 0.010865868 0.450011760 -0.024445418 0.892621875
154571083333.333344 0.651399791 0.057843029 1.421891689 0.010011910 0.450379401 -0.024875987 0.892434537
154587766666.666687 0.652445316 0.057776086 1.423052311 0.009997522 0.451231092 -0.024949828 0.892002285
154604450000.000000 0.652975917 0.057910487 1.423713207 0.010302908 0.452527493 -0.024827277 0.891345263
154621133333.333344 0.653971672 0.057729259 1.424466610 0.010096774 0.452773064 -0.024795888 0.891223848
154637816666.666687 0.654926538 0.057906609 1.425887585 0.010370180 0.453804970 -0.025209133 0.890684068
154654500000.000000 0.655820906 0.057814129 1.426158428 0.010353870 0.454015881 -0.025159193 0.890578210
154671183333.333344 0.656098485 0.057763845 1.426390529 0.010010853 0.455027550 -0.025386643 0.890059173
154687866666.666687 0.656742334 0.057745740 1.426578283 0.010035341 0.455291092 -0.025574008 0.889918745
154704550000.000000 0.657874227 0.057530709 1.427016020 0.009741803 0.455588371 -0.025367510 0.889775753
154721233333.333344 0.658302903 0.057504635 1.427077293 0.009675379 0.456092805 -0.025388695 0.889517486
154737916666.666687 0.658754408 0.057470325 1.427334309 0.009681369 0.456828713 -0.025632314 0.889132619
154754600000.000000 0.659569263 0.057373084 1.427585602 0.009376183 0.457135111 -0.026121711 0.888964117
154771283333.333344 0.660059810 0.057316862 1.427804589 0.009232949 0.457760990 -0.026032913 0.888646185
154787966666.666687 0.660620689 0.057279516 1.428020477 0.009011125 0.458280921 -0.026196847 0.888375521
154804650000.000000 0.661709905 0.057165921 1.428249598 0.009030454 0.458492845 -0.026219757 0.888265312
154821333333.333344 0.662623465 0.058121677 1.429865599 0.010704870 0.459918052 -0.025474014 0.887531340
154838016666.666687 0.663376570 0.057978638 1.430265427 0.010289861 0.460314959 -0.025691675 0.887324214
154854700000.000000 0.664019525 0.057985038 1.430474758 0.010010821 0.460876673 -0.025786258 0.887033045
154871383333.333344 0.665239811 0.057900865 1.431740522 0.010027457 0.461572200 -0.025858346 0.886669040
154888066666.666687 0.665498614 0.058109663 1.431978226 0.010500449 0.462505966 -0.025657963 0.886182666
154904750000.000000 0.666367769 0.058639489 1.432344913 0.011726750 0.462817878 -0.024490129 0.886037409
154921433333.333344 0.667221546 0.058555994 1.432989478 0.011594506 0.463520825 -0.024596289 0.885668755
154938116666.666687 0.667899787 0.058480337 1.432982206 0.011348398 0.463548481 -0.024819061 0.885651231
154954800000.000000 0.668140173 0.058227405 1.433603048 0.010393796 0.465249538 -0.025904199 0.884739459
154971483333.333344 0.669288635 0.058371913 1.434163451 0.010785722 0.465653986 -0.025355728 0.884537876
154988166666.666656 0.670095563 0.058449343 1.434682846 0.011165353 0.466366678 -0.025612157 0.884150207
155004850000.000000 0.670407712 0.058318552 1.434966564 0.010924968 0.467015058 -0.025393182 0.883817196
155021533333.333344 0.671071410 0.058483046 1.435133219 0.011170780 0.467322081 -0.025050728 0.883661568
155038216666.666656 0.671925187 0.058142226 1.435806751 0.010556509 0.468043268 -0.025621949 0.883270979
155054900000.000000 0.672406316 0.058109220 1.436218500 0.010696085 0.468943387 -0.025936790 0.882782519
155071583333.333344 0.673371971 0.058217309 1.436737061 0.010974272 0.469129473 -0.025964374 0.882679522
155088266666.666656 0.674305797 0.058151361 1.437347651 0.010896347 0.469993204 -0.025954187 0.882221103
155104950000.000000 0.675260246 0.058015753 1.437843323 0.010891701 0.470544159 -0.025911601 0.881928682
155121633333.333344 0.675729930 0.057904925 1.438076019 0.010505525 0.470937997 -0.025831057 0.881725490
155138316666.666656 0.676024675 0.057662096 1.438779831 0.010252550 0.472386062 -0.025945827 0.880950153
155155000000.000000 0.677326798 0.057642709 1.439199328 0.010581255 0.472079396 -0.025326811 0.881128609
155171683333.333344 0.678101420 0.057738375 1.439025760 0.011204257 0.472016484 -0.024637768 0.881174207
155188366666.666656 0.678899765 0.057814512 1.439696550 0.010897775 0.472853214 -0.025593759 0.880702019
155205050000.000000 0.679180145 0.057665832 1.440040350 0.010800090 0.473645806 -0.025622593 0.880276442
155221733333.333344 0.679676056 0.057917625 1.440358520 0.011433755 0.474487573 -0.026086433 0.879801273
155238416666.666656 0.680438757 0.057699561 1.441377163 0.011097187 0.475733250 -0.026176140 0.879130006
155255100000.000000 0.681453586 0.057789318 1.441768169 0.010984601 0.475813985 -0.026415920 0.879080534
155271783333.333344 0.681911111 0.057728928 1.441947699 0.011086932 0.476535946 -0.025829066 0.878705621
155288466666.666656 0.682786584 0.057699021 1.442111969 0.011020160 0.476513207 -0.025872922 0.878717482
155305150000.000000 0.683222055 0.057684105 1.442578793 0.010853815 0.477627099 -0.026362915 0.878099978
155321833333.333344 0.683164358 0.057624325 1.442381382 0.010397228 0.478333622 -0.027125046 0.877697706
155338516666.666656 0.684612393 0.057647485 1.443425417 0.010665556 0.478812099 -0.026874887 0.877441227
155355200000.000000 0.685568392 0.057871442 1.443849325 0.011055742 0.479005903 -0.026746001 0.877334535
155371883333.333344 0.686194539 0.057903588 1.444076419 0.011056098 0.479343534 -0.026889009 0.877145708
155388566666.666656 0.687133133 0.058025707 1.444939852 0.011384011 0.480049789 -0.025988333 0.876782358
155405250000.000000 0.687951803 0.058080617 1.445109487 0.011161437 0.480022669 -0.025731275 0.876807630
155421933333.333313 0.688712597 0.058304895 1.446021080 0.011398456 0.480851710 -0.025851950 0.876346648
155438616666.666656 0.689309835 0.057937108 1.446318865 0.010670830 0.481596977 -0.026073430 0.875939906
155455300000.000000 0.690111876 0.058228489 1.446732759 0.011350313 0.482011229 -0.026073812 0.875703454
155471983333.333313 0.690976620 0.058079347 1.446717262 0.011126100 0.481607199 -0.025606697 0.875942349
155488666666.666656 0.691997170 0.058307864 1.448058963 0.011262665 0.482466638 -0.025776509 0.875462592
155505350000.000000 0.692517281 0.058368679 1.448396444 0.011025536 0.483251721 -0.026103763 0.875022829
155522033333.333313 0.693117201 0.058278654 1.448581219 0.011394838 0.484004319 -0.025468973 0.874620736
155538716666.666656 0.693785906 0.058288023 1.449061394 0.011140277 0.484472245 -0.026457135 0.874335587
155555400000.000000 0.694784403 0.058589127 1.449891329 0.011962558 0.485233307 -0.025781749 0.873922706
155572083333.333313 0.695671916 0.058725897 1.450402737 0.012347751 0.485380650 -0.025375228 0.873847485
155588766666.666656 0.696057558 0.058333419 1.450631380 0.011323188 0.486183584 -0.026238006 0.873389304
155605450000.000000 0.697269201 0.058446039 1.451409578 0.011830205 0.486484915 -0.025770022 0.873228788
155622133333.333313 0.697780490 0.058638897 1.452228069 0.012147428 0.487765640 -0.026144683 0.872498512
155638816666.666656 0.698627114 0.058380585 1.452247858 0.011905775 0.487573504 -0.025822503 0.872618794
155655500000.000000 0.699252009 0.058343247 1.452764511 0.011788775 0.488364190 -0.025900081 0.872175872
155672183333.333313 0.699921966 0.058192216 1.453392744 0.011875300 0.489336848 -0.025939032 0.871628165
155688866666.666687 0.701091528 0.058272049 1.454273701 0.011799042 0.489928246 -0.025995839 0.871295273
155705550000.000031 0.701855302 0.058359798 1.454710126 0.011877292 0.490268946 -0.026949208 0.871073544
155722233333.333344 0.702522755 0.058222659 1.455003500 0.011653596 0.490687221 -0.026054142 0.870868266
155738916666.666687 0.703041434 0.058229320 1.455203652 0.011816779 0.491181165 -0.025698859 0.870598078
155755600000.000031 0.703890383 0.058209181 1.455826521 0.011851900 0.491671979 -0.026130393 0.870307684
155772283333.333344 0.704613030 0.058284312 1.455834031 0.012190511 0.491790563 -0.025574422 0.870252490
155788966666.666687 0.705562711 0.058418322 1.457061291 0.012157540 0.493081748 -0.026448106 0.869495928
155805650000.000000 0.706230640 0.058242861 1.457502127 0.011813484 0.493641078 -0.026310582 0.869187415
155822333333.333344 0.706500292 0.058192950 1.457677364 0.011716674 0.494819254 -0.026451260 0.868514299
155839016666.666687 0.707659602 0.058350503 1.458532333 0.011921929 0.495264411 -0.026313324 0.868261933
155855700000.000000 0.708372116 0.058307469 1.459040642 0.011914009 0.495809495 -0.026351597 0.867949724
155872383333.333344 0.708977342 0.058423992 1.459405541 0.011890721 0.496337920 -0.026336467 0.867648423
155889066666.666687 0.709619164 0.058599066 1.459854126 0.012291092 0.496940792 -0.025959073 0.867309093
155905750000.000000 0.710515201 0.058850322 1.460444808 0.012798829 0.497290403 -0.026007511 0.867099822
155922433333.333344 0.711599052 0.058876622 1.461341858 0.012844296 0.498288363 -0.025342066 0.866545737
155939116666.666687 0.712520957 0.058942456 1.461876631 0.012788285 0.498663634 -0.025418041 0.866328478
155955800000.000000 0.712968349 0.058973387 1.462255239 0.012602803 0.499239683 -0.025894558 0.865985215
155972483333.333344 0.713962913 0.059046619 1.462978601 0.012478135 0.499725640 -0.026076319 0.865701318
155989166666.666687 0.714642048 0.059279438 1.463165760 0.013065309 0.500093341 -0.025937624 0.865484476
156005850000.000000 0.715305686 0.059230026 1.463708639 0.012657885 0.500832856 -0.026451061 0.865047216
156022533333.333344 0.715832591 0.059163712 1.464293838 0.012633542 0.501754224 -0.026209876 0.864520788
156039216666.666687 0.716449022 0.059155360 1.464493275 0.012410593 0.502149522 -0.026233735 0.864293754
156055900000.000000 0.717025518 0.059135009 1.464757800 0.012787383 0.502742469 -0.025536632 0.863964379
156072583333.333344 0.717994511 0.059313975 1.465585947 0.012403246 0.503384769 -0.026538661 0.863565743
156089266666.666687 0.719087243 0.059417408 1.466679811 0.012454323 0.504618466 -0.026799154 0.862836599
156105950000.000000 0.719450533 0.059279069 1.466643095 0.012896907 0.504775345 -0.025793221 0.862768948
156122633333.333344 0.719958544 0.059256751 1.466956615 0.012956157 0.505612075 -0.025959108 0.862272978
156139316666.666687 0.720463276 0.059349209 1.467248201 0.013405055 0.506364048 -0.025202205 0.861847281
156156000000.000000 0.721140206 0.059208434 1.467639327 0.013086823 0.507095098 -0.024964390 0.861429036
156172683333.333344 0.722243667 0.059205696 1.468454599 0.012917116 0.507028818 -0.025827337 0.861445248
156189366666.666687 0.722603917 0.058989070 1.468253374 0.012382508 0.507265091 -0.025254369 0.861330986
156206050000.000000 0.723280787 0.058782067 1.469027996 0.011870378 0.508335710 -0.026151888 0.860680044
156222733333.333344 0.724782109 0.058999471 1.470289946 0.013170850 0.509028256 -0.025414476 0.860273719
156239416666.666656 0.725785017 0.058976628 1.471077085 0.013418511 0.509826899 -0.025502922 0.859794319
156256100000.000000 0.726370215 0.059011094 1.471393228 0.013515843 0.510179400 -0.025872327 0.859572589
156272783333.333344 0.727157235 0.058959752 1.472175360 0.013360480 0.511078060 -0.026059514 0.859035313
156289466666.666656 0.728311181 0.058927163 1.472787619 0.013226477 0.511358440 -0.025466874 0.858888268
156306150000.000000 0.728771329 0.058722626 1.472768426 0.012553452 0.511601746 -0.025948489 0.858739138
156322833333.333344 0.729802489 0.058919929 1.473778367 0.012813517 0.512665987 -0.026399644 0.858086526
156339516666.666656 0.730731189 0.058951490 1.474450588 0.013233200 0.512983561 -0.025898049 0.857905626
156356200000.000000 0.731471241 0.058982287 1.474935055 0.013283766 0.513523281 -0.025897617 0.857581973
156372883333.333344 0.731996655 0.058944784 1.475230217 0.013305646 0.514172733 -0.025775464 0.857196033
156389566666.666656 0.732992649 0.059063237 1.475924730 0.013496811 0.514554322 -0.026158998 0.856952369
156406250000.000000 0.733745158 0.059168596 1.476583242 0.013670142 0.515255690 -0.026079690 0.856530547
156422933333.333344 0.734066665 0.059185021 1.476556659 0.013530776 0.515602529 -0.026500214 0.856311142
156439616666.666656 0.734887242 0.059181646 1.477114916 0.013871546 0.516100228 -0.025713129 0.856029749
156456300000.000000 0.735671282 0.059244227 1.477774143 0.013820542 0.516644895 -0.026044516 0.855691969
156472983333.333344 0.736181498 0.059278164 1.478005886 0.014516122 0.516992927 -0.025157385 0.855496705
156489666666.666656 0.736923695 0.059362140 1.478565216 0.014735298 0.517660558 -0.024738122 0.855101407
156506350000.000000 0.738087773 0.059442442 1.479637384 0.014632696 0.518114686 -0.025020828 0.854819894
156523033333.333344 0.738621950 0.059502397 1.480046511 0.015263407 0.518861949 -0.024563219 0.854368746
156539716666.666656 0.738162100 0.059215996 1.478993654 0.014104396 0.518728375 -0.024682038 0.854466438
156556400000.000000 0.738254189 0.059288874 1.479022026 0.013923326 0.519382834 -0.024948921 0.854063928
156573083333.333344 0.740376711 0.059317753 1.480802417 0.014060630 0.519801259 -0.025124818 0.853801906
156589766666.666656 0.740624428 0.059318192 1.480848551 0.014186297 0.520115554 -0.024749229 0.853619456
156606450000.000000 0.741198063 0.059497308 1.481120825 0.014050108 0.520626009 -0.025920453 0.853275657
156623133333.333313 0.742056012 0.059947081 1.481750965 0.015644688 0.521159768 -0.024826674 0.852954566
156639816666.666656 0.743741274 0.058425672 1.484120369 0.013164606 0.522289097 -0.024981197 0.852300882
156656500000.000000 0.745087743 0.057719618 1.486610174 0.012118184 0.524028778 -0.025306592 0.851238310
156673183333.333313 0.746329546 0.057927668 1.487611055 0.012679317 0.524448454 -0.024779120 0.850987196
156689866666.666656 0.745815992 0.058530413 1.486339808 0.013580155 0.524570525 -0.024860559 0.850895643
156706550000.000000 0.747236788 0.057537355 1.488601208 0.012132887 0.526196599 -0.024859412 0.849912941
156723233333.333313 0.747616053 0.058819983 1.487229466 0.014087990 0.525020063 -0.024160745 0.850630283
156739916666.666656 0.748251438 0.058757801 1.487849951 0.013790946 0.525690138 -0.024291109 0.850217521
156756600000.000000 0.749283910 0.058944128 1.488617659 0.014539452 0.526064217 -0.024380714 0.849970996
156773283333.333313 0.749744415 0.058837000 1.488897920 0.014729192 0.526827931 -0.023572011 0.849517405
156789966666.666656 0.749951482 0.058699138 1.488921881 0.014343301 0.527127504 -0.024089489 0.849323690
156806650000.000000 0.750787854 0.058794975 1.489431858 0.014841863 0.527678668 -0.023883596 0.848978579
156823333333.333313 0.751604915 0.058752213 1.489801407 0.015165885 0.527815223 -0.023425004 0.848900735
156840016666.666656 0.752810955 0.058827125 1.490904927 0.015533296 0.528459251 -0.023460336 0.848492324
156856700000.000000 0.753097057 0.058760464 1.491057873 0.015064015 0.529170513 -0.023976488 0.848042905
156873383333.333313 0.753858805 0.058683801 1.491766095 0.014766568 0.529877424 -0.024492448 0.847591937
156890066666.666687 0.754812300 0.058746375 1.492468357 0.014719754 0.530573726 -0.025284309 0.847133756
156906750000.000031 0.755152524 0.058561519 1.492520452 0.013961874 0.530646026 -0.025969317 0.847080588
156923433333.333344 0.755949855 0.058488656 1.492982864 0.014605263 0.531151056 -0.025933089 0.846754253
156940116666.666687 0.757223368 0.058571573 1.494307518 0.014577757 0.532105088 -0.025394309 0.846171916
156956800000.000031 0.757693291 0.058296412 1.494474888 0.014097573 0.532308578 -0.025989564 0.846033990
156973483333.333344 0.758699179 0.058286007 1.495192766 0.014426190 0.533016264 -0.025472233 0.845598519
156990166666.666687 0.759499192 0.058241528 1.495667934 0.014503347 0.533094883 -0.025356580 0.845551133
157006850000.000000 0.760134518 0.058248743 1.496077299 0.014690113 0.533877254 -0.024733866 0.845072508
157023533333.333344 0.760856986 0.058046766 1.496409893 0.014371451 0.534321070 -0.024791138 0.844795763
157040216666.666687 0.761561215 0.057959851 1.496588826 0.014710885 0.534292817 -0.024112459 0.844827473
157056900000.000000 0.762295544 0.058219094 1.497446299 0.014604996 0.535319805 -0.024636287 0.844163775
157073583333.333344 0.762867332 0.057990994 1.497294307 0.014233907 0.535145044 -0.024928601 0.844272375
157090266666.666687 0.763590336 0.057913959 1.497612953 0.014119495 0.535472691 -0.024613537 0.844075739
157106950000.000000 0.764295280 0.057955682 1.498285294 0.014048901 0.536378324 -0.024649180 0.843500733
157123633333.333344 0.764328957 0.058621693 1.499171019 0.015238792 0.538146913 -0.024025187 0.842370749
157140316666.666687 0.765148520 0.058547862 1.499738574 0.014933595 0.538647234 -0.024334040 0.842047572
157157000000.000000 0.766232431 0.058721341 1.499942183 0.015652381 0.538108647 -0.024092365 0.842385709
157173683333.333344 0.767264664 0.058943789 1.500970960 0.015478633 0.538778961 -0.024704235 0.841942668
157190366666.666687 0.767746329 0.058914926 1.500980854 0.015902890 0.539327681 -0.023859080 0.841607749
157207050000.000000 0.768694878 0.059035584 1.501819134 0.015792459 0.539896369 -0.024595868 0.841223836
157223733333.333344 0.769389749 0.058979392 1.502236247 0.015603761 0.540246844 -0.024834709 0.840995371
157240416666.666687 0.770093083 0.059078123 1.502747536 0.016166087 0.540940046 -0.024716914 0.840542495
157257100000.000000 0.770926893 0.059150029 1.503275037 0.016578618 0.541316807 -0.024307435 0.840303838
157273783333.333344 0.771305919 0.058991600 1.503411055 0.015922058 0.541829348 -0.024320511 0.839985669
157290466666.666687 0.771916866 0.058878276 1.503625631 0.015754180 0.542126477 -0.024629448 0.839788139
157307150000.000000 0.772997618 0.058890857 1.504507303 0.016046198 0.542752504 -0.024465578 0.839382946
157323833333.333344 0.773429334 0.058793247 1.504582286 0.015977167 0.543140829 -0.024240531 0.839139581
157340516666.666687 0.773982942 0.058648247 1.504820108 0.015995136 0.543439388 -0.024079064 0.838950574
157357200000.000000 0.774765193 0.058569159 1.505414009 0.016203359 0.544556022 -0.023814451 0.838229716
157373883333.333344 0.775628865 0.058502227 1.505892515 0.016027965 0.544881582 -0.024129210 0.838012576
157390566666.666687 0.776155531 0.058291573 1.506030560 0.015597960 0.545084119 -0.024372574 0.837881863
157407250000.000000 0.776991129 0.058165736 1.506607294 0.015330353 0.545780778 -0.024669770 0.837424517
157423933333.333344 0.777620614 0.058000695 1.506860971 0.015269578 0.546064973 -0.024716241 0.837238908
157440616666.666656 0.778773308 0.058027446 1.507400393 0.016261198 0.546197712 -0.023409825 0.837171257
157457300000.000000 0.779481947 0.057859879 1.507883191 0.015344160 0.546966076 -0.024860848 0.836644888
157473983333.333344 0.780355811 0.057763580 1.508324385 0.014979243 0.547080219 -0.024982564 0.836573184
157490666666.666656 0.781278610 0.057660364 1.508914232 0.015269343 0.547285438 -0.024730574 0.836441278
157507350000.000000 0.782088637 0.057662837 1.509293795 0.015616706 0.548077285 -0.024512364 0.835922599
157524033333.333344 0.782658875 0.057560898 1.509537697 0.015240847 0.548549294 -0.024692440 0.835614562
157540716666.666656 0.783085227 0.057580918 1.509702802 0.015324786 0.548951685 -0.024399063 0.835357308
157557400000.000000 0.783701241 0.057436638 1.509899378 0.015206405 0.549332917 -0.024417082 0.835108340
157574083333.333344 0.785011768 0.057460256 1.510671139 0.015336794 0.549930930 -0.024460886 0.834711015
157590766666.666656 0.785490215 0.057486180 1.510781169 0.015233709 0.550140679 -0.025053160 0.834557116
157607450000.000000 0.785908759 0.057242315 1.510733843 0.014629744 0.550023615 -0.025066663 0.834644675
157624133333.333344 0.787042737 0.057245642 1.511194348 0.015044665 0.550214052 -0.024004804 0.834542930
157640816666.666656 0.787444711 0.057285443 1.511353731 0.014953322 0.550598383 -0.024098810 0.834288418
157657500000.000000 0.787821710 0.057159178 1.511349201 0.014520880 0.551183283 -0.024573591 0.833895802
157674183333.333344 0.788170934 0.057124536 1.511497974 0.014542178 0.551690340 -0.024933359 0.833549440
157690866666.666656 0.788142025 0.057130251 1.511489153 0.014104147 0.552199841 -0.025501132 0.833202362
157707550000.000000 0.789277077 0.056993898 1.511970282 0.014293096 0.552143812 -0.024309898 0.833271861
157724233333.333344 0.789923906 0.056919377 1.512252808 0.014045423 0.552514553 -0.024522688 0.833024085
157740916666.666656 0.790697455 0.056832533 1.512578487 0.013750429 0.552910030 -0.024759758 0.832759559
157757600000.000000 0.792679906 0.057500247 1.513922215 0.015361051 0.553386688 -0.023736317 0.832444549
157774283333.333344 0.793138623 0.057568502 1.514706850 0.015333124 0.554303467 -0.023791585 0.831833303
157790966666.666656 0.793563783 0.057479579 1.514463902 0.015810763 0.553912342 -0.023166690 0.832102537
157807650000.000000 0.793872416 0.057722799 1.514788866 0.015172057 0.554487646 -0.024433339 0.831694841
157824333333.333344 0.794392705 0.057827480 1.515099287 0.015772883 0.554849505 -0.024097335 0.831452131
157841016666.666656 0.795049250 0.057714146 1.515593529 0.015664607 0.555822432 -0.023821017 0.830812097
157857700000.000000 0.795802832 0.057692267 1.516238928 0.015602528 0.556157053 -0.023820044 0.830589235
157874383333.333313 0.796872437 0.057619542 1.516968131 0.015471364 0.556782424 -0.024764029 0.830145001
157891066666.666656 0.798682451 0.057826016 1.518353343 0.015802991 0.557168841 -0.024516134 0.829886854
157907750000.000000 0.799120367 0.058350179 1.518951893 0.016179387 0.558105230 -0.024935352 0.829237640
157924433333.333313 0.800061822 0.058154471 1.519322872 0.016592383 0.558131218 -0.023970513 0.829240441
157941116666.666656 0.800725937 0.058343563 1.519818664 0.016841915 0.558601737 -0.023849092 0.828922093
157957800000.000000 0.801723719 0.058473598 1.519918442 0.017397162 0.558696270 -0.024043377 0.828841209
157974483333.333313 0.801923513 0.058340050 1.519981980 0.017102208 0.559141159 -0.024088327 0.828546047
157991166666.666656 0.802328527 0.057847738 1.520634651 0.016383287 0.559980273 -0.024092525 0.827993453
158007850000.000000 0.803209901 0.057871282 1.520960093 0.016545326 0.560301661 -0.023880756 0.827778995
158024533333.333313 0.804425955 0.057709858 1.521713614 0.016173283 0.561030626 -0.023939379 0.827290833
158041216666.666656 0.804900646 0.058643673 1.521363497 0.017565617 0.560818374 -0.024592591 0.827387154
158057900000.000000 0.805329204 0.058344457 1.521872759 0.017343746 0.561449826 -0.024251524 0.826973617
158074583333.333313 0.805912256 0.058931682 1.522583008 0.018024545 0.562330306 -0.024676826 0.826347947
158091266666.666687 0.806663692 0.058260605 1.523072124 0.017380219 0.562973619 -0.024394698 0.825931907
158107950000.000031 0.808046818 0.058750950 1.523232222 0.017719008 0.563048244 -0.024703203 0.825864673
158124633333.333344 0.808642030 0.058698028 1.523530483 0.017671591 0.563619077 -0.024634242 0.825478315
158141316666.666687 0.809180617 0.058778983 1.523802519 0.017676018 0.564282656 -0.024899239 0.825016856
158158000000.000031 0.809783578 0.058846720 1.524117708 0.017672174 0.564881921 -0.024408640 0.824621379
158174683333.333344 0.810024321 0.058891281 1.524365187 0.018075282 0.565498471 -0.024389042 0.824190557
158191366666.666687 0.810891628 0.059008289 1.524842262 0.018119693 0.565984249 -0.024593428 0.823849916
158208050000.000000 0.812122107 0.059055947 1.524671793 0.018263528 0.565606773 -0.024203215 0.824117541
158224733333.333344 0.812764466 0.059215341 1.525120854 0.018292313 0.566484630 -0.024263142 0.823511899
158241416666.666687 0.813608646 0.059240233 1.525755644 0.018380769 0.567236900 -0.023912504 0.823002279
158258100000.000000 0.813512146 0.058933452 1.525859594 0.018021565 0.567864060 -0.024101950 0.822572112
158274783333.333344 0.814342082 0.058926001 1.527162552 0.018244080 0.569279909 -0.023337074 0.821610034
158291466666.666687 0.815326154 0.059033830 1.527620673 0.018196696 0.569647431 -0.023424748 0.821353793
158308150000.000000 0.816534400 0.059164315 1.528270721 0.018494822 0.570307076 -0.023040235 0.820900142
158324833333.333344 0.816928387 0.059172120 1.528501511 0.018351134 0.570724785 -0.023480935 0.820600510
158341516666.666687 0.817775011 0.059189513 1.528908372 0.018338801 0.571265876 -0.023601672 0.820220709
158358200000.000000 0.818014085 0.059154909 1.528916121 0.018046789 0.571676314 -0.023752864 0.819936812
158374883333.333344 0.819151461 0.059168682 1.529499292 0.018030591 0.572128415 -0.023975624 0.819615245
158391566666.666687 0.820187688 0.059288166 1.529917955 0.018348990 0.572566748 -0.023593893 0.819313109
158408250000.000000 0.820566654 0.059144363 1.529986382 0.018268015 0.573297620 -0.023220867 0.818814397
158424933333.333344 0.821907461 0.059218448 1.530462503 0.018362317 0.573559642 -0.023269746 0.818627417
158441616666.666687 0.822624266 0.059237380 1.530815959 0.018384941 0.574129879 -0.023364078 0.818224370
158458300000.000000 0.824225545 0.059467312 1.531687498 0.018433189 0.574739635 -0.024310837 0.817767441
158474983333.333344 0.825071454 0.059512977 1.531754732 0.018635901 0.574918330 -0.024252463 0.817638993
158491666666.666687 0.825879872 0.059244845 1.531887650 0.018250091 0.575057983 -0.024492338 0.817542315
158508350000.000000 0.827919602 0.059482381 1.531966686 0.018627413 0.574512601 -0.024680940 0.817911506
158525033333.333344 0.827484906 0.058997855 1.532717943 0.018216485 0.575904489 -0.024292471 0.816952884
158541716666.666687 0.828113317 0.059102383 1.533157825 0.018345028 0.576709747 -0.024560193 0.816373825
158558400000.000000 0.828840196 0.059189796 1.533333659 0.018312050 0.576637805 -0.025070246 0.816409826
158575083333.333344 0.830399394 0.059107270 1.533802748 0.018448405 0.576604843 -0.025064962 0.816430211
158591766666.666687 0.830608964 0.058583573 1.534769773 0.018216191 0.577771425 -0.024207162 0.815636218
158608450000.000000 0.831642747 0.058619771 1.534647465 0.017927442 0.577497363 -0.024740912 0.815820694
158625133333.333344 0.832052529 0.058260471 1.535102367 0.017777221 0.577928185 -0.024518302 0.815525532
158641816666.666656 0.832494199 0.058489706 1.535184145 0.018026240 0.578292549 -0.024935817 0.815249085
158658500000.000000 0.832829118 0.058359973 1.535384178 0.017596712 0.578726351 -0.025148254 0.814944088
158675183333.333344 0.833900690 0.057825301 1.536189318 0.017121833 0.579108357 -0.024948809 0.814688921
158691866666.666656 0.834490478 0.057853203 1.536481023 0.016983397 0.579213977 -0.025526121 0.814598799
158708550000.000000 0.835396886 0.057570312 1.536378145 0.016721144 0.579125881 -0.025089899 0.814680457
158725233333.333344 0.837012291 0.057836790 1.537360191 0.017232601 0.579592884 -0.024278466 0.814362168
158741916666.666656 0.837618589 0.057734244 1.537572622 0.016818883 0.579720795 -0.024871461 0.814261913
158758600000.000000 0.838888824 0.057573698 1.537980795 0.016620511 0.579682887 -0.024269283 0.814311147
158775283333.333344 0.839644134 0.057484541 1.538229823 0.016584834 0.579585850 -0.024195423 0.814383090
158791966666.666656 0.839677274 0.058081251 1.538114071 0.017323423 0.579829335 -0.024985185 0.814170599
158808650000.000000 0.839825988 0.058246493 1.538722515 0.017308060 0.580714941 -0.025435504 0.813525498
158825333333.333344 0.840424657 0.058068018 1.539089322 0.017238107 0.580769718 -0.025061022 0.813499510
158842016666.666656 0.841003597 0.058527704 1.539275885 0.017611912 0.580909073 -0.025193324 0.813387811
158858700000.000000 0.842047811 0.058391064 1.539953709 0.017615309 0.580983400 -0.024870774 0.813344717
158875383333.333344 0.842450559 0.058606148 1.540076017 0.017551793 0.581230044 -0.025633251 0.813146114
158892066666.666656 0.843957305 0.058343012 1.540912867 0.017156182 0.581516385 -0.025395809 0.812957227
158908750000.000000 0.844746232 0.058267944 1.541402578 0.017269682 0.581482530 -0.025081048 0.812988818
158925433333.333344 0.844529748 0.058239810 1.541387796 0.016980724 0.581599653 -0.025261167 0.812905610
158942116666.666656 0.845618367 0.058405943 1.541716099 0.017059723 0.581584990 -0.025780203 0.812898099
158958800000.000000 0.845726669 0.058624297 1.541691542 0.017414885 0.581523895 -0.025897199 0.812930584
158975483333.333344 0.850262702 0.058620993 1.544510126 0.017611003 0.582203686 -0.024644747 0.812478542
158992166666.666656 0.850545824 0.058806181 1.544691086 0.017588740 0.582580566 -0.024639489 0.812209010
159008850000.000000 0.851864338 0.058547568 1.545980930 0.017193094 0.582783699 -0.025123350 0.812056959
159025533333.333344 0.852093160 0.058776706 1.545820236 0.017423296 0.582713962 -0.025023172 0.812105179
159042216666.666656 0.853553534 0.059044566 1.546761990 0.018211821 0.582893550 -0.024309689 0.811980605
159058900000.000000 0.854208529 0.058888946 1.546947479 0.018110998 0.582717955 -0.024279101 0.812109768
159075583333.333313 0.854616225 0.058845017 1.547300339 0.018167233 0.582837522 -0.024278296 0.812022805
159092266666.666656 0.854874194 0.058695704 1.547056913 0.017750010 0.582728446 -0.024832128 0.812093556
159108950000.000000 0.853940785 0.058604762 1.546648026 0.017254841 0.582983732 -0.026182139 0.811878622
159125633333.333313 0.856655598 0.058551185 1.547771454 0.017683418 0.582308769 -0.025409628 0.812378168
159142316666.666656 0.856399417 0.058534145 1.547683239 0.017594218 0.582539141 -0.025591973 0.812209070
159159000000.000000 0.858016253 0.058618322 1.548533916 0.017717645 0.582440436 -0.025914179 0.812267065
159175683333.333313 0.858064592 0.058590695 1.548545480 0.018122178 0.582635820 -0.024925221 0.812148988
159192366666.666656 0.858125150 0.058547191 1.548553586 0.017877391 0.582687736 -0.025196586 0.812108755
159209050000.000000 0.858829618 0.058488570 1.548822880 0.018497111 0.582469225 -0.024337905 0.812277794
159225733333.333313 0.860239804 0.058442436 1.549677730 0.018127490 0.582295060 -0.024997294 0.812390983
159242416666.666656 0.860787809 0.058144793 1.550544024 0.017930413 0.582757294 -0.024970081 0.812064707
159259100000.000000 0.863459945 0.057936180 1.552232027 0.017178897 0.583154500 -0.024876652 0.811798573
159275783333.333313 0.864108205 0.058036983 1.551907539 0.017285034 0.582525432 -0.024756655 0.812251508
159292466666.666656 0.863999724 0.057790577 1.552363753 0.017085453 0.582945585 -0.025041707 0.811945498
159309150000.000031 0.865290523 0.057793051 1.552992702 0.017424492 0.582733333 -0.024095962 0.812119305
159325833333.333344 0.866056144 0.057995919 1.553822041 0.017911248 0.582870245 -0.023967579 0.812014163
159342516666.666687 0.866491199 0.057931665 1.554088950 0.017787883 0.582879543 -0.023574457 0.812021792
159359200000.000031 0.867433310 0.058021288 1.554638863 0.017450441 0.582870662 -0.024574431 0.812005877
159375883333.333344 0.867278695 0.058126010 1.554992437 0.017647434 0.583123684 -0.024338750 0.811827004
159392566666.666687 0.868464053 0.058183212 1.555264115 0.017936943 0.582790971 -0.023807786 0.812075257
159409250000.000000 0.869625270 0.058025531 1.556119680 0.017441427 0.582928717 -0.024417605 0.811969101
159425933333.333344 0.870900810 0.058150109 1.556519508 0.017586028 0.582484722 -0.024101421 0.812294006
159442616666.666687 0.871758938 0.058431394 1.557484865 0.017215868 0.582991838 -0.025031166 0.811909914
159459300000.000000 0.872450650 0.058614202 1.557622433 0.017357979 0.582818568 -0.024795974 0.812038481
159475983333.333344 0.872459710 0.058512304 1.557663441 0.017032003 0.582802773 -0.024851877 0.812055051
159492666666.666687 0.873336256 0.058583543 1.557863116 0.016845083 0.582316339 -0.025328204 0.812393010
159509350000.000000 0.874257267 0.058739960 1.558336139 0.017387262 0.582248330 -0.025126966 0.812436581
159526033333.333344 0.874528646 0.058772005 1.558404207 0.017375790 0.582108974 -0.025173286 0.812535286
159542716666.666687 0.874442577 0.058825441 1.557944775 0.017689181 0.581885159 -0.024744313 0.812702060
159559400000.000000 0.875648618 0.058986381 1.557957172 0.018017443 0.581347942 -0.024419665 0.813089013
159576083333.333344 0.876540244 0.058912739 1.559496164 0.017152097 0.581946671 -0.025650876 0.812641323
159592766666.666687 0.878203690 0.058492184 1.561163068 0.017178455 0.582427919 -0.024796356 0.812322557
159609450000.000000 0.879222870 0.058544882 1.561502934 0.017357610 0.581834853 -0.024880102 0.812741041
159626133333.333344 0.880076706 0.058521330 1.562378407 0.017509310 0.582166970 -0.024777692 0.812503040
159642816666.666687 0.879939616 0.058725558 1.561873078 0.017834023 0.581508160 -0.025008269 0.812960505
159659500000.000000 0.882327914 0.058332056 1.563610792 0.017118804 0.581960082 -0.025236737 0.812645495
159676183333.333344 0.883339226 0.058059901 1.563994169 0.016515447 0.581479073 -0.025656551 0.812988997
159692866666.666687 0.883306563 0.058188155 1.563958287 0.017108720 0.581649184 -0.025351532 0.812864542
159709550000.000000 0.884526968 0.057739891 1.564858198 0.016382175 0.581754327 -0.025100522 0.812812150
159726233333.333344 0.885757148 0.057818167 1.565732479 0.016956229 0.581475675 -0.024915371 0.813005388
159742916666.666687 0.885824144 0.057919860 1.565888882 0.017120659 0.581520379 -0.024521880 0.812981963
159759600000.000000 0.886617064 0.057658903 1.566252589 0.016753865 0.581464350 -0.024925930 0.813017368
159776283333.333344 0.888028085 0.058277316 1.568249226 0.017683418 0.582746327 -0.025332250 0.812066674
159792966666.666687 0.888105154 0.058473505 1.568466425 0.017933169 0.582796931 -0.025273168 0.812026799
159809650000.000000 0.889005423 0.058456987 1.568740606 0.018068442 0.582264662 -0.025074868 0.812411606
159826333333.333344 0.889371097 0.058381684 1.568964481 0.018143449 0.582186580 -0.024717525 0.812476933
159843016666.666656 0.890856683 0.057823226 1.570425391 0.017468506 0.582782924 -0.024758661 0.812062860
159859700000.000000 0.891589165 0.057927877 1.570881605 0.017719904 0.582466185 -0.024688456 0.812286675
159876383333.333344 0.892828465 0.057485856 1.571589708 0.016974838 0.582222402 -0.024592012 0.812480271
159893066666.666656 0.892984629 0.058236599 1.572007060 0.017708493 0.582293510 -0.025353985 0.812390327
159909750000.000000 0.892988443 0.058192603 1.572080731 0.017882271 0.582394898 -0.024271930 0.812346816
159926433333.333344 0.893003225 0.058224998 1.572166681 0.017583352 0.582317591 -0.025111131 0.812383235
159943116666.666656 0.893431187 0.058205701 1.572352409 0.017723061 0.582049012 -0.024859551 0.812580347
159959800000.000000 0.894636512 0.058515765 1.573407531 0.018150054 0.582346022 -0.024599971 0.812366009
159976483333.333344 0.895223796 0.058666341 1.574361563 0.018282926 0.582718074 -0.024764087 0.812091231
159993166666.666656 0.897413433 0.058647878 1.575262547 0.018430050 0.581739664 -0.024965521 0.812782943
160009850000.000000 0.898191333 0.058860496 1.575841427 0.018415894 0.581489682 -0.025038764 0.812959850
160026533333.333344 0.898277581 0.058730729 1.576191187 0.018395642 0.581591904 -0.024667965 0.812898576
160043216666.666656 0.899876297 0.059016183 1.577077627 0.018445766 0.581466913 -0.024740178 0.812984645
160059900000.000000 0.900002837 0.058669150 1.578472137 0.017445205 0.582592964 -0.025786525 0.812167585
160076583333.333344 0.900583506 0.058729716 1.578676343 0.017689729 0.582169235 -0.025515335 0.812474668
160093266666.666656 0.900336385 0.058734611 1.578672886 0.017175592 0.581988633 -0.025807945 0.812605858
160109950000.000000 0.901000679 0.058774211 1.579307318 0.017514247 0.582291603 -0.025122184 0.812403083
160126633333.333344 0.903102756 0.059001528 1.581167221 0.017716670 0.582661510 -0.025565363 0.812119544
160143316666.666656 0.903702438 0.059247293 1.581667185 0.018321887 0.582269669 -0.025707945 0.812382638
160160000000.000000 0.904143214 0.059190467 1.582536817 0.018089177 0.582859099 -0.025824618 0.811961412
160176683333.333344 0.904864073 0.058947861 1.583187103 0.017961483 0.582874238 -0.024816679 0.811984718
160193366666.666656 0.906414092 0.058844849 1.584772587 0.017879859 0.583236814 -0.024940385 0.811722338
160210050000.000000 0.906162500 0.058810689 1.584914923 0.017660886 0.583429933 -0.025555728 0.811569154
160226733333.333344 0.906821728 0.058919109 1.584954739 0.017744103 0.582625210 -0.025440007 0.812148929
160243416666.666656 0.908514142 0.058996014 1.586565018 0.017723363 0.582879782 -0.025975438 0.811949790
160260100000.000000 0.909132123 0.059141703 1.586806655 0.018185625 0.582586408 -0.025438365 0.812167108
160276783333.333313 0.909538984 0.059043668 1.587274790 0.018393105 0.582634330 -0.025037773 0.812140465
160293466666.666656 0.910463512 0.059094951 1.587961555 0.018687913 0.582645655 -0.024530815 0.812141120
160310150000.000000 0.911249399 0.058844328 1.588677168 0.018313384 0.582556903 -0.024850929 0.812203586
160326833333.333313 0.911061883 0.058743916 1.588983297 0.018213181 0.582691252 -0.024929659 0.812107027
160343516666.666656 0.911854804 0.058895789 1.589362144 0.018264482 0.582320631 -0.025698192 0.812347710
160360200000.000000 0.911703527 0.058918402 1.589020491 0.018534310 0.581701815 -0.025254333 0.812798679
160376883333.333313 0.913062096 0.058696821 1.590646029 0.018366981 0.582363844 -0.024876829 0.812339962
160393566666.666656 0.913944960 0.058814660 1.591076374 0.018594915 0.582378983 -0.024949120 0.812321723
160410250000.000000 0.914672732 0.058801033 1.591917872 0.018400095 0.582511544 -0.025027715 0.812228620
160426933333.333313 0.914735556 0.058832057 1.591924667 0.018373933 0.582026124 -0.025380408 0.812566280
160443616666.666656 0.914800942 0.058835156 1.591894388 0.018938646 0.581612051 -0.024753811 0.812869012
160460300000.000000 0.914771616 0.058807075 1.591891527 0.018723197 0.581194520 -0.024990678 0.813165367
160476983333.333313 0.917094171 0.058830343 1.594114780 0.018324899 0.582247496 -0.025195273 0.812414467
160493666666.666656 0.917188942 0.058833577 1.594120622 0.018498858 0.582197189 -0.025180629 0.812447071
160510350000.000031 0.917056561 0.058827169 1.594134092 0.018976688 0.582272589 -0.024685437 0.812397182
160527033333.333344 0.918735862 0.058804147 1.595291138 0.018418260 0.581903994 -0.024972094 0.812665343
160543716666.666687 0.918614984 0.058795087 1.595314503 0.018789470 0.581879616 -0.024603646 0.812685549
160560400000.000031 0.918487072 0.058793433 1.595340848 0.018647123 0.582098722 -0.024753954 0.812527359
160577083333.333344 0.918728530 0.058790267 1.595323324 0.018382363 0.581872165 -0.024710800 0.812696993
160593766666.666687 0.922350764 0.058959074 1.598348260 0.018549504 0.581990302 -0.024839204 0.812604666
160610450000.000000 0.922274113 0.058958486 1.598391533 0.018359203 0.582094133 -0.024822375 0.812535107
160627133333.333344 0.922195494 0.058941953 1.598389387 0.018475078 0.581696630 -0.024648089 0.812822402
160643816666.666687 0.922100604 0.058915257 1.598364353 0.018415798 0.581324518 -0.024686163 0.813088715
160660500000.000000 0.923787534 0.059050769 1.599806547 0.018209442 0.581760466 -0.025057051 0.812770128
160677183333.333344 0.924991548 0.058948278 1.600884914 0.018452086 0.582199454 -0.024574634 0.812465012
160693866666.666687 0.925740302 0.059046514 1.601522803 0.018169632 0.582134008 -0.025143957 0.812500894
160710550000.000000 0.926888347 0.059049271 1.602592707 0.017994216 0.581925750 -0.025457781 0.812644124
160727233333.333344 0.926902354 0.059045553 1.602596760 0.018008351 0.581530452 -0.025365902 0.812929690
160743916666.666687 0.926811397 0.059033856 1.602569342 0.018633777 0.581361055 -0.025088007 0.813045382
160760600000.000000 0.928857148 0.059238978 1.603456616 0.018654149 0.581006110 -0.025553709 0.813284039
160777283333.333344 0.930163741 0.059376128 1.604024172 0.018548828 0.580687106 -0.026206337 0.813493550
160793966666.666687 0.930494070 0.059367232 1.605281591 0.018836871 0.581358731 -0.025550775 0.813027918
160810650000.000000 0.930906534 0.059412777 1.605465889 0.019106992 0.580576718 -0.025639359 0.813577533
160827333333.333344 0.931835175 0.059505075 1.605860949 0.018971086 0.580272615 -0.025864778 0.813790381
160844016666.666687 0.933200955 0.059653260 1.606437802 0.018999793 0.579707742 -0.025796304 0.814194381
160860700000.000000 0.934002459 0.059737504 1.606782436 0.019516818 0.579660892 -0.024538035 0.814254463
160877383333.333344 0.933829784 0.059265025 1.607649088 0.018446678 0.580027580 -0.025034701 0.814003050
160894066666.666687 0.933031917 0.058896147 1.608043551 0.017671388 0.580283284 -0.025418807 0.813826144
160910750000.000000 0.933802366 0.059019789 1.608407736 0.018113717 0.579621732 -0.025118982 0.814296961
160927433333.333344 0.934041023 0.059010692 1.608558416 0.018257432 0.579090595 -0.024982069 0.814675808
160944116666.666687 0.935739696 0.059103809 1.609575748 0.018438226 0.578455865 -0.024705326 0.815131009
160960800000.000000 0.937768757 0.059131697 1.610821724 0.018568879 0.577754080 -0.024885146 0.815620184
160977483333.333344 0.938409567 0.059114583 1.611365199 0.018213587 0.577188671 -0.025005588 0.816024721
160994166666.666687 0.938560843 0.059139334 1.611694574 0.018250236 0.576622486 -0.025147224 0.816419721
161010850000.000000 0.938163996 0.059077077 1.611770749 0.018023031 0.576328695 -0.025444875 0.816622972
161027533333.333344 0.939182997 0.059135981 1.612318993 0.018444736 0.575207293 -0.025231419 0.817410469
161044216666.666656 0.939536929 0.059046589 1.612564921 0.017993432 0.574305594 -0.025329603 0.818051159
161060900000.000000 0.939786077 0.059105836 1.613132238 0.017919354 0.574063301 -0.025707979 0.818211079
161077583333.333344 0.940777898 0.059102550 1.614006519 0.017888479 0.573529065 -0.025458839 0.818594158
161094266666.666656 0.942503929 0.059264235 1.615365744 0.018500384 0.572678864 -0.025279224 0.819181085
161110950000.000000 0.942427456 0.059227675 1.615398407 0.018369414 0.571640432 -0.025444083 0.819903970
161127633333.333344 0.941570044 0.059075527 1.615402699 0.018105060 0.571160853 -0.025125822 0.820253789
161144316666.666656 0.941689849 0.059019409 1.615941048 0.018171383 0.571103096 -0.024720019 0.820304811
161161000000.000000 0.944311976 0.059201248 1.617464662 0.018122530 0.569928288 -0.025492294 0.821098983
161177683333.333344 0.945956528 0.059296288 1.618199468 0.018380912 0.568758786 -0.024944743 0.821920633
161194366666.666656 0.945815206 0.059350692 1.619021654 0.018054536 0.569023967 -0.025724715 0.821720183
161211050000.000000 0.947098196 0.059450805 1.619632959 0.018289480 0.568001449 -0.025549699 0.822427571
161227733333.333344 0.947677732 0.059305809 1.620106697 0.017992016 0.567117810 -0.025391217 0.823048592
161244416666.666656 0.947191119 0.059299849 1.620236874 0.017719803 0.566580534 -0.025861025 0.823409855
161261100000.000000 0.948885083 0.059422389 1.621518135 0.018533615 0.566241980 -0.024624860 0.823662698
161277783333.333344 0.949365079 0.059428997 1.621917963 0.018129440 0.565415561 -0.025295449 0.824218929
161294466666.666656 0.949907124 0.059411682 1.622542620 0.017856803 0.565245688 -0.025835510 0.824324667
161311150000.000000 0.950524449 0.059263811 1.623490810 0.018177181 0.565138102 -0.024718709 0.824425578
161327833333.333344 0.951087117 0.059404425 1.624021530 0.018117337 0.564514399 -0.025250768 0.824838042
161344516666.666656 0.951493740 0.059143007 1.624557972 0.017653687 0.563252211 -0.025566885 0.825700760
161361200000.000000 0.951557040 0.059021860 1.624802113 0.017983405 0.562466979 -0.024765994 0.826253116
161377883333.333344 0.951796353 0.058897957 1.625759363 0.017615132 0.562516749 -0.025060710 0.826218307
161394566666.666656 0.953129768 0.059106566 1.626155853 0.018071638 0.561279416 -0.024980610 0.827051938
161411250000.000000 0.953433394 0.058930390 1.626902699 0.016756060 0.561096847 -0.025703384 0.827181280
161427933333.333344 0.954683483 0.058783695 1.627482772 0.017108003 0.559986115 -0.025020435 0.827947438
161444616666.666656 0.954970777 0.058959924 1.628210306 0.017816138 0.559787631 -0.025024697 0.828066587
161461300000.000000 0.955887794 0.058995433 1.628946066 0.017876480 0.559267938 -0.025204273 0.828410923
161477983333.333313 0.956577778 0.058982633 1.629524231 0.018150978 0.558347225 -0.024884447 0.829035461
161494666666.666656 0.956895113 0.058857150 1.629821062 0.018258588 0.557476401 -0.024751671 0.829622865
161511350000.000000 0.957784414 0.058977462 1.630356073 0.018787136 0.556687891 -0.024542339 0.830146611
161528033333.333313 0.958767176 0.058950529 1.631016254 0.018838326 0.555838048 -0.024597881 0.830713093
161544716666.666656 0.958384037 0.058749080 1.631382704 0.018318333 0.555632412 -0.024556385 0.830863416
161561400000.000000 0.959282517 0.058755606 1.632099867 0.018177692 0.554724872 -0.024847357 0.831464112
161578083333.333313 0.959796965 0.058853105 1.632635593 0.018769108 0.554185092 -0.024534969 0.831820130
161594766666.666656 0.960958779 0.058826327 1.633327723 0.018604929 0.553425014 -0.024342887 0.832335293
161611450000.000000 0.961748362 0.058859095 1.633967638 0.018310357 0.552798986 -0.024980331 0.832738936
161628133333.333313 0.962519765 0.058979966 1.634428740 0.018728852 0.551984966 -0.024741912 0.833276510
161644816666.666656 0.963031173 0.058839068 1.635021687 0.018745126 0.551497042 -0.023696437 0.833629549
161661500000.000000 0.964008689 0.058996491 1.635579824 0.019344641 0.550418556 -0.023521548 0.834333241
161678183333.333313 0.964977741 0.059027001 1.636198640 0.019478381 0.549525678 -0.023385143 0.834922373
161694866666.666656 0.964994490 0.058944039 1.636688948 0.018652188 0.549178660 -0.023804836 0.835157573
161711550000.000031 0.965379596 0.058861636 1.637332678 0.018405959 0.548709035 -0.023821633 0.835471272
161728233333.333344 0.966469824 0.058983378 1.637985110 0.018632162 0.547932506 -0.023751900 0.835977674
161744916666.666687 0.967230082 0.059030063 1.638588905 0.018577768 0.547141612 -0.023900595 0.836492479
161761600000.000031 0.968329310 0.059146613 1.639248729 0.018470915 0.546304524 -0.024390502 0.837027669
161778283333.333344 0.968718886 0.059252091 1.639877558 0.018745882 0.545900166 -0.024235142 0.837289870
161794966666.666687 0.969001889 0.059150860 1.640387654 0.018601634 0.545405865 -0.023805551 0.837627470
161811650000.000000 0.969601870 0.058991987 1.640982866 0.018452557 0.544932246 -0.023190934 0.837956190
161828333333.333344 0.970023990 0.059130847 1.641539574 0.018677907 0.544480741 -0.023619385 0.838232696
161845016666.666687 0.970652580 0.059270397 1.642034888 0.018658632 0.543631911 -0.024346838 0.838763118
161861700000.000000 0.971639752 0.059195712 1.642628193 0.018722964 0.542764664 -0.023994964 0.839333296
161878383333.333344 0.972683907 0.059201799 1.643057823 0.018326620 0.541141093 -0.024400348 0.840377927
161895066666.666687 0.973335445 0.059305422 1.643797636 0.018779922 0.541077495 -0.024389874 0.840409219
161911750000.000000 0.973934531 0.059114046 1.644590855 0.018568184 0.540883958 -0.024305400 0.840540946
161928433333.333344 0.974694848 0.059233062 1.644870043 0.018553823 0.539642453 -0.024844546 0.841323137
161945116666.666687 0.975498199 0.059078902 1.645594716 0.018146321 0.539042532 -0.024883097 0.841715395
161961800000.000000 0.975234747 0.059149399 1.646524906 0.018305281 0.539620161 -0.025304742 0.841329157
161978483333.333344 0.975643873 0.059083983 1.647149801 0.018509524 0.539199650 -0.024995135 0.841603458
161995166666.666687 0.976332247 0.059163757 1.647290707 0.018680757 0.537811458 -0.025273830 0.842479169
162011850000.000000 0.978485107 0.059362471 1.647744417 0.019092476 0.536043406 -0.025416147 0.843591750
162028533333.333344 0.978254437 0.059271887 1.647740364 0.019376194 0.535435796 -0.024610456 0.843994975
162045216666.666687 0.978433788 0.059278160 1.647738338 0.019810228 0.534760654 -0.024095634 0.844427705
162061900000.000000 0.980744481 0.058833227 1.650093436 0.018877301 0.534693778 -0.024251143 0.844486892
162078583333.333344 0.981315911 0.058771834 1.650860071 0.018598594 0.534430146 -0.024853507 0.844642460
162095266666.666687 0.981567979 0.058546904 1.651099205 0.018818062 0.533469021 -0.023624945 0.845280170
162111950000.000000 0.982765198 0.058608033 1.651933432 0.018708140 0.532905817 -0.024301453 0.845618606
162128633333.333344 0.984064817 0.058856539 1.652651429 0.019328753 0.531929970 -0.025017966 0.846197963
162145316666.666687 0.984395921 0.058846243 1.653134584 0.019617615 0.531332254 -0.024064941 0.846594453
162162000000.000000 0.984706998 0.058701351 1.653680801 0.018963259 0.530700624 -0.024469677 0.846993804
162178683333.333344 0.985713780 0.058768950 1.654260397 0.019149039 0.529782295 -0.024226844 0.847571373
162195366666.666687 0.986685932 0.058848545 1.655045390 0.019157374 0.529039025 -0.024311392 0.848032892
162212050000.000000 0.986746430 0.058612663 1.655671477 0.018911773 0.528730333 -0.024076246 0.848237574
162228733333.333344 0.986754417 0.058551714 1.656224966 0.018199923 0.528389573 -0.024778731 0.848445237
162245416666.666656 0.987917542 0.058768347 1.656852126 0.018865328 0.527254403 -0.024618279 0.849141300
162262100000.000000 0.988345861 0.058502253 1.657662153 0.018513016 0.527336419 -0.023268932 0.849136114
162278783333.333344 0.988975048 0.058563188 1.658319950 0.018290050 0.526964545 -0.023252537 0.849372208
162295466666.666656 0.989461780 0.058705047 1.658833981 0.018483352 0.526085556 -0.023325024 0.849910796
162312150000.000000 0.990733743 0.058779474 1.659457684 0.018725468 0.524576247 -0.023664217 0.850828469
162328833333.333344 0.990835905 0.058661889 1.659961700 0.018613627 0.524202108 -0.023274798 0.851072252
162345516666.666656 0.992153645 0.058623385 1.660913229 0.018624723 0.523764431 -0.022595150 0.851359725
162362200000.000000 0.992986798 0.058775846 1.661437154 0.018415617 0.522689402 -0.023156693 0.852009654
162378883333.333344 0.993034244 0.058530290 1.662403584 0.018298184 0.523171663 -0.022080112 0.851744711
162395566666.666656 0.993683577 0.058574807 1.663152814 0.018408380 0.522922993 -0.021697788 0.851904929
162412250000.000000 0.994605541 0.058393717 1.663797259 0.018339083 0.522181749 -0.020833800 0.852382541
162428933333.333344 0.994981408 0.058243103 1.664395809 0.018627005 0.521293998 -0.020060126 0.852937996
162445616666.666656 0.995586872 0.058363181 1.665218592 0.018550448 0.521219552 -0.020044904 0.852985561
162462300000.000000 0.995687246 0.057895746 1.666275620 0.018575948 0.521992862 -0.018143557 0.852554560
162478983333.333344 0.996255636 0.057586480 1.666349649 0.018970827 0.520041525 -0.016371762 0.853773296
162495666666.666656 0.997885346 0.057645094 1.666951418 0.018810067 0.518489540 -0.016522013 0.854717374
162512350000.000000 0.997784317 0.057447836 1.667672634 0.018675875 0.518585145 -0.016288890 0.854666829
162529033333.333344 0.998833537 0.058224622 1.668671846 0.018688746 0.518247247 -0.020418681 0.854782760
162545716666.666656 0.999751806 0.058328610 1.669255972 0.018597428 0.517246425 -0.021134583 0.855373383
162562400000.000000 1.000463367 0.058336422 1.669795513 0.018391280 0.516195714 -0.021508621 0.856003046
162579083333.333344 1.001237392 0.057954010 1.670607090 0.018597182 0.516087830 -0.019425821 0.856113374
162595766666.666656 1.002297640 0.057939820 1.671169519 0.019443758 0.515197217 -0.018620903 0.856648743
162612450000.000000 1.002821445 0.057824463 1.671754122 0.019458119 0.514421880 -0.018216318 0.857122958
162629133333.333344 1.002751946 0.057767227 1.672723293 0.018657282 0.515004694 -0.019257575 0.856767952
162645816666.666656 1.003976583 0.057720456 1.673332453 0.018790985 0.514182687 -0.018759103 0.857269585
162662500000.000000 1.004542470 0.057857513 1.674081087 0.018825747 0.513728261 -0.020050991 0.857512057
162679183333.333313 1.006094813 0.058128640 1.674397945 0.019417284 0.511690259 -0.020157976 0.858713984
162695866666.666656 1.006021023 0.057955809 1.674878120 0.019584725 0.511485100 -0.018953079 0.858859837
162712550000.000000 1.006385326 0.057691459 1.675860882 0.019604463 0.511600673 -0.018234950 0.858806133
162729233333.333313 1.006976247 0.057304490 1.676550627 0.019553376 0.511339009 -0.016381053 0.859000444
162745916666.666656 1.008017063 0.057302419 1.677313566 0.019835100 0.510642886 -0.015769701 0.859419525
162762600000.000000 1.008275986 0.057510454 1.678053856 0.018334469 0.510633349 -0.018749759 0.859398544
162779283333.333313 1.009500742 0.057605907 1.678678036 0.018763602 0.509684801 -0.018008001 0.859968126
162795966666.666656 1.010908008 0.057603266 1.679669619 0.018370155 0.509279490 -0.018014500 0.860216558
162812650000.000000 1.010622621 0.057359733 1.680229545 0.018159555 0.509079218 -0.017627357 0.860347569
162829333333.333313 1.011427760 0.057436656 1.681093097 0.018516304 0.508876204 -0.017307896 0.860466599
162846016666.666656 1.012289762 0.057453800 1.682047606 0.018646328 0.508564174 -0.016752925 0.860659182
162862700000.000000 1.012654066 0.057423066 1.682378173 0.018853230 0.507859290 -0.016200829 0.861081362
162879383333.333313 1.013127089 0.057378270 1.682585001 0.018710578 0.506948471 -0.015779436 0.861628771
162896066666.666656 1.013984680 0.057605106 1.683319449 0.019078588 0.506055951 -0.015901038 0.862143099
162912750000.000031 1.015330553 0.057415944 1.684656858 0.019216063 0.506379068 -0.014561634 0.861973941
162929433333.333344 1.016211748 0.057462189 1.684891224 0.018425934 0.504813194 -0.015660256 0.862889946
162946116666.666687 1.017282605 0.057736941 1.685514331 0.018371304 0.503814042 -0.016280336 0.863463342
162962800000.000031 1.018417835 0.057964992 1.686875939 0.018849650 0.504247367 -0.016404286 0.863197684
162979483333.333344 1.019005656 0.058344550 1.687853813 0.018950665 0.504546523 -0.017981680 0.862989247
162996166666.666687 1.020380020 0.058402389 1.688627958 0.019244799 0.503769994 -0.017477317 0.863446593
163012850000.000000 1.020795822 0.057954531 1.689162016 0.019280683 0.503282785 -0.015870051 0.863760889
163029533333.333344 1.021300554 0.058213335 1.689930797 0.019424705 0.503299534 -0.016351102 0.863738954
163046216666.666687 1.022540808 0.057947364 1.690759420 0.020031640 0.502492130 -0.014739290 0.864224076
163062900000.000000 1.023663521 0.058134574 1.691446185 0.018965524 0.501354158 -0.016876519 0.864869654
163079583333.333344 1.024289727 0.057952791 1.692333341 0.019093519 0.501106441 -0.016167872 0.865023911
163096266666.666687 1.024935007 0.057620026 1.692957640 0.019231763 0.500552475 -0.015348475 0.865356505
163112950000.000000 1.025737524 0.057886902 1.693629742 0.019019516 0.499987990 -0.016680473 0.865662813
163129633333.333344 1.026325703 0.057754874 1.694249153 0.018940665 0.499527037 -0.016489416 0.865934253
163146316666.666687 1.027292371 0.057629015 1.695033431 0.019137468 0.498854160 -0.016274031 0.866321862
163163000000.000000 1.028217912 0.057479046 1.695684075 0.019091219 0.498141646 -0.015825320 0.866741061
163179683333.333344 1.028687835 0.057754647 1.696540594 0.018713210 0.497548342 -0.018063385 0.867046297
163196366666.666687 1.029465318 0.057608772 1.697254658 0.018381547 0.497022182 -0.018036991 0.867355645
163213050000.000000 1.030299425 0.057477605 1.697896242 0.018599726 0.496071517 -0.017897369 0.867897987
163229733333.333344 1.031159639 0.057395361 1.698586702 0.019242248 0.495380133 -0.016703445 0.868302643
163246416666.666687 1.031672716 0.057535090 1.699428797 0.018753042 0.495203316 -0.018312823 0.868381619
163263100000.000000 1.032603621 0.057349309 1.700221539 0.017749714 0.494997144 -0.018708987 0.868511796
163279783333.333344 1.033618212 0.057154309 1.701044083 0.017706042 0.494303584 -0.017837239 0.868925989
163296466666.666687 1.033770919 0.057285223 1.701906204 0.018971380 0.494436294 -0.017119957 0.868838191
163313150000.000000 1.034879446 0.057452686 1.702444315 0.018516768 0.492744982 -0.018600184 0.869777858
163329833333.333344 1.035317183 0.057514325 1.702922106 0.018732749 0.491968155 -0.018363161 0.870217919
163346516666.666687 1.036123157 0.057261087 1.703746676 0.018580848 0.491424888 -0.017198795 0.870551944
163363200000.000000 1.036860943 0.057697363 1.704672337 0.018464457 0.491184533 -0.018960519 0.870653391
163379883333.333344 1.037678719 0.057684440 1.705377579 0.018458497 0.490262508 -0.018701293 0.871178687
163396566666.666687 1.038221717 0.057724200 1.706238985 0.018906835 0.489862084 -0.018253000 0.871403754
163413250000.000000 1.039015532 0.057696160 1.706943154 0.018451007 0.489057153 -0.018126570 0.871868193
163429933333.333344 1.039821744 0.057574864 1.707878828 0.018858025 0.488914371 -0.016664103 0.871968746
163446616666.666656 1.040693521 0.057574093 1.708446026 0.018970899 0.487576336 -0.016055712 0.872726619
163463300000.000000 1.041753650 0.058105942 1.709182024 0.018482834 0.486522436 -0.018456031 0.873277605
163479983333.333344 1.042958736 0.058043908 1.709898829 0.018422846 0.485381275 -0.018112820 0.873920858
163496666666.666656 1.044554472 0.058222417 1.710497975 0.018546769 0.483581007 -0.018296961 0.874911845
163513350000.000000 1.045005322 0.057953101 1.711449027 0.018628823 0.483243674 -0.016772490 0.875127017
163530033333.333344 1.045073152 0.057945017 1.712302804 0.018348863 0.483319879 -0.016966602 0.875087082
163546716666.666656 1.046059728 0.058118597 1.713160276 0.017555501 0.482553035 -0.018117595 0.875503361
163563400000.000000 1.046844244 0.058115061 1.714114904 0.018056473 0.482345879 -0.017195730 0.875625968
163580083333.333344 1.047405005 0.058120299 1.714885473 0.017977439 0.481456459 -0.017878795 0.876103282
163596766666.666656 1.047987700 0.058082908 1.715514421 0.018379508 0.480400264 -0.017610947 0.876679957
163613450000.000000 1.049151897 0.057986718 1.716023684 0.018577650 0.478591442 -0.017420407 0.877668381
163630133333.333344 1.050075293 0.058281507 1.717418432 0.018021831 0.479161799 -0.018800588 0.877340138
163646816666.666656 1.051042199 0.059113365 1.718235970 0.018723274 0.478164881 -0.022042671 0.877793789
163663500000.000000 1.051882744 0.059113383 1.719150782 0.018577408 0.477694213 -0.022482743 0.878041983
163680183333.333344 1.052529693 0.058482025 1.719782233 0.018348267 0.476918995 -0.020085350 0.878526211
163696866666.666656 1.053283095 0.057772871 1.720549941 0.017892942 0.476132005 -0.017905319 0.879009426
163713550000.000000 1.054099441 0.058050614 1.721233606 0.017339144 0.475100160 -0.019191369 0.879551589
163730233333.333344 1.054578543 0.057495158 1.722115755 0.017951814 0.474778235 -0.016751165 0.879762948
163746916666.666656 1.055773258 0.057655435 1.722900152 0.018258363 0.473632693 -0.017362934 0.880362034
163763600000.000000 1.056249857 0.057593998 1.723642826 0.017959472 0.473090678 -0.017601077 0.880654812
163780283333.333344 1.057216167 0.057603445 1.724548221 0.018278139 0.472444981 -0.017811105 0.880990624
163796966666.666656 1.058039427 0.057437323 1.725213647 0.017884444 0.471517265 -0.017404785 0.881503701
163813650000.000000 1.059282064 0.057574064 1.726411819 0.017791936 0.471324027 -0.018026475 0.881596386
163830333333.333344 1.060561657 0.057608776 1.727121472 0.017647767 0.470206559 -0.017864602 0.882199109
163847016666.666656 1.061278105 0.057698723 1.727946401 0.017749710 0.469544202 -0.018003959 0.882546902
163863700000.000000 1.061923504 0.057749730 1.728827119 0.017771441 0.468929917 -0.018314680 0.882866621
163880383333.333313 1.063086033 0.058028791 1.729673028 0.017532112 0.467909187 -0.019647790 0.883384228
163897066666.666656 1.064217806 0.058263142 1.730435491 0.017592905 0.467089325 -0.019959589 0.883809805
163913750000.000000 1.064548969 0.058020737 1.731292009 0.017280582 0.467243522 -0.018900357 0.883757770
163930433333.333313 1.065417171 0.058008559 1.732262850 0.017559806 0.466433108 -0.018224750 0.884194374
163947116666.666656 1.066245079 0.058100726 1.732964158 0.017846314 0.465742290 -0.018233445 0.884552538
163963800000.000000 1.066873074 0.057851616 1.733473897 0.017488841 0.464729220 -0.017075511 0.885115504
163980483333.333313 1.068161488 0.057941556 1.734415770 0.017635858 0.464132398 -0.016638609 0.885433972
163997166666.666656 1.068840504 0.058087863 1.735315800 0.017488496 0.463493526 -0.017241227 0.885759950
164013850000.000000 1.069731712 0.058078717 1.735930443 0.017607478 0.462401241 -0.016913947 0.886334658
164030533333.333313 1.070795298 0.058282550 1.736895680 0.017671121 0.462061584 -0.017336631 0.886502266
164047216666.666656 1.071310401 0.057927947 1.737632751 0.017402736 0.461513311 -0.016049255 0.886817396
164063900000.000000 1.072264194 0.057963558 1.738622546 0.017190911 0.461190552 -0.016300574 0.886984825
164080583333.333313 1.073879480 0.058026366 1.739489675 0.017039459 0.460172832 -0.016631551 0.887510121
164097266666.666656 1.074927330 0.057885043 1.740244627 0.017263146 0.459254533 -0.016017897 0.887992561
164113950000.000031 1.075763702 0.058506008 1.741369486 0.017310850 0.459278286 -0.017845070 0.887944460
164130633333.333344 1.076884627 0.058297940 1.742040634 0.017319893 0.458313972 -0.016992414 0.888459146
164147316666.666687 1.078779936 0.057672691 1.742552996 0.016969994 0.456369281 -0.014780827 0.889505863
164164000000.000031 1.078737617 0.058487382 1.744127512 0.017526383 0.457784295 -0.017526053 0.888717711
164180683333.333344 1.079833984 0.058317546 1.744862556 0.017626528 0.456722915 -0.017023062 0.889271498
164197366666.666687 1.081068873 0.058137573 1.745594025 0.017950587 0.455853343 -0.016558900 0.889719784
164214050000.000000 1.082157850 0.059360936 1.747089267 0.017711684 0.456360221 -0.021819916 0.889351189
164230733333.333344 1.082993865 0.058425836 1.747256756 0.017495319 0.454717726 -0.018504478 0.890271485
164247416666.666687 1.083848476 0.058395937 1.748051763 0.017583085 0.453916311 -0.018803403 0.890672386
164264100000.000000 1.085067391 0.058283027 1.748792171 0.017559748 0.452852249 -0.018693957 0.891216636
164280783333.333344 1.085876822 0.058500152 1.749922991 0.017576795 0.452702522 -0.019754775 0.891269505
164297466666.666687 1.086043954 0.058191050 1.751229286 0.017259361 0.453179598 -0.019303173 0.891043067
164314150000.000000 1.087337017 0.058037244 1.752064466 0.017202478 0.452319771 -0.019223943 0.891482651
164330833333.333344 1.088087678 0.057795290 1.752968788 0.017124066 0.451931447 -0.019136300 0.891682982
164347516666.666687 1.089185238 0.057988510 1.753786564 0.017430305 0.451115042 -0.019812774 0.892075598
164364200000.000000 1.089786291 0.057727810 1.754722834 0.017210847 0.450815767 -0.018955296 0.892249763
164380883333.333344 1.090939045 0.057539087 1.755338907 0.017404901 0.449595571 -0.018257728 0.892876029
164397566666.666687 1.091593385 0.057743415 1.756323457 0.017397150 0.449409842 -0.018960394 0.892955065
164414250000.000000 1.092096567 0.057564154 1.757011414 0.017240195 0.448874712 -0.018347509 0.893239975
164430933333.333344 1.093484879 0.057830568 1.758150101 0.017150212 0.448482156 -0.019575153 0.893412828
164447616666.666687 1.094474554 0.057569895 1.758833408 0.016847325 0.447629213 -0.018770128 0.893863499
164464300000.000000 1.094811320 0.057675119 1.759594917 0.017239884 0.447334826 -0.018641181 0.894006133
164480983333.333344 1.095688701 0.057537567 1.760337830 0.017187754 0.446502030 -0.017865321 0.894439161
164497666666.666687 1.096928716 0.057896212 1.761608601 0.017317595 0.446013153 -0.018716374 0.894663095
164514350000.000000 1.097593665 0.058071062 1.762583256 0.017555589 0.445699722 -0.018839840 0.894812047
164531033333.333344 1.098449707 0.058177501 1.763340712 0.017480008 0.444893181 -0.018782230 0.895216048
164547716666.666687 1.099750161 0.058496598 1.764407158 0.017500499 0.444507360 -0.019660292 0.895388424
164564400000.000000 1.100530028 0.058101762 1.765141606 0.017182071 0.443949312 -0.018563831 0.895694792
164581083333.333344 1.101104021 0.058147982 1.766223192 0.016748678 0.444005847 -0.019042410 0.895664990
164597766666.666687 1.102106214 0.058310188 1.767065048 0.016966680 0.443326324 -0.019498711 0.895987570
164614450000.000000 1.102153778 0.058214832 1.768015862 0.016870469 0.443382740 -0.018807029 0.895976305
164631133333.333344 1.103953600 0.058390517 1.768725514 0.017245514 0.441956699 -0.018900463 0.896671414
164647816666.666656 1.104712725 0.058256291 1.769482136 0.017049199 0.441410929 -0.018572226 0.896950841
164664500000.000000 1.105583906 0.058429368 1.770461917 0.016923403 0.441251189 -0.019261733 0.897017241
164681183333.333344 1.106451750 0.058597572 1.771075249 0.017292744 0.440525949 -0.019856926 0.897353649
164697866666.666656 1.107584476 0.058412552 1.772426605 0.017073609 0.439981282 -0.019301463 0.897637188
164714550000.000000 1.108462334 0.058696263 1.773455858 0.017158184 0.439848959 -0.020343274 0.897677422
164731233333.333344 1.109327435 0.058733836 1.774350643 0.017071147 0.439398676 -0.020907942 0.897886634
164747916666.666656 1.110073209 0.058942188 1.775231481 0.017023584 0.439222723 -0.021801338 0.897952378
164764600000.000000 1.111502647 0.058753937 1.776051521 0.017137455 0.438196540 -0.021296289 0.898463547
164781283333.333344 1.112502337 0.058349274 1.776770473 0.016964449 0.437515467 -0.020362323 0.898820221
164797966666.666656 1.113273978 0.058264568 1.777952433 0.016908472 0.437561482 -0.020241085 0.898801625
164814650000.000000 1.114047527 0.058234420 1.778782606 0.017058622 0.437229961 -0.020084528 0.898963690
164831333333.333344 1.114820123 0.058587175 1.779520154 0.017310161 0.436711580 -0.021297509 0.899182916
164848016666.666656 1.116355181 0.057795078 1.780758858 0.017193276 0.435950875 -0.019344918 0.899598241
164864700000.000000 1.116527915 0.058556966 1.781516671 0.017518543 0.435983777 -0.021780608 0.899520338
164881383333.333344 1.117435455 0.058407493 1.782279491 0.017610157 0.435537845 -0.021351336 0.899744928
164898066666.666656 1.118160725 0.058454197 1.783141851 0.017666934 0.435374290 -0.021366397 0.899822533
164914750000.000000 1.119948030 0.058070041 1.784091949 0.017980799 0.434422702 -0.019789433 0.900312245
164931433333.333344 1.120884895 0.057530876 1.785040021 0.017196670 0.433985829 -0.018531967 0.900564969
164948116666.666656 1.121688724 0.057422299 1.785908937 0.017070821 0.433900446 -0.017790535 0.900623441
164964800000.000000 1.122612476 0.057434659 1.786636353 0.017259447 0.433238506 -0.017479863 0.900944471
164981483333.333344 1.123242617 0.057362400 1.787580490 0.017046884 0.433306932 -0.017306598 0.900918961
164998166666.666656 1.124355912 0.057360470 1.788393974 0.016944943 0.432779610 -0.017241286 0.901175618
165014850000.000000 1.125204563 0.057433069 1.789307117 0.016702380 0.432768136 -0.017607050 0.901178598
165031533333.333344 1.126250744 0.057323914 1.789919138 0.016749619 0.432126522 -0.016844202 0.901500165
165048216666.666656 1.127363920 0.057387169 1.791192532 0.016567307 0.432444990 -0.016746948 0.901352584
165064900000.000000 1.128154278 0.057539351 1.792169571 0.016703343 0.432409614 -0.017155133 0.901359379
165081583333.333313 1.130456448 0.058374524 1.793540001 0.016995963 0.431309640 -0.019128481 0.901841044
165098266666.666656 1.131157994 0.058574460 1.794327736 0.017111205 0.431068659 -0.019205794 0.901952505
165114950000.000000 1.132511139 0.058423385 1.795134783 0.016844435 0.430825770 -0.019016618 0.902077496
165131633333.333313 1.133288741 0.058159936 1.795935988 0.016696028 0.430180579 -0.018088812 0.902407229
165148316666.666656 1.134575129 0.058313057 1.797292590 0.016863884 0.430581748 -0.018740356 0.902199447
165165000000.000000 1.135304093 0.058434241 1.798058271 0.016801260 0.430362165 -0.019150132 0.902296782
165181683333.333313 1.135914564 0.058499679 1.798910379 0.016933465 0.430661291 -0.019070452 0.902153254
165198366666.666656 1.136659145 0.057974417 1.799801469 0.016783766 0.430471867 -0.017869512 0.902271032
165215050000.000000 1.138097882 0.058022063 1.800654054 0.016877480 0.429806173 -0.017929539 0.902585387
165231733333.333313 1.139839649 0.058219112 1.801494360 0.016867448 0.429013878 -0.018713616 0.902946591
165248416666.666656 1.139760137 0.058071524 1.802328110 0.016668130 0.429577589 -0.018708654 0.902682304
165265100000.000000 1.141089678 0.057762258 1.803357363 0.016486123 0.429412127 -0.018402023 0.902770698
165281783333.333313 1.141955733 0.057691909 1.804455996 0.016582960 0.429524332 -0.018404171 0.902715504
165298466666.666656 1.142626047 0.057488278 1.805276632 0.016420333 0.429321766 -0.018455684 0.902813733
165315150000.000031 1.145448565 0.057384890 1.806731701 0.016841918 0.428029031 -0.018571511 0.903417230
165331833333.333344 1.146276951 0.057232995 1.807764769 0.016706167 0.428120524 -0.018775288 0.903372169
165348516666.666687 1.146716356 0.057129659 1.808457494 0.016809093 0.428014010 -0.018354524 0.903429389
165365200000.000031 1.148532033 0.056767829 1.809195399 0.016995290 0.427091539 -0.017769530 0.903874040
165381883333.333344 1.149461746 0.056829464 1.810810566 0.016671328 0.427268356 -0.018701440 0.903777659
165398566666.666687 1.150352120 0.056686912 1.811093092 0.016445708 0.426308453 -0.019108500 0.904226482
165415250000.000000 1.150957704 0.056491345 1.812462330 0.016438300 0.426894486 -0.018544069 0.903961897
165431933333.333344 1.151872993 0.056481335 1.813393354 0.016387111 0.426714092 -0.019204672 0.904034197
165448616666.666687 1.153128386 0.056320485 1.813740730 0.016288584 0.425630063 -0.018859681 0.904554069
165465300000.000000 1.154182196 0.056307849 1.815147042 0.016305204 0.425789177 -0.018875828 0.904478550
165481983333.333344 1.155708909 0.056115944 1.815564394 0.016240850 0.424753934 -0.018448973 0.904975116
165498666666.666687 1.156904221 0.055958744 1.815915108 0.015983189 0.423837781 -0.018042276 0.905417383
165515350000.000000 1.156437874 0.056011565 1.815798879 0.016110141 0.424013764 -0.017697962 0.905339539
165532033333.333344 1.158085346 0.055780530 1.816254735 0.015648035 0.422905982 -0.018019181 0.905859292
165548716666.666687 1.159636497 0.055607319 1.816760659 0.015530967 0.421772927 -0.017723251 0.906395257
165565400000.000000 1.160275936 0.055531394 1.816953778 0.015532948 0.421174198 -0.017187905 0.906683922
165582083333.333344 1.161636353 0.055361509 1.817313433 0.015226630 0.419968218 -0.017462736 0.907243073
165598766666.666687 1.162596226 0.055270433 1.817614555 0.014731611 0.419904202 -0.018930348 0.907251477
165615450000.000000 1.162654281 0.056585189 1.821895361 0.016141428 0.421415091 -0.018139800 0.906542838
165632133333.333344 1.163451910 0.057283707 1.823484659 0.016516134 0.421491176 -0.019579111 0.906470716
165648816666.666687 1.164029837 0.056810148 1.824535131 0.016105738 0.421318948 -0.018992890 0.906570613
165665500000.000000 1.164882898 0.056729820 1.824751019 0.015979987 0.420591503 -0.018000230 0.906930804
165682183333.333344 1.165255308 0.056685857 1.825722933 0.015712220 0.420758247 -0.018823765 0.906841457
165698866666.666687 1.166939020 0.057042096 1.827240467 0.016274448 0.420125067 -0.018660484 0.907128334
165715550000.000000 1.168351650 0.057812665 1.828361392 0.016610809 0.419583887 -0.019849909 0.907347500
165732233333.333344 1.168142915 0.057808042 1.829373837 0.016574221 0.420199543 -0.019723391 0.907065988
165748916666.666687 1.169478178 0.057687558 1.830521345 0.016402390 0.419542998 -0.019445829 0.907378972
165765600000.000000 1.170940876 0.057624694 1.831667900 0.016479200 0.418943703 -0.019345326 0.907656610
165782283333.333344 1.171005249 0.057935949 1.832882643 0.016871719 0.419517159 -0.019411996 0.907382965
165798966666.666687 1.172382236 0.057849478 1.833517432 0.016871473 0.418545008 -0.019274062 0.907834768
165815650000.000000 1.173384428 0.057319894 1.836116791 0.016324211 0.419180036 -0.019176656 0.907553792
165832333333.333344 1.174242258 0.057241090 1.836905718 0.016339170 0.419058263 -0.019166796 0.907609999
165849016666.666656 1.174881577 0.057047896 1.837856770 0.016308663 0.418794870 -0.018872555 0.907738209
165865700000.000000 1.175765991 0.057288267 1.838927031 0.016397325 0.418466866 -0.019829413 0.907867491
165882383333.333344 1.176764965 0.056594189 1.840037704 0.015973618 0.418180764 -0.018410124 0.908036828
165899066666.666656 1.177819610 0.057084654 1.840688109 0.016556066 0.417562127 -0.019513113 0.908287942
165915750000.000000 1.178387642 0.056765951 1.842026949 0.016374832 0.417740285 -0.018864492 0.908223033
165932433333.333344 1.180141926 0.056606900 1.843039751 0.016151588 0.416605145 -0.019101769 0.908743322
165949116666.666656 1.181354165 0.056653198 1.843943119 0.016282298 0.416088521 -0.019332889 0.908972800
165965800000.000000 1.181931019 0.056222267 1.845113277 0.015816376 0.416157633 -0.018554367 0.908965588
165982483333.333344 1.182743192 0.056418668 1.846201181 0.016274169 0.415902615 -0.018627508 0.909072697
165999166666.666656 1.183972120 0.055939544 1.847578287 0.015973434 0.415651619 -0.017613795 0.909213066
166015850000.000000 1.185326576 0.055893142 1.848130703 0.015803564 0.414557725 -0.018041074 0.909706950
166032533333.333344 1.185747862 0.055963941 1.848427534 0.015742792 0.414238960 -0.018054441 0.909852982
166049216666.666656 1.187500119 0.056621045 1.850038886 0.016201118 0.413617730 -0.019068830 0.910106778
166065900000.000000 1.188357234 0.056535508 1.850992203 0.015857784 0.413443685 -0.019322941 0.910186529
166082583333.333344 1.188316941 0.056004826 1.852329016 0.015699591 0.414132893 -0.017308610 0.909916461
166099266666.666656 1.190118909 0.056501351 1.853036404 0.015916990 0.412944674 -0.018591598 0.910427272
166115950000.000000 1.191232562 0.056562781 1.854056120 0.015826939 0.412431955 -0.018980993 0.910653174
166132633333.333344 1.191537619 0.057021294 1.854703426 0.015993023 0.412440360 -0.019178251 0.910642266
166149316666.666656 1.192133665 0.057143416 1.855973125 0.015987644 0.412453026 -0.019271383 0.910634696
166166000000.000000 1.193660021 0.057028525 1.856788039 0.016019365 0.411639601 -0.018891385 0.911010087
166182683333.333344 1.194832921 0.057105891 1.857917309 0.015880026 0.411127865 -0.018946752 0.911242425
166199366666.666656 1.195890546 0.057282686 1.858612180 0.016068462 0.410478473 -0.018830502 0.911534250
166216050000.000000 1.196927667 0.057403468 1.859631777 0.016183181 0.410170019 -0.019058969 0.911666274
166232733333.333344 1.197801113 0.057788692 1.860663176 0.016402399 0.410067737 -0.018984085 0.911710024
166249416666.666656 1.198434711 0.057705641 1.862354517 0.016187413 0.410453677 -0.018929522 0.911541283
166266100000.000000 1.199715376 0.057543911 1.862928629 0.015552471 0.409592271 -0.019690637 0.911923587
166282783333.333313 1.200404406 0.057421189 1.863855362 0.015510442 0.409480751 -0.019492628 0.911978662
166299466666.666656 1.201531410 0.057496455 1.865257978 0.015510834 0.409343392 -0.019588180 0.912038267
166316150000.000000 1.202299833 0.057734642 1.865670204 0.015922030 0.408773512 -0.019509193 0.912288368
166332833333.333313 1.203179479 0.057329819 1.867022276 0.015554080 0.408754885 -0.019285360 0.912307918
166349516666.666656 1.204214692 0.057357684 1.868278980 0.016024284 0.408596903 -0.018971240 0.912377119
166366200000.000000 1.206035972 0.057055417 1.869445801 0.015570885 0.407711893 -0.019136501 0.912777305
166382883333.333313 1.207241178 0.057007633 1.870648503 0.015558211 0.407367021 -0.019349752 0.912927032
166399566666.666656 1.208399773 0.056838088 1.871417999 0.015522521 0.406579405 -0.019435272 0.913276851
166416250000.000000 1.209446192 0.056586441 1.872658730 0.015641715 0.406487882 -0.018823029 0.913328350
166432933333.333313 1.210758924 0.056672592 1.873510599 0.015795670 0.405707866 -0.019078653 0.913667142
166449616666.666656 1.211699009 0.056258362 1.874522448 0.015611867 0.405143172 -0.018522188 0.913932323
166466300000.000000 1.212710142 0.056450758 1.875711203 0.015802739 0.404900581 -0.019072805 0.914025247
166482983333.333313 1.213594794 0.055896070 1.876639843 0.015428266 0.404370219 -0.018114133 0.914285898
166499666666.666656 1.214351296 0.055965718 1.877708435 0.015383826 0.404218316 -0.018463789 0.914346814
166516350000.000031 1.215424538 0.055871107 1.878594160 0.015422089 0.403603077 -0.018332047 0.914620519
166533033333.333344 1.216460705 0.055896994 1.880071163 0.015414994 0.403390408 -0.018739734 0.914706230
166549716666.666687 1.217453003 0.055895634 1.880693436 0.015591993 0.402603686 -0.018770084 0.915049076
166566400000.000031 1.218785882 0.055875793 1.881702662 0.015628885 0.401748478 -0.019137859 0.915416658
166583083333.333344 1.219867945 0.056055352 1.882781982 0.015787218 0.400808603 -0.019508637 0.915818036
166599766666.666687 1.220591187 0.056315616 1.883793116 0.016137982 0.400491714 -0.019575566 0.915949106
166616450000.000000 1.221255422 0.056176454 1.884692430 0.015614853 0.400198460 -0.019365557 0.916090846
166633133333.333344 1.221834064 0.056172188 1.885845542 0.015731359 0.400339484 -0.018970547 0.916035473
166649816666.666687 1.222621322 0.055920180 1.886279345 0.015487117 0.399538696 -0.018687928 0.916395009
166666500000.000000 1.223438978 0.056047011 1.887436628 0.015656447 0.398992836 -0.018621154 0.916631341
166683183333.333344 1.224081516 0.056238685 1.888512135 0.015899679 0.398642838 -0.018247873 0.916786849
166699866666.666687 1.225219727 0.056409165 1.889744759 0.015735088 0.398202091 -0.018660752 0.916972876
166716550000.000000 1.225913167 0.056665014 1.890571594 0.015948180 0.397587627 -0.018770501 0.917233586
166733233333.333344 1.227292657 0.056926616 1.891957045 0.015860744 0.396964729 -0.019429233 0.917491138
166749916666.666687 1.228078127 0.056750186 1.893070102 0.015713628 0.396627128 -0.019010762 0.917648435
166766600000.000000 1.228616476 0.056532431 1.894237995 0.015512024 0.396381259 -0.017975455 0.917778969
166783283333.333344 1.229739785 0.056612555 1.894941807 0.015623701 0.395627946 -0.018386474 0.918093920
166799966666.666687 1.230517626 0.056761034 1.895885944 0.015886055 0.395209938 -0.018440936 0.918268383
166816650000.000000 1.231414795 0.056625694 1.896902800 0.015442511 0.394649386 -0.018558092 0.918514550
166833333333.333344 1.232436419 0.056461219 1.897999287 0.015215843 0.394117713 -0.018341890 0.918751001
166850016666.666687 1.233312726 0.056529611 1.899171352 0.015165904 0.393777341 -0.019103160 0.918882191
166866700000.000000 1.234206438 0.056471389 1.900275946 0.015286325 0.393332273 -0.018997548 0.919073045
166883383333.333344 1.235199571 0.056265034 1.900922060 0.015257852 0.392530054 -0.018340219 0.919429719
166900066666.666687 1.236324310 0.056285303 1.902061820 0.015576804 0.391420931 -0.018223353 0.919899464
166916750000.000000 1.236697555 0.056338288 1.903513908 0.015279851 0.391888738 -0.018692274 0.919695854
166933433333.333344 1.237496734 0.056211222 1.904348850 0.015464275 0.391478300 -0.018192826 0.919877529
166950116666.666687 1.238637209 0.056198552 1.905637026 0.015672132 0.390993267 -0.017957067 0.920084894
166966800000.000000 1.238921523 0.056277946 1.906397104 0.015723713 0.390996397 -0.017897706 0.920083880
166983483333.333344 1.240487337 0.055968612 1.907840490 0.015345169 0.390194625 -0.018177986 0.920425117
167000166666.666687 1.241800785 0.055878378 1.908992290 0.015465229 0.389558345 -0.018024059 0.920695543
167016850000.000000 1.242688894 0.055931572 1.909973145 0.015696129 0.389206707 -0.018037444 0.920840144
167033533333.333344 1.243423820 0.055834819 1.911071062 0.015705295 0.389020562 -0.017586172 0.920927346
167050216666.666656 1.244687319 0.055294618 1.912131310 0.015318946 0.388318926 -0.017312139 0.921235144
167066900000.000000 1.245376706 0.055569265 1.913344622 0.015516555 0.388130188 -0.017845763 0.921301126
167083583333.333344 1.246233702 0.055537671 1.914206982 0.015582608 0.387555748 -0.017560288 0.921547294
167100266666.666656 1.246985435 0.055664644 1.915154934 0.015957028 0.387301743 -0.017575914 0.921647429
167116950000.000000 1.248331785 0.055570640 1.916660547 0.015687985 0.386831671 -0.017490508 0.921851039
167133633333.333344 1.248674393 0.055550639 1.917443514 0.015642298 0.386836112 -0.017317362 0.921853185
167150316666.666656 1.249850154 0.055810720 1.918712616 0.015809758 0.386340469 -0.017680580 0.922051311
167167000000.000000 1.250924349 0.056106050 1.919852734 0.016078442 0.386002213 -0.018247832 0.922177196
167183683333.333344 1.251875758 0.056180228 1.921161890 0.015972976 0.385779053 -0.018222889 0.922272980
167200366666.666656 1.252645135 0.056286767 1.922174811 0.016135730 0.385535538 -0.018262696 0.922371149
167217050000.000000 1.253695965 0.056309428 1.923218369 0.015849099 0.384895444 -0.018426253 0.922640145
167233733333.333344 1.255157351 0.056088455 1.924535513 0.015449771 0.384305030 -0.017928269 0.922902822
167250416666.666656 1.256247044 0.056294985 1.925791740 0.015420882 0.383851379 -0.018165153 0.923087478
167267100000.000000 1.256929636 0.056275018 1.926641345 0.015281892 0.383350194 -0.018187977 0.923297584
167283783333.333344 1.258193731 0.056502443 1.927771330 0.015327854 0.382777184 -0.018338738 0.923531473
167300466666.666656 1.258956313 0.056330528 1.928671360 0.015171479 0.382629663 -0.017577432 0.923610032
167317150000.000000 1.259967566 0.056583103 1.929828167 0.015669316 0.382467121 -0.017360006 0.923673153
167333833333.333344 1.261011243 0.056533206 1.930861950 0.015336530 0.382070750 -0.017780995 0.923834741
167350516666.666656 1.262223959 0.056692403 1.932030320 0.015312762 0.381680459 -0.018214291 0.923988044
167367200000.000000 1.263016343 0.056428332 1.933191538 0.015158472 0.381747544 -0.018028092 0.923966527
167383883333.333344 1.263926983 0.056545593 1.934262514 0.015381146 0.381377131 -0.018018395 0.924115956
167400566666.666656 1.265325785 0.056460828 1.935439825 0.015258146 0.380901903 -0.017996274 0.924314439
167417250000.000000 1.266104102 0.056248378 1.936399698 0.015282657 0.380617768 -0.017259402 0.924445093
167433933333.333344 1.267461300 0.056228966 1.937566042 0.015239797 0.380151689 -0.017569248 0.924631715
167450616666.666656 1.268307567 0.056235630 1.938754320 0.015016610 0.380108088 -0.017865490 0.924647629
167467300000.000000 1.269406199 0.056084670 1.939726830 0.015190687 0.379335046 -0.017441824 0.924970269
167483983333.333313 1.270608306 0.056032546 1.941020966 0.015531434 0.379247129 -0.016943593 0.925009906
167500666666.666656 1.271863222 0.056011453 1.942122221 0.015851127 0.378759444 -0.016804105 0.925206840
167517350000.000000 1.272671819 0.056051899 1.943169713 0.015740793 0.378758013 -0.017109161 0.925203741
167534033333.333313 1.274097443 0.055957552 1.944258451 0.015698645 0.378385931 -0.017452039 0.925350249
167550716666.666656 1.275094271 0.055866811 1.944968224 0.015553904 0.377524287 -0.017354108 0.925706387
167567400000.000000 1.276104331 0.055173364 1.946584940 0.015229237 0.377514929 -0.017043317 0.925721407
167584083333.333313 1.276854992 0.055142511 1.947386861 0.015091924 0.377259910 -0.017306527 0.925822735
167600766666.666656 1.278100133 0.055210993 1.948483229 0.014970923 0.376704991 -0.017601803 0.926045120
167617450000.000000 1.278822303 0.055117410 1.949171782 0.015153253 0.376342684 -0.017259780 0.926195800
167634133333.333313 1.280044794 0.054997962 1.950192928 0.015255705 0.375879556 -0.016995903 0.926387072
167650816666.666656 1.281159639 0.054759547 1.951402903 0.014970370 0.375515252 -0.017213462 0.926535487
167667500000.000000 1.282110691 0.054763880 1.952298284 0.014997926 0.375241935 -0.017872477 0.926633298
167684183333.333313 1.283048511 0.054843664 1.953153014 0.014501929 0.374719530 -0.018284356 0.926844478
167700866666.666656 1.283713460 0.054871246 1.953858733 0.014430480 0.374395192 -0.018503666 0.926972389
167717550000.000031 1.284735560 0.054863948 1.954795837 0.014453374 0.373909265 -0.017323233 0.927190840
167734233333.333344 1.286062837 0.055004612 1.955875278 0.014522035 0.373226553 -0.017586973 0.927459896
167750916666.666687 1.286953568 0.055051669 1.957544565 0.014837103 0.373285174 -0.017342323 0.927435875
167767600000.000031 1.287553191 0.055047620 1.958213806 0.014777226 0.372897893 -0.017312160 0.927593231
167784283333.333344 1.288609505 0.055189651 1.959178448 0.014906786 0.372148573 -0.017335463 0.927891612
167800966666.666687 1.289259553 0.055262424 1.960048437 0.014720730 0.372124404 -0.017881334 0.927893877
167817650000.000000 1.290534258 0.055420704 1.961172342 0.014700622 0.371373504 -0.017752184 0.928197443
167834333333.333344 1.291448474 0.055498138 1.962319374 0.014460471 0.371269315 -0.017706044 0.928243816
167851016666.666687 1.292942047 0.055535350 1.964018345 0.014647181 0.370694101 -0.017455613 0.928475499
167867700000.000000 1.294000387 0.055672638 1.965054989 0.014846520 0.370180368 -0.017607341 0.928674400
167884383333.333344 1.295165062 0.055813558 1.966220379 0.014963688 0.369717509 -0.017059274 0.928867102
167901066666.666687 1.295786500 0.055752825 1.967253447 0.015060337 0.369364828 -0.016960289 0.929007649
167917750000.000000 1.297384381 0.055973355 1.968616962 0.015090223 0.368701160 -0.016899543 0.929271877
167934433333.333344 1.297929645 0.055939704 1.969881892 0.014651738 0.368563056 -0.017369276 0.929325044
167951116666.666687 1.298552513 0.055952206 1.970901370 0.014542463 0.368466854 -0.017606575 0.929360390
167967800000.000000 1.298977256 0.055877503 1.971966267 0.014293300 0.368615121 -0.017787784 0.929301977
167984483333.333344 1.299944162 0.055749550 1.973167658 0.014624149 0.368148118 -0.016936533 0.929497898
168001166666.666687 1.301381588 0.055616755 1.974489927 0.014692537 0.367164165 -0.016410425 0.929895401
168017850000.000000 1.303145170 0.055532709 1.976061344 0.014684010 0.366629630 -0.016367653 0.930107117
168034533333.333344 1.303921700 0.055301245 1.977310181 0.014596263 0.366395831 -0.016337611 0.930201173
168051216666.666687 1.304867506 0.054904748 1.978605747 0.014086960 0.366391778 -0.016510446 0.930207610
168067900000.000000 1.306125522 0.054822784 1.979854584 0.014302910 0.365841359 -0.016698075 0.930417538
168084583333.333344 1.306783199 0.055459067 1.980287313 0.014757112 0.365431339 -0.016737944 0.930570841
168101266666.666687 1.308330536 0.055451039 1.982022405 0.014824642 0.365004390 -0.017262820 0.930727720
168117950000.000000 1.309436798 0.055034257 1.982715845 0.014671586 0.364385992 -0.016863251 0.930979729
168134633333.333344 1.310505867 0.055012822 1.983990192 0.014585254 0.364209652 -0.016791457 0.931051433
168151316666.666687 1.311180115 0.054723822 1.984989285 0.014599112 0.363839000 -0.016181683 0.931206942
168168000000.000000 1.312837601 0.054291680 1.986460805 0.014428767 0.363202304 -0.015826035 0.931464195
168184683333.333344 1.314334631 0.054181099 1.987758398 0.014452854 0.362658411 -0.015849672 0.931675255
168201366666.666687 1.314449787 0.054575104 1.988279581 0.014311343 0.362613946 -0.016887033 0.931676507
168218050000.000000 1.316349149 0.054861974 1.989732265 0.014845205 0.361929536 -0.016684987 0.931937873
168234733333.333344 1.316629529 0.054913115 1.990767241 0.014583469 0.361868262 -0.016634321 0.931966722
168251416666.666656 1.318135381 0.054756179 1.992135286 0.014435995 0.361512601 -0.016823648 0.932103693
168268100000.000000 1.319692135 0.055282209 1.993616104 0.014587362 0.361006260 -0.017433485 0.932286322
168284783333.333344 1.320665717 0.056046583 1.993957758 0.014821591 0.360501051 -0.018785315 0.932451904
168301466666.666656 1.320904613 0.055154353 1.994998932 0.014212452 0.360534102 -0.017367026 0.932476044
168318150000.000000 1.322568893 0.055624884 1.996413231 0.014645649 0.359794348 -0.017555751 0.932751477
168334833333.333344 1.323455572 0.056079056 1.997751474 0.014963367 0.359652907 -0.017726958 0.932797849
168351516666.666656 1.323910356 0.055963740 1.998162508 0.014680672 0.359362245 -0.017831875 0.932912290
168368200000.000000 1.325055480 0.056171447 1.999339700 0.014725627 0.359100252 -0.017995585 0.933009326
168384883333.333344 1.325724602 0.056830700 2.000496864 0.015126472 0.359010398 -0.018473033 0.933028162
168401566666.666656 1.326826930 0.056408312 2.001337767 0.014650314 0.358273298 -0.017742896 0.933333158
168418250000.000000 1.328298330 0.056158587 2.002825737 0.014556021 0.357841730 -0.017222119 0.933510005
168434933333.333344 1.329252005 0.055994984 2.003942013 0.014204728 0.357561290 -0.017178698 0.933623672
168451616666.666656 1.330446839 0.055588968 2.004953384 0.013996337 0.357174009 -0.016209997 0.933792353
168468300000.000000 1.331485152 0.056053028 2.005660057 0.014274669 0.356671661 -0.016913887 0.933967650
168484983333.333344 1.333222628 0.056182228 2.007104635 0.014358078 0.356164873 -0.016946644 0.934159219
168501666666.666656 1.334379554 0.055983305 2.008356571 0.014217272 0.355916470 -0.016290484 0.934267581
168518350000.000000 1.336194038 0.056232154 2.009299755 0.014350664 0.355174750 -0.016906088 0.934536934
168535033333.333344 1.337236881 0.056472249 2.011729717 0.014634374 0.355484635 -0.017236641 0.934408605
168551716666.666656 1.337395906 0.056459494 2.012896299 0.014574059 0.355826944 -0.016884290 0.934285700
168568400000.000000 1.338693142 0.056528263 2.013855219 0.014681984 0.355101794 -0.017352089 0.934551299
168585083333.333344 1.339509964 0.056551918 2.015043020 0.014928483 0.354829878 -0.016501598 0.934666038
168601766666.666656 1.341469526 0.056426309 2.015827179 0.014779001 0.354083240 -0.016955338 0.934943438
168618450000.000000 1.343086123 0.055962939 2.017298460 0.014612219 0.353714049 -0.017109420 0.935082972
168635133333.333344 1.344885468 0.056111697 2.018222809 0.014714347 0.352899224 -0.017395878 0.935383916
168651816666.666656 1.346135259 0.055439785 2.019595146 0.014440657 0.352443308 -0.016413083 0.935577810
168668500000.000000 1.347840428 0.055563971 2.020671129 0.014868207 0.351593852 -0.016321134 0.935892284
168685183333.333313 1.348489761 0.056193631 2.021585941 0.015002119 0.351519763 -0.017435024 0.935897946
168701866666.666656 1.348408699 0.055662666 2.022800207 0.014661272 0.351825148 -0.017078996 0.935795128
168718550000.000000 1.349126101 0.055108815 2.024008989 0.014601845 0.351571232 -0.016537899 0.935901165
168735233333.333313 1.349864721 0.055295583 2.025100231 0.014559938 0.351356566 -0.016758313 0.935978591
168751916666.666656 1.350996971 0.054602455 2.025854588 0.014229315 0.350690275 -0.015811706 0.936249912
168768600000.000000 1.352462649 0.054636285 2.027217150 0.014153104 0.350396901 -0.016278915 0.936352909
168785283333.333313 1.353673816 0.055064712 2.027959585 0.014375934 0.349702090 -0.016696123 0.936601877
168801966666.666656 1.355469108 0.055384066 2.029998541 0.014607076 0.349546760 -0.017189231 0.936647356
168818650000.000000 1.356536388 0.055330209 2.031106472 0.014592834 0.349163651 -0.016960759 0.936794698
168835333333.333313 1.356979728 0.055285227 2.031745434 0.014512554 0.348801643 -0.016974539 0.936930418
168852016666.666656 1.358011365 0.055384159 2.032998800 0.014541755 0.348510772 -0.017004712 0.937037706
168868700000.000000 1.359563708 0.055385210 2.033669710 0.014336869 0.347764522 -0.017165814 0.937315166
168885383333.333313 1.360348582 0.055671427 2.034924030 0.014546515 0.347585708 -0.017131189 0.937378943
168902066666.666656 1.361568689 0.055953205 2.036194801 0.014552786 0.346924394 -0.017389610 0.937618971
168918750000.000031 1.362377405 0.056386825 2.037086725 0.014748068 0.346461862 -0.017505761 0.937784791
168935433333.333344 1.363165498 0.056368880 2.038752317 0.014782648 0.346397787 -0.017251661 0.937812626
168952116666.666687 1.364001036 0.056837566 2.039425611 0.014923022 0.346114993 -0.017501181 0.937910140
168968800000.000031 1.364961982 0.056649040 2.040831804 0.014606830 0.345843345 -0.017466499 0.938016057
168985483333.333344 1.366499901 0.056425486 2.041551352 0.014473361 0.345125467 -0.017489957 0.938281953
169002166666.666687 1.366865396 0.056835119 2.043000221 0.014693155 0.345270842 -0.017363381 0.938227475
169018850000.000000 1.368382454 0.056393709 2.044082642 0.014207576 0.344596833 -0.017258987 0.938484550
169035533333.333344 1.369354963 0.056331728 2.045194149 0.014109706 0.344248325 -0.017412771 0.938611090
169052216666.666687 1.370542407 0.056403223 2.046332836 0.014046102 0.343781203 -0.017608630 0.938779593
169068900000.000000 1.371497750 0.056424741 2.048145771 0.014256086 0.343694866 -0.017206270 0.938815534
169085583333.333344 1.372817278 0.056465346 2.048794746 0.014036797 0.342996329 -0.017463908 0.939069510
169102266666.666687 1.373874903 0.056267265 2.050029278 0.013903054 0.342631429 -0.017352559 0.939206779
169118950000.000000 1.374401927 0.056300718 2.050984859 0.013928721 0.342507899 -0.017287217 0.939252615
169135633333.333344 1.375527740 0.056093112 2.052159786 0.013790571 0.342126757 -0.017318888 0.939393044
169152316666.666687 1.376481652 0.056008924 2.053266048 0.013815367 0.341847420 -0.017209567 0.939496338
169169000000.000000 1.377863407 0.055741969 2.054783821 0.013722142 0.341697603 -0.017151343 0.939553261
169185683333.333344 1.378745317 0.055602480 2.055857182 0.013710850 0.341339648 -0.017383149 0.939679325
169202366666.666687 1.379648089 0.055419251 2.056591749 0.013685629 0.340829253 -0.017250687 0.939867318
169219050000.000000 1.381593823 0.055771716 2.058782101 0.014407563 0.340321928 -0.016537027 0.940053165
169235733333.333344 1.382536650 0.055564925 2.059547424 0.014382982 0.340054929 -0.016483704 0.940151095
169252416666.666687 1.383605719 0.055286523 2.060635328 0.014311614 0.339594185 -0.016307488 0.940321803
169269100000.000000 1.384764314 0.055056378 2.062042236 0.014273763 0.339400977 -0.016127935 0.940395236
169285783333.333344 1.385605693 0.055208072 2.063285351 0.014171201 0.339301795 -0.016615866 0.940424085
169302466666.666687 1.386528969 0.055010140 2.063990593 0.014068908 0.338848263 -0.016010240 0.940599620
169319150000.000000 1.387782574 0.055141620 2.065246582 0.014303152 0.338614166 -0.016252348 0.940676212
169335833333.333344 1.389095306 0.054692838 2.066759586 0.014097936 0.338142872 -0.016090319 0.940851629
169352516666.666687 1.390001893 0.054642040 2.067744493 0.014004463 0.337879539 -0.016160043 0.940946519
169369200000.000000 1.390955091 0.054567538 2.068409681 0.013971278 0.337460160 -0.015891653 0.941102028
169385883333.333344 1.391971588 0.054649703 2.069586515 0.013931020 0.337408662 -0.016001873 0.941119194
169402566666.666687 1.393182516 0.054824546 2.071095467 0.014034743 0.337241352 -0.015936190 0.941178739
169419250000.000000 1.394194961 0.054733321 2.071928501 0.013904667 0.336830169 -0.016145233 0.941324294
169435933333.333344 1.394923091 0.055312119 2.072703123 0.014329208 0.336348414 -0.016118113 0.941490710
169452616666.666656 1.396429062 0.054919228 2.074400902 0.013910122 0.336245239 -0.016274221 0.941531062
169469300000.000000 1.397311807 0.054817576 2.075179338 0.013611759 0.335918754 -0.016061118 0.941655695
169485983333.333344 1.398490906 0.054950569 2.076500416 0.013750799 0.335610569 -0.016144581 0.941762090
169502666666.666656 1.399603724 0.055082366 2.077618599 0.013826134 0.335211515 -0.016094705 0.941903949
169519350000.000000 1.400818944 0.055139989 2.078664303 0.013816166 0.334892333 -0.015993483 0.942019343
169536033333.333344 1.402189493 0.055252291 2.079949617 0.013916808 0.334569633 -0.015905550 0.942134082
169552716666.666656 1.403225899 0.055351965 2.080990314 0.013805544 0.334320456 -0.016222889 0.942218721
169569400000.000000 1.404048562 0.054991402 2.081619740 0.013606578 0.334086388 -0.015767079 0.942312360
169586083333.333344 1.404843688 0.055051368 2.082797050 0.013648169 0.333980978 -0.015747981 0.942349434
169602766666.666656 1.405892015 0.055714164 2.083646536 0.013911072 0.333620697 -0.016392447 0.942462265
169619450000.000000 1.408348560 0.055192962 2.085527420 0.013789336 0.333027869 -0.016046423 0.942679584
169636133333.333344 1.409686804 0.055285357 2.087255001 0.013730306 0.332903981 -0.016377494 0.942718565
169652816666.666656 1.411611199 0.055824235 2.088104725 0.013984406 0.331985861 -0.016838737 0.943030417
169669500000.000000 1.412565231 0.055829588 2.089300156 0.014013363 0.331754446 -0.017259963 0.943103790
169686183333.333344 1.413761497 0.055729151 2.090619564 0.014022788 0.331279516 -0.017214369 0.943271458
169702866666.666656 1.414028406 0.055542037 2.091307163 0.014014717 0.331383884 -0.016839022 0.943241656
169719550000.000000 1.415789723 0.055946954 2.092364788 0.014526241 0.330450624 -0.016889723 0.943560362
169736233333.333344 1.416912436 0.055910252 2.093248844 0.014573380 0.329903603 -0.017051714 0.943748116
169752916666.666656 1.417726517 0.056021705 2.094360828 0.014529780 0.329933345 -0.017271705 0.943734407
169769600000.000000 1.419484854 0.055898733 2.096020222 0.014658661 0.329377085 -0.016776644 0.943935633
169786283333.333344 1.420514107 0.055783287 2.097262383 0.014796604 0.328876197 -0.016628206 0.944110692
169802966666.666656 1.421645045 0.055598967 2.098696232 0.014726778 0.328522891 -0.016503729 0.944237053
169819650000.000000 1.422617912 0.055417858 2.099054813 0.014748473 0.327831954 -0.016205752 0.944481969
169836333333.333344 1.424002528 0.055534899 2.100907564 0.014776370 0.327433586 -0.016565975 0.944613457
169853016666.666656 1.425148606 0.055384107 2.102024555 0.014714710 0.326985478 -0.016482061 0.944771111
169869700000.000000 1.426395297 0.055538058 2.103601694 0.014749442 0.326657861 -0.016997082 0.944874704
169886383333.333313 1.427248716 0.055261590 2.104207516 0.014435453 0.326091975 -0.016843485 0.945077777
169903066666.666656 1.428451896 0.055064663 2.105220795 0.014432788 0.325300157 -0.016842093 0.945350707
169919750000.000000 1.429509044 0.055159446 2.106616020 0.014433456 0.325117528 -0.016982516 0.945411026
169936433333.333313 1.430714726 0.054855347 2.107834101 0.014302612 0.324442238 -0.016938297 0.945645690
169953116666.666656 1.431849957 0.054452773 2.109053373 0.013898840 0.324001163 -0.016587825 0.945809186
169969800000.000000 1.433048129 0.054328561 2.110337496 0.013676690 0.323517919 -0.016933145 0.945971668
169986483333.333313 1.434174180 0.054228697 2.111104965 0.013559592 0.322718769 -0.017079340 0.946243644
170003166666.666656 1.433917761 0.054523669 2.111321926 0.013990441 0.322444618 -0.016117642 0.946347713
170019850000.000000 1.435280561 0.054371994 2.112741709 0.013911016 0.321711421 -0.015887640 0.946602285
170036533333.333313 1.436271310 0.054414660 2.113573790 0.013765742 0.320945501 -0.015945215 0.946863413
170053216666.666656 1.437006950 0.054188088 2.114634514 0.013492770 0.320667028 -0.015938513 0.946961820
170069900000.000000 1.438306928 0.054230429 2.115574837 0.013486081 0.319869876 -0.016156200 0.947227776
170086583333.333313 1.439879894 0.054365177 2.117884398 0.013633399 0.319608659 -0.015923537 0.947317779
170103266666.666656 1.440775275 0.054012932 2.118600845 0.013195216 0.319054067 -0.015930913 0.947510779
170119950000.000031 1.441258669 0.054452904 2.119796038 0.013304478 0.318902284 -0.016206097 0.947555721
170136633333.333344 1.442528129 0.054547317 2.120898485 0.013281820 0.318306625 -0.016644701 0.947748601
170153316666.666687 1.444426537 0.054226208 2.122569799 0.013171547 0.317262888 -0.016217582 0.948107481
170170000000.000031 1.445246100 0.054040797 2.123549938 0.013019004 0.316749513 -0.015938237 0.948285997
170186683333.333344 1.446048856 0.054085135 2.124431610 0.012936422 0.316370904 -0.016475258 0.948404253
170203366666.666687 1.446795583 0.053974479 2.125153542 0.012735547 0.315724641 -0.016097071 0.948628843
170220050000.000000 1.448225260 0.054006230 2.126515388 0.012794912 0.315050155 -0.016241029 0.948849797
170236733333.333344 1.449500203 0.054154567 2.128122091 0.013098782 0.314532161 -0.016663764 0.949010193
170253416666.666687 1.450796366 0.054245941 2.129781008 0.013262734 0.314149290 -0.016629132 0.949135363
170270100000.000000 1.451633692 0.054674953 2.131212234 0.013555283 0.313814849 -0.016586784 0.949242592
170286783333.333344 1.452391505 0.054296501 2.131824970 0.013287901 0.313390523 -0.016655363 0.949385345
170303466666.666687 1.453533411 0.054395139 2.132938385 0.013669214 0.312885344 -0.016244488 0.949553668
170320150000.000000 1.454978943 0.054152720 2.134217739 0.013651695 0.312099457 -0.016191831 0.949813366
170336833333.333344 1.456474662 0.054111823 2.135576725 0.013639108 0.311463892 -0.015808173 0.950028598
170353516666.666687 1.457224011 0.053806350 2.135909319 0.013253188 0.310812801 -0.016021080 0.950243711
170370200000.000000 1.458452582 0.053741865 2.137140512 0.013378864 0.310203493 -0.015901484 0.950443089
170386883333.333344 1.459571600 0.053588618 2.137964487 0.013321222 0.309509933 -0.015994010 0.950668454
170403566666.666687 1.460601091 0.053275123 2.139128447 0.013070368 0.308750212 -0.015805021 0.950922072
170420250000.000000 1.462216139 0.053432789 2.141217947 0.013408743 0.308458865 -0.015908957 0.951010108
170436933333.333344 1.463479161 0.053312119 2.142487526 0.013386666 0.307893664 -0.015945204 0.951193035
170453616666.666687 1.464673281 0.053175084 2.143304825 0.013397872 0.306940436 -0.015827725 0.951502800
170470300000.000000 1.465732098 0.053000469 2.144218206 0.013406766 0.306255668 -0.015624776 0.951726675
170486983333.333344 1.466954231 0.052931879 2.145291805 0.013329290 0.305531353 -0.015361957 0.951964796
170503666666.666687 1.468878269 0.053014815 2.146617651 0.013299688 0.304411113 -0.015661778 0.952319145
170520350000.000000 1.470169544 0.052981861 2.147804976 0.013448476 0.303492188 -0.015153458 0.952618539
170537033333.333344 1.471077800 0.052821428 2.148623943 0.013065056 0.302866578 -0.015621548 0.952815354
170553716666.666687 1.472158909 0.052629828 2.149483204 0.012806586 0.302293062 -0.015894659 0.952996492
170570400000.000000 1.472618461 0.052518398 2.150218964 0.012746811 0.302019030 -0.015579571 0.953089416
170587083333.333344 1.472781897 0.052921548 2.151504517 0.012912503 0.302395344 -0.015185537 0.952974200
170603766666.666687 1.473039031 0.052745327 2.152149439 0.012582649 0.302065074 -0.015194779 0.953083158
170620450000.000000 1.473432422 0.052231181 2.154019117 0.012299417 0.302128911 -0.014895065 0.953071415
170637133333.333344 1.473342419 0.052044373 2.154507160 0.011763926 0.302132696 -0.014956878 0.953076005
170653816666.666656 1.474232078 0.051513195 2.156424999 0.011332617 0.301816255 -0.014763601 0.953184485
170670500000.000000 1.478067279 0.053285625 2.156856775 0.012945837 0.299281895 -0.015690919 0.953947902
170687183333.333344 1.478665948 0.054032266 2.157853603 0.013589177 0.298955947 -0.015753929 0.954040110
170703866666.666656 1.479740858 0.053478356 2.158735991 0.013157017 0.298256457 -0.015003599 0.954277217
170720550000.000000 1.480834365 0.053073283 2.160066843 0.012847424 0.297633171 -0.014856745 0.954478264
170737233333.333344 1.481467128 0.052961484 2.160557270 0.012596325 0.297133118 -0.014887524 0.954636931
170753916666.666656 1.482364058 0.053102255 2.161986113 0.012795839 0.296623796 -0.014988853 0.954791069
170770600000.000000 1.483198762 0.053249061 2.163227081 0.012955447 0.296048701 -0.015259791 0.954963088
170787283333.333344 1.483680606 0.053123105 2.163238525 0.012763825 0.295581400 -0.014938263 0.955115497
170803966666.666656 1.484353662 0.053601824 2.165550709 0.013244485 0.295714438 -0.014856466 0.955069065
170820650000.000000 1.486611128 0.053238966 2.165945292 0.013181361 0.293929189 -0.014643188 0.955624163
170837333333.333344 1.487235427 0.053235635 2.166854620 0.013239559 0.293385595 -0.014830775 0.955787480
170854016666.666656 1.487747788 0.053450331 2.167910814 0.013602202 0.293156564 -0.014807487 0.955853045
170870700000.000000 1.488399863 0.053570837 2.169224262 0.013828312 0.292688131 -0.014841408 0.955992818
170887383333.333344 1.489691973 0.053470559 2.170514584 0.013941168 0.291925728 -0.014159848 0.956234634
170904066666.666656 1.492172599 0.053433053 2.172572613 0.013687762 0.290996999 -0.014937116 0.956509411
170920750000.000000 1.492888212 0.053596482 2.173780203 0.014003295 0.290488601 -0.014732023 0.956662595
170937433333.333344 1.493495345 0.053491317 2.174446106 0.013881329 0.289927214 -0.014907272 0.956831932
170954116666.666656 1.494120836 0.053496227 2.175403357 0.013954673 0.289138913 -0.014743371 0.957071900
170970800000.000000 1.495470762 0.053271659 2.177050352 0.013933755 0.288253844 -0.014674645 0.957340240
170987483333.333344 1.496770740 0.053321831 2.177833319 0.013917381 0.287273169 -0.014905704 0.957631648
171004166666.666656 1.497483373 0.053468950 2.178786278 0.013919777 0.286596298 -0.015001522 0.957832932
171020850000.000000 1.498268604 0.053354651 2.179848909 0.013874418 0.285990357 -0.015001737 0.958014667
171037533333.333344 1.498781919 0.053403590 2.180323124 0.013989347 0.285144418 -0.014947584 0.958265901
171054216666.666656 1.500399470 0.053646643 2.181580782 0.014307958 0.283807695 -0.015311552 0.958652258
171070900000.000000 1.501183152 0.052935429 2.183068752 0.013703381 0.283326417 -0.014749704 0.958812237
171087583333.333313 1.502017856 0.052838229 2.183722973 0.013590707 0.282254279 -0.014813936 0.959128976
171104266666.666656 1.502799392 0.052820243 2.184798479 0.013373317 0.281578004 -0.014927143 0.959329009
171120950000.000000 1.503617644 0.052733138 2.185613871 0.013440228 0.280543566 -0.015030984 0.959629536
171137633333.333313 1.504502535 0.052641749 2.186677456 0.013235681 0.279440343 -0.014545077 0.959961712
171154316666.666656 1.505302191 0.052473158 2.187436819 0.013024800 0.278484166 -0.014789303 0.960238636
171171000000.000000 1.505474806 0.052226786 2.188686132 0.012643829 0.278174788 -0.014794869 0.960333347
171187683333.333313 1.506356597 0.052625466 2.189779758 0.012988001 0.277250946 -0.014864171 0.960594833
171204366666.666656 1.506873369 0.052429248 2.190741777 0.012804135 0.276461065 -0.014691787 0.960827589
171221050000.000000 1.507246733 0.052257232 2.191284895 0.012284518 0.275768131 -0.014823275 0.961031377
171237733333.333313 1.508393049 0.052559748 2.192462921 0.012552246 0.274694562 -0.014560777 0.961339414
171254416666.666656 1.510025382 0.052947246 2.194057703 0.012990967 0.273332953 -0.014328094 0.961725116
171271100000.000000 1.510523081 0.052869670 2.195101976 0.012769542 0.272713602 -0.014526004 0.961900830
171287783333.333313 1.511220694 0.052983046 2.196426153 0.012940095 0.271739244 -0.014654550 0.962172329
171304466666.666656 1.511311769 0.053260636 2.197077036 0.013157205 0.271401137 -0.014530811 0.962266684
171321150000.000031 1.512325287 0.053122021 2.198059320 0.012831179 0.270333499 -0.014691848 0.962569118
171337833333.333344 1.513001919 0.053563599 2.199189425 0.013186191 0.269814402 -0.014987162 0.962705433
171354516666.666687 1.514478087 0.053743944 2.200211287 0.013455615 0.268398017 -0.014496048 0.963105023
171371200000.000031 1.515027761 0.053725816 2.201198578 0.013567463 0.267462850 -0.014499158 0.963363588
171387883333.333344 1.514980197 0.053697836 2.202363968 0.013330828 0.267215252 -0.014799112 0.963431060
171404566666.666687 1.515896320 0.053043887 2.203305483 0.012854619 0.265988231 -0.014197246 0.963786006
171421250000.000000 1.515615940 0.053266756 2.203850269 0.012918889 0.265861660 -0.014585326 0.963814318
171437933333.333344 1.516657114 0.053206164 2.205118179 0.012927667 0.264779180 -0.014758660 0.964109540
171454616666.666687 1.517120719 0.052998513 2.205689192 0.012613899 0.263892114 -0.014653035 0.964358449
171471300000.000000 1.518042088 0.052821521 2.206891298 0.012447708 0.263022661 -0.014712092 0.964597225
171487983333.333344 1.518201947 0.052956261 2.208213329 0.012935364 0.262608349 -0.014256112 0.964710474
171504666666.666687 1.519255996 0.052932411 2.209650040 0.013093689 0.261930317 -0.014149004 0.964894295
171521350000.000000 1.519986629 0.053127453 2.210469961 0.013196480 0.260857463 -0.014736778 0.965174675
171538033333.333344 1.521098852 0.053024508 2.212056875 0.013193336 0.259726286 -0.014525192 0.965482950
171554716666.666687 1.520873308 0.052991495 2.212447882 0.013167211 0.259424508 -0.013827136 0.965574682
171571400000.000000 1.521409273 0.052801833 2.213682413 0.013068934 0.258817852 -0.013960212 0.965736866
171588083333.333344 1.522110105 0.052434944 2.214264154 0.012811097 0.257668644 -0.013683872 0.966051519
171604766666.666687 1.523478746 0.052398436 2.215518951 0.012794164 0.256247371 -0.013934026 0.966426194
171621450000.000000 1.524596572 0.052327193 2.216602325 0.012836132 0.255066216 -0.013769869 0.966740370
171638133333.333344 1.524992228 0.052190140 2.218115091 0.012695979 0.254563093 -0.013928610 0.966872513
171654816666.666687 1.525182605 0.052059799 2.218722343 0.012554429 0.253773361 -0.012963174 0.967095435
171671500000.000000 1.525795698 0.052593011 2.219537258 0.012950955 0.253036678 -0.013740645 0.967272401
171688183333.333344 1.526384711 0.053106286 2.220282316 0.013460470 0.252304941 -0.014355877 0.967447698
171704866666.666687 1.526845694 0.052927781 2.221307993 0.013345935 0.251569599 -0.014031435 0.967645526
171721550000.000000 1.527317762 0.052916527 2.222176552 0.013150822 0.250548273 -0.013889324 0.967915177
171738233333.333344 1.528077126 0.052672900 2.223426580 0.013030320 0.249641940 -0.013893653 0.968150914
171754916666.666687 1.528740287 0.053039394 2.224674225 0.013260147 0.248919040 -0.013977121 0.968332648
171771600000.000000 1.529490590 0.052561067 2.225739241 0.012943331 0.248009667 -0.013196234 0.968581259
171788283333.333344 1.528500080 0.052303385 2.227232933 0.012715699 0.248334780 -0.013134118 0.968501806
171804966666.666687 1.530832052 0.052145824 2.227308512 0.012388308 0.245891929 -0.013269140 0.969127238
171821650000.000000 1.530813932 0.051950712 2.229024410 0.012307859 0.245461330 -0.012817153 0.969243467
171838333333.333344 1.530928493 0.051955074 2.229291201 0.012234864 0.244959921 -0.012832683 0.969371080
171855016666.666656 1.533183932 0.052267741 2.230769396 0.012446469 0.243029416 -0.012944516 0.969852746
171871700000.000000 1.534602523 0.052344624 2.232097864 0.012721970 0.241475448 -0.012303312 0.970245540
171888383333.333344 1.534571409 0.052717548 2.232077837 0.012773413 0.240676165 -0.013417391 0.970428646
171905066666.666656 1.534182191 0.052787881 2.233219385 0.012843743 0.240797475 -0.013032474 0.970402956
171921750000.000000 1.535299420 0.052806824 2.233999968 0.012844592 0.239318520 -0.013078717 0.970768094
171938433333.333344 1.535616875 0.052405633 2.235086441 0.012562594 0.238702834 -0.013359790 0.970919490
171955116666.666656 1.536909342 0.052650012 2.236014366 0.012781834 0.237111077 -0.013267354 0.971307874
171971800000.000000 1.536902308 0.052344717 2.237106085 0.012376827 0.236766294 -0.013193532 0.971398234
171988483333.333344 1.537482858 0.052541584 2.237678289 0.012548940 0.235477477 -0.013043957 0.971711278
172005166666.666656 1.538121700 0.052106537 2.238985777 0.012334599 0.234747544 -0.012739953 0.971894681
172021850000.000000 1.538616538 0.052247822 2.239985466 0.012626014 0.233814582 -0.012882788 0.972113848
172038533333.333344 1.539730072 0.052229036 2.241272449 0.012647385 0.232577756 -0.012695565 0.972412705
172055216666.666656 1.539592147 0.052214716 2.242132187 0.012604569 0.232202902 -0.013099131 0.972497523
172071900000.000000 1.540461421 0.052098501 2.243222237 0.012714393 0.231320098 -0.012542607 0.972713768
172088583333.333344 1.540740132 0.051848654 2.243712425 0.012509633 0.230266750 -0.012273158 0.972969770
172105266666.666656 1.541112542 0.051555790 2.244250774 0.012302368 0.229069903 -0.011750852 0.973261297
172121950000.000000 1.541540265 0.051617242 2.245449781 0.012310012 0.228357434 -0.011956974 0.973426163
172138633333.333344 1.542384624 0.051670015 2.246076822 0.012546311 0.226764217 -0.011645990 0.973799288
172155316666.666656 1.543578982 0.051411651 2.247184277 0.012562254 0.225385875 -0.010581243 0.974131167
172172000000.000000 1.543914437 0.051318720 2.248336315 0.012276030 0.224486887 -0.011185522 0.974335670
172188683333.333344 1.544070482 0.051129010 2.249553680 0.012099681 0.223976210 -0.012021691 0.974445343
172205366666.666656 1.545087934 0.051255714 2.250791311 0.012162468 0.222505391 -0.012252651 0.974778652
172222050000.000000 1.545781493 0.050977476 2.251497507 0.011934239 0.221443340 -0.011538131 0.975031972
172238733333.333344 1.545772552 0.051571049 2.251590490 0.012386002 0.220808208 -0.011447797 0.975171447
172255416666.666656 1.546515584 0.051339086 2.252669096 0.012120093 0.219660744 -0.011360097 0.975434899
172272100000.000000 1.546190619 0.050989237 2.253327370 0.011780259 0.219230041 -0.010957586 0.975540578
172288783333.333313 1.547062993 0.051264904 2.254619360 0.011920463 0.218050554 -0.011369085 0.975798488
172305466666.666656 1.546988964 0.051492773 2.254875898 0.012161722 0.217427120 -0.011430695 0.975933850
172322150000.000000 1.547863245 0.051587924 2.255975008 0.012362760 0.215943590 -0.011592855 0.976258814
172338833333.333313 1.548295975 0.051391527 2.257303715 0.012199571 0.215025276 -0.011004520 0.976470292
172355516666.666656 1.548098445 0.051487029 2.258284807 0.012247398 0.214864045 -0.011221658 0.976502717
172372200000.000000 1.548869729 0.051744696 2.259151697 0.012387001 0.213381574 -0.010858850 0.976830125
172388883333.333313 1.548837900 0.051473565 2.259793758 0.011761077 0.212692246 -0.011356753 0.976982474
172405566666.666656 1.548958659 0.051391594 2.261056185 0.011597908 0.211965621 -0.011566625 0.977139890
172422250000.000000 1.549084902 0.051511697 2.261993885 0.011996345 0.211101785 -0.010841354 0.977330387
172438933333.333313 1.550068855 0.051952589 2.263372421 0.012252906 0.209903046 -0.011161226 0.977581739
172455616666.666656 1.551335573 0.052450445 2.264861345 0.012599926 0.208517298 -0.011453010 0.977870524
172472300000.000000 1.550931811 0.052344810 2.264668703 0.012199299 0.208061740 -0.011613509 0.977970660
172488983333.333313 1.550166368 0.052023232 2.264851570 0.011695706 0.207653105 -0.011578154 0.978064179
172505666666.666656 1.550414681 0.052366979 2.266013622 0.011904010 0.207001567 -0.011419411 0.978201568
172522350000.000031 1.550305963 0.052070208 2.266251564 0.011496360 0.206137806 -0.011402743 0.978389025
172539033333.333344 1.552530408 0.052558422 2.268243790 0.011930142 0.204193443 -0.011678950 0.978788257
172555716666.666687 1.552666783 0.052620120 2.268967152 0.012029570 0.203326792 -0.011013537 0.978975177
172572400000.000031 1.552861333 0.052588277 2.270195484 0.011890158 0.202528223 -0.011135327 0.979140997
172589083333.333344 1.553027272 0.052667525 2.270851374 0.011993797 0.201999992 -0.011521077 0.979244351
172605766666.666687 1.554056406 0.052783661 2.271605968 0.011964837 0.200369403 -0.012173129 0.979571760
172622450000.000000 1.554226637 0.052950837 2.272261858 0.012095137 0.199594706 -0.012113821 0.979729056
172639133333.333344 1.554193139 0.052917749 2.273819685 0.012264156 0.199331343 -0.012016012 0.979781806
172655816666.666687 1.553957343 0.052782860 2.274094105 0.012000459 0.198600486 -0.011927901 0.979934514
172672500000.000000 1.554186463 0.053032659 2.274972439 0.012336244 0.198059380 -0.011988090 0.980039060
172689183333.333344 1.556223392 0.053020764 2.276060104 0.012174509 0.196008638 -0.012593584 0.980445743
172705866666.666687 1.557058454 0.052911270 2.277354479 0.012257183 0.194863349 -0.012934259 0.980668545
172722550000.000000 1.557880402 0.052738182 2.278499842 0.012063691 0.193650618 -0.012750005 0.980913579
172739233333.333344 1.557948828 0.053071737 2.278859138 0.012291825 0.193150416 -0.012901185 0.981007338
172755916666.666687 1.556965232 0.052736152 2.279648304 0.012004698 0.193179399 -0.012318549 0.981012642
172772600000.000000 1.557859182 0.053008184 2.280710697 0.012365470 0.191778854 -0.011918610 0.981287897
172789283333.333344 1.557461262 0.052896973 2.281321764 0.012217984 0.191613421 -0.011545966 0.981326520
172805966666.666687 1.558263540 0.053050853 2.282626390 0.012462613 0.190519705 -0.011444641 0.981537580
172822650000.000000 1.558346391 0.052625928 2.283502340 0.012214700 0.189914271 -0.011154551 0.981661320
172839333333.333344 1.559192419 0.052034877 2.284785509 0.011559688 0.189017743 -0.012188361 0.981830001
172856016666.666687 1.558966517 0.051981620 2.285338640 0.011686630 0.188452452 -0.011274579 0.981948078
172872700000.000000 1.559297800 0.051898785 2.286363602 0.011548018 0.187740088 -0.012194044 0.982075214
172889383333.333344 1.559354067 0.051763028 2.287195921 0.011514217 0.187359825 -0.011226644 0.982159734
172906066666.666687 1.558894992 0.051104754 2.287545681 0.010786884 0.186984241 -0.011127093 0.982240736
172922750000.000000 1.559223175 0.050872367 2.288287878 0.010272924 0.186378002 -0.011327958 0.982359171
172939433333.333344 1.560606003 0.050705269 2.289798975 0.010595455 0.184840307 -0.010669960 0.982653558
172956116666.666687 1.561135054 0.050601292 2.290633440 0.010525334 0.184025005 -0.011257963 0.982800722
172972800000.000000 1.560721636 0.050481554 2.291043282 0.010141899 0.183648318 -0.011479411 0.982872665
172989483333.333344 1.560748577 0.050193973 2.291891098 0.009936968 0.183279902 -0.010825208 0.982950985
173006166666.666687 1.560602784 0.050184656 2.292499304 0.009746584 0.182793543 -0.010991726 0.983041584
173022850000.000000 1.561719537 0.049728889 2.293545485 0.009407470 0.181232348 -0.010227153 0.983342171
173039533333.333344 1.562074423 0.050045040 2.294381142 0.009586175 0.180630177 -0.011414063 0.983438194
173056216666.666656 1.562532663 0.050413623 2.295177221 0.009756863 0.179756373 -0.011825991 0.983591735
173072900000.000000 1.563175440 0.050407697 2.296089411 0.009947686 0.179052979 -0.011204929 0.983725369
173089583333.333344 1.563997984 0.051208198 2.297122717 0.010692977 0.177856505 -0.011377380 0.983932555
173106266666.666656 1.564373016 0.051108055 2.298458099 0.010736035 0.177256301 -0.011035040 0.984044373
173122950000.000000 1.565348029 0.051720127 2.299033642 0.011142174 0.175856918 -0.011069871 0.984290481
173139633333.333344 1.565949440 0.051836677 2.300487041 0.011391953 0.175245523 -0.010963646 0.984397829
173156316666.666656 1.566064954 0.051922157 2.300750732 0.011384662 0.174295023 -0.010607908 0.984570563
173173000000.000000 1.566438079 0.051943120 2.300915003 0.011080577 0.173768237 -0.010971777 0.984663129
173189683333.333344 1.566870213 0.051857661 2.302330017 0.011098533 0.173118398 -0.010655232 0.984780848
173206366666.666656 1.567145944 0.052115723 2.302805901 0.011391649 0.172501132 -0.010701917 0.984885335
173223050000.000000 1.568131566 0.052196212 2.304430962 0.011527625 0.171243340 -0.010344808 0.985107064
173239733333.333344 1.568453431 0.052239303 2.305118084 0.011601104 0.170478553 -0.009836461 0.985244036
173256416666.666656 1.568799138 0.052506369 2.306354523 0.012083584 0.169894412 -0.009314702 0.985344172
173273100000.000000 1.569264531 0.052537359 2.307451487 0.012190402 0.169232786 -0.009828361 0.985451758
173289783333.333344 1.569602728 0.052535672 2.307280779 0.011929201 0.168311432 -0.009807972 0.985612929
173306466666.666656 1.570584893 0.052509025 2.309091091 0.011881339 0.167311713 -0.010034367 0.985781372
173323150000.000000 1.571060300 0.052597232 2.310196400 0.012015663 0.166705742 -0.010202117 0.985880733
173339833333.333344 1.571546674 0.052665349 2.311146259 0.012064273 0.165869027 -0.010386867 0.986019313
173356516666.666656 1.571828842 0.052712031 2.311878204 0.012273995 0.165193096 -0.009675872 0.986137450
173373200000.000000 1.572235703 0.052790683 2.312905312 0.012452235 0.164569378 -0.010112432 0.986235082
173389883333.333344 1.572588921 0.052750558 2.313634634 0.012648303 0.163848072 -0.009902837 0.986354828
173406566666.666656 1.573101640 0.052949239 2.314779043 0.012869210 0.163049802 -0.009459812 0.986488581
173423250000.000000 1.573493838 0.052849025 2.315786362 0.012837225 0.162497178 -0.009388318 0.986580849
173439933333.333344 1.574233055 0.052721784 2.316817045 0.012760586 0.161421299 -0.009505997 0.986757338
173456616666.666656 1.574670315 0.052725073 2.317821026 0.012858619 0.160719842 -0.009011126 0.986875176
173473300000.000000 1.574968338 0.052978341 2.319089651 0.013374315 0.160056576 -0.008876149 0.986977339
173489983333.333313 1.575345278 0.053070590 2.320001841 0.013434881 0.159190506 -0.009021186 0.987115264
173506666666.666656 1.575765252 0.052987903 2.320744514 0.013481529 0.158314794 -0.008799595 0.987257481
173523350000.000000 1.575964093 0.053215995 2.321381569 0.013758409 0.157687694 -0.009032205 0.987351954
173540033333.333313 1.576537848 0.052757740 2.322598457 0.013433591 0.156729639 -0.009107998 0.987508237
173556716666.666656 1.576963067 0.052945368 2.323353291 0.013569221 0.155831769 -0.009094053 0.987648606
173573400000.000000 1.577575564 0.052256376 2.324147463 0.012849421 0.154909357 -0.008903912 0.987805068
173590083333.333313 1.577544808 0.053005371 2.324720144 0.013657478 0.154224679 -0.008610281 0.987903953
173606766666.666656 1.578062534 0.052610442 2.325811148 0.013318769 0.153461367 -0.008832689 0.988025427
173623450000.000000 1.578541398 0.052910160 2.327395678 0.013608382 0.152748913 -0.008699204 0.988133013
173640133333.333313 1.578744411 0.052935734 2.327921867 0.013597840 0.152235657 -0.008581627 0.988213420
173656816666.666656 1.579060912 0.053104401 2.329193830 0.014020713 0.151400164 -0.008405057 0.988337398
173673500000.000000 1.580290198 0.051999949 2.329864025 0.012732447 0.149619132 -0.007623716 0.988632321
173690183333.333313 1.579549432 0.051670562 2.331421137 0.012306415 0.150019825 -0.007814650 0.988575518
173706866666.666656 1.580143452 0.049956746 2.332189083 0.010926173 0.148994893 -0.007227255 0.988751233
173723550000.000031 1.580435276 0.049875602 2.333328724 0.010820827 0.148334265 -0.007448747 0.988850057
173740233333.333344 1.580550432 0.049787715 2.334222317 0.010700043 0.147612333 -0.006994282 0.988962650
173756916666.666687 1.580851078 0.049928255 2.334614992 0.010736812 0.146672860 -0.006434789 0.989105880
173773600000.000031 1.581899524 0.050173085 2.336078882 0.010967162 0.145350456 -0.006882538 0.989295542
173790283333.333344 1.582218528 0.050190512 2.336717129 0.010768256 0.144537091 -0.007389091 0.989413261
173806966666.666687 1.582639217 0.050382782 2.337822199 0.010951490 0.143622980 -0.007229267 0.989545465
173823650000.000000 1.582785130 0.050611362 2.338706493 0.011106300 0.143342629 -0.007792990 0.989580154
173840333333.333344 1.582948446 0.050686609 2.339814901 0.011162938 0.142651796 -0.007436897 0.989682078
173857016666.666687 1.583489418 0.050376236 2.340955257 0.010698240 0.141542718 -0.007541576 0.989845634
173873700000.000000 1.583425879 0.050180323 2.342176199 0.010426141 0.141201973 -0.007286123 0.989899099
173890383333.333344 1.583532333 0.050225642 2.342845201 0.010369269 0.140376225 -0.007222729 0.990017653
173907066666.666687 1.583989978 0.050512068 2.344326496 0.010755418 0.139754251 -0.007723785 0.990097761
173923750000.000000 1.584265113 0.050929777 2.345280886 0.010999674 0.139246404 -0.007396227 0.990169108
173940433333.333344 1.585998774 0.050609957 2.346317291 0.010696060 0.137047723 -0.007023813 0.990481794
173957116666.666687 1.586230993 0.050732102 2.347198963 0.010836339 0.136168450 -0.006666096 0.990604043
173973800000.000000 1.586488605 0.050815534 2.348542213 0.011063765 0.135478318 -0.006943648 0.990694225
173990483333.333344 1.586775541 0.050855488 2.349969387 0.011059354 0.134918362 -0.006885704 0.990771115
174007166666.666687 1.587054133 0.050961662 2.350439310 0.011135980 0.134359628 -0.007112379 0.990844548
174023850000.000000 1.587788939 0.050939389 2.351648331 0.011178989 0.133211181 -0.007115572 0.990999103
174040533333.333344 1.588032126 0.051000532 2.352447033 0.011254012 0.132512659 -0.007025931 0.991092563
174057216666.666687 1.588354707 0.051126797 2.353435278 0.011439877 0.131735250 -0.006875561 0.991195142
174073900000.000000 1.588617325 0.051281359 2.354531527 0.011550711 0.131189764 -0.007127407 0.991264403
174090583333.333344 1.588785410 0.051536243 2.355941534 0.011921273 0.130695105 -0.007209038 0.991324782
174107266666.666687 1.589565635 0.051468275 2.356698036 0.011915646 0.129343465 -0.006744033 0.991505325
174123950000.000000 1.589968204 0.051302150 2.358236074 0.011994072 0.128701031 -0.006635783 0.991588771
174140633333.333344 1.589673281 0.051632047 2.359322548 0.012460506 0.128611892 -0.006336692 0.991596460
174157316666.666687 1.589831352 0.051662531 2.360208511 0.012634264 0.128200367 -0.006301019 0.991647840
174174000000.000000 1.590311766 0.051591109 2.361268282 0.012511613 0.127266824 -0.006050874 0.991771162
174190683333.333344 1.590584993 0.051833384 2.361949682 0.012868507 0.126666248 -0.006052311 0.991843522
174207366666.666687 1.590821505 0.052100617 2.363192320 0.013305996 0.126227006 -0.006019258 0.991893888
174224050000.000000 1.591023684 0.052285854 2.365327120 0.013481189 0.126034796 -0.006784691 0.991911054
174240733333.333344 1.591100097 0.051688626 2.366158962 0.012832218 0.125674844 -0.005876466 0.991971076
174257416666.666656 1.591971517 0.052429102 2.366769791 0.013367276 0.124339350 -0.006192378 0.992130399
174274100000.000000 1.592235684 0.052531209 2.367719650 0.013597847 0.123743251 -0.005775288 0.992204309
174290783333.333344 1.592279315 0.052668151 2.369096994 0.013848049 0.123581797 -0.005793690 0.992220879
174307466666.666656 1.592446446 0.052767146 2.369655609 0.013874079 0.122859366 -0.005392498 0.992312491
174324150000.000000 1.592681170 0.052622523 2.370965242 0.013600261 0.122415937 -0.005664447 0.992369533
174340833333.333344 1.592816472 0.052814916 2.372424603 0.013897561 0.122275166 -0.005806112 0.992381930
174357516666.666656 1.593757510 0.052397378 2.373262882 0.013342920 0.120832764 -0.005418267 0.992568433
174374200000.000000 1.594082117 0.052105743 2.374338865 0.013074402 0.120253198 -0.004815532 0.992645502
174390883333.333344 1.594592214 0.051915385 2.375216246 0.012818235 0.119328298 -0.004720442 0.992760897
174407566666.666656 1.594242692 0.052526854 2.377101421 0.013589162 0.119786896 -0.004697265 0.992695510
174424250000.000000 1.594686508 0.052251246 2.377636671 0.013247428 0.118929699 -0.004768568 0.992802918
174440933333.333344 1.595133901 0.052508242 2.378545284 0.013315993 0.117983088 -0.004855272 0.992914498
174457616666.666656 1.595374823 0.052553043 2.379538059 0.013239763 0.117569417 -0.005122574 0.992963254
174474300000.000000 1.595603824 0.052744050 2.381021023 0.013714831 0.117177546 -0.004931231 0.993004084
174490983333.333344 1.595781684 0.052905589 2.381783009 0.013785999 0.116576977 -0.004656465 0.993075073
174507666666.666656 1.596320510 0.052787647 2.382825375 0.013477072 0.115731515 -0.004418656 0.993179262
174524350000.000000 1.600520849 0.050613698 2.384103298 0.011236736 0.111449830 -0.004546833 0.993696153
174541033333.333344 1.600476384 0.050791137 2.384928465 0.011445591 0.111326344 -0.004570273 0.993707538
174557716666.666656 1.600991130 0.050549306 2.386148691 0.011140466 0.110647045 -0.004329497 0.993787885
174574400000.000000 1.600972772 0.050845828 2.386995316 0.011433408 0.110342689 -0.004217593 0.993818939
174591083333.333344 1.602050185 0.050515674 2.388370514 0.011207318 0.109144121 -0.004195217 0.993953943
174607766666.666656 1.603077769 0.050759438 2.389508009 0.011293794 0.107949041 -0.004473291 0.994082212
174624450000.000000 1.603295684 0.050754897 2.390347958 0.011184400 0.107497282 -0.004032170 0.994134367
174641133333.333344 1.603447676 0.051061545 2.391590595 0.011646966 0.107343189 -0.004215268 0.994144917
174657816666.666656 1.603836536 0.051161215 2.392597914 0.011753872 0.106670871 -0.003879245 0.994217396
174674500000.000000 1.604219317 0.051296689 2.393786430 0.011927300 0.106051467 -0.004183528 0.994280338
174691183333.333313 1.604588985 0.051285163 2.394432783 0.011914648 0.105407849 -0.003858087 0.994350195
174707866666.666656 1.605094671 0.048850201 2.396209955 0.009564858 0.104643509 -0.003036091 0.994459152
174724550000.000000 1.605358124 0.048897527 2.397141218 0.009738689 0.104160205 -0.002566272 0.994509578
174741233333.333313 1.605587125 0.048967119 2.397630453 0.009745755 0.103718728 -0.002660413 0.994555414
174757916666.666656 1.605797887 0.049156416 2.398953676 0.010120741 0.103392810 -0.002446880 0.994586110
174774600000.000000 1.606241822 0.049461409 2.400547504 0.010680459 0.102971189 -0.002643603 0.994623482
174791283333.333313 1.607198238 0.049707361 2.401840210 0.011134913 0.101606384 -0.002862466 0.994758248
174807966666.666656 1.607358575 0.049773462 2.402342558 0.011254900 0.101080276 -0.002627161 0.994811118
174824650000.000000 1.607572794 0.050037414 2.404030800 0.011788107 0.100750677 -0.002554623 0.994838595
174841333333.333313 1.607933283 0.050147239 2.404903650 0.012045169 0.099982932 -0.002010113 0.994914234
174858016666.666656 1.608050942 0.050279386 2.405736685 0.012248478 0.099775098 -0.002196754 0.994932234
174874700000.000000 1.610054016 0.049559336 2.406782866 0.011081366 0.097466096 -0.002762448 0.995173335
174891383333.333313 1.610160828 0.049713627 2.407694817 0.011515445 0.097308666 -0.003028696 0.995183051
174908066666.666656 1.610359669 0.049899399 2.408856392 0.011967412 0.096988268 -0.003189441 0.995208502
174924750000.000031 1.610607624 0.049879558 2.409590960 0.011972330 0.096200086 -0.002643343 0.995286524
174941433333.333344 1.610957503 0.049897306 2.410417557 0.012000326 0.095755368 -0.002837879 0.995328546
174958116666.666687 1.611841202 0.049934290 2.411595106 0.011695013 0.094369449 -0.003151136 0.995463610
174974800000.000031 1.612051845 0.050178714 2.412631989 0.012170565 0.093867615 -0.002802996 0.995506346
174991483333.333344 1.612167835 0.050299693 2.413312435 0.012264932 0.093533292 -0.002900308 0.995536387
175008166666.666687 1.612176776 0.050572891 2.414561987 0.012733126 0.093453765 -0.002846751 0.995538175
175024850000.000000 1.612728596 0.050207175 2.415569782 0.012242447 0.092619732 -0.002840517 0.995622277
175041533333.333344 1.613100767 0.050287083 2.416251659 0.012232143 0.091862254 -0.003176100 0.995691597
175058216666.666687 1.613401651 0.050386421 2.417313814 0.012453448 0.091121972 -0.003112977 0.995756984
175074900000.000000 1.613603354 0.050509624 2.418184757 0.012531361 0.090649143 -0.002793166 0.995800138
175091583333.333344 1.613875985 0.050685953 2.419338226 0.012911015 0.090171233 -0.003060102 0.995837867
175108266666.666687 1.614091277 0.050766829 2.420420885 0.012981990 0.089707002 -0.002706348 0.995879948
175124950000.000000 1.614455104 0.050702982 2.421081066 0.012701871 0.089160770 -0.003350870 0.995930612
175141633333.333344 1.614931345 0.050770104 2.421600103 0.012675077 0.088263147 -0.002985091 0.996012151
175158316666.666687 1.615331292 0.050775666 2.422040939 0.012602110 0.087431088 -0.002954499 0.996086478
175175000000.000000 1.615375757 0.051084891 2.423439980 0.012894232 0.087194711 -0.002886665 0.996103644
175191683333.333344 1.615675569 0.051248286 2.424417734 0.013043591 0.086631998 -0.003216737 0.996149838
175208366666.666687 1.615850210 0.051604569 2.425996542 0.013733831 0.086600006 -0.003691237 0.996141672
175225050000.000000 1.615943193 0.051770307 2.426604271 0.013872599 0.086145900 -0.002672974 0.996182382
175241733333.333344 1.617393970 0.048584502 2.428200722 0.010045005 0.084579289 -0.002400142 0.996363223
175258416666.666687 1.618077040 0.049045302 2.429125071 0.010449849 0.083794512 -0.002731093 0.996424556
175275100000.000000 1.618528247 0.048579376 2.430493116 0.009881731 0.083218776 -0.002371104 0.996479571
175291783333.333344 1.617837191 0.048277065 2.431164265 0.009665934 0.083775170 -0.001949716 0.996435940
175308466666.666687 1.617617249 0.048775397 2.432096958 0.010130570 0.084101275 -0.002092106 0.996403575
175325150000.000000 1.618409157 0.048834514 2.433132172 0.010110692 0.082926616 -0.002319449 0.996501684
175341833333.333344 1.618790865 0.049078759 2.434260130 0.010354078 0.082590245 -0.002330902 0.996527076
175358516666.666687 1.619809031 0.048792735 2.435672283 0.010090486 0.081593812 -0.002846422 0.996610582
175375200000.000000 1.619271994 0.048499685 2.436702967 0.009807771 0.082177103 -0.002635529 0.996565998
175391883333.333344 1.618948698 0.048373904 2.437330008 0.009639542 0.082064956 -0.001830515 0.996578693
175408566666.666687 1.619824886 0.048863348 2.438249588 0.010267330 0.081024043 -0.002303078 0.996656597
175425250000.000000 1.619747281 0.048706140 2.439233780 0.010284215 0.080894202 -0.002102870 0.996667445
175441933333.333344 1.619963050 0.048569806 2.440283298 0.010139488 0.080734558 -0.001958973 0.996682167
175458616666.666656 1.620412350 0.048393801 2.441600323 0.010070859 0.080121525 -0.001792248 0.996732652
175475300000.000000 1.620591879 0.048755478 2.442068100 0.010626247 0.080005281 -0.002046745 0.996735752
175491983333.333344 1.620342851 0.048607532 2.443420887 0.010533443 0.080066867 -0.001702788 0.996732414
175508666666.666656 1.620406747 0.048924930 2.444595337 0.011007873 0.080025919 -0.001556932 0.996730864
175525350000.000000 1.620494962 0.048901014 2.445319891 0.011020212 0.079985969 -0.001657783 0.996733725
175542033333.333344 1.621403694 0.048371363 2.446651459 0.010621644 0.078866631 -0.001300801 0.996827781
175558716666.666656 1.621802688 0.048542388 2.447183371 0.010980910 0.078401618 -0.001169443 0.996860802
175575400000.000000 1.621459126 0.048444211 2.448070049 0.010828678 0.078660697 -0.001474552 0.996841550
175592083333.333344 1.622339010 0.047496755 2.449395180 0.009835895 0.077818424 -0.001491260 0.996917963
175608766666.666656 1.622408032 0.047488540 2.450016975 0.009864201 0.077919900 -0.001406944 0.996909857
175625450000.000000 1.622252941 0.047164112 2.451137543 0.009602143 0.078006700 -0.001113424 0.996905982
175642133333.333344 1.621987700 0.047638010 2.451673508 0.010111452 0.078154251 -0.001367019 0.996889055
175658816666.666656 1.623177528 0.047727544 2.452890873 0.010307572 0.076993108 -0.001305168 0.996977568
175675500000.000000 1.623556137 0.047751039 2.454064608 0.010372715 0.076647460 -0.001252605 0.997003555
175692183333.333344 1.623649836 0.047424868 2.454917908 0.009876148 0.076263152 -0.001108246 0.997038245
175708866666.666656 1.623885632 0.047547918 2.455796242 0.010022362 0.075772807 -0.000910769 0.997074366
175725550000.000000 1.623914003 0.047567356 2.456831455 0.010138915 0.075896189 -0.000832176 0.997063875
175742233333.333344 1.623980403 0.047639176 2.457631588 0.010109941 0.075757913 -0.000644878 0.997074842
175758916666.666656 1.624337673 0.047529869 2.459012985 0.010034405 0.075630024 -0.000603202 0.997085273
175775600000.000000 1.624777436 0.047783297 2.459347010 0.010245139 0.074903905 -0.000898763 0.997137725
175792283333.333344 1.625359535 0.047561992 2.460917950 0.010071014 0.074246392 -0.001186577 0.997188389
175808966666.666656 1.625465870 0.047727779 2.461743832 0.010139506 0.074081153 -0.001215555 0.997199893
175825650000.000000 1.625690341 0.047825813 2.462825060 0.010314721 0.073787734 -0.001052942 0.997220039
175842333333.333344 1.625767350 0.047961913 2.462846518 0.010368531 0.073512964 -0.001244046 0.997239590
175859016666.666656 1.626812220 0.047798611 2.464673996 0.010223640 0.072515287 -0.001472715 0.997313857
175875700000.000000 1.627332926 0.047883119 2.465616465 0.010042333 0.071950212 -0.001405670 0.997356713
175892383333.333313 1.627562761 0.047796711 2.466666222 0.009913740 0.071629062 -0.001295612 0.997381270
175909066666.666656 1.628117800 0.047962707 2.467385769 0.009964175 0.070917599 -0.001202389 0.997431755
175925750000.000000 1.628126025 0.048083302 2.468558311 0.010028251 0.070712209 -0.000783153 0.997446120
175942433333.333313 1.628213048 0.048191387 2.469598770 0.010206108 0.070582442 -0.001012865 0.997453272
175959116666.666656 1.629272580 0.048217580 2.469952106 0.010202408 0.069230311 -0.000985048 0.997548103
175975800000.000000 1.629376173 0.047503874 2.471607208 0.009395015 0.069180340 -0.000993940 0.997559488
175992483333.333313 1.629925013 0.047291495 2.472476959 0.009200487 0.068483219 -0.000567396 0.997609735
176009166666.666656 1.630076051 0.047431834 2.473773718 0.009364281 0.068288662 -0.000666407 0.997621477
176025850000.000000 1.630459070 0.047213007 2.474336147 0.008970870 0.067707047 -0.000782140 0.997664690
176042533333.333313 1.630667329 0.047287047 2.475484371 0.009316962 0.067456104 -0.000246071 0.997678757
176059216666.666656 1.631289482 0.047332663 2.476586103 0.009328528 0.066590145 -0.000506254 0.997736752
176075900000.000000 1.632684827 0.048148055 2.476820707 0.010032921 0.064890817 -0.000894557 0.997841537
176092583333.333313 1.632787704 0.048337407 2.477406502 0.010164669 0.064627133 -0.001034192 0.997857213
176109266666.666656 1.633346915 0.048376489 2.478171825 0.010267316 0.063722096 -0.000899733 0.997914493
176125950000.000031 1.633801699 0.048419323 2.479183912 0.010367889 0.063136891 -0.000976343 0.997950613
176142633333.333344 1.634247422 0.048378166 2.480344772 0.010467938 0.062687792 -0.000452462 0.997978210
176159316666.666687 1.634600878 0.048264701 2.481413126 0.010365986 0.062334202 -0.000746744 0.998001218
176176000000.000031 1.634873748 0.047960650 2.482454538 0.010122270 0.061874386 -0.000466135 0.998032570
176192683333.333344 1.635284424 0.047127835 2.483994246 0.009303583 0.061484713 0.000005034 0.998064697
176209366666.666687 1.635589600 0.047452502 2.484803200 0.009831902 0.060874600 0.000081394 0.998097062
176226050000.000000 1.635767817 0.047278360 2.485731363 0.009670984 0.060612068 0.000240202 0.998114526
176242733333.333344 1.636668563 0.046723340 2.486810684 0.008970828 0.059462178 0.000148062 0.998190284
176259416666.666687 1.636589885 0.046930473 2.487603426 0.009351738 0.059464801 0.000402623 0.998186588
176276100000.000000 1.637537718 0.046868309 2.488883495 0.009440814 0.058348749 0.000168455 0.998251677
176292783333.333344 1.637754321 0.047089603 2.489768744 0.009788539 0.058067482 -0.000007518 0.998264730
176309466666.666687 1.638287902 0.046416443 2.490782499 0.009058188 0.057274174 0.000642525 0.998317242
176326150000.000000 1.638914347 0.046948586 2.491891623 0.009919235 0.056529682 0.000604458 0.998351455
176342833333.333344 1.639093399 0.046743814 2.492975235 0.009600814 0.056185845 0.000488956 0.998374104
176359516666.666687 1.639665723 0.047099423 2.493981361 0.009988543 0.055575550 0.000080199 0.998404562
176376200000.000000 1.639867902 0.046761934 2.494787693 0.009717870 0.055044804 0.000278784 0.998436570
176392883333.333344 1.640647173 0.046850152 2.495545864 0.009960237 0.054013528 0.000565924 0.998490393
176409566666.666687 1.640819550 0.046640765 2.496698618 0.009671921 0.053798128 0.000677375 0.998504758
176426250000.000000 1.641008973 0.046887890 2.497481108 0.009941786 0.053370859 0.000699165 0.998525083
176442933333.333344 1.641495347 0.046695255 2.498612642 0.009702832 0.052764393 0.000777860 0.998559594
176459616666.666687 1.641825914 0.046753459 2.499467850 0.009638923 0.052166302 0.001009206 0.998591483
176476300000.000000 1.642455220 0.046392374 2.500736237 0.009259794 0.051545404 0.000914293 0.998627305
176492983333.333344 1.642628789 0.046369273 2.501626492 0.009234716 0.051203314 0.001339470 0.998644650
176509666666.666687 1.642645836 0.046480753 2.502317190 0.009234387 0.050901085 0.001186305 0.998660326
176526350000.000000 1.643589854 0.046579655 2.503625631 0.009327669 0.050056942 0.000800038 0.998702526
176543033333.333344 1.643658638 0.046697274 2.504482508 0.009377195 0.050038613 0.000855877 0.998702943
176559716666.666687 1.644419074 0.046947774 2.505384445 0.009593178 0.048947852 0.000566852 0.998755157
176576400000.000000 1.644669056 0.046958778 2.506586313 0.009653457 0.048642799 0.000521665 0.998769522
176593083333.333344 1.644831061 0.046821807 2.507265568 0.009263509 0.048289049 0.000553859 0.998790324
176609766666.666687 1.645625114 0.046829198 2.508728504 0.009331972 0.047129367 0.001120640 0.998844624
176626450000.000000 1.646012783 0.047041986 2.509573460 0.009513063 0.046605404 0.001177052 0.998867393
176643133333.333344 1.646469593 0.047284547 2.510821819 0.009871158 0.045963891 0.000908763 0.998893917
176659816666.666656 1.646551251 0.047345981 2.511518002 0.009712384 0.045772795 0.000965595 0.998904228
176676500000.000000 1.646971703 0.046909660 2.513107777 0.009235035 0.045353010 0.001297552 0.998927534
176693183333.333344 1.647455692 0.047382321 2.513455391 0.009516657 0.044649020 0.000857505 0.998957038
176709866666.666656 1.647491574 0.047311012 2.514465094 0.009387055 0.044602394 0.001062709 0.998960197
176726550000.000000 1.647741437 0.047346208 2.515542269 0.009335453 0.044323735 0.001335033 0.998972714
176743233333.333344 1.648162723 0.047746811 2.516621590 0.009757842 0.043706287 0.000953913 0.998996317
176759916666.666656 1.648360133 0.047423072 2.518205881 0.009373624 0.043590948 0.001113545 0.999004900
176776600000.000000 1.649015069 0.047507156 2.518961906 0.009400949 0.042713955 0.001010188 0.999042690
176793283333.333344 1.649132609 0.047518883 2.519969940 0.009236271 0.042799212 0.000837172 0.999040663
176809966666.666656 1.649099231 0.047428675 2.520962477 0.009151496 0.042717278 0.000986525 0.999044836
176826650000.000000 1.649058461 0.047313500 2.521997452 0.009100398 0.042702138 0.001382817 0.999045432
176843333333.333344 1.649479270 0.047385734 2.523237944 0.009141039 0.042311665 0.001328069 0.999061763
176860016666.666656 1.650489926 0.047483210 2.524830103 0.009373954 0.041117009 0.000835648 0.999110043
176876700000.000000 1.651184082 0.047203213 2.526241541 0.009180546 0.040459249 0.000767157 0.999138772
176893383333.333344 1.651488423 0.047428936 2.527188540 0.009541149 0.040085398 0.000399957 0.999150693
176910066666.666656 1.651782751 0.047268979 2.528478861 0.009351009 0.039894585 0.000497402 0.999160051
176926750000.000000 1.651791692 0.047147557 2.529538393 0.009157876 0.039913882 0.000881567 0.999160767
176943433333.333344 1.651724577 0.047119342 2.530805826 0.009189633 0.040009640 0.000864360 0.999156713
176960116666.666656 1.652116656 0.047094133 2.531987429 0.009311287 0.039475728 0.001079661 0.999176621
176976800000.000000 1.652416348 0.047089860 2.533045530 0.009379170 0.039150469 0.001020144 0.999188840
176993483333.333344 1.652744412 0.046994332 2.534419060 0.009332305 0.039002243 0.000727033 0.999195337
177010166666.666656 1.653001547 0.046628792 2.535832882 0.008993242 0.038670707 0.001078802 0.999211013
177026850000.000000 1.653039575 0.046506573 2.536851645 0.008923532 0.038724378 0.001406621 0.999209106
177043533333.333344 1.653504133 0.046394046 2.538196325 0.008950709 0.038024154 0.001337787 0.999235868
177060216666.666656 1.653758645 0.046544291 2.539284706 0.009141419 0.037829299 0.001510641 0.999241292
177076900000.000000 1.653849244 0.046564057 2.540377378 0.009297102 0.037654411 0.001506770 0.999246478
177093583333.333313 1.654033422 0.046504565 2.541480064 0.009141632 0.037515219 0.001748515 0.999252796
177110266666.666656 1.654202819 0.046680808 2.542320967 0.009313317 0.037549168 0.001798441 0.999249816
177126950000.000000 1.655068994 0.046144024 2.544150352 0.008957526 0.036463637 0.001987154 0.999292910
177143633333.333313 1.655119181 0.046134353 2.545232773 0.009002200 0.036402538 0.001990646 0.999294698
177160316666.666656 1.655157328 0.046155773 2.546039343 0.008931964 0.036434159 0.002186173 0.999293804
177177000000.000000 1.655211091 0.046145588 2.547041178 0.008923335 0.036584891 0.002381972 0.999287844
177193683333.333313 1.655219913 0.046077196 2.548208237 0.008846714 0.036741741 0.002855266 0.999281645
177210366666.666656 1.656529188 0.046001319 2.549795628 0.008874892 0.035461362 0.001947649 0.999329746
177227050000.000000 1.657063246 0.045951091 2.551056623 0.008813783 0.035035886 0.001826393 0.999345601
177243733333.333313 1.657458425 0.045938883 2.552306652 0.008802160 0.034875408 0.002040556 0.999350905
177260416666.666656 1.657634139 0.045948606 2.553424835 0.008751532 0.034774959 0.001958644 0.999354959
177277100000.000000 1.657282472 0.045918092 2.554340363 0.008710226 0.035307266 0.002517281 0.999335408
177293783333.333313 1.658154249 0.045998760 2.555876493 0.008767157 0.034544751 0.002359756 0.999361932
177310466666.666656 1.658487320 0.046223219 2.556805372 0.009066659 0.034337413 0.001968741 0.999367297
177327150000.000031 1.658850074 0.046038732 2.558217049 0.008680784 0.034227669 0.002210211 0.999373972
177343833333.333344 1.659161448 0.046237852 2.559229136 0.008895985 0.034051932 0.002164809 0.999378145
177360516666.666687 1.659563303 0.046217762 2.560626984 0.008747349 0.033950362 0.002222105 0.999382854
177377200000.000031 1.660102844 0.046349518 2.561816454 0.008997652 0.033554528 0.001998605 0.999394417
177393883333.333344 1.660391808 0.046283107 2.562895060 0.008756108 0.033428449 0.002195569 0.999400377
177410566666.666687 1.660481453 0.046152566 2.564102411 0.008512209 0.033652250 0.002451668 0.999394417
177427250000.000000 1.661237240 0.046371344 2.565373421 0.008584490 0.032827862 0.002321918 0.999421477
177443933333.333344 1.661472201 0.046393741 2.566497803 0.008482467 0.032873116 0.002335733 0.999420881
177460616666.666687 1.661958456 0.046651669 2.567723751 0.008842005 0.032440517 0.002305427 0.999431968
177477300000.000000 1.662171364 0.046623550 2.568939686 0.008668176 0.032539409 0.002398782 0.999430060
177493983333.333344 1.662886500 0.046371628 2.570113659 0.008406821 0.032144990 0.002337594 0.999445140
177510666666.666687 1.663173795 0.046381209 2.571384192 0.008516152 0.032153238 0.002541612 0.999443471
177527350000.000000 1.663490415 0.046571016 2.572470427 0.008685895 0.031997982 0.002477138 0.999447167
177544033333.333344 1.663841605 0.046427179 2.573856831 0.008478818 0.032003026 0.002490718 0.999448776
177560716666.666687 1.664307952 0.046283856 2.575320721 0.008364570 0.031813066 0.002606313 0.999455452
177577400000.000000 1.664695621 0.046309058 2.576409340 0.008497111 0.031817857 0.002447061 0.999454618
177594083333.333344 1.664983273 0.046481173 2.577380657 0.008750143 0.031829666 0.002505839 0.999451876
177610766666.666687 1.665370226 0.046215884 2.578471661 0.008429925 0.031667657 0.003285292 0.999457538
177627450000.000000 1.666034102 0.046115559 2.580112457 0.008508763 0.031135233 0.003045928 0.999474347
177644133333.333344 1.666270256 0.045967475 2.581281424 0.008311197 0.031355198 0.003017769 0.999469280
177660816666.666687 1.666862607 0.045851026 2.582579374 0.008279514 0.031018600 0.003138254 0.999479651
177677500000.000000 1.666829348 0.045703072 2.583921671 0.008233794 0.031385738 0.003080049 0.999468744
177694183333.333344 1.667515993 0.045622174 2.585141897 0.008220363 0.030587643 0.003314224 0.999492824
177710866666.666687 1.667677283 0.045606058 2.586617947 0.008217597 0.030639073 0.003523513 0.999490559
177727550000.000000 1.668080211 0.045628253 2.587649345 0.008364879 0.030569660 0.003889325 0.999490142
177744233333.333344 1.668465734 0.045492303 2.589014292 0.008153716 0.030493287 0.003511371 0.999495566
177760916666.666687 1.668850422 0.045356710 2.590059757 0.008077206 0.030348223 0.003351522 0.999501169
177777600000.000000 1.669254303 0.045140773 2.591093779 0.007925820 0.030212278 0.003396859 0.999506295
177794283333.333344 1.669734240 0.045324787 2.592252016 0.008230629 0.029838795 0.002951464 0.999516487
177810966666.666687 1.669831872 0.044839229 2.593684912 0.007564392 0.029999429 0.003451596 0.999515355
177827650000.000000 1.670005679 0.044984598 2.595113516 0.007840993 0.029901955 0.003511807 0.999515951
177844333333.333344 1.670249581 0.044844098 2.596219778 0.007640801 0.029956033 0.003528850 0.999515831
177861016666.666656 1.670535803 0.044858959 2.597357988 0.007763469 0.029627001 0.003734367 0.999523938
177877700000.000000 1.671262145 0.045217611 2.598592281 0.008113500 0.028958641 0.003073058 0.999542952
177894383333.333344 1.671647072 0.045184229 2.600076914 0.008091509 0.028697276 0.003382878 0.999549687
177911066666.666656 1.671877623 0.045400485 2.601126909 0.008225468 0.028661769 0.003140240 0.999550402
177927750000.000000 1.672068119 0.045276508 2.602396250 0.008064287 0.028553834 0.003423322 0.999553919
177944433333.333344 1.672330976 0.045336489 2.603554964 0.007964484 0.028403014 0.003335552 0.999559283
177961116666.666656 1.672589540 0.045549009 2.604430199 0.008212259 0.028257709 0.003209733 0.999561846
177977800000.000000 1.673141003 0.045405019 2.606122971 0.007883755 0.027873719 0.003181302 0.999575317
177994483333.333344 1.673536301 0.045322925 2.607454300 0.007767431 0.027662549 0.003286826 0.999581754
178011166666.666656 1.673861742 0.045476057 2.608605623 0.007813217 0.027492778 0.003166450 0.999586463
178027850000.000000 1.674036384 0.045560811 2.610000610 0.007818895 0.027477749 0.003538815 0.999585629
178044533333.333344 1.674260020 0.045785632 2.611052275 0.008097632 0.027260911 0.003695996 0.999588728
178061216666.666656 1.674575090 0.045839265 2.612077475 0.007897039 0.027017180 0.003708167 0.999596894
178077900000.000000 1.674888134 0.045966443 2.613274097 0.007998216 0.026747873 0.003606516 0.999603748
178094583333.333344 1.675026417 0.046126112 2.614474535 0.008091736 0.026844746 0.003531711 0.999600649
178111266666.666656 1.675341725 0.046165429 2.616015196 0.008204330 0.026466986 0.003709923 0.999609172
178127950000.000000 1.675805688 0.046264201 2.617195606 0.008260897 0.025984030 0.003435183 0.999622405
178144633333.333344 1.676034212 0.046174534 2.618655920 0.008066302 0.025923496 0.003360291 0.999625802
178161316666.666656 1.676344395 0.046256933 2.619872570 0.008010271 0.025913861 0.003712701 0.999625206
178178000000.000000 1.677008748 0.046017647 2.621637106 0.007684667 0.025372025 0.003639167 0.999642015
178194683333.333344 1.677272081 0.046022158 2.623264551 0.007660895 0.025075955 0.003538380 0.999649942
178211366666.666656 1.677375197 0.045966443 2.624514341 0.007666586 0.025148049 0.003727290 0.999647439
178228050000.000000 1.677740812 0.045943718 2.625563860 0.007631583 0.024993036 0.003585969 0.999652088
178244733333.333344 1.677884221 0.045851115 2.626503229 0.007590188 0.024939863 0.003721187 0.999653220
178261416666.666656 1.678406477 0.045952834 2.627945423 0.007779857 0.024303269 0.003880110 0.999666870
178278100000.000000 1.678631783 0.045961127 2.629043102 0.007863627 0.024206871 0.003750706 0.999669075
178294783333.333313 1.679229617 0.045765541 2.630513668 0.007824105 0.023709642 0.003799647 0.999681056
178311466666.666656 1.679355383 0.045975279 2.631613731 0.008109721 0.023609735 0.003445422 0.999682486
178328150000.000000 1.679637909 0.045972250 2.632781029 0.008032771 0.023418637 0.003784020 0.999686301
178344833333.333313 1.680223703 0.045985345 2.634081841 0.008119562 0.022987403 0.003619022 0.999696255
178361516666.666656 1.680105090 0.046027578 2.634855270 0.008248652 0.023038011 0.003779979 0.999693453
178378200000.000000 1.680428863 0.046006560 2.635977983 0.008297108 0.022850605 0.003942141 0.999696672
178394883333.333313 1.681015372 0.045807593 2.637670279 0.008167481 0.022614354 0.003840654 0.999703526
178411566666.666656 1.681314826 0.045786597 2.638759136 0.008306087 0.022445993 0.003724392 0.999706686
178428250000.000000 1.681648135 0.045690991 2.639969349 0.008247914 0.022274137 0.003839310 0.999710500
178444933333.333313 1.681928992 0.045725863 2.640880346 0.008318559 0.022150530 0.003844670 0.999712646
178461616666.666656 1.682087183 0.045672227 2.642056465 0.008206897 0.022169530 0.004061700 0.999712288
178478300000.000000 1.682650208 0.045976717 2.643653870 0.008713651 0.021679604 0.003891859 0.999719441
178494983333.333313 1.683120131 0.045330595 2.645086288 0.008096344 0.021345004 0.004284391 0.999730289
178511666666.666656 1.683505416 0.045125183 2.646417141 0.007777601 0.021175360 0.004525704 0.999735355
178528350000.000031 1.683736444 0.045670163 2.647189140 0.008264904 0.021146348 0.004852694 0.999730527
178545033333.333344 1.684078217 0.045640685 2.648681164 0.008188633 0.021096798 0.004464152 0.999733984
178561716666.666687 1.684267640 0.045658767 2.649842739 0.008273106 0.021258289 0.004501595 0.999729693
178578400000.000031 1.684725165 0.045580823 2.651126146 0.008084978 0.020877548 0.004481921 0.999739349
178595083333.333344 1.686039448 0.045411296 2.652737379 0.007963642 0.019785309 0.004130727 0.999764025
178611766666.666687 1.686544538 0.045259822 2.653946400 0.007686615 0.019488964 0.004557317 0.999770224
178628450000.000000 1.686888933 0.045466114 2.655074835 0.007931352 0.019279335 0.004778016 0.999771297
178645133333.333344 1.687098265 0.045557488 2.656316757 0.007923431 0.019603349 0.004297325 0.999767244
178661816666.666687 1.687404990 0.045756321 2.657407761 0.008048846 0.019406568 0.004148134 0.999770641
178678500000.000000 1.687819123 0.045756940 2.658804655 0.007843505 0.019088181 0.004013378 0.999778986
178695183333.333344 1.688035369 0.045806173 2.659485817 0.007851792 0.019329404 0.004031271 0.999774218
178711866666.666687 1.688611627 0.045794729 2.660949469 0.007872514 0.018889355 0.004258859 0.999781549
178728550000.000000 1.689404011 0.045731250 2.662630081 0.007810139 0.018300125 0.004114504 0.999793589
178745233333.333344 1.689571261 0.045750055 2.663209438 0.007734869 0.018541764 0.004249220 0.999789178
178761916666.666687 1.690204859 0.045808218 2.664790392 0.007715151 0.018092990 0.004429722 0.999796808
178778600000.000000 1.690279484 0.046422686 2.665523052 0.008402989 0.018318998 0.003510281 0.999790788
178795283333.333344 1.690570712 0.046685409 2.666301012 0.008484391 0.018218718 0.003726656 0.999791145
178811966666.666687 1.691357851 0.046503194 2.667904854 0.008457182 0.017819192 0.004073024 0.999797165
178828650000.000000 1.691756368 0.046413876 2.669391394 0.008232642 0.017923960 0.004346853 0.999796033
178845333333.333344 1.692079425 0.046550725 2.670133352 0.008249688 0.017879229 0.004454682 0.999796212
178862016666.666687 1.693116426 0.046105720 2.671747923 0.007928782 0.016826363 0.004376753 0.999817431
178878700000.000000 1.693285704 0.046491593 2.672258139 0.008304536 0.017014291 0.003901809 0.999813199
178895383333.333344 1.693860173 0.046215076 2.673664093 0.008194176 0.016800294 0.003957731 0.999817491
178912066666.666687 1.693880081 0.046293791 2.673838139 0.008147978 0.017154278 0.003727942 0.999812722
178928750000.000000 1.694635272 0.046295568 2.676050425 0.008247494 0.016603308 0.004359651 0.999818623
178945433333.333344 1.695834279 0.045602061 2.678242445 0.007649200 0.015628863 0.004494075 0.999838531
178962116666.666687 1.695393920 0.046268869 2.677603483 0.008366182 0.016323851 0.004019337 0.999823689
178978800000.000000 1.695815802 0.046608213 2.678873062 0.008703205 0.016118104 0.003916479 0.999824584
178995483333.333344 1.696853518 0.045934394 2.680985212 0.008264203 0.015384690 0.004197317 0.999838710
179012166666.666687 1.696984291 0.045827247 2.681818008 0.008126203 0.015406131 0.004490529 0.999838293
179028850000.000000 1.697621584 0.045995466 2.682798386 0.008461460 0.015150696 0.004277818 0.999840319
179045533333.333344 1.698261023 0.045909792 2.683964491 0.008517476 0.014747631 0.003974009 0.999847114
179062216666.666656 1.698432803 0.045681652 2.685164213 0.008420387 0.014788461 0.003985976 0.999847293
179078900000.000000 1.698954225 0.045621846 2.686313391 0.008431793 0.014468816 0.004219467 0.999850929
179095583333.333344 1.699540496 0.045826521 2.687596560 0.008712228 0.014120253 0.003463843 0.999856412
179112266666.666656 1.700292349 0.045096178 2.689424515 0.007828036 0.013619365 0.004774547 0.999865234
179128950000.000000 1.700396776 0.045002773 2.689909935 0.007799738 0.013964875 0.005182981 0.999858677
179145633333.333344 1.700219154 0.045066375 2.690516472 0.007570357 0.014033118 0.005744587 0.999856412
179162316666.666656 1.701246977 0.044500414 2.692574739 0.007368908 0.013197142 0.004711551 0.999874711
179179000000.000000 1.701924682 0.044622459 2.694378376 0.007607939 0.012761628 0.004929666 0.999877512
179195683333.333344 1.702593803 0.044916932 2.695298433 0.007939158 0.012284041 0.004410125 0.999883294
179212366666.666656 1.702892780 0.044800807 2.695900440 0.007756948 0.012042246 0.004524025 0.999887168
179229050000.000000 1.703193069 0.044794206 2.697417259 0.007639079 0.011877855 0.004248489 0.999891341
179245733333.333344 1.703616381 0.044873472 2.698241949 0.007778239 0.011775589 0.004573303 0.999889970
179262416666.666656 1.704230666 0.044715174 2.700037479 0.007679925 0.011316015 0.004103364 0.999898076
179279100000.000000 1.704555988 0.044906709 2.700889826 0.007563735 0.011503611 0.004462386 0.999895334
179295783333.333344 1.704615951 0.045271095 2.701568127 0.007818772 0.011559341 0.004744819 0.999891400
179312466666.666656 1.705376625 0.045103613 2.702895403 0.007516473 0.011151075 0.004398983 0.999899924
179329150000.000000 1.705517530 0.045411564 2.704404116 0.007656448 0.011039536 0.004533491 0.999899507
179345833333.333344 1.706162214 0.045092635 2.705370903 0.007349853 0.010543500 0.004504480 0.999907255
179362516666.666656 1.706420422 0.045193888 2.706629038 0.007327529 0.010408727 0.004355724 0.999909520
179379200000.000000 1.707340837 0.045574237 2.707556248 0.007744228 0.009867149 0.004277778 0.999912262
179395883333.333344 1.707504153 0.045903303 2.708760262 0.008032713 0.009963971 0.004025558 0.999910057
179412566666.666656 1.707690716 0.045860358 2.709963799 0.007808011 0.009904562 0.004277693 0.999911308
179429250000.000000 1.707840800 0.045953643 2.710916996 0.007977090 0.009862952 0.004043132 0.999911427
179445933333.333344 1.708428741 0.046190627 2.711869478 0.008115305 0.009653944 0.003920956 0.999912858
179462616666.666656 1.708839893 0.046067871 2.713445187 0.007798755 0.009215858 0.004388213 0.999917507
179479300000.000000 1.709692955 0.046496730 2.714363575 0.008398701 0.008339299 0.003844562 0.999922574
179495983333.333313 1.709438920 0.046557602 2.715794563 0.008509968 0.008468712 0.004084265 0.999919593
179512666666.666656 1.709530115 0.046457574 2.716559410 0.008318410 0.008540209 0.003951996 0.999921143
179529350000.000000 1.709853530 0.046583761 2.717591524 0.008366968 0.008347291 0.004637321 0.999919415
179546033333.333313 1.710131884 0.047009554 2.718465567 0.008784338 0.008194512 0.004304574 0.999918640
179562716666.666656 1.710310936 0.046639681 2.719241858 0.008494508 0.008310515 0.004744974 0.999918163
179579400000.000000 1.711400390 0.046269864 2.721305132 0.008040695 0.007416522 0.005309726 0.999926090
179596083333.333313 1.711799622 0.046722006 2.722219706 0.008790032 0.007334632 0.004083490 0.999926150
179612766666.666656 1.712893605 0.046890851 2.723320961 0.008980333 0.006578812 0.003838460 0.999930680
179629450000.000000 1.712739110 0.046976525 2.724043369 0.009105180 0.006934638 0.003967958 0.999926686
179646133333.333313 1.712656140 0.046903830 2.725833416 0.009131140 0.007124708 0.004408615 0.999923229
179662816666.666656 1.713705659 0.047120612 2.726415634 0.009404742 0.006311809 0.004590889 0.999925375
179679500000.000000 1.713786840 0.047261145 2.726939201 0.009688088 0.006512077 0.004293871 0.999922693
179696183333.333313 1.714204311 0.046843383 2.728169680 0.009320424 0.006257547 0.004370770 0.999927521
179712866666.666656 1.715374112 0.046585634 2.729970217 0.009352516 0.005515313 0.004082618 0.999932766
179729550000.000000 1.715472102 0.046835411 2.730545998 0.009495826 0.005663845 0.004426754 0.999929070
179746233333.333344 1.715780020 0.046841092 2.731905460 0.009487410 0.005641771 0.004596828 0.999928534
179762916666.666687 1.715846062 0.046772238 2.733064413 0.009626877 0.005679967 0.003925774 0.999929845
179779600000.000031 1.716030121 0.046837311 2.733920336 0.009747128 0.005685000 0.003939318 0.999928653
179796283333.333344 1.716279984 0.046938274 2.734971285 0.009854270 0.005525683 0.004364546 0.999926746
179812966666.666687 1.716779113 0.046688244 2.736649275 0.009620752 0.005195673 0.004073751 0.999931931
179829650000.000000 1.717224836 0.046914518 2.737451553 0.009660105 0.004984578 0.003844618 0.999933541
179846333333.333344 1.717761993 0.046589497 2.737678051 0.009330926 0.004882087 0.004529504 0.999934316
179863016666.666687 1.717586756 0.046244428 2.739251852 0.009157500 0.005080846 0.004070595 0.999936879
179879700000.000000 1.717810035 0.046659928 2.740348101 0.009726590 0.005024353 0.004524809 0.999929905
179896383333.333344 1.718155980 0.046674129 2.741243601 0.009641084 0.005112812 0.004285326 0.999931276
179913066666.666687 1.718810797 0.046886094 2.742215395 0.009778748 0.004709459 0.004336527 0.999931693
179929750000.000000 1.718933940 0.047153037 2.743434668 0.009905985 0.004750330 0.004414298 0.999929905
179946433333.333344 1.718896389 0.046754479 2.744492292 0.009369572 0.005233107 0.004268004 0.999933362
179963116666.666687 1.719857812 0.046684545 2.744898081 0.009065725 0.004659255 0.004101354 0.999939680
