frame_index,timestamp_ns,segment,keyframe,cx,cy,cz,qw,qx,qy,qz,predicted,confidence
150,5000000000,0,1,-0.02168401416,-0.03010823955,-0.008067655679,0.999854185,-0.01549496129,0.006666893695,-0.002658483365,0,1
159,5300000000,0,1,-0.03974607347,-0.02910273876,0.02340593313,0.9995595549,0.006300532984,0.02170125817,0.01923680905,0,1
160,5333333333,0,0,-0.04229464481,-0.03068851125,0.02731325776,0.9995092969,0.006476497368,0.02281845572,0.02045821495,0,1
161,5366666667,0,0,-0.04474732363,-0.03348061593,0.02954891966,0.9994596019,0.005151557735,0.02557471011,0.01999749617,0,1
162,5400000000,0,0,-0.04740507205,-0.03524471324,0.0335180363,0.9993341818,0.003120721064,0.03004483502,0.02046367872,0,1
163,5433333333,0,0,-0.04942267505,-0.03500982125,0.04048586129,0.9991980862,0.004192520004,0.03372175679,0.02117664873,0,1
164,5466666667,0,0,-0.05108748701,-0.03595234788,0.04396262556,0.9990880504,0.006881975763,0.03584792002,0.0221502257,0,1
165,5500000000,0,0,-0.05320406648,-0.03722536949,0.04728330378,0.9989398933,0.008522554117,0.03807742934,0.02442467887,0,1
166,5533333333,0,0,-0.05524104376,-0.03910741377,0.05204176336,0.9987827982,0.01022312361,0.04078120503,0.02579346979,0,1
167,5566666667,0,1,-0.06359673911,-0.03825532125,0.05926748342,0.9983757929,0.01439350066,0.04736801006,0.02819352456,0,1
168,5600000000,0,0,-0.06439394334,-0.04029437329,0.06228215555,0.9981701449,0.01659365852,0.0495124907,0.0304881236,0,1
169,5633333333,0,0,-0.06592019317,-0.04226134308,0.06630638517,0.9979851761,0.01680187614,0.05187204745,0.0324434271,0,1
170,5666666667,0,0,-0.06808558247,-0.04403550555,0.07139951482,0.9977795088,0.01700938018,0.05472528772,0.03393929482,0,1
171,5700000000,0,0,-0.06962649596,-0.04692915058,0.07587897439,0.9975998212,0.01598628886,0.05786941908,0.03449877777,0,1
172,5733333333,0,0,-0.07147048938,-0.0468741162,0.08211214938,0.9973824676,0.01670748969,0.06037545387,0.0361092472,0,1
173,5766666667,0,0,-0.07350398404,-0.04918773131,0.08683888745,0.9972212229,0.01741374153,0.06201168554,0.03743187282,0,1
174,5800000000,0,0,-0.07499388089,-0.05147099278,0.09058723751,0.9971104864,0.01641661783,0.0636993981,0.03799419999,0,1
175,5833333333,0,0,-0.07761469029,-0.05316186958,0.09706624067,0.9968911935,0.01562893374,0.06729630772,0.03787996587,0,1
176,5866666667,0,1,-0.09382290584,-0.07175059114,0.1051278363,0.996240042,0.008397309472,0.07758466076,0.03762823923,0,1
177,5900000000,0,0,-0.09428392004,-0.0723382362,0.1079479399,0.9960407743,0.00995335437,0.07842871438,0.04065271849,0,1
178,5933333333,0,0,-0.09642008089,-0.07301475644,0.1132217205,0.9957767349,0.01039373875,0.07918097764,0.04528837884,0,1
179,5966666667,0,0,-0.09808486377,-0.07529500719,0.1178242033,0.9955297674,0.01010362536,0.07914509566,0.05054159385,0,1
180,6000000000,0,0,-0.09945838082,-0.07784295174,0.1208467618,0.9953844729,0.008025330852,0.07908216956,0.05377132735,0,1
181,6033333333,0,0,-0.1015582196,-0.08076946388,0.1252702155,0.9951205987,0.003916445267,0.08144430769,0.05555609955,0,1
182,6066666667,0,0,-0.1043876872,-0.08198529802,0.1322460204,0.9947260924,0.002263450931,0.0851652872,0.05711174832,0,1
183,6100000000,0,0,-0.1055074612,-0.08204756098,0.1363666198,0.9945212748,0.002538876721,0.08601846681,0.05934485199,0,1
184,6133333333,0,1,-0.1159759045,-0.08752647673,0.1418405009,0.9939120006,-0.001457634328,0.09067742417,0.06256528646,0,1
185,6166666667,0,0,-0.1176358146,-0.08891853106,0.1462563609,0.9936822822,-0.003719192085,0.09096490741,0.06562831085,0,1
186,6200000000,0,0,-0.1198450853,-0.09174998036,0.1515431403,0.9934304366,-0.006166783402,0.09290742772,0.06652930363,0,1
187,6233333333,0,0,-0.1221444931,-0.09258239477,0.1567098327,0.9931038331,-0.006818167739,0.09547884642,0.06769105647,0,1
188,6266666667,0,0,-0.1235922139,-0.09339222914,0.1604628954,0.9927709488,-0.006810639149,0.09712152164,0.07019165488,0,1
189,6300000000,0,0,-0.1245910365,-0.09407988168,0.1635825408,0.9925598095,-0.008376208026,0.09743719577,0.07253176197,0,1
190,6333333333,0,0,-0.1273461296,-0.09635984496,0.1689419771,0.9922608527,-0.01070892954,0.09922786354,0.07387523345,0,1
191,6366666667,0,0,-0.1287765303,-0.09949608827,0.1728909595,0.9920114942,-0.01260586573,0.1023474122,0.07265875495,0,1
192,6400000000,0,1,-0.1376560115,-0.1081808495,0.17830082,0.9911331096,-0.01770160155,0.1115097902,0.07005268758,0,1
193,6433333333,0,0,-0.1394265131,-0.107839663,0.1828251164,0.9905439974,-0.01859901223,0.1166078238,0.06985185357,0,1
194,6466666667,0,0,-0.1413368212,-0.1068386597,0.1872614712,0.9900064508,-0.01832812803,0.1198805494,0.07197194554,0,1
195,6500000000,0,0,-0.1435905413,-0.1089252797,0.1917268747,0.9895112795,-0.01998541243,0.1230517376,0.07298137364,0,1
196,6533333333,0,0,-0.1455769762,-0.1119052569,0.195557984,0.9889464905,-0.02160257143,0.1279155823,0.07180370214,0,1
197,6566666667,0,0,-0.1478934204,-0.1125362879,0.1999724688,0.9881991244,-0.02056590352,0.1344428652,0.07046027386,0,1
198,6600000000,0,1,-0.1558439672,-0.1170641239,0.208819838,0.987091878,-0.02052667128,0.1438619871,0.06732019696,0,1
199,6633333333,0,0,-0.1582697632,-0.11795769,0.2120515975,0.986475369,-0.01652594427,0.1493403603,0.0655034067,0,1
200,6666666667,0,0,-0.1606037401,-0.1177936758,0.2145374968,0.9856949941,-0.01294372172,0.1552288829,0.06435707137,0,1
201,6700000000,0,0,-0.1639182766,-0.1162375492,0.2198337713,0.9847275867,-0.008219411454,0.1610580085,0.06560746242,0,1
202,6733333333,0,0,-0.1667117824,-0.115948692,0.2238646482,0.9840886575,-0.002546170556,0.1641125331,0.06804489401,0,1
203,6766666667,0,0,-0.1678368328,-0.1143969896,0.2211910815,0.9837623519,-0.00165289211,0.1647583959,0.07115879316,0,1
204,6800000000,0,0,-0.1724743416,-0.1164984929,0.2304357809,0.9825385085,-0.002896190652,0.1712592959,0.07266322959,0,1
205,6833333333,0,0,-0.1753005067,-0.1146937973,0.2338386503,0.981547776,0.002627103778,0.1754677957,0.07594810336,0,1
206,6866666667,0,1,-0.1824620047,-0.1107165909,0.2376320003,0.9803804597,0.006263670202,0.1799259629,0.08025938338,0,1
207,6900000000,0,0,-0.1854015324,-0.1104206059,0.242045536,0.9797183214,0.005719075205,0.1823444644,0.08288425169,0,1
208,6933333333,0,0,-0.1881684567,-0.1094587332,0.2461174874,0.9792082045,0.006103435267,0.1840938752,0.08499109022,0,1
209,6966666667,0,0,-0.1913907516,-0.1090137843,0.251676924,0.9789009348,0.006584446258,0.1845842122,0.08739721697,0,1
210,7000000000,0,0,-0.1940824786,-0.1087781985,0.2543304102,0.9784172353,0.007271801447,0.1850672077,0.09163494552,0,1
211,7033333333,0,0,-0.1971804604,-0.10763705,0.2585312213,0.9779355688,0.007839856182,0.1854817242,0.09579712925,0,1
212,7066666667,0,0,-0.2003512046,-0.1074690273,0.2630313945,0.9775542079,0.008538449987,0.1853437424,0.09981263722,0,1
213,7100000000,0,0,-0.2038088771,-0.107827489,0.2668345574,0.9774264827,0.008077897171,0.1850315469,0.1016638831,0,1
214,7133333333,0,1,-0.2098740296,-0.1089779909,0.2726939814,0.9769668238,0.008346764813,0.1867162383,0.1029718559,0,1
215,7166666667,0,0,-0.2137586407,-0.1100182919,0.2772796159,0.976971695,0.009266192911,0.1862512945,0.1036865476,0,1
216,7200000000,0,0,-0.2173440933,-0.1120700683,0.2806358234,0.9771380356,0.01040099217,0.1866713079,0.1012269799,0,1
217,7233333333,0,0,-0.2210041333,-0.1118550054,0.2826002564,0.9771614635,0.01263013398,0.1873649092,0.09945021261,0,1
218,7266666667,0,0,-0.2246549424,-0.1139523789,0.28752868,0.9771198583,0.01329294752,0.1893372621,0.09597646153,0,1
219,7300000000,0,0,-0.2282453195,-0.1135399955,0.2916433118,0.977113051,0.01774760444,0.1903915021,0.09319969983,0,1
220,7333333333,0,0,-0.2314476604,-0.1147638727,0.29344301,0.9773934982,0.01993546828,0.1908858189,0.08869684833,0,1
221,7366666667,0,0,-0.2344751652,-0.1154499643,0.2963707341,0.9771496101,0.02160367713,0.193473997,0.08532135166,0,1
222,7400000000,0,0,-0.2378612192,-0.1128085494,0.2987115227,0.9767067258,0.0262722137,0.1945809762,0.08655626122,0,1
223,7433333333,0,1,-0.2395201233,-0.1103075739,0.3007216944,0.9768705162,0.02683906766,0.1917410382,0.09076912037,0,1
224,7466666667,0,0,-0.2419016221,-0.1135887568,0.3048446938,0.9768757363,0.02200395235,0.1917911481,0.09190091055,0,1
225,7500000000,0,0,-0.2440819569,-0.1152683727,0.3090955434,0.9764734563,0.02098102441,0.1940934678,0.09158117483,0,1
226,7533333333,0,0,-0.2462522362,-0.1129846688,0.3106933157,0.9760518087,0.02278420513,0.1953418919,0.09298006226,0,1
227,7566666667,0,0,-0.2485587811,-0.1116795876,0.3134510195,0.9757098722,0.02120457452,0.1955968813,0.09634558283,0,1
228,7600000000,0,0,-0.2505133193,-0.1132502653,0.3178620922,0.9753020261,0.01882520459,0.1969429313,0.09820922289,0,1
229,7633333333,0,0,-0.2530657237,-0.1110569029,0.3211051657,0.9746749752,0.02089460109,0.1976460207,0.1025093107,0,1
230,7666666667,0,0,-0.2550622394,-0.1120580396,0.3241638077,0.9744866247,0.01933630999,0.1972535292,0.105323172,0,1
231,7700000000,0,0,-0.2570833665,-0.1145405419,0.3271150878,0.9741438951,0.01854719899,0.1998320208,0.1037633683,0,1
232,7733333333,0,0,-0.2595027456,-0.1120521583,0.3274095915,0.9734574997,0.02121003641,0.2023535193,0.104803072,0,1
233,7766666667,0,0,-0.2621106869,-0.1087656094,0.3285852674,0.9727725945,0.02236422118,0.2029981824,0.1095675997,0,1
234,7800000000,0,0,-0.2645693974,-0.1091643853,0.3307136672,0.9728157466,0.01961655973,0.2021424294,0.1112796116,0,1
235,7833333333,0,0,-0.2667952038,-0.1109541844,0.3315783648,0.9728460975,0.01561834882,0.2031889013,0.1097306165,0,1
236,7866666667,0,0,-0.2691279797,-0.1113142847,0.3333062047,0.9725392944,0.01258682749,0.2060596221,0.1074631321,0,1
237,7900000000,0,0,-0.2719677799,-0.1107405478,0.3353821477,0.9722091975,0.01156169317,0.2084275614,0.105988467,0,1
238,7933333333,0,0,-0.2748649507,-0.1105215082,0.3359739689,0.9718772944,0.01018190966,0.2100301232,0.1060103799,0,1
239,7966666667,0,0,-0.2779216968,-0.11052259,0.3375912121,0.971208141,0.009642682517,0.2120940133,0.1080643093,0,1
240,8000000000,0,1,-0.2775551848,-0.1087906435,0.3386673793,0.9709537365,0.01164045273,0.2101821851,0.1137400125,0,1
241,8033333333,0,0,-0.2808803064,-0.110724741,0.3388585554,0.9706089796,0.01097519244,0.2107673638,0.1156497823,0,1
242,8066666667,0,0,-0.2841106352,-0.11137985,0.3371030101,0.9701566691,0.009689592304,0.2120906057,0.1171312264,0,1
243,8100000000,0,0,-0.2876523938,-0.1132085194,0.3383294752,0.9694178168,0.006788814543,0.2156300692,0.1169900925,0,1
244,8133333333,0,0,-0.2955816038,-0.1128375533,0.3378596512,0.9680050719,0.006915158925,0.2202230681,0.1200839773,0,1
245,8166666667,0,0,-0.2996965193,-0.1136372055,0.3382866855,0.9672326497,0.004726556826,0.2224333736,0.1223194804,0,1
246,8200000000,0,0,-0.3040514768,-0.1138952389,0.3392368252,0.9665624774,0.004567314042,0.2237655256,0.1251603231,0,1
247,8233333333,0,0,-0.3087443679,-0.1140807851,0.337790178,0.9663021992,0.002999358599,0.2236332572,0.1274332375,0,1
248,8266666667,0,0,-0.3130855165,-0.1177855082,0.3396696789,0.9659788331,-0.001464609924,0.2257557048,0.1261630321,0,1
249,8300000000,0,1,-0.3150018265,-0.118048895,0.3424318697,0.9660281411,0.0008811378031,0.2260628901,0.1252374698,0,1
250,8333333333,0,0,-0.3202915293,-0.1192140144,0.3415592057,0.9660132622,0.004085599385,0.2255291734,0.1262468892,0,1
251,8366666667,0,0,-0.3251731607,-0.1209737948,0.3412210089,0.9658813332,0.006394953881,0.2252133538,0.1277157,0,1
252,8400000000,0,0,-0.3304928351,-0.1212923396,0.3408285957,0.9660532947,0.01018498052,0.2234843927,0.1291976164,0,1
253,8433333333,0,0,-0.336096523,-0.1235390943,0.3401649665,0.966589619,0.01149687338,0.2209548046,0.129426831,0,1
254,8466666667,0,0,-0.3414303374,-0.1266026086,0.3392590489,0.9671549104,0.01112403093,0.2197019524,0.12735261,0,1
255,8500000000,0,0,-0.3469601773,-0.1275075499,0.3385827958,0.9679529422,0.01127752358,0.2183278897,0.1235833797,0,1
256,8533333333,0,1,-0.3516131995,-0.1281917636,0.336089978,0.969009839,0.01031519103,0.2160525091,0.119309857,0,1
257,8566666667,0,0,-0.3565301941,-0.1311933366,0.3352279787,0.9698827972,0.006244976323,0.2157836317,0.1128086177,0,1
258,8600000000,0,0,-0.3608855186,-0.1334915498,0.3356514494,0.97016219,0.003670823006,0.2175202754,0.1070363487,0,1
259,8633333333,0,0,-0.3651623482,-0.1340195717,0.3361944627,0.9703956395,0.005925179839,0.2180154444,0.103761559,0,1
260,8666666667,0,0,-0.370489677,-0.1350552275,0.3314652879,0.9708532902,0.005312840936,0.2170637587,0.1014839259,0,1
261,8700000000,0,0,-0.3742351485,-0.1369093893,0.3313658224,0.9706013113,0.002470011192,0.2184239118,0.1010840654,0,1
262,8733333333,0,0,-0.3780459973,-0.1373195236,0.3324219991,0.970393777,0.003777204783,0.2184726266,0.1029143412,0,1
263,8766666667,0,0,-0.3824765235,-0.1394652192,0.3290284496,0.9706508207,0.002364885641,0.2175615035,0.1024616214,0,1
264,8800000000,0,0,-0.3854393608,-0.1430970662,0.3302994305,0.9701978202,-0.001321634058,0.2205264443,0.1004118034,0,1
265,8833333333,0,1,-0.3893453229,-0.1439523746,0.3311322676,0.9694163654,0.001278928727,0.2247688405,0.09853549214,0,1
266,8866666667,0,0,-0.3939947403,-0.1426582393,0.3278734259,0.9689047299,0.00276835803,0.2270214416,0.09837289054,0,1
267,8900000000,0,0,-0.3975900827,-0.1435087065,0.3286334244,0.9684800909,0.001208554001,0.2287518325,0.09857713803,0,1
268,8933333333,0,0,-0.4016014061,-0.1448822342,0.3280086868,0.9680459542,0.000374394359,0.2312396259,0.09703157118,0,1
269,8966666667,0,0,-0.4063174139,-0.1442460323,0.325657521,0.9675279368,0.0001515160337,0.233306814,0.09725018858,0,1
270,9000000000,0,0,-0.4105751954,-0.1446522582,0.3260656866,0.9670359101,-0.001327158642,0.2351980789,0.09757894732,0,1
271,9033333333,0,0,-0.4149390328,-0.1451332006,0.3255739362,0.9665651474,-0.001817454306,0.2367534292,0.09846992695,0,1
272,9066666667,0,0,-0.4192385447,-0.1471557653,0.3266043492,0.9660491679,-0.002241416344,0.2396853974,0.09641001761,0,1
273,9100000000,0,0,-0.4253839116,-0.1456365351,0.3229459777,0.9655188202,0.001045594236,0.2413764142,0.09751790173,0,1
274,9133333333,0,0,-0.43102323,-0.1438549642,0.3212261365,0.9651857759,0.00362904305,0.2406079029,0.1025235829,0,1
275,9166666667,0,0,-0.4362541963,-0.1463349037,0.3211045559,0.9653269606,0.002761446439,0.2398108468,0.1030872996,0,1
276,9200000000,0,0,-0.4419428116,-0.1480778136,0.3187692178,0.9650908113,0.002089197181,0.2412458561,0.101959787,0,1
277,9233333333,0,0,-0.4472550051,-0.1476091036,0.3183397198,0.9645182748,0.002917466325,0.2434869275,0.1020299081,0,1
278,9266666667,0,1,-0.454066763,-0.1477116545,0.318692472,0.964266538,0.004186994155,0.244667375,0.1015400828,0,1
279,9300000000,0,0,-0.4601309111,-0.1485923016,0.3160612542,0.9642253984,0.003998094822,0.2449032525,0.1013695874,0,1
280,9333333333,0,0,-0.4650805868,-0.1487627888,0.3159936575,0.9638291993,0.004602342306,0.2460552847,0.1023175937,0,1
281,9366666667,0,0,-0.4707085573,-0.1478955781,0.3151226966,0.9638008562,0.00801743931,0.2452098986,0.1043826414,0,1
282,9400000000,0,0,-0.4767872346,-0.1482750261,0.3126180492,0.9642120189,0.009855947484,0.2428683102,0.1058915804,0,1
283,9433333333,0,0,-0.4827908051,-0.1489318131,0.3100111984,0.9642844586,0.009225666868,0.2419779268,0.107317533,0,1
284,9466666667,0,0,-0.4872595515,-0.1492813248,0.3114042595,0.9641986469,0.01028122415,0.2418789667,0.1082119733,0,1
285,9500000000,0,0,-0.4937755717,-0.1493053992,0.3076624996,0.9645999407,0.01133088399,0.2404689764,0.1076718945,0,1
286,9533333333,0,0,-0.4990451587,-0.1498277982,0.3070530063,0.964553499,0.009608597246,0.2408522437,0.1073984135,0,1
287,9566666667,0,1,-0.5044265924,-0.1498020208,0.30777907,0.9643983731,0.009946161563,0.2414772197,0.1073573665,0,1
288,9600000000,0,0,-0.5105241388,-0.1491156975,0.3049488115,0.9647139954,0.01009775838,0.2401978025,0.1073776423,0,1
289,9633333333,0,0,-0.5150540356,-0.1493334992,0.305194297,0.9644767047,0.007204419918,0.2403530859,0.1093763069,0,1
290,9666666667,0,0,-0.5184336852,-0.1499126866,0.3073047695,0.9644968923,0.006776553899,0.2403341126,0.1092672748,0,1
291,9700000000,0,0,-0.5238195631,-0.1495459167,0.3043253851,0.9645597557,0.006491215018,0.240265055,0.1088808759,0,1
292,9733333333,0,0,-0.5279555352,-0.149531635,0.3042823487,0.9638499291,0.004728907988,0.2416946955,0.1120474263,0,1
293,9766666667,0,0,-0.5314279588,-0.1489604496,0.3056894425,0.9634370311,0.005277684532,0.2417282849,0.1154498568,0,1
294,9800000000,0,0,-0.5357364998,-0.1498274576,0.3041209172,0.9634026327,0.004319499999,0.2418006212,0.1156251221,0,1
295,9833333333,0,1,-0.5402406145,-0.1503608195,0.3043206889,0.9626070711,0.002706759088,0.2446798616,0.1162414099,0,1
296,9866666667,0,0,-0.5443010483,-0.1494035376,0.3044392538,0.9617391213,0.003047332722,0.246793743,0.1189177224,0,1
297,9900000000,0,0,-0.5488422046,-0.1487549553,0.3037655763,0.9612555927,0.004578536772,0.2467544943,0.1227963439,0,1
298,9933333333,0,0,-0.5532747871,-0.1494192993,0.3020346027,0.9607791361,0.003399577736,0.2465901117,0.1268274863,0,1
299,9966666667,0,0,-0.5559986649,-0.1504152054,0.3049384631,0.9600656305,0.002319710706,0.2478539759,0.1297575073,0,1
300,10000000000,0,0,-0.5596187521,-0.1510121408,0.3047609835,0.9594816386,0.00402723576,0.2498745019,0.1301595168,0,1
301,10033333333,0,0,-0.5641543517,-0.150760087,0.3030441678,0.9588179026,0.004188540326,0.2514763982,0.1319481224,0,1
302,10066666667,0,0,-0.5672515204,-0.1512997071,0.3046691639,0.958174416,0.003030389257,0.2533423506,0.1330798956,0,1
303,10100000000,0,0,-0.5706659393,-0.1520129275,0.3049214707,0.9575667217,0.002873145091,0.2555023613,0.1333276486,0,1
304,10133333333,0,0,-0.5743075647,-0.1529394256,0.3046856246,0.9569043716,0.001510406415,0.2580693694,0.1331613413,0,1
305,10166666667,0,0,-0.5770544066,-0.1537468043,0.3070262476,0.9560232827,0.0004406378114,0.2612959796,0.1332054797,0,1
306,10200000000,0,1,-0.5803819444,-0.1551241375,0.3092348353,0.9553710233,0.001278371689,0.2637563728,0.1330306334,0,1
307,10233333333,0,0,-0.5840065152,-0.1563447364,0.3090379657,0.9547101632,0.001331131811,0.2656288599,0.1340449223,0,1
308,10266666667,0,0,-0.5869027331,-0.1573876668,0.311023822,0.9537731869,0.001662527397,0.267917266,0.1361406723,0,1
309,10300000000,0,0,-0.5905356189,-0.1586646149,0.3120194192,0.9529895974,0.003168609801,0.2694128625,0.1386271857,0,1
310,10333333333,0,0,-0.5940004321,-0.1601416225,0.3131923445,0.9524381287,0.002964529779,0.27111759,0.1390973574,0,1
311,10366666667,0,0,-0.5973967666,-0.1610950844,0.3152653177,0.9515332254,0.003154085172,0.2737229923,0.140179514,0,1
312,10400000000,0,0,-0.6012430372,-0.1619790703,0.3174432167,0.9507766068,0.004874687157,0.2759677071,0.1408613006,0,1
313,10433333333,0,0,-0.6062207857,-0.1628525068,0.3181892798,0.9503415026,0.00555997095,0.2776883629,0.1403897724,0,1
314,10466666667,0,0,-0.6098508138,-0.1641547033,0.3210290333,0.9494355859,0.005666665546,0.2803696416,0.1411836435,0,1
315,10500000000,0,1,-0.6152902803,-0.1647722501,0.3228004379,0.9483501123,0.008149961942,0.2830531955,0.1429913676,0,1
316,10533333333,0,0,-0.621573274,-0.163874283,0.3223354736,0.9479629956,0.01151005754,0.2814893431,0.148315297,0,1
317,10566666667,0,0,-0.6260337561,-0.1652574423,0.323497763,0.9475033247,0.009988252658,0.2797957227,0.1544410504,0,1
318,10600000000,0,0,-0.6284752485,-0.1675035558,0.3267892509,0.9467022747,0.006735317731,0.2808834173,0.1575244249,0,1
319,10633333333,0,0,-0.6320818735,-0.1685546201,0.3290716015,0.9458990323,0.004811119223,0.2834720009,0.1577830746,0,1
320,10666666667,0,0,-0.6354218002,-0.1700088876,0.3315732936,0.9447744479,0.002677633185,0.2868900967,0.1583923774,0,1
321,10700000000,0,0,-0.6390767498,-0.1707611212,0.3334512897,0.9435388398,0.001959216729,0.2898637376,0.1603422365,0,1
322,10733333333,0,0,-0.6426142002,-0.1716050186,0.3348736838,0.9423876413,0.002388343354,0.291646333,0.1638360334,0,1
323,10766666667,0,0,-0.6458995766,-0.1731093665,0.3362163751,0.9408790732,0.002011818708,0.293627486,0.1688947057,0,1
324,10800000000,0,1,-0.6478260283,-0.1739434813,0.3375548923,0.9393635773,0.00232115488,0.2955630166,0.1738769253,0,1
325,10833333333,0,0,-0.6491315499,-0.1760499493,0.3388550066,0.9373416034,0.003028147079,0.2994303816,0.1781095041,0,1
326,10866666667,0,0,-0.6506944501,-0.1781154494,0.3396911843,0.9350420591,0.003313042138,0.3051202197,0.1805187609,0,1
327,10900000000,0,0,-0.6535787783,-0.1794092544,0.3402530031,0.9331142505,0.004306116265,0.3101146679,0.1819564387,0,1
328,10933333333,0,0,-0.6567333736,-0.1800193688,0.340090935,0.9315565781,0.005125454175,0.3129246439,0.1850790066,0,1
329,10966666667,0,0,-0.658427701,-0.1824605277,0.3415043802,0.9299387216,0.003582530943,0.3160399262,0.1879359056,0,1
330,11000000000,0,0,-0.6590935778,-0.185155884,0.3446074673,0.9283900426,0.002285063237,0.3202010913,0.1885682061,0,1
331,11033333333,0,1,-0.6608287181,-0.1870807325,0.3448465455,0.9272345149,0.003044483993,0.3245292083,0.1868359667,0,1
332,11066666667,0,0,-0.6649316512,-0.1877719448,0.3446790598,0.9255843161,0.003615211763,0.3287409828,0.1876431994,0,1
333,11100000000,0,0,-0.6672989105,-0.1891887137,0.3466294359,0.9243436947,0.004163256505,0.3307742726,0.1901572559,0,1
334,11133333333,0,0,-0.6696043298,-0.1919266657,0.3480982645,0.9236204456,0.003870033181,0.3327181597,0.1902864196,0,1
335,11166666667,0,0,-0.6719254749,-0.1942759449,0.3499344925,0.9227431877,0.002625460856,0.3362028142,0.1884297858,0,1
336,11200000000,0,0,-0.6749197537,-0.1954979056,0.3515919759,0.9213221039,0.002749568266,0.3404177309,0.1878131762,0,1
337,11233333333,0,0,-0.6797062743,-0.1960816671,0.3522233286,0.9203204294,0.003087236188,0.3431066029,0.1878260772,0,1
338,11266666667,0,0,-0.6824396864,-0.1979776064,0.3550576869,0.9197191229,0.002103954478,0.3445704333,0.1881050898,0,1
339,11300000000,0,0,-0.6856088493,-0.2002245619,0.3573990052,0.9188551972,0.001152660927,0.3472353559,0.1874337365,0,1
340,11333333333,0,0,-0.6894754531,-0.2014921088,0.3596567552,0.9176496975,0.001598104715,0.3502063803,0.1878083329,0,1
341,11366666667,0,1,-0.6943461276,-0.202898745,0.3608959994,0.9170380614,0.001446546676,0.3518818455,0.187665309,0,1
342,11400000000,0,0,-0.6975001789,-0.2048891561,0.3637076565,0.9161278714,0.00119817296,0.3536211818,0.188839475,0,1
343,11433333333,0,0,-0.7014968292,-0.2066624241,0.365379218,0.9147804217,0.00121809579,0.3571461907,0.1887376346,0,1
344,11466666667,0,0,-0.7056601677,-0.2079915292,0.3682142976,0.9130724712,0.001198287719,0.3614227324,0.1888672415,0,1
345,11500000000,0,0,-0.7106034596,-0.2090452839,0.3699731383,0.9113492157,0.002814662166,0.3648949112,0.1904898647,0,1
346,11533333333,0,0,-0.7154551534,-0.2099837956,0.3709861925,0.9099821806,0.00339702953,0.3674327712,0.192130294,0,1
347,11566666667,0,0,-0.7199900353,-0.2113473176,0.37325301,0.908293659,0.003954150415,0.3700852694,0.1949971461,0,1
348,11600000000,0,1,-0.7237910897,-0.2133777167,0.3755819211,0.9065332058,0.004930232167,0.372859458,0.1978612244,0,1
349,11633333333,0,0,-0.72927772,-0.2144110225,0.3766663565,0.9048929679,0.00588094328,0.3755455355,0.2002490496,0,1
350,11666666667,0,0,-0.7340100797,-0.2157456724,0.3783789505,0.9031779504,0.006220679039,0.377792051,0.2037254509,0,1
351,11700000000,0,0,-0.7385487605,-0.217877644,0.3808184664,0.9017744653,0.006720958046,0.3799690146,0.2058669239,0,1
352,11733333333,0,0,-0.7440256047,-0.2189458592,0.3820236312,0.9008450454,0.007362208741,0.3818771848,0.2063826975,0,1
353,11766666667,0,0,-0.7498781115,-0.2199687431,0.3835786881,0.8998792331,0.006535036586,0.3836692544,0.207298245,0,1
354,11800000000,0,0,-0.7546139815,-0.2216064345,0.3861835688,0.8988509962,0.005460836059,0.3854565153,0.2084714388,0,1
355,11833333333,0,0,-0.7599965813,-0.2225916681,0.3881434045,0.8978322056,0.004929251503,0.3868481471,0.2102891917,0,1
356,11866666667,0,0,-0.7639004165,-0.2245327218,0.3911172258,0.8971946902,0.00399671207,0.3879874228,0.2109300212,0,1
357,11900000000,0,1,-0.7676366052,-0.2262098363,0.3939578495,0.8964096752,0.004265735013,0.3901743308,0.2102272327,0,1
358,11933333333,0,0,-0.7737819545,-0.2268271349,0.3951473825,0.8953130019,0.00551025306,0.3919993928,0.211472792,0,1
359,11966666667,0,0,-0.7783917378,-0.2283025671,0.3974159121,0.8948980816,0.005286640931,0.3923025496,0.2126691905,0,1
360,12000000000,0,0,-0.7815662628,-0.2294762314,0.3992835599,0.8947576354,0.004478894585,0.3930928115,0.2118177399,0,1
361,12033333333,0,0,-0.7862122821,-0.2299769947,0.4007633341,0.8939076588,0.00284879236,0.3953924618,0.2111534585,0,1
362,12066666667,0,0,-0.7893914646,-0.2313362454,0.4034902999,0.8928461561,0.000523898545,0.3972276135,0.21221614,0,1
363,12100000000,0,0,-0.7923608211,-0.2332088973,0.4068166113,0.89204859,-0.0004618954519,0.3983727244,0.213420412,0,1
364,12133333333,0,0,-0.7949432449,-0.2341815015,0.4090185849,0.8913963404,-0.001219189775,0.3997547401,0.2135584828,0,1
365,12166666667,0,0,-0.7974120186,-0.2359132195,0.4122000218,0.890145581,-0.001343562772,0.4019921093,0.21457256,0,1
366,12200000000,0,0,-0.8022032771,-0.2366321751,0.4140274066,0.8893139091,-0.0004542684179,0.40337397,0.2154298146,0,1
367,12233333333,0,0,-0.8046971751,-0.2380182559,0.4171317908,0.8886131767,-0.00151782072,0.4043816812,0.2164249855,0,1
368,12266666667,0,1,-0.8077329632,-0.2389229377,0.4203967174,0.8879621947,-0.002574883974,0.4059971032,0.2160621738,0,1
369,12300000000,0,0,-0.8107407269,-0.2398213639,0.4233565965,0.8872779452,-0.004421051687,0.4077642381,0.2155147986,0,1
370,12333333333,0,0,-0.8126919938,-0.2414142672,0.4270779088,0.8863680534,-0.006296388199,0.4099146265,0.2151325831,0,1
371,12366666667,0,0,-0.8141716737,-0.2436134481,0.4307409114,0.8849127946,-0.006746549171,0.4127986675,0.215594736,0,1
372,12400000000,0,0,-0.8175019483,-0.2453219067,0.4336481959,0.883282894,-0.004526207868,0.415401216,0.2173307903,0,1
373,12433333333,0,0,-0.8210520843,-0.2471812794,0.436533976,0.8822136154,-0.002055931566,0.416421492,0.219745423,0,1
374,12466666667,0,0,-0.8228730613,-0.2494873101,0.4398038597,0.8813044234,-0.000110464616,0.4171799173,0.2219536384,0,1
375,12500000000,0,0,-0.8253925556,-0.2511315043,0.4426558291,0.8800218591,0.001614001794,0.4195429852,0.222581684,0,1
376,12533333333,0,0,-0.8294237115,-0.2527121323,0.4455783979,0.8785768188,0.002084518168,0.4222123627,0.2232378755,0,1
377,12566666667,0,1,-0.8311195919,-0.2543505485,0.4505184419,0.8770959196,0.001754296648,0.4250676482,0.2236451757,0,1
378,12600000000,0,0,-0.8334002632,-0.2561122953,0.4547028818,0.8753330839,0.001376280018,0.428366452,0.2242594052,0,1
379,12633333333,0,0,-0.8356382291,-0.2581884034,0.4592010647,0.8734887539,0.002023511027,0.431432741,0.2255639425,0,1
380,12666666667,0,0,-0.8390633649,-0.2599252937,0.4630335612,0.8718071816,0.003608136004,0.4335599021,0.2279583972,0,1
381,12700000000,0,0,-0.8431902652,-0.2611801072,0.4662591109,0.870408397,0.004996040832,0.4347233105,0.231040917,0,1
382,12733333333,0,0,-0.8466043966,-0.2627438642,0.4701546809,0.8688480165,0.004900284387,0.4355014699,0.2354093907,0,1
383,12766666667,0,1,-0.8493039416,-0.2647283353,0.4749743484,0.867986386,0.003446210386,0.4359000058,0.237863285,0,1
384,12800000000,0,0,-0.8517932959,-0.2666164105,0.4792273585,0.8672827952,0.001484890044,0.436390712,0.2395443482,0,1
385,12833333333,0,0,-0.8561642141,-0.2675479122,0.4821773908,0.8664955952,-0.001309595,0.436976721,0.2413193191,0,1
386,12866666667,0,0,-0.8575239862,-0.2695936188,0.4873835968,0.865912048,-0.006161462174,0.4370601443,0.2431805745,0,1
387,12900000000,0,0,-0.856089803,-0.2728771465,0.4933752513,0.8651902836,-0.01015955051,0.4387631335,0.2425478702,0,1
388,12933333333,0,0,-0.8578981228,-0.2752073398,0.4975441969,0.8635872725,-0.01237827363,0.4430070884,0.2404340256,0,1
389,12966666667,0,0,-0.8618724767,-0.276404656,0.5006379789,0.8620495022,-0.01266773891,0.4457716325,0.2408273984,0,1
390,13000000000,0,1,-0.8640530259,-0.2785245572,0.5038361236,0.8617585337,-0.0129338272,0.4455715616,0.2422208274,0,1
391,13033333333,0,0,-0.8663235911,-0.2808731516,0.5072772027,0.861469342,-0.01463360957,0.4462848745,0.2418392878,0,1
392,13066666667,0,0,-0.8672355938,-0.2830157185,0.5115420647,0.8606112968,-0.01721524663,0.4480594738,0.2414426206,0,1
393,13100000000,0,0,-0.8687881945,-0.2860604326,0.5154872623,0.8596322192,-0.01690901357,0.4497024263,0.2418972112,0,1
394,13133333333,0,0,-0.8721223266,-0.2885437425,0.5171829474,0.8593745109,-0.01821589433,0.4507254524,0.2408115399,0,1
395,13166666667,0,0,-0.8706475249,-0.2914989515,0.5212196785,0.8579625567,-0.02154433591,0.4537165006,0.2399529746,0,1
396,13200000000,0,1,-0.8719208506,-0.2939629857,0.524480533,0.8560584643,-0.01942356869,0.4574871435,0.2397751951,0,1
397,13233333333,0,0,-0.8760730721,-0.2960028882,0.5255432717,0.8551083448,-0.01729370838,0.4592969893,0.2398685514,0,1
398,13266666667,0,0,-0.8766343423,-0.2982174775,0.5288356853,0.853737706,-0.01746571179,0.4614263888,0.2406502981,0,1
399,13300000000,0,0,-0.8773289075,-0.3010093234,0.5326893801,0.8522459998,-0.01567216442,0.4643188377,0.2404977255,0,1
400,13333333333,0,0,-0.8812795657,-0.3031611299,0.5339352481,0.8510020618,-0.01291248162,0.4666806635,0.2404951496,0,1
401,13366666667,0,0,-0.8837024802,-0.3049450413,0.5367423304,0.8491650767,-0.01125990262,0.4686683263,0.2431910506,0,1
402,13400000000,0,1,-0.8847728558,-0.3089169292,0.5400093672,0.8473545703,-0.007690015649,0.4702436983,0.2465805346,0,1
403,13433333333,0,0,-0.8896856286,-0.3112569788,0.5409731509,0.846252977,-0.004577927082,0.4726028219,0.2459298968,0,1
404,13466666667,0,0,-0.8929495249,-0.3128555516,0.5438621371,0.8447195329,-0.004652266403,0.4751741309,0.2462454312,0,1
405,13500000000,0,0,-0.893672386,-0.3162201857,0.5482783445,0.8427785692,-0.00313060257,0.4781475807,0.2471626464,0,1
406,13533333333,0,0,-0.8989788446,-0.3186619246,0.5509558724,0.8414269128,-0.0004661552635,0.4809080431,0.2464304918,0,1
407,13566666667,0,0,-0.9022249874,-0.3210770686,0.5544249262,0.8400108192,0.001077760563,0.4828503853,0.2474594259,0,1
408,13600000000,0,1,-0.9074822518,-0.3241819929,0.5572924958,0.8384901435,0.004249190432,0.4841561213,0.250018147,0,1
409,13633333333,0,0,-0.9124994456,-0.3263897654,0.5606553241,0.8374484835,0.006885254827,0.4854122824,0.2510130412,0,1
410,13666666667,0,0,-0.9164707443,-0.3288231174,0.5646414297,0.8361786847,0.007480402578,0.486887888,0.2523676591,0,1
411,13700000000,0,0,-0.9195653958,-0.331416737,0.5693141297,0.8344925841,0.009078421936,0.4887992179,0.2541948738,0,1
412,13733333333,0,0,-0.9250047376,-0.3330862983,0.5727639098,0.8330227135,0.01084510261,0.490353339,0.2559475442,0,1
413,13766666667,0,0,-0.9290514796,-0.3346036442,0.576728648,0.8313053173,0.009776773967,0.4921048464,0.2582028355,0,1
414,13800000000,0,1,-0.9328160665,-0.3374537003,0.5809399285,0.8296311383,0.008589856728,0.4937435482,0.2604912615,0,1
415,13833333333,0,0,-0.9372557041,-0.3396475019,0.5849167899,0.8284360387,0.00896572427,0.495170968,0.2615703691,0,1
416,13866666667,0,0,-0.9418862788,-0.3404889409,0.5882600242,0.8272996116,0.007264222257,0.4964893663,0.2627182766,0,1
417,13900000000,0,0,-0.9449446937,-0.345374355,0.598421088,0.8236381397,0.005501587014,0.5018900383,0.264000638,0,1
418,13933333333,0,0,-0.9511531781,-0.3457782178,0.6010580496,0.8214196321,0.005036897363,0.5054947747,0.2640444097,0,1
419,13966666667,0,0,-0.9556647401,-0.3464015962,0.6042305829,0.8187883142,0.0003533115937,0.5072855169,0.268787976,0,1
420,14000000000,0,1,-0.9578501423,-0.3506426473,0.6079914106,0.8176119358,-0.002581501747,0.5071073199,0.2726650406,0,1
421,14033333333,0,0,-0.9611828185,-0.3516519284,0.6118492787,0.8165971721,-0.003472660808,0.5079908819,0.274047921,0,1
422,14066666667,0,0,-0.9634382811,-0.3524829568,0.6159319489,0.8154523895,-0.006526379644,0.5100195306,0.2736327561,0,1
423,14100000000,0,0,-0.9633860676,-0.3542754536,0.6206425895,0.8132256761,-0.008372124836,0.512832985,0.2749476981,0,1
424,14133333333,0,0,-0.9659637886,-0.3559860901,0.6237930577,0.8108696281,-0.007047230592,0.5156615608,0.2766476775,0,1
425,14166666667,0,0,-0.9690989322,-0.3571900362,0.6268735862,0.8079375406,-0.007358911578,0.5188487892,0.2792466846,0,1
426,14200000000,0,0,-0.9675494702,-0.3593054509,0.6313223614,0.8053275188,-0.007428761587,0.5215906072,0.2816658294,0,1
427,14233333333,0,0,-0.9697741418,-0.3609220153,0.6343238909,0.8025111794,-0.005236438976,0.5256323827,0.2822392334,0,1
428,14266666667,0,0,-0.9733987619,-0.362463716,0.6367215424,0.799437334,-0.004973431443,0.5296327702,0.283486054,0,1
429,14300000000,0,1,-0.9734120444,-0.364624291,0.6397040961,0.797432034,-0.004109980777,0.5318129383,0.2850618492,0,1
430,14333333333,0,0,-0.9760470694,-0.3665634759,0.6418454162,0.7955629885,-0.002100239958,0.534566455,0.2851557916,0,1
431,14366666667,0,0,-0.9794620819,-0.3682362821,0.6442717495,0.7935584694,-0.001858907183,0.5372327284,0.2857315098,0,1
432,14400000000,0,0,-0.9791560852,-0.3702851564,0.6478531602,0.7919203471,-0.001676123221,0.5388319425,0.2872620617,0,1
433,14433333333,0,0,-0.9803711995,-0.3727831869,0.6508240728,0.7897236498,0.001067935245,0.5414018537,0.288477814,0,1
434,14466666667,0,0,-0.9854683052,-0.3738845208,0.6524620227,0.7883264196,0.001488629065,0.5433883477,0.2885625474,0,1
435,14500000000,0,0,-0.9844971796,-0.37542423,0.65663323,0.7866842663,-0.000104045757,0.5452759809,0.28948568,0,1
436,14533333333,0,0,-0.9867529745,-0.377725844,0.6597764842,0.7854549208,7.3680026e-05,0.5471994033,0.289194355,0,1
437,14566666667,0,1,-0.990272368,-0.3792572709,0.6630708845,0.7848538158,-0.0009283889074,0.5482394437,0.288854874,0,1
438,14600000000,0,0,-0.9896517332,-0.3809264452,0.6669866522,0.783576426,-0.001651632028,0.549840436,0.2892762549,0,1
439,14633333333,0,0,-0.9911499107,-0.3833371165,0.6708025651,0.7822966797,4.186166372e-05,0.5511857623,0.2901829745,0,1
440,14666666667,0,0,-0.9933991002,-0.3856564301,0.6743329208,0.7819561281,0.002657564021,0.5504075744,0.2925560682,0,1
441,14700000000,0,0,-0.9959649608,-0.3871757607,0.6772698991,0.7809079343,0.005017564206,0.5492081056,0.2975366849,0,1
442,14733333333,0,0,-0.9973183868,-0.3882067856,0.6810894332,0.7801037697,0.005731149012,0.5477348954,0.3023106792,0,1
443,14766666667,0,0,-0.9972176216,-0.3890829208,0.6848830171,0.7794249505,0.004590043017,0.5473326523,0.3047993531,0,1
444,14800000000,0,1,-0.9972951276,-0.3895284231,0.6891316829,0.7782372246,0.002415325541,0.5483135449,0.3060935231,0,1
445,14833333333,0,0,-0.9976925075,-0.3910440751,0.6928534369,0.7759677336,0.0001678804467,0.5497637248,0.3092473043,0,1
446,14866666667,0,0,-0.9957540848,-0.3929425076,0.6968937635,0.7745006874,-0.0007024082528,0.5501776658,0.3121741948,0,1
447,14900000000,0,0,-0.9969008521,-0.3942440757,0.6997490729,0.773771141,-0.0005805351736,0.5507395489,0.3129917469,0,1
448,14933333333,0,0,-0.9968595536,-0.3947585837,0.7031709569,0.772205336,-0.001007170182,0.5521018277,0.3144542519,0,1
449,14966666667,0,0,-0.9965599927,-0.3966322698,0.7061306304,0.7712174129,-0.0009548174251,0.5530044052,0.3152917985,0,1
450,15000000000,0,0,-0.9984561128,-0.3976379266,0.7085975427,0.7706723852,-0.0003257355054,0.5542004425,0.3145247814,0,1
451,15033333333,0,0,-1.000668397,-0.3983173208,0.7106729348,0.7695633511,-0.002294919822,0.5560080389,0.3140414666,0,1
452,15066666667,0,0,-0.9979330867,-0.4000606972,0.7135483779,0.7677696214,-0.003326370285,0.5577566817,0.3153192472,0,1
453,15100000000,0,0,-0.9994757685,-0.4013542494,0.7147300526,0.765984958,-0.001829043301,0.5600777656,0.3155575941,0,1
454,15133333333,0,0,-1.001105801,-0.402104799,0.7162478393,0.7642954036,-0.003286016721,0.5626018858,0.315152116,0,1
455,15166666667,0,1,-0.9978095665,-0.4033612634,0.7184024093,0.7625877726,-0.004332635083,0.5646714234,0.315574557,0,1
456,15200000000,0,0,-0.9985676033,-0.4050804633,0.7194740338,0.7609664805,-0.001895716258,0.5667987482,0.3156985918,0,1
457,15233333333,0,0,-1.001257737,-0.4059754688,0.7202234575,0.7598206717,-0.001263798977,0.5687964008,0.3148675977,0,1
458,15266666667,0,0,-0.9995234868,-0.4073239757,0.7220143117,0.7577607454,-0.001821460312,0.5713642706,0.3151796397,0,1
459,15300000000,0,0,-0.9997418527,-0.4085040012,0.7236319142,0.7551504847,0.0007280464895,0.5750367411,0.3147696963,0,1
460,15333333333,0,0,-1.00375621,-0.4090127822,0.72390728,0.7540574022,0.001278999784,0.5776891664,0.3125236397,0,1
461,15366666667,0,0,-1.004556221,-0.4101189668,0.7252321698,0.7521583666,0.000190951945,0.57987013,0.3130629129,0,1
462,15400000000,0,0,-1.00538918,-0.411240695,0.7273123227,0.7498245137,0.000873293146,0.5816901745,0.3152760329,0,1
463,15433333333,0,0,-1.006072739,-0.4118146911,0.7288890781,0.7484906222,0.001786511149,0.5827567505,0.3164698512,0,1
464,15466666667,0,0,-1.007731999,-0.4124178701,0.7301662397,0.746805981,0.001786104604,0.5846320318,0.3169905739,0,1
465,15500000000,0,0,-1.008087878,-0.4132520339,0.7322051167,0.7445043317,0.001036786422,0.5871213843,0.3178060811,0,1
466,15533333333,0,0,-1.008292236,-0.4145415506,0.7340453928,0.7418960614,0.002557789323,0.5894016199,0.3196708029,0,1
467,15566666667,0,0,-1.011345209,-0.4154723686,0.7353519539,0.7395955587,0.003671289686,0.5915572005,0.3210062455,0,1
468,15600000000,0,0,-1.011022846,-0.4165103985,0.7380369275,0.7375650426,0.003554103777,0.5932920386,0.3224743915,0,1
469,15633333333,0,0,-1.011413025,-0.4182213011,0.740369542,0.735547154,0.006295476825,0.5950644562,0.3237731369,0,1
470,15666666667,0,1,-1.015922174,-0.4181217802,0.7417544655,0.7343614762,0.008454813254,0.5967335666,0.3233431442,0,1
471,15700000000,0,0,-1.018704639,-0.418918267,0.7446178584,0.7329901317,0.006989130552,0.5978357655,0.3244518707,0,1
472,15733333333,0,0,-1.018263731,-0.4203170399,0.7477182913,0.731482864,0.006970524675,0.5988572154,0.3259666656,0,1
473,15766666667,0,0,-1.024476785,-0.4207956114,0.7500339938,0.730146538,0.006740048708,0.6000703261,0.3267356859,0,1
474,15800000000,0,0,-1.024608721,-0.4206961741,0.7537819694,0.7290920427,0.003090966527,0.6003158345,0.3286885122,0,1
475,15833333333,0,0,-1.023953788,-0.4210841549,0.7565584892,0.7266687341,0.001465970268,0.6028432577,0.329439537,0,1
476,15866666667,0,1,-1.028780095,-0.420786555,0.758624118,0.7236761004,-0.002216667238,0.6067090111,0.3289257726,0,1
477,15900000000,0,0,-1.027095958,-0.4223002895,0.7630433968,0.7206867543,-0.006689074705,0.6093819354,0.3304837596,0,1
478,15933333333,0,0,-1.028553392,-0.4237862815,0.7662155467,0.7176961888,-0.006347267467,0.6115039226,0.3330688297,0,1
479,15966666667,0,0,-1.032169056,-0.4251149899,0.7695166054,0.7152933054,-0.006239669927,0.6133061438,0.3349210768,0,1
480,16000000000,0,0,-1.03313696,-0.4269180703,0.7737912009,0.7137391909,-0.006482302488,0.6139094204,0.3371195198,0,1
481,16033333333,0,0,-1.034417937,-0.4288494801,0.7773944984,0.7126791966,-0.004244418305,0.6144281198,0.3384500454,0,1
482,16066666667,0,0,-1.038938286,-0.4310450257,0.781087825,0.7116154746,-0.002047452352,0.6148079723,0.3400152665,0,1
483,16100000000,0,0,-1.039541593,-0.4334849941,0.7853213061,0.7110425259,-0.0003911642044,0.6152079006,0.3404961268,0,1
484,16133333333,0,0,-1.044381605,-0.4354956694,0.7888659595,0.7103272353,0.002057009893,0.6163830895,0.3398571383,0,1
485,16166666667,0,0,-1.047539948,-0.4377834891,0.7931501988,0.7098966413,0.002713125801,0.6168239561,0.3399523567,0,1
486,16200000000,0,1,-1.048710427,-0.439931986,0.797754265,0.7098963846,0.00330114199,0.6171757654,0.339308562,0,1
487,16233333333,0,0,-1.052695798,-0.4415648176,0.8018993681,0.7100694401,0.003284317152,0.6176332521,0.3381120663,0,1
488,16266666667,0,0,-1.05424478,-0.4439081521,0.8067042425,0.7101199415,0.002311010276,0.6182002049,0.336976015,0,1
489,16300000000,0,0,-1.056511566,-0.4461967271,0.811231064,0.710736334,0.002551518603,0.6185274833,0.3350688074,0,1
490,16333333333,0,0,-1.060839521,-0.447524257,0.8151774739,0.7113226508,0.002402522488,0.6186831467,0.3335348233,0,1
491,16366666667,0,0,-1.062670778,-0.4493246569,0.8192879997,0.7112620165,0.00097222555,0.6187953346,0.3334632402,0,1
492,16400000000,0,0,-1.064375774,-0.4515008731,0.8230812628,0.7108574112,0.0002451450922,0.6187462184,0.3344171019,0,1
493,16433333333,0,0,-1.065974047,-0.4532314525,0.8265051014,0.7105651688,-0.0008404936314,0.6190212124,0.3345282845,0,1
494,16466666667,0,0,-1.064852116,-0.4553318144,0.8294795002,0.7093807604,-0.001771595262,0.620445804,0.3343991665,0,1
495,16500000000,0,0,-1.067181787,-0.4575781801,0.8330471898,0.7073522919,-0.001271710734,0.6231511354,0.3336671699,0,1
496,16533333333,0,0,-1.067135812,-0.4599378358,0.8363428969,0.7055105482,-0.001626453813,0.6251609356,0.333805371,0,1
497,16566666667,0,1,-1.064568938,-0.4629272125,0.8389821467,0.704084278,-0.0003440142878,0.6269253118,0.3335114159,0,1
498,16600000000,0,0,-1.068689689,-0.4648392506,0.8416480807,0.7017230881,0.001474962642,0.6304498236,0.3318366344,0,1
499,16633333333,0,0,-1.068922425,-0.4671788961,0.8455894004,0.6989663015,0.0006962373579,0.6333328424,0.3321673303,0,1
500,16666666667,0,0,-1.067567886,-0.4703303244,0.8495726494,0.6970400212,0.0005776451823,0.6355261085,0.3320262649,0,1
501,16700000000,0,0,-1.068308439,-0.4725906708,0.85280536,0.6955387277,0.0007397849895,0.6379137064,0.3305925502,0,1
502,16733333333,0,0,-1.068118891,-0.475150912,0.8568377647,0.6931570231,-0.000406837079,0.6412522097,0.3291333762,0,1
503,16766666667,0,0,-1.066740212,-0.4788204776,0.8618615152,0.6909321808,-0.0004638891111,0.643968891,0.3285065809,0,1
504,16800000000,0,0,-1.066636119,-0.4831517969,0.8663915722,0.6901000914,0.001576077843,0.6451247835,0.3279838312,0,1
505,16833333333,0,0,-1.066984115,-0.4853023149,0.8709169591,0.6895187135,0.003125560633,0.6463924066,0.3266971555,0,1
506,16866666667,0,0,-1.066012577,-0.4881730479,0.8757294228,0.6877921759,0.003786318204,0.6490361428,0.3250840999,0,1
507,16900000000,0,1,-1.067019872,-0.4925274042,0.880965361,0.685614457,0.005370643045,0.6519412639,0.3238465083,0,1
508,16933333333,0,0,-1.067101183,-0.4955498102,0.8864123983,0.6843545257,0.00690507954,0.6534039224,0.3235344141,0,1
509,16966666667,0,0,-1.066916296,-0.4983397602,0.8912632359,0.6828468823,0.009224208371,0.6544149971,0.3246167907,0,1
510,17000000000,0,0,-1.067615105,-0.5008081893,0.8963603387,0.680383502,0.01069327997,0.6557549113,0.3270312529,0,1
511,17033333333,0,0,-1.065699375,-0.5039617176,0.9013026712,0.6785117865,0.01168445212,0.6562495531,0.329881423,0,1
512,17066666667,0,0,-1.065651958,-0.5070064532,0.9064042095,0.6766162446,0.01342725115,0.6568067458,0.332588432,0,1
513,17100000000,0,0,-1.064357977,-0.5098193744,0.911005733,0.6757231256,0.01416445439,0.6566082624,0.3347584435,0,1
514,17133333333,0,0,-1.062753113,-0.5122935886,0.9154933394,0.6746202213,0.01560176541,0.657163665,0.335827425,0,1
515,17166666667,0,1,-1.064114365,-0.5173053353,0.921928649,0.6729020361,0.01633899534,0.6583572407,0.3369000305,0,1
516,17200000000,0,0,-1.064414259,-0.5206868952,0.9270935365,0.6729404269,0.01774993917,0.6574135129,0.3385906003,0,1
517,17233333333,0,0,-1.064954098,-0.5228557171,0.9321268159,0.6739032572,0.01897767519,0.6553521278,0.3405992313,0,1
518,17266666667,0,0,-1.064383377,-0.5244434616,0.9361660533,0.6742164671,0.01827903871,0.6544772849,0.341697989,0,1
519,17300000000,0,0,-1.063218108,-0.5275875449,0.9406985174,0.6751099245,0.01606483975,0.6538927184,0.3411639249,0,1
520,17333333333,0,0,-1.06171289,-0.5321694534,0.9494018314,0.676066345,0.01326826356,0.6535642228,0.3400177306,0,1
521,17366666667,0,0,-1.059516529,-0.5357253917,0.9540595113,0.6773364337,0.01204468987,0.6528158775,0.3389715491,0,1
522,17400000000,0,0,-1.060643307,-0.5378137626,0.9583011987,0.678510975,0.0127224624,0.6520996399,0.337974933,0,1
523,17433333333,0,1,-1.061994016,-0.5417154541,0.9663105077,0.6784100071,0.01098451578,0.6521843139,0.3380751743,0,1
524,17466666667,0,0,-1.06058209,-0.5447240855,0.9708004578,0.6802928316,0.009746756453,0.6502658425,0.3380251442,0,1
525,17500000000,0,0,-1.061563453,-0.5458365807,0.9747470605,0.681944714,0.008094738817,0.6496978745,0.335825184,0,1
526,17533333333,0,0,-1.062130887,-0.5485824576,0.9808150778,0.6828032947,0.004497173013,0.6496850812,0.334168717,0,1
527,17566666667,0,0,-1.061254846,-0.5513276534,0.9861315114,0.6844455537,0.002579919153,0.6479913058,0.3341180865,0,1
528,17600000000,0,0,-1.062527177,-0.553004421,0.9913986762,0.6858148529,0.0008076810654,0.6470060958,0.3332273206,0,1
529,17633333333,0,0,-1.061422187,-0.5552439159,0.996702338,0.6870179576,-0.00247575222,0.6465231644,0.331674531,0,1
530,17666666667,0,0,-1.061828252,-0.5579932957,1.001892259,0.6873726476,-0.003932759018,0.6463605377,0.3312422557,0,1
531,17700000000,0,0,-1.062801836,-0.560643684,1.007683556,0.6879902092,-0.00521812131,0.645937524,0.3307672267,0,1
532,17733333333,0,1,-1.065227327,-0.5627314901,1.016253153,0.6869581739,-0.007783441749,0.6474138132,0.3299746048,0,1
533,17766666667,0,0,-1.063980833,-0.5654960955,1.021566506,0.6859988372,-0.01045054774,0.6480115472,0.3307225668,0,1
534,17800000000,0,0,-1.063881194,-0.5688306023,1.027193758,0.6853937376,-0.009581428298,0.648226422,0.3315812518,0,1
535,17833333333,0,0,-1.067564864,-0.5705057392,1.033279922,0.6853992618,-0.00889504493,0.6481821955,0.3316754008,0,1
536,17866666667,0,0,-1.067049655,-0.5720827252,1.038359646,0.6849549549,-0.009635157264,0.6478994566,0.333121851,0,1
537,17900000000,0,0,-1.067967885,-0.5736676337,1.043266585,0.6833205219,-0.009003488164,0.6495402439,0.3333008746,0,1
538,17933333333,0,0,-1.069993732,-0.5755982398,1.049976192,0.6819403249,-0.01070548575,0.6514856012,0.332278945,0,1
539,17966666667,0,0,-1.070905358,-0.5783985951,1.055376984,0.6813589594,-0.01167990864,0.6515834599,0.3332454695,0,1
540,18000000000,0,1,-1.073497382,-0.5821561719,1.065574118,0.678988925,-0.01077498324,0.6521573519,0.3369699213,0,1
541,18033333333,0,0,-1.074589475,-0.582784439,1.07091028,0.6782679246,-0.01130938236,0.6512412097,0.3401611486,0,1
542,18066666667,0,0,-1.073559002,-0.5848690812,1.076292527,0.6784669961,-0.01311320052,0.6500945744,0.3418883202,0,1
543,18100000000,0,0,-1.074514642,-0.5859406239,1.080680634,0.6781745169,-0.01338916967,0.6498892844,0.3428468649,0,1
544,18133333333,0,0,-1.076002556,-0.5872860824,1.086684539,0.6765806195,-0.01381895298,0.6507775955,0.3442908989,0,1
545,18166666667,0,0,-1.076887587,-0.5895676679,1.092297277,0.6766362776,-0.01637072652,0.6497855364,0.345939451,0,1
546,18200000000,0,0,-1.075966366,-0.5906940992,1.095726168,0.6765265379,-0.01748437201,0.6490951748,0.3473925651,0,1
547,18233333333,0,0,-1.076721718,-0.5915728556,1.099722213,0.6747008817,-0.01810714621,0.6505190937,0.3482466944,0,1
548,18266666667,0,0,-1.07491201,-0.5927483608,1.104168649,0.6716887181,-0.01853096325,0.6530692887,0.3492726349,0,1
549,18300000000,0,1,-1.072697049,-0.5946225641,1.111996231,0.6682237874,-0.01834422799,0.6574385558,0.3477283489,0,1
550,18333333333,0,0,-1.072598021,-0.5966283358,1.115039862,0.6650066511,-0.01666046301,0.6613099286,0.3466377956,0,1
551,18366666667,0,0,-1.072651445,-0.5994229799,1.119287087,0.6600996073,-0.01306442815,0.6655268124,0.3480975311,0,1
552,18400000000,0,0,-1.072888318,-0.602989415,1.124624939,0.6568872663,-0.008699047252,0.6672351362,0.3510280886,0,1
553,18433333333,0,0,-1.072407192,-0.604572858,1.127284184,0.6552429033,-0.004012890098,0.6676183193,0.3534493091,0,1
554,18466666667,0,0,-1.073263453,-0.6051496562,1.131082984,0.6522165327,-0.001036969432,0.6702623226,0.3540634661,0,1
555,18500000000,0,0,-1.071454217,-0.6065791295,1.13369558,0.6489513771,-0.0004201881396,0.6732706515,0.3543565483,0,1
556,18533333333,0,0,-1.069972821,-0.6085216849,1.136959357,0.6451894878,0.001098832496,0.6770883972,0.3539500245,0,1
557,18566666667,0,1,-1.070748786,-0.6112903964,1.141600454,0.6401897833,0.002299686675,0.6819230556,0.3537410056,0,1
558,18600000000,0,0,-1.068860449,-0.6136008368,1.144581418,0.6325294557,0.005438166575,0.6865129705,0.3585761499,0,1
559,18633333333,0,0,-1.066635995,-0.6167465895,1.148438176,0.6272188427,0.009309174518,0.6891572148,0.3627288188,0,1
560,18666666667,0,0,-1.065802041,-0.6168818291,1.151651338,0.6239739961,0.01141399928,0.6915069459,0.363791584,0,1
561,18700000000,0,0,-1.06418435,-0.6178270263,1.154708211,0.6194282737,0.01105031827,0.6949759447,0.3649588203,0,1
562,18733333333,0,0,-1.058462564,-0.6199647997,1.156891706,0.6149270073,0.01195172148,0.6977681787,0.367207708,0,1
563,18766666667,0,0,-1.058243975,-0.6216675219,1.161483469,0.6109516227,0.01419728471,0.7010029242,0.3676023015,0,1
564,18800000000,0,0,-1.055364396,-0.6226673725,1.164894188,0.6076634074,0.01341071684,0.703291473,0.3687091537,0,1
565,18833333333,0,1,-1.049455499,-0.6244415211,1.168435373,0.6038287932,0.01420766474,0.7061061442,0.36959849,0,1
566,18866666667,0,0,-1.047359722,-0.625866156,1.172572747,0.5995891401,0.01671456227,0.7095706702,0.3697606665,0,1
567,18900000000,0,0,-1.045987568,-0.6270655118,1.176640663,0.5959467673,0.0174640576,0.7120809619,0.3707872179,0,1
568,18933333333,0,0,-1.042757931,-0.6274805443,1.179634211,0.5903031067,0.01892497965,0.7148235761,0.3744480504,0,1
569,18966666667,0,0,-1.039871897,-0.6286603563,1.183083199,0.5841911967,0.02048490501,0.7170773429,0.3796065051,0,1
570,19000000000,0,0,-1.036174299,-0.6285118735,1.186228646,0.5793607378,0.02080291104,0.7185050771,0.384264009,0,1
571,19033333333,0,1,-1.033995967,-0.6281885981,1.189538748,0.5746013915,0.01985352809,0.7204413756,0.3878186466,0,1
572,19066666667,0,0,-1.028760918,-0.628793732,1.191640184,0.5692490928,0.01943778858,0.7215920188,0.3935512689,0,1
573,19100000000,0,0,-1.023889934,-0.6289674002,1.193469602,0.5654738342,0.01962299786,0.7224816382,0.3973343219,0,1
574,19133333333,0,0,-1.022431674,-0.6290810961,1.196252583,0.5617112956,0.01816595139,0.7240307798,0.399912301,0,1
575,19166666667,0,0,-1.018157476,-0.6287238714,1.19791439,0.5571543973,0.01584487152,0.7252863264,0.4040886814,0,1
576,19200000000,0,0,-1.014469337,-0.6286333963,1.19993647,0.5521565806,0.01366429913,0.7275211623,0.4070004372,0,1
577,19233333333,0,1,-1.011818677,-0.6291763415,1.20184373,0.5477352418,0.01003599991,0.7293957567,0.4097160159,0,1
578,19266666667,0,0,-1.005833507,-0.6292326326,1.202962825,0.5437942301,0.007759849602,0.7303770417,0.4132517356,0,1
579,19300000000,0,0,-1.003198594,-0.6301146242,1.205124568,0.5400621475,0.00673286903,0.7315706595,0.4160431654,0,1
580,19333333333,0,0,-0.9985611642,-0.6297650947,1.20621101,0.5369794388,0.004735784182,0.7322699452,0.4188214202,0,1
581,19366666667,0,0,-0.9946753913,-0.6302001525,1.207451106,0.5331769045,0.003857282611,0.7336702834,0.4212308454,0,1
582,19400000000,0,0,-0.9926136784,-0.6306396653,1.209921195,0.5298373954,0.003166685979,0.7346066454,0.4238105508,0,1
583,19433333333,0,1,-0.9887639673,-0.6298920485,1.211474984,0.5284936845,0.001601211722,0.7341282719,0.4263185921,0,1
584,19466666667,0,0,-0.9841732182,-0.6292859025,1.212077955,0.5262033222,0.001322980667,0.7347852378,0.4280174853,0,1
585,19500000000,0,0,-0.9820940896,-0.6300117888,1.214301273,0.5232451902,0.001422623382,0.7359617192,0.4296193607,0,1
586,19533333333,0,0,-0.9779818702,-0.629431727,1.215822822,0.5214089609,-0.0002138270866,0.7364806153,0.4309628209,0,1
587,19566666667,0,0,-0.9729560172,-0.6283444726,1.216359847,0.5190502722,-0.001217169706,0.7380199321,0.4311750379,0,1
588,19600000000,0,0,-0.9694595996,-0.6296980327,1.218542354,0.5161561364,-0.001047067963,0.7398475672,0.4315174665,0,1
589,19633333333,0,0,-0.9652983315,-0.6292040989,1.219305247,0.5151201539,-0.00052233737,0.7405098802,0.4316202862,0,1
590,19666666667,0,0,-0.9614175076,-0.6288867194,1.22009401,0.5123014824,0.0002099781951,0.7426491595,0.4312996324,0,1
591,19700000000,0,1,-0.9571183815,-0.6298340623,1.221005608,0.5094758359,0.0007792161942,0.7446362323,0.4312199521,0,1
592,19733333333,0,0,-0.9527255172,-0.6306042062,1.221628194,0.5066151785,0.001744308858,0.7468818219,0.4307035668,0,1
593,19766666667,0,0,-0.9497078538,-0.631605125,1.223463917,0.5023067747,0.00302923915,0.7497995366,0.4306731738,0,1
594,19800000000,0,0,-0.9447274168,-0.6328179048,1.22552111,0.4983772219,0.003703244876,0.7520580445,0.4312947117,0,1
595,19833333333,0,0,-0.9399433093,-0.6339117245,1.22679782,0.4948423527,0.005540201254,0.7540953616,0.4317876073,0,1
596,19866666667,0,0,-0.9360334974,-0.6357394695,1.229764683,0.4905850316,0.008352121071,0.7564045862,0.4325605979,0,1
597,19900000000,0,1,-0.9315030664,-0.6348595147,1.230470211,0.4888727635,0.0110029798,0.7575059756,0.4325124882,0,1
598,19933333333,0,0,-0.9281787957,-0.6370596652,1.232213458,0.4853000585,0.01268581479,0.7601121663,0.4319171424,0,1
599,19966666667,0,0,-0.9244843257,-0.6391028736,1.234902564,0.4808193184,0.01418688329,0.7622933458,0.4330362228,0,1
600,20000000000,0,0,-0.9199188323,-0.6402459879,1.237974985,0.4782838735,0.01622921411,0.7630589007,0.434421757,0,1
601,20033333333,0,0,-0.9158952328,-0.6406460993,1.239997601,0.4765140209,0.01719841568,0.7639872508,0.4346976915,0,1
602,20066666667,0,0,-0.9112491515,-0.6422552056,1.242891807,0.4742549691,0.01689546272,0.7656664089,0.434225423,0,1
603,20100000000,0,1,-0.9072721739,-0.6431443168,1.24326385,0.4720628517,0.0190379559,0.7660470945,0.4358509714,0,1
604,20133333333,0,0,-0.9027982261,-0.6444925424,1.246140985,0.4696161886,0.0206034594,0.7667892187,0.4371160338,0,1
605,20166666667,0,0,-0.8983225013,-0.6454933578,1.248630535,0.4673719087,0.02205200725,0.7674361372,0.4383137953,0,1
606,20200000000,0,0,-0.8933530208,-0.6453175432,1.250588905,0.4647047968,0.02356995644,0.7687038599,0.4388488177,0,1
607,20233333333,0,0,-0.8857388578,-0.6465708332,1.256633565,0.4596959386,0.02225591102,0.7725173097,0.4374943709,0,1
608,20266666667,0,0,-0.8808814553,-0.6467501367,1.258833526,0.4568120207,0.01894121255,0.7749329675,0.4363976445,0,1
609,20300000000,0,1,-0.8768187307,-0.6461302169,1.259376538,0.4549796761,0.01631486836,0.7764844768,0.4356594733,0,1
610,20333333333,0,0,-0.8726328435,-0.6461053645,1.261377058,0.4512648663,0.0147841126,0.7789377077,0.4351982284,0,1
611,20366666667,0,0,-0.8679078038,-0.6453891723,1.263301814,0.4461318346,0.01364570717,0.7818879388,0.4352372134,0,1
612,20400000000,0,0,-0.8637479128,-0.644850291,1.265309967,0.4415814609,0.01095233987,0.7849690952,0.4344069282,0,1
613,20433333333,0,0,-0.8591721098,-0.6441534355,1.265562842,0.4374247573,0.00868815112,0.7872562588,0.4345246606,0,1
614,20466666667,0,0,-0.8542703004,-0.6440190594,1.266554683,0.4309882528,0.008766679623,0.7901100581,0.4357732981,0,1
615,20500000000,0,1,-0.8508560765,-0.6431009313,1.267524402,0.4251578523,0.007769194406,0.79299677,0.4362757878,0,1
616,20533333333,0,0,-0.8460256273,-0.6422131136,1.268849131,0.4190813025,0.004014006132,0.7958967633,0.4369245837,0,1
617,20566666667,0,0,-0.8399775394,-0.6393941654,1.267152321,0.4141322635,0.003179163077,0.7983885349,0.4371042308,0,1
618,20600000000,0,0,-0.8361483061,-0.6398227654,1.267640208,0.406689937,0.003097270903,0.8028670276,0.4358878732,0,1
619,20633333333,0,0,-0.8340485001,-0.6397185587,1.26795623,0.3990479161,0.001219754675,0.8060770783,0.4370343426,0,1
620,20666666667,0,0,-0.8270039041,-0.6370250472,1.267280236,0.3926462576,0.0002084190353,0.8087163595,0.4379574441,0,1
621,20700000000,0,1,-0.8236235163,-0.6364075952,1.266849688,0.3880747023,0.001983792467,0.8115378568,0.4368070478,0,1
622,20733333333,0,0,-0.8210879109,-0.6374630038,1.266872731,0.38380041,0.00141555644,0.8134339163,0.4370589266,0,1
623,20766666667,0,0,-0.8160350558,-0.6351928644,1.266743983,0.3793019116,0.0004714469732,0.8154441805,0.437242068,0,1
624,20800000000,0,0,-0.8110852813,-0.633819575,1.265894241,0.3751662512,0.003117712859,0.818027288,0.4359723844,0,1
625,20833333333,0,0,-0.8082569993,-0.63607572,1.266143948,0.3698791909,0.003651324179,0.8200028633,0.4367738043,0,1
626,20866666667,0,0,-0.8036896787,-0.6349118393,1.266566301,0.363296469,0.002741091712,0.8217156472,0.4390803539,0,1
627,20900000000,0,1,-0.7985087112,-0.6330736999,1.265424126,0.3595469591,0.004309227021,0.8231286695,0.4395072335,0,1
628,20933333333,0,0,-0.7957452759,-0.6357457091,1.265142323,0.3559994206,0.002157918606,0.8246034646,0.4396463147,0,1
629,20966666667,0,0,-0.7918407359,-0.6339606408,1.266196349,0.3502855199,0.003263562719,0.8255711725,0.4424043883,0,1
630,21000000000,0,0,-0.7858381983,-0.6329327932,1.264093393,0.347234922,0.006949692984,0.8257872204,0.4443591761,0,1
631,21033333333,0,0,-0.782380602,-0.6347521688,1.264017614,0.3427430018,0.008949053491,0.8269020798,0.4457354593,0,1
632,21066666667,0,0,-0.7776304029,-0.6336897007,1.263991296,0.3384103227,0.01070654324,0.8275067407,0.4478799142,0,1
633,21100000000,0,1,-0.7735677312,-0.6322646269,1.262426814,0.3346320769,0.01287667356,0.8287517963,0.4483592583,0,1
634,21133333333,0,0,-0.7698953484,-0.6321111296,1.263529365,0.3313842441,0.01513159486,0.8300094766,0.4483746048,0,1
635,21166666667,0,0,-0.7651963355,-0.6323958204,1.262384983,0.3293718509,0.01425178784,0.8304625829,0.4490467333,0,1
636,21200000000,0,0,-0.7606547319,-0.6315387857,1.262023402,0.3241172171,0.01436026443,0.8316608778,0.4506461991,0,1
637,21233333333,0,0,-0.7562569973,-0.6307858966,1.262455481,0.3200729612,0.01584607353,0.8327911618,0.4513990277,0,1
638,21266666667,0,0,-0.7515425346,-0.6304492952,1.26184055,0.3174326027,0.01534072186,0.8334102422,0.4521377813,0,1
639,21300000000,0,1,-0.7483154304,-0.6308371977,1.261270673,0.3146121972,0.01116821859,0.834230573,0.4527182206,0,1
640,21333333333,0,0,-0.7449355798,-0.6292104327,1.262350742,0.3112503383,0.009809627122,0.8350903903,0.4534876384,0,1
641,21366666667,0,0,-0.7401198932,-0.627659618,1.261650859,0.3071454376,0.0081976105,0.8355385449,0.4554885501,0,1
642,21400000000,0,0,-0.7375090515,-0.6271175008,1.262571555,0.3016069596,0.007128223455,0.8362860309,0.4578297772,0,1
643,21433333333,0,0,-0.7320690051,-0.6245269548,1.262804258,0.2978911156,0.008240705162,0.8366258429,0.4596195961,0,1
644,21466666667,0,0,-0.7282077476,-0.6246065255,1.261676781,0.2953073013,0.006903897214,0.8374953688,0.4597253976,0,1
645,21500000000,0,1,-0.7264521598,-0.6236691768,1.262463925,0.2933070284,0.00470185263,0.837435924,0.4611398409,0,1
646,21533333333,0,0,-0.7210759472,-0.6205650702,1.261651674,0.2912112316,0.004686405864,0.837244085,0.4628135676,0,1
647,21566666667,0,0,-0.718055571,-0.6205909816,1.261201908,0.2880337062,0.002984785469,0.8376300611,0.4641158863,0,1
648,21600000000,0,0,-0.715406243,-0.6190607163,1.263071179,0.2847249901,0.00101625878,0.8375329344,0.4663359637,0,1
649,21633333333,0,0,-0.7105786677,-0.6161951634,1.262655138,0.2833112366,-0.0001964695573,0.8371691123,0.4678488881,0,1
650,21666666667,0,0,-0.7067865778,-0.6151180719,1.262356137,0.2819982513,-0.003310824864,0.837381295,0.4682505648,0,1
651,21700000000,0,1,-0.7049423319,-0.6147372527,1.264734873,0.2808519683,-0.00650676286,0.8369719446,0.4696358141,0,1
652,21733333333,0,0,-0.6992748566,-0.6108860572,1.265263466,0.2799243538,-0.00649312785,0.8361545178,0.4716416201,0,1
653,21766666667,0,0,-0.6958997478,-0.6111372696,1.265083018,0.2797777469,-0.009185093405,0.8354929355,0.4728547357,0,1
654,21800000000,0,0,-0.6930478103,-0.6089891257,1.266860053,0.2780711332,-0.01049907949,0.8345421473,0.4755056451,0,1
655,21833333333,0,0,-0.6883708121,-0.6056726936,1.267251654,0.2762296277,-0.007888453737,0.8343817682,0.4769088277,0,1
656,21866666667,0,0,-0.6852605662,-0.6054326356,1.269250851,0.2766831604,-0.005237654174,0.8350907902,0.4754391316,0,1
657,21900000000,0,1,-0.6794170553,-0.6045861595,1.269492711,0.2778535989,-0.00598799919,0.8348978196,0.4750864682,0,1
658,21933333333,0,0,-0.6758411369,-0.6037197405,1.270979668,0.2782083511,-0.004006404174,0.8353807864,0.4740495795,0,1
659,21966666667,0,0,-0.6732227867,-0.6042976421,1.273917288,0.282263443,-0.001991601938,0.8353915507,0.4716400527,0,1
660,22000000000,0,0,-0.6680887678,-0.6039319343,1.273933746,0.287281069,-0.003702436702,0.8341967624,0.4707139694,0,1
661,22033333333,0,0,-0.6634492495,-0.602294992,1.273621127,0.2889993573,-0.003631948866,0.8341572419,0.4697317066,0,1
662,22066666667,0,0,-0.6602554086,-0.6031228784,1.275075828,0.2900410798,-0.001972240054,0.8353741631,0.4669285705,0,1
663,22100000000,0,1,-0.6562527143,-0.6041392803,1.277052759,0.2927353094,-0.004682847421,0.8353319666,0.4653005643,0,1
664,22133333333,0,0,-0.6509775367,-0.6027359242,1.27691486,0.294539339,-0.006453711373,0.8343206545,0.4659549044,0,1
665,22166666667,0,0,-0.6467787584,-0.6022098421,1.276969177,0.2951713149,-0.007962024671,0.8349553699,0.4643921095,0,1
666,22200000000,0,0,-0.6444946586,-0.6034502542,1.279231347,0.2967738052,-0.01163889104,0.835336846,0.4626037164,0,1
667,22233333333,0,0,-0.6394442998,-0.6014687089,1.278086501,0.2967228389,-0.01457448725,0.8355616408,0.462147039,0,1
668,22266666667,0,0,-0.6379475514,-0.6020919775,1.280906918,0.2953570319,-0.01496113417,0.8368560044,0.4606651887,0,1
669,22300000000,0,1,-0.6308788271,-0.6006652935,1.282511623,0.2962078005,-0.01827031251,0.8371266513,0.4595063702,0,1
670,22333333333,0,0,-0.6271246052,-0.6000674932,1.283129973,0.2974270451,-0.02125213459,0.8372717514,0.4583246819,0,1
671,22366666667,0,0,-0.6233146894,-0.5987294169,1.284145712,0.299486802,-0.02252278946,0.8375832902,0.4563492208,0,1
672,22400000000,0,0,-0.6193573826,-0.5984109177,1.285205002,0.3030413427,-0.02533093484,0.8379751092,0.4531247121,0,1
673,22433333333,0,0,-0.6159856989,-0.5983596207,1.288302075,0.3070508937,-0.02722443142,0.8380176583,0.4502277018,0,1
674,22466666667,0,0,-0.6118831805,-0.5968268179,1.289654154,0.3118064963,-0.0260293992,0.8368317969,0.4492345968,0,1
675,22500000000,0,1,-0.6056852175,-0.5986967775,1.293235616,0.3153058509,-0.02804115308,0.8359413089,0.448328052,0,1
676,22533333333,0,0,-0.6014963954,-0.5977966625,1.294229059,0.324177993,-0.03043084608,0.8332905047,0.4467768205,0,1
677,22566666667,0,0,-0.5973549683,-0.5957849256,1.294141413,0.3289697029,-0.03095280027,0.8317814861,0.4460497933,0,1
678,22600000000,0,0,-0.5925321075,-0.5958512025,1.295742323,0.3323835056,-0.02989870614,0.8308042281,0.4454117276,0,1
679,22633333333,0,0,-0.58891576,-0.5955076778,1.296350647,0.3396369424,-0.02927622273,0.8289237803,0.4434805708,0,1
680,22666666667,0,0,-0.5855389838,-0.594211896,1.296383505,0.3464264861,-0.02889427903,0.8269029229,0.4420241696,0,1
681,22700000000,0,1,-0.5803216816,-0.5939393663,1.296538369,0.3504088376,-0.02981984902,0.8262745056,0.4399941643,0,1
682,22733333333,0,0,-0.576428529,-0.5936646517,1.29705809,0.3558718105,-0.03223744575,0.8254900161,0.4369007151,0,1
683,22766666667,0,0,-0.5734041797,-0.5928376644,1.297996283,0.36147654,-0.03492644264,0.8240248802,0.4348538277,0,1
684,22800000000,0,0,-0.5690222349,-0.5913816581,1.297104479,0.365949792,-0.03349771397,0.8220849473,0.4348965305,0,1
685,22833333333,0,0,-0.565997012,-0.5907091538,1.297470506,0.3716574137,-0.03419079044,0.8201897457,0.433578756,0,1
686,22866666667,0,0,-0.5618318608,-0.5883307148,1.295219747,0.3762237537,-0.03531212111,0.817864891,0.4339421175,0,1
687,22900000000,0,1,-0.5564366212,-0.5881626086,1.296245397,0.3762908925,-0.03741011823,0.8184114931,0.432675716,0,1
688,22933333333,0,0,-0.5521370541,-0.5882030194,1.296950438,0.3799968456,-0.03787827952,0.8172586624,0.431573762,0,1
689,22966666667,0,0,-0.5498395773,-0.5843338628,1.297318979,0.3856960256,-0.03795610415,0.8160844904,0.4287237043,0,1
690,23000000000,0,0,-0.5454340757,-0.5828602682,1.294063005,0.3877718777,-0.03733109531,0.8138008683,0.4312395006,0,1
691,23033333333,0,0,-0.5410976864,-0.5817452023,1.292925682,0.3919243652,-0.03534998574,0.8125079252,0.4300889931,0,1
692,23066666667,0,0,-0.5374492349,-0.5787731425,1.294492696,0.3947406334,-0.03744416961,0.8127989419,0.4267735308,0,1
693,23100000000,0,1,-0.530771375,-0.5795940575,1.289621151,0.3955364976,-0.03674665895,0.809123588,0.4330353121,0,1
694,23133333333,0,0,-0.5265164042,-0.5782492471,1.2874579,0.4002135679,-0.03565013493,0.8071872934,0.4324428763,0,1
695,23166666667,0,0,-0.5219382049,-0.5768616906,1.287236374,0.4036525487,-0.03606208529,0.8058592495,0.4316885635,0,1
696,23200000000,0,0,-0.5177273231,-0.5753753815,1.286025906,0.4075548645,-0.03435105711,0.8035616635,0.4324438579,0,1
697,23233333333,0,0,-0.513820068,-0.5730122538,1.285945894,0.4121263735,-0.03539514864,0.8018523192,0.4311982073,0,1
698,23266666667,0,0,-0.5100469758,-0.5701951394,1.284201427,0.4179219756,-0.03714425797,0.7995563928,0.4297337561,0,1
699,23300000000,0,1,-0.5044286651,-0.5703556914,1.284260596,0.4197344429,-0.03766146276,0.7980934708,0.4306407128,0,1
700,23333333333,0,0,-0.5000657653,-0.5695334373,1.283856056,0.4261029789,-0.03880364404,0.7944702267,0.4309844399,0,1
701,23366666667,0,0,-0.4958439253,-0.5667186343,1.284003762,0.4328376585,-0.04011592263,0.7917682116,0.4291216299,0,1
702,23400000000,0,0,-0.4920376822,-0.5641433838,1.284420203,0.4387030913,-0.04306311107,0.7893800767,0.427275392,0,1
703,23433333333,0,0,-0.4876853173,-0.5629104138,1.283874107,0.4447679952,-0.04582850676,0.7860421916,0.426871001,0,1
704,23466666667,0,0,-0.4837174566,-0.5610126647,1.285423003,0.4500407946,-0.04865599013,0.7839574501,0.4248606763,0,1
705,23500000000,0,1,-0.4797925626,-0.5591599134,1.28609106,0.4552536087,-0.05108003272,0.7810856548,0.4243114209,0,1
706,23533333333,0,0,-0.4757974493,-0.5580382804,1.287227518,0.4590101779,-0.05321748696,0.7784355835,0.4248712723,0,1
707,23566666667,0,0,-0.4723229175,-0.5564345528,1.287013132,0.4638372319,-0.05342882976,0.7744536935,0.4268745239,0,1
708,23600000000,0,0,-0.4694988204,-0.5538575561,1.28785469,0.467479071,-0.05577413164,0.7715794455,0.427805708,0,1
709,23633333333,0,0,-0.4654305932,-0.5528133077,1.287223451,0.4711634312,-0.05746507439,0.7682221326,0.4295783296,0,1
710,23666666667,0,0,-0.4638570856,-0.5512368009,1.290184057,0.4743496098,-0.05989898505,0.7670339207,0.4278592336,0,1
711,23700000000,0,1,-0.4599950911,-0.5503756871,1.290168082,0.4767539615,-0.06255873893,0.7631323325,0.4317651069,0,1
712,23733333333,0,0,-0.456558528,-0.5490783649,1.289433508,0.4809477784,-0.06320845681,0.7594541776,0.4335011852,0,1
713,23766666667,0,0,-0.4554565511,-0.5469143204,1.290780342,0.485393267,-0.06496948094,0.7578239677,0.4311324354,0,1
714,23800000000,0,0,-0.452740699,-0.5463825769,1.291752662,0.4871304107,-0.06810592434,0.7555166348,0.4327356707,0,1
715,23833333333,0,0,-0.4496186901,-0.5458564496,1.290943894,0.4901349823,-0.06736813361,0.7522557919,0.4351326892,0,1
716,23866666667,0,0,-0.4489450191,-0.5445554403,1.293131481,0.4936195939,-0.06840529224,0.7508949522,0.4333787989,0,1
717,23900000000,0,0,-0.4463581855,-0.5439227498,1.293062209,0.4955287912,-0.06988159792,0.7486810227,0.4347924857,0,1
718,23933333333,0,1,-0.4446064526,-0.5428380588,1.294203427,0.4985492544,-0.07045678282,0.7468676024,0.4343653615,0,1
719,23966666667,0,0,-0.4428920779,-0.5425940397,1.294705239,0.5014889146,-0.07066509574,0.7445855435,0.4348651298,0,1
720,24000000000,0,0,-0.4422160954,-0.5413799552,1.294939999,0.5053877778,-0.07028047963,0.7418704518,0.4350541127,0,1
721,24033333333,0,0,-0.4407018686,-0.5407303354,1.294821907,0.5083866752,-0.0715189403,0.739764996,0.434943422,0,1
722,24066666667,0,0,-0.4390956841,-0.5405018652,1.294604324,0.5121286311,-0.07245351371,0.7377589649,0.4338046372,0,1
723,24100000000,0,0,-0.4393564525,-0.5401110656,1.29724423,0.5142525462,-0.07306023049,0.7378365086,0.4310496585,0,1
724,24133333333,0,1,-0.4367626196,-0.5401815538,1.29904062,0.5158373748,-0.07495473395,0.7360521734,0.431880526,0,1
725,24166666667,0,0,-0.4353337637,-0.5405913454,1.298930852,0.519593675,-0.0720826841,0.7331737943,0.4327616977,0,1
726,24200000000,0,0,-0.4356580535,-0.5391567016,1.299451659,0.5241340397,-0.0710810022,0.7311941855,0.4307970086,0,1
727,24233333333,0,0,-0.4344881767,-0.538527432,1.299923382,0.5267160934,-0.07196576558,0.7298391187,0.4297975644,0,1
728,24266666667,0,0,-0.4323393996,-0.5386587252,1.300290746,0.5294975093,-0.07196160221,0.7279809092,0.4295319677,0,1
729,24300000000,0,0,-0.4323554862,-0.5380253056,1.301721576,0.5342472504,-0.07151592881,0.7261881914,0.4267505805,0,1
730,24333333333,0,0,-0.4312915861,-0.5378688242,1.302709823,0.5364484903,-0.07283353196,0.7242986751,0.426977427,0,1
731,24366666667,0,1,-0.4276413773,-0.539619765,1.305709229,0.5380495385,-0.07532767727,0.7233822359,0.4260828277,0,1
732,24400000000,0,0,-0.4276540903,-0.5386297891,1.306590703,0.5433834213,-0.07272884288,0.7207727475,0.4241834738,0,1
733,24433333333,0,0,-0.4274957137,-0.5376870942,1.307402531,0.546550044,-0.07240708436,0.7184816738,0.4240570102,0,1
734,24466666667,0,0,-0.4242421826,-0.5389187357,1.307752218,0.5487361894,-0.07396422224,0.7159638252,0.4252219296,0,1
735,24500000000,0,0,-0.4244067274,-0.5385891325,1.309591065,0.5524887209,-0.07241677438,0.7141336778,0.423704041,0,1
736,24533333333,0,0,-0.4226271192,-0.5378843745,1.309929664,0.5552884049,-0.07342982593,0.7112549703,0.4247107431,0,1
737,24566666667,0,0,-0.4207539567,-0.5387582773,1.310562667,0.5583766508,-0.07409388673,0.7090848017,0.4241749118,0,1
738,24600000000,0,0,-0.4196075637,-0.538808579,1.311509556,0.5615726942,-0.07394927622,0.7071331297,0.423237936,0,1
739,24633333333,0,0,-0.4182021397,-0.5390237191,1.312596474,0.564719226,-0.07458712656,0.7053026119,0.4219919217,0,1
740,24666666667,0,1,-0.4164843083,-0.5396457354,1.315353208,0.5666870631,-0.07635543113,0.7049699338,0.4195867169,0,1
741,24700000000,0,0,-0.4143812908,-0.5405850724,1.31617741,0.5698504629,-0.07576991273,0.7028403145,0.4189807425,0,1
742,24733333333,0,0,-0.4142704755,-0.5407248214,1.316419384,0.5742532444,-0.07445625051,0.7008075825,0.416603181,0,1
743,24766666667,0,0,-0.4124083746,-0.5412353246,1.317472211,0.5768445425,-0.07503270283,0.6998893545,0.4144579095,0,1
744,24800000000,0,0,-0.4104216918,-0.5429183503,1.319774929,0.5792208413,-0.07384998563,0.6988195815,0.4131592782,0,1
745,24833333333,0,0,-0.4112208755,-0.5433523734,1.320157355,0.5836413515,-0.07130942495,0.6959928952,0.4121548599,0,1
746,24866666667,0,0,-0.4095970983,-0.5438959622,1.320808313,0.5865558092,-0.07173092609,0.6938351393,0.4115820166,0,1
747,24900000000,0,1,-0.4068918309,-0.5458601161,1.324009738,0.5875987635,-0.07277217195,0.694014836,0.409603847,0,1
748,24933333333,0,0,-0.4076412712,-0.5465434158,1.326261393,0.5911580833,-0.07104207655,0.6926186889,0.4071418619,0,1
749,24966666667,0,0,-0.4064680101,-0.5463858717,1.327077577,0.5944427853,-0.07153689516,0.6905991602,0.4057006873,0,1
750,25000000000,0,0,-0.404113963,-0.5477662359,1.327999804,0.5965037023,-0.07076470196,0.6892150946,0.4051644647,0,1
751,25033333333,0,0,-0.403101771,-0.5493409144,1.329337798,0.6007489599,-0.06843879935,0.6873587314,0.4024360724,0,1
752,25066666667,0,0,-0.4038353519,-0.5483440601,1.330090355,0.6054591887,-0.06681687865,0.6854019417,0.3989722469,0,1
753,25100000000,0,1,-0.3999868026,-0.5502740014,1.330278356,0.6070098296,-0.06704862969,0.6844194101,0.3982632536,0,1
754,25133333333,0,0,-0.3996804336,-0.5508661738,1.332596024,0.6098421521,-0.06338093196,0.6853124568,0.3929659572,0,1
755,25166666667,0,0,-0.3996958891,-0.5512486213,1.334637664,0.6124188624,-0.0588588352,0.6846663023,0.3907823294,0,1
756,25200000000,0,0,-0.3983862262,-0.5518032747,1.335534257,0.6151018134,-0.05557059474,0.6830058918,0.3899546383,0,1
757,25233333333,0,0,-0.3963323658,-0.5527114256,1.33649698,0.6188916093,-0.05294903062,0.6811947852,0.3874832134,0,1
758,25266666667,0,0,-0.3968329953,-0.5528346449,1.337536182,0.6225061615,-0.0499901128,0.680132486,0.3839360221,0,1
759,25300000000,0,0,-0.3952057941,-0.5536022518,1.340235403,0.6243779096,-0.04815929092,0.6792949735,0.382611092,0,1
760,25333333333,0,1,-0.3946573806,-0.5568669611,1.341460105,0.6274884945,-0.04627573712,0.6765284065,0.3826565832,0,1
761,25366666667,0,0,-0.3955505677,-0.5549758571,1.342946206,0.6322519575,-0.04606966138,0.6747361049,0.3779765035,0,1
762,25400000000,0,0,-0.3932438644,-0.5557773935,1.344219424,0.6328953273,-0.04732067947,0.6739616517,0.3781268968,0,1
763,25433333333,0,0,-0.3917141858,-0.5576634983,1.346333585,0.6343805484,-0.04602348561,0.6727455186,0.377963789,0,1
764,25466666667,0,0,-0.392063046,-0.5570203727,1.348148636,0.6370522219,-0.0452732576,0.6709567382,0.3767384427,0,1
765,25500000000,0,0,-0.3894337323,-0.5576660516,1.349418409,0.6377122898,-0.0458322968,0.6694604488,0.3782130928,0,1
766,25533333333,0,1,-0.3873887812,-0.5601211872,1.351482696,0.6387472449,-0.0459835972,0.6685174442,0.3781162423,0,1
767,25566666667,0,0,-0.3878941426,-0.5604927988,1.354231665,0.6398324236,-0.04561273923,0.6686736151,0.3760446041,0,1
768,25600000000,0,0,-0.3860297236,-0.5618818211,1.356035268,0.6398241091,-0.04605624449,0.6680466696,0.3771174605,0,1
769,25633333333,0,0,-0.3837735835,-0.5636355314,1.357508014,0.6404812628,-0.04452660917,0.6674397695,0.3772602379,0,1
770,25666666667,0,0,-0.3850311472,-0.5643446672,1.360605428,0.6416876383,-0.04456310519,0.66775495,0.3746390681,0,1
771,25700000000,0,0,-0.3821854791,-0.5654710543,1.362072051,0.6410656258,-0.04541610505,0.6675007062,0.376051922,0,1
772,25733333333,0,0,-0.3810606771,-0.5677216427,1.364750927,0.6405929373,-0.04370452378,0.6682185863,0.3757852102,0,1
773,25766666667,0,0,-0.3801115937,-0.5692455871,1.367118065,0.6402093601,-0.04158444242,0.6680894534,0.3769074045,0,1
774,25800000000,0,1,-0.3787938843,-0.5716384534,1.370013367,0.6392796951,-0.04080182089,0.6688163828,0.3772814982,0,1
775,25833333333,0,0,-0.3775539387,-0.5731262874,1.372159055,0.6383680722,-0.03958179933,0.6693086287,0.3780812678,0,1
776,25866666667,0,0,-0.3763760033,-0.5757244353,1.374331581,0.6372977411,-0.03753293254,0.6701358549,0.378630168,0,1
777,25900000000,0,0,-0.3760349886,-0.5773204479,1.376870405,0.6363744198,-0.03609010079,0.6714964381,0.3779122068,0,1
778,25933333333,0,0,-0.3748331072,-0.5799323525,1.378722819,0.6346185193,-0.03491105854,0.6732172464,0.3779141332,0,1
779,25966666667,0,0,-0.3750249344,-0.5819775071,1.381797779,0.6318892335,-0.03326188529,0.6761304503,0.377435104,0,1
780,26000000000,0,0,-0.3743428746,-0.584913892,1.384430187,0.6284406796,-0.03084301682,0.6781090255,0.37984098,0,1
781,26033333333,0,1,-0.3750353466,-0.5865310611,1.38791723,0.6255129497,-0.02865236635,0.6804834877,0.3805979698,0,1
782,26066666667,0,0,-0.3754780214,-0.5880347932,1.390770031,0.621974892,-0.02809269295,0.6828381587,0.3822173248,0,1
783,26100000000,0,0,-0.3745600887,-0.590972823,1.393374764,0.617750242,-0.02866222848,0.685363545,0.3844995791,0,1
784,26133333333,0,0,-0.3744137303,-0.5943781159,1.396523485,0.614064646,-0.02812730879,0.6878860882,0.38593548,0,1
785,26166666667,0,0,-0.3756205055,-0.5964031043,1.400276604,0.6106972338,-0.02778461912,0.6902806979,0.3870264354,0,1
786,26200000000,0,0,-0.3751710373,-0.5989428362,1.403017713,0.6068356897,-0.02773867484,0.6920105687,0.390003057,0,1
787,26233333333,0,0,-0.3751621827,-0.603098299,1.406983051,0.6026097924,-0.02639522993,0.6939972217,0.3931063293,0,1
788,26266666667,0,0,-0.3763121972,-0.605271306,1.411238695,0.5999575642,-0.02519416611,0.6948542322,0.3957193085,0,1
789,26300000000,0,1,-0.3753817445,-0.6057821384,1.411459331,0.5990449649,-0.02387201537,0.6944242057,0.3979325061,0,1
790,26333333333,0,0,-0.3756616886,-0.6082080852,1.414321741,0.5971045167,-0.02270484156,0.6964019159,0.3974607626,0,1
791,26366666667,0,0,-0.3753621372,-0.6110191467,1.417318627,0.595845525,-0.02329284954,0.698270715,0.3960347992,0,1
792,26400000000,0,0,-0.3756493083,-0.6142927715,1.421513337,0.5943617485,-0.02288477494,0.7001797747,0.3949160444,0,1
793,26433333333,0,0,-0.3746469891,-0.6180392491,1.424057244,0.5936640939,-0.02150988613,0.7006513117,0.3952062853,0,1
794,26466666667,0,0,-0.3767645866,-0.6191190322,1.428995454,0.5931815737,-0.02081923041,0.7027648415,0.3922037198,0,1
795,26500000000,0,0,-0.3765644188,-0.6215757733,1.432515283,0.5901665688,-0.0217961857,0.7043309021,0.3938861861,0,1
796,26533333333,0,1,-0.3754738581,-0.625601126,1.433458505,0.5892183258,-0.02071201326,0.7036414197,0.3965873542,0,1
797,26566666667,0,0,-0.3766745378,-0.6267756663,1.437165557,0.589101204,-0.01953767288,0.7043938403,0.3954837145,0,1
798,26600000000,0,0,-0.3759424966,-0.6268611441,1.439047706,0.5871944194,-0.02147141845,0.706311988,0.3947975021,0,1
799,26633333333,0,0,-0.3739707589,-0.6318515562,1.442166682,0.5826060181,-0.02251038443,0.7091580855,0.3964319866,0,1
800,26666666667,0,0,-0.375410038,-0.63438332,1.447146869,0.578325856,-0.01981747423,0.7112018682,0.3991721114,0,1
801,26700000000,0,0,-0.3737982355,-0.6356545004,1.448775488,0.5729776307,-0.01845500048,0.7112425636,0.4068046995,0,1
802,26733333333,0,1,-0.3689757693,-0.639219414,1.446128631,0.5697930705,-0.01675509911,0.7107276156,0.4122152106,0,1
803,26766666667,0,0,-0.3706601368,-0.6409920767,1.451493396,0.5663717019,-0.01454356123,0.7159479666,0.4079584406,0,1
804,26800000000,0,0,-0.370564142,-0.6426217737,1.45617683,0.5620026009,-0.01613030049,0.7189802979,0.4086076616,0,1
805,26833333333,0,0,-0.3673276499,-0.6461866617,1.457904317,0.557130352,-0.01550379524,0.7200449177,0.4134014027,0,1
806,26866666667,0,0,-0.366847874,-0.6459640327,1.461460589,0.5533508259,-0.01457832444,0.7230000808,0.4133536248,0,1
807,26900000000,0,0,-0.3668298135,-0.6453392394,1.464151384,0.548049444,-0.01703296265,0.7266256388,0.4139648128,0,1
808,26933333333,0,1,-0.3635629663,-0.6531669438,1.464470662,0.5399065218,-0.01663444478,0.7278981564,0.4223606479,0,1
809,26966666667,0,0,-0.3625043319,-0.6568058963,1.468332225,0.5371011697,-0.01223242455,0.7287858749,0.4245513512,0,1
810,27000000000,0,0,-0.3631061801,-0.6553353393,1.472377417,0.5344214503,-0.009889774966,0.7309627452,0.4242515421,0,1
811,27033333333,0,0,-0.3608505605,-0.6579048459,1.475214836,0.5283823609,-0.01073483263,0.733218062,0.4278879733,0,1
812,27066666667,0,0,-0.3583915432,-0.6612300446,1.478858176,0.5238526271,-0.01094539598,0.7350669157,0.4302734627,0,1
813,27100000000,0,0,-0.3570978443,-0.6616557029,1.48233962,0.5207227082,-0.01101397873,0.7366864028,0.4313000086,0,1
814,27133333333,0,0,-0.3540441215,-0.6627974943,1.484451328,0.516409616,-0.0120092998,0.7389361645,0.4326086339,0,1
815,27166666667,0,0,-0.3519510094,-0.6654401386,1.488601582,0.5118183852,-0.01224651115,0.7416036958,0.4334927011,0,1
816,27200000000,0,1,-0.3526393095,-0.6681044608,1.490658643,0.5087392868,-0.01050081311,0.7420434583,0.4364007069,0,1
817,27233333333,0,0,-0.3510460999,-0.6691353815,1.494781923,0.5046001208,-0.01004075929,0.7433121116,0.4390501178,0,1
818,27266666667,0,0,-0.3485453033,-0.6703801622,1.497642409,0.5001186264,-0.01052554857,0.7443064559,0.4424686113,0,1
819,27300000000,0,0,-0.346170361,-0.6724140442,1.501171944,0.4952398673,-0.01085536773,0.7456724773,0.445636838,0,1
820,27333333333,0,0,-0.3432152831,-0.6749803214,1.504360198,0.4909964354,-0.01118445199,0.7465717953,0.448807267,0,1
821,27366666667,0,0,-0.341378567,-0.6756085809,1.507506955,0.4880976177,-0.01168095354,0.7478337596,0.4498543531,0,1
822,27400000000,0,0,-0.33855209,-0.6778423918,1.509832512,0.4834197227,-0.01220764667,0.7493701907,0.4523280473,0,1
823,27433333333,0,0,-0.3358877696,-0.6813511151,1.513147465,0.4790606807,-0.01134381228,0.7508517443,0.454525951,0,1
824,27466666667,0,0,-0.3348135397,-0.682502534,1.51722414,0.4755725655,-0.01012100522,0.7525194572,0.4554588529,0,1
825,27500000000,0,1,-0.3346419853,-0.6828602595,1.516505366,0.4734217363,-0.008801906338,0.7524240745,0.4578781478,0,1
826,27533333333,0,0,-0.3318111051,-0.6872484869,1.518566534,0.4681532196,-0.007480403895,0.7539279546,0.4608353783,0,1
827,27566666667,0,0,-0.3308419898,-0.6898757918,1.522835311,0.46501846,-0.005203774208,0.7551775035,0.4619931718,0,1
828,27600000000,0,0,-0.3294033764,-0.6913116021,1.524989784,0.4610941394,-0.003409014038,0.7557757051,0.4649555429,0,1
829,27633333333,0,0,-0.3261317422,-0.6944488787,1.525967098,0.4567571906,-0.002118098703,0.7565789176,0.4679281183,0,1
830,27666666667,0,0,-0.3248473934,-0.6963414571,1.529546809,0.45364777,-0.001067360723,0.7582912487,0.4681847324,0,1
831,27700000000,0,0,-0.3225157004,-0.6973691478,1.530112941,0.4504389654,-0.0006456573379,0.7595711828,0.4692077789,0,1
832,27733333333,0,0,-0.3209200076,-0.700591053,1.533235508,0.4462848946,-0.0009084319413,0.7621845331,0.4689389141,0,1
833,27766666667,0,0,-0.3192397082,-0.7021329758,1.53576797,0.4444068313,-0.001855548103,0.7633731442,0.4687862711,0,1
834,27800000000,0,0,-0.3168908152,-0.7037007945,1.537149593,0.4418244312,-0.002875920287,0.7650239783,0.4685309102,0,1
835,27833333333,0,0,-0.3157044088,-0.7058062577,1.540946127,0.4389538824,-0.004567585993,0.7673654268,0.467385203,0,1
836,27866666667,0,1,-0.3154987239,-0.7073147683,1.54222113,0.4368956766,-0.004345104761,0.7678049121,0.468592472,0,1
837,27900000000,0,0,-0.313636713,-0.7083323952,1.543981447,0.4337539789,-0.003691572735,0.7688282912,0.4698371172,0,1
838,27933333333,0,0,-0.3123453602,-0.7082623897,1.545828557,0.4303207516,-0.00459561552,0.7709524578,0.4695053129,0,1
839,27966666667,0,0,-0.3097742944,-0.7122158652,1.548321893,0.425790596,-0.006364963344,0.7727012255,0.4707384324,0,1
840,28000000000,0,0,-0.3074939143,-0.7149319207,1.551532828,0.4228271849,-0.005848885551,0.7735283916,0.4720559179,0,1
841,28033333333,0,0,-0.3069135411,-0.7146165352,1.556114633,0.4204275065,-0.006828757955,0.774980651,0.4718040593,0,1
842,28066666667,0,0,-0.3038922584,-0.7154840453,1.55660079,0.4171254869,-0.008316128851,0.7752459581,0.4742687789,0,1
843,28100000000,0,0,-0.3015560197,-0.7161157432,1.558826946,0.4137616777,-0.00850252854,0.7774381088,0.4736232343,0,1
844,28133333333,0,1,-0.3006183794,-0.7151548537,1.56030505,0.4107993181,-0.01082799631,0.780107442,0.4717616492,0,1
845,28166666667,0,0,-0.2981262916,-0.7164622745,1.562312595,0.4042800768,-0.01186675012,0.7834834239,0.4717738063,0,1
846,28200000000,0,0,-0.2969200241,-0.7190733168,1.566727619,0.3960633252,-0.01098448171,0.7860339748,0.4745142507,0,1
847,28233333333,0,0,-0.2944386698,-0.7192907868,1.569148543,0.3886498526,-0.009294460227,0.786483354,0.4799050312,0,1
848,28266666667,0,0,-0.292051687,-0.7179662529,1.570729009,0.381765382,-0.008973558803,0.7879385991,0.4830397834,0,1
849,28300000000,0,0,-0.2903136113,-0.7178931424,1.571766152,0.3746344523,-0.01044776235,0.7903313496,0.4846815751,0,1
850,28333333333,0,1,-0.2869394431,-0.7198690975,1.57447566,0.3673412184,-0.01158561489,0.791664991,0.488049941,0,1
851,28366666667,0,0,-0.2853635106,-0.7191770685,1.576964757,0.3631311321,-0.01076227669,0.792888005,0.4892326295,0,1
852,28400000000,0,0,-0.2834370029,-0.7190537732,1.579898162,0.3575268272,-0.01177858765,0.7941143777,0.4913432484,0,1
853,28433333333,0,0,-0.2801791521,-0.7200971861,1.580887803,0.3532183405,-0.01209765479,0.7944892902,0.4938392638,0,1
854,28466666667,0,0,-0.2788644971,-0.7199778293,1.584214198,0.3499013589,-0.01233793483,0.7957063442,0.4942349929,0,1
855,28500000000,0,0,-0.2753460589,-0.7201494562,1.585620268,0.3470325602,-0.01358314327,0.7954368114,0.4966529769,0,1
856,28533333333,0,0,-0.2724035863,-0.7202473586,1.586726226,0.3453900424,-0.01373273205,0.7962847626,0.4964349983,0,1
857,28566666667,0,0,-0.2701641425,-0.7213139682,1.591266679,0.3431300278,-0.01526612564,0.7978405634,0.49545854,0,1
858,28600000000,0,1,-0.2652886587,-0.7201115314,1.591595407,0.3422478141,-0.01717299359,0.7976538049,0.4963062859,0,1
859,28633333333,0,0,-0.2616181258,-0.720700442,1.593176797,0.3423793703,-0.01749844586,0.7987296378,0.4944705622,0,1
860,28666666667,0,0,-0.259050923,-0.7200851516,1.596156952,0.3433993937,-0.01908334765,0.8002299839,0.4912684145,0,1
861,28700000000,0,0,-0.2552791194,-0.7197037132,1.597985951,0.343501577,-0.02086316676,0.8009290272,0.4899837633,0,1
862,28733333333,0,0,-0.2502100836,-0.7209258276,1.598071344,0.3432323624,-0.02071205563,0.8010619334,0.4899615649,0,1
863,28766666667,0,0,-0.2473546957,-0.7207780366,1.601378428,0.34459175,-0.02036548198,0.8023879148,0.4868422817,0,1
864,28800000000,0,0,-0.2444755477,-0.7202436851,1.603252515,0.3445148196,-0.02023158777,0.8025740156,0.4865954906,0,1
865,28833333333,0,1,-0.2385764698,-0.7204823755,1.602626695,0.3427817565,-0.01855901469,0.801173382,0.4901810302,0,1
866,28866666667,0,0,-0.2355610521,-0.7185554697,1.603861413,0.3444636627,-0.01738083404,0.8011765627,0.4890386561,0,1
867,28900000000,0,0,-0.2325834028,-0.7166081349,1.60494479,0.344963364,-0.01909875521,0.8012209077,0.4885494571,0,1
868,28933333333,0,0,-0.227349234,-0.7170970328,1.603854195,0.3440470433,-0.02000917969,0.8008358214,0.489788987,0,1
869,28966666667,0,0,-0.2225241947,-0.7171116864,1.60352217,0.3456386416,-0.01952638866,0.8006606244,0.4889736334,0,1
870,29000000000,0,0,-0.2206574612,-0.7151883921,1.605287647,0.3469163,-0.01880582249,0.8012823455,0.4870749681,0,1
871,29033333333,0,0,-0.2166287464,-0.7129488614,1.604158754,0.3458589973,-0.01842856542,0.8009675741,0.4883573356,0,1
872,29066666667,0,1,-0.2114881998,-0.711446336,1.603966998,0.3446169861,-0.01898687773,0.8014616479,0.4884033767,0,1
873,29100000000,0,0,-0.2084240519,-0.7093831868,1.603470033,0.3434524929,-0.01934300904,0.8017407866,0.4887514136,0,1
874,29133333333,0,0,-0.2035010803,-0.707738712,1.601958066,0.3409179287,-0.0199679948,0.8009006748,0.4918682285,0,1
875,29166666667,0,0,-0.1983585238,-0.7063428972,1.598274644,0.3393860049,-0.01975091148,0.8002007546,0.4940706361,0,1
876,29200000000,0,0,-0.1947256094,-0.7042044997,1.596249296,0.3381586048,-0.01941689112,0.8010454925,0.4935563405,0,1
877,29233333333,0,0,-0.1902357157,-0.7031083174,1.593502331,0.3352418737,-0.01928551224,0.8012282593,0.495251685,0,1
878,29266666667,0,1,-0.1859018885,-0.7016996061,1.591511704,0.3330733547,-0.01862286843,0.8015322465,0.4962473043,0,1
879,29300000000,0,0,-0.1818852316,-0.6998805648,1.588172484,0.3307000523,-0.01785255052,0.8012209042,0.4983611386,0,1
880,29333333333,0,0,-0.177854799,-0.6985069383,1.584494749,0.3292078716,-0.0180310598,0.8012314639,0.4993247434,0,1
881,29366666667,0,0,-0.1738427974,-0.6975116537,1.582693547,0.3262235369,-0.01750921042,0.8019224309,0.5001920095,0,1
882,29400000000,0,0,-0.1706357245,-0.6957612477,1.579728732,0.3244981928,-0.01673626338,0.8012625357,0.5023934408,0,1
883,29433333333,0,0,-0.1670233874,-0.6948463506,1.57560804,0.3219551563,-0.01696109596,0.8010835054,0.5043038923,0,1
884,29466666667,0,1,-0.1640970052,-0.6941528485,1.572471194,0.3193163991,-0.01731564874,0.8016197193,0.505116849,0,1
885,29500000000,0,0,-0.161688837,-0.6923933731,1.572060862,0.3153782662,-0.01743161238,0.8025029198,0.506183516,0,1
886,29533333333,0,0,-0.1572010083,-0.692549886,1.565712939,0.3126559692,-0.01775506877,0.8004947101,0.511017829,0,1
887,29566666667,0,0,-0.156343365,-0.6904942154,1.565060645,0.3107361824,-0.01720870248,0.8028616512,0.5084880082,0,1
888,29600000000,0,0,-0.1536732456,-0.6895426102,1.563479097,0.306572525,-0.01938549555,0.8031534048,0.5104724261,0,1
889,29633333333,0,0,-0.1485851543,-0.6909520404,1.558563979,0.3026586471,-0.01969899358,0.8022910775,0.5141388139,0,1
890,29666666667,0,1,-0.1487629792,-0.6887410725,1.557566059,0.3017370465,-0.01781768006,0.8037317314,0.5124964282,0,1
891,29700000000,0,0,-0.1471442047,-0.6880493104,1.555493254,0.2986634784,-0.0192349367,0.8041108493,0.513649575,0,1
892,29733333333,0,0,-0.1448973388,-0.6878500226,1.552327533,0.2956782288,-0.02018133831,0.8041383668,0.515294659,0,1
893,29766666667,0,0,-0.1427653914,-0.6882888618,1.548022413,0.2920295835,-0.01972305358,0.8046499963,0.5165927864,0,1
894,29800000000,0,0,-0.1416457251,-0.6875249152,1.54754049,0.2880037171,-0.01811686682,0.807507515,0.5144484924,0,1
895,29833333333,0,0,-0.1401711987,-0.686886064,1.54598182,0.2842566474,-0.01777965908,0.8085958696,0.5148346938,0,1
896,29866666667,0,1,-0.1383133727,-0.6870571638,1.541924622,0.2808410117,-0.01560720192,0.8086564024,0.5166812986,0,1
897,29900000000,0,0,-0.1389746807,-0.6854384406,1.541186788,0.2793623577,-0.01478659073,0.8101977922,0.5150898634,0,1
898,29933333333,0,0,-0.1369290333,-0.6849787528,1.539682856,0.2753302897,-0.0156695881,0.8113823196,0.5153701845,0,1
899,29966666667,0,0,-0.1352078649,-0.684514002,1.538683526,0.2727098529,-0.01556357138,0.8124454721,0.5150917066,0,1
900,30000000000,0,0,-0.1342970188,-0.6837448983,1.538329855,0.2710437979,-0.01481341256,0.8128796662,0.5153081318,0,1
901,30033333333,0,0,-0.1329949329,-0.6832345361,1.535738458,0.2689422618,-0.01445363524,0.8125701728,0.5169050846,0,1
902,30066666667,0,0,-0.1318708464,-0.6828064501,1.534997137,0.2661222933,-0.01356323526,0.8135642136,0.5168251484,0,1
903,30100000000,0,0,-0.1309125454,-0.6822601764,1.53482039,0.2637758891,-0.01301845867,0.8143352157,0.5168277822,0,1
904,30133333333,0,0,-0.1293835052,-0.6818905178,1.534565263,0.2610215195,-0.01203047913,0.8148601869,0.5174223707,0,1
905,30166666667,0,0,-0.1296653265,-0.6807031417,1.534867102,0.2598029913,-0.01129656457,0.8154034165,0.5171963474,0,1
906,30200000000,0,1,-0.1278110611,-0.6822000679,1.531847672,0.2569691414,-0.014590398,0.8141311078,0.5205233135,0,1
907,30233333333,0,0,-0.1251702836,-0.6818481903,1.530715909,0.2528226223,-0.01679989811,0.8155732143,0.5202295812,0,1
908,30266666667,0,0,-0.1240038699,-0.6810733333,1.531205322,0.2496609476,-0.01753381298,0.8171756654,0.5192166297,0,1
909,30300000000,0,0,-0.1219722507,-0.6808854775,1.529283702,0.2448300318,-0.01780775363,0.8178047012,0.5205157156,0,1
910,30333333333,0,0,-0.1197650697,-0.680880642,1.5271574,0.2408169601,-0.01659081644,0.8187544618,0.5209348019,0,1
911,30366666667,0,0,-0.1205325325,-0.6794988628,1.529053116,0.2378655463,-0.01459125788,0.8211277496,0.5186099651,0,1
912,30400000000,0,0,-0.117479833,-0.679114521,1.527051118,0.2328520115,-0.01528260029,0.8208858192,0.5212416471,0,1
913,30433333333,0,0,-0.1169360084,-0.678599897,1.525602702,0.22924913,-0.01381952393,0.8222257093,0.520767453,0,1
914,30466666667,0,0,-0.1163583866,-0.6776234092,1.526504729,0.2245872635,-0.01424428582,0.8239250152,0.5201011735,0,1
915,30500000000,0,0,-0.1141657627,-0.676444514,1.52571319,0.2191230375,-0.01407873684,0.8241118415,0.5221365304,0,1
916,30533333333,0,0,-0.1121686172,-0.6758704972,1.523547991,0.2151999321,-0.01313630825,0.8240901613,0.5238242383,0,1
917,30566666667,0,0,-0.1124819145,-0.674813748,1.523672494,0.2135411551,-0.01349104497,0.8251397975,0.5228407801,0,1
918,30600000000,0,0,-0.1109501912,-0.6732473751,1.52333789,0.2087975401,-0.01466709072,0.8256740727,0.5238805106,0,1
919,30633333333,0,0,-0.1089723491,-0.6723392204,1.521575638,0.2051816542,-0.01368678527,0.8255573027,0.5255171744,0,1
920,30666666667,0,0,-0.1097379445,-0.6707480351,1.521815443,0.2037988031,-0.01288194606,0.8258994646,0.5255379888,0,1
921,30700000000,0,1,-0.1094339523,-0.6705114849,1.518731939,0.2003655856,-0.01453561174,0.8246931508,0.5286998724,0,1
922,30733333333,0,0,-0.1077285161,-0.6687139859,1.517386071,0.1958818407,-0.01636072849,0.8248116226,0.5301399987,0,1
923,30766666667,0,0,-0.1068502009,-0.6670153187,1.516048469,0.1921877108,-0.01627454602,0.8248570414,0.5314225101,0,1
924,30800000000,0,0,-0.1058261593,-0.6653043238,1.513982954,0.1873065061,-0.01561988441,0.8244210427,0.5338560072,0,1
925,30833333333,0,0,-0.1043960196,-0.6639036198,1.510908688,0.1825259743,-0.01367588099,0.8239706706,0.536255138,0,1
926,30866666667,0,0,-0.1044391611,-0.6618630814,1.510642054,0.1800408293,-0.01269454331,0.8248684265,0.5357389544,0,1
927,30900000000,0,0,-0.1031291218,-0.6608082848,1.50783686,0.1765942402,-0.01238492828,0.8238194425,0.5385003379,0,1
928,30933333333,0,0,-0.1029498636,-0.659485898,1.504741459,0.1749418423,-0.01107697527,0.8236507428,0.5393256033,0,1
929,30966666667,0,0,-0.103524827,-0.6573765302,1.504671671,0.1738770867,-0.01221828011,0.8248240283,0.53785016,0,1
930,31000000000,0,0,-0.1018418872,-0.6553509028,1.5028372,0.1719588727,-0.01512530607,0.824483578,0.5389139086,0,1
931,31033333333,0,0,-0.1010450855,-0.653450559,1.500384397,0.1708041876,-0.0165346785,0.8239779984,0.5400118444,0,1
932,31066666667,0,1,-0.1011101724,-0.6512630872,1.495787144,0.1703032631,-0.01764007361,0.8226839944,0.5421039308,0,1
933,31100000000,0,0,-0.09975913823,-0.6488849114,1.492409776,0.1691273691,-0.01909405865,0.8223167984,0.5429792196,0,1
934,31133333333,0,0,-0.09780296396,-0.6466381532,1.490242635,0.1683798802,-0.01959028515,0.822182871,0.5433965065,0,1
935,31166666667,0,0,-0.09693517893,-0.6440523008,1.487760963,0.1701349353,-0.01916247083,0.8211167076,0.5444761299,0,1
936,31200000000,0,0,-0.09549435108,-0.641548009,1.484805855,0.1714108085,-0.02048502717,0.8197178297,0.5461331139,0,1
937,31233333333,0,0,-0.09374635673,-0.6391243616,1.481524997,0.1736121439,-0.02218712469,0.8183473,0.5474251104,0,1
938,31266666667,0,0,-0.09356288993,-0.6361114326,1.47955109,0.1770245668,-0.02435653914,0.8175802277,0.5473861827,0,1
939,31300000000,0,1,-0.09196198171,-0.6338341461,1.474933451,0.1791791588,-0.0278392474,0.815477253,0.5496513943,0,1
940,31333333333,0,0,-0.09025535026,-0.6311043121,1.472013368,0.1816173093,-0.03199724484,0.815103867,0.5491784914,0,1
941,31366666667,0,0,-0.0891447169,-0.6278655466,1.470947411,0.1840580214,-0.03465018713,0.8148639848,0.548560567,0,1
942,31400000000,0,0,-0.08707807026,-0.6253587351,1.466678966,0.1861804782,-0.0380681351,0.8123934954,0.551275299,0,1
943,31433333333,0,0,-0.08502307315,-0.62319609,1.461961944,0.1877727986,-0.04053236909,0.8110533833,0.5525313681,0,1
944,31466666667,0,0,-0.08371874157,-0.6203106056,1.46004009,0.1896522313,-0.04304900367,0.811250022,0.5514093002,0,1
945,31500000000,0,1,-0.08096909302,-0.6185099352,1.456919798,0.190686704,-0.04620860774,0.8096418914,0.5531576206,0,1
946,31533333333,0,0,-0.07870453324,-0.6166858047,1.451729822,0.1940109947,-0.04761901299,0.8075610702,0.5549209686,0,1
947,31566666667,0,0,-0.07810247055,-0.6142629124,1.451098183,0.1982790514,-0.05075272291,0.8086466853,0.5515433956,0,1
948,31600000000,0,0,-0.07551010118,-0.6122739589,1.448622397,0.2006357099,-0.05497617278,0.8077185651,0.5516463105,0,1
949,31633333333,0,0,-0.07284827062,-0.6103503574,1.446694261,0.2038240934,-0.05617927768,0.8070867238,0.5512809157,0,1
950,31666666667,0,0,-0.07185490371,-0.6084382653,1.445079991,0.2094297268,-0.05768765179,0.8058323167,0.5508589671,0,1
951,31700000000,0,0,-0.07020361648,-0.6066573405,1.442956333,0.2144352266,-0.06179727397,0.8045394012,0.5503771274,0,1
952,31733333333,0,1,-0.06622801197,-0.6056856121,1.441710432,0.2171893863,-0.06592983155,0.8037719435,0.5499388063,0,1
953,31766666667,0,0,-0.06397258839,-0.6038049133,1.441478182,0.2231314012,-0.06665082631,0.8030377364,0.5485439262,0,1
954,31800000000,0,0,-0.06328868473,-0.6028365474,1.43844811,0.2322655634,-0.06933214503,0.799795918,0.5491559444,0,1
955,31833333333,0,0,-0.06152843895,-0.6014801859,1.434838661,0.2395650822,-0.07348881882,0.7984503834,0.5474348821,0,1
956,31866666667,0,0,-0.06045319264,-0.5999133828,1.436402743,0.2453208425,-0.07715212179,0.8005596666,0.5412665282,0,1
957,31900000000,0,0,-0.05901140197,-0.5984542167,1.435205503,0.2519593435,-0.07987003916,0.799128125,0.5399365758,0,1
958,31933333333,0,1,-0.05861242991,-0.5975638787,1.43272104,0.2588934673,-0.08264268043,0.7977868917,0.5382196906,0,1
959,31966666667,0,0,-0.05734896026,-0.5959015262,1.434287316,0.2634228525,-0.086814372,0.7989645661,0.5335984329,0,1
960,32000000000,0,0,-0.05571495622,-0.5944136011,1.434493283,0.268605379,-0.08896049328,0.7977239166,0.5325164166,0,1
961,32033333333,0,0,-0.05436764005,-0.5932573852,1.432542554,0.2747496605,-0.09001810884,0.7956422559,0.5323182927,0,1
962,32066666667,0,0,-0.05329535265,-0.5919092062,1.433195285,0.2809091962,-0.09100920371,0.7956565429,0.5289026508,0,1
963,32100000000,0,0,-0.0524110239,-0.5907959486,1.434808316,0.2867539709,-0.09148798811,0.7951146543,0.5264929199,0,1
964,32133333333,0,1,-0.04973861345,-0.5911478438,1.435235779,0.2920436336,-0.09195414122,0.7926529809,0.5272155193,0,1
965,32166666667,0,0,-0.04982225237,-0.5902340243,1.435119706,0.3001823129,-0.08878051227,0.7897493351,0.5275458154,0,1
966,32200000000,0,0,-0.04975275783,-0.5893566485,1.435044183,0.3066823898,-0.08776081905,0.7875304995,0.5272946641,0,1
967,32233333333,0,0,-0.04769346908,-0.5886431717,1.437357468,0.3108522288,-0.08800685918,0.786155462,0.5268636201,0,1
968,32266666667,0,0,-0.04758104261,-0.5874563577,1.436717885,0.3194187302,-0.08598925029,0.7819663523,0.5283049758,0,1
969,32300000000,0,0,-0.0475496348,-0.5868241541,1.436215113,0.3267258153,-0.08775458849,0.7793196052,0.527456469,0,1
970,32333333333,0,1,-0.04522320389,-0.5868723644,1.438380931,0.3318593845,-0.09320901353,0.7779250441,0.5253703974,0,1
971,32366666667,0,0,-0.04429987973,-0.585804195,1.441603549,0.3375910964,-0.09410113916,0.7762794429,0.5239918452,0,1
972,32400000000,0,0,-0.04269380126,-0.5846310586,1.443745448,0.3447282903,-0.09389369024,0.7720384521,0.5256453265,0,1
973,32433333333,0,0,-0.04145464911,-0.58565814,1.44115027,0.3542214616,-0.09530231665,0.7647642367,0.529698298,0,1
974,32466666667,0,0,-0.04005844295,-0.5853807077,1.441684763,0.3613276861,-0.09885638705,0.762677395,0.5272503288,0,1
975,32500000000,0,0,-0.03806908076,-0.5848697986,1.444168005,0.3680618976,-0.1030778943,0.761629426,0.5232838662,0,1
976,32533333333,0,1,-0.03514108267,-0.5863290449,1.446002035,0.3755376833,-0.1068139994,0.7583818591,0.5219379022,0,1
977,32566666667,0,0,-0.03544825692,-0.5861478918,1.447200772,0.3847848003,-0.1057513197,0.7556898006,0.5193170911,0,1
978,32600000000,0,0,-0.03333450409,-0.586092834,1.448327567,0.3909447696,-0.1069455782,0.7526626775,0.518867733,0,1
979,32633333333,0,0,-0.02997027762,-0.5884701627,1.447159851,0.3984905558,-0.1080781548,0.7484103918,0.5190436155,0,1
980,32666666667,0,0,-0.02973186612,-0.5883977261,1.447979013,0.4073367563,-0.1072355413,0.747680743,0.5133720018,0,1
981,32700000000,0,0,-0.02767110782,-0.5889941305,1.449127135,0.4140100906,-0.1089489613,0.7468464863,0.5088674627,0,1
982,32733333333,0,1,-0.026990844,-0.5887477579,1.451949338,0.4205228532,-0.108162751,0.7474998064,0.5026981088,0,1
983,32766666667,0,0,-0.02681537602,-0.5877595614,1.454334137,0.4269505371,-0.1065566872,0.7467883961,0.4986642185,0,1
984,32800000000,0,0,-0.02583196105,-0.5878050743,1.454650351,0.4336212827,-0.1064300637,0.7435095212,0.4978341255,0,1
985,32833333333,0,0,-0.02372143147,-0.5875832189,1.454061966,0.4392549964,-0.106652434,0.7412657852,0.4961908324,0,1
986,32866666667,0,0,-0.02374818699,-0.5867223561,1.456468503,0.4455613114,-0.1072564531,0.7411400649,0.4905941045,0,1
987,32900000000,0,0,-0.02206459525,-0.5862531254,1.458530668,0.4507057815,-0.10910023,0.7390051887,0.4887051969,0,1
988,32933333333,0,1,-0.01946354274,-0.5871633112,1.459140232,0.4558108729,-0.1098194133,0.7357577911,0.4887091339,0,1
989,32966666667,0,0,-0.01736781919,-0.5868697723,1.46050107,0.46094757,-0.110089803,0.7334924109,0.4872334719,0,1
990,33000000000,0,0,-0.01498096696,-0.5866840212,1.462154239,0.4675216122,-0.1105148616,0.7303133859,0.4856463382,0,1
991,33033333333,0,0,-0.01397124898,-0.5859399909,1.461690922,0.4767211375,-0.1113734409,0.7253988462,0.4838692258,0,1
992,33066666667,0,0,-0.01197151232,-0.5856812819,1.462400851,0.4832247104,-0.1156023057,0.7222249183,0.481166451,0,1
993,33100000000,0,0,-0.008605378948,-0.5857137686,1.465498645,0.4882214994,-0.1199218581,0.7202649652,0.4779925683,0,1
994,33133333333,0,1,-0.005730389334,-0.5855820672,1.468030151,0.4945541227,-0.1220485061,0.7162275331,0.4770099608,0,1
995,33166666667,0,0,-0.002118387872,-0.5853450588,1.467742335,0.5017366009,-0.1247009234,0.7108788178,0.4768242542,0,1
996,33200000000,0,0,0.002094054928,-0.5862267041,1.470221893,0.5079807294,-0.1264197398,0.7086045558,0.4731312836,0,1
997,33233333333,0,0,0.003729343473,-0.5859126651,1.4733058,0.5162077446,-0.1273317103,0.705158692,0.4691134394,0,1
998,33266666667,0,0,0.007879371789,-0.5860278566,1.475019832,0.5219424822,-0.1272552781,0.7013247788,0.4685356913,0,1
999,33300000000,0,0,0.01137211144,-0.5863766614,1.477737959,0.5288892679,-0.126823044,0.6978346918,0.4660673779,0,1
1000,33333333333,0,1,0.01455717082,-0.5850831046,1.482137015,0.5377653473,-0.1285803699,0.6942316517,0.4607797017,0,1
1001,33366666667,0,0,0.01806364312,-0.5846648469,1.483033487,0.5464764212,-0.1294632731,0.6894735427,0.4574155834,0,1
1002,33400000000,0,0,0.02142640984,-0.5852237892,1.487712125,0.5539709108,-0.1307794365,0.6869545544,0.4517813733,0,1
1003,33433333333,0,0,0.02427693748,-0.584594561,1.488912053,0.5649185117,-0.1307134943,0.6812749418,0.4468170892,0,1
1004,33466666667,0,0,0.02611759094,-0.5853131323,1.49313069,0.5739336562,-0.1319623322,0.6780831765,0.4397605108,0,1
1005,33500000000,0,1,0.03126803375,-0.5858948782,1.495056954,0.5819349903,-0.134099472,0.6729535375,0.4364659609,0,1
1006,33533333333,0,0,0.03304513371,-0.585668338,1.497431264,0.5903271318,-0.1323118004,0.6710976389,0.4285270399,0,1
1007,33566666667,0,0,0.03397040548,-0.5851768527,1.501268745,0.5981362086,-0.1295722681,0.6681928139,0.4230395569,0,1
1008,33600000000,0,0,0.03681365127,-0.58583261,1.501873672,0.6058779673,-0.1272462726,0.6622902259,0.4220093975,0,1
1009,33633333333,0,0,0.04047369059,-0.5867462313,1.504139622,0.6122606383,-0.1258263788,0.6590384591,0.4182976723,0,1
1010,33666666667,0,0,0.04274239497,-0.5878608883,1.503855888,0.6206824528,-0.1231761372,0.6545045796,0.4137688816,0,1
1011,33700000000,0,1,0.04625257097,-0.5906810984,1.509086579,0.6230617977,-0.1241823902,0.6552302559,0.4087126642,0,1
1012,33733333333,0,0,0.0479907764,-0.5915765569,1.513233231,0.6275797394,-0.1193770901,0.6538230418,0.4054728241,0,1
1013,33766666667,0,0,0.04977984644,-0.5916611363,1.513424382,0.6344349228,-0.1131510158,0.6482121524,0.4055985477,0,1
1014,33800000000,0,0,0.05249071061,-0.592120515,1.515734633,0.6394668572,-0.1103619094,0.6449100561,0.4037244197,0,1
1015,33833333333,0,0,0.0558021902,-0.5933396046,1.518224046,0.645569899,-0.1087183106,0.6407721229,0.4010373062,0,1
1016,33866666667,0,0,0.05617879845,-0.5935365171,1.517979126,0.6532355232,-0.1048059549,0.6352770059,0.3983995342,0,1
1017,33900000000,0,1,0.05851465652,-0.5952422163,1.522620462,0.6550262189,-0.1057237442,0.6329544272,0.3989133183,0,1
1018,33933333333,0,0,0.06074784677,-0.5950669591,1.525184804,0.6597504886,-0.1032941985,0.6282258242,0.3992391705,0,1
1019,33966666667,0,0,0.06010026939,-0.5928031711,1.523910064,0.6667939355,-0.1018665205,0.62139024,0.398601592,0,1
1020,34000000000,0,0,0.06224936799,-0.5914152582,1.52587502,0.6701774112,-0.1087237338,0.6164666679,0.3987608739,0,1
1021,34033333333,0,0,0.06517694478,-0.5904174098,1.527116486,0.6745411504,-0.116030234,0.6113309757,0.3972476046,0,1
1022,34066666667,0,0,0.06730637088,-0.5896242229,1.528246582,0.6792773045,-0.1228346143,0.6067627496,0.394123035,0,1
1023,34100000000,0,1,0.0686048165,-0.589523318,1.53045461,0.6826165295,-0.1296852015,0.6026360603,0.3924871985,0,1
1024,34133333333,0,0,0.07121654612,-0.5889780869,1.531965279,0.685511199,-0.132279694,0.597872056,0.3938597253,0,1
1025,34166666667,0,0,0.07361161131,-0.5875674927,1.532278766,0.690919018,-0.1330218072,0.5918391017,0.3932716454,0,1
1026,34200000000,0,0,0.07581608802,-0.586729849,1.53266882,0.6958659762,-0.1356129819,0.5868617572,0.391117553,0,1
1027,34233333333,0,0,0.07793076535,-0.5868013738,1.534438909,0.7003457334,-0.1370060877,0.5824204264,0.3892706418,0,1
1028,34266666667,0,0,0.07911261166,-0.5858503905,1.534874244,0.7077105633,-0.1344263158,0.5754730151,0.3871771339,0,1
1029,34300000000,0,1,0.08024656167,-0.585369978,1.537118416,0.7139516886,-0.1360258765,0.5694412758,0.3840658546,0,1
1030,34333333333,0,0,0.08184802406,-0.5846350813,1.538130431,0.7198984751,-0.134049824,0.5626862702,0.3836156821,0,1
1031,34366666667,0,0,0.08354706448,-0.5840163412,1.538550431,0.7269781846,-0.1320602447,0.5549129088,0.3822753909,0,1
1032,34400000000,0,0,0.08470219583,-0.5837950126,1.538636817,0.733456013,-0.1313902425,0.5475621799,0.3807289591,0,1
1033,34433333333,0,0,0.08680069584,-0.5834390379,1.539407384,0.740517329,-0.13163415,0.5400359328,0.3777138166,0,1
1034,34466666667,0,0,0.08787975253,-0.5832306466,1.540019467,0.7479717034,-0.1311110187,0.5335969816,0.372320417,0,1
1035,34500000000,0,1,0.08587880306,-0.5829565832,1.538723425,0.7559174032,-0.1289882823,0.5241974761,0.3703618617,0,1
1036,34533333333,0,0,0.08791092077,-0.5825793588,1.540204906,0.7622940094,-0.1296086662,0.515674909,0.3690377013,0,1
1037,34566666667,0,0,0.08921170576,-0.5824559419,1.540916806,0.7707923732,-0.1306073728,0.5080932135,0.3614721539,0,1
1038,34600000000,0,0,0.08934442675,-0.5828322885,1.540914134,0.7782082605,-0.1317011186,0.5004365933,0.3558228981,0,1
1039,34633333333,0,0,0.09056798156,-0.5821491465,1.542202845,0.784360826,-0.1320422758,0.4936879142,0.3515894985,0,1
1040,34666666667,0,0,0.09070818569,-0.5816198451,1.543539793,0.7905226129,-0.1285510519,0.4893231854,0.3451252609,0,1
1041,34700000000,0,1,0.08930875446,-0.5826949905,1.54371963,0.7975792605,-0.1279698525,0.4819115141,0.3394883395,0,1
1042,34733333333,0,0,0.09026192212,-0.5826103044,1.544497148,0.8033010621,-0.1247831809,0.4752887456,0.3365073101,0,1
1043,34766666667,0,0,0.09055252051,-0.582982953,1.544511564,0.8091832616,-0.1227654169,0.4704344007,0.3299129828,0,1
1044,34800000000,0,0,0.08982010454,-0.5833835601,1.544306121,0.8141410085,-0.1195444701,0.4654012871,0.3260140793,0,1
1045,34833333333,0,0,0.09042944513,-0.5834987324,1.544662261,0.8195342398,-0.1182342126,0.4601960361,0.3203184497,0,1
1046,34866666667,0,0,0.09094053857,-0.5839121566,1.545502743,0.8236571165,-0.1192030422,0.4575176185,0.3131408914,0,1
1047,34900000000,0,1,0.0916318342,-0.5867788384,1.546635203,0.8284786399,-0.1219689392,0.4531337317,0.3056411986,0,1
1048,34933333333,0,0,0.0904615817,-0.5874654772,1.545794152,0.8331163916,-0.1179907295,0.4490813649,0.3005348457,0,1
1049,34966666667,0,0,0.09039438861,-0.5876365432,1.545747962,0.8370781711,-0.115226944,0.4442443063,0.2977748867,0,1
1050,35000000000,0,0,0.09080019962,-0.5879619244,1.54688127,0.8406937644,-0.1127686529,0.441696594,0.292269301,0,1
1051,35033333333,0,0,0.09020649326,-0.5889355225,1.545371911,0.8448473305,-0.1108956671,0.4375868085,0.2871461724,0,1
1052,35066666667,0,0,0.09035567874,-0.5897806002,1.544855693,0.8473806721,-0.1125554966,0.4334194107,0.2853504357,0,1
1053,35100000000,0,1,0.08991887366,-0.5920570355,1.545519808,0.848401532,-0.1170807762,0.4313009033,0.2837013626,0,1
1054,35133333333,0,0,0.08920456109,-0.59232029,1.544782327,0.8500509296,-0.118101224,0.4295848821,0.2809312141,0,1
1055,35166666667,0,0,0.08867826221,-0.5924004814,1.544976471,0.8505507352,-0.1193603814,0.4281624143,0.2810578112,0,1
1056,35200000000,0,0,0.08893048278,-0.5918555836,1.54610083,0.8511805791,-0.1180718773,0.4280129653,0.2799206227,0,1
1057,35233333333,0,0,0.08862533299,-0.5934295083,1.544801225,0.8518152367,-0.1212755216,0.4273696242,0.2775936865,0,1
1058,35266666667,0,0,0.08790397495,-0.5931895899,1.545060073,0.8490250797,-0.1224829082,0.4301522952,0.281288738,0,1
1059,35300000000,0,1,0.08789632404,-0.5942415988,1.548435898,0.8451993141,-0.1207832125,0.4359009696,0.2846750424,0,1
1060,35333333333,0,0,0.08730340302,-0.5961099818,1.547009507,0.8443052321,-0.1204852485,0.4353542264,0.2882684121,0,1
1061,35366666667,0,0,0.08624151737,-0.5958334423,1.54775408,0.8417169337,-0.1166390232,0.4376480779,0.2938913093,0,1
1062,35400000000,0,0,0.08539516685,-0.5959684765,1.547850515,0.840039455,-0.1123688133,0.4395573795,0.2974832332,0,1
1063,35433333333,0,0,0.08446170262,-0.5960311688,1.547454767,0.8400973576,-0.1074253661,0.4399629699,0.2985444784,0,1
1064,35466666667,0,0,0.08346024627,-0.5970800068,1.548169464,0.8386844481,-0.1062583409,0.4428734774,0.2986312852,0,1
1065,35500000000,0,1,0.08017142733,-0.5971616815,1.550267459,0.8369644884,-0.1010547996,0.4473669034,0.2985652799,0,1
1066,35533333333,0,0,0.07903090805,-0.5987821837,1.549959491,0.8378949914,-0.09832731595,0.4456510774,0.2994308594,0,1
1067,35566666667,0,0,0.07763684207,-0.6000649926,1.550650646,0.836099749,-0.09679535553,0.446845616,0.303144956,0,1
1068,35600000000,0,0,0.07666378394,-0.5995313788,1.55192857,0.8354921357,-0.08999792598,0.4464728626,0.3074333219,0,1
1069,35633333333,0,0,0.07567615835,-0.6025930696,1.551226404,0.8367769903,-0.09051400961,0.4422580953,0.3098697464,0,1
1070,35666666667,0,0,0.07273732768,-0.6022843388,1.555342944,0.8363003621,-0.08597321489,0.4454874323,0.3078169234,0,1
1071,35700000000,0,1,0.06668308897,-0.6064203211,1.557926652,0.8350085401,-0.0878955286,0.4498696653,0.3043885646,0,1
1072,35733333333,0,0,0.06429164979,-0.6068320957,1.559248652,0.8347024344,-0.08665557446,0.4493016124,0.3064159239,0,1
1073,35766666667,0,0,0.06245361181,-0.6080068361,1.560919532,0.8352020909,-0.08594587002,0.4485700574,0.3063260981,0,1
1074,35800000000,0,0,0.05940569375,-0.6100214986,1.561550955,0.8350009353,-0.0867948962,0.4484465757,0.3068155029,0,1
1075,35833333333,0,0,0.05652200096,-0.6109867187,1.563607925,0.8339331767,-0.08566385168,0.4487024888,0.3096501863,0,1
1076,35866666667,0,0,0.05409298354,-0.6125914919,1.564916552,0.8342230178,-0.08630339644,0.4479911441,0.3097218351,0,1
1077,35900000000,0,1,0.04986504337,-0.6145580561,1.567814301,0.8324166767,-0.08858170667,0.4522631094,0.3077236381,0,1
1078,35933333333,0,0,0.04722883528,-0.6148421444,1.569388726,0.8313666235,-0.08780112281,0.4536596511,0.3087287178,0,1
1079,35966666667,0,0,0.04417162415,-0.6166935777,1.570454469,0.8302809239,-0.08783119067,0.4547361053,0.3100553883,0,1
1080,36000000000,0,0,0.04152276129,-0.618130051,1.57183957,0.8282123004,-0.08916872448,0.4575846896,0.3110137873,0,1
1081,36033333333,0,0,0.0394246044,-0.6193388322,1.572614626,0.8262356602,-0.08941568125,0.4606204449,0.3117182631,0,1
1082,36066666667,0,0,0.03608683932,-0.6211823257,1.572135259,0.8235753847,-0.08836397962,0.4638035214,0.3143273553,0,1
1083,36100000000,0,1,0.03281831903,-0.6230141547,1.574711737,0.8194152196,-0.08790074155,0.4697057875,0.3165574683,0,1
1084,36133333333,0,0,0.03098590687,-0.6248534008,1.575787321,0.8161216867,-0.08697458339,0.4744748247,0.3182050519,0,1
1085,36166666667,0,0,0.026623412,-0.6268147342,1.575639549,0.8130544909,-0.08415504884,0.4797495274,0.318905493,0,1
1086,36200000000,0,0,0.02391738906,-0.6279164125,1.57653531,0.8094865574,-0.08112208492,0.4843480937,0.3218037364,0,1
1087,36233333333,0,0,0.02277779337,-0.627920061,1.580398385,0.8065783096,-0.07532557054,0.4909156212,0.3205609797,0,1
1088,36266666667,0,0,0.01715800621,-0.6323360348,1.576931286,0.8055350186,-0.07061451509,0.4941074062,0.3193505836,0,1
1089,36300000000,0,1,0.01289208137,-0.6337864382,1.576982764,0.8018542037,-0.06890047584,0.4989434285,0.3214623083,0,1
1090,36333333333,0,0,0.009853100679,-0.6354900981,1.577264268,0.7980287437,-0.06300325346,0.5034904363,0.3250816742,0,1
1091,36366666667,0,0,0.003899642731,-0.6372338379,1.575247364,0.7961375876,-0.0605200172,0.5054112153,0.3272029533,0,1
1092,36400000000,0,0,0.002995603007,-0.6383368957,1.576987207,0.7928402035,-0.06041280079,0.5096143662,0.3287064085,0,1
1093,36433333333,0,0,-0.000618251832,-0.6394428915,1.576576963,0.7911912801,-0.05862288204,0.5130476371,0.3276611634,0,1
1094,36466666667,0,0,-0.004312589269,-0.6411708162,1.576013856,0.7884893365,-0.05755950804,0.5171718651,0.3278791412,0,1
1095,36500000000,0,1,-0.005523879951,-0.641720291,1.577492525,0.7856661595,-0.05729251013,0.5209599443,0.3287050207,0,1
1096,36533333333,0,0,-0.008455044045,-0.6429734152,1.577447206,0.7835142768,-0.05420596023,0.5249009914,0.3280945614,0,1
1097,36566666667,0,0,-0.01083847922,-0.6439704863,1.577493929,0.7804084362,-0.05296970537,0.5283456468,0.3301632332,0,1
1098,36600000000,0,0,-0.0100874222,-0.6451240741,1.579094159,0.7782533128,-0.05081277026,0.5322167431,0.3293708881,0,1
1099,36633333333,0,0,-0.01608008075,-0.6460180475,1.576430563,0.7767810544,-0.04428320117,0.5349169633,0.3294146838,0,1
1100,36666666667,0,0,-0.01564052427,-0.6470690538,1.578055279,0.7738513141,-0.04234386856,0.5373238787,0.3326322139,0,1
1101,36700000000,0,1,-0.01754236652,-0.6487896717,1.578097056,0.7732491624,-0.03878433174,0.5393617061,0.3311653038,0,1
1102,36733333333,0,0,-0.02111013301,-0.6506040813,1.576987712,0.7719527542,-0.03600092178,0.5416954876,0.3306945383,0,1
1103,36766666667,0,0,-0.02286816037,-0.6514328592,1.577832768,0.7702866504,-0.03449667262,0.5436184713,0.3315831922,0,1
1104,36800000000,0,0,-0.02501273766,-0.652986619,1.577947557,0.7692593135,-0.03347897279,0.5447567791,0.3322037304,0,1
1105,36833333333,0,0,-0.0283924583,-0.6541362389,1.577339742,0.7684575589,-0.03401461218,0.5459673462,0.3320175344,0,1
1106,36866666667,0,0,-0.02823870239,-0.6543184803,1.579055918,0.7668895294,-0.03522817152,0.548138685,0.3319388613,0,1
1107,36900000000,0,1,-0.03311232296,-0.6551374582,1.57965296,0.7658715509,-0.03338889653,0.5504948062,0.3305774001,0,1
1108,36933333333,0,0,-0.03440810676,-0.6554500507,1.579768673,0.7642973228,-0.03486349079,0.5509748614,0.3332579204,0,1
1109,36966666667,0,0,-0.03427926197,-0.6560572608,1.581157956,0.7622221788,-0.03670702402,0.554005389,0.3327881811,0,1
1110,37000000000,0,0,-0.03749300717,-0.657109585,1.581063253,0.7598106041,-0.03644291997,0.5571980113,0.3330017053,0,1
1111,37033333333,0,0,-0.03891716046,-0.6573131071,1.582850875,0.7561494497,-0.03562344943,0.5597132115,0.3371796262,0,1
1112,37066666667,0,0,-0.03810824107,-0.6585016327,1.58444141,0.7536462968,-0.03556170587,0.561407267,0.3399625052,0,1
1113,37100000000,0,0,-0.04065288319,-0.6596477642,1.585172262,0.7512995628,-0.03570722226,0.5646880452,0.3397077755,0,1
1114,37133333333,0,0,-0.0404213518,-0.66017269,1.587325112,0.7481338848,-0.03694444677,0.5680028337,0.3410331056,0,1
1115,37166666667,0,1,-0.04159902003,-0.6616120587,1.58912365,0.7453413876,-0.03569910402,0.570308022,0.343424737,0,1
1116,37200000000,0,0,-0.04348197418,-0.6629117336,1.590870233,0.7425351807,-0.03447317806,0.5719777914,0.346834992,0,1
1117,37233333333,0,0,-0.04368973401,-0.664214544,1.592783448,0.739856532,-0.03658645048,0.5745144993,0.3481477183,0,1
1118,37266666667,0,0,-0.04330237766,-0.6657519603,1.595747675,0.7363159302,-0.03800420026,0.5792788463,0.34760689,0,1
1119,37300000000,0,0,-0.04630148376,-0.6672615562,1.597787482,0.7333548953,-0.03611064158,0.582515731,0.3486574855,0,1
1120,37333333333,0,0,-0.04810767757,-0.6688738708,1.600654277,0.7290428077,-0.0332256075,0.5842698499,0.3549949098,0,1
1121,37366666667,0,1,-0.04900046952,-0.6704612504,1.604200359,0.7256929329,-0.03207910924,0.5856709812,0.359625082,0,1
1122,37400000000,0,0,-0.05015111998,-0.6720673658,1.60645734,0.722586074,-0.03141828371,0.5880978985,0.3619711575,0,1
1123,37433333333,0,0,-0.05232094282,-0.6736089037,1.610175404,0.7186288979,-0.03039024694,0.5919821088,0.3636015992,0,1
1124,37466666667,0,0,-0.05447161131,-0.6749416528,1.613915253,0.715334531,-0.03005960216,0.5947298146,0.3656355791,0,1
1125,37500000000,0,0,-0.05484015916,-0.6769202601,1.617241543,0.7124543946,-0.03080779339,0.5975185531,0.3666485977,0,1
1126,37533333333,0,0,-0.05808515909,-0.6784053222,1.620449331,0.708510621,-0.03043350291,0.601927624,0.3671098436,0,1
1127,37566666667,0,1,-0.05987795112,-0.6806709744,1.624948317,0.7050955564,-0.03103277689,0.6044846158,0.3694260039,0,1
1128,37600000000,0,0,-0.06240521104,-0.6826806394,1.628234733,0.7023192262,-0.03146129308,0.6060958004,0.3720292626,0,1
1129,37633333333,0,0,-0.06223298091,-0.6849936938,1.632103068,0.6993311443,-0.03372220843,0.6087682826,0.3730950835,0,1
1130,37666666667,0,0,-0.06493097086,-0.6877673915,1.635882128,0.6971882824,-0.03412182598,0.6114776699,0.3726382416,0,1
1131,37700000000,0,0,-0.06628842418,-0.6904256046,1.640323666,0.6952143311,-0.03448551694,0.6131237634,0.3735867151,0,1
1132,37733333333,0,0,-0.06611634714,-0.6925163553,1.643345556,0.6941821273,-0.03465896287,0.6145657546,0.3731204411,0,1
1133,37766666667,0,1,-0.06767538144,-0.6952079317,1.646130181,0.6927367834,-0.03287604752,0.6173562782,0.3713571599,0,1
1134,37800000000,0,0,-0.07134153692,-0.6982222961,1.649683657,0.6908951158,-0.03073354707,0.6192788665,0.3717701892,0,1
1135,37833333333,0,0,-0.07147938232,-0.7007342731,1.653205927,0.6889659774,-0.02812083219,0.6193816992,0.3753683677,0,1
1136,37866666667,0,0,-0.07446606771,-0.7036587401,1.654801558,0.688598585,-0.02635806158,0.6196923568,0.3756575892,0,1
1137,37900000000,0,0,-0.07625199743,-0.7056086683,1.657721662,0.6866996255,-0.02767670232,0.6217415765,0.3756528138,0,1
1138,37933333333,0,0,-0.07937385572,-0.7106327393,1.662247854,0.6843087002,-0.02666669951,0.6251594025,0.3744144915,0,1
1139,37966666667,0,1,-0.08093119464,-0.713117926,1.664788542,0.6817218593,-0.02835136176,0.6277884759,0.3746106463,0,1
1140,38000000000,0,0,-0.08238411206,-0.7155865434,1.667326319,0.6788686367,-0.02861243372,0.6304643345,0.3752777979,0,1
1141,38033333333,0,0,-0.0855463986,-0.7180862248,1.669991346,0.6757317746,-0.02779686764,0.6328333296,0.3770091244,0,1
1142,38066666667,0,0,-0.08762826651,-0.7200448759,1.67211841,0.6723168426,-0.0284856171,0.6350182668,0.3793816463,0,1
1143,38100000000,0,0,-0.08778594103,-0.7218857629,1.674745945,0.6681987818,-0.03018446537,0.638472441,0.3807259226,0,1
1144,38133333333,0,0,-0.09051996268,-0.7242627601,1.67828314,0.6649556918,-0.03037636543,0.6421361539,0.3802267274,0,1
1145,38166666667,0,1,-0.09486213329,-0.7268791674,1.682916637,0.6606184824,-0.03212061631,0.6460082539,0.3810837475,0,1
1146,38200000000,0,0,-0.09402928537,-0.7289991813,1.68619538,0.656135863,-0.03383640535,0.6488663155,0.3838141888,0,1
1147,38233333333,0,0,-0.09776043375,-0.7318128252,1.689943922,0.6527365276,-0.03366050965,0.6527225426,0.383086515,0,1
1148,38266666667,0,0,-0.1015606291,-0.7341046191,1.694102913,0.6483577561,-0.03501147352,0.6562099419,0.3844410603,0,1
1149,38300000000,0,0,-0.1014965285,-0.7366514497,1.69803666,0.6446293839,-0.03597958732,0.6590114044,0.3858268985,0,1
1150,38333333333,0,0,-0.1058112676,-0.7393670037,1.7016171,0.6417978714,-0.03616948067,0.6627499296,0.3841221053,0,1
1151,38366666667,0,1,-0.1070326979,-0.7417852389,1.70826583,0.6365845878,-0.03702239027,0.6680320798,0.3835655688,0,1
1152,38400000000,0,0,-0.1102408233,-0.7456629004,1.712898733,0.6326783387,-0.03319422588,0.6709356455,0.3853071797,0,1
1153,38433333333,0,0,-0.114411578,-0.7483198578,1.718201276,0.6291048805,-0.03105441908,0.6730470641,0.3876471615,0,1
1154,38466666667,0,0,-0.1146995031,-0.7504703055,1.722341895,0.6268542088,-0.03072516696,0.6744303084,0.3889132604,0,1
1155,38500000000,0,0,-0.1187563943,-0.752864545,1.727356827,0.6241413216,-0.03016465904,0.6774472279,0.3880759685,0,1
1156,38533333333,0,0,-0.1214809235,-0.7564080794,1.733373767,0.6208513619,-0.03005545202,0.6791138382,0.3904416103,0,1
1157,38566666667,0,1,-0.1226602498,-0.7584461839,1.739105954,0.6186025143,-0.02966863729,0.6799606733,0.3925610578,0,1
1158,38600000000,0,0,-0.1239216036,-0.7593589628,1.742036935,0.6162241582,-0.03052650788,0.682013226,0.3926752841,0,1
1159,38633333333,0,0,-0.1254397782,-0.7623524986,1.746491793,0.6129752932,-0.03197455784,0.6849086326,0.392605505,0,1
1160,38666666667,0,0,-0.1275815061,-0.7647732199,1.750965782,0.6102336448,-0.03138441938,0.6868272647,0.3935711186,0,1
1161,38700000000,0,0,-0.1287955014,-0.7667369831,1.753782612,0.6073886438,-0.03062959579,0.6884940767,0.395116147,0,1
1162,38733333333,0,0,-0.129519775,-0.7682992591,1.756627659,0.6038650772,-0.03029791038,0.6911883525,0.3958379296,0,1
1163,38766666667,0,1,-0.1310139182,-0.7709726858,1.761167461,0.5994307974,-0.02907733274,0.6947060496,0.3965106967,0,1
1164,38800000000,0,0,-0.1330976014,-0.7730861029,1.764906373,0.5946518554,-0.02701799609,0.6970989076,0.399640228,0,1
1165,38833333333,0,0,-0.1329705717,-0.7739293622,1.766817941,0.5900863536,-0.02562878988,0.6991580927,0.4028885974,0,1
1166,38866666667,0,0,-0.1328105407,-0.7748754441,1.7688278,0.5852564613,-0.02531834595,0.702539224,0.4040699131,0,1
1167,38900000000,0,0,-0.1337083522,-0.7765606267,1.772175319,0.5800774634,-0.02585263239,0.7067574856,0.4041480352,0,1
1168,38933333333,0,0,-0.1336715956,-0.7785928427,1.776035456,0.5749297396,-0.02510415235,0.7094470425,0.4068297801,0,1
1169,38966666667,0,1,-0.1335906226,-0.7796860928,1.778428949,0.571167888,-0.02321702945,0.7112733917,0.4090456888,0,1
1170,39000000000,0,0,-0.133756418,-0.7804605142,1.78020883,0.5671769313,-0.02447251288,0.7142585757,0.4093239692,0,1
1171,39033333333,0,0,-0.1334569323,-0.7826583003,1.783835186,0.5623806765,-0.02609647865,0.7183647486,0.4086551559,0,1
1172,39066666667,0,0,-0.1344713805,-0.7846652052,1.787304773,0.5583259858,-0.02590921341,0.7213722768,0.408928899,0,1
1173,39100000000,0,0,-0.1338375293,-0.785642595,1.789999434,0.5535550233,-0.02644569683,0.7242992424,0.4102049108,0,1
1174,39133333333,0,0,-0.1319212875,-0.7875778137,1.792179813,0.548716087,-0.02675838932,0.7276433999,0.4107672418,0,1
1175,39166666667,0,1,-0.1326840845,-0.7901652603,1.795598424,0.544001414,-0.02582165374,0.7312083094,0.4107677106,0,1
1176,39200000000,0,0,-0.1321880026,-0.7918856034,1.798990165,0.5388147632,-0.02501939123,0.7344443371,0.4118788618,0,1
1177,39233333333,0,0,-0.1298395245,-0.7933639843,1.801639504,0.5334208015,-0.02383880556,0.7376652866,0.4132116706,0,1
1178,39266666667,0,0,-0.129416988,-0.7950674218,1.805368523,0.528149357,-0.02213936299,0.7416430367,0.4129572755,0,1
1179,39300000000,0,0,-0.1275574085,-0.7961421302,1.80823397,0.5234540463,-0.02244954131,0.7454212396,0.4121153419,0,1
1180,39333333333,0,0,-0.1247891028,-0.7978823724,1.81048799,0.517780429,-0.02146162353,0.7499825564,0.4110583793,0,1
1181,39366666667,0,1,-0.1260969156,-0.8011890823,1.815150746,0.5121028594,-0.01883258223,0.7546877411,0.4096857439,0,1
1182,39400000000,0,0,-0.1256813168,-0.8035026853,1.819187414,0.5055265651,-0.01570991227,0.757777295,0.4122737705,0,1
1183,39433333333,0,0,-0.1236699739,-0.8049198579,1.822627725,0.4998787867,-0.01317834953,0.7603803496,0.4144505442,0,1
1184,39466666667,0,0,-0.1245847262,-0.807425231,1.826962933,0.4946782223,-0.01164725488,0.7628463503,0.4162009655,0,1
1185,39500000000,0,0,-0.1233401518,-0.8095874466,1.831307619,0.4884925647,-0.01050849582,0.7642514321,0.4209326956,0,1
1186,39533333333,0,0,-0.1193047423,-0.8096773775,1.833890547,0.4843024826,-0.009407537655,0.7654967834,0.4235295482,0,1
1187,39566666667,0,1,-0.1210668907,-0.8114984203,1.837909616,0.4815089317,-0.01070611331,0.7678987132,0.4223341024,0,1
1188,39600000000,0,0,-0.1190935272,-0.8140783791,1.841678416,0.4761158448,-0.01192013066,0.7693192103,0.4258163518,0,1
1189,39633333333,0,0,-0.1162599408,-0.8165796656,1.844318522,0.4726598708,-0.009705056261,0.7693388048,0.4296699453,0,1
1190,39666666667,0,0,-0.1163616863,-0.8177317563,1.847801564,0.470409828,-0.009082230243,0.7701826504,0.4306399794,0,1
1191,39700000000,0,0,-0.1129861019,-0.8187783761,1.849942423,0.4668725862,-0.01053994721,0.7713409728,0.4323794647,0,1
1192,39733333333,0,0,-0.1104009914,-0.8214746085,1.852210162,0.4645429069,-0.01042029959,0.7725588309,0.4327171799,0,1
1193,39766666667,0,1,-0.1111247296,-0.8244066177,1.856964036,0.4618720115,-0.009670405791,0.7739964485,0.4330245096,0,1
1194,39800000000,0,0,-0.1081679611,-0.8253741796,1.858630131,0.4588039037,-0.009275749739,0.774449519,0.4354777617,0,1
1195,39833333333,0,0,-0.1057774255,-0.8274236574,1.860644029,0.4562353915,-0.009675621009,0.7764447761,0.434613805,0,1
1196,39866666667,0,0,-0.1057559514,-0.8304320377,1.864703812,0.453350465,-0.009746440021,0.7785333632,0.4338941866,0,1
1197,39900000000,0,0,-0.1039235901,-0.831884197,1.867795037,0.449378324,-0.009230279613,0.7796733366,0.435985564,0,1
1198,39933333333,0,0,-0.100543656,-0.8329594082,1.869946287,0.4457420585,-0.008353858215,0.7807649098,0.4377789236,0,1
1199,39966666667,0,1,-0.09977439138,-0.833128109,1.871802347,0.4433569347,-0.009003487235,0.782312789,0.4374245829,0,1
1200,40000000000,0,0,-0.09702479953,-0.8350184885,1.875003359,0.4384872487,-0.01056556602,0.784728387,0.4379710724,0,1
1201,40033333333,0,0,-0.09445042061,-0.8376959096,1.877620108,0.4346870289,-0.0101897954,0.7861225588,0.4392660668,0,1
1202,40066666667,0,0,-0.09295585511,-0.8386075452,1.881785338,0.4306504673,-0.00945256961,0.7880321305,0.4398365439,0,1
1203,40100000000,0,0,-0.08927039278,-0.8380065461,1.882442217,0.4269632805,-0.01108150241,0.7903265573,0.439276098,0,1
1204,40133333333,0,0,-0.08704519551,-0.8410866484,1.886776397,0.4209672226,-0.011067864,0.7940235348,0.4383956273,0,1
1205,40166666667,0,1,-0.08315312785,-0.8427502756,1.890752228,0.4154936948,-0.01023618508,0.7971145201,0.4380281406,0,1
1206,40200000000,0,0,-0.0798387954,-0.8433425665,1.893018272,0.4100012682,-0.009100767943,0.8007575186,0.4365816447,0,1
1207,40233333333,0,0,-0.07674569785,-0.845681729,1.896357454,0.4035749449,-0.008514665114,0.8058739194,0.4331535414,0,1
1208,40266666667,0,0,-0.07565688481,-0.8495676546,1.901094997,0.3960672522,-0.005156578693,0.8101514868,0.4321558861,0,1
1209,40300000000,0,0,-0.07134862204,-0.8511420771,1.903798493,0.3886352512,-0.001111120186,0.8135408644,0.4325652192,0,1
1210,40333333333,0,0,-0.06955224407,-0.8545430137,1.907588309,0.3821183534,0.002815486797,0.8172841069,0.431305374,0,1
1211,40366666667,0,1,-0.06695714818,-0.8585797391,1.912811204,0.3754269884,0.005312420258,0.8202925858,0.4314469009,0,1
1212,40400000000,0,0,-0.06468649399,-0.8611973375,1.917402282,0.3702058358,0.008191582698,0.822093814,0.4324838704,0,1
1213,40433333333,0,0,-0.05862078895,-0.8635109657,1.924498232,0.3640887292,0.002916150682,0.8263625257,0.4295996618,0,1
1214,40466666667,0,0,-0.05569910001,-0.8654401434,1.928256976,0.3603762511,-0.001796608044,0.8286889028,0.4282527667,0,1
1215,40500000000,0,0,-0.05095124009,-0.8673810973,1.930923312,0.3564191142,-0.003622645498,0.8304993913,0.4280456197,0,1
1216,40533333333,0,0,-0.04920974346,-0.8700767849,1.935754699,0.3531826832,-0.002869225452,0.8318021165,0.4282043891,0,1
1217,40566666667,0,1,-0.04577468762,-0.8714243394,1.938988569,0.3488276654,-0.002616278025,0.8325284384,0.4303589366,0,1
1218,40600000000,0,0,-0.04205593696,-0.872871936,1.941096367,0.3445285824,-0.002155891673,0.8336998879,0.4315552165,0,1
1219,40633333333,0,0,-0.03988823828,-0.873218572,1.944815437,0.3408919606,-0.0035587199,0.8349994011,0.4319212971,0,1
1220,40666666667,0,0,-0.03507698424,-0.8737040571,1.945855568,0.3359618215,-0.006598720577,0.8363164381,0.4331984843,0,1
1221,40700000000,0,0,-0.03041350408,-0.875369359,1.948612716,0.3313951998,-0.007532447096,0.8381834272,0.4330923992,0,1
1222,40733333333,0,0,-0.02634039473,-0.8767718399,1.950847838,0.3282146758,-0.008067609993,0.8394186427,0.4331124364,0,1
1223,40766666667,0,1,-0.02113497783,-0.8770858556,1.952137472,0.3244134291,-0.008777182168,0.8412358263,0.4324363221,0,1
1224,40800000000,0,0,-0.01686267951,-0.8786261897,1.954029232,0.3210110421,-0.009194479147,0.8434296094,0.4306899888,0,1
1225,40833333333,0,0,-0.01308625906,-0.879990403,1.95661521,0.3178953746,-0.01015623046,0.8453544525,0.4292030189,0,1
1226,40866666667,0,0,-0.008187816248,-0.8809545619,1.958061572,0.3136072304,-0.01057930286,0.8470820978,0.4289411417,0,1
1227,40900000000,0,0,-0.004035201949,-0.8817464221,1.960045069,0.3097288241,-0.01062232639,0.8488480155,0.4282665855,0,1
1228,40933333333,0,0,0.00078694988,-0.8821821978,1.96089806,0.3052507754,-0.01222556236,0.8505802382,0.4280020538,0,1
1229,40966666667,0,0,0.007322088523,-0.8819820471,1.961882016,0.3002393362,-0.01300539879,0.8527368381,0.4272318872,0,1
1230,41000000000,0,1,0.01204093189,-0.8839674895,1.963166433,0.2958258066,-0.01310144104,0.8547667403,0.4262502364,0,1
1231,41033333333,0,0,0.01758568268,-0.8837984254,1.96383274,0.2910941533,-0.01371647876,0.8570049298,0.4249924735,0,1
1232,41066666667,0,0,0.02273308647,-0.8846560357,1.962764008,0.2853322142,-0.01282249535,0.8596701802,0.4235425509,0,1
1233,41100000000,0,0,0.02678691199,-0.8870150481,1.965815646,0.2786643787,-0.009849876589,0.8620934791,0.4231358852,0,1
1234,41133333333,0,0,0.0326391137,-0.8869851261,1.965093938,0.2720567794,-0.00461925141,0.8631002707,0.4254664429,0,1
1235,41166666667,0,0,0.03736676272,-0.8859726354,1.963539659,0.266886025,-0.002675374865,0.8654243652,0.4240346213,0,1
1236,41200000000,0,1,0.04023479887,-0.8906187858,1.964988862,0.260126096,-0.00177181501,0.8676162814,0.4237608559,0,1
1237,41233333333,0,0,0.04645169769,-0.8918482473,1.963564839,0.2540710547,0.0008550301182,0.8688685211,0.4248701696,0,1
1238,41266666667,0,0,0.05060130856,-0.8926548259,1.962237956,0.2502561201,0.002953354116,0.8711113591,0.4225259189,0,1
1239,41300000000,0,0,0.05408423741,-0.8945385667,1.963075303,0.245134042,0.002609333676,0.8734635255,0.4206708481,0,1
1240,41333333333,0,0,0.05964353452,-0.8971826286,1.963029917,0.2391210752,0.00417715439,0.8748344471,0.4212699288,0,1
1241,41366666667,0,0,0.06439663322,-0.8987619518,1.962092287,0.2353356671,0.006753965558,0.8760390302,0.4208647351,0,1
1242,41400000000,0,1,0.06552205076,-0.8986560191,1.961743522,0.2326442649,0.006833294969,0.8776306951,0.4190397536,0,1
1243,41433333333,0,0,0.07069355072,-0.9012599297,1.96061552,0.2261100418,0.006154473196,0.879067693,0.4196145404,0,1
1244,41466666667,0,0,0.07570344421,-0.9033606318,1.959592021,0.2215718994,0.008462308085,0.8809030502,0.4181436342,0,1
1245,41500000000,0,0,0.0767161491,-0.9050885746,1.961651545,0.2173847256,0.009730433459,0.8821523569,0.4176798044,0,1
1246,41533333333,0,0,0.08099799549,-0.9060091991,1.960072968,0.209596323,0.009263188667,0.8823206911,0.4213000982,0,1
1247,41566666667,0,0,0.08813785537,-0.9067807542,1.958421639,0.2027065286,0.009891159085,0.883315741,0.4225701479,0,1
1248,41600000000,0,1,0.08736284733,-0.9068148058,1.961437311,0.1999502651,0.01045013972,0.884065969,0.4223008981,0,1
1249,41633333333,0,0,0.09098450815,-0.9057682602,1.960383234,0.1914893149,0.007511043468,0.8837929986,0.4268317726,0,1
1250,41666666667,0,0,0.09834812991,-0.9056943168,1.958749805,0.1844401993,0.006310100855,0.884446762,0.428597621,0,1
1251,41700000000,0,0,0.0985258357,-0.9068475522,1.960907845,0.1807410652,0.004983653647,0.8847230533,0.4296195403,0,1
1252,41733333333,0,1,0.1025341264,-0.9060059052,1.961977516,0.1683175071,0.0001816740054,0.8828522594,0.438453044,0,1
1253,41766666667,0,1,0.1173930492,-0.8976787385,1.950315759,0.1571971512,-0.006720013184,0.8830415508,0.4421329174,0,1
1254,41800000000,0,0,0.1158815387,-0.9000246097,1.95361563,0.1528103393,-0.01175459556,0.8875913503,0.4343874129,0,1
1255,41833333333,0,0,0.1162018485,-0.8998154019,1.957462201,0.1422809385,-0.01360577796,0.8883793333,0.4362948287,0,1
1256,41866666667,0,0,0.1295174044,-0.8990656719,1.954346045,0.1272084028,-0.0133448128,0.887543143,0.4426139487,0,1
1257,41900000000,0,0,0.1347097713,-0.8989680071,1.953877029,0.1201840459,-0.009187457821,0.8884841132,0.4427949484,0,1
1258,41933333333,0,0,0.1360377497,-0.9003057919,1.954951371,0.1131945987,-0.008762500607,0.8885775664,0.4444548457,0,1
1259,41966666667,0,1,0.1474885965,-0.8986256479,1.951880455,0.1018784118,-0.0135240995,0.8891360251,0.4459540523,0,1
1260,42000000000,0,0,0.1508935859,-0.8996313459,1.955262471,0.09430850599,-0.01123822326,0.8906579393,0.4446437262,0,1
1261,42033333333,0,0,0.1524576722,-0.9013128624,1.957950984,0.08693403214,-0.008023437704,0.8889880426,0.4495312655,0,1
1262,42066666667,0,0,0.1600607202,-0.8997166823,1.956691463,0.07771040456,-0.008464633179,0.8866924632,0.4557037621,0,1
1263,42100000000,0,0,0.1644084893,-0.8977699065,1.957208009,0.07265658248,-0.01139925525,0.8857005456,0.4583946133,0,1
1264,42133333333,0,0,0.1681943439,-0.8974539912,1.957149293,0.06807665365,-0.01906052854,0.8843740142,0.4613944824,0,1
1265,42166666667,0,1,0.1752629154,-0.8945127796,1.957366729,0.06051449277,-0.02461360962,0.8837857712,0.4633086197,0,1
1266,42200000000,0,0,0.1807381679,-0.8938107008,1.957325253,0.05563593695,-0.02648936815,0.8829579418,0.4653904049,0,1
1267,42233333333,0,0,0.1841266621,-0.8935632729,1.958185085,0.05120365586,-0.02655196603,0.8820269764,0.4676554197,0,1
1268,42266666667,0,0,0.1885479437,-0.8921581321,1.957646663,0.044665479,-0.0253443289,0.8805035259,0.4712496163,0,1
1269,42300000000,0,0,0.1932986449,-0.8902031009,1.956213229,0.03981688208,-0.02420915579,0.8798006378,0.4730532427,0,1
1270,42333333333,0,0,0.195973445,-0.8898369257,1.954458985,0.03648346246,-0.02572185264,0.8792574072,0.4742507303,0,1
1271,42366666667,0,1,0.2018945985,-0.8852204276,1.952495892,0.02989118031,-0.0284937442,0.8800147526,0.4731476082,0,1
1272,42400000000,0,0,0.2071908902,-0.8841335408,1.951080085,0.02506811557,-0.02863153882,0.880627668,0.4722782389,0,1
1273,42433333333,0,0,0.2099627455,-0.8839844981,1.949554885,0.02148025582,-0.02698672398,0.8810877334,0.4716934613,0,1
1274,42466666667,0,0,0.2131683714,-0.8837686049,1.948079568,0.01650943802,-0.02740893302,0.8816598862,0.4707993563,0,1
1275,42500000000,0,0,0.2174309435,-0.8826633804,1.946444603,0.01042394488,-0.02729619076,0.882232715,0.4699060501,0,1
1276,42533333333,0,0,0.2216524097,-0.8819252279,1.944697379,0.005151110002,-0.02497733082,0.8829765714,0.4687237709,0,1
1277,42566666667,0,1,0.225433751,-0.8798806537,1.943434838,0.001327575134,-0.02426445197,0.8833315107,0.4681184852,0,1
1278,42600000000,0,0,0.2289638359,-0.8781064074,1.938810079,-0.003587840336,-0.02603668543,0.8829088307,0.4688082925,0,1
1279,42633333333,0,0,0.2328538222,-0.8770464333,1.937671726,-0.009019833136,-0.02715935978,0.8839389399,0.4667257892,0,1
1280,42666666667,0,0,0.2365561407,-0.8757211279,1.934874799,-0.01351325788,-0.02740367731,0.8835474092,0.4673439911,0,1
1281,42700000000,0,0,0.2401775601,-0.8743873152,1.930970265,-0.01844164164,-0.02772711627,0.883281963,0.4676580873,0,1
1282,42733333333,0,0,0.2439818101,-0.8729538833,1.926211752,-0.02323555382,-0.02873323676,0.8835149631,0.4669430587,0,1
1283,42766666667,0,1,0.24739416,-0.8718014681,1.922281376,-0.02878193487,-0.02800221125,0.8843975889,0.4650036357,0,1
1284,42800000000,0,0,0.2504416785,-0.871198772,1.920924604,-0.03587010615,-0.02424534408,0.8843586123,0.4647960238,0,1
1285,42833333333,0,0,0.2545186608,-0.8689842134,1.917284691,-0.04266945143,-0.01911937818,0.8831534376,0.466748083,0,1
1286,42866666667,0,0,0.2581908415,-0.8677468844,1.912624116,-0.04664689355,-0.01634559647,0.8826527883,0.4674194521,0,1
1287,42900000000,0,0,0.2603031593,-0.8681687433,1.909789186,-0.05049145113,-0.01367906678,0.8826183484,0.4671705765,0,1
1288,42933333333,0,0,0.2635509803,-0.867107579,1.907634354,-0.05623908869,-0.01059522424,0.8818668788,0.4680125151,0,1
1289,42966666667,0,1,0.2683688605,-0.8645127362,1.902500157,-0.06094800956,-0.008437167356,0.8809499011,0.4691923125,0,1
1290,43000000000,0,0,0.2698493375,-0.8648803129,1.89903621,-0.06318135647,-0.006608507148,0.8810709211,0.4686987048,0,1
1291,43033333333,0,0,0.271068299,-0.8641680481,1.8979868,-0.06781977186,-0.006690285818,0.8801619501,0.4697559582,0,1
1292,43066666667,0,0,0.2754536962,-0.8614902393,1.892988691,-0.0746713062,-0.006397006173,0.8783509825,0.4721046768,0,1
1293,43100000000,0,0,0.2778341657,-0.8606262335,1.89134066,-0.07788544071,-0.004763774626,0.8781629918,0.4719543668,0,1
1294,43133333333,0,0,0.278753695,-0.859730858,1.888790608,-0.08093120755,-0.005567361988,0.8763261832,0.4748384617,0,1
1295,43166666667,0,1,0.2826568642,-0.8563185431,1.883886851,-0.08636394856,-0.008109156541,0.8750097354,0.4762703779,0,1
1296,43200000000,0,0,0.2849839662,-0.8555144892,1.881448545,-0.09028446984,-0.00953360445,0.8747876219,0.4759248275,0,1
1297,43233333333,0,0,0.2876304001,-0.8541574097,1.880054033,-0.09476143282,-0.009534343299,0.8741207089,0.4762797007,0,1
1298,43266666667,0,0,0.2903437967,-0.851797413,1.876889423,-0.09853209716,-0.009859693016,0.8729756064,0.4776063262,0,1
1299,43300000000,0,0,0.2923959708,-0.8512409273,1.875348726,-0.1025748041,-0.01060657484,0.8720645814,0.4784028387,0,1
1300,43333333333,0,0,0.2958809167,-0.8485181164,1.873740368,-0.1074848065,-0.01189676176,0.8708175407,0.4795646924,0,1
1301,43366666667,0,1,0.2996604205,-0.8462097221,1.870825334,-0.1108338437,-0.01277174521,0.8697092293,0.480789557,0,1
1302,43400000000,0,0,0.3016710345,-0.8457457991,1.870195531,-0.113752921,-0.01254916182,0.8690943249,0.4812253587,0,1
1303,43433333333,0,0,0.3051338899,-0.8437332205,1.86830414,-0.1185940862,-0.01443917188,0.8672708956,0.4832888854,0,1
1304,43466666667,0,0,0.3091157141,-0.8407930727,1.865637451,-0.1235912861,-0.01495705469,0.8662291508,0.4838889736,0,1
1305,43500000000,0,0,0.3120165921,-0.8402652253,1.865796787,-0.1276027151,-0.01366384847,0.8657069765,0.4838205009,0,1
1306,43533333333,0,0,0.3156521298,-0.8380065764,1.864281143,-0.1319894994,-0.01344902237,0.8636041869,0.4864007651,0,1
1307,43566666667,0,1,0.3203681186,-0.8348824806,1.860132292,-0.1363731903,-0.01426676999,0.8623784808,0.4873419417,0,1
1308,43600000000,0,0,0.3236440307,-0.8341466786,1.860157731,-0.1402125157,-0.0146187227,0.862536273,0.4859608227,0,1
1309,43633333333,0,0,0.3286843457,-0.8314748462,1.858843776,-0.1452582696,-0.01498177422,0.861695098,0.4859600186,0,1
1310,43666666667,0,0,0.3336142778,-0.8301872003,1.856975113,-0.1495340724,-0.01237786047,0.8614860409,0.4851063296,0,1
1311,43700000000,0,0,0.3375607303,-0.8299846153,1.857699246,-0.1526175436,-0.008886138194,0.8616862618,0.4838653823,0,1
1312,43733333333,0,0,0.3422693867,-0.8287665504,1.85621988,-0.1572757666,-0.006831502805,0.8610289349,0.4835771262,0,1
1313,43766666667,0,1,0.347775973,-0.8280366604,1.855733715,-0.1604861924,-0.004341057375,0.8612391916,0.482174649,0,1
1314,43800000000,0,0,0.3515938443,-0.8283762705,1.857678613,-0.1632362355,-0.001274872274,0.8607885622,0.4820740164,0,1
1315,43833333333,0,0,0.3567105919,-0.826700624,1.855570129,-0.1677329646,-0.0001199486308,0.8584700852,0.4846594176,0,1
1316,43866666667,0,0,0.3613002498,-0.8259612395,1.854661862,-0.1704933151,-0.0008063989646,0.8581661443,0.4842336709,0,1
1317,43900000000,0,0,0.3660975914,-0.8251933985,1.855710701,-0.1743584549,-0.002743552679,0.8575620336,0.4839204074,0,1
1318,43933333333,0,0,0.3715715451,-0.8225585652,1.854205338,-0.1791640852,-0.003275208697,0.8561455144,0.4846693324,0,1
1319,43966666667,0,1,0.3758504711,-0.8217153288,1.853858919,-0.1822619558,-0.0002736710633,0.8561551536,0.483506833,0,1
1320,44000000000,0,0,0.3798760334,-0.8217939098,1.85483426,-0.1851581586,0.001555258373,0.8552962312,0.4839239551,0,1
1321,44033333333,0,0,0.3848373761,-0.8198197296,1.852629437,-0.1902676466,0.002082887701,0.8536268792,0.4848866211,0,1
1322,44066666667,0,0,0.3899158016,-0.8187140597,1.851798594,-0.1934437943,0.003412783457,0.8537220707,0.4834526629,0,1
1323,44100000000,0,0,0.3935427522,-0.8192251287,1.852239984,-0.1951376282,0.00441788911,0.853299959,0.4835090158,0,1
1324,44133333333,0,0,0.3976722804,-0.8178477634,1.850357633,-0.1980120011,0.002854147304,0.8521927943,0.484304184,0,1
1325,44166666667,0,1,0.4007895915,-0.8167523336,1.849701492,-0.1995583809,0.002781584933,0.8524521758,0.4832121722,0,1
1326,44200000000,0,0,0.4047518257,-0.8166754367,1.849877286,-0.2019051041,0.004654934989,0.8520141043,0.4829954727,0,1
1327,44233333333,0,0,0.4077037914,-0.8160327226,1.847884153,-0.20399774,0.004388699301,0.8505039448,0.4847769604,0,1
1328,44266666667,0,0,0.4113037883,-0.8154793742,1.846080406,-0.2071859847,0.002283201111,0.8499680498,0.4843790551,0,1
1329,44300000000,0,0,0.4148063528,-0.8155059977,1.845965803,-0.2094565434,0.0008249316149,0.8497754967,0.4837446445,0,1
1330,44333333333,0,0,0.418552481,-0.8139039774,1.84444847,-0.2124600615,0.0008013823667,0.8486591177,0.4843942424,0,1
1331,44366666667,0,1,0.4199431966,-0.8128358833,1.842918929,-0.2142253413,0.0007119285165,0.848047408,0.484688137,0,1
1332,44400000000,0,0,0.4231182309,-0.8116004622,1.841946106,-0.2167964422,-0.0005232236351,0.8475434323,0.4844266293,0,1
1333,44433333333,0,0,0.426499865,-0.8102452,1.841289999,-0.2197003214,-0.0002522779571,0.8469765651,0.4841099084,0,1
1334,44466666667,0,0,0.4291618943,-0.8092225049,1.840026142,-0.2221320038,0.0005161992684,0.8460823609,0.4845634582,0,1
1335,44500000000,0,0,0.4319102816,-0.8087642403,1.839554979,-0.2253200782,7.24621991e-05,0.8449761696,0.4850217829,0,1
1336,44533333333,0,0,0.4348753297,-0.8066145849,1.83721447,-0.2282570723,-0.002057466636,0.8434728701,0.4862591831,0,1
1337,44566666667,0,1,0.43665958,-0.8056913584,1.835642119,-0.2297983434,-0.002818509613,0.8433773718,0.4856947458,0,1
1338,44600000000,0,0,0.4396739058,-0.8048458643,1.835277545,-0.2327578925,-0.002054032072,0.84320975,0.4845790564,0,1
1339,44633333333,0,0,0.4424117541,-0.8030264127,1.833140852,-0.2358192726,-0.0005268578049,0.8421658237,0.4849182596,0,1
1340,44666666667,0,0,0.4451762183,-0.8025222991,1.831804412,-0.2381621277,0.001556937906,0.8421704828,0.4837615682,0,1
1341,44700000000,0,0,0.4480928012,-0.8015486842,1.831247159,-0.2408348689,0.003622617653,0.8417634321,0.4831353506,0,1
1342,44733333333,0,0,0.4503629578,-0.8000034638,1.829065409,-0.2438605091,0.005226522144,0.8405705508,0.4836795268,0,1
1343,44766666667,0,1,0.4533160844,-0.799723304,1.828412477,-0.2462752177,0.006157129171,0.8403578883,0.4828138632,0,1
1344,44800000000,0,0,0.4563809272,-0.79784164,1.827671906,-0.2494645925,0.00752693618,0.839197475,0.4831752894,0,1
1345,44833333333,0,0,0.4591094457,-0.7957551037,1.824975549,-0.2529551654,0.008989819688,0.8377850558,0.4837861796,0,1
1346,44866666667,0,0,0.4621955758,-0.7946392955,1.823498771,-0.2560965321,0.01020752252,0.8376913525,0.482269189,0,1
1347,44900000000,0,0,0.4655098554,-0.7932680372,1.823516605,-0.26008577,0.01200347389,0.8367835847,0.4816684972,0,1
1348,44933333333,0,0,0.4688474447,-0.7910651184,1.820423345,-0.2642174512,0.01496763661,0.8349553398,0.4825087449,0,1
1349,44966666667,0,1,0.4719913623,-0.7907289565,1.819920502,-0.2666402604,0.0187915771,0.8347801507,0.481343898,0,1
1350,45000000000,0,0,0.4747799577,-0.7895657097,1.819363004,-0.2700163276,0.02037823898,0.8330490964,0.4823951836,0,1
1351,45033333333,0,0,0.4782107162,-0.7876551615,1.817001086,-0.2743751733,0.02209630928,0.831044913,0.4833160147,0,1
1352,45066666667,0,0,0.4820690171,-0.7861969564,1.817192095,-0.2776304179,0.02604169532,0.8304282187,0.4823195567,0,1
1353,45100000000,0,0,0.4840086147,-0.785139693,1.815467344,-0.2804337306,0.02909262031,0.8276298636,0.4853239651,0,1
1354,45133333333,0,0,0.4862872124,-0.7836180087,1.813001109,-0.2835874759,0.02938458941,0.826270506,0.4857898109,0,1
1355,45166666667,0,1,0.4895846123,-0.7817574127,1.812274294,-0.2866624913,0.02985675101,0.8262031873,0.4840676438,0,1
1356,45200000000,0,0,0.4923888703,-0.7804308062,1.811088092,-0.2894777289,0.0318613101,0.8253612533,0.4837006336,0,1
1357,45233333333,0,0,0.4950871655,-0.7793578684,1.809173867,-0.292624927,0.03415164727,0.8247838937,0.4826342775,0,1
1358,45266666667,0,0,0.4976934076,-0.7783241868,1.80827705,-0.2949496792,0.03505667904,0.8249471165,0.4808720942,0,1
1359,45300000000,0,0,0.5001371549,-0.777010972,1.807013094,-0.2980931424,0.03545980765,0.8244251793,0.4797980869,0,1
1360,45333333333,0,0,0.5032192311,-0.7761436506,1.805439608,-0.3012187175,0.03534862739,0.824131448,0.478356682,0,1
1361,45366666667,0,1,0.5062855643,-0.7743206403,1.803712724,-0.303040793,0.03396806116,0.8244801942,0.4767020641,0,1
1362,45400000000,0,0,0.5092797371,-0.7736487321,1.802974286,-0.3042063215,0.03225425438,0.8245428667,0.4759697868,0,1
1363,45433333333,0,0,0.5126077845,-0.772195852,1.801478528,-0.3067369393,0.03204945285,0.8239390644,0.4754047757,0,1
1364,45466666667,0,0,0.5157853024,-0.7714428186,1.799805707,-0.3082163775,0.03238853813,0.8237954857,0.4746731981,0,1
1365,45500000000,0,0,0.5191821956,-0.7707126493,1.798467627,-0.3086760472,0.03134759055,0.8240608833,0.4739832139,0,1
1366,45533333333,0,0,0.5229825623,-0.7697631679,1.797862557,-0.3095501272,0.03039605543,0.8241739791,0.4732779846,0,1
1367,45566666667,0,1,0.5277935477,-0.7683353016,1.796381625,-0.3109668335,0.03018003056,0.8234156471,0.4736828753,0,1
1368,45600000000,0,0,0.5318678562,-0.7671397039,1.795446151,-0.3114256969,0.03039973379,0.8227424331,0.4745363846,0,1
1369,45633333333,0,0,0.5360900334,-0.7663374758,1.794255835,-0.3107990126,0.02921910622,0.8222157098,0.4759322895,0,1
1370,45666666667,0,0,0.5406555809,-0.7653417391,1.793719525,-0.3111988164,0.02766674944,0.821697587,0.4766580778,0,1
1371,45700000000,0,0,0.5456801485,-0.7636589655,1.792725775,-0.3115447507,0.02620661533,0.8210623354,0.4776083363,0,1
1372,45733333333,0,0,0.5506855318,-0.7630284785,1.791831512,-0.3109561584,0.02580049921,0.821051534,0.4780324051,0,1
1373,45766666667,0,1,0.5567514195,-0.7616784903,1.791662253,-0.3111965797,0.02498778127,0.8209860777,0.4780315469,0,1
1374,45800000000,0,0,0.5610252821,-0.7606665043,1.791272364,-0.3110722991,0.0245960068,0.8204868331,0.4789889539,0,1
1375,45833333333,0,0,0.5670332962,-0.7600808277,1.790719937,-0.3125894083,0.02510451501,0.8203753395,0.4781651676,0,1
1376,45866666667,0,0,0.5724294654,-0.7599809711,1.791921749,-0.3125235521,0.02573141458,0.8205019321,0.4779576373,0,1
1377,45900000000,0,0,0.5764875234,-0.7591887881,1.791092618,-0.3146726631,0.02706737214,0.8191501403,0.4787917294,0,1
1378,45933333333,0,0,0.5817855068,-0.759381145,1.790136496,-0.3165080782,0.02744297296,0.819630389,0.4767342499,0,1
1379,45966666667,0,1,0.5874289771,-0.7581583889,1.791461177,-0.3179747942,0.02704949917,0.8207373874,0.473867593,0,1
1380,46000000000,0,0,0.5922861595,-0.7579224606,1.791759005,-0.320032156,0.02743727032,0.8204602527,0.4729393081,0,1
1381,46033333333,0,0,0.5974718387,-0.7578202128,1.791730676,-0.3225923551,0.02809647052,0.8201683684,0.4716657803,0,1
1382,46066666667,0,0,0.602693965,-0.758137262,1.792367221,-0.3234324768,0.0283762935,0.8204454353,0.4705905935,0,1
1383,46100000000,0,0,0.6078916066,-0.7580842631,1.792549643,-0.3252586049,0.02858261811,0.8203459294,0.4694916719,0,1
1384,46133333333,0,0,0.6135221691,-0.7583254394,1.792633704,-0.3266560648,0.02934852131,0.8206620774,0.4679190467,0,1
1385,46166666667,0,1,0.6186552808,-0.7569120441,1.792267626,-0.3278169303,0.03043091044,0.8219263602,0.464808647,0,1
1386,46200000000,0,0,0.6241129595,-0.7567792293,1.792741981,-0.3274935913,0.03023573487,0.8233067867,0.4626009975,0,1
1387,46233333333,0,0,0.6293668832,-0.7569515773,1.792241009,-0.3270012677,0.03040907139,0.8246898969,0.4604693619,0,1
1388,46266666667,0,0,0.6345522992,-0.7570618114,1.792602716,-0.3252006878,0.02982053498,0.8269852195,0.4576578362,0,1
1389,46300000000,0,0,0.6400710084,-0.7573785542,1.792704939,-0.3233358718,0.02951566875,0.8287723763,0.4557620953,0,1
1390,46333333333,0,0,0.6445716117,-0.7569224992,1.792611399,-0.320699428,0.02945214864,0.8307982748,0.4539368618,0,1
1391,46366666667,0,1,0.6496784471,-0.7567257067,1.792324733,-0.318833318,0.02810421984,0.8324752496,0.4522614586,0,1
1392,46400000000,0,0,0.6537599285,-0.7565286044,1.792432397,-0.317043064,0.02736493014,0.8336970618,0.4513137105,0,1
1393,46433333333,0,0,0.6579508112,-0.7562999807,1.791523677,-0.3156581606,0.02741888182,0.834573498,0.4506608558,0,1
1394,46466666667,0,0,0.6623074405,-0.7563621336,1.791516602,-0.313780626,0.02641424368,0.8352305353,0.4508147727,0,1
1395,46500000000,0,0,0.6658508832,-0.7553075141,1.790610334,-0.3135432566,0.02692633088,0.8352262136,0.4509576155,0,1
1396,46533333333,0,0,0.6697144798,-0.7547463822,1.789059823,-0.3124977365,0.02665747945,0.8354727076,0.4512426159,0,1
1397,46566666667,0,0,0.6728595168,-0.7539565055,1.787811571,-0.3101793342,0.02581785616,0.836513822,0.4509621319,0,1
1398,46600000000,0,1,0.6773818183,-0.7522048213,1.78659449,-0.3093591687,0.02392596785,0.8371156118,0.4505129359,0,1
1399,46633333333,0,0,0.6811158372,-0.7504773337,1.785174157,-0.3080258787,0.02339733536,0.8370957696,0.4514900832,0,1
1400,46666666667,0,0,0.6841244216,-0.7492455717,1.783123516,-0.3057191782,0.02260773929,0.8373238985,0.4526735725,0,1
1401,46700000000,0,0,0.6879543969,-0.7486052934,1.781659913,-0.3034047435,0.02078671782,0.8379450953,0.4531682814,0,1
1402,46733333333,0,0,0.6907511709,-0.747286289,1.780625485,-0.3013356482,0.0190532156,0.837944759,0.4546233417,0,1
1403,46766666667,0,0,0.6934823089,-0.7459464373,1.776947948,-0.2996243367,0.01816969095,0.8383974753,0.4549558139,0,1
1404,46800000000,0,0,0.6968497339,-0.7456475239,1.776036531,-0.2967802348,0.01610612242,0.8398384688,0.4542393988,0,1
1405,46833333333,0,1,0.6992697989,-0.7442852221,1.774089378,-0.2956891876,0.01479892896,0.840261601,0.4542128772,0,1
1406,46866666667,0,0,0.702571844,-0.7425907397,1.771261274,-0.294963326,0.01537685448,0.8414564311,0.4524502882,0,1
1407,46900000000,0,0,0.7058953278,-0.742546903,1.769980727,-0.2929692706,0.01639723626,0.8428606301,0.4510943309,0,1
1408,46933333333,0,0,0.7074304186,-0.7421193032,1.767266689,-0.2925991817,0.0172116982,0.843009617,0.4510257885,0,1
1409,46966666667,0,0,0.7102085955,-0.7415729229,1.762982885,-0.2930939119,0.01747178081,0.8436935751,0.4494127802,0,1
1410,47000000000,0,0,0.7156242304,-0.7388252743,1.759441795,-0.293917935,0.01854068683,0.8446237982,0.4470784383,0,1
1411,47033333333,0,1,0.7180489994,-0.7376601479,1.75566365,-0.2949317805,0.01958795815,0.845002213,0.4456487594,0,1
1412,47066666667,0,0,0.7203776207,-0.7368714584,1.75384506,-0.2955615049,0.01925544744,0.8455333853,0.4442363322,0,1
1413,47100000000,0,0,0.7230591132,-0.7353317242,1.750656417,-0.2976324227,0.01950800995,0.8452139546,0.4434498274,0,1
1414,47133333333,0,0,0.7257675688,-0.7334038923,1.747617495,-0.2994254612,0.02067603422,0.8453470106,0.4419336222,0,1
1415,47166666667,0,0,0.7283660065,-0.7331419293,1.744592692,-0.3002528776,0.02146552291,0.8455668216,0.4409129064,0,1
1416,47200000000,0,0,0.7305701686,-0.7324357395,1.741861439,-0.301873036,0.02166855939,0.8455299971,0.4398660792,0,1
1417,47233333333,0,1,0.7359001535,-0.7307797604,1.738412387,-0.304352998,0.02153046876,0.8456345518,0.4379587837,0,1
1418,47266666667,0,0,0.7398863162,-0.7296197354,1.736782834,-0.305408548,0.02434646001,0.8455994024,0.4371435913,0,1
1419,47300000000,0,0,0.7430903351,-0.728457779,1.731896538,-0.3060715023,0.02563340703,0.8445298865,0.4386712149,0,1
1420,47333333333,0,0,0.7465670096,-0.7276795538,1.729791407,-0.305902801,0.02492287225,0.8450912266,0.4377478104,0,1
1421,47366666667,0,0,0.7515032792,-0.7254189579,1.728186547,-0.3063231299,0.02516253536,0.8451163669,0.4373914875,0,1
1422,47400000000,0,0,0.7546672397,-0.7243060782,1.723858195,-0.3060105102,0.0261156474,0.8444526393,0.4388340012,0,1
1423,47433333333,0,1,0.7636911602,-0.7234925289,1.718171361,-0.306365489,0.02617614039,0.8441178934,0.439226569,0,1
1424,47466666667,0,0,0.7668691907,-0.7217522211,1.714857262,-0.3073037614,0.0274992385,0.8438669562,0.4389723798,0,1
1425,47500000000,0,0,0.7704315602,-0.7207931854,1.711538762,-0.3069961613,0.02822169413,0.8442215429,0.4384596668,0,1
1426,47533333333,0,0,0.7736136434,-0.7194266633,1.709087364,-0.3067120521,0.0278411934,0.8444755989,0.4381935051,0,1
1427,47566666667,0,0,0.7772495146,-0.7178505348,1.706156319,-0.3067060515,0.02786778999,0.8448284929,0.4375152589,0,1
1428,47600000000,0,0,0.7813805548,-0.7162318564,1.704944341,-0.3061764406,0.02910206472,0.8454367744,0.436629955,0,1
1429,47633333333,0,1,0.7858525267,-0.7157295382,1.701461214,-0.3065092628,0.02998032908,0.8441604079,0.4388011593,0,1
1430,47666666667,0,0,0.7890826481,-0.7150580025,1.698529056,-0.3063340655,0.03124221732,0.843269468,0.440545081,0,1
1431,47700000000,0,0,0.7918088105,-0.7140205164,1.695037451,-0.3059038709,0.03144438432,0.8426502207,0.4420120791,0,1
1432,47733333333,0,0,0.7944834763,-0.7138493737,1.692015526,-0.3053707641,0.02979260434,0.842274253,0.4432100855,0,1
1433,47766666667,0,0,0.7973165978,-0.7126697838,1.688980104,-0.3061039037,0.02745007615,0.8419019767,0.4435627973,0,1
1434,47800000000,0,0,0.8002824425,-0.7108273208,1.687895989,-0.3067397344,0.02654240173,0.8423401196,0.4423452941,0,1
1435,47833333333,0,0,0.8030768135,-0.7097254535,1.686686938,-0.3072439425,0.0278532745,0.8422561628,0.4420745538,0,1
1436,47866666667,0,1,0.8062891757,-0.7087229528,1.683540155,-0.3084546263,0.02708500895,0.8408405819,0.4439698882,0,1
1437,47900000000,0,0,0.8090202087,-0.7074457014,1.681677168,-0.3096893131,0.0258865684,0.839680455,0.4453752894,0,1
1438,47933333333,0,0,0.8123200652,-0.7060541556,1.679262851,-0.3107972428,0.02485635051,0.8386896822,0.4465275496,0,1
1439,47966666667,0,0,0.8149633557,-0.705341902,1.677429935,-0.3109158852,0.02339666322,0.8380615584,0.4477016114,0,1
1440,48000000000,0,0,0.8178300102,-0.7046121101,1.67555985,-0.3122933024,0.02103672192,0.837234462,0.4484069639,0,1
1441,48033333333,0,0,0.8211827581,-0.7027827685,1.674903872,-0.3147367437,0.01940088763,0.8363668165,0.4483914986,0,1
1442,48066666667,0,0,0.8248930932,-0.7007219152,1.671708075,-0.3171262934,0.02029819493,0.8357844954,0.4477534752,0,1
1443,48100000000,0,0,0.827981792,-0.7015390256,1.671259042,-0.3174765525,0.02073977517,0.8358530277,0.4473569228,0,1
1444,48133333333,0,1,0.8325763788,-0.6999116406,1.668949956,-0.3212895154,0.01939694875,0.834351026,0.4474987945,0,1
1445,48166666667,0,0,0.8363061568,-0.6987714821,1.667467843,-0.3239453981,0.01975976708,0.8340992485,0.4460351715,0,1
1446,48200000000,0,0,0.8401549628,-0.6985314891,1.666253284,-0.3257118895,0.01943672946,0.8336767112,0.4455526004,0,1
1447,48233333333,0,0,0.8440551751,-0.6978511705,1.664560409,-0.3289341209,0.01834119989,0.8327928445,0.44488428,0,1
1448,48266666667,0,0,0.8487156569,-0.6965270212,1.663011282,-0.3326318819,0.01883458761,0.8325679009,0.4425290722,0,1
1449,48300000000,0,0,0.853780295,-0.6961198182,1.662285164,-0.3347655222,0.02022618125,0.8327866452,0.4404422214,0,1
1450,48333333333,0,1,0.8592076371,-0.6958602825,1.660555832,-0.3389766082,0.02129118815,0.8312713875,0.4400334359,0,1
1451,48366666667,0,0,0.8634547741,-0.6950135524,1.658205455,-0.3432500531,0.02239286491,0.8298825086,0.4392869023,0,1
1452,48400000000,0,0,0.8684373328,-0.6945034495,1.65800357,-0.3457601019,0.0227226974,0.8298574121,0.4373446084,0,1
1453,48433333333,0,0,0.8731750492,-0.6939434018,1.657876267,-0.3496518052,0.02319547905,0.8282928311,0.4371916865,0,1
1454,48466666667,0,0,0.8777996059,-0.6922756043,1.655570109,-0.3539929075,0.0236956551,0.8265332524,0.4370015104,0,1
1455,48500000000,0,0,0.8824621095,-0.6916840168,1.655561643,-0.3563939915,0.02452296521,0.8265620312,0.434945003,0,1
1456,48533333333,0,1,0.8876149529,-0.6909177356,1.654828265,-0.3598965495,0.02436568008,0.8249542347,0.4351221644,0,1
1457,48566666667,0,0,0.8913892858,-0.6898515116,1.653814267,-0.363240324,0.0249615033,0.8236194942,0.4348382677,0,1
1458,48600000000,0,0,0.8964955893,-0.6890832811,1.653113387,-0.3668480922,0.02623268737,0.8225776686,0.4337053176,0,1
1459,48633333333,0,0,0.90084292,-0.6887452788,1.653226684,-0.3693828396,0.02740620057,0.8214355671,0.4336459698,0,1
1460,48666666667,0,0,0.9046648191,-0.6866668937,1.652046952,-0.3731659399,0.02787567552,0.8197283544,0.4336076026,0,1
1461,48700000000,0,0,0.9090453001,-0.6858333233,1.651418664,-0.3762596005,0.02797556531,0.8186696136,0.4329274127,0,1
1462,48733333333,0,1,0.91327843,-0.6847549466,1.651078907,-0.3789803648,0.02822262145,0.8174140842,0.4329105933,0,1
1463,48766666667,0,0,0.9165552539,-0.6834271264,1.650100976,-0.3814111252,0.02862668433,0.8161360089,0.4331605725,0,1
1464,48800000000,0,0,0.9201584935,-0.6823030339,1.648890211,-0.3842708994,0.02858893501,0.8150079522,0.4327592709,0,1
1465,48833333333,0,0,0.924038464,-0.6813802844,1.648705675,-0.3866893687,0.02789680986,0.8140910389,0.4323758556,0,1
1466,48866666667,0,0,0.9274748943,-0.6804894565,1.647553987,-0.3896262377,0.0281570548,0.8124607156,0.4327888178,0,1
1467,48900000000,0,0,0.9303422721,-0.6795450896,1.646505005,-0.3922479244,0.02846611052,0.8112646033,0.4326441838,0,1
1468,48933333333,0,0,0.9329614021,-0.6780711052,1.645099855,-0.3958810661,0.02779790465,0.8094030504,0.4328650598,0,1
1469,48966666667,0,0,0.9359054035,-0.6764649278,1.644272615,-0.3995732149,0.02659738408,0.8077412589,0.432652151,0,1
1470,49000000000,0,1,0.9386792592,-0.6746142026,1.642348016,-0.4034988143,0.026620416,0.805561949,0.4330704408,0,1
1471,49033333333,0,0,0.9413772588,-0.6735344564,1.641008412,-0.4061404149,0.0265728774,0.8040316625,0.4334477261,0,1
1472,49066666667,0,0,0.9440576047,-0.6718229144,1.639937893,-0.4101711712,0.02629236254,0.8014798969,0.4343941722,0,1
1473,49100000000,0,0,0.9465367284,-0.6706012128,1.637219825,-0.4140753448,0.02615288393,0.7993682942,0.434589422,0,1
1474,49133333333,0,0,0.9499655918,-0.6692195025,1.636880493,-0.4170499493,0.02563647414,0.7978537477,0.4345589813,0,1
1475,49166666667,0,0,0.9518683084,-0.6676357727,1.634061811,-0.4205887464,0.02650754494,0.7958838155,0.434708418,0,1
1476,49200000000,0,1,0.954396474,-0.6660959111,1.633084972,-0.4222695826,0.02559430494,0.7948509575,0.4350233172,0,1
1477,49233333333,0,0,0.9563367714,-0.6640605826,1.630964331,-0.4249355666,0.02558033018,0.7931425057,0.4355460671,0,1
1478,49266666667,0,0,0.9586685553,-0.6625493748,1.628811778,-0.4282674248,0.02581187535,0.7918328025,0.4346510932,0,1
1479,49300000000,0,0,0.9617516519,-0.6612023937,1.626853654,-0.4317618633,0.0261452918,0.7904537599,0.4336830301,0,1
1480,49333333333,0,0,0.9644633204,-0.6593405691,1.624879977,-0.4355273474,0.02735429766,0.7888014926,0.432850872,0,1
1481,49366666667,0,0,0.9667349886,-0.6577077771,1.621891961,-0.4390032204,0.02932343313,0.7876895894,0.4312324424,0,1
1482,49400000000,0,0,0.969836223,-0.6563430467,1.6199673,-0.4415371829,0.03074702523,0.7874676067,0.4289455734,0,1
1483,49433333333,0,1,0.9710495968,-0.6548973611,1.618189636,-0.4440391144,0.03196846596,0.7866561421,0.4277609101,0,1
1484,49466666667,0,0,0.9734762508,-0.6535734139,1.614654745,-0.4484448329,0.03272989458,0.7850735411,0.4260111746,0,1
1485,49500000000,0,0,0.9769226882,-0.6521950521,1.612251636,-0.4526125741,0.03241322389,0.7841020508,0.4234090393,0,1
1486,49533333333,0,0,0.9802764431,-0.6507493416,1.609555871,-0.4564985886,0.03276238618,0.7831235652,0.4210144253,0,1
1487,49566666667,0,0,0.9846403792,-0.6494526439,1.607819749,-0.4607203035,0.03480435602,0.7825372021,0.4173259949,0,1
1488,49600000000,0,0,0.9885555684,-0.6481608019,1.605652247,-0.4653475215,0.03957255274,0.7810132888,0.4146130004,0,1
1489,49633333333,0,1,0.9898631568,-0.6473267304,1.602526722,-0.4680004357,0.04371648438,0.7803161432,0.4125180939,0,1
1490,49666666667,0,0,0.9927655526,-0.6473084206,1.59884879,-0.4710087247,0.04423493161,0.7798009817,0.4100054645,0,1
1491,49700000000,0,0,0.996565602,-0.6458503389,1.596187749,-0.4759840975,0.04413833953,0.7786003918,0.4065370535,0,1
1492,49733333333,0,0,1.001426577,-0.6438666573,1.592727076,-0.4792761423,0.04606296326,0.7781370603,0.4033302594,0,1
1493,49766666667,0,0,1.004873126,-0.6428849396,1.590176316,-0.480904685,0.04970354575,0.778671839,0.3999130012,0,1
1494,49800000000,0,0,1.008830476,-0.6419991919,1.587423037,-0.4840145237,0.05248951985,0.777696264,0.3976975133,0,1
1495,49833333333,0,1,1.011376957,-0.6421805129,1.585273903,-0.4844677864,0.05488977914,0.7778673286,0.3964851765,0,1
1496,49866666667,0,0,1.015462763,-0.6409237825,1.582306447,-0.4848740326,0.05672488243,0.7784950012,0.3944933375,0,1
1497,49900000000,0,0,1.01912629,-0.6402673113,1.579652027,-0.4860283157,0.05824255101,0.777973052,0.3938809617,0,1
1498,49933333333,0,0,1.021907704,-0.6389125688,1.576390826,-0.487257304,0.05948845153,0.7770390706,0.3940199572,0,1
1499,49966666667,0,0,1.025483873,-0.6376425218,1.574165256,-0.4877749797,0.06093758645,0.7771974934,0.3928437806,0,1
1500,50000000000,0,0,1.029394756,-0.6361910278,1.571869433,-0.4888994641,0.06348474468,0.7760674703,0.393276344,0,1
1501,50033333333,0,1,1.030574827,-0.6364355823,1.568915983,-0.4891858696,0.06578744918,0.775092872,0.394461958,0,1
1502,50066666667,0,0,1.032919175,-0.6358781038,1.566118151,-0.4904389949,0.06513176099,0.7747583012,0.3936712089,0,1
1503,50100000000,0,0,1.035402243,-0.6355777811,1.564382288,-0.4917181734,0.06385302694,0.7742144301,0.3933548589,0,1
1504,50133333333,0,0,1.037946027,-0.6348530041,1.562281964,-0.4936504045,0.06309867936,0.7733641414,0.3927285826,0,1
1505,50166666667,0,0,1.04031572,-0.6348098666,1.560492305,-0.4952710844,0.0620540239,0.7729871923,0.3915950098,0,1
1506,50200000000,0,0,1.042867685,-0.634436421,1.559138339,-0.4970708486,0.06012715533,0.7716639536,0.3922244758,0,1
1507,50233333333,0,1,1.044798563,-0.6340842842,1.556879656,-0.4998637504,0.05886494623,0.7701327271,0.3918759137,0,1
1508,50266666667,0,0,1.047872469,-0.6338447179,1.555745019,0.5025951426,-0.05841101061,-0.7691693495,-0.3903393245,0,1
1509,50300000000,0,0,1.050092152,-0.6329401787,1.554859823,0.5059219964,-0.05850761478,-0.7671709223,-0.3899597012,0,1
1510,50333333333,0,0,1.052212217,-0.6324097053,1.552944631,0.5086141609,-0.05840464363,-0.7658923987,-0.3889850466,0,1
1511,50366666667,0,0,1.054951182,-0.6319441532,1.551672179,0.5111167285,-0.0573786132,-0.7648425195,-0.3879217769,0,1
1512,50400000000,0,0,1.057742747,-0.6315300892,1.550636052,0.5140955455,-0.05659402243,-0.7632943314,-0.3871493903,0,1
1513,50433333333,0,0,1.059436908,-0.6310167647,1.548338443,0.5169211715,-0.05539396301,-0.762358392,-0.3854006921,0,1
1514,50466666667,0,1,1.064197745,-0.6321389161,1.547710308,0.5194692147,-0.05333070724,-0.7618907386,-0.3831841243,0,1
1515,50500000000,0,0,1.06761657,-0.6315581482,1.547520637,0.5229821905,-0.05342645168,-0.7602313484,-0.3816851315,0,1
1516,50533333333,0,0,1.069750237,-0.6310217623,1.54570629,0.5272905187,-0.05514549811,-0.7583465091,-0.3792548682,0,1
1517,50566666667,0,0,1.072697253,-0.6314900062,1.544854619,0.5309708437,-0.05512683612,-0.7567711511,-0.37726439,0,1
1518,50600000000,0,0,1.075314375,-0.630631077,1.543689532,0.5345669098,-0.05360023888,-0.7551324459,-0.3756863352,0,1
1519,50633333333,0,0,1.079105741,-0.6306079545,1.5426875,0.5381012894,-0.05426022892,-0.7541536744,-0.3724984097,0,1
1520,50666666667,0,0,1.082861589,-0.6304219264,1.541934072,0.5404985962,-0.05517568666,-0.7529781327,-0.3712692321,0,1
1521,50700000000,0,0,1.084850938,-0.6296049572,1.540166422,0.5437448111,-0.05398299704,-0.751007199,-0.3706961066,0,1
1522,50733333333,0,1,1.089851233,-0.6291289826,1.537897967,0.5467688776,-0.05176934174,-0.749798854,-0.3690059733,0,1
1523,50766666667,0,0,1.094579711,-0.6282492523,1.537372712,0.5492448626,-0.05178711,-0.7486661433,-0.3676236962,0,1
1524,50800000000,0,0,1.097553945,-0.6271517195,1.535477655,0.5510345955,-0.05277610301,-0.7477876803,-0.3665912475,0,1
1525,50833333333,0,0,1.101559816,-0.6269609884,1.53414503,0.5514869419,-0.0521261875,-0.7476684716,-0.3662470068,0,1
1526,50866666667,0,0,1.105306779,-0.6259595114,1.533197283,0.5532099397,-0.05175624552,-0.7464610931,-0.3661637477,0,1
1527,50900000000,0,0,1.108665623,-0.6244416672,1.531546337,0.5543509641,-0.05218488674,-0.7460693245,-0.3651743547,0,1
1528,50933333333,0,0,1.112438921,-0.6239844714,1.530564695,0.554796183,-0.05239505966,-0.7459774941,-0.3646553598,0,1
1529,50966666667,0,1,1.116447324,-0.6215486113,1.528684716,0.5570402439,-0.05160951032,-0.7440983123,-0.3651853321,0,1
1530,51000000000,0,0,1.118668649,-0.620703881,1.526539476,0.5581227159,-0.05137202375,-0.7435290351,-0.3647252707,0,1
1531,51033333333,0,0,1.123005169,-0.6202507752,1.526233507,0.5590920645,-0.05071993976,-0.7433287491,-0.36373881,0,1
1532,51066666667,0,0,1.125136168,-0.6187613234,1.524973304,0.5611760556,-0.0507528937,-0.7414394047,-0.3643805532,0,1
1533,51100000000,0,0,1.12748021,-0.6187266588,1.523303357,0.5630437404,-0.04990705483,-0.7408639632,-0.3627831586,0,1
1534,51133333333,0,0,1.131616848,-0.6181037798,1.523014875,0.5646816209,-0.0490873461,-0.740602281,-0.3608785957,0,1
1535,51166666667,0,0,1.134357732,-0.6175805689,1.521633246,0.565697831,-0.04869072624,-0.740155618,-0.3602566285,0,1
1536,51200000000,0,0,1.137557284,-0.6168934533,1.520134379,0.5665737752,-0.04877843678,-0.7401404844,-0.3588967604,0,1
1537,51233333333,0,1,1.14113556,-0.6158667492,1.518109263,0.5682593593,-0.04830007279,-0.7396383119,-0.3573283798,0,1
1538,51266666667,0,0,1.143834682,-0.6152100681,1.516402798,0.5694795722,-0.04826720625,-0.7391452017,-0.3564094058,0,1
1539,51300000000,0,0,1.146717806,-0.6151422331,1.514128297,0.5691792729,-0.04772484612,-0.7402458193,-0.354673683,0,1
1540,51333333333,0,0,1.149841317,-0.6147783786,1.512328982,0.5692670699,-0.04638725093,-0.7413452755,-0.3524065956,0,1
1541,51366666667,0,0,1.153197812,-0.6142172883,1.510078904,0.5702195899,-0.04422354847,-0.7414705582,-0.3508779108,0,1
1542,51400000000,0,0,1.156614525,-0.6137602455,1.507698087,0.5702606665,-0.0426249739,-0.7422351218,-0.3493893357,0,1
1543,51433333333,0,0,1.161001534,-0.6136512457,1.50559586,0.570543254,-0.0429918874,-0.7428080216,-0.3476612375,0,1
1544,51466666667,0,0,1.164395517,-0.6124677248,1.503428649,0.5707961185,-0.04326077345,-0.7423724794,-0.3481427846,0,1
1545,51500000000,0,1,1.16582396,-0.6102846628,1.497703426,0.5719156342,-0.04269976647,-0.7416137033,-0.3479918855,0,1
1546,51533333333,0,0,1.170279981,-0.6096490874,1.495403121,0.5709935673,-0.04215501086,-0.7428854764,-0.346857997,0,1
1547,51566666667,0,0,1.172709371,-0.6080615153,1.492981967,0.5713618539,-0.04310966594,-0.7424845084,-0.3469927137,0,1
1548,51600000000,0,0,1.174607667,-0.6070474912,1.490111695,0.5719873729,-0.04420753472,-0.7423059649,-0.3462051323,0,1
1549,51633333333,0,0,1.177548388,-0.6053769677,1.488135526,0.5727061615,-0.04383476893,-0.7419914945,-0.3457380334,0,1
1550,51666666667,0,0,1.17890037,-0.6033619778,1.485137184,0.5736505902,-0.04334240702,-0.7406867741,-0.3470295936,0,1
1551,51700000000,0,0,1.180153609,-0.6022024693,1.482002488,0.5752278129,-0.04333536833,-0.7397297635,-0.3464605115,0,1
1552,51733333333,0,0,1.182210272,-0.6007444237,1.478779026,0.5767426738,-0.04335892356,-0.7391744642,-0.3451217227,0,1
1553,51766666667,0,1,1.18356179,-0.5994821823,1.475058828,0.57862443,-0.04237966232,-0.7381369135,-0.3443132732,0,1
1554,51800000000,0,0,1.184474584,-0.5980808835,1.472007254,0.5812201573,-0.04101067162,-0.736939641,-0.342667797,0,1
1555,51833333333,0,0,1.186523707,-0.5967207225,1.46876976,0.5835625267,-0.04112673472,-0.7363794896,-0.3398655858,0,1
1556,51866666667,0,0,1.1893902,-0.5954933615,1.466738432,0.5857674674,-0.04367046204,-0.7353308425,-0.3380205866,0,1
1557,51900000000,0,0,1.189965726,-0.5938464952,1.463768628,0.5882406857,-0.0465187331,-0.7335351709,-0.3372462841,0,1
1558,51933333333,0,0,1.190708801,-0.5926876617,1.460570828,0.5909218199,-0.04681768322,-0.7318038834,-0.3362775394,0,1
1559,51966666667,0,1,1.194576283,-0.5915371673,1.45721447,0.5932559118,-0.04575660425,-0.730097239,-0.3360234782,0,1
1560,52000000000,0,0,1.195438192,-0.5900791999,1.454237928,0.5958257323,-0.04677073757,-0.7278500586,-0.3362119674,0,1
1561,52033333333,0,0,1.197404683,-0.589082356,1.451436128,0.5984068346,-0.04780096939,-0.726220288,-0.3350051057,0,1
1562,52066666667,0,0,1.199417467,-0.5872386733,1.448890584,0.6002902956,-0.04775301377,-0.7243642617,-0.3356599873,0,1
1563,52100000000,0,0,1.19896525,-0.586209135,1.445369165,0.6016517486,-0.04781059501,-0.7229031601,-0.3363634071,0,1
1564,52133333333,0,0,1.201305541,-0.5848909201,1.442703274,0.6030725074,-0.04773726662,-0.7225069247,-0.334676632,0,1
1565,52166666667,0,0,1.203154102,-0.5833214014,1.440432783,0.604661794,-0.04825466452,-0.7213445528,-0.3342418861,0,1
1566,52200000000,0,1,1.203651163,-0.5814467663,1.437484197,0.6059318945,-0.04838584052,-0.7203664768,-0.3340321673,0,1
1567,52233333333,0,0,1.204926352,-0.5803008597,1.43476434,0.6068205444,-0.04883730828,-0.72024846,-0.3326047204,0,1
1568,52266666667,0,0,1.206938244,-0.5795734445,1.433501682,0.6082440333,-0.04958515,-0.7195655307,-0.3313698175,0,1
1569,52300000000,0,0,1.207928091,-0.578751331,1.43055825,0.6109589396,-0.0514843192,-0.7175345246,-0.3304886459,0,1
1570,52333333333,0,0,1.209037025,-0.5778839899,1.427095127,0.6122110512,-0.05263332833,-0.716953251,-0.3292497493,0,1
1571,52366666667,0,0,1.21067034,-0.5776154026,1.425536878,0.6130128702,-0.05308037256,-0.7164458489,-0.3287902683,0,1
1572,52400000000,0,0,1.211876777,-0.5767217397,1.422505389,0.6150760757,-0.05432501598,-0.7148551124,-0.3281956461,0,1
1573,52433333333,0,0,1.212264981,-0.5762092283,1.419046219,0.6159816824,-0.05550404323,-0.7147594129,-0.3265039812,0,1
1574,52466666667,0,0,1.214517572,-0.5755549196,1.417376366,0.6163944151,-0.05439831759,-0.7150072907,-0.3253664432,0,1
1575,52500000000,0,1,1.216068734,-0.5750550383,1.415542461,0.6184758876,-0.05448925125,-0.7133748894,-0.3249842536,0,1
1576,52533333333,0,0,1.217432926,-0.574886171,1.412433539,0.6205553066,-0.0559296301,-0.7120833285,-0.3236051934,0,1
1577,52566666667,0,0,1.219338221,-0.5738880095,1.410908438,0.6216242363,-0.05679942288,-0.7115673154,-0.3225354091,0,1
1578,52600000000,0,0,1.219595199,-0.5728426054,1.409504317,0.6245525163,-0.05691385985,-0.7093667699,-0.3217044492,0,1
1579,52633333333,0,0,1.22018257,-0.5720411379,1.407695009,0.6287444578,-0.05446218329,-0.7067013279,-0.3198241871,0,1
1580,52666666667,0,0,1.221257134,-0.5722275178,1.405850522,0.6324235479,-0.05160018514,-0.7047127144,-0.3174237975,0,1
1581,52700000000,0,1,1.223144201,-0.5725235922,1.404966384,0.6365750057,-0.04870697269,-0.7024257515,-0.3146394073,0,1
1582,52733333333,0,0,1.225313933,-0.5724493656,1.403713219,0.6422948841,-0.04698650921,-0.698754329,-0.3114352861,0,1
1583,52766666667,0,0,1.227344255,-0.5725819511,1.402250494,0.6462905737,-0.04840920091,-0.6965355493,-0.3079014001,0,1
1584,52800000000,0,0,1.227932843,-0.571800352,1.400698865,0.6494816159,-0.04877675643,-0.6953262497,-0.3038352598,0,1
1585,52833333333,0,0,1.229966963,-0.5721714684,1.399811461,0.6556560933,-0.04671939656,-0.691307127,-0.3000447325,0,1
1586,52866666667,0,0,1.233156462,-0.5723985348,1.398790709,0.6599010971,-0.04460669731,-0.6884799163,-0.2975503141,0,1
1587,52900000000,0,0,1.236175619,-0.5723176066,1.397247336,0.6628583946,-0.04496216537,-0.6870237176,-0.2942712419,0,1
1588,52933333333,0,0,1.238561632,-0.5719669093,1.396098056,0.6671811446,-0.0470102125,-0.6839313017,-0.2913714722,0,1
1589,52966666667,0,0,1.239846465,-0.5715061212,1.393865055,0.6708359559,-0.04733529091,-0.6813611214,-0.2889385967,0,1
1590,53000000000,0,1,1.242673991,-0.5707810861,1.392416197,0.6734888044,-0.04566981485,-0.6800603876,-0.286085595,0,1
1591,53033333333,0,0,1.245622352,-0.5709506311,1.390698564,0.6767095093,-0.04710619418,-0.677857328,-0.2834690271,0,1
1592,53066666667,0,0,1.248550977,-0.5701912939,1.388191115,0.679119551,-0.04852052387,-0.6764734261,-0.2807598584,0,1
1593,53100000000,0,0,1.252070236,-0.5697674334,1.386912564,0.6805589829,-0.04890999537,-0.6756119582,-0.2792772189,0,1
1594,53133333333,0,0,1.255527516,-0.5688010087,1.384882416,0.6826668075,-0.04937196095,-0.673855148,-0.278294231,0,1
1595,53166666667,0,0,1.258571083,-0.5678019795,1.38216714,0.6837913318,-0.04923542125,-0.6731190441,-0.2773374126,0,1
1596,53200000000,0,0,1.262194908,-0.566292581,1.379397997,0.6839278449,-0.04768773747,-0.6731093408,-0.2772947854,0,1
1597,53233333333,0,0,1.266494044,-0.5648143504,1.377399143,0.6846493194,-0.04695794464,-0.6723434748,-0.2774968697,0,1
1598,53266666667,0,1,1.269884951,-0.56242779,1.37432574,0.6847475372,-0.04691259165,-0.672015998,-0.2780548823,0,1
1599,53300000000,0,0,1.277044528,-0.5578372728,1.370170906,0.6848374349,-0.04884571781,-0.6708479685,-0.2803119455,0,1
1600,53333333333,0,0,1.280071073,-0.5554093885,1.367197864,0.6862464567,-0.04920756983,-0.6691571646,-0.2808435594,0,1
1601,53366666667,0,0,1.284014709,-0.5538302663,1.364239954,0.6865896382,-0.04978403287,-0.6687378902,-0.2809018566,0,1
1602,53400000000,0,0,1.287940017,-0.5509921604,1.361879233,0.6863826006,-0.05066254482,-0.6686817087,-0.2813840873,0,1
1603,53433333333,0,0,1.290713375,-0.5483129656,1.359268998,0.6875172067,-0.05211913645,-0.6672928886,-0.281644966,0,1
1604,53466666667,0,1,1.292472048,-0.5469487001,1.356534909,0.6883384493,-0.05246941363,-0.6663944728,-0.2817011651,0,1
1605,53500000000,0,0,1.295998982,-0.5443013376,1.354900533,0.6877005282,-0.05156581218,-0.6665739583,-0.2829984252,0,1
1606,53533333333,0,0,1.297962144,-0.5426094526,1.353686607,0.6886243552,-0.05272694215,-0.665433332,-0.2832222585,0,1
1607,53566666667,0,0,1.299746421,-0.5408114082,1.352070308,0.6895916204,-0.05302973815,-0.6642219375,-0.2836555334,0,1
1608,53600000000,0,0,1.300915614,-0.5394568672,1.350480098,0.690618134,-0.05285682499,-0.6626919699,-0.2847667503,0,1
1609,53633333333,0,0,1.302956005,-0.5379536333,1.348492033,0.6922868336,-0.05280224765,-0.6608355345,-0.285039048,0,1
1610,53666666667,0,0,1.304433562,-0.5367431536,1.34656067,0.6937215505,-0.05379475226,-0.6591058041,-0.2853700651,0,1
1611,53700000000,0,0,1.305838566,-0.5350686434,1.344478061,0.6947518127,-0.05490378367,-0.6579020312,-0.2854302205,0,1
1612,53733333333,0,0,1.306566673,-0.5338839521,1.342965339,0.6953951159,-0.05453934945,-0.6572810517,-0.2853641731,0,1
1613,53766666667,0,1,1.30976251,-0.5308924551,1.339978682,0.6972957286,-0.0537520948,-0.6552512375,-0.2855436832,0,1
1614,53800000000,0,0,1.310804575,-0.5287521497,1.337317782,0.6981105793,-0.0553279369,-0.6540177493,-0.2860790486,0,1
1615,53833333333,0,0,1.310900783,-0.5266275014,1.335136701,0.6980764517,-0.05564774769,-0.6539852966,-0.2861744706,0,1
1616,53866666667,0,0,1.312274884,-0.5249814818,1.332963937,0.6995117673,-0.05501402574,-0.6523719014,-0.2864745132,0,1
1617,53900000000,0,0,1.313983538,-0.5231817285,1.329949251,0.700330428,-0.05455019635,-0.6514697254,-0.2866160579,0,1
1618,53933333333,0,0,1.314102791,-0.5218294639,1.327220694,0.7004438852,-0.05495864026,-0.6517809928,-0.2855511322,0,1
1619,53966666667,0,0,1.315366886,-0.5209363106,1.325027688,0.7015370516,-0.05549546183,-0.6513967406,-0.2836341046,0,1
1620,54000000000,0,0,1.316420021,-0.5198273329,1.321560706,0.7023299886,-0.05596485574,-0.6510949772,-0.2822691138,0,1
1621,54033333333,0,0,1.319248475,-0.5178427792,1.315787962,0.7041376792,-0.05763002346,-0.6508634074,-0.2779311678,0,1
1622,54066666667,0,1,1.318599091,-0.5152452244,1.311009023,0.7056693555,-0.05784273416,-0.6498927044,-0.276268803,0,1
1623,54100000000,0,0,1.320673678,-0.5140312683,1.307643187,0.7066283892,-0.05844701183,-0.6501238632,-0.2731285941,0,1
1624,54133333333,0,0,1.322841288,-0.5125828804,1.30484142,0.7073613907,-0.06018934658,-0.6498791808,-0.2714298361,0,1
1625,54166666667,0,0,1.321419213,-0.5109439496,1.301313979,0.7090737322,-0.0631527063,-0.6490090086,-0.2683532834,0,1
1626,54200000000,0,0,1.322144944,-0.5098627466,1.297514214,0.7104218595,-0.06292910763,-0.648817026,-0.2652869687,0,1
1627,54233333333,0,0,1.324293653,-0.5082295447,1.294653012,0.7123684984,-0.06255076301,-0.6474188879,-0.2635665156,0,1
1628,54266666667,0,0,1.324975261,-0.5068433291,1.291171315,0.7150067971,-0.064896273,-0.6452507245,-0.2611613608,0,1
1629,54300000000,0,0,1.326570749,-0.5051517573,1.288146433,0.71701557,-0.06741892431,-0.6438573763,-0.2584396255,0,1
1630,54333333333,0,1,1.326256054,-0.503285386,1.284305405,0.7205905468,-0.06999754337,-0.6398179749,-0.2578421356,0,1
1631,54366666667,0,0,1.325090617,-0.5017871881,1.280813559,0.7229091493,-0.07170247544,-0.6375443014,-0.2565119503,0,1
1632,54400000000,0,0,1.326439869,-0.5006854925,1.278184746,0.7244275757,-0.07162553506,-0.6361889341,-0.2556132046,0,1
1633,54433333333,0,0,1.326384928,-0.4987022425,1.274935577,0.7275047786,-0.07230641423,-0.6328031733,-0.2550857178,0,1
1634,54466666667,0,0,1.326172514,-0.4983532447,1.270939464,0.7298437078,-0.07356497073,-0.6308200669,-0.2529474262,0,1
1635,54500000000,0,0,1.327537773,-0.4977654433,1.267508204,0.7310185255,-0.07523835293,-0.6303040494,-0.2503355966,0,1
1636,54533333333,0,0,1.327493807,-0.49606584,1.264477465,0.7323638079,-0.07673178609,-0.6294591792,-0.2480657729,0,1
1637,54566666667,0,0,1.328027216,-0.4953861802,1.260756684,0.7331934895,-0.07812937568,-0.6294189751,-0.2452648802,0,1
1638,54600000000,0,0,1.330151918,-0.4944744007,1.257272479,0.733405506,-0.08019837079,-0.6299055476,-0.2427006104,0,1
1639,54633333333,0,0,1.331424813,-0.4925596856,1.253871487,0.73419893,-0.08350873001,-0.6291360906,-0.2411762897,0,1
1640,54666666667,0,0,1.330334747,-0.4907066529,1.250412984,0.7351102719,-0.08558260927,-0.628200492,-0.2401096563,0,1
1641,54700000000,0,1,1.330944014,-0.488649954,1.247533729,0.7363259261,-0.08521929459,-0.6271822618,-0.2391740223,0,1
1642,54733333333,0,0,1.331539652,-0.4870679251,1.244644373,0.7374771905,-0.08505755586,-0.6252440061,-0.240754104,0,1
1643,54766666667,0,0,1.330523153,-0.4855021283,1.24124724,0.7388409636,-0.08622455171,-0.6233006501,-0.2411963032,0,1
1644,54800000000,0,0,1.330606706,-0.4847195183,1.238448139,0.7397902903,-0.08638740942,-0.6224505643,-0.2404222053,0,1
1645,54833333333,0,0,1.331536653,-0.4830184038,1.235620055,0.7407976785,-0.08551618329,-0.6212320755,-0.2407830775,0,1
1646,54866666667,0,0,1.331004917,-0.4812731138,1.232413123,0.7416353833,-0.08375760817,-0.620183034,-0.2415256211,0,1
1647,54900000000,0,0,1.331599892,-0.4796547144,1.229987028,0.7434166504,-0.08099702386,-0.6182111693,-0.2420456903,0,1
1648,54933333333,0,0,1.332711496,-0.4790348302,1.226735249,0.7453039077,-0.0801253472,-0.6157176753,-0.2428863072,0,1
1649,54966666667,0,0,1.332874071,-0.4771862485,1.222224658,0.7463843416,-0.08018663278,-0.6144093633,-0.2428613862,0,1
1650,55000000000,0,0,1.33296364,-0.4755670183,1.21883462,0.7473091707,-0.08048966266,-0.6136941021,-0.2417229129,0,1
1651,55033333333,0,1,1.332810115,-0.4745792375,1.216234791,0.7490399193,-0.07989283576,-0.6116839065,-0.2416591248,0,1
1652,55066666667,0,0,1.332830239,-0.4729766146,1.212759046,0.750361726,-0.07937442917,-0.6102585929,-0.2413326128,0,1
1653,55100000000,0,0,1.334106735,-0.4716345545,1.208749705,0.7505035293,-0.07809820576,-0.6103070089,-0.2411855669,0,1
1654,55133333333,0,0,1.33356182,-0.4692944382,1.205277947,0.75130158,-0.07713539468,-0.6096712569,-0.2406180071,0,1
1655,55166666667,0,0,1.334314588,-0.4674473299,1.20084182,0.7528014379,-0.07559477163,-0.6085819035,-0.239172516,0,1
1656,55200000000,0,0,1.334551121,-0.465719243,1.197309974,0.7544059806,-0.07462780231,-0.6073921828,-0.2374385054,0,1
1657,55233333333,0,0,1.335338441,-0.4645621379,1.192990759,0.7567253735,-0.07542642341,-0.6055500417,-0.2344924535,0,1
1658,55266666667,0,0,1.334924562,-0.4629269357,1.188558447,0.7583938695,-0.07493638792,-0.60475777,-0.2312818974,0,1
1659,55300000000,0,0,1.335818521,-0.4615663573,1.183680446,0.7599802936,-0.07256111317,-0.6040037348,-0.2287888254,0,1
1660,55333333333,0,1,1.33870441,-0.4610983697,1.180196883,0.7614317382,-0.07206635295,-0.603376675,-0.2257537084,0,1
1661,55366666667,0,0,1.339282304,-0.4593288358,1.175095812,0.7633563929,-0.07239828103,-0.6020779243,-0.2225930803,0,1
1662,55400000000,0,0,1.340495494,-0.4576176971,1.170890818,0.7649833306,-0.0705121402,-0.6013605046,-0.2195315138,0,1
1663,55433333333,0,0,1.343757304,-0.4561839261,1.166050861,0.7672193307,-0.06909368438,-0.5991908375,-0.218107546,0,1
1664,55466666667,0,0,1.344705715,-0.4546493843,1.160250597,0.7699107526,-0.07020492445,-0.5964223887,-0.2158449348,0,1
1665,55500000000,0,0,1.34663022,-0.4529732786,1.155381666,0.7719943361,-0.07177518232,-0.5948620335,-0.2121608572,0,1
1666,55533333333,0,0,1.346560656,-0.4508135803,1.150611106,0.7738306962,-0.07086968473,-0.5932291973,-0.2103393945,0,1
1667,55566666667,0,0,1.348104125,-0.4494773555,1.145704574,0.7753183774,-0.06810232902,-0.5920710002,-0.2090344881,0,1
1668,55600000000,0,1,1.35071512,-0.4489751903,1.141825739,0.776811908,-0.06773612066,-0.5908124506,-0.2071611106,0,1
1669,55633333333,0,0,1.351033496,-0.4469470634,1.136387014,0.7779490691,-0.06597094809,-0.5899176436,-0.2060103243,0,1
1670,55666666667,0,0,1.351466743,-0.4446552792,1.131730729,0.7786523565,-0.0621915057,-0.5897920887,-0.2048853737,0,1
1671,55700000000,0,0,1.35457916,-0.4434953117,1.125950181,0.7800753006,-0.05987672117,-0.5891159993,-0.2020882062,0,1
1672,55733333333,0,0,1.355585062,-0.4415097644,1.120783224,0.7805860003,-0.05903043897,-0.5892551744,-0.1999481003,0,1
1673,55766666667,0,0,1.354257792,-0.4408214975,1.11525944,0.781097931,-0.05640095791,-0.5896219553,-0.1976130156,0,1
1674,55800000000,0,1,1.356964852,-0.4410510941,1.109636759,0.7789146496,-0.04933022575,-0.5939907712,-0.1950216943,0,1
1675,55833333333,0,0,1.361020397,-0.4382375326,1.10541986,0.778558307,-0.04668078477,-0.5960315028,-0.190825351,0,1
1676,55866666667,0,0,1.359918374,-0.4369065485,1.099639828,0.7777397949,-0.04456727925,-0.5982242328,-0.1877826838,0,1
1677,55900000000,0,0,1.363521961,-0.4354513553,1.094909924,0.7752626192,-0.03908946424,-0.6021568183,-0.1866736488,0,1
1678,55933333333,0,0,1.365684624,-0.4332007535,1.090624212,0.7755809044,-0.03819079151,-0.6018001565,-0.1866876959,0,1
1679,55966666667,0,0,1.364455494,-0.4316247197,1.085165968,0.7759402982,-0.03766879427,-0.6015341608,-0.1861568398,0,1
1680,56000000000,0,0,1.365128628,-0.4304657446,1.080753708,0.7749361108,-0.03371390735,-0.6027796971,-0.1870669222,0,1
1681,56033333333,0,0,1.366924481,-0.4282665878,1.076263043,0.7752164753,-0.03091807212,-0.6024855442,-0.1873356831,0,1
1682,56066666667,0,1,1.368660269,-0.4274009188,1.070541998,0.7752158974,-0.02995208456,-0.6024386233,-0.1876456506,0,1
1683,56100000000,0,0,1.368164673,-0.4253826218,1.066207635,0.774245116,-0.02851528978,-0.6035584371,-0.1882779633,0,1
1684,56133333333,0,0,1.369653142,-0.4236105466,1.062663473,0.7745130042,-0.02731814911,-0.6030792715,-0.188888108,0,1
1685,56166666667,0,0,1.368421346,-0.4215871639,1.057875568,0.775364837,-0.02670716517,-0.6014602511,-0.190634895,0,1
1686,56200000000,0,0,1.367832773,-0.4198242125,1.053333535,0.7754857272,-0.02570884448,-0.601243079,-0.1909651858,0,1
1687,56233333333,0,0,1.368467677,-0.4175495591,1.050344389,0.7761909484,-0.02539673114,-0.6000588576,-0.1918644964,0,1
1688,56266666667,0,0,1.366404856,-0.4162762272,1.046141898,0.7779671863,-0.02463428603,-0.5972540093,-0.1935144885,0,1
1689,56300000000,0,0,1.36476149,-0.4137149097,1.042056077,0.7791350985,-0.02271706716,-0.5956170051,-0.1940948641,0,1
1690,56333333333,0,0,1.364736169,-0.4119168856,1.038155959,0.780928446,-0.02229991954,-0.593523216,-0.1933485661,0,1
1691,56366666667,0,0,1.363853408,-0.409310045,1.033433404,0.7830093207,-0.02272680845,-0.590951325,-0.1927600253,0,1
1692,56400000000,0,0,1.359913396,-0.4077375481,1.030699258,0.7842328201,-0.02251984801,-0.5895892729,-0.1919797636,0,1
1693,56433333333,0,1,1.364136423,-0.4057248813,1.024077522,0.7863882071,-0.02167091057,-0.5875532219,-0.1894865981,0,1
1694,56466666667,0,0,1.364379284,-0.402774638,1.019926618,0.7888519888,-0.02524583214,-0.5846090466,-0.1879027682,0,1
1695,56500000000,0,0,1.361253221,-0.4006458583,1.016953873,0.7910131279,-0.02932225119,-0.5817194733,-0.1871921243,0,1
1696,56533333333,0,0,1.360686358,-0.3986842259,1.013435981,0.7938693135,-0.03149604338,-0.5778059729,-0.1868683226,0,1
1697,56566666667,0,0,1.359674582,-0.3955990388,1.009393627,0.796446573,-0.03416982938,-0.5739997443,-0.1871618888,0,1
1698,56600000000,0,0,1.356499094,-0.3935986454,1.005235637,0.7982682923,-0.0366912781,-0.5712539151,-0.1873244463,0,1
1699,56633333333,0,0,1.356240463,-0.3910164,1.001886549,0.8000135649,-0.0374375547,-0.5686916498,-0.1875274189,0,1
1700,56666666667,0,1,1.355652218,-0.3879478673,0.9979214877,0.8027768072,-0.03971248019,-0.5644006391,-0.1882132711,0,1
1701,56700000000,0,0,1.353320544,-0.3862684521,0.9939711958,0.8052835241,-0.04309551592,-0.5605422989,-0.1882911399,0,1
1702,56733333333,0,0,1.351058069,-0.384426475,0.9905433329,0.8068170234,-0.04441073463,-0.5581265533,-0.1885967333,0,1
1703,56766666667,0,0,1.350411298,-0.3822492179,0.9872342126,0.8085144322,-0.04436446132,-0.5552187034,-0.189916821,0,1
1704,56800000000,0,0,1.348854886,-0.3799982794,0.9836482327,0.8107487535,-0.04621854241,-0.5520465262,-0.1891955019,0,1
1705,56833333333,0,0,1.346005851,-0.379052414,0.9796614578,0.8120153662,-0.04765173211,-0.5504359724,-0.1880973093,0,1
1706,56866666667,0,0,1.345883261,-0.3775670502,0.9766606669,0.8130971971,-0.04677248663,-0.5489361441,-0.188027637,0,1
1707,56900000000,0,0,1.345333845,-0.3755641724,0.9723606397,0.8145658324,-0.04661532244,-0.5465537721,-0.1886491205,0,1
1708,56933333333,0,1,1.341996834,-0.3733469363,0.9686895144,0.8159518174,-0.04649272223,-0.5446708323,-0.1881349058,0,1
1709,56966666667,0,0,1.342127171,-0.3717148517,0.9655170408,0.8173022822,-0.04437406973,-0.5427288376,-0.1883967364,0,1
1710,57000000000,0,0,1.340301199,-0.3710864356,0.9605041937,0.8185406545,-0.04324192915,-0.5403613514,-0.1900814099,0,1
1711,57033333333,0,0,1.339549576,-0.3694862724,0.9565661664,0.8192483309,-0.04297579525,-0.5400400764,-0.1879945988,0,1
1712,57066666667,0,0,1.339517585,-0.3678532643,0.9537034965,0.8201804533,-0.0432115971,-0.5388534398,-0.1872798772,0,1
1713,57100000000,0,0,1.336254925,-0.367442423,0.9501422963,0.8212802315,-0.04254579863,-0.5369792824,-0.1879943793,0,1
1714,57133333333,0,0,1.334207886,-0.3667553101,0.9460651642,0.8220439678,-0.03962516641,-0.5367677729,-0.1858868449,0,1
1715,57166666667,0,0,1.336097222,-0.3642510039,0.9423678218,0.8230895036,-0.03600967061,-0.535944696,-0.184364464,0,1
1716,57200000000,0,0,1.335044679,-0.362616514,0.9366966546,0.8238870959,-0.03426352644,-0.5345946491,-0.1850530334,0,1
1717,57233333333,0,1,1.335303437,-0.3605688029,0.9300151166,0.8242134774,-0.03275585154,-0.5344897583,-0.1841735488,0,1
1718,57266666667,0,0,1.336775905,-0.357925255,0.9259195398,0.8245270184,-0.03196627815,-0.5340301763,-0.1842420249,0,1
1719,57300000000,0,0,1.334235695,-0.3566311494,0.921743448,0.8247511802,-0.03201757197,-0.5334086225,-0.1850286661,0,1
1720,57333333333,0,0,1.334603263,-0.3550147594,0.917895821,0.8247293149,-0.02905403397,-0.5336965759,-0.1847846995,0,1
1721,57366666667,0,0,1.336693342,-0.3523464649,0.913227443,0.8257528147,-0.0277150097,-0.5324029286,-0.1841501801,0,1
1722,57400000000,0,0,1.33627007,-0.349692537,0.9078087351,0.8262093654,-0.02913960438,-0.5319170398,-0.1832845624,0,1
1723,57433333333,0,0,1.334878176,-0.3486802987,0.9048368895,0.8264538123,-0.02966654493,-0.5321028565,-0.1815503849,0,1
1724,57466666667,0,0,1.338229913,-0.3456994229,0.9008974982,0.8281458293,-0.02739994248,-0.5300303323,-0.1802541965,0,1
1725,57500000000,0,0,1.338564727,-0.3435014348,0.8955442821,0.8301489292,-0.02923936591,-0.5271939012,-0.1790653662,0,1
1726,57533333333,0,0,1.338487442,-0.3421727811,0.8905276753,0.8312219116,-0.03153911503,-0.5264222761,-0.1759403453,0,1
1727,57566666667,0,1,1.343025631,-0.3383069194,0.8851459959,0.833567791,-0.03150147407,-0.5234156465,-0.1738057996,0,1
1728,57600000000,0,0,1.342439585,-0.335787829,0.8814786678,0.8359643097,-0.03291315615,-0.5192077884,-0.1746529974,0,1
1729,57633333333,0,0,1.340878337,-0.3352166675,0.8773771305,0.8378154929,-0.03317085325,-0.5168492973,-0.172718552,0,1
1730,57666666667,0,0,1.344823918,-0.3322430691,0.8719721352,0.8396517618,-0.0328441411,-0.5146817667,-0.1703198767,0,1
1731,57700000000,0,0,1.343985455,-0.3306165169,0.8679471685,0.8408702821,-0.03437158322,-0.5128327784,-0.1695827358,0,1
1732,57733333333,0,0,1.344931589,-0.3292263543,0.8645019213,0.8418412473,-0.03436485658,-0.5120667198,-0.1670629984,0,1
1733,57766666667,0,0,1.348623983,-0.326671437,0.8598808717,0.843492247,-0.03492459183,-0.5096980002,-0.1658585261,0,1
1734,57800000000,0,0,1.346603828,-0.3256000643,0.8568968558,0.8444432231,-0.03592656963,-0.5081926737,-0.1654240943,0,1
1735,57833333333,0,0,1.348242342,-0.324297981,0.8524255458,0.8452512721,-0.03453281283,-0.5075946473,-0.1634180094,0,1
1736,57866666667,0,0,1.35221532,-0.3213932062,0.8478502808,0.8464475781,-0.033739485,-0.5058613513,-0.1627649776,0,1
1737,57900000000,0,0,1.350979476,-0.3199002927,0.8448036057,0.8472957668,-0.03536657672,-0.5045456866,-0.1620886761,0,1
1738,57933333333,0,1,1.350938566,-0.3166493567,0.8398988844,0.8485117226,-0.03477193209,-0.5033066268,-0.159690979,0,1
1739,57966666667,0,0,1.353167186,-0.3140423532,0.8372190439,0.8489665784,-0.03393516697,-0.5024577434,-0.1601261046,0,1
1740,58000000000,0,0,1.353159488,-0.3119883004,0.8338386941,0.8501190809,-0.03406261395,-0.5003309412,-0.1606431942,0,1
1741,58033333333,0,0,1.353863787,-0.3104116659,0.830264126,0.8508953026,-0.03440882753,-0.4990085433,-0.1605730061,0,1
1742,58066666667,0,0,1.354102364,-0.3081218364,0.8282578672,0.8515060132,-0.03463016195,-0.4976926496,-0.1613700344,0,1
1743,58100000000,0,0,1.351643372,-0.3070036216,0.8253163072,0.8527985706,-0.03458425384,-0.4951151244,-0.1624793557,0,1
1744,58133333333,0,0,1.351646413,-0.3060113413,0.8211566342,0.853974271,-0.03342246487,-0.4930836142,-0.1627250218,0,1
1745,58166666667,0,0,1.351140094,-0.304742267,0.8162898906,0.8545883491,-0.0334460029,-0.4919221886,-0.1630112843,0,1
1746,58200000000,0,0,1.350209055,-0.3024700783,0.8145656352,0.8546017964,-0.0324514356,-0.4918788105,-0.1632725012,0,1
1747,58233333333,0,0,1.349460536,-0.3004972431,0.811944105,0.8559384225,-0.03059983187,-0.489488355,-0.1638115303,0,1
1748,58266666667,0,1,1.347373418,-0.299189898,0.8052958238,0.857254484,-0.02902726096,-0.4870939028,-0.1643523583,0,1
1749,58300000000,0,0,1.347213411,-0.296891663,0.8020872154,0.8572091183,-0.02871932937,-0.4873874013,-0.163771941,0,1
1750,58333333333,0,0,1.34644173,-0.294477341,0.8012016004,0.857682089,-0.02818627735,-0.4864306447,-0.1642321402,0,1
1751,58366666667,0,0,1.343196211,-0.2936496567,0.7974988844,0.8590912118,-0.02679174233,-0.4835550447,-0.1655868689,0,1
1752,58400000000,0,0,1.342101411,-0.2919183469,0.7938533056,0.8597035816,-0.02448033354,-0.4825896591,-0.1655828675,0,1
1753,58433333333,0,0,1.342341435,-0.2887210663,0.790409974,0.8608510183,-0.02330302147,-0.4807578097,-0.1651194172,0,1
1754,58466666667,0,0,1.338700226,-0.2875294659,0.7875012283,0.8621784885,-0.02329790003,-0.478543862,-0.1646245241,0,1
1755,58500000000,0,0,1.3373485,-0.2864490008,0.7837391465,0.8631926038,-0.02239708419,-0.4774168151,-0.1626962938,0,1
1756,58533333333,0,0,1.337555566,-0.2836923915,0.7783902617,0.8648135282,-0.02329822548,-0.4751858339,-0.1604779656,0,1
1757,58566666667,0,0,1.333398196,-0.2823492101,0.7751867437,0.865868704,-0.02616652891,-0.473696815,-0.1587388659,0,1
1758,58600000000,0,0,1.330971133,-0.2810580304,0.772039626,0.8665499096,-0.02601117124,-0.4732202527,-0.1564521188,0,1
1759,58633333333,0,0,1.33185475,-0.2770214065,0.7682947017,0.8677596305,-0.02620759024,-0.4715044105,-0.1548869807,0,1
1760,58666666667,0,1,1.329423875,-0.2740700889,0.7609979799,0.870138368,-0.02924805445,-0.4674899185,-0.1531566124,0,1
1761,58700000000,0,0,1.327317774,-0.2709728767,0.759101135,0.8715644384,-0.03142384448,-0.4651701868,-0.1516729012,0,1
1762,58733333333,0,0,1.325419875,-0.2695858593,0.7555638722,0.8736288602,-0.03293068316,-0.4612005719,-0.1515988694,0,1
1763,58766666667,0,0,1.324150814,-0.2675867567,0.7505719892,0.8751175194,-0.03459858927,-0.4581377482,-0.15192784,0,1
1764,58800000000,0,0,1.32202552,-0.2656791713,0.748075232,0.8763136328,-0.03827156857,-0.455938992,-0.1507625274,0,1
1765,58833333333,0,0,1.319783983,-0.2637176043,0.7450148857,0.878149039,-0.041037881,-0.4524025642,-0.1500069253,0,1
1766,58866666667,0,1,1.313841755,-0.2616385617,0.740196454,0.8806666774,-0.04184414495,-0.4477121201,-0.1490943606,0,1
1767,58900000000,0,0,1.3128978,-0.261429899,0.7360596014,0.8819735304,-0.041635642,-0.4459903718,-0.1465665487,0,1
1768,58933333333,0,0,1.313590661,-0.2596238908,0.7313223698,0.8834041872,-0.04452328802,-0.4438771454,-0.1434844891,0,1
1769,58966666667,0,0,1.308013189,-0.2588892549,0.7306257852,0.8845582802,-0.0472107859,-0.4418955764,-0.1416195264,0,1
1770,59000000000,0,0,1.305245415,-0.2591654443,0.7271875384,0.8860266044,-0.04629946253,-0.4400725599,-0.1383812056,0,1
1771,59033333333,0,0,1.305261303,-0.2585180462,0.7218007753,0.8873328202,-0.04631187997,-0.4385601685,-0.1347614729,0,1
1772,59066666667,0,0,1.302776547,-0.257578636,0.7190545866,0.8881943805,-0.04725305003,-0.4377075602,-0.1314913819,0,1
1773,59100000000,0,0,1.300522659,-0.2569432355,0.715615245,0.8890450027,-0.0457291886,-0.4366214185,-0.1298828754,0,1
1774,59133333333,0,0,1.300108196,-0.256329734,0.7109531837,0.8896545641,-0.04378095827,-0.4358602115,-0.1289335499,0,1
1775,59166666667,0,0,1.299820216,-0.2556066793,0.7073943415,0.890206711,-0.04419934166,-0.4348487063,-0.1283940517,0,1
1776,59200000000,0,1,1.295112449,-0.2544952832,0.6998542336,0.8921490076,-0.04495850414,-0.4312205396,-0.1268768197,0,1
1777,59233333333,0,0,1.294636752,-0.2529729785,0.6984431326,0.8929705712,-0.04241769908,-0.4298402443,-0.1266556835,0,1
1778,59266666667,0,0,1.29131336,-0.2532747811,0.6961595209,0.8952753948,-0.04155692827,-0.425307249,-0.1259711598,0,1
1779,59300000000,0,0,1.290430299,-0.2539532338,0.6966551701,0.8977079788,-0.03800002845,-0.4209015516,-0.1245723346,0,1
1780,59333333333,0,0,1.28675705,-0.2528003002,0.6924849346,0.9018666144,-0.03355188462,-0.4129039735,-0.1225609628,0,1
1781,59366666667,0,0,1.286094985,-0.2513012941,0.6883970146,0.9046099758,-0.02931536161,-0.4076138667,-0.1211294223,0,1
1782,59400000000,0,1,1.284537955,-0.2493697684,0.6825698343,0.908485875,-0.02855062433,-0.399630815,-0.1188843488,0,1
1783,59433333333,0,0,1.280431347,-0.2493672035,0.6796427172,0.9107661087,-0.02768158552,-0.3947699488,-0.1178792288,0,1
1784,59466666667,0,0,1.279309179,-0.2482722328,0.6781693505,0.912743301,-0.02498536085,-0.3907303117,-0.1166414233,0,1
1785,59500000000,0,0,1.278171435,-0.2471464603,0.6734637483,0.9154610822,-0.025397242,-0.3850695629,-0.1140500719,0,1
1786,59533333333,0,0,1.273985088,-0.2459030724,0.6722753003,0.9172539877,-0.02560144089,-0.3816099672,-0.1111913725,0,1
1787,59566666667,0,0,1.274942606,-0.2440820629,0.6694996959,0.9195344079,-0.0252313269,-0.3769751143,-0.1082109788,0,1
1788,59600000000,0,0,1.271824681,-0.2423823787,0.6653019957,0.9217704368,-0.02863792679,-0.3723145944,-0.104407728,0,1
1789,59633333333,0,1,1.267785595,-0.2410145285,0.6647753363,0.9228651495,-0.03032051503,-0.3707014528,-0.09990503068,0,1
1790,59666666667,0,0,1.270483182,-0.2389236332,0.6624622439,0.9248593731,-0.03148613269,-0.3664335997,-0.09679969237,0,1
1791,59700000000,0,0,1.266817098,-0.2359429928,0.6599953942,0.9272254298,-0.03575973147,-0.3607344005,-0.09404752062,0,1
1792,59733333333,0,0,1.263541588,-0.2328534787,0.6557795607,0.9304012832,-0.0431942872,-0.3540113833,-0.08463832642,0,1
1793,59766666667,0,0,1.260125958,-0.2306097226,0.6538808064,0.9317216968,-0.04584257332,-0.3505794539,-0.08298906323,0,1
1794,59800000000,0,0,1.259255312,-0.2294790281,0.6519306112,0.9325301315,-0.04783287081,-0.3487133146,-0.08061386069,0,1
1795,59833333333,0,1,1.258310638,-0.2257715243,0.6474151459,0.9338329287,-0.05069063752,-0.3450164708,-0.0796878627,0,1
1796,59866666667,0,0,1.252291847,-0.2251011737,0.6472622718,0.9347127765,-0.05288728576,-0.3426005004,-0.07835724315,0,1
1797,59900000000,0,0,1.252299209,-0.2240233186,0.6452473009,0.9356688232,-0.05167302193,-0.3403819396,-0.07742019978,0,1
1798,59933333333,0,0,1.249451386,-0.2211302132,0.6439128095,0.9368885665,-0.0516202863,-0.3368425461,-0.07818093847,0,1
1799,59966666667,0,0,1.24511291,-0.2198984625,0.6430112683,0.9386717095,-0.05216467128,-0.3324241143,-0.07528928939,0,1
1800,60000000000,0,0,1.24591171,-0.2183782202,0.6376229949,0.9400642987,-0.05320511134,-0.3286416301,-0.0737767538,0,1
1801,60033333333,0,0,1.241282435,-0.2162413063,0.6376921303,0.940967019,-0.05597266335,-0.3253047343,-0.07499973277,0,1
1802,60066666667,0,1,1.234883532,-0.2178176979,0.638980622,0.9424921337,-0.058898142,-0.3204531075,-0.0744942453,0,1
1803,60100000000,0,0,1.233272324,-0.2168767128,0.6368903014,0.9442626044,-0.05832801931,-0.3152474858,-0.07473284939,0,1
1804,60133333333,0,0,1.227903469,-0.2141518063,0.6354301119,0.9457147933,-0.05779571674,-0.3108075394,-0.07537810182,0,1
1805,60166666667,0,0,1.223350347,-0.2135597355,0.6343502241,0.9469757856,-0.05774424304,-0.3072297473,-0.0742451774,0,1
1806,60200000000,0,0,1.219911175,-0.2115667404,0.6308178708,0.948167584,-0.05725786714,-0.3038587656,-0.07327769017,0,1
1807,60233333333,0,0,1.213472876,-0.2110082196,0.6299547555,0.9490674546,-0.05689002442,-0.3013760002,-0.07215953379,0,1
1808,60266666667,0,0,1.21013888,-0.209705557,0.6265840231,0.950257476,-0.05598583159,-0.2984161566,-0.06945583773,0,1
1809,60300000000,0,1,1.202740343,-0.2091987063,0.6256993606,0.9512119992,-0.05646906522,-0.2958394442,-0.06697761258,0,1
1810,60333333333,0,0,1.197713568,-0.2088310377,0.6237968609,0.9519248654,-0.05633739078,-0.29436047,-0.06338030266,0,1
1811,60366666667,0,0,1.192712703,-0.208221162,0.6210582262,0.9524058661,-0.05617691805,-0.2936854975,-0.0592962792,0,1
1812,60400000000,0,0,1.188681603,-0.2081449465,0.618488123,0.9526596102,-0.05651244444,-0.2932572228,-0.05697553815,0,1
1813,60433333333,0,0,1.182241841,-0.2073207944,0.618458569,0.9533673959,-0.05744427181,-0.2913231202,-0.0540518618,0,1
1814,60466666667,0,0,1.174849179,-0.2085599454,0.6174294356,0.9542201538,-0.05627736545,-0.2893379041,-0.05079698261,0,1
1815,60500000000,0,0,1.174676056,-0.2083200634,0.6134235647,0.9548112184,-0.05469775112,-0.288244574,-0.04752640124,0,1
1816,60533333333,0,1,1.170178186,-0.20719098,0.6122035993,0.9552231084,-0.05705204952,-0.2868728388,-0.04469732806,0,1
1817,60566666667,0,0,1.161674509,-0.2102319192,0.6139923977,0.9558892132,-0.0596967474,-0.2847216488,-0.04056714263,0,1
1818,60600000000,0,0,1.160241391,-0.2117151263,0.6100385665,0.9566048907,-0.05781007517,-0.2828455139,-0.03954103748,0,1
1819,60633333333,0,0,1.155317199,-0.2095579975,0.6077043963,0.9575422686,-0.0589572192,-0.2796436421,-0.0378983323,0,1
1820,60666666667,0,0,1.147237651,-0.2120706774,0.6091689476,0.9581034926,-0.06171008219,-0.2775596532,-0.03449930711,0,1
1821,60700000000,0,0,1.145516536,-0.2118008961,0.6068887071,0.9587704727,-0.05994001334,-0.2757587711,-0.03351828806,0,1
1822,60733333333,0,1,1.140764717,-0.2112231722,0.6063905913,0.9597384954,-0.06005466377,-0.272317059,-0.03374725509,0,1
1823,60766666667,0,0,1.134834307,-0.2106447066,0.6051736029,0.960880587,-0.06092262292,-0.2683978899,-0.03097586574,0,1
1824,60800000000,0,0,1.131722001,-0.2103241872,0.6045088655,0.9615562455,-0.06022691724,-0.2660861902,-0.03131205274,0,1
1825,60833333333,0,0,1.126560523,-0.21008014,0.6037109365,0.9629123063,-0.06034323408,-0.2607782324,-0.03396024,0,1
1826,60866666667,0,0,1.120430588,-0.2093893491,0.6033460082,0.9640191268,-0.06080333259,-0.2567578605,-0.03233386819,0,1
1827,60900000000,0,0,1.118066733,-0.2078023193,0.5994373045,0.9647622724,-0.06203679478,-0.2540570774,-0.0289861223,0,1
1828,60933333333,0,0,1.11290923,-0.207371286,0.6005543504,0.9652755171,-0.06501596745,-0.2514369617,-0.02820557238,0,1
1829,60966666667,0,1,1.105812655,-0.2085570415,0.601399592,0.9663833897,-0.06663547714,-0.2468501583,-0.02697881706,0,1
1830,61000000000,0,0,1.103521271,-0.2063811835,0.5988832181,0.9674602596,-0.06617691856,-0.2431257228,-0.02304657122,0,1
1831,61033333333,0,0,1.099973812,-0.2036692654,0.5966885551,0.9684273892,-0.06820024057,-0.238822506,-0.02146927165,0,1
1832,61066666667,0,0,1.09221649,-0.2036269114,0.5993295147,0.969456531,-0.07075503678,-0.234044443,-0.0192602685,0,1
1833,61100000000,0,0,1.089342437,-0.2035294686,0.5970010413,0.9707608555,-0.07038451635,-0.228931607,-0.01611522868,0,1
1834,61133333333,0,0,1.085573966,-0.2008617281,0.5947904897,0.9718720005,-0.07085640097,-0.2241558054,-0.01408403204,0,1
1835,61166666667,0,1,1.076811725,-0.2000908368,0.5970833034,0.9729242982,-0.07190458619,-0.2194571475,-0.009305955506,0,1
1836,61200000000,0,0,1.074663497,-0.1993737523,0.5938040732,0.9739186968,-0.06920172045,-0.2160082364,-0.005825443831,0,1
1837,61233333333,0,0,1.072294667,-0.1969342923,0.5923281397,0.9749313704,-0.06872130718,-0.2116049738,-0.003088678432,0,1
1838,61266666667,0,0,1.067317694,-0.1960905294,0.5911351599,0.9759100205,-0.06960199251,-0.2067474419,0.003269515745,0,1
1839,61300000000,0,0,1.06631174,-0.1948136463,0.587959468,0.9765050425,-0.07037129476,-0.2035153333,0.008203174279,0,1
1840,61333333333,0,0,1.062549287,-0.1939757273,0.5864911579,0.9775905611,-0.07173716498,-0.197686688,0.00951038522,0,1
1841,61366666667,0,1,1.058300247,-0.1941075666,0.5862814429,0.9786213408,-0.07342306396,-0.1917823593,0.01135128714,0,1
1842,61400000000,0,0,1.055607562,-0.1924410123,0.5836116951,0.9796171326,-0.07431880021,-0.1860216877,0.01493054774,0,1
1843,61433333333,0,0,1.051797219,-0.1910688967,0.5819835226,0.9804127576,-0.07557455151,-0.1810934932,0.01686589795,0,1
1844,61466666667,0,0,1.046471605,-0.1903655085,0.5823851995,0.9811256543,-0.07580126087,-0.1769452908,0.01835710745,0,1
1845,61500000000,0,0,1.043575544,-0.1906277022,0.580892752,0.981952257,-0.07450605656,-0.1726406042,0.0203429181,0,1
1846,61533333333,0,0,1.041271922,-0.1887349569,0.5779027503,0.9824951223,-0.07414002043,-0.1692900338,0.02339821675,0,1
1847,61566666667,0,1,1.036949617,-0.1878068698,0.5764864916,0.9829648078,-0.07479412794,-0.1658919636,0.02580467745,0,1
1848,61600000000,0,0,1.034155054,-0.1880250491,0.5753441457,0.9834057321,-0.07647947315,-0.1621606015,0.02771273229,0,1
1849,61633333333,0,0,1.029466746,-0.1869121771,0.5744889938,0.98402415,-0.07721751749,-0.1579154892,0.02822455307,0,1
1850,61666666667,0,0,1.02580199,-0.1867267413,0.5736334463,0.9844433791,-0.07777217958,-0.1546847713,0.02992228107,0,1
1851,61700000000,0,0,1.022087441,-0.1851914384,0.5716723586,0.9849260545,-0.0784835574,-0.1508817507,0.03155464727,0,1
1852,61733333333,0,0,1.015830705,-0.1852959219,0.5724763997,0.9853818479,-0.0788998408,-0.1478568097,0.0305907304,0,1
1853,61766666667,0,1,1.009616352,-0.1871591537,0.5730217006,0.9860642936,-0.07724785891,-0.1441753734,0.03038813673,0,1
1854,61800000000,0,0,1.008305749,-0.1850237323,0.5693712736,0.9864925733,-0.07594308212,-0.1411894396,0.03362429659,0,1
1855,61833333333,0,0,1.002214158,-0.1854598917,0.5698937939,0.9869443091,-0.0762579247,-0.1377312525,0.03399649697,0,1
1856,61866666667,0,0,0.9976482827,-0.1863304204,0.5703573209,0.9874025029,-0.07543749222,-0.1345721096,0.03515436308,0,1
1857,61900000000,0,0,0.9942575811,-0.1850832195,0.567358715,0.9878314908,-0.07413616142,-0.1316589141,0.03686062583,0,1
1858,61933333333,0,0,0.9879365049,-0.1852043569,0.5683071063,0.9880028818,-0.07389755802,-0.1303053197,0.03754970275,0,1
1859,61966666667,0,0,0.9849151908,-0.1859837742,0.5676069172,0.988099926,-0.07363634093,-0.1294320527,0.03851712926,0,1
1860,62000000000,0,1,0.977110183,-0.1868504775,0.5657682404,0.9887501524,-0.07406094769,-0.1238983857,0.03920844424,0,1
1861,62033333333,0,0,0.970554723,-0.1865865998,0.5666105637,0.9889669058,-0.07434167484,-0.1206421863,0.0431652354,0,1
1862,62066666667,0,0,0.9658010342,-0.1872411613,0.5665664787,0.9889411737,-0.07315905507,-0.1207367321,0.04545051357,0,1
1863,62100000000,0,0,0.9618225877,-0.1868948713,0.5664355261,0.9890344768,-0.07349603944,-0.1186416041,0.04830430194,0,1
1864,62133333333,0,0,0.9559766389,-0.1871335736,0.5663750124,0.9890123576,-0.07495832778,-0.1169037998,0.05068833414,0,1
1865,62166666667,0,0,0.9511729267,-0.1867925742,0.5676320982,0.9889215186,-0.07622127352,-0.116308387,0.0519317492,0,1
1866,62200000000,0,1,0.9415540186,-0.1884289201,0.5677280824,0.9893245491,-0.07796807673,-0.1112206872,0.0528003241,0,1
1867,62233333333,0,0,0.9357889006,-0.188462588,0.5688504574,0.9895017556,-0.07813376642,-0.1090648089,0.05372390284,0,1
1868,62266666667,0,0,0.9318513293,-0.1878560073,0.5686788987,0.9895167786,-0.07820136734,-0.108107856,0.05526103869,0,1
1869,62300000000,0,0,0.9270904062,-0.1883939591,0.570616788,0.989378333,-0.0812529517,-0.1059877741,0.05740264515,0,1
1870,62333333333,0,0,0.9204564242,-0.190683962,0.5736073708,0.9893355598,-0.08390542236,-0.1031968333,0.05937544726,0,1
1871,62366666667,0,0,0.9152428829,-0.193512247,0.5764974498,0.9896102479,-0.08304921468,-0.1014085212,0.05908212148,0,1
1872,62400000000,0,1,0.9102482927,-0.192907313,0.5739832448,0.9901131445,-0.08084360346,-0.09774564794,0.05988373041,0,1
1873,62433333333,0,0,0.9038648885,-0.1918810358,0.5759661499,0.9900352467,-0.08193912514,-0.09620181411,0.06214017221,0,1
1874,62466666667,0,0,0.8990460142,-0.1942945021,0.5781146261,0.9899740128,-0.08256550666,-0.09602977361,0.06255136895,0,1
1875,62500000000,0,0,0.897227996,-0.1951715706,0.577462956,0.9902563496,-0.08247805964,-0.09442813066,0.06060577507,0,1
1876,62533333333,0,0,0.8916881502,-0.1951656068,0.5795959855,0.9904552948,-0.08349310524,-0.09198840983,0.05971049258,0,1
1877,62566666667,0,0,0.8849932183,-0.197821199,0.5825144751,0.9905040871,-0.08333674129,-0.09096298142,0.06068259197,0,1
1878,62600000000,0,0,0.8850435778,-0.1977054812,0.5792904277,0.9906340558,-0.08166246236,-0.09136869369,0.06022600429,0,1
1879,62633333333,0,1,0.8766913764,-0.1980819777,0.5799022502,0.9906932228,-0.08435833208,-0.08824288482,0.06019803518,0,1
1880,62666666667,0,0,0.8717176592,-0.20039337,0.5822445204,0.9904995618,-0.0852257633,-0.08831584985,0.06202820355,0,1
1881,62700000000,0,0,0.8702846324,-0.2003528598,0.5816568052,0.9905523054,-0.08509450243,-0.08785096467,0.0620263159,0,1
1882,62733333333,0,0,0.8661894554,-0.2016762189,0.5844716408,0.9907082941,-0.08640757768,-0.08531602625,0.06125342529,0,1
1883,62766666667,0,0,0.8615530862,-0.2019287055,0.5854339916,0.9907890672,-0.08608384615,-0.08348001118,0.06291012149,0,1
1884,62800000000,0,0,0.8601770408,-0.2011863996,0.5856134746,0.9907811495,-0.08583108702,-0.08315721855,0.0638013734,0,1
1885,62833333333,0,0,0.8556986645,-0.2022390982,0.5867729058,0.9908553432,-0.08758866175,-0.08010847358,0.06416032737,0,1
1886,62866666667,0,0,0.8520656437,-0.2019053502,0.5884882241,0.990984307,-0.08705459079,-0.07840618474,0.06499285819,0,1
1887,62900000000,0,1,0.846901919,-0.2030558014,0.5887521439,0.9911096121,-0.08772300183,-0.07480891988,0.06640811138,0,1
1888,62933333333,0,0,0.8441936999,-0.2035648593,0.590166538,0.9910034096,-0.08951873567,-0.07227649506,0.06837211709,0,1
1889,62966666667,0,0,0.840886994,-0.2042668717,0.592582911,0.9908973174,-0.09082750212,-0.06859619548,0.07188486076,0,1
1890,63000000000,0,0,0.8380499551,-0.2036533464,0.5939233939,0.9908761588,-0.09078288538,-0.06500958913,0.0754762144,0,1
1891,63033333333,0,0,0.8353620657,-0.2040194626,0.595279856,0.9908301367,-0.09191541554,-0.06014257156,0.07867698371,0,1
1892,63066666667,0,0,0.8318143476,-0.20404907,0.5974274339,0.9907750253,-0.09259487021,-0.05452380418,0.08257235614,0,1
1893,63100000000,0,1,0.8267115581,-0.2045457678,0.5984610803,0.9908354075,-0.09263692352,-0.04825665939,0.08564397502,0,1
1894,63133333333,0,0,0.8242991821,-0.2041849751,0.6003545865,0.9907028026,-0.09215942336,-0.04411707044,0.08982361477,0,1
1895,63166666667,0,0,0.821144383,-0.2030480745,0.6011287508,0.9903374094,-0.09271058455,-0.03909837732,0.09543521296,0,1
1896,63200000000,0,0,0.8140612985,-0.2052499051,0.6047985653,0.9897303232,-0.09362681827,-0.0313576319,0.103366364,0,1
1897,63233333333,0,0,0.809612519,-0.205467776,0.6059894702,0.9895564685,-0.09279203791,-0.02619054828,0.1071526413,0,1
1898,63266666667,0,0,0.8053483782,-0.2061643668,0.6074548101,0.9893975823,-0.09150135324,-0.02241209237,0.1105333639,0,1
1899,63300000000,0,0,0.8037622386,-0.2049520834,0.6061588044,0.9894703993,-0.08949452314,-0.02086198517,0.1118205559,0,1
1900,63333333333,0,1,0.7990847357,-0.2062564061,0.6076309348,0.9893457859,-0.09092119,-0.01672674882,0.1124654121,0,1
1901,63366666667,0,0,0.7946248378,-0.2079648282,0.6092305577,0.9889553963,-0.08984062405,-0.01399418068,0.1170472093,0,1
1902,63400000000,0,0,0.7907757114,-0.2066863276,0.6086386079,0.988787157,-0.08703499362,-0.01319814101,0.1206261871,0,1
1903,63433333333,0,0,0.787235668,-0.2066613035,0.6085668284,0.9885819484,-0.08652945863,-0.01176917365,0.1228001249,0,1
1904,63466666667,0,0,0.7812962997,-0.2057819249,0.609593988,0.9880233984,-0.0858836612,-0.009771447809,0.1278212802,0,1
1905,63500000000,0,0,0.7801606438,-0.2048111645,0.6085255191,0.9877746388,-0.08577547953,-0.01227058644,0.1295888216,0,1
1906,63533333333,0,0,0.7757766952,-0.2048799175,0.6083441295,0.9874423183,-0.08891784506,-0.01089934052,0.1301248989,0,1
1907,63566666667,0,0,0.7719299677,-0.2057180632,0.6116932014,0.9871401857,-0.09145513321,-0.01006101064,0.1307248577,0,1
1908,63600000000,0,0,0.768689219,-0.2062077683,0.6111581266,0.9871684191,-0.09182301921,-0.007420096387,0.1304300103,0,1
1909,63633333333,0,0,0.7641298397,-0.2052437093,0.6129339849,0.9870480081,-0.09345193474,-0.004411674651,0.1303207685,0,1
1910,63666666667,0,0,0.7585684559,-0.2068891269,0.6172546637,0.9867624018,-0.09485864968,-0.002663158909,0.1315093405,0,1
1911,63700000000,0,0,0.7572998106,-0.207298244,0.6169909523,0.9869458968,-0.09381021892,-0.002660177809,0.1308830132,0,1
1912,63733333333,0,1,0.7560058817,-0.2091038515,0.6195574763,0.9873502575,-0.09533548336,-0.002295434133,0.1266702235,0,1
1913,63766666667,0,0,0.7509668013,-0.2097770796,0.6224871207,0.9872877904,-0.09432231832,-0.0007238796339,0.1279280858,0,1
1914,63800000000,0,0,0.7476002532,-0.2084060149,0.6226390622,0.987285366,-0.0931020394,-0.0006240410554,0.128837987,0,1
1915,63833333333,0,0,0.743785667,-0.2098544562,0.6261428512,0.9874386514,-0.09512149373,0.0007466125988,0.1261596358,0,1
1916,63866666667,0,0,0.7389023636,-0.211286643,0.6296628943,0.9874951549,-0.09478594971,0.002846570043,0.1259398263,0,1
1917,63900000000,0,0,0.7340523249,-0.2099812934,0.6300964798,0.9876487171,-0.09289178393,0.003270875802,0.1261365507,0,1
1918,63933333333,0,1,0.7311181099,-0.2120941926,0.6310389188,0.9874534691,-0.09684149374,0.001518810691,0.1247199446,0,1
1919,63966666667,0,0,0.7275915983,-0.2147969981,0.6355050869,0.987328153,-0.09932217262,-0.0002516869477,0.1237665581,0,1
1920,64000000000,0,0,0.7239941111,-0.2154102329,0.6377426535,0.9875964068,-0.09864205833,-0.0001959969579,0.1221599082,0,1
1921,64033333333,0,0,0.7195123746,-0.2172899336,0.6414802809,0.9877390454,-0.0986179021,0.0008816108771,0.1210178101,0,1
1922,64066666667,0,0,0.7153416403,-0.217598969,0.6431795451,0.9878324263,-0.09663862402,0.0002989517686,0.1218523059,0,1
1923,64100000000,0,0,0.711994965,-0.2177320573,0.6450057448,0.9878724966,-0.09662390096,-0.002108080707,0.1215208138,0,1
1924,64133333333,0,0,0.7084702445,-0.2184333431,0.6478934852,0.9878827879,-0.09764800277,-0.003337935938,0.1205874084,0,1
1925,64166666667,0,0,0.704840595,-0.2203370025,0.6515950357,0.9879531348,-0.09929906168,-0.004149773294,0.1186215794,0,1
1926,64200000000,0,1,0.7012096471,-0.2220408489,0.6554513132,0.9880608153,-0.09916205407,-0.006841115832,0.1177111358,0,1
1927,64233333333,0,0,0.698732843,-0.2208355695,0.6568990914,0.988316726,-0.09781964617,-0.009194470913,0.1165196447,0,1
1928,64266666667,0,0,0.6938281197,-0.2223504071,0.6604036714,0.9882767321,-0.1003744785,-0.009105517129,0.1146784831,0,1
1929,64300000000,0,0,0.6891563574,-0.2251657757,0.6653063552,0.9883115601,-0.1013639092,-0.01115138458,0.1133193045,0,1
1930,64333333333,0,0,0.6869539531,-0.22307371,0.6666999896,0.98879068,-0.09751561947,-0.01467654067,0.1121084039,0,1
1931,64366666667,0,0,0.683004033,-0.2220191438,0.6683745513,0.9890251608,-0.09824431227,-0.01498704327,0.1093282897,0,1
1932,64400000000,0,1,0.6780890852,-0.2267998428,0.6733742209,0.9884401411,-0.1040279433,-0.01572124464,0.1091655483,0,1
1933,64433333333,0,0,0.6749477722,-0.2258295157,0.6760604016,0.9888325536,-0.09991310518,-0.02170248506,0.108427646,0,1
1934,64466666667,0,0,0.6733141756,-0.2232079311,0.6774278966,0.9894165189,-0.09679849357,-0.02650710218,0.104796838,0,1
1935,64500000000,0,0,0.6681665477,-0.2246969078,0.6803980319,0.989577969,-0.09833988402,-0.02737190021,0.1015651985,0,1
1936,64533333333,0,0,0.6629355162,-0.2252933791,0.6826274745,0.9898273542,-0.09694816893,-0.03094010606,0.09942621016,0,1
1937,64566666667,0,0,0.6610582197,-0.2227194966,0.6833952096,0.9900944907,-0.0942463941,-0.03740848742,0.09711396291,0,1
1938,64600000000,0,1,0.657539154,-0.2223921297,0.6846674457,0.9902639217,-0.09648920411,-0.03870392608,0.09257000071,0,1
1939,64633333333,0,0,0.6526970067,-0.2258370125,0.687708892,0.9902427588,-0.09910501927,-0.03916782523,0.08979618751,0,1
1940,64666666667,0,0,0.6504191967,-0.2224347857,0.68743079,0.9909414363,-0.09385018583,-0.04328929131,0.08575109163,0,1
1941,64700000000,0,0,0.6473470224,-0.2213773283,0.6870875553,0.9909960782,-0.09574692709,-0.04495421536,0.08208786489,0,1
1942,64733333333,0,0,0.6419372554,-0.2231252064,0.6895279683,0.9908229317,-0.09923000816,-0.04649191082,0.07913169902,0,1
1943,64766666667,0,0,0.6403775328,-0.2211518169,0.6899038834,0.9909558336,-0.09736716489,-0.05189082477,0.07637743952,0,1
1944,64800000000,0,0,0.6378833296,-0.2203047889,0.6904416518,0.991064124,-0.098191537,-0.05434849187,0.07208720898,0,1
1945,64833333333,0,1,0.6312860092,-0.2210179962,0.6909775834,0.991163446,-0.09982369809,-0.05284523474,0.06955310079,0,1
1946,64866666667,0,0,0.6282434278,-0.2193777827,0.6912979557,0.9912097827,-0.09859026168,-0.05640953429,0.06783134547,0,1
1947,64900000000,0,0,0.6262187272,-0.2153431597,0.6908512129,0.9914224823,-0.09713273464,-0.05853034428,0.06496839383,0,1
1948,64933333333,0,0,0.6215034472,-0.2169743382,0.6913704474,0.9911738333,-0.1015538089,-0.0573189282,0.06305391779,0,1
1949,64966666667,0,0,0.6182858443,-0.214766652,0.6907798913,0.9912821214,-0.1000207784,-0.06008250323,0.06120206305,0,1
1950,65000000000,0,0,0.6155746268,-0.2127802616,0.6897299017,0.9913093196,-0.10062281,-0.06199585807,0.05777020395,0,1
1951,65033333333,0,0,0.6111272549,-0.21465323,0.6894065844,0.9910721759,-0.1042540257,-0.06165623829,0.0557274488,0,1
1952,65066666667,0,1,0.6066288275,-0.2134671711,0.6881528742,0.9911977076,-0.1019798988,-0.06431877149,0.05468363905,0,1
1953,65100000000,0,0,0.6052701887,-0.209541354,0.6859057166,0.9914679053,-0.09836339152,-0.06762835356,0.0523683274,0,1
1954,65133333333,0,0,0.5996014344,-0.2121679041,0.6840260437,0.9912191284,-0.1020308099,-0.06636887243,0.05166745604,0,1
1955,65166666667,0,0,0.5966721717,-0.2107864041,0.6817058923,0.9911483417,-0.09947164717,-0.07103010105,0.05181776697,0,1
1956,65200000000,0,0,0.5952289505,-0.207466318,0.6792177793,0.9911512532,-0.0967506416,-0.07519403544,0.05103296724,0,1
1957,65233333333,0,0,0.5919693702,-0.2072039609,0.677608516,0.9910840263,-0.09705505519,-0.076072689,0.05045508055,0,1
1958,65266666667,0,0,0.5885016232,-0.2069256845,0.6746712457,0.9911004548,-0.09603555726,-0.07761913748,0.04972252681,0,1
1959,65300000000,0,1,0.5833258533,-0.2008748669,0.6711333093,0.9916631402,-0.0904048772,-0.07752253737,0.04920803481,0,1
1960,65333333333,0,0,0.5802721519,-0.2006566619,0.6687144351,0.9915856841,-0.09223947443,-0.07690159893,0.04833067825,0,1
1961,65366666667,0,0,0.5769891119,-0.1996784827,0.6658578079,0.9916169054,-0.09202939345,-0.07682808811,0.04820734946,0,1
1962,65400000000,0,0,0.5738628509,-0.1973138949,0.6627721776,0.991702601,-0.09112665087,-0.07696100261,0.04794672925,0,1
1963,65433333333,0,0,0.5711418061,-0.1963243749,0.6602656421,0.9916197515,-0.09166644687,-0.07723776463,0.04818566912,0,1
1964,65466666667,0,0,0.5682991084,-0.1945759231,0.6571685444,0.9916171244,-0.091111089,-0.07802120039,0.04803061855,0,1
1965,65500000000,0,0,0.5656838274,-0.1920587682,0.6539172788,0.9916001151,-0.09136629627,-0.07836887731,0.04732579292,0,1
1966,65533333333,0,0,0.5620542308,-0.1921987817,0.6517492965,0.9914227129,-0.09360942354,-0.07805827595,0.04717187491,0,1
1967,65566666667,0,1,0.5569300619,-0.1873092469,0.6486494676,0.9918606129,-0.08989644658,-0.07731902276,0.04639959361,0,1
1968,65600000000,0,0,0.5538153535,-0.185402266,0.6455744603,0.9916896879,-0.09204051288,-0.07738446436,0.0457356698,0,1
1969,65633333333,0,0,0.5508424265,-0.1852377702,0.6430187863,0.9914321673,-0.09432496945,-0.07823685807,0.04521119162,0,1
1970,65666666667,0,0,0.5477538401,-0.184516688,0.640301595,0.9914195743,-0.09450270262,-0.07919458128,0.04341296187,0,1
1971,65700000000,0,0,0.5436389841,-0.181682124,0.6363817069,0.9916044327,-0.09309824095,-0.07964240652,0.04135763086,0,1
1972,65733333333,0,0,0.538485787,-0.1806068728,0.633339332,0.9914185145,-0.09480168036,-0.0801259744,0.04100973994,0,1
1973,65766666667,0,0,0.5362247146,-0.1795292861,0.6303193295,0.9910311636,-0.09549569496,-0.08409733491,0.04080984242,0,1
1974,65800000000,0,1,0.531705506,-0.1761351002,0.6285209913,0.9913280187,-0.09283804824,-0.08427234551,0.03934498696,0,1
1975,65833333333,0,0,0.5269439142,-0.1744999316,0.6250136489,0.9914365295,-0.09175973887,-0.08479916669,0.03798499199,0,1
1976,65866666667,0,0,0.5223241182,-0.1742751344,0.6212397756,0.9911580855,-0.0918463121,-0.08777243083,0.03828713864,0,1
1977,65900000000,0,0,0.5204937155,-0.1732767599,0.6180004158,0.9908923816,-0.09108947685,-0.09212168661,0.03672315625,0,1
1978,65933333333,0,0,0.5169893825,-0.1737572425,0.6147409867,0.990850375,-0.09026236816,-0.09410060267,0.03483268303,0,1
1979,65966666667,0,0,0.513105961,-0.1710907636,0.6105191729,0.9908983419,-0.08763307003,-0.09621512713,0.03440305775,0,1
1980,66000000000,0,0,0.5100752415,-0.1704726972,0.6073843792,0.9905717021,-0.08865987667,-0.09907954346,0.03302080186,0,1
1981,66033333333,0,1,0.5044160002,-0.1698435493,0.6055087255,0.9906186534,-0.08819495268,-0.0992635253,0.03229684816,0,1
1982,66066666667,0,0,0.5024017756,-0.1688429943,0.6025429938,0.990502746,-0.08653525296,-0.102239118,0.03103422292,0,1
1983,66100000000,0,0,0.4996216959,-0.1683782078,0.6002647385,0.9905208046,-0.08668576264,-0.1024996317,0.02911940297,0,1
1984,66133333333,0,0,0.4921268763,-0.1699218741,0.5980273302,0.9907088463,-0.08716690665,-0.1003321917,0.02883337449,0,1
1985,66166666667,0,0,0.4919345506,-0.167324935,0.5950641729,0.9903680536,-0.08358524629,-0.1066069933,0.02862820328,0,1
1986,66200000000,0,0,0.4892956487,-0.1673023148,0.592802811,0.9901959629,-0.08506909101,-0.1071211068,0.02828910059,0,1
1987,66233333333,0,1,0.4839493916,-0.1648724904,0.5915174166,0.9905127952,-0.08355877658,-0.1055633139,0.02754487689,0,1
1988,66266666667,0,0,0.4791180161,-0.1644505019,0.58906027,0.9905630215,-0.08367000084,-0.1050468872,0.02737485795,0,1
1989,66300000000,0,0,0.4768503157,-0.1633708924,0.587451423,0.9904077693,-0.08299246714,-0.1073931066,0.02591180422,0,1
1990,66333333333,0,0,0.4741218925,-0.1632538945,0.5858949352,0.990488151,-0.08404076026,-0.1062354297,0.02417450976,0,1
1991,66366666667,0,0,0.468636161,-0.1648010723,0.5841504216,0.9906759586,-0.08509361672,-0.1038036682,0.02334565976,0,1
1992,66400000000,0,0,0.4653029605,-0.1636625724,0.5818792987,0.9907671834,-0.08288141441,-0.1046245446,0.0237647652,0,1
1993,66433333333,0,0,0.4630010158,-0.1620059617,0.5800204159,0.9907074288,-0.0820603382,-0.1058363765,0.02373926757,0,1
1994,66466666667,0,0,0.4585297286,-0.1645143485,0.5790988218,0.9908001128,-0.08450944004,-0.1031816717,0.02295285766,0,1
1995,66500000000,0,1,0.4509653776,-0.1641481258,0.5767766157,0.9912778664,-0.08199430192,-0.1004711162,0.02346659039,0,1
1996,66533333333,0,0,0.4500262667,-0.1613975176,0.5753788151,0.9911663415,-0.07961101532,-0.1034729337,0.02333927423,0,1
1997,66566666667,0,0,0.4462366305,-0.1616322463,0.573868679,0.9913131887,-0.08089881129,-0.1011088452,0.02303357877,0,1
1998,66600000000,0,0,0.4404149919,-0.1627156991,0.5724005334,0.9915183177,-0.08160291716,-0.09846503158,0.02317384741,0,1
1999,66633333333,0,0,0.4382255205,-0.1620021078,0.5707321552,0.9914888864,-0.08043310289,-0.0993925605,0.02452392903,0,1
2000,66666666667,0,0,0.4351276171,-0.1617562794,0.5697272963,0.9917431872,-0.08051332161,-0.09673142762,0.02461882586,0,1
2001,66700000000,0,0,0.4283650072,-0.1640852839,0.5682613251,0.992050832,-0.08158224719,-0.09251616807,0.02490466311,0,1
2002,66733333333,0,0,0.4267041328,-0.1633969137,0.5672506689,0.9921782781,-0.0778502424,-0.09346775354,0.02802469146,0,1
2003,66766666667,0,1,0.4249139448,-0.1605677455,0.5645915614,0.9925708765,-0.07450244186,-0.09201067947,0.02804418148,0,1
2004,66800000000,0,0,0.4191112132,-0.1617606782,0.5627834762,0.9928347106,-0.07609314669,-0.08775861765,0.02806235103,0,1
2005,66833333333,0,0,0.4162688866,-0.1626627312,0.5612931246,0.9929146027,-0.07546287724,-0.08675274567,0.02999844901,0,1
2006,66866666667,0,0,0.4137395194,-0.1623419749,0.5588793843,0.9932577027,-0.07363875704,-0.08516137707,0.02764071988,0,1
2007,66900000000,0,0,0.4084826479,-0.1635249793,0.5572440651,0.9936526261,-0.07275832923,-0.08158829037,0.02653366058,0,1
2008,66933333333,0,0,0.4053130062,-0.162059521,0.5542211931,0.9940262044,-0.06851606575,-0.0803228656,0.02767112134,0,1
2009,66966666667,0,0,0.4019371656,-0.1607672445,0.5513238544,0.9941690464,-0.067561419,-0.07930846972,0.0278123801,0,1
2010,67000000000,0,0,0.3978793159,-0.1633570552,0.5509508524,0.9941745087,-0.06884044766,-0.07787576468,0.0285202445,0,1
2011,67033333333,0,1,0.3937615348,-0.1661929497,0.5485256617,0.9944108924,-0.0673433756,-0.07605605003,0.02876324204,0,1
2012,67066666667,0,0,0.3902689115,-0.1646867194,0.545320974,0.9947028019,-0.06310025492,-0.07563364772,0.02939804426,0,1
2013,67100000000,0,0,0.3875725089,-0.1651408565,0.5442197449,0.9947245097,-0.06174301997,-0.07596128038,0.03067300396,0,1
2014,67133333333,0,0,0.3845218174,-0.1676333474,0.5425101811,0.9948811148,-0.06020005246,-0.07456399059,0.03205826451,0,1
2015,67166666667,0,0,0.3830364413,-0.1649605745,0.5395199673,0.9950962186,-0.05447235134,-0.07581842564,0.03267789883,0,1
2016,67200000000,0,0,0.3802933411,-0.1655902236,0.5381925443,0.9951009499,-0.05354677981,-0.07564573482,0.03441750569,0,1
2017,67233333333,0,0,0.377815418,-0.1664038004,0.5367297476,0.9952249729,-0.05135903714,-0.07496665086,0.03563009766,0,1
2018,67266666667,0,0,0.3759234717,-0.1653533166,0.5345137371,0.9953836851,-0.0479193017,-0.07497517257,0.03596920167,0,1
2019,67300000000,0,0,0.3715804451,-0.1670460021,0.5332493963,0.9955449093,-0.04662735557,-0.07352536859,0.0361972848,0,1
2020,67333333333,0,0,0.370447115,-0.1653703733,0.5310042188,0.9956353095,-0.04172211465,-0.07560095112,0.0354131601,0,1
2021,67366666667,0,0,0.3668943735,-0.1674061211,0.5292270222,0.9958139789,-0.0407220568,-0.07466567507,0.03348537582,0,1
2022,67400000000,0,1,0.3620390369,-0.1695801012,0.525567612,0.9960104468,-0.03852650809,-0.07434101777,0.03085953979,0,1
2023,67433333333,0,0,0.3592537951,-0.1688379791,0.5231082892,0.9960345131,-0.03457299822,-0.07631849834,0.02992396054,0,1
2024,67466666667,0,0,0.3552672716,-0.1707701626,0.5211772633,0.9960865094,-0.03277137106,-0.07669520735,0.02924975629,0,1
2025,67500000000,0,0,0.3530841643,-0.1724840001,0.5197638677,0.9961505853,-0.02923012344,-0.07819422128,0.02674462568,0,1
2026,67533333333,0,0,0.3512618569,-0.1702404257,0.5164233974,0.9963449546,-0.02220857545,-0.07887499907,0.02412975777,0,1
2027,67566666667,0,0,0.3471406324,-0.1679833333,0.5128110379,0.99639539,-0.01838981122,-0.07894887785,0.02500232606,0,1
2028,67600000000,0,0,0.3445748489,-0.1688551065,0.5109086989,0.9961776065,-0.01764176337,-0.08164705153,0.02554806285,0,1
2029,67633333333,0,0,0.3432211584,-0.1693941619,0.5093522146,0.9961716355,-0.01606511508,-0.08266915173,0.023447732,0,1
2030,67666666667,0,0,0.3393610178,-0.168262578,0.50626385,0.996354117,-0.01255839295,-0.08162998916,0.02138469464,0,1
2031,67700000000,0,1,0.3349318415,-0.1672827754,0.5011863762,0.9963429276,-0.01106634954,-0.08201777673,0.02124595858,0,1
2032,67733333333,0,0,0.3324216783,-0.1677915931,0.4989714582,0.9961956928,-0.01226389195,-0.08376817662,0.02065505099,0,1
2033,67766666667,0,0,0.3302251369,-0.168181133,0.4971414755,0.9962620073,-0.01130836055,-0.08360470169,0.01855768344,0,1
2034,67800000000,0,0,0.3258374032,-0.166455217,0.4936995569,0.9964819351,-0.009160643533,-0.08137851763,0.01781495019,0,1
2035,67833333333,0,0,0.3224317582,-0.1633602704,0.4904374553,0.9964493079,-0.007475371647,-0.08152181603,0.01967458085,0,1
2036,67866666667,0,0,0.3189144845,-0.1665339406,0.4891590957,0.9964305087,-0.01034841713,-0.08102531365,0.02130845282,0,1
2037,67900000000,0,0,0.3178355117,-0.1650565993,0.4856092761,0.9964230903,-0.007034281397,-0.08135386013,0.02175071296,0,1
2038,67933333333,0,0,0.3151094203,-0.1621180827,0.4816119281,0.9965357312,-0.005332284984,-0.07956475936,0.02361254449,0,1
2039,67966666667,0,0,0.3086437024,-0.164166242,0.4799290389,0.9966786033,-0.006824660883,-0.07641483794,0.02731223845,0,1
2040,68000000000,0,0,0.3104722604,-0.1610895539,0.4757533947,0.9964053868,-0.003442482697,-0.07974999495,0.02836181859,0,1
2041,68033333333,0,0,0.305723146,-0.1592671422,0.4725302618,0.9966681527,-0.003321667805,-0.07599332956,0.02943762528,0,1
2042,68066666667,0,0,0.2997560613,-0.1579559112,0.4691781904,0.9966790901,-0.00301832266,-0.07482315431,0.03198713402,0,1
2043,68100000000,0,1,0.2978397801,-0.1589868475,0.4643258191,0.99643353,-0.004782376595,-0.07766716847,0.03263678927,0,1
2044,68133333333,0,0,0.2955115844,-0.1565368841,0.4602363482,0.9965194884,-0.003973089473,-0.07713389256,0.03136058551,0,1
2045,68166666667,0,0,0.2885805342,-0.1536398791,0.4566143066,0.9966723531,-0.003460583111,-0.07513349189,0.03141979353,0,1
2046,68200000000,0,0,0.2839345904,-0.1496466983,0.4535972875,0.9964038493,-0.002063105037,-0.0776838355,0.03376883801,0,1
2047,68233333333,0,0,0.2834822092,-0.1487878321,0.4494312701,0.9960685715,-0.00382429639,-0.08285996327,0.03109665747,0,1
2048,68266666667,0,0,0.2780244472,-0.1487548272,0.4459388641,0.9962449914,-0.00537296621,-0.08141442759,0.02896099548,0,1
2049,68300000000,0,1,0.270619266,-0.1444937029,0.4429238744,0.9962217215,-0.003402226324,-0.08187082361,0.02877281292,0,1
2050,68333333333,0,0,0.2700654539,-0.1409068241,0.4382422862,0.9957727766,-0.003911942188,-0.08729754714,0.02829155988,0,1
2051,68366666667,0,0,0.2653467788,-0.1447188231,0.4362169173,0.9957838154,-0.009562007762,-0.08765255684,0.02530198333,0,1
2052,68400000000,0,0,0.2605642949,-0.1438400191,0.4339426791,0.9958428888,-0.007886632737,-0.08776836132,0.02305334436,0,1
2053,68433333333,0,0,0.2580131266,-0.1383983526,0.429358294,0.9955493351,-0.004062079648,-0.09137829332,0.02269423796,0,1
2054,68466666667,0,0,0.254746269,-0.1357014798,0.4262690144,0.9953047096,-0.00480716728,-0.09409269222,0.02218088212,0,1
2055,68500000000,0,0,0.2493712598,-0.1384042839,0.4248252696,0.9951731543,-0.008261603787,-0.09554505383,0.02081541406,0,1
2056,68533333333,0,1,0.2469822661,-0.1369638145,0.4223682468,0.9948937294,-0.006830365763,-0.09905844381,0.01808971891,0,1
2057,68566666667,0,0,0.2440631362,-0.1333888493,0.4190190766,0.9947761878,-0.005515746185,-0.1004734935,0.01717526738,0,1
2058,68600000000,0,0,0.2389961334,-0.1330868311,0.4177229987,0.994541626,-0.00669058333,-0.1029131481,0.01584532291,0,1
2059,68633333333,0,0,0.2390782083,-0.1324622957,0.4146412823,0.9940903365,-0.007295280796,-0.1076717594,0.01174623359,0,1
2060,68666666667,0,0,0.2336037034,-0.1312053815,0.4131258985,0.994207197,-0.00821566416,-0.1068122725,0.008700044388,0,1
2061,68700000000,0,0,0.2281318741,-0.1290491082,0.4117077605,0.9939882901,-0.007276190831,-0.1090460834,0.006579354281,0,1
2062,68733333333,0,1,0.2265993316,-0.1283356358,0.4101195737,0.9935359057,-0.007895330294,-0.1131591956,0.004366272429,0,1
2063,68766666667,0,0,0.2232231949,-0.1269646279,0.4083117377,0.9933914394,-0.008239017389,-0.114478993,0.0003563244178,0,1
2064,68800000000,0,0,0.2166707236,-0.1272975716,0.4068593335,0.993256246,-0.00867551327,-0.1155624251,-0.003477223382,0,1
2065,68833333333,0,0,0.2150275969,-0.1241529463,0.404185979,0.9927395042,-0.007135495131,-0.1199977578,-0.004230801181,0,1
2066,68866666667,0,0,0.2121915902,-0.1232431069,0.4022594575,0.9923133849,-0.008411778029,-0.1232315333,-0.007574778716,0,1
2067,68900000000,0,0,0.2064600988,-0.124264965,0.4010806618,0.9921263711,-0.01010262916,-0.1244199931,-0.01014228598,0,1
2068,68933333333,0,1,0.204367698,-0.1225418311,0.4004313771,0.9915854425,-0.008710221796,-0.1286041367,-0.01197573581,0,1
2069,68966666667,0,0,0.2013258661,-0.1234799148,0.3991633782,0.9911061294,-0.009041439135,-0.1317003885,-0.01678988563,0,1
2070,69000000000,0,0,0.1976352061,-0.1231923758,0.3971668708,0.9908333898,-0.007836116311,-0.1333970083,-0.01982491052,0,1
2071,69033333333,0,0,0.1934993796,-0.1209179185,0.3950300163,0.9904778685,-0.005993961288,-0.1359117864,-0.0211104418,0,1
2072,69066666667,0,0,0.1904284834,-0.1192657654,0.392820878,0.9897945117,-0.005922391545,-0.1405383861,-0.0228191128,0,1
2073,69100000000,0,0,0.1856146439,-0.1229504893,0.391850661,0.9893675929,-0.008807586474,-0.14261248,-0.02712698042,0,1
2074,69133333333,0,1,0.1828057293,-0.1202883374,0.3912530585,0.9888379984,-0.005040272306,-0.1460772459,-0.02890409539,0,1
2075,69166666667,0,0,0.1790590672,-0.1185650135,0.3893755089,0.9882765902,-0.003731161723,-0.1495529752,-0.03048552449,0,1
2076,69200000000,0,0,0.1750324283,-0.1174724243,0.3873542466,0.9877604035,-0.003279563303,-0.1529109247,-0.03060847679,0,1
2077,69233333333,0,0,0.1714953001,-0.1161100883,0.3860933428,0.9870431835,-0.003244344218,-0.157374305,-0.03112163577,0,1
2078,69266666667,0,0,0.1672952991,-0.1184939841,0.3847557821,0.9863533865,-0.004809556685,-0.1609870458,-0.03416191278,0,1
2079,69300000000,0,0,0.1661612367,-0.1170021533,0.3821497641,0.9854580083,-0.002848949403,-0.1659673552,-0.0363212652,0,1
2080,69333333333,0,0,0.1624173167,-0.1153978712,0.3805592571,0.9848719615,-0.002734641901,-0.1689417878,-0.03845014281,0,1
2081,69366666667,0,1,0.1572669266,-0.1153960318,0.3814598746,0.9841192776,-0.002535113169,-0.1727643654,-0.04068531313,0,1
2082,69400000000,0,0,0.1562721472,-0.1164141643,0.3791927371,0.9831638072,-0.001836180902,-0.1772292118,-0.04444505664,0,1
2083,69433333333,0,0,0.150971536,-0.1138782853,0.3779518051,0.9828301144,0.0005166597478,-0.1784638631,-0.04685454949,0,1
2084,69466666667,0,0,0.1462278423,-0.113931865,0.376657428,0.9822451074,0.001275672173,-0.1812016075,-0.04856849824,0,1
2085,69500000000,0,0,0.1451064175,-0.1121248744,0.3743762553,0.9813393576,0.003324272154,-0.1859340507,-0.04889318285,0,1
2086,69533333333,0,0,0.1415300077,-0.1125811783,0.3734496891,0.9806713125,0.003155554067,-0.1888148322,-0.05121306982,0,1
2087,69566666667,0,1,0.1378046833,-0.1134850292,0.3724379707,0.9800641066,0.003285947591,-0.1915348911,-0.05270611829,0,1
2088,69600000000,0,0,0.1369524285,-0.1127729292,0.3701127948,0.9791933082,0.004707398947,-0.195448898,-0.05438780893,0,1
2089,69633333333,0,0,0.1336586096,-0.1116693627,0.3685834738,0.9789400186,0.005213508236,-0.1967241056,-0.05430364257,0,1
2090,69666666667,0,0,0.1297368028,-0.1114475968,0.3679745383,0.9785616926,0.005342930351,-0.1988645562,-0.05330436392,0,1
2091,69700000000,0,0,0.1283357554,-0.1125201661,0.3671929781,0.977580768,0.006317596653,-0.2032869483,-0.05450088626,0,1
2092,69733333333,0,0,0.1264308914,-0.114347914,0.3664435386,0.9768255296,0.007732572078,-0.2060424738,-0.05743336088,0,1
2093,69766666667,0,1,0.1258970292,-0.1132209576,0.3663631419,0.9760571273,0.01246423515,-0.209108477,-0.05857279232,0,1
2094,69800000000,0,0,0.1237703629,-0.1110938431,0.3657985942,0.9754518921,0.01770968613,-0.2117212351,-0.05791452249,0,1
2095,69833333333,0,0,0.1244519009,-0.1115991073,0.3636213745,0.9739195335,0.02015338138,-0.2178648131,-0.06007916999,0,1
2096,69866666667,0,0,0.1242129445,-0.1121598199,0.3622723569,0.9732244344,0.02133192203,-0.2203345237,-0.06190191543,0,1
2097,69900000000,0,0,0.1228917588,-0.1105655654,0.3617093469,0.9724325545,0.02455378805,-0.2231264431,-0.06313975571,0,1
2098,69933333333,0,0,0.1233663084,-0.1104534185,0.3604033973,0.9712238747,0.02623856476,-0.2275178756,-0.06535548388,0,1
2099,69966666667,0,0,0.1229935237,-0.1090405351,0.3595271675,0.9699684016,0.02789301969,-0.2316261481,-0.0687939456,0,1
2100,70000000000,0,1,0.1189996314,-0.1123398006,0.3607103756,0.9687608547,0.02724765903,-0.2347797302,-0.07508961137,0,1
2101,70033333333,0,0,0.1213211093,-0.1123474927,0.3585299375,0.9665646126,0.03236002643,-0.2408371365,-0.08187277916,0,1
2102,70066666667,0,0,0.1201666183,-0.1093770249,0.3571834893,0.9651275867,0.03676481005,-0.2442156976,-0.08680888833,0,1
2103,70100000000,0,0,0.1171457774,-0.1111417257,0.3586035491,0.9626988533,0.03913743297,-0.2506097488,-0.09420155488,0,1
2104,70133333333,0,0,0.1210159532,-0.1099092686,0.3537798076,0.9604659353,0.04438976098,-0.2569830266,-0.09743952091,0,1
2105,70166666667,0,0,0.1191798506,-0.1054081794,0.3514997504,0.9590802281,0.04694495968,-0.2609117318,-0.09943015138,0,1
2106,70200000000,0,1,0.1163659887,-0.1064905908,0.3513050424,0.9567505814,0.04709234658,-0.2667094654,-0.106191793,0,1
2107,70233333333,0,0,0.1191616637,-0.1052233304,0.3487707894,0.9545839754,0.04955103288,-0.2726638181,-0.1094009657,0,1
2108,70266666667,0,0,0.1187036914,-0.1061603316,0.3493547086,0.9524680509,0.05008848887,-0.276218509,-0.1183177526,0,1
2109,70300000000,0,0,0.1181105479,-0.1054769292,0.3512013769,0.9500610795,0.05634530795,-0.2796752183,-0.1264552243,0,1
2110,70333333333,0,0,0.1222194964,-0.1023521175,0.3450920721,0.9486704587,0.06123367793,-0.281231765,-0.1310858183,0,1
2111,70366666667,0,0,0.1219369335,-0.1004120815,0.3438819641,0.9476267783,0.05930061848,-0.2826277778,-0.1364128475,0,1
2112,70400000000,0,1,0.1221421461,-0.09945873907,0.3455895468,0.9453690617,0.05948616813,-0.2870148588,-0.1426926904,0,1
2113,70433333333,0,0,0.1255444171,-0.09822943896,0.341202371,0.9447807525,0.05864122683,-0.2864641423,-0.1479487459,0,1
2114,70466666667,0,0,0.1245551042,-0.09807747856,0.3427135463,0.9449164444,0.0549568536,-0.2845394133,-0.1521511736,0,1
2115,70500000000,0,0,0.1256312694,-0.09880021584,0.3442591888,0.9443134206,0.05511689582,-0.2848918793,-0.1551480213,0,1
2116,70533333333,0,0,0.1317815451,-0.09740031154,0.3413040536,0.943746729,0.05694830003,-0.2845036647,-0.1586085354,0,1
2117,70566666667,0,0,0.1318267894,-0.09677932305,0.3423254124,0.9447374607,0.05585708977,-0.2792847864,-0.1623302926,0,1
2118,70600000000,0,1,0.1345238903,-0.09673590361,0.343393737,0.9441545078,0.05736419006,-0.2800990946,-0.163786789,0,1
2119,70633333333,0,0,0.1403542217,-0.09319971296,0.3393162289,0.9435417874,0.06015287375,-0.2787266063,-0.1685882739,0,1
2120,70666666667,0,0,0.1402555274,-0.09435767007,0.3408747844,0.9443635114,0.05661450923,-0.2749482122,-0.1713938048,0,1
2121,70700000000,0,0,0.1436184221,-0.09347132482,0.3404744959,0.94387331,0.05873325674,-0.2741016515,-0.174705077,0,1
2122,70733333333,0,0,0.1496211691,-0.09258245276,0.3353560791,0.9437006962,0.0584503413,-0.2715558156,-0.179638505,0,1
2123,70766666667,0,0,0.1508737665,-0.09092749739,0.3379600816,0.9441601558,0.05631845574,-0.2697625837,-0.1806044857,0,1
2124,70800000000,0,1,0.1533738334,-0.09203234344,0.3391216156,0.9438008179,0.05641429279,-0.2692726636,-0.1831657072,0,1
2125,70833333333,0,0,0.1582386265,-0.09040098184,0.3360870023,0.9441157241,0.05803255881,-0.2660304071,-0.18575668,0,1
2126,70866666667,0,0,0.159969997,-0.08951272383,0.3350086217,0.9454663244,0.05550616583,-0.2627339862,-0.1843457281,0,1
2127,70900000000,0,0,0.1613822361,-0.09034549131,0.3367653378,0.9447028839,0.05606059116,-0.263632561,-0.1867927836,0,1
2128,70933333333,0,0,0.1662421271,-0.09020404552,0.3335563315,0.9449412907,0.05810343461,-0.2606891483,-0.1890796553,0,1
2129,70966666667,0,0,0.1679850201,-0.08902611337,0.3337120265,0.9457632335,0.05969860168,-0.2574899658,-0.1888568255,0,1
2130,71000000000,0,1,0.1728768332,-0.08705664948,0.3316149543,0.9452050697,0.06259718461,-0.2581145492,-0.1898574418,0,1
2131,71033333333,0,0,0.1793107435,-0.08484198068,0.328333465,0.9450961723,0.06299489222,-0.2564237769,-0.1925401655,0,1
2132,71066666667,0,0,0.1793779987,-0.08533131841,0.3303857533,0.9452782742,0.06172981286,-0.2525260192,-0.1971522868,0,1
2133,71100000000,0,0,0.1818063296,-0.08483084479,0.3290412661,0.9444005104,0.06498822427,-0.2512748617,-0.2018542807,0,1
2134,71133333333,0,0,0.18729464,-0.0830252994,0.3266640074,0.9435203119,0.0677488576,-0.2500249598,-0.206559998,0,1
2135,71166666667,0,0,0.1906580693,-0.08186213675,0.3255035059,0.9437677679,0.06769634212,-0.2473213666,-0.2086905536,0,1
2136,71200000000,0,1,0.1954844565,-0.08042850978,0.3241696979,0.9441044099,0.06685531091,-0.2488063717,-0.205651696,0,1
2137,71233333333,0,0,0.2023766767,-0.07956606433,0.3209779299,0.9441857849,0.064433965,-0.2498065532,-0.2048368953,0,1
2138,71266666667,0,0,0.2034250023,-0.08094929927,0.321589856,0.9455202979,0.05952739331,-0.2454825113,-0.2053927758,0,1
2139,71300000000,0,0,0.2037878501,-0.08297129239,0.322486808,0.9456524629,0.06146600761,-0.2415590225,-0.2088362705,0,1
2140,71333333333,0,0,0.21262428,-0.08041981661,0.3185691055,0.9457562745,0.06660833367,-0.2388857165,-0.2098618918,0,1
2141,71366666667,0,0,0.216762249,-0.07908730024,0.3159761075,0.9471856255,0.06520897314,-0.2336274444,-0.2097746359,0,1
2142,71400000000,0,1,0.2191866657,-0.08041860866,0.317352112,0.9480803668,0.06361059939,-0.2317377618,-0.2083144727,0,1
2143,71433333333,0,0,0.2256780303,-0.07976672075,0.3135835774,0.9487809541,0.06439077617,-0.229190139,-0.2077026942,0,1
2144,71466666667,0,0,0.2288022251,-0.07935910289,0.3139533393,0.9505217766,0.06358547004,-0.2230617317,-0.2066608429,0,1
2145,71500000000,0,0,0.2297998948,-0.0795104412,0.313327914,0.9521775894,0.06404282178,-0.2184464393,-0.2038075277,0,1
2146,71533333333,0,0,0.237747151,-0.07734982015,0.3111185356,0.952975745,0.0657644606,-0.2168664947,-0.2011993755,0,1
2147,71566666667,0,0,0.2410753382,-0.07889725795,0.310896977,0.954729631,0.06326539435,-0.2100712986,-0.2008951743,0,1
2148,71600000000,0,1,0.2450915068,-0.07872325502,0.3111974368,0.9564401268,0.06390455934,-0.2057491933,-0.1969917779,0,1
2149,71633333333,0,0,0.2503409411,-0.07669415598,0.308963573,0.9577983903,0.06392138598,-0.2028648045,-0.1933446948,0,1
2150,71666666667,0,0,0.2529723677,-0.07852297851,0.3090023979,0.9592454017,0.06142430063,-0.1983898961,-0.1916161884,0,1
2151,71700000000,0,0,0.2556264272,-0.07968656851,0.3087618079,0.9604382585,0.06307057419,-0.1938449816,-0.1897487216,0,1
2152,71733333333,0,0,0.2598503855,-0.07810914899,0.3060053247,0.9615570548,0.06538410124,-0.1902406898,-0.186926268,0,1
2153,71766666667,0,0,0.2640103942,-0.07869463245,0.3045915861,0.9629223349,0.06476503923,-0.1868689997,-0.1834830881,0,1
2154,71800000000,0,1,0.2674276785,-0.07882779124,0.3035269308,0.9645601899,0.0643659607,-0.1831006697,-0.1787590781,0,1
2155,71833333333,0,0,0.270354763,-0.07884437531,0.302367178,0.965768935,0.06457714866,-0.1794088184,-0.1758767519,0,1
2156,71866666667,0,0,0.2752713984,-0.07802427686,0.2999407883,0.9670913449,0.06480820893,-0.1754501025,-0.172486197,0,1
2157,71900000000,0,0,0.2782785128,-0.07791131627,0.2987465239,0.96918791,0.06219243474,-0.1699799726,-0.1670739511,0,1
2158,71933333333,0,0,0.2802624991,-0.07603830095,0.2981981049,0.9705800148,0.06045299949,-0.1670774368,-0.1624961533,0,1
2159,71966666667,0,0,0.2836428105,-0.07694838362,0.2967998124,0.9716031951,0.05810522055,-0.1643317214,-0.1600190614,0,1
2160,72000000000,0,1,0.2908797418,-0.07402451988,0.2954366466,0.9729545801,0.05765978589,-0.1604158508,-0.1558893484,0,1
2161,72033333333,0,0,0.2912881745,-0.07336080682,0.2949179021,0.9749273792,0.05423125283,-0.1538940587,-0.1513016697,0,1
2162,72066666667,0,0,0.2940923755,-0.07122492569,0.2936146128,0.9767452095,0.05089894632,-0.150141641,-0.144345352,0,1
2163,72100000000,0,0,0.2990256946,-0.07097069173,0.2925905106,0.9785778655,0.04578010317,-0.1446134,-0.139199525,0,1
2164,72133333333,0,0,0.2968831339,-0.07098007654,0.2929998678,0.9806748418,0.04181472226,-0.1353666341,-0.1349231559,0,1
2165,72166666667,0,0,0.2995638213,-0.07096082213,0.2916451843,0.9821277673,0.03977205383,-0.1301142201,-0.1300519978,0,1
2166,72200000000,0,1,0.3040256442,-0.07092224466,0.2905135895,0.9836383145,0.0367831622,-0.1244868431,-0.1249227409,0,1
2167,72233333333,0,0,0.3023580591,-0.07170802582,0.2903429696,0.9854515763,0.03363566515,-0.1157023767,-0.1198615569,0,1
2168,72266666667,0,0,0.3044995348,-0.07255233825,0.2890070126,0.9868531082,0.03298246704,-0.1093767219,-0.1143233678,0,1
2169,72300000000,0,0,0.3060043256,-0.07135946912,0.2873116244,0.9884059544,0.0321920244,-0.1022714962,-0.1075075993,0,1
2170,72333333333,0,0,0.3040753811,-0.07055553606,0.2861282092,0.9899607064,0.03073159566,-0.09491356762,-0.1001238412,0,1
2171,72366666667,0,0,0.3014712306,-0.07498941811,0.2844052003,0.9909535199,0.02871912487,-0.08978710479,-0.09552281928,0,1
2172,72400000000,0,1,0.3077755616,-0.07236446609,0.281344483,0.9915108029,0.03273159112,-0.08900692888,-0.08895356768,0,1
2173,72433333333,0,0,0.3063440386,-0.07178361634,0.2793123778,0.9925405627,0.03325615775,-0.08342801683,-0.08244407477,0,1
2174,72466666667,0,0,0.3046168215,-0.07198815076,0.2755506976,0.9934003208,0.03296784487,-0.08212902254,-0.07296401454,0,1
2175,72500000000,0,0,0.3100706955,-0.07015404691,0.2723952576,0.9938710254,0.03207782004,-0.08486740785,-0.0631579087,0,1
2176,72533333333,0,0,0.3095889796,-0.07052893385,0.2692635534,0.9945653489,0.02853040414,-0.08255699101,-0.05665797355,0,1
2177,72566666667,0,0,0.3064769654,-0.07044091104,0.2666445598,0.9951172063,0.02651539672,-0.08095779135,-0.04984491496,0,1
2178,72600000000,0,1,0.3102876415,-0.06680102696,0.2653555127,0.995273492,0.02690355701,-0.08297311086,-0.04268884602,0,1
2179,72633333333,0,0,0.3102397433,-0.06715033526,0.2629976847,0.9954740408,0.0239584969,-0.0826241687,-0.04038157003,0,1
2180,72666666667,0,0,0.3079142743,-0.06999560454,0.2607236386,0.995625205,0.02268379233,-0.08111051311,-0.04045962749,0,1
2181,72700000000,0,0,0.3078742864,-0.06999113779,0.2569073573,0.9956332928,0.02590617912,-0.07973337053,-0.0410585643,0,1
2182,72733333333,0,0,0.3110743849,-0.06640478007,0.2514167382,0.9956281491,0.02834645732,-0.07922745164,-0.0405472311,0,1
2183,72766666667,0,0,0.3095493146,-0.06499726829,0.2473089396,0.9960421849,0.02349744745,-0.07628185588,-0.03910133345,0,1
2184,72800000000,0,0,0.3054615013,-0.06670759309,0.2456168434,0.9963129795,0.02004138207,-0.07404363698,-0.03842303523,0,1
2185,72833333333,0,0,0.3080987022,-0.06460479019,0.2409662175,0.9962861994,0.0195514647,-0.0745254543,-0.03843833843,0,1
2186,72866666667,0,0,0.306446831,-0.0653339609,0.2378403471,0.9965955533,0.01530290213,-0.07130902756,-0.0384466762,0,1
2187,72900000000,0,0,0.3016788022,-0.06476447517,0.23617687,0.9968130422,0.01415190548,-0.06957047817,-0.03637899296,0,1
2188,72933333333,0,0,0.3022989778,-0.06474507991,0.2319853413,0.9966859764,0.01340832917,-0.07244036713,-0.03449165574,0,1
2189,72966666667,0,0,0.3036855504,-0.06633137063,0.2283905597,0.9967505736,0.01099018681,-0.0722546008,-0.03386417556,0,1
2190,73000000000,0,1,0.2961923611,-0.06969411887,0.2251708562,0.9972011091,0.01013954099,-0.06648575078,-0.03266163886,0,1
2191,73033333333,0,0,0.2978057883,-0.06710167857,0.2210733157,0.9973262919,0.01318762888,-0.0657848794,-0.02896037994,0,1
2192,73066666667,0,0,0.2983657028,-0.06535497755,0.21757146,0.9973981312,0.01296554425,-0.06539090902,-0.0274388683,0,1
2193,73100000000,0,0,0.2989828865,-0.06854778586,0.2147165113,0.9974890779,0.01044535064,-0.06472308488,-0.02678351023,0,1
2194,73133333333,0,0,0.3016991283,-0.06834506538,0.2112798624,0.9977432047,0.0106761392,-0.06171438663,-0.02420438065,0,1
2195,73166666667,0,0,0.3009538591,-0.06921317572,0.2096678879,0.9979357782,0.01160653303,-0.05791676994,-0.0252015626,0,1
2196,73200000000,0,0,0.3003759273,-0.06826897201,0.2068782725,0.998115649,0.0143010057,-0.05480742693,-0.02359615388,0,1
2197,73233333333,0,0,0.3014392708,-0.06809893965,0.2035414092,0.9982487479,0.01661995626,-0.05288134657,-0.02065859288,0,1
2198,73266666667,0,0,0.3051130873,-0.06610375666,0.1990606395,0.9984008996,0.01791384244,-0.05124276427,-0.01577710298,0,1
2199,73300000000,0,0,0.3026702293,-0.06586316233,0.1971994007,0.9986820175,0.01780498353,-0.04714891676,-0.009705163052,0,1
2200,73333333333,0,0,0.3037018973,-0.06732058124,0.1941026099,0.9987316228,0.0189883017,-0.04620582773,-0.006293773015,0,1
2201,73366666667,0,1,0.3082666112,-0.06580741008,0.1902130666,0.9987478123,0.02114410021,-0.04531927563,-0.001377557172,0,1
2202,73400000000,0,0,0.3068724013,-0.0631102693,0.1872433337,0.9988887732,0.02252763699,-0.041228134,0.003737019601,0,1
2203,73433333333,0,0,0.3044687446,-0.06524822172,0.1851749793,0.9989375603,0.02310914565,-0.03956042575,0.004968973396,0,1
2204,73466666667,0,0,0.3103677764,-0.06440581661,0.1796685402,0.9988341381,0.02609312239,-0.04011542211,0.006345582993,0,1
2205,73500000000,0,0,0.3081623815,-0.06201728356,0.1763941792,0.9989498083,0.02845935896,-0.03473101723,0.00911601744,0,1
2206,73533333333,0,0,0.3040758278,-0.06076073237,0.172784497,0.9989342705,0.03092450405,-0.0319693321,0.01232720721,0,1
2207,73566666667,0,0,0.308746206,-0.05752593448,0.1669344749,0.9987339405,0.03314924807,-0.03393205558,0.01674093756,0,1
2208,73600000000,0,0,0.3108371238,-0.05768769535,0.1622182515,0.9987962509,0.03231972774,-0.03191604858,0.01851621557,0,1
2209,73633333333,0,0,0.3067161489,-0.05795690849,0.157893786,0.9988615649,0.03386965524,-0.02688114729,0.02014508658,0,1
2210,73666666667,0,0,0.3057003823,-0.05306393436,0.1525064331,0.9986471019,0.03823385197,-0.02618226301,0.02359295404,0,1
2211,73700000000,0,0,0.3077352069,-0.04924387113,0.1457961545,0.9985642206,0.03846786376,-0.02724803634,0.02544140781,0,1
2212,73733333333,0,0,0.3041259156,-0.04946597702,0.14128402,0.9986250028,0.03697639335,-0.02507855681,0.02742108971,0,1
2213,73766666667,0,1,0.3044028762,-0.04597711505,0.1360641801,0.9984510344,0.03921160289,-0.0258041928,0.02986847462,0,1
2214,73800000000,0,0,0.3053701003,-0.04392939445,0.1297135611,0.9984516523,0.03964557972,-0.02589075975,0.02919237196,0,1
2215,73833333333,0,0,0.306622747,-0.04189879512,0.1232618748,0.9985506974,0.03914387816,-0.02418832819,0.02791390956,0,1
2216,73866666667,0,0,0.3031331151,-0.03971043961,0.1191333723,0.9986351706,0.03954042876,-0.02029868233,0.02742834204,0,1
2217,73900000000,0,0,0.3019539123,-0.03697793891,0.1131816761,0.9986125487,0.04040105775,-0.01877336825,0.02807654999,0,1
2218,73933333333,0,0,0.3029416308,-0.03434131654,0.1073033344,0.9986360875,0.03949000287,-0.01741145683,0.0293827439,0,1
2219,73966666667,0,0,0.2999480201,-0.0338614025,0.1033568834,0.9987392201,0.0382914284,-0.01400765956,0.02928347878,0,1
2220,74000000000,0,0,0.2986663786,-0.03308403285,0.09829809849,0.9987132862,0.03927276678,-0.01156194936,0.02992896774,0,1
2221,74033333333,0,0,0.30073714,-0.02812791085,0.09250266386,0.9986479714,0.04063883708,-0.009810632832,0.03089442612,0,1
2222,74066666667,0,0,0.296194035,-0.02497263951,0.08942924706,0.9986550393,0.04022655926,-0.005330543839,0.03227261678,0,1
2223,74100000000,0,1,0.2906913553,-0.02293845459,0.08645650421,0.9986130537,0.04054241614,-0.00266214435,0.03348424282,0,1
2224,74133333333,0,0,0.2944789787,-0.02151209552,0.08007210261,0.9986457985,0.03986538816,-0.001892813274,0.03337270255,0,1
2225,74166666667,0,0,0.2932583565,-0.01958066849,0.07683605762,0.9987025959,0.03660227955,0.005681030003,0.03494458318,0,1
2226,74200000000,0,0,0.2847110133,-0.01923454996,0.07740758151,0.9985858984,0.03568573027,0.01140161711,0.03771916236,0,1
2227,74233333333,0,0,0.2875364138,-0.01659395963,0.07275060091,0.9983808558,0.03762177532,0.01033224961,0.04139460546,0,1
2228,74266666667,0,0,0.2868441258,-0.01539210169,0.06994005201,0.9982051385,0.03737108848,0.01407611888,0.04462920688,0,1
2229,74300000000,0,1,0.2819617889,-0.01728633908,0.06828140871,0.9979362317,0.0377875595,0.01918481009,0.04824231489,0,1
2230,74333333333,0,0,0.2790753787,-0.01722336827,0.06518742395,0.9976695427,0.03955563247,0.02200536944,0.05105486433,0,1
2231,74366666667,0,0,0.2772026734,-0.01553364354,0.06184500086,0.9975325471,0.04070275341,0.02450634033,0.05168696765,0,1
2232,74400000000,0,0,0.272859527,-0.01434255163,0.0604598188,0.9973174191,0.04165062033,0.02675550202,0.05391970366,0,1
2233,74433333333,0,0,0.270312607,-0.01133453057,0.05706911188,0.9971065577,0.04211505595,0.02729177341,0.05709635568,0,1
2234,74466666667,0,0,0.2671943938,-0.009988832771,0.05592043612,0.9970489028,0.04022075204,0.02851791713,0.05884305415,0,1
2235,74500000000,0,0,0.2620350316,-0.01092528102,0.05483584766,0.9969511972,0.03932881342,0.02980172281,0.06044346225,0,1
2236,74533333333,0,0,0.2592967836,-0.009616610596,0.05189822243,0.9968742557,0.03957958461,0.03020361778,0.06134261458,0,1
2237,74566666667,0,0,0.2544280524,-0.009350704095,0.0510488952,0.9967721095,0.03953528582,0.03212889556,0.06204882765,0,1
2238,74600000000,0,1,0.2473209544,-0.007752723765,0.05003205593,0.9966296437,0.04117238885,0.03321019283,0.06269984724,0,1
2239,74633333333,0,0,0.242632538,-0.005318762762,0.04722107834,0.9965388957,0.04242791082,0.03130920996,0.06426379353,0,1
2240,74666666667,0,0,0.2374209291,-0.003863371498,0.04550485964,0.9965011447,0.04170877927,0.0300334616,0.06590779577,0,1
2241,74700000000,0,0,0.230066975,-0.003887939494,0.04525661926,0.9965723346,0.0411347393,0.02900483426,0.06565237862,0,1
2242,74733333333,0,0,0.2260141948,-0.003058448836,0.04260344553,0.9966326335,0.04151824569,0.02678232269,0.06543956213,0,1
2243,74766666667,0,0,0.2200531834,-0.0006897591906,0.04019360657,0.996565368,0.04114041072,0.02684030687,0.06666732253,0,1
2244,74800000000,0,1,0.2073005097,-0.001277590994,0.03945551679,0.9965158964,0.03978381471,0.02823243498,0.06764795599,0,1
2245,74833333333,0,0,0.2007607489,0.002192252606,0.03680067525,0.9963760155,0.04050800982,0.0245403813,0.07065201037,0,1
2246,74866666667,0,0,0.1968095156,0.008194121628,0.0320411815,0.9962475476,0.03771978036,0.020673756,0.07510417974,0,1
2247,74900000000,0,0,0.1887996963,0.008662144179,0.0325026954,0.996094931,0.03047862392,0.01926928202,0.08058930887,0,1
2248,74933333333,0,0,0.18104192,0.004582082337,0.03268422479,0.996289079,0.02483763066,0.01690941275,0.08065503711,0,1
2249,74966666667,0,0,0.1765732644,0.005184078918,0.02968269795,0.9965047737,0.02188429904,0.0151852993,0.07917524991,0,1
2250,75000000000,0,1,0.1639218176,0.005344049188,0.02818138769,0.9965057297,0.01913018201,0.01785293812,0.07931985451,0,1
2251,75033333333,0,0,0.1553669184,0.0071403578,0.02896957424,0.9962303758,0.01875739652,0.01679570147,0.08301266672,0,1
2252,75066666667,0,0,0.1486560937,0.01010010382,0.02674393225,0.9961725012,0.01683424631,0.01221426804,0.08489857333,0,1
2253,75100000000,0,0,0.1438391609,0.007861121911,0.02567802965,0.9962182608,0.01207760338,0.008579403341,0.08561367952,0,1
2254,75133333333,0,0,0.1383713769,0.005560106914,0.02556765871,0.9962245797,0.01053184536,0.00651251249,0.08592586431,0,1
2255,75166666667,0,0,0.1324458046,0.006943026312,0.02406993949,0.9964836881,0.009817655426,0.004462477025,0.08309006729,0,1
2256,75200000000,0,1,0.1226270208,0.006896138056,0.02032395759,0.9965726936,0.009013111895,0.003355263959,0.08216064956,0,1
2257,75233333333,0,0,0.1188028576,0.008076520927,0.01739170132,0.9967669424,0.007134588196,0.00106578585,0.08002264863,0,1
2258,75266666667,0,0,0.1129447432,0.00663557534,0.01867199822,0.996975538,0.0045488592,1.03605037e-05,0.07758275867,0,1
2259,75300000000,0,0,0.1085309796,0.004413751997,0.01791356401,0.9970543521,0.003809438145,-0.002057248463,0.07657594143,0,1
2260,75333333333,0,0,0.1073874915,0.004019214055,0.01396482644,0.9970821073,0.003733991492,-0.002647217602,0.07619921868,0,1
2261,75366666667,0,0,0.1029086908,0.004486940704,0.01383895095,0.9972725336,0.002187947004,1.083449773e-05,0.07377470122,0,1
2262,75400000000,0,0,0.09683592977,0.004367084011,0.01569494513,0.9972660625,0.002513406611,0.001656796927,0.07383318008,0,1
2263,75433333333,0,1,0.09069595686,0.004839157555,0.01195100235,0.9972085749,0.001835556215,0.003196334523,0.07457527968,0,1
2264,75466666667,0,0,0.08719844173,0.004964698182,0.01136680968,0.9972626099,-0.001069634209,0.006388641635,0.07365682558,0,1
2265,75500000000,0,0,0.08069105353,0.004208335786,0.01375988129,0.9973480947,-0.002087302246,0.008800970564,0.07221470821,0,1
2266,75533333333,0,0,0.07738399593,0.005395361898,0.01019429792,0.9974324727,-0.001781529775,0.008331052936,0.07110472632,0,1
2267,75566666667,0,0,0.07329788381,0.007767542981,0.008036927333,0.9973723537,-0.003962639486,0.01027095953,0.07160442017,0,1
2268,75600000000,0,0,0.06605609644,0.00603870682,0.01212296749,0.9974354656,-0.006864973089,0.01233924633,0.07016485636,0,1
2269,75633333333,0,0,0.06282328709,0.006323368004,0.008594843549,0.9976740829,-0.007209614338,0.01187883093,0.06673334315,0,1
2270,75666666667,0,0,0.06005275434,0.009827587129,0.004204989064,0.9977110015,-0.008203764081,0.01347705994,0.06575579451,0,1
2271,75700000000,0,1,0.05057653043,0.01316483025,0.008648120284,0.997585172,-0.009976713685,0.01733499192,0.06651156117,0,1
2272,75733333333,0,0,0.04448702611,0.01295091772,0.008540165994,0.9976077248,-0.01267840566,0.01745943121,0.06567536559,0,1
2273,75766666667,0,0,0.03978313811,0.01333164859,0.005071135843,0.9975833345,-0.01529657696,0.01936622219,0.06494963307,0,1
2274,75800000000,0,0,0.03392586412,0.01618943327,0.005573636338,0.9974144921,-0.01798171026,0.02244304902,0.06585817105,0,1
2275,75833333333,0,0,0.02690290618,0.01609860367,0.006066059507,0.9973317524,-0.01982914295,0.02399439111,0.06603370323,0,1
2276,75866666667,0,0,0.02259959149,0.01669664678,0.001338398253,0.9972430426,-0.02141951932,0.02578882109,0.06620011205,0,1
2277,75900000000,0,1,0.01510741098,0.01954885782,0.003740545866,0.996808458,-0.02279562892,0.03148062271,0.06972967567,0,1
2278,75933333333,0,0,0.007968596078,0.02147541392,0.004131137488,0.9965090654,-0.02260620143,0.03349223528,0.0730541744,0,1
2279,75966666667,0,0,0.003073961153,0.02307103617,-0.000341159679,0.9963360663,-0.0237092166,0.03306237307,0.07522762482,0,1
2280,76000000000,0,0,-0.002741481324,0.02394129889,-0.003313603436,0.9959432749,-0.0273365223,0.03573033635,0.07792978081,0,1
2281,76033333333,0,0,-0.009727222049,0.02278999596,-0.003697288345,0.9953744221,-0.03189639001,0.04008086097,0.08127671717,0,1
2282,76066666667,0,0,-0.01560209135,0.02330646038,-0.004812959453,0.994957369,-0.03341708237,0.04396886484,0.08372497531,0,1
2283,76100000000,0,1,-0.02030737908,0.02589995938,-0.004938846414,0.9944636611,-0.03459170337,0.04869723925,0.08645241258,0,1
2284,76133333333,0,0,-0.02738620127,0.02561827888,-0.004040022553,0.9937661985,-0.03586184059,0.05396961505,0.09071908127,0,1
2285,76166666667,0,0,-0.03264837624,0.0279684533,-0.006221531272,0.9935376004,-0.0348770745,0.05561603383,0.09259310477,0,1
2286,76200000000,0,0,-0.03912353919,0.02870407524,-0.008778248894,0.993145625,-0.03627586627,0.05837430228,0.09454242423,0,1
2287,76233333333,0,0,-0.04750835667,0.02992252986,-0.007382779304,0.9923334561,-0.0363890404,0.06281088916,0.1000247064,0,1
2288,76266666667,0,0,-0.05507532,0.03114496399,-0.006943430676,0.9917454919,-0.03431880476,0.06430774949,0.1054874987,0,1
2289,76300000000,0,1,-0.05590716957,0.03115279096,-0.009852705593,0.9916299482,-0.03382260445,0.06295709659,0.1075289784,0,1
2290,76333333333,0,0,-0.06233545474,0.03309956605,-0.01148260614,0.991457034,-0.03301144953,0.06457773526,0.1084108391,0,1
2291,76366666667,0,0,-0.0692506163,0.03637871931,-0.01336323016,0.9912226189,-0.03224228577,0.0642239157,0.1109659561,0,1
2292,76400000000,0,0,-0.07419475145,0.03618468142,-0.01451845019,0.9910032259,-0.03435527375,0.06280559487,0.1130830606,0,1
2293,76433333333,0,0,-0.08309152041,0.03558864366,-0.01159071848,0.9909592123,-0.03440769564,0.063372218,0.1131366963,0,1
2294,76466666667,0,0,-0.09048217151,0.03448233197,-0.01087297846,0.9912545683,-0.03201045479,0.06122849779,0.1124312352,0,1
2295,76500000000,0,1,-0.09272932781,0.03371748816,-0.01394893842,0.9915524703,-0.03105299358,0.05734920147,0.1121181492,0,1
2296,76533333333,0,0,-0.09925052218,0.03277469824,-0.01281062256,0.9917740996,-0.03109751253,0.055352346,0.1111449404,0,1
2297,76566666667,0,0,-0.1063096282,0.03314123963,-0.01243291755,0.9921434785,-0.02777141204,0.05227065154,0.1102172663,0,1
2298,76600000000,0,0,-0.1108655725,0.03301101026,-0.01455234841,0.9926469153,-0.02600328591,0.04821747757,0.1079398236,0,1
2299,76633333333,0,0,-0.1172058797,0.0324872281,-0.01487533564,0.9929674946,-0.02581476477,0.04685919829,0.1056095079,0,1
2300,76666666667,0,0,-0.1240221222,0.03247382516,-0.01401764337,0.9933951662,-0.0243977601,0.04425926982,0.1030141262,0,1
2301,76700000000,0,1,-0.1265909786,0.03609747707,-0.0125478219,0.9936549916,-0.02027281371,0.04128428184,0.102637122,0,1
2302,76733333333,0,0,-0.1318495363,0.03436174843,-0.01189302942,0.9937934505,-0.01713587278,0.04286890038,0.1012086801,0,1
2303,76766666667,0,0,-0.1376316027,0.03656364719,-0.01399372294,0.9942404641,-0.01281542895,0.0416112856,0.09792938862,0,1
2304,76800000000,0,0,-0.1422492138,0.03700400699,-0.0159139113,0.9940969149,-0.01196223533,0.04101486736,0.09972968163,0,1
2305,76833333333,0,0,-0.1467654376,0.03690624437,-0.0162508611,0.9938947534,-0.0133092433,0.04041123548,0.1017988965,0,1
2306,76866666667,0,0,-0.1525829748,0.03507695117,-0.01312962954,0.9936616127,-0.01456546953,0.04083557067,0.1037154895,0,1
2307,76900000000,0,0,-0.1575684077,0.03165798946,-0.009479635309,0.9933500053,-0.01426242084,0.04212499565,0.1061971521,0,1
2308,76933333333,0,1,-0.1616424561,0.02768094001,-0.01062368391,0.9930310841,-0.01381185675,0.04481880498,0.1081192547,0,1
2309,76966666667,0,0,-0.1668256943,0.02886465565,-0.01019243461,0.9925654868,-0.01145497293,0.04629317948,0.1119798179,0,1
2310,77000000000,0,0,-0.1700433702,0.02783822638,-0.009702339687,0.9920739254,-0.01126656854,0.04603300456,0.1163759148,0,1
2311,77033333333,0,0,-0.1720422016,0.02533397036,-0.008342484437,0.9916424243,-0.01260805317,0.04855377135,0.1188649255,0,1
2312,77066666667,0,0,-0.1771256449,0.02597000191,-0.006529737003,0.9913919383,-0.0119421139,0.05168649338,0.1196992774,0,1
2313,77100000000,0,0,-0.1819227132,0.02427562169,-0.0001309520097,0.9913240944,-0.01036027401,0.05306401975,0.1198057361,0,1
2314,77133333333,0,1,-0.1823240868,0.02224993255,-0.003330198893,0.9912906813,-0.007386456638,0.05654371533,0.1187056602,0,1
2315,77166666667,0,0,-0.1864290557,0.02502624009,-0.00461599746,0.9911994669,-0.006247255736,0.0611996142,0.1172143158,0,1
2316,77200000000,0,0,-0.1912849116,0.03118377881,-0.001577622636,0.9909067538,-0.004164307535,0.06014508498,0.1202872917,0,1
2317,77233333333,0,0,-0.1946104804,0.02730731642,-0.0008040423818,0.9905227045,-0.006909825326,0.05870065156,0.1239808843,0,1
2318,77266666667,0,0,-0.1958497798,0.02363165459,0.0003475021566,0.9903066774,-0.01021304721,0.06091686244,0.1244086584,0,1
2319,77300000000,0,0,-0.200090261,0.02414109043,0.004188464294,0.9897150431,-0.008968476559,0.06486480969,0.1271859128,0,1
2320,77333333333,0,0,-0.2016814467,0.02460149648,0.002558277484,0.9893623902,-0.007981143908,0.06498399907,0.1299055119,0,1
2321,77366666667,0,0,-0.2033260084,0.02215697485,0.004638376711,0.9889661264,-0.009365175048,0.06690125042,0.131842774,0,1
2322,77400000000,0,0,-0.2058895179,0.02080958737,0.008524373565,0.9885745164,-0.008127480567,0.07010245928,0.1331916472,0,1
2323,77433333333,0,0,-0.2076280719,0.02044289908,0.008417112174,0.9883482422,-0.004875261698,0.07153267492,0.1342648892,0,1
2324,77466666667,0,0,-0.2082497388,0.02052832088,0.007267121216,0.9881301775,-0.003574190519,0.07314995144,0.1350372619,0,1
2325,77500000000,0,0,-0.2089592622,0.01827668283,0.008636110896,0.9878744172,-0.004337976255,0.07663351802,0.134954147,0,1
2326,77533333333,0,0,-0.2097591727,0.01810008423,0.008903457955,0.9876889659,-0.003400707873,0.08059752454,0.1340260456,0,1
2327,77566666667,0,0,-0.211098902,0.02006116503,0.008817416018,0.9874530243,-0.002585319621,0.08324979122,0.1341615191,0,1
2328,77600000000,0,0,-0.211705946,0.01920732238,0.01027704343,0.9872737524,-0.002896519523,0.08561047386,0.1339887862,0,1
2329,77633333333,0,0,-0.2122640852,0.01803380359,0.01108842556,0.9870563569,-0.002768911181,0.08977672873,0.1328616586,0,1
2330,77666666667,0,1,-0.2140392407,0.0171328569,0.01075177175,0.9865623578,-0.001201542116,0.09565526769,0.1324512752,0,1
2331,77700000000,0,0,-0.2144711278,0.01804953607,0.01179650258,0.9860050684,0.001398758907,0.09853935657,0.1344694901,0,1
2332,77733333333,0,0,-0.2142791798,0.01808441271,0.01040137624,0.9853926498,0.003900758971,0.1013047429,0.1368336908,0,1
2333,77766666667,0,0,-0.2138537169,0.01875701453,0.008487357241,0.9848797709,0.004392346656,0.1035140592,0.1388430179,0,1
2334,77800000000,0,0,-0.2147670205,0.01841533429,0.01144161783,0.9843948313,0.005158956135,0.1055646554,0.140699342,0,1
2335,77833333333,0,0,-0.2138644239,0.01687642826,0.01041737842,0.9839871453,0.007013813531,0.1081177535,0.1415296991,0,1
2336,77866666667,0,0,-0.2133108071,0.01734024331,0.008933602874,0.9836543551,0.007624952305,0.1122180355,0.1406167922,0,1
2337,77900000000,0,0,-0.2144462266,0.01929965366,0.009245066383,0.9830951937,0.008830960753,0.1161039382,0.141300141,0,1
2338,77933333333,0,0,-0.2144365141,0.02011399722,0.008942899786,0.9825105281,0.01024491504,0.1171822058,0.1443483095,0,1
2339,77966666667,0,0,-0.2139179854,0.01813732268,0.00795518294,0.9823882472,0.009313647531,0.1188555849,0.1438747291,0,1
2340,78000000000,0,0,-0.2147944981,0.01850972349,0.009451498407,0.9817553078,0.01073451866,0.1228712742,0.1447201981,0,1
2341,78033333333,0,0,-0.2157753692,0.02065458927,0.009121777385,0.9813546392,0.01475994424,0.1231394408,0.1468396892,0,1
2342,78066666667,0,0,-0.2157162561,0.02050387942,0.006755784896,0.9812744337,0.01648954267,0.1217086229,0.1483765208,0,1
2343,78100000000,0,0,-0.2153578918,0.01885638886,0.005377085815,0.9815224516,0.01517822076,0.1228585433,0.1459077688,0,1
2344,78133333333,0,0,-0.2173589587,0.01889250762,0.007833866444,0.9810780145,0.01544814227,0.1264432274,0.1458060173,0,1
2345,78166666667,0,0,-0.2186662227,0.020089784,0.008210483466,0.9809480324,0.01887839795,0.1262431113,0.1464487646,0,1
2346,78200000000,0,0,-0.2175393153,0.01997005709,0.0037740921,0.9813062829,0.01892192232,0.1254579858,0.1447074077,0,1
2347,78233333333,0,0,-0.2191121395,0.01943096297,0.005770529613,0.9809375848,0.01688409338,0.1290064397,0.1443389093,0,1
2348,78266666667,0,0,-0.2207434736,0.01837900474,0.008007317412,0.9806271965,0.01916723411,0.130918159,0.1444415256,0,1
2349,78300000000,0,0,-0.2214306671,0.01998451577,0.005009444081,0.9808529367,0.0230134737,0.1301199333,0.1430618735,0,1
2350,78333333333,0,1,-0.2227915032,0.02058466584,0.004793001292,0.9810974429,0.02460307556,0.1297203246,0.1414748517,0,1
2351,78366666667,0,0,-0.2236129619,0.02054742362,0.004403377745,0.980963094,0.02592076317,0.1297046019,0.1421838194,0,1
2352,78400000000,0,0,-0.2239596817,0.01968042125,0.004963997716,0.980904496,0.02816367542,0.1290117328,0.1427905809,0,1
2353,78433333333,0,0,-0.2238134252,0.0190826032,0.004160764698,0.9812832322,0.03042497904,0.1291609059,0.1395528549,0,1
2354,78466666667,0,0,-0.2244419291,0.01821403924,0.004527756152,0.9810006434,0.03394599165,0.1322532038,0.1378205261,0,1
2355,78500000000,0,0,-0.2262823153,0.02059011051,0.003490882153,0.9810065214,0.03923710908,0.1318371741,0.1367684679,0,1
2356,78533333333,0,0,-0.2257326247,0.02115421492,0.0006828830078,0.9816651358,0.04210471051,0.1288331538,0.1340252698,0,1
2357,78566666667,0,0,-0.2252281211,0.02072227967,-0.001819256691,0.9817768466,0.04128840742,0.1312275243,0.1311061701,0,1
2358,78600000000,0,0,-0.2258747704,0.0212069112,0.001249572332,0.9815640561,0.04233819046,0.1328824348,0.1306971302,0,1
2359,78633333333,0,0,-0.2255490608,0.02103747738,0.0004154580408,0.9818864721,0.04591828437,0.131862893,0.1280728094,0,1
2360,78666666667,0,1,-0.2230085152,0.02478041786,-0.004794427301,0.9820405354,0.04617429623,0.1333269597,0.1252527164,0,1
2361,78700000000,0,0,-0.2231811343,0.02524851569,-0.001184292899,0.9817390558,0.04509828506,0.1357093341,0.1254493824,0,1
2362,78733333333,0,0,-0.222504381,0.02548683546,-0.001425271403,0.9818336774,0.0480539012,0.1346401036,0.1247617527,0,1
2363,78766666667,0,0,-0.2209630915,0.02646664264,-0.00486597801,0.9823581805,0.04706272812,0.1350746756,0.1204671609,0,1
2364,78800000000,0,0,-0.2205830171,0.0266110382,-0.001535208004,0.9820820276,0.04588146853,0.1385875974,0.1191774295,0,1
2365,78833333333,0,0,-0.220012043,0.02821056589,-0.0004677071846,0.9821857388,0.04888194114,0.1376791744,0.1181785737,0,1
2366,78866666667,0,0,-0.2185077461,0.0283299888,-0.002363865494,0.9826724021,0.04953806926,0.1370362382,0.1145512956,0,1
2367,78900000000,0,0,-0.2176549144,0.02807466455,-0.0009448726477,0.9826135102,0.0488710392,0.1404821202,0.1111174375,0,1
2368,78933333333,0,0,-0.2174266521,0.02976272519,0.002560987221,0.9824717272,0.05260602181,0.1413525436,0.1095507648,0,1
2369,78966666667,0,0,-0.2149307692,0.02955187838,-0.001243443644,0.9827153404,0.05569680722,0.1405918187,0.106781861,0,1
2370,79000000000,0,0,-0.2131660791,0.03076710026,-0.003256032121,0.9826282195,0.05466709411,0.1436780757,0.1039706767,0,1
2371,79033333333,0,0,-0.2136714008,0.03080667007,0.00188004279,0.9821726639,0.05578991396,0.1459710408,0.1044834872,0,1
2372,79066666667,0,0,-0.2110861655,0.03127612446,-0.00139959726,0.9824342095,0.05859878397,0.1435887986,0.1037856608,0,1
2373,79100000000,0,0,-0.2095920446,0.03153099489,-0.003200302213,0.9824675516,0.05755647626,0.1446659242,0.1025501458,0,1
2374,79133333333,0,0,-0.2092828923,0.03182328839,0.0001391627494,0.9820741714,0.05854760349,0.1459063623,0.1039895836,0,1
2375,79166666667,0,0,-0.207827979,0.03241030344,-0.001001680981,0.9823515418,0.06122200725,0.1425450523,0.104490297,0,1
2376,79200000000,0,0,-0.2063539834,0.0319230127,-0.001791429792,0.9827556577,0.06136309529,0.1398101449,0.1043024984,0,1
2377,79233333333,0,0,-0.2060527931,0.03190285235,0.0003806720071,0.9829014852,0.06263524195,0.1381511535,0.1043827363,0,1
2378,79266666667,0,0,-0.2045270698,0.03130559774,-9.641360019e-05,0.9832524341,0.06489764368,0.1347001907,0.1042055914,0,1
2379,79300000000,0,0,-0.2029589045,0.03117604419,-0.0009654277102,0.9835560511,0.06546685174,0.1320098214,0.1044269735,0,1
2380,79333333333,0,1,-0.20117656,0.02822021253,0.002584498897,0.9837176109,0.06533933702,0.130648813,0.1046963261,0,1
2381,79366666667,0,0,-0.1992173853,0.02782767795,0.002809655038,0.9839494124,0.06724070789,0.1280900772,0.1044757058,0,1
2382,79400000000,0,0,-0.1969510016,0.02672927548,0.00336195062,0.984093654,0.06761991107,0.1261432659,0.1052383211,0,1
2383,79433333333,0,0,-0.1949180553,0.02583045047,0.004879788823,0.9842341104,0.06878275209,0.1239805978,0.1057400603,0,1
2384,79466666667,0,0,-0.1923099944,0.02364479676,0.004887148368,0.9845174709,0.06836847665,0.1228276209,0.1047113955,0,1
2385,79500000000,0,0,-0.1910710508,0.02211823753,0.008469760801,0.9843481891,0.06965745902,0.1238996998,0.1041889891,0,1
2386,79533333333,0,0,-0.1884152815,0.02060827675,0.009682008214,0.9842219646,0.0731135891,0.1238113078,0.1031129842,0,1
2387,79566666667,0,1,-0.1809155409,0.0152325675,0.009517162417,0.9840390707,0.07713346447,0.1230545969,0.1028353159,0,1
2388,79600000000,0,0,-0.1780711125,0.01383922257,0.008577453883,0.9837199122,0.08176962901,0.1223794356,0.1031122492,0,1
2389,79633333333,0,0,-0.1754636855,0.01444632076,0.007784937364,0.9835902469,0.08402127211,0.1218342954,0.1031845747,0,1
2390,79666666667,0,0,-0.173886692,0.01158266374,0.01067470661,0.9833092301,0.08570249431,0.1220798792,0.1041851405,0,1
2391,79700000000,0,0,-0.1705511733,0.0101894204,0.008677863697,0.9830176957,0.08850827501,0.1217146275,0.105014497,0,1
2392,79733333333,0,0,-0.169242448,0.009488836462,0.009449187603,0.9827416672,0.08984766753,0.1230276264,0.1049305262,0,1
2393,79766666667,0,0,-0.1678331138,0.009757451685,0.009941802732,0.982211166,0.09224809239,0.1236179321,0.1070986539,0,1
2394,79800000000,0,0,-0.1650209177,0.008629001465,0.008982733638,0.9820716512,0.09284932314,0.1228831991,0.1086922009,0,1
2395,79833333333,0,0,-0.1638945162,0.007659756693,0.01053811031,0.9817966115,0.09230300246,0.1245760724,0.1097103987,0,1
2396,79866666667,0,0,-0.1619093161,0.007281320742,0.01177564209,0.9816033799,0.09410092356,0.1253310989,0.1090501557,0,1
2397,79900000000,0,0,-0.1596233293,0.007660608703,0.0104565959,0.9815260513,0.09557263344,0.1248984008,0.1089627086,0,1
2398,79933333333,0,0,-0.1577692737,0.006877112644,0.009051889437,0.9815722796,0.09369460717,0.1252757677,0.1097413436,0,1
2399,79966666667,0,0,-0.1570071921,0.006085528135,0.01244655868,0.9813381253,0.0933335528,0.127198474,0.1099312511,0,1
2400,80000000000,0,0,-0.1558201514,0.006015586652,0.01243107476,0.9811378357,0.09538065491,0.1273663565,0.1097674328,0,1
2401,80033333333,0,1,-0.1485255355,0.00842658094,0.007264005729,0.9813983811,0.09502467491,0.125955483,0.1093743341,0,1
2402,80066666667,0,0,-0.148359117,0.006345341961,0.01122100688,0.9810816105,0.09364900306,0.1288194287,0.1100649474,0,1
2403,80100000000,0,0,-0.1475242392,0.00618982475,0.01123032323,0.9809426083,0.09516466775,0.1283577012,0.1105422349,0,1
2404,80133333333,0,0,-0.1455593103,0.007606529332,0.009098499133,0.9810784626,0.09451006811,0.1290660997,0.1090634643,0,1
2405,80166666667,0,0,-0.1455105054,0.006407295657,0.01248966071,0.9809049544,0.09366485929,0.1313253671,0.1086554767,0,1
2406,80200000000,0,0,-0.1451907671,0.006325614067,0.01256162846,0.9808250884,0.09431853108,0.131125897,0.1090511797,0,1
2407,80233333333,0,0,-0.1441403062,0.007576592768,0.01125867302,0.9809921079,0.09344277154,0.1308523478,0.1086305474,0,1
2408,80266666667,0,0,-0.1437151129,0.005592429271,0.01427934309,0.9811804178,0.0913164604,0.1317031356,0.1077059691,0,1
2409,80300000000,0,0,-0.1435592891,0.005245688324,0.01493438802,0.9812728679,0.0918933546,0.1316480725,0.1064328669,0,1
2410,80333333333,0,0,-0.1425687643,0.006862172153,0.01480799092,0.9813873398,0.09159933396,0.1310049263,0.1064244359,0,1
2411,80366666667,0,0,-0.1426845183,0.006254643237,0.01738343909,0.9816609845,0.08999058317,0.1302279164,0.1062266264,0,1
2412,80400000000,0,0,-0.1417147306,0.005138332799,0.01817117153,0.9822318284,0.08863448553,0.128714811,0.1039089055,0,1
2413,80433333333,0,0,-0.1409455485,0.005213788177,0.01948372897,0.9825113145,0.08783129956,0.1285362782,0.1021548083,0,1
2414,80466666667,0,0,-0.1407322386,0.004936371633,0.02193501235,0.9829616711,0.08663123321,0.1268128372,0.1009944898,0,1
2415,80500000000,0,0,-0.1397886533,0.004145640909,0.02322765921,0.9834259142,0.08510379028,0.1247105217,0.1003897503,0,1
2416,80533333333,0,0,-0.1389352038,0.002498682306,0.02573838358,0.9840104384,0.08418146222,0.1234300038,0.09696376978,0,1
2417,80566666667,0,0,-0.1376675792,0.002754230934,0.0263167229,0.9845603708,0.08462938648,0.1220906634,0.09258840749,0,1
2418,80600000000,0,0,-0.1370858737,0.003467456691,0.02776530595,0.9848980079,0.08446587842,0.1205505408,0.09115369782,0,1
2419,80633333333,0,0,-0.1367767054,0.004368025639,0.02882420805,0.9854432088,0.08273290998,0.1170841617,0.09136874171,0,1
2420,80666666667,0,0,-0.1356373631,0.00293586967,0.02998275859,0.9860363265,0.08051404545,0.1144845334,0.09023936448,0,1
2421,80700000000,0,1,-0.1340589513,0.001149889468,0.03097321895,0.9864963528,0.07888561005,0.1134691405,0.08790199386,0,1
2422,80733333333,0,0,-0.1340151837,0.0007434594871,0.03383499542,0.986665583,0.07950192422,0.112451561,0.08674743736,0,1
2423,80766666667,0,0,-0.1328016704,0.001108873999,0.03269705689,0.9870488354,0.07991849478,0.1089044812,0.08653002177,0,1
2424,80800000000,0,0,-0.1315115806,0.001670893426,0.03301905704,0.9870543739,0.07948607239,0.1070481526,0.08914213533,0,1
2425,80833333333,0,0,-0.1306466061,0.001259438622,0.03435089811,0.9872503747,0.07886254805,0.1043451429,0.0907165222,0,1
2426,80866666667,0,0,-0.1295112169,0.0004562426396,0.03518729915,0.9873263291,0.07870603024,0.1015924036,0.09311854877,0,1
2427,80900000000,0,0,-0.1274585182,0.0009643492481,0.03345037354,0.9875260313,0.07876876665,0.09953449344,0.09317029355,0,1
2428,80933333333,0,0,-0.1261087939,0.001650559469,0.03442830328,0.9876052438,0.07760417339,0.0995108098,0.09333313096,0,1
2429,80966666667,0,0,-0.1260089685,0.0009987937698,0.03781579836,0.9875339938,0.07789310003,0.09758030606,0.09585071735,0,1
2430,81000000000,0,0,-0.1227817964,0.002356102079,0.03454628424,0.987715153,0.07766711336,0.09305072615,0.09863142673,0,1
2431,81033333333,0,0,-0.1204160976,0.001224363943,0.0360183986,0.9879304094,0.07588901206,0.09237543654,0.09849437923,0,1
2432,81066666667,0,0,-0.1193944765,-0.0007642916697,0.03805320474,0.9878907887,0.07712245083,0.09241228012,0.09789733261,0,1
2433,81100000000,0,0,-0.1156550097,0.001728201325,0.03494681437,0.9879182024,0.0792413915,0.08968322104,0.09846495383,0,1
2434,81133333333,0,0,-0.1124785115,0.002635471477,0.03508123036,0.988070565,0.07736787511,0.08864759827,0.09935981938,0,1
2435,81166666667,0,0,-0.1114138075,2.493336835e-05,0.03884349926,0.9881252009,0.07722865434,0.08801476162,0.09948730547,0,1
2436,81200000000,0,0,-0.1077754445,0.002271921138,0.03521493603,0.9884179378,0.07870002359,0.08403894911,0.09886223546,0,1
2437,81233333333,0,0,-0.1046139704,0.00276692437,0.03447733485,0.98881806,0.07667950554,0.08278585704,0.09749666371,0,1
2438,81266666667,0,0,-0.103547492,0.0009921726422,0.03822591566,0.989135942,0.07561279128,0.08226513971,0.095526126,0,1
2439,81300000000,0,0,-0.1009910129,0.0007630322922,0.03723782763,0.9897918623,0.07680091271,0.07902786574,0.09037856754,0,1
2440,81333333333,0,0,-0.09632590122,0.003322200863,0.03350244603,0.990327567,0.07606534559,0.07782070437,0.08607735571,0,1
2441,81366666667,0,1,-0.09168707228,0.002415573618,0.03913740338,0.9906331901,0.07435330652,0.07664410496,0.08510669575,0,1
2442,81400000000,0,0,-0.08894953586,0.001034061004,0.03928031291,0.9910129349,0.07467761466,0.07195368123,0.0844942867,0,1
2443,81433333333,0,0,-0.08419721883,0.001323799763,0.03807997299,0.9913240548,0.07432335367,0.06929984812,0.08336779088,0,1
2444,81466666667,0,0,-0.0814470718,-0.001302945312,0.0402675346,0.991499188,0.07456273343,0.06846229394,0.08174761998,0,1
2445,81500000000,0,0,-0.0777808887,0.001042028363,0.03884167278,0.9915612149,0.07656137238,0.06517161558,0.0818374851,0,1
2446,81533333333,0,0,-0.0735450401,0.001024056209,0.03877713338,0.9918967108,0.07542198286,0.06133943339,0.08179189129,0,1
2447,81566666667,0,0,-0.06996583325,-0.0007839581653,0.03971190471,0.9921497601,0.07456487068,0.0596148419,0.08077749874,0,1
2448,81600000000,0,0,-0.0661785407,-0.001509758751,0.03919116649,0.9924326578,0.07540378398,0.05825793441,0.07744483305,0,1
2449,81633333333,0,0,-0.06107545585,-0.0005206121626,0.03809019875,0.9927039635,0.07546337163,0.05745722252,0.0744499023,0,1
2450,81666666667,0,0,-0.0585422259,4.243254804e-05,0.03991694534,0.9928373683,0.07534109385,0.05756037498,0.0726944491,0,1
2451,81700000000,0,0,-0.05607180233,0.0001039000959,0.0407123851,0.9932138497,0.07482158848,0.05506725933,0.06996839075,0,1
2452,81733333333,0,1,-0.0490016732,0.001613161983,0.0371964367,0.9935775915,0.07320410677,0.05298640586,0.06809676412,0,1
2453,81766666667,0,0,-0.04629525752,0.0008263538384,0.03947583109,0.993857572,0.07120313439,0.0545597308,0.06481107963,0,1
2454,81800000000,0,0,-0.04431171823,0.0003585054661,0.04258813895,0.9941240126,0.06999980634,0.05461587004,0.06192399768,0,1
2455,81833333333,0,0,-0.03931303519,0.002026488922,0.03901054953,0.9943748568,0.06888288332,0.0535785968,0.06002604788,0,1
2456,81866666667,0,0,-0.03702803473,0.00217262845,0.0434338688,0.9946089301,0.06472800774,0.05605065403,0.0584951741,0,1
2457,81900000000,0,0,-0.03561370443,-0.001726218345,0.04824854105,0.9946293107,0.06383317897,0.05585245306,0.05931579083,0,1
2458,81933333333,0,0,-0.03068867854,0.002040741149,0.04464309507,0.9945062589,0.06523148836,0.05395318504,0.06157278406,0,1
2459,81966666667,0,0,-0.02826367324,0.002394048523,0.0493681527,0.9946350233,0.0615720796,0.05456799098,0.06270872127,0,1
2460,82000000000,0,0,-0.0271261583,-0.0004058211886,0.05303128279,0.9947002582,0.06051101734,0.05334671248,0.06374904966,0,1
2461,82033333333,0,1,-0.0227535468,0.003270089456,0.05015153041,0.9948049302,0.06033930573,0.05042479672,0.06465028218,0,1
2462,82066666667,0,0,-0.02100710019,0.004035110709,0.05377255379,0.9950912224,0.05579963422,0.04922977684,0.06524024052,0,1
2463,82100000000,0,0,-0.02032514711,0.0009757638972,0.05921411973,0.9953681861,0.05305797577,0.04717655242,0.06481819417,0,1
2464,82133333333,0,0,-0.01570590018,0.0004952821307,0.05765727183,0.9957200706,0.05220071153,0.04461646738,0.06185464816,0,1
2465,82166666667,0,0,-0.01362858338,0.0008072117681,0.06233155422,0.9958847642,0.05073516398,0.0449900542,0.06012798444,0,1
2466,82200000000,0,0,-0.01245588539,-0.001475579011,0.06733599028,0.9959828138,0.05121417104,0.04319070654,0.05941301367,0,1
2467,82233333333,0,0,-0.007499271534,-0.001817401564,0.06574798709,0.9961610483,0.05102518334,0.04054315684,0.05844526501,0,1
2468,82266666667,0,0,-0.00472222567,-0.005495879574,0.07098271766,0.9963552734,0.04958328844,0.04251452921,0.05486512031,0,1
2469,82300000000,0,0,-0.003503365044,-0.007540264808,0.07667933832,0.9962390542,0.05316124938,0.04390367466,0.05247948019,0,1
2470,82333333333,0,0,7.820962843e-05,-0.007422129061,0.07911866332,0.9961208053,0.05618637957,0.04044155884,0.05432229996,0,1
2471,82366666667,0,0,0.004109400415,-0.008811916198,0.08081443064,0.9961785394,0.05577971504,0.03793011601,0.05548195469,0,1
2472,82400000000,0,1,0.005161147014,-0.01557071235,0.0888335893,0.9963416252,0.05472332255,0.03715910393,0.05411030329,0,1
2473,82433333333,0,0,0.01027908831,-0.01639470576,0.08857865565,0.9963779098,0.05787733707,0.03427063879,0.05202689635,0,1
2474,82466666667,0,0,0.01697838229,-0.0150520845,0.08987909272,0.9963927398,0.05748969585,0.03382802792,0.05246053161,0,1
2475,82500000000,0,0,0.01637656278,-0.01931382266,0.09934974464,0.9963560834,0.05606177609,0.03495769203,0.0539406357,0,1
2476,82533333333,0,0,0.02096608139,-0.02187832293,0.1013368729,0.9963179583,0.05709211017,0.03122451994,0.0558215582,0,1
2477,82566666667,0,0,0.02826590874,-0.02257296459,0.1010855089,0.9964556503,0.05613317023,0.02954006543,0.05525023642,0,1
2478,82600000000,0,1,0.03214087972,-0.02654811583,0.1071938379,0.9965084915,0.05502140138,0.03231458937,0.05384458345,0,1
2479,82633333333,0,0,0.03517239235,-0.02903242114,0.1119358653,0.9963590093,0.05755680532,0.03213964647,0.05406460882,0,1
2480,82666666667,0,0,0.04272525939,-0.02754481174,0.1118027572,0.9963214897,0.05882894087,0.03031181963,0.0544411475,0,1
2481,82700000000,0,0,0.04803593055,-0.0313870571,0.1174214385,0.9964172651,0.05718386141,0.03159466683,0.05370676787,0,1
2482,82733333333,0,0,0.05361988612,-0.03361779957,0.1207098433,0.9963204526,0.05856072857,0.03223017979,0.05364151588,0,1
2483,82766666667,0,0,0.0597053266,-0.03249861041,0.1229087219,0.9963054231,0.05882220134,0.03247555962,0.05348635826,0,1
2484,82800000000,0,1,0.06432792385,-0.03610861777,0.1283087343,0.9966252808,0.05621351939,0.03297976453,0.04990415914,0,1
2485,82833333333,0,0,0.06900146964,-0.04119270799,0.132203128,0.996812992,0.05615061009,0.03400462086,0.04532828795,0,1
2486,82866666667,0,0,0.07506254244,-0.04162364897,0.1336364627,0.9967530508,0.05836368014,0.03470998432,0.04326954455,0,1
2487,82900000000,0,0,0.07953418974,-0.04289725171,0.1370184056,0.9967019573,0.05881671016,0.03503204744,0.04357245141,0,1
2488,82933333333,0,0,0.08300824236,-0.04632237489,0.1409507739,0.9965600666,0.05991433437,0.03438977466,0.04577826543,0,1
2489,82966666667,0,0,0.08814994907,-0.0467462117,0.1407447787,0.9964069859,0.06243007606,0.03295374494,0.04679374593,0,1
2490,83000000000,0,1,0.09371486196,-0.0469184543,0.1415880749,0.996329645,0.06325053006,0.03199150999,0.04799116902,0,1
2491,83033333333,0,0,0.09563201036,-0.04739811973,0.1442440279,0.9962379483,0.0634019591,0.03011231861,0.05082706197,0,1
2492,83066666667,0,0,0.1048546669,-0.04857955327,0.1454601981,0.9965073278,0.0617637775,0.02954557525,0.04780627902,0,1
2493,83100000000,0,0,0.1064130905,-0.05003874804,0.1483992669,0.9965769918,0.06207474529,0.02890843142,0.04631768653,0,1
2494,83133333333,0,0,0.1105170532,-0.04837731421,0.1479595243,0.996518264,0.0633048211,0.02603699906,0.04760172008,0,1
2495,83166666667,0,0,0.11455492,-0.04830549687,0.148806962,0.9966625068,0.06195377803,0.0242000646,0.04732793805,0,1
2496,83200000000,0,0,0.1165418231,-0.04986814803,0.1514769393,0.9966557711,0.06164594726,0.02329771517,0.04831425931,0,1
2497,83233333333,0,0,0.1212252667,-0.04821515596,0.1504262277,0.9964943011,0.0628080725,0.01979808327,0.05159738209,0,1
2498,83266666667,0,0,0.1256230974,-0.04715891699,0.1511814767,0.9964850819,0.06113674569,0.01776519211,0.05444426429,0,1
2499,83300000000,0,0,0.1276999898,-0.05062131443,0.1543499299,0.9965566859,0.05950311999,0.01714990519,0.05513647791,0,1
2500,83333333333,0,0,0.1325768825,-0.05040127672,0.1531299296,0.9963770551,0.06154334214,0.01548266606,0.05661685332,0,1
2501,83366666667,0,0,0.1371206933,-0.04736508337,0.1540757899,0.9963241678,0.06147568186,0.01474462836,0.05780561541,0,1
2502,83400000000,0,0,0.1377364655,-0.04946145698,0.1574346904,0.9962965487,0.0602842075,0.01383838373,0.05972855768,0,1
2503,83433333333,0,0,0.1443146699,-0.04883970383,0.1558881732,0.9962089155,0.0604980505,0.009834978961,0.06173374927,0,1
2504,83466666667,0,1,0.1486087986,-0.04844718766,0.1562075221,0.9963261977,0.05904648469,0.009695303323,0.06126680524,0,1
2505,83500000000,0,0,0.150325144,-0.05393270458,0.1589805835,0.9964438824,0.0590493933,0.00944049012,0.05936021882,0,1
2506,83533333333,0,0,0.1559098464,-0.05020806028,0.1569237129,0.9961538177,0.06374615464,0.007619612128,0.05963170993,0,1
2507,83566666667,0,0,0.159757475,-0.04637622246,0.1571203411,0.9963383059,0.06317421296,0.006272282369,0.05726829431,0,1
2508,83600000000,0,0,0.162319927,-0.05150089562,0.1600717228,0.9965376874,0.06107970116,0.006101813492,0.05607740653,0,1
2509,83633333333,0,0,0.1668358455,-0.04987497996,0.1588374307,0.9964538126,0.06374163284,0.004204350784,0.05476428582,0,1
2510,83666666667,0,0,0.1713632686,-0.04998314488,0.1595154993,0.99664883,0.0632473445,0.002758520643,0.05180032442,0,1
2511,83700000000,0,0,0.1754543873,-0.05148465327,0.1599888489,0.996631748,0.06383996173,0.00220249577,0.05142729943,0,1
2512,83733333333,0,0,0.1787234336,-0.05099744668,0.1608235853,0.9966400252,0.06471649345,0.001275030213,0.05018774785,0,1
2513,83766666667,0,0,0.1832126216,-0.05352659282,0.1615340291,0.9968106764,0.06487966014,-0.0001359435669,0.04646597318,0,1
2514,83800000000,0,0,0.1889025963,-0.05311024391,0.1606705985,0.9967051501,0.06718298404,-0.000623301167,0.04544119085,0,1
2515,83833333333,0,0,0.1921940611,-0.05297045918,0.1613985791,0.9966486116,0.06812837476,-0.0008804812553,0.04526913126,0,1
2516,83866666667,0,1,0.1962910064,-0.0538752301,0.1627395172,0.996656487,0.06839281465,-0.002640000496,0.04462398808,0,1
2517,83900000000,0,0,0.2012418802,-0.0553894964,0.1626197347,0.9966551742,0.06938069392,-0.00331770237,0.04305549779,0,1
2518,83933333333,0,0,0.2033259034,-0.05422477591,0.163604685,0.9965927925,0.07072836468,-0.003523295039,0.04228345729,0,1
2519,83966666667,0,0,0.2060560213,-0.05452020853,0.1645812216,0.9965960861,0.07078413593,-0.005672236779,0.04187687835,0,1
2520,84000000000,0,0,0.2091571717,-0.05614630043,0.1645850186,0.996658699,0.07103428679,-0.008137360566,0.03948862061,0,1
2521,84033333333,0,0,0.2139521746,-0.05343541784,0.1637212441,0.9966100779,0.07227170636,-0.01058645427,0.03785604439,0,1
2522,84066666667,0,0,0.2133988781,-0.05339098736,0.1654561531,0.9967701552,0.07084009771,-0.0116654671,0.03598409634,0,1
2523,84100000000,0,0,0.2154852359,-0.05395137092,0.1655233358,0.9968593588,0.0701282462,-0.0162872395,0.03298747717,0,1
2524,84133333333,0,0,0.2206317503,-0.05279090592,0.1641552866,0.9969539689,0.06958517216,-0.01928273778,0.02947649441,0,1
2525,84166666667,0,0,0.220358462,-0.05252727382,0.1660199209,0.9971739746,0.06834974369,-0.02001676977,0.02391037217,0,1
2526,84200000000,0,1,0.2197772836,-0.05007227636,0.1676219291,0.99707002,0.06877101464,-0.02423958656,0.02311634123,0,1
2527,84233333333,0,0,0.2229432105,-0.04682901933,0.1663648327,0.9969574646,0.06695617828,-0.03243082799,0.02325780222,0,1
2528,84266666667,0,0,0.2256741405,-0.04749779859,0.1669078706,0.9971645102,0.06219360193,-0.03791215452,0.0189093625,0,1
2529,84300000000,0,0,0.2259114321,-0.04987801406,0.1685001167,0.9972163235,0.05989212523,-0.04173127987,0.01519992305,0,1
2530,84333333333,0,0,0.2297892901,-0.04679265661,0.1670995322,0.9969980975,0.06029267611,-0.0471258057,0.01177901622,0,1
2531,84366666667,0,0,0.2327520087,-0.04540710301,0.1676079723,0.9970298436,0.05761514085,-0.05052919464,0.007667267579,0,1
2532,84400000000,0,0,0.233403953,-0.04656630569,0.1696772524,0.9970019846,0.05583941176,-0.05308697222,0.007125747446,0,1
2533,84433333333,0,0,0.2344761216,-0.0458401471,0.1702757202,0.996781627,0.05575452819,-0.05715202276,0.007174042108,0,1
2534,84466666667,0,0,0.2405796871,-0.04476422153,0.169088456,0.9965499736,0.0541960846,-0.06264347754,0.00517004225,0,1
2535,84500000000,0,0,0.2421511818,-0.04525295944,0.1715812469,0.9966267276,0.05209175294,-0.06317155439,0.005565047458,0,1
2536,84533333333,0,0,0.2412766632,-0.0473155075,0.1742083636,0.9965240917,0.05102221599,-0.06567976515,0.004757791169,0,1
2537,84566666667,0,0,0.2468366189,-0.04746450598,0.1729283028,0.9962702068,0.05073819322,-0.06972028507,0.003223770091,0,1
2538,84600000000,0,0,0.2492317651,-0.04808795037,0.1750529531,0.9962762767,0.04991869203,-0.07028958376,0.001038834304,0,1
2539,84633333333,0,1,0.2521604176,-0.05231949611,0.1774454975,0.9961650124,0.04945851073,-0.07217419374,9.7827122e-05,0,1
2540,84666666667,0,0,0.2571861747,-0.05194399508,0.1780367989,0.9958924523,0.0516444849,-0.0743711208,8.402358863e-05,0,1
2541,84700000000,0,0,0.2597737451,-0.0541101774,0.1806719181,0.995860166,0.0518193752,-0.07467202445,-0.00117087844,0,1
2542,84733333333,0,0,0.2605653936,-0.05617685152,0.1838565228,0.9957220732,0.05348091802,-0.07534206443,-0.0009579653372,0,1
2543,84766666667,0,0,0.2642386128,-0.05625376839,0.1850586862,0.9953243607,0.05598552073,-0.07869628153,-0.001390590379,0,1
2544,84800000000,0,0,0.2687023931,-0.05636292578,0.1868621833,0.9951036341,0.05629534867,-0.08117964367,-0.003075151221,0,1
2545,84833333333,0,0,0.269908958,-0.05847197267,0.189955612,0.9950281391,0.05589588779,-0.08227214861,-0.00509368493,0,1
2546,84866666667,0,0,0.2722725898,-0.06021851534,0.1923560547,0.9946962029,0.05716250696,-0.08511034929,-0.008254704146,0,1
2547,84900000000,0,0,0.2778590066,-0.06109225668,0.1941176324,0.9944108389,0.05801065148,-0.08726005467,-0.01294336203,0,1
2548,84933333333,0,0,0.2793851546,-0.06399759392,0.1973462609,0.9943774184,0.05879705523,-0.086340339,-0.01737244716,0,1
2549,84966666667,0,0,0.2825498243,-0.06514978513,0.1995969447,0.9940315432,0.06097892092,-0.08818383647,-0.0201611845,0,1
2550,85000000000,0,0,0.2874292853,-0.06546214116,0.2021363781,0.9937994356,0.06229801008,-0.08928500233,-0.02257937143,0,1
2551,85033333333,0,0,0.28845116,-0.06937693229,0.205525808,0.9937162202,0.06265928167,-0.08895346965,-0.02625201687,0,1
2552,85066666667,0,1,0.2920443983,-0.07040591973,0.2080934952,0.99336964,0.06589738136,-0.0899759103,-0.02790392618,0,1
2553,85100000000,0,0,0.2961538782,-0.07015171075,0.209757309,0.9930698395,0.068951219,-0.08978679387,-0.03156509172,0,1
2554,85133333333,0,0,0.2971397855,-0.07102075655,0.2128414899,0.9928301263,0.07031415379,-0.09013134827,-0.03493708957,0,1
2555,85166666667,0,0,0.302826354,-0.07071787759,0.213805512,0.9924370082,0.07198815114,-0.09261318129,-0.03618410586,0,1
2556,85200000000,0,0,0.3060414117,-0.06967821139,0.2160684941,0.9923732763,0.07167460248,-0.09293341631,-0.03770161896,0,1
2557,85233333333,0,0,0.3063275754,-0.07278657583,0.2186312629,0.9923196879,0.07029633984,-0.09366622528,-0.03983340044,0,1
2558,85266666667,0,0,0.316953866,-0.07189843155,0.2210138656,0.9919749249,0.07028641467,-0.09550980492,-0.0438571035,0,1
2559,85300000000,0,0,0.3157497508,-0.0744535148,0.2240882505,0.9920344609,0.06896651275,-0.09486939094,-0.04594613366,0,1
2560,85333333333,0,0,0.3208542213,-0.0748764733,0.2244828028,0.9916807033,0.06973197361,-0.09710746916,-0.04771764875,0,1
2561,85366666667,0,0,0.3228456602,-0.07602200566,0.2263124355,0.991726843,0.0691510122,-0.09584868239,-0.0500902839,0,1
2562,85400000000,0,0,0.3207881994,-0.07956915837,0.2280703967,0.9916510601,0.07002723386,-0.0951920944,-0.05160258452,0,1
2563,85433333333,0,0,0.3263228538,-0.07820706402,0.2273589899,0.9911888486,0.07391299705,-0.09765766433,-0.05044319495,0,1
2564,85466666667,0,0,0.3279802585,-0.07721689405,0.2286470722,0.9911525557,0.07466518191,-0.09770486749,-0.04995478712,0,1
2565,85500000000,0,0,0.3291614986,-0.0794111339,0.2295820599,0.991129297,0.07434585345,-0.09857696366,-0.04917309106,0,1
2566,85533333333,0,0,0.3337613396,-0.07867254888,0.2289342301,0.9910536641,0.07551650821,-0.09957794342,-0.04684148957,0,1
2567,85566666667,0,1,0.3348754699,-0.07868434042,0.2293363908,0.9912916475,0.07481202668,-0.09836595104,-0.04547713648,0,1
2568,85600000000,0,0,0.3350814949,-0.07943504537,0.2303820947,0.9914501022,0.07444317037,-0.09855504767,-0.04209289543,0,1
2569,85633333333,0,0,0.3393893389,-0.07887991907,0.230004912,0.9913721477,0.0746971344,-0.1003525001,-0.0391277211,0,1
2570,85666666667,0,0,0.3428484724,-0.07925537815,0.2301508841,0.9916671945,0.07342591284,-0.09911164974,-0.03717111323,0,1
2571,85700000000,0,0,0.3425506544,-0.08015293435,0.2307629532,0.9919761591,0.0730634609,-0.09721004143,-0.03457221765,0,1
2572,85733333333,0,0,0.3465299587,-0.07816919351,0.2302697933,0.99200088,0.07369449144,-0.09765666053,-0.03108942927,0,1
2573,85766666667,0,0,0.3496396214,-0.07715895869,0.2306693951,0.9923876467,0.07146247779,-0.09606436462,-0.02883592842,0,1
2574,85800000000,0,0,0.3487777479,-0.07907243005,0.2311420516,0.992771758,0.06966646681,-0.09360844717,-0.02807629956,0,1
2575,85833333333,0,0,0.3524047629,-0.07797497296,0.2302721303,0.9927935303,0.07001742528,-0.09323779414,-0.02766369779,0,1
2576,85866666667,0,0,0.3546907528,-0.07824448976,0.2303369206,0.9931064658,0.06898505906,-0.09009225749,-0.02939377988,0,1
2577,85900000000,0,0,0.3530036413,-0.08096100121,0.2308541757,0.9933227024,0.06929452406,-0.08703750358,-0.0305409702,0,1
2578,85933333333,0,0,0.3563996736,-0.07974212668,0.2299263001,0.9931076094,0.07271275431,-0.08710708337,-0.02936813895,0,1
2579,85966666667,0,0,0.359148433,-0.07926028503,0.2293336579,0.9932059211,0.07366367342,-0.08548426293,-0.02842714144,0,1
2580,86000000000,0,0,0.3574952946,-0.08152948909,0.2292137531,0.9933151221,0.07482988588,-0.08369475862,-0.02684667287,0,1
2581,86033333333,0,0,0.3625472911,-0.07945980732,0.2274395051,0.993021926,0.07829937164,-0.08473671441,-0.0244203207,0,1
2582,86066666667,0,0,0.3640703534,-0.07889049453,0.2270756545,0.9932426168,0.07869532625,-0.08222270588,-0.02270630955,0,1
2583,86100000000,0,0,0.3632074822,-0.08077189388,0.226958292,0.9933635115,0.07921381821,-0.08080300435,-0.02061503253,0,1
2584,86133333333,0,1,0.3680997286,-0.07869859603,0.2250636748,0.993220383,0.0812939008,-0.08110466028,-0.01807225969,0,1
