frame_index,timestamp_ns,segment,keyframe,cx,cy,cz,qw,qx,qy,qz,predicted,confidence
150,5000000000,0,1,0,0,0,1,0,0,0,0,1
155,5166666667,0,1,0.0204175484,-0.02155163436,0.006785647521,0.9990625032,0.01368571113,-0.03035331591,-0.02766752873,0,1
156,5200000000,0,0,0.02409519434,-0.0265469785,0.007713765294,0.998763876,0.01658122433,-0.03275059396,-0.03351390003,0,1
157,5233333333,0,0,0.02733622091,-0.0298574672,0.008716570503,0.9984466588,0.02070772879,-0.03440008615,-0.03862762783,0,1
158,5266666667,0,0,0.02952472275,-0.03107861404,0.01123287099,0.9980821667,0.02459856281,-0.03753248848,-0.04264049105,0,1
159,5300000000,0,0,0.03259475943,-0.03387809143,0.01137907943,0.9976251602,0.02709318332,-0.0432409709,-0.04626248486,0,1
160,5333333333,0,0,0.03630828416,-0.0362925803,0.0109206807,0.9971507627,0.02863402325,-0.0495635589,-0.04913148433,0,1
161,5366666667,0,0,0.04210375241,-0.04035868039,0.008463348776,0.9967170842,0.02916550887,-0.05496243092,-0.05180307284,0,1
162,5400000000,0,0,0.0468074927,-0.0437964496,0.007796930098,0.9965215769,0.02959047636,-0.05706328394,-0.0530370823,0,1
163,5433333333,0,1,0.05657063035,-0.04217252706,0.0176341762,0.9964283095,0.03366226097,-0.06124757768,-0.04739420212,0,1
164,5466666667,0,0,0.05999713446,-0.04305045293,0.01765319598,0.9962454625,0.03524173773,-0.06323002977,-0.04748643691,0,1
165,5500000000,0,0,0.06398895887,-0.04454830371,0.01770049001,0.9960670445,0.03521107789,-0.06536990025,-0.04834665514,0,1
166,5533333333,0,0,0.06772587889,-0.04636783958,0.01803192324,0.9959719744,0.035497,-0.06709782013,-0.04772495906,0,1
167,5566666667,0,0,0.07247839182,-0.04791349238,0.01719569485,0.995991117,0.03484290327,-0.06781252158,-0.04678812729,0,1
168,5600000000,0,0,0.07592947012,-0.05206552468,0.016934991,0.996119659,0.03417265025,-0.06692806606,-0.04580926627,0,1
169,5633333333,0,0,0.07893918307,-0.05412788402,0.0165245853,0.9962709548,0.03676164208,-0.06557846458,-0.04233475141,0,1
170,5666666667,0,0,0.08220007251,-0.0530152292,0.0138756367,0.9964031502,0.03899025329,-0.06562729272,-0.03679104302,0,1
171,5700000000,0,0,0.08491447911,-0.05433337845,0.01202176764,0.9964033668,0.03862163484,-0.06723375116,-0.03418073538,0,1
172,5733333333,0,0,0.08698784829,-0.05782622754,0.01055953914,0.9962573884,0.03970395777,-0.06963419308,-0.03234023846,0,1
173,5766666667,0,0,0.09232710877,-0.05864127524,0.006523135891,0.9960288346,0.04254960741,-0.07232044143,-0.02976315341,0,1
174,5800000000,0,0,0.09637464316,-0.05863155984,0.00307332486,0.9959225197,0.04439949614,-0.07286800599,-0.029279227,0,1
175,5833333333,0,1,0.1010385165,-0.05583233151,0.006033881999,0.99585987,0.04578611148,-0.073943285,-0.02644129237,0,1
176,5866666667,0,0,0.1042455439,-0.05507292603,0.002442215017,0.9959357676,0.04608013821,-0.07394898838,-0.02280602584,0,1
177,5900000000,0,0,0.1070119739,-0.05307385925,-0.001284779692,0.9959912393,0.04536893323,-0.07444679358,-0.02001964274,0,1
178,5933333333,0,0,0.109949498,-0.05317704476,-0.00442534647,0.9959762281,0.04382350143,-0.07515825417,-0.02149629432,0,1
179,5966666667,0,0,0.1127316071,-0.05091502815,-0.008604745789,0.9959443535,0.04393582152,-0.07486162605,-0.02366907617,0,1
180,6000000000,0,0,0.1151231892,-0.04823537816,-0.01348525878,0.9959821079,0.04322181971,-0.07418026818,-0.02547160886,0,1
181,6033333333,0,0,0.1165163055,-0.0451937442,-0.01713362217,0.9960011732,0.04188289173,-0.07370910151,-0.02818607392,0,1
182,6066666667,0,0,0.1175011528,-0.04295278444,-0.02089708773,0.9958911074,0.04067646972,-0.07473202234,-0.03100728723,0,1
183,6100000000,0,0,0.1200732322,-0.03975762235,-0.02507270922,0.9956861828,0.03949634617,-0.07679305507,-0.03393951454,0,1
184,6133333333,0,0,0.122540293,-0.03739740188,-0.02878897822,0.9955888786,0.03819727549,-0.07768812923,-0.03617053362,0,1
185,6166666667,0,0,0.1248170044,-0.03480223811,-0.03227086771,0.9955847979,0.03702482739,-0.07829677993,-0.03618959354,0,1
186,6200000000,0,0,0.1266700853,-0.03376673868,-0.03610411416,0.9955987206,0.03615209214,-0.07874275742,-0.03571822984,0,1
187,6233333333,0,0,0.1292869852,-0.02997315156,-0.04081807037,0.9955375203,0.03610842269,-0.07935948893,-0.03610123189,0,1
188,6266666667,0,0,0.1325704154,-0.02814404861,-0.04417441031,0.9955486957,0.03409400563,-0.07973580585,-0.03691333921,0,1
189,6300000000,0,0,0.1359568602,-0.0267043149,-0.04820440819,0.9957066129,0.03245986754,-0.07900314018,-0.03568195562,0,1
190,6333333333,0,0,0.1383378042,-0.02366773012,-0.05075119364,0.9958805583,0.03050895575,-0.07830292796,-0.03405537733,0,1
191,6366666667,0,0,0.1403149675,-0.02276480824,-0.05447608828,0.9959370823,0.02784743336,-0.07904976858,-0.03293907565,0,1
192,6400000000,0,1,0.1426255491,-0.02118883607,-0.0523110529,0.9958442437,0.02546831296,-0.08105047254,-0.03280896442,0,1
193,6433333333,0,0,0.1459340473,-0.0216423358,-0.05481565024,0.9957936438,0.02374168702,-0.0825219487,-0.03196058913,0,1
194,6466666667,0,0,0.1489628838,-0.0207340609,-0.05772380355,0.9957412343,0.023248486,-0.08325741036,-0.03204849123,0,1
195,6500000000,0,0,0.1520355128,-0.01954459795,-0.06090486125,0.9956691499,0.02264401898,-0.08434176125,-0.03188510137,0,1
196,6533333333,0,0,0.1562429512,-0.01944586314,-0.06381362854,0.9956833598,0.02176064572,-0.08471793969,-0.03104822019,0,1
197,6566666667,0,0,0.1598419125,-0.0191130868,-0.06605772492,0.9957269342,0.02217829702,-0.08414256774,-0.03091963749,0,1
198,6600000000,0,0,0.1638538629,-0.02032194887,-0.06831241341,0.9957422896,0.02334150893,-0.08230638606,-0.03432383227,0,1
199,6633333333,0,0,0.1642195367,-0.01805065497,-0.06977655745,0.9957631877,0.0268051511,-0.08052545855,-0.03539503482,0,1
200,6666666667,0,0,0.166405614,-0.01395012995,-0.07296112156,0.9955487942,0.02755696016,-0.08312753505,-0.03482851075,0,1
201,6700000000,0,0,0.1695849993,-0.01339018705,-0.07464626684,0.9952220033,0.02544572516,-0.0870641484,-0.03613188778,0,1
202,6733333333,0,0,0.1738833073,-0.01298904095,-0.07644917659,0.9949390126,0.0240887712,-0.09048143999,-0.03645821335,0,1
203,6766666667,0,0,0.178408336,-0.01212570215,-0.07819517814,0.9947226954,0.02349128209,-0.09280658699,-0.03690333778,0,1
204,6800000000,0,0,0.1822482404,-0.01086514436,-0.07962682487,0.9946185521,0.02293976483,-0.09373673968,-0.0376978346,0,1
205,6833333333,0,0,0.1856138715,-0.01085853107,-0.08068413948,0.9945514258,0.02268110843,-0.09427965293,-0.03826716237,0,1
206,6866666667,0,0,0.1890231092,-0.009176095553,-0.08200858356,0.9943949688,0.0231223056,-0.09541607888,-0.03923999005,0,1
207,6900000000,0,0,0.1930853177,-0.007545463185,-0.08347205622,0.9941347002,0.02257004886,-0.09734151129,-0.04136932332,0,1
208,6933333333,0,1,0.1954816065,-0.006619357983,-0.07932573365,0.9937808426,0.0225451341,-0.09975189926,-0.04405578745,0,1
209,6966666667,0,0,0.1997241626,-0.004365700756,-0.08058075841,0.9934069874,0.02242830902,-0.1027276864,-0.04567877791,0,1
210,7000000000,0,0,0.2038542356,-0.003444727173,-0.08137556843,0.9929708167,0.02167316889,-0.1055991632,-0.04886765429,0,1
211,7033333333,0,0,0.2085431273,-0.002628443469,-0.08250308239,0.9924673312,0.0214512237,-0.108324201,-0.0530500613,0,1
212,7066666667,0,0,0.2132065942,-0.002066874463,-0.08323390577,0.9920225128,0.02121233219,-0.1106846473,-0.05648256342,0,1
213,7100000000,0,0,0.2181145283,0.0005899303262,-0.08432357567,0.9916422273,0.02138880335,-0.1135586822,-0.05738151183,0,1
214,7133333333,0,0,0.2229649253,0.001204661072,-0.08489535185,0.9911050664,0.01976835823,-0.1170422495,-0.06017533772,0,1
215,7166666667,0,0,0.2296804187,0.001847503488,-0.08597948782,0.9904878975,0.01922117603,-0.1202535938,-0.0640573532,0,1
216,7200000000,0,0,0.2359536067,0.002463360648,-0.08735816884,0.9901449374,0.01897892617,-0.1217957692,-0.06647250492,0,1
217,7233333333,0,0,0.2417852766,0.00402549395,-0.0877720568,0.9898878817,0.01874218342,-0.1229628351,-0.06819716592,0,1
218,7266666667,0,0,0.247237359,0.005152288173,-0.08792901117,0.9896190278,0.01804315385,-0.1245155067,-0.06945871457,0,1
219,7300000000,0,0,0.2523847078,0.007423502465,-0.08870715247,0.9892156516,0.01747396677,-0.1268370109,-0.07112965446,0,1
220,7333333333,0,1,0.2574280277,0.009130792069,-0.08357908367,0.9886231947,0.01616928418,-0.1298276138,-0.07421269313,0,1
221,7366666667,0,0,0.2640582555,0.01048914412,-0.08384802455,0.9882066421,0.01479167059,-0.1319712773,-0.07623923486,0,1
222,7400000000,0,0,0.2700096928,0.01170266177,-0.08392620992,0.9878571464,0.01354066458,-0.1335146778,-0.07828626644,0,1
223,7433333333,0,0,0.2763870684,0.01451577738,-0.08416383587,0.9874982722,0.01214656007,-0.1350155511,-0.08043894898,0,1
224,7466666667,0,0,0.2835381136,0.01602251042,-0.0839051123,0.9872660346,0.009703404811,-0.1358397875,-0.08221418928,0,1
225,7500000000,0,0,0.2886188183,0.01827632186,-0.08241742891,0.9871951948,0.007117199728,-0.135917014,-0.08319590232,0,1
226,7533333333,0,0,0.293783935,0.02025696843,-0.08121088355,0.9869610026,0.004148852583,-0.1370512509,-0.08430730048,0,1
227,7566666667,0,1,0.2966529575,0.02167774933,-0.07732448684,0.9866782784,0.001388851756,-0.1384424192,-0.08542682604,0,1
228,7600000000,0,0,0.3028159887,0.02287902144,-0.07658374846,0.9863575604,-0.0008436834363,-0.1402866708,-0.0861260774,0,1
229,7633333333,0,0,0.3085433037,0.0240420434,-0.07624169933,0.9861266072,-0.002900094034,-0.1409231628,-0.08767306432,0,1
230,7666666667,0,0,0.3132778822,0.02525811526,-0.07514670291,0.9860314454,-0.004556724134,-0.1407483691,-0.08894448553,0,1
231,7700000000,0,0,0.3175378986,0.02708468398,-0.07363205859,0.985975137,-0.006058972291,-0.1413459697,-0.08853041766,0,1
232,7733333333,0,0,0.3224993555,0.02931862057,-0.07337083558,0.9857441841,-0.008512064889,-0.1430744035,-0.08812300147,0,1
233,7766666667,0,0,0.3276483639,0.03009365472,-0.07241517744,0.9855156719,-0.01158110545,-0.1444870581,-0.08802402257,0,1
234,7800000000,0,0,0.3328555785,0.0314590108,-0.07169369122,0.9853824267,-0.01438396843,-0.1454078564,-0.08758498719,0,1
235,7833333333,0,0,0.3375049182,0.03202820226,-0.07087998674,0.9853079925,-0.01729461378,-0.1455600726,-0.08764314862,0,1
236,7866666667,0,0,0.3414389624,0.03309728907,-0.07032756071,0.9851999467,-0.01906794262,-0.1454341433,-0.08869266296,0,1
237,7900000000,0,1,0.3432826803,0.03498787303,-0.06552702256,0.9851247521,-0.02061789223,-0.1449830275,-0.08991132837,0,1
238,7933333333,0,0,0.3472598641,0.03659089691,-0.06456094782,0.9850098743,-0.02274845063,-0.1448825754,-0.09081351648,0,1
239,7966666667,0,0,0.3511155501,0.03864704079,-0.063719548,0.9847792058,-0.02533226065,-0.1453439635,-0.09188756509,0,1
240,8000000000,0,0,0.3543167378,0.03970060822,-0.06184178415,0.984460782,-0.02893083589,-0.1457544374,-0.09357146666,0,1
241,8033333333,0,0,0.3588112893,0.0404192299,-0.06048677668,0.984230053,-0.0321680201,-0.1456644664,-0.09506989222,0,1
242,8066666667,0,0,0.3627358727,0.04156948431,-0.05877985064,0.9842428065,-0.03526441317,-0.143999713,-0.09636701501,0,1
243,8100000000,0,0,0.3660480611,0.04298877343,-0.05660833655,0.9842360209,-0.03822486452,-0.1419102414,-0.09838596547,0,1
244,8133333333,0,0,0.3683826566,0.04394527143,-0.05499753706,0.9841670757,-0.04141209075,-0.1397435551,-0.1008560593,0,1
245,8166666667,0,1,0.3719651877,0.04552345485,-0.05183312409,0.9841349351,-0.044057826,-0.1383075193,-0.1020214072,0,1
246,8200000000,0,0,0.3747921988,0.04704134938,-0.04929098545,0.9842697607,-0.04686768385,-0.1368510821,-0.1014309601,0,1
247,8233333333,0,0,0.3785316507,0.04883419828,-0.04644441416,0.9841941282,-0.04994300604,-0.1364572271,-0.1012276608,0,1
248,8266666667,0,0,0.3820997529,0.04972129747,-0.04397977846,0.9840567337,-0.05352811239,-0.1357804005,-0.1016403904,0,1
249,8300000000,0,0,0.385696641,0.05121784198,-0.04118428174,0.9841031028,-0.05703822731,-0.1345108757,-0.1009680548,0,1
250,8333333333,0,0,0.3898858343,0.05277726575,-0.03790514579,0.984176761,-0.06148021566,-0.1331014913,-0.09950014641,0,1
251,8366666667,0,1,0.3929760496,0.05477212213,-0.03376685705,0.984218004,-0.06654584818,-0.1314658998,-0.09799636653,0,1
252,8400000000,0,0,0.3965200516,0.05559242108,-0.02897879535,0.9840899695,-0.07247791856,-0.1298624737,-0.09720916206,0,1
253,8433333333,0,0,0.3991553861,0.05625465039,-0.02398874583,0.9839080048,-0.07765499583,-0.1281273916,-0.09735559222,0,1
254,8466666667,0,0,0.4021535929,0.05689321211,-0.01844348328,0.983531034,-0.08210549366,-0.127159721,-0.09877144567,0,1
255,8500000000,0,0,0.4047007886,0.05763692171,-0.01293043917,0.983308375,-0.0857235351,-0.1265145377,-0.09874303498,0,1
256,8533333333,0,0,0.4071424515,0.0573965366,-0.007211724986,0.9828665603,-0.08909582658,-0.1270486021,-0.09946814119,0,1
257,8566666667,0,0,0.4097195142,0.05697446686,-0.00240823017,0.9824005464,-0.09174322327,-0.1280199697,-0.1004153111,0,1
258,8600000000,0,0,0.4117873173,0.05619176945,0.003204428249,0.9821042135,-0.09384833513,-0.1283118478,-0.1009944233,0,1
259,8633333333,0,0,0.414074698,0.05403966281,0.007684175679,0.9818451499,-0.09464392129,-0.128320681,-0.1027445018,0,1
260,8666666667,0,0,0.4168741374,0.05236691774,0.01153161817,0.9816975923,-0.09519968119,-0.1274890821,-0.1046584536,0,1
261,8700000000,0,1,0.4187741715,0.05183028097,0.01954731936,0.9817292526,-0.09559376519,-0.1258053352,-0.1060307701,0,1
262,8733333333,0,0,0.420631776,0.05057891359,0.02411185327,0.9818256089,-0.09628874357,-0.1243802233,-0.1061909205,0,1
263,8766666667,0,0,0.4230428855,0.04929166438,0.02776850915,0.9815877473,-0.09798053425,-0.1244004507,-0.1068168394,0,1
264,8800000000,0,0,0.4240054198,0.04645682431,0.03312292847,0.9811198042,-0.09982210511,-0.1245414642,-0.1092195077,0,1
265,8833333333,0,0,0.4250191741,0.04291818603,0.03841841594,0.9807681711,-0.09945673965,-0.1247525035,-0.112423149,0,1
266,8866666667,0,0,0.4283044611,0.03970904674,0.04060125946,0.9804557969,-0.09736120809,-0.1255805521,-0.1160032349,0,1
267,8900000000,0,0,0.4304041494,0.03706590551,0.04352845868,0.9805766775,-0.09511805537,-0.12465812,-0.1178231229,0,1
268,8933333333,0,0,0.4331151094,0.03510619128,0.04605720303,0.9812235755,-0.09296827212,-0.1236101661,-0.1152289982,0,1
269,8966666667,0,0,0.4356899319,0.03444977472,0.0485040972,0.9815882506,-0.09209724836,-0.1241640258,-0.1121868883,0,1
270,9000000000,0,0,0.4369244034,0.0326949013,0.0517281662,0.9815088877,-0.09246272811,-0.1257485235,-0.1108072929,0,1
271,9033333333,0,0,0.4394294494,0.02917357757,0.05450129525,0.9812314264,-0.09266347053,-0.1279186124,-0.1106128278,0,1
272,9066666667,0,0,0.4428370664,0.02670002626,0.05657535948,0.981078042,-0.09174776525,-0.1293673816,-0.1110509059,0,1
273,9100000000,0,0,0.445861686,0.02438910873,0.05951018312,0.9811541232,-0.09072827348,-0.1296014323,-0.1109433897,0,1
274,9133333333,0,0,0.4492175429,0.02285474563,0.06165611654,0.9814034992,-0.08941907334,-0.130148615,-0.1091454946,0,1
275,9166666667,0,0,0.4517702381,0.0229550823,0.06407262278,0.9814545456,-0.08902275858,-0.1313248914,-0.1075904099,0,1
276,9200000000,0,0,0.4550591495,0.02147008119,0.06673859859,0.9811959685,-0.09009777859,-0.1330967877,-0.1068742574,0,1
277,9233333333,0,1,0.4589665198,0.01940737037,0.0713132491,0.9808659751,-0.09118230976,-0.1352419809,-0.1062889075,0,1
278,9266666667,0,0,0.4615774773,0.01852278416,0.07477866084,0.9806098507,-0.0916964804,-0.1364413169,-0.1066763477,0,1
279,9300000000,0,0,0.4637389447,0.01689147743,0.07884162176,0.9803583562,-0.09166731147,-0.1378675831,-0.1071780154,0,1
280,9333333333,0,0,0.466376574,0.01577186754,0.08202686776,0.9800891755,-0.09125108859,-0.1404107266,-0.1066924311,0,1
281,9366666667,0,0,0.4685674626,0.01414682447,0.08519833969,0.979491795,-0.09061571711,-0.1440620248,-0.1078459477,0,1
282,9400000000,0,0,0.4720760388,0.01166158708,0.08823542973,0.9786282977,-0.08980736322,-0.1486412735,-0.1101229507,0,1
283,9433333333,0,0,0.474619624,0.008476095597,0.09162648922,0.97801801,-0.08811206868,-0.1524722606,-0.1116657743,0,1
284,9466666667,0,1,0.4785872805,0.006581958459,0.0944096234,0.977269362,-0.08549954359,-0.1579180222,-0.1126779498,0,1
285,9500000000,0,0,0.4818467812,0.004066990394,0.09620537224,0.9760475096,-0.08331026423,-0.1640939258,-0.1160337981,0,1
286,9533333333,0,0,0.4859987118,0.001066598863,0.0984754668,0.9745299267,-0.08092168593,-0.170268422,-0.1214568535,0,1
287,9566666667,0,0,0.4894704474,-0.001805640812,0.1001700552,0.9731993674,-0.07766395731,-0.1750714514,-0.1272842802,0,1
288,9600000000,0,0,0.4931910264,-0.004212457706,0.1023235415,0.971884664,-0.07355144376,-0.1798119914,-0.1330339532,0,1
289,9633333333,0,0,0.4977962175,-0.00619118819,0.1040993315,0.9703394899,-0.06938475915,-0.1852065288,-0.1390164426,0,1
290,9666666667,0,0,0.5030482957,-0.008206430245,0.1058489063,0.9687904788,-0.06627897739,-0.1908724104,-0.1435960592,0,1
291,9700000000,0,0,0.5079786929,-0.01090530598,0.1083888294,0.9676080812,-0.06454313824,-0.1958904588,-0.1455874744,0,1
292,9733333333,0,1,0.5161714412,-0.01428891841,0.1099832373,0.9662436211,-0.06369408214,-0.202033654,-0.1466244568,0,1
293,9766666667,0,0,0.5214967249,-0.01666378279,0.1126363249,0.965014525,-0.06310581505,-0.2061589242,-0.1492083127,0,1
294,9800000000,0,0,0.5258717889,-0.0198998348,0.1164726284,0.9641210567,-0.06160389061,-0.2088657183,-0.1518244394,0,1
295,9833333333,0,0,0.5314341158,-0.02214489831,0.1185023001,0.9635394403,-0.05919884619,-0.2111604366,-0.1532922491,0,1
296,9866666667,0,0,0.5361761573,-0.02390636179,0.1210900069,0.962875519,-0.05713117062,-0.2133214858,-0.1552440269,0,1
297,9900000000,0,0,0.5409540769,-0.02553775828,0.1226992948,0.9621140074,-0.05518081375,-0.2158028238,-0.1572286736,0,1
298,9933333333,0,0,0.5455777066,-0.02701888154,0.1250430996,0.9613641092,-0.05361797767,-0.218145741,-0.1591119032,0,1
299,9966666667,0,0,0.5505404126,-0.02738817068,0.1263988227,0.9606230332,-0.05255049544,-0.2209974853,-0.1600060782,0,1
300,10000000000,0,0,0.5548092469,-0.02880790031,0.1290682863,0.9596972801,-0.05267788668,-0.2240248663,-0.1613041537,0,1
301,10033333333,0,1,0.5597331818,-0.03146575932,0.1312630304,0.9586537955,-0.05281997323,-0.2271802154,-0.1630401807,0,1
302,10066666667,0,0,0.5632748991,-0.03218705267,0.133288072,0.9579653385,-0.05238959851,-0.2295010851,-0.1639725344,0,1
303,10100000000,0,0,0.5656074046,-0.03270730631,0.1353141126,0.9573390596,-0.05210917442,-0.2320729529,-0.1640996754,0,1
304,10133333333,0,0,0.5682680129,-0.03299124689,0.1376097619,0.9562505856,-0.05137152217,-0.2360660759,-0.1649805812,0,1
305,10166666667,0,0,0.5712956787,-0.03373548499,0.1391697504,0.955075898,-0.05084281652,-0.2399273432,-0.1663727952,0,1
306,10200000000,0,0,0.5744011021,-0.03461336055,0.1418471826,0.9543104245,-0.05044606098,-0.2432447237,-0.1660686999,0,1
307,10233333333,0,0,0.5771269809,-0.03576300368,0.1438963764,0.9537865368,-0.05013737286,-0.2459204992,-0.1652289141,0,1
308,10266666667,0,0,0.5792639553,-0.03769609501,0.146394922,0.95361085,-0.05005056147,-0.2478277741,-0.1634095543,0,1
309,10300000000,0,0,0.5805984007,-0.03961627207,0.1489839125,0.9537271406,-0.04961533603,-0.2491171839,-0.160883462,0,1
310,10333333333,0,0,0.582247116,-0.041540164,0.1520556562,0.9536203125,-0.04886708659,-0.2511324764,-0.1585963009,0,1
311,10366666667,0,0,0.5823008821,-0.04476884861,0.155085523,0.9534001784,-0.0472876968,-0.2525437871,-0.1581569131,0,1
312,10400000000,0,1,0.585608611,-0.04888741713,0.1580118381,0.9529694182,-0.04466384166,-0.2550441332,-0.1575021247,0,1
313,10433333333,0,0,0.587225032,-0.05109572486,0.1600984511,0.9529632214,-0.04115824982,-0.2563093011,-0.1564373337,0,1
314,10466666667,0,0,0.5879073879,-0.05384729253,0.1625128032,0.9529683146,-0.03827787678,-0.2574460316,-0.1552666621,0,1
315,10500000000,0,0,0.5887198063,-0.05709004938,0.1649405111,0.9528902707,-0.03513707498,-0.2586380809,-0.1545052134,0,1
316,10533333333,0,0,0.5902234174,-0.06086615652,0.1667042892,0.9529425049,-0.03193928688,-0.2590846531,-0.1541285398,0,1
317,10566666667,0,0,0.5914379877,-0.0646469099,0.1694301649,0.9533925389,-0.02863070968,-0.2583159145,-0.1532835201,0,1
318,10600000000,0,0,0.5908734112,-0.06727381921,0.1716125699,0.9542793674,-0.02479947625,-0.2566361183,-0.1512407937,0,1
319,10633333333,0,0,0.5898147311,-0.07005372964,0.1742310083,0.9546622187,-0.02166765571,-0.2558977079,-0.1505553852,0,1
320,10666666667,0,1,0.5894265718,-0.07511856498,0.1768688107,0.9545659589,-0.01892274146,-0.2560723249,-0.1512373117,0,1
321,10700000000,0,0,0.5893041297,-0.07858682632,0.1790239515,0.9545391528,-0.01513890125,-0.2558957909,-0.1521287734,0,1
322,10733333333,0,0,0.5882864645,-0.08172667759,0.1814693257,0.9546546487,-0.0120087729,-0.2554290263,-0.1524673853,0,1
323,10766666667,0,0,0.5857124818,-0.08692408186,0.1846002253,0.9546120582,-0.008845755292,-0.2556396882,-0.1525972504,0,1
324,10800000000,0,0,0.5836066441,-0.09352495204,0.1880118586,0.9541158502,-0.003281980286,-0.2568360406,-0.1539071841,0,1
325,10833333333,0,0,0.5831699972,-0.1015626056,0.1907768355,0.9535264339,0.005933235739,-0.2578166177,-0.1558291635,0,1
326,10866666667,0,1,0.5823689278,-0.1066087137,0.1916883934,0.9534540954,0.01886008525,-0.2570057006,-0.1565811455,0,1
327,10900000000,0,0,0.5814965723,-0.1083058071,0.1940453242,0.9537822528,0.03026754169,-0.2565913374,-0.1534411151,0,1
328,10933333333,0,0,0.5804706103,-0.1079366872,0.1963984465,0.9540044206,0.03835252744,-0.2580662478,-0.1476701082,0,1
329,10966666667,0,0,0.5798463098,-0.1072953048,0.199434151,0.9537016315,0.04164785335,-0.262127225,-0.1414495399,0,1
330,11000000000,0,0,0.5796007493,-0.1112265495,0.2036012192,0.953030886,0.04147653922,-0.2672362127,-0.136369475,0,1
331,11033333333,0,0,0.5796673983,-0.1161424747,0.2077412278,0.9524118306,0.04238289678,-0.2711887446,-0.1325596462,0,1
332,11066666667,0,0,0.5805103585,-0.1201097675,0.2122002406,0.951967848,0.04500448382,-0.2740338091,-0.1289855976,0,1
333,11100000000,0,0,0.5810621634,-0.125495323,0.2170215908,0.9517464771,0.04866672591,-0.2755373948,-0.1260529144,0,1
334,11133333333,0,0,0.5817090785,-0.1270675454,0.2210868656,0.9516459716,0.0548991907,-0.2761821714,-0.1227983381,0,1
335,11166666667,0,1,0.5817529842,-0.1305639287,0.2235923895,0.9514279126,0.05843435333,-0.2771013703,-0.1207691351,0,1
336,11200000000,0,0,0.5811986416,-0.1307418707,0.2265399742,0.9511346028,0.06085219259,-0.2792817028,-0.1167977248,0,1
337,11233333333,0,0,0.5819087101,-0.1331501761,0.2301656774,0.9501099206,0.06167539333,-0.2835146027,-0.1144847356,0,1
338,11266666667,0,0,0.5840160454,-0.1376177668,0.2347647698,0.9488231307,0.06293735082,-0.2875063007,-0.1145149932,0,1
339,11300000000,0,0,0.5862256297,-0.1417214847,0.2385947597,0.947943254,0.06616282078,-0.2895054787,-0.1149462749,0,1
340,11333333333,0,0,0.5875628769,-0.1448393771,0.2420921365,0.9475494494,0.07020516793,-0.2900715238,-0.1143668936,0,1
341,11366666667,0,0,0.5885668192,-0.1462302633,0.2451116002,0.9469819706,0.07392984854,-0.2910602212,-0.1142080231,0,1
342,11400000000,0,1,0.5905601599,-0.1478628355,0.2485887638,0.9459908764,0.07684459873,-0.2936415483,-0.1138894667,0,1
343,11433333333,0,0,0.5933424921,-0.1502438149,0.2513182424,0.9446964407,0.07947678175,-0.2970902806,-0.1138834543,0,1
344,11466666667,0,0,0.5962694799,-0.1522638692,0.2548373349,0.9432507819,0.0809388809,-0.3011788602,-0.1140971265,0,1
345,11500000000,0,0,0.5992827886,-0.1557119559,0.2583972531,0.9416543076,0.0824803686,-0.3054582319,-0.1148016653,0,1
346,11533333333,0,0,0.6027696885,-0.1586399669,0.2620268947,0.9399926541,0.08440891616,-0.3096536721,-0.1157736949,0,1
347,11566666667,0,0,0.606338604,-0.1608773854,0.2656683444,0.938339052,0.08620799595,-0.3136694204,-0.1170448619,0,1
348,11600000000,0,0,0.6097919774,-0.1638829736,0.2690912893,0.9365030763,0.08712849337,-0.3181681747,-0.1189101609,0,1
349,11633333333,0,1,0.6143594262,-0.1648154815,0.271170961,0.9344465846,0.08826206006,-0.3232706641,-0.1204801519,0,1
350,11666666667,0,0,0.6192838643,-0.1674184623,0.2746383886,0.9319934022,0.088224074,-0.3290016037,-0.1239465846,0,1
351,11700000000,0,0,0.6247898028,-0.1702574312,0.2784487599,0.9292555077,0.08879210766,-0.3345358661,-0.1291739807,0,1
352,11733333333,0,0,0.6299604074,-0.1722729119,0.2823985201,0.9265605162,0.08966978093,-0.3395022259,-0.134845018,0,1
353,11766666667,0,0,0.6350074176,-0.1752220603,0.286140718,0.9240872448,0.0901115629,-0.3439853677,-0.140059762,0,1
354,11800000000,0,0,0.640977833,-0.1772581388,0.2895038601,0.9215474038,0.0911457257,-0.3484999237,-0.1448814774,0,1
355,11833333333,0,0,0.6471191221,-0.1788334729,0.2945173958,0.9194172437,0.09101899527,-0.3526847416,-0.1483271637,0,1
356,11866666667,0,1,0.6528797751,-0.1796118137,0.2956373824,0.9182411519,0.08947739287,-0.355228992,-0.1504637712,0,1
357,11900000000,0,0,0.6585853287,-0.1813462449,0.3005613795,0.9168254607,0.08658248044,-0.3587268021,-0.1524782939,0,1
358,11933333333,0,0,0.6647220799,-0.183738254,0.3053542794,0.9154027584,0.08416955784,-0.3617344573,-0.1552464427,0,1
359,11966666667,0,0,0.6716219659,-0.1852267901,0.3107888212,0.914130391,0.08233788933,-0.3639208996,-0.1585801977,0,1
360,12000000000,0,0,0.6774852513,-0.1861668414,0.3156619809,0.9133688964,0.08032562633,-0.3651239832,-0.1612126846,0,1
361,12033333333,0,0,0.683138101,-0.1859265285,0.3200778118,0.9128624568,0.0773776713,-0.366387566,-0.1626498767,0,1
362,12066666667,0,0,0.6890325384,-0.1854279925,0.3248769617,0.912301082,0.073246257,-0.3681473644,-0.1637352732,0,1
363,12100000000,0,0,0.6941639309,-0.1860772884,0.3306841536,0.9118103893,0.06826840734,-0.3696524355,-0.1652220187,0,1
364,12133333333,0,0,0.6989682263,-0.188085285,0.335292602,0.9116782019,0.06389222667,-0.3705710924,-0.1656433065,0,1
365,12166666667,0,0,0.7039468957,-0.187831892,0.3394247725,0.9114393362,0.0608331794,-0.3713096511,-0.1664536081,0,1
366,12200000000,0,1,0.7063600602,-0.1887387752,0.3406470685,0.9113342159,0.05834867375,-0.370810069,-0.1690126385,0,1
367,12233333333,0,0,0.7099940161,-0.1889198811,0.3441872578,0.9106412424,0.0570729002,-0.371804744,-0.1709866783,0,1
368,12266666667,0,0,0.7142675371,-0.1875646636,0.3477156704,0.9101232768,0.0550030999,-0.3733332334,-0.171092305,0,1
369,12300000000,0,0,0.7169861539,-0.1892235116,0.3510360064,0.9098660237,0.05157595306,-0.3747148769,-0.1705066007,0,1
370,12333333333,0,0,0.7201104437,-0.1895043049,0.3547873243,0.9095672448,0.04895903861,-0.3763338528,-0.1693023066,0,1
371,12366666667,0,0,0.7230394608,-0.1917020423,0.3580230975,0.9093417157,0.04617621449,-0.3773080605,-0.1691272563,0,1
372,12400000000,0,0,0.7247199769,-0.1948025668,0.3607166697,0.9091009807,0.04577191907,-0.3776955578,-0.1696655648,0,1
373,12433333333,0,0,0.7271081928,-0.1947968352,0.3636844378,0.9086455512,0.04748065097,-0.3783369373,-0.170205793,0,1
374,12466666667,0,0,0.7294726706,-0.1953269522,0.3668439443,0.9083575025,0.04779597425,-0.378802913,-0.170618128,0,1
375,12500000000,0,0,0.7318386816,-0.1956147207,0.3696901345,0.9083243334,0.04686060957,-0.3793531776,-0.169829783,0,1
376,12533333333,0,0,0.733929892,-0.1976343191,0.3738662662,0.908459333,0.04486764538,-0.3794728354,-0.169377985,0,1
377,12566666667,0,1,0.7343824324,-0.1991943348,0.3765252778,0.9092733252,0.04382155861,-0.3778284008,-0.1689597307,0,1
378,12600000000,0,0,0.7348645725,-0.2006199745,0.3794421023,0.9097262763,0.04373604115,-0.3764398806,-0.169641614,0,1
379,12633333333,0,0,0.7360000934,-0.2010743689,0.3823777726,0.9095480457,0.04423455216,-0.3760940287,-0.1712277389,0,1
380,12666666667,0,0,0.7368712431,-0.2019503465,0.3856656577,0.9093695017,0.04328797158,-0.3760308866,-0.1725515378,0,1
381,12700000000,0,0,0.7372360867,-0.2026759896,0.3892213613,0.909098469,0.0415272444,-0.3763724001,-0.1736642683,0,1
382,12733333333,0,0,0.7375804465,-0.2052932298,0.3944582789,0.9085369795,0.0397604802,-0.3769806128,-0.1756851693,0,1
383,12766666667,0,0,0.7384092006,-0.2088684336,0.3996820289,0.908469369,0.03906739585,-0.376184167,-0.1778837169,0,1
384,12800000000,0,0,0.7380746691,-0.212002579,0.404270212,0.9089005677,0.04008248158,-0.3739236405,-0.1802061703,0,1
385,12833333333,0,0,0.7375768289,-0.2140393421,0.40896971,0.9093257834,0.0419301377,-0.3715602043,-0.1825143769,0,1
386,12866666667,0,0,0.7370002137,-0.2157623075,0.4133589438,0.9096992982,0.04324201391,-0.3696532015,-0.1842113618,0,1
387,12900000000,0,0,0.7363538475,-0.2171074729,0.4172216426,0.9099967243,0.04302514233,-0.3685858802,-0.1849303866,0,1
388,12933333333,0,0,0.7353498464,-0.2181707296,0.4211699161,0.9099034973,0.04116400882,-0.3688942839,-0.1851976169,0,1
389,12966666667,0,0,0.7343752122,-0.2214495408,0.4261576379,0.9092551901,0.03910962824,-0.3702408269,-0.1861374932,0,1
390,13000000000,0,0,0.7345556989,-0.2253788765,0.4315891923,0.9086560173,0.03792957972,-0.3715081125,-0.1867814539,0,1
391,13033333333,0,1,0.7346607028,-0.2297721572,0.4371271158,0.9083593737,0.03921827673,-0.3713451731,-0.1882762262,0,1
392,13066666667,0,0,0.7356083077,-0.2316714218,0.4416933617,0.9085437294,0.04241577339,-0.3698837702,-0.1895657944,0,1
393,13100000000,0,0,0.7366788925,-0.2322182692,0.4458741326,0.9092838164,0.04366147087,-0.3681821857,-0.1890462783,0,1
394,13133333333,0,0,0.737166091,-0.2311379789,0.4494166298,0.9103376034,0.04223433262,-0.3668647866,-0.1868473637,0,1
395,13166666667,0,0,0.7379934663,-0.229069515,0.4527759957,0.9105896628,0.03804526386,-0.3671732955,-0.1859107178,0,1
396,13200000000,0,0,0.7387411256,-0.2303862317,0.4580761084,0.9099686849,0.03192049954,-0.3685243004,-0.1874244225,0,1
397,13233333333,0,0,0.739642492,-0.2323502765,0.4633272763,0.9093982337,0.02759807663,-0.3693451983,-0.1892546516,0,1
398,13266666667,0,0,0.7405096459,-0.2344287607,0.4687034081,0.9088306236,0.02553985823,-0.3692703259,-0.1923903317,0,1
399,13300000000,0,0,0.7423448922,-0.2354002249,0.4733979132,0.9084201469,0.02519095176,-0.368639375,-0.1955588498,0,1
400,13333333333,0,0,0.7428653014,-0.2364223762,0.4772185193,0.9084371063,0.02474249172,-0.367696698,-0.1973042605,0,1
401,13366666667,0,0,0.7444174504,-0.2348582042,0.4804570233,0.9081356045,0.02362026385,-0.36837158,-0.1975707116,0,1
402,13400000000,0,1,0.7455994249,-0.2354732736,0.4839716816,0.9071708017,0.0205842795,-0.3707004762,-0.1979863153,0,1
403,13433333333,0,0,0.7462107224,-0.2365601783,0.4871149788,0.9056350676,0.01823232736,-0.374457631,-0.1981771663,0,1
404,13466666667,0,0,0.7493382627,-0.2367934656,0.4903728389,0.9030877631,0.01748196323,-0.3798191132,-0.1996604976,0,1
405,13500000000,0,0,0.7522775014,-0.2384100592,0.49412522,0.9003370428,0.01680475995,-0.3847653328,-0.2026485826,0,1
406,13533333333,0,0,0.7560693856,-0.2390888751,0.4982555517,0.8980945164,0.01659696148,-0.38894351,-0.2046307075,0,1
407,13566666667,0,0,0.7596034664,-0.2397092103,0.5012856478,0.8957531772,0.0165951411,-0.392711403,-0.2076742662,0,1
408,13600000000,0,0,0.7630311894,-0.2401899968,0.5047341994,0.8928442758,0.01648839971,-0.3969658178,-0.212073976,0,1
409,13633333333,0,0,0.766601457,-0.2407582447,0.5078874767,0.8899480961,0.01657383782,-0.4015391331,-0.2156015277,0,1
410,13666666667,0,1,0.7706844723,-0.2393828003,0.5110040955,0.8866880635,0.01581121852,-0.4071740946,-0.2185029521,0,1
411,13700000000,0,0,0.775263833,-0.2401239388,0.5144839348,0.8828381941,0.01332098474,-0.4137581817,-0.2218635649,0,1
412,13733333333,0,0,0.7797087047,-0.2412122558,0.5179760792,0.8787608406,0.01137106261,-0.4200885553,-0.2262204449,0,1
413,13766666667,0,0,0.7842662673,-0.2435290906,0.5220653143,0.8744964861,0.01100809998,-0.4257996227,-0.2320116351,0,1
414,13800000000,0,0,0.7897556513,-0.2454163585,0.5261484987,0.8712970763,0.01178275723,-0.4301519354,-0.2359489011,0,1
415,13833333333,0,0,0.7948463743,-0.2470480099,0.5307058107,0.8691022791,0.01265293973,-0.4328001584,-0.239134177,0,1
416,13866666667,0,1,0.7985609417,-0.2479018389,0.5364040537,0.8678490069,0.01518740384,-0.433632584,-0.2420128635,0,1
417,13900000000,0,0,0.8036268681,-0.2485203018,0.539419631,0.8674291037,0.01820702754,-0.432896391,-0.2446139179,0,1
418,13933333333,0,0,0.8080837829,-0.2476961287,0.5414528308,0.8669201471,0.02034421064,-0.4326953249,-0.2465975008,0,1
419,13966666667,0,0,0.8117259956,-0.2459435708,0.5430617381,0.8656843124,0.02072971283,-0.4344400324,-0.2478362534,0,1
420,14000000000,0,0,0.8163071384,-0.2440604392,0.5450867152,0.863433985,0.01902830657,-0.4382549778,-0.2491028935,0,1
421,14033333333,0,0,0.8203389289,-0.2438935572,0.5475820033,0.8608441999,0.01499485966,-0.4427383107,-0.2504100755,0,1
422,14066666667,0,0,0.8236740597,-0.2448179294,0.5501612289,0.8586874562,0.01091930297,-0.4472182108,-0.2500649781,0,1
423,14100000000,0,1,0.8267388648,-0.2436135012,0.5510107209,0.8565729463,0.008520845282,-0.4511983307,-0.2502603628,0,1
424,14133333333,0,0,0.8305445248,-0.2433108122,0.55296844,0.8546003386,0.005058299389,-0.4549872733,-0.2502383983,0,1
425,14166666667,0,0,0.8340822745,-0.2442158316,0.5539761162,0.8534228126,0.002424848367,-0.4579249902,-0.2489343815,0,1
426,14200000000,0,0,0.8377961104,-0.243203363,0.5545432052,0.8523453434,0.001376213423,-0.4603598284,-0.2481417942,0,1
427,14233333333,0,0,0.8419901512,-0.2429843537,0.5547546603,0.8512123352,0.0007983003359,-0.4623505355,-0.2483322481,0,1
428,14266666667,0,0,0.8454271002,-0.2421421238,0.5543346776,0.8506849597,0.0001327711359,-0.4637197191,-0.2475865582,0,1
429,14300000000,0,0,0.8495653701,-0.2399501964,0.5526496088,0.8498823684,-0.0001937588097,-0.4654959093,-0.2470090701,0,1
430,14333333333,0,0,0.8538828037,-0.2391278597,0.5521289572,0.8485368984,-0.002207474066,-0.4678959981,-0.247090255,0,1
431,14366666667,0,0,0.8574525075,-0.2383684217,0.5514105223,0.8476684966,-0.003342056464,-0.4691960317,-0.2475924762,0,1
432,14400000000,0,0,0.8614663507,-0.2376398138,0.5495383502,0.8473916624,-0.003972660257,-0.4697446161,-0.2474905739,0,1
433,14433333333,0,0,0.8661386763,-0.2360987876,0.5475036328,0.8470118512,-0.003654948338,-0.4705423738,-0.2472800834,0,1
434,14466666667,0,0,0.8708390041,-0.2341121707,0.5455638519,0.8468287355,-0.004279046357,-0.4712221884,-0.2466017674,0,1
435,14500000000,0,1,0.8757555655,-0.2316041858,0.5429800386,0.8468595581,-0.005812907307,-0.4716667384,-0.2456126765,0,1
436,14533333333,0,0,0.8799527381,-0.2308887485,0.5406206162,0.846897113,-0.007625152303,-0.4717306093,-0.2453107605,0,1
437,14566666667,0,0,0.884989735,-0.2297641553,0.537311734,0.8468118645,-0.007942570105,-0.4717675866,-0.2455237788,0,1
438,14600000000,0,0,0.8905666407,-0.2285648603,0.5344739987,0.8466088246,-0.007409104612,-0.4718839319,-0.2460165809,0,1
439,14633333333,0,0,0.8965684869,-0.2276425696,0.53191358,0.8472588701,-0.007114101108,-0.4707580503,-0.2459444138,0,1
440,14666666667,0,0,0.9033214883,-0.2253633287,0.5283877497,0.8486366753,-0.00687847072,-0.4688884148,-0.2447695538,0,1
441,14700000000,0,0,0.9087193671,-0.2221649435,0.5239062318,0.8499933096,-0.008571335282,-0.467038884,-0.2435417554,0,1
442,14733333333,0,0,0.9140867233,-0.2194012742,0.5195247996,0.8503991201,-0.01172339387,-0.4668955588,-0.2422652176,0,1
443,14766666667,0,0,0.9192621631,-0.2172405305,0.5155303039,0.8495025011,-0.014580842,-0.4681726985,-0.2427904941,0,1
444,14800000000,0,0,0.9245896995,-0.2177083086,0.5131869925,0.8477925449,-0.01509524623,-0.4695704028,-0.246015388,0,1
445,14833333333,0,1,0.9318004155,-0.2155800254,0.5115919044,0.8468473078,-0.01136017432,-0.4696393431,-0.249318012,0,1
446,14866666667,0,0,0.939706858,-0.2123982207,0.50878423,0.8472208247,-0.009021004417,-0.4678013652,-0.2515897025,0,1
447,14900000000,0,0,0.9458429732,-0.2094619377,0.5063296013,0.8490484773,-0.01080421622,-0.4642774986,-0.2518856017,0,1
448,14933333333,0,0,0.951168979,-0.2061893615,0.5029697546,0.8517834783,-0.01587164152,-0.4606627052,-0.2490037531,0,1
449,14966666667,0,0,0.9557371361,-0.204164147,0.5000041593,0.8527900076,-0.02204788981,-0.4595685912,-0.2471028197,0,1
450,15000000000,0,0,0.9603612206,-0.203233807,0.4979383899,0.8518328917,-0.02668764617,-0.4604189133,-0.2483604607,0,1
451,15033333333,0,0,0.9664149615,-0.2027247431,0.4965433552,0.8507153447,-0.02993657695,-0.4613561929,-0.2500753225,0,1
452,15066666667,0,0,0.972228747,-0.2024471696,0.4966462834,0.8506682773,-0.03193659871,-0.4606002566,-0.2513780805,0,1
453,15100000000,0,1,0.9794248773,-0.2010413925,0.4969298053,0.8518938148,-0.03124139216,-0.4577165104,-0.2525796899,0,1
454,15133333333,0,0,0.9843938474,-0.1997938651,0.4960910248,0.8539678324,-0.0310478291,-0.4537420712,-0.2527708574,0,1
455,15166666667,0,0,0.9896566386,-0.1974488135,0.4945783455,0.8556888005,-0.03182532043,-0.4507210002,-0.2522586086,0,1
456,15200000000,0,0,0.9942328313,-0.1953575291,0.4939919597,0.8563637615,-0.03420034238,-0.4491727112,-0.2524189376,0,1
457,15233333333,0,0,0.9991586196,-0.1942473808,0.4939959315,0.856418564,-0.03715675453,-0.4483795479,-0.2532240114,0,1
458,15266666667,0,0,1.004202924,-0.1937984183,0.4944763942,0.8567350338,-0.03916969962,-0.4472156804,-0.2539073682,0,1
459,15300000000,0,0,1.009429373,-0.1938055689,0.4950414204,0.8574219436,-0.040160036,-0.4454421364,-0.254550752,0,1
460,15333333333,0,0,1.014766429,-0.1929318268,0.4951017354,0.8585208756,-0.04016651424,-0.443227574,-0.2547113562,0,1
461,15366666667,0,0,1.019846569,-0.1924267636,0.4951599076,0.859222481,-0.040510581,-0.4415048889,-0.2552823025,0,1
462,15400000000,0,0,1.024923364,-0.1921699364,0.4955322219,0.8595816334,-0.04133269686,-0.4406984185,-0.2553349323,0,1
463,15433333333,0,0,1.029811688,-0.1922026854,0.4952844236,0.8594628866,-0.04225887487,-0.4408174581,-0.2553775687,0,1
464,15466666667,0,0,1.035402887,-0.1919332581,0.4961735897,0.858394924,-0.04298719737,-0.4421227115,-0.2565887044,0,1
465,15500000000,0,0,1.040009344,-0.1924485917,0.4968286911,0.8572769135,-0.04341435755,-0.4433152939,-0.2581918614,0,1
466,15533333333,0,0,1.045551258,-0.1927092488,0.4974668983,0.8559461843,-0.04310324338,-0.4447675015,-0.2601540114,0,1
467,15566666667,0,1,1.052806471,-0.1930794553,0.4995969735,0.8543451137,-0.04280881388,-0.4471234268,-0.2614239342,0,1
468,15600000000,0,0,1.057036296,-0.1939205838,0.5006130621,0.8530428864,-0.04266007654,-0.4490195861,-0.2624487819,0,1
469,15633333333,0,0,1.062766067,-0.1945004831,0.5014529862,0.8508387616,-0.04243921657,-0.452363088,-0.2638938259,0,1
470,15666666667,0,0,1.068256595,-0.1953170294,0.5034710374,0.8480118238,-0.04246541067,-0.456168937,-0.2664254803,0,1
471,15700000000,0,0,1.074408766,-0.1960638271,0.5062206497,0.8456668712,-0.04274891517,-0.4594117447,-0.26825533,0,1
472,15733333333,0,0,1.080130512,-0.1967760887,0.5089741793,0.8444848305,-0.04411209518,-0.4610799175,-0.2688955258,0,1
473,15766666667,0,0,1.085654735,-0.1976324469,0.5109842889,0.8436627104,-0.04624598809,-0.462308491,-0.269008176,0,1
474,15800000000,0,0,1.090169862,-0.1989099894,0.51328985,0.8424052977,-0.04867953457,-0.4637979609,-0.2699538271,0,1
475,15833333333,0,1,1.095602324,-0.1986520348,0.516845822,0.8410683628,-0.04973427159,-0.4660703614,-0.2700165357,0,1
476,15866666667,0,0,1.101608497,-0.199291073,0.5186978392,0.8397215721,-0.05134762989,-0.4682459893,-0.2701421768,0,1
477,15900000000,0,0,1.106509389,-0.2000970416,0.5213979348,0.8381466645,-0.0530375091,-0.4703157663,-0.2711093348,0,1
478,15933333333,0,0,1.111897905,-0.2002019953,0.5236165751,0.8367814383,-0.0547886361,-0.4724704476,-0.2712318307,0,1
479,15966666667,0,0,1.116565575,-0.2000102383,0.5259952901,0.8349543453,-0.05658519298,-0.4748180437,-0.2723915979,0,1
480,16000000000,0,0,1.121352882,-0.2003816755,0.5282004894,0.8329766887,-0.05799042817,-0.4772241084,-0.2739417761,0,1
481,16033333333,0,0,1.126105485,-0.2000249851,0.5309014206,0.8312578004,-0.05954126827,-0.4795829431,-0.2747098602,0,1
482,16066666667,0,1,1.130136903,-0.1989186999,0.5333008471,0.8296026632,-0.06107264129,-0.481791758,-0.2755108992,0,1
483,16100000000,0,0,1.13400424,-0.1981019364,0.5357908175,0.8278488128,-0.0635353737,-0.4838381209,-0.276641053,0,1
484,16133333333,0,0,1.137027119,-0.1985536436,0.5381957211,0.826423537,-0.06616847046,-0.485601739,-0.2771945562,0,1
485,16166666667,0,0,1.140439392,-0.1985296325,0.5405971122,0.8248306293,-0.06808327429,-0.4872392391,-0.2785983212,0,1
486,16200000000,0,0,1.143200542,-0.1984588921,0.5429248904,0.8236111602,-0.06898795758,-0.488349173,-0.280036433,0,1
487,16233333333,0,0,1.146108101,-0.1989345928,0.5454768744,0.8229232858,-0.06938048559,-0.4889411199,-0.2809273841,0,1
488,16266666667,0,0,1.150013989,-0.1992788668,0.5465506382,0.8224978706,-0.07008273413,-0.4892109216,-0.2815285729,0,1
489,16300000000,0,0,1.152649461,-0.1996393227,0.5486443922,0.8221593834,-0.07133137303,-0.4893740966,-0.2819198062,0,1
490,16333333333,0,0,1.155285433,-0.2005121037,0.5499877792,0.8221213104,-0.07241420134,-0.4895696083,-0.2814148773,0,1
491,16366666667,0,0,1.157926644,-0.2006566792,0.552191485,0.8219639644,-0.07279406054,-0.4898781952,-0.281239435,0,1
492,16400000000,0,0,1.159979001,-0.2023995697,0.5542557329,0.8220598576,-0.07281443191,-0.489873712,-0.2809615549,0,1
493,16433333333,0,1,1.161539053,-0.2023840593,0.5565256212,0.8223985572,-0.07159955423,-0.4894976141,-0.2809380765,0,1
494,16466666667,0,0,1.163906883,-0.203790354,0.5584036166,0.8229044321,-0.07084137342,-0.4889133684,-0.2806661961,0,1
495,16500000000,0,0,1.16616812,-0.2052021201,0.5598843159,0.8238508353,-0.06974918717,-0.4879686606,-0.2798060727,0,1
496,16533333333,0,0,1.16897819,-0.2060407672,0.561443798,0.8248341872,-0.06892212693,-0.4869353038,-0.2789127356,0,1
497,16566666667,0,0,1.170417553,-0.2080111962,0.5636591551,0.826015988,-0.06878594446,-0.4856757478,-0.2776421248,0,1
498,16600000000,0,0,1.171923803,-0.2093384813,0.5650347741,0.8274452582,-0.06857112854,-0.4844692382,-0.2755392935,0,1
499,16633333333,0,0,1.173608402,-0.2105963352,0.5672984355,0.8281115959,-0.06804875733,-0.4841993951,-0.2741377339,0,1
500,16666666667,0,0,1.174584072,-0.2120147721,0.5699075444,0.8286996629,-0.06745163448,-0.4834546699,-0.2738224384,0,1
501,16700000000,0,0,1.175476806,-0.2137031765,0.5726218221,0.8299383103,-0.06649835641,-0.4820740451,-0.2727361082,0,1
502,16733333333,0,0,1.176569529,-0.214206325,0.5738162453,0.831485942,-0.06593774654,-0.4801632553,-0.2715264077,0,1
503,16766666667,0,0,1.17691657,-0.215323292,0.5758495516,0.8323562917,-0.06582752081,-0.4788577226,-0.2711918559,0,1
504,16800000000,0,0,1.177581767,-0.2159816281,0.5776066276,0.8330104724,-0.06530041504,-0.4779269108,-0.2709525357,0,1
505,16833333333,0,0,1.177723414,-0.2162972166,0.5789394051,0.8334481382,-0.06536891118,-0.4771091063,-0.2710313763,0,1
506,16866666667,0,0,1.177846338,-0.217293969,0.5809360308,0.8336090501,-0.06558875518,-0.4765770125,-0.2714192661,0,1
507,16900000000,0,0,1.177578068,-0.21802409,0.5831437671,0.8337248394,-0.06630524821,-0.4758808955,-0.2721100504,0,1
508,16933333333,0,0,1.176532091,-0.2198327821,0.5860463604,0.8335917909,-0.06713346325,-0.4753183769,-0.2732951972,0,1
509,16966666667,0,0,1.175524281,-0.2207604641,0.5885617689,0.8336079454,-0.06702913227,-0.4744991312,-0.2746915785,0,1
510,17000000000,0,0,1.174248039,-0.2207564402,0.5907633905,0.8338989045,-0.0659709773,-0.4732300204,-0.276249516,0,1
511,17033333333,0,0,1.172877582,-0.2217174529,0.5929036001,0.8344045271,-0.06546609878,-0.4719025265,-0.2771123971,0,1
512,17066666667,0,0,1.17105149,-0.2223163292,0.5943234545,0.8353333048,-0.06575490356,-0.4706539494,-0.2763682732,0,1
513,17100000000,0,1,1.169393759,-0.2229123513,0.5963927129,0.8357747906,-0.06726557283,-0.4704671332,-0.2749845791,0,1
514,17133333333,0,0,1.167711678,-0.2247118096,0.598723346,0.8355266614,-0.06888958301,-0.4705974826,-0.2751134906,0,1
515,17166666667,0,0,1.165517982,-0.2256829469,0.6026970181,0.8351955875,-0.06985426473,-0.470542736,-0.2759678348,0,1
516,17200000000,0,0,1.162243328,-0.2274141206,0.6063625779,0.8352569455,-0.06966711844,-0.4698355686,-0.2770322472,0,1
517,17233333333,0,0,1.159352332,-0.2285581893,0.6091180953,0.8353817627,-0.06861191759,-0.4691127552,-0.2781419389,0,1
518,17266666667,0,0,1.156162782,-0.2299959173,0.6115362542,0.8358807834,-0.0681088539,-0.4681785359,-0.2783403646,0,1
519,17300000000,0,0,1.152471799,-0.231970503,0.6143860465,0.8364440812,-0.06879233551,-0.4675980795,-0.2774544101,0,1
520,17333333333,0,0,1.148149642,-0.2335316833,0.6175407602,0.8370195867,-0.07009388734,-0.467464603,-0.2756118709,0,1
521,17366666667,0,0,1.143693808,-0.2350614555,0.6203385958,0.8373839969,-0.07073910802,-0.4676249855,-0.2740636664,0,1
522,17400000000,0,0,1.139519647,-0.2370468029,0.6243828096,0.8369695982,-0.07087904674,-0.4684143239,-0.2739453842,0,1
523,17433333333,0,0,1.134226705,-0.2401981135,0.628672565,0.8370913602,-0.07023605733,-0.468299191,-0.2739357931,0,1
524,17466666667,0,0,1.129565073,-0.2429748463,0.6309898927,0.8377984498,-0.06849624611,-0.4673670815,-0.273806561,0,1
525,17500000000,0,0,1.125674068,-0.2451715976,0.6334586941,0.8382105928,-0.06684489946,-0.4666567206,-0.2741646706,0,1
526,17533333333,0,0,1.120366171,-0.2475227824,0.6367454316,0.8386705081,-0.0662672852,-0.4654404112,-0.2749648148,0,1
527,17566666667,0,1,1.115945534,-0.2505423335,0.6396157021,0.8394774846,-0.06625751109,-0.4642574999,-0.2745040417,0,1
528,17600000000,0,0,1.109985408,-0.2530346076,0.6426280104,0.8401267353,-0.06591751576,-0.463235902,-0.2743254432,0,1
529,17633333333,0,0,1.103641504,-0.256690449,0.6456284585,0.8401921477,-0.0645709715,-0.4630660346,-0.2747318549,0,1
530,17666666667,0,0,1.097843238,-0.2589242036,0.6479056453,0.8402626121,-0.06270369579,-0.4634919733,-0.2742301587,0,1
531,17700000000,0,0,1.092720141,-0.2616548724,0.6509451756,0.8400699552,-0.06165993374,-0.4644461717,-0.2734415415,0,1
532,17733333333,0,0,1.087221794,-0.2640800625,0.6541662696,0.8401879541,-0.06125828866,-0.4649536763,-0.2723044302,0,1
533,17766666667,0,0,1.082321767,-0.2662528804,0.6577303811,0.8406899866,-0.06125896224,-0.4649644211,-0.2707319211,0,1
534,17800000000,0,0,1.076673593,-0.2684748075,0.6614233499,0.8416437716,-0.06141171405,-0.4642072238,-0.2690279101,0,1
535,17833333333,0,0,1.072504705,-0.2706871511,0.6650073695,0.8421371962,-0.06183882945,-0.4639160422,-0.2678858109,0,1
536,17866666667,0,0,1.066753916,-0.2729571454,0.6691634338,0.8425014188,-0.06140444594,-0.4636137795,-0.2673632675,0,1
537,17900000000,0,0,1.063280172,-0.2742527465,0.672351308,0.8427607769,-0.06018918385,-0.4635777463,-0.2668842601,0,1
538,17933333333,0,1,1.060148431,-0.2774936999,0.6762029193,0.8430806855,-0.06104103702,-0.4631109584,-0.2664905059,0,1
539,17966666667,0,0,1.055936212,-0.2785821184,0.6801742295,0.8441708868,-0.06180131493,-0.4618331353,-0.26507785,0,1
540,18000000000,0,0,1.051830899,-0.280508692,0.6840660921,0.8448926879,-0.06328693956,-0.4610197499,-0.2638406705,0,1
541,18033333333,0,0,1.046623235,-0.2826762511,0.6884491676,0.8450832044,-0.06391321894,-0.4606276036,-0.2637644574,0,1
542,18066666667,0,0,1.041702564,-0.2844258486,0.6928374034,0.8448297366,-0.06302890676,-0.4610488708,-0.2640530474,0,1
543,18100000000,0,0,1.036745393,-0.2876284264,0.6971641406,0.8446299546,-0.06150450061,-0.461620904,-0.2640522244,0,1
544,18133333333,0,1,1.030859345,-0.2926965305,0.7008638621,0.845053438,-0.06043965147,-0.461903587,-0.262443921,0,1
545,18166666667,0,0,1.027193388,-0.2954475064,0.7041479693,0.84485604,-0.05723212679,-0.4638284657,-0.2603956791,0,1
546,18200000000,0,0,1.022544154,-0.2998090836,0.7078715418,0.8438308276,-0.05462957466,-0.4664154902,-0.2596569553,0,1
547,18233333333,0,0,1.017379339,-0.3043641981,0.7115775008,0.8430235861,-0.05170265833,-0.4690537553,-0.2581213727,0,1
548,18266666667,0,0,1.013082072,-0.3090648444,0.7158656633,0.8417424168,-0.04816778473,-0.4727503155,-0.2562356482,0,1
549,18300000000,0,0,1.008561073,-0.3135924815,0.7201952376,0.8398865759,-0.04384902033,-0.4768678933,-0.2554697935,0,1
550,18333333333,0,1,1.003658074,-0.3193299131,0.7248967521,0.8380295709,-0.03980267022,-0.4808903166,-0.2546893973,0,1
551,18366666667,0,0,0.9996546281,-0.3229318835,0.7290371019,0.8359815065,-0.03526857978,-0.4853361318,-0.2536530842,0,1
552,18400000000,0,0,0.9955252978,-0.32569953,0.7337294465,0.8327837076,-0.0312061412,-0.4907509722,-0.2542851871,0,1
553,18433333333,0,0,0.9909341192,-0.3300594783,0.740313235,0.8290041582,-0.02887293283,-0.4963884492,-0.2559628233,0,1
554,18466666667,0,0,0.9861052812,-0.333664415,0.7459360626,0.8261707832,-0.02652352709,-0.5012011793,-0.2559994479,0,1
555,18500000000,0,0,0.9819407636,-0.3369440586,0.7512968124,0.8226373301,-0.02425864618,-0.5063632292,-0.2574405201,0,1
556,18533333333,0,1,0.977107798,-0.3435800423,0.7572276371,0.8180971816,-0.02272827889,-0.5119337809,-0.261006189,0,1
557,18566666667,0,0,0.9720553619,-0.34882028,0.7639988301,0.8133894927,-0.02002670623,-0.5179327247,-0.2640874039,0,1
558,18600000000,0,0,0.967090309,-0.3543684741,0.7704024503,0.8089078216,-0.01675988219,-0.5232043895,-0.267664733,0,1
559,18633333333,0,0,0.9622072882,-0.3607544122,0.7775161454,0.80516706,-0.01386677336,-0.5275599938,-0.2705442128,0,1
560,18666666667,0,0,0.9563962897,-0.3674888877,0.7843095541,0.8021928582,-0.01171517796,-0.5311238689,-0.2725010253,0,1
561,18700000000,0,0,0.9508882026,-0.3739210523,0.790357401,0.7992676036,-0.009430803285,-0.5349665756,-0.2736660754,0,1
562,18733333333,0,1,0.9463814412,-0.3818474142,0.7943965674,0.7954982157,-0.006250269401,-0.5389958026,-0.2768159095,0,1
563,18766666667,0,0,0.9414313618,-0.3882783336,0.8003591061,0.7904087404,-0.002589411079,-0.5440810931,-0.2814659522,0,1
564,18800000000,0,0,0.9357274137,-0.3958872667,0.8059866303,0.7855875445,0.001407759735,-0.548601403,-0.2861585727,0,1
565,18833333333,0,0,0.9314313974,-0.4007863753,0.8110752023,0.7814912412,0.005721796525,-0.5525145181,-0.2897695778,0,1
566,18866666667,0,0,0.9267566132,-0.4058182364,0.8165783585,0.7773113884,0.008292645413,-0.5559926193,-0.294262544,0,1
567,18900000000,0,0,0.9210664744,-0.4111731113,0.8214339229,0.7738071105,0.009545017244,-0.5586295781,-0.2984366648,0,1
568,18933333333,0,1,0.9147049024,-0.4160732968,0.8248160946,0.7704513455,0.01190435745,-0.5614772458,-0.3016725261,0,1
569,18966666667,0,0,0.9102254558,-0.4191843755,0.8282475452,0.7658690455,0.01466810204,-0.5659792163,-0.3047900568,0,1
570,19000000000,0,0,0.9048245319,-0.4240225313,0.8322123138,0.7606388421,0.01690192609,-0.5706568659,-0.309020417,0,1
571,19033333333,0,0,0.8997751978,-0.428590293,0.8361247618,0.7565153654,0.01918161175,-0.574807461,-0.311308449,0,1
572,19066666667,0,0,0.8961872183,-0.4310609849,0.8395759615,0.7538904787,0.01871624603,-0.5785707893,-0.3107325055,0,1
573,19100000000,0,0,0.8917170574,-0.4336808708,0.8419301334,0.7513169414,0.01423660626,-0.582677401,-0.3095274123,0,1
574,19133333333,0,1,0.8864483082,-0.435632255,0.8409678393,0.7479495106,0.009697721737,-0.587470568,-0.3087973697,0,1
575,19166666667,0,0,0.8835035015,-0.4365560476,0.8437211711,0.7430044212,0.003286489394,-0.5945461511,-0.307324752,0,1
576,19200000000,0,0,0.8768495656,-0.4413060912,0.848548786,0.7380390988,-0.004962705131,-0.6007830928,-0.3071373237,0,1
577,19233333333,0,0,0.8713197114,-0.4459248435,0.8530390725,0.7343553714,-0.0101281821,-0.6060983036,-0.3053922967,0,1
578,19266666667,0,0,0.8667338881,-0.4485254323,0.8584187165,0.7321166717,-0.01416715724,-0.6097633039,-0.3033037814,0,1
579,19300000000,0,0,0.8600852226,-0.4532923424,0.8637249619,0.7316398885,-0.01858710354,-0.6111298614,-0.3014595919,0,1
580,19333333333,0,0,0.8548380842,-0.4563368194,0.8677706477,0.7325138998,-0.020329818,-0.6113550323,-0.2987559365,0,1
581,19366666667,0,0,0.8491659484,-0.459371941,0.8721725322,0.7331796688,-0.02064915766,-0.6105588736,-0.2987290535,0,1
582,19400000000,0,1,0.8446798086,-0.4628657433,0.873383809,0.7343318735,-0.01945325337,-0.6088166046,-0.2995339921,0,1
583,19433333333,0,0,0.8409074554,-0.4638433903,0.8749338719,0.7345454941,-0.01869749505,-0.6079394552,-0.3008370648,0,1
584,19466666667,0,0,0.8351427867,-0.467189196,0.8760336679,0.7338265449,-0.02031268947,-0.6077268961,-0.3029092543,0,1
585,19500000000,0,0,0.8299411712,-0.4698776624,0.8783493663,0.732728368,-0.02210881103,-0.6085392077,-0.3038097626,0,1
586,19533333333,0,0,0.8241602499,-0.4736004479,0.8813557079,0.7317363912,-0.02372938952,-0.6089319856,-0.3052877443,0,1
587,19566666667,0,0,0.8172241641,-0.4778260028,0.8846923605,0.7312744459,-0.02451647791,-0.6087204933,-0.3067506938,0,1
588,19600000000,0,0,0.8088365402,-0.4842845566,0.8877668677,0.7313747067,-0.02277961367,-0.6080031576,-0.3080653955,0,1
589,19633333333,0,1,0.8036477563,-0.4897113451,0.8901294072,0.7324428377,-0.01716811367,-0.606778996,-0.3083050363,0,1
590,19666666667,0,0,0.7969278775,-0.4948436873,0.8917841734,0.7348712001,-0.01213482482,-0.6047373459,-0.3067732188,0,1
591,19700000000,0,0,0.7922632873,-0.4977220995,0.8923377235,0.737864597,-0.008430247654,-0.6031362667,-0.3028389196,0,1
592,19733333333,0,0,0.7873135588,-0.5000309869,0.8929041953,0.7395984602,-0.007020689387,-0.6027654173,-0.2993637909,0,1
593,19766666667,0,0,0.781510611,-0.5033629624,0.8952717485,0.7399853648,-0.006774275806,-0.6036637727,-0.2965903213,0,1
594,19800000000,0,0,0.7760672108,-0.5072791669,0.8979418094,0.7400567375,-0.005781819165,-0.6049048639,-0.2938923297,0,1
595,19833333333,0,0,0.7719272666,-0.5091916776,0.9018812247,0.740244111,-0.003959125567,-0.6059348931,-0.2913175017,0,1
596,19866666667,0,0,0.7679197703,-0.5118649781,0.9066489845,0.741222374,-0.003585279856,-0.6056257782,-0.2894718549,0,1
597,19900000000,0,0,0.7635027208,-0.5139332104,0.9099069512,0.7431636703,-0.002701937641,-0.6040064809,-0.287883014,0,1
598,19933333333,0,0,0.7602703333,-0.5146906412,0.9123660918,0.7443026926,-0.001714525313,-0.6025589892,-0.287981296,0,1
599,19966666667,0,0,0.7557541611,-0.5163703321,0.9141715801,0.7439758299,-0.001132088772,-0.6019366568,-0.2901222915,0,1
600,20000000000,0,1,0.7503484964,-0.5174251038,0.9172876304,0.7428135104,-0.0008637320468,-0.6028802594,-0.2911404052,0,1
601,20033333333,0,0,0.7456646972,-0.5200493956,0.9207779718,0.741163566,-0.00163864392,-0.6046609366,-0.2916488216,0,1
602,20066666667,0,0,0.7403253242,-0.5235365059,0.9250796167,0.7398027497,-0.002502701889,-0.6066726481,-0.2909191056,0,1
603,20100000000,0,0,0.7346375677,-0.5271857908,0.9293462587,0.7387796088,-0.001692827648,-0.60849817,-0.2897098568,0,1
604,20133333333,0,0,0.7304126769,-0.5297467485,0.9330629649,0.7378621505,0.0008481456395,-0.6106015178,-0.2876186954,0,1
605,20166666667,0,0,0.7269798525,-0.530803027,0.9369359146,0.7367656929,0.002941704933,-0.6128901346,-0.2855404402,0,1
606,20200000000,0,0,0.7230934734,-0.5321027129,0.9407813653,0.7350015664,0.00326313992,-0.6155780159,-0.2842987087,0,1
607,20233333333,0,0,0.7188502387,-0.5339732329,0.9441686447,0.7322015353,0.002364947013,-0.619181754,-0.2837063168,0,1
608,20266666667,0,0,0.714683914,-0.5362297857,0.948073776,0.728141925,0.00135598945,-0.6239983601,-0.2836080834,0,1
609,20300000000,0,1,0.7089998161,-0.5388982149,0.9518969266,0.7235627766,0.001149209834,-0.6291313275,-0.2839883102,0,1
610,20333333333,0,0,0.7041089197,-0.5427001363,0.9567287433,0.7181516864,0.003230556344,-0.6348106686,-0.2850668935,0,1
611,20366666667,0,0,0.6994860449,-0.5470943803,0.9624723183,0.7127916911,0.006020426671,-0.6398948644,-0.2870998469,0,1
612,20400000000,0,0,0.6936471412,-0.5530656295,0.967616607,0.7086109109,0.009161112589,-0.6438864131,-0.2884387943,0,1
613,20433333333,0,0,0.6891358391,-0.5587689736,0.9712101549,0.7050090906,0.0133386068,-0.6475600258,-0.2888776157,0,1
614,20466666667,0,0,0.6850964558,-0.5638364891,0.975161623,0.7010665854,0.01740322002,-0.6516649739,-0.2890251417,0,1
615,20500000000,0,1,0.682142053,-0.5676989683,0.9777405968,0.6980444558,0.02049608331,-0.6549742757,-0.2886564506,0,1
616,20533333333,0,0,0.6782971979,-0.5720154548,0.9820626526,0.6941277791,0.02264989672,-0.6587274783,-0.2893988905,0,1
617,20566666667,0,0,0.6737777239,-0.57736461,0.9867990245,0.6904834438,0.02356138981,-0.6618752624,-0.290858405,0,1
618,20600000000,0,0,0.6695627455,-0.5821785783,0.9908172919,0.6874423426,0.02571271094,-0.6643656263,-0.2921988991,0,1
619,20633333333,0,0,0.6664950769,-0.585266689,0.9949506634,0.6843303523,0.02862576615,-0.6666340999,-0.2940603871,0,1
620,20666666667,0,0,0.6616894748,-0.5886951442,0.9984136728,0.6816483966,0.03085371452,-0.6681151364,-0.2966912135,0,1
621,20700000000,0,0,0.6581946758,-0.591485129,1.001124813,0.6787479729,0.03478770773,-0.66994003,-0.2987831337,0,1
622,20733333333,0,1,0.656720401,-0.5906395752,1.00295695,0.6762510483,0.0379858254,-0.6713704988,-0.3008375809,0,1
623,20766666667,0,0,0.6513595562,-0.5937928408,1.006299641,0.6738002286,0.03665923787,-0.6732912065,-0.3022057304,0,1
624,20800000000,0,0,0.647298286,-0.5964959192,1.008654588,0.6721363274,0.03528037067,-0.6756030039,-0.3009130007,0,1
625,20833333333,0,0,0.6430256615,-0.5986667138,1.012114851,0.6696768654,0.03473465611,-0.6783341104,-0.3003152248,0,1
626,20866666667,0,0,0.6375928382,-0.6023498893,1.016086273,0.6671820107,0.03496099732,-0.6807041103,-0.3004792962,0,1
627,20900000000,0,0,0.6318947866,-0.6063321778,1.019370669,0.6660976555,0.03612357129,-0.6823908326,-0.2989176351,0,1
628,20933333333,0,1,0.6280001246,-0.6094062877,1.020026416,0.6661090229,0.03953504669,-0.6834092878,-0.2961207439,0,1
629,20966666667,0,0,0.6250532437,-0.6100641041,1.023302329,0.6653886187,0.0432484612,-0.6850707221,-0.293369498,0,1
630,21000000000,0,0,0.6210204896,-0.6119090887,1.027040494,0.6651919219,0.04470396649,-0.6860480629,-0.2913062267,0,1
631,21033333333,0,0,0.6166578518,-0.6133455494,1.030936625,0.6663031222,0.04487105495,-0.6862339741,-0.288287479,0,1
632,21066666667,0,0,0.6131030955,-0.6150093964,1.034205742,0.6684837099,0.04509970925,-0.6853955051,-0.2851816043,0,1
633,21100000000,0,0,0.6093928485,-0.6165155217,1.037525295,0.6706557,0.04687890573,-0.6837916403,-0.2836411341,0,1
634,21133333333,0,0,0.6045411839,-0.619231744,1.040025167,0.672448695,0.05153203167,-0.6820596134,-0.2827576454,0,1
635,21166666667,0,0,0.6025066401,-0.619322206,1.042494433,0.6747253969,0.05685279116,-0.6799635116,-0.2813592397,0,1
636,21200000000,0,0,0.598932544,-0.6210418201,1.042766369,0.6768682479,0.06000785973,-0.6782047272,-0.2797977478,0,1
637,21233333333,0,1,0.5958917063,-0.6219232005,1.042129246,0.6775100715,0.06472467819,-0.6779361668,-0.2778369538,0,1
638,21266666667,0,0,0.5934349869,-0.6232637628,1.044936645,0.6766158877,0.06917344467,-0.6786663506,-0.2771605306,0,1
639,21300000000,0,0,0.5893038082,-0.6262977911,1.047445377,0.6771615217,0.07161426386,-0.6787624363,-0.2749640447,0,1
640,21333333333,0,0,0.5868807354,-0.6276755785,1.049385927,0.6791148575,0.07330038411,-0.6784067487,-0.2705445387,0,1
641,21366666667,0,0,0.5841850615,-0.6291951659,1.051274666,0.680766527,0.0739423857,-0.6782959912,-0.2664657718,0,1
642,21400000000,0,0,0.5807117858,-0.6309492786,1.052954961,0.6819246223,0.07460268753,-0.678574418,-0.2625833348,0,1
643,21433333333,0,0,0.5794530677,-0.6311329478,1.054939577,0.682530225,0.07416291348,-0.6795298034,-0.2586341055,0,1
644,21466666667,0,0,0.57677131,-0.6310215338,1.057236813,0.6823338111,0.07164042956,-0.6810566957,-0.2558319689,0,1
645,21500000000,0,1,0.5763822453,-0.6292427951,1.058385267,0.6810749488,0.06957131604,-0.6829465922,-0.2547168983,0,1
646,21533333333,0,0,0.5735465854,-0.6296623933,1.061870901,0.6783160332,0.06663503076,-0.6853970983,-0.2562770949,0,1
647,21566666667,0,0,0.5698319462,-0.631442328,1.064945075,0.6757276638,0.06492358551,-0.6872643412,-0.2585435704,0,1
648,21600000000,0,0,0.5670773417,-0.6318391117,1.067406032,0.6733448998,0.0646807314,-0.6889327725,-0.2603741228,0,1
649,21633333333,0,0,0.5638991503,-0.6326670557,1.070359717,0.670455051,0.06463466917,-0.690903621,-0.2626110635,0,1
650,21666666667,0,0,0.5618377633,-0.6336560072,1.073349256,0.6674015233,0.06485517319,-0.693027153,-0.2647307659,0,1
651,21700000000,0,0,0.5599693926,-0.6342819285,1.077001774,0.6637981324,0.06497444211,-0.6952404512,-0.2679385682,0,1
652,21733333333,0,0,0.5578372969,-0.6359246216,1.080620472,0.6597576221,0.06528222615,-0.6976542209,-0.2715450221,0,1
653,21766666667,0,0,0.5560551937,-0.6368396008,1.084628493,0.6557870266,0.06493870827,-0.70034904,-0.2742946629,0,1
654,21800000000,0,1,0.5552127917,-0.6378326872,1.088338984,0.6518231336,0.06280692898,-0.7035589045,-0.2760194922,0,1
655,21833333333,0,0,0.5540861207,-0.6382236543,1.092074761,0.6470039839,0.05974029725,-0.7073821235,-0.2782579254,0,1
656,21866666667,0,0,0.5517198067,-0.638975313,1.096088034,0.6404967578,0.05760128555,-0.711728623,-0.2826452942,0,1
657,21900000000,0,0,0.5503038238,-0.6407259143,1.100007519,0.6333400975,0.05635429128,-0.7165084101,-0.2869149927,0,1
658,21933333333,0,0,0.549070123,-0.6416578408,1.104085722,0.6267126405,0.0550919573,-0.7210654661,-0.2902769989,0,1
659,21966666667,0,0,0.5486777744,-0.6417635934,1.10756145,0.6198584424,0.05422903873,-0.7256978651,-0.2935938203,0,1
660,22000000000,0,1,0.5467924073,-0.6409124199,1.112714616,0.6121921121,0.05314157607,-0.7304801035,-0.297985921,0,1
661,22033333333,0,0,0.5459842068,-0.6419642707,1.117147101,0.6056498601,0.05155755275,-0.7344263983,-0.3019071564,0,1
662,22066666667,0,0,0.5456026263,-0.6426287769,1.122271686,0.6005542933,0.05003926515,-0.7373269332,-0.3052533478,0,1
663,22100000000,0,0,0.5458714919,-0.6429849097,1.126223618,0.5973595635,0.0480060312,-0.7391375584,-0.3074616116,0,1
664,22133333333,0,0,0.5459196322,-0.6423857647,1.12911202,0.5948170696,0.04517153946,-0.7407769394,-0.3088716753,0,1
665,22166666667,0,0,0.5473966994,-0.6422960184,1.13151351,0.591531523,0.0415741985,-0.7430670031,-0.3101829656,0,1
666,22200000000,0,0,0.5478593574,-0.6419982143,1.134354996,0.587996976,0.03690345216,-0.7454988591,-0.3116554868,0,1
667,22233333333,0,0,0.5484135482,-0.6435528508,1.136894175,0.584702531,0.03386507112,-0.7475086673,-0.3133798006,0,1
668,22266666667,0,0,0.5498168404,-0.6446014814,1.14042241,0.5818507134,0.03314451977,-0.7490664448,-0.3150407106,0,1
669,22300000000,0,1,0.5486440177,-0.6440400014,1.144339215,0.5806190428,0.03327638674,-0.7497169954,-0.315750908,0,1
670,22333333333,0,0,0.552235936,-0.6438588811,1.145575058,0.5802478531,0.03437110802,-0.7498264165,-0.3160560092,0,1
671,22366666667,0,0,0.5562837985,-0.6429887219,1.147089152,0.5790052291,0.03523849099,-0.7502869283,-0.3171446336,0,1
672,22400000000,0,0,0.5603915019,-0.6418488011,1.148092187,0.5771943982,0.03526953982,-0.7509770988,-0.3188041458,0,1
673,22433333333,0,0,0.5645968832,-0.6409253988,1.149299243,0.5749574325,0.03369581181,-0.7522272456,-0.3200667338,0,1
674,22466666667,0,0,0.5686349405,-0.6398453563,1.150941561,0.5726673518,0.03113621543,-0.7534248013,-0.3216111146,0,1
675,22500000000,0,0,0.5713690266,-0.6393447344,1.15255577,0.5707127354,0.0280723218,-0.7542316648,-0.3234710407,0,1
676,22533333333,0,0,0.5746500552,-0.6400326446,1.153679164,0.5696503922,0.02611778442,-0.7546921321,-0.3244319308,0,1
677,22566666667,0,0,0.5785229588,-0.6403832387,1.155276202,0.5690105824,0.0259352909,-0.7547412757,-0.3254534137,0,1
678,22600000000,0,0,0.58254515,-0.6410256939,1.156567443,0.5694493725,0.02628915524,-0.7542158714,-0.325875301,0,1
679,22633333333,0,0,0.5869715407,-0.6410780065,1.156982359,0.5707334631,0.026722348,-0.7533001345,-0.32571174,0,1
680,22666666667,0,0,0.5920865716,-0.64138361,1.157669351,0.5722135308,0.02648240876,-0.7525145284,-0.3249495987,0,1
681,22700000000,0,0,0.5982846693,-0.6407237863,1.158082331,0.5738922233,0.02489905923,-0.7515281666,-0.3243966208,0,1
682,22733333333,0,0,0.6029988934,-0.6409888136,1.158824443,0.5753772775,0.02215340153,-0.75034427,-0.3247055463,0,1
683,22766666667,0,0,0.6074795104,-0.6410675791,1.159247236,0.5771108786,0.02043738806,-0.7488503196,-0.325190015,0,1
684,22800000000,0,0,0.612598999,-0.641340241,1.159917284,0.5786719684,0.01971830597,-0.7474615574,-0.3256549732,0,1
685,22833333333,0,1,0.6199677727,-0.6393724203,1.160957332,0.5800876963,0.02028494225,-0.7457537435,-0.3270139749,0,1
686,22866666667,0,0,0.6260274084,-0.637336765,1.162271589,0.5816109385,0.01921162402,-0.7433585621,-0.3298146115,0,1
687,22900000000,0,0,0.6319449078,-0.6359940785,1.162457902,0.5829901504,0.01659711402,-0.7407654272,-0.33333707,0,1
688,22933333333,0,0,0.6376519439,-0.6350760345,1.16226888,0.5824603007,0.01378893681,-0.7390398836,-0.3381862115,0,1
689,22966666667,0,0,0.6418905035,-0.635697465,1.163730357,0.5806311923,0.01151368875,-0.738072615,-0.3434875085,0,1
690,23000000000,0,0,0.6448282468,-0.6377247626,1.166704002,0.5805946893,0.009751419466,-0.7367242911,-0.3464852601,0,1
691,23033333333,0,0,0.6484688313,-0.6384187054,1.170098084,0.5830887877,0.009793665001,-0.734130401,-0.347798942,0,1
692,23066666667,0,0,0.6523665293,-0.6400339099,1.172252169,0.5867777219,0.01097983946,-0.7305991052,-0.3489932601,0,1
693,23100000000,0,0,0.657435171,-0.6401929927,1.174310177,0.5907196216,0.01198958745,-0.7274809031,-0.3488239012,0,1
694,23133333333,0,0,0.6622233684,-0.6402655483,1.175946203,0.5935087122,0.01172582771,-0.7249616285,-0.3493430273,0,1
695,23166666667,0,0,0.6660100503,-0.6409330748,1.177608665,0.5949180934,0.01099912567,-0.7234724828,-0.3500557784,0,1
696,23200000000,0,0,0.669729815,-0.6421863123,1.180536918,0.595050476,0.01067856323,-0.7228435984,-0.3511381944,0,1
697,23233333333,0,1,0.670802496,-0.6424509983,1.184873385,0.5955371996,0.0106109908,-0.7222946577,-0.3514445593,0,1
698,23266666667,0,0,0.6739218544,-0.6429295921,1.187552976,0.5967636655,0.01010643535,-0.7213990616,-0.351218424,0,1
699,23300000000,0,0,0.6770987153,-0.6437142397,1.190032725,0.5975670596,0.009021527779,-0.7210056914,-0.3506893416,0,1
700,23333333333,0,0,0.6802968168,-0.6434876386,1.192394285,0.5973512028,0.008300234043,-0.7212563661,-0.3505594116,0,1
701,23366666667,0,0,0.6828146554,-0.6439989656,1.196176484,0.5960239391,0.006108498301,-0.7222404686,-0.3508373638,0,1
702,23400000000,0,0,0.6838891719,-0.6457362859,1.200219962,0.5949834558,0.003931098199,-0.7229613104,-0.3511497933,0,1
703,23433333333,0,0,0.6861185637,-0.6467233628,1.204087107,0.5939123975,0.003300010948,-0.723837642,-0.351164124,0,1
704,23466666667,0,0,0.6882378136,-0.6477707327,1.207887231,0.5920011748,0.003823292773,-0.7250170932,-0.3519519939,0,1
705,23500000000,0,0,0.6903816977,-0.6491051792,1.21230877,0.589042716,0.006088479856,-0.7267076431,-0.3533944122,0,1
706,23533333333,0,0,0.6924006371,-0.6500833247,1.217609868,0.5857494552,0.008229645772,-0.7286137245,-0.3548970119,0,1
707,23566666667,0,0,0.6942787695,-0.6515110986,1.223116767,0.5828231097,0.009379668327,-0.7303825821,-0.3560484916,0,1
708,23600000000,0,0,0.6965328043,-0.6530355291,1.227935675,0.5793704285,0.01052415919,-0.7327043141,-0.3568802836,0,1
709,23633333333,0,1,0.6980495616,-0.6535906128,1.234794363,0.5739548264,0.01220073344,-0.7361841556,-0.3584130137,0,1
710,23666666667,0,0,0.6994549966,-0.6550829162,1.242435889,0.5693695177,0.01160811054,-0.7389745355,-0.3600003333,0,1
711,23700000000,0,0,0.7007623229,-0.6566258443,1.24919026,0.5658166162,0.01015820374,-0.7410798588,-0.3613156661,0,1
712,23733333333,0,0,0.7022968076,-0.6580293657,1.256680997,0.5616690781,0.007686879905,-0.7437451748,-0.362369802,0,1
713,23766666667,0,0,0.7033877272,-0.6592407874,1.264447455,0.5573226234,0.004514915312,-0.746222372,-0.3640374712,0,1
714,23800000000,0,0,0.704856783,-0.6599339218,1.271890742,0.5528535863,0.0009803071885,-0.748585864,-0.3660207035,0,1
715,23833333333,0,1,0.7037100771,-0.6594027071,1.28152958,0.5479751907,-0.002272660341,-0.7508488707,-0.3687058432,0,1
716,23866666667,0,0,0.7038944831,-0.6603066131,1.289926897,0.5440947781,-0.00314698131,-0.7517419678,-0.3726056665,0,1
717,23900000000,0,0,0.7047916565,-0.6591758862,1.298940812,0.5403177858,-0.001966907221,-0.7519898894,-0.3775765192,0,1
718,23933333333,0,0,0.705624019,-0.6583329085,1.307507777,0.5367812609,-0.0003931906323,-0.7514763388,-0.3836000986,0,1
719,23966666667,0,0,0.7062586648,-0.6569245304,1.315403563,0.5339291061,0.0004173055672,-0.7502083072,-0.3900090145,0,1
720,24000000000,0,0,0.7066670753,-0.6560648024,1.322580431,0.5319372793,5.220787237e-05,-0.7485101229,-0.3959486382,0,1
721,24033333333,0,1,0.7061078041,-0.6541864359,1.327122298,0.5309697435,-0.0008275000748,-0.7467383901,-0.4005648805,0,1
722,24066666667,0,0,0.7073725073,-0.6525387282,1.331509139,0.5298174419,-0.002652305943,-0.745907935,-0.4036183793,0,1
723,24100000000,0,0,0.708754918,-0.6517050174,1.334259431,0.5281386338,-0.00652950477,-0.7459021398,-0.4057794313,0,1
724,24133333333,0,0,0.7107804637,-0.6516257676,1.336416779,0.5251773511,-0.01122296086,-0.7474756586,-0.4066238247,0,1
725,24166666667,0,0,0.713921325,-0.6517873092,1.339369206,0.5212205196,-0.01521522302,-0.7501298953,-0.4066974394,0,1
726,24200000000,0,0,0.7169347517,-0.6520770479,1.343167875,0.5175172814,-0.01937541861,-0.7526723129,-0.4065523902,0,1
727,24233333333,0,0,0.720032133,-0.6530594412,1.346967968,0.5152492154,-0.02304382284,-0.7543012519,-0.4062226602,0,1
728,24266666667,0,0,0.7237669578,-0.6530278803,1.350325153,0.5144698516,-0.02530014496,-0.7547330132,-0.406274234,0,1
729,24300000000,0,1,0.7297294237,-0.6526516837,1.352111238,0.5142442877,-0.02637407755,-0.7542856917,-0.4073209005,0,1
730,24333333333,0,0,0.7348060843,-0.6523191244,1.354322134,0.5136349319,-0.02813308422,-0.7538631734,-0.408751761,0,1
731,24366666667,0,0,0.740279,-0.6519161033,1.356838074,0.5130846897,-0.03038210121,-0.7533609871,-0.4102051342,0,1
732,24400000000,0,0,0.7452573588,-0.6517446918,1.359122184,0.5130539872,-0.03330398438,-0.7524087277,-0.4117615297,0,1
733,24433333333,0,0,0.7514360377,-0.6511861243,1.36144935,0.5130622274,-0.03480493234,-0.7513533256,-0.4135504174,0,1
734,24466666667,0,0,0.757625063,-0.6506551111,1.363832342,0.513037575,-0.03599104764,-0.7499858181,-0.4159547618,0,1
735,24500000000,0,0,0.7636629571,-0.6500369914,1.365419222,0.5139539356,-0.03851749729,-0.7485636388,-0.4171573243,0,1
736,24533333333,0,1,0.7721229772,-0.6489051527,1.365980982,0.5141580689,-0.04178895198,-0.7480282117,-0.4175511444,0,1
737,24566666667,0,0,0.7796598832,-0.6475756967,1.368150076,0.5127378514,-0.04701678389,-0.7481868035,-0.418456479,0,1
738,24600000000,0,0,0.786713166,-0.6465523337,1.369956743,0.5120027744,-0.05499464438,-0.7478702875,-0.4189496166,0,1
739,24633333333,0,0,0.7932235705,-0.6460451995,1.371008237,0.5111005632,-0.0634729932,-0.7474015855,-0.4196882932,0,1
740,24666666667,0,0,0.7993856669,-0.6457858081,1.37335841,0.5099083184,-0.06980177499,-0.7468865797,-0.4210482823,0,1
741,24700000000,0,0,0.8042881173,-0.6465887784,1.376047286,0.510194543,-0.07393471229,-0.7451465609,-0.4230742126,0,1
742,24733333333,0,1,0.8092995145,-0.6468255887,1.378676993,0.5118394437,-0.07190414356,-0.7430622596,-0.425098408,0,1
743,24766666667,0,0,0.8168088346,-0.6464090276,1.379705832,0.514566141,-0.06691516223,-0.740991866,-0.4262336239,0,1
744,24800000000,0,0,0.8253340189,-0.6452648858,1.381006315,0.5168003967,-0.06290867178,-0.7386849077,-0.4281406966,0,1
745,24833333333,0,0,0.8328840452,-0.6443669719,1.382179746,0.5192688536,-0.06215225454,-0.7360435893,-0.4298101785,0,1
746,24866666667,0,0,0.8408632926,-0.6429993883,1.383524058,0.5213465478,-0.0633154342,-0.7333473486,-0.4317297757,0,1
747,24900000000,0,0,0.8470428763,-0.6427192387,1.384424375,0.52250835,-0.0657051447,-0.7302471776,-0.4352090506,0,1
748,24933333333,0,0,0.8527455452,-0.6432199997,1.384605331,0.5230333873,-0.06680426175,-0.728046535,-0.438088472,0,1
749,24966666667,0,0,0.8590793797,-0.6439027334,1.386212133,0.5227343814,-0.0662650063,-0.7268886602,-0.4404436299,0,1
750,25000000000,0,0,0.8647055739,-0.6443125577,1.387536743,0.523661892,-0.06614129803,-0.724959125,-0.4425356694,0,1
751,25033333333,0,1,0.8715226312,-0.6447656984,1.389400647,0.5250886097,-0.06599163902,-0.7229858833,-0.4440928598,0,1
752,25066666667,0,0,0.8769225336,-0.6446986871,1.391390789,0.5264703834,-0.06596118263,-0.7209293168,-0.4458015006,0,1
753,25100000000,0,0,0.8819066685,-0.6453427403,1.392283542,0.5283398459,-0.06774779778,-0.7187650176,-0.4468155018,0,1
754,25133333333,0,0,0.8868111626,-0.6454005257,1.394139999,0.5293941259,-0.06934815241,-0.7173201753,-0.4476432279,0,1
755,25166666667,0,0,0.8913333559,-0.6462519796,1.395530017,0.5285551704,-0.06927661554,-0.7164296608,-0.4500652436,0,1
756,25200000000,0,0,0.894542027,-0.6471119736,1.398130987,0.5268885006,-0.0686285299,-0.7163178356,-0.4522912682,0,1
757,25233333333,0,0,0.8979566359,-0.6484077752,1.400050958,0.5267578503,-0.0691156926,-0.7158163813,-0.453162329,0,1
758,25266666667,0,0,0.9034945685,-0.6484982988,1.402536063,0.527002409,-0.07013270016,-0.7159338155,-0.4525357854,0,1
759,25300000000,0,0,0.907376957,-0.6485960123,1.405337684,0.5262754683,-0.07261337896,-0.7159250152,-0.4530041956,0,1
760,25333333333,0,0,0.9092925531,-0.6502424119,1.409619562,0.5250195028,-0.07502606803,-0.7161784641,-0.4536672991,0,1
761,25366666667,0,1,0.9109798941,-0.651304827,1.415362169,0.524881846,-0.07676660576,-0.7162040273,-0.4534950135,0,1
762,25400000000,0,0,0.913614701,-0.6525053128,1.42041434,0.5263363364,-0.07708637173,-0.7151561277,-0.4534087178,0,1
763,25433333333,0,0,0.9153948811,-0.6539928566,1.425398938,0.5281724968,-0.07666999683,-0.7134780397,-0.4539874581,0,1
764,25466666667,0,0,0.917387105,-0.6558546762,1.429659901,0.5307398899,-0.07580822779,-0.7117221144,-0.4538941658,0,1
765,25500000000,0,0,0.9203791745,-0.6574526743,1.434288379,0.5332756625,-0.07562808025,-0.7103037749,-0.4531732655,0,1
766,25533333333,0,0,0.9230140576,-0.6597108157,1.438987818,0.5347063877,-0.07590804757,-0.7092878906,-0.4530317157,0,1
767,25566666667,0,0,0.9252389086,-0.6614886142,1.444360782,0.5353199242,-0.07653867452,-0.7088649533,-0.4528629903,0,1
768,25600000000,0,0,0.9265991964,-0.663822399,1.450380288,0.5353442025,-0.07700902934,-0.7085939824,-0.4531785104,0,1
769,25633333333,0,1,0.9261620308,-0.6663352127,1.457965561,0.5349987763,-0.07672020882,-0.7086118717,-0.4536072465,0,1
770,25666666667,0,0,0.9272444483,-0.6695823867,1.463378353,0.5360300841,-0.07577581668,-0.7080412283,-0.4534395148,0,1
771,25700000000,0,0,0.9293949357,-0.6729235789,1.468494094,0.5370081254,-0.07486863557,-0.7075393684,-0.453216287,0,1
772,25733333333,0,0,0.9320635428,-0.6764493983,1.472990448,0.5375493259,-0.07508465719,-0.7073099158,-0.4528970076,0,1
773,25766666667,0,0,0.9344910973,-0.6789906363,1.478119002,0.5372268234,-0.07595296375,-0.7077793956,-0.4524011657,0,1
774,25800000000,0,0,0.9356972277,-0.6821072641,1.483629384,0.5366633522,-0.07737078737,-0.7083233525,-0.4519781367,0,1
775,25833333333,0,0,0.9366159663,-0.6849503083,1.489670923,0.5361145837,-0.07734888837,-0.7089108583,-0.4517119631,0,1
776,25866666667,0,0,0.9372290371,-0.6878662064,1.496299011,0.5359842635,-0.07595185901,-0.7093511473,-0.4514123771,0,1
777,25900000000,0,0,0.9397099273,-0.690619949,1.50151221,0.5373987762,-0.07434697177,-0.70884866,-0.4507867128,0,1
778,25933333333,0,0,0.9412376884,-0.6936746865,1.506984255,0.5390291744,-0.07391654901,-0.7080061976,-0.4502345135,0,1
779,25966666667,0,0,0.9429637368,-0.6966722517,1.511775536,0.5401977474,-0.07317092351,-0.7073631962,-0.4499663524,0,1
780,26000000000,0,1,0.9443773721,-0.6985288479,1.516924301,0.5405088802,-0.07272024027,-0.7075821933,-0.4493209953,0,1
781,26033333333,0,0,0.9462540641,-0.7011574131,1.5213489,0.540751726,-0.0733011166,-0.7077763395,-0.448628098,0,1
782,26066666667,0,0,0.9483280287,-0.7032262432,1.525941117,0.5407575049,-0.07385953744,-0.7082606557,-0.4477643725,0,1
783,26100000000,0,0,0.9484914038,-0.7057911349,1.531722705,0.540483447,-0.07425220365,-0.7087710796,-0.4472223277,0,1
784,26133333333,0,0,0.9493755643,-0.7078701426,1.537401703,0.5413359337,-0.07355885105,-0.7088069201,-0.4462479718,0,1
785,26166666667,0,0,0.9509657516,-0.7099609579,1.542279754,0.5428973699,-0.07277954824,-0.7079923076,-0.4457717751,0,1
786,26200000000,0,0,0.951780098,-0.7119322336,1.547185759,0.5441727177,-0.0725557763,-0.7067066869,-0.4462929211,0,1
787,26233333333,0,0,0.951207629,-0.7146435601,1.55003517,0.5453699543,-0.07199775163,-0.7053871416,-0.4470088557,0,1
788,26266666667,0,0,0.9527560257,-0.7168441259,1.552632088,0.5463700656,-0.07100041232,-0.705031511,-0.4465078514,0,1
789,26300000000,0,0,0.9537363392,-0.7183311547,1.555535375,0.5462758521,-0.07020182174,-0.7053388125,-0.4462639994,0,1
790,26333333333,0,0,0.9545387377,-0.7200538148,1.55726843,0.5460360188,-0.06940859414,-0.7058575252,-0.4458612647,0,1
791,26366666667,0,0,0.9550684485,-0.7215010319,1.559880371,0.5459605099,-0.06934800021,-0.7067103541,-0.4446104496,0,1
792,26400000000,0,0,0.9563430267,-0.7236088916,1.561641053,0.5461339498,-0.06979365717,-0.7076862619,-0.4427716216,0,1
793,26433333333,0,0,0.9577648903,-0.7246100589,1.564344084,0.5457614699,-0.07051257288,-0.7088888099,-0.4411904919,0,1
794,26466666667,0,1,0.9582136247,-0.7247106343,1.5672074,0.5451355058,-0.07150237742,-0.7101432854,-0.4397854074,0,1
795,26500000000,0,0,0.9599038742,-0.7248528066,1.569592786,0.5447668984,-0.07202244828,-0.7106839006,-0.4392837201,0,1
796,26533333333,0,0,0.9600837131,-0.7255327137,1.572722229,0.5441236549,-0.07234759521,-0.7109357902,-0.4396198083,0,1
797,26566666667,0,0,0.9613260118,-0.7255699687,1.575383131,0.5443075113,-0.0721329371,-0.7105543838,-0.4400439072,0,1
798,26600000000,0,0,0.9623160857,-0.7260150817,1.578187462,0.5446197667,-0.07296007514,-0.7096110996,-0.4410422026,0,1
799,26633333333,0,0,0.9624650309,-0.7258922635,1.580548051,0.5450185974,-0.07446360129,-0.7085068842,-0.4420722742,0,1
800,26666666667,0,0,0.9619803152,-0.7263694444,1.582550531,0.5450142089,-0.07620345537,-0.7075123897,-0.4433720377,0,1
801,26700000000,0,0,0.96160675,-0.726165452,1.58499124,0.5447668717,-0.07696120287,-0.7070069407,-0.4443503287,0,1
802,26733333333,0,0,0.9605999186,-0.7269543843,1.587183105,0.5442189311,-0.07731573761,-0.706639234,-0.4455435161,0,1
803,26766666667,0,0,0.9598047314,-0.7280096422,1.588996893,0.5440381244,-0.07758372883,-0.7065415349,-0.4458725644,0,1
804,26800000000,0,0,0.9599696704,-0.7285986686,1.590046616,0.5439299734,-0.07750269948,-0.7064305382,-0.4461943638,0,1
805,26833333333,0,0,0.958961007,-0.7297505327,1.590822552,0.543385484,-0.07698349827,-0.7065484508,-0.4467606108,0,1
806,26866666667,0,0,0.9585122228,-0.7309663926,1.592120775,0.5431445961,-0.0766758177,-0.706971685,-0.4464367854,0,1
807,26900000000,0,0,0.9579350481,-0.7323859613,1.593178722,0.543080049,-0.07653071613,-0.7073682106,-0.44591179,0,1
808,26933333333,0,0,0.9583415307,-0.7332965776,1.593956426,0.5431008327,-0.07544182437,-0.7078470497,-0.4453117682,0,1
809,26966666667,0,0,0.9584754574,-0.7344207293,1.595204402,0.5428204099,-0.07404431345,-0.7084592596,-0.4449145084,0,1
810,27000000000,0,0,0.9579002798,-0.7358477588,1.596169284,0.5429761902,-0.0734380197,-0.7086284949,-0.4445552502,0,1
811,27033333333,0,0,0.9577488431,-0.7371122861,1.597446145,0.5433303652,-0.07323954782,-0.7087741548,-0.4439226062,0,1
812,27066666667,0,0,0.9573161412,-0.7383197268,1.598088879,0.5433506245,-0.0724044121,-0.7089176944,-0.4438055909,0,1
813,27100000000,0,0,0.9569966615,-0.7403044624,1.599602157,0.5428209613,-0.07111879569,-0.7092955735,-0.4440577782,0,1
814,27133333333,0,1,0.9569130983,-0.7400049024,1.599761791,0.543584615,-0.07031445914,-0.7091676195,-0.4434556693,0,1
815,27166666667,0,0,0.9567307011,-0.74130075,1.601083485,0.5435598942,-0.06958959238,-0.7093099899,-0.4433726065,0,1
816,27200000000,0,0,0.9567633757,-0.7422463433,1.602302537,0.5435869848,-0.06846014349,-0.7091144601,-0.4438277606,0,1
817,27233333333,0,0,0.955444113,-0.7429896528,1.604031771,0.5434717096,-0.06700673996,-0.708731564,-0.4448012678,0,1
818,27266666667,0,0,0.953143983,-0.7444568778,1.605446476,0.5437257307,-0.06524899775,-0.7084075565,-0.4452680452,0,1
819,27300000000,0,0,0.953778472,-0.7461005389,1.605713765,0.5448280048,-0.06418433003,-0.7080585824,-0.4446300269,0,1
820,27333333333,0,0,0.952849,-0.7468622673,1.606729423,0.5456699172,-0.06544350697,-0.7074572957,-0.4443710877,0,1
821,27366666667,0,0,0.951315377,-0.7475371029,1.607383194,0.5464649398,-0.06720102036,-0.707010509,-0.4438425763,0,1
822,27400000000,0,0,0.9489567376,-0.7480900375,1.608271753,0.5468824836,-0.06834494636,-0.7067449939,-0.4435764094,0,1
823,27433333333,0,0,0.9473144311,-0.748898763,1.60887778,0.5472950606,-0.06826333047,-0.7066159102,-0.4432856753,0,1
824,27466666667,0,0,0.9459124388,-0.7494546342,1.609221292,0.5477190136,-0.06815867358,-0.706264607,-0.4433379999,0,1
825,27500000000,0,0,0.943488845,-0.7501922683,1.609496878,0.5478432253,-0.06775502666,-0.7061457246,-0.4434357591,0,1
826,27533333333,0,0,0.9419590467,-0.7505571112,1.610219086,0.5481302864,-0.06770878186,-0.706021888,-0.4432852396,0,1
827,27566666667,0,0,0.9396107301,-0.7510498169,1.610622638,0.5492373879,-0.06892202582,-0.7053201242,-0.4428448583,0,1
828,27600000000,0,0,0.9375244901,-0.7512922953,1.611138926,0.5503390341,-0.06943829694,-0.7044626284,-0.4427614207,0,1
829,27633333333,0,0,0.9341999563,-0.7515643879,1.611323864,0.5510680789,-0.06921401066,-0.703638991,-0.4431992369,0,1
830,27666666667,0,0,0.9322077758,-0.7516127682,1.611291777,0.5518128193,-0.06845725229,-0.7028314606,-0.4436712241,0,1
831,27700000000,0,0,0.9291689011,-0.7512439257,1.611073465,0.5525226549,-0.06805480749,-0.7020705867,-0.44405422,0,1
832,27733333333,0,0,0.9263163852,-0.7511789576,1.610444935,0.5529997868,-0.06786262899,-0.7015328093,-0.4443395288,0,1
833,27766666667,0,0,0.9230960992,-0.751030276,1.609981853,0.5533380196,-0.06759357931,-0.7011470571,-0.444568272,0,1
834,27800000000,0,1,0.9200807163,-0.7521306119,1.60947051,0.5539759593,-0.06834350964,-0.7006236893,-0.4444842485,0,1
835,27833333333,0,0,0.9173888483,-0.7520448607,1.608887616,0.5548695271,-0.06896441196,-0.6999302255,-0.4443662872,0,1
836,27866666667,0,0,0.9141775399,-0.7515497367,1.608560358,0.5561393425,-0.06912205186,-0.6988609101,-0.4444373995,0,1
837,27900000000,0,0,0.9101412978,-0.7519812664,1.608255244,0.5578956996,-0.06930136323,-0.6975265891,-0.444304363,0,1
838,27933333333,0,0,0.9060628542,-0.7524088864,1.606658311,0.5596187896,-0.06911192312,-0.6963361976,-0.4440340666,0,1
839,27966666667,0,0,0.9027101967,-0.7530098565,1.60476543,0.5601310302,-0.06749072504,-0.6961757365,-0.4438891472,0,1
840,28000000000,0,0,0.8994166858,-0.7535997292,1.602843779,0.5596524729,-0.06471956208,-0.6964820307,-0.4444246492,0,1
841,28033333333,0,0,0.8958229351,-0.7543033738,1.601701018,0.5594900629,-0.06290779558,-0.6968892319,-0.4442509169,0,1
842,28066666667,0,0,0.8918063783,-0.7550450122,1.600014607,0.5606099124,-0.06267372573,-0.6968441117,-0.4429410957,0,1
843,28100000000,0,0,0.8875003496,-0.7554233742,1.598595164,0.5620741179,-0.06283492344,-0.6967396667,-0.4412236341,0,1
844,28133333333,0,0,0.883174952,-0.7561048508,1.596596536,0.5634673602,-0.06222365162,-0.6963869091,-0.4400886547,0,1
845,28166666667,0,0,0.8792958106,-0.756425574,1.594153221,0.5649095562,-0.06118095836,-0.6961695461,-0.4387277592,0,1
846,28200000000,0,1,0.8765713315,-0.7575071401,1.590383599,0.5657545115,-0.06108961929,-0.6961136973,-0.4377392049,0,1
847,28233333333,0,0,0.873346097,-0.7576061982,1.587349525,0.5649278271,-0.06093752227,-0.6970141121,-0.4373951257,0,1
848,28266666667,0,0,0.8694734257,-0.757127559,1.584959605,0.5632155411,-0.06098511156,-0.6984589782,-0.4372918091,0,1
849,28300000000,0,0,0.8652301602,-0.7568280681,1.583157548,0.5614130562,-0.0603319877,-0.7000174529,-0.4372081851,0,1
850,28333333333,0,0,0.8618662063,-0.7569485543,1.580799868,0.5607656929,-0.05996876004,-0.7007945732,-0.4368438527,0,1
851,28366666667,0,0,0.8589866425,-0.756493545,1.578810367,0.5605366649,-0.0600893006,-0.7013769586,-0.4361860672,0,1
852,28400000000,0,0,0.855078501,-0.756439217,1.576489723,0.5601860898,-0.06021735935,-0.7019618031,-0.4356776807,0,1
853,28433333333,0,0,0.8520980881,-0.7561676649,1.574200762,0.5593706914,-0.05963359078,-0.7030972272,-0.4349741988,0,1
854,28466666667,0,0,0.8487524839,-0.7565149813,1.572762357,0.5580062935,-0.05879298575,-0.7046879673,-0.4342663123,0,1
855,28500000000,0,0,0.8466086305,-0.7563711123,1.571472003,0.5574720963,-0.05749443183,-0.7059016941,-0.4331536106,0,1
856,28533333333,0,0,0.8437721856,-0.7569441107,1.569452278,0.5569929225,-0.05656830216,-0.706979588,-0.4321328195,0,1
857,28566666667,0,0,0.8421514001,-0.757577127,1.567538285,0.556249464,-0.05515120888,-0.7082586607,-0.4311780926,0,1
858,28600000000,0,0,0.8402673223,-0.7584297843,1.565537558,0.555193506,-0.05527852192,-0.7093698014,-0.4306958796,0,1
859,28633333333,0,0,0.8380458828,-0.7596290752,1.564225097,0.5535787741,-0.05581110904,-0.7106886639,-0.4305313971,0,1
860,28666666667,0,0,0.8352690708,-0.7609173299,1.562888827,0.5515527938,-0.05572422513,-0.712145789,-0.4307350711,0,1
861,28700000000,0,1,0.8328090025,-0.7628256747,1.562450587,0.5489058014,-0.05467649607,-0.7139812983,-0.4312117899,0,1
862,28733333333,0,0,0.8305779337,-0.7644930444,1.560783983,0.546711514,-0.05257362527,-0.7155738412,-0.4316209126,0,1
863,28766666667,0,0,0.8292260355,-0.7654200494,1.55989994,0.5443790685,-0.05075090823,-0.7172740056,-0.4319650171,0,1
864,28800000000,0,0,0.827166542,-0.7667933225,1.558632651,0.5424994689,-0.05040042115,-0.7187642946,-0.43189352,0,1
865,28833333333,0,0,0.8266346919,-0.7678424229,1.555711521,0.5404260889,-0.05307283714,-0.7205115714,-0.4312609325,0,1
866,28866666667,0,0,0.8260021675,-0.768489781,1.55378555,0.5353997049,-0.05729967753,-0.7233300276,-0.4322702558,0,1
867,28900000000,0,0,0.8226011326,-0.7707420854,1.55486344,0.5284268186,-0.06214829013,-0.7262924358,-0.4352033836,0,1
868,28933333333,0,0,0.8171348071,-0.7714328734,1.5566723,0.5231347781,-0.06451881494,-0.7288551704,-0.4369639196,0,1
869,28966666667,0,0,0.8146747969,-0.7730960524,1.556452652,0.5196755046,-0.06476180308,-0.7307224355,-0.4379360696,0,1
870,29000000000,0,0,0.8125610815,-0.7749508997,1.556502987,0.515742495,-0.06450269295,-0.7321994016,-0.4401512443,0,1
871,29033333333,0,0,0.8074675739,-0.7774583476,1.555925953,0.5123080041,-0.06422684142,-0.7333335002,-0.442309167,0,1
872,29066666667,0,0,0.8059287252,-0.7795763487,1.554824772,0.5093821562,-0.06214867255,-0.7350182824,-0.4431878676,0,1
873,29100000000,0,0,0.8027750664,-0.7812789975,1.55514124,0.505600178,-0.05993879186,-0.7366319067,-0.4451395683,0,1
874,29133333333,0,1,0.7994553931,-0.7848838953,1.553867006,0.5022645576,-0.05624272089,-0.7381041673,-0.4469556004,0,1
875,29166666667,0,0,0.7972033818,-0.7881789525,1.552858351,-0.4991020328,0.05132716876,0.7401823313,0.4476525427,0,1
876,29200000000,0,0,0.795620526,-0.7909666389,1.55277181,-0.4963641983,0.04593746895,0.7421694927,0.4479919372,0,1
877,29233333333,0,0,0.7949257992,-0.7936235289,1.551669087,-0.4947043182,0.04208763652,0.7433730605,0.4482106216,0,1
878,29266666667,0,0,0.7932811414,-0.7964784371,1.550443745,-0.4924873997,0.0393131438,0.7447429967,0.4486295875,0,1
879,29300000000,0,0,0.7911071941,-0.7990201057,1.549798893,-0.4903525229,0.03704457043,0.7465336019,0.4481848775,0,1
880,29333333333,0,0,0.7895458294,-0.800955008,1.549388111,-0.4884900465,0.03523996249,0.748368738,0.4473028632,0,1
881,29366666667,0,0,0.787227489,-0.8035371488,1.549088085,-0.4867738895,0.03394119303,0.7501920327,0.4462186572,0,1
882,29400000000,0,0,0.7852327902,-0.8058246557,1.548581839,-0.4853032436,0.03156929099,0.7518888787,0.4451373447,0,1
883,29433333333,0,0,0.7834739103,-0.8080843634,1.548976813,-0.4839951867,0.02932142875,0.7533299805,0.4442779012,0,1
884,29466666667,0,1,0.7810988367,-0.8113616395,1.547796948,-0.4842178485,0.02674615346,0.7540252448,0.4430165332,0,1
885,29500000000,0,0,0.7792166979,-0.8136298937,1.547910571,-0.4852878325,0.02449475324,0.7546189638,0.4409602547,0,1
886,29533333333,0,0,0.7783989766,-0.8158280847,1.54664216,-0.4867805178,0.02301174828,0.7548330778,0.4390241583,0,1
887,29566666667,0,0,0.7779407884,-0.8180793885,1.544492642,-0.4874930439,0.02213922172,0.7555557529,0.4370307668,0,1
888,29600000000,0,0,0.7780389422,-0.8202953389,1.544005138,-0.4864043279,0.0219308077,0.7569358056,0.4358647218,0,1
889,29633333333,0,0,0.7766321952,-0.8223560113,1.54423818,-0.4849437466,0.02227318614,0.7582237824,0.4352357563,0,1
890,29666666667,0,0,0.7757912891,-0.8238002846,1.544243246,-0.4840913153,0.02285406839,0.7589975279,0.4348057529,0,1
891,29700000000,0,0,0.7747110469,-0.8259509411,1.543605694,-0.4830690356,0.02348422537,0.7593277901,0.435332178,0,1
892,29733333333,0,0,0.774486141,-0.8273414786,1.544536683,-0.4823111951,0.02338429565,0.7595804328,0.4357369067,0,1
893,29766666667,0,0,0.7744884659,-0.8279986943,1.545600443,-0.4823666305,0.02376807988,0.7585093001,0.4375170326,0,1
894,29800000000,0,0,0.7724539557,-0.8294620797,1.543361552,-0.4824178825,0.02559619031,0.7566539238,0.4405594867,0,1
895,29833333333,0,0,0.7704950921,-0.8316221876,1.540129683,-0.4814869686,0.02651552994,0.7565226925,0.4417472597,0,1
896,29866666667,0,0,0.7705352379,-0.8329035754,1.54042478,-0.4790473332,0.02614387834,0.7578690696,0.442113813,0,1
897,29900000000,0,0,0.7680222651,-0.8344886151,1.540624675,-0.4773170101,0.02670045147,0.7583553623,0.4431170299,0,1
898,29933333333,0,0,0.7653900254,-0.8371809831,1.538392207,-0.4771315381,0.02672250374,0.7587561256,0.4426291281,0,1
899,29966666667,0,0,0.7646579958,-0.8390051155,1.538375522,-0.477464882,0.02639430403,0.7598125685,0.4404718924,0,1
900,30000000000,0,1,0.7626458467,-0.8412455526,1.537873848,-0.4778577899,0.02539602287,0.7604949439,0.4389241562,0,1
901,30033333333,0,0,0.7617575349,-0.8435774132,1.53672656,-0.4792929074,0.02490017084,0.7608203206,0.4368188757,0,1
902,30066666667,0,0,0.7612545976,-0.845693905,1.535846353,-0.4804013283,0.02467765357,0.7613562877,0.4346747985,0,1
903,30100000000,0,0,0.7600185037,-0.8479814328,1.535604616,-0.4806650882,0.02350367801,0.7619475545,0.4334103993,0,1
904,30133333333,0,0,0.7583977765,-0.8499869508,1.5350001,-0.4814699898,0.02165323673,0.7623231828,0.4319504037,0,1
905,30166666667,0,0,0.7577585576,-0.8517438465,1.534398186,-0.482907461,0.01971007825,0.7626405161,0.4298736328,0,1
906,30200000000,0,0,0.7575560302,-0.8537623325,1.533834936,-0.4839669217,0.01805271537,0.7628014556,0.428467102,0,1
907,30233333333,0,0,0.7568497438,-0.8555419748,1.532589389,-0.4849302364,0.01672890175,0.7628733274,0.4273021133,0,1
908,30266666667,0,0,0.7559941181,-0.8571969561,1.531884155,-0.4856155389,0.01581978853,0.7632899527,0.425811849,0,1
909,30300000000,0,0,0.7561852005,-0.8588812668,1.530928352,-0.4859473896,0.01497364905,0.7638550736,0.42444829,0,1
910,30333333333,0,0,0.7562730743,-0.8600327591,1.530625117,-0.4859738336,0.01511743235,0.7645703381,0.4231230252,0,1
911,30366666667,0,0,0.7556159788,-0.8607391806,1.529914271,-0.4858820948,0.01648876911,0.7655581932,0.4213874266,0,1
912,30400000000,0,0,0.755744152,-0.8614587278,1.528892373,-0.4849566686,0.01848138943,0.766951253,0.419834781,0,1
913,30433333333,0,1,0.7561768341,-0.8625385501,1.529651751,-0.4822952356,0.02067884954,0.7691456576,0.4187823399,0,1
914,30466666667,0,0,0.7538882064,-0.864097505,1.530182008,-0.4796988954,0.02306881066,0.7708862266,0.4184390341,0,1
915,30500000000,0,0,0.752224385,-0.8667037652,1.531750047,-0.4780870913,0.02378662705,0.772669826,0.4169511597,0,1
916,30533333333,0,0,0.751637239,-0.8679641131,1.53371061,-0.4778618424,0.02301597378,0.7735232002,0.4156683573,0,1
917,30566666667,0,0,0.750054225,-0.8701852143,1.535135039,-0.4784072112,0.02203442383,0.7736469154,0.4148632,0,1
918,30600000000,0,0,0.7498063102,-0.8719636079,1.536203831,-0.4802379833,0.02112800156,0.7737408592,0.4126138264,0,1
919,30633333333,0,0,0.7508277942,-0.8730301143,1.537672563,-0.4814651991,0.02038369727,0.7739988941,0.4107328558,0,1
920,30666666667,0,0,0.7511313516,-0.874512703,1.539268741,-0.4816324233,0.02018892703,0.7742103596,0.4101474554,0,1
921,30700000000,0,0,0.7501847993,-0.8763745367,1.541658815,-0.4818531256,0.02007825916,0.7745843826,0.4091863427,0,1
922,30733333333,0,0,0.7506263094,-0.8772952201,1.544841004,-0.4822469557,0.01926786533,0.7747400621,0.408465983,0,1
923,30766666667,0,0,0.7493551773,-0.8792707242,1.548028898,-0.4826808256,0.01841320122,0.7743686758,0.408697111,0,1
924,30800000000,0,0,0.7494364464,-0.8812178958,1.550347755,-0.4837735781,0.01591580034,0.7737127583,0.4087522233,0,1
925,30833333333,0,0,0.7503307077,-0.882721375,1.553312233,-0.485119081,0.01373208606,0.7732011609,0.4082044486,0,1
926,30866666667,0,0,0.7505992616,-0.8844394314,1.556481321,-0.4865722168,0.01287994971,0.7725510269,0.4077333632,0,1
927,30900000000,0,0,0.7506305874,-0.8862121766,1.558912403,-0.4878003628,0.01195289491,0.772189941,0.4069774311,0,1
928,30933333333,0,0,0.7521683961,-0.8872088887,1.56292675,-0.4884044718,0.01095547608,0.7723537486,0.4059688861,0,1
929,30966666667,0,0,0.7521294838,-0.8884892382,1.566895722,-0.4889267636,0.01142147461,0.7721998516,0.4056199686,0,1
930,31000000000,0,0,0.7523535625,-0.8901394201,1.570688451,-0.4897643211,0.01158772198,0.7719527691,0.4050747546,0,1
931,31033333333,0,1,0.75457711,-0.8941011821,1.575347048,-0.4907449502,0.01170787501,0.7715236386,0.4047018588,0,1
932,31066666667,0,0,0.7548460428,-0.8961068971,1.580019819,-0.491528104,0.01070351665,0.7707978896,0.4051619074,0,1
933,31100000000,0,0,0.7555206034,-0.8978311261,1.584373032,-0.4928547278,0.008478642874,0.7695633725,0.4059489445,0,1
934,31133333333,0,0,0.7564913586,-0.8990547605,1.589211361,-0.4950591626,0.006549957953,0.7679512362,0.4063550447,0,1
935,31166666667,0,0,0.7575617168,-0.8999124232,1.592954658,-0.4976684375,0.00529768828,0.7659767045,0.4069124586,0,1
936,31200000000,0,0,0.7600238826,-0.8993348015,1.596649099,-0.499681833,0.005465356302,0.7646379513,0.406960685,0,1
937,31233333333,0,0,0.7619536344,-0.8999830732,1.60092552,0.5003065503,-0.00732746693,-0.7635084446,-0.408282401,0,1
938,31266666667,0,0,0.7632875767,-0.9004210087,1.605537588,0.5003008533,-0.008668252332,-0.7624962512,-0.4101504412,0,1
939,31300000000,0,0,0.7647676139,-0.8998324548,1.610660572,0.5001510565,-0.009903272156,-0.7611552395,-0.4127875328,0,1
940,31333333333,0,0,0.765044041,-0.9004840931,1.614699607,0.5002010556,-0.01078072695,-0.7594922287,-0.4157574227,0,1
941,31366666667,0,0,0.7662519976,-0.9004192133,1.619564863,0.5003923998,-0.01101134422,-0.7580443859,-0.4181565563,0,1
942,31400000000,0,0,0.7659775675,-0.9001518879,1.623836286,0.5013786456,-0.01087505737,-0.7562627699,-0.420199726,0,1
943,31433333333,0,1,0.7664390156,-0.8992223219,1.627989607,0.5039053823,-0.01049699029,-0.7543800555,-0.4205709342,0,1
944,31466666667,0,0,0.7670900819,-0.8993392204,1.632223962,0.5071741989,-0.00930236622,-0.75220059,-0.4205735017,0,1
945,31500000000,0,0,0.7689365191,-0.8992657392,1.635941482,0.5114741694,-0.007760652909,-0.7499402572,-0.4194324224,0,1
946,31533333333,0,0,0.7717389216,-0.8987693314,1.63922081,0.5157867854,-0.007135358543,-0.7478488979,-0.4178936523,0,1
947,31566666667,0,0,0.7759790644,-0.8978472926,1.641889626,0.5192929024,-0.0072940807,-0.7460698908,-0.4167270041,0,1
948,31600000000,0,0,0.7808964509,-0.8964413687,1.643631985,0.5210750071,-0.009392155067,-0.7450693863,-0.416250206,0,1
949,31633333333,0,0,0.7855478776,-0.8948098229,1.647051035,0.5208393345,-0.01267487173,-0.7448913315,-0.4167764863,0,1
950,31666666667,0,0,0.7878307539,-0.8948641178,1.650114366,0.5201790865,-0.01663732782,-0.7440337933,-0.4189876271,0,1
951,31700000000,0,0,0.7902132988,-0.8953922089,1.653046253,0.5206282061,-0.01944532434,-0.7427984526,-0.4204980488,0,1
952,31733333333,0,0,0.7928461944,-0.8950081662,1.655777283,0.522280582,-0.02157999744,-0.7409704321,-0.4215686375,0,1
953,31766666667,0,0,0.796095557,-0.8948882204,1.658094599,0.5247628517,-0.02295551563,-0.738761395,-0.4222897051,0,1
954,31800000000,0,0,0.7984942585,-0.8942366709,1.660519558,0.5276719587,-0.02468863441,-0.736281199,-0.4228980625,0,1
955,31833333333,0,0,0.8012244787,-0.8939856157,1.66215514,0.5311206491,-0.02540101658,-0.7335769345,-0.4232381429,0,1
956,31866666667,0,0,0.805875781,-0.8934638441,1.663220769,0.534276796,-0.02511486878,-0.7314307248,-0.4229972144,0,1
957,31900000000,0,1,0.8093427568,-0.8926654056,1.665718768,0.5366046637,-0.02649376957,-0.729811628,-0.4227629392,0,1
958,31933333333,0,0,0.8128476926,-0.8922813401,1.667332481,0.539629839,-0.02906145745,-0.7281870139,-0.4215432853,0,1
959,31966666667,0,0,0.8169958603,-0.8917035072,1.668592349,0.542893628,-0.0323966762,-0.7264109415,-0.4201715222,0,1
960,32000000000,0,0,0.8212841377,-0.8914042325,1.669887642,0.5457456993,-0.03604113097,-0.7247760794,-0.4190015553,0,1
961,32033333333,0,0,0.8248072406,-0.891023242,1.671028409,0.5480666849,-0.03934905146,-0.7231227688,-0.4185307902,0,1
962,32066666667,0,0,0.8290960544,-0.8902908256,1.673142795,0.5499215284,-0.04178144914,-0.7217428687,-0.4182437741,0,1
963,32100000000,0,0,0.8329475215,-0.8895406602,1.674885928,0.5520153362,-0.04446088603,-0.7196696297,-0.4187814732,0,1
964,32133333333,0,0,0.8368103574,-0.8886969567,1.676757882,0.5539232918,-0.04799582857,-0.7178278425,-0.4190329054,0,1
965,32166666667,0,0,0.8393120836,-0.8875583367,1.678375119,0.5560936388,-0.05195489622,-0.7158933998,-0.4189954579,0,1
966,32200000000,0,1,0.8445151001,-0.8862964758,1.681235382,0.5584819551,-0.05628132621,-0.7141957431,-0.4181563806,0,1
967,32233333333,0,0,0.8465938994,-0.88571537,1.683304444,0.5599031911,-0.06068492346,-0.7120970613,-0.4192177618,0,1
968,32266666667,0,0,0.8494202335,-0.88546692,1.68579713,0.5621127776,-0.06455578302,-0.7099848856,-0.4192651169,0,1
969,32300000000,0,0,0.8518672105,-0.8852741872,1.688239023,0.5640881476,-0.06846377532,-0.7079302342,-0.4194663953,0,1
970,32333333333,0,0,0.8536146102,-0.8854611617,1.691313947,0.5657164317,-0.07049622813,-0.7061045743,-0.4200137271,0,1
971,32366666667,0,0,0.8554135078,-0.8861941165,1.69433157,0.5684286264,-0.0710469717,-0.7040763777,-0.4196637688,0,1
972,32400000000,0,0,0.858224678,-0.8866098134,1.697787626,0.5716573268,-0.07095097372,-0.701948346,-0.4188584243,0,1
973,32433333333,0,0,0.8604954025,-0.8873846181,1.701208361,0.5744559271,-0.07194692711,-0.6994723339,-0.419001768,0,1
974,32466666667,0,0,0.8620140295,-0.8880834312,1.704623978,0.5763639737,-0.07180456592,-0.6976192171,-0.419495056,0,1
975,32500000000,0,1,0.8626965101,-0.888593637,1.709918296,0.5773003434,-0.06997400627,-0.6968314809,-0.4198259631,0,1
976,32533333333,0,0,0.8646553507,-0.8906529782,1.713953962,0.5793184156,-0.07013701067,-0.6956377324,-0.4189977546,0,1
977,32566666667,0,0,0.865596873,-0.8922216655,1.717911144,0.5806804458,-0.07049458545,-0.6951006723,-0.4179423269,0,1
978,32600000000,0,0,0.8674558321,-0.8935969991,1.722262053,0.5806469593,-0.06976823978,-0.6954652633,-0.4175039747,0,1
979,32633333333,0,0,0.8679986904,-0.8950252864,1.726176036,0.5794443995,-0.06834664558,-0.696121188,-0.4183159279,0,1
980,32666666667,0,0,0.869906305,-0.8966338867,1.730964828,0.5779940823,-0.06706270402,-0.6974637405,-0.4182938742,0,1
981,32700000000,0,0,0.8711296565,-0.8982437509,1.735840213,0.5762094777,-0.06667427958,-0.6985157595,-0.4190619428,0,1
982,32733333333,0,0,0.8723535435,-0.900012258,1.741453238,0.5737062431,-0.06614677571,-0.699439304,-0.4210349282,0,1
983,32766666667,0,0,0.8724460644,-0.9017927788,1.74731926,0.5709351225,-0.06549123402,-0.6999041839,-0.4241204046,0,1
984,32800000000,0,0,0.8726550471,-0.902832722,1.752181709,0.5690744802,-0.06518129977,-0.6996629937,-0.4270565881,0,1
985,32833333333,0,0,0.8721285501,-0.9037605977,1.756749882,0.5661519272,-0.06477350757,-0.6999115495,-0.4305812477,0,1
986,32866666667,0,1,0.8719511109,-0.9062469934,1.76445236,0.5614958316,-0.06417363047,-0.7014728022,-0.4342120267,0,1
987,32900000000,0,0,0.8716462518,-0.9077469841,1.769189823,0.5577234525,-0.064379438,-0.7025708272,-0.4372574427,0,1
988,32933333333,0,0,0.871880899,-0.9096324621,1.77418928,0.5532041204,-0.06400696528,-0.7041091595,-0.4405662278,0,1
989,32966666667,0,0,0.8716845172,-0.9118680812,1.779536949,0.5480404494,-0.06268930465,-0.7056442975,-0.4447334508,0,1
990,33000000000,0,0,0.8716456732,-0.9138346319,1.785011946,0.5443095267,-0.06123325615,-0.7065811113,-0.4480187056,0,1
991,33033333333,0,0,0.8715642444,-0.9159049198,1.790365803,0.5417065412,-0.0601419712,-0.7068941434,-0.4508188511,0,1
992,33066666667,0,0,0.8718113083,-0.9174419769,1.795766288,0.5393581883,-0.05946199742,-0.7072102707,-0.4532225156,0,1
993,33100000000,0,0,0.8712018508,-0.9186684626,1.801331136,0.5364766142,-0.05962730257,-0.7078018442,-0.4556906588,0,1
994,33133333333,0,0,0.8713963851,-0.9200968856,1.807061398,0.5333987236,-0.06014243949,-0.7086027243,-0.4579856633,0,1
995,33166666667,0,0,0.8704624602,-0.9212279876,1.812440289,0.5314653956,-0.06191445124,-0.7087535406,-0.4597603209,0,1
996,33200000000,0,1,0.8688583619,-0.9216614443,1.819170169,0.5302494925,-0.06458753197,-0.7090016623,-0.4604134764,0,1
997,33233333333,0,0,0.8677268237,-0.9224424802,1.824171352,0.5293620058,-0.06693079718,-0.7086604486,-0.4616237686,0,1
998,33266666667,0,0,0.8674900991,-0.923374205,1.829295781,0.5279956843,-0.06871554354,-0.7086950781,-0.4628714915,0,1
999,33300000000,0,0,0.8671114996,-0.9240913528,1.834357259,0.5259965321,-0.06987835272,-0.7087536898,-0.4648794158,0,1
1000,33333333333,0,0,0.8671883903,-0.9251868282,1.839057237,0.5245118773,-0.07093824308,-0.7084947617,-0.4667871345,0,1
1001,33366666667,0,0,0.866604064,-0.9254988754,1.843491871,0.5231648185,-0.07125577146,-0.7080900677,-0.4688599405,0,1
1002,33400000000,0,0,0.8656614717,-0.9257390652,1.847776781,0.5216637541,-0.07116179578,-0.7080151708,-0.4706563973,0,1
1003,33433333333,0,0,0.8651834973,-0.9265020368,1.852599149,0.5213088851,-0.07265356794,-0.7076967968,-0.4713000627,0,1
1004,33466666667,0,0,0.8644880883,-0.9265800612,1.856371592,0.5218952699,-0.07560232697,-0.7073470909,-0.4707119166,0,1
1005,33500000000,0,0,0.864784539,-0.9267817184,1.860171012,0.5214499126,-0.07859569954,-0.7072175987,-0.4709097288,0,1
1006,33533333333,0,0,0.8642097634,-0.9274382235,1.864176069,0.5209625172,-0.08207847387,-0.7069138678,-0.4713108989,0,1
1007,33566666667,0,1,0.8637118689,-0.9262876339,1.868060022,0.5210247932,-0.08502207994,-0.7061496687,-0.4718655065,0,1
1008,33600000000,0,0,0.8616894705,-0.9265636711,1.871222392,0.5212446831,-0.08619085563,-0.7047680669,-0.4734734297,0,1
1009,33633333333,0,0,0.8602771887,-0.9263272529,1.874139629,0.5220937552,-0.08505647696,-0.7035119659,-0.4746097559,0,1
1010,33666666667,0,0,0.8594351674,-0.9266707522,1.877218073,0.5232902652,-0.08380761674,-0.7022052499,-0.4754485973,0,1
1011,33700000000,0,0,0.8575029861,-0.9271911538,1.879277556,0.5250606231,-0.08344915169,-0.7009227211,-0.4754523322,0,1
1012,33733333333,0,0,0.8567365371,-0.9277864116,1.88151176,0.5263113727,-0.08409263808,-0.7003406121,-0.4748134309,0,1
1013,33766666667,0,0,0.8554248977,-0.9284889089,1.883784044,0.5264947451,-0.08498469692,-0.7000942209,-0.4748146655,0,1
1014,33800000000,0,0,0.8535585044,-0.9289914843,1.886290719,0.5263104552,-0.08516181906,-0.7001227652,-0.4749451368,0,1
1015,33833333333,0,0,0.8524087542,-0.9300437345,1.888594388,0.5265846438,-0.08521736089,-0.7000140913,-0.4747914136,0,1
1016,33866666667,0,0,0.8503483863,-0.9304510379,1.89088614,0.5279740482,-0.08487198886,-0.699269326,-0.4744075881,0,1
1017,33900000000,0,0,0.848921827,-0.9306241414,1.893568457,0.5304890882,-0.08490899208,-0.6981759171,-0.4732041623,0,1
1018,33933333333,0,0,0.8472448501,-0.9300696903,1.895807761,0.5330549493,-0.08595050917,-0.696918882,-0.4719841129,0,1
1019,33966666667,0,0,0.8454790387,-0.9294040971,1.898262358,0.5338885475,-0.08806232461,-0.6964600623,-0.4713294256,0,1
1020,34000000000,0,1,0.843181757,-0.928812189,1.899873132,0.5332347313,-0.09029429518,-0.6962769373,-0.471917459,0,1
1021,34033333333,0,0,0.8393985065,-0.9284948606,1.902054031,0.5320151772,-0.09152321312,-0.6962782449,-0.4730538641,0,1
1022,34066666667,0,0,0.8355799331,-0.9281592439,1.903960369,0.5319280159,-0.09156783643,-0.6962702267,-0.4731550367,0,1
1023,34100000000,0,0,0.8325703493,-0.9290707081,1.906509704,0.5319658613,-0.09137555152,-0.6961380095,-0.4733441695,0,1
1024,34133333333,0,0,0.8286038207,-0.9288885401,1.908012203,0.5320315035,-0.08996456338,-0.6958290263,-0.4739945388,0,1
1025,34166666667,0,0,0.8255390941,-0.9295835699,1.909178721,0.5316559169,-0.08843552439,-0.6956320216,-0.4749918258,0,1
1026,34200000000,0,0,0.8226311593,-0.929681473,1.910945663,0.5307403752,-0.08721866501,-0.6956435103,-0.4762222855,0,1
1027,34233333333,0,0,0.818215941,-0.9297034085,1.91147374,0.5298506217,-0.08599353906,-0.6956012355,-0.4774959174,0,1
1028,34266666667,0,0,0.8155861872,-0.9301223789,1.912302246,0.5284920101,-0.08505454946,-0.6958802792,-0.4787614812,0,1
1029,34300000000,0,0,0.8124344904,-0.9310661794,1.913305982,0.5268074084,-0.08475239453,-0.6961967884,-0.480209348,0,1
1030,34333333333,0,0,0.8090569972,-0.9311806558,1.913617983,0.5255032472,-0.08544493313,-0.6961925382,-0.4815199376,0,1
1031,34366666667,0,0,0.8057678165,-0.9315856023,1.914181584,0.5240326503,-0.08659130869,-0.6965144733,-0.4824513604,0,1
1032,34400000000,0,0,0.8027382495,-0.9320997971,1.91512714,0.5218234582,-0.08784641331,-0.6969996968,-0.4839160142,0,1
1033,34433333333,0,0,0.7980037732,-0.9319727784,1.915300553,0.5190293144,-0.08752354389,-0.6976443066,-0.4860459048,0,1
1034,34466666667,0,0,0.7955552413,-0.9327125471,1.916455955,0.5162980413,-0.0856710454,-0.698605098,-0.487901344,0,1
1035,34500000000,0,0,0.7905318018,-0.9325118225,1.91679966,0.513593589,-0.08351515523,-0.6995094031,-0.4898300104,0,1
1036,34533333333,0,0,0.7875498979,-0.9329485721,1.917520635,0.5119078053,-0.08200821186,-0.7007429748,-0.490086049,0,1
1037,34566666667,0,1,0.785022731,-0.933943134,1.918951282,0.5101663996,-0.08227195009,-0.7023524407,-0.4895534904,0,1
1038,34600000000,0,0,0.7822301631,-0.9351864431,1.919964801,0.5085372653,-0.08235970676,-0.703543427,-0.4895236203,0,1
1039,34633333333,0,0,0.7783031147,-0.9356069657,1.921197388,0.5071940825,-0.08212985493,-0.7043000166,-0.4898676721,0,1
1040,34666666667,0,0,0.7751636353,-0.936780429,1.922501831,0.5059251343,-0.08131255269,-0.7047666172,-0.4906445175,0,1
1041,34700000000,0,0,0.7717184021,-0.9369219182,1.923803791,0.504918585,-0.08025021484,-0.7048331867,-0.4917593969,0,1
1042,34733333333,0,0,0.7676955994,-0.9363973486,1.924691172,0.5048312174,-0.07965102083,-0.7048616856,-0.4919056424,0,1
1043,34766666667,0,0,0.7647752286,-0.9367195994,1.925646568,0.5048009779,-0.08024144167,-0.7053321683,-0.4911657725,0,1
1044,34800000000,0,0,0.7619732437,-0.9366078612,1.926363414,0.5036432872,-0.08140371692,-0.7064413018,-0.4905686102,0,1
1045,34833333333,0,0,0.7598001271,-0.9371716072,1.928324944,0.5018226181,-0.08304180588,-0.7076365167,-0.4904372322,0,1
1046,34866666667,0,0,0.7567822026,-0.9371205252,1.929091638,0.5008467929,-0.08457716494,-0.7081946808,-0.4903666866,0,1
1047,34900000000,0,0,0.7546077589,-0.9374205644,1.930115283,0.5003712276,-0.08595305668,-0.7084306697,-0.49027206,0,1
1048,34933333333,0,0,0.7517785362,-0.937249157,1.931122652,-0.4994998089,0.08583095257,0.7086782143,0.4908239776,0,1
1049,34966666667,0,0,0.7488633932,-0.9371555697,1.931845694,-0.4984221189,0.08476806196,0.7091511112,0.491420867,0,1
1050,35000000000,0,0,0.7462867535,-0.937259596,1.932585681,-0.4981976885,0.0847952383,0.7096047242,0.4909887638,0,1
1051,35033333333,0,0,0.7442759555,-0.9376027805,1.933644248,-0.4978237216,0.08636607244,0.7102514423,0.4901584769,0,1
1052,35066666667,0,0,0.742024467,-0.9370169175,1.934556056,-0.4967592358,0.08860338455,0.7111118848,0.4895912471,0,1
1053,35100000000,0,0,0.7391006234,-0.937010425,1.934779258,-0.4954753246,0.09021641047,0.7121392816,0.4891041255,0,1
1054,35133333333,0,0,0.736744606,-0.937806862,1.935786367,-0.4934978464,0.09080582624,0.7135280715,0.4889702124,0,1
1055,35166666667,0,1,0.734561876,-0.9378168965,1.936813857,-0.4913135491,0.09030105729,0.7149882853,0.4891303175,0,1
1056,35200000000,0,0,0.7325089277,-0.9385421295,1.937723706,-0.4887088215,0.09011185695,0.7166411854,0.4893556502,0,1
1057,35233333333,0,0,0.7308697116,-0.9385970207,1.939054549,-0.4852869874,0.09033532505,0.7185748993,0.4898838464,0,1
1058,35266666667,0,0,0.7285135178,-0.9386447578,1.939853479,-0.4809127082,0.09050207938,0.7206816168,0.491070614,0,1
1059,35300000000,0,0,0.7262276262,-0.9390021502,1.941330566,-0.4758062587,0.09049105178,0.7231175587,0.4924639783,0,1
1060,35333333333,0,0,0.7230839356,-0.939304107,1.942743484,-0.4710756907,0.08994343894,0.7252207664,0.4940169141,0,1
1061,35366666667,0,0,0.7207436919,-0.9404381514,1.944683006,-0.4674770452,0.08965521195,0.7268990695,0.4950200985,0,1
1062,35400000000,0,0,0.7179283736,-0.9416643564,1.946585384,-0.4643256097,0.0899490951,0.7280733023,0.4962057586,0,1
1063,35433333333,0,0,0.7148131028,-0.9425235075,1.948540612,-0.460972555,0.08997421526,0.7293836279,0.4974017164,0,1
1064,35466666667,0,0,0.711835352,-0.9438152357,1.950796302,-0.4567916333,0.08968131487,0.730980425,0.4989652129,0,1
1065,35500000000,0,0,0.708072058,-0.9444501249,1.952425999,-0.4521713223,0.08796136912,0.7329118122,0.5006437539,0,1
1066,35533333333,0,0,0.7054566672,-0.9465073546,1.954850962,-0.4471171558,0.08509592486,0.7351459039,0.5023996741,0,1
1067,35566666667,0,0,0.7022680247,-0.9475515513,1.956743895,-0.4434357124,0.08225750084,0.7370096729,0.5034036298,0,1
1068,35600000000,0,0,0.6996169592,-0.9498395425,1.959829464,-0.4405323777,0.08090458332,0.7391794036,0.5029905385,0,1
1069,35633333333,0,0,0.6978163057,-0.9521636567,1.963015171,-0.4371270095,0.08069614688,0.7413546866,0.5027935342,0,1
1070,35666666667,0,0,0.6950390405,-0.9553307215,1.966966351,-0.4323633268,0.08220429991,0.7433089296,0.5037819389,0,1
1071,35700000000,0,1,0.6919790414,-0.9578891022,1.970548756,-0.427822135,0.0832090566,0.7447141102,0.5054160344,0,1
1072,35733333333,0,0,0.6883971874,-0.9604606794,1.973934918,-0.4231550047,0.08174800964,0.7461281476,0.5074937361,0,1
1073,35766666667,0,0,0.6850563156,-0.9630980674,1.977464209,-0.41867694,0.07736429294,0.7472228235,0.5102768249,0,1
1074,35800000000,0,0,0.6815081512,-0.9658158214,1.981103657,-0.4157888755,0.07346543089,0.7477988438,0.5123664027,0,1
1075,35833333333,0,0,0.6792544135,-0.968283599,1.985772626,-0.4143862475,0.07187467708,0.7484851328,0.5127261205,0,1
1076,35866666667,0,0,0.6766267043,-0.9708583817,1.990077572,-0.4120694419,0.07230011249,0.7492372199,0.5134345695,0,1
1077,35900000000,0,0,0.6740431918,-0.9729285283,1.994647283,-0.4084636276,0.07254795798,0.7503563335,0.5146451511,0,1
1078,35933333333,0,0,0.6714551605,-0.9754360362,1.998682746,-0.4045958819,0.0724490938,0.7511121304,0.5166080417,0,1
1079,35966666667,0,0,0.6680051121,-0.9776357814,2.002586128,-0.4016404951,0.07192638676,0.75167652,0.5181639865,0,1
1080,36000000000,0,0,0.6656896925,-0.9803838158,2.006828849,-0.3993105452,0.07086399059,0.7519682827,0.5196855638,0,1
1081,36033333333,0,1,0.6628817101,-0.9818193461,2.011995042,-0.397302227,0.07047969459,0.7523471285,0.5207277132,0,1
1082,36066666667,0,0,0.6609489102,-0.9839306728,2.015852546,-0.395143022,0.07104503752,0.752346789,0.5222919718,0,1
1083,36100000000,0,0,0.6587441928,-0.985105938,2.020499516,-0.3922686401,0.0727569102,0.7526189712,0.5238286267,0,1
1084,36133333333,0,0,0.6563181489,-0.9870311921,2.024290767,-0.3889104171,0.07361711703,0.7529789408,0.525691851,0,1
1085,36166666667,0,0,0.6535034273,-0.9891065751,2.028125153,-0.3856981622,0.07273052781,0.7533068467,0.5277082458,0,1
1086,36200000000,0,0,0.6514667869,-0.9913369503,2.03243975,-0.3839231888,0.07076497787,0.7534947005,0.5290000372,0,1
1087,36233333333,0,0,0.6492550998,-0.9930357145,2.036565463,-0.3834843752,0.06954084023,0.7534248944,0.5295797712,0,1
1088,36266666667,0,0,0.6476585983,-0.9942569342,2.040688572,-0.3839966374,0.07031562764,0.7535002864,0.5289986894,0,1
1089,36300000000,0,0,0.6463932281,-0.9958511294,2.044555901,-0.3830527461,0.07158758131,0.754075014,0.5286933754,0,1
1090,36333333333,0,0,0.6448699652,-0.9977720297,2.048373234,-0.3815078098,0.07285434511,0.7544889163,0.5290467944,0,1
1091,36366666667,0,0,0.6430358869,-0.99905032,2.051744781,-0.3804641558,0.07357068155,0.7550046206,0.5289635185,0,1
1092,36400000000,0,1,0.6407510411,-1.000620895,2.05735058,-0.3790035655,0.07378381215,0.7557760639,0.5288806932,0,1
1093,36433333333,0,0,0.6391126941,-1.00198914,2.060180021,-0.3782414469,0.07376586962,0.7559221178,0.5292199506,0,1
1094,36466666667,0,0,0.6378303716,-1.003131824,2.063359518,-0.3777054689,0.07436252119,0.7561534223,0.5291888096,0,1
1095,36500000000,0,0,0.6367699217,-1.004012344,2.065685755,-0.3770500779,0.07473970374,0.7565014702,0.5291056049,0,1
1096,36533333333,0,0,0.6354594623,-1.004976876,2.068000065,-0.3756871415,0.07480329567,0.7571860218,0.5290869182,0,1
1097,36566666667,0,0,0.634581453,-1.00618602,2.070234051,-0.3744992958,0.07511829977,0.7580635101,0.5286276885,0,1
1098,36600000000,0,0,0.6335974672,-1.007347661,2.0725396,-0.373414493,0.0760011912,0.7589090825,0.5280553379,0,1
1099,36633333333,0,0,0.6323969695,-1.008270081,2.074860094,-0.3719409682,0.07678030531,0.7598126748,0.5276830489,0,1
1100,36666666667,0,0,0.630690193,-1.009007932,2.076288146,-0.3708808131,0.07722314409,0.7602906847,0.5276761158,0,1
1101,36700000000,0,0,0.6292194257,-1.010626515,2.078763273,-0.3706374647,0.07761284476,0.7606693586,0.527244007,0,1
1102,36733333333,0,0,0.6278906703,-1.011033109,2.08030464,-0.3717833143,0.07825790298,0.7604061808,0.5267212812,0,1
1103,36766666667,0,0,0.6260822112,-1.011402626,2.081260948,-0.3724383197,0.07854226964,0.7605006119,0.5260794893,0,1
1104,36800000000,0,0,0.6248519341,-1.011488384,2.082470972,-0.3715938818,0.07780960262,0.7612795734,0.5256586952,0,1
1105,36833333333,0,0,0.6239331255,-1.012182694,2.08391257,-0.3703451134,0.0773420112,0.7624067154,0.5249749619,0,1
1106,36866666667,0,0,0.6223663634,-1.013666296,2.085271281,-0.3694881607,0.07785351065,0.7627640085,0.5249841877,0,1
1107,36900000000,0,0,0.620117653,-1.014062045,2.086324123,-0.3695883133,0.07805132506,0.7626496515,0.5250504531,0,1
1108,36933333333,0,0,0.6183531481,-1.014544594,2.087778045,-0.3700590339,0.07840455918,0.7624350794,0.5249778911,0,1
1109,36966666667,0,0,0.6161938848,-1.014720481,2.088453863,-0.3710060549,0.07933772642,0.7617628874,0.5251450617,0,1
1110,37000000000,0,0,0.614388848,-1.014532466,2.089302028,-0.371816668,0.0796068817,0.7613707788,0.5250996544,0,1
1111,37033333333,0,0,0.6123646066,-1.014071124,2.089649331,-0.3720758118,0.07928845477,0.7611374689,0.5253024697,0,1
1112,37066666667,0,1,0.6092963931,-1.014061268,2.091252439,-0.3715538247,0.0784391539,0.7612986784,0.5255657682,0,1
1113,37100000000,0,0,0.6078249803,-1.01405663,2.091768799,-0.3720389497,0.07793543645,0.7613496167,0.5252236179,0,1
1114,37133333333,0,0,0.6066191427,-1.014320237,2.092572462,-0.3724815318,0.07853833712,0.7612751021,0.5249280493,0,1
1115,37166666667,0,0,0.6054794719,-1.014231388,2.092722351,-0.3723287854,0.07894549696,0.7612977442,0.5249425004,0,1
1116,37200000000,0,0,0.6037487809,-1.013868828,2.093129149,-0.3712992156,0.07875822782,0.7616056523,0.5252531431,0,1
1117,37233333333,0,0,0.6018126394,-1.013874711,2.093313453,-0.3703715267,0.07748475081,0.7618444003,0.5257510393,0,1
1118,37266666667,0,0,0.5996292997,-1.013645805,2.093357051,-0.3697422734,0.07574189262,0.7622445777,0.5258678739,0,1
1119,37300000000,0,0,0.5980043874,-1.013634955,2.093954169,-0.3693315846,0.07458828836,0.7629435802,0.525307397,0,1
1120,37333333333,0,0,0.5964142747,-1.01382677,2.094529005,-0.368982575,0.07477373332,0.7634249706,0.5248266976,0,1
1121,37366666667,0,0,0.5947916025,-1.01424767,2.094965222,-0.3685288713,0.07559792124,0.7636602769,0.5246850549,0,1
1122,37400000000,0,0,0.5929816287,-1.0146353,2.095599005,-0.367639627,0.07615910469,0.7636607328,0.5252267896,0,1
1123,37433333333,0,0,0.5909989521,-1.01402882,2.096420922,-0.3669594809,0.07633311305,0.7634885171,0.5259270667,0,1
1124,37466666667,0,0,0.5888392391,-1.014598064,2.096986002,-0.3659173579,0.07679727178,0.763141834,0.5270874761,0,1
1125,37500000000,0,0,0.5868682698,-1.014165875,2.097306739,-0.3642784415,0.07584983928,0.7627744726,0.5288885732,0,1
1126,37533333333,0,0,0.5848438014,-1.014531291,2.098280715,-0.3624869149,0.07432979124,0.7623093065,0.5310017325,0,1
1127,37566666667,0,0,0.5827110802,-1.013892086,2.099050809,-0.3615054482,0.07307104657,0.7617627458,0.5326274046,0,1
1128,37600000000,0,0,0.5796360575,-1.013858637,2.09971397,-0.360483858,0.07209148617,0.7611948217,0.5342627155,0,1
1129,37633333333,0,0,0.5774120697,-1.014094575,2.100895745,-0.35962953,0.07116692775,0.7607031766,0.5356608504,0,1
1130,37666666667,0,0,0.5749204919,-1.014089343,2.10168199,-0.3591141078,0.07062211358,0.7601244153,0.5368989178,0,1
1131,37700000000,0,0,0.572575229,-1.014572561,2.103817832,-0.3585073421,0.07090709838,0.7599918878,0.5374541837,0,1
1132,37733333333,0,1,0.5703016928,-1.015551228,2.104563239,-0.3574976893,0.07147204498,0.7594473597,0.5388198742,0,1
1133,37766666667,0,0,0.5681197105,-1.015912308,2.10595066,-0.3557218683,0.0722910113,0.7590184748,0.540487666,0,1
1134,37800000000,0,0,0.5659131814,-1.016188996,2.106947784,-0.353451596,0.07168584191,0.7585228467,0.5427487451,0,1
1135,37833333333,0,0,0.5634875999,-1.016073977,2.108341695,-0.3510034963,0.07028506242,0.7583528209,0.544754582,0,1
1136,37866666667,0,0,0.5617695628,-1.017756053,2.110930357,-0.347840516,0.0697667971,0.7581931389,0.5470673939,0,1
1137,37900000000,0,0,0.5589591622,-1.017022762,2.112071112,-0.3446685749,0.06920079973,0.7574853238,0.5501189027,0,1
1138,37933333333,0,0,0.5555873798,-1.016960279,2.113618093,-0.3421961619,0.06913209759,0.7570123332,0.5523177232,0,1
1139,37966666667,0,0,0.5521672978,-1.01750251,2.1156686,-0.3404975374,0.06968725168,0.7567031401,0.5537196689,0,1
1140,38000000000,0,0,0.5488880061,-1.017193108,2.117118036,-0.3404020305,0.07048301916,0.7562248484,0.5543307499,0,1
1141,38033333333,0,0,0.5455927574,-1.017792577,2.11907006,-0.3402668996,0.07095154248,0.7563202923,0.5542237193,0,1
1142,38066666667,0,0,0.5421417778,-1.019019357,2.121010276,-0.3390470555,0.07050638148,0.7565838864,0.5546681595,0,1
1143,38100000000,0,0,0.5389957953,-1.02085187,2.123628694,-0.3372822968,0.06914060893,0.7571373862,0.5551605235,0,1
1144,38133333333,0,1,0.5360758894,-1.022385421,2.125001407,-0.3360273246,0.0674637419,0.7567015594,0.5567198852,0,1
1145,38166666667,0,0,0.5320330781,-1.02370732,2.126514848,-0.335638574,0.0645216195,0.7559362633,0.5583404643,0,1
1146,38200000000,0,0,0.5282531767,-1.025139744,2.129180879,-0.3366222644,0.06155629759,0.7555232169,0.5586420518,0,1
1147,38233333333,0,0,0.5248079828,-1.026475409,2.130810901,-0.3386638527,0.06033188302,0.7549381491,0.558332562,0,1
1148,38266666667,0,0,0.5215015339,-1.028239787,2.133281912,-0.3391888653,0.06068158362,0.7551721266,0.5576591417,0,1
1149,38300000000,0,0,0.517963443,-1.029639173,2.134875878,-0.338119048,0.06086604098,0.755640475,0.5576542898,0,1
1150,38333333333,0,0,0.5143898572,-1.03159269,2.136143576,-0.3367634871,0.05976592126,0.7563394492,0.5576459683,0,1
1151,38366666667,0,0,0.5103387355,-1.033321601,2.136958033,-0.3358566702,0.05698131949,0.7568208141,0.5578312304,0,1
1152,38400000000,0,0,0.5065862817,-1.035671916,2.137904964,-0.3362701775,0.05323709381,0.7575216895,0.5570000624,0,1
1153,38433333333,0,0,0.502714165,-1.036873544,2.139391333,-0.3370870182,0.05002914928,0.7586365797,0.5552836809,0,1
1154,38466666667,0,0,0.4998547384,-1.039001413,2.141180485,-0.3378282666,0.04885625521,0.7600981792,0.5529338899,0,1
1155,38500000000,0,0,0.4971941252,-1.040298274,2.142652689,-0.3378832316,0.04966081174,0.7613888163,0.5510497219,0,1
1156,38533333333,0,0,0.4945895995,-1.041286889,2.142427215,-0.3364501262,0.04981620269,0.7629655913,0.5497300838,0,1
1157,38566666667,0,0,0.4922195966,-1.042261744,2.141517908,-0.3337176636,0.04832426496,0.7650749711,0.5485960034,0,1
1158,38600000000,0,1,0.4917028138,-1.042059049,2.13965453,-0.3312211828,0.04499472498,0.7671252695,0.5475279205,0,1
1159,38633333333,0,0,0.4898899803,-1.043122684,2.138529105,-0.3291169342,0.04289586093,0.7690264993,0.5462968352,0,1
1160,38666666667,0,0,0.4881992506,-1.043580137,2.137265384,-0.3285413928,0.04169309889,0.7707242198,0.5443403492,0,1
1161,38700000000,0,0,0.4873876921,-1.046054954,2.137569127,-0.3273012173,0.04206445604,0.7727212455,0.5422235438,0,1
1162,38733333333,0,0,0.48654179,-1.045085721,2.135944502,-0.3253754182,0.04441922621,0.7741085704,0.5412150135,0,1
1163,38766666667,0,0,0.4858849452,-1.042553176,2.133537252,-0.3226485855,0.04912349563,0.7768452998,0.5385129086,0,1
1164,38800000000,0,1,0.4854127159,-1.044061057,2.132007392,-0.3162062245,0.05476001605,0.7799310828,0.5373290149,0,1
1165,38833333333,0,0,0.4823288955,-1.045588064,2.12754976,-0.3096759599,0.0574782166,0.7826329149,0.53691971,0,1
1166,38866666667,0,0,0.4799788518,-1.049172602,2.12477525,-0.3058290749,0.05831980525,0.7852648378,0.5351882957,0,1
1167,38900000000,0,0,0.4776895863,-1.052023892,2.121702429,-0.3035703791,0.05759148107,0.7873224511,0.5335275103,0,1
1168,38933333333,0,0,0.4753859848,-1.05487757,2.118044465,-0.3017490119,0.05524020133,0.7896014952,0.5314372331,0,1
1169,38966666667,0,0,0.4738443244,-1.057792522,2.114829561,-0.2997523353,0.05156345825,0.791949454,0.5294391462,0,1
1170,39000000000,0,0,0.4720896864,-1.060152926,2.111561611,-0.2976104913,0.04708358892,0.794603289,0.5270832423,0,1
1171,39033333333,0,0,0.4706845454,-1.064108053,2.108473403,-0.2956116144,0.04364614814,0.7970103577,0.5248650082,0,1
1172,39066666667,0,0,0.469838203,-1.068135888,2.107294885,-0.2919436224,0.04134353225,0.7993375426,0.5235638707,0,1
1173,39100000000,0,0,0.4686995269,-1.070718292,2.105149004,-0.2865959029,0.04020345867,0.800895099,0.5242265835,0,1
1174,39133333333,0,1,0.4685645725,-1.071158327,2.105372004,-0.2810911906,0.04075591185,0.803170102,0.5236835737,0,1
1175,39166666667,0,0,0.4660479184,-1.073748012,2.101167874,-0.27523191,0.04297828893,0.8048773661,0.5239968397,0,1
1176,39200000000,0,0,0.4626417004,-1.077574845,2.098207692,-0.2689191779,0.04227593564,0.8064566013,0.5249028208,0,1
1177,39233333333,0,0,0.4599277371,-1.080913267,2.095935152,-0.2647379701,0.04050059555,0.8073874784,0.5257365963,0,1
1178,39266666667,0,0,0.4561436558,-1.080894549,2.092212353,-0.2637268335,0.04003326468,0.8079709733,0.5253840512,0,1
1179,39300000000,0,0,0.4532902907,-1.083582507,2.090368003,-0.2636736391,0.04020035093,0.8094363709,0.5231375586,0,1
1180,39333333333,0,0,0.4508365599,-1.087074886,2.090226933,-0.260896009,0.03903103275,0.8106847165,0.522685509,0,1
1181,39366666667,0,0,0.4474283645,-1.089495257,2.087612921,-0.2576350284,0.03777760438,0.8107429733,0.5243022754,0,1
1182,39400000000,0,0,0.4443067326,-1.090955756,2.085707019,-0.2552740575,0.03852151338,0.811167454,0.524746234,0,1
1183,39433333333,0,0,0.4413491517,-1.096369344,2.085802086,-0.2505507475,0.04097354451,0.8116546448,0.5260819604,0,1
1184,39466666667,0,1,0.4412722474,-1.104373581,2.090181686,-0.2440256043,0.04210845149,0.8110930139,0.5299117904,0,1
1185,39500000000,0,0,0.4361828984,-1.105295338,2.086206452,-0.2363307014,0.04042544225,0.8079686563,0.5382380827,0,1
1186,39533333333,0,0,0.4292807573,-1.101993185,2.07792259,-0.2316827307,0.03797199412,0.8063901067,0.542785626,0,1
1187,39566666667,0,0,0.423932397,-1.105906245,2.074364685,-0.2295163716,0.03712560468,0.8070512922,0.5427818497,0,1
1188,39600000000,0,0,0.4178727214,-1.111009547,2.070839401,-0.2281604043,0.03524124226,0.8072970763,0.5431135382,0,1
1189,39633333333,0,0,0.4138824911,-1.110692027,2.06643186,-0.2293414552,0.03186782976,0.8087943236,0.5405910474,0,1
1190,39666666667,0,1,0.410845284,-1.11897627,2.069504395,-0.2290231499,0.03318627281,0.8117099788,0.5362592455,0,1
1191,39700000000,0,0,0.4061581659,-1.123413,2.068007835,-0.2256454184,0.0312249209,0.8127201766,0.5362789051,0,1
1192,39733333333,0,0,0.4019707308,-1.125539421,2.064551904,-0.2234296337,0.02974202862,0.8138762641,0.5355371483,0,1
1193,39766666667,0,0,0.3982787828,-1.131184064,2.064097815,-0.2201540676,0.03050311616,0.8155297251,0.5343341781,0,1
1194,39800000000,0,0,0.3932345132,-1.1335787,2.060502316,-0.2170208977,0.03093249643,0.8164847437,0.5341327307,0,1
1195,39833333333,0,0,0.3887077643,-1.138388744,2.058839024,-0.2154763969,0.03159958487,0.8177201366,0.5328275207,0,1
1196,39866666667,0,0,0.3837964161,-1.143558687,2.057483656,-0.2143440064,0.03187364421,0.8185806288,0.5319459294,0,1
1197,39900000000,0,0,0.3791151719,-1.147611368,2.056661188,-0.2128786565,0.03183841922,0.8188625952,0.532102474,0,1
1198,39933333333,0,0,0.3758132753,-1.151553572,2.05540442,-0.2103995821,0.03206847598,0.8186768664,0.5333589946,0,1
1199,39966666667,0,1,0.3730278093,-1.15638099,2.055603116,-0.2075687602,0.03178816881,0.8183662825,0.5349592039,0,1
1200,40000000000,0,0,0.3695897158,-1.159233909,2.053904166,-0.2042655922,0.03232256209,0.8176262384,0.5373249985,0,1
1201,40033333333,0,0,0.3655065617,-1.160522827,2.052100345,-0.2007002801,0.03369485557,0.8172738041,0.5391174115,0,1
1202,40066666667,0,0,0.362039139,-1.166117859,2.052194868,-0.1963153004,0.0350635544,0.8168618584,0.5412647728,0,1
1203,40100000000,0,0,0.357752593,-1.166445924,2.050069056,-0.1922192792,0.03472256503,0.8154576447,0.5448622963,0,1
1204,40133333333,0,0,0.3536445981,-1.167090477,2.046697001,-0.1892576082,0.03270747704,0.8151362663,0.5465021921,0,1
1205,40166666667,0,0,0.34988549,-1.170284489,2.045729987,-0.187794219,0.03021988338,0.8150641225,0.5472573126,0,1
1206,40200000000,0,0,0.3456752709,-1.172240465,2.042688872,-0.1890896035,0.02777771702,0.8148221659,0.547300976,0,1
1207,40233333333,0,1,0.3430642854,-1.177503602,2.043084605,-0.1916568485,0.02593957539,0.8156648399,0.545239085,0,1
1208,40266666667,0,0,0.3405507976,-1.180874949,2.042478447,-0.1935792892,0.02342462969,0.8159598655,0.5442314245,0,1
1209,40300000000,0,0,0.3382498517,-1.185319516,2.042567703,-0.1945398335,0.02034788614,0.8163114133,0.5434849521,0,1
1210,40333333333,0,0,0.3363633814,-1.189686817,2.042754944,-0.1941353868,0.01762577804,0.8162313134,0.5438448552,0,1
1211,40366666667,0,0,0.3340614257,-1.192723806,2.041341549,-0.1931738835,0.01631551452,0.8160369175,0.5445194248,0,1
1212,40400000000,0,0,0.3320090031,-1.196504754,2.040598986,-0.1924093324,0.01723772282,0.8159448729,0.5448995082,0,1
1213,40433333333,0,0,0.3308583731,-1.198861628,2.040356062,-0.1917564988,0.01957736302,0.8162517898,0.5445908443,0,1
1214,40466666667,0,1,0.3306086739,-1.200381665,2.042349942,-0.1887718668,0.02473355402,0.8169266026,0.5444119393,0,1
1215,40500000000,0,0,0.3277462964,-1.201339781,2.040137984,-0.1822068877,0.02908759497,0.8170427049,0.5462561489,0,1
1216,40533333333,0,0,0.3244720227,-1.205352592,2.038947494,-0.1756032415,0.03193370852,0.8179797522,0.5468572618,0,1
1217,40566666667,0,0,0.3190900453,-1.208864057,2.036818086,-0.1708368135,0.03215026856,0.8183724369,0.5477660978,0,1
1218,40600000000,0,0,0.3133452278,-1.213718361,2.033329263,-0.1713611725,0.02958547924,0.8184958954,0.5475623409,0,1
1219,40633333333,0,0,0.3099092965,-1.218332239,2.032131202,-0.1762503426,0.02648275427,0.8191860507,0.5451318142,0,1
1220,40666666667,0,1,0.3075083091,-1.225749891,2.032031186,-0.182069819,0.02475195415,0.8193707654,0.5430188492,0,1
1221,40700000000,0,0,0.3061922975,-1.228769891,2.030439043,-0.1871545437,0.02279075505,0.8195488613,0.5411038922,0,1
1222,40733333333,0,0,0.3055305829,-1.232291565,2.029771743,-0.1904025751,0.02204039617,0.820669583,0.538295937,0,1
1223,40766666667,0,0,0.3042839214,-1.235385355,2.03007449,-0.1910243828,0.0216378304,0.8218343281,0.536311315,0,1
1224,40800000000,0,0,0.3025118651,-1.237570057,2.027809153,-0.1908754367,0.02092073935,0.8226294335,0.5351725942,0,1
1225,40833333333,0,0,0.2997883309,-1.241531158,2.027328075,-0.1905676219,0.0206450831,0.8239067569,0.5333248709,0,1
1226,40866666667,0,0,0.2982051707,-1.244964909,2.026704651,-0.1911813812,0.0191409136,0.8247080947,0.5319209184,0,1
1227,40900000000,0,0,0.2966477452,-1.247750936,2.026255558,-0.191306388,0.01710652802,0.8255400297,0.5306532691,0,1
1228,40933333333,0,0,0.2945723114,-1.249799971,2.024623184,-0.1916443144,0.0144631998,0.8264465958,0.5291968414,0,1
1229,40966666667,0,0,0.294447313,-1.252162019,2.02437957,-0.1929843796,0.01254962453,0.8278974434,0.5264839593,0,1
1230,41000000000,0,0,0.2948495356,-1.253191336,2.023464121,-0.1930574128,0.01165877089,0.829288654,0.5242835462,0,1
1231,41033333333,0,1,0.2938473395,-1.25621574,2.02423126,-0.1914102617,0.01247602895,0.8317212222,0.5210050566,0,1
1232,41066666667,0,0,0.2927606258,-1.258112394,2.023259306,-0.1890249399,0.01400127237,0.8336919402,0.5186822585,0,1
1233,41100000000,0,0,0.2910965451,-1.260179976,2.021383069,-0.187162932,0.01511154138,0.8363184299,0.5150855871,0,1
1234,41133333333,0,0,0.2901783114,-1.262545727,2.019866322,-0.1856162532,0.01568206977,0.8396860126,0.5101255527,0,1
1235,41166666667,0,0,0.2886614324,-1.265593056,2.018545387,-0.184067942,0.01686709462,0.8434766092,0.5043626706,0,1
1236,41200000000,0,0,0.287198447,-1.268803772,2.018290911,-0.1834775733,0.0178502953,0.8474355543,0.4978657735,0,1
1237,41233333333,0,0,0.2867514674,-1.272636112,2.020675792,-0.1832308988,0.01862587722,0.8507885825,0.4921771046,0,1
1238,41266666667,0,0,0.2859159969,-1.275692454,2.02148544,-0.1828118936,0.01873134017,0.8526191028,0.4891519334,0,1
1239,41300000000,0,1,0.2836290506,-1.277537256,2.019473779,-0.1825326194,0.01637734288,0.8535799895,0.487662616,0,1
1240,41333333333,0,0,0.2827873693,-1.279303087,2.018178865,-0.1849566673,0.01436094649,0.8545555313,0.4850975554,0,1
1241,41366666667,0,0,0.2838305299,-1.280216377,2.018948832,-0.1882891053,0.01387302125,0.8551916369,0.482702824,0,1
1242,41400000000,0,0,0.2832653499,-1.281393304,2.017503675,-0.1897404059,0.01331540276,0.8552399819,0.4820641573,0,1
1243,41433333333,0,0,0.2826396954,-1.282148922,2.017128675,-0.1909167322,0.01258048324,0.855617688,0.4809479232,0,1
1244,41466666667,0,0,0.2816585812,-1.28247099,2.015322756,-0.1926342895,0.01192888964,0.8554700884,0.4805420481,0,1
1245,41500000000,0,0,0.2812826879,-1.283224836,2.013030295,-0.1947909954,0.0116507848,0.8560048085,0.4787238193,0,1
1246,41533333333,0,0,0.2807659573,-1.284494696,2.012480896,-0.1962266082,0.01202169394,0.856829103,0.4766492268,0,1
1247,41566666667,0,0,0.2797178605,-1.284859528,2.011258657,-0.1970082989,0.0112808771,0.857913192,0.4743895308,0,1
1248,41600000000,0,0,0.2796134861,-1.286220744,2.01019601,-0.1975732157,0.009636877707,0.8585856772,0.4729720815,0,1
1249,41633333333,0,0,0.278387361,-1.287411855,2.008202036,-0.1976312797,0.008209153264,0.8593476313,0.4715889478,0,1
1250,41666666667,0,0,0.2769866269,-1.288553504,2.006744732,-0.1984117111,0.006805463687,0.8604124807,0.4693365973,0,1
1251,41700000000,0,0,0.2762004372,-1.290066267,2.004095831,-0.2001065882,0.005924185048,0.8609248944,0.4676864158,0,1
1252,41733333333,0,0,0.2761867797,-1.291977499,2.001878008,-0.2017996725,0.006497572254,0.8621852178,0.4646195475,0,1
1253,41766666667,0,0,0.2758201311,-1.295155567,1.999787909,-0.2026003685,0.0082477464,0.8636719649,0.4614713451,0,1
1254,41800000000,0,0,0.2730566325,-1.296649287,1.998263342,-0.2025010699,0.008665917857,0.8653584571,0.4583371676,0,1
1255,41833333333,0,1,0.2690605375,-1.299959264,1.994582368,-0.2043310663,0.006865709892,0.8662305535,0.4559016402,0,1
1256,41866666667,0,0,0.2685399654,-1.300807104,1.99484646,-0.2085053809,0.005177778283,0.8667970263,0.4529476923,0,1
1257,41900000000,0,0,0.2675101115,-1.301618097,1.994268294,-0.2118896467,0.002210911111,0.8667742408,0.4514424713,0,1
1258,41933333333,0,0,0.2682354562,-1.301688331,1.992551054,-0.2150147836,-0.0004487443894,0.8665507888,0.4503977929,0,1
1259,41966666667,0,0,0.2686753568,-1.301282198,1.992522238,-0.2165537642,-0.001043737698,0.8669419394,0.4489042788,0,1
1260,42000000000,0,0,0.2689672218,-1.300173901,1.993335498,-0.2167779564,-0.0009330577067,0.8669042165,0.448869164,0,1
1261,42033333333,0,0,0.2676778538,-1.299445385,1.992057155,-0.2166734356,-0.001515866287,0.8662343042,0.4502093454,0,1
1262,42066666667,0,0,0.2666767797,-1.297313396,1.9919634,-0.217358556,-0.002361623966,0.865701292,0.4509001596,0,1
1263,42100000000,0,0,0.2678535683,-1.295631656,1.992577104,-0.2178819117,-0.002052154302,0.8651056489,0.4517914092,0,1
1264,42133333333,0,0,0.2686871422,-1.292007587,1.993653305,-0.2173653746,0.0002952366349,0.8645728068,0.4530629852,0,1
1265,42166666667,0,0,0.2681516042,-1.28901385,1.994391948,-0.2145693691,0.001113834724,0.8640847918,0.4553199071,0,1
1266,42200000000,0,0,0.2671736172,-1.286535085,1.995330871,-0.211714548,-0.0005708537382,0.8629905612,0.4587198661,0,1
1267,42233333333,0,0,0.2653445786,-1.283607699,1.994686113,-0.2098482355,-0.0032697332,0.8617083197,0.4619651488,0,1
1268,42266666667,0,0,0.2644529749,-1.280897541,1.99666796,-0.2088487045,-0.006914777383,0.8605061117,0.4646112743,0,1
1269,42300000000,0,0,0.2633659004,-1.277711152,1.99631072,-0.2087211891,-0.01112515304,0.8587906282,0.4677503107,0,1
1270,42333333333,0,0,0.263589982,-1.274950278,1.997831846,-0.2086980143,-0.01490354829,0.8579646402,0.4691691584,0,1
1271,42366666667,0,0,0.2645026496,-1.271544156,2.000208402,-0.2075982537,-0.01608351735,0.8575388643,0.470394921,0,1
1272,42400000000,0,0,0.2636665665,-1.268173968,2.001772541,-0.2051811744,-0.0151179248,0.856982534,0.4724966353,0,1
1273,42433333333,0,0,0.2623666993,-1.265683995,2.003516644,-0.2016711294,-0.01415751733,0.8568255149,0.4743188351,0,1
1274,42466666667,0,0,0.2599137451,-1.262936098,2.005277195,-0.1980358942,-0.01437006794,0.8566640833,0.4761322654,0,1
1275,42500000000,0,1,0.2575859906,-1.261460335,2.008672072,-0.1960660684,-0.01448954481,0.8566819498,0.476911089,0,1
1276,42533333333,0,0,0.2550985287,-1.260000251,2.010908334,-0.1946489304,-0.01511561665,0.8561539821,0.4784178831,0,1
1277,42566666667,0,0,0.2540704436,-1.258127522,2.013531598,-0.1937175562,-0.0157589899,0.8563694375,0.4783895371,0,1
1278,42600000000,0,0,0.2540723574,-1.254933201,2.018456058,-0.1913703994,-0.01565507433,0.8564401132,0.4792104146,0,1
1279,42633333333,0,0,0.2513476108,-1.25289921,2.020541159,-0.1875792138,-0.01564618423,0.8559584593,0.481564483,0,1
1280,42666666667,0,0,0.2477515856,-1.251881859,2.022160255,-0.1847220487,-0.01626040035,0.8553291163,0.4837617873,0,1
1281,42700000000,0,0,0.2445665742,-1.250778746,2.02434194,-0.1839014023,-0.01822601469,0.8551442835,0.4843308178,0,1
1282,42733333333,0,0,0.2435924812,-1.249611513,2.028701362,-0.1827426433,-0.02005357348,0.8553411199,0.4843496145,0,1
1283,42766666667,0,0,0.2418502497,-1.249090937,2.032414113,-0.1798799823,-0.02104165641,0.8553355975,0.4853879442,0,1
1284,42800000000,0,0,0.2401478922,-1.248162874,2.035359837,-0.1766555833,-0.02173194379,0.8552678648,0.4866594362,0,1
1285,42833333333,0,0,0.2376316112,-1.247179917,2.038859448,-0.1733472239,-0.02222041404,0.8553138809,0.4877449726,0,1
1286,42866666667,0,0,0.2355066737,-1.246537338,2.042455709,-0.1703770184,-0.02218574848,0.8553913064,0.4886565021,0,1
1287,42900000000,0,0,0.2333531559,-1.245987239,2.045712041,-0.1674478375,-0.02121947978,0.8552551759,0.489948507,0,1
1288,42933333333,0,0,0.2308477618,-1.245349916,2.048362922,-0.1648860137,-0.01999296089,0.8551140115,0.4911139495,0,1
1289,42966666667,0,1,0.22593402,-1.244369618,2.055556131,-0.1616694996,-0.01717504966,0.8557244742,0.4912266429,0,1
1290,43000000000,0,0,0.222999439,-1.243458816,2.058132265,-0.1592478605,-0.01494702868,0.8556022947,0.4923021618,0,1
1291,43033333333,0,0,0.219054952,-1.243490067,2.062541166,-0.1566283903,-0.01161010357,0.8556603156,0.4931309939,0,1
1292,43066666667,0,0,0.2146082315,-1.243233754,2.065825671,-0.1549788629,-0.00815863716,0.8550500871,0.4947770581,0,1
1293,43100000000,0,0,0.2098854978,-1.242372039,2.068413358,-0.1546768794,-0.006176724682,0.8545173425,0.4958195462,0,1
1294,43133333333,0,0,0.2059405281,-1.241106114,2.072733223,-0.155037857,-0.006167058129,0.8544575305,0.4958100027,0,1
1295,43166666667,0,0,0.2023912172,-1.240284116,2.076155113,-0.1557104996,-0.007272745095,0.8537659808,0.4967745942,0,1
1296,43200000000,0,0,0.1994637747,-1.239496788,2.080003943,-0.1570586949,-0.007468027142,0.8533482727,0.4970649057,0,1
1297,43233333333,0,0,0.1972193028,-1.23776309,2.083863974,-0.1580059116,-0.007291231687,0.8528122577,0.4976868725,0,1
1298,43266666667,0,0,0.1948341798,-1.235780835,2.088177991,-0.1581479017,-0.006657172013,0.8524712227,0.4982346212,0,1
1299,43300000000,0,0,0.1920205269,-1.233844707,2.091520918,-0.1575724753,-0.00650262981,0.8516894181,0.4997537053,0,1
1300,43333333333,0,0,0.1888928847,-1.232781044,2.094095867,-0.1574989943,-0.006857087442,0.8507945058,0.5012940814,0,1
1301,43366666667,0,0,0.1855724832,-1.230935144,2.098324061,-0.1574443577,-0.007649206131,0.8500999391,0.5024767232,0,1
1302,43400000000,0,1,0.1811076622,-1.226103791,2.103590261,-0.1572593381,-0.009284094967,0.849866062,0.502902558,0,1
1303,43433333333,0,0,0.1786169802,-1.224705848,2.106534249,-0.1580572686,-0.009091280208,0.8489720902,0.5041642972,0,1
1304,43466666667,0,0,0.1750867288,-1.223376491,2.109934481,-0.1588318845,-0.008435116454,0.8482044382,0.5052232301,0,1
1305,43500000000,0,0,0.1720032958,-1.222706119,2.113244003,-0.1603428373,-0.009198999002,0.8471692021,0.5064680601,0,1
1306,43533333333,0,0,0.1695776933,-1.22119801,2.116559387,-0.1617701795,-0.01017741601,0.8462652918,0.5075055518,0,1
1307,43566666667,0,0,0.167984548,-1.219997153,2.119844465,-0.1632492819,-0.01155260697,0.8453487885,0.508528893,0,1
1308,43600000000,0,0,0.1668745241,-1.21838598,2.122610259,-0.164478898,-0.0121377475,0.8444733455,0.5095725032,0,1
1309,43633333333,0,0,0.16501701,-1.217497177,2.126611569,-0.1649142571,-0.01198713988,0.8439984817,0.5102216765,0,1
1310,43666666667,0,0,0.1632861169,-1.216540325,2.130075741,-0.1653684693,-0.01217131611,0.8433050614,0.5112159053,0,1
1311,43700000000,0,0,0.162327622,-1.215072512,2.133959625,-0.1653458347,-0.01304223111,0.8425848107,0.5123880287,0,1
1312,43733333333,0,0,0.1606611695,-1.213749653,2.137445786,-0.1649596329,-0.01434279221,0.8416333505,0.5140388188,0,1
1313,43766666667,0,0,0.1594551411,-1.212331908,2.141589522,-0.1645521125,-0.0164412237,0.8407255802,0.515589747,0,1
1314,43800000000,0,1,0.1563081605,-1.209962579,2.14758207,-0.1635126771,-0.01920989561,0.839999569,0.5170061009,0,1
1315,43833333333,0,0,0.1551238739,-1.208698174,2.150825634,-0.1642031616,-0.02129335191,0.8388229868,0.5186134512,0,1
1316,43866666667,0,0,0.1542658411,-1.207307623,2.155484908,-0.1649637445,-0.02249321547,0.837888005,0.519831424,0,1
1317,43900000000,0,0,0.1533599096,-1.205939918,2.159591174,-0.1655204736,-0.02340184522,0.8368239008,0.5213262754,0,1
1318,43933333333,0,0,0.1530058878,-1.203841349,2.163334689,-0.1656263915,-0.02335343623,0.836122286,0.5224194084,0,1
1319,43966666667,0,0,0.1520836231,-1.20274617,2.167380992,-0.1649895341,-0.02252708406,0.8355046112,0.5236439905,0,1
1320,44000000000,0,0,0.1507483889,-1.201678062,2.17192252,-0.1638038856,-0.02090732603,0.8351711026,0.5246145254,0,1
1321,44033333333,0,0,0.1484243482,-1.201314411,2.175467971,-0.1627063172,-0.01915648153,0.8344960964,0.5260949997,0,1
1322,44066666667,0,0,0.146176241,-1.200901989,2.180323137,-0.1621920957,-0.01738680464,0.8339306458,0.52721068,0,1
1323,44100000000,0,0,0.1435059807,-1.200477182,2.183362767,-0.162005811,-0.01572198952,0.8329344775,0.5288923259,0,1
1324,44133333333,0,0,0.1408131829,-1.199311188,2.186474081,-0.162407444,-0.01464521678,0.8322166327,0.529929067,0,1
1325,44166666667,0,0,0.1385213383,-1.198647095,2.189763969,-0.1626471546,-0.0139559218,0.8320477058,0.5301393691,0,1
1326,44200000000,0,1,0.1347339115,-1.195367013,2.196758941,-0.1613309936,-0.01453389345,0.8333264433,0.5285150096,0,1
1327,44233333333,0,0,0.1331606366,-1.194301339,2.202268252,-0.1612417199,-0.01335469218,0.8339000174,0.5276680025,0,1
1328,44266666667,0,0,0.1301252451,-1.194509797,2.207373344,-0.1600768552,-0.01129039196,0.8334267646,0.5288173178,0,1
1329,44300000000,0,0,0.126827689,-1.193686384,2.210147119,-0.1595977345,-0.008966876737,0.8317914503,0.5315742107,0,1
1330,44333333333,0,0,0.1242812077,-1.191832064,2.213058899,-0.15989553,-0.006103397157,0.8303417972,0.5337870997,0,1
1331,44366666667,0,0,0.1211412583,-1.190790555,2.216275179,-0.1592929835,-0.004438662984,0.8288954224,0.5362260927,0,1
1332,44400000000,0,0,0.1181795823,-1.189419007,2.219518501,-0.158933008,-0.004128990815,0.8271337429,0.5390482556,0,1
1333,44433333333,0,0,0.1163424701,-1.18726573,2.220711451,-0.1601291438,-0.004088880439,0.8250026463,0.541952555,0,1
1334,44466666667,0,0,0.1142489998,-1.185635274,2.223361756,-0.1612679539,-0.002361699337,0.8235804997,0.5437850954,0,1
1335,44500000000,0,1,0.110670031,-1.181601911,2.229937468,-0.1607862363,-0.0009709709766,0.8226882282,0.5452805907,0,1
1336,44533333333,0,0,0.1098395534,-1.177547426,2.229929485,-0.1610844392,-0.0005186288304,0.8209619638,0.5477891825,0,1
1337,44566666667,0,0,0.108263432,-1.175041152,2.232046217,-0.162064484,0.001572681884,0.8200345716,0.5488860821,0,1
1338,44600000000,0,0,0.1065877494,-1.17245231,2.233738255,-0.1628530513,0.003528269235,0.8190896278,0.5500532852,0,1
1339,44633333333,0,0,0.1040468354,-1.170036597,2.236399857,-0.1631088273,0.003690625246,0.8180513676,0.5515195823,0,1
1340,44666666667,0,0,0.1017594797,-1.167644915,2.237876153,-0.1640537434,0.002326207488,0.8170748923,0.5526930236,0,1
1341,44700000000,0,0,0.1001809565,-1.164250704,2.240698705,-0.1659167833,0.001858764299,0.8160709595,0.5536211295,0,1
1342,44733333333,0,0,0.09835684438,-1.16128029,2.243027329,-0.1675827913,0.002521814502,0.8147421924,0.5550718948,0,1
1343,44766666667,0,0,0.09761893646,-1.15641805,2.243993147,-0.1694021491,0.003090957356,0.813327375,0.5565895606,0,1
1344,44800000000,0,1,0.09576475707,-1.1520425,2.246623134,-0.1690327547,0.002960153848,0.8123678469,0.5581018247,0,1
1345,44833333333,0,0,0.09489712432,-1.147794065,2.246349677,-0.1681697786,0.002666843238,0.8106461546,0.5608606115,0,1
1346,44866666667,0,0,0.09348374736,-1.143051414,2.244878508,-0.1673385876,0.002681519075,0.8093032443,0.5630442836,0,1
1347,44900000000,0,0,0.09184690939,-1.139511242,2.24372895,-0.1666013642,0.002638568282,0.8083660767,0.564607217,0,1
1348,44933333333,0,0,0.08910750781,-1.136762063,2.244662023,-0.1658398268,0.003038733057,0.8077553968,0.5657023395,0,1
1349,44966666667,0,0,0.08690490552,-1.132582068,2.242742949,-0.1671349774,0.004075420901,0.8066013414,0.5669599336,0,1
1350,45000000000,0,0,0.08350894026,-1.129480313,2.243699586,-0.1691766257,0.006927365854,0.8060864613,0.5670589897,0,1
1351,45033333333,0,0,0.08022893111,-1.125871354,2.245805572,-0.1708246332,0.009827095258,0.80553423,0.5673067752,0,1
1352,45066666667,0,0,0.07708829693,-1.121397645,2.246086492,-0.1716137371,0.0123922313,0.8047701752,0.5681022117,0,1
1353,45100000000,0,0,0.07398190062,-1.116819128,2.243508238,-0.1720996418,0.01394719616,0.8041462439,0.5688022569,0,1
1354,45133333333,0,0,0.07115831634,-1.112785515,2.244055124,-0.1722419757,0.01510695004,0.805060573,0.5674345387,0,1
1355,45166666667,0,1,0.06739449313,-1.109274048,2.245913537,-0.1703833045,0.01521501021,0.8061386975,0.5664613255,0,1
1356,45200000000,0,0,0.06501633476,-1.105053123,2.244443057,-0.168859125,0.01440855217,0.8063574308,0.5666274643,0,1
1357,45233333333,0,0,0.06250377949,-1.102374264,2.244477618,-0.1683105756,0.01611058297,0.8068324695,0.5660683399,0,1
1358,45266666667,0,0,0.05880840506,-1.099610628,2.243836687,-0.1672101495,0.01916362968,0.8067724598,0.5663847803,0,1
1359,45300000000,0,0,0.05587877229,-1.09724867,2.242589486,-0.1644430539,0.02090983408,0.8068830556,0.5669753041,0,1
1360,45333333333,0,0,0.05217517225,-1.095651303,2.240398274,-0.1611742219,0.02165520941,0.8065019072,0.5684264208,0,1
1361,45366666667,0,0,0.04940872585,-1.0932534,2.237611171,-0.1599594408,0.0211935772,0.8062571783,0.5691337031,0,1
1362,45400000000,0,0,0.04593019896,-1.091756471,2.236174551,-0.1588404046,0.01985136547,0.8064293495,0.569251573,0,1
1363,45433333333,0,0,0.04311822801,-1.090911369,2.233689886,-0.1587103464,0.01632876832,0.8061462998,0.5698004393,0,1
1364,45466666667,0,0,0.0405297897,-1.08900882,2.233793709,-0.1597201177,0.01316464545,0.8061662561,0.5695718951,0,1
1365,45500000000,0,0,0.03868987477,-1.087018808,2.232981408,-0.1610420391,0.01025349389,0.8059386948,0.5695815549,0,1
1366,45533333333,0,0,0.03811697338,-1.08209126,2.232235058,-0.1628933033,0.007928535647,0.8064612405,0.5683512802,0,1
1367,45566666667,0,0,0.03688542629,-1.080576091,2.234728579,-0.1627357976,0.007483780794,0.8080751247,0.5661056846,0,1
1368,45600000000,0,0,0.03561257938,-1.078795882,2.23455729,-0.1615405908,0.007819155978,0.8088384476,0.5653528668,0,1
1369,45633333333,0,0,0.03494007742,-1.075617024,2.234345105,-0.1609124869,0.008979891662,0.809944612,0.5639293029,0,1
1370,45666666667,0,1,0.03316984261,-1.075736695,2.233500733,-0.1594478105,0.01056247901,0.8105758335,0.5634107275,0,1
1371,45700000000,0,0,0.03180875767,-1.073678178,2.232148387,-0.1579458439,0.01027936087,0.811074308,0.5631215784,0,1
1372,45733333333,0,0,0.02960097552,-1.073281192,2.232747346,-0.1560760628,0.009392459463,0.8118036688,0.5626071876,0,1
1373,45766666667,0,0,0.02791903714,-1.072105711,2.231803306,-0.155390157,0.007504019099,0.8116684061,0.5630204147,0,1
1374,45800000000,0,0,0.02760870703,-1.069054538,2.231490538,-0.1558504478,0.005691085478,0.8119101929,0.5625656301,0,1
1375,45833333333,0,0,0.02681307093,-1.067879717,2.233091028,-0.1553753147,0.005139589051,0.8125408017,0.5617913686,0,1
1376,45866666667,0,0,0.02579906787,-1.065943924,2.233528741,-0.1547380954,0.005074072207,0.8124457769,0.5621051817,0,1
1377,45900000000,0,0,0.02586173273,-1.063827495,2.234528407,-0.1542804985,0.00586158633,0.8124874296,0.5621630958,0,1
1378,45933333333,0,0,0.02471827737,-1.062771307,2.234341497,-0.1527426689,0.007142752222,0.8120296282,0.5632286757,0,1
1379,45966666667,0,0,0.02340643681,-1.061278327,2.235635313,-0.1506984572,0.008287364637,0.8114851635,0.5645468307,0,1
1380,46000000000,0,0,0.02239194388,-1.059383489,2.235194263,-0.1491742123,0.008984133323,0.8106310595,0.5661657223,0,1
1381,46033333333,0,0,0.02067534501,-1.058332395,2.23561252,-0.1481064471,0.009348909431,0.8098938386,0.567493655,0,1
1382,46066666667,0,0,0.02023309999,-1.057216318,2.234948774,-0.1476956883,0.00915487771,0.8087006793,0.569302541,0,1
1383,46100000000,0,0,0.01991291736,-1.054855485,2.233551188,-0.1478040442,0.008649382196,0.8079744136,0.5703126332,0,1
1384,46133333333,0,0,0.02003207427,-1.052440723,2.233952216,-0.1482444303,0.008923766333,0.8082958278,0.5697383698,0,1
1385,46166666667,0,0,0.01923625579,-1.051594698,2.234867379,-0.1475725254,0.01076590413,0.8089722633,0.5689203128,0,1
1386,46200000000,0,0,0.01840567662,-1.051100259,2.235352878,-0.1464785519,0.0130699848,0.8092877297,0.5687060576,0,1
1387,46233333333,0,0,0.01725970965,-1.050719852,2.235085852,-0.1452787883,0.01551268837,0.8093727315,0.568831444,0,1
1388,46266666667,0,0,0.01505085019,-1.05117696,2.235162798,-0.1432813,0.01696554765,0.8093527312,0.5693248596,0,1
1389,46300000000,0,0,0.01371736582,-1.050827608,2.232820434,-0.1415247174,0.01642031938,0.8090028822,0.5702766557,0,1
1390,46333333333,0,1,0.01195209822,-1.051750739,2.232873997,-0.1397811669,0.01528572828,0.8093710647,0.5702157939,0,1
1391,46366666667,0,0,0.01067082442,-1.051611888,2.232320339,-0.1383137226,0.01338747246,0.8098325231,0.5699661168,0,1
1392,46400000000,0,0,0.009510430354,-1.051661895,2.232266852,-0.1364403325,0.01153156146,0.8106822004,0.5692498825,0,1
1393,46433333333,0,0,0.008169168503,-1.051745907,2.233002037,-0.1338444481,0.009878053648,0.8117692597,0.5683473909,0,1
1394,46466666667,0,0,0.007085528072,-1.051699842,2.232634604,-0.131452584,0.00853018905,0.8126877948,0.5676143076,0,1
1395,46500000000,0,0,0.005421713987,-1.05213927,2.233403611,-0.1289795352,0.007881871218,0.8139847949,0.566331095,0,1
1396,46533333333,0,0,0.002820706506,-1.053292072,2.23556042,-0.1253864131,0.008035858136,0.8149863867,0.5656950255,0,1
1397,46566666667,0,0,0.0009035559879,-1.053130071,2.234388255,-0.1223367028,0.007682070714,0.8151600833,0.5661172631,0,1
1398,46600000000,0,0,-0.002326115447,-1.054405913,2.235488417,-0.1199967006,0.008162871843,0.8156381131,0.5659228109,0,1
1399,46633333333,0,0,-0.006932147777,-1.055888162,2.236096715,-0.1172644131,0.007822894283,0.8153993871,0.5668436286,0,1
1400,46666666667,0,0,-0.01047606184,-1.056252043,2.236068937,-0.1158022173,0.005499239827,0.8150309098,0.56770082,0,1
1401,46700000000,0,0,-0.01430240787,-1.056567652,2.236770985,-0.1147861314,0.003783713658,0.8149199165,0.5680804144,0,1
1402,46733333333,0,0,-0.01835388326,-1.056728606,2.237012971,-0.1135964527,0.002087348511,0.8147770337,0.5685330899,0,1
1403,46766666667,0,0,-0.02243644999,-1.056953492,2.23956388,-0.1122981938,0.001634366243,0.8151349881,0.568279329,0,1
1404,46800000000,0,0,-0.02542634624,-1.056181639,2.241165449,-0.1115675931,0.002070182166,0.8152478323,0.5682599392,0,1
1405,46833333333,0,0,-0.03026844439,-1.05739349,2.243028262,-0.1102096172,0.003539195859,0.8155206417,0.568126216,0,1
1406,46866666667,0,0,-0.03598297189,-1.059185293,2.245366465,-0.1074039372,0.004659805757,0.8153157036,0.5689490169,0,1
1407,46900000000,0,0,-0.0415201109,-1.060466404,2.246937503,-0.10414068,0.004085113955,0.8149618178,0.5700660192,0,1
1408,46933333333,0,1,-0.04863752383,-1.061547161,2.250316142,-0.1008544082,0.003397652033,0.8149410439,0.5706907563,0,1
1409,46966666667,0,0,-0.05411216641,-1.062638204,2.25156361,-0.09895427396,0.0006091889632,0.8145654516,0.5715687235,0,1
1410,47000000000,0,0,-0.05872584879,-1.063146246,2.254026387,-0.09899487474,-0.0009920405254,0.8144333287,0.5717494063,0,1
1411,47033333333,0,0,-0.06437279867,-1.064169012,2.257181427,-0.09883546555,-0.0007873477112,0.8144523502,0.5717502077,0,1
1412,47066666667,0,0,-0.06993499168,-1.06514168,2.260156101,-0.09732976561,-0.0009317166084,0.8143151447,0.5722035423,0,1
1413,47100000000,0,0,-0.07527221673,-1.065900809,2.262155494,-0.09549964648,-0.001615042204,0.8142092577,0.5726608891,0,1
1414,47133333333,0,0,-0.08115204854,-1.067215667,2.263914955,-0.09333932068,-0.002816993567,0.8142794017,0.5729126388,0,1
1415,47166666667,0,0,-0.08590939002,-1.068381159,2.265847692,-0.09175552667,-0.004370125166,0.8143827531,0.5730118295,0,1
1416,47200000000,0,0,-0.08997605088,-1.069438246,2.267907032,-0.09109204747,-0.005799677911,0.8144810509,0.5729652871,0,1
1417,47233333333,0,0,-0.09499029894,-1.070348438,2.271342891,-0.09021555271,-0.006277644483,0.8149368836,0.5724505402,0,1
1418,47266666667,0,0,-0.100443443,-1.071264819,2.275076445,-0.08860771766,-0.005901303179,0.8151152379,0.5724517412,0,1
1419,47300000000,0,0,-0.1048741677,-1.072297157,2.278129404,-0.08718726009,-0.00593159511,0.8149252575,0.5729398071,0,1
1420,47333333333,0,1,-0.1124597865,-1.074933533,2.279385805,-0.08438573866,-0.005750857824,0.814059454,0.5745895753,0,1
1421,47366666667,0,0,-0.1167690959,-1.075925191,2.280325767,-0.08349385092,-0.006876642315,0.8131097714,0.5760503348,0,1
1422,47400000000,0,0,-0.1213906463,-1.077020916,2.283226866,-0.08338981516,-0.00776124071,0.8125569791,0.5768336481,0,1
1423,47433333333,0,0,-0.1246289874,-1.076773423,2.285315473,-0.08455766361,-0.008153415668,0.8120528349,0.5773679214,0,1
1424,47466666667,0,0,-0.128832458,-1.077538853,2.288093532,-0.08525641587,-0.007407828321,0.8119627781,0.5774018657,0,1
1425,47500000000,0,0,-0.1334660984,-1.078549805,2.293159814,-0.08471453819,-0.006216296312,0.8121606258,0.5772173962,0,1
1426,47533333333,0,0,-0.1371699723,-1.079763665,2.294334769,-0.0840867288,-0.005672797164,0.8112800407,0.5785515855,0,1
1427,47566666667,0,0,-0.1414585086,-1.080789226,2.296480611,-0.08412444703,-0.005036828152,0.8108847453,0.5791058949,0,1
1428,47600000000,0,0,-0.1461063927,-1.082448086,2.299081881,-0.0839422393,-0.005387493754,0.8104660239,0.5797150158,0,1
1429,47633333333,0,0,-0.1506807911,-1.08340292,2.300949562,-0.08430071373,-0.006446921793,0.8097231254,0.5806894928,0,1
1430,47666666667,0,0,-0.152589479,-1.083230384,2.303135695,-0.08636964392,-0.00756289011,0.8093159183,0.580939611,0,1
1431,47700000000,0,1,-0.1578814428,-1.083663351,2.306119237,-0.08700920885,-0.006743145745,0.809168913,0.5810590312,0,1
1432,47733333333,0,0,-0.1618100199,-1.084891001,2.309552574,-0.08707566209,-0.006136506848,0.8087502744,0.5816383464,0,1
1433,47766666667,0,0,-0.1646389467,-1.08551149,2.309945034,-0.08668781588,-0.007148681653,0.8077422716,0.5830836489,0,1
1434,47800000000,0,0,-0.1671676944,-1.086001592,2.310261543,-0.08768183275,-0.007860991537,0.8073339254,0.5834912458,0,1
1435,47833333333,0,0,-0.1711507879,-1.086692082,2.313497221,-0.08873912494,-0.007236644242,0.8075959916,0.5829765973,0,1
1436,47866666667,0,0,-0.1739070133,-1.087500778,2.315105229,-0.08890889467,-0.007350951249,0.8075366232,0.5830315378,0,1
1437,47900000000,0,0,-0.1769065943,-1.088424453,2.315921551,-0.08838488905,-0.007611469876,0.8075628163,0.5830715863,0,1
1438,47933333333,0,0,-0.1804599083,-1.0894624,2.316925304,-0.08798034646,-0.007925585628,0.8077304864,0.5828963073,0,1
1439,47966666667,0,0,-0.1827121204,-1.091105367,2.317378985,-0.08794892595,-0.00926348124,0.8076707206,0.5829641339,0,1
1440,48000000000,0,0,-0.1847451439,-1.090892904,2.318458493,-0.08953111449,-0.009720813575,0.8078682305,0.5824419348,0,1
1441,48033333333,0,0,-0.1879461159,-1.091098931,2.319190723,-0.09206554506,-0.008297524953,0.8078745454,0.5820599672,0,1
1442,48066666667,0,0,-0.1922858276,-1.09177373,2.320905807,-0.09377975496,-0.006812401879,0.8081089278,0.5814799305,0,1
1443,48100000000,0,0,-0.1935400746,-1.091625743,2.319261441,-0.09596188114,-0.006663073377,0.8077977297,0.5815580356,0,1
1444,48133333333,0,0,-0.1959147723,-1.092423433,2.318875719,-0.09758242303,-0.006133926328,0.8081808034,0.5807614267,0,1
1445,48166666667,0,0,-0.1993037823,-1.093420003,2.319262186,-0.09780910407,-0.006245835862,0.8085739481,0.5801745764,0,1
1446,48200000000,0,0,-0.2009365738,-1.093307784,2.318482228,-0.09887040663,-0.007037515456,0.808790538,0.5796835186,0,1
1447,48233333333,0,1,-0.2040275078,-1.09255664,2.319595704,-0.1005518912,-0.006545173222,0.8096398154,0.5782126315,0,1
1448,48266666667,0,0,-0.2070210838,-1.093046552,2.320080655,-0.1027073967,-0.005705955516,0.809874907,0.5775130023,0,1
1449,48300000000,0,0,-0.2090370177,-1.093082438,2.317908838,-0.1043047539,-0.006091613472,0.8095676292,0.577653585,0,1
1450,48333333333,0,0,-0.210571557,-1.093024942,2.317386526,-0.1056402822,-0.006362321837,0.8099687177,0.5768451508,0,1
1451,48366666667,0,0,-0.2127312229,-1.093343591,2.31757207,-0.1064423001,-0.006834716127,0.8105462624,0.5758802652,0,1
1452,48400000000,0,0,-0.215223772,-1.093612222,2.317062444,-0.1069078423,-0.007425608666,0.8106199958,0.5756828954,0,1
1453,48433333333,0,0,-0.2166017984,-1.093626051,2.316533905,-0.1079500572,-0.007938838129,0.8108681607,0.5751317988,0,1
1454,48466666667,0,0,-0.2200862354,-1.093821381,2.316067751,-0.1079570374,-0.008289352792,0.8108799082,0.5751089803,0,1
1455,48500000000,0,0,-0.2219952296,-1.093806078,2.314622982,-0.1083836766,-0.009694765538,0.8108024947,0.5751159055,0,1
1456,48533333333,0,0,-0.2240906293,-1.094235801,2.314248,-0.1089415947,-0.01135699085,0.8108232277,0.5749508163,0,1
1457,48566666667,0,0,-0.2258634799,-1.093159335,2.31167567,-0.1098554658,-0.0131833138,0.8106381314,0.5749989538,0,1
1458,48600000000,0,0,-0.2281547937,-1.092878604,2.311744872,-0.110880977,-0.01330341346,0.8113098569,0.5738508031,0,1
1459,48633333333,0,0,-0.2308862499,-1.092667353,2.310876354,-0.1109267239,-0.01217726656,0.8112695683,0.5739239179,0,1
1460,48666666667,0,0,-0.2325108152,-1.091942704,2.30924164,-0.110518751,-0.0109316785,0.8113748452,0.5738788762,0,1
1461,48700000000,0,0,-0.2364254046,-1.092091678,2.307831786,-0.1085989408,-0.009762697405,0.8114302844,0.5741879948,0,1
1462,48733333333,0,0,-0.2399041182,-1.091843603,2.305450479,-0.1065882825,-0.01032051122,0.8115158219,0.5744340658,0,1
1463,48766666667,0,0,-0.2426497769,-1.091781601,2.303303843,-0.1045730046,-0.01171469224,0.811821833,0.5743453352,0,1
1464,48800000000,0,0,-0.2451594506,-1.090561999,2.300948338,-0.1024944953,-0.01353219937,0.8126009773,0.5735777277,0,1
1465,48833333333,0,0,-0.2477217293,-1.090134472,2.298223951,-0.1002379467,-0.01432956568,0.813560907,0.5725955538,0,1
1466,48866666667,0,0,-0.249306773,-1.090053507,2.295659929,-0.09810736525,-0.01482396867,0.8145460913,0.5715504003,0,1
1467,48900000000,0,1,-0.2557136579,-1.089881158,2.290740238,-0.0942706081,-0.01425424644,0.8153246112,0.5711003829,0,1
1468,48933333333,0,0,-0.2595890859,-1.090669729,2.288734099,-0.09133162517,-0.01508238864,0.8165826745,0.5697576604,0,1
1469,48966666667,0,0,-0.2624077709,-1.090066649,2.287584884,-0.0892776722,-0.0163119746,0.8177805025,0.5683295404,0,1
1470,49000000000,0,0,-0.2650311281,-1.089961355,2.286809968,-0.08813497877,-0.01654539705,0.8183232196,0.5677196346,0,1
1471,49033333333,0,0,-0.2676081921,-1.088879748,2.286101836,-0.08732124206,-0.01581084757,0.8184302673,0.5677120003,0,1
1472,49066666667,0,0,-0.2715501684,-1.088675196,2.283832823,-0.08554619149,-0.01492733072,0.8181040427,0.5684758564,0,1
1473,49100000000,0,0,-0.2756567291,-1.088275697,2.281677144,-0.08270191073,-0.01557008589,0.8177873579,0.569334527,0,1
1474,49133333333,0,0,-0.2793421042,-1.087834617,2.279454064,-0.079888107,-0.01746225915,0.8173085858,0.5703679824,0,1
1475,49166666667,0,0,-0.2815983421,-1.087286344,2.277277309,-0.07817744976,-0.01961702877,0.8169304327,0.571076288,0,1
1476,49200000000,0,0,-0.2848524923,-1.086543305,2.275468208,-0.07613458223,-0.02114273665,0.8167062277,0.571618271,0,1
1477,49233333333,0,0,-0.2883194069,-1.085991174,2.27359243,-0.07348532346,-0.02288949304,0.8165512837,0.5721188508,0,1
1478,49266666667,0,0,-0.2901338828,-1.084873529,2.270094404,-0.07176827768,-0.02537711677,0.816196058,0.5727384317,0,1
1479,49300000000,0,0,-0.2917596862,-1.083503096,2.268341349,-0.07110429424,-0.02711657176,0.816809021,0.5718670249,0,1
1480,49333333333,0,0,-0.2942172032,-1.082570558,2.26722832,-0.07064491788,-0.027524392,0.8175579722,0.570833308,0,1
1481,49366666667,0,0,-0.295808084,-1.081179596,2.266002341,-0.0707235353,-0.02673105432,0.8182917771,0.5698089151,0,1
1482,49400000000,0,0,-0.2983632175,-1.080786227,2.263826868,-0.0705159523,-0.02405875728,0.8186088916,0.5694981643,0,1
1483,49433333333,0,0,-0.3016203047,-1.080624776,2.261646512,-0.070131362,-0.02115282273,0.818970558,0.5691409099,0,1
1484,49466666667,0,0,-0.305282834,-1.080517691,2.259653102,-0.06906043638,-0.01929635359,0.8193892882,0.5687350009,0,1
1485,49500000000,0,0,-0.3082989897,-1.080603247,2.257852036,-0.06806152506,-0.01885117709,0.8198678739,0.5681803686,0,1
1486,49533333333,0,0,-0.3111959816,-1.080654595,2.255905754,-0.06749054792,-0.01886322405,0.8203398695,0.5675664747,0,1
1487,49566666667,0,1,-0.3134891098,-1.081308826,2.252589609,-0.06614807865,-0.02005772285,0.8206469239,0.567239584,0,1
1488,49600000000,0,0,-0.3148572377,-1.080758924,2.250181995,-0.06509244514,-0.02144822345,0.821582303,0.5659553575,0,1
1489,49633333333,0,0,-0.3157682521,-1.080863836,2.248821836,-0.06329750947,-0.02151001117,0.8230321369,0.5640468477,0,1
1490,49666666667,0,0,-0.3168562466,-1.081260131,2.249328825,-0.06051149984,-0.02079769808,0.8246148142,0.5620642512,0,1
1491,49700000000,0,0,-0.3176719872,-1.08113483,2.248284344,-0.05903535785,-0.01854374027,0.8254667298,0.5610486915,0,1
1492,49733333333,0,0,-0.3196181156,-1.0811449,2.248093315,-0.05824171301,-0.01379750803,0.8260258738,0.5604451691,0,1
1493,49766666667,0,0,-0.3217340202,-1.081603208,2.247572473,-0.05705791516,-0.009365062014,0.8259167873,0.560819178,0,1
1494,49800000000,0,0,-0.3246890454,-1.081200626,2.24655586,-0.05473805264,-0.00448446631,0.8258741526,0.5611733416,0,1
1495,49833333333,0,0,-0.3272925694,-1.081474454,2.245109483,-0.05073174078,-0.001887524156,0.8257661622,0.5617232176,0,1
1496,49866666667,0,0,-0.3283334377,-1.080848094,2.242610243,-0.04701391205,-0.002692952885,0.8259702963,0.5617432774,0,1
1497,49900000000,0,0,-0.3294553116,-1.081384613,2.239775138,-0.04551559633,-0.00390987652,0.8259929683,0.5618261828,0,1
1498,49933333333,0,0,-0.3309047893,-1.08104718,2.238802055,-0.04627787796,-0.004476237353,0.8265118563,0.560995965,0,1
1499,49966666667,0,0,-0.3332948912,-1.080896461,2.238617341,-0.04654970754,-0.004583868094,0.8269157101,0.5603771241,0,1
1500,50000000000,0,0,-0.33502608,-1.080892623,2.238197343,-0.04591960004,-0.004204376246,0.8269839158,0.5603314346,0,1
1501,50033333333,0,0,-0.3356672417,-1.080035382,2.236725597,-0.04495517832,-0.002574487096,0.8269370688,0.5604886156,0,1
1502,50066666667,0,0,-0.3386183785,-1.080280974,2.234830308,-0.04218954447,-0.001091955271,0.8270824421,0.5604939642,0,1
1503,50100000000,0,0,-0.3421130117,-1.080828743,2.234375219,-0.03828395955,-0.001726010705,0.8275789261,0.5600397133,0,1
1504,50133333333,0,0,-0.3434499983,-1.080914698,2.233518961,-0.03537338385,-0.003969498025,0.8277887371,0.5599096119,0,1
1505,50166666667,0,0,-0.3448730454,-1.080158652,2.231785201,-0.03390917322,-0.006027553198,0.8280294883,0.5596257705,0,1
1506,50200000000,0,0,-0.3476920142,-1.080847244,2.231307897,-0.03216840115,-0.006554732917,0.8284275342,0.5591333026,0,1
1507,50233333333,0,1,-0.351728214,-1.080565924,2.230781842,-0.02786654545,-0.006740993896,0.8288619486,0.5587180728,0,1
1508,50266666667,0,0,-0.3541676353,-1.080618037,2.230067656,-0.02325683455,-0.006918918201,0.8292975222,0.5582802772,0,1
1509,50300000000,0,0,-0.3559507633,-1.08009372,2.22806721,-0.01904631604,-0.007094819824,0.8295386196,0.558079367,0,1
1510,50333333333,0,0,-0.3586312668,-1.080606018,2.226609412,-0.01509531978,-0.007331547548,0.8299499691,0.5575853554,0,1
1511,50366666667,0,0,-0.361827519,-1.080621051,2.224275505,-0.01102357051,-0.007521699464,0.8303898386,0.5570229985,0,1
1512,50400000000,0,0,-0.3658556081,-1.080656016,2.222828823,-0.005720943365,-0.008940931374,0.8310161239,0.556147042,0,1
1513,50433333333,0,0,-0.3684164304,-1.080583358,2.221406702,-0.0002629310239,-0.01121269708,0.8317893433,0.5549781029,0,1
1514,50466666667,0,0,-0.3701007537,-1.079867071,2.220148466,0.004935882531,-0.01379755237,0.8328966794,0.5532344765,0,1
1515,50500000000,0,0,-0.373334099,-1.081779057,2.217969034,0.009945701558,-0.01420450294,0.8333337262,0.5524981592,0,1
1516,50533333333,0,0,-0.3768751473,-1.082138936,2.216967439,0.01497998773,-0.01305362682,0.8332290094,0.5525709191,0,1
1517,50566666667,0,0,-0.3820267176,-1.082780444,2.214584125,0.02116041904,-0.01281721392,0.832509144,0.5534586533,0,1
1518,50600000000,0,1,-0.3849226244,-1.082598461,2.214249114,0.02665106223,-0.01544088204,0.8323859488,0.5533397982,0,1
1519,50633333333,0,0,-0.3876985132,-1.081795977,2.212338917,0.03143264838,-0.02023304946,0.8323889085,0.552929758,0,1
1520,50666666667,0,0,-0.3901841741,-1.08211565,2.211278697,0.03416658792,-0.02465823793,0.8326378221,0.5522127061,0,1
1521,50700000000,0,0,-0.3921441595,-1.082233636,2.210048648,0.0358961541,-0.02724117856,0.8328423955,0.5516728456,0,1
1522,50733333333,0,0,-0.3939212948,-1.082532896,2.208735229,0.03794891912,-0.02827340651,0.8333826785,0.5506666916,0,1
1523,50766666667,0,0,-0.3983175095,-1.084323272,2.206465076,0.04243779305,-0.02881453971,0.8336067143,0.5499714555,0,1
1524,50800000000,0,0,-0.4009121611,-1.085115753,2.205470097,0.04706072252,-0.03040414879,0.834046682,0.5488415148,0,1
1525,50833333333,0,0,-0.4031465294,-1.086437031,2.2034025,0.0508201606,-0.03229550005,0.8340949742,0.5483246174,0,1
1526,50866666667,0,0,-0.4057973351,-1.086779994,2.20028975,0.05394970874,-0.03381519958,0.8341326636,0.5478765013,0,1
1527,50900000000,0,0,-0.4084486586,-1.088722625,2.198095507,0.05652210985,-0.03586629835,0.8339063129,0.5478312888,0,1
1528,50933333333,0,0,-0.4101747111,-1.088474494,2.195667489,0.05821458139,-0.03732499142,0.8339219366,0.5475327489,0,1
1529,50966666667,0,0,-0.4137871427,-1.091485465,2.192176279,0.06107997139,-0.0376110603,0.8333527808,0.5480673206,0,1
1530,51000000000,0,0,-0.4142951088,-1.091967057,2.190402544,0.06360317136,-0.0387333757,0.8327123846,0.5486751741,0,1
1531,51033333333,0,1,-0.4146226606,-1.092721156,2.18621647,0.06590256283,-0.03914948896,0.8322535667,0.5490702783,0,1
1532,51066666667,0,0,-0.416506393,-1.093601909,2.183498637,0.0685576051,-0.03872651297,0.8323508245,0.5486275758,0,1
1533,51100000000,0,0,-0.417769743,-1.09424368,2.180502067,0.07119673924,-0.03999243216,0.8325942952,0.5478306028,0,1
1534,51133333333,0,0,-0.4175608043,-1.095524056,2.177323306,0.07330044933,-0.04232886805,0.8332221813,0.5464211816,0,1
1535,51166666667,0,0,-0.4179605165,-1.098177564,2.173925497,0.07470018268,-0.04292133854,0.8335027443,0.5457571041,0,1
1536,51200000000,0,0,-0.4183532672,-1.100277964,2.170422588,0.07522285418,-0.04181678688,0.8335682821,0.545670961,0,1
1537,51233333333,0,0,-0.4185672328,-1.100063004,2.167601118,0.07608425435,-0.04037206499,0.8345070708,0.5442235123,0,1
1538,51266666667,0,1,-0.4196468389,-1.104296909,2.162724565,0.07970116069,-0.03999346937,0.8352627722,0.5425719757,0,1
1539,51300000000,0,0,-0.4207828377,-1.106130704,2.160396785,0.08550214301,-0.04068424179,0.8359319331,0.5406033474,0,1
1540,51333333333,0,0,-0.4203241294,-1.108519713,2.157251034,0.09052467825,-0.04157693249,0.8360491224,0.5395354541,0,1
1541,51366666667,0,0,-0.4203741672,-1.109783686,2.15426296,0.09412463754,-0.04188123652,0.836154367,0.5387322054,0,1
1542,51400000000,0,0,-0.4203930095,-1.110186946,2.152113929,0.09711234735,-0.04281942406,0.8365764564,0.5374714146,0,1
1543,51433333333,0,0,-0.4202382875,-1.111745708,2.149072897,0.1005396926,-0.04438737796,0.8368863947,0.5362300749,0,1
1544,51466666667,0,0,-0.4190751647,-1.112387662,2.145653987,0.101915427,-0.04514546447,0.8372677281,0.5353110164,0,1
1545,51500000000,0,0,-0.4199305701,-1.115015834,2.142719933,0.1029452603,-0.04319725699,0.8375753001,0.5347933124,0,1
1546,51533333333,0,0,-0.4193564354,-1.11579368,2.139877522,0.1047782845,-0.04221599824,0.8377123094,0.5343008583,0,1
1547,51566666667,0,0,-0.4194646891,-1.118329657,2.135200634,0.1072570095,-0.04142992991,0.8377270904,0.5338471849,0,1
1548,51600000000,0,0,-0.4200102955,-1.120017408,2.132327163,0.1090751235,-0.04059806179,0.8378313559,0.5333788839,0,1
1549,51633333333,0,1,-0.4206578909,-1.122859909,2.127714577,0.1103451978,-0.04026622031,0.8374028377,0.5338155638,0,1
1550,51666666667,0,0,-0.4204373236,-1.12449125,2.124112423,0.1109781923,-0.03928812694,0.8375048687,0.5335971129,0,1
1551,51700000000,0,0,-0.4204918631,-1.126582098,2.120448184,0.1116589699,-0.03923154934,0.8376606433,0.5332145972,0,1
1552,51733333333,0,0,-0.4205272242,-1.127642007,2.116471515,0.1106341001,-0.03845777268,0.8381394778,0.5327319319,0,1
1553,51766666667,0,0,-0.4209719306,-1.129384784,2.112634848,0.1086702937,-0.03694550799,0.8393295142,0.531367823,0,1
1554,51800000000,0,0,-0.4223764729,-1.133250879,2.109658648,0.1088970955,-0.03592542022,0.8401009838,0.5301708439,0,1
1555,51833333333,0,0,-0.4225023202,-1.135048864,2.107522787,0.1099920757,-0.0355102546,0.8402624953,0.5297166262,0,1
1556,51866666667,0,1,-0.4228480448,-1.137163203,2.101698876,0.1107114897,-0.03445506018,0.8403915623,0.5294316169,0,1
1557,51900000000,0,0,-0.4242241149,-1.140135709,2.099882982,0.1112919577,-0.03302613503,0.8414677249,0.5276887743,0,1
1558,51933333333,0,0,-0.4256587566,-1.142131653,2.098717098,0.1135620175,-0.03286010969,0.8417740055,0.5267261195,0,1
1559,51966666667,0,0,-0.4270540859,-1.143820219,2.096279147,0.1170754551,-0.03283193347,0.8415335779,0.5263427013,0,1
1560,52000000000,0,0,-0.4279531491,-1.145782542,2.093303451,0.1197170049,-0.03219310179,0.8409648342,0.5266968679,0,1
1561,52033333333,0,0,-0.4285963929,-1.146460818,2.090529086,0.1199721473,-0.031452348,0.8408183641,0.5269173676,0,1
1562,52066666667,0,0,-0.4298517747,-1.147025973,2.087625838,0.1185614101,-0.03158465381,0.8411416501,0.5267127549,0,1
1563,52100000000,0,0,-0.4311035525,-1.148391307,2.085809994,0.1162228309,-0.03290449047,0.8421044173,0.52561364,0,1
1564,52133333333,0,0,-0.4326388774,-1.14967768,2.082981703,0.1139988293,-0.03347082713,0.8426874417,0.5251303136,0,1
1565,52166666667,0,0,-0.4344921736,-1.151268259,2.080030706,0.1122056252,-0.03361798154,0.843168185,0.5247353054,0,1
1566,52200000000,0,0,-0.4367646479,-1.152711802,2.077811417,0.1108700378,-0.03228723737,0.8437388694,0.5241851669,0,1
1567,52233333333,0,1,-0.439129347,-1.15546325,2.072876401,0.1110170665,-0.02987105756,0.8437285573,0.5243138874,0,1
1568,52266666667,0,0,-0.440820638,-1.157272758,2.070849068,0.1120868939,-0.02826025568,0.8440981015,0.5235802529,0,1
1569,52300000000,0,0,-0.4419648254,-1.159555188,2.068366353,0.1140958088,-0.02608024571,0.8448735423,0.5220063838,0,1
1570,52333333333,0,0,-0.4437980037,-1.161710568,2.066523663,0.116606854,-0.02383930351,0.84550785,0.5205295426,0,1
1571,52366666667,0,0,-0.4447376452,-1.162701052,2.062840559,0.1173527414,-0.02236905685,0.8466333456,0.5185941935,0,1
1572,52400000000,0,0,-0.4472937829,-1.165316242,2.060843371,0.1171053999,-0.02057417811,0.8484770965,0.5157030592,0,1
1573,52433333333,0,0,-0.4490735561,-1.167424913,2.059778298,0.1171095242,-0.02000776151,0.8501639499,0.5129388922,0,1
1574,52466666667,0,0,-0.4511695615,-1.170082303,2.057540436,0.1181478569,-0.01990895096,0.8512770902,0.5108542193,0,1
1575,52500000000,0,0,-0.4520295797,-1.172020763,2.05627365,0.1186176893,-0.0205570303,0.8519781172,0.5095493501,0,1
1576,52533333333,0,1,-0.4542198812,-1.174872423,2.052379581,0.1187062174,-0.02193951036,0.8522697255,0.5089831106,0,1
1577,52566666667,0,0,-0.4556129915,-1.177132091,2.050336673,0.117350033,-0.02273927083,0.8531434733,0.5077973112,0,1
1578,52600000000,0,0,-0.4564110074,-1.179159294,2.04868464,0.1155108911,-0.02263868736,0.853663409,0.507349493,0,1
1579,52633333333,0,0,-0.4572605854,-1.181608616,2.048771735,0.1148306007,-0.02326024565,0.85411537,0.5067147411,0,1
1580,52666666667,0,0,-0.4590354121,-1.182942535,2.048480245,0.1147302397,-0.02469085257,0.8535244341,0.5076646278,0,1
1581,52700000000,0,0,-0.4598458634,-1.183793182,2.046057891,0.1133778437,-0.02552263111,0.8522362854,0.5100856534,0,1
1582,52733333333,0,0,-0.4595362108,-1.183706226,2.042306353,0.1111243243,-0.02636547862,0.8520860419,0.5107892161,0,1
1583,52766666667,0,0,-0.4601850408,-1.186233687,2.040131758,0.1095249103,-0.0270343893,0.8530778832,0.509442402,0,1
1584,52800000000,0,0,-0.4609049881,-1.187110042,2.037739981,0.1082079019,-0.02749939375,0.8542917226,0.5076617831,0,1
1585,52833333333,0,1,-0.4607225755,-1.191004468,2.030572958,0.1066481451,-0.02717728581,0.8557435723,0.5055595977,0,1
1586,52866666667,0,0,-0.4612651039,-1.19419441,2.032199239,0.1060368863,-0.02708602331,0.8583278031,0.5012942334,0,1
1587,52900000000,0,0,-0.4618908777,-1.196133108,2.031425199,0.105877817,-0.02692929793,0.8598035722,0.4988010805,0,1
1588,52933333333,0,0,-0.4630144183,-1.198413318,2.030237315,0.1049543426,-0.02612801191,0.8610892541,0.4968170784,0,1
1589,52966666667,0,0,-0.463141043,-1.200604562,2.030167292,0.1037813609,-0.02552429763,0.8627533337,0.494200996,0,1
1590,53000000000,0,0,-0.4637070814,-1.202092118,2.030948823,0.1036925149,-0.025555842,0.8639179291,0.4921794115,0,1
1591,53033333333,0,0,-0.4639345528,-1.202934691,2.030300916,0.1044574865,-0.02672237235,0.8647514702,0.4904889836,0,1
1592,53066666667,0,0,-0.4644272065,-1.203741431,2.03074797,0.1053032624,-0.02880787859,0.865605982,0.4886794582,0,1
1593,53100000000,0,0,-0.4650881301,-1.203814956,2.029656096,0.1054027642,-0.03054121063,0.8657639256,0.4882727895,0,1
1594,53133333333,0,0,-0.4650348785,-1.204220898,2.028746753,0.104513118,-0.03006386694,0.8659119343,0.4882311892,0,1
1595,53166666667,0,0,-0.4649833031,-1.204325688,2.029069782,0.104129987,-0.02828103595,0.8655658247,0.4890326491,0,1
1596,53200000000,0,0,-0.4650596868,-1.203211802,2.029204266,0.1048775603,-0.02751277199,0.8649862524,0.4899413514,0,1
1597,53233333333,0,0,-0.4659252229,-1.201926307,2.027797457,0.1053941367,-0.02757545763,0.8640870369,0.4914115004,0,1
1598,53266666667,0,0,-0.466328075,-1.200502424,2.026759386,0.1046075536,-0.02726173423,0.8634868226,0.4926505504,0,1
1599,53300000000,0,0,-0.4658289179,-1.198871212,2.025759201,0.1038712081,-0.02738573167,0.8629388258,0.4937584195,0,1
1600,53333333333,0,0,-0.4647727336,-1.197835591,2.024455423,0.1036433048,-0.02792412398,0.8626923221,0.4942067038,0,1
1601,53366666667,0,0,-0.4638114027,-1.197280458,2.023668061,0.103396431,-0.02801198679,0.8625749254,0.4944582942,0,1
1602,53400000000,0,0,-0.4630841494,-1.195979622,2.023366736,0.1034453453,-0.02830845595,0.8621499725,0.4951718053,0,1
1603,53433333333,0,0,-0.4626892054,-1.195130771,2.022602475,0.1033834744,-0.02878076663,0.8619240905,0.4955505897,0,1
1604,53466666667,0,0,-0.4623323301,-1.192789261,2.021444778,0.103116305,-0.03018023358,0.8622053779,0.4950334004,0,1
1605,53500000000,0,1,-0.4620205946,-1.191612783,2.020718275,0.1024377521,-0.03186582057,0.8628726698,0.4939046792,0,1
1606,53533333333,0,0,-0.4615400557,-1.191045949,2.020095392,0.1013291546,-0.03324527946,0.8637649118,0.4924807925,0,1
1607,53566666667,0,0,-0.4606404159,-1.190824565,2.020047065,0.100021554,-0.03407438167,0.8647297864,0.4909959489,0,1
1608,53600000000,0,0,-0.4592917616,-1.190198745,2.019981246,0.09923473209,-0.03360646478,0.8656193249,0.4896184819,0,1
1609,53633333333,0,0,-0.4572616529,-1.189682673,2.020352246,0.09922396678,-0.03200817736,0.8665545981,0.4880709062,0,1
1610,53666666667,0,0,-0.4559165392,-1.18900301,2.022601423,0.1010430491,-0.03139686078,0.8672856952,0.4864360824,0,1
1611,53700000000,0,0,-0.4549142743,-1.187828291,2.021670578,0.1029764558,-0.03140164342,0.8676065252,0.4854572111,0,1
1612,53733333333,0,0,-0.4542108147,-1.186188067,2.021977941,0.103902503,-0.03101309183,0.8685303951,0.4836294147,0,1
1613,53766666667,0,0,-0.453555946,-1.184791374,2.02291969,0.1043219109,-0.0308038285,0.8693497276,0.482077913,0,1
1614,53800000000,0,0,-0.4534074927,-1.183483043,2.024258631,0.1049433297,-0.03078678514,0.8696513108,0.4813996978,0,1
1615,53833333333,0,0,-0.4526582646,-1.181320597,2.02504043,0.1049012267,-0.03048003866,0.8695181855,0.4816687918,0,1
1616,53866666667,0,0,-0.4517044744,-1.179300156,2.026195861,0.1053402517,-0.02887356077,0.8690172375,0.4825751649,0,1
1617,53900000000,0,0,-0.4510626684,-1.177480406,2.027488988,0.1067197656,-0.02679869555,0.8681575898,0.4839371042,0,1
1618,53933333333,0,0,-0.4518122166,-1.175117683,2.027816679,0.1084382105,-0.02488274536,0.8672911662,0.4852092708,0,1
1619,53966666667,0,0,-0.4538031404,-1.17237791,2.02836405,0.1094382697,-0.02378889116,0.8665407649,0.4863789229,0,1
1620,54000000000,0,0,-0.4549208954,-1.170127279,2.028154409,0.109645819,-0.02360835391,0.8662475836,0.4868629827,0,1
1621,54033333333,0,0,-0.45682521,-1.168222974,2.029130658,0.1095455827,-0.02360198315,0.8661924576,0.4869839197,0,1
1622,54066666667,0,0,-0.4588327381,-1.166321855,2.028948697,0.108561293,-0.02276941784,0.8661063361,0.4873969776,0,1
1623,54100000000,0,0,-0.4603583209,-1.164935787,2.031369513,0.1071321365,-0.02051192256,0.8663361686,0.4874049747,0,1
1624,54133333333,0,0,-0.4620233665,-1.162596764,2.032607152,0.1069611074,-0.01892908079,0.8658393369,0.4883884254,0,1
1625,54166666667,0,1,-0.4659262534,-1.158227184,2.038475409,0.1075388547,-0.01787006624,0.8662831712,0.4875136129,0,1
1626,54200000000,0,0,-0.4683420806,-1.156039897,2.037311005,0.1064769208,-0.016360113,0.866163872,0.4880114332,0,1
1627,54233333333,0,0,-0.4695600602,-1.155039153,2.039343534,0.1056247825,-0.01554736516,0.86756534,0.4857283867,0,1
1628,54266666667,0,0,-0.4707685817,-1.154230343,2.042405557,0.1068840243,-0.01640691453,0.868555534,0.4836506,0,1
1629,54300000000,0,0,-0.4719507943,-1.153673425,2.043642681,0.1097769861,-0.01582475766,0.8687193742,0.4827268785,0,1
1630,54333333333,0,0,-0.4730568425,-1.152793389,2.045914542,0.1138404862,-0.01362372332,0.8687319115,0.4818294343,0,1
1631,54366666667,0,0,-0.4755902738,-1.151970392,2.046779893,0.1183145525,-0.01142612602,0.8686324335,0.4809873239,0,1
1632,54400000000,0,0,-0.4787120204,-1.151042564,2.048967591,0.1222670397,-0.01055794058,0.8689989489,0.4793538649,0,1
1633,54433333333,0,0,-0.4823345578,-1.150103944,2.05001186,0.125043922,-0.0118435696,0.8692728941,0.4781091747,0,1
1634,54466666667,0,0,-0.4856436275,-1.149722371,2.051507365,0.1262401798,-0.01329692726,0.8695446168,0.4772617397,0,1
1635,54500000000,0,0,-0.4894106633,-1.147975813,2.053602008,0.1271088219,-0.01556639565,0.8694019447,0.4772224778,0,1
1636,54533333333,0,1,-0.4950260242,-1.145001871,2.058403902,0.1285395538,-0.01892734951,0.8693873727,0.4767440978,0,1
1637,54566666667,0,0,-0.4981959806,-1.142529999,2.060440769,0.1292161059,-0.02202891551,0.8680030203,0.4789453847,0,1
1638,54600000000,0,0,-0.5007354198,-1.139854724,2.060479156,0.1300217936,-0.02513673099,0.8668725019,0.4806189171,0,1
1639,54633333333,0,0,-0.5030250479,-1.137074414,2.062007777,0.1313839455,-0.02938717017,0.8665337411,0.4806182774,0,1
1640,54666666667,0,0,-0.5061141974,-1.134564605,2.063054848,0.1326301527,-0.03274718842,0.866366554,0.4803601341,0,1
1641,54700000000,0,0,-0.5089813319,-1.131249186,2.064495602,0.1332422776,-0.03379849882,0.8664368638,0.4799909561,0,1
1642,54733333333,0,0,-0.511154602,-1.12815114,2.066043499,0.1336241499,-0.03276094348,0.86652802,0.47979214,0,1
1643,54766666667,0,0,-0.5139727282,-1.124002777,2.068790058,0.1347170602,-0.03063272545,0.8665089868,0.4796614699,0,1
1644,54800000000,0,1,-0.5181856886,-1.117553383,2.072537922,0.1365869925,-0.0294268041,0.8670100187,0.4783008302,0,1
1645,54833333333,0,0,-0.5215755446,-1.112990903,2.075534175,0.1369666497,-0.0286112361,0.8671695698,0.4779523734,0,1
1646,54866666667,0,0,-0.5250724475,-1.108443197,2.077683411,0.1363609713,-0.02672805044,0.8670946004,0.4783704117,0,1
1647,54900000000,0,0,-0.5279770405,-1.104020019,2.080841016,0.135244337,-0.02431222621,0.8671382687,0.4787369925,0,1
1648,54933333333,0,0,-0.5306430144,-1.098341845,2.084669352,0.134950054,-0.02271737815,0.8668456317,0.4794278407,0,1
1649,54966666667,0,0,-0.532966263,-1.093725979,2.087938496,0.1353387338,-0.02186069863,0.8661952504,0.4805323353,0,1
1650,55000000000,0,1,-0.536289635,-1.086243453,2.093494737,0.1370420532,-0.02179773559,0.865692958,0.4809574169,0,1
1651,55033333333,0,0,-0.538503988,-1.081022594,2.095589739,0.1387926843,-0.02069951222,0.8641260392,0.4833159519,0,1
1652,55066666667,0,0,-0.5399520011,-1.076090627,2.09823202,0.14091606,-0.01742043293,0.8625513723,0.4856380573,0,1
1653,55100000000,0,0,-0.5423691929,-1.070982164,2.102247454,0.1444153041,-0.01412732517,0.8609411398,0.4875704999,0,1
1654,55133333333,0,0,-0.5452296473,-1.065645335,2.10569865,0.1487887614,-0.01189140338,0.8584651864,0.4906709923,0,1
1655,55166666667,0,0,-0.5488555428,-1.06036086,2.105929205,0.1523678768,-0.009351530456,0.855936772,0.4940332189,0,1
1656,55200000000,0,1,-0.5512383616,-1.055110036,2.109476578,0.1544903458,-0.008113241167,0.8547845575,0.4953890073,0,1
1657,55233333333,0,0,-0.5538328833,-1.050373703,2.111696083,0.1560296142,-0.006781725961,0.8531458023,0.4977459268,0,1
1658,55266666667,0,0,-0.5559036818,-1.046103599,2.113001097,0.1569415059,-0.004755691947,0.8518229733,0.4997443039,0,1
1659,55300000000,0,0,-0.5570425133,-1.042179138,2.11449544,0.1577463519,-0.000505486557,0.850391225,0.5019468073,0,1
1660,55333333333,0,0,-0.5578627728,-1.038347472,2.116260319,0.1599170175,0.00322576742,0.8490643072,0.503493738,0,1
1661,55366666667,0,0,-0.5589807186,-1.035213767,2.120261203,0.1632759086,0.004488654658,0.8482933224,0.5037055378,0,1
1662,55400000000,0,0,-0.5605102081,-1.031863443,2.121655227,0.1667911025,0.004062055637,0.8474732091,0.5039378807,0,1
1663,55433333333,0,0,-0.5612098289,-1.02874589,2.123412928,0.1692968554,0.004120031118,0.8473613365,0.5032895444,0,1
1664,55466666667,0,1,-0.5611024232,-1.026279929,2.127123437,0.1710922679,0.004398016648,0.8478052631,0.501930602,0,1
1665,55500000000,0,0,-0.5619436585,-1.023711083,2.129832739,0.1729046074,0.005084862358,0.84800408,0.5009662875,0,1
1666,55533333333,0,0,-0.5623999303,-1.021240119,2.133536055,0.1743685362,0.00625608292,0.8478169364,0.5007623361,0,1
1667,55566666667,0,0,-0.5625362888,-1.018447368,2.135166273,0.1760805694,0.008115887336,0.8472794062,0.5010462786,0,1
1668,55600000000,0,0,-0.5627847961,-1.015834883,2.13919833,0.1782448803,0.01004923144,0.8468983139,0.500890229,0,1
1669,55633333333,0,0,-0.5636117399,-1.012245472,2.14154008,0.180518081,0.01232606674,0.8459688791,0.5015954008,0,1
1670,55666666667,0,0,-0.5645989347,-1.009300092,2.145606705,0.1822467712,0.0143213358,0.8448878253,0.5027380794,0,1
1671,55700000000,0,0,-0.5652501204,-1.006190683,2.149630547,0.1841061917,0.015662428,0.8429766119,0.5052227531,0,1
1672,55733333333,0,0,-0.5660310715,-1.002416926,2.152340981,0.1860807825,0.01556201082,0.8407668867,0.508175962,0,1
1673,55766666667,0,1,-0.5652054509,-0.9999607971,2.153693049,0.1872854287,0.01462774279,0.8386584161,0.5112360105,0,1
1674,55800000000,0,0,-0.5657347117,-0.9965479627,2.1567607,0.1883248894,0.01493570264,0.8373813242,0.5129358427,0,1
1675,55833333333,0,0,-0.5665807338,-0.9939931457,2.161275342,0.1892328511,0.0155452735,0.835771124,0.5152047173,0,1
1676,55866666667,0,0,-0.5670792752,-0.9897932779,2.162438917,0.1902651885,0.01695316184,0.8338470136,0.5178908247,0,1
1677,55900000000,0,0,-0.5681347615,-0.9874878602,2.167340131,0.1919132711,0.01712846569,0.83298015,0.518671362,0,1
1678,55933333333,0,0,-0.5692243006,-0.9830932934,2.171178942,0.1943633988,0.01589377046,0.8316092673,0.5199964268,0,1
1679,55966666667,0,0,-0.5701356022,-0.9794435303,2.17316995,0.1962498347,0.01376972341,0.8308531677,0.5205568276,0,1
1680,56000000000,0,0,-0.571859376,-0.9771412138,2.177144416,0.1981348194,0.01184945704,0.8305512263,0.5203718326,0,1
1681,56033333333,0,1,-0.5726694465,-0.9766760916,2.177534519,0.2005992743,0.008580633009,0.8285479102,0.5226802698,0,1
1682,56066666667,0,0,-0.5739673911,-0.9744967043,2.181457701,0.2026783117,0.006389335918,0.8270961554,0.5242066654,0,1
1683,56100000000,0,0,-0.5753350716,-0.9722558994,2.184227256,0.2044795677,0.004779250892,0.825602726,0.5258758446,0,1
1684,56133333333,0,0,-0.5768148776,-0.9702205463,2.187473499,0.2063642462,0.003653790693,0.8238249654,0.5279326417,0,1
1685,56166666667,0,0,-0.5785585212,-0.9679820064,2.19096407,0.2080320436,0.002874175479,0.8217077135,0.5305759526,0,1
1686,56200000000,0,0,-0.5796665965,-0.9656926298,2.193327044,0.2088426668,0.001674384149,0.819195566,0.5341353402,0,1
1687,56233333333,0,1,-0.5810473581,-0.9638970437,2.1958313,0.2088088265,0.00023482723,0.8172179115,0.53717195,0,1
1688,56266666667,0,0,-0.5830533184,-0.9623530545,2.197808367,0.2089784845,-0.001384209341,0.815083335,0.5403380738,0,1
1689,56300000000,0,0,-0.5848596728,-0.9597495775,2.19962771,0.2089512736,-0.003194065794,0.8136325039,0.542523098,0,1
1690,56333333333,0,0,-0.5857257031,-0.958708434,2.201636605,0.207901542,-0.003803214374,0.8127226216,0.5442834047,0,1
1691,56366666667,0,0,-0.5890715525,-0.9586409022,2.203214779,0.20870209,-0.002835436667,0.8109488837,0.5466235506,0,1
1692,56400000000,0,0,-0.5902953647,-0.9576043133,2.205346519,0.2097326445,-0.002407408298,0.8090031572,0.5491086539,0,1
1693,56433333333,0,0,-0.5914318694,-0.9565391842,2.207183571,0.2099310603,-0.001270894316,0.8076301404,0.5510543449,0,1
1694,56466666667,0,1,-0.5951287481,-0.9550311129,2.210521688,0.2103381407,0.0002448040419,0.8069203859,0.5519395778,0,1
1695,56500000000,0,0,-0.597689725,-0.9535850105,2.212731636,0.2109931869,0.0001580989556,0.805605691,0.5536075511,0,1
1696,56533333333,0,0,-0.5996087255,-0.9516929434,2.213974591,0.2112035585,-0.0005540576689,0.804945533,0.5544866444,0,1
1697,56566666667,0,0,-0.6022891228,-0.9504531741,2.215599408,0.2110831462,-0.001444614104,0.8052278459,0.5541208664,0,1
1698,56600000000,0,0,-0.6041912915,-0.9505825434,2.216982689,0.2112087381,-0.002840415112,0.8052058598,0.5540995618,0,1
1699,56633333333,0,0,-0.6066193754,-0.9504986345,2.217522173,0.2122050086,-0.003835097876,0.8044623611,0.5547924259,0,1
1700,56666666667,0,0,-0.6085290228,-0.9494760389,2.218292675,0.2133548011,-0.004651884134,0.8040186667,0.5549883534,0,1
1701,56700000000,0,0,-0.6101446305,-0.9500236421,2.219755414,0.2141795916,-0.004956160936,0.8038661476,0.5548889581,0,1
1702,56733333333,0,0,-0.6114517065,-0.9497423092,2.222023087,0.214682111,-0.005313486585,0.8034903613,0.5552356232,0,1
1703,56766666667,0,0,-0.6122853345,-0.9485776394,2.223473344,0.2144384741,-0.005444360499,0.8030910134,0.5559058589,0,1
1704,56800000000,0,0,-0.6133572276,-0.948287569,2.224443291,0.2138383628,-0.00536510331,0.8032887266,0.5558521314,0,1
1705,56833333333,0,0,-0.6147626062,-0.9485587803,2.225903585,0.2137692436,-0.005642460633,0.8031014257,0.5561465393,0,1
1706,56866666667,0,1,-0.6178211115,-0.9454721453,2.226018288,0.214834247,-0.0059865621,0.8032296297,0.5555470901,0,1
1707,56900000000,0,0,-0.6191901513,-0.9456920088,2.226594127,0.2153096204,-0.006716062438,0.8036807903,0.5547015857,0,1
1708,56933333333,0,0,-0.6207674256,-0.9464556145,2.227642818,0.2157241748,-0.007420416374,0.8039672731,0.5541160904,0,1
1709,56966666667,0,0,-0.6213931699,-0.9465670082,2.228733595,0.2160627217,-0.00863862093,0.8037171148,0.5543293912,0,1
1710,57000000000,0,0,-0.6223258439,-0.9456236377,2.229948142,0.2163259821,-0.009450049978,0.8041021683,0.5536546477,0,1
1711,57033333333,0,0,-0.6238014778,-0.9458620368,2.230597297,0.2163278713,-0.01035444395,0.804877552,0.5525098767,0,1
1712,57066666667,0,0,-0.6251412623,-0.9477699712,2.23176706,0.2161556532,-0.01104119473,0.8054159949,0.5517788513,0,1
1713,57100000000,0,0,-0.6268308368,-0.9486585698,2.232205173,0.2168958355,-0.01192242501,0.8049249213,0.5521864934,0,1
1714,57133333333,0,0,-0.6271041099,-0.9477116868,2.234319341,0.2166714037,-0.01286521817,0.8052765953,0.5517405133,0,1
1715,57166666667,0,0,-0.6285656799,-0.9485277324,2.234799829,0.2161206468,-0.01286148754,0.8053036638,0.5519170745,0,1
1716,57200000000,0,0,-0.6289269628,-0.9488939964,2.236086928,0.2152239662,-0.01276683314,0.8051403657,0.5525075962,0,1
1717,57233333333,0,0,-0.6299120405,-0.9491340199,2.236935872,0.2143902032,-0.01184246127,0.8051753898,0.5528012198,0,1
1718,57266666667,0,0,-0.6314476172,-0.9486028057,2.237291851,0.2137069073,-0.01061651098,0.8052420061,0.5529936339,0,1
1719,57300000000,0,0,-0.6330836467,-0.9488211575,2.237366364,0.2131459546,-0.009651401093,0.805682069,0.5525866956,0,1
1720,57333333333,0,0,-0.6334523956,-0.9503906221,2.237581086,0.2122006161,-0.009489358095,0.8055515955,0.5531432705,0,1
1721,57366666667,0,0,-0.6339775326,-0.9487966572,2.238992278,0.2104511023,-0.008441863788,0.8064625676,0.5525008557,0,1
1722,57400000000,0,0,-0.6359527762,-0.9499004138,2.238410994,0.2095520752,-0.008016660755,0.8067992996,0.5523572677,0,1
1723,57433333333,0,0,-0.6368788221,-0.9499559571,2.23929051,0.2082490428,-0.008716326554,0.8071245191,0.5523643477,0,1
1724,57466666667,0,0,-0.6366843383,-0.9506922955,2.239850188,0.205096402,-0.008676459107,0.8074548339,0.5530613674,0,1
1725,57500000000,0,1,-0.6382084299,-0.9508409324,2.239285795,0.2023159435,-0.006793321998,0.8070207771,0.5547428009,0,1
1726,57533333333,0,0,-0.6394326071,-0.9503640353,2.238775722,0.2003319654,-0.004828528313,0.8063750714,0.5564198353,0,1
1727,57566666667,0,0,-0.6419055875,-0.9499563979,2.237116227,0.2004574269,-0.003679830462,0.8062237741,0.5566026454,0,1
1728,57600000000,0,0,-0.6429644037,-0.9499078322,2.23757916,0.2007917783,-0.00376879636,0.8068645759,0.5555519905,0,1
1729,57633333333,0,0,-0.6438381773,-0.9495955166,2.237562959,0.2000560822,-0.004391218216,0.807767889,0.5544991602,0,1
1730,57666666667,0,0,-0.6447943599,-0.9513232008,2.237189238,0.1988074674,-0.005188458791,0.8083032843,0.5541610519,0,1
1731,57700000000,0,0,-0.6462491131,-0.9521203191,2.236751367,0.1984783531,-0.005484006958,0.807736718,0.5551014894,0,1
1732,57733333333,0,0,-0.6466807048,-0.9509281959,2.235931988,0.1976553568,-0.00504159022,0.8077545001,0.5553733969,0,1
1733,57766666667,0,0,-0.6493627912,-0.9504551187,2.235395296,0.1975716311,-0.004429220873,0.8080500063,0.5549783959,0,1
1734,57800000000,0,0,-0.6513189137,-0.9497389642,2.234512244,0.1969899274,-0.00525506115,0.8081670447,0.5550075501,0,1
1735,57833333333,0,0,-0.6529117396,-0.948093383,2.233132914,0.1954423192,-0.005925372735,0.8088556906,0.5545445533,0,1
1736,57866666667,0,0,-0.6550153223,-0.9491158804,2.232286515,0.1938564664,-0.005901623899,0.8089954112,0.5548975275,0,1
1737,57900000000,0,0,-0.6577310535,-0.9480673878,2.230727835,0.1939826136,-0.005908116422,0.8083420188,0.5558048402,0,1
1738,57933333333,0,0,-0.6584895926,-0.9472365206,2.229477656,0.1934826148,-0.006309341815,0.808046025,0.5564047911,0,1
1739,57966666667,0,0,-0.6604873784,-0.9469748244,2.229247203,0.1928370747,-0.005714478172,0.8076095984,0.5572682873,0,1
1740,58000000000,0,0,-0.6629722528,-0.9457986722,2.226344378,0.1924002549,-0.004471306929,0.8065744138,0.558927423,0,1
1741,58033333333,0,1,-0.6688626053,-0.9451415048,2.220736748,0.1936339398,-0.002512827713,0.8052197891,0.560464695,0,1
1742,58066666667,0,0,-0.6714492217,-0.944612702,2.219800467,0.1936833515,-0.001570669023,0.8053102226,0.5603211023,0,1
1743,58100000000,0,0,-0.6742297289,-0.943205758,2.217661494,0.1950610891,-0.002032593252,0.8049687368,0.5603323772,0,1
1744,58133333333,0,0,-0.6763619391,-0.9430685126,2.215604311,0.1971485161,-0.003339663821,0.8046813838,0.5600081962,0,1
1745,58166666667,0,0,-0.6785395308,-0.9425327307,2.213042389,0.2003548655,-0.005077695011,0.8040790249,0.559722312,0,1
1746,58200000000,0,0,-0.6804105965,-0.9417027426,2.210561132,0.2037575145,-0.006869695473,0.8037249969,0.5589828368,0,1
1747,58233333333,0,0,-0.6827108121,-0.9416164954,2.20928157,0.2073346713,-0.00832385867,0.8033828954,0.5581388455,0,1
1748,58266666667,0,0,-0.6849867137,-0.940272718,2.207818849,0.2111835706,-0.01048730433,0.802425511,0.5580365717,0,1
1749,58300000000,0,0,-0.6857274668,-0.9402863896,2.207259899,0.2127664416,-0.0122535085,0.8018616392,0.5582098212,0,1
1750,58333333333,0,0,-0.6873347927,-0.9407208825,2.205779086,0.2137396383,-0.01203680175,0.8000899176,0.5603807689,0,1
1751,58366666667,0,1,-0.6913059587,-0.9387901853,2.201242451,0.2162515793,-0.01040180351,0.7976990641,0.5628527871,0,1
1752,58400000000,0,0,-0.6941320441,-0.9374278157,2.199065645,0.2195213133,-0.01028967963,0.7965380119,0.5632332652,0,1
1753,58433333333,0,0,-0.6961928738,-0.9362492975,2.197823353,0.2229179023,-0.01127585381,0.7959247016,0.5627471309,0,1
1754,58466666667,0,0,-0.697928243,-0.935338157,2.197434002,0.2251302696,-0.01268724275,0.795608865,0.5622827843,0,1
1755,58500000000,0,0,-0.7002621861,-0.9347049739,2.195532227,0.2259426035,-0.01399746388,0.7946410255,0.5632935749,0,1
1756,58533333333,0,0,-0.7019036133,-0.9331208715,2.193924967,0.2256390928,-0.01488296092,0.7940520665,0.5642223081,0,1
1757,58566666667,0,0,-0.7038369317,-0.9323333333,2.190714887,0.2261156542,-0.01472518576,0.793240708,0.565176131,0,1
1758,58600000000,0,0,-0.7065656569,-0.9324028396,2.187589228,0.228615563,-0.01444585244,0.7927214569,0.564906128,0,1
1759,58633333333,0,0,-0.7092707631,-0.9327589428,2.186548123,0.232582137,-0.01537569765,0.7922196808,0.5639655262,0,1
1760,58666666667,0,0,-0.7105653147,-0.930504885,2.185351993,0.2350988248,-0.01612577682,0.7921470423,0.5630022782,0,1
1761,58700000000,0,0,-0.7119579571,-0.9304818904,2.184096913,0.2353790946,-0.01608858536,0.7929992015,0.5616850592,0,1
1762,58733333333,0,1,-0.716959413,-0.9324158141,2.180222409,0.2370427982,-0.01575160535,0.7921958867,0.5621283447,0,1
1763,58766666667,0,0,-0.7184068307,-0.9308215378,2.17860844,0.2383008741,-0.01583578111,0.792139834,0.5616728628,0,1
1764,58800000000,0,0,-0.7208139527,-0.9310715748,2.177089288,0.2401997325,-0.01557282028,0.7922432859,0.5607246665,0,1
1765,58833333333,0,0,-0.722758573,-0.9313047763,2.176279443,0.2427597029,-0.01596670892,0.7914035788,0.5607969029,0,1
1766,58866666667,0,0,-0.7244853385,-0.9296613119,2.17458361,0.2449766129,-0.01590947267,0.7905482739,0.5610407958,0,1
1767,58900000000,0,0,-0.7264171612,-0.9285362502,2.173293888,0.246197938,-0.01568577499,0.7901628449,0.5610554432,0,1
1768,58933333333,0,0,-0.7284743221,-0.9268199301,2.172983175,0.2471477673,-0.01616013675,0.7900447626,0.5607906064,0,1
1769,58966666667,0,0,-0.7307628662,-0.9247826328,2.170945713,0.2479472195,-0.01673255339,0.7898483848,0.5606975362,0,1
1770,59000000000,0,0,-0.7322815765,-0.9235909035,2.169012171,0.2487082948,-0.01724022608,0.7900798629,0.5600185434,0,1
1771,59033333333,0,0,-0.7335006473,-0.9234408312,2.167358952,0.2499279435,-0.01732235589,0.7900778628,0.5594755846,0,1
1772,59066666667,0,0,-0.7350060389,-0.9228170915,2.16584852,0.2513804739,-0.01656356572,0.7900492932,0.558887842,0,1
1773,59100000000,0,0,-0.737171582,-0.9221591773,2.164742897,0.2526675691,-0.01581125103,0.7900624037,0.5583103995,0,1
1774,59133333333,0,0,-0.7385461701,-0.9213100866,2.165193549,0.2525521596,-0.01554948298,0.7904924345,0.5577609983,0,1
1775,59166666667,0,0,-0.7400758456,-0.9208243068,2.163710226,0.2508084666,-0.01535653733,0.7904004291,0.5586827826,0,1
1776,59200000000,0,0,-0.7410677523,-0.9194888419,2.161211825,0.2488047713,-0.01484673975,0.7914092198,0.5581641398,0,1
1777,59233333333,0,0,-0.7433298593,-0.9220140371,2.159067424,0.2489330815,-0.01392806361,0.7920087579,0.5572795146,0,1
1778,59266666667,0,0,-0.7444761274,-0.9226010717,2.158014908,0.2504267902,-0.01324452612,0.7918602123,0.5568378663,0,1
1779,59300000000,0,0,-0.7449728244,-0.9226463617,2.158231197,0.251104524,-0.01231265448,0.7923724597,0.5558244342,0,1
1780,59333333333,0,0,-0.7456030107,-0.9233416003,2.157548917,0.2509269688,-0.0106769069,0.7923317906,0.5559963971,0,1
1781,59366666667,0,0,-0.7471378187,-0.9229588222,2.157748415,0.2507604589,-0.009094263363,0.7923121012,0.556127702,0,1
1782,59400000000,0,1,-0.7499541839,-0.924445823,2.154734483,0.250860404,-0.007596857086,0.7913196471,0.5575164228,0,1
1783,59433333333,0,0,-0.7515389642,-0.9233314589,2.154203209,0.2512643459,-0.007158471693,0.7911791962,0.5575396527,0,1
1784,59466666667,0,0,-0.7528165205,-0.9232243681,2.153230101,0.2518936302,-0.006780965197,0.7911389947,0.5573174219,0,1
1785,59500000000,0,0,-0.7541873477,-0.9242952402,2.152238892,0.2524018929,-0.005367929226,0.7905275986,0.557970058,0,1
1786,59533333333,0,0,-0.7560060917,-0.9242434632,2.152370271,0.2535298961,-0.003472248027,0.789738984,0.5585900755,0,1
1787,59566666667,0,0,-0.7581951376,-0.9225001773,2.152951198,0.2544477055,-0.001931409909,0.7894053911,0.558651737,0,1
1788,59600000000,0,0,-0.7600661155,-0.9210571902,2.152304008,0.2538690712,-0.0001149844898,0.7896860143,0.5585216919,0,1
1789,59633333333,0,0,-0.763013239,-0.9204530042,2.151508502,0.2527828934,0.002087106528,0.7902107062,0.5582682981,0,1
1790,59666666667,0,0,-0.7662348488,-0.9207329848,2.150817418,0.2527466828,0.003570535126,0.7904469586,0.5579426237,0,1
1791,59700000000,0,0,-0.7694586483,-0.9204257198,2.14930658,0.2539559077,0.005034288202,0.7903533997,0.5575146244,0,1
1792,59733333333,0,0,-0.7731403941,-0.920724592,2.148625909,0.25594972,0.00589415298,0.7902707924,0.5567109433,0,1
1793,59766666667,0,0,-0.7762670931,-0.919821428,2.148065314,0.2578470941,0.005755294535,0.7900118335,0.5562041492,0,1
1794,59800000000,0,0,-0.7803350829,-0.9183765232,2.146832419,0.2599192083,0.0047296904,0.7900131693,0.5552466366,0,1
1795,59833333333,0,0,-0.7837221469,-0.9186037552,2.146684377,0.2612803094,0.002713596129,0.7901837171,0.5543779664,0,1
1796,59866666667,0,0,-0.7871831178,-0.9170786437,2.144196629,0.2626315787,0.001552461,0.7899668226,0.5540529424,0,1
1797,59900000000,0,1,-0.792048032,-0.9175319923,2.13890608,0.2655492238,0.00108144171,0.789269003,0.5536577292,0,1
1798,59933333333,0,0,-0.7953998882,-0.917947558,2.137210684,0.269468386,-0.0003415505503,0.7894821997,0.5514567333,0,1
1799,59966666667,0,0,-0.7983819608,-0.9175431247,2.136050308,0.2725078173,-0.001200673274,0.7900760403,0.5491064546,0,1
1800,60000000000,0,0,-0.8018526781,-0.9175733092,2.135051442,0.2740361903,-0.0009255214128,0.7910684929,0.5469131095,0,1
1801,60033333333,0,0,-0.8063530558,-0.9190013706,2.133728264,0.2756512981,-0.0007832129497,0.7907544425,0.5465557246,0,1
1802,60066666667,0,0,-0.8104551127,-0.9186899779,2.132173286,0.277136838,-0.0005669940978,0.7898669363,0.5470878124,0,1
1803,60100000000,0,0,-0.8152951602,-0.9183467868,2.130705225,0.2789263124,-0.000389613741,0.7892664677,0.5470451566,0,1
1804,60133333333,0,0,-0.820386144,-0.9171443234,2.129362486,0.2821570901,-0.001807786987,0.7885972472,0.5463501534,0,1
1805,60166666667,0,0,-0.8254035291,-0.9160825257,2.128288404,0.2855766897,-0.004722151367,0.7882587725,0.5450429002,0,1
1806,60200000000,0,0,-0.8296281668,-0.9151931185,2.126855936,0.2873482919,-0.007414324397,0.7884264282,0.5438379853,0,1
1807,60233333333,0,1,-0.8348061011,-0.9169271922,2.122374226,0.2878020595,-0.008867895637,0.7879164141,0.5443152206,0,1
1808,60266666667,0,0,-0.8394277211,-0.9172020605,2.120141217,0.2880065676,-0.008824574493,0.787636767,0.5446124009,0,1
1809,60300000000,0,0,-0.8448667285,-0.9169552738,2.117866033,0.289094499,-0.007708037972,0.7872011544,0.544682751,0,1
1810,60333333333,0,0,-0.8503509443,-0.9169640265,2.116633871,0.2911008903,-0.00759143421,0.7866544314,0.5444055909,0,1
1811,60366666667,0,0,-0.8551636627,-0.9162143453,2.115567292,0.2923718599,-0.008370615629,0.7860989586,0.5445154319,0,1
1812,60400000000,0,0,-0.8601015422,-0.9143189817,2.114891169,0.292302079,-0.009219582355,0.786216306,0.5443697403,0,1
1813,60433333333,0,0,-0.8654397172,-0.9145570737,2.113148185,0.2920657667,-0.01025180083,0.7860881475,0.5446631187,0,1
1814,60466666667,0,0,-0.870066145,-0.9139233382,2.110090757,0.293024779,-0.01178498585,0.7849066672,0.5458196742,0,1
1815,60500000000,0,0,-0.8741377826,-0.9118694334,2.107811765,0.2943656171,-0.0131914154,0.7846776888,0.5453950814,0,1
1816,60533333333,0,0,-0.8782855032,-0.9125130435,2.105247606,0.2957997753,-0.01442062668,0.7845822944,0.5447248496,0,1
1817,60566666667,0,0,-0.8815948826,-0.912100861,2.103841607,0.2971478248,-0.01557270142,0.7846629607,0.5438425317,0,1
1818,60600000000,0,0,-0.8856795026,-0.9118755284,2.101629215,0.2983806246,-0.01621114566,0.7848512774,0.5428762971,0,1
1819,60633333333,0,1,-0.8897628353,-0.9121622522,2.097369207,0.2992501433,-0.01604853964,0.7846298698,0.5427225474,0,1
1820,60666666667,0,0,-0.8933855133,-0.9128763965,2.096187657,0.2995532138,-0.01566794655,0.7852409111,0.5416817323,0,1
1821,60700000000,0,0,-0.8968573704,-0.9136945103,2.094409556,0.3005574973,-0.01535183854,0.7852702091,0.541091684,0,1
1822,60733333333,0,0,-0.9004415447,-0.9133196265,2.093152889,0.3019405498,-0.01501885525,0.78556746,0.539898235,0,1
1823,60766666667,0,0,-0.9035987727,-0.914471272,2.092512777,0.3027067303,-0.01488397355,0.7858185545,0.5391069488,0,1
1824,60800000000,0,0,-0.9071527433,-0.9145987821,2.091875766,0.3032609577,-0.01455357535,0.7857748262,0.5388681727,0,1
1825,60833333333,0,0,-0.9110104963,-0.915033868,2.091444967,0.3039072805,-0.01450688182,0.7855095183,0.5388921153,0,1
1826,60866666667,0,0,-0.9143944154,-0.9145299869,2.091291524,0.3048992751,-0.01479904559,0.7850562303,0.5389843556,0,1
1827,60900000000,0,0,-0.9176511061,-0.9143637327,2.091037802,0.3061170977,-0.01572060367,0.784634604,0.5388819196,0,1
1828,60933333333,0,0,-0.9210324195,-0.914330169,2.091043727,0.307443716,-0.01688419635,0.7842334734,0.538675361,0,1
1829,60966666667,0,0,-0.9237351383,-0.9136940301,2.090875202,0.3083841516,-0.01792476672,0.7840213861,0.5384128378,0,1
1830,61000000000,0,0,-0.9270598964,-0.9144712985,2.090847342,0.3090680692,-0.0182167675,0.7835679198,0.5386709507,0,1
1831,61033333333,0,1,-0.9306226229,-0.9137854039,2.090170697,0.310103434,-0.01798176228,0.7827698783,0.5392437612,0,1
1832,61066666667,0,0,-0.9340729028,-0.9125033786,2.089975157,0.311039885,-0.01745703808,0.782421242,0.5392276345,0,1
1833,61100000000,0,0,-0.9368349219,-0.9123313011,2.08939237,0.3118600902,-0.0172431212,0.7818896079,0.5395318341,0,1
1834,61133333333,0,0,-0.9395372546,-0.9121747224,2.088811172,0.3128645581,-0.01730720468,0.7816431589,0.5393052948,0,1
1835,61166666667,0,0,-0.9423977614,-0.9115719749,2.088329022,0.3139971729,-0.0174855031,0.7814768584,0.5388821322,0,1
1836,61200000000,0,0,-0.9449346002,-0.9122298369,2.087896848,0.3147506898,-0.0176316144,0.7814958058,0.5384100993,0,1
1837,61233333333,0,0,-0.9475083513,-0.9127917508,2.087412903,0.31577354,-0.0172302738,0.7811816984,0.5382799859,0,1
1838,61266666667,0,0,-0.9504741676,-0.9132856773,2.086724229,0.3172069192,-0.01621362598,0.7805106458,0.5384422165,0,1
1839,61300000000,0,0,-0.952956161,-0.9135345678,2.086622894,0.3188251222,-0.01495603097,0.7796215521,0.5388108147,0,1
1840,61333333333,0,0,-0.9557054495,-0.9133651393,2.087688954,0.320868277,-0.01402130942,0.7786343383,0.5390505717,0,1
1841,61366666667,0,0,-0.958879141,-0.9115776493,2.086387623,0.3233033287,-0.0133523721,0.7771521569,0.5397510508,0,1
1842,61400000000,0,0,-0.9612347765,-0.9104870864,2.085460351,0.3248072842,-0.01300361726,0.7766897444,0.5395221728,0,1
1843,61433333333,0,0,-0.9639791609,-0.9106092357,2.085718122,0.3265023562,-0.01259885856,0.7761157404,0.5393346249,0,1
1844,61466666667,0,0,-0.9665200517,-0.9098010659,2.084948919,0.32861829,-0.0122059344,0.7754110224,0.5390721482,0,1
1845,61500000000,0,0,-0.9689136504,-0.9098122632,2.085678795,0.3302882307,-0.01239159162,0.7750290961,0.5385963547,0,1
1846,61533333333,0,0,-0.9711498619,-0.9094083269,2.08542024,0.3311712968,-0.01243273495,0.7746154697,0.5386481907,0,1
1847,61566666667,0,0,-0.9730711909,-0.9089469826,2.085705682,0.3314203907,-0.01269358196,0.7745897476,0.5385258773,0,1
1848,61600000000,0,0,-0.9753762903,-0.9084938894,2.084432645,0.3316732529,-0.01236139526,0.7743725369,0.5386902851,0,1
1849,61633333333,0,0,-0.9773552521,-0.9090848763,2.084241477,0.3321095749,-0.01232494623,0.7742175368,0.5386450888,0,1
1850,61666666667,0,1,-0.9805966178,-0.907488278,2.081450903,0.3348374553,-0.01255435288,0.7732282605,0.5383719197,0,1
1851,61700000000,0,0,-0.9825160634,-0.9077143399,2.08206375,0.3370731697,-0.01364502181,0.7730905045,0.5371466871,0,1
1852,61733333333,0,0,-0.9846825272,-0.9068911726,2.08260023,0.3382281973,-0.01513173042,0.773147233,0.5362984928,0,1
1853,61766666667,0,0,-0.9863252722,-0.9064066773,2.083023592,0.3376487627,-0.01702267326,0.7734627732,0.5361519189,0,1
1854,61800000000,0,0,-0.9877278209,-0.9055847966,2.081536504,0.3355286028,-0.01775513907,0.7739121485,0.5368103,0,1
1855,61833333333,0,0,-0.9900584491,-0.9054858092,2.078386007,0.334253379,-0.01748751328,0.7738825027,0.5376567098,0,1
1856,61866666667,0,0,-0.9925215767,-0.9043226656,2.074965632,0.3350582806,-0.01746913406,0.7738218529,0.5372434439,0,1
1857,61900000000,0,0,-0.995088658,-0.9031901877,2.07356871,0.3358336602,-0.01814897206,0.7750457595,0.5349676983,0,1
1858,61933333333,0,0,-0.9978394399,-0.9034909981,2.074037316,0.3347206329,-0.01914212596,0.77662303,0.5333407412,0,1
1859,61966666667,0,0,-0.9996212913,-0.9032818212,2.071506322,0.3324735241,-0.01955098841,0.7771638349,0.5339433381,0,1
1860,62000000000,0,0,-1.00195902,-0.9034031594,2.068932239,0.3296078076,-0.01836080661,0.7776631766,0.535034165,0,1
1861,62033333333,0,0,-1.004293242,-0.9033931391,2.065775828,0.3277129953,-0.01668380146,0.7772675528,0.53682492,0,1
1862,62066666667,0,0,-1.007083854,-0.9011850345,2.063040253,0.326463785,-0.01496381566,0.7774304655,0.5374005513,0,1
1863,62100000000,0,1,-1.010455111,-0.9010019338,2.060215804,0.3248020362,-0.01388912049,0.7776743007,0.5380830899,0,1
1864,62133333333,0,0,-1.013030459,-0.8995827073,2.056191425,0.3240762146,-0.01355027244,0.7775380647,0.5387258627,0,1
1865,62166666667,0,0,-1.015333335,-0.8988529613,2.052534746,0.3232052758,-0.01305401631,0.7778726303,0.5387783528,0,1
1866,62200000000,0,0,-1.017954438,-0.898831078,2.048024923,0.3236592799,-0.01234655328,0.7772667603,0.5393965299,0,1
1867,62233333333,0,0,-1.021048428,-0.8963579158,2.045138695,0.3248349704,-0.01293527852,0.7774351023,0.5384325234,0,1
1868,62266666667,0,0,-1.023907038,-0.8945592774,2.042450046,0.3248457158,-0.01465054373,0.7783383356,0.5370754676,0,1
1869,62300000000,0,0,-1.026008353,-0.8937632294,2.037189881,0.3237641348,-0.01546752422,0.7786148107,0.5373048644,0,1
1870,62333333333,0,0,-1.028825052,-0.8949205868,2.032140915,0.3231840366,-0.01560279651,0.7782999324,0.5381057948,0,1
1871,62366666667,0,0,-1.030616807,-0.8944034537,2.027745176,0.3236286949,-0.01491493368,0.7768721267,0.5399182451,0,1
1872,62400000000,0,0,-1.03259068,-0.8932779301,2.021770848,0.3248284392,-0.01294186254,0.7752659129,0.5415549442,0,1
1873,62433333333,0,0,-1.035898905,-0.891090559,2.015039566,0.3275457497,-0.01105004847,0.7737468861,0.5421323035,0,1
1874,62466666667,0,1,-1.037815666,-0.8882512023,2.009281498,0.3313385283,-0.01130006791,0.773058143,0.5408032874,0,1
1875,62500000000,0,0,-1.040006702,-0.886206761,2.00397178,0.3347982754,-0.011808219,0.7733598399,0.5382241529,0,1
1876,62533333333,0,0,-1.042337481,-0.8852066411,1.998660175,0.3371980822,-0.01256410807,0.7741168961,0.5356142528,0,1
1877,62566666667,0,0,-1.044309261,-0.8853229271,1.993902611,0.3377063148,-0.01290185346,0.7748286265,0.53425517,0,1
1878,62600000000,0,0,-1.046704193,-0.8843033526,1.988362241,0.3373864065,-0.01213135906,0.7753661476,0.5336952126,0,1
1879,62633333333,0,0,-1.049119734,-0.8836736283,1.98350176,0.3368403381,-0.0114652138,0.7758258052,0.5333867785,0,1
1880,62666666667,0,0,-1.052047328,-0.882263383,1.9771614,0.3373745263,-0.01114693541,0.7757829993,0.533118104,0,1
1881,62700000000,0,1,-1.055642762,-0.8777004622,1.970926596,0.3387501585,-0.01176577838,0.7764181327,0.5313047899,0,1
1882,62733333333,0,0,-1.058476836,-0.8766384693,1.965929248,0.3399581385,-0.01434879184,0.7774181546,0.5290024472,0,1
1883,62766666667,0,0,-1.060147135,-0.8756016876,1.959516187,0.3410118498,-0.01716788236,0.7784623921,0.5266996166,0,1
1884,62800000000,0,0,-1.061435417,-0.8763982309,1.953249882,0.3414277082,-0.01776006082,0.7790505264,0.5255397012,0,1
1885,62833333333,0,0,-1.062784427,-0.8762652956,1.947442705,0.3424282865,-0.0157617766,0.7781788188,0.5262434428,0,1
1886,62866666667,0,0,-1.063937774,-0.8748308683,1.94097699,0.3438968302,-0.011538653,0.7770845933,0.5270117309,0,1
1887,62900000000,0,1,-1.066990642,-0.8724485877,1.937444435,0.3463833529,-0.008287061671,0.77650006,0.5263055712,0,1
1888,62933333333,0,0,-1.068375678,-0.8701829758,1.934069781,0.3480040056,-0.006732345981,0.7760970691,0.5258528567,0,1
1889,62966666667,0,0,-1.069473751,-0.8675320979,1.930242311,0.3478443427,-0.005251698944,0.7768103896,0.5249212813,0,1
1890,63000000000,0,0,-1.071353145,-0.866877624,1.9253903,0.3482390355,-0.00477436855,0.7773288686,0.5238956094,0,1
1891,63033333333,0,0,-1.072844392,-0.866208411,1.921521175,0.3494781633,-0.004857636821,0.7774871103,0.5228338265,0,1
1892,63066666667,0,0,-1.074045105,-0.8656752323,1.917276155,0.3511694207,-0.004130915745,0.7770347456,0.5223791513,0,1
1893,63100000000,0,0,-1.075867629,-0.8644866256,1.913516548,0.3537221234,-0.002678427032,0.776079494,0.5220862998,0,1
1894,63133333333,0,0,-1.076941037,-0.8634114376,1.910638326,0.3557488308,-0.001679555069,0.7751624059,0.5220758498,0,1
1895,63166666667,0,0,-1.078362766,-0.861506541,1.906982653,0.3581427781,-0.0007388386603,0.7745819756,0.5213021847,0,1
1896,63200000000,0,0,-1.080244757,-0.860619189,1.903574273,0.3612471499,-0.0006257578808,0.7739720164,0.5200648257,0,1
1897,63233333333,0,1,-1.081260536,-0.8603487725,1.902578094,0.3638015909,-0.001106675751,0.7735266614,0.5189447773,0,1
1898,63266666667,0,0,-1.082712625,-0.8585510789,1.899313839,0.3667447022,-0.0006896562939,0.7724780533,0.5184356325,0,1
1899,63300000000,0,0,-1.0848427,-0.8580723035,1.895864181,0.3706413977,-0.001027477714,0.7712544116,0.5174848126,0,1
1900,63333333333,0,0,-1.086675342,-0.8568518127,1.893465755,0.3752781647,-0.00197618698,0.7699738523,0.5160452118,0,1
1901,63366666667,0,0,-1.088415517,-0.8552772855,1.891283484,0.3791837866,-0.00196961505,0.7686966157,0.5150934766,0,1
1902,63400000000,0,0,-1.090557224,-0.8544509148,1.887704849,0.3831441697,-0.001469514977,0.7670911251,0.5145576659,0,1
1903,63433333333,0,0,-1.092773905,-0.8545790307,1.885210486,0.3876386966,-0.001438739039,0.7650198425,0.5142750349,0,1
1904,63466666667,0,0,-1.094978586,-0.8527287269,1.881856043,0.3928559699,-0.002066108678,0.7626407636,0.5138472378,0,1
1905,63500000000,0,0,-1.09708602,-0.8513923177,1.879394701,0.3974709748,-0.002746374287,0.7612787786,0.5123123099,0,1
1906,63533333333,0,0,-1.100394113,-0.8500815964,1.877041176,0.4028543278,-0.004414274881,0.7598754968,0.5101746114,0,1
1907,63566666667,0,1,-1.103811782,-0.8490085322,1.873809241,0.4081340312,-0.006055409985,0.7584155716,0.5081296738,0,1
1908,63600000000,0,0,-1.10695811,-0.8486737829,1.87058213,0.4129379394,-0.007098496947,0.7567243817,0.5067544569,0,1
1909,63633333333,0,0,-1.110699279,-0.8494193239,1.868132005,0.4173723583,-0.0072717662,0.754521938,0.5064030815,0,1
1910,63666666667,0,0,-1.114029237,-0.8486159952,1.865601718,0.421971555,-0.007182717022,0.7516852009,0.5068113793,0,1
1911,63700000000,0,0,-1.117315692,-0.8459995478,1.862101033,0.4270499436,-0.007100893109,0.7492277548,0.506197288,0,1
1912,63733333333,0,0,-1.121538526,-0.8452704742,1.860192962,0.4316823803,-0.008107109585,0.7475759137,0.5046928279,0,1
1913,63766666667,0,0,-1.124836345,-0.8435587553,1.856064488,0.43568724,-0.008931843992,0.7459927288,0.5035788912,0,1
1914,63800000000,0,0,-1.12894181,-0.843019166,1.852612245,0.4390772985,-0.009428893874,0.7449685878,0.5021394479,0,1
1915,63833333333,0,0,-1.132971582,-0.841896801,1.848663903,0.4430415787,-0.009877747242,0.7438752309,0.5002661597,0,1
1916,63866666667,0,1,-1.135712249,-0.8444037397,1.84687497,0.4461480376,-0.01113518079,0.742778178,0.4991077184,0,1
1917,63900000000,0,0,-1.139511982,-0.8431761112,1.843791864,0.4499583531,-0.01128115482,0.7412895822,0.4978955426,0,1
1918,63933333333,0,0,-1.144254396,-0.843661446,1.841589507,0.4531057897,-0.01104318889,0.7401795805,0.4966964666,0,1
1919,63966666667,0,0,-1.148951239,-0.842792605,1.839725369,0.4562427714,-0.01107365261,0.7391612449,0.4953388352,0,1
1920,64000000000,0,0,-1.154292144,-0.842699198,1.838607737,0.4582238831,-0.01172284227,0.7385818058,0.4943585379,0,1
1921,64033333333,0,0,-1.158280919,-0.8409063408,1.835410703,0.4589056583,-0.01143959492,0.738044965,0.4945344902,0,1
1922,64066666667,0,0,-1.162908595,-0.8407537809,1.832227573,0.4592852948,-0.01067825697,0.7373973268,0.4951647959,0,1
1923,64100000000,0,0,-1.16750052,-0.8400863845,1.829022059,0.4612747209,-0.01073195292,0.7361900161,0.4951108131,0,1
1924,64133333333,0,0,-1.171563656,-0.8394024346,1.826437475,0.4642868596,-0.01275899012,0.7351413377,0.4938037401,0,1
1925,64166666667,0,1,-1.173858547,-0.8389062818,1.823238176,0.466126514,-0.01512655353,0.73488355,0.4923854468,0,1
1926,64200000000,0,0,-1.179344094,-0.8383707481,1.822640985,0.4676826219,-0.01795555969,0.7353221259,0.4901550104,0,1
1927,64233333333,0,0,-1.183608806,-0.8377396379,1.820086493,0.4680217553,-0.02078804835,0.735467168,0.4895013161,0,1
1928,64266666667,0,0,-1.187271886,-0.8378134008,1.816115912,0.4682244289,-0.02278433587,0.735128096,0.4897279252,0,1
1929,64300000000,0,0,-1.191218314,-0.83862988,1.812445202,0.470035782,-0.02482844769,0.7340600559,0.4894953996,0,1
1930,64333333333,0,0,-1.194925057,-0.839212343,1.809832084,0.472221976,-0.02619111417,0.7325993496,0.4895085533,0,1
1931,64366666667,0,0,-1.198696774,-0.8376755826,1.806448149,0.4748791311,-0.02619437412,0.7312621484,0.4889369447,0,1
1932,64400000000,0,1,-1.202716422,-0.8379950334,1.805016766,0.4767291436,-0.02668134249,0.7305972193,0.4881036086,0,1
1933,64433333333,0,0,-1.207537046,-0.8372348878,1.803431041,0.478280644,-0.02766260351,0.7299526245,0.4874952019,0,1
1934,64466666667,0,0,-1.211121327,-0.8359109951,1.800536265,0.4791385393,-0.02829667945,0.7295862848,0.4871646654,0,1
1935,64500000000,0,0,-1.215375258,-0.835393931,1.797799734,0.4801068124,-0.02927541225,0.7292675287,0.4866305278,0,1
1936,64533333333,0,0,-1.219601483,-0.833533215,1.796186967,0.4807011794,-0.03068856697,0.7296019867,0.4854539412,0,1
1937,64566666667,0,0,-1.222289245,-0.8320034755,1.792723157,0.4800341202,-0.03074480694,0.7297921582,0.4858244603,0,1
1938,64600000000,0,0,-1.22538066,-0.8322049441,1.789809557,0.4787219171,-0.02956310883,0.7298398115,0.4871192854,0,1
1939,64633333333,0,0,-1.227905827,-0.8305084966,1.78737782,0.477873849,-0.02820100695,0.7297666832,0.4881412456,0,1
1940,64666666667,0,0,-1.229909407,-0.8282977588,1.784648728,0.4763156756,-0.02644765303,0.7303686155,0.4888615186,0,1
1941,64700000000,0,1,-1.230744707,-0.8282040598,1.779969472,0.4735327236,-0.02413692517,0.7313536169,0.4902102157,0,1
1942,64733333333,0,0,-1.231437379,-0.8275073956,1.775864338,0.4709356668,-0.02137972246,0.7326296232,0.4909341508,0,1
1943,64766666667,0,0,-1.232625165,-0.8273554108,1.77148358,0.4699982122,-0.01885169392,0.7334694353,0.4906820577,0,1
1944,64800000000,0,0,-1.234213289,-0.8283234587,1.768689481,0.4709419546,-0.01860079979,0.7339674725,0.489039298,0,1
1945,64833333333,0,0,-1.234182847,-0.8259451389,1.765263908,0.472605426,-0.01977412148,0.7348151452,0.4861067762,0,1
1946,64866666667,0,0,-1.234400196,-0.8269992442,1.762432115,0.4719630804,-0.01987716672,0.7367522634,0.4837890567,0,1
1947,64900000000,0,0,-1.235816722,-0.8307531275,1.761117249,0.4701690655,-0.02041685652,0.7376967493,0.4840740728,0,1
1948,64933333333,0,1,-1.237289671,-0.8345023567,1.758162417,0.4688811676,-0.02195224804,0.7360481042,0.4877517173,0,1
1949,64966666667,0,0,-1.23424312,-0.8316878574,1.752872014,0.4684086585,-0.02411949714,0.732939415,0.4927589598,0,1
1950,65000000000,0,0,-1.232053594,-0.8340222627,1.74810317,0.4672162375,-0.02368164483,0.7302479837,0.4978815616,0,1
1951,65033333333,0,0,-1.230740562,-0.8372303116,1.743088923,0.4682901523,-0.02225882964,0.7247899142,0.5048647918,0,1
1952,65066666667,0,0,-1.224885165,-0.8316943037,1.735667621,0.4720358822,-0.02140678424,0.7194064608,0.5090954917,0,1
1953,65100000000,0,0,-1.222028007,-0.8286545227,1.731789492,0.4740495938,-0.02071601503,0.7180743856,0.5091335837,0,1
1954,65133333333,0,0,-1.219656146,-0.8262688725,1.726794652,0.4747925548,-0.02114636721,0.7181948474,0.5082529118,0,1
1955,65166666667,0,1,-1.217178971,-0.8256993625,1.720609196,0.4741998123,-0.02335125621,0.7197145971,0.5065571592,0,1
1956,65200000000,0,0,-1.214084681,-0.8275913378,1.715638858,0.471776832,-0.0265023971,0.7217866116,0.5057156622,0,1
1957,65233333333,0,0,-1.210323238,-0.8296257488,1.710144547,0.4689538834,-0.02771515359,0.7227482923,0.5069014022,0,1
1958,65266666667,0,0,-1.206570933,-0.8313726202,1.703582876,0.4680462191,-0.02783442482,0.7221510612,0.5085821728,0,1
1959,65300000000,0,0,-1.203321866,-0.8322960138,1.699185218,0.4690190381,-0.02937973488,0.7216441202,0.5083185388,0,1
1960,65333333333,0,0,-1.199030815,-0.8336637184,1.693446679,0.4694491697,-0.03080522495,0.7208248598,0.5089990538,0,1
1961,65366666667,0,1,-1.193290393,-0.8344929196,1.684208578,0.4698786575,-0.03039940135,0.7196390542,0.5103033954,0,1
1962,65400000000,0,0,-1.190383163,-0.8346452876,1.67919089,0.4699605365,-0.02989393461,0.7198652374,0.5099387089,0,1
1963,65433333333,0,0,-1.184776499,-0.8364732651,1.671811217,0.4687988581,-0.02907423406,0.7194902067,0.5115820189,0,1
1964,65466666667,0,0,-1.180852072,-0.8375803024,1.66638974,0.4686233372,-0.02681848475,0.719399854,0.5119929558,0,1
1965,65500000000,0,0,-1.175784446,-0.8383971587,1.660933299,0.4685360177,-0.02515237084,0.7197640966,0.5116453885,0,1
1966,65533333333,0,0,-1.173131767,-0.8416525752,1.657439813,0.4680569646,-0.02321404836,0.7203666317,0.5113273919,0,1
1967,65566666667,0,1,-1.166671256,-0.8410765355,1.649399681,0.4689168672,-0.02458122809,0.7195293622,0.5116544066,0,1
1968,65600000000,0,0,-1.161946625,-0.8417519662,1.64338136,0.4688956114,-0.02467532549,0.7202127897,0.5107069331,0,1
1969,65633333333,0,0,-1.159322428,-0.8459203564,1.639262646,0.4686700642,-0.02467920869,0.7201058471,0.5110644545,0,1
1970,65666666667,0,0,-1.155086345,-0.844884972,1.634787668,0.4684895788,-0.02563724583,0.7194953118,0.5120417389,0,1
1971,65700000000,0,0,-1.150088329,-0.8469069683,1.628463296,0.4672606987,-0.02464194057,0.7191070406,0.5137560495,0,1
1972,65733333333,0,0,-1.148770175,-0.8478000877,1.625213455,0.4666918612,-0.02505241712,0.7190431868,0.5143422777,0,1
1973,65766666667,0,1,-1.141165244,-0.8452676202,1.615199037,0.4657228793,-0.02744689783,0.7186204646,0.5156874008,0,1
1974,65800000000,0,0,-1.134988476,-0.8436183068,1.608252566,0.4628238974,-0.02712864401,0.721813326,0.5138517286,0,1
1975,65833333333,0,0,-1.13388578,-0.849108319,1.604389933,0.4595801446,-0.02764741678,0.7258466396,0.511046345,0,1
1976,65866666667,0,0,-1.130947282,-0.8508230415,1.599433703,0.4574543692,-0.0294981646,0.7277370752,0.5101608646,0,1
1977,65900000000,0,0,-1.125989312,-0.8529139256,1.592216223,0.456916301,-0.03029441024,0.7286157733,0.5093415332,0,1
1978,65933333333,0,0,-1.125252514,-0.85920169,1.589667054,0.4568691713,-0.03168501401,0.7286257137,0.5092849787,0,1
1979,65966666667,0,1,-1.11788889,-0.8575276768,1.576665173,0.4578749015,-0.03055533819,0.7249032145,0.5137433946,0,1
1980,66000000000,0,0,-1.115620503,-0.8609347671,1.571611802,0.4587737062,-0.02828403414,0.7225580589,0.5163686197,0,1
1981,66033333333,0,0,-1.114933806,-0.8645931115,1.56877622,0.4598522292,-0.02883423957,0.7196169953,0.5194765576,0,1
1982,66066666667,0,0,-1.110638041,-0.8641865607,1.561333824,0.4592330274,-0.02691942887,0.7144465987,0.5272062485,0,1
1983,66100000000,0,0,-1.106065132,-0.8606473157,1.553939955,0.4581771001,-0.02110331116,0.7103242387,0.5339174759,0,1
1984,66133333333,0,0,-1.103379931,-0.8572695671,1.549616079,0.4555346844,-0.01526178031,0.7096260557,0.5372951615,0,1
1985,66166666667,0,1,-1.100014782,-0.8533876029,1.541806818,0.4519444485,-0.01152691722,0.7110306781,0.5385617146,0,1
1986,66200000000,0,0,-1.10094478,-0.8557223983,1.537230021,0.446646737,-0.01035706949,0.715023942,0.5377175707,0,1
1987,66233333333,0,0,-1.098529373,-0.8532042309,1.53125093,0.4422501665,-0.01198004118,0.7173308387,0.5382450526,0,1
1988,66266666667,0,0,-1.091640373,-0.8535546373,1.521005225,0.4401777515,-0.01024080134,0.7194350871,0.5371702044,0,1
1989,66300000000,0,0,-1.090507164,-0.8548314019,1.515505634,0.4409573377,-0.007733299283,0.7216928134,0.5335319161,0,1
1990,66333333333,0,0,-1.08752464,-0.8550407862,1.508655019,0.4421914338,-0.003707188826,0.7234015345,0.5302293961,0,1
1991,66366666667,0,1,-1.086978227,-0.8574492081,1.502677699,0.4450542747,-0.001338863363,0.7249840357,0.5256643873,0,1
1992,66400000000,0,0,-1.087337643,-0.8577016999,1.500360929,0.4469010913,-0.002152102497,0.7270659008,0.5212004978,0,1
1993,66433333333,0,0,-1.087177473,-0.8588347132,1.4963609,0.4474441888,-0.004434607411,0.7285514845,0.5186393415,0,1
1994,66466666667,0,0,-1.087257277,-0.8605690374,1.492046332,0.4473880616,-0.007220015921,0.7292576796,0.5176630472,0,1
1995,66500000000,0,0,-1.087596054,-0.8628298939,1.488157297,0.4469621246,-0.01095608751,0.7284140382,0.5191510495,0,1
1996,66533333333,0,0,-1.084281845,-0.8603274221,1.481375105,0.4487295701,-0.01679796466,0.7264899335,0.520165337,0,1
1997,66566666667,0,1,-1.079729816,-0.8566806432,1.473577293,0.4510122618,-0.02060246272,0.7258569505,0.5189365719,0,1
1998,66600000000,0,0,-1.077358366,-0.8552161585,1.467970069,0.4519501658,-0.02276452655,0.726366502,0.5173147288,0,1
1999,66633333333,0,0,-1.076087322,-0.8544149964,1.461989491,0.4527087639,-0.0247997257,0.7277385474,0.5146225368,0,1
2000,66666666667,0,0,-1.074547974,-0.8545093315,1.456713861,0.4534947949,-0.02808510654,0.7296395589,0.5110575426,0,1
2001,66700000000,0,0,-1.072071799,-0.8540608242,1.450371928,0.4537800245,-0.0299651904,0.7320975479,0.5071675829,0,1
2002,66733333333,0,0,-1.072617892,-0.8579739625,1.445407433,0.4529496065,-0.03045823527,0.7343840249,0.5045681854,0,1
2003,66766666667,0,1,-1.075311723,-0.8634119114,1.441940773,0.4539859221,-0.03411866833,0.7343395279,0.5034661426,0,1
2004,66800000000,0,0,-1.074871474,-0.8632826199,1.437599236,0.4568727552,-0.04145765575,0.7317777355,0.504033624,0,1
2005,66833333333,0,0,-1.072509898,-0.8630774672,1.431615279,0.4584047925,-0.04816563341,0.7291178673,0.5058974733,0,1
2006,66866666667,0,0,-1.071009139,-0.863387673,1.426500009,0.4572218444,-0.05233848448,0.727287146,0.509178039,0,1
2007,66900000000,0,0,-1.068280677,-0.8641326692,1.422351631,0.4561485976,-0.05693271756,0.7252247306,0.5125780065,0,1
2008,66933333333,0,0,-1.065341295,-0.8642318999,1.417516903,0.4572579671,-0.06288834458,0.7224431516,0.5148165697,0,1
2009,66966666667,0,1,-1.062414275,-0.8634820142,1.411158522,0.4591502265,-0.06811438539,0.7190992069,0.5171439168,0,1
2010,67000000000,0,0,-1.059272823,-0.8632131764,1.40762948,0.4605312696,-0.0734316644,0.7160684569,0.5193887806,0,1
2011,67033333333,0,0,-1.05388542,-0.8605390877,1.402785559,0.4607562889,-0.07710417728,0.7137724901,0.5218116715,0,1
2012,67066666667,0,0,-1.049632009,-0.8579056124,1.397228308,0.4594728206,-0.077500623,0.7135732445,0.5231554313,0,1
2013,67100000000,0,0,-1.047756829,-0.860660827,1.393397349,0.4578363589,-0.07730971627,0.7140509653,0.5239659295,0,1
2014,67133333333,0,0,-1.043758341,-0.8616404243,1.389389533,0.4575743615,-0.07839224634,0.7134070753,0.5249101869,0,1
2015,67166666667,0,1,-1.038221882,-0.8651483934,1.383905133,0.4575399214,-0.07903558178,0.7128793164,0.5255603461,0,1
2016,67200000000,0,0,-1.034474978,-0.8668356423,1.380650066,0.4589785505,-0.07907818761,0.7125443311,0.5247531864,0,1
2017,67233333333,0,0,-1.029449029,-0.8675505837,1.377160054,0.4608269568,-0.07964793536,0.7126396856,0.5229143341,0,1
2018,67266666667,0,0,-1.026279934,-0.8696035047,1.373791102,0.4624295795,-0.08096928935,0.7130809959,0.5206902645,0,1
2019,67300000000,0,0,-1.022755046,-0.8706884016,1.371568858,0.4623509704,-0.0840334766,0.7137980825,0.5192901428,0,1
2020,67333333333,0,0,-1.01812035,-0.8718147258,1.368038919,0.4605003678,-0.08600405426,0.714469487,0.5196884316,0,1
2021,67366666667,0,1,-1.01272548,-0.8762856115,1.364495692,0.4589910463,-0.08782754293,0.7152022989,0.519710702,0,1
2022,67400000000,0,0,-1.010260968,-0.879175139,1.362023896,0.4582843319,-0.08945746324,0.7153076395,0.5199113523,0,1
2023,67433333333,0,0,-1.005840151,-0.8815247303,1.358779083,0.4565008877,-0.08962063743,0.7145102634,0.5225420216,0,1
2024,67466666667,0,0,-1.00130315,-0.8851779067,1.356574787,0.4546750595,-0.08791524668,0.7130962904,0.5263413154,0,1
2025,67500000000,0,0,-0.9970040991,-0.8866161588,1.354145456,0.4552110727,-0.08640257984,0.7109908445,0.5289702189,0,1
2026,67533333333,0,0,-0.9915348456,-0.8881443527,1.350906006,0.4568864232,-0.08664850019,0.7095341639,0.5294413131,0,1
2027,67566666667,0,1,-0.9871208478,-0.8915954739,1.348239853,0.4580283313,-0.08785798962,0.708912675,0.5290877438,0,1
2028,67600000000,0,0,-0.9833342909,-0.8937435831,1.34583681,0.458723049,-0.08992306545,0.7085949659,0.5285642637,0,1
2029,67633333333,0,0,-0.9780853959,-0.8959512437,1.343173424,0.4592612773,-0.09258053879,0.708292481,0.52804326,0,1
2030,67666666667,0,0,-0.974531742,-0.8991302835,1.34120306,0.4607455163,-0.09476669926,0.7078728333,0.5269239924,0,1
2031,67700000000,0,0,-0.9705234719,-0.9017600829,1.339115197,0.4620332831,-0.09642881213,0.7069178358,0.5267769006,0,1
2032,67733333333,0,0,-0.9659714414,-0.9042536685,1.337510109,0.4635658909,-0.0980175675,0.705585409,0.5269235731,0,1
2033,67766666667,0,1,-0.9602223233,-0.906543862,1.334478497,0.4649987092,-0.0996894039,0.7044707633,0.5268388433,0,1
2034,67800000000,0,0,-0.9561403171,-0.909482384,1.332597995,0.4648996066,-0.09977876413,0.7042086535,0.5272596384,0,1
2035,67833333333,0,0,-0.9523329495,-0.9113808894,1.330713207,0.4647466439,-0.0994417069,0.7033421134,0.5286130678,0,1
2036,67866666667,0,0,-0.9465569863,-0.9120555281,1.328375422,0.4646617037,-0.09892729095,0.7026565229,0.529694915,0,1
2037,67900000000,0,0,-0.9432556373,-0.9143043134,1.3261447,0.464660165,-0.09899530193,0.7025169559,0.5298686516,0,1
2038,67933333333,0,0,-0.9390608945,-0.9171971007,1.325180475,0.4639514483,-0.09880446974,0.7018336737,0.5314284758,0,1
2039,67966666667,0,1,-0.9335560444,-0.916645839,1.322764887,0.4639590841,-0.09904832081,0.7010967842,0.532348286,0,1
2040,68000000000,0,0,-0.9291300199,-0.9173707784,1.319868895,0.4624038051,-0.09865147311,0.701862659,0.532765817,0,1
2041,68033333333,0,0,-0.924907106,-0.9188468703,1.317747061,0.4591022252,-0.09664068467,0.703327481,0.5340563447,0,1
2042,68066666667,0,0,-0.9209032082,-0.920726729,1.315476435,0.4559297342,-0.09535681602,0.7052199753,0.5345090659,0,1
2043,68100000000,0,0,-0.9172905144,-0.9230569457,1.313823522,0.4530910451,-0.09523793374,0.7071473417,0.5343976777,0,1
2044,68133333333,0,0,-0.9135308641,-0.9249749014,1.31226458,0.4506738177,-0.09556773509,0.7090495277,0.5338620471,0,1
2045,68166666667,0,1,-0.9101668599,-0.9279963397,1.311567764,0.4481704225,-0.09595610554,0.7109044431,0.5334328177,0,1
2046,68200000000,0,0,-0.9062379004,-0.9305207695,1.310443576,0.4464687142,-0.09573555252,0.7117286386,0.5338002775,0,1
2047,68233333333,0,0,-0.9015636044,-0.9330550881,1.308962552,0.4460021667,-0.09571561141,0.7126219864,0.533001401,0,1
2048,68266666667,0,0,-0.89943463,-0.9363956606,1.308057724,0.4459028665,-0.0946030314,0.7129689213,0.5328191225,0,1
2049,68300000000,0,0,-0.8948050577,-0.9376158613,1.306124813,0.445912411,-0.092894246,0.7129388837,0.5331518817,0,1
2050,68333333333,0,0,-0.8920731157,-0.9406491346,1.305226077,0.4457938847,-0.09014090651,0.7135516715,0.5329037826,0,1
2051,68366666667,0,0,-0.8898257134,-0.9425639205,1.303703916,0.4466434777,-0.08794862061,0.7139088705,0.5320796638,0,1
2052,68400000000,0,0,-0.8880091914,-0.9443508233,1.303512561,0.4475814803,-0.08809917404,0.7148138691,0.5300476267,0,1
2053,68433333333,0,1,-0.8847857734,-0.9461309225,1.303800719,0.4480415249,-0.08966045485,0.7163628479,0.5272988384,0,1
2054,68466666667,0,0,-0.8825605304,-0.9482783266,1.304130527,0.4483910304,-0.09092295565,0.7181268968,0.5243779745,0,1
2055,68500000000,0,0,-0.8801621028,-0.9502013824,1.304693726,0.4486208231,-0.09157803348,0.7195048926,0.5221738507,0,1
2056,68533333333,0,0,-0.8776227552,-0.951934497,1.305362359,0.4492661557,-0.09092381269,0.7206045348,0.5202133082,0,1
2057,68566666667,0,0,-0.8766057263,-0.9536803685,1.305666486,0.4506662648,-0.08904735133,0.721237271,0.5184469944,0,1
2058,68600000000,0,0,-0.8762790671,-0.9555865714,1.306513779,0.4522074099,-0.08748528372,0.7213800294,0.5171708003,0,1
2059,68633333333,0,0,-0.8743971402,-0.9569036447,1.307155635,0.4536451154,-0.086418368,0.7208365421,0.5168487734,0,1
2060,68666666667,0,0,-0.8728068545,-0.9576551827,1.307882832,0.4563281198,-0.08513004126,0.7203320224,0.5154020767,0,1
2061,68700000000,0,0,-0.8730912012,-0.9588512741,1.308824178,0.459343299,-0.08433043774,0.7195484349,0.5139476246,0,1
2062,68733333333,0,0,-0.8725943437,-0.9583203237,1.308457097,0.4619743209,-0.08457650207,0.7187769562,0.5126267934,0,1
2063,68766666667,0,0,-0.871949171,-0.9581908747,1.307642573,0.4629641548,-0.0846317541,0.7196213504,0.5105357672,0,1
2064,68800000000,0,0,-0.8729288408,-0.9598504904,1.308592087,0.4625841345,-0.08290974154,0.7214810729,0.5085341235,0,1
2065,68833333333,0,0,-0.87411877,-0.9606426042,1.309750916,0.4626436893,-0.08168707885,0.7221485267,0.5077297936,0,1
2066,68866666667,0,1,-0.8727190273,-0.9619318345,1.310196121,0.4634182465,-0.080636294,0.7222130718,0.5070991973,0,1
2067,68900000000,0,0,-0.8745369962,-0.9617387106,1.309971149,0.464767506,-0.07848918581,0.7223696549,0.5059769706,0,1
2068,68933333333,0,0,-0.8757578754,-0.962007123,1.310715769,0.4645662816,-0.07497003107,0.7226019193,0.5063636349,0,1
2069,68966666667,0,0,-0.8773012191,-0.961616876,1.311719276,0.4656020617,-0.07111673223,0.7217156406,0.5072313719,0,1
2070,69000000000,0,0,-0.8789968568,-0.9609202643,1.312417952,0.469068027,-0.06868892288,0.7200926365,0.5066790037,0,1
2071,69033333333,0,0,-0.8826961413,-0.9595604852,1.313498891,0.4741506869,-0.0673994999,0.718297042,0.5046660212,0,1
2072,69066666667,0,0,-0.8862167053,-0.9557356243,1.313569501,0.4778355625,-0.06734401564,0.7168870607,0.5032006568,0,1
2073,69100000000,0,0,-0.8888470811,-0.9538406669,1.313297367,0.4789828476,-0.06722370144,0.717041285,0.5019045739,0,1
2074,69133333333,0,0,-0.8941320516,-0.9519701182,1.314087535,0.4797654558,-0.06753025674,0.7177508667,0.5000984555,0,1
2075,69166666667,0,0,-0.8979311981,-0.94997892,1.3145897,0.4793735665,-0.06837283155,0.7180429913,0.4999403987,0,1
2076,69200000000,0,0,-0.9011376392,-0.9482465097,1.314390419,0.4789998077,-0.06864711578,0.7178012615,0.5006077374,0,1
2077,69233333333,0,0,-0.9057885781,-0.9458439851,1.314538247,0.4795650148,-0.06863013941,0.717646804,0.5002902811,0,1
2078,69266666667,0,0,-0.9096429421,-0.9435329352,1.314261096,0.4806226085,-0.06922965767,0.7171253632,0.4999403727,0,1
2079,69300000000,0,0,-0.9145850727,-0.9415858976,1.314359672,0.482490743,-0.06920979517,0.7166442699,0.4988323142,0,1
2080,69333333333,0,0,-0.9199743232,-0.938030062,1.313680019,0.4850160353,-0.06925434696,0.7156626783,0.497785307,0,1
2081,69366666667,0,0,-0.925412939,-0.9356604859,1.313396144,0.4868697219,-0.06858929139,0.7151929712,0.496741781,0,1
2082,69400000000,0,0,-0.9325171966,-0.9323292465,1.313748428,0.4893223827,-0.0685495961,0.7141757196,0.4957999599,0,1
2083,69433333333,0,0,-0.9369942094,-0.9295437122,1.312321553,0.4907151056,-0.06820504967,0.7127873896,0.4964684216,0,1
2084,69466666667,0,1,-0.943292198,-0.9254036383,1.311239225,0.4921827513,-0.06656494979,0.7114278956,0.497187687,0,1
2085,69500000000,0,0,-0.9482136516,-0.9217822347,1.308802571,0.4941606313,-0.06595802884,0.7102463016,0.4969959758,0,1
2086,69533333333,0,0,-0.9555012843,-0.9191056226,1.307209823,0.4954711974,-0.06614243472,0.7102064616,0.495721951,0,1
2087,69566666667,0,0,-0.961045012,-0.9163359797,1.305064221,0.4947233394,-0.06592663518,0.7104248188,0.4961845152,0,1
2088,69600000000,0,0,-0.9672841347,-0.914838493,1.304034786,0.4939055483,-0.06570599268,0.7105704937,0.4968194897,0,1
2089,69633333333,0,0,-0.9726874463,-0.9132258322,1.302250438,0.4941142303,-0.06544394472,0.7100923151,0.4973299927,0,1
2090,69666666667,0,1,-0.9785994698,-0.9112535169,1.30032739,0.4953362417,-0.06582679974,0.7097042966,0.4966172082,0,1
2091,69700000000,0,0,-0.9845647946,-0.9098090512,1.298600348,0.497275979,-0.06659262838,0.7097992374,0.4944361081,0,1
2092,69733333333,0,0,-0.9901766687,-0.9089849187,1.296310729,0.4986921622,-0.06787605298,0.7103462136,0.4920439265,0,1
2093,69766666667,0,0,-0.9963712146,-0.9087232836,1.294505773,0.5000429646,-0.06897264523,0.7120983783,0.4879710108,0,1
2094,69800000000,0,0,-1.003572935,-0.9089676031,1.294272344,0.5015039862,-0.06965434392,0.7135184081,0.4842865944,0,1
2095,69833333333,0,0,-1.009966199,-0.908542407,1.294052178,0.5036764042,-0.06984629673,0.7138258633,0.4815435719,0,1
2096,69866666667,0,1,-1.016769492,-0.9091928001,1.294581744,0.506628276,-0.06971079382,0.7137224072,0.4786110328,0,1
2097,69900000000,0,0,-1.024058146,-0.9085403262,1.294821883,0.5103875863,-0.07008880235,0.7130072899,0.4756182041,0,1
2098,69933333333,0,0,-1.02941314,-0.9071134346,1.293646781,0.5139111687,-0.07119558165,0.7127414967,0.4720445516,0,1
2099,69966666667,0,0,-1.037307232,-0.906455618,1.293679011,0.5168971077,-0.07200322592,0.71349756,0.4674977511,0,1
2100,70000000000,0,0,-1.044529724,-0.9057036945,1.294142827,0.5192372364,-0.07293680357,0.7138821931,0.4641606719,0,1
2101,70033333333,0,0,-1.051978546,-0.9050200365,1.294715934,0.521519132,-0.07340256444,0.7137618511,0.4617075681,0,1
2102,70066666667,0,1,-1.059136654,-0.9032543056,1.295471555,0.5237288249,-0.07443664532,0.7132011918,0.4599036462,0,1
2103,70100000000,0,0,-1.065921785,-0.9022177861,1.295796785,0.5257405157,-0.07499795362,0.712591391,0.4584601691,0,1
2104,70133333333,0,0,-1.072950744,-0.9006295384,1.295824495,0.52752161,-0.07553329831,0.7118346245,0.4575009718,0,1
2105,70166666667,0,0,-1.079570549,-0.8991547968,1.295478408,0.5288623607,-0.0759454586,0.7113091332,0.4567014428,0,1
2106,70200000000,0,0,-1.086235791,-0.8967272477,1.295403844,0.5298103583,-0.0764282525,0.7111559553,0.4557597105,0,1
2107,70233333333,0,0,-1.093335164,-0.8948033653,1.294998374,0.5303777712,-0.07733691362,0.7109765466,0.4552260666,0,1
2108,70266666667,0,0,-1.099815334,-0.8931849877,1.295162755,0.5304661411,-0.07772082984,0.7109709224,0.4550664713,0,1
2109,70300000000,0,1,-1.106528686,-0.890703149,1.296364164,0.5307001501,-0.07876806253,0.7109551508,0.4546380061,0,1
2110,70333333333,0,0,-1.113399597,-0.8892794092,1.296597476,0.5310953508,-0.07890204378,0.7104225485,0.4549857123,0,1
2111,70366666667,0,0,-1.119232589,-0.8869522599,1.296173668,0.5315827843,-0.0790985842,0.7096165947,0.455639601,0,1
2112,70400000000,0,0,-1.125971208,-0.8848803683,1.296673336,0.5319633124,-0.07909158788,0.7094707213,0.4554238143,0,1
2113,70433333333,0,0,-1.131746761,-0.8826686188,1.29595535,0.5323003751,-0.07927179465,0.7090029355,0.4557270353,0,1
2114,70466666667,0,0,-1.138225616,-0.8809984102,1.2963732,0.5327145277,-0.07897093962,0.7090239948,0.4552623392,0,1
2115,70500000000,0,0,-1.144173224,-0.8792721721,1.296261942,0.5332973174,-0.07866045568,0.7088253131,0.4549430508,0,1
2116,70533333333,0,1,-1.152583258,-0.877008764,1.298115375,0.5341970283,-0.07885533753,0.7086496362,0.4541267045,0,1
2117,70566666667,0,0,-1.157777415,-0.8743485537,1.298027067,0.5347177476,-0.07921501835,0.7076308793,0.4550389543,0,1
2118,70600000000,0,0,-1.163808155,-0.871840804,1.298140004,0.535448238,-0.0790864027,0.7068020383,0.4554902896,0,1
2119,70633333333,0,0,-1.170250979,-0.8692078153,1.298496565,0.5363191903,-0.07989031988,0.7060630077,0.4554715052,0,1
2120,70666666667,0,0,-1.175806688,-0.8663822956,1.298465862,0.5368460143,-0.08068053109,0.705115072,0.4561795085,0,1
2121,70700000000,0,0,-1.181924004,-0.8632701093,1.297724661,0.5370258306,-0.08107436622,0.7041989684,0.4573117289,0,1
2122,70733333333,0,1,-1.189180813,-0.8588232373,1.297442464,0.5373807026,-0.08150784224,0.7036663842,0.4576374896,0,1
2123,70766666667,0,0,-1.194333847,-0.8566110674,1.296631323,0.5371493296,-0.08145632852,0.7030051253,0.4589327381,0,1
2124,70800000000,0,0,-1.200352259,-0.8543403573,1.296202532,0.5370791736,-0.08045293373,0.7021266851,0.4605338258,0,1
2125,70833333333,0,0,-1.205939333,-0.8509519219,1.295306724,0.5372311687,-0.07951767141,0.7009310585,0.4623367415,0,1
2126,70866666667,0,0,-1.210949131,-0.8473740662,1.294100195,0.5372643504,-0.07945544031,0.7001861321,0.4634363291,0,1
2127,70900000000,0,0,-1.215364239,-0.8445648789,1.29280528,0.5363965495,-0.07835919586,0.7002046549,0.4645987724,0,1
2128,70933333333,0,1,-1.221512616,-0.8390249749,1.291557925,0.5362228072,-0.0759265473,0.7005943429,0.4646157844,0,1
2129,70966666667,0,0,-1.2259646,-0.8357642267,1.289856873,0.536017811,-0.07437279094,0.7012787075,0.4640708659,0,1
2130,71000000000,0,0,-1.230381441,-0.8327298022,1.288444599,0.5351753754,-0.07239613344,0.7025736946,0.4633965053,0,1
2131,71033333333,0,0,-1.236021416,-0.8302173858,1.288061846,0.5340920514,-0.07045571894,0.704012777,0.462760934,0,1
2132,71066666667,0,0,-1.241488665,-0.8270685797,1.287877817,0.5332456458,-0.07000995197,0.7047076016,0.462747106,0,1
2133,71100000000,0,0,-1.243941516,-0.8233115298,1.286106269,0.5327605004,-0.06992334425,0.7050044664,0.4628668032,0,1
2134,71133333333,0,0,-1.249485173,-0.8211063779,1.285895407,0.5325242817,-0.06945300781,0.7056422733,0.4622371159,0,1
2135,71166666667,0,1,-1.252814811,-0.8135749509,1.283449677,0.5328438054,-0.06925193509,0.705748614,0.4617364425,0,1
2136,71200000000,0,0,-1.254647693,-0.8094165805,1.280862169,0.531619701,-0.06905420956,0.7074738955,0.4605352287,0,1
2137,71233333333,0,0,-1.258187733,-0.8056481445,1.27926614,0.5294134055,-0.06921496916,0.7104728382,0.4584311075,0,1
2138,71266666667,0,0,-1.261750352,-0.8021543442,1.277252686,0.5265432403,-0.06998380903,0.713678516,0.4566371189,0,1
2139,71300000000,0,0,-1.264513387,-0.7988531887,1.276616388,0.5236947913,-0.07079597931,0.7164971534,0.4553718525,0,1
2140,71333333333,0,0,-1.267689829,-0.796608495,1.276302606,0.522129542,-0.0711978375,0.7185785284,0.4538243138,0,1
2141,71366666667,0,1,-1.273606942,-0.791439378,1.275099465,0.522909137,-0.07120673862,0.71900659,0.452244578,0,1
2142,71400000000,0,0,-1.27590647,-0.7881616538,1.274638934,0.5234321389,-0.07143649247,0.7187177529,0.4520624018,0,1
2143,71433333333,0,0,-1.278228794,-0.7851505737,1.274939119,0.5250685509,-0.07062897702,0.7175363345,0.4521683019,0,1
2144,71466666667,0,0,-1.281456821,-0.7814609874,1.273685199,0.528142371,-0.07053205013,0.7152412981,0.4522397056,0,1
2145,71500000000,0,0,-1.28278419,-0.7767487232,1.271106082,0.5305885042,-0.07072171881,0.7131359144,0.452671454,0,1
2146,71533333333,0,0,-1.284293555,-0.7729580763,1.268862509,0.5316528269,-0.06952331984,0.7122204058,0.4530495262,0,1
2147,71566666667,0,1,-1.288491855,-0.7675553997,1.267455554,0.532939778,-0.06840203029,0.7113824507,0.4530246838,0,1
2148,71600000000,0,0,-1.289256882,-0.7629950372,1.264931475,0.5335518287,-0.06794768743,0.7105037233,0.4537510519,0,1
2149,71633333333,0,0,-1.289468184,-0.7595412473,1.263360805,0.533998267,-0.06570900118,0.7102284998,0.4539864052,0,1
2150,71666666667,0,0,-1.292645722,-0.7570110307,1.262402022,0.5360130978,-0.06307327532,0.7090961457,0.4537558561,0,1
2151,71700000000,0,0,-1.293784852,-0.7532336727,1.26030272,0.5397552742,-0.06210306698,0.7065930264,0.4533583,0,1
2152,71733333333,0,0,-1.294640477,-0.7484057553,1.257345084,0.543349153,-0.06101542928,0.7043307065,0.4527328917,0,1
2153,71766666667,0,1,-1.298022475,-0.7439228162,1.25391228,0.5459222498,-0.05987036901,0.7026737462,0.4523649438,0,1
2154,71800000000,0,0,-1.299423929,-0.7396688583,1.251512912,0.547158104,-0.0586261966,0.7007605472,0.4539995966,0,1
2155,71833333333,0,0,-1.29951834,-0.7359092392,1.248904205,0.5483426044,-0.05663053378,0.699031603,0.4554867603,0,1
2156,71866666667,0,0,-1.303728525,-0.7334377048,1.247691964,0.5512186249,-0.05569891569,0.6966806658,0.4557320575,0,1
2157,71900000000,0,0,-1.30652387,-0.7291383017,1.245315823,0.5550621601,-0.05755464072,0.6929923427,0.4564592804,0,1
2158,71933333333,0,0,-1.30533862,-0.7236913505,1.241998844,0.5575341513,-0.05978024881,0.6904787817,0.4569694126,0,1
2159,71966666667,0,1,-1.304564527,-0.7181215841,1.239235424,0.5591062493,-0.06191342302,0.6899905758,0.4554996546,0,1
2160,72000000000,0,0,-1.306634698,-0.7144840515,1.236859185,0.5610279305,-0.06473481337,0.6899403992,0.4528126662,0,1
2161,72033333333,0,0,-1.30807793,-0.7094760776,1.234532232,0.5620065466,-0.06716662492,0.6900414316,0.4510876952,0,1
2162,72066666667,0,0,-1.310044711,-0.7053193156,1.23294303,0.5620425806,-0.06792298034,0.69023811,0.4506284033,0,1
2163,72100000000,0,0,-1.311326244,-0.7008439595,1.230827448,0.5620450491,-0.06784188897,0.689780245,0.4513380713,0,1
2164,72133333333,0,0,-1.312238997,-0.6976684397,1.229184222,0.5625840069,-0.0663223672,0.6889141585,0.4522143972,0,1
2165,72166666667,0,1,-1.31282972,-0.6936920431,1.226555781,0.5646784862,-0.06453727732,0.6873792414,0.4521978832,0,1
2166,72200000000,0,0,-1.313990618,-0.6903001621,1.224885635,0.566551618,-0.06181852917,0.6864514394,0.4516438365,0,1
2167,72233333333,0,0,-1.315503482,-0.6871145273,1.222998102,0.5691927545,-0.05831197673,0.6849186758,0.4511160928,0,1
2168,72266666667,0,0,-1.316760074,-0.6834101902,1.221407608,0.5722469049,-0.05604029718,0.6835229332,0.4496547173,0,1
2169,72300000000,0,0,-1.316651263,-0.6802071493,1.219519313,0.5749099937,-0.05361184828,0.6826788699,0.4478323677,0,1
2170,72333333333,0,0,-1.319326325,-0.6765017419,1.218018987,0.5772239857,-0.05159217382,0.6821776531,0.4458524055,0,1
2171,72366666667,0,0,-1.320216904,-0.6729693492,1.216454913,0.5786285022,-0.04960420773,0.6821661128,0.4442722966,0,1
2172,72400000000,0,0,-1.323491582,-0.6701066308,1.216063074,0.5797337941,-0.04758400544,0.6824090705,0.44267635,0,1
2173,72433333333,0,1,-1.326219026,-0.6669321557,1.215536587,0.5807128714,-0.04626895871,0.68231886,0.4416703721,0,1
2174,72466666667,0,0,-1.328976926,-0.6643579346,1.215443773,0.5826311104,-0.04551221274,0.6814431499,0.4405733322,0,1
2175,72500000000,0,0,-1.33219645,-0.6606843633,1.215453778,0.585447711,-0.0449115946,0.6793527769,0.4401292207,0,1
2176,72533333333,0,0,-1.333792501,-0.6571114337,1.214617962,0.5881682091,-0.0444843386,0.6768439467,0.4404106869,0,1
2177,72566666667,0,0,-1.33650026,-0.6527366912,1.213421982,0.5905142811,-0.04386091413,0.6745779921,0.4408102048,0,1
2178,72600000000,0,0,-1.337852281,-0.6482191857,1.212288835,0.5913628577,-0.04226473512,0.6725707251,0.4428908245,0,1
2179,72633333333,0,1,-1.336798685,-0.6433336872,1.210214834,0.5911651642,-0.03946444016,0.6713147532,0.4453120352,0,1
2180,72666666667,0,0,-1.339005088,-0.6404205206,1.209437967,0.5914556512,-0.03685585849,0.6709809506,0.4456528047,0,1
2181,72700000000,0,0,-1.342229545,-0.636275036,1.2076105,0.5930637215,-0.03560065113,0.6699070863,0.445233098,0,1
2182,72733333333,0,0,-1.343677228,-0.6326160602,1.205679763,0.5942860253,-0.03378439726,0.6689828964,0.4451343831,0,1
2183,72766666667,0,0,-1.347863443,-0.6296287044,1.204342949,0.5959335855,-0.03090036765,0.6677346128,0.4450155231,0,1
2184,72800000000,0,0,-1.349300509,-0.6247107368,1.202213876,0.597903588,-0.02842304624,0.665878422,0.4453193877,0,1
2185,72833333333,0,1,-1.351300705,-0.6212798061,1.198784221,0.5999658723,-0.02547430777,0.6645107554,0.4447667565,0,1
2186,72866666667,0,0,-1.35502751,-0.6175916724,1.196240508,0.6025995515,-0.02346162486,0.6632426238,0.4432071239,0,1
2187,72900000000,0,0,-1.358483019,-0.6142770206,1.192476724,0.6049811081,-0.02235789454,0.6620043513,0.4418690103,0,1
2188,72933333333,0,0,-1.361665178,-0.6107474713,1.18907495,0.6071095792,-0.02174307286,0.6609336043,0.440581398,0,1
2189,72966666667,0,0,-1.366624534,-0.6077331511,1.185554324,0.6096130588,-0.02213512543,0.6597995383,0.4388012352,0,1
2190,73000000000,0,0,-1.370156838,-0.6045257266,1.181804185,0.6119791975,-0.0242467208,0.6580801401,0.4379772683,0,1
2191,73033333333,0,1,-1.374480136,-0.5984629037,1.175256338,0.613819601,-0.02414665471,0.6564389783,0.4378701912,0,1
2192,73066666667,0,0,-1.378570839,-0.5954802357,1.170957708,0.6151718655,-0.02464132973,0.6554381925,0.4374438896,0,1
2193,73100000000,0,0,-1.38224954,-0.5923692139,1.166438195,0.6174002435,-0.02579783668,0.6539048551,0.4365316156,0,1
2194,73133333333,0,0,-1.385915618,-0.5894514262,1.16175003,0.6202378332,-0.02716300361,0.6521344354,0.4350722695,0,1
2195,73166666667,0,0,-1.391659629,-0.5871938088,1.158155046,0.6240512837,-0.02936640715,0.6499802396,0.4326930755,0,1
2196,73200000000,0,0,-1.395323469,-0.5840431487,1.153492999,0.6283115582,-0.03358119114,0.6470521779,0.4306046546,0,1
2197,73233333333,0,1,-1.399873983,-0.5789265292,1.145397695,0.6317358846,-0.03642120862,0.6451901691,0.4281505733,0,1
2198,73266666667,0,0,-1.404196599,-0.5762377477,1.140391368,0.6339265703,-0.04043219377,0.6451802188,0.4245525015,0,1
2199,73300000000,0,0,-1.410023548,-0.5735659236,1.135434656,0.6363036319,-0.0450271026,0.6449119065,0.4209262179,0,1
2200,73333333333,0,0,-1.414154331,-0.5706388917,1.131278742,0.6387365045,-0.04835836557,0.6439823224,0.418286881,0,1
2201,73366666667,0,0,-1.419997308,-0.5692294328,1.127522816,0.6420645337,-0.04893148125,0.6417746384,0.4165142954,0,1
2202,73400000000,0,0,-1.424823305,-0.5664180006,1.122623237,0.646016798,-0.04802732416,0.6376226116,0.4168849697,0,1
2203,73433333333,0,1,-1.4293149,-0.5617855486,1.116313241,0.6497688803,-0.04613664615,0.6338947546,0.4169523379,0,1
2204,73466666667,0,0,-1.433878632,-0.5590535289,1.11129786,0.6527938147,-0.04474738111,0.6313507973,0.4162380067,0,1
2205,73500000000,0,0,-1.438767687,-0.5558749292,1.105577981,0.6553283786,-0.04436434541,0.6290193823,0.4158258502,0,1
2206,73533333333,0,0,-1.444384243,-0.5530912257,1.10128122,0.6568922866,-0.0442339037,0.6274391329,0.41575957,0,1
2207,73566666667,0,0,-1.448865567,-0.5492169146,1.096556158,0.6579863435,-0.04394220339,0.6254744888,0.4170188465,0,1
2208,73600000000,0,0,-1.452161665,-0.5461607857,1.092245747,0.6587155291,-0.04406299295,0.6240086594,0.4180496351,0,1
2209,73633333333,0,1,-1.45838769,-0.5409515656,1.087525623,0.6598270311,-0.04299949912,0.6223084522,0.4189409534,0,1
2210,73666666667,0,0,-1.462808027,-0.5373473122,1.083570679,0.6609768361,-0.04350767487,0.6200511035,0.4204204245,0,1
2211,73700000000,0,0,-1.465577593,-0.5334868793,1.080026828,0.661831193,-0.04388476345,0.618274228,0.4216522008,0,1
2212,73733333333,0,0,-1.468922062,-0.5300678573,1.076895794,0.6623778255,-0.0442242543,0.6169566776,0.4226869876,0,1
2213,73766666667,0,0,-1.472498627,-0.5276638543,1.073738944,0.6635435031,-0.04458588108,0.6154207037,0.4230596603,0,1
2214,73800000000,0,0,-1.475314012,-0.5232489905,1.069858631,0.6657329957,-0.04453639292,0.613376363,0.4225938067,0,1
2215,73833333333,0,1,-1.479686346,-0.5191448733,1.066832894,0.6677852021,-0.04448756014,0.6117347916,0.4217396419,0,1
2216,73866666667,0,0,-1.482035268,-0.516433922,1.0635813,0.6688358348,-0.04467299177,0.6100584786,0.4224826655,0,1
2217,73900000000,0,0,-1.483601584,-0.5127550291,1.059850153,0.6691015123,-0.0440153893,0.6090347941,0.4236064581,0,1
2218,73933333333,0,0,-1.484730926,-0.5101475216,1.056366963,0.6689114361,-0.04406479954,0.6088525229,0.4241631637,0,1
2219,73966666667,0,0,-1.485540634,-0.5070973935,1.053446034,0.6684544902,-0.04431239682,0.6095970882,0.4237881501,0,1
2220,74000000000,0,0,-1.487531941,-0.5047322313,1.050116209,0.6683030317,-0.04451863398,0.6105344413,0.4226545221,0,1
2221,74033333333,0,0,-1.489627419,-0.5030883487,1.047275024,0.6689544744,-0.04511854626,0.6105191312,0.4215810935,0,1
2222,74066666667,0,0,-1.489041675,-0.4997220977,1.04438903,0.6696081504,-0.04439430637,0.6103108825,0.4209212482,0,1
2223,74100000000,0,1,-1.490540008,-0.4980896735,1.040664414,0.6701197525,-0.04307810452,0.6096244443,0.4212384494,0,1
2224,74133333333,0,0,-1.490871733,-0.4961296101,1.037555766,0.6708797507,-0.04140461325,0.608637869,0.4216230099,0,1
2225,74166666667,0,0,-1.49210568,-0.4945227166,1.034127755,0.671712859,-0.04009279618,0.6071784546,0.4225265992,0,1
2226,74200000000,0,0,-1.492626046,-0.4917057195,1.031393716,0.6722217873,-0.03858261466,0.6056254542,0.4240837886,0,1
2227,74233333333,0,0,-1.49198155,-0.4882508092,1.027947599,0.6725847759,-0.03845113263,0.6047421155,0.4247801823,0,1
2228,74266666667,0,0,-1.493187275,-0.4844912692,1.024397187,0.6721978887,-0.04035951353,0.6053771057,0.4243108154,0,1
2229,74300000000,0,1,-1.491971119,-0.4829507553,1.021444293,0.6707014399,-0.0440631415,0.6068151951,0.4242562164,0,1
2230,74333333333,0,0,-1.493182067,-0.4799969024,1.018537636,0.6695370423,-0.04735560084,0.6078266117,0.4242928307,0,1
2231,74366666667,0,0,-1.492619602,-0.4768568283,1.015187502,0.6680998604,-0.04971405485,0.6078811474,0.4262060534,0,1
2232,74400000000,0,0,-1.491508543,-0.4725372092,1.01228187,0.6665627385,-0.05059063146,0.6077566924,0.4286799582,0,1
2233,74433333333,0,0,-1.491488975,-0.4688462032,1.008372164,0.6646265108,-0.05014612122,0.6077244918,0.4317729841,0,1
2234,74466666667,0,0,-1.489946049,-0.4640946355,1.004180426,0.6633588729,-0.04961863114,0.6073009803,0.4343714039,0,1
2235,74500000000,0,1,-1.490468114,-0.4601898022,1.000494272,0.6633594854,-0.04939478373,0.6066303123,0.4353320716,0,1
2236,74533333333,0,0,-1.488936343,-0.4559598004,0.9977085834,0.6631917566,-0.04879977137,0.6055739447,0.4371218066,0,1
2237,74566666667,0,0,-1.487560587,-0.4522719278,0.9941917313,0.6628971991,-0.04714643429,0.6047110146,0.4389408913,0,1
2238,74600000000,0,0,-1.487983536,-0.4501359796,0.9893610116,0.6628975408,-0.04603501577,0.6034725404,0.4407590279,0,1
2239,74633333333,0,0,-1.485482297,-0.4466455475,0.9867237182,0.6640879969,-0.04667506676,0.602011674,0.4408973973,0,1
2240,74666666667,0,0,-1.482742919,-0.4438798633,0.9833323502,0.6663161706,-0.04636560144,0.601393232,0.4384052604,0,1
2241,74700000000,0,1,-1.48195875,-0.4417945325,0.9795437021,0.6694781562,-0.04737995019,0.6016035279,0.4331597095,0,1
2242,74733333333,0,0,-1.481029302,-0.4396703463,0.9759425971,0.6727108168,-0.05020787688,0.6017662801,0.427570661,0,1
2243,74766666667,0,0,-1.47911691,-0.4375417297,0.9730384071,0.6752782719,-0.05232106102,0.60236227,0.4223996422,0,1
2244,74800000000,0,0,-1.479879633,-0.4364908474,0.9704849774,0.6768287187,-0.05132464341,0.6021662255,0.420314767,0,1
2245,74833333333,0,0,-1.48024456,-0.434058484,0.9671601803,0.6790992001,-0.04913278294,0.5991567335,0.4212142623,0,1
2246,74866666667,0,0,-1.479692041,-0.4321835521,0.9637591356,0.6824440722,-0.04694598164,0.5951435436,0.4217467553,0,1
2247,74900000000,0,1,-1.479919049,-0.4287526745,0.9624141489,0.685541569,-0.04472172083,0.5913365144,0.4223196085,0,1
2248,74933333333,0,0,-1.478487565,-0.4262552061,0.9598920537,0.688119533,-0.04294097623,0.587805207,0.4232406164,0,1
2249,74966666667,0,0,-1.477039049,-0.4232758152,0.9571912394,0.6907426314,-0.04153557337,0.584440305,0.423767558,0,1
2250,75000000000,0,0,-1.47559598,-0.4201316758,0.9555533837,0.6929082834,-0.04023136462,0.5819982996,0.4237186889,0,1
2251,75033333333,0,0,-1.475243566,-0.4168769523,0.9528333982,0.6951881075,-0.03879170689,0.5791648012,0.4240009808,0,1
2252,75066666667,0,0,-1.475114303,-0.4152121189,0.950717183,0.6963283923,-0.03823172907,0.5766177857,0.4256489565,0,1
2253,75100000000,0,1,-1.474913668,-0.4122917765,0.9486194252,0.6972500701,-0.03787764773,0.5739753102,0.427738199,0,1
2254,75133333333,0,0,-1.473299437,-0.408988433,0.9475649345,0.6980852224,-0.03825019066,0.5723695431,0.4284939338,0,1
2255,75166666667,0,0,-1.471908719,-0.4061086422,0.9459945837,0.6994042028,-0.03908128579,0.5713815975,0.4275856455,0,1
2256,75200000000,0,0,-1.471172405,-0.4039247008,0.9430260764,0.7020741934,-0.04114922143,0.5702570882,0.4245060918,0,1
2257,75233333333,0,0,-1.471464524,-0.4010705445,0.9416506408,0.7049999506,-0.04349147142,0.5688751893,0.4212654514,0,1
2258,75266666667,0,0,-1.471778549,-0.3978931657,0.9396172486,0.7081336042,-0.04454015026,0.566664837,0.4188722192,0,1
2259,75300000000,0,0,-1.472116103,-0.3961100722,0.9375920188,0.7103791159,-0.04571321006,0.5640262784,0.418504685,0,1
2260,75333333333,0,1,-1.471953694,-0.3937475145,0.9368120913,0.7115465283,-0.04566695993,0.5617066655,0.4196447173,0,1
2261,75366666667,0,0,-1.472235066,-0.3916529074,0.9349556615,0.7134606881,-0.04695170137,0.5589849356,0.4198871587,0,1
2262,75400000000,0,0,-1.472061102,-0.3882176765,0.9331507245,0.7163450944,-0.04936998254,0.5565559112,0.4179208398,0,1
2263,75433333333,0,0,-1.47201854,-0.384997991,0.9317133597,0.7187574139,-0.05103204,0.5551299598,0.4154686976,0,1
2264,75466666667,0,0,-1.473400362,-0.3827429032,0.9298897699,0.7211895989,-0.05142922335,0.5535168082,0.4133518361,0,1
2265,75500000000,0,0,-1.475314574,-0.3809105568,0.9258123183,0.7242681205,-0.05069372901,0.5499590608,0.4128085111,0,1
2266,75533333333,0,1,-1.47702881,-0.3776140634,0.9234834485,0.7272483309,-0.04823082133,0.5460393278,0.4130674347,0,1
2267,75566666667,0,0,-1.477886577,-0.3755554283,0.920029985,0.730281832,-0.04598517984,0.5418745778,0.4134558634,0,1
2268,75600000000,0,0,-1.480243318,-0.3742103216,0.9158262544,0.7331617501,-0.04522125671,0.5385335669,0.4128080468,0,1
2269,75633333333,0,0,-1.482562439,-0.3734442368,0.911408943,0.7357477748,-0.04714021955,0.5358213505,0.4115197344,0,1
2270,75666666667,0,0,-1.485078087,-0.3693007853,0.9067894826,0.7385028586,-0.05010651463,0.5337816312,0.4088765526,0,1
2271,75700000000,0,0,-1.486735185,-0.3667977837,0.902639414,0.7394873296,-0.05376547308,0.5336851562,0.4067528947,0,1
2272,75733333333,0,1,-1.487626536,-0.3610765527,0.8942909371,0.7407490348,-0.05513659069,0.5324050271,0.40595038,0,1
2273,75766666667,0,0,-1.490119121,-0.3577122528,0.8886092351,0.7414448381,-0.05568064657,0.5316420391,0.4056056704,0,1
2274,75800000000,0,0,-1.492906691,-0.3555009061,0.8812544293,0.7432174347,-0.05605999867,0.5296806365,0.404874727,0,1
2275,75833333333,0,0,-1.496430816,-0.3528661657,0.876456811,0.7450192006,-0.05632778973,0.5281046984,0.4035827032,0,1
2276,75866666667,0,0,-1.499215354,-0.3493284261,0.8697931794,0.7470071549,-0.05624744013,0.5264624336,0.4020619878,0,1
2277,75900000000,0,0,-1.504193597,-0.3481289319,0.8633333749,0.7491541576,-0.05788120125,0.5246770902,0.4001646732,0,1
2278,75933333333,0,1,-1.505802803,-0.3446634517,0.8588816417,0.7516879271,-0.06189383427,0.5227185149,0.3973660374,0,1
2279,75966666667,0,0,-1.50738233,-0.341109927,0.8549553552,0.7525011672,-0.06544868805,0.5226304913,0.3953679705,0,1
2280,76000000000,0,0,-1.510696777,-0.3380207198,0.8499187127,0.7525964944,-0.06730115814,0.5233171674,0.3939647357,0,1
2281,76033333333,0,0,-1.514860419,-0.3362191408,0.8439391859,0.753741643,-0.07034599619,0.5227237427,0.3920266129,0,1
2282,76066666667,0,0,-1.518827684,-0.333425931,0.8402298835,0.7554734352,-0.07412768259,0.5215096452,0.3896057818,0,1
2283,76100000000,0,0,-1.521513595,-0.3296211734,0.8376624623,0.7569204739,-0.07801587788,0.521143318,0.3865159261,0,1
2284,76133333333,0,1,-1.522074622,-0.3260753523,0.8329761589,0.758563181,-0.08132036884,0.5202739285,0.3837758947,0,1
2285,76166666667,0,0,-1.526603543,-0.3241186761,0.8302138651,0.7600304531,-0.08337053873,0.519036397,0.382105067,0,1
2286,76200000000,0,0,-1.529254376,-0.3208470663,0.8283074767,0.7615447191,-0.08455817525,0.5175857144,0.3807946744,0,1
2287,76233333333,0,0,-1.532890904,-0.3186458853,0.8265657852,0.7617554837,-0.08412236117,0.516982372,0.3812889174,0,1
2288,76266666667,0,0,-1.536451862,-0.3162054016,0.823044387,0.7621362702,-0.08261912938,0.5148424808,0.3837441923,0,1
2289,76300000000,0,0,-1.539483192,-0.3136926735,0.8213363726,0.7621739387,-0.08153567285,0.5129363332,0.3864442253,0,1
2290,76333333333,0,1,-1.539056478,-0.3106442762,0.8194768281,0.7622519485,-0.0807232273,0.511978272,0.3877292568,0,1
2291,76366666667,0,0,-1.540828039,-0.3093489632,0.8158550774,0.7620997897,-0.07929303793,0.5116094351,0.3888088354,0,1
2292,76400000000,0,0,-1.543413547,-0.3079846925,0.8131086446,0.7624138735,-0.07921594988,0.5109785088,0.3890384071,0,1
2293,76433333333,0,0,-1.546103404,-0.3069266165,0.8114812384,0.7625627458,-0.07928835404,0.5109482184,0.3887715701,0,1
2294,76466666667,0,0,-1.548138044,-0.3058673601,0.8094572725,0.7615320701,-0.07950869275,0.5117522552,0.389688213,0,1
2295,76500000000,0,0,-1.549191778,-0.3051241874,0.8076795863,0.7596067557,-0.07967145898,0.5132960212,0.3913786272,0,1
2296,76533333333,0,0,-1.551522799,-0.3055934876,0.8030334284,0.7580336255,-0.08107054988,0.5135587138,0.3937893296,0,1
2297,76566666667,0,1,-1.552687917,-0.308387701,0.8006055959,0.756038933,-0.08517425606,0.5124089734,0.3982304883,0,1
2298,76600000000,0,0,-1.548548648,-0.3076241884,0.7987986561,0.7540425461,-0.08977882016,0.5103302105,0.403636815,0,1
2299,76633333333,0,0,-1.544277151,-0.3051083427,0.7968993421,0.7530145824,-0.09114935855,0.5103801943,0.4051825396,0,1
2300,76666666667,0,0,-1.540740088,-0.3061846699,0.7925762119,0.7531733742,-0.09296592694,0.5099142421,0.4050613169,0,1
2301,76700000000,0,0,-1.536512245,-0.3053593864,0.791018233,0.7539581326,-0.09358057565,0.5104008443,0.402840897,0,1
2302,76733333333,0,0,-1.534562889,-0.3070281465,0.7894530335,0.7536688621,-0.09215055625,0.5129916223,0.4004136819,0,1
2303,76766666667,0,0,-1.531647139,-0.3102190465,0.7843301457,0.7538526853,-0.09085869663,0.5138880335,0.3992116171,0,1
2304,76800000000,0,1,-1.526132783,-0.317880833,0.7809894023,0.7533827116,-0.09185564752,0.5148341245,0.398651294,0,1
2305,76833333333,0,0,-1.52627585,-0.3223507766,0.7773613338,0.7529657404,-0.09107740892,0.5160273562,0.398074449,0,1
2306,76866666667,0,0,-1.524095004,-0.326894498,0.7736861235,0.7526668565,-0.0938713119,0.5152596601,0.3989840379,0,1
2307,76900000000,0,0,-1.519396247,-0.3286599244,0.7736981309,0.7506668493,-0.09429978497,0.5168910873,0.4005376834,0,1
2308,76933333333,0,0,-1.515259104,-0.3323143547,0.7709765645,0.748190427,-0.09246583852,0.5176766692,0.4045639873,0,1
2309,76966666667,0,0,-1.509612146,-0.3354648882,0.7664034188,0.7478377634,-0.09112427952,0.5161130147,0.4075075477,0,1
2310,77000000000,0,1,-1.498913671,-0.3370659962,0.7602322995,0.7495864324,-0.09041725086,0.5137466698,0.4074423399,0,1
2311,77033333333,0,0,-1.495179714,-0.3413646577,0.7572603718,0.7496404942,-0.08892839071,0.5139988257,0.4073525229,0,1
2312,77066666667,0,0,-1.489288549,-0.3445303603,0.7553547362,0.7496839834,-0.0878477336,0.5139649624,0.4075496511,0,1
2313,77100000000,0,0,-1.484584146,-0.3484968746,0.7524192413,0.7496812095,-0.08555626005,0.5139029317,0.4081200647,0,1
2314,77133333333,0,0,-1.480298286,-0.35188839,0.7505270367,0.7496139844,-0.08246940891,0.513728594,0.4090973021,0,1
2315,77166666667,0,0,-1.477214367,-0.3556622932,0.7477193242,0.7487532302,-0.07927547579,0.5138993481,0.4110857079,0,1
2316,77200000000,0,1,-1.46856339,-0.3597511449,0.741737165,0.7487654003,-0.07906953983,0.5125649065,0.4127657928,0,1
2317,77233333333,0,0,-1.463064946,-0.3598280383,0.7384162334,0.7486275605,-0.07847966216,0.5122078844,0.4135707937,0,1
2318,77266666667,0,0,-1.459155002,-0.361313981,0.7354565343,0.7487012447,-0.0767908132,0.5127267761,0.4131112082,0,1
2319,77300000000,0,0,-1.45429111,-0.3657029903,0.7316642025,0.7489520904,-0.07618012798,0.5118499494,0.4138562356,0,1
2320,77333333333,0,0,-1.450747323,-0.3683053322,0.7285359738,0.7496379587,-0.07508191636,0.5106952461,0.4142414783,0,1
2321,77366666667,0,0,-1.445475456,-0.3704208654,0.72437241,0.7514843371,-0.07422530281,0.5084194745,0.4138496507,0,1
2322,77400000000,0,1,-1.442092046,-0.3737520217,0.7197249525,0.7536242201,-0.07426398282,0.506688618,0.4120704311,0,1
2323,77433333333,0,0,-1.438304788,-0.3748584104,0.7157702184,0.7558842688,-0.07516715851,0.5055803562,0.4091177995,0,1
2324,77466666667,0,0,-1.433657589,-0.3757149183,0.7127237784,0.7580762542,-0.07628179196,0.505813126,0.4045424114,0,1
2325,77500000000,0,0,-1.430377354,-0.3794560968,0.7080660732,0.7605529414,-0.07839641121,0.5061653121,0.3990111563,0,1
2326,77533333333,0,0,-1.425081995,-0.3801020583,0.7047971956,0.7633062066,-0.07916568692,0.5062096929,0.3935075295,0,1
2327,77566666667,0,0,-1.423462303,-0.3822357835,0.6984145077,0.7664573302,-0.07858471171,0.5054795556,0.3884044579,0,1
2328,77600000000,0,1,-1.420316071,-0.3854710056,0.6940787798,0.7692489845,-0.07910441914,0.5033763021,0.3855006993,0,1
2329,77633333333,0,0,-1.418494839,-0.3872214019,0.6894067264,0.7716907846,-0.07798727555,0.5008433533,0.3841448337,0,1
2330,77666666667,0,0,-1.416358885,-0.3903258213,0.6839695503,0.7745691895,-0.07795003083,0.4972446348,0.3830328141,0,1
2331,77700000000,0,0,-1.414192865,-0.3917460622,0.6788576148,0.7780899071,-0.07946105194,0.4928363629,0.3812798934,0,1
2332,77733333333,0,0,-1.411895679,-0.3925885056,0.6752132721,0.7805441644,-0.08039936988,0.48988762,0.3798642765,0,1
2333,77766666667,0,0,-1.410299919,-0.3924525004,0.6704686735,0.783312846,-0.08183344643,0.4873960734,0.3770534975,0,1
2334,77800000000,0,1,-1.408464666,-0.3936942593,0.6645260339,0.7864380059,-0.0841161077,0.4851412582,0.3729312307,0,1
2335,77833333333,0,0,-1.406932199,-0.3944604476,0.6608050519,0.7886502732,-0.08585345466,0.4844362098,0.3687566807,0,1
2336,77866666667,0,0,-1.407155569,-0.3959831125,0.6556528366,0.7906610722,-0.0857024184,0.4835650114,0.365615979,0,1
2337,77900000000,0,0,-1.40848404,-0.3969848746,0.6509303255,0.7930334233,-0.08630452504,0.4812956405,0.3633235816,0,1
2338,77933333333,0,0,-1.407496017,-0.3972983829,0.6481013354,0.7951252712,-0.08606956344,0.4787574839,0.3621589499,0,1
2339,77966666667,0,0,-1.408125294,-0.3987443701,0.6432199257,0.7972363663,-0.08391190397,0.4753653886,0.3624923667,0,1
2340,78000000000,0,1,-1.407119506,-0.3993469257,0.6388692327,0.7995653784,-0.08222052285,0.4709903857,0.3634598297,0,1
2341,78033333333,0,0,-1.405544504,-0.3983479377,0.6372561181,0.8017642225,-0.08018214983,0.4678526783,0.363123706,0,1
2342,78066666667,0,0,-1.404080931,-0.3981926635,0.6341192525,0.8042269007,-0.07847759623,0.4655728444,0.3609740788,0,1
2343,78100000000,0,0,-1.403449808,-0.3975632735,0.6313649511,0.8073009549,-0.07908098182,0.4638121336,0.356215765,0,1
2344,78133333333,0,0,-1.401461759,-0.3964987251,0.6292026115,0.8098376626,-0.07954115359,0.4631821989,0.3511387414,0,1
2345,78166666667,0,0,-1.40265427,-0.3967700866,0.6254296929,0.8113198069,-0.07951600937,0.4622889116,0.3488930171,0,1
2346,78200000000,0,0,-1.401529989,-0.3947168759,0.6233909244,0.8124638535,-0.07821307654,0.4598898408,0.3496949181,0,1
2347,78233333333,0,1,-1.402661339,-0.3938092024,0.6194054466,0.8145163038,-0.07537672685,0.4554332599,0.35137172,0,1
2348,78266666667,0,0,-1.401513586,-0.3920744473,0.6179586785,0.8173833756,-0.07352851335,0.4499977427,0.3521079472,0,1
2349,78300000000,0,0,-1.400935674,-0.3911724961,0.6169463507,0.8205150827,-0.07351160188,0.4458703025,0.3500724451,0,1
2350,78333333333,0,0,-1.396906279,-0.3872066132,0.6178912979,0.8224078968,-0.07302587587,0.4449664654,0.3468678675,0,1
2351,78366666667,0,0,-1.395670039,-0.3843934961,0.6171493859,0.8221388623,-0.07072682482,0.4486870565,0.3431695393,0,1
2352,78400000000,0,0,-1.3952929,-0.3843382051,0.6150465216,0.8204303785,-0.06931807976,0.4535331021,0.3411696399,0,1
2353,78433333333,0,0,-1.396618381,-0.3842354729,0.6120953754,0.8181309679,-0.06747281672,0.4583384748,0.3406390773,0,1
2354,78466666667,0,0,-1.396676456,-0.3864151301,0.6080719984,0.8164325554,-0.06746941828,0.4604791553,0.3418255515,0,1
2355,78500000000,0,0,-1.39355263,-0.3831168514,0.6070504246,0.8160156037,-0.0675512319,0.4613387666,0.341645881,0,1
2356,78533333333,0,0,-1.393314306,-0.3829402913,0.6045389611,0.8159568256,-0.06741798866,0.4630562752,0.3394821934,0,1
2357,78566666667,0,1,-1.391032166,-0.3791821252,0.599584106,0.8160300842,-0.06814444432,0.4632062613,0.3389560383,0,1
2358,78600000000,0,0,-1.388067462,-0.3766453091,0.5991719964,0.814157035,-0.06701167814,0.4657350234,0.3402185259,0,1
2359,78633333333,0,0,-1.387124916,-0.3754381802,0.5969877217,0.8124852558,-0.06391619609,0.4675282986,0.3423444449,0,1
2360,78666666667,0,0,-1.388217662,-0.3751638022,0.5940857865,0.8116826548,-0.06099731809,0.4677898642,0.3444172441,0,1
2361,78700000000,0,0,-1.387654293,-0.3729023479,0.5918789678,0.8110867028,-0.05925055706,0.4667210756,0.3475617495,0,1
2362,78733333333,0,0,-1.385858015,-0.3703054271,0.5906698658,0.8098310158,-0.05711258266,0.4669324062,0.3505510046,0,1
2363,78766666667,0,0,-1.384721185,-0.368863341,0.5881330459,0.8094513917,-0.05686025383,0.4671618736,0.3511625547,0,1
2364,78800000000,0,0,-1.382298009,-0.366497854,0.5864223844,0.8099642855,-0.05731127027,0.4677414959,0.3491291559,0,1
2365,78833333333,0,0,-1.381258277,-0.3648887182,0.5840044985,0.8103743054,-0.05717104026,0.4693079681,0.3460852328,0,1
2366,78866666667,0,0,-1.381772313,-0.3650697694,0.5806009671,0.8104368638,-0.05687141715,0.4701731162,0.3448115028,0,1
2367,78900000000,0,1,-1.379615263,-0.3623456246,0.5749566666,0.8115267746,-0.05515565634,0.4684003497,0.3449395022,0,1
2368,78933333333,0,0,-1.380247181,-0.3623892096,0.5715692807,0.8128896261,-0.05369736687,0.4662000619,0.344941373,0,1
2369,78966666667,0,0,-1.379459681,-0.3607514029,0.5695922891,0.8152883436,-0.05326888347,0.4630891435,0.3435342602,0,1
2370,79000000000,0,0,-1.377877982,-0.3589219196,0.5665149457,0.8176578292,-0.05295686427,0.4609617479,0.3408012792,0,1
2371,79033333333,0,0,-1.378288214,-0.3579349616,0.5624787527,0.8198538985,-0.0540925706,0.4600440923,0.3365605622,0,1
2372,79066666667,0,0,-1.377066601,-0.3546704472,0.559819241,0.8212413374,-0.05576317295,0.4603460123,0.3324675673,0,1
2373,79100000000,0,0,-1.376664076,-0.3529749238,0.5548735385,0.8218535023,-0.05701079393,0.461294711,0.3294142981,0,1
2374,79133333333,0,0,-1.377486628,-0.3519823309,0.5501987049,0.8228039517,-0.05821187794,0.4614769939,0.3265639577,0,1
2375,79166666667,0,1,-1.377142218,-0.3474549418,0.5421772431,0.8257403031,-0.05846978615,0.4581458397,0.3237848446,0,1
2376,79200000000,0,0,-1.378757819,-0.3461241281,0.537275316,0.8288825119,-0.05889129968,0.4538994426,0.3216533728,0,1
2377,79233333333,0,0,-1.38110172,-0.3446395772,0.5309064981,0.8335027557,-0.05993015259,0.4470526977,0.3191009535,0,1
2378,79266666667,0,0,-1.381757561,-0.3407645344,0.5255372959,0.8380956053,-0.06201097624,0.4395593845,0.3170771874,0,1
2379,79300000000,0,0,-1.38138431,-0.3374004353,0.5206383451,0.8417201808,-0.06471161962,0.4333203293,0.3155202619,0,1
2380,79333333333,0,0,-1.380509002,-0.333158224,0.5149560441,0.8449142578,-0.06840752161,0.4286004751,0.3126370752,0,1
2381,79366666667,0,1,-1.378608236,-0.3267580257,0.5077630854,0.8477541502,-0.07254314265,0.4251354506,0.3087235687,0,1
2382,79400000000,0,0,-1.377734578,-0.322794503,0.5017674434,0.8487146174,-0.07670477477,0.4241378348,0.3064424462,0,1
2383,79433333333,0,0,-1.378372829,-0.3188708863,0.4956898999,0.8481237774,-0.07904487826,0.423837338,0.3078958854,0,1
2384,79466666667,0,0,-1.378835307,-0.3151592696,0.4903477199,0.8476476567,-0.08055220491,0.4227632081,0.3102838414,0,1
2385,79500000000,0,0,-1.380313607,-0.3128302204,0.4841543479,0.8490205171,-0.08179017066,0.4199134702,0.3100761311,0,1
2386,79533333333,0,0,-1.382480283,-0.310367329,0.4780173603,0.8519123129,-0.08294363932,0.4153634684,0.3079593364,0,1
2387,79566666667,0,1,-1.380029732,-0.3069706075,0.4740085121,0.8552801569,-0.08374396805,0.4095707158,0.3061611174,0,1
2388,79600000000,0,0,-1.381891467,-0.3044299367,0.467985826,0.8586230095,-0.08396041663,0.4034612837,0.30485434,0,1
2389,79633333333,0,0,-1.382207942,-0.3012113984,0.4630508626,0.8617951722,-0.0844397199,0.3979437362,0.3030178174,0,1
2390,79666666667,0,0,-1.382556397,-0.2972346627,0.4591037,0.8642861006,-0.08435487186,0.3938569246,0.3012814546,0,1
2391,79700000000,0,0,-1.381973638,-0.2934677281,0.4549103059,0.8660815627,-0.08248601359,0.3908009443,0.3006216997,0,1
2392,79733333333,0,0,-1.381963931,-0.2904942882,0.4508210417,0.8677320463,-0.07952882927,0.3887654442,0.2992953233,0,1
2393,79766666667,0,0,-1.383494717,-0.2847206897,0.4461174012,0.8697973514,-0.07719614314,0.3870447617,0.2961244255,0,1
2394,79800000000,0,1,-1.381452869,-0.2806790507,0.4448662257,0.8714627171,-0.07646301925,0.3866921358,0.2918481308,0,1
2395,79833333333,0,0,-1.384892462,-0.277123444,0.4397882265,0.8729599147,-0.07486421875,0.3862189183,0.2883943191,0,1
2396,79866666667,0,0,-1.386921932,-0.2728228018,0.4364431715,0.874621382,-0.07466097513,0.3839328069,0.2864590315,0,1
2397,79900000000,0,0,-1.390286566,-0.2690802773,0.4319287944,0.8772950244,-0.0748429416,0.379655736,0.2839251598,0,1
2398,79933333333,0,0,-1.395235289,-0.265498141,0.4266600171,0.8805956102,-0.07774957257,0.3729390645,0.2818205626,0,1
2399,79966666667,0,0,-1.393248118,-0.2575078752,0.4247878338,0.8828839612,-0.08089607976,0.3672214672,0.2812830059,0,1
2400,80000000000,0,1,-1.390006439,-0.2520422628,0.4253059804,0.8830499293,-0.08188406699,0.3663340332,0.2816330913,0,1
2401,80033333333,0,0,-1.392663483,-0.2467863519,0.4207107954,0.8826749497,-0.08206730741,0.3675750866,0.2811377702,0,1
2402,80066666667,0,0,-1.390663366,-0.2419124295,0.4184197599,0.8815203518,-0.08333628315,0.3698976849,0.2813407827,0,1
2403,80100000000,0,0,-1.391541133,-0.2381780394,0.414565034,0.880071983,-0.08273362095,0.3733270549,0.2815232898,0,1
2404,80133333333,0,0,-1.392799846,-0.2348327958,0.411571179,0.8792125668,-0.08282960879,0.3756129942,0.2811394615,0,1
2405,80166666667,0,0,-1.392162319,-0.2309743946,0.4079024861,0.8793274244,-0.08309932957,0.3763602846,0.279697548,0,1
2406,80200000000,0,0,-1.395356701,-0.227642544,0.4031739496,0.8792834932,-0.08228384871,0.376729445,0.279579742,0,1
2407,80233333333,0,1,-1.395955591,-0.2255011196,0.4003100452,0.8795500134,-0.08323373583,0.3751119072,0.2806331704,0,1
2408,80266666667,0,0,-1.398507952,-0.222670404,0.3962158272,0.8811079018,-0.08255049843,0.3720992417,0.2799579162,0,1
2409,80300000000,0,0,-1.399338207,-0.2169640933,0.3930418619,0.8831090151,-0.08346546615,0.3678967663,0.2789335992,0,1
2410,80333333333,0,0,-1.398802822,-0.2099696821,0.3926082715,0.8833458383,-0.08424766643,0.3668581212,0.2793162716,0,1
2411,80366666667,0,0,-1.395176448,-0.2026155866,0.3919788246,0.8818760023,-0.08329339069,0.3686591251,0.281864111,0,1
2412,80400000000,0,0,-1.393996425,-0.1972486004,0.3893161448,0.8795154005,-0.08215836235,0.3722735499,0.2848070712,0,1
2413,80433333333,0,1,-1.394279305,-0.1955830144,0.3859465258,0.8764748469,-0.08375408252,0.3753723545,0.2896078243,0,1
2414,80466666667,0,0,-1.388435135,-0.1906331027,0.3856937382,0.8740891351,-0.08483413994,0.378003709,0.2930606567,0,1
2415,80500000000,0,0,-1.38861746,-0.1871075971,0.3818371379,0.872590657,-0.08530093984,0.3811160475,0.2933595971,0,1
2416,80533333333,0,0,-1.38681526,-0.183801029,0.379696102,0.8717312489,-0.08822433631,0.3827521696,0.2929195672,0,1
2417,80566666667,0,0,-1.383523235,-0.1798037659,0.3779387262,0.8713927973,-0.09071900079,0.3837821207,0.2918149062,0,1
2418,80600000000,0,0,-1.383494636,-0.1768569485,0.3747014361,0.8710291577,-0.09321115219,0.3846846219,0.2909254703,0,1
2419,80633333333,0,0,-1.382094523,-0.1734154615,0.3734897773,0.8708321344,-0.09735970092,0.3843984023,0.2905345947,0,1
2420,80666666667,0,0,-1.377540788,-0.1688192551,0.3727124395,0.8712797749,-0.1009849679,0.3831345582,0.2896230315,0,1
2421,80700000000,0,0,-1.371423678,-0.1628632789,0.3724389975,0.8719900262,-0.1018555155,0.3832876334,0.2869659183,0,1
2422,80733333333,0,1,-1.371331181,-0.158314256,0.369722171,0.8718558104,-0.1019495446,0.3853640586,0.2845492552,0,1
2423,80766666667,0,0,-1.367057198,-0.1545282816,0.3689089572,0.870525052,-0.1024527137,0.388463442,0.2842283054,0,1
2424,80800000000,0,0,-1.362647981,-0.1523655021,0.3674348223,0.8690609915,-0.1014259462,0.3921556552,0.2840065362,0,1
2425,80833333333,0,0,-1.359932789,-0.1515124486,0.3642794782,0.8689578574,-0.09969883703,0.3933285157,0.2833108942,0,1
2426,80866666667,0,0,-1.359213054,-0.1520964772,0.3597723715,0.8700001901,-0.09782957606,0.3909635936,0.2840361099,0,1
2427,80900000000,0,0,-1.355671797,-0.1498489526,0.3580284405,0.8723312848,-0.09578843575,0.3859011068,0.2845049049,0,1
2428,80933333333,0,0,-1.352832001,-0.1466704013,0.356117083,0.8751709914,-0.0930789573,0.3815544854,0.2825388789,0,1
2429,80966666667,0,0,-1.347483367,-0.1431850952,0.3547041472,0.8772901917,-0.09089163947,0.3782280964,0.2811478908,0,1
2430,81000000000,0,0,-1.342874975,-0.1406508395,0.3518377019,0.8787594481,-0.08833307713,0.3768926313,0.279161323,0,1
2431,81033333333,0,1,-1.338545752,-0.1359291818,0.3435339086,0.8813624844,-0.08628944073,0.3741315768,0.275281432,0,1
2432,81066666667,0,0,-1.334398988,-0.1336358317,0.3405759867,0.8826002601,-0.08525879367,0.3718138779,0.2747765623,0,1
2433,81100000000,0,0,-1.329640114,-0.1307445878,0.3387035606,0.8836132978,-0.08196139999,0.3697293927,0.2753362398,0,1
2434,81133333333,0,0,-1.327466226,-0.1291540486,0.3326306126,0.8856091988,-0.07802617355,0.3654999832,0.2757136659,0,1
2435,81166666667,0,0,-1.324490858,-0.1256087993,0.3299032726,0.8881955102,-0.07636252278,0.3604771448,0.2744699053,0,1
2436,81200000000,0,0,-1.322340463,-0.1217804296,0.3265719078,0.8902355056,-0.07422553295,0.3574162307,0.272442568,0,1
2437,81233333333,0,1,-1.321580027,-0.1166241015,0.3195407722,0.8910194484,-0.07371975595,0.3558773271,0.2720313734,0,1
2438,81266666667,0,0,-1.319466732,-0.1118349598,0.3167933769,0.889450564,-0.07540536324,0.3577222579,0.2742745187,0,1
2439,81300000000,0,0,-1.316110996,-0.1065380002,0.3147984435,0.8870600248,-0.07643139911,0.3610436525,0.2773630017,0,1
2440,81333333333,0,0,-1.312349447,-0.1020917772,0.3118665737,0.8847661494,-0.07561582267,0.3634373457,0.2817523806,0,1
2441,81366666667,0,0,-1.310706176,-0.09925043943,0.3081370206,0.8829581846,-0.07417473046,0.3634030217,0.2877867221,0,1
2442,81400000000,0,0,-1.307362705,-0.09687964528,0.3028305612,0.8829871775,-0.07328838879,0.3595698818,0.2926977222,0,1
2443,81433333333,0,1,-1.303697061,-0.08982521732,0.2972265323,0.8848373416,-0.07166324862,0.3536365383,0.2947345525,0,1
2444,81466666667,0,0,-1.303359351,-0.08623884556,0.2927614614,0.8857312278,-0.07113084893,0.349428687,0.2971871249,0,1
2445,81500000000,0,0,-1.300811081,-0.08180072979,0.2888195524,0.8868358485,-0.07254922686,0.3451901276,0.2985005248,0,1
2446,81533333333,0,0,-1.299314144,-0.07801064691,0.2860397903,0.8874276088,-0.07470113362,0.3432592191,0.2984377462,0,1
2447,81566666667,0,0,-1.296908944,-0.07367868314,0.2813464888,0.8880905193,-0.0764431175,0.3418103855,0.2976866469,0,1
2448,81600000000,0,0,-1.296961514,-0.07150278321,0.2749838136,0.8889257014,-0.08001283029,0.3395607567,0.2968291375,0,1
2449,81633333333,0,1,-1.292525354,-0.06087821244,0.2710330195,0.891239361,-0.08216763656,0.3368035845,0.2924110573,0,1
2450,81666666667,0,0,-1.292926436,-0.05884951456,0.2655905316,0.8929711607,-0.08618808002,0.3342168872,0.2889172777,0,1
2451,81700000000,0,0,-1.292308922,-0.05523321202,0.2616390892,0.8947825577,-0.08982457867,0.330832871,0.2860862301,0,1
2452,81733333333,0,0,-1.292825159,-0.05288663083,0.2570245226,0.8959909791,-0.09247828938,0.3278289909,0.2849141695,0,1
2453,81766666667,0,0,-1.293046036,-0.04883461142,0.2516977757,0.8974268909,-0.09396254405,0.3235542031,0.2847958804,0,1
2454,81800000000,0,0,-1.292915756,-0.04516008011,0.2465977414,0.8987035018,-0.0963384568,0.3197359724,0.2842882791,0,1
2455,81833333333,0,1,-1.292216157,-0.0408594686,0.2441974626,0.899205567,-0.09755806987,0.3187545319,0.2833854612,0,1
2456,81866666667,0,0,-1.292895973,-0.03789478978,0.2384844698,0.8988208077,-0.09838239672,0.319020199,0.2840214294,0,1
2457,81900000000,0,0,-1.292151469,-0.03409909522,0.2327574431,0.898692114,-0.09918082806,0.3192838996,0.283854609,0,1
2458,81933333333,0,0,-1.293284728,-0.03048318544,0.2277591543,0.8987815929,-0.1004810235,0.3203365397,0.281921467,0,1
2459,81966666667,0,0,-1.294687531,-0.02822440572,0.222095409,0.8989318019,-0.1007257141,0.3206304881,0.2810196366,0,1
2460,82000000000,0,0,-1.297749864,-0.02623068523,0.2152662128,0.8997231633,-0.1016318962,0.3187400954,0.2803104326,0,1
2461,82033333333,0,0,-1.300370725,-0.02259119382,0.2105447457,0.9006157882,-0.1026304968,0.3163424205,0.27979574,0,1
2462,82066666667,0,1,-1.302179696,-0.0175256595,0.2055618755,0.9010587311,-0.10360534,0.3148201514,0.2797273116,0,1
2463,82100000000,0,0,-1.30464482,-0.0134892811,0.200483697,0.9006770206,-0.1048727953,0.3149956319,0.2802861989,0,1
2464,82133333333,0,0,-1.305615847,-0.01060280529,0.1969277796,0.9000356997,-0.1068619652,0.3156547681,0.2808528564,0,1
2465,82166666667,0,0,-1.307820266,-0.007548480704,0.191565778,0.8997827868,-0.1080118227,0.3157954463,0.2810651507,0,1
2466,82200000000,0,0,-1.309383116,-0.003480894495,0.1867135747,0.8998319823,-0.1098990971,0.3152805049,0.2807539763,0,1
2467,82233333333,0,0,-1.31205658,0.0006531388069,0.1831547914,0.8992943393,-0.111326248,0.3163833795,0.2806736805,0,1
2468,82266666667,0,1,-1.314691453,0.003514246753,0.1788181248,0.8984268491,-0.1124254176,0.3174624344,0.2817930535,0,1
2469,82300000000,0,0,-1.316966821,0.006898162047,0.1743131434,0.8975578554,-0.1143557959,0.3174411817,0.2838022979,0,1
2470,82333333333,0,0,-1.317066317,0.01032963577,0.1715139276,0.8966341768,-0.1153944226,0.3182447807,0.2853971614,0,1
2471,82366666667,0,0,-1.319116915,0.01286659416,0.1669373901,0.8956698442,-0.1157190367,0.3196814941,0.2866851531,0,1
2472,82400000000,0,0,-1.31903962,0.01549668082,0.1627934289,0.895464281,-0.1169256927,0.3200987319,0.2863719708,0,1
2473,82433333333,0,0,-1.320496366,0.01793909873,0.1584529826,0.8955148678,-0.1174848432,0.3214007861,0.2845205931,0,1
2474,82466666667,0,0,-1.322272802,0.01929102814,0.1541242514,0.8949459972,-0.118125151,0.3229649626,0.2842740644,0,1
2475,82500000000,0,1,-1.323253239,0.02356419474,0.151236757,0.8941205662,-0.1176026333,0.3247161553,0.2850920066,0,1
2476,82533333333,0,0,-1.322295671,0.02543981419,0.1477536391,0.8932101661,-0.1173170673,0.3259643324,0.2866348879,0,1
2477,82566666667,0,0,-1.321390016,0.0267023635,0.1436322915,0.8929041669,-0.1172614201,0.3268396392,0.2866143024,0,1
2478,82600000000,0,0,-1.320703977,0.02811846053,0.1402881137,0.89268199,-0.1174441232,0.327958536,0.2859526905,0,1
2479,82633333333,0,0,-1.322387928,0.0303718508,0.138042181,0.8915760494,-0.1168364478,0.330453522,0.2867784203,0,1
2480,82666666667,0,0,-1.320749726,0.03239120574,0.1353507137,0.8903945564,-0.1167738508,0.3322218443,0.28842685,0,1
2481,82700000000,0,0,-1.318229704,0.03230086816,0.1330270438,0.8893817433,-0.1171812077,0.3338848802,0.2894642743,0,1
2482,82733333333,0,0,-1.315943945,0.03280658533,0.1324912603,0.8882921585,-0.1168910654,0.335709275,0.2908140345,0,1
2483,82766666667,0,0,-1.313921399,0.03202652639,0.1300892708,0.8874117779,-0.1165103189,0.3364435205,0.292799316,0,1
2484,82800000000,0,0,-1.30883725,0.03085576092,0.1292689832,0.8875695383,-0.1171403791,0.3353038407,0.2933765171,0,1
2485,82833333333,0,1,-1.305049683,0.02994494856,0.1270618718,0.8882877937,-0.1169216449,0.3337985767,0.2930062024,0,1
2486,82866666667,0,0,-1.301023657,0.0282895183,0.1264562457,0.8885788416,-0.1167959897,0.333249699,0.2927985266,0,1
2487,82900000000,0,0,-1.299389388,0.02713414807,0.1249571178,0.8882652339,-0.115730664,0.3335450832,0.2938349284,0,1
2488,82933333333,0,0,-1.294545214,0.02635509658,0.1229388101,0.8883779661,-0.1160802951,0.3324816067,0.2945605805,0,1
2489,82966666667,0,0,-1.288982281,0.02617166052,0.1215573775,0.8889056125,-0.1167786127,0.3320303649,0.293198575,0,1
2490,83000000000,0,0,-1.284872002,0.02501423568,0.1204613605,0.8891817423,-0.1174252698,0.3328382781,0.2911800403,0,1
2491,83033333333,0,0,-1.280519131,0.02495198881,0.1197396239,0.8893580825,-0.1180137248,0.3334932274,0.2896501841,0,1
2492,83066666667,0,0,-1.27541268,0.02327734042,0.1199123617,0.8894703284,-0.1187615851,0.3339473822,0.2884742047,0,1
2493,83100000000,0,0,-1.27018351,0.02181597109,0.1196176047,0.8901165734,-0.1193274748,0.3329498138,0.2873984362,0,1
2494,83133333333,0,0,-1.262867284,0.02073116204,0.1208320663,0.8910018139,-0.1196910831,0.3321526782,0.2854197094,0,1
2495,83166666667,0,0,-1.258313882,0.01885273545,0.1216319084,0.8911441902,-0.1183983333,0.3323609439,0.2852719228,0,1
2496,83200000000,0,1,-1.252832393,0.0186156284,0.1224362245,0.8915469504,-0.1168454229,0.3311397525,0.2860727995,0,1
2497,83233333333,0,0,-1.247152346,0.01596454079,0.1234435672,0.8919935937,-0.114735238,0.3304559454,0.2863252033,0,1
2498,83266666667,0,0,-1.241216434,0.01437551353,0.1229301951,0.8925358881,-0.1122776113,0.3291443348,0.287119197,0,1
2499,83300000000,0,0,-1.234708552,0.01170192929,0.1228669616,0.8925571136,-0.1107132502,0.3281316679,0.2888147913,0,1
2500,83333333333,0,0,-1.226859564,0.009694097496,0.121975748,0.8928662794,-0.1095358609,0.3265444705,0.2901041382,0,1
2501,83366666667,0,0,-1.219434728,0.008712776544,0.1210351815,0.893860153,-0.1094657447,0.3249739387,0.2888307754,0,1
2502,83400000000,0,1,-1.210842376,0.006586638012,0.1201080554,0.8950614263,-0.1103727042,0.3243307694,0.2854688447,0,1
2503,83433333333,0,0,-1.204385619,0.003980347546,0.1196820622,0.8956527385,-0.1114284419,0.3252050346,0.2821906445,0,1
2504,83466666667,0,0,-1.197166999,0.001383817158,0.1202131724,0.8959134244,-0.1125813153,0.3265753095,0.2793083434,0,1
2505,83500000000,0,0,-1.189881547,-0.0004636090673,0.1215025068,0.8960940306,-0.1130704008,0.3278915929,0.2769795589,0,1
2506,83533333333,0,0,-1.183161764,-0.002879288143,0.121767046,0.896374758,-0.1125950566,0.3285963561,0.2754252733,0,1
2507,83566666667,0,0,-1.176953264,-0.005460941903,0.1228318985,0.8963797343,-0.1121587919,0.3286811063,0.2754859483,0,1
2508,83600000000,0,1,-1.166057756,-0.006752599268,0.1220517188,0.8968230809,-0.111474706,0.3268996696,0.276438705,0,1
2509,83633333333,0,0,-1.159716828,-0.009037808638,0.1225684726,0.896712951,-0.1107554109,0.3264880564,0.2775692192,0,1
2510,83666666667,0,0,-1.152476421,-0.0100817152,0.1241739338,0.897275131,-0.1093327484,0.3251562258,0.2778796832,0,1
2511,83700000000,0,0,-1.146027819,-0.01324612101,0.1240323695,0.8984955219,-0.1076285208,0.3224769938,0.2777237603,0,1
2512,83733333333,0,0,-1.140961556,-0.01602149206,0.1232214864,0.8999669065,-0.1069664436,0.3187716535,0.2774930271,0,1
2513,83766666667,0,0,-1.135384629,-0.01757432579,0.1235375222,0.9012905307,-0.1073920963,0.3153378597,0.2769555041,0,1
2514,83800000000,0,0,-1.127977127,-0.0185321114,0.12658988,0.9015970966,-0.1073139157,0.3137680631,0.2777696914,0,1
2515,83833333333,0,1,-1.121527598,-0.02161197903,0.1246956081,0.9017437545,-0.1064441031,0.3117463129,0.279896571,0,1
2516,83866666667,0,0,-1.114889786,-0.02308957655,0.1234602187,0.902386912,-0.107344929,0.3083974739,0.281186638,0,1
2517,83900000000,0,0,-1.107364757,-0.02072489587,0.1251317909,0.903775717,-0.1078100999,0.3061548243,0.2789904287,0,1
2518,83933333333,0,0,-1.10092653,-0.02229268859,0.1242062477,0.9047674461,-0.108473946,0.3052460011,0.2765034365,0,1
2519,83966666667,0,0,-1.094231541,-0.02405880924,0.1225654156,0.9054592259,-0.1110271693,0.3038064723,0.274805723,0,1
2520,84000000000,0,0,-1.087595475,-0.02479182035,0.1230808752,0.9058758942,-0.113752926,0.3024832093,0.2737755362,0,1
2521,84033333333,0,0,-1.080260229,-0.02491667909,0.1240627634,0.9063777228,-0.1147019122,0.30085292,0.2735149274,0,1
2522,84066666667,0,1,-1.072718646,-0.02725276246,0.1192863683,0.907483577,-0.1159009293,0.297090037,0.2734557406,0,1
2523,84100000000,0,0,-1.065364977,-0.02626515981,0.1202927165,0.9087433824,-0.117821585,0.2929343488,0.2729340696,0,1
2524,84133333333,0,0,-1.057518364,-0.02604072871,0.1206450068,0.9103976762,-0.1179909044,0.2891296204,0.27140059,0,1
2525,84166666667,0,0,-1.050324025,-0.02685816941,0.1196148818,0.9122561101,-0.1187566521,0.2849548655,0.2692329322,0,1
2526,84200000000,0,0,-1.043719848,-0.02595806499,0.1200930299,0.9140387355,-0.1184570034,0.2820581452,0.2663537704,0,1
2527,84233333333,0,0,-1.035079864,-0.02920414446,0.1165964245,0.916006449,-0.1205097991,0.2783737556,0.2625216677,0,1
2528,84266666667,0,1,-1.026662021,-0.02707075293,0.1140859839,0.9181040652,-0.1233272056,0.2760452722,0.2562700403,0,1
2529,84300000000,0,0,-1.019837014,-0.02791805932,0.1140771693,0.9190444311,-0.1257212389,0.2779470456,0.2495935568,0,1
2530,84333333333,0,0,-1.012849932,-0.03218562287,0.1078622309,0.9199677162,-0.1296772651,0.2773154259,0.2448251674,0,1
2531,84366666667,0,0,-1.006388467,-0.03488724777,0.1072262655,0.9209144951,-0.1354878923,0.2749589094,0.2407428543,0,1
2532,84400000000,0,0,-0.9991568645,-0.03695745567,0.1057955072,0.9221297473,-0.1377695597,0.2711176725,0.2391474132,0,1
2533,84433333333,0,0,-0.9906446678,-0.04034840649,0.1014968391,0.923680379,-0.1406983006,0.2637721524,0.2396722705,0,1
2534,84466666667,0,1,-0.9801402188,-0.04473157735,0.1019612145,0.9244555881,-0.1442746316,0.2568879768,0.2420232709,0,1
2535,84500000000,0,0,-0.9735934284,-0.04338574956,0.1010966101,0.9252669329,-0.1441951686,0.2524288599,0.2436565758,0,1
2536,84533333333,0,0,-0.9661472305,-0.0421147476,0.0990641752,0.9256254644,-0.1440968406,0.2503803607,0.2444652841,0,1
2537,84566666667,0,0,-0.9595134448,-0.04129181638,0.09878939407,0.9249007497,-0.1439738713,0.2530780791,0.2445027884,0,1
2538,84600000000,0,0,-0.9524382788,-0.04138087299,0.09517131472,0.9241075256,-0.1440981053,0.2568351767,0.2435091562,0,1
2539,84633333333,0,0,-0.9465400263,-0.04131930432,0.09439862607,0.9232763206,-0.1449930136,0.2612727496,0.2414009365,0,1
2540,84666666667,0,1,-0.9363875137,-0.04549644459,0.09185543725,0.9223856012,-0.1461254456,0.2640446542,0.2411069835,0,1
2541,84700000000,0,0,-0.9312512162,-0.04876583797,0.08829730811,0.921621981,-0.1480703853,0.2656144691,0.2411162353,0,1
2542,84733333333,0,0,-0.9234782773,-0.04791477348,0.08731553135,0.9212505043,-0.1499473622,0.2656043981,0.2413868278,0,1
2543,84766666667,0,0,-0.9168986374,-0.04901880216,0.08584042302,0.9209577629,-0.1515803964,0.2655284036,0.2415674839,0,1
2544,84800000000,0,0,-0.9114647299,-0.04942329437,0.08454459446,0.9209672506,-0.1535573433,0.2653891799,0.2404330445,0,1
2545,84833333333,0,0,-0.9069559797,-0.0484077528,0.08724801685,0.9205224702,-0.1539251284,0.2672347031,0.2398563115,0,1
2546,84866666667,0,0,-0.9005298522,-0.05017660773,0.08571928616,0.920078105,-0.1531225104,0.2683401528,0.2408388256,0,1
2547,84900000000,0,0,-0.8959457077,-0.05088334001,0.08508867273,0.9201532286,-0.1526074207,0.2683491516,0.2408687275,0,1
2548,84933333333,0,1,-0.8889427737,-0.05316668472,0.08574613396,0.9204372376,-0.1525973405,0.2677553734,0.2404504177,0,1
2549,84966666667,0,0,-0.8844908503,-0.05564756171,0.08610693678,0.9207436524,-0.1510529497,0.267961619,0.2400222985,0,1
2550,85000000000,0,0,-0.8803503516,-0.05817832047,0.08614837286,0.9209601064,-0.1498772076,0.2680216905,0.2398617904,0,1
2551,85033333333,0,0,-0.875083603,-0.06010518276,0.08676090384,0.9212149538,-0.1487417577,0.2676913094,0.2399588741,0,1
2552,85066666667,0,0,-0.8708652942,-0.06242948493,0.08803658654,0.9213810189,-0.1471227294,0.2680486122,0.2399205327,0,1
2553,85100000000,0,0,-0.8666881766,-0.06475440687,0.08911789616,0.9214928865,-0.1454042402,0.2688957171,0.2395904011,0,1
2554,85133333333,0,1,-0.8609103626,-0.06570235298,0.09145801199,0.9217004194,-0.1439896719,0.2704176087,0.2379277795,0,1
2555,85166666667,0,0,-0.8564665787,-0.06792731813,0.09258840431,0.9217831435,-0.1421668671,0.2734867335,0.2351795587,0,1
2556,85200000000,0,0,-0.8528349158,-0.07190219155,0.09395725005,0.921746832,-0.14059859,0.2762102057,0.2330723847,0,1
2557,85233333333,0,0,-0.8486409208,-0.07453217839,0.09523884304,0.9217216777,-0.1387978747,0.2774086795,0.2328276688,0,1
2558,85266666667,0,0,-0.8437599617,-0.07906502591,0.09694771642,0.9214211461,-0.138581472,0.2771891179,0.2344023039,0,1
2559,85300000000,0,0,-0.8391029272,-0.08302351569,0.09887501265,0.921619059,-0.1395160544,0.2756712775,0.2348593782,0,1
2560,85333333333,0,1,-0.8335813333,-0.08644946825,0.1015388389,0.9217214112,-0.1410961311,0.2736229552,0.2359067619,0,1
2561,85366666667,0,0,-0.8289314315,-0.08766390289,0.1048944635,0.9215428331,-0.1419273111,0.2728831176,0.2369604382,0,1
2562,85400000000,0,0,-0.8232512116,-0.08952931293,0.1072575214,0.9215180574,-0.1412699837,0.2728196852,0.237521959,0,1
2563,85433333333,0,0,-0.817879037,-0.09274965363,0.1103143784,0.9215083035,-0.141579964,0.2735636496,0.2365174203,0,1
2564,85466666667,0,0,-0.8128006687,-0.09493127784,0.1128700895,0.9215969184,-0.1404390921,0.2750919903,0.2350752609,0,1
2565,85500000000,0,0,-0.8079368036,-0.09936608089,0.1157793843,0.9209677361,-0.1394825282,0.2774086122,0.23538801,0,1
2566,85533333333,0,1,-0.803276349,-0.104781199,0.1191188544,0.920042,-0.1390794596,0.2795704839,0.2366853748,0,1
2567,85566666667,0,0,-0.798677039,-0.1084309617,0.1221610574,0.9195734984,-0.1375367623,0.2816540677,0.2369371356,0,1
2568,85600000000,0,0,-0.7939287503,-0.1125739502,0.1246622849,0.9194575353,-0.1354314315,0.2834471829,0.2364611228,0,1
2569,85633333333,0,0,-0.7900732744,-0.1167424617,0.1271650326,0.9193689245,-0.1338142246,0.285482218,0.2352752371,0,1
2570,85666666667,0,0,-0.78615146,-0.1204217283,0.1301683827,0.9191874511,-0.1326530077,0.2875275087,0.2341485447,0,1
2571,85700000000,0,0,-0.7822516166,-0.1245874733,0.1331272787,0.9190161466,-0.1317244166,0.2891431503,0.2333543208,0,1
2572,85733333333,0,1,-0.7768268802,-0.1311624773,0.1371332775,0.9190292783,-0.1319976166,0.2903556862,0.231636332,0,1
2573,85766666667,0,0,-0.773359341,-0.1353700842,0.1397413414,0.9192799603,-0.1313242904,0.2911993515,0.2299591768,0,1
2574,85800000000,0,0,-0.769644809,-0.139378944,0.1435515104,0.9192976987,-0.1306254855,0.2905766152,0.2310713187,0,1
2575,85833333333,0,0,-0.76600361,-0.1431065103,0.1466297174,0.9196996875,-0.1291599212,0.2884937147,0.2328982097,0,1
2576,85866666667,0,0,-0.7628522071,-0.1466444379,0.1499441161,0.9203294047,-0.1282112915,0.2863334041,0.2335997288,0,1
2577,85900000000,0,0,-0.7588073583,-0.1499716429,0.1526231608,0.9209304299,-0.1264226089,0.2850821527,0.2337362477,0,1
2578,85933333333,0,0,-0.7557286538,-0.1535493034,0.1548652937,0.9209825902,-0.1239238243,0.284452362,0.2356285382,0,1
2579,85966666667,0,1,-0.7514050967,-0.1568960487,0.1574640463,0.9212869028,-0.1223247874,0.2836159377,0.2362817999,0,1
2580,86000000000,0,0,-0.7475633821,-0.1601547146,0.1595853861,0.9218484125,-0.1211446289,0.2834315735,0.2349170628,0,1
2581,86033333333,0,0,-0.7451131004,-0.1636310251,0.161586531,0.9223174329,-0.1199682189,0.2841570771,0.2327937605,0,1
2582,86066666667,0,0,-0.7423460401,-0.1675275842,0.1636620623,0.9223931565,-0.119223091,0.2844684255,0.2324960953,0,1
2583,86100000000,0,0,-0.7402283588,-0.1713014921,0.1668218925,0.9227129478,-0.1184077078,0.2847172402,0.2313363866,0,1
2584,86133333333,0,0,-0.7376938754,-0.174746693,0.1684911723,0.9237123585,-0.1184540817,0.2835402492,0.2287554074,0,1
2585,86166666667,0,0,-0.7354903668,-0.1783480645,0.1715888543,0.9243714836,-0.118108393,0.2806728653,0.2298053751,0,1
2586,86200000000,0,1,-0.733341831,-0.1819713057,0.174801101,0.9247452713,-0.1171036606,0.2768311454,0.2334468523,0,1
2587,86233333333,0,0,-0.7299630895,-0.1851134371,0.1760347467,0.9250896546,-0.1157861168,0.2736908474,0.2364234042,0,1
2588,86266666667,0,0,-0.7262842592,-0.1877968811,0.176338718,0.9258293511,-0.1145652975,0.2723140077,0.2357114472,0,1
2589,86300000000,0,0,-0.7228915727,-0.1908705731,0.1769967283,0.926093621,-0.1133971556,0.2733419446,0.2340424568,0,1
2590,86333333333,0,0,-0.7209593081,-0.1943794598,0.1781388323,0.9256664363,-0.1115295614,0.2753905033,0.234228257,0,1
2591,86366666667,0,0,-0.7200507905,-0.1972474912,0.1798379688,0.9257307865,-0.1094253332,0.276457515,0.2337088996,0,1
2592,86400000000,0,0,-0.7188376899,-0.2004696108,0.1808963846,0.9265555303,-0.1084918861,0.2758382398,0.2315979824,0,1
2593,86433333333,0,0,-0.7159010234,-0.2044088113,0.1814488465,0.927293734,-0.1073709763,0.2745874914,0.2306501983,0,1
2594,86466666667,0,0,-0.7145805407,-0.2066153451,0.1816557552,0.9279735468,-0.1043407387,0.2744365936,0.2294834697,0,1
2595,86500000000,0,0,-0.7141803766,-0.2069657709,0.1816452987,0.9284342318,-0.1023241838,0.274688021,0.228223859,0,1
2596,86533333333,0,1,-0.7125074601,-0.2114971497,0.1820553255,0.9285987564,-0.1031905539,0.2756258602,0.226023106,0,1
2597,86566666667,0,0,-0.7102670387,-0.2155241114,0.1824922909,0.9289691676,-0.1015669879,0.277495691,0.2229272845,0,1
2598,86600000000,0,0,-0.713620448,-0.2154516108,0.1833132963,0.9298355477,-0.09733391045,0.2795051162,0.2186523589,0,1
2599,86633333333,0,0,-0.7156030727,-0.2151900941,0.1840870951,0.9311344704,-0.09598534158,0.2781429886,0.2154341896,0,1
2600,86666666667,0,0,-0.7161523692,-0.2147809062,0.1841037476,0.9327055386,-0.09545114297,0.2748099986,0.2131406162,0,1
2601,86700000000,0,0,-0.7164841947,-0.2132425397,0.1832369237,0.9339649797,-0.0956029741,0.2711764616,0.2122093654,0,1
2602,86733333333,0,0,-0.7146212895,-0.2136788502,0.1823053299,0.9343344362,-0.09676137113,0.2686628413,0.2132526109,0,1
2603,86766666667,0,0,-0.7133863404,-0.2120498927,0.1804581014,0.9341529339,-0.09639348708,0.2682295448,0.2147545181,0,1
2604,86800000000,0,0,-0.7126588829,-0.2104181908,0.179376086,0.9337534749,-0.09704795879,0.2695109632,0.2145925964,0,1
2605,86833333333,0,0,-0.712843224,-0.2087842007,0.1788178771,0.9334146853,-0.09785543595,0.2719713461,0.2125862787,0,1
2606,86866666667,0,0,-0.7134728411,-0.2056759631,0.1776713346,0.9333355228,-0.09889121375,0.2737777235,0.2101216026,0,1
2607,86900000000,0,0,-0.7133941506,-0.2037244143,0.1770390618,0.9334668529,-0.1008366034,0.2745986002,0.2075264384,0,1
2608,86933333333,0,0,-0.7133658016,-0.2017739017,0.1755878771,0.9338258678,-0.1020657787,0.2746506948,0.2052287048,0,1
2609,86966666667,0,0,-0.7129954584,-0.1977673853,0.1737480718,0.9338205668,-0.1027200639,0.2747295814,0.2048203962,0,1
2610,87000000000,0,0,-0.7125683081,-0.1944310618,0.172168985,0.9332861761,-0.1031587278,0.2753750686,0.2061644053,0,1
2611,87033333333,0,0,-0.7122048659,-0.1917733673,0.1708872463,0.9330419002,-0.1037146198,0.2756834723,0.2065785885,0,1
2612,87066666667,0,0,-0.7108460143,-0.1890535479,0.1686427165,0.9334177157,-0.1036809732,0.2748208253,0.2060464458,0,1
2613,87100000000,0,0,-0.7105120317,-0.1843604535,0.1658904288,0.9337331966,-0.1036512417,0.274123643,0.2055601275,0,1
2614,87133333333,0,0,-0.7103628936,-0.1812257613,0.1636727142,0.933493988,-0.1043006683,0.2736011591,0.2070090593,0,1
2615,87166666667,0,0,-0.7081042882,-0.1768384406,0.1596838053,0.9336211314,-0.1048895759,0.2719793065,0.2082714976,0,1
2616,87200000000,0,1,-0.7059255207,-0.1763901219,0.1538331746,0.9331572108,-0.1055542844,0.2713761108,0.2107864307,0,1
2617,87233333333,0,0,-0.7053020268,-0.1736826742,0.1500552019,0.9328187334,-0.1042766575,0.2714980255,0.2127543452,0,1
2618,87266666667,0,0,-0.7041555995,-0.1715057375,0.1457297626,0.9330682602,-0.1027445255,0.2708147497,0.2132757736,0,1
2619,87300000000,0,0,-0.7044092927,-0.1672028577,0.1410880995,0.9338647557,-0.1012758633,0.2698590061,0.2116977429,0,1
2620,87333333333,0,0,-0.7033005131,-0.1644574819,0.1365355413,0.9347650205,-0.1022496755,0.2686509507,0.2087726684,0,1
2621,87366666667,0,0,-0.7011111728,-0.1607265368,0.1311814842,0.9358436449,-0.1025707985,0.2676797868,0.2049961838,0,1
2622,87400000000,0,0,-0.6986504612,-0.1567900776,0.1255545622,0.9362481633,-0.103032826,0.2682097552,0.202205689,0,1
2623,87433333333,0,0,-0.6975518879,-0.1530593134,0.1209809166,0.9359438174,-0.1037375905,0.2691958177,0.2019437912,0,1
2624,87466666667,0,0,-0.6957545251,-0.1507471242,0.1171175469,0.9357299409,-0.1049648029,0.268992923,0.2025701737,0,1
2625,87500000000,0,0,-0.6942796068,-0.1462724472,0.1122590947,0.9360066539,-0.1052821846,0.2676657392,0.2028848379,0,1
2626,87533333333,0,1,-0.6909768041,-0.1443848589,0.1052659901,0.9363595558,-0.1070624509,0.2657654621,0.2028229107,0,1
2627,87566666667,0,0,-0.6881352843,-0.1408284734,0.09985955419,0.9368988967,-0.1077381451,0.2644309955,0.2017156366,0,1
2628,87600000000,0,0,-0.6840846158,-0.1382921651,0.09382546504,0.9375101093,-0.10841745,0.2630038012,0.2003732818,0,1
2629,87633333333,0,0,-0.6804801305,-0.136298453,0.0875744279,0.9379294209,-0.1070841988,0.2631175298,0.1989737201,0,1
2630,87666666667,0,0,-0.6785263218,-0.1324246533,0.081020183,0.9384364078,-0.1058466299,0.2631157932,0.1972401555,0,1
2631,87700000000,0,0,-0.6762895961,-0.1295972519,0.07553483214,0.938951602,-0.1062632955,0.2626329491,0.1951971702,0,1
2632,87733333333,0,0,-0.6741689694,-0.1273215258,0.06985483032,0.939660484,-0.1062229949,0.2613536537,0.1935177457,0,1
2633,87766666667,0,0,-0.6720896313,-0.1240620887,0.06367748167,0.9406893218,-0.105994077,0.2592700545,0.1914363977,0,1
2634,87800000000,0,1,-0.6673955737,-0.1196270811,0.05503139495,0.942128153,-0.106362643,0.2562662737,0.1881731341,0,1
2635,87833333333,0,0,-0.6637364954,-0.1166875485,0.04837744669,0.9431135039,-0.1068436266,0.2552715939,0.1842763456,0,1
2636,87866666667,0,0,-0.6618833528,-0.1125190724,0.04132505856,0.9440698385,-0.1066305172,0.2550432368,0.1797637902,0,1
2637,87900000000,0,0,-0.6589945259,-0.1088752095,0.03473642855,0.9452341115,-0.1075784445,0.2543483361,0.1739720569,0,1
2638,87933333333,0,0,-0.6567619721,-0.1040128305,0.02735992439,0.9463853639,-0.1076458365,0.2539852746,0.1681029361,0,1
2639,87966666667,0,0,-0.6548948935,-0.0991973066,0.02092627689,0.9471303335,-0.1090800219,0.2536184929,0.1634727509,0,1
2640,88000000000,0,1,-0.6522325282,-0.09394226914,0.01416821774,0.9478034923,-0.1100302467,0.2525158176,0.1606164583,0,1
2641,88033333333,0,0,-0.6500734799,-0.08850527883,0.008471527072,0.9483350164,-0.1112992508,0.2505695224,0.1596498919,0,1
2642,88066666667,0,0,-0.647723815,-0.08370612411,0.002837569746,0.9489396308,-0.112493751,0.2475023498,0.1600041244,0,1
2643,88100000000,0,0,-0.6444539981,-0.07812307597,-0.003396991955,0.9494788614,-0.1137933402,0.2435401982,0.1619541271,0,1
2644,88133333333,0,0,-0.6409318925,-0.07363490086,-0.009233282396,0.9498109425,-0.1148207256,0.2401450117,0.1643342564,0,1
2645,88166666667,0,0,-0.6383382791,-0.06871502738,-0.01555125625,0.9503097085,-0.1148876402,0.2370458116,0.1658962667,0,1
2646,88200000000,0,1,-0.6339933613,-0.062197538,-0.02057930546,0.9508883857,-0.11577035,0.2339516755,0.1663584007,0,1
2647,88233333333,0,0,-0.6303667621,-0.05728303819,-0.02666238473,0.9508653132,-0.1171107096,0.2324858085,0.1676024661,0,1
2648,88266666667,0,0,-0.6272708738,-0.0523736606,-0.03232938003,0.9505808411,-0.1187083097,0.2320037401,0.1687562334,0,1
2649,88300000000,0,0,-0.6244519789,-0.04778739897,-0.03766365618,0.95038251,-0.1207753742,0.2320398473,0.1683564758,0,1
2650,88333333333,0,0,-0.6215772005,-0.04305198458,-0.04298500395,0.950134734,-0.1225471046,0.2323317857,0.168071817,0,1
2651,88366666667,0,0,-0.6192860832,-0.03906085951,-0.04774060246,0.9497269702,-0.1238905883,0.2323919858,0.169303778,0,1
2652,88400000000,0,1,-0.6141733973,-0.03306028003,-0.05105659739,0.9497212956,-0.1251413132,0.230618887,0.1708333729,0,1
2653,88433333333,0,0,-0.6117267595,-0.02925241892,-0.05508482981,0.9494818404,-0.1268468229,0.2296612678,0.1721912322,0,1
2654,88466666667,0,0,-0.6091240795,-0.02496380698,-0.05920217951,0.9493879898,-0.1282284069,0.2289277502,0.1726615349,0,1
2655,88500000000,0,0,-0.6053700048,-0.02054597578,-0.0630723654,0.9490600444,-0.1288592547,0.2285933408,0.1744288082,0,1
2656,88533333333,0,0,-0.6032491531,-0.01713304779,-0.06661289538,0.9485953118,-0.1293560216,0.2288458669,0.1762484704,0,1
2657,88566666667,0,0,-0.6001466993,-0.01408572526,-0.06938811461,0.9485352854,-0.1304051628,0.2283147672,0.1764870334,0,1
2658,88600000000,0,0,-0.5964052289,-0.00997723594,-0.07266669336,0.9484844605,-0.1301705837,0.2280966042,0.177213957,0,1
2659,88633333333,0,0,-0.5933460681,-0.00762727995,-0.07555394822,0.948204341,-0.1304287194,0.2278791409,0.1787959005,0,1
2660,88666666667,0,0,-0.589362408,-0.00402782585,-0.07803031135,0.9482499599,-0.1306985008,0.226986115,0.1794915569,0,1
2661,88700000000,0,1,-0.5835200645,0.0005531890984,-0.07946756019,0.9484448517,-0.1293621497,0.2266456084,0.1798598502,0,1
2662,88733333333,0,0,-0.5804448671,0.002725056917,-0.08227067144,0.9478860999,-0.1287586648,0.2275313116,0.1821061505,0,1
2663,88766666667,0,0,-0.5763687142,0.006654718702,-0.08525816145,0.9474254075,-0.1289754305,0.2278237218,0.1839749639,0,1
2664,88800000000,0,0,-0.5730153099,0.008995194957,-0.08716259024,0.9464848401,-0.130572849,0.2289696598,0.1862527141,0,1
2665,88833333333,0,0,-0.5691054844,0.01164265168,-0.08893684492,0.9459607069,-0.131870053,0.2298342809,0.1869353724,0,1
2666,88866666667,0,0,-0.5646461154,0.01415138827,-0.09115563151,0.9458986439,-0.1339816149,0.2301131467,0.1853985492,0,1
2667,88900000000,0,1,-0.5585051008,0.01854404711,-0.09365133758,0.9460690588,-0.1356158088,0.2308345752,0.1824200848,0,1
2668,88933333333,0,0,-0.5539592246,0.02162314422,-0.09578789794,0.9453679567,-0.1369827397,0.2331283157,0.1821162923,0,1
2669,88966666667,0,0,-0.5494077465,0.02312388382,-0.09759966878,0.9445680201,-0.1381923581,0.2348606606,0.1831245414,0,1
2670,89000000000,0,0,-0.5448434724,0.02503893738,-0.09924930726,0.9443894195,-0.1387512108,0.2354434453,0.182874574,0,1
2671,89033333333,0,0,-0.5392717134,0.02724256578,-0.1006542376,0.9442298537,-0.1398316641,0.2356068352,0.1826650165,0,1
2672,89066666667,0,0,-0.5330258786,0.02833674835,-0.1028247033,0.9437432638,-0.1405785975,0.2361181369,0.1839416628,0,1
2673,89100000000,0,0,-0.5276412899,0.03056250741,-0.105132196,0.9432664141,-0.1417090057,0.2360851983,0.1855554066,0,1
2674,89133333333,0,1,-0.5188586909,0.03431298508,-0.1075425751,0.9435111137,-0.1425380857,0.2346095773,0.1855478878,0,1
2675,89166666667,0,0,-0.5129582287,0.03532482649,-0.1080894744,0.9435125738,-0.1432600587,0.2342564697,0.1854305399,0,1
2676,89200000000,0,0,-0.5068490194,0.03711101882,-0.1082233676,0.9439428751,-0.1430185452,0.2333236381,0.1846012574,0,1
2677,89233333333,0,0,-0.5010842096,0.03848690362,-0.1087782149,0.944606809,-0.141605807,0.2324763246,0.1833590202,0,1
2678,89266666667,0,0,-0.4948325229,0.0405562888,-0.109638332,0.9452762726,-0.138187565,0.2315839986,0.1836459007,0,1
2679,89300000000,0,0,-0.4914727533,0.04097149002,-0.1112839927,0.9459906206,-0.1342942627,0.2303817497,0.1843666082,0,1
2680,89333333333,0,0,-0.4879482911,0.04236210701,-0.1138996623,0.9469536774,-0.1322394769,0.2274637789,0.1845309808,0,1
2681,89366666667,0,0,-0.4832260465,0.04525375656,-0.1147516127,0.9474379341,-0.1316210208,0.2252389863,0.1852151908,0,1
2682,89400000000,0,1,-0.4781236346,0.04836575313,-0.1184671523,0.9476206261,-0.1305274556,0.2241228564,0.1864046073,0,1
2683,89433333333,0,0,-0.4734422253,0.05076188278,-0.119818852,0.9473077949,-0.1305885161,0.2241257909,0.1879420417,0,1
2684,89466666667,0,0,-0.468182825,0.05217739686,-0.1208393281,0.9471832201,-0.1306787883,0.2239173882,0.1887538214,0,1
2685,89500000000,0,0,-0.4638406557,0.05369497847,-0.1228958477,0.9473498428,-0.1310538216,0.2228590582,0.1889100617,0,1
2686,89533333333,0,0,-0.4589908301,0.05645326767,-0.1240274824,0.9474641754,-0.1317697654,0.2212777129,0.1896959118,0,1
2687,89566666667,0,0,-0.4539721018,0.0590980588,-0.1255530684,0.9475444951,-0.132106659,0.2198200505,0.1907522106,0,1
2688,89600000000,0,0,-0.4492164959,0.06155922487,-0.127070254,0.9478299291,-0.1323942179,0.2187045709,0.1904166676,0,1
2689,89633333333,0,0,-0.4446265362,0.06391299986,-0.1288370142,0.9485468974,-0.1329976475,0.2175324352,0.1877499635,0,1
2690,89666666667,0,1,-0.4388684787,0.06791841945,-0.1325216788,0.9495960012,-0.1325569876,0.2160666304,0.1844215031,0,1
2691,89700000000,0,0,-0.4349007116,0.0703247259,-0.1342823965,0.9502581474,-0.1321986012,0.2154672554,0.1819528646,0,1
2692,89733333333,0,0,-0.4304607111,0.07293801701,-0.1358805134,0.9510001733,-0.1320805475,0.2142624746,0.179568904,0,1
2693,89766666667,0,0,-0.4264369452,0.07565939235,-0.137826382,0.9519186065,-0.1319857725,0.212006156,0.1774376291,0,1
2694,89800000000,0,0,-0.4218554368,0.07879033741,-0.1408054846,0.9530445185,-0.132311061,0.2080666913,0.1758072263,0,1
2695,89833333333,0,0,-0.4165852179,0.08179326816,-0.1426954486,0.9539989359,-0.1327970508,0.2038390709,0.1752158862,0,1
2696,89866666667,0,1,-0.4108333414,0.08583474733,-0.1475497252,0.9552185112,-0.1322629521,0.1981750867,0.1754729106,0,1
2697,89900000000,0,0,-0.4065589375,0.08883592312,-0.1508321023,0.9562786766,-0.1332941217,0.1927255561,0.1749875131,0,1
2698,89933333333,0,0,-0.4011898466,0.09201316094,-0.1539273787,0.9574287532,-0.1341577193,0.1876085701,0.1735941051,0,1
2699,89966666667,0,0,-0.395882134,0.09437460217,-0.1586971119,0.9582749137,-0.1353250164,0.1830638711,0.1728697452,0,1
2700,90000000000,0,0,-0.390404235,0.09707067958,-0.1619793238,0.9591490506,-0.1373523542,0.1790262413,0.1706371424,0,1
2701,90033333333,0,0,-0.3851347324,0.09938527528,-0.1656993408,0.9602044626,-0.1397431468,0.1750966662,0.1667944854,0,1
2702,90066666667,0,1,-0.3783766497,0.1025930931,-0.1693984808,0.9613743939,-0.1414627785,0.1710417808,0.1627644504,0,1
2703,90100000000,0,0,-0.3738098552,0.1045217069,-0.1738671475,0.9625408547,-0.1433651534,0.1669405417,0.1584057804,0,1
2704,90133333333,0,0,-0.3688885607,0.1081818157,-0.178045311,0.9637217287,-0.1449814379,0.1617034361,0.1551541528,0,1
2705,90166666667,0,0,-0.363763867,0.1100280674,-0.1830261866,0.9645427236,-0.1474108001,0.1557343606,0.1538642237,0,1
2706,90200000000,0,0,-0.3590242718,0.1141627003,-0.1875459539,0.9655147292,-0.1498901982,0.1498544607,0.1511882165,0,1
2707,90233333333,0,0,-0.3556985967,0.1169183637,-0.192146437,0.9660939072,-0.1525610919,0.1459160555,0.1486478405,0,1
2708,90266666667,0,1,-0.3506712389,0.1224926197,-0.1951460013,0.9666121389,-0.1544380883,0.1431378447,0.1460185168,0,1
2709,90300000000,0,0,-0.3455466086,0.125909912,-0.1994240758,0.9669492189,-0.1561418854,0.1411817334,0.1438632607,0,1
2710,90333333333,0,0,-0.340722844,0.1285991682,-0.2037984263,0.9670338494,-0.1582651761,0.1386936842,0.1433936192,0,1
2711,90366666667,0,0,-0.3370881355,0.1332302818,-0.2072403096,0.9671871815,-0.1597149579,0.1358530868,0.1434713457,0,1
2712,90400000000,0,0,-0.3321842417,0.1368226971,-0.2113003644,0.9673916042,-0.1612628978,0.1320166037,0.1439422745,0,1
2713,90433333333,0,0,-0.3279177659,0.1413782596,-0.2145871514,0.9677506158,-0.1625657258,0.1285967997,0.1431572336,0,1
2714,90466666667,0,0,-0.323001254,0.1446339785,-0.218592818,0.9680836447,-0.1635796798,0.1261950795,0.1418821592,0,1
2715,90500000000,0,1,-0.3198656679,0.1471393759,-0.2214675041,0.9678884987,-0.1651772028,0.1255042385,0.1419754625,0,1
2716,90533333333,0,0,-0.315175254,0.1507466349,-0.2245210902,0.9677302392,-0.1662580781,0.1241842687,0.1429500018,0,1
2717,90566666667,0,0,-0.3114431828,0.1535660095,-0.2281494603,0.9676948981,-0.1670620773,0.1224084104,0.1437811797,0,1
2718,90600000000,0,0,-0.3077216935,0.1569368427,-0.2318904736,0.9678273628,-0.1679138989,0.1201419594,0.1438089983,0,1
2719,90633333333,0,0,-0.3042648142,0.1598405923,-0.2347334017,0.9679416136,-0.1685147697,0.1182810283,0.1438798229,0,1
2720,90666666667,0,0,-0.3017789883,0.1629619456,-0.2382875141,0.9681067283,-0.1688214398,0.1168598545,0.1435703954,0,1
2721,90700000000,0,0,-0.2978898018,0.166733858,-0.2414038043,0.9684408817,-0.1684734692,0.1151622977,0.1430964503,0,1
2722,90733333333,0,0,-0.2950120497,0.1686332788,-0.2445706524,0.9687003769,-0.1677918579,0.1139037582,0.143148196,0,1
2723,90766666667,0,1,-0.2925452423,0.1686278319,-0.2478001076,0.9687572345,-0.1687210052,0.111815615,0.1433175193,0,1
2724,90800000000,0,0,-0.2898935466,0.1722728715,-0.250342888,0.9691186294,-0.1686149384,0.1097709842,0.1425777535,0,1
2725,90833333333,0,0,-0.2875980491,0.1741034888,-0.2532767981,0.9693786449,-0.1684966135,0.1087020474,0.1417667061,0,1
2726,90866666667,0,0,-0.2847715773,0.1758380051,-0.2560369912,0.9695948718,-0.1685166407,0.1076372251,0.1410749947,0,1
2727,90900000000,0,0,-0.2824309544,0.1782550701,-0.2581763587,0.9696999258,-0.168283485,0.1069018178,0.1411903821,0,1
2728,90933333333,0,0,-0.2797632451,0.1800965622,-0.2612093708,0.9697860895,-0.1682436282,0.1057820193,0.1414891744,0,1
2729,90966666667,0,1,-0.2778184551,0.1819704736,-0.2618605242,0.969816085,-0.1687197492,0.1051009801,0.1412239056,0,1
2730,91000000000,0,0,-0.276043907,0.1839117544,-0.2641413206,0.9698904555,-0.1680639923,0.1052556679,0.1413797836,0,1
2731,91033333333,0,0,-0.2725742811,0.1856014857,-0.2648182652,0.9698913021,-0.1675639415,0.1054254929,0.1418402376,0,1
2732,91066666667,0,0,-0.2688774469,0.1865374587,-0.2660146239,0.9700970182,-0.1664002014,0.1050762934,0.1420623836,0,1
2733,91100000000,0,0,-0.2652894219,0.1885041141,-0.2664636988,0.9704938846,-0.1648532518,0.1041436072,0.1418419344,0,1
2734,91133333333,0,0,-0.2633963833,0.1885385268,-0.2682899277,0.9707117293,-0.1634276339,0.103414757,0.1425325758,0,1
2735,91166666667,0,0,-0.2600371815,0.1891721493,-0.2700043667,0.9708462496,-0.1626442525,0.1021403804,0.1434285517,0,1
2736,91200000000,0,0,-0.2586392169,0.1896395862,-0.2718323889,0.9705760592,-0.1631528699,0.1020456509,0.1447409393,0,1
2737,91233333333,0,0,-0.2543095011,0.1917497089,-0.2718905613,0.9704110354,-0.1633098272,0.1022848098,0.1454996236,0,1
2738,91266666667,0,0,-0.2516613579,0.1918491729,-0.2733202467,0.9700687056,-0.1640754859,0.1037072625,0.1459134844,0,1
2739,91300000000,0,0,-0.2474656118,0.194087758,-0.2733395209,0.9701290035,-0.1648416029,0.1041719611,0.1443092691,0,1
2740,91333333333,0,0,-0.2431132107,0.1952886708,-0.273114174,0.9703563624,-0.1653146757,0.1042201779,0.142189108,0,1
2741,91366666667,0,0,-0.2391442326,0.195264527,-0.2740257692,0.9705208215,-0.1658233398,0.1038857152,0.1407114534,0,1
2742,91400000000,0,1,-0.2344452458,0.1943029832,-0.2735027924,0.970392804,-0.1674341999,0.1033257,0.1400978029,0,1
2743,91433333333,0,0,-0.2305740559,0.1949342417,-0.2743167895,0.9702304687,-0.1684488026,0.1033046796,0.1400213615,0,1
2744,91466666667,0,0,-0.2248918257,0.1962802276,-0.2733272622,0.9701056662,-0.1691426229,0.1031527831,0.1401615954,0,1
2745,91500000000,0,0,-0.2197022947,0.1967642573,-0.2733344696,0.9700641402,-0.1690235012,0.1038639235,0.1400675031,0,1
2746,91533333333,0,0,-0.2137339413,0.1964689627,-0.2736504442,0.9698212753,-0.1691798479,0.1040564171,0.1414112273,0,1
2747,91566666667,0,0,-0.2074835802,0.1971136783,-0.2731619295,0.9697480986,-0.1689999966,0.1031501081,0.1427854391,0,1
2748,91600000000,0,0,-0.2009418236,0.1971287026,-0.274043799,0.9698634335,-0.1693907149,0.1013344276,0.1428392095,0,1
2749,91633333333,0,0,-0.1942589194,0.1975316082,-0.2736840629,0.970111534,-0.1698918815,0.0995431382,0.1418151044,0,1
2750,91666666667,0,0,-0.1880070963,0.1971682896,-0.274046193,0.970386358,-0.170371815,0.09805542117,0.1403883731,0,1
2751,91700000000,0,1,-0.1812954039,0.1966151256,-0.2725468416,0.9708683493,-0.1713530284,0.09656798825,0.1368481334,0,1
2752,91733333333,0,0,-0.1747213722,0.1963164538,-0.2713373211,0.971465444,-0.1710645575,0.09635817666,0.1330673143,0,1
2753,91766666667,0,0,-0.1679388761,0.1957420612,-0.2713805776,0.972041187,-0.1701192692,0.09605243794,0.1302662434,0,1
2754,91800000000,0,0,-0.1604420978,0.192917444,-0.2720356757,0.972357455,-0.1700934352,0.09491328949,0.1287659524,0,1
2755,91833333333,0,0,-0.1538219928,0.1920881007,-0.272971463,0.972497338,-0.1706102324,0.09342363055,0.128113627,0,1
2756,91866666667,0,0,-0.1468469678,0.1913606891,-0.273405637,0.9725876331,-0.1718791779,0.0919568862,0.1267863368,0,1
2757,91900000000,0,0,-0.140058458,0.1914413925,-0.2715921837,0.9729187208,-0.1722469608,0.09178720371,0.1238356027,0,1
2758,91933333333,0,1,-0.1351129691,0.1918940456,-0.2695304517,0.9734341555,-0.1708975163,0.09312257839,0.1206157921,0,1
2759,91966666667,0,0,-0.1281930782,0.1896317535,-0.2688499576,0.9739429587,-0.1693607187,0.09367224718,0.1182267749,0,1
2760,92000000000,0,0,-0.1214359266,0.1885992791,-0.26863765,0.9747072171,-0.1672862923,0.09321669399,0.1152032351,0,1
2761,92033333333,0,0,-0.1160427919,0.1876850048,-0.2681892732,0.9752700849,-0.1647236428,0.09335733691,0.1140122387,0,1
2762,92066666667,0,0,-0.1095195483,0.1865838445,-0.2687268536,0.975547047,-0.1624442819,0.09237531926,0.1157005391,0,1
2763,92100000000,0,0,-0.1029883839,0.1850434475,-0.2685884324,0.9758405746,-0.1609472847,0.09035331506,0.1169077544,0,1
2764,92133333333,0,0,-0.0971933987,0.1841718628,-0.2678351938,0.9762720181,-0.1588075446,0.08869148154,0.1175029002,0,1
2765,92166666667,0,0,-0.09013893296,0.1830054665,-0.2684126343,0.9766386271,-0.1568382745,0.08659697731,0.1186579592,0,1
2766,92200000000,0,0,-0.0835824112,0.1825485654,-0.2675588751,0.9770473046,-0.1548165294,0.08563136536,0.1186493831,0,1
2767,92233333333,0,0,-0.07728002925,0.182439225,-0.2675011114,0.977453908,-0.1521726463,0.08572676928,0.1186518627,0,1
2768,92266666667,0,1,-0.07426042419,0.1839114901,-0.2699042796,0.9779177227,-0.1485459822,0.08770685674,0.1179768033,0,1
2769,92300000000,0,0,-0.06801625742,0.1827459512,-0.2703780326,0.977976997,-0.1474464118,0.08776214963,0.1188206801,0,1
2770,92333333333,0,0,-0.06162544172,0.1821188028,-0.2694718604,0.9782650659,-0.1466217691,0.08669646892,0.1182507499,0,1
2771,92366666667,0,0,-0.05622234781,0.18157004,-0.268894078,0.9786919252,-0.1454412149,0.08542381141,0.1170971431,0,1
2772,92400000000,0,0,-0.04988870507,0.180735301,-0.2685797153,0.9791540089,-0.1445949998,0.08307292688,0.1159681065,0,1
2773,92433333333,0,0,-0.04427556755,0.1794787947,-0.2678174016,0.9798368407,-0.143862882,0.07959751759,0.1135230022,0,1
2774,92466666667,0,0,-0.0384143194,0.1791435779,-0.2671876806,0.9807106242,-0.1430914989,0.07485157936,0.1101305393,0,1
2775,92500000000,0,1,-0.03654791556,0.1791614228,-0.26675166,0.981425715,-0.1420261619,0.07254764125,0.1066253959,0,1
2776,92533333333,0,0,-0.03128644502,0.1780004746,-0.2664663203,0.9818933216,-0.1421643974,0.06998315305,0.1038130401,0,1
2777,92566666667,0,0,-0.02531951478,0.1774719519,-0.2659516818,0.9823703718,-0.1419938998,0.06822340089,0.1006566075,0,1
2778,92600000000,0,0,-0.01977717846,0.1763990231,-0.2650601532,0.9827299276,-0.1419382109,0.06703728235,0.0979869197,0,1
2779,92633333333,0,0,-0.01389694047,0.1753180207,-0.2633835437,0.9831719822,-0.1407351582,0.06495214626,0.09668343918,0,1
2780,92666666667,0,0,-0.007876336306,0.1738121702,-0.2642342391,0.9838038791,-0.1399449581,0.06055665802,0.0942243456,0,1
2781,92700000000,0,0,-0.002939599546,0.1728356624,-0.2631421443,0.9845765802,-0.139462108,0.05613936487,0.08948547311,0,1
2782,92733333333,0,1,-5.160747413e-05,0.1714766633,-0.2634023984,0.9852533747,-0.1382696133,0.05331832014,0.08552460681,0,1
2783,92766666667,0,0,0.004929349752,0.1695435026,-0.2648913364,0.9857535899,-0.1381015633,0.05020106323,0.08183930231,0,1
2784,92800000000,0,0,0.01088449843,0.1676813467,-0.2651656382,0.9860994949,-0.1381821052,0.04763403579,0.07902208916,0,1
2785,92833333333,0,0,0.0165575216,0.1657495655,-0.2670410228,0.986245526,-0.1390410152,0.04512154666,0.07714534732,0,1
2786,92866666667,0,0,0.02258086524,0.1640102698,-0.2685927846,0.9862116535,-0.1417267979,0.04222913955,0.07427509026,0,1
2787,92900000000,0,0,0.02879942321,0.1626313354,-0.2689427472,0.986188575,-0.1446567017,0.03984201782,0.07013662994,0,1
2788,92933333333,0,0,0.03553410425,0.1596726976,-0.2694351841,0.9861013717,-0.1475545323,0.03813205283,0.0661641244,0,1
2789,92966666667,0,0,0.0419054179,0.158355396,-0.270818244,0.9859063022,-0.150607583,0.0358708356,0.06339875727,0,1
2790,93000000000,0,0,0.04861131743,0.1566260316,-0.2685972849,0.9857412156,-0.1534624593,0.03252218143,0.06087558761,0,1
2791,93033333333,0,1,0.05127518098,0.1559871071,-0.2668291132,0.9859979188,-0.1529877595,0.02949403489,0.05943863596,0,1
2792,93066666667,0,0,0.05708559344,0.1528998458,-0.2686685071,0.9862466145,-0.153006787,0.02486177677,0.05734483953,0,1
2793,93100000000,0,0,0.06354359349,0.1506596823,-0.2688293472,0.9865063622,-0.1527960888,0.02141869201,0.05477035906,0,1
2794,93133333333,0,0,0.06865907237,0.1478364678,-0.2687293277,0.9868777518,-0.1513864422,0.01933830492,0.05273023868,0,1
2795,93166666667,0,0,0.07452540583,0.1452849884,-0.2705621161,0.9872860125,-0.1502277389,0.01629675598,0.04931908085,0,1
2796,93200000000,0,0,0.07970294061,0.1434062826,-0.2704147838,0.9878279713,-0.1487087529,0.01390396434,0.04345440979,0,1
2797,93233333333,0,0,0.08581945176,0.140484214,-0.2709780255,0.9882190169,-0.1473543452,0.01076862447,0.03992378167,0,1
2798,93266666667,0,0,0.09097186444,0.1380835133,-0.271425693,0.988495692,-0.1462380499,0.006875953616,0.03799237853,0,1
2799,93300000000,0,1,0.09308744774,0.1372199734,-0.2741988417,0.9887495907,-0.1447270914,0.003855456094,0.03759589558,0,1
2800,93333333333,0,0,0.09783482561,0.1356953681,-0.2744417891,0.9886940823,-0.1453008495,-4.859304995e-05,0.03703609662,0,1
2801,93366666667,0,0,0.1023576988,0.132654528,-0.2725234683,0.9888180287,-0.1450289747,-0.002511261522,0.03462941142,0,1
2802,93400000000,0,0,0.1064142501,0.1298525093,-0.2744003858,0.9891242344,-0.143760393,-0.003806846144,0.03084973689,0,1
2803,93433333333,0,0,0.1093362302,0.1281194042,-0.274141511,0.9894186333,-0.1429151523,-0.00396056533,0.02470508534,0,1
2804,93466666667,0,0,0.1122883372,0.1234599722,-0.2740015948,0.9897155102,-0.1416641273,-0.002618717029,0.01968822498,0,1
2805,93500000000,0,0,0.1160841326,0.1209362966,-0.2743632555,0.989975468,-0.1401396215,-0.002396144452,0.01742750199,0,1
2806,93533333333,0,0,0.1185627178,0.1178306229,-0.2741305632,0.9899283095,-0.1407322828,-0.003949822122,0.01485818384,0,1
2807,93566666667,0,0,0.1216335398,0.1135886363,-0.2715379735,0.9897208497,-0.1422528161,-0.007693378286,0.01255340084,0,1
2808,93600000000,0,1,0.1242885569,0.1121469527,-0.2720530004,0.9893242819,-0.1445912064,-0.01280186857,0.01292131389,0,1
2809,93633333333,0,0,0.126881498,0.1088672044,-0.2681348666,0.9885009992,-0.1493614314,-0.01944384895,0.01337438623,0,1
2810,93666666667,0,0,0.128540605,0.1054751134,-0.2623854018,0.987920738,-0.1519981069,-0.02694943689,0.01352474881,0,1
2811,93700000000,0,0,0.1311135957,0.1012713446,-0.2598679747,0.9875244116,-0.1528218708,-0.03567987834,0.01295988638,0,1
2812,93733333333,0,0,0.1343778969,0.09692149167,-0.2588396347,0.9869090813,-0.1547910604,-0.04387625473,0.01118333891,0,1
2813,93766666667,0,0,0.1376496754,0.09321033811,-0.2556562028,0.9861803711,-0.1575722788,-0.05028702056,0.009511479901,0,1
2814,93800000000,0,0,0.14146829,0.08892718977,-0.2530307308,0.985617875,-0.1599158313,-0.05410859817,0.007522701198,0,1
2815,93833333333,0,1,0.1485049959,0.08061182844,-0.2515461085,0.9849701483,-0.1633567945,-0.0556932969,0.006827976847,0,1
2816,93866666667,0,0,0.1521805992,0.07606664502,-0.2486469374,0.9850040708,-0.1640833998,-0.05318107336,0.003923255455,0,1
2817,93900000000,0,0,0.1560612577,0.0723157459,-0.2457768395,0.9850452862,-0.164988029,-0.0496266462,0.001389417517,0,1
2818,93933333333,0,0,0.1584313527,0.06927429721,-0.2420844492,0.9848041359,-0.1672384976,-0.0468156745,0.0006256973528,0,1
2819,93966666667,0,0,0.1607155879,0.06564096214,-0.2350916302,0.9844745263,-0.169222595,-0.04661551645,0.0007835685549,0,1
2820,94000000000,0,0,0.1630002153,0.06051932935,-0.2311621963,0.9843205456,-0.1698219757,-0.04768091116,0.0003012928181,0,1
2821,94033333333,0,0,0.1650853498,0.05553838295,-0.2269299102,0.9841925219,-0.1702186247,-0.04878269783,-0.00330879291,0,1
2822,94066666667,0,1,0.1696706715,0.04569174039,-0.2231316386,0.9839996092,-0.1710857482,-0.04911625444,-0.007875881211,0,1
2823,94100000000,0,0,0.1715425539,0.04026668078,-0.2190413993,0.9844262007,-0.169172254,-0.04641309425,-0.01147294953,0,1
2824,94133333333,0,0,0.1739880599,0.03425597295,-0.2157395084,0.9849211247,-0.1667106857,-0.04393033358,-0.01442397754,0,1
2825,94166666667,0,0,0.176924576,0.02859056035,-0.2115618123,0.9854216521,-0.1640333114,-0.04182156388,-0.01697636861,0,1
2826,94200000000,0,0,0.1796505082,0.02357817762,-0.207904546,0.9861025715,-0.1604397108,-0.04008885985,-0.01592799643,0,1
2827,94233333333,0,0,0.1824976533,0.02010057144,-0.2048222952,0.9865344474,-0.1579547014,-0.04055002177,-0.01248167084,0,1
2828,94266666667,0,1,0.1849641548,0.0153108494,-0.1972379481,0.9867105176,-0.1566579867,-0.0421902082,-0.008978637927,0,1
2829,94300000000,0,0,0.1873491106,0.01076420808,-0.1931081312,0.9871642961,-0.1531285646,-0.04513425657,-0.004603713246,0,1
2830,94333333333,0,0,0.1903087788,0.006686410372,-0.1913526821,0.9873192288,-0.1509087055,-0.04925171752,-0.001253510257,0,1
2831,94366666667,0,0,0.1930879736,0.003355922099,-0.1882039053,0.9873348694,-0.1495123102,-0.05300298653,0.002570634962,0,1
2832,94400000000,0,0,0.1961137942,-0.00041017793,-0.1851144007,0.9871586002,-0.1490782448,-0.05705222969,0.006214335461,0,1
2833,94433333333,0,0,0.1994209957,-0.005972042671,-0.1811754277,0.987028515,-0.1488048194,-0.06001630818,0.005466167396,0,1
2834,94466666667,0,0,0.2025285369,-0.0105162758,-0.1786610622,0.987256028,-0.1470114022,-0.06083995921,0.003417913146,0,1
2835,94500000000,0,1,0.2084360104,-0.01749885578,-0.1741952546,0.9872887909,-0.1467032011,-0.06114489033,0.0005626466066,0,1
2836,94533333333,0,0,0.2110463114,-0.02038761162,-0.1711985993,0.9876419965,-0.1448316377,-0.05985570768,-0.00209228742,0,1
2837,94566666667,0,0,0.2127687725,-0.02321743851,-0.1662976596,0.9878647059,-0.1430791071,-0.06033451199,-0.003382104233,0,1
2838,94600000000,0,0,0.2156625364,-0.02400528922,-0.1630988095,0.988100258,-0.1402111245,-0.06307113763,-0.004555463414,0,1
2839,94633333333,0,0,0.2198608452,-0.02814179883,-0.1593387203,0.9879372862,-0.1396963416,-0.06633435943,-0.008037630648,0,1
2840,94666666667,0,0,0.2249264098,-0.0313271333,-0.1571896826,0.9880009752,-0.1382348771,-0.06782635244,-0.0120323589,0,1
2841,94700000000,0,0,0.2280601464,-0.03351183466,-0.1522932433,0.9880584524,-0.1374112545,-0.06785427731,-0.01595113952,0,1
2842,94733333333,0,0,0.2302487495,-0.03473566541,-0.1474556856,0.9882426706,-0.1354534723,-0.06842994237,-0.01860440321,0,1
2843,94766666667,0,1,0.2341673321,-0.04075500153,-0.1409014973,0.9879994539,-0.1354128464,-0.07126033483,-0.02103342245,0,1
2844,94800000000,0,0,0.2370591419,-0.04389676285,-0.1363504772,0.9880836185,-0.1324898631,-0.0748240647,-0.02320686164,0,1
2845,94833333333,0,0,0.2420264296,-0.04625313332,-0.1331437313,0.9881421768,-0.1291315923,-0.0790033044,-0.02566219196,0,1
2846,94866666667,0,0,0.2472110408,-0.04887972838,-0.1302566318,0.9882378323,-0.1259490856,-0.08215790204,-0.0278009683,0,1
2847,94900000000,0,0,0.2527968125,-0.04967121436,-0.1278597949,0.9882298208,-0.1241952442,-0.08423141499,-0.02970574645,0,1
2848,94933333333,0,0,0.2562855015,-0.05089077844,-0.1246963201,0.9881192534,-0.1234694061,-0.08561384688,-0.03234062486,0,1
2849,94966666667,0,0,0.2604506561,-0.05206094893,-0.1213262148,0.9877793346,-0.1234574884,-0.08852735841,-0.03483017991,0,1
2850,95000000000,0,0,0.2661800456,-0.05567230123,-0.1176420045,0.9873718225,-0.1234606462,-0.09169169558,-0.0380392673,0,1
2851,95033333333,0,0,0.2728988651,-0.05996061835,-0.1143770282,0.9871948527,-0.122240605,-0.09333394778,-0.04233593644,0,1
2852,95066666667,0,0,0.279954094,-0.06324668731,-0.1126005922,0.9874356197,-0.1196205467,-0.09264440685,-0.04559425067,0,1
2853,95100000000,0,1,0.28806855,-0.06886816464,-0.1107584676,0.9875064751,-0.1185053323,-0.09133121023,-0.04945763722,0,1
2854,95133333333,0,0,0.2919784144,-0.06874310301,-0.1088251039,0.9879825855,-0.1147914695,-0.0890825864,-0.05270315137,0,1
2855,95166666667,0,0,0.2968057191,-0.06663723756,-0.1078614885,0.988105796,-0.112347223,-0.08867871213,-0.05622386811,0,1
2856,95200000000,0,0,0.3015757915,-0.06745469266,-0.1054817884,0.9877737895,-0.1120382139,-0.08913577483,-0.06168624638,0,1
2857,95233333333,0,0,0.3063666115,-0.06827054638,-0.1038606529,0.9874846485,-0.1117932748,-0.08940380294,-0.06620643939,0,1
2858,95266666667,0,0,0.3100462694,-0.06830423228,-0.1021321615,0.9873621418,-0.1120299801,-0.08891834565,-0.06825549244,0,1
2859,95300000000,0,0,0.3131814012,-0.06750183763,-0.09991539123,0.9873206707,-0.1127891884,-0.08919408855,-0.06723768874,0,1
2860,95333333333,0,0,0.3159126529,-0.06846164985,-0.09754978834,0.9871829972,-0.1139334364,-0.09062727366,-0.06538806703,0,1
2861,95366666667,0,0,0.3201600616,-0.06924155337,-0.09637156071,0.9871284836,-0.1131035981,-0.09350088832,-0.06358078989,0,1
2862,95400000000,0,0,0.3251826495,-0.0691831641,-0.09532787312,0.9869423344,-0.1122550326,-0.09682473554,-0.06299687968,0,1
2863,95433333333,0,0,0.3293341515,-0.07026490749,-0.09408428379,0.9867325217,-0.1108021051,-0.09930694697,-0.0649611765,0,1
2864,95466666667,0,0,0.3337659315,-0.07164115657,-0.09400283576,0.98668081,-0.1082067922,-0.100615987,-0.06803449399,0,1
2865,95500000000,0,0,0.3380161916,-0.07190565931,-0.0950978861,0.9868306463,-0.1061845188,-0.100272628,-0.06953792857,0,1
2866,95533333333,0,0,0.3401556461,-0.07002345722,-0.09392937042,0.9871609524,-0.1051561121,-0.09872000163,-0.06862803646,0,1
2867,95566666667,0,0,0.3397134934,-0.06881960488,-0.09248078589,0.987462128,-0.1042547485,-0.09781927084,-0.06693940093,0,1
2868,95600000000,0,1,0.3443887366,-0.06869174578,-0.09438065203,0.9873424592,-0.1035085263,-0.1009207009,-0.06523699363,0,1
2869,95633333333,0,0,0.3463509128,-0.06782881353,-0.09452654185,0.9870350115,-0.104761945,-0.1036056939,-0.0636606716,0,1
2870,95666666667,0,0,0.3479751748,-0.06862410603,-0.09373417442,0.9866836459,-0.1053521921,-0.1061408213,-0.06395642768,0,1
2871,95700000000,0,0,0.3509790766,-0.06727819441,-0.09477443974,0.9864888496,-0.1051646926,-0.1077007536,-0.06465821409,0,1
2872,95733333333,0,0,0.3521875756,-0.06619604066,-0.09463539552,0.9864221774,-0.1060242003,-0.1072717353,-0.0649840875,0,1
2873,95766666667,0,0,0.3525686911,-0.06500518013,-0.09421094094,0.9864080408,-0.106941518,-0.1061456097,-0.06554234012,0,1
2874,95800000000,0,0,0.352638076,-0.06177093902,-0.09460469393,0.9864551741,-0.1079747998,-0.1047352179,-0.06540769215,0,1
2875,95833333333,0,0,0.3510344755,-0.06038317751,-0.09379315798,0.9863550935,-0.1108385224,-0.1035309659,-0.06402960663,0,1
2876,95866666667,0,0,0.3495494927,-0.05950206991,-0.09311439368,0.9862092248,-0.1135768919,-0.1033472016,-0.06173338194,0,1
2877,95900000000,0,0,0.3482701516,-0.05871835716,-0.09236230498,0.986020308,-0.1155899646,-0.1038663836,-0.06012226393,0,1
2878,95933333333,0,0,0.3467638055,-0.05739239829,-0.09185793056,0.9858757174,-0.1166382852,-0.1045954872,-0.05919767084,0,1
2879,95966666667,0,0,0.3436953639,-0.05626847459,-0.09194032031,0.985734761,-0.1183033478,-0.1052990463,-0.05695094143,0,1
2880,96000000000,0,0,0.3407538528,-0.05650274789,-0.09121073851,0.985513671,-0.1197885563,-0.1072738181,-0.05390578828,0,1
2881,96033333333,0,0,0.339932851,-0.0560458393,-0.09154877015,0.9853818761,-0.1191460784,-0.1097880263,-0.05266269494,0,1
2882,96066666667,0,0,0.3384568071,-0.05629614448,-0.09248992259,0.9851435972,-0.1190997087,-0.1110682683,-0.05450864273,0,1
2883,96100000000,0,0,0.3364321949,-0.05634294888,-0.0925499425,0.9850316258,-0.1185071576,-0.1113844534,-0.05711613928,0,1
2884,96133333333,0,0,0.3331669174,-0.05545605041,-0.09273773641,0.985132154,-0.1175450405,-0.1108124446,-0.05846712447,0,1
2885,96166666667,0,0,0.3302411493,-0.05427652494,-0.09296184513,0.9852257062,-0.1168002302,-0.1108738877,-0.05826658563,0,1
2886,96200000000,0,0,0.3262207521,-0.05338233492,-0.09274469443,0.9851836536,-0.1168030921,-0.1116746356,-0.05743676706,0,1
2887,96233333333,0,0,0.3226686601,-0.05276556524,-0.09283289526,0.9850069891,-0.1167771142,-0.1137790556,-0.0563796378,0,1
2888,96266666667,0,1,0.3187539944,-0.04986407356,-0.0922310072,0.9848251912,-0.1161777643,-0.1161669344,-0.05592238494,0,1
2889,96300000000,0,0,0.3168590804,-0.05017815217,-0.09205439268,0.984326226,-0.1169311195,-0.118800481,-0.05757985613,0,1
2890,96333333333,0,0,0.3152643882,-0.05057074384,-0.0916518111,0.983966701,-0.1177960323,-0.1201833854,-0.05907266753,0,1
2891,96366666667,0,0,0.3126830474,-0.05082295005,-0.09087056475,0.9838058483,-0.1188811591,-0.120332964,-0.05927310135,0,1
2892,96400000000,0,0,0.3099835315,-0.05062293057,-0.09043551597,0.9837826807,-0.1192674395,-0.1204201104,-0.05870189159,0,1
2893,96433333333,0,0,0.3076667492,-0.04971444089,-0.08984233808,0.9836926116,-0.119407805,-0.121345223,-0.05801688473,0,1
2894,96466666667,0,0,0.3055008912,-0.04864741088,-0.08970357887,0.9835200761,-0.1194006744,-0.1229706103,-0.05753232004,0,1
2895,96500000000,0,0,0.3043399397,-0.04834702658,-0.09007128853,0.9831265469,-0.1204050626,-0.1250442561,-0.05769530094,0,1
2896,96533333333,0,0,0.3028385429,-0.0493219884,-0.0893531834,0.9827639853,-0.1214865915,-0.1262373771,-0.05899221839,0,1
2897,96566666667,0,0,0.3022916734,-0.04979511721,-0.089557488,0.9826331383,-0.1217001104,-0.1266928809,-0.05975041893,0,1
2898,96600000000,0,0,0.3005884043,-0.05031463548,-0.08955435881,0.9826944526,-0.121890345,-0.1261490344,-0.05950443428,0,1
2899,96633333333,0,0,0.298537226,-0.04946618238,-0.08983079907,0.9828072409,-0.1214778871,-0.1260648768,-0.05865745542,0,1
2900,96666666667,0,0,0.2974922373,-0.04942961074,-0.08988455374,0.9826376024,-0.1214996298,-0.1271693305,-0.05906897345,0,1
2901,96700000000,0,0,0.2966969183,-0.049432012,-0.09018547254,0.9824472212,-0.1212431984,-0.1281513737,-0.06061987888,0,1
2902,96733333333,0,0,0.2963070016,-0.04993764424,-0.09069271722,0.9823034732,-0.121047182,-0.1286853253,-0.06218965589,0,1
2903,96766666667,0,0,0.2961174544,-0.04950115634,-0.09096615398,0.9822559086,-0.1207663865,-0.1286207895,-0.06360426425,0,1
2904,96800000000,0,0,0.2953665143,-0.04992646922,-0.09074495656,0.9822525681,-0.1208998514,-0.1276463429,-0.06534163638,0,1
2905,96833333333,0,0,0.29439453,-0.04949992898,-0.09088603843,0.9823708425,-0.1209816967,-0.1263421765,-0.06594400144,0,1
2906,96866666667,0,0,0.2930842842,-0.05011055485,-0.09050699827,0.9824866902,-0.1216910322,-0.1251787745,-0.06512657481,0,1
2907,96900000000,0,0,0.2912046213,-0.04988168444,-0.09038029961,0.9826787277,-0.1213104159,-0.1246650162,-0.06391349544,0,1
2908,96933333333,0,1,0.2889812887,-0.04785390209,-0.0901077725,0.9826889379,-0.1202840102,-0.1255924405,-0.06388072575,0,1
2909,96966666667,0,0,0.2894234508,-0.04776479674,-0.09057386271,0.9822668188,-0.1204529104,-0.1283235424,-0.06462245292,0,1
2910,97000000000,0,0,0.2890352411,-0.0483882414,-0.09010734194,0.981906542,-0.1215502128,-0.1298539294,-0.06498496481,0,1
2911,97033333333,0,0,0.2892369148,-0.04946225459,-0.08986239799,0.9818227609,-0.1222324691,-0.1303355562,-0.06399947213,0,1
2912,97066666667,0,0,0.2894186654,-0.05003223754,-0.08929401548,0.9819403132,-0.1224349166,-0.1299774518,-0.06252019298,0,1
2913,97100000000,0,0,0.2894223186,-0.04965516853,-0.08934009279,0.982165384,-0.1217370174,-0.1294895749,-0.06134905971,0,1
2914,97133333333,0,0,0.2890030342,-0.04929459579,-0.08932995046,0.9821863778,-0.1212059977,-0.1298132838,-0.06138026348,0,1
2915,97166666667,0,0,0.2888408032,-0.04899505046,-0.08947938509,0.9820086637,-0.1208806899,-0.130900849,-0.0625444726,0,1
2916,97200000000,0,0,0.2895464736,-0.04954340505,-0.08947630809,0.9817857765,-0.1210649835,-0.1319684601,-0.06343724739,0,1
2917,97233333333,0,0,0.290082467,-0.0496571235,-0.08968563421,0.9817498307,-0.121380659,-0.1319516169,-0.06342536076,0,1
2918,97266666667,0,0,0.289810371,-0.04958260688,-0.08984205176,0.9817711056,-0.1220706267,-0.1311179457,-0.06350072887,0,1
2919,97300000000,0,0,0.2890981166,-0.04960982004,-0.08919335148,0.9817736651,-0.1225210954,-0.1304691737,-0.06392844774,0,1
2920,97333333333,0,0,0.2884597121,-0.04855478623,-0.08927190004,0.9816852431,-0.1228805322,-0.1304645811,-0.06460225459,0,1
2921,97366666667,0,0,0.2876586981,-0.04872129327,-0.0887708892,0.9814563127,-0.1237550032,-0.1309051063,-0.06551380419,0,1
2922,97400000000,0,0,0.2877395516,-0.04831272875,-0.0890182103,0.9812374055,-0.1241865239,-0.131666215,-0.06644448216,0,1
2923,97433333333,0,0,0.2876711919,-0.04858303812,-0.08848693156,0.9810839672,-0.1248731536,-0.1317294667,-0.06729258841,0,1
2924,97466666667,0,0,0.2881069702,-0.04773401695,-0.08882424081,0.9811031244,-0.1251950672,-0.1313919355,-0.06707468715,0,1
2925,97500000000,0,0,0.2878779387,-0.04795116589,-0.08835553922,0.9810146447,-0.1265384236,-0.1309174541,-0.06677510306,0,1
2926,97533333333,0,0,0.2874964644,-0.04802140274,-0.08805654601,0.9809589489,-0.1273756676,-0.1305855026,-0.06665137881,0,1
2927,97566666667,0,0,0.2869437038,-0.04821286813,-0.0874126813,0.9808960289,-0.1278350144,-0.1305279632,-0.06681048178,0,1
2928,97600000000,0,1,0.2868366489,-0.04782059059,-0.08748903567,0.9808810847,-0.1275835694,-0.1309315823,-0.06672069582,0,1
2929,97633333333,0,0,0.2865530262,-0.04807141445,-0.08721138098,0.9807030827,-0.1280364391,-0.1317715181,-0.06681617141,0,1
2930,97666666667,0,0,0.2870685739,-0.04862211742,-0.08726307295,0.9805918868,-0.1278231477,-0.1326751636,-0.06706784128,0,1
2931,97700000000,0,0,0.2875782151,-0.04911127963,-0.08736362788,0.9805584014,-0.1278232561,-0.1329223805,-0.06706770712,0,1
2932,97733333333,0,0,0.2869508826,-0.04783984675,-0.08760882191,0.9808408679,-0.1267110356,-0.1321198885,-0.06663212688,0,1
2933,97766666667,0,0,0.2879471968,-0.04865713074,-0.08802370937,0.9808347652,-0.1269330605,-0.1321588017,-0.06622093762,0,1
2934,97800000000,0,0,0.2872638016,-0.04784314144,-0.08799518494,0.9809110788,-0.1265487459,-0.1317351859,-0.06666866668,0,1
2935,97833333333,0,0,0.2873501134,-0.04783010338,-0.08810946657,0.9809334237,-0.1265449592,-0.1313976418,-0.06701232138,0,1
2936,97866666667,0,0,0.2879740578,-0.04931438355,-0.08812933111,0.9809587409,-0.1269217006,-0.1309205277,-0.0668628891,0,1
2937,97900000000,0,0,0.2870061936,-0.04784673898,-0.08771942629,0.9813105866,-0.1256824524,-0.1297429334,-0.06633419204,0,1
2938,97933333333,0,0,0.2876717212,-0.04817412696,-0.0890587188,0.9813164208,-0.1261185259,-0.1296135065,-0.06566992161,0,1
2939,97966666667,0,0,0.2863474482,-0.04891330157,-0.08807435573,0.981170136,-0.1269890596,-0.1298482044,-0.06571443412,0,1
2940,98000000000,0,0,0.2868220107,-0.04783333373,-0.08755557559,0.9811215203,-0.1265212337,-0.1313236298,-0.06439754743,0,1
2941,98033333333,0,0,0.2870253463,-0.04788536618,-0.08778006113,0.981027669,-0.126767015,-0.132090248,-0.06377305748,0,1
2942,98066666667,0,0,0.2871070578,-0.04788860182,-0.08787101563,0.9810225647,-0.1265807266,-0.131949011,-0.06450973337,0,1
2943,98100000000,0,0,0.2869383413,-0.04790007248,-0.08766283338,0.9811299336,-0.1261376248,-0.1311430556,-0.06538235205,0,1
2944,98133333333,0,0,0.2871688859,-0.04787263041,-0.08793160982,0.9812658623,-0.126114091,-0.130332555,-0.0650074509,0,1
2945,98166666667,0,0,0.2866461897,-0.0491185764,-0.08804720271,0.9813260276,-0.1266891178,-0.1295877451,-0.06446790965,0,1
2946,98200000000,0,0,0.2868421024,-0.04791510972,-0.08756789616,0.9814067736,-0.1262375279,-0.129611344,-0.06407597662,0,1
2947,98233333333,0,0,0.286815731,-0.04919696627,-0.08798889485,0.98141313,-0.126357258,-0.1294007342,-0.06416822913,0,1
2948,98266666667,0,1,0.2870191403,-0.05004294805,-0.08804559125,0.9814407298,-0.1264728632,-0.1292735186,-0.06377355376,0,1
2949,98300000000,0,0,0.2873314848,-0.05001503232,-0.08815709482,0.9816062018,-0.1259670646,-0.1291186926,-0.06252940464,0,1
2950,98333333333,0,0,0.2874144704,-0.04981595565,-0.08797388592,0.9816702902,-0.1257228218,-0.1289439648,-0.0623752148,0,1
2951,98366666667,0,0,0.2873644763,-0.05023376601,-0.08861785511,0.9817131943,-0.1253455698,-0.1287876794,-0.06278077703,0,1
2952,98400000000,0,0,0.2875081281,-0.05006688809,-0.08885751339,0.9817142828,-0.1253857598,-0.1287861243,-0.06268662095,0,1
2953,98433333333,0,0,0.2871764965,-0.04794409853,-0.08798601966,0.9818371486,-0.1247395434,-0.1287132977,-0.06219925126,0,1
2954,98466666667,0,0,0.2873623474,-0.04994534981,-0.0885136577,0.9816721544,-0.1258639774,-0.1289351878,-0.06207864162,0,1
2955,98500000000,0,0,0.287467588,-0.04987348319,-0.08859160093,0.981663034,-0.1256159109,-0.1292067819,-0.06216058279,0,1
2956,98533333333,0,0,0.2874591551,-0.04950541258,-0.08870852841,0.9816484047,-0.1255694835,-0.1294873234,-0.06190111032,0,1
2957,98566666667,0,0,0.2877857354,-0.04939535127,-0.08885372698,0.9815920018,-0.1258878068,-0.1297963255,-0.06150053682,0,1
2958,98600000000,0,0,0.2877513976,-0.04951577314,-0.08870017204,0.9815765466,-0.126143599,-0.1297663133,-0.06128604727,0,1
2959,98633333333,0,0,0.287367862,-0.04781696263,-0.08812708096,0.9817017713,-0.1254754627,-0.1295283964,-0.06115500755,0,1
2960,98666666667,0,0,0.2879486479,-0.04994655797,-0.08890380467,0.9815686771,-0.1261843702,-0.1296451362,-0.06158389026,0,1
2961,98700000000,0,0,0.2879180468,-0.04972481762,-0.08902117237,0.9815678547,-0.1259997273,-0.1297268439,-0.06180260018,0,1
2962,98733333333,0,0,0.2877908322,-0.04950820756,-0.08894036972,0.9814968593,-0.1262994189,-0.1298647668,-0.06202833491,0,1
2963,98766666667,0,0,0.2878058181,-0.04945741224,-0.08908017105,0.9814407351,-0.1268335621,-0.1298106447,-0.06193970939,0,1
2964,98800000000,0,0,0.2875264171,-0.04790918935,-0.0883112931,0.9814880657,-0.1269659102,-0.1294151337,-0.06174591296,0,1
