frame_index,timestamp_ns,segment,keyframe,cx,cy,cz,qw,qx,qy,qz,predicted,confidence
0,0,0,1,0,0,0,1,0,0,0,0,1
10,333333333,0,1,0.01432535756,0.003126368596,-0.02261961388,0.9998737703,-0.004239236362,0.002165934695,-0.01515852795,0,1
11,366666667,0,0,0.01535107371,0.001744931889,-0.02458480369,0.9998830241,-0.004528482087,0.001431408476,-0.01453898597,0,1
12,400000000,0,0,0.01897720239,0.0008085355042,-0.02700336954,0.9998980097,-0.002602936259,-0.0001470109753,-0.0140418445,0,1
13,433333333,0,0,0.02180305974,-0.0004239599476,-0.02855937415,0.9998948152,-0.000628468033,-0.0002823594519,-0.01448736991,0,1
14,466666667,0,0,0.02426262881,-0.002083517971,-0.03139362321,0.99987948,0.002696770656,0.0005356201113,-0.01527959499,0,1
15,500000000,0,0,0.02740702415,-0.00195569624,-0.03354535707,0.9998346134,0.005919299097,0.002373158834,-0.01703161402,0,1
16,533333333,0,1,0.04721607895,-0.001872759547,-0.03402066643,0.9998205084,0.01015764007,-0.002093310482,-0.0158553254,0,1
17,566666667,0,0,0.05120998357,-0.0001845688775,-0.03554115911,0.9997564515,0.01345781751,-0.0007447593651,-0.01747484416,0,1
18,600000000,0,0,0.05491478478,0.002732114208,-0.03709664234,0.9997098018,0.01386528655,-0.0001636633301,-0.01969871057,0,1
19,633333333,0,0,0.05884437604,0.001488626973,-0.03755381748,0.9997394191,0.0113450613,-0.001890882424,-0.01971821795,0,1
20,666666667,0,0,0.06383796559,0.0002014754376,-0.03892451774,0.9997455476,0.01080135682,-0.005240203636,-0.0190974088,0,1
21,700000000,0,0,0.07011670828,0.001455645137,-0.04078563685,0.9996863329,0.01114723701,-0.009079898887,-0.02050683505,0,1
22,733333333,0,0,0.07787281644,-0.000112998184,-0.04290853884,0.9996002954,0.01001968205,-0.01262395264,-0.0232269524,0,1
23,766666667,0,0,0.08489180289,-0.001305409304,-0.04387345701,0.9995101892,0.01179032776,-0.01501920553,-0.02479502567,0,1
24,800000000,0,1,0.1080789387,-8.950319503e-05,-0.04984523236,0.999223445,0.01446225121,-0.0241789622,-0.02754501722,0,1
25,833333333,0,0,0.1159695372,0.002362848289,-0.05274264092,0.9990565854,0.01611114825,-0.02626142503,-0.03060567841,0,1
26,866666667,0,0,0.1242227594,0.004011504201,-0.0547381749,0.9989724328,0.01563628244,-0.02778711473,-0.03220964947,0,1
27,900000000,0,0,0.130262848,0.005535515559,-0.05618305053,0.9988896863,0.01430114623,-0.03011295422,-0.03328786133,0,1
28,933333333,0,0,0.1374091835,0.00935808959,-0.05716659828,0.9987313434,0.01263168176,-0.03439406087,-0.03454262534,0,1
29,966666667,0,0,0.1457133098,0.00987726031,-0.0586191533,0.9985409043,0.008659522203,-0.03947595558,-0.03581513617,0,1
30,1000000000,0,1,0.1630555807,0.01229670083,-0.05905056321,0.9982191198,0.008009626286,-0.04678422047,-0.03613407627,0,1
31,1033333333,0,0,0.1712963536,0.01486690343,-0.06029470704,0.9980690255,0.008238871221,-0.04904472579,-0.03721500019,0,1
32,1066666667,0,0,0.1790819644,0.01869023054,-0.06174977556,0.997976525,0.00725544946,-0.05050161699,-0.03794470571,0,1
33,1100000000,0,0,0.1859642174,0.02201922577,-0.06151740625,0.9980031611,0.003192214594,-0.05174240331,-0.03608633901,0,1
34,1133333333,0,0,0.1913023328,0.0228103822,-0.06255801333,0.9979873725,-0.00198047839,-0.05372770812,-0.0336246238,0,1
35,1166666667,0,0,0.1983914025,0.02352264039,-0.06331979186,0.9979039807,-0.006681705815,-0.05590779205,-0.03189543683,0,1
36,1200000000,0,0,0.2038806684,0.02353282843,-0.06403205556,0.9978935657,-0.009830381301,-0.05624974402,-0.03078573528,0,1
37,1233333333,0,1,0.2139189555,0.02382402222,-0.06468472659,0.9977551731,-0.01032718877,-0.05808884583,-0.03168043162,0,1
38,1266666667,0,0,0.2190940931,0.02506283815,-0.06708775026,0.9977359148,-0.008775309812,-0.05758661601,-0.03361279309,0,1
39,1300000000,0,0,0.223782766,0.02598223025,-0.06935952832,0.9978034381,-0.007662915076,-0.05565990774,-0.03509349287,0,1
40,1333333333,0,0,0.2271082483,0.02708372664,-0.07200945649,0.9979339239,-0.005782948353,-0.05318406988,-0.03557942761,0,1
41,1366666667,0,0,0.2300922845,0.02912842423,-0.07576560202,0.9979944161,-0.004167435073,-0.05141156526,-0.03669644156,0,1
42,1400000000,0,0,0.23365378,0.03212314677,-0.07947897327,0.9981107512,-0.004131014192,-0.04911063975,-0.03668798299,0,1
43,1433333333,0,0,0.2359150545,0.03331630717,-0.08302917793,0.9982998569,-0.005998900837,-0.04592426255,-0.03538885559,0,1
44,1466666667,0,0,0.2372732807,0.03451916052,-0.08719377311,0.9984123476,-0.008094880356,-0.04347582887,-0.03488709486,0,1
45,1500000000,0,1,0.2417275405,0.03671142974,-0.09108045305,0.9984489833,-0.01049763107,-0.04156461109,-0.03552197476,0,1
46,1533333333,0,0,0.2424599347,0.03690792771,-0.09373050816,0.9985586413,-0.01258701931,-0.03789447228,-0.03586385077,0,1
47,1566666667,0,0,0.2429988284,0.0376141789,-0.09756651434,0.9987296203,-0.01247253515,-0.03397737611,-0.03505879855,0,1
48,1600000000,0,0,0.2426943173,0.04022527391,-0.1021305847,0.9988912617,-0.01140383765,-0.03017301691,-0.03428977875,0,1
49,1633333333,0,0,0.2434318403,0.04419041519,-0.1071169064,0.9989939615,-0.01190178447,-0.02749272426,-0.03337008454,0,1
50,1666666667,0,0,0.2434883936,0.04661863568,-0.1117981534,0.999160486,-0.01368146925,-0.02396941144,-0.03027553393,0,1
51,1700000000,0,0,0.2422931834,0.05073851804,-0.1169349986,0.9993125368,-0.01624301608,-0.02040920002,-0.02634545054,0,1
52,1733333333,0,0,0.2402020769,0.05352223186,-0.1215128994,0.9992921012,-0.02081282032,-0.01780907593,-0.0257868153,0,1
53,1766666667,0,0,0.2385908866,0.05616029875,-0.1254727562,0.9992450479,-0.02323685239,-0.01646497299,-0.02642513038,0,1
54,1800000000,0,1,0.2377833596,0.06170221434,-0.1294210838,0.999200562,-0.02505947287,-0.01580644789,-0.02684056446,0,1
55,1833333333,0,0,0.2378882391,0.06586876743,-0.1335121242,0.9991060767,-0.02892306771,-0.01396444112,-0.02748632477,0,1
56,1866666667,0,0,0.2373753781,0.06970950944,-0.1373488855,0.9990544559,-0.0322805209,-0.01170886283,-0.02666579726,0,1
57,1900000000,0,0,0.238461797,0.07478913845,-0.1415161338,0.9990037466,-0.03572129781,-0.009450275738,-0.02502389701,0,1
58,1933333333,0,0,0.2388875717,0.08055095339,-0.1451768658,0.9989501405,-0.03988596542,-0.006284709266,-0.02163860026,0,1
59,1966666667,0,0,0.2389007605,0.08510638065,-0.1477821976,0.9987928521,-0.04506010344,-0.004101004608,-0.01912086553,0,1
60,2000000000,0,1,0.2398907174,0.0890563046,-0.1519565449,0.998550952,-0.04980981761,-0.003987941123,-0.01997685404,0,1
61,2033333333,0,0,0.2414000466,0.09202320545,-0.1541104778,0.9983506735,-0.05325119681,-0.003811359454,-0.02111199273,0,1
62,2066666667,0,0,0.2436934557,0.09479596899,-0.1584474136,0.998230035,-0.0550767322,-0.002601282466,-0.02228416578,0,1
63,2100000000,0,0,0.2461789335,0.0972661237,-0.1612753673,0.9981076647,-0.05674163368,0.0002947658347,-0.02369366524,0,1
64,2133333333,0,0,0.2483013976,0.09957288203,-0.1640136445,0.9980837309,-0.05717893449,0.003933686222,-0.02332298745,0,1
65,2166666667,0,0,0.2502041464,0.1016702434,-0.1663462372,0.9980443218,-0.05763141928,0.005918367042,-0.02347603222,0,1
66,2200000000,0,0,0.2529575138,0.1016443762,-0.1687936982,0.998020541,-0.05754793261,0.006446164811,-0.02452921002,0,1
67,2233333333,0,0,0.2556348207,0.1038575108,-0.1722831593,0.9980877446,-0.05645786437,0.006499286779,-0.02431301865,0,1
68,2266666667,0,1,0.2584241759,0.1049428323,-0.1724565866,0.9981254577,-0.0558558681,0.005932758175,-0.02430010618,0,1
69,2300000000,0,0,0.2629953688,0.1051019601,-0.1753347972,0.9981759049,-0.0554340615,0.005098951315,-0.02336510948,0,1
70,2333333333,0,0,0.2664960964,0.1053241751,-0.1780204233,0.998253534,-0.05465823121,0.004800349866,-0.0218932905,0,1
71,2366666667,0,0,0.2707733777,0.1049152577,-0.179755704,0.9983253581,-0.05380021972,0.004174762283,-0.02084675252,0,1
72,2400000000,0,0,0.2754039838,0.1052775888,-0.1820031876,0.998421855,-0.05224546776,0.002838922377,-0.02039977893,0,1
73,2433333333,0,0,0.2801257478,0.1057202511,-0.1837952339,0.9984946749,-0.05089628197,0.001065774632,-0.02041609416,0,1
74,2466666667,0,0,0.2857557954,0.1049513091,-0.1858445021,0.9985430122,-0.04969657191,-0.001104551429,-0.02099722436,0,1
75,2500000000,0,0,0.2917565454,0.1051197219,-0.1878269095,0.9985675242,-0.04842133776,-0.003816558713,-0.02244342928,0,1
76,2533333333,0,0,0.2994757287,0.1043753083,-0.1891882811,0.9985420682,-0.0473873598,-0.006978880394,-0.02488918121,0,1
77,2566666667,0,0,0.307619571,0.1040847259,-0.1905538937,0.9985335579,-0.04583102106,-0.009347211259,-0.02725584261,0,1
78,2600000000,0,0,0.3158755872,0.1036954596,-0.1919960651,0.998509466,-0.04413253068,-0.01165376729,-0.02992249595,0,1
79,2633333333,0,0,0.3247491223,0.1042274902,-0.1927521541,0.9984488368,-0.04235406847,-0.01486568543,-0.03294031945,0,1
80,2666666667,0,0,0.3352413967,0.1046671244,-0.1943704569,0.9982609171,-0.0419834389,-0.01963938915,-0.03642563249,0,1
81,2700000000,0,1,0.3426746844,0.1063583484,-0.1901420314,0.9980890886,-0.04136931445,-0.02419353477,-0.03900543521,0,1
82,2733333333,0,0,0.3527859575,0.1057228429,-0.1910933056,0.9978735777,-0.0415080548,-0.02884451396,-0.0411509218,0,1
83,2766666667,0,0,0.3625776104,0.1049186072,-0.1910925864,0.9976154011,-0.04183237254,-0.03338933854,-0.04357426133,0,1
84,2800000000,0,0,0.3717475403,0.1041221671,-0.1905123785,0.9973316656,-0.04156589465,-0.03802416957,-0.04643261493,0,1
85,2833333333,0,0,0.3809946588,0.1020165736,-0.1902596038,0.9970341514,-0.04047521234,-0.04308244714,-0.04928043031,0,1
86,2866666667,0,0,0.3909224071,0.1014871721,-0.1907734391,0.9966745159,-0.03872410564,-0.0490865499,-0.05225766565,0,1
87,2900000000,0,0,0.4003205701,0.1011159155,-0.1919170931,0.9962648328,-0.03768820298,-0.05434876897,-0.05551750726,0,1
88,2933333333,0,1,0.407488635,0.1003473193,-0.1906202142,0.9959770488,-0.03648439514,-0.05783583679,-0.05791047486,0,1
89,2966666667,0,0,0.4160915758,0.101212133,-0.1912395169,0.9957494993,-0.03560492317,-0.06047856719,-0.05964534401,0,1
90,3000000000,0,0,0.4234671359,0.10101408,-0.1911100182,0.9954950901,-0.03578456259,-0.06249535449,-0.06167107443,0,1
91,3033333333,0,0,0.4308789467,0.1009632864,-0.1914607018,0.9953376838,-0.03609317653,-0.06421199386,-0.06226554104,0,1
92,3066666667,0,0,0.4375731247,0.1010953025,-0.1900598077,0.9951639026,-0.03672903111,-0.06676738129,-0.06198307875,0,1
93,3100000000,0,0,0.443749075,0.1006405271,-0.1901145809,0.9949829283,-0.03711078607,-0.0696169631,-0.06152430811,0,1
94,3133333333,0,0,0.4493051354,0.09891386664,-0.1894462142,0.9947156222,-0.03757921282,-0.07244604857,-0.06229128148,0,1
95,3166666667,0,0,0.4558581939,0.09773153318,-0.1903267022,0.994466418,-0.03679528214,-0.07471531599,-0.06403336787,0,1
96,3200000000,0,0,0.461544609,0.09836017905,-0.1916122944,0.9944044767,-0.03595905863,-0.07555086742,-0.06448836592,0,1
97,3233333333,0,0,0.4667799218,0.09818073614,-0.19076416,0.9943501079,-0.03596769188,-0.07653930716,-0.06415545554,0,1
98,3266666667,0,0,0.4703638641,0.09748477598,-0.1897285642,0.9942456736,-0.03626942337,-0.07764618986,-0.06427393504,0,1
99,3300000000,0,1,0.4740618354,0.09768287373,-0.1884830491,0.994149998,-0.03637935206,-0.07903221744,-0.06400181849,0,1
100,3333333333,0,0,0.4775141636,0.0978606,-0.1880959502,0.9939938294,-0.03749029127,-0.08022381775,-0.06430306549,0,1
101,3366666667,0,0,0.4813844119,0.09789862288,-0.1872395899,0.9937735129,-0.03941253735,-0.0815349685,-0.06490690149,0,1
102,3400000000,0,0,0.4840220973,0.09730813538,-0.1857802899,0.9936189728,-0.04108289806,-0.08202452634,-0.06561638044,0,1
103,3433333333,0,0,0.4872351238,0.09669204688,-0.18464377,0.9935096946,-0.04278779406,-0.08270420109,-0.06532768586,0,1
104,3466666667,0,0,0.4903751628,0.09450031218,-0.1823726977,0.9933939959,-0.04416739476,-0.08287389415,-0.06595095005,0,1
105,3500000000,0,0,0.4935767414,0.09270872386,-0.1799939017,0.9934135798,-0.04471265598,-0.08239255718,-0.06589161156,0,1
106,3533333333,0,0,0.4959337266,0.09008496469,-0.1763818448,0.9936410673,-0.04400532497,-0.08188199637,-0.06353187749,0,1
107,3566666667,0,0,0.4974643477,0.08949482505,-0.1746113874,0.9938787333,-0.04167268526,-0.08242764746,-0.06061463356,0,1
108,3600000000,0,0,0.5006480071,0.08824281061,-0.174270596,0.99395069,-0.0406581712,-0.08367998349,-0.05836607959,0,1
109,3633333333,0,0,0.5034237032,0.08638883523,-0.1729756364,0.9940338162,-0.04103595979,-0.08414881745,-0.05596247725,0,1
110,3666666667,0,0,0.5054057967,0.08445025288,-0.1708419353,0.9940729958,-0.04160909057,-0.08453365023,-0.05423674517,0,1
111,3700000000,0,0,0.5078896811,0.08169105642,-0.1679929864,0.9940473338,-0.04212843937,-0.08479084577,-0.05390366687,0,1
112,3733333333,0,0,0.5089924772,0.07864819711,-0.1640426448,0.9940887925,-0.04164497641,-0.08444421863,-0.05405869505,0,1
113,3766666667,0,0,0.5098021861,0.07738948298,-0.1609310217,0.9941141385,-0.04015461494,-0.08433601952,-0.05488280505,0,1
114,3800000000,0,0,0.5110748406,0.07577314056,-0.1580915116,0.9940802605,-0.03886899175,-0.0845839775,-0.05602845573,0,1
115,3833333333,0,0,0.5122229799,0.07423106676,-0.1548688341,0.9939697047,-0.03821020331,-0.08497557282,-0.05782178234,0,1
116,3866666667,0,0,0.5129375997,0.07330445139,-0.1517971627,0.9938570596,-0.03800296612,-0.08501279247,-0.05980589309,0,1
117,3900000000,0,0,0.5129698614,0.0720027241,-0.1471998108,0.9937051866,-0.03938263148,-0.08544170873,-0.06081714272,0,1
118,3933333333,0,0,0.512759193,0.06942487411,-0.1419406914,0.9934951807,-0.04116709721,-0.08652272801,-0.06153384119,0,1
119,3966666667,0,1,0.5115010302,0.0669231616,-0.1369285095,0.9932796623,-0.04315213354,-0.08775767975,-0.06190311367,0,1
120,4000000000,0,0,0.5098414431,0.06235771667,-0.130116629,0.9930376276,-0.04465615674,-0.08900266692,-0.06293348163,0,1
121,4033333333,0,0,0.5083962668,0.05626024548,-0.1245664501,0.9928868325,-0.04394587492,-0.09010311073,-0.0642333827,0,1
122,4066666667,0,0,0.5069037054,0.05101863395,-0.1197571172,0.9927151286,-0.04153157624,-0.09110200807,-0.06702406814,0,1
123,4100000000,0,0,0.5066175816,0.0463775038,-0.115613661,0.9926936208,-0.03784571142,-0.09155801234,-0.06887820944,0,1
124,4133333333,0,0,0.5051108558,0.04176410842,-0.1111132903,0.9928429825,-0.03376193857,-0.09186571414,-0.0684370814,0,1
125,4166666667,0,0,0.5048927381,0.03903198122,-0.1070420424,0.992851022,-0.02947667198,-0.09350570847,-0.06807831094,0,1
126,4200000000,0,0,0.5049398051,0.03696301341,-0.1039931344,0.9927682965,-0.02746924847,-0.09547386742,-0.06738909734,0,1
127,4233333333,0,0,0.5042823569,0.03418560088,-0.09848117449,0.9926381679,-0.0276589695,-0.09743154584,-0.06641944629,0,1
128,4266666667,0,0,0.5044218175,0.0305237265,-0.09378920732,0.992492268,-0.02737672981,-0.09934959306,-0.06587314349,0,1
129,4300000000,0,0,0.5044515565,0.02720342695,-0.08959184615,0.9923351341,-0.02645003995,-0.1003839642,-0.06704056091,0,1
130,4333333333,0,1,0.5069341163,0.02502058396,-0.0874420252,0.9923112302,-0.02584992964,-0.1006777365,-0.06718777423,0,1
131,4366666667,0,0,0.5070256748,0.02356292452,-0.08263364141,0.9924079796,-0.02552117259,-0.1005823298,-0.06601716974,0,1
132,4400000000,0,0,0.507319066,0.02300690017,-0.07881482075,0.9923135396,-0.02585075198,-0.1019616965,-0.06518734726,0,1
133,4433333333,0,0,0.5072963738,0.02155059171,-0.07419279656,0.9920955247,-0.0270705907,-0.1041690864,-0.06451708606,0,1
134,4466666667,0,0,0.5076118729,0.01874403434,-0.07004529176,0.991824969,-0.02826292599,-0.1068100485,-0.06384396229,0,1
135,4500000000,0,0,0.5078151633,0.01525253413,-0.06626644255,0.99146426,-0.0280375799,-0.1094197422,-0.06511401806,0,1
136,4533333333,0,0,0.5088182105,0.01226762902,-0.0627175698,0.9910640369,-0.02704021312,-0.1117503952,-0.06762211751,0,1
137,4566666667,0,0,0.5097117689,0.008927246031,-0.05848259469,0.9907216419,-0.02505136419,-0.1137442994,-0.07003778772,0,1
138,4600000000,0,0,0.5103685273,0.005613505445,-0.05463796453,0.9903006499,-0.02283846874,-0.1163739839,-0.07238869385,0,1
139,4633333333,0,0,0.5111575544,0.003335463101,-0.05072750789,0.9897567183,-0.02008712389,-0.119866123,-0.07490166017,0,1
140,4666666667,0,0,0.5127989255,-0.0002957564643,-0.04656460678,0.9891541476,-0.01820009839,-0.1240519664,-0.076511034,0,1
141,4700000000,0,1,0.5141088936,-0.006978856247,-0.04400151418,0.9886364451,-0.01738324931,-0.1278915953,-0.07706842312,0,1
142,4733333333,0,0,0.5156396006,-0.01180285036,-0.03971293586,0.988026248,-0.01492648508,-0.1321448002,-0.07822458104,0,1
143,4766666667,0,0,0.517828542,-0.01597738647,-0.03599498073,0.987269385,-0.01212629637,-0.1367963015,-0.0802426716,0,1
144,4800000000,0,0,0.5192410834,-0.0190039794,-0.03107824019,0.986343806,-0.009394291846,-0.1420093248,-0.08289146692,0,1
145,4833333333,0,0,0.5211253305,-0.02369637977,-0.02705446061,0.98516022,-0.007456441428,-0.1483160511,-0.08605865114,0,1
146,4866666667,0,0,0.524474973,-0.02782876597,-0.02227677847,0.9838578159,-0.005186758641,-0.155149372,-0.08902565898,0,1
147,4900000000,0,1,0.5268175523,-0.03297642891,-0.01821285989,0.9826332005,-0.003612984071,-0.1612253671,-0.09178954493,0,1
148,4933333333,0,0,0.5294420269,-0.03856234844,-0.01262381714,0.981249867,-0.002183349655,-0.1675789591,-0.09519046192,0,1
149,4966666667,0,0,0.5328451572,-0.04420598276,-0.006597862109,0.9796543562,0.0008246878349,-0.1743038635,-0.09947273726,0,1
150,5000000000,0,0,0.5355805589,-0.05073421144,-0.002272341466,0.9780464699,0.00417993388,-0.1803482212,-0.1043175444,0,1
151,5033333333,0,0,0.538905356,-0.05527724547,0.003159608052,0.9762058281,0.008360845338,-0.1873588655,-0.1088528044,0,1
152,5066666667,0,0,0.5423915621,-0.06079005634,0.007821677189,0.9742829317,0.01137840621,-0.194919879,-0.1124701811,0,1
153,5100000000,0,1,0.5438957416,-0.06797509144,0.01131576101,0.9724251177,0.01380770941,-0.2016486519,-0.1163467182,0,1
154,5133333333,0,0,0.5481238815,-0.07401256659,0.01615773237,0.9704578187,0.01646931001,-0.2081498282,-0.1208885148,0,1
155,5166666667,0,0,0.5524426406,-0.08021890658,0.02089690942,0.9688234574,0.01955270587,-0.2128039437,-0.1253526293,0,1
156,5200000000,0,0,0.5559991066,-0.08677063275,0.02532430387,0.9674658904,0.02320936318,-0.2159273197,-0.1297939485,0,1
157,5233333333,0,0,0.5591194088,-0.09113248003,0.02994723684,0.9663226368,0.02801990129,-0.2183846506,-0.1332050717,0,1
158,5266666667,0,0,0.5607638845,-0.09445697674,0.03343551755,0.9649808061,0.03160755567,-0.2220173232,-0.1360930361,0,1
159,5300000000,0,0,0.5641829942,-0.0980713803,0.03600459186,0.9630932262,0.03434710505,-0.2281617794,-0.1386142719,0,1
160,5333333333,0,0,0.5684271003,-0.1013581115,0.03993580997,0.9611246948,0.0358249151,-0.2350144101,-0.1404425986,0,1
161,5366666667,0,1,0.5748454251,-0.1063515701,0.04114184536,0.9594971778,0.03688710483,-0.2401274395,-0.1426300111,0,1
162,5400000000,0,0,0.5795088275,-0.1102191557,0.04563915096,0.958775339,0.03774929421,-0.24261326,-0.1430512014,0,1
163,5433333333,0,0,0.5826644474,-0.1140195508,0.04780890271,0.9585124271,0.03956224725,-0.2440741168,-0.1418329339,0,1
164,5466666667,0,0,0.5859860467,-0.1155149288,0.05037248282,0.957952711,0.04097365437,-0.2462337924,-0.1414803263,0,1
165,5500000000,0,0,0.5899232592,-0.1178836595,0.05349115438,0.9573088494,0.0409846179,-0.2484090353,-0.1420316132,0,1
166,5533333333,0,0,0.5936622409,-0.1208651634,0.05592954856,0.9569572895,0.04103538861,-0.2502240606,-0.141197601,0,1
167,5566666667,0,0,0.5987194571,-0.1230070502,0.05916307025,0.9568825984,0.04038569426,-0.2511119915,-0.1403119962,0,1
168,5600000000,0,0,0.6021892239,-0.1280307085,0.06192522503,0.9572898655,0.03981351516,-0.2505251191,-0.138737746,0,1
169,5633333333,0,1,0.6057040899,-0.1332307068,0.06017237504,0.9580330714,0.04127765226,-0.249329978,-0.1352898801,0,1
170,5666666667,0,0,0.6099895118,-0.1326755405,0.05891289935,0.9586536321,0.04252633558,-0.2495271278,-0.1300420581,0,1
171,5700000000,0,0,0.6130362555,-0.1352082041,0.05854553145,0.9586500507,0.04139583371,-0.2510612031,-0.1274548453,0,1
172,5733333333,0,0,0.6162329597,-0.139683332,0.0584850845,0.9582633721,0.04187512034,-0.2539068883,-0.1245354409,0,1
173,5766666667,0,0,0.623118182,-0.1407922286,0.05746547866,0.9577430206,0.04433928465,-0.2567741165,-0.1217759723,0,1
174,5800000000,0,0,0.6290913438,-0.1417661433,0.0560868134,0.9575140223,0.04601983656,-0.2576192867,-0.1211667237,0,1
175,5833333333,0,0,0.6339609426,-0.1421849427,0.0551424077,0.9577078288,0.04630920865,-0.2577855564,-0.1191544325,0,1
176,5866666667,0,0,0.6392131495,-0.142129759,0.05256176203,0.9581540363,0.04589852108,-0.2578364834,-0.1155617428,0,1
177,5900000000,0,0,0.6437091932,-0.1405700496,0.05009560058,0.9583981281,0.04466224573,-0.2581367168,-0.1133302573,0,1
178,5933333333,0,0,0.6482639699,-0.1416881785,0.04833733608,0.9581131132,0.04320727852,-0.2587982237,-0.1147862051,0,1
179,5966666667,0,0,0.6538163447,-0.1395034146,0.04569458241,0.957856869,0.04385356937,-0.2586231148,-0.117051986,0,1
180,6000000000,0,0,0.6588338928,-0.1371094581,0.04125125047,0.9578438408,0.04358537562,-0.2578161043,-0.1190224686,0,1
181,6033333333,0,0,0.6625765465,-0.1340905947,0.03787885278,0.9576297835,0.04281386319,-0.2572501265,-0.1222069688,0,1
182,6066666667,0,0,0.6656345976,-0.1315299365,0.03401946751,0.9570783894,0.04208049463,-0.257979479,-0.1252069363,0,1
183,6100000000,0,0,0.6709816084,-0.1279906631,0.03089448604,0.956184136,0.04144505911,-0.2598382829,-0.1283677211,0,1
184,6133333333,0,0,0.6760299003,-0.1260238595,0.02859925785,0.9556874271,0.04047838452,-0.2606397594,-0.1307285655,0,1
185,6166666667,0,0,0.6805396268,-0.1230797867,0.02556992425,0.9555654319,0.03948412142,-0.2610679355,-0.1310696098,0,1
186,6200000000,0,0,0.6841855252,-0.1222225641,0.02353384129,0.9555305589,0.03852509087,-0.2615014842,-0.1307445686,0,1
187,6233333333,0,1,0.6917969674,-0.1186353613,0.01860979384,0.9553370208,0.03836566492,-0.2622415095,-0.1307235368,0,1
188,6266666667,0,0,0.6974380295,-0.1173172966,0.01624325085,0.9551883223,0.03653754052,-0.2624253054,-0.1319592217,0,1
189,6300000000,0,0,0.7028282358,-0.1160587807,0.01385941414,0.9555954925,0.03495369183,-0.2615207883,-0.1312340327,0,1
190,6333333333,0,0,0.7072341854,-0.1136067616,0.01173207061,0.9560673261,0.03273195257,-0.2606916539,-0.1300144175,0,1
191,6366666667,0,0,0.7108005849,-0.1125926949,0.009010263965,0.9561250474,0.03002872444,-0.2611515622,-0.1293175591,0,1
192,6400000000,0,0,0.7159558504,-0.1122781145,0.007729876928,0.9558662958,0.02689370274,-0.2627387817,-0.128703869,0,1
193,6433333333,0,0,0.7207592293,-0.1137299168,0.006587515948,0.9556249943,0.0249217106,-0.2640935637,-0.1281185712,0,1
194,6466666667,0,0,0.7254064494,-0.1137021383,0.004669208325,0.9554339623,0.02431770359,-0.2647174992,-0.1283714867,0,1
195,6500000000,0,0,0.7305236169,-0.1128354398,0.003088150601,0.9551621693,0.02363359906,-0.2657525383,-0.1283832997,0,1
196,6533333333,0,0,0.7362805838,-0.113832595,0.001947213364,0.9551907054,0.02260032793,-0.2660359482,-0.1277686021,0,1
197,6566666667,0,0,0.7410305979,-0.114532511,0.001409517417,0.9553388923,0.02300970425,-0.2655191831,-0.1276625152,0,1
198,6600000000,0,0,0.7460175983,-0.1170925852,0.001302479899,0.9553547825,0.02496531647,-0.2638384572,-0.1306263411,0,1
199,6633333333,0,0,0.7485704516,-0.1145834911,-0.0008616749606,0.9555363359,0.0286930562,-0.2626751112,-0.130877062,0,1
200,6666666667,0,0,0.7530065487,-0.1099981966,-0.003465126968,0.9548899909,0.02912005713,-0.2651525632,-0.1305038153,0,1
201,6700000000,0,0,0.7575249545,-0.1099208255,-0.003689841255,0.9537372051,0.02697124284,-0.2687295987,-0.132069294,0,1
202,6733333333,0,0,0.7627306709,-0.1104523546,-0.003225104121,0.9528227482,0.02536497891,-0.2718507043,-0.1325994833,0,1
203,6766666667,0,0,0.7681175571,-0.1105985497,-0.002760245013,0.9521618813,0.02463008416,-0.2739606339,-0.1331415857,0,1
204,6800000000,0,0,0.7732096762,-0.1098154878,-0.001924081323,0.9518063502,0.02414151929,-0.2748243492,-0.1339904322,0,1
205,6833333333,0,0,0.7773891491,-0.111000819,-0.0008792132341,0.951546036,0.02387626252,-0.2754575978,-0.1345852046,0,1
206,6866666667,0,0,0.782370815,-0.1095516316,-0.001334328424,0.9510822323,0.02449429775,-0.2765235347,-0.1355630907,0,1
207,6900000000,0,1,0.7889309293,-0.1096614301,-0.0003852213116,0.9501275623,0.02403197767,-0.2786559853,-0.1379526054,0,1
208,6933333333,0,0,0.7930457504,-0.1096015753,0.0002381607147,0.9491980674,0.02402706931,-0.2807316203,-0.1401266787,0,1
209,6966666667,0,0,0.7987992328,-0.1080347112,0.0009276488745,0.9481275508,0.02386656606,-0.2835740983,-0.1416695635,0,1
210,7000000000,0,0,0.8041088412,-0.1078496928,0.002159584265,0.9468377392,0.02349505176,-0.2862828168,-0.1448738312,0,1
211,7033333333,0,0,0.8102477336,-0.1083098762,0.002879221755,0.945410502,0.02372353151,-0.2889237026,-0.1488599033,0,1
212,7066666667,0,0,0.8156636111,-0.1084865217,0.004913809586,0.9441999637,0.02395312358,-0.291098335,-0.1522315203,0,1
213,7100000000,0,0,0.822259314,-0.1067535552,0.00630658443,0.9431805108,0.02395684157,-0.2939201754,-0.1531258446,0,1
214,7133333333,0,0,0.8276530231,-0.1068629121,0.00822578191,0.9417527393,0.02258929773,-0.2970052892,-0.156138912,0,1
215,7166666667,0,0,0.8356437511,-0.1077732703,0.01013515225,0.9401860704,0.02244830052,-0.2999851519,-0.1598597369,0,1
216,7200000000,0,0,0.8431962665,-0.1085266898,0.01218442962,0.9393283742,0.02247378205,-0.3014114426,-0.1621982642,0,1
217,7233333333,0,0,0.8500802944,-0.1077124754,0.01432341839,0.9386856863,0.02254432546,-0.3024189773,-0.1640234674,0,1
218,7266666667,0,0,0.8558577182,-0.1076255448,0.0172012627,0.9380341727,0.02192057364,-0.3037967254,-0.165284388,0,1
219,7300000000,0,0,0.8629549739,-0.1064760008,0.01883778221,0.9369927813,0.02132159587,-0.3060592007,-0.1670858553,0,1
220,7333333333,0,1,0.868950717,-0.1050928466,0.02497648467,0.9355342351,0.02044579302,-0.3086736712,-0.1705233981,0,1
221,7366666667,0,0,0.8764172672,-0.1044878977,0.02802263171,0.9345467349,0.01939586245,-0.3104652638,-0.1727932892,0,1
222,7400000000,0,0,0.8833009584,-0.104620362,0.03109432209,0.9337278307,0.01835890139,-0.3117959116,-0.1749245505,0,1
223,7433333333,0,0,0.89133993,-0.1026635056,0.03402285164,0.9328710395,0.01728048944,-0.3130844441,-0.1772882944,0,1
224,7466666667,0,0,0.8991521294,-0.1026771899,0.03731293097,0.9323558407,0.01507808959,-0.3134865039,-0.1794754844,0,1
225,7500000000,0,0,0.904834109,-0.1011378967,0.04120539512,0.9321599714,0.01278375713,-0.3133017681,-0.1809871967,0,1
226,7533333333,0,0,0.9103942793,-0.1000012354,0.04523930372,0.9316164092,0.009917890304,-0.3140269576,-0.1827007704,0,1
227,7566666667,0,1,0.9143466682,-0.09939148633,0.05040367728,0.9309220215,0.007158011385,-0.315353263,-0.1840795269,0,1
228,7600000000,0,0,0.9208944194,-0.09937025954,0.05429363885,0.9302238189,0.004940871116,-0.3168332425,-0.1851376002,0,1
229,7633333333,0,0,0.9273307759,-0.09925738252,0.05744203084,0.929744276,0.003144645625,-0.3171831563,-0.1869773726,0,1
230,7666666667,0,0,0.9329672045,-0.09921375677,0.0606565251,0.9295415583,0.001699674499,-0.3169380807,-0.1884140533,0,1
231,7700000000,0,0,0.9371334609,-0.09753240163,0.06475847487,0.9294489706,0.0002342624924,-0.31728666,-0.1882916132,0,1
232,7733333333,0,0,0.942889742,-0.09626054738,0.06733213639,0.9289638767,-0.002467280732,-0.3186322942,-0.1883971586,0,1
233,7766666667,0,0,0.94845782,-0.09630360288,0.07057834043,0.9285225444,-0.005550370276,-0.3196372987,-0.1888043307,0,1
234,7800000000,0,0,0.9541018558,-0.0960155688,0.07412448771,0.9282671316,-0.008476398329,-0.3202464449,-0.1889192884,0,1
235,7833333333,0,0,0.9591008495,-0.0965121618,0.0770866459,0.9281668969,-0.01136938843,-0.3200739309,-0.1895511206,0,1
236,7866666667,0,0,0.9637705604,-0.09620708387,0.07918532936,0.9279805636,-0.01288985935,-0.3197682085,-0.1908774947,0,1
237,7900000000,0,1,0.9656066549,-0.09429972809,0.0856116722,0.9278012814,-0.01412192542,-0.3193368772,-0.1923780453,0,1
238,7933333333,0,0,0.970095882,-0.09335665965,0.08847363181,0.9276429182,-0.0160676288,-0.3189869131,-0.1935660016,0,1
239,7966666667,0,0,0.9746609595,-0.09169545295,0.09108426235,0.927242,-0.01840050603,-0.3191157282,-0.195061136,0,1
240,8000000000,0,0,0.9776481142,-0.09120783024,0.09482204612,0.9266999234,-0.02165092424,-0.3190842479,-0.1973416635,0,1
241,8033333333,0,0,0.9822800282,-0.09131840164,0.09857702939,0.9263505885,-0.02454818807,-0.3186210236,-0.1993805831,0,1
242,8066666667,0,0,0.9867017667,-0.0907716016,0.1025760213,0.9264936715,-0.0270990002,-0.3168301885,-0.2012305955,0,1
243,8100000000,0,0,0.9896814458,-0.08992759881,0.1065760393,0.9266942097,-0.02950964542,-0.3144119824,-0.2037452523,0,1
244,8133333333,0,1,0.9907704908,-0.08814671854,0.1112692153,0.9267570577,-0.03145274252,-0.3118821892,-0.2070303869,0,1
245,8166666667,0,0,0.9940089611,-0.08757238529,0.1158099134,0.9269005626,-0.03390834287,-0.3101555772,-0.2085883246,0,1
246,8200000000,0,0,0.9964175626,-0.08591274834,0.1201066964,0.9273846677,-0.0364421806,-0.3084527396,-0.2085342968,0,1
247,8233333333,0,0,0.9998622587,-0.08479037203,0.1252350279,0.927408548,-0.03948990345,-0.3077445217,-0.2089192236,0,1
248,8266666667,0,0,1.002921698,-0.08454588524,0.1297791991,0.9273819696,-0.04290826141,-0.3066721979,-0.2099374351,0,1
249,8300000000,0,0,1.006528661,-0.08403445348,0.1346477179,0.9276884775,-0.04648530608,-0.3052169369,-0.2099424361,0,1
250,8333333333,0,0,1.009892032,-0.0832436849,0.1399645389,0.9282038806,-0.05103651027,-0.3032755694,-0.2094200554,0,1
251,8366666667,0,1,1.011922677,-0.08058009218,0.1463662643,0.9287900145,-0.05581223735,-0.3011846924,-0.208618993,0,1
252,8400000000,0,0,1.014156463,-0.08033917624,0.1537068852,0.9290509626,-0.06162467818,-0.2990944362,-0.2088282218,0,1
253,8433333333,0,0,1.015159873,-0.07990475859,0.1605422413,0.9292183131,-0.06641672064,-0.2968126599,-0.2098675553,0,1
254,8466666667,0,0,1.015774961,-0.07988549653,0.16819408,0.9289365635,-0.07051709202,-0.2951682683,-0.212084639,0,1
255,8500000000,0,0,1.017046561,-0.07954536313,0.1757574801,0.9288040535,-0.07400100239,-0.2943241058,-0.2126504236,0,1
256,8533333333,0,0,1.016827691,-0.08041931359,0.1831551064,0.9282654634,-0.07731604962,-0.2942574935,-0.2139111625,0,1
257,8566666667,0,0,1.01791913,-0.08081171153,0.1905322735,0.9274947951,-0.07956047915,-0.2950760708,-0.2152989727,0,1
258,8600000000,0,0,1.017164857,-0.08252846962,0.1982086903,0.9270772627,-0.08174521384,-0.2950899166,-0.2162577402,0,1
259,8633333333,0,0,1.017010708,-0.08533894766,0.2043471474,0.9266506918,-0.08204106017,-0.2949150417,-0.2182037533,0,1
260,8666666667,0,0,1.018169559,-0.08826687412,0.2104359025,0.9264241308,-0.08229618265,-0.29412785,-0.2201237743,0,1
261,8700000000,0,0,1.019945954,-0.09056035864,0.2163052274,0.9265537756,-0.08270340687,-0.2926371514,-0.2214085476,0,1
262,8733333333,0,0,1.019401557,-0.09233961,0.2226436992,0.9268806767,-0.08317880679,-0.2911231673,-0.2218576091,0,1
263,8766666667,0,1,1.016407187,-0.09339887346,0.231347213,0.9267157862,-0.08457450752,-0.2904743051,-0.2228669611,0,1
264,8800000000,0,0,1.014500557,-0.09710475374,0.2377286915,0.925985184,-0.08602942767,-0.2903406906,-0.2255053436,0,1
265,8833333333,0,0,1.012592577,-0.1008572112,0.2440234617,0.9252895264,-0.08479415137,-0.2905266349,-0.2285684114,0,1
266,8866666667,0,0,1.013805885,-0.1057561469,0.2478141573,0.9244942869,-0.08230994094,-0.2912588241,-0.2317405542,0,1
267,8900000000,0,0,1.014047429,-0.1095523089,0.2520913968,0.9245744885,-0.0797270656,-0.2905382755,-0.2332233281,0,1
268,8933333333,0,0,1.01669687,-0.112413415,0.2561201585,0.9256010391,-0.07788293497,-0.2901712488,-0.2302121007,0,1
269,8966666667,0,0,1.017902028,-0.114544235,0.2600147039,0.9261635278,-0.07797601874,-0.2907695958,-0.2271429118,0,1
270,9000000000,0,0,1.017235815,-0.1168578868,0.2643595969,0.9259177624,-0.0787395037,-0.2923058028,-0.2259064089,0,1
271,9033333333,0,0,1.017854971,-0.1209208132,0.2683372485,0.9253521399,-0.07891466392,-0.2942049302,-0.2256974791,0,1
272,9066666667,0,0,1.020154894,-0.1249935137,0.2724428003,0.9248221306,-0.07814380339,-0.2957851363,-0.2260723906,0,1
273,9100000000,0,0,1.021770415,-0.1277092973,0.2768801248,0.9249315182,-0.07706568776,-0.2961169363,-0.2255600285,0,1
274,9133333333,0,0,1.024063513,-0.1303228412,0.2813685866,0.9252744233,-0.0761811188,-0.2969145464,-0.2233952346,0,1
275,9166666667,0,0,1.025929392,-0.1313311303,0.2843769808,0.9252240817,-0.07627856477,-0.2979625639,-0.2221717571,0,1
276,9200000000,0,0,1.027810622,-0.1336107948,0.2895142958,0.9247568329,-0.07768778885,-0.2996101372,-0.2214117729,0,1
277,9233333333,0,0,1.029443286,-0.1363067334,0.2942563833,0.9243579789,-0.07885972892,-0.3007827479,-0.2210728582,0,1
278,9266666667,0,0,1.030633164,-0.1381065334,0.2992303318,0.9238404738,-0.07947891528,-0.3018451592,-0.2215657485,0,1
279,9300000000,0,1,1.031315178,-0.1402175354,0.3048551701,0.9232566699,-0.07956600244,-0.3035395675,-0.2216531157,0,1
280,9333333333,0,0,1.032607652,-0.1416924568,0.3097291256,0.922601966,-0.0793616166,-0.3060031038,-0.2210643496,0,1
281,9366666667,0,0,1.033440256,-0.1447564595,0.3146268536,0.9211642896,-0.07912176916,-0.3096848593,-0.2220166325,0,1
282,9400000000,0,0,1.035015113,-0.1480923726,0.3190885782,0.9193035853,-0.07830414343,-0.3138499369,-0.2241597561,0,1
283,9433333333,0,0,1.036120599,-0.1523224248,0.3242094772,0.9178229705,-0.07664487051,-0.3178131324,-0.2252140573,0,1
284,9466666667,0,0,1.038087337,-0.1556982967,0.3280132787,0.9161833772,-0.07450844806,-0.3227420139,-0.2255972141,0,1
285,9500000000,0,0,1.040873546,-0.1601367741,0.3319460137,0.9133897981,-0.07253837183,-0.3290414521,-0.2284490843,0,1
286,9533333333,0,0,1.043409786,-0.1641430496,0.3360158779,0.9103749972,-0.06967144068,-0.3347729894,-0.2330027907,0,1
287,9566666667,0,1,1.046526846,-0.1687548442,0.3398769814,0.9074595445,-0.06601954309,-0.3399395945,-0.2379068454,0,1
288,9600000000,0,0,1.048825888,-0.1727710741,0.3438943253,0.9046992091,-0.06154501678,-0.3446359719,-0.242811859,0,1
289,9633333333,0,0,1.052787462,-0.176281109,0.3474881913,0.9015997475,-0.05700613961,-0.349977064,-0.247758451,0,1
290,9666666667,0,0,1.057502443,-0.1803165283,0.3517006917,0.8985412297,-0.05378029067,-0.3555632691,-0.2516070359,0,1
291,9700000000,0,0,1.061692198,-0.1845400298,0.3566749278,0.896214925,-0.05215088456,-0.3605447255,-0.253153302,0,1
292,9733333333,0,0,1.066944653,-0.1892620747,0.3616295325,0.8939270992,-0.05134708768,-0.3655338705,-0.2542494983,0,1
293,9766666667,0,0,1.071681211,-0.1935185812,0.3669958189,0.8916743356,-0.05078797395,-0.3695294099,-0.2564867952,0,1
294,9800000000,0,0,1.073377007,-0.1977297257,0.3731384744,0.8901887983,-0.04893202036,-0.3718758235,-0.258607681,0,1
295,9833333333,0,1,1.081649852,-0.2042789863,0.3778486859,0.8886328944,-0.04713368648,-0.3752017206,-0.259487309,0,1
296,9866666667,0,0,1.085046544,-0.2068909316,0.3827020364,0.8874735191,-0.04486767619,-0.3772852766,-0.2608322538,0,1
297,9900000000,0,0,1.089265325,-0.2104219701,0.3867109299,0.8860165822,-0.0429695875,-0.3797864572,-0.2624699556,0,1
298,9933333333,0,0,1.093408415,-0.2127298364,0.3912164539,0.8846437658,-0.04114658967,-0.382132662,-0.2639829433,0,1
299,9966666667,0,0,1.097831318,-0.2145668796,0.3949954217,0.8833408429,-0.04033496142,-0.3847676807,-0.2646429257,0,1
300,10000000000,0,0,1.101357032,-0.2170951132,0.3998819688,0.8817423324,-0.04043279824,-0.3875976865,-0.2658264123,0,1
301,10033333333,0,0,1.104140833,-0.2200195444,0.4041045056,0.8801701579,-0.04017034405,-0.3900325615,-0.2675096962,0,1
302,10066666667,0,0,1.107157411,-0.2222442668,0.4078520266,0.8789685529,-0.04004071311,-0.3922309227,-0.2682646596,0,1
303,10100000000,0,0,1.108270804,-0.2225260607,0.4115376268,0.8779184621,-0.03967088439,-0.394568466,-0.2683302451,0,1
304,10133333333,0,0,1.11006668,-0.223828143,0.4146948694,0.8760732857,-0.03938466868,-0.3982426525,-0.2689744146,0,1
305,10166666667,0,0,1.112821274,-0.2253952019,0.4179835488,0.8740795065,-0.03899987395,-0.4019024119,-0.2700712451,0,1
306,10200000000,0,1,1.117016919,-0.2296032662,0.4225106692,0.8724233596,-0.03949522948,-0.4055114764,-0.2699593506,0,1
307,10233333333,0,0,1.118026056,-0.2314578267,0.4262888653,0.8715515902,-0.03962832663,-0.4079073481,-0.2691449733,0,1
308,10266666667,0,0,1.119555452,-0.2340932945,0.4303537579,0.8711482358,-0.03995867623,-0.4099810085,-0.2672445102,0,1
309,10300000000,0,0,1.119453222,-0.2369180669,0.4339302359,0.8712972801,-0.04022886751,-0.4113398099,-0.2646171739,0,1
310,10333333333,0,0,1.118690292,-0.2392587325,0.4370462685,0.8712205017,-0.03997517693,-0.4128939877,-0.2624792896,0,1
311,10366666667,0,0,1.117400126,-0.243369914,0.4404659761,0.8706623808,-0.0387233102,-0.4146356866,-0.2617723655,0,1
312,10400000000,0,0,1.117035539,-0.2476989399,0.4435732351,0.8701764417,-0.03607852989,-0.416390338,-0.2609796668,0,1
313,10433333333,0,0,1.117159576,-0.2504250818,0.4467238171,0.8700680181,-0.03291091603,-0.417972206,-0.259225289,0,1
314,10466666667,0,0,1.116195557,-0.2541505432,0.4497274275,0.8699606034,-0.03046586676,-0.4194142678,-0.2575500949,0,1
315,10500000000,0,0,1.11609767,-0.2583373423,0.4526542533,0.8696415384,-0.02768622641,-0.4211031642,-0.2561819522,0,1
316,10533333333,0,1,1.116539744,-0.2644867005,0.4564397952,0.8693619668,-0.02506614749,-0.4223224842,-0.2553922047,0,1
317,10566666667,0,0,1.115618195,-0.2690265779,0.4597170775,0.8700560852,-0.02182115974,-0.4218977919,-0.2540246025,0,1
318,10600000000,0,0,1.114122885,-0.2721580563,0.4619317701,0.8713581929,-0.01821445754,-0.4210143896,-0.2512966712,0,1
319,10633333333,0,0,1.111224325,-0.2750893679,0.4644911206,0.8719533405,-0.01530839102,-0.4207502179,-0.2498645217,0,1
320,10666666667,0,0,1.10840276,-0.2787471896,0.4672693719,0.8718284493,-0.0117327173,-0.4211796464,-0.2497703021,0,1
321,10700000000,0,0,1.106181885,-0.2828365536,0.4694798537,0.871706285,-0.007782101433,-0.4212870041,-0.250169646,0,1
322,10733333333,0,0,1.103129409,-0.2856918408,0.4718150393,0.8719038922,-0.004441110278,-0.4211318267,-0.2498236654,0,1
323,10766666667,0,1,1.09717041,-0.2930471508,0.4734803758,0.8717959912,-0.001845889381,-0.4215065445,-0.2496008319,0,1
324,10800000000,0,0,1.091176941,-0.3010777637,0.4757009113,0.870946897,0.003474971543,-0.4229699938,-0.2500716129,0,1
325,10833333333,0,0,1.086446891,-0.3105328823,0.4781240872,0.8699495692,0.01288586119,-0.4245003318,-0.2506415167,0,1
326,10866666667,0,0,1.085299441,-0.3145813016,0.4800417362,0.8699558122,0.02585146232,-0.4255478065,-0.2478258483,0,1
327,10900000000,0,0,1.082678887,-0.3165362992,0.4828692319,0.8706006326,0.03630828034,-0.4264780322,-0.2425958272,0,1
328,10933333333,0,0,1.080642141,-0.3155651272,0.4854654118,0.8710762504,0.0430197108,-0.4289214063,-0.235376077,0,1
329,10966666667,0,1,1.077660432,-0.3176930642,0.488012149,0.8702893722,0.04430846725,-0.432981617,-0.2305647147,0,1
330,11000000000,0,0,1.075515098,-0.3224071544,0.4926999421,0.8691465901,0.04271773512,-0.4381013178,-0.2254476335,0,1
331,11033333333,0,0,1.072721292,-0.327868331,0.497540131,0.8682361834,0.0425429522,-0.4420307724,-0.2212799658,0,1
332,11066666667,0,0,1.070612954,-0.3327570583,0.5023429592,0.8676051369,0.04430289177,-0.4449452312,-0.2175369428,0,1
333,11100000000,0,0,1.067151503,-0.3375904051,0.507537716,0.8675340625,0.04767653533,-0.446536603,-0.2138145471,0,1
334,11133333333,0,0,1.066248996,-0.3400725649,0.5123574134,0.8676071631,0.05293279447,-0.44788679,-0.209411922,0,1
335,11166666667,0,0,1.064456108,-0.3412443546,0.516342612,0.8677589256,0.05637747639,-0.4492197858,-0.204981978,0,1
336,11200000000,0,0,1.063002778,-0.3419333881,0.5198777378,0.8673366618,0.05761195089,-0.4518272739,-0.2006491785,0,1
337,11233333333,0,0,1.061763522,-0.3450384728,0.5243409621,0.8657658688,0.05754004924,-0.4559411349,-0.1981319879,0,1
338,11266666667,0,1,1.061388317,-0.3514108804,0.5293227807,0.8641563888,0.05793676512,-0.4594019861,-0.1970453808,0,1
339,11300000000,0,0,1.060575253,-0.3557673983,0.53457358,0.8629864601,0.06125866651,-0.4613217653,-0.1966824202,0,1
340,11333333333,0,0,1.060387866,-0.3601429748,0.5387532611,0.8624726339,0.06493671156,-0.462350028,-0.1953372236,0,1
341,11366666667,0,0,1.060188199,-0.3618235119,0.5429909991,0.8616975822,0.06853964313,-0.4636957209,-0.1943344348,0,1
342,11400000000,0,0,1.059670953,-0.3658528486,0.5469580794,0.8601664483,0.07088532079,-0.4661109337,-0.1944982006,0,1
343,11433333333,0,0,1.060954149,-0.3695546629,0.5515809384,0.8582098882,0.07298575568,-0.4696420101,-0.193869156,0,1
344,11466666667,0,0,1.062207526,-0.3727859533,0.5566482084,0.8560653972,0.07397158609,-0.4734522766,-0.1937090139,0,1
345,11500000000,0,1,1.063242594,-0.3762028985,0.5611324872,0.8538808724,0.0756439262,-0.4771413929,-0.1936531524,0,1
346,11533333333,0,0,1.065254229,-0.3805399905,0.5667679142,0.8513098118,0.07730218449,-0.481245749,-0.1941610304,0,1
347,11566666667,0,0,1.067868924,-0.3844953736,0.5722224144,0.848809158,0.07879574851,-0.4851037452,-0.1949066433,0,1
348,11600000000,0,0,1.070272031,-0.388400715,0.5780650887,0.8459139806,0.07974039591,-0.4894792759,-0.1961658614,0,1
349,11633333333,0,0,1.073161659,-0.3912809295,0.5836295584,0.8426381232,0.08032527864,-0.4943971424,-0.197687401,0,1
350,11666666667,0,0,1.076620797,-0.3958040465,0.5892720286,0.838832213,0.08036097967,-0.4994661751,-0.2010874719,0,1
351,11700000000,0,1,1.080708066,-0.3990194663,0.5933801265,0.8352852127,0.08165270258,-0.5034574515,-0.2053339818,0,1
352,11733333333,0,0,1.08502313,-0.4034400834,0.5999079208,0.8311626121,0.08279998752,-0.5079938651,-0.2103689789,0,1
353,11766666667,0,0,1.088305873,-0.4081456022,0.6065811828,0.8273669023,0.0836778003,-0.5120459435,-0.2151069187,0,1
354,11800000000,0,0,1.092874433,-0.4120019298,0.6131757356,0.8235417686,0.0850554594,-0.5161192917,-0.2194661725,0,1
355,11833333333,0,0,1.097391193,-0.4155546512,0.6213009642,0.8203654941,0.08507243939,-0.5197632492,-0.2227314545,0,1
356,11866666667,0,0,1.102495296,-0.4177776673,0.6287404838,0.8178785121,0.08383046154,-0.5228497613,-0.225111795,0,1
357,11900000000,0,0,1.106549101,-0.4215446357,0.6369217956,0.8156361967,0.0808699254,-0.5258033254,-0.2274390311,0,1
358,11933333333,0,0,1.1103941,-0.4253797018,0.6455948571,0.8133451685,0.07881194843,-0.5283207306,-0.2305114301,0,1
359,11966666667,0,0,1.115440972,-0.4286436101,0.6549228021,0.8113909608,0.07730939345,-0.5300911775,-0.2338189681,0,1
360,12000000000,0,1,1.12064018,-0.4305759667,0.6572668357,0.8114249942,0.07590393575,-0.5288980028,-0.2368437755,0,1
361,12033333333,0,0,1.125233837,-0.4316908482,0.6647956355,0.8105584883,0.07318536082,-0.5296986446,-0.2388685536,0,1
362,12066666667,0,0,1.129650274,-0.4324499437,0.6730615984,0.8096270108,0.06909444763,-0.5309067821,-0.240557788,0,1
363,12100000000,0,0,1.133422287,-0.4344912401,0.6817462761,0.8087594457,0.06432426536,-0.5317796555,-0.2428599305,0,1
364,12133333333,0,0,1.135923672,-0.4376844704,0.6893110341,0.8084647697,0.06003943265,-0.532181228,-0.2440555742,0,1
365,12166666667,0,0,1.139766572,-0.4386124491,0.6965806531,0.808010615,0.05704306592,-0.5326507547,-0.2452511124,0,1
366,12200000000,0,0,1.142472233,-0.4408653695,0.7028497105,0.8069802901,0.05515360801,-0.5331199817,-0.248040271,0,1
367,12233333333,0,0,1.144718287,-0.4418134409,0.7086885066,0.8059012472,0.0541276531,-0.5338682028,-0.2501561893,0,1
368,12266666667,0,0,1.14782566,-0.4405317988,0.7149369513,0.8051074207,0.05216115271,-0.535012051,-0.2506857806,0,1
369,12300000000,0,1,1.148123238,-0.4431741059,0.7173455302,0.8053597996,0.04824062204,-0.5349671767,-0.250755968,0,1
370,12333333333,0,0,1.150075074,-0.4443048734,0.7224938321,0.8049575542,0.04532442377,-0.5361611222,-0.2500405637,0,1
371,12366666667,0,0,1.151000239,-0.4472897587,0.727514936,0.8045770887,0.0426287196,-0.5367494236,-0.2504766591,0,1
372,12400000000,0,0,1.150968739,-0.4510166045,0.7312385712,0.8042369318,0.04234238663,-0.5370088681,-0.2510608599,0,1
373,12433333333,0,0,1.152403753,-0.4517097902,0.7356348225,0.803659616,0.04393826114,-0.5377133148,-0.2511275411,0,1
374,12466666667,0,0,1.153439472,-0.452873116,0.7401102406,0.8032828633,0.04424485238,-0.5381108361,-0.2514274499,0,1
375,12500000000,0,0,1.154526405,-0.4535890248,0.7445018899,0.8032338497,0.04318240575,-0.5385330617,-0.2508641145,0,1
376,12533333333,0,0,1.154635521,-0.4563866797,0.7499409683,0.8034326803,0.04119325524,-0.5384353247,-0.2507716991,0,1
377,12566666667,0,0,1.154406266,-0.4589108925,0.755147105,0.8042387194,0.04014644474,-0.5373479724,-0.2506900513,0,1
378,12600000000,0,0,1.153039232,-0.460727235,0.7586296483,0.8048909245,0.04029422781,-0.5360173416,-0.2514207317,0,1
379,12633333333,0,0,1.15304905,-0.4613635506,0.7626014698,0.8046213899,0.04110221303,-0.5357090492,-0.2528059366,0,1
380,12666666667,0,0,1.152210454,-0.4620930293,0.7670537657,0.8043342534,0.04049656205,-0.5355189775,-0.254216172,0,1
381,12700000000,0,0,1.150837884,-0.4625469549,0.7712430975,0.8039300915,0.03898583767,-0.5356004771,-0.2555555543,0,1
382,12733333333,0,1,1.149195978,-0.466310784,0.7775272831,0.8029593752,0.03762647023,-0.5360302779,-0.2578992664,0,1
383,12766666667,0,0,1.146567007,-0.4703167003,0.7839034664,0.8028478864,0.03750209687,-0.5351160762,-0.2601531261,0,1
384,12800000000,0,0,1.143797542,-0.4742382527,0.7889506095,0.8034368348,0.03902644356,-0.5331462575,-0.2621473963,0,1
385,12833333333,0,0,1.140749603,-0.4764587002,0.793681199,0.8040698846,0.04148184407,-0.5310253169,-0.2641268447,0,1
386,12866666667,0,0,1.137956256,-0.4783690947,0.7983585956,0.804578134,0.04325798632,-0.5293646372,-0.2656235187,0,1
387,12900000000,0,0,1.135403897,-0.4796099998,0.8023969643,0.8049862135,0.04340148178,-0.5283385486,-0.2664054906,0,1
388,12933333333,0,0,1.132310555,-0.4811143592,0.8067596738,0.8048120615,0.04140255028,-0.5284964936,-0.2669360049,0,1
389,12966666667,0,0,1.128062805,-0.4845585744,0.8116937218,0.8038807799,0.0394613706,-0.5294124859,-0.2682180301,0,1
390,13000000000,0,0,1.124947716,-0.4891152563,0.8178405956,0.8030116006,0.03830828051,-0.5304138676,-0.2690092451,0,1
391,13033333333,0,0,1.121599859,-0.4944596105,0.824020469,0.8026719301,0.03979400638,-0.5302577369,-0.2701128323,0,1
392,13066666667,0,0,1.120152002,-0.4969612115,0.8297937176,0.8029767001,0.04327835432,-0.5291806998,-0.2707825514,0,1
393,13100000000,0,0,1.119088576,-0.4974703318,0.8350761532,0.804071437,0.04464752894,-0.5277155985,-0.2701702601,0,1
394,13133333333,0,0,1.118332368,-0.4961038235,0.839618967,0.8055306488,0.04300594753,-0.5265460697,-0.2683656067,0,1
395,13166666667,0,1,1.118780104,-0.4944059199,0.8456791723,0.8054919865,0.03866324468,-0.5269479997,-0.2683535333,0,1
396,13200000000,0,0,1.116722762,-0.4959179914,0.851994652,0.8045867987,0.03278535081,-0.5274515267,-0.2708506804,0,1
397,13233333333,0,0,1.114882346,-0.4987987634,0.8583734906,0.8036905438,0.02877768638,-0.5276922166,-0.2734854277,0,1
398,13266666667,0,0,1.113246856,-0.5012862858,0.8643788179,0.8028825703,0.02743348466,-0.5272044301,-0.2769160002,0,1
399,13300000000,0,0,1.112886025,-0.5028889081,0.8704953501,0.8023299352,0.02772361996,-0.5263389977,-0.2801166462,0,1
400,13333333333,0,0,1.111536707,-0.5042323922,0.8750173063,0.8023598762,0.02766671766,-0.5252991926,-0.2819821627,0,1
401,13366666667,0,0,1.111829851,-0.50244751,0.8793483004,0.8019701226,0.02657858552,-0.5256821736,-0.2824814218,0,1
402,13400000000,0,0,1.11137382,-0.5031143737,0.8838063912,0.8006307909,0.02345161093,-0.5275079505,-0.2831531753,0,1
403,13433333333,0,0,1.110870101,-0.5051109025,0.8875451409,0.798449005,0.02060390512,-0.5306913506,-0.2835865933,0,1
404,13466666667,0,0,1.113292712,-0.5060624684,0.8926596549,0.7949129763,0.01950464005,-0.5353708303,-0.2847999353,0,1
405,13500000000,0,1,1.114167986,-0.5083389685,0.9001903739,0.7905322934,0.01927839285,-0.5402018883,-0.2878696867,0,1
406,13533333333,0,0,1.116902873,-0.5102229989,0.9063931585,0.7874073105,0.01900114512,-0.543777189,-0.2897154682,0,1
407,13566666667,0,0,1.119137309,-0.5114445897,0.9115471891,0.784174445,0.01924608226,-0.5469654421,-0.29245313,0,1
408,13600000000,0,0,1.12168537,-0.5128665565,0.9170308045,0.7801084337,0.01948382896,-0.5506057912,-0.2964531578,0,1
409,13633333333,0,0,1.124358116,-0.5145485457,0.9224258758,0.7760921857,0.01958965681,-0.5546070287,-0.2995132857,0,1
410,13666666667,0,0,1.127768155,-0.5135761564,0.9271805293,0.7717466147,0.0187904861,-0.5591592727,-0.3023160401,0,1
411,13700000000,0,1,1.129949124,-0.5144778325,0.934537865,0.7662382791,0.01661100144,-0.5648629952,-0.3058312786,0,1
412,13733333333,0,0,1.13340744,-0.5168453889,0.940372819,0.7607350891,0.0147633906,-0.5700759933,-0.3099637533,0,1
413,13766666667,0,0,1.136599941,-0.5212221423,0.9470094243,0.7549346262,0.01473097143,-0.5748460784,-0.3152914443,0,1
414,13800000000,0,0,1.140379996,-0.5247261819,0.953900479,0.7506925192,0.01569121882,-0.5784913959,-0.3186882993,0,1
415,13833333333,0,0,1.144467715,-0.5281104246,0.9609512064,0.7477506162,0.01689288577,-0.5807196352,-0.3214783844,0,1
416,13866666667,0,0,1.148252907,-0.5321639553,0.9682523299,0.7460048622,0.01948056852,-0.581431719,-0.3240901251,0,1
417,13900000000,0,1,1.149843281,-0.5317506021,0.9755084606,0.7455315158,0.02323582254,-0.5810210756,-0.325664498,0,1
418,13933333333,0,0,1.154090417,-0.5315680072,0.9799207149,0.744868018,0.02575128531,-0.5809335161,-0.3271463846,0,1
419,13966666667,0,0,1.157753131,-0.5302102002,0.9835310435,0.74319917,0.02614431726,-0.5824458966,-0.3282198135,0,1
420,14000000000,0,0,1.162581863,-0.5289038767,0.9880950805,0.7401876704,0.02438301075,-0.5855865899,-0.3295694571,0,1
421,14033333333,0,0,1.166152,-0.5295133322,0.9928312629,0.7367819583,0.02015563904,-0.5891000606,-0.3312207945,0,1
422,14066666667,0,0,1.168633483,-0.5316041403,0.9972264535,0.73388504,0.01562641099,-0.5926823741,-0.3315059077,0,1
423,14100000000,0,1,1.172326538,-0.5312363413,0.9996640023,0.731100623,0.01280785342,-0.5959014251,-0.3320080263,0,1
424,14133333333,0,0,1.175878564,-0.5317517072,1.003679484,0.7284841731,0.009032818885,-0.5989161687,-0.3324584795,0,1
425,14166666667,0,0,1.179185289,-0.5338009757,1.006201742,0.7269629,0.005960103331,-0.6012544071,-0.3316361817,0,1
426,14200000000,0,0,1.18383069,-0.5334955674,1.008677295,0.7255336173,0.004596569831,-0.6033850387,-0.3309174168,0,1
427,14233333333,0,0,1.188513751,-0.5342266355,1.01070655,0.7240898739,0.003775471841,-0.6050201288,-0.3311045817,0,1
428,14266666667,0,0,1.192736037,-0.5336716455,1.011919766,0.7234175364,0.002942274179,-0.606243288,-0.3303444972,0,1
429,14300000000,0,0,1.198649317,-0.5323627343,1.012210727,0.7222922555,0.002195579718,-0.6078931076,-0.3297803008,0,1
430,14333333333,0,0,1.204111422,-0.532105992,1.013256081,0.7206313343,0.0001575667788,-0.6096699174,-0.3301409503,0,1
431,14366666667,0,0,1.209091963,-0.5324375499,1.013964898,0.7194830011,-0.00109956504,-0.6107152721,-0.3307111406,0,1
432,14400000000,0,0,1.214372437,-0.532164722,1.013590452,0.7191500255,-0.001698880344,-0.6111501257,-0.3306295184,0,1
433,14433333333,0,0,1.221125218,-0.5317419605,1.013354038,0.7186469647,-0.001618226471,-0.6118975435,-0.3303412141,0,1
434,14466666667,0,0,1.227668416,-0.530440246,1.013316945,0.7184390777,-0.002382509596,-0.6124563863,-0.3297526196,0,1
435,14500000000,0,1,1.235284071,-0.5287789544,1.012339653,0.7184855122,-0.004086894459,-0.612660341,-0.3292554824,0,1
436,14533333333,0,0,1.241494095,-0.52899911,1.011796611,0.7185314004,-0.006011331218,-0.6126620605,-0.3291226066,0,1
437,14566666667,0,0,1.248884977,-0.5289279003,1.009818312,0.7184935359,-0.006251219333,-0.6125299754,-0.3294464909,0,1
438,14600000000,0,0,1.257197168,-0.5295238747,1.009192756,0.7181361254,-0.005767816857,-0.6127269679,-0.3298680048,0,1
439,14633333333,0,0,1.265577399,-0.5297394442,1.008891217,0.7190137219,-0.005327887924,-0.6117599283,-0.3297585047,0,1
440,14666666667,0,0,1.274980301,-0.5284292862,1.007845895,0.7208864408,-0.005089096066,-0.6101607487,-0.3286346016,0,1
441,14700000000,0,0,1.284082161,-0.5262225453,1.005599043,0.7225552928,-0.006830348157,-0.6085984206,-0.3278340397,0,1
442,14733333333,0,0,1.29271626,-0.5241229363,1.002787296,0.7232227598,-0.01014413068,-0.6081512506,-0.3271054766,0,1
443,14766666667,0,0,1.301171434,-0.5224851411,1.000605282,0.7220713996,-0.0127572131,-0.6089284211,-0.3281102338,0,1
444,14800000000,0,0,1.308289703,-0.524960881,1.000037224,0.7198130716,-0.0129831738,-0.6099328064,-0.3311835605,0,1
445,14833333333,0,1,1.31809101,-0.5244613373,1.001188913,0.7184845981,-0.00874909791,-0.6101334914,-0.3338269886,0,1
446,14866666667,0,0,1.329196745,-0.5228263418,1.001245728,0.7189431971,-0.005875826911,-0.6085397019,-0.3358058743,0,1
447,14900000000,0,0,1.338265382,-0.5205680098,1.001202665,0.7213773368,-0.007153705714,-0.6052183915,-0.3365624177,0,1
448,14933333333,0,0,1.346571762,-0.5185159087,0.9999680195,0.7249364392,-0.01234626079,-0.6017412167,-0.3349958762,0,1
449,14966666667,0,0,1.353637661,-0.5167960512,0.9986547296,0.7264046485,-0.01848273131,-0.600218916,-0.3342632617,0,1
450,15000000000,0,0,1.359982967,-0.517046045,0.9982577812,0.7252354424,-0.02300348263,-0.6003937717,-0.3362018913,0,1
451,15033333333,0,0,1.367330017,-0.5176067945,0.999505275,0.7238110946,-0.02586088221,-0.6007619838,-0.3383988075,0,1
452,15066666667,0,0,1.374393196,-0.5187885531,1.001772655,0.7238446424,-0.02748380779,-0.5997381071,-0.3400114363,0,1
453,15100000000,0,1,1.382952717,-0.5189923744,1.005830677,0.7253658419,-0.02640771434,-0.5973383931,-0.3410775165,0,1
454,15133333333,0,0,1.389170456,-0.518715761,1.007104029,0.7280964624,-0.02571659189,-0.5937997134,-0.3414909936,0,1
455,15166666667,0,0,1.396516866,-0.5170081583,1.007976227,0.7303430291,-0.02619549267,-0.5911245663,-0.3412984078,0,1
456,15200000000,0,0,1.402589063,-0.5157818183,1.009212552,0.7313320616,-0.0284213764,-0.589444436,-0.3419077329,0,1
457,15233333333,0,0,1.408410308,-0.5157433056,1.011756676,0.7313926663,-0.03108059091,-0.5884292509,-0.3432925593,0,1
458,15266666667,0,0,1.414354508,-0.5162538408,1.014473779,0.7318928241,-0.03276114177,-0.5871204861,-0.3443096518,0,1
459,15300000000,0,0,1.419967588,-0.5176051086,1.017220941,0.7328530114,-0.03339659124,-0.5853157475,-0.3452775799,0,1
460,15333333333,0,0,1.426239847,-0.5176225946,1.019953491,0.7342853434,-0.03312449367,-0.5834330248,-0.3454471131,0,1
461,15366666667,0,0,1.431712142,-0.5183528414,1.021470876,0.7353514026,-0.03315530045,-0.5815668819,-0.3463221081,0,1
462,15400000000,0,0,1.437498781,-0.518754325,1.025154408,0.7357644794,-0.03379564928,-0.5810383207,-0.3462700604,0,1
463,15433333333,0,0,1.443302089,-0.5203252621,1.026401631,0.7356706335,-0.03473402572,-0.5808768714,-0.3466472655,0,1
464,15466666667,0,0,1.44946249,-0.5214142821,1.030324758,0.734228017,-0.03539675729,-0.5819914037,-0.347767587,0,1
465,15500000000,0,0,1.454682102,-0.523031252,1.03295942,0.7328009827,-0.03554252839,-0.5828595734,-0.3493052622,0,1
466,15533333333,0,1,1.462811082,-0.5252668383,1.037790915,0.7307464695,-0.03532322423,-0.5846803341,-0.3505863288,0,1
467,15566666667,0,0,1.467994748,-0.5273760237,1.041537273,0.7289187534,-0.03493319635,-0.5860426796,-0.3521520984,0,1
468,15600000000,0,0,1.472251759,-0.5295611333,1.044981622,0.7271637384,-0.03496415629,-0.5877918179,-0.3528614234,0,1
469,15633333333,0,0,1.478525046,-0.5316405183,1.048549103,0.7242314729,-0.03468779235,-0.5906767253,-0.3540996144,0,1
470,15666666667,0,0,1.483868169,-0.5335716845,1.053478763,0.7205516183,-0.03458786292,-0.5939168341,-0.3561907345,0,1
471,15700000000,0,0,1.489894557,-0.5363356539,1.059211839,0.7175150588,-0.03494822013,-0.5965649644,-0.3578561242,0,1
472,15733333333,0,0,1.494751526,-0.5384100767,1.065173992,0.7159386317,-0.03629900087,-0.5978935886,-0.3586607239,0,1
473,15766666667,0,0,1.500280046,-0.5408884704,1.06966496,0.7149255267,-0.03843925497,-0.5986799228,-0.3591465787,0,1
474,15800000000,0,0,1.504024783,-0.5435535822,1.074110162,0.7133629099,-0.04084858935,-0.5996374367,-0.3603882574,0,1
475,15833333333,0,1,1.508020738,-0.544270189,1.080797396,0.7116766422,-0.04217745498,-0.6015148144,-0.3604404907,0,1
476,15866666667,0,0,1.513592421,-0.5467183823,1.085505662,0.7099637409,-0.0440637073,-0.6031984273,-0.3607790648,0,1
477,15900000000,0,0,1.518022217,-0.5484689895,1.090929376,0.7079689831,-0.04563119063,-0.6047901285,-0.3618378282,0,1
478,15933333333,0,0,1.523217802,-0.54967998,1.096088954,0.7062331363,-0.04751204802,-0.6065178845,-0.362095869,0,1
479,15966666667,0,0,1.527765488,-0.5506725322,1.10115478,0.7038973311,-0.04937889254,-0.6083315251,-0.363349732,0,1
480,16000000000,0,0,1.532236101,-0.5521062347,1.105952935,0.7013936908,-0.05061696462,-0.6101652413,-0.3649427238,0,1
481,16033333333,0,0,1.536405878,-0.5526153059,1.111179092,0.6992227725,-0.05219442103,-0.6119767151,-0.3658520972,0,1
482,16066666667,0,1,1.540277209,-0.5529124944,1.115687708,0.6970546807,-0.05402582128,-0.6137559884,-0.3667418296,0,1
483,16100000000,0,0,1.54386202,-0.5529761343,1.120453982,0.694853728,-0.05650652895,-0.615209969,-0.3681059671,0,1
484,16133333333,0,0,1.546227876,-0.5540881057,1.124688307,0.6930784866,-0.05908442055,-0.6164236379,-0.3690164513,0,1
485,16166666667,0,0,1.549133104,-0.5547190277,1.128936156,0.6911154117,-0.06087026829,-0.6175058284,-0.3705952644,0,1
486,16200000000,0,0,1.55135049,-0.5553199918,1.1329952,0.6895647855,-0.06160144297,-0.6182923194,-0.3720487557,0,1
487,16233333333,0,0,1.55362826,-0.5564417843,1.13717931,0.6886887661,-0.06179450356,-0.6186945856,-0.3729694794,0,1
488,16266666667,0,0,1.557279765,-0.5577242408,1.140044855,0.688228778,-0.06244998389,-0.6187650482,-0.373591975,0,1
489,16300000000,0,0,1.559211867,-0.5587724318,1.143796483,0.6878080227,-0.0636542527,-0.6187636854,-0.3741654203,0,1
490,16333333333,0,0,1.561311042,-0.5607243952,1.146515178,0.6877719686,-0.06492212905,-0.6188440796,-0.3738807851,0,1
491,16366666667,0,0,1.563339416,-0.5614508786,1.15023407,0.6876072331,-0.06540598567,-0.6190962534,-0.3736819224,0,1
492,16400000000,0,0,1.564717931,-0.5640978391,1.153177324,0.68776247,-0.0653933268,-0.6190365693,-0.3734972871,0,1
493,16433333333,0,1,1.565026555,-0.5643158701,1.157309999,0.6879839271,-0.06418083908,-0.6190930158,-0.373206074,0,1
494,16466666667,0,0,1.566392013,-0.5663387531,1.16038323,0.6886457369,-0.06337488048,-0.6186521072,-0.3728541858,0,1
495,16500000000,0,0,1.568243377,-0.5687979119,1.163204317,0.6897479622,-0.06236268375,-0.6180867695,-0.3719239031,0,1
496,16533333333,0,0,1.570344627,-0.5705134637,1.166476523,0.6909503199,-0.06165847576,-0.6173853981,-0.3709732578,0,1
497,16566666667,0,0,1.570707172,-0.573262791,1.169358027,0.692502191,-0.06161413942,-0.6163370519,-0.3698284085,0,1
498,16600000000,0,0,1.571230122,-0.5751428075,1.171709379,0.6943164725,-0.06167490252,-0.6154713256,-0.3678530818,0,1
499,16633333333,0,0,1.572140466,-0.5771377994,1.174420932,0.6952947579,-0.06141526931,-0.6152263778,-0.3664558206,0,1
500,16666666667,0,0,1.571605797,-0.5790069075,1.17792103,0.6959843494,-0.06076289657,-0.6147026901,-0.3661342085,0,1
501,16700000000,0,0,1.571182843,-0.581098279,1.181638591,0.6975171454,-0.059797803,-0.6137271943,-0.3650109391,0,1
502,16733333333,0,0,1.5716702,-0.5821684023,1.183531607,0.6994964214,-0.0593603178,-0.6121903409,-0.3638737358,0,1
503,16766666667,0,0,1.570883702,-0.5834109033,1.186132958,0.7006063975,-0.05915305417,-0.6111338901,-0.3635477415,0,1
504,16800000000,0,0,1.5706125,-0.5844014005,1.18815839,0.7014759005,-0.05864121117,-0.6103352049,-0.3632956192,0,1
505,16833333333,0,0,1.570066127,-0.5848986617,1.190027219,0.7019786255,-0.05858778237,-0.6096555277,-0.3634743713,0,1
506,16866666667,0,0,1.569214967,-0.5862252354,1.192035406,0.7022669679,-0.05872049093,-0.6090460528,-0.3639174567,0,1
507,16900000000,0,0,1.567516742,-0.586967887,1.195149313,0.7023070442,-0.05927621068,-0.6084964767,-0.3646685952,0,1
508,16933333333,0,0,1.564716825,-0.5885248779,1.197905265,0.7022116545,-0.05969740809,-0.6078106405,-0.3659251796,0,1
509,16966666667,0,0,1.562101517,-0.5891456394,1.200108163,0.7022861104,-0.0592332752,-0.6069487814,-0.3672857402,0,1
510,17000000000,0,0,1.559603806,-0.5889927067,1.202435844,0.7025555638,-0.05781939175,-0.6059409347,-0.368657268,0,1
511,17033333333,0,0,1.556743719,-0.5893871856,1.203768977,0.7033107863,-0.05699002298,-0.604650934,-0.3694635613,0,1
512,17066666667,0,0,1.553948729,-0.5898495647,1.204832625,0.7044429685,-0.05731359739,-0.6036387878,-0.3689111947,0,1
513,17100000000,0,1,1.551190862,-0.5905668393,1.206070117,0.7050953435,-0.05912599905,-0.6033216372,-0.3678962828,0,1
514,17133333333,0,0,1.547766638,-0.5922608084,1.208091393,0.7048072536,-0.06070745559,-0.6032724084,-0.3682712876,0,1
515,17166666667,0,0,1.543222708,-0.5928952188,1.211510523,0.7044389921,-0.06152013546,-0.6029918818,-0.369299025,0,1
516,17200000000,0,0,1.537422666,-0.5940338078,1.214493328,0.704487694,-0.06104787294,-0.6023909417,-0.3702639593,0,1
517,17233333333,0,0,1.532552953,-0.5943924914,1.215841898,0.7047395015,-0.05966198755,-0.6016620491,-0.3711946403,0,1
518,17266666667,0,0,1.527289442,-0.5953894429,1.217712464,0.7052722893,-0.05913125341,-0.6010181249,-0.3713107947,0,1
519,17300000000,0,0,1.521440185,-0.5967884571,1.219243328,0.7060181454,-0.05984858269,-0.600491641,-0.3706296192,0,1
520,17333333333,0,0,1.51455262,-0.597394039,1.221098973,0.7068084891,-0.061446351,-0.6003643533,-0.3690646947,0,1
521,17366666667,0,0,1.508006245,-0.5981621183,1.222222984,0.7073127382,-0.06237351125,-0.6005165108,-0.3676930183,0,1
522,17400000000,0,0,1.500791117,-0.599293432,1.225353422,0.7067206462,-0.06260162693,-0.6012763,-0.3675510516,0,1
523,17433333333,0,0,1.492106671,-0.6016629629,1.227523536,0.7068985103,-0.06188444028,-0.6011773036,-0.3674923969,0,1
524,17466666667,0,0,1.485015529,-0.6038116429,1.22827731,0.7077144121,-0.06010536107,-0.600652001,-0.3670760551,0,1
525,17500000000,0,0,1.478940555,-0.6054833646,1.229179122,0.7082350266,-0.05835619788,-0.6001556303,-0.367166067,0,1
526,17533333333,0,0,1.470739301,-0.6071244787,1.230379425,0.7088425516,-0.05758596579,-0.5990564832,-0.3679095317,0,1
527,17566666667,0,1,1.463862201,-0.6093463994,1.231615774,0.7099245226,-0.05748097372,-0.598022511,-0.3675216814,0,1
528,17600000000,0,0,1.455071137,-0.6107454432,1.232398677,0.7107678046,-0.05704834247,-0.597190934,-0.3673113161,0,1
529,17633333333,0,0,1.445621417,-0.613389375,1.232860422,0.7108283786,-0.05556307856,-0.5971733627,-0.367450317,0,1
530,17666666667,0,0,1.437256436,-0.6146137863,1.232909017,0.7108617453,-0.05388354598,-0.5977928256,-0.3666277133,0,1
531,17700000000,0,0,1.429342837,-0.6166145766,1.234116702,0.7105376281,-0.05310058288,-0.5988369884,-0.3656649674,0,1
532,17733333333,0,0,1.421019032,-0.6181155457,1.235491551,0.7106421044,-0.05295330435,-0.5994486243,-0.3644792092,0,1
533,17766666667,0,0,1.413271608,-0.6194991542,1.237386325,0.7112733831,-0.05325310257,-0.5995707287,-0.3630003071,0,1
534,17800000000,0,0,1.404449276,-0.6205752823,1.238866088,0.7125715253,-0.0535980163,-0.598916826,-0.361479888,0,1
535,17833333333,0,0,1.397430046,-0.622007401,1.241239474,0.7132293669,-0.05416388181,-0.5987164431,-0.3604285848,0,1
536,17866666667,0,0,1.388412641,-0.6232193574,1.243200993,0.7137389745,-0.05378739459,-0.5984573835,-0.3599060331,0,1
537,17900000000,0,1,1.382910896,-0.6259176376,1.244646729,0.7140927219,-0.05348355861,-0.5983909867,-0.3593595979,0,1
538,17933333333,0,0,1.376520523,-0.6266195616,1.247698997,0.7146039187,-0.05358535411,-0.5979448001,-0.3590708361,0,1
539,17966666667,0,0,1.369547764,-0.6270944326,1.250341054,0.7160606336,-0.05456627995,-0.5967854878,-0.3579480014,0,1
540,18000000000,0,0,1.362776854,-0.6279018186,1.252958363,0.7170671767,-0.05600566906,-0.5959897542,-0.3570353512,0,1
541,18033333333,0,0,1.35433706,-0.6293622997,1.255742328,0.7172508674,-0.05661720857,-0.5956219362,-0.3571836977,0,1
542,18066666667,0,0,1.346492756,-0.6302419451,1.258333316,0.7169479342,-0.05571126058,-0.595978411,-0.3573396825,0,1
543,18100000000,0,0,1.338046196,-0.6333537004,1.261128172,0.7165828054,-0.05447396475,-0.5967139526,-0.3570351928,0,1
544,18133333333,0,1,1.328275347,-0.6381046831,1.26318642,0.7169594693,-0.05376360954,-0.5973484342,-0.3553216034,0,1
545,18166666667,0,0,1.322001127,-0.6403379128,1.264940409,0.7166602493,-0.05110932608,-0.5994462466,-0.3527748874,0,1
546,18200000000,0,0,1.314054547,-0.644522795,1.267028135,0.7152403483,-0.0489726089,-0.6020669479,-0.3514944068,0,1
547,18233333333,0,0,1.30529462,-0.648846388,1.26924971,0.713997539,-0.04667222104,-0.6049362283,-0.3494014564,0,1
548,18266666667,0,0,1.297074893,-0.6532902461,1.271934808,0.7123335696,-0.04394306875,-0.6085897561,-0.3467973487,0,1
549,18300000000,0,0,1.288990617,-0.6575119944,1.27487723,0.7097681294,-0.04021055155,-0.6127561547,-0.3451698261,0,1
550,18333333333,0,1,1.279966547,-0.6625761947,1.277103329,0.7073948522,-0.03654286926,-0.616624301,-0.3435572925,0,1
551,18366666667,0,0,1.272619287,-0.6661463031,1.279950846,0.7046523686,-0.03285829796,-0.6210784825,-0.3415360746,0,1
552,18400000000,0,0,1.264972328,-0.6685253242,1.283629131,0.7004308553,-0.02946471302,-0.6262389096,-0.3411059597,0,1
553,18433333333,0,0,1.255535261,-0.6722625814,1.288908177,0.6955774101,-0.02739481634,-0.6312428165,-0.3419855218,0,1
554,18466666667,0,0,1.246671399,-0.6754024091,1.293151747,0.6918682184,-0.0255104092,-0.6356598823,-0.3414734272,0,1
555,18500000000,0,0,1.238701729,-0.6778718639,1.29749025,0.6873698852,-0.02356983027,-0.640327436,-0.34197643,0,1
556,18533333333,0,1,1.229472438,-0.6850722923,1.301660206,0.6815818175,-0.02208544189,-0.6450695691,-0.3447371612,0,1
557,18566666667,0,0,1.219361882,-0.6899682265,1.306956277,0.6755775365,-0.01948443401,-0.6503106326,-0.346859381,0,1
558,18600000000,0,0,1.209430248,-0.6955061722,1.311959732,0.6698314218,-0.0162268781,-0.6549641368,-0.3494059734,0,1
559,18633333333,0,0,1.199223648,-0.7020595933,1.317742443,0.6650832873,-0.01338436914,-0.6588213718,-0.3513395505,0,1
560,18666666667,0,0,1.187796833,-0.7085785391,1.32270333,0.6613241326,-0.01128271308,-0.6619680542,-0.3525923811,0,1
561,18700000000,0,0,1.177326756,-0.7146597162,1.327197359,0.6576347608,-0.009141723356,-0.6654825395,-0.352939003,0,1
562,18733333333,0,1,1.168149118,-0.7226142018,1.329381849,0.6529639694,-0.005822454766,-0.6690212937,-0.3549854395,0,1
563,18766666667,0,0,1.158235483,-0.7292136598,1.333837448,0.6465580263,-0.001976432477,-0.6734327954,-0.3583951485,0,1
564,18800000000,0,0,1.147478813,-0.7367313705,1.337185057,0.6405965414,0.002440491856,-0.6772832038,-0.3618253405,0,1
565,18833333333,0,0,1.138988068,-0.741637506,1.341326952,0.6354001157,0.006806030012,-0.6808945536,-0.3641469179,0,1
566,18866666667,0,0,1.130030314,-0.7463885179,1.345157421,0.6302585118,0.009843287763,-0.6836964393,-0.3677451521,0,1
567,18900000000,0,0,1.120125454,-0.7513084477,1.3480631,0.6259193827,0.01155914172,-0.6857628113,-0.3712420765,0,1
568,18933333333,0,1,1.109986306,-0.7559797135,1.34868861,0.6218368817,0.0139834947,-0.6880916723,-0.373702027,0,1
569,18966666667,0,0,1.102636603,-0.7584949734,1.350584777,0.6162250447,0.01676153846,-0.6919382326,-0.3757755013,0,1
570,19000000000,0,0,1.093362636,-0.7628220389,1.352335241,0.6098758499,0.0192130506,-0.6957232483,-0.37901381,0,1
571,19033333333,0,0,1.084889971,-0.7670810225,1.354326284,0.6048751028,0.02144588844,-0.6992241868,-0.3804625086,0,1
572,19066666667,0,0,1.078810351,-0.7692199069,1.356654916,0.601696258,0.02050756536,-0.7023776954,-0.3797454751,0,1
573,19100000000,0,0,1.072083532,-0.7710040454,1.356966258,0.5986400196,0.01558485127,-0.7054316747,-0.3791482451,0,1
574,19133333333,0,1,1.065303492,-0.7723057059,1.354209169,0.5943975869,0.01037177533,-0.7092297965,-0.3789155984,0,1
575,19166666667,0,0,1.06060234,-0.7726712401,1.356002396,0.5884934862,0.003083518057,-0.7145946984,-0.378180282,0,1
576,19200000000,0,0,1.049545237,-0.7765353163,1.358480853,0.5825504738,-0.005629287122,-0.7189868743,-0.3790265573,0,1
577,19233333333,0,0,1.04008878,-0.7808408286,1.361073137,0.578202416,-0.01160698271,-0.7230085157,-0.377896719,0,1
578,19266666667,0,0,1.031685058,-0.7827499955,1.365187318,0.5755549403,-0.01632174926,-0.7258042673,-0.3764017492,0,1
579,19300000000,0,0,1.020555453,-0.78662404,1.368073075,0.5750714638,-0.02105413474,-0.7265951496,-0.3753785071,0,1
580,19333333333,0,0,1.01198589,-0.7889725053,1.370388467,0.5761449559,-0.02331658422,-0.7268431085,-0.3731118093,0,1
581,19366666667,0,0,1.002933171,-0.7913021137,1.372857054,0.5769422284,-0.02352283258,-0.7261407064,-0.3732345321,0,1
582,19400000000,0,0,0.9954507849,-0.7939994359,1.37249693,0.5779477572,-0.0222972939,-0.7249203645,-0.3741252273,0,1
583,19433333333,0,0,0.9901617951,-0.7942642867,1.372480883,0.5781730235,-0.02119842331,-0.7241148059,-0.3753988939,0,1
584,19466666667,0,0,0.9822319761,-0.7965311177,1.371152521,0.5772758001,-0.02239565251,-0.7236833407,-0.3775361013,0,1
585,19500000000,0,1,0.9750489708,-0.7992541707,1.371303959,0.5763378427,-0.02410814876,-0.723967351,-0.3783183355,0,1
586,19533333333,0,0,0.9662015355,-0.8021151799,1.371960133,0.5751490414,-0.02539770145,-0.7240015007,-0.3799741621,0,1
587,19566666667,0,0,0.9558805869,-0.8055202552,1.372559917,0.5745806515,-0.02585849352,-0.7236232613,-0.381520365,0,1
588,19600000000,0,0,0.9433352999,-0.8113483284,1.372194816,0.5746271577,-0.0239154875,-0.7231172711,-0.3825350852,0,1
589,19633333333,0,0,0.9337400982,-0.8160449187,1.372735186,0.5756057395,-0.01811610114,-0.7227846315,-0.3820107538,0,1
590,19666666667,0,0,0.9233198106,-0.8210848188,1.371612819,0.5784686472,-0.01370217109,-0.721759096,-0.3798026883,0,1
591,19700000000,0,1,0.9183562367,-0.8232746249,1.369552993,0.5822613993,-0.01046547957,-0.7210673357,-0.3753985003,0,1
592,19733333333,0,0,0.9118037492,-0.8249012262,1.367921066,0.584366182,-0.009695891355,-0.7211991693,-0.3718788958,0,1
593,19766666667,0,0,0.9034248386,-0.8278081094,1.36772712,0.584819946,-0.01004032746,-0.7221686369,-0.3692658697,0,1
594,19800000000,0,0,0.8947453666,-0.8309125668,1.368469847,0.5849019191,-0.009718522751,-0.7235603597,-0.3664091992,0,1
595,19833333333,0,0,0.8882336107,-0.8321085078,1.371174427,0.5852317444,-0.008489680263,-0.7247906064,-0.3634698166,0,1
596,19866666667,0,0,0.8806039954,-0.834038365,1.374720923,0.5864504136,-0.008433293363,-0.7246924137,-0.3616983516,0,1
597,19900000000,0,0,0.8741003332,-0.8353345433,1.376390836,0.5888215667,-0.007593934853,-0.7235406289,-0.3601672571,0,1
598,19933333333,0,0,0.8691362148,-0.8354063308,1.377777048,0.5901859752,-0.006355853331,-0.7224314001,-0.3601846609,0,1
599,19966666667,0,0,0.8627360162,-0.8362447632,1.377718834,0.589823505,-0.005361243719,-0.7217620888,-0.3621311603,0,1
600,20000000000,0,0,0.8559708898,-0.838059473,1.378350906,0.5880533467,-0.004837414321,-0.7224915548,-0.3635599182,0,1
601,20033333333,0,1,0.846674339,-0.8391042526,1.380695207,0.5862439025,-0.006281508479,-0.7239228898,-0.3636128148,0,1
602,20066666667,0,0,0.8380523506,-0.8417938154,1.382900557,0.5846885933,-0.007338851615,-0.7255005008,-0.362952357,0,1
603,20100000000,0,0,0.8288106311,-0.8447416432,1.385242766,0.5834927631,-0.006975880709,-0.727184099,-0.3615118513,0,1
604,20133333333,0,0,0.8213751204,-0.8467234364,1.387533114,0.5824113549,-0.00512402038,-0.7293312438,-0.3589522181,0,1
605,20166666667,0,0,0.8155432771,-0.8469442487,1.390564551,0.5810842921,-0.003681563303,-0.7316094226,-0.356476008,0,1
606,20200000000,0,0,0.8088417942,-0.8472971458,1.393146757,0.5790435936,-0.003916745693,-0.7339475944,-0.354984654,0,1
607,20233333333,0,0,0.8018734423,-0.8482699643,1.39516702,0.5757082584,-0.005278776877,-0.7368972075,-0.3542804557,0,1
608,20266666667,0,1,0.7947822338,-0.8487778841,1.397207225,0.5713223855,-0.006752002545,-0.7405694719,-0.3536976103,0,1
609,20300000000,0,0,0.7856290869,-0.8518395393,1.400143555,0.565279203,-0.007564716217,-0.7450369994,-0.3540085694,0,1
610,20333333333,0,0,0.7771046591,-0.8552413585,1.403375117,0.5588618907,-0.005978774406,-0.7497862304,-0.3542008613,0,1
611,20366666667,0,0,0.7680361989,-0.8588007862,1.407796908,0.5524931921,-0.003329625672,-0.7540804021,-0.3551097484,0,1
612,20400000000,0,0,0.7576966078,-0.864712269,1.411006835,0.5475803364,-0.0005789088842,-0.7575492964,-0.3553512397,0,1
613,20433333333,0,0,0.7495950858,-0.8704975864,1.412767408,0.5432509714,0.003297207697,-0.7609130826,-0.3547940124,0,1
614,20466666667,0,1,0.7431585293,-0.8742236584,1.41385317,0.5394743012,0.007230503916,-0.7642228461,-0.3533817195,0,1
615,20500000000,0,0,0.7356445875,-0.8787825031,1.416914345,0.5350820611,0.009270791268,-0.7676920804,-0.3524912907,0,1
616,20533333333,0,0,0.7282635171,-0.8830969706,1.420043448,0.5305062224,0.01108626284,-0.7708585278,-0.3524448508,0,1
617,20566666667,0,0,0.7197074733,-0.8884635806,1.42326524,0.5262434368,0.01182007028,-0.7733732111,-0.3533015816,0,1
618,20600000000,0,0,0.7116966802,-0.8928923529,1.425817374,0.5227002293,0.01390848836,-0.7754711603,-0.3538862865,0,1
619,20633333333,0,0,0.7054418366,-0.8954049819,1.429060063,0.5189978838,0.0169969607,-0.7774272324,-0.3549073093,0,1
620,20666666667,0,0,0.6973639335,-0.8983402316,1.430920022,0.5158160294,0.01940938845,-0.7786200882,-0.3568022669,0,1
621,20700000000,0,0,0.6915384639,-0.9010411481,1.432206406,0.5125226732,0.0232960112,-0.7802071795,-0.3578471214,0,1
622,20733333333,0,1,0.6896655439,-0.8999408785,1.433528761,0.5096939633,0.02677617467,-0.7813699873,-0.3591045018,0,1
623,20766666667,0,0,0.6814359226,-0.9022578902,1.434766993,0.5067936122,0.02573241247,-0.7826371074,-0.3605235577,0,1
624,20800000000,0,0,0.6749383257,-0.9043772997,1.435637006,0.5049068175,0.02379338691,-0.784487083,-0.3592812226,0,1
625,20833333333,0,0,0.6679881364,-0.905786442,1.437832177,0.5020624245,0.02289406139,-0.7866845364,-0.3585200468,0,1
626,20866666667,0,0,0.6592483305,-0.908859352,1.439742493,-0.4991629986,-0.02299941374,0.7885490621,0.3584657647,0,1
627,20900000000,0,0,0.6502334046,-0.9124250515,1.440829531,-0.4979755321,-0.02352249229,0.7901212247,0.3566167579,0,1
628,20933333333,0,1,0.6443793613,-0.915057941,1.439863049,-0.4980359146,-0.02612377924,0.7915407273,0.3531869944,0,1
629,20966666667,0,0,0.6393655621,-0.9151050382,1.442322446,-0.4973108257,-0.02900907986,0.7934213882,0.3497469323,0,1
630,21000000000,0,0,0.6326504838,-0.9162081877,1.444840417,-0.4971426206,-0.02998842427,0.7945041411,0.3474378779,0,1
631,21033333333,0,0,0.6256391288,-0.9167062425,1.447397022,-0.4985023474,-0.02962030255,0.7949095371,0.3445821747,0,1
632,21066666667,0,0,0.6197365501,-0.9176977778,1.449472166,0.5011031765,0.0293855081,-0.794517872,-0.3417213039,0,1
633,21100000000,0,0,0.6135369468,-0.9184802742,1.451664685,0.5036566911,0.03099910844,-0.7935214436,-0.3401363129,0,1
634,21133333333,0,0,0.6059391785,-0.9200644525,1.452420144,0.5057409316,0.03562222803,-0.7926668636,-0.3385799911,0,1
635,21166666667,0,0,0.6029131631,-0.9199103854,1.454212948,0.5085086404,0.04080013926,-0.7915401991,-0.3364794563,0,1
636,21200000000,0,0,0.5980785767,-0.9209690387,1.452845418,0.5110549666,0.04378502225,-0.7905429616,-0.3345855926,0,1
637,21233333333,0,1,0.5950739718,-0.921480899,1.450768972,0.5119580481,0.04826173636,-0.7908274243,-0.331906232,0,1
638,21266666667,0,0,0.5907529232,-0.9224807364,1.452993708,0.5109745389,0.05241446692,-0.7918527863,-0.3303436228,0,1
639,21300000000,0,0,0.5840950596,-0.925051709,1.453716283,0.5117063647,0.05444423776,-0.7922786947,-0.3278519349,0,1
640,21333333333,0,0,0.580112697,-0.9258924029,1.454905534,0.5141021442,0.05541371712,-0.7924850115,-0.3234127576,0,1
641,21366666667,0,0,0.5755121862,-0.9268555012,1.455964048,0.5161420408,0.05524591922,-0.7927924282,-0.3194142262,0,1
642,21400000000,0,0,0.5705802745,-0.9283147589,1.456156277,0.5176073266,0.05521980037,-0.7933427281,-0.3156592227,0,1
643,21433333333,0,0,0.5684527896,-0.928339502,1.457894694,0.5184132134,0.05397465479,-0.7943572641,-0.3119791881,0,1
644,21466666667,0,0,0.5643661491,-0.9272165502,1.459363391,0.5182679111,0.05085834535,-0.7955586433,-0.3096744193,0,1
645,21500000000,0,1,0.5635377683,-0.92568979,1.460938692,0.5168267145,0.04803021299,-0.7970117079,-0.3087969936,0,1
646,21533333333,0,0,0.5586412865,-0.9252642936,1.463770023,0.5134945351,0.04528668797,-0.7986115982,-0.3106316043,0,1
647,21566666667,0,0,0.5524285304,-0.9262780347,1.465650579,0.5104018253,0.04381720336,-0.7997919935,-0.3128942257,0,1
648,21600000000,0,0,0.5480598208,-0.9261203282,1.467387474,0.5075842182,0.04366302297,-0.8009828971,-0.3144490427,0,1
649,21633333333,0,0,0.5426594673,-0.9259673105,1.469334905,0.5041947267,0.04380860183,-0.8023661633,-0.3163495281,0,1
650,21666666667,0,0,0.5386162655,-0.9264827309,1.47195491,0.5005575243,0.04420483498,-0.8039343164,-0.3180844421,0,1
651,21700000000,0,0,0.5344792037,-0.9264069672,1.475456712,-0.4963071886,-0.04469083743,0.8054427,0.3208488128,0,1
652,21733333333,0,0,0.5298801154,-0.9275814982,1.478593351,-0.4915251061,-0.04540635858,0.8071053258,0.3239171588,0,1
653,21766666667,0,0,0.5259187901,-0.9283001357,1.482452372,-0.4868904813,-0.04523060353,0.8089649881,0.3262935791,0,1
654,21800000000,0,1,0.5233183393,-0.9295331952,1.486352239,-0.4822551716,-0.04321915647,0.8111385647,0.328049208,0,1
655,21833333333,0,0,0.5201466322,-0.929502221,1.490135816,-0.4766419244,-0.04022831493,0.8136847849,0.3303198895,0,1
656,21866666667,0,0,0.5156028504,-0.9298059819,1.493817421,-0.4690762486,-0.03840365465,0.8165171513,0.334353666,0,1
657,21900000000,0,0,0.5118431793,-0.9313415766,1.497520045,-0.4608132947,-0.03746123114,0.819732743,0.3380621152,0,1
658,21933333333,0,0,0.5084530535,-0.9321804917,1.501734181,-0.4531508732,-0.03632694702,0.8228617054,0.3409299823,0,1
659,21966666667,0,0,0.506374093,-0.9319350846,1.505600349,-0.4452948487,-0.0355775311,0.826039861,0.3436639128,0,1
660,22000000000,0,0,0.5038655128,-0.9317458108,1.511021445,-0.4366710684,-0.03461994985,0.8291562736,0.3473034857,0,1
661,22033333333,0,1,0.4986640892,-0.9306209157,1.515935689,-0.4289472551,-0.03361453248,0.8317577448,0.3507896372,0,1
662,22066666667,0,0,0.4959754149,-0.9312608409,1.521611078,-0.4231035363,-0.0324632394,0.8335052193,0.3538341207,0,1
663,22100000000,0,0,0.4940863914,-0.9315196787,1.526403345,-0.4194253241,-0.03063264928,0.8344998984,0.3560252208,0,1
664,22133333333,0,0,0.4932445453,-0.930821486,1.529834581,-0.4165342534,-0.02794959138,0.8353304482,0.3576885214,0,1
665,22166666667,0,0,0.493431341,-0.9305076372,1.533214288,-0.4127886393,-0.02444217379,0.8366098191,0.3592939325,0,1
666,22200000000,0,0,0.4927848634,-0.9303832523,1.537033142,-0.4086829004,-0.01988127326,0.8378976452,0.3612624504,0,1
667,22233333333,0,0,0.4919485238,-0.9324567796,1.539968351,-0.4049085051,-0.01691723664,0.8389640689,0.3631834257,0,1
668,22266666667,0,0,0.4922574598,-0.9340771165,1.544525868,-0.4016871509,-0.01654923466,0.8398505763,0.3647253284,0,1
669,22300000000,0,0,0.493366185,-0.9359395161,1.548531509,-0.4004213403,-0.01700939777,0.840109256,0.3654994784,0,1
670,22333333333,0,0,0.4965800911,-0.936283277,1.551639678,-0.4000004526,-0.01803628895,0.8402685814,0.3655448553,0,1
671,22366666667,0,0,0.5007976786,-0.9364931294,1.555413367,-0.3985846135,-0.01894060538,0.8405765014,0.3663368731,0,1
672,22400000000,0,0,0.5052770347,-0.935943977,1.558429797,-0.3965600734,-0.01916471501,0.8409181813,0.3677355493,0,1
673,22433333333,0,0,0.5098213859,-0.9356533584,1.561533667,-0.3940012227,-0.01788166125,0.8415442711,0.3691158659,0,1
674,22466666667,0,1,0.5109188829,-0.9323325671,1.565000542,-0.3913526315,-0.01561249922,0.8421152961,0.3707306243,0,1
675,22500000000,0,0,0.5138931475,-0.9327274912,1.568205851,-0.3891421832,-0.01290717307,0.8422269671,0.3729014643,0,1
676,22533333333,0,0,0.5168318711,-0.9341717325,1.570900875,-0.3879347602,-0.01104789706,0.8423023346,0.3740472469,0,1
677,22566666667,0,0,0.5203617061,-0.9353037122,1.574521144,-0.38719072,-0.01098884354,0.8422243126,0.3749943985,0,1
678,22600000000,0,0,0.5242495135,-0.9372712068,1.577859306,-0.3876495098,-0.01146199015,0.8418271481,0.3753978331,0,1
679,22633333333,0,0,0.5292684036,-0.9384251347,1.580222471,-0.3890837227,-0.01208669681,0.8411946469,0.375312316,0,1
680,22666666667,0,0,0.5347341447,-0.9401203077,1.583248253,-0.3907606059,-0.01176917502,0.8406608074,0.3747759894,0,1
681,22700000000,0,0,0.5419350968,-0.9409533772,1.586723232,-0.3926576128,-0.01023562435,0.8398449567,0.3746674257,0,1
682,22733333333,0,0,0.5469486531,-0.9420536803,1.589390064,-0.3943228843,-0.00783254771,0.83865721,0.3756357255,0,1
683,22766666667,0,0,0.5517996207,-0.9437674864,1.592146067,-0.396247784,-0.006142209459,0.8373772892,0.376496006,0,1
684,22800000000,0,0,0.5575301162,-0.9452969626,1.594978093,-0.3980072299,-0.005745449867,0.8361989659,0.3772645282,0,1
685,22833333333,0,0,0.5651560365,-0.945514855,1.599603835,-0.3994762281,-0.006413276663,0.8347929804,0.3788116854,0,1
686,22866666667,0,0,0.5720008247,-0.9448898866,1.603863748,-0.4011607938,-0.005875405415,0.8326055036,0.3818423399,0,1
687,22900000000,0,1,0.5791446979,-0.9436187877,1.607048327,-0.4026062472,-0.004594119584,0.8300914346,0.3857918014,0,1
688,22933333333,0,0,0.5856993269,-0.9435502585,1.609242063,-0.4019706264,-0.002892832159,0.827990134,0.3909521519,0,1
689,22966666667,0,0,0.5893698024,-0.9451973331,1.612716332,-0.3998119126,-0.001678095703,0.826484532,0.3963217592,0,1
690,23000000000,0,0,0.5913476237,-0.9484725364,1.617429973,-0.3997690739,-0.0006892097031,0.8249388894,0.3995748256,0,1
691,23033333333,0,0,0.5933396356,-0.9500602342,1.623097445,-0.4024757095,-0.001111095946,0.8228869444,0.4010849604,0,1
692,23066666667,0,0,0.5963359377,-0.9524461021,1.627280199,-0.4066006235,-0.002899495778,0.8202223794,0.4023714382,0,1
693,23100000000,0,0,0.6015688853,-0.9542077866,1.631878271,-0.4111124083,-0.004157646281,0.8179503572,0.4024009379,0,1
694,23133333333,0,0,0.6063370091,-0.9554069476,1.636044468,-0.4142423744,-0.004295279641,0.8159416651,0.4032666674,0,1
695,23166666667,0,0,0.6096471874,-0.9572302269,1.639753255,-0.4158023048,-0.00380551207,0.8146959832,0.4041836419,0,1
696,23200000000,0,0,0.6121886347,-0.9593099173,1.644686197,-0.4159587814,-0.003781718057,0.8140585414,0.4053056649,0,1
697,23233333333,0,0,0.613359281,-0.9612829013,1.649454567,-0.416535565,-0.00408849125,0.8133761255,0.4060796546,0,1
698,23266666667,0,0,0.6150263321,-0.962258839,1.654136625,-0.4179166745,-0.003498909307,0.8127176965,0.4059844291,0,1
699,23300000000,0,0,0.6175409884,-0.9638281403,1.658391619,-0.418824533,-0.002511469699,0.8123622694,0.4057674781,0,1
700,23333333333,0,0,0.6199732404,-0.9643606663,1.662700897,-0.4185808874,-0.001667969163,0.8125062071,0.4057350393,0,1
701,23366666667,0,0,0.6209283639,-0.9656187206,1.66803934,-0.417109374,0.0006334867508,0.8129778614,0.4063082152,0,1
702,23400000000,0,0,0.6206318917,-0.9679424089,1.673000681,-0.415981933,0.002583734019,0.8132410107,0.4069292498,0,1
703,23433333333,0,0,0.6212060321,-0.9694402042,1.678434157,-0.4148138194,0.003348866931,0.8138566142,0.4068853547,0,1
704,23466666667,0,0,0.6213171954,-0.9711898329,1.683657003,-0.4126252778,0.002981226094,0.814719385,0.4073865685,0,1
705,23500000000,0,1,0.619853515,-0.9727321017,1.691127041,-0.4086345994,0.00031204855,0.8164384105,0.4079779266,0,1
706,23533333333,0,0,0.6197496562,-0.9748724188,1.698344682,-0.4049244733,-0.001704649051,0.8178937131,0.4087580448,0,1
707,23566666667,0,0,0.6191928188,-0.9768650197,1.705492901,-0.4015883741,-0.002976225842,0.8191926685,0.4094402176,0,1
708,23600000000,0,0,0.6192111711,-0.9791229013,1.712144311,-0.3976773196,-0.003997895518,0.8209738579,0.4096812066,0,1
709,23633333333,0,0,0.6188665896,-0.9800852988,1.720611806,-0.3922137615,-0.005119381684,0.823293817,0.4102797195,0,1
710,23666666667,0,0,0.6162966224,-0.9815662456,1.729684853,-0.3870165915,-0.004596529286,0.8251115969,0.4115675916,0,1
711,23700000000,0,0,0.6142934193,-0.9834158882,1.738095939,-0.3830576709,-0.003134628928,0.8263776282,0.4127432743,0,1
712,23733333333,0,0,0.6125463149,-0.9850190978,1.747146054,-0.3784721027,-0.000833937653,0.8279334579,0.4138651487,0,1
713,23766666667,0,0,0.6104292397,-0.986810801,1.756564064,-0.373707023,0.002265102391,0.8292186139,0.4156133066,0,1
714,23800000000,0,1,0.6071531669,-0.9858727634,1.766812863,-0.3682815981,0.005473548327,0.8306880212,0.4174878636,0,1
715,23833333333,0,0,0.6036092276,-0.9865329194,1.777595892,-0.3630092826,0.008371311983,0.8314634344,0.4205029598,0,1
716,23866666667,0,0,0.5997720333,-0.9872854402,1.787349788,-0.3586879241,0.00865656455,0.8315013257,0.4241150579,0,1
717,23900000000,0,0,0.5971979986,-0.985975878,1.798513749,-0.3544207484,0.006518510663,0.8311313427,0.4284438508,0,1
718,23933333333,0,0,0.5942820737,-0.984694059,1.808666393,-0.3504855486,0.003986483723,0.8300785781,0.433720581,0,1
719,23966666667,0,0,0.5922938291,-0.9833793368,1.818572622,-0.3472690532,0.001907469422,0.82836141,0.4395656273,0,1
720,24000000000,0,1,0.5881570257,-0.9805620395,1.828071275,-0.3447514755,0.0008669454906,0.8265646238,0.4449006532,0,1
721,24033333333,0,0,0.5863880068,-0.9794633308,1.833877828,-0.3435097519,0.0009900613857,0.8245832706,0.449513626,0,1
722,24066666667,0,0,0.5860067659,-0.9775078578,1.839717671,-0.3421946226,0.00217152269,0.823377405,0.452711579,0,1
723,24100000000,0,0,0.5869703856,-0.9769670573,1.843568702,-0.3404257109,0.005476042206,0.8226077376,0.4554084522,0,1
724,24133333333,0,0,0.5883410498,-0.9771572218,1.847028481,-0.3371843058,0.01015371732,0.8231503929,0.456757131,0,1
725,24166666667,0,0,0.5903474655,-0.9779570045,1.851891067,-0.3328031606,0.01438682451,0.8246559241,0.4571407687,0,1
726,24200000000,0,0,0.5920625232,-0.9789333771,1.857590633,-0.328805128,0.01872557361,0.826017309,0.4574187862,0,1
727,24233333333,0,1,0.5941786922,-0.9801269225,1.863467852,-0.326355727,0.02197553113,0.8268861649,0.4574585073,0,1
728,24266666667,0,0,0.5971351095,-0.9812534653,1.869312728,-0.3254092159,0.02418415438,0.8269591473,0.4578892198,0,1
729,24300000000,0,0,0.6021137553,-0.9822642823,1.874253972,-0.3250936155,0.02560186281,0.8264523301,0.4589501409,0,1
730,24333333333,0,0,0.6068708638,-0.982930175,1.879079856,-0.3244161128,0.02700559026,0.8257474827,0.4606147834,0,1
731,24366666667,0,0,0.6122985799,-0.9836436737,1.884551602,-0.3238769273,0.02888805264,0.824943555,0.4623173666,0,1
732,24400000000,0,0,0.6173402837,-0.9847066717,1.889368331,-0.323896516,0.03126096744,0.8236721764,0.4644113959,0,1
733,24433333333,0,0,0.6233513885,-0.9855938159,1.894838061,-0.3239286636,0.03234307866,0.8224857955,0.4664131884,0,1
734,24466666667,0,1,0.6306915275,-0.9859895539,1.901637413,-0.3239169666,0.03255016593,0.8211510089,0.4687529264,0,1
735,24500000000,0,0,0.6371251933,-0.9864010899,1.906157561,-0.3249500354,0.03457030049,0.8196834434,0.4704587352,0,1
736,24533333333,0,0,0.6458165197,-0.9863831092,1.910570523,-0.3251604655,0.03754670181,0.8188956457,0.471456083,0,1
737,24566666667,0,0,0.6541627415,-0.9868237306,1.916528406,-0.3237258265,0.04250121878,0.8182312866,0.4731731155,0,1
738,24600000000,0,0,0.6618332898,-0.9871295144,1.921829246,-0.3231153629,0.04999773825,0.816965041,0.4750419036,0,1
739,24633333333,0,0,0.6688559386,-0.9884524778,1.925768185,-0.3222410897,0.05823262951,0.815446634,0.4773011922,0,1
740,24666666667,0,1,0.6769613234,-0.9899978989,1.932648194,-0.3209575458,0.06386578604,0.8142167652,0.4795398571,0,1
741,24700000000,0,0,0.6802177981,-0.9915071946,1.937782528,-0.3212535038,0.06729240923,0.8121632507,0.4823471491,0,1
742,24733333333,0,0,0.6847059102,-0.9934933094,1.941446492,-0.323682845,0.06587590453,0.810288353,0.4840687617,0,1
743,24766666667,0,0,0.6931206678,-0.9948931136,1.945856577,-0.3266198311,0.06052194245,0.8092063941,0.484604573,0,1
744,24800000000,0,0,0.7022485036,-0.9953594213,1.95150221,-0.3288567449,0.05584887322,0.8078292146,0.4859486646,0,1
745,24833333333,0,0,0.7106255404,-0.996361453,1.956021604,-0.3315491559,0.0544354004,0.8056860533,0.4878339143,0,1
746,24866666667,0,0,0.7192745962,-0.9964597221,1.961085693,-0.333836575,0.05492165106,0.8032818372,0.4901785833,0,1
747,24900000000,0,0,0.7264952157,-0.9977772346,1.96502288,-0.3351887432,0.05619603087,0.8001854435,0.4941596591,0,1
748,24933333333,0,1,0.733993785,-1.001072994,1.969015684,-0.3356802384,0.05689440417,0.7981062915,0.4970997403,0,1
749,24966666667,0,0,0.7400944145,-1.002980617,1.973718861,-0.3353800584,0.05578572044,0.7970181049,0.4991696208,0,1
750,25000000000,0,0,0.7460118288,-1.004581977,1.978356038,-0.3363163577,0.05483220313,0.7954260766,0.5011806996,0,1
751,25033333333,0,0,0.7518065915,-1.00625744,1.98203977,-0.3381600395,0.05424412704,0.793506628,0.5030433319,0,1
752,25066666667,0,0,0.7567011423,-1.007959713,1.986414835,-0.339693341,0.05399662342,0.7916431809,0.5049691802,0,1
753,25100000000,0,0,0.7619339741,-1.009909528,1.989892906,-0.3417466679,0.05519586357,0.7897277925,0.5064510296,0,1
754,25133333333,0,0,0.7667821454,-1.01138461,1.994174381,-0.3430132909,0.05655659756,0.7883059822,0.5076582629,0,1
755,25166666667,0,1,0.7708691564,-1.012779531,1.999894326,-0.3415020872,0.05580215685,0.7878138253,0.5095211678,0,1
756,25200000000,0,0,0.7734916047,-1.014518641,2.003720317,-0.3399375086,0.05473905791,0.7872866763,0.5114937097,0,1
757,25233333333,0,0,0.7767045811,-1.016642824,2.007710053,-0.3398824,0.05489132799,0.7867988568,0.5122640483,0,1
758,25266666667,0,0,0.7817551135,-1.018800592,2.012744346,-0.3401551766,0.05636684045,0.7867230377,0.5120391558,0,1
759,25300000000,0,0,0.7847629074,-1.020299493,2.018260247,-0.3392008675,0.05875819099,0.7863879651,0.5129173568,0,1
760,25333333333,0,0,0.7852059452,-1.022041279,2.023916918,-0.3380827953,0.06065125959,0.7861406544,0.5138135068,0,1
761,25366666667,0,0,0.7851425327,-1.023532767,2.031063405,-0.3381921346,0.06204939473,0.7858832881,0.5139682968,0,1
762,25400000000,0,0,0.7851560461,-1.025534399,2.038179209,-0.3397452902,0.06247675563,0.7851442569,0.5140216811,0,1
763,25433333333,0,1,0.7843648591,-1.026134814,2.046233583,-0.3416086968,0.06114130424,0.7841770761,0.5144235147,0,1
764,25466666667,0,0,0.7843479513,-1.028447998,2.05253368,-0.3443981967,0.06004144657,0.7831468652,0.5142624761,0,1
765,25500000000,0,0,0.785110842,-1.0315529,2.058675812,-0.3471471488,0.05992687576,0.7820930384,0.5140312305,0,1
766,25533333333,0,0,0.7855038474,-1.03483292,2.065255488,-0.3487482214,0.06012408668,0.7813441427,0.5140633258,0,1
767,25566666667,0,0,0.7845291175,-1.037564396,2.072128954,-0.3493514879,0.06093358581,0.7809099873,0.514218074,0,1
768,25600000000,0,0,0.7828993128,-1.039795006,2.080426552,-0.3492859091,0.0610149084,0.7807993673,0.5144209198,0,1
769,25633333333,0,0,0.7791485749,-1.042878559,2.088401546,-0.3491924521,0.06075323236,0.7806072874,0.5148067006,0,1
770,25666666667,0,1,0.7772511795,-1.047542112,2.095613986,-0.3505119425,0.06018447084,0.7802824197,0.5144691956,0,1
771,25700000000,0,0,0.7765838302,-1.051878396,2.102245151,-0.3516028969,0.05924524793,0.7800448508,0.5141939656,0,1
772,25733333333,0,0,0.7768973151,-1.056642158,2.108657773,-0.3522055426,0.05936324713,0.7799281683,0.5139448539,0,1
773,25766666667,0,0,0.7766919132,-1.060638863,2.115798121,-0.3517710931,0.06035216483,0.7802114889,0.5136971353,0,1
774,25800000000,0,0,0.774608286,-1.064289007,2.122865814,-0.3510693939,0.06181784183,0.7805813232,0.5134409731,0,1
775,25833333333,0,0,0.7722637554,-1.067828187,2.130287905,-0.3504134829,0.06186929606,0.781079727,0.5131247814,0,1
776,25866666667,0,0,0.7695938593,-1.070964606,2.138155662,-0.3503373127,0.06039082912,0.7816431983,0.5124945128,0,1
777,25900000000,0,0,0.7689966021,-1.074741878,2.145743463,-0.3517194055,0.05906942024,0.7816867509,0.5116347201,0,1
778,25933333333,0,0,0.7681272486,-1.078257215,2.152540457,-0.3536575726,0.05837174639,0.7812004892,0.5111211757,0,1
779,25966666667,0,0,0.7670823378,-1.082403538,2.158509648,-0.3549918671,0.05773689067,0.7807873808,0.5108994928,0,1
780,26000000000,0,0,0.7666036021,-1.085776572,2.164248731,-0.3555825628,0.05733953474,0.7807564368,0.5105806549,0,1
781,26033333333,0,0,0.7657970713,-1.089436403,2.170100299,-0.3557211832,0.05794844457,0.7809155989,0.5101717798,0,1
782,26066666667,0,0,0.7651324948,-1.092618419,2.176552578,-0.3556031844,0.05889551203,0.7813956465,0.5094099897,0,1
783,26100000000,0,1,0.7614731893,-1.095787099,2.184382183,-0.3550822384,0.05975352153,0.7820901916,0.5086069728,0,1
784,26133333333,0,0,0.7595637028,-1.098091822,2.191427446,-0.3560264783,0.05917777968,0.7823807453,0.5075662583,0,1
785,26166666667,0,0,0.7585887573,-1.100705272,2.198159946,-0.3576604313,0.05832736764,0.7820410649,0.5070391571,0,1
786,26200000000,0,0,0.7573849359,-1.10324526,2.203913518,-0.3592642118,0.05777108322,0.7809392864,0.5076667796,0,1
787,26233333333,0,0,0.754217901,-1.106115396,2.207266946,-0.3603774208,0.05704032949,0.7800507486,0.5083260224,0,1
788,26266666667,0,0,0.7543709091,-1.109115782,2.210257045,-0.3616266103,0.05607972234,0.7798579796,0.507841305,0,1
789,26300000000,0,0,0.7538726691,-1.11156701,2.214291316,-0.361386437,0.0554836522,0.7802505275,0.5074746514,0,1
790,26333333333,0,0,0.7530606093,-1.114155042,2.216753639,-0.3609535719,0.05495501726,0.7807980262,0.5069979362,0,1
791,26366666667,0,0,0.7526862384,-1.115908398,2.219672055,-0.3610312285,0.05517108106,0.7815604259,0.5057429233,0,1
792,26400000000,0,0,0.7525131738,-1.118409498,2.222551651,-0.3611587876,0.05604411251,0.7826125056,0.503925643,0,1
793,26433333333,0,0,0.7530793161,-1.120017544,2.225723813,-0.3608596171,0.05702390184,0.7835070652,0.5026383293,0,1
794,26466666667,0,0,0.7529965753,-1.121256341,2.229365415,-0.3603283398,0.05827225475,0.784345761,0.5015671032,0,1
795,26500000000,0,0,0.7533110946,-1.121507354,2.23322626,-0.3598095708,0.05902012928,0.784875895,0.501022481,0,1
796,26533333333,0,0,0.7518935303,-1.122499065,2.237002309,-0.359049801,0.05928266509,0.7849528729,0.5014157888,0,1
797,26566666667,0,0,0.7520712437,-1.122351872,2.240970965,-0.3592301997,0.0588800077,0.7847336909,0.5016770303,0,1
798,26600000000,0,0,0.7519571588,-1.123296286,2.244048421,-0.3597184794,0.05953392532,0.7836507942,0.50294111,0,1
799,26633333333,0,0,0.7505784881,-1.122749297,2.247422831,-0.3599964386,0.06062111984,0.7826436228,0.5041791386,0,1
800,26666666667,0,1,0.7484679087,-1.123238921,2.249342893,-0.3600586177,0.06234115622,0.7814587057,0.5057604802,0,1
801,26700000000,0,0,0.746965263,-1.123128096,2.251922548,-0.359782231,0.06289471347,0.7807821258,0.5069322177,0,1
802,26733333333,0,0,0.7445290579,-1.123892957,2.254028961,-0.359125281,0.06298947386,0.7802829645,0.5081533765,0,1
803,26766666667,0,0,0.7425187459,-1.124836719,2.255765863,-0.358951278,0.06309339996,0.7801359277,0.5084890729,0,1
804,26800000000,0,0,0.7420266563,-1.125505257,2.257034935,-0.3588218805,0.06293716551,0.7800124467,0.5087891059,0,1
805,26833333333,0,0,0.7401160861,-1.126495434,2.257799802,-0.3581449185,0.0623263292,0.780156732,0.5091199461,0,1
806,26866666667,0,0,0.7389444441,-1.127894376,2.258802333,-0.3579174648,0.06208354449,0.7805067795,0.5087729248,0,1
807,26900000000,0,0,0.7376841132,-1.129182562,2.259925598,-0.357915238,0.06199783442,0.7809404925,0.5081189802,0,1
808,26933333333,0,0,0.737329208,-1.130482885,2.260694341,-0.3578362576,0.06115209913,0.7814756044,0.5074539518,0,1
809,26966666667,0,0,0.7363828978,-1.132094507,2.261925087,-0.3574487992,0.05993669732,0.7821105674,0.5068934884,0,1
810,27000000000,0,0,0.7350205979,-1.133635068,2.262904828,-0.3575844845,0.05943695254,0.782430709,0.5063622919,0,1
811,27033333333,0,0,0.7346700133,-1.134920016,2.264304954,-0.3581638076,0.05912262739,0.7826544492,0.5056433673,0,1
812,27066666667,0,0,0.7332291005,-1.136261763,2.265001628,-0.358041641,0.05851297929,0.7829469197,0.5053479352,0,1
813,27100000000,0,0,0.7318292071,-1.138234154,2.266520486,-0.3574786541,0.05718905838,0.7833506871,0.505272327,0,1
814,27133333333,0,0,0.7308664186,-1.139784575,2.267732006,-0.3578116028,0.05667589682,0.7834690165,0.504910883,0,1
815,27166666667,0,0,0.7297634206,-1.141504178,2.26887901,-0.3578426693,0.05611591217,0.7836134449,0.5047272506,0,1
816,27200000000,0,0,0.7293151669,-1.142380959,2.270666625,-0.3578696295,0.05471052011,0.7836403497,0.5048206509,0,1
817,27233333333,0,0,0.7263716236,-1.142954937,2.272131276,-0.3576189812,0.05321016902,0.7833964817,0.5055366403,0,1
818,27266666667,0,0,0.7221416502,-1.144338335,2.272881927,-0.3577371842,0.05156198694,0.7833506511,0.5056947952,0,1
819,27300000000,0,0,0.7226749594,-1.14666529,2.273265141,-0.3589927186,0.05046085484,0.7832659527,0.5050469062,0,1
820,27333333333,0,1,0.7215685021,-1.14649327,2.273569859,-0.3603432467,0.05188786523,0.7826790991,0.5048502964,0,1
821,27366666667,0,0,0.7190154922,-1.147115874,2.273384608,-0.3612491553,0.05376111606,0.7821557454,0.5048179673,0,1
822,27400000000,0,0,0.7155932731,-1.147371274,2.27335184,-0.3616265623,0.05483386079,0.7818474621,0.5049099159,0,1
823,27433333333,0,0,0.7135127576,-1.147885535,2.27321941,-0.3621547829,0.05475452193,0.7817843514,0.5046375763,0,1
824,27466666667,0,0,0.7114684318,-1.148397736,2.272867746,-0.3626455265,0.05471081496,0.7814996783,0.5047308209,0,1
825,27500000000,0,0,0.7085162331,-1.148745705,2.272022958,-0.3628169376,0.05430080627,0.7814346742,0.5047525554,0,1
826,27533333333,0,0,0.7062974713,-1.148699756,2.272114293,-0.363134136,0.05422075519,0.7813510144,0.5046625618,0,1
827,27566666667,0,0,0.7037767529,-1.148494689,2.27166112,-0.3644804312,0.05522184126,0.7807835881,0.5044616457,0,1
828,27600000000,0,0,0.7003978624,-1.14821844,2.271722823,-0.3655141252,0.0558522907,0.7802167447,0.5045213347,0,1
829,27633333333,0,0,0.6968087088,-1.147677408,2.270205388,-0.3664382855,0.05536048011,0.779498199,0.5050156016,0,1
830,27666666667,0,0,0.6944757898,-1.147346929,2.269155304,-0.3673108101,0.05458198601,0.7789034519,0.5053840007,0,1
831,27700000000,0,0,0.6910689549,-1.146286063,2.267327305,-0.3681079387,0.05410193643,0.7782699421,0.5058314177,0,1
832,27733333333,0,0,0.6878625749,-1.145298565,2.265384596,-0.3686025067,0.05374246731,0.7778775927,0.506113021,0,1
833,27766666667,0,0,0.6843429181,-1.144603254,2.263430199,-0.3689837358,0.05353481147,0.7775767005,0.5063195645,0,1
834,27800000000,0,0,0.6813269522,-1.143826803,2.261649282,-0.3697199742,0.05335643089,0.7772829122,0.5062524137,0,1
835,27833333333,0,0,0.678798102,-1.143134122,2.259682467,-0.3707966278,0.05380065664,0.7766953685,0.506319716,0,1
836,27866666667,0,0,0.6748316067,-1.142195534,2.257908708,-0.3720871856,0.05404400218,0.7758318754,0.506670774,0,1
837,27900000000,0,0,0.6698791641,-1.141386854,2.255529918,-0.3740919953,0.05412558009,0.7748130375,0.5067448644,0,1
838,27933333333,0,0,0.6655157493,-1.140810854,2.252066237,-0.3759288947,0.05395901635,0.7740844703,0.5065166568,0,1
839,27966666667,0,1,0.6637368624,-1.141847785,2.247823947,-0.3769272476,0.05258645592,0.77387299,0.5062421456,0,1
840,28000000000,0,0,0.6605894623,-1.141912542,2.244159176,-0.3762810475,0.04981168784,0.7744001739,0.5061973328,0,1
841,28033333333,0,0,0.6572726959,-1.142098499,2.24074421,-0.3762356522,0.04808440257,0.7748327495,0.5057359336,0,1
842,28066666667,0,0,0.6531848466,-1.141772266,2.237169928,-0.3774341805,0.04800340432,0.7751046538,0.5044322434,0,1
843,28100000000,0,0,0.6487631217,-1.14143472,2.233588655,-0.3790456224,0.04852710505,0.7752438059,0.5029578289,0,1
844,28133333333,0,0,0.6441348997,-1.141206019,2.229415885,-0.3804337128,0.04806049516,0.7752669844,0.5019178039,0,1
845,28166666667,0,0,0.6408153604,-1.14101236,2.224319984,-0.3821466544,0.04733095944,0.7753059248,0.5006240483,0,1
846,28200000000,0,0,0.6376509381,-1.140306381,2.219239763,-0.3825867891,0.04706801952,0.7758158917,0.4995214234,0,1
847,28233333333,0,0,0.6351002216,-1.140270053,2.214087813,-0.3816186611,0.04721054974,0.7764877678,0.4992044751,0,1
848,28266666667,0,0,0.6318879852,-1.138653905,2.20960045,-0.3796174874,0.04733268518,0.7776189707,0.4989578304,0,1
849,28300000000,0,0,0.62759013,-1.137246782,2.205654074,-0.3774999643,0.04697813407,0.7789049887,0.4985918676,0,1
850,28333333333,0,0,0.6247709152,-1.136266695,2.201652374,-0.3766776695,0.04654493606,0.7797017061,0.4980087868,0,1
851,28366666667,0,0,0.6220687026,-1.135442014,2.197916573,-0.3764493889,0.04716108525,0.7801544355,0.4974140594,0,1
852,28400000000,0,0,0.6189793759,-1.134181265,2.193092682,-0.3761671315,0.04729895831,0.7805915777,0.4969284522,0,1
853,28433333333,0,0,0.6157955306,-1.133144809,2.189318813,-0.3750378979,0.0472359005,0.7817136187,0.4960233494,0,1
854,28466666667,0,0,0.6126074505,-1.132743365,2.1859894,-0.3734979732,0.04663354191,0.7830991193,0.495055902,0,1
855,28500000000,0,1,0.6126434152,-1.133601659,2.18291656,-0.373226483,0.04551392669,0.7841394393,0.4937163302,0,1
856,28533333333,0,0,0.609630358,-1.133500193,2.179508094,-0.3724381273,0.04489502848,0.7853113327,0.4925042015,0,1
857,28566666667,0,0,0.6086441453,-1.134116482,2.176307607,-0.3716470074,0.04385167034,0.7864946241,0.4913061563,0,1
858,28600000000,0,0,0.6073380168,-1.13475178,2.173106495,-0.37046285,0.04407910417,0.7873924502,0.4907417231,0,1
859,28633333333,0,0,0.605163978,-1.13555756,2.170728023,-0.3686476655,0.04463489605,0.7883904862,0.4904559777,0,1
860,28666666667,0,0,0.6024038585,-1.136380697,2.167827508,-0.3664269112,0.04463708816,0.7894656951,0.4903904213,0,1
861,28700000000,0,0,0.599502708,-1.137874678,2.165599062,-0.3636784928,0.0435623165,0.7906818783,0.4905735885,0,1
862,28733333333,0,0,0.5976163694,-1.139193016,2.162326056,-0.3613278494,0.04147361033,0.7920122407,0.4903455266,0,1
863,28766666667,0,0,0.5957333548,-1.140149213,2.160614979,-0.3586279406,0.04001170008,0.7934405557,0.4901399276,0,1
864,28800000000,0,0,0.5933389493,-1.141601932,2.158309975,-0.3564046924,0.03989041141,0.7946114946,0.4898744972,0,1
865,28833333333,0,1,0.5937994882,-1.142011727,2.154882671,-0.3540651345,0.04238362055,0.7959564533,0.4891777117,0,1
866,28866666667,0,0,0.5938749697,-1.143336439,2.152223663,-0.3484830806,0.04675592592,0.7973206645,0.4905641486,0,1
867,28900000000,0,0,0.588981234,-1.143771972,2.152421967,-0.3409001399,0.05086264428,0.7986774162,0.4932691667,0,1
868,28933333333,0,0,0.5811517866,-1.143717953,2.151871075,-0.334928581,0.0533467755,0.7998853479,0.4951367461,0,1
869,28966666667,0,0,0.5775218456,-1.145378195,2.150011054,-0.3311464327,0.05392003318,0.8009176955,0.4959491054,0,1
870,29000000000,0,0,0.574165706,-1.14684028,2.149539538,-0.3266320033,0.05346097404,0.8018136322,0.4975423177,0,1
871,29033333333,0,0,0.5677612329,-1.148723542,2.146159465,-0.3228078549,0.05294420519,0.8022705922,0.4993534788,0,1
872,29066666667,0,0,0.5662045967,-1.151015532,2.144228183,-0.319607875,0.05094744713,0.8036285344,0.4994360245,0,1
873,29100000000,0,0,0.5615733067,-1.152417313,2.143251717,-0.3152203,0.04870647591,0.8047958971,0.5005670842,0,1
874,29133333333,0,0,0.5572590289,-1.155115582,2.139760442,-0.3117410435,0.04530185461,0.8059282801,0.5012433252,0,1
875,29166666667,0,1,0.5568694318,-1.161805066,2.135414973,-0.3087436139,0.0399676443,0.8072745429,0.50138586,0,1
876,29200000000,0,0,0.5542726104,-1.164839483,2.134272444,-0.3055966228,0.03487510807,0.8092325689,0.5005367923,0,1
877,29233333333,0,0,0.5531746652,-1.16826503,2.132351732,-0.3036617547,0.03126127813,0.8104676991,0.499954378,0,1
878,29266666667,0,0,0.5508391823,-1.171118149,2.13044802,-0.3011298618,0.02873275495,0.8118138904,0.4994531434,0,1
879,29300000000,0,0,0.5481050779,-1.173985835,2.128019419,-0.2987822881,0.02670461757,0.813268567,0.4986083089,0,1
880,29333333333,0,0,0.5461424061,-1.176394757,2.126735722,-0.2967447828,0.02539957304,0.8148911205,0.4972422521,0,1
881,29366666667,0,0,0.5427270623,-1.178669853,2.12554691,-0.294730809,0.02446691285,0.8166284679,0.4956340039,0,1
882,29400000000,0,0,0.5404217157,-1.181157413,2.123772375,-0.2931613792,0.02250475975,0.8182054818,0.4940543807,0,1
883,29433333333,0,0,0.5373232852,-1.183779878,2.123282497,-0.2916413958,0.0207549842,0.8195727477,0.492762659,0,1
884,29466666667,0,0,0.5336948026,-1.186373413,2.121347334,-0.2915245119,0.0187972258,0.8207107485,0.4910132286,0,1
885,29500000000,0,0,0.5302357034,-1.188555583,2.120722163,-0.2926083873,0.01724613801,0.8218054605,0.4885884643,0,1
886,29533333333,0,1,0.5321418801,-1.192327684,2.116628755,-0.2947640851,0.01454126196,0.8219320751,0.4871656286,0,1
887,29566666667,0,0,0.5319610106,-1.195065172,2.113861722,-0.2954643217,0.01411541489,0.8229088354,0.4851006476,0,1
888,29600000000,0,0,0.5314103916,-1.197734909,2.113255355,-0.2941685034,0.0143720199,0.8241164691,0.4838288767,0,1
889,29633333333,0,0,0.5291957137,-1.199898082,2.112711902,-0.2925795337,0.01494820665,0.8250664546,0.4831553715,0,1
890,29666666667,0,0,0.5276567931,-1.201421625,2.112381748,-0.2915404834,0.01565458079,0.8256513859,0.482761711,0,1
891,29700000000,0,0,0.5258717892,-1.204047678,2.111184484,-0.290376155,0.01640235604,0.8257796507,0.4832190185,0,1
892,29733333333,0,0,0.5251227179,-1.205632402,2.11198863,-0.2896001758,0.01614204056,0.825851963,0.4835697549,0,1
893,29766666667,0,0,0.5246807097,-1.206585575,2.113181164,-0.2896830429,0.01597130597,0.8247378137,0.4854237229,0,1
894,29800000000,0,0,0.5229005956,-1.207747362,2.109549932,-0.2897497399,0.01688334001,0.8227451714,0.488723259,0,1
895,29833333333,0,0,0.5208885341,-1.210161415,2.104740256,-0.2885742752,0.01788587915,0.8223794291,0.4899969976,0,1
896,29866666667,0,0,0.5207482694,-1.211623813,2.10492555,-0.2860225274,0.01756738467,0.8232779452,0.4899958426,0,1
897,29900000000,0,0,0.517521249,-1.212959334,2.103819529,-0.2841884099,0.01784842927,0.8233401245,0.4909474723,0,1
898,29933333333,0,0,0.5148717862,-1.215821294,2.099801954,-0.2840119557,0.01805605865,0.8236716015,0.4904857598,0,1
899,29966666667,0,0,0.5137619017,-1.218369439,2.099005057,-0.2843695658,0.01823865766,0.8247151574,0.4885142891,0,1
900,30000000000,0,0,0.5107543882,-1.22081645,2.097306867,-0.284940912,0.0182207219,0.8254753894,0.4868953311,0,1
901,30033333333,0,0,0.5101399056,-1.223284116,2.095497897,-0.2866076392,0.01799098816,0.8261344586,0.4848033021,0,1
902,30066666667,0,0,0.5095496363,-1.226187,2.094046426,-0.2877384875,0.01817469803,0.8268800782,0.4828515087,0,1
903,30100000000,0,1,0.50693056,-1.229101181,2.093365227,-0.287665195,0.0169850936,0.8278205088,0.4813246798,0,1
904,30133333333,0,0,0.5051074301,-1.232206882,2.091339696,-0.2885671199,0.01556530226,0.8283779213,0.479871606,0,1
905,30166666667,0,0,0.5041973798,-1.233967228,2.090038022,-0.2900854992,0.01393670587,0.8291295577,0.4777032006,0,1
906,30200000000,0,0,0.5037903551,-1.236539296,2.088971876,-0.2913357133,0.01265922191,0.8296032109,0.4761530832,0,1
907,30233333333,0,0,0.5029908114,-1.238799382,2.087309994,-0.2922557282,0.01164325996,0.8300358429,0.4748594774,0,1
908,30266666667,0,0,0.5019064386,-1.240723029,2.085549525,-0.2930566216,0.01103062872,0.8305670413,0.4734496085,0,1
909,30300000000,0,0,0.5020660336,-1.242684475,2.0847335,-0.2933821106,0.01049993376,0.8313631339,0.4718601787,0,1
910,30333333333,0,0,0.5017910703,-1.244200472,2.08421524,-0.2933768992,0.01105943587,0.8320580801,0.4706240912,0,1
911,30366666667,0,0,0.5018706686,-1.245334958,2.082781972,-0.2933111862,0.01255091837,0.8327997544,0.4693139585,0,1
912,30400000000,0,0,0.5016306325,-1.246156977,2.081508588,-0.2922549501,0.01511404325,0.8338205944,0.4680831402,0,1
913,30433333333,0,0,0.5020692667,-1.248299128,2.082260218,-0.2896112115,0.01775556534,0.8350886984,0.467372391,0,1
914,30466666667,0,0,0.4986279165,-1.249859012,2.08177122,-0.2866865603,0.02036672179,0.8360985662,0.4672635235,0,1
915,30500000000,0,0,0.4952173437,-1.252668945,2.082576672,-0.2850217315,0.02164980964,0.837448944,0.4658037832,0,1
916,30533333333,0,0,0.4936038859,-1.254160505,2.084801323,-0.2847375005,0.02106747794,0.8383690413,0.4643469262,0,1
917,30566666667,0,0,0.4908544798,-1.256194876,2.085709664,-0.2854115432,0.02013254075,0.8387051407,0.4633666138,0,1
918,30600000000,0,0,0.4888665046,-1.25845934,2.086435654,-0.2872475872,0.01981841861,0.839180473,0.4613807405,0,1
919,30633333333,0,0,0.4897896849,-1.259939314,2.088786283,-0.2886816918,0.01928086394,0.8397726565,0.4594268326,0,1
920,30666666667,0,0,0.4886325777,-1.262085138,2.090653248,-0.2887859817,0.01939651843,0.840030372,0.4588849594,0,1
921,30700000000,0,0,0.4856204631,-1.264022403,2.093226646,-0.288994168,0.0196568191,0.8404922375,0.4578960352,0,1
922,30733333333,0,0,0.4845978449,-1.265353579,2.097255557,-0.2893972134,0.01892986922,0.8408154427,0.4570780067,0,1
923,30766666667,0,1,0.4824340004,-1.268090387,2.101435316,-0.2898413447,0.01726940866,0.8407640018,0.4569569517,0,1
924,30800000000,0,0,0.481109982,-1.271317625,2.103501704,-0.2911138811,0.01493504848,0.8403986529,0.4569023492,0,1
925,30833333333,0,0,0.4800425469,-1.273284236,2.107407097,-0.2924724258,0.01291101873,0.8403780599,0.4561336451,0,1
926,30866666667,0,0,0.4783776402,-1.275343034,2.11103599,-0.2941239531,0.01217490985,0.8400819395,0.4556371438,0,1
927,30900000000,0,0,0.4771855695,-1.277726038,2.11400472,-0.2954646906,0.01128000437,0.8400524569,0.4548464002,0,1
928,30933333333,0,0,0.4770844698,-1.279328614,2.11936076,-0.2961117252,0.01040177227,0.840414941,0.4537756893,0,1
929,30966666667,0,0,0.4749720671,-1.28106414,2.124196596,-0.2966516987,0.0109119717,0.84034375,0.4535428098,0,1
930,31000000000,0,0,0.4729508025,-1.283144846,2.128879434,-0.2975816663,0.01130426942,0.8402698135,0.4530607089,0,1
931,31033333333,0,0,0.471533936,-1.28495993,2.13420695,-0.2984630401,0.01113918599,0.8401644619,0.4526802505,0,1
932,31066666667,0,0,0.4690799146,-1.287152251,2.1401134,-0.2992073217,0.00993847802,0.8397953767,0.4529016787,0,1
933,31100000000,0,0,0.4673520086,-1.288920133,2.145722857,-0.3006053021,0.007459790841,0.8391111444,0.4532916183,0,1
934,31133333333,0,0,0.4663252315,-1.290399127,2.152019074,-0.3030492079,0.00515622448,0.8381649109,0.4534469904,0,1
935,31166666667,0,0,0.465850731,-1.291709102,2.156594643,-0.3060449826,0.003663464351,0.8367506412,0.4540610225,0,1
936,31200000000,0,0,0.4669530995,-1.292077058,2.162423519,-0.3081682502,0.003850720011,0.8358065107,0.4543621664,0,1
937,31233333333,0,1,0.4667490686,-1.292915804,2.170387556,-0.3087359301,0.005445245392,0.8349059477,0.4556144569,0,1
938,31266666667,0,0,0.4659404866,-1.293548903,2.176370465,-0.3086877624,0.006259585459,0.8337606565,0.4577290145,0,1
939,31300000000,0,0,0.4650667984,-1.293020368,2.183246423,-0.3085233395,0.007048007247,0.8323081618,0.4604636776,0,1
940,31333333333,0,0,0.4636291737,-1.293960479,2.188488207,-0.3085551881,0.007135692074,0.8306013181,0.4635129213,0,1
941,31366666667,0,0,0.4627186233,-1.294192683,2.194685579,-0.3088342621,0.006900693538,0.8291352548,0.4659490403,0,1
942,31400000000,0,0,0.4605372845,-1.293912064,2.199761417,-0.3099014699,0.006316875427,0.8275940487,0.4679842589,0,1
943,31433333333,0,0,0.459012362,-1.294099381,2.205175115,-0.3123037235,0.005489275151,0.8262818686,0.4687158262,0,1
944,31466666667,0,0,0.4575949236,-1.294085265,2.210641202,-0.3158865061,0.004208572336,0.8249121338,0.4687408396,0,1
945,31500000000,0,0,0.4583129314,-1.294758887,2.21582551,-0.3206730611,0.002672851578,0.8236269813,0.4677608785,0,1
946,31533333333,0,0,0.4603240037,-1.294775792,2.221122275,-0.3254552798,0.002107941804,0.8224313439,0.4665630739,0,1
947,31566666667,0,0,0.4638639303,-1.293878345,2.226341971,-0.3293090084,0.002290971524,0.8213923295,0.4656876308,0,1
948,31600000000,0,0,0.4685787311,-1.293502547,2.2306316,-0.331212695,0.004516574559,0.8205012168,0.4658921597,0,1
949,31633333333,0,1,0.4723702179,-1.291305136,2.237511366,-0.3309426197,0.007904730102,0.8201340678,0.4666846992,0,1
950,31666666667,0,0,0.4739715548,-1.292112427,2.242214033,-0.3303003276,0.01117294464,0.8187326204,0.4695250315,0,1
951,31700000000,0,0,0.4755643907,-1.293051136,2.246703354,-0.3309431913,0.01345360487,0.8172936742,0.4715152752,0,1
952,31733333333,0,0,0.4774080284,-1.292986236,2.251105422,-0.3327308199,0.01506882848,0.8155961047,0.4731449313,0,1
953,31766666667,0,0,0.4798676202,-1.293320294,2.255555382,-0.3354797052,0.01611282457,0.813779123,0.4742966194,0,1
954,31800000000,0,0,0.4824214596,-1.293645495,2.259900987,-0.338778619,0.0173514938,0.8117139853,0.4754454532,0,1
955,31833333333,0,0,0.4850663738,-1.294303923,2.263350297,-0.3425898951,0.01763685147,0.8096490059,0.4762243091,0,1
956,31866666667,0,0,0.4896218258,-1.294630933,2.266956974,-0.3460713534,0.01742937326,0.8082031471,0.4761706713,0,1
957,31900000000,0,0,0.4932197704,-1.294493548,2.270786673,-0.3488447292,0.01851929955,0.8066983131,0.4766573424,0,1
958,31933333333,0,0,0.4970621728,-1.295278534,2.274481148,-0.3522125368,0.02085588248,0.8054083854,0.4762653607,0,1
959,31966666667,0,0,0.5010987418,-1.295327129,2.27776331,-0.3559103614,0.02442026639,0.8039204847,0.4758606093,0,1
960,32000000000,0,0,0.5058459307,-1.295562162,2.281362211,-0.3592231763,0.02787409484,0.8024982771,0.4755820219,0,1
961,32033333333,0,0,0.5098668724,-1.296002007,2.284537296,-0.3619196134,0.03101540547,0.8010107473,0.4758508388,0,1
962,32066666667,0,0,0.5136518973,-1.295874844,2.289019446,-0.3640064023,0.03350690206,0.7997732761,0.4761715378,0,1
963,32100000000,0,1,0.5198001024,-1.295536955,2.293460736,-0.3664510624,0.03421882547,0.798006918,0.4772081827,0,1
964,32133333333,0,0,0.5233910167,-1.295598357,2.297316426,-0.368608864,0.03741207317,0.7961606842,0.4783889705,0,1
965,32166666667,0,0,0.5261559588,-1.295096193,2.300691077,-0.3710806222,0.04093725848,0.7942993005,0.4792827285,0,1
966,32200000000,0,0,0.5303313523,-1.294659006,2.305293695,-0.3737846106,0.04514182547,0.7924990233,0.4797838873,0,1
967,32233333333,0,0,0.5323412011,-1.294432363,2.309276002,-0.3754841734,0.04898701288,0.7903400371,0.4816373469,0,1
968,32266666667,0,0,0.5343583111,-1.294456893,2.313634886,-0.3780401431,0.05257379147,0.7883241585,0.482562605,0,1
969,32300000000,0,0,0.5369427559,-1.294815908,2.317076087,-0.3806220159,0.05599449035,0.7861412978,0.4837079262,0,1
970,32333333333,0,0,0.5376432644,-1.295444078,2.321713497,-0.3825147922,0.05769159451,0.7844632683,0.4847385836,0,1
971,32366666667,0,0,0.5378804998,-1.296704802,2.326329233,-0.3854508506,0.05808629226,0.783014687,0.4847077721,0,1
972,32400000000,0,1,0.5391739735,-1.296681676,2.33330979,-0.3887531089,0.05743830657,0.7819435689,0.4838761373,0,1
973,32433333333,0,0,0.5405961931,-1.298296902,2.338455771,-0.3919515916,0.05794190756,0.7799656515,0.4844277735,0,1
974,32466666667,0,0,0.5397306548,-1.2994512,2.342558464,-0.3940130242,0.05766390747,0.7784223504,0.4852702905,0,1
975,32500000000,0,0,0.5392049089,-1.301264801,2.347973204,-0.3955649671,0.05646032108,0.777600793,0.4854663693,0,1
976,32533333333,0,0,0.5391031349,-1.303921838,2.35333017,-0.3978809333,0.05656838513,0.7767772104,0.4848793109,0,1
977,32566666667,0,0,0.5381081959,-1.306055277,2.358332056,-0.3994663872,0.0569940302,0.7764505852,0.4840483186,0,1
978,32600000000,0,0,0.5381478653,-1.308081843,2.364465876,-0.399450124,0.05640385986,0.7768883146,0.4834281226,0,1
979,32633333333,0,0,0.5368335646,-1.310186341,2.369310954,-0.3980562864,0.05494123692,0.7774174941,0.4838953328,0,1
980,32666666667,0,0,0.5359163174,-1.312282519,2.3755531,-0.3963256369,0.05386499133,0.7785782812,0.4835704833,0,1
981,32700000000,0,0,0.5348087977,-1.314541432,2.381964687,-0.3943435388,0.05342462023,0.7793240092,0.4840382961,0,1
982,32733333333,0,0,0.5333425928,-1.316906584,2.389288103,-0.3916504124,0.05281516184,0.7797985296,0.4855252479,0,1
983,32766666667,0,0,0.5306453287,-1.31906103,2.395598876,-0.3887040925,0.05151924377,0.7796407921,0.4882777195,0,1
984,32800000000,0,1,0.5261950234,-1.320577274,2.406233785,-0.3852561571,0.05078825651,0.7800562553,0.4904186834,0,1
985,32833333333,0,0,0.5230975845,-1.321961854,2.411403643,-0.3819491654,0.04981033078,0.7797329782,0.493609409,0,1
986,32866666667,0,0,0.5198924535,-1.323308135,2.417341018,-0.3775918699,0.04866607117,0.780009415,0.4966299487,0,1
987,32900000000,0,0,0.5167811512,-1.325213375,2.422807334,-0.3733472103,0.04850180174,0.7803333968,0.4993387884,0,1
988,32933333333,0,0,0.5149097977,-1.327538565,2.428701244,-0.3683880773,0.04758995292,0.7810079931,0.5020477424,0,1
989,32966666667,0,0,0.5114653144,-1.330020503,2.434850004,-0.3626567863,0.04576611161,0.7816650527,0.5053565709,0,1
990,33000000000,0,0,0.5083194673,-1.332272544,2.441294139,-0.3584712021,0.0438233983,0.7820239293,0.5079532272,0,1
991,33033333333,0,0,0.5051723215,-1.334626924,2.447329801,-0.3555682046,0.04229061416,0.7819243561,0.5102715524,0,1
992,33066666667,0,0,0.5023847051,-1.336316285,2.454196012,-0.3529732468,0.04140641642,0.7819393716,0.5121193366,0,1
993,33100000000,0,1,0.4967385771,-1.335178573,2.461995916,-0.349112372,0.04100482244,0.7825339649,0.5138869039,0,1
994,33133333333,0,0,0.4938266135,-1.337013566,2.468713187,-0.3456780727,0.04110133105,0.7826510236,0.516018145,0,1
995,33166666667,0,0,0.4893546192,-1.33813397,2.474802173,-0.3434337954,0.04265183516,0.7822933355,0.5179297119,0,1
996,33200000000,0,0,0.4855570143,-1.340699787,2.481593752,-0.3422517768,0.04502352285,0.7817340828,0.5193538557,0,1
997,33233333333,0,0,0.4817962037,-1.341099297,2.486957936,-0.3414329547,0.04710747118,0.7809814701,0.520838139,0,1
998,33266666667,0,0,0.4792493122,-1.34237574,2.492741372,-0.3400419945,0.04858479397,0.780505209,0.5223242082,0,1
999,33300000000,0,0,0.4762258612,-1.342812767,2.498678477,-0.3378881747,0.04941344133,0.7801021833,0.5242427652,0,1
1000,33333333333,0,0,0.4736820847,-1.343602062,2.504119538,-0.336283017,0.05001053806,0.7794666691,0.5261600424,0,1
1001,33366666667,0,0,0.4709561971,-1.34419089,2.509103314,-0.3348606416,0.04996993796,0.7787038136,0.5281966742,0,1
1002,33400000000,0,0,0.4680689457,-1.344302153,2.513938542,-0.3332898226,0.049599178,0.7783626955,0.529725712,0,1
1003,33433333333,0,1,0.464942316,-1.342566697,2.518798205,-0.3331694765,0.05076580361,0.7779179193,0.5303438921,0,1
1004,33466666667,0,0,0.4624909094,-1.342535148,2.522886803,-0.333923654,0.05369751651,0.7773752995,0.5303764831,0,1
1005,33500000000,0,0,0.4609268551,-1.342839811,2.527707268,-0.3334580692,0.05658146729,0.7768692981,0.531110485,0,1
1006,33533333333,0,0,0.4586250175,-1.343055807,2.531867318,-0.3331332086,0.05968618605,0.7761122405,0.5320804589,0,1
1007,33566666667,0,0,0.4560104341,-1.343365228,2.536612394,-0.3330188951,0.06255432747,0.7749938111,0.5334509954,0,1
1008,33600000000,0,0,0.452493426,-1.34252152,2.539269609,-0.3334659923,0.0631989389,0.773560225,0.5351737143,0,1
1009,33633333333,0,0,0.4492384411,-1.341882745,2.541958115,-0.3343241336,0.06174975967,0.7725661933,0.5362423126,0,1
1010,33666666667,0,0,0.4467602407,-1.342453337,2.545146151,-0.3356424852,0.06029954641,0.7715406309,0.5370597189,0,1
1011,33700000000,0,0,0.443634083,-1.342526558,2.546891989,-0.3376618207,0.05980466682,0.7706966953,0.537060984,0,1
1012,33733333333,0,0,0.4415167507,-1.342739339,2.549345521,-0.3390113649,0.06043834631,0.7703635604,0.5366176344,0,1
1013,33766666667,0,0,0.4382009509,-1.343089719,2.551248993,-0.3391344116,0.06134408038,0.7700750294,0.5368511933,0,1
1014,33800000000,0,1,0.4352410457,-1.341704447,2.552861739,-0.3392695989,0.06165022062,0.7701116362,0.5366781692,0,1
1015,33833333333,0,0,0.4325850288,-1.342131306,2.555036881,-0.3396865419,0.06168530856,0.7701009024,0.5364257414,0,1
1016,33866666667,0,0,0.4292695754,-1.341670949,2.557619265,-0.3411585577,0.06125612292,0.769844174,0.5359090162,0,1
1017,33900000000,0,0,0.4258827297,-1.341489702,2.559777877,-0.343874544,0.06138710985,0.769163377,0.5351351421,0,1
1018,33933333333,0,0,0.4230367743,-1.341086945,2.561719359,-0.3467057447,0.06265104356,0.7682512318,0.5344717187,0,1
1019,33966666667,0,0,0.4207003661,-1.340510821,2.563635497,-0.3477386225,0.06466424677,0.7676193431,0.5344688295,0,1
1020,34000000000,0,0,0.4165710665,-1.339626068,2.564630705,-0.3469657528,0.06688103925,0.7669675928,0.5356327142,0,1
1021,34033333333,0,0,0.4116022344,-1.337948877,2.565573681,-0.3457105414,0.06770204483,0.7666585582,0.5367823673,0,1
1022,34066666667,0,0,0.4060575939,-1.336574181,2.566123769,-0.3455015601,0.06779628264,0.7666355609,0.5369378481,0,1
1023,34100000000,0,0,0.4013262428,-1.337032813,2.567880061,-0.3455923771,0.06757827555,0.7665343094,0.5370514297,0,1
1024,34133333333,0,0,0.3960691843,-1.336249597,2.56766734,-0.3456289228,0.06614018077,0.7663177368,0.5375158141,0,1
1025,34166666667,0,0,0.3918912186,-1.336048164,2.56778232,-0.3452171059,0.06439788933,0.7662473043,0.5380921206,0,1
1026,34200000000,0,0,0.3872192817,-1.335605732,2.568505614,-0.3440632195,0.06307316599,0.7661875151,0.539072322,0,1
1027,34233333333,0,0,0.3820705085,-1.334431837,2.567079062,-0.3431441625,0.06157658278,0.7660878264,0.5399720831,0,1
1028,34266666667,0,0,0.3782372314,-1.334121106,2.567146226,-0.3415763253,0.0606088325,0.7662833183,0.5407976142,0,1
1029,34300000000,0,1,0.3744777549,-1.335858214,2.5666899,-0.3396675356,0.06013306306,0.7662021459,0.5421662582,0,1
1030,34333333333,0,0,0.370340878,-1.335238281,2.565635007,-0.3382649209,0.06063512525,0.7659097007,0.5433990754,0,1
1031,34366666667,0,0,0.3661616365,-1.335034062,2.564544367,-0.3366886081,0.06159653359,0.7657749273,0.5444588221,0,1
1032,34400000000,0,0,0.3617683844,-1.335466652,2.564036242,-0.334239394,0.06274518623,0.7655949774,0.5460873554,0,1
1033,34433333333,0,0,0.3567301011,-1.333894189,2.562047861,-0.3313097028,0.06196286491,0.7657439552,0.547750563,0,1
1034,34466666667,0,0,0.3524855882,-1.333983266,2.562361985,-0.3280788373,0.05995627059,0.7664028115,0.5489956764,0,1
1035,34500000000,0,0,0.3470134307,-1.332611446,2.560104673,-0.3252295034,0.05762692568,0.7669033853,0.5502400433,0,1
1036,34533333333,0,0,0.3428414678,-1.332689983,2.559756147,-0.3231577001,0.05626358776,0.76798183,0.5500976444,0,1
1037,34566666667,0,0,0.3387450527,-1.332201578,2.55964863,-0.3212630121,0.056202184,0.7691798633,0.5495395613,0,1
1038,34600000000,0,0,0.3342852005,-1.333088408,2.55997864,-0.3193169629,0.05658130452,0.7701276932,0.5493073542,0,1
1039,34633333333,0,0,0.3289395163,-1.332626127,2.559218921,-0.3178457393,0.05638474631,0.7705701061,0.5495603315,0,1
1040,34666666667,0,0,0.3243229505,-1.333138725,2.55951841,-0.316448683,0.05555458737,0.7709219062,0.5499575742,0,1
1041,34700000000,0,0,0.319606891,-1.332364668,2.559709058,-0.3153523726,0.0544056937,0.7709446056,0.5506698799,0,1
1042,34733333333,0,0,0.3144221283,-1.330653709,2.558778587,-0.3151988082,0.05384109023,0.7709938806,0.5507443004,0,1
1043,34766666667,0,0,0.3105454528,-1.329972454,2.558311402,-0.3152015495,0.05452263199,0.7713703011,0.5501482749,0,1
1044,34800000000,0,0,0.307002899,-1.329339055,2.557956311,-0.3139170058,0.05588151898,0.7721291194,0.5496817191,0,1
1045,34833333333,0,0,0.3032587307,-1.329431899,2.558969453,-0.3119591813,0.05765860923,0.7727295411,0.5497690517,0,1
1046,34866666667,0,0,0.2991547382,-1.328383989,2.558900878,-0.310842187,0.05929428508,0.7730441803,0.5497854289,0,1
1047,34900000000,0,0,0.2959869885,-1.328397246,2.559244784,-0.3102690903,0.06069256049,0.7730684348,0.5499224489,0,1
1048,34933333333,0,0,0.292336067,-1.327565481,2.558712042,-0.3093357819,0.06053715908,0.7730557121,0.5504829629,0,1
1049,34966666667,0,1,0.2897034847,-1.326601971,2.559913782,-0.3081969797,0.05924426389,0.7737692897,0.5502597798,0,1
1050,35000000000,0,0,0.2859046452,-1.326187517,2.559333457,-0.3078846061,0.05950366747,0.7741108098,0.5499262106,0,1
1051,35033333333,0,0,0.2829455707,-1.32594048,2.559865217,-0.3075004105,0.06127830391,0.7745655458,0.5493056364,0,1
1052,35066666667,0,0,0.2798547093,-1.325242817,2.559774027,-0.3062566376,0.06368854194,0.7749498932,0.5491842173,0,1
1053,35100000000,0,0,0.2762689045,-1.324121818,2.558819509,-0.304849154,0.06543576678,0.7755894733,0.5488589278,0,1
1054,35133333333,0,0,0.2729703755,-1.324311304,2.558625673,-0.3027397642,0.06614210862,0.7764775069,0.5486861926,0,1
1055,35166666667,0,0,0.2700457287,-1.323455907,2.558227123,-0.3003820022,0.06580546262,0.7774468118,0.5486499327,0,1
1056,35200000000,0,0,0.2668041464,-1.324008371,2.558587331,-0.2974054917,0.06579302553,0.7786298231,0.5485953426,0,1
1057,35233333333,0,0,0.2644150702,-1.323306058,2.55943834,-0.293718483,0.06614372727,0.7798788582,0.5487653657,0,1
1058,35266666667,0,0,0.2610316267,-1.322863237,2.558967863,-0.288849887,0.06628609802,0.7810288421,0.5496961377,0,1
1059,35300000000,0,0,0.2577383089,-1.32281759,2.559766223,-0.283319324,0.06634899946,0.7824731938,0.5505121905,0,1
1060,35333333333,0,0,0.2533311536,-1.322255678,2.559848516,-0.2781550108,0.06573164142,0.7836722875,0.5515132701,0,1
1061,35366666667,0,0,0.2496936457,-1.322896004,2.561075278,-0.2744084482,0.06550172852,0.7846726969,0.5519948242,0,1
1062,35400000000,0,0,0.2452088234,-1.323412209,2.561956458,-0.2710608437,0.06571707041,0.7852122639,0.5528553032,0,1
1063,35433333333,0,0,0.2402293754,-1.323689215,2.562853735,-0.2673032918,0.06570511116,0.7858864985,0.5537275503,0,1
1064,35466666667,0,0,0.235713132,-1.324639324,2.564168429,-0.2627667137,0.0652354718,0.7867135803,0.554778992,0,1
1065,35500000000,0,0,0.23008027,-1.32445535,2.564149666,-0.2576007521,0.06340967832,0.7878878876,0.5557461127,0,1
1066,35533333333,0,0,0.2256953424,-1.325939678,2.565695983,-0.2521819366,0.06056829965,0.7894462525,0.5563365586,0,1
1067,35566666667,0,1,0.2207776915,-1.327234796,2.567476215,-0.2480855864,0.05805228541,0.7909672518,0.55628615,0,1
1068,35600000000,0,0,0.2159610772,-1.329297997,2.569274512,-0.2449349303,0.0568663483,0.7925748524,0.5555161579,0,1
1069,35633333333,0,0,0.2110453003,-1.331694768,2.572013586,-0.241011582,0.05713375225,0.7940735467,0.5550642793,0,1
1070,35666666667,0,0,0.2056107279,-1.334554674,2.575498395,-0.2360434939,0.05853718562,0.7950275793,0.5556869758,0,1
1071,35700000000,0,0,0.1993752893,-1.335776845,2.576912459,-0.2311017612,0.05920887113,0.7953666226,0.5572057261,0,1
1072,35733333333,0,0,0.1931128006,-1.338234439,2.579402164,-0.2260875567,0.05762975148,0.7960323548,0.5584762472,0,1
1073,35766666667,0,0,0.1864297492,-1.34042516,2.58188375,-0.2211342527,0.0531660254,0.7967035411,0.5599432861,0,1
1074,35800000000,0,0,0.1802960964,-1.342674707,2.584988566,-0.2180098106,0.04896183542,0.7972423263,0.560784392,0,1
1075,35833333333,0,0,0.174801682,-1.345331174,2.588958156,-0.2164607376,0.04750948853,0.797702672,0.5608547447,0,1
1076,35866666667,0,0,0.1690033823,-1.347720983,2.592876598,-0.2139838812,0.04794119952,0.7979777745,0.5613768889,0,1
1077,35900000000,0,0,0.1634932834,-1.349694129,2.596602266,-0.2100903178,0.04801825719,0.7983009959,0.5623804987,0,1
1078,35933333333,0,1,0.1576625719,-1.35206328,2.600780429,-0.2059994865,0.04782923744,0.7984514099,0.5636948835,0,1
1079,35966666667,0,0,0.1515758281,-1.353700925,2.603908729,-0.2029431106,0.04715862651,0.7985438783,0.5647281047,0,1
1080,36000000000,0,0,0.1458426793,-1.356190981,2.607850075,-0.2004064031,0.04599783788,0.7985739774,0.5656863752,0,1
1081,36033333333,0,0,0.1410591121,-1.358001382,2.6120793,-0.1981915339,0.04492274927,0.7984872365,0.5666746824,0,1
1082,36066666667,0,0,0.1363837486,-1.360128853,2.615727628,-0.1958727603,0.04522145133,0.7980150913,0.5681204063,0,1
1083,36100000000,0,0,0.1310558116,-1.361107235,2.620479424,-0.1927005586,0.04669474075,0.7976276159,0.5696281966,0,1
1084,36133333333,0,0,0.1259078421,-1.362859041,2.623487335,-0.1891686412,0.04729277709,0.7972076978,0.5713479719,0,1
1085,36166666667,0,0,0.1205638574,-1.364550226,2.626937706,-0.1858945513,0.04611671929,0.7970582142,0.5727256475,0,1
1086,36200000000,0,0,0.11572679,-1.366424855,2.630774115,-0.1840283227,0.04392481079,0.797066425,0.573488711,0,1
1087,36233333333,0,0,0.1110724488,-1.368225516,2.634584434,-0.1836278129,0.04262223029,0.7969956087,0.573813708,0,1
1088,36266666667,0,1,0.1056826395,-1.368964202,2.639070686,-0.1835872763,0.04342547207,0.7971979603,0.5734852679,0,1
1089,36300000000,0,0,0.1019552064,-1.370433101,2.642842593,-0.1825943891,0.04477394131,0.7974227982,0.5733859644,0,1
1090,36333333333,0,0,0.09801058064,-1.372019471,2.646800044,-0.1809598797,0.04592741987,0.7974872744,0.5737231399,0,1
1091,36366666667,0,0,0.09408584206,-1.372965188,2.64947268,-0.1799162959,0.0466582372,0.797643587,0.5737750809,0,1
1092,36400000000,0,0,0.09055515469,-1.374799548,2.653258952,-0.1790170972,0.04687829624,0.7978254123,0.5737856009,0,1
1093,36433333333,0,0,0.08684122512,-1.376005265,2.656042889,-0.1781308473,0.04681668129,0.7978580362,0.5740210394,0,1
1094,36466666667,0,0,0.08356635699,-1.37710895,2.659194727,-0.1775386125,0.04740984467,0.7979243189,0.5740636976,0,1
1095,36500000000,0,0,0.08051437482,-1.377946809,2.661681035,-0.1766958052,0.04800714506,0.7981517718,0.5739578866,0,1
1096,36533333333,0,0,0.07804993008,-1.378802455,2.663873721,-0.1753584131,0.04810348332,0.798590738,0.5737493485,0,1
1097,36566666667,0,0,0.07569166463,-1.379882697,2.665909433,-0.1741118996,0.04855943566,0.7991815091,0.5732677761,0,1
1098,36600000000,0,0,0.072827452,-1.381315425,2.66796395,-0.1727926259,0.04968544546,0.7996882474,0.5728636591,0,1
1099,36633333333,0,0,0.06997286286,-1.382309681,2.670436294,-0.1711798052,0.0506121477,0.8002485753,0.5724841505,0,1
1100,36666666667,0,0,0.06744201813,-1.382975395,2.671339229,-0.1701336803,0.05102953305,0.8004695503,0.5724500124,0,1
1101,36700000000,0,0,0.06446856364,-1.384084569,2.673421063,-0.1700570237,0.05155123085,0.8007625018,0.5720161667,0,1
1102,36733333333,0,0,0.06165792353,-1.384426111,2.674416129,-0.1711577085,0.05234633286,0.8006138715,0.571823687,0,1
1103,36766666667,0,0,0.05916023461,-1.384289495,2.675161202,-0.1717395905,0.05264439411,0.8008969925,0.5712250767,0,1
1104,36800000000,0,0,0.05725943344,-1.384311719,2.675631516,-0.1708549784,0.05200130197,0.8015003464,0.5707027559,0,1
1105,36833333333,0,0,0.05530746207,-1.384949329,2.677240274,-0.1695252327,0.05189205346,0.802464289,0.5697538725,0,1
1106,36866666667,0,0,0.05241145097,-1.386359147,2.678087597,-0.1686319957,0.0524708196,0.8026244497,0.5697403408,0,1
1107,36900000000,0,0,0.04902461498,-1.386298079,2.67845189,-0.1686417313,0.05264647102,0.802548943,0.5698276139,0,1
1108,36933333333,0,1,0.04466211586,-1.384156637,2.679981309,-0.1687745999,0.05306585779,0.8026696543,0.5695792967,0,1
1109,36966666667,0,0,0.04174546719,-1.383578333,2.680067911,-0.1697571446,0.05381038705,0.8021585955,0.5699373138,0,1
1110,37000000000,0,0,0.03894305716,-1.383210398,2.679848732,-0.1705757036,0.05413875587,0.801785278,0.5701870679,0,1
1111,37033333333,0,0,0.03650860453,-1.382158285,2.67958655,-0.1708009277,0.0537649755,0.8016924231,0.5702855681,0,1
1112,37066666667,0,0,0.03407548999,-1.381893269,2.679299538,-0.1708740164,0.05311125254,0.8016539004,0.5703790751,0,1
1113,37100000000,0,0,0.03189130687,-1.381445534,2.678955013,-0.1713192857,0.0527352867,0.8018077889,0.5700639977,0,1
1114,37133333333,0,0,0.03031019493,-1.381355361,2.679263923,-0.1718364133,0.05327466665,0.8017407613,0.5699524617,0,1
1115,37166666667,0,0,0.02873281217,-1.380975414,2.679024144,-0.1716704808,0.05374907708,0.801695607,0.5700214351,0,1
1116,37200000000,0,0,0.02665017834,-1.380161943,2.678529892,-0.1706143127,0.05350543862,0.8017776366,0.5702460396,0,1
1117,37233333333,0,0,0.02452330861,-1.379851422,2.677716728,-0.1696837656,0.05218837114,0.8019331657,0.5704270254,0,1
1118,37266666667,0,0,0.02193572229,-1.378844054,2.676586153,-0.1689139994,0.05044524563,0.8023682754,0.5702003934,0,1
1119,37300000000,0,0,0.01985422151,-1.378479197,2.676846669,-0.1684009149,0.0494550715,0.8031245619,0.5693735732,0,1
1120,37333333333,0,0,0.01766397604,-1.378162578,2.677077588,-0.1680157733,0.04979067941,0.8035891132,0.5688023604,0,1
1121,37366666667,0,0,0.01570041519,-1.378132315,2.676545547,-0.1676420681,0.0505819982,0.8036141294,0.5688074626,0,1
1122,37400000000,0,0,0.01311455339,-1.378046378,2.676879149,-0.1667244851,0.05113108294,0.8034833329,0.569212695,0,1
1123,37433333333,0,0,0.01035887033,-1.376831339,2.676621727,-0.166005552,0.05120270805,0.8031059198,0.5699485249,0,1
1124,37466666667,0,0,0.007639850809,-1.376867523,2.676474039,-0.1650482777,0.05141166962,0.8025546439,0.5709833184,0,1
1125,37500000000,0,0,0.004951985639,-1.375752481,2.676200146,-0.1631797251,0.05019117746,0.8020065093,0.5723973987,0,1
1126,37533333333,0,0,0.001874342713,-1.375875787,2.676286722,-0.1611613872,0.04821579559,0.8013354129,0.5740764761,0,1
1127,37566666667,0,0,-0.0009093234034,-1.374845536,2.676312738,-0.1601758743,0.04672996514,0.800716993,0.5753366812,0,1
1128,37600000000,0,1,-0.004843811457,-1.37399968,2.675278675,-0.1589928802,0.04525863158,0.8000154043,0.5767566846,0,1
1129,37633333333,0,0,-0.008265555601,-1.373769159,2.67609512,-0.1580757654,0.04417884811,0.7995720532,0.5777065116,0,1
1130,37666666667,0,0,-0.01151769587,-1.372675417,2.675920991,-0.1575239801,0.04330831058,0.7989869025,0.5787318166,0,1
1131,37700000000,0,0,-0.01506101284,-1.372754717,2.676993625,-0.1570518673,0.04342543301,0.798633908,0.5793382637,0,1
1132,37733333333,0,0,-0.01819890949,-1.372678895,2.677502138,-0.1560922279,0.04399898483,0.797979913,0.5804544463,0,1
1133,37766666667,0,0,-0.02143285142,-1.372276004,2.6783832,-0.1542917779,0.04443827534,0.7971954355,0.5819782853,0,1
1134,37800000000,0,0,-0.02467652872,-1.372037475,2.678003368,-0.151901482,0.04343616071,0.7962525884,0.5839700808,0,1
1135,37833333333,0,0,-0.02816002999,-1.3712306,2.679042439,-0.1493505901,0.04173215973,0.7958574174,0.5852895003,0,1
1136,37866666667,0,0,-0.03210919384,-1.373121622,2.681674809,-0.1459090792,0.04089618773,0.7952027482,0.5871035954,0,1
1137,37900000000,0,0,-0.0356847982,-1.371497078,2.681451088,-0.1425783486,0.03966208239,0.7938928887,0.5897731895,0,1
1138,37933333333,0,0,-0.03984683972,-1.37034075,2.681852147,-0.1401728283,0.03905045806,0.7929988373,0.5915906388,0,1
1139,37966666667,0,0,-0.04467529588,-1.370066414,2.682704674,-0.1385676618,0.03934283753,0.7923341283,0.5928387415,0,1
1140,38000000000,0,0,-0.04934525633,-1.369022767,2.682420564,-0.1384165921,0.03996445044,0.7916430504,0.5937549751,0,1
1141,38033333333,0,0,-0.05435905487,-1.368932797,2.683372438,-0.1382229868,0.04045779299,0.7917130219,0.5936733646,0,1
1142,38066666667,0,1,-0.05899943983,-1.368437896,2.683243456,-0.1372173642,0.03993040108,0.7916714439,0.593997713,0,1
1143,38100000000,0,0,-0.06418140729,-1.369829609,2.68464952,-0.1354076977,0.03862046698,0.7919954778,0.5940676544,0,1
1144,38133333333,0,0,-0.069704848,-1.371512107,2.685876957,-0.1337586845,0.03696111231,0.7917028725,0.5949361749,0,1
1145,38166666667,0,0,-0.07584676232,-1.371861899,2.685563151,-0.1332486443,0.0337826559,0.7911378527,0.5959902928,0,1
1146,38200000000,0,0,-0.08124158876,-1.372890934,2.687073722,-0.1343927,0.03062824239,0.7912320647,0.5957787616,0,1
1147,38233333333,0,0,-0.08622137653,-1.373598749,2.687559859,-0.1365275744,0.0294138643,0.7912085722,0.595385624,0,1
1148,38266666667,0,0,-0.0920088219,-1.375046038,2.688864375,-0.1369297738,0.02993470094,0.7914805105,0.5949056666,0,1
1149,38300000000,0,0,-0.09742569481,-1.375699901,2.688545344,-0.1357383559,0.03021280053,0.7916294638,0.5949664507,0,1
1150,38333333333,0,0,-0.1024187914,-1.377145079,2.688268384,-0.1343266261,0.02909318516,0.792184251,0.5946041175,0,1
1151,38366666667,0,0,-0.1081777183,-1.378009541,2.687642627,-0.1332690773,0.02650420534,0.7928627881,0.5940584814,0,1
1152,38400000000,0,1,-0.1103200161,-1.378723067,2.686167431,-0.1346587769,0.02243020977,0.7939126255,0.59250877,0,1
1153,38433333333,0,0,-0.1155410029,-1.379879829,2.685701334,-0.135505423,0.01966262332,0.7953336214,0.5905049469,0,1
1154,38466666667,0,0,-0.1204155228,-1.381827647,2.686003116,-0.1361564668,0.01913187797,0.796971548,0.5881596208,0,1
1155,38500000000,0,0,-0.1242462025,-1.382732081,2.686775717,-0.1362659251,0.02049851297,0.7982545545,0.5863455251,0,1
1156,38533333333,0,0,-0.1275358686,-1.383853775,2.684767293,-0.1345964467,0.02089809951,0.7993829307,0.5851786018,0,1
1157,38566666667,0,0,-0.1306973426,-1.384204668,2.683008024,-0.1314747972,0.02008526667,0.8012073093,0.5834190666,0,1
1158,38600000000,0,0,-0.1334707014,-1.385793714,2.681659896,-0.1280182039,0.01834920569,0.8031360263,0.5815902075,0,1
1159,38633333333,0,0,-0.1350961598,-1.386688062,2.679139687,-0.1258892112,0.01678396494,0.8047717816,0.5798384124,0,1
1160,38666666667,0,0,-0.1361975467,-1.386345597,2.676786021,-0.1253174083,0.01602203986,0.8064860938,0.5775976298,0,1
1161,38700000000,0,0,-0.1381371919,-1.388745731,2.676457673,-0.1238091902,0.01690139503,0.8082048583,0.5754915588,0,1
1162,38733333333,0,0,-0.1373733185,-1.386676546,2.674021705,-0.12197183,0.01927373059,0.8090227969,0.5746594732,0,1
1163,38766666667,0,1,-0.1348265334,-1.383482418,2.672169315,-0.1195042382,0.02387649627,0.8109838189,0.572235874,0,1
1164,38800000000,0,0,-0.1353527809,-1.385120509,2.669546163,-0.1128235094,0.03012760843,0.812189682,0.5715864793,0,1
1165,38833333333,0,0,-0.137234112,-1.3866667,2.662688905,-0.1060331971,0.03319201343,0.8133467882,0.5710711457,0,1
1166,38866666667,0,0,-0.1396506885,-1.390550341,2.658398113,-0.1019032043,0.03467217156,0.8151902065,0.5691032461,0,1
1167,38900000000,0,0,-0.1420399642,-1.394147345,2.653713054,-0.09940127455,0.03465064872,0.8168772213,0.567124611,0,1
1168,38933333333,0,0,-0.1435195395,-1.397115429,2.64820092,-0.09740004355,0.03293936162,0.8190145904,0.5644850137,0,1
1169,38966666667,0,0,-0.1449987831,-1.400692947,2.644346587,-0.09507771822,0.03011082759,0.821441253,0.5615049719,0,1
1170,39000000000,0,1,-0.1466888417,-1.403742627,2.641746001,-0.09195493936,0.02626882155,0.8244501013,0.5577959023,0,1
1171,39033333333,0,0,-0.1476307523,-1.408228158,2.638020084,-0.08989542458,0.02349235596,0.8269881164,0.5544885727,0,1
1172,39066666667,0,0,-0.1487875794,-1.413021365,2.636341093,-0.0860921881,0.02171677423,0.8288903773,0.5523198886,0,1
1173,39100000000,0,0,-0.1498212904,-1.416418495,2.633469781,-0.08047761565,0.02070298517,0.8295779368,0.552173149,0,1
1174,39133333333,0,0,-0.150282119,-1.417145718,2.628472603,-0.07537357251,0.02216710625,0.8297349168,0.5526005898,0,1
1175,39166666667,0,0,-0.152433442,-1.420341739,2.62246702,-0.06912719962,0.02458674451,0.830113887,0.5527457435,0,1
1176,39200000000,0,0,-0.1556313544,-1.424929179,2.61665947,-0.0626506576,0.02376698021,0.8304438059,0.5530579635,0,1
1177,39233333333,0,0,-0.1588005945,-1.428239471,2.613008579,-0.05831526954,0.02216873711,0.8308350606,0.5530108304,0,1
1178,39266666667,0,0,-0.16109254,-1.427454755,2.606569777,-0.05739418076,0.02177295194,0.8312044925,0.552567587,0,1
1179,39300000000,0,0,-0.1642703881,-1.430364831,2.602533097,-0.05729938791,0.02255995678,0.8325591058,0.5505026465,0,1
1180,39333333333,0,0,-0.1681342897,-1.43432571,2.601062257,-0.05425340617,0.02163388384,0.8333355234,0.5496730378,0,1
1181,39366666667,0,0,-0.1717976994,-1.436947868,2.596034494,-0.05095276492,0.02033580541,0.8328488285,0.5507749991,0,1
1182,39400000000,0,0,-0.174946747,-1.437965259,2.592517583,-0.04848407465,0.02112665696,0.8328098828,0.5510269122,0,1
1183,39433333333,0,1,-0.1760475465,-1.441082965,2.594630221,-0.04444141113,0.02175329481,0.8331481896,0.550831961,0,1
1184,39466666667,0,0,-0.1826828045,-1.448819325,2.593645717,-0.03701551407,0.02273137298,0.8302762526,0.5556568013,0,1
1185,39500000000,0,0,-0.1869734195,-1.449294855,2.586643395,-0.02923583871,0.01925550868,0.8258680093,0.5627757301,0,1
1186,39533333333,0,0,-0.1906908276,-1.444079015,2.574431136,-0.02468907806,0.01628029755,0.8237964113,0.5661138348,0,1
1187,39566666667,0,0,-0.1965424724,-1.447795802,2.568077189,-0.02239767388,0.01582614112,0.8242664797,0.5655374858,0,1
1188,39600000000,0,0,-0.2028117353,-1.450978653,2.561764517,-0.02117548939,0.01399841753,0.824827756,0.5648139658,0,1
1189,39633333333,0,1,-0.2055735161,-1.452383647,2.556620451,-0.02280693259,0.01237258753,0.8269226384,0.5617167551,0,1
1190,39666666667,0,0,-0.2100552472,-1.459711443,2.555671883,-0.02183239061,0.01214589593,0.8292718814,0.5582866385,0,1
1191,39700000000,0,0,-0.2154867858,-1.464031759,2.551807659,-0.01855491547,0.01037697509,0.8298899344,0.557521955,0,1
1192,39733333333,0,0,-0.21977828,-1.465843132,2.545208241,-0.0161447245,0.009327310605,0.8306930537,0.5564183675,0,1
1193,39766666667,0,0,-0.2252400913,-1.472015207,2.542770459,-0.01271158401,0.01041874099,0.8316635641,0.5550365588,0,1
1194,39800000000,0,0,-0.2311457668,-1.47431133,2.535632131,-0.009441464768,0.01156599346,0.8318792883,0.5547557447,0,1
1195,39833333333,0,0,-0.2362367266,-1.478552962,2.531661062,-0.008008245392,0.01252350527,0.8328710744,0.5532673886,0,1
1196,39866666667,0,0,-0.2426425757,-1.483612734,2.526843275,-0.006760482786,0.01304331183,0.8333560075,0.5525413401,0,1
1197,39900000000,0,1,-0.2478455195,-1.490420999,2.524838406,-0.005589955216,0.01276619978,0.8334521249,0.5524159049,0,1
1198,39933333333,0,0,-0.2521163498,-1.49436365,2.521799219,-0.003060389999,0.01274361242,0.8328420676,0.5533555139,0,1
1199,39966666667,0,0,-0.2572346452,-1.497471031,2.518515915,0.000640748504,0.01183665429,0.8317009861,0.5550972463,0,1
1200,40000000000,0,0,-0.26105289,-1.500402781,2.514654649,0.003956055263,0.01182535298,0.830261891,0.5572339752,0,1
1201,40033333333,0,0,-0.2652510666,-1.501156532,2.510187952,0.007504149776,0.01286770826,0.8290531504,0.558971362,0,1
1202,40066666667,0,0,-0.2706453214,-1.506893374,2.509067058,0.01185852091,0.01389557983,0.8278520597,0.5606489594,0,1
1203,40100000000,0,0,-0.2748726758,-1.506401509,2.504385923,0.01603541146,0.01276169413,0.8256917236,0.5637492193,0,1
1204,40133333333,0,0,-0.2787273679,-1.506457366,2.498366483,0.01921140671,0.01055503023,0.8249908036,0.5647208932,0,1
1205,40166666667,0,0,-0.2833936408,-1.509553666,2.495556621,0.02075458898,0.007898507232,0.8249512861,0.5647674177,0,1
1206,40200000000,0,1,-0.287444929,-1.511415452,2.48975867,0.01943317098,0.005578342376,0.8251342901,0.5645747402,0,1
1207,40233333333,0,0,-0.2910113006,-1.515927526,2.487753483,0.01687023963,0.00386876006,0.8265279384,0.562629536,0,1
1208,40266666667,0,0,-0.2943203932,-1.519343899,2.485821947,0.0149569205,0.001536774423,0.8274711256,0.5613069261,0,1
1209,40300000000,0,0,-0.2977113134,-1.524222379,2.484496715,0.01395179929,-0.001448081351,0.8282772036,0.5601429499,0,1
1210,40333333333,0,0,-0.301013328,-1.529194526,2.483461763,0.01432281374,-0.00411270029,0.8283524173,0.5600091209,0,1
1211,40366666667,0,0,-0.3039730298,-1.532882834,2.480824705,0.01525610059,-0.005485041952,0.8281612149,0.5602554488,0,1
1212,40400000000,0,0,-0.3069794763,-1.536350529,2.478458174,0.01610003613,-0.004669566026,0.8278224088,0.5607397288,0,1
1213,40433333333,0,0,-0.3090696747,-1.540444112,2.477232137,0.01674369535,-0.002114563101,0.8276103935,0.5610492081,0,1
1214,40466666667,0,1,-0.3107521078,-1.54112167,2.479045156,0.02013752829,0.002834820029,0.8272156604,0.5615164245,0,1
1215,40500000000,0,0,-0.313184632,-1.541536072,2.474984213,0.02673840406,0.006729580431,0.825670111,0.5634790487,0,1
1216,40533333333,0,0,-0.3168957015,-1.545245118,2.471852708,0.03332826893,0.009437680076,0.8251202895,0.5638941963,0,1
1217,40566666667,0,0,-0.3230458588,-1.548159616,2.466797339,0.03818805554,0.009588883928,0.8245977236,0.5643476943,0,1
1218,40600000000,0,0,-0.3290069441,-1.551833806,2.460399994,0.03755654811,0.007293482536,0.8252691298,0.5634422546,0,1
1219,40633333333,0,0,-0.3334029067,-1.558309862,2.456243882,0.03285519036,0.004300562723,0.8268849109,0.5613941447,0,1
1220,40666666667,0,1,-0.3388573561,-1.566148304,2.453967392,0.02717063797,0.003372790844,0.8282956615,0.5596219061,0,1
1221,40700000000,0,0,-0.3404761691,-1.569484139,2.451304153,0.02204386527,0.001857115426,0.8296164631,0.5578952798,0,1
1222,40733333333,0,0,-0.3420636702,-1.573807274,2.450195058,0.01890677214,0.001779104104,0.8314566556,0.5552649805,0,1
1223,40766666667,0,0,-0.344432007,-1.577032623,2.449683368,0.01830969926,0.001928713089,0.8327681113,0.5533157396,0,1
1224,40800000000,0,0,-0.3460610762,-1.579419939,2.446086992,0.01856692328,0.001432545704,0.8335849183,0.5520773506,0,1
1225,40833333333,0,0,-0.3499548502,-1.583904881,2.443981247,0.01888617359,0.001690509737,0.8347956285,0.5502333262,0,1
1226,40866666667,0,0,-0.3523250825,-1.587568706,2.442489281,0.0182894795,0.0006338952324,0.8358853268,0.5485989551,0,1
1227,40900000000,0,0,-0.3546478133,-1.591314262,2.440619388,0.01819462613,-0.001031242557,0.8368113094,0.5471880157,0,1
1228,40933333333,0,0,-0.3563127653,-1.592413727,2.438072662,0.01774480867,-0.003205980786,0.8381681001,0.5451138224,0,1
1229,40966666667,0,0,-0.3572243697,-1.594963677,2.437605255,0.01655741025,-0.004371255449,0.8400740586,0.5422013651,0,1
1230,41000000000,0,0,-0.3564269657,-1.596600825,2.43637076,0.01662295149,-0.004916423967,0.8414811116,0.540008375,0,1
1231,41033333333,0,1,-0.3576986169,-1.601213294,2.436324268,0.0181362775,-0.003632081659,0.8433542618,0.5370395447,0,1
1232,41066666667,0,0,-0.3592390233,-1.603187856,2.43467821,0.02065968474,-0.001430773465,0.8447268663,0.5347968321,0,1
1233,41100000000,0,0,-0.3606565482,-1.605526513,2.431400882,0.02261130784,0.0005214238053,0.8468259579,0.5313889855,0,1
1234,41133333333,0,0,-0.3616587043,-1.607969654,2.42920228,0.02425857644,0.002392938856,0.849862286,0.5264407756,0,1
1235,41166666667,0,0,-0.3631818402,-1.611982993,2.426561571,0.0258244519,0.004870884783,0.8531326991,0.52103164,0,1
1236,41200000000,0,0,-0.3652822929,-1.615496255,2.425125616,0.02654396476,0.007253080635,0.8568188379,0.5148827923,0,1
1237,41233333333,0,0,-0.3677732929,-1.620006504,2.427625639,0.02667672249,0.009618228851,0.8600608708,0.5094027294,0,1
1238,41266666667,0,0,-0.3702254218,-1.623699382,2.428113588,0.02732801142,0.0104072663,0.8618005039,0.506403752,0,1
1239,41300000000,0,1,-0.3723327527,-1.625058821,2.424529971,0.02758514315,0.008546262489,0.8629298803,0.5044978127,0,1
1240,41333333333,0,0,-0.3733271149,-1.626862179,2.422736185,0.02520804665,0.007152519939,0.8645906418,0.5017932025,0,1
1241,41366666667,0,0,-0.3726723385,-1.628275891,2.424122395,0.02180606283,0.007206312304,0.8659071324,0.4996772986,0,1
1242,41400000000,0,0,-0.3728052483,-1.629434691,2.422077463,0.0203358294,0.006721800219,0.8662883115,0.4990849956,0,1
1243,41433333333,0,0,-0.3735859365,-1.630533231,2.42114456,0.01918763543,0.006208294726,0.8669213113,0.4980368779,0,1
1244,41466666667,0,0,-0.3738759784,-1.630434719,2.41865946,0.01743763784,0.005589406145,0.8671882693,0.4976436405,0,1
1245,41500000000,0,0,-0.3735112409,-1.631681115,2.415649892,0.01515284234,0.00580439205,0.8681210813,0.4960871784,0,1
1246,41533333333,0,0,-0.3740309262,-1.632932381,2.414590716,0.01370945314,0.006557301338,0.8691732048,0.494274208,0,1
1247,41566666667,0,0,-0.3744226954,-1.633089502,2.412382858,0.01282033252,0.006332402296,0.8704350951,0.4920754871,0,1
1248,41600000000,0,0,-0.3743848175,-1.634426902,2.410982644,0.01233947655,0.00498550954,0.8713954766,0.4904006579,0,1
1249,41633333333,0,0,-0.3750408772,-1.635656532,2.407814438,0.01219081748,0.004019337694,0.8722744869,0.4888480832,0,1
1250,41666666667,0,0,-0.3765310592,-1.637328795,2.405051251,0.0115118114,0.00316624189,0.8735277546,0.4866279021,0,1
1251,41700000000,0,0,-0.376545428,-1.638711822,2.401972851,0.009830945199,0.002549030909,0.8745305688,0.484864042,0,1
1252,41733333333,0,0,-0.3762074236,-1.641229563,2.399115303,0.008149290664,0.003871182214,0.8759910991,0.4822428822,0,1
1253,41766666667,0,0,-0.3766269808,-1.644810273,2.396186441,0.007369263511,0.006282098348,0.8774627572,0.4795470143,0,1
1254,41800000000,0,0,-0.3792282311,-1.646155727,2.392863404,0.007472760269,0.00728090786,0.8790424485,0.4766293319,0,1
1255,41833333333,0,1,-0.382920951,-1.650030813,2.386741145,0.005555151445,0.006138920823,0.880415474,0.4741308333,0,1
1256,41866666667,0,0,-0.3839316171,-1.650704457,2.386469391,0.001291140506,0.005129159065,0.8819088618,0.4713902674,0,1
1257,41900000000,0,0,-0.3852785193,-1.651679083,2.385659276,-0.002093238581,0.002507656853,0.8828512111,0.469641426,0,1
1258,41933333333,0,0,-0.3832671234,-1.652132217,2.383839606,-0.005356372613,-3.277399907e-05,0.8834634613,0.4684694448,0,1
1259,41966666667,0,0,-0.3830657553,-1.651754659,2.384073152,-0.006815758263,-0.0002614119348,0.8841945117,0.4670690982,0,1
1260,42000000000,0,0,-0.3825746576,-1.65053334,2.385118755,-0.007127326837,-0.0002043959743,0.8841793346,0.4670932067,0,1
1261,42033333333,0,0,-0.3836403656,-1.648876539,2.383183632,-0.00695647077,-0.0009391011042,0.8835824404,0.4682230202,0,1
1262,42066666667,0,0,-0.3836876189,-1.645985741,2.382909698,-0.007799473508,-0.002008201187,0.8832848113,0.4687676157,0,1
1263,42100000000,0,0,-0.3823815791,-1.64405075,2.384255353,-0.008221433346,-0.002004374499,0.8827717847,0.469725842,0,1
1264,42133333333,0,0,-0.381465187,-1.640038089,2.386253429,-0.007613550544,9.369968708e-05,0.8819149628,0.4713470308,0,1
1265,42166666667,0,0,-0.3820014267,-1.635583746,2.38679135,-0.004736094929,0.0006009651046,0.8808260745,0.4734159215,0,1
1266,42200000000,0,0,-0.3826398514,-1.63280218,2.387550734,-0.00187825351,-0.001838088217,0.8793349538,0.4761965273,0,1
1267,42233333333,0,0,-0.3839982101,-1.628295823,2.386610114,9.010263965e-05,-0.00512374831,0.8780687718,0.478507023,0,1
1268,42266666667,0,0,-0.3851865541,-1.625163829,2.388622589,0.00117777973,-0.009434515807,0.8770092837,0.4803793491,0,1
1269,42300000000,0,0,-0.3857223141,-1.620907432,2.388010308,0.001321605613,-0.01416037892,0.8757182473,0.4826129799,0,1
1270,42333333333,0,0,-0.3851770303,-1.617151279,2.390142015,0.001280864454,-0.01824053301,0.8752972553,0.4832394409,0,1
1271,42366666667,0,0,-0.3845971446,-1.613470483,2.393578617,0.002469803804,-0.01964828989,0.8747624969,0.4841471045,0,1
1272,42400000000,0,0,-0.3852621622,-1.609356369,2.395418394,0.004881479737,-0.01918163109,0.8736726295,0.4861114817,0,1
1273,42433333333,0,0,-0.3868369838,-1.605599475,2.397200829,0.008443114733,-0.01856449823,0.8728110639,0.4876319513,0,1
1274,42466666667,0,0,-0.3897651945,-1.601884419,2.398144834,0.01208417805,-0.01905198888,0.8719331545,0.4891048644,0,1
1275,42500000000,0,1,-0.3933101285,-1.599082748,2.401130386,0.0140807175,-0.0194133088,0.8715994925,0.4896316795,0,1
1276,42533333333,0,0,-0.3969470999,-1.596424327,2.402900662,0.01551828299,-0.02026520316,0.8709130682,0.4907738094,0,1
1277,42566666667,0,0,-0.398672358,-1.593511204,2.405592354,0.01642834708,-0.02089351085,0.8710302321,0.4905098423,0,1
1278,42600000000,0,0,-0.4007554207,-1.589345302,2.411880754,0.01890092339,-0.02071104245,0.8706970846,0.4910197498,0,1
1279,42633333333,0,0,-0.404312021,-1.586385186,2.413117014,0.02278664908,-0.0212253636,0.8694806044,0.492984514,0,1
1280,42666666667,0,0,-0.4090532307,-1.584034966,2.413664437,0.02569654571,-0.0222531627,0.8684173188,0.4946674081,0,1
1281,42700000000,0,0,-0.4132400709,-1.582418804,2.414692,0.02655524712,-0.02443109447,0.8682176625,0.4948697112,0,1
1282,42733333333,0,0,-0.416322578,-1.580213171,2.419564437,0.02777875282,-0.02610181704,0.8684225659,0.4943574446,0,1
1283,42766666667,0,0,-0.4199117972,-1.578769294,2.423305939,0.03070642222,-0.0272306171,0.8680213571,0.4948277809,0,1
1284,42800000000,0,0,-0.4233002558,-1.577331309,2.426146003,0.03404908743,-0.02806400213,0.8674216481,0.4956135147,0,1
1285,42833333333,0,0,-0.4280713481,-1.575267354,2.429096253,0.03758809718,-0.0286393465,0.8668993762,0.4962382435,0,1
1286,42866666667,0,0,-0.4320281308,-1.573745416,2.432748285,0.04057584111,-0.0287071764,0.8664715044,0.496746043,0,1
1287,42900000000,0,0,-0.4360870496,-1.572544594,2.435633256,0.04359314805,-0.02797563856,0.8656854783,0.497901249,0,1
1288,42933333333,0,0,-0.440148514,-1.571008937,2.437784763,0.04616219302,-0.02689656268,0.864967836,0.4989752193,0,1
1289,42966666667,0,0,-0.4454474694,-1.56921537,2.441257586,0.04855782876,-0.02458994639,0.8643029751,0.5000178388,0,1
1290,43000000000,0,1,-0.4535022445,-1.567342358,2.446038679,0.05189250623,-0.02208195674,0.8639025813,0.5004916433,0,1
1291,43033333333,0,0,-0.459670563,-1.566050401,2.449273503,0.05446216055,-0.01899689394,0.8631288757,0.5016787169,0,1
1292,43066666667,0,0,-0.4666551123,-1.564007836,2.45138541,0.05624910572,-0.01589067289,0.8619432456,0.503624231,0,1
1293,43100000000,0,0,-0.4729055234,-1.561369239,2.452193817,0.0564650454,-0.01414605918,0.8611850958,0.5049473422,0,1
1294,43133333333,0,0,-0.4793476732,-1.55857987,2.455730476,0.05615367603,-0.01408763291,0.8612428472,0.5048851962,0,1
1295,43166666667,0,0,-0.4843501633,-1.556711652,2.45801622,0.0553700954,-0.01547843345,0.8607525065,0.5057664413,0,1
1296,43200000000,0,0,-0.489090889,-1.554747499,2.461223299,0.0540019711,-0.01586416085,0.8606205968,0.5061267667,0,1
1297,43233333333,0,0,-0.4933316099,-1.551252612,2.465125661,0.05314615678,-0.01576151156,0.8603571793,0.506668121,0,1
1298,43266666667,0,0,-0.4976546651,-1.54882583,2.469268978,0.05295740594,-0.0152633472,0.8599536553,0.5073876764,0,1
1299,43300000000,0,0,-0.5023580763,-1.545784464,2.472067329,0.05368075343,-0.01545255415,0.8590501542,0.5088343815,0,1
1300,43333333333,0,0,-0.5067936287,-1.543141902,2.473778568,0.05376018149,-0.01621969343,0.8582427945,0.5101627879,0,1
1301,43366666667,0,0,-0.5123277722,-1.540777448,2.477699913,0.05374843931,-0.01718710718,0.8576168722,0.5111839289,0,1
1302,43400000000,0,1,-0.5179499966,-1.533852788,2.48119663,0.05381191981,-0.01893507346,0.8573199681,0.5116133429,0,1
1303,43433333333,0,0,-0.5217927957,-1.531479681,2.483629048,0.05298420078,-0.0190971266,0.8565742581,0.512941044,0,1
1304,43466666667,0,0,-0.5272817397,-1.528721407,2.486360962,0.0521884634,-0.018573349,0.8559384994,0.5141018189,0,1
1305,43500000000,0,0,-0.5319147071,-1.527358825,2.488680618,0.05061732972,-0.01978847026,0.8552175034,0.5154118007,0,1
1306,43533333333,0,0,-0.5357510727,-1.524753152,2.491508009,0.04917931381,-0.02108005621,0.854689806,0.5163742459,0,1
1307,43566666667,0,0,-0.5390523173,-1.523078253,2.494839273,0.04769957034,-0.02265483397,0.8541926359,0.5172682576,0,1
1308,43600000000,0,0,-0.5411630953,-1.520468101,2.497714457,0.04642065046,-0.02351809781,0.853651964,0.5182377318,0,1
1309,43633333333,0,0,-0.5452389747,-1.5187374,2.501590043,0.04605297291,-0.02345860532,0.8532466291,0.5189402735,0,1
1310,43666666667,0,0,-0.5485632066,-1.517111459,2.504959897,0.04560484748,-0.02396860902,0.8526621293,0.5199163364,0,1
1311,43700000000,0,0,-0.550988199,-1.514924275,2.509164359,0.04561033709,-0.02516271147,0.8520339377,0.5208883797,0,1
1312,43733333333,0,0,-0.5537452945,-1.513169403,2.512411256,0.04594335749,-0.02703350136,0.8510942758,0.5222996567,0,1
1313,43766666667,0,0,-0.5566986435,-1.511128147,2.516937897,0.04632748849,-0.02947569772,0.8503586398,0.5233308043,0,1
1314,43800000000,0,1,-0.5633926751,-1.507111253,2.522996724,0.04758047886,-0.03216907469,0.8497924379,0.5239790656,0,1
1315,43833333333,0,0,-0.5659235047,-1.504885685,2.526354452,0.04686846005,-0.03462958444,0.8489931347,0.5251807275,0,1
1316,43866666667,0,0,-0.5688655216,-1.503116807,2.531261099,0.04613108778,-0.03609234007,0.8482735882,0.5263090208,0,1
1317,43900000000,0,0,-0.5713898126,-1.500886915,2.535913069,0.04549175731,-0.03734265226,0.8474480385,0.5276057699,0,1
1318,43933333333,0,0,-0.573127708,-1.498499712,2.540164583,0.04543123256,-0.03763058873,0.8467302053,0.5287418097,0,1
1319,43966666667,0,0,-0.5757067604,-1.496632696,2.544811026,0.04599457331,-0.03705372403,0.8459690446,0.5299508433,0,1
1320,44000000000,0,0,-0.5792020623,-1.494857868,2.549449118,0.04721841933,-0.03566241433,0.8452207443,0.5311313458,0,1
1321,44033333333,0,0,-0.5835606208,-1.493823926,2.552676188,0.04834919496,-0.03431365744,0.8441875693,0.5327591163,0,1
1322,44066666667,0,0,-0.588193101,-1.492653035,2.557285759,0.04884418528,-0.03285022946,0.8433410042,0.5341451662,0,1
1323,44100000000,0,0,-0.5925232308,-1.491097161,2.55997741,0.04894599938,-0.03158327973,0.8422186533,0.5359799675,0,1
1324,44133333333,0,0,-0.5966702588,-1.489227985,2.562223083,0.04847184754,-0.03081136244,0.8414317018,0.5373023647,0,1
1325,44166666667,0,0,-0.6005707084,-1.487444493,2.565208675,0.04822873973,-0.03017781239,0.8412685793,0.5376155371,0,1
1326,44200000000,0,1,-0.6074780093,-1.481815153,2.572093843,0.04972855171,-0.03023412809,0.8424733605,0.5355852925,0,1
1327,44233333333,0,0,-0.6120436684,-1.480409768,2.577650053,0.0499568197,-0.02881501778,0.8428248536,0.5350890365,0,1
1328,44266666667,0,0,-0.6180779669,-1.479692796,2.582330363,0.05113639363,-0.02697789539,0.8419476004,0.5364527011,0,1
1329,44300000000,0,0,-0.6226689724,-1.47752065,2.584441294,0.05146763657,-0.02538874871,0.8400866837,0.5394078769,0,1
1330,44333333333,0,0,-0.6267115197,-1.474803311,2.586769439,0.05115348136,-0.02311443097,0.8383870432,0.5421772866,0,1
1331,44366666667,0,0,-0.6314581309,-1.472150978,2.58929235,0.05169724181,-0.02201846899,0.836734891,0.5447176374,0,1
1332,44400000000,0,0,-0.6362474657,-1.470014758,2.591673292,0.0521541338,-0.02260577109,0.8348632317,0.5475146663,0,1
1333,44433333333,0,0,-0.6380507373,-1.466301491,2.59239919,0.05076256809,-0.02324719995,0.8330268298,0.5504080579,0,1
1334,44466666667,0,0,-0.6411225384,-1.463798083,2.594676849,0.04958264487,-0.02224066887,0.8316606967,0.5526186746,0,1
1335,44500000000,0,1,-0.64660571,-1.457614196,2.600623052,0.04994190948,-0.0212614446,0.8305344604,0.5543160351,0,1
1336,44533333333,0,0,-0.6465063879,-1.452487706,2.600339982,0.04960074607,-0.02153150886,0.8288112739,0.5569093574,0,1
1337,44566666667,0,0,-0.6487760478,-1.448801727,2.602573654,0.0485434909,-0.01967542923,0.827929699,0.5583805338,0,1
1338,44600000000,0,0,-0.6508115233,-1.44532071,2.603790922,0.04773304041,-0.01818838819,0.8269270676,0.5599842535,0,1
1339,44633333333,0,0,-0.6543428946,-1.441383248,2.606081003,0.0474261352,-0.0183912548,0.8259785665,0.5614017555,0,1
1340,44666666667,0,0,-0.6570426935,-1.437584966,2.60705008,0.04647042292,-0.02005132827,0.8253679912,0.5623220814,0,1
1341,44700000000,0,0,-0.6592739389,-1.433088484,2.609581573,0.04457295635,-0.02086886269,0.8247235722,0.5633904255,0,1
1342,44733333333,0,0,-0.661260624,-1.428977622,2.611576262,0.04274351706,-0.02074835484,0.8236372366,0.5651231725,0,1
1343,44766666667,0,0,-0.6618370829,-1.422595604,2.613001417,0.04091982857,-0.0205030948,0.8225966072,0.5667803918,0,1
1344,44800000000,0,1,-0.6636107742,-1.417113698,2.61472804,0.04110664089,-0.02091278177,0.8214483072,0.56841497,0,1
1345,44833333333,0,0,-0.66355718,-1.411669541,2.614242889,0.04193227914,-0.02185631333,0.8196124675,0.5709635616,0,1
1346,44866666667,0,0,-0.6633895602,-1.405483356,2.612389902,0.04270465235,-0.02236411598,0.8181632326,0.5729616774,0,1
1347,44900000000,0,0,-0.6637964269,-1.400718173,2.610562565,0.04338823764,-0.02279676443,0.8171185577,0.5743823038,0,1
1348,44933333333,0,0,-0.6669398575,-1.396656598,2.610711665,0.04416383495,-0.02257600705,0.8163527017,0.5754199736,0,1
1349,44966666667,0,0,-0.6674562193,-1.390962415,2.607518795,0.04281059571,-0.02197292861,0.815314473,0.5770153841,0,1
1350,45000000000,0,0,-0.6711821373,-1.386254778,2.607404657,0.04075135575,-0.01921004674,0.8149227888,0.5778158438,0,1
1351,45033333333,0,0,-0.6747900244,-1.380822468,2.608828906,0.0389613749,-0.01654762662,0.8144578926,0.5786765318,0,1
1352,45066666667,0,0,-0.6773858451,-1.374702513,2.608021764,0.03808551099,-0.01426061557,0.8135889723,0.5800164764,0,1
1353,45100000000,0,0,-0.6787181092,-1.36835934,2.603917562,0.03756336242,-0.01295196044,0.8129094581,0.5810330915,0,1
1354,45133333333,0,0,-0.6806480128,-1.362770812,2.603083969,0.03731045133,-0.01160658277,0.8136374612,0.5800580136,0,1
1355,45166666667,0,0,-0.68647362,-1.359731645,2.602592085,0.03953479913,-0.01069196127,0.8138670998,0.5796059226,0,1
1356,45200000000,0,1,-0.6859352795,-1.352807341,2.600534191,0.04087715681,-0.01211091999,0.814181033,0.5790437196,0,1
1357,45233333333,0,0,-0.6884540675,-1.348859702,2.599762648,0.04148539599,-0.01021813948,0.814403068,0.5787246275,0,1
1358,45266666667,0,0,-0.6916117842,-1.344494108,2.597671402,0.04253793921,-0.007345546547,0.8138689163,0.579442796,0,1
1359,45300000000,0,0,-0.6940814823,-1.340914568,2.594932144,0.04537915416,-0.005647030024,0.8132634604,0.5800960156,0,1
1360,45333333333,0,0,-0.696907733,-1.338090451,2.590771137,0.04862658702,-0.005171141138,0.8121939155,0.5813344631,0,1
1361,45366666667,0,0,-0.6976976227,-1.334462286,2.586384237,0.04972064797,-0.005903332751,0.811772557,0.5818232751,0,1
1362,45400000000,0,0,-0.7007003455,-1.33178482,2.583229496,0.05087690149,-0.007181497742,0.8118650701,0.5815798095,0,1
1363,45433333333,0,0,-0.7029222575,-1.330192638,2.579336377,0.05109947822,-0.01060610537,0.8119370606,0.5814073989,0,1
1364,45466666667,0,0,-0.7057939886,-1.327222412,2.578247795,0.05017850564,-0.01358396791,0.8124296787,0.5807371269,0,1
1365,45500000000,0,0,-0.7072606056,-1.324347616,2.577202793,0.04887692349,-0.01639584898,0.8128554508,0.5801794882,0,1
1366,45533333333,0,0,-0.7057543485,-1.31827842,2.575855229,0.04695493059,-0.0185744994,0.8138560837,0.5788682903,0,1
1367,45566666667,0,0,-0.708040123,-1.315906604,2.578169406,0.04728022982,-0.01851780304,0.8154475468,0.5765994877,0,1
1368,45600000000,0,0,-0.7085870783,-1.313405318,2.576988263,0.04846807159,-0.01811756779,0.8158587773,0.5759314676,0,1
1369,45633333333,0,0,-0.7082671459,-1.309715654,2.57637598,0.0490358572,-0.01664640659,0.8166552231,0.5747979022,0,1
1370,45666666667,0,0,-0.7101911073,-1.308401893,2.575916522,0.05068385135,-0.01513830356,0.8172234993,0.5738882567,0,1
1371,45700000000,0,1,-0.7106535319,-1.306837443,2.573668265,0.05212929657,-0.01494035617,0.8172599894,0.5737119765,0,1
1372,45733333333,0,0,-0.7131330503,-1.305776098,2.573232693,0.05397910641,-0.01562456767,0.8177001793,0.5728948819,0,1
1373,45766666667,0,0,-0.7147677286,-1.30385205,2.5712323,0.05480871552,-0.01745033805,0.8175814403,0.5729328747,0,1
1374,45800000000,0,0,-0.7143195459,-1.299997981,2.570826071,0.05445053314,-0.01916363953,0.8180713369,0.5722125322,0,1
1375,45833333333,0,0,-0.7157535164,-1.298621716,2.572325327,0.05493299003,-0.01946099044,0.8186278644,0.5713598307,0,1
1376,45866666667,0,0,-0.7163741114,-1.295856541,2.573021945,0.05547844208,-0.019605757,0.8185367658,0.5714326905,0,1
1377,45900000000,0,0,-0.7159213268,-1.293494779,2.573669278,0.05590831662,-0.0189611008,0.8182648351,0.5718018856,0,1
1378,45933333333,0,0,-0.7173949878,-1.291855028,2.573493583,0.0575279085,-0.01785774433,0.8175019391,0.5727671606,0,1
1379,45966666667,0,0,-0.7197101024,-1.289625986,2.57511677,0.05966345583,-0.01692628505,0.8165797309,0.5738913799,0,1
1380,46000000000,0,0,-0.719519885,-1.287050608,2.573416885,0.06103990588,-0.01672675355,0.8152330534,0.5756643243,0,1
1381,46033333333,0,0,-0.7213506393,-1.285508433,2.573053552,0.06203293994,-0.01666792843,0.814213403,0.5770014115,0,1
1382,46066666667,0,0,-0.7214267801,-1.283898882,2.572588629,0.06240216618,-0.017240875,0.8130633121,0.5785644064,0,1
1383,46100000000,0,0,-0.7206172061,-1.280866463,2.570997707,0.06226512381,-0.01797534817,0.8124289726,0.5794472415,0,1
1384,46133333333,0,0,-0.7198108899,-1.278399316,2.570959519,0.06179311098,-0.01768515225,0.8126392425,0.5792117993,0,1
1385,46166666667,0,0,-0.7208569975,-1.277323022,2.571572093,0.06252177062,-0.01575777421,0.8129658953,0.5787306574,0,1
1386,46200000000,0,0,-0.7219824464,-1.276339191,2.572306228,0.06356729377,-0.01338986661,0.8129503634,0.5786982091,0,1
1387,46233333333,0,0,-0.7235512934,-1.275456457,2.571563538,0.06488118658,-0.01088275465,0.812608244,0.579085347,0,1
1388,46266666667,0,0,-0.7260218926,-1.275353894,2.570717068,0.06681203984,-0.009550171573,0.8120710452,0.5796426167,0,1
1389,46300000000,0,0,-0.7266971526,-1.274568334,2.5679602,0.06855421371,-0.0101481454,0.8115666806,0.5801352065,0,1
1390,46333333333,0,0,-0.7276092929,-1.274434669,2.566840494,0.0700883494,-0.01156907142,0.8117469388,0.579672914,0,1
1391,46366666667,0,1,-0.7293003205,-1.274321141,2.565840556,0.07174603798,-0.01318035637,0.8121154107,0.5789191169,0,1
1392,46400000000,0,0,-0.7303635313,-1.2741356,2.565150554,0.07362023112,-0.01483423444,0.8127551301,0.5777448447,0,1
1393,46433333333,0,0,-0.7326275938,-1.273807228,2.565507256,0.07637974112,-0.01602040548,0.8135213871,0.5762746173,0,1
1394,46466666667,0,0,-0.7335956841,-1.273612874,2.564526276,0.07879875385,-0.01712360482,0.8141053476,0.5750913158,0,1
1395,46500000000,0,0,-0.7367781555,-1.273763669,2.564479544,0.08153227796,-0.01721105006,0.8149432442,0.573518767,0,1
1396,46533333333,0,0,-0.7410129293,-1.274650335,2.565433138,0.08521775247,-0.01685044908,0.8151680957,0.5726735308,0,1
1397,46566666667,0,0,-0.742841166,-1.273942623,2.563366235,0.08833201908,-0.01720740529,0.8148401724,0.5726577103,0,1
1398,46600000000,0,0,-0.7472144666,-1.274720784,2.562778762,0.09069772552,-0.01667084862,0.814762295,0.5724145422,0,1
1399,46633333333,0,0,-0.7531059879,-1.275487411,2.561272845,0.09343601228,-0.01724682606,0.8140426225,0.5729806867,0,1
1400,46666666667,0,0,-0.7571814133,-1.27472381,2.55971169,0.09489433904,-0.0196102782,0.8136771989,0.5731840171,0,1
1401,46700000000,0,0,-0.7631721678,-1.274083911,2.559135699,0.09619170928,-0.02107986416,0.8136039064,0.5730196139,0,1
1402,46733333333,0,0,-0.7671644326,-1.273141214,2.557979566,0.09718961644,-0.02291471481,0.8134931586,0.5729380203,0,1
1403,46766666667,0,0,-0.7729743746,-1.272468114,2.558731406,0.09848383443,-0.02328144979,0.8135743441,0.572586845,0,1
1404,46800000000,0,0,-0.7774559916,-1.270667765,2.558846617,0.09944800584,-0.02278840273,0.8134248915,0.5726523629,0,1
1405,46833333333,0,0,-0.7832112794,-1.271143542,2.558864864,0.1004329838,-0.02134904178,0.8132956221,0.5727195346,0,1
1406,46866666667,0,0,-0.7921413977,-1.270932195,2.559477641,0.1033922254,-0.0201241257,0.8126169977,0.5732003858,0,1
1407,46900000000,0,0,-0.7990201705,-1.270897194,2.55937218,0.106536537,-0.02101583828,0.8118700933,0.5736508105,0,1
1408,46933333333,0,0,-0.8076974694,-1.27128602,2.55795529,0.1097677074,-0.02283536335,0.8109213314,0.5743136694,0,1
1409,46966666667,0,1,-0.8152303491,-1.271717875,2.557997178,0.1114935093,-0.02514989508,0.8106161216,0.5743154042,0,1
1410,47000000000,0,0,-0.8221153471,-1.270992908,2.558846783,0.1115673408,-0.02665679956,0.8106674588,0.5741606176,0,1
1411,47033333333,0,0,-0.8302469686,-1.270671516,2.560174961,0.1117374416,-0.02642416271,0.8106884564,0.5741086433,0,1
1412,47066666667,0,0,-0.8381153373,-1.270217401,2.560906563,0.113268121,-0.02676521537,0.8102860785,0.5743608856,0,1
1413,47100000000,0,0,-0.8451528906,-1.269959944,2.560526323,0.1150347758,-0.02747362511,0.8098421792,0.5746023365,0,1
1414,47133333333,0,0,-0.8529231673,-1.270224439,2.559550658,0.1171833264,-0.02867251945,0.8095607263,0.5745062097,0,1
1415,47166666667,0,0,-0.8599023323,-1.270561653,2.559674433,0.1188690791,-0.0301538015,0.8095157671,0.5741472921,0,1
1416,47200000000,0,0,-0.8661730333,-1.270494426,2.560182639,0.1196888896,-0.03144087269,0.8096794084,0.5736769969,0,1
1417,47233333333,0,0,-0.8732332542,-1.269929858,2.562016008,0.1204704594,-0.03175777412,0.8100731091,0.5729396741,0,1
1418,47266666667,0,0,-0.8803266349,-1.270526087,2.563231231,0.1217694797,-0.03160556163,0.8097202969,0.5731721583,0,1
1419,47300000000,0,0,-0.8877987372,-1.270054639,2.564861461,0.1234164402,-0.03154728394,0.8093359009,0.5733659832,0,1
1420,47333333333,0,1,-0.8979912922,-1.27151272,2.563617138,0.1261341844,-0.03182200879,0.808111389,0.5744854308,0,1
1421,47366666667,0,0,-0.903241679,-1.271694854,2.562999156,0.1268900704,-0.03337246446,0.8071697232,0.5755538433,0,1
1422,47400000000,0,0,-0.9100495665,-1.271841767,2.564056984,0.1269669938,-0.0343871192,0.8066548344,0.5761986521,0,1
1423,47433333333,0,0,-0.9146730585,-1.270662337,2.564952362,0.1258341823,-0.03492846503,0.806403268,0.5767664434,0,1
1424,47466666667,0,0,-0.9207253504,-1.270312796,2.566216203,0.1250963585,-0.03427816636,0.8063827118,0.5769946538,0,1
1425,47500000000,0,0,-0.9286843193,-1.270311923,2.569811574,0.1256447803,-0.0329327766,0.8063254139,0.5770339231,0,1
1426,47533333333,0,0,-0.9334767508,-1.271167305,2.569005117,0.1261948128,-0.03289487953,0.8051769423,0.578517837,0,1
1427,47566666667,0,0,-0.9396079129,-1.271007138,2.569898259,0.1261377512,-0.03238026604,0.8048275359,0.5790452689,0,1
1428,47600000000,0,0,-0.9460886378,-1.271775395,2.57104236,0.1261209442,-0.03288507872,0.8044855164,0.579495585,0,1
1429,47633333333,0,0,-0.9525975253,-1.271908218,2.57116065,0.1257535584,-0.03412127539,0.8039240811,0.580282563,0,1
1430,47666666667,0,0,-0.9557682543,-1.271147115,2.572573596,0.1237837462,-0.03531159121,0.8039716431,0.5805689216,0,1
1431,47700000000,0,1,-0.9634111423,-1.270567824,2.572654589,0.1231643918,-0.03466513716,0.8036623048,0.5811675839,0,1
1432,47733333333,0,0,-0.9700074314,-1.271008643,2.574282984,0.1232161874,-0.03418786727,0.8030939763,0.5819699529,0,1
1433,47766666667,0,0,-0.9730697764,-1.271197072,2.57353076,0.1234351184,-0.03566648293,0.8021477057,0.58313869,0,1
1434,47800000000,0,0,-0.9762700997,-1.271066258,2.57313012,0.1224200596,-0.03645769319,0.8020739827,0.5834050839,0,1
1435,47833333333,0,0,-0.9820943396,-1.271130886,2.574620807,0.1212697007,-0.03578524946,0.8023844292,0.5832600649,0,1
1436,47866666667,0,0,-0.9863381944,-1.271205158,2.575268797,0.1211359219,-0.03582175988,0.8023712769,0.5833037151,0,1
1437,47900000000,0,0,-0.990436216,-1.271751052,2.574735989,0.1216533108,-0.03607069465,0.8023125874,0.5832614243,0,1
1438,47933333333,0,0,-0.9949027171,-1.272108314,2.574423817,0.1220240227,-0.03640596879,0.8024832573,0.5829282676,0,1
1439,47966666667,0,0,-0.9983255524,-1.273387817,2.573976245,0.1220990946,-0.03764083011,0.8025659426,0.5827202474,0,1
1440,48000000000,0,0,-1.000514194,-1.272580614,2.574090568,0.1204848333,-0.0381546919,0.8030722694,0.5823251278,0,1
1441,48033333333,0,0,-1.004997765,-1.272086601,2.573732742,0.1180296245,-0.03658842593,0.8034509426,0.5824061106,0,1
1442,48066666667,0,0,-1.010732882,-1.271908933,2.573495265,0.1163120523,-0.03505117982,0.8038105137,0.5823500488,0,1
1443,48100000000,0,0,-1.011306251,-1.271466265,2.571092779,0.1140601999,-0.03496753749,0.8039078346,0.5826660583,0,1
1444,48133333333,0,0,-1.014242283,-1.271974266,2.569405136,0.1125209566,-0.03422851564,0.8045179397,0.5821669244,0,1
1445,48166666667,0,0,-1.018193778,-1.272279072,2.568399981,0.1121678696,-0.03420291155,0.8049917086,0.5815813606,0,1
1446,48200000000,0,0,-1.01946465,-1.271799094,2.566667841,0.1111103771,-0.03491238102,0.8054514657,0.5811054518,0,1
1447,48233333333,0,0,-1.021256432,-1.272000687,2.565015586,0.1089239405,-0.03460960482,0.8060959377,0.5806436856,0,1
1448,48266666667,0,0,-1.025731478,-1.271523682,2.565144394,0.1068321655,-0.03346002191,0.8068385304,0.5800680143,0,1
1449,48300000000,0,1,-1.030192519,-1.268936524,2.562133665,0.1061298076,-0.03329417653,0.8071408517,0.5797858287,0,1
1450,48333333333,0,0,-1.03151506,-1.268985238,2.560064476,0.1048361188,-0.03352039327,0.8076317914,0.5793243141,0,1
1451,48366666667,0,0,-1.034223152,-1.268845739,2.559077545,0.1041367775,-0.03375441327,0.8083589464,0.5784219783,0,1
1452,48400000000,0,0,-1.036982236,-1.26840429,2.557657071,0.1036549688,-0.03419665054,0.8086293947,0.5781044357,0,1
1453,48433333333,0,0,-1.038430387,-1.2682578,2.555817241,0.1027710106,-0.03463649695,0.8090067992,0.5777079118,0,1
1454,48466666667,0,0,-1.041518456,-1.267878935,2.554080023,0.1024846915,-0.0351120352,0.8091161259,0.5775769453,0,1
1455,48500000000,0,0,-1.042971911,-1.267525435,2.551839954,0.1020132431,-0.03652578841,0.8093185571,0.5772890422,0,1
1456,48533333333,0,0,-1.046036239,-1.267141438,2.549781069,0.1017831844,-0.03796750152,0.809499256,0.5769831945,0,1
1457,48566666667,0,0,-1.046218372,-1.265582199,2.545933288,0.1007550406,-0.03986123509,0.8096148082,0.576873787,0,1
1458,48600000000,0,0,-1.048843808,-1.265040212,2.54501145,0.0997937172,-0.03972222873,0.8104752937,0.5758412601,0,1
1459,48633333333,0,0,-1.051658846,-1.263992107,2.542989337,0.09982246336,-0.03863148466,0.8103846853,0.5760379727,0,1
1460,48666666667,0,0,-1.052525182,-1.262472475,2.540571306,0.1002244639,-0.03739147097,0.810340968,0.5761114912,0,1
1461,48700000000,0,0,-1.056083735,-1.261995372,2.536882514,0.1020180907,-0.03631317155,0.8098483521,0.5765581578,0,1
1462,48733333333,0,0,-1.059256265,-1.260906574,2.532337449,0.1041478435,-0.03680909347,0.8095655334,0.5765431159,0,1
1463,48766666667,0,0,-1.061175117,-1.260013108,2.529040989,0.1061286818,-0.03822350505,0.8097428925,0.5758403552,0,1
1464,48800000000,0,0,-1.061845901,-1.258559188,2.524190117,0.1081151457,-0.04000134529,0.8100477014,0.5749206285,0,1
1465,48833333333,0,0,-1.063264756,-1.257270414,2.520901639,0.1102461525,-0.04048152652,0.8108879584,0.5732955179,0,1
1466,48866666667,0,0,-1.06439126,-1.256755763,2.516712539,0.1125997889,-0.04047761538,0.8113898887,0.5721269953,0,1
1467,48900000000,0,1,-1.06929973,-1.254694405,2.509572273,0.1162269601,-0.03977979411,0.8117646761,0.5709176581,0,1
1468,48933333333,0,0,-1.07297156,-1.254542412,2.505439802,0.1191965813,-0.04012750372,0.8125394478,0.5691762506,0,1
1469,48966666667,0,0,-1.074973104,-1.253509521,2.502694368,0.1211508271,-0.04106568751,0.8133963467,0.5674702368,0,1
1470,49000000000,0,0,-1.07838481,-1.252388741,2.501075457,0.1224836399,-0.04093081219,0.8138519073,0.5665399364,0,1
1471,49033333333,0,0,-1.080645519,-1.250329585,2.499205171,0.1232918095,-0.04022060462,0.8137502471,0.5665615306,0,1
1472,49066666667,0,0,-1.083415426,-1.249344324,2.494590972,0.1249087952,-0.03963320278,0.812965393,0.5673748953,0,1
1473,49100000000,0,0,-1.087113625,-1.248020779,2.489909408,0.1277953884,-0.04046451076,0.8121116344,0.5678958138,0,1
1474,49133333333,0,0,-1.090341864,-1.246614385,2.48618958,0.13056742,-0.04249237552,0.8113943067,0.5681424346,0,1
1475,49166666667,0,0,-1.091705742,-1.245197852,2.482406833,0.1323019145,-0.04475959993,0.8108743889,0.568309341,0,1
1476,49200000000,0,0,-1.094744674,-1.243655618,2.47873173,0.1344097678,-0.04630487259,0.8103950783,0.5683746037,0,1
1477,49233333333,0,0,-1.097304847,-1.242304261,2.475177028,0.1368805073,-0.04813219656,0.8099448615,0.5682748804,0,1
1478,49266666667,0,0,-1.097313276,-1.240904658,2.470203532,0.1386216273,-0.05090768766,0.809492888,0.5682549745,0,1
1479,49300000000,0,0,-1.098340367,-1.238773447,2.467310891,0.1394006687,-0.05227654787,0.8100985184,0.5670758384,0,1
1480,49333333333,0,0,-1.101081839,-1.236921161,2.465180022,0.1400168271,-0.05225565811,0.8108577255,0.5658395385,0,1
1481,49366666667,0,0,-1.101849211,-1.234992536,2.462981053,0.1399759273,-0.05126208071,0.8114758228,0.5650539159,0,1
1482,49400000000,0,0,-1.10369615,-1.233999556,2.459545775,0.1401636188,-0.04854433531,0.811534456,0.5651631925,0,1
1483,49433333333,0,0,-1.105589056,-1.233278634,2.455415878,0.140343716,-0.04579820171,0.8114995075,0.5653978383,0,1
1484,49466666667,0,0,-1.108489316,-1.232304265,2.451220727,0.1413323583,-0.04388289893,0.8114739342,0.5653401717,0,1
1485,49500000000,0,0,-1.110795376,-1.232178746,2.447192595,0.1423999537,-0.0435343191,0.8115943636,0.5649261945,0,1
1486,49533333333,0,0,-1.113374483,-1.231592873,2.444284062,0.1428917778,-0.04330162095,0.8120976973,0.5640959488,0,1
1487,49566666667,0,1,-1.11562356,-1.230797893,2.440262871,0.1442225622,-0.04402665091,0.8125521164,0.5630457927,0,1
1488,49600000000,0,0,-1.116020213,-1.229933601,2.436724343,0.1453576833,-0.04507634726,0.8133964771,0.5614494081,0,1
1489,49633333333,0,0,-1.117059295,-1.229644873,2.435215985,0.1472894358,-0.04447207259,0.8146197229,0.5592162049,0,1
1490,49666666667,0,0,-1.118971482,-1.22968818,2.435208532,0.1502138694,-0.0431345555,0.8155767818,0.5571442511,0,1
1491,49700000000,0,0,-1.119304683,-1.229436435,2.43369992,0.1516579474,-0.04067235293,0.8159248713,0.5564281006,0,1
1492,49733333333,0,0,-1.120972409,-1.229154454,2.432154315,0.1523689668,-0.0359974396,0.8157624653,0.5567939317,0,1
1493,49766666667,0,0,-1.123307076,-1.228899652,2.431046342,0.1534483516,-0.03164489142,0.8150920863,0.5577428575,0,1
1494,49800000000,0,0,-1.125664918,-1.227865745,2.428820157,0.1555811277,-0.02706159373,0.8141873181,0.5587138748,0,1
1495,49833333333,0,0,-1.12881198,-1.227484489,2.425897135,0.1597540591,-0.02445019343,0.8130725518,0.5592797637,0,1
1496,49866666667,0,0,-1.128479986,-1.226894842,2.421642313,0.1634190509,-0.02526929277,0.812469727,0.5590604792,0,1
1497,49900000000,0,0,-1.128178267,-1.227232781,2.418667705,0.1646511511,-0.02647323851,0.8125090243,0.5585859393,0,1
1498,49933333333,0,0,-1.129145171,-1.226632728,2.416422945,0.1639819115,-0.02691632441,0.8131356807,0.5578492708,0,1
1499,49966666667,0,0,-1.131602837,-1.225991506,2.415114224,0.1636609917,-0.02693112566,0.8135930012,0.5572757151,0,1
1500,50000000000,0,0,-1.133367148,-1.225502267,2.413522116,0.1643365306,-0.0265592546,0.8134557588,0.5572951096,0,1
1501,50033333333,0,0,-1.133926444,-1.223923306,2.412408986,0.1653493276,-0.02476860551,0.8132300013,0.5574074641,0,1
1502,50066666667,0,0,-1.136284893,-1.22346506,2.409050314,0.1680535362,-0.02337835163,0.8127525729,0.5573551084,0,1
1503,50100000000,0,0,-1.140304201,-1.223343727,2.406467393,0.1719693529,-0.02378091014,0.8125030217,0.556506828,0,1
1504,50133333333,0,0,-1.141474162,-1.223504281,2.404690301,0.174887082,-0.02593703332,0.8123465746,0.5557290902,0,1
1505,50166666667,0,0,-1.142453032,-1.222062157,2.401852542,0.1764458147,-0.02772455512,0.8124642147,0.5549775881,0,1
1506,50200000000,0,0,-1.145244955,-1.222275835,2.400409957,0.1779885887,-0.02819536688,0.8126707014,0.5541582938,0,1
1507,50233333333,0,1,-1.149685702,-1.22084216,2.397028542,0.1823386543,-0.02819197816,0.8121484172,0.5535095084,0,1
1508,50266666667,0,0,-1.15184208,-1.220433439,2.394878547,0.1868250825,-0.02828144734,0.8116946496,0.5526738134,0,1
1509,50300000000,0,0,-1.152822651,-1.219436536,2.392150867,0.1908971085,-0.02834778219,0.8112544461,0.5519247421,0,1
1510,50333333333,0,0,-1.155277398,-1.219285447,2.389352787,0.194794967,-0.02842431805,0.8109856445,0.5509530501,0,1
1511,50366666667,0,0,-1.158394902,-1.218311454,2.385480814,0.1989223851,-0.0283251512,0.8107459154,0.5498350946,0,1
1512,50400000000,0,0,-1.162136437,-1.217668573,2.381546222,0.2041176148,-0.02947366211,0.8104205085,0.5483483399,0,1
1513,50433333333,0,0,-1.164762449,-1.216797416,2.37865294,0.2096329689,-0.03131600356,0.8103909119,0.5462049947,0,1
1514,50466666667,0,0,-1.165365391,-1.216023734,2.376284004,0.2146122844,-0.03351528026,0.810710133,0.5436610834,0,1
1515,50500000000,0,0,-1.169138088,-1.217309489,2.37185882,0.2197788866,-0.03360696199,0.8101994264,0.5423510879,0,1
1516,50533333333,0,0,-1.17229498,-1.217109009,2.369215868,0.2245339679,-0.03262615532,0.8090783193,0.542136795,0,1
1517,50566666667,0,0,-1.177305711,-1.216705638,2.363947493,0.23050403,-0.0325519547,0.807170111,0.5424801142,0,1
1518,50600000000,0,1,-1.180400856,-1.21596176,2.361962564,0.2358365688,-0.03507316687,0.8062321455,0.541424707,0,1
1519,50633333333,0,0,-1.182696427,-1.214318401,2.358308221,0.2405749738,-0.03961682365,0.8057781029,0.5396997667,0,1
1520,50666666667,0,0,-1.185117015,-1.213959866,2.356105452,0.2432581616,-0.0437547717,0.8060054876,0.5378346778,0,1
1521,50700000000,0,0,-1.186627342,-1.213989328,2.35365921,0.244884626,-0.04622512774,0.8061036735,0.5367416744,0,1
1522,50733333333,0,0,-1.188497347,-1.213831015,2.351034277,0.2470143361,-0.04688326305,0.8063098603,0.5353973166,0,1
1523,50766666667,0,0,-1.192781833,-1.214897039,2.34655569,0.2513079098,-0.04724682241,0.8058161879,0.5341089249,0,1
1524,50800000000,0,0,-1.195353564,-1.215668468,2.343590522,0.2558377733,-0.04859606252,0.805416916,0.5324368957,0,1
1525,50833333333,0,0,-1.197517986,-1.216480482,2.340561814,0.2594726853,-0.05016107617,0.8050665903,0.5310608037,0,1
1526,50866666667,0,0,-1.199243121,-1.216140172,2.335546374,0.2625606043,-0.05153744312,0.804660234,0.5300261586,0,1
1527,50900000000,0,0,-1.20166419,-1.218095478,2.331956196,0.2649963735,-0.05358430535,0.8041990021,0.5293105036,0,1
1528,50933333333,0,0,-1.202427395,-1.217409797,2.328479357,0.2666179595,-0.05494226756,0.8040641,0.5285613814,0,1
1529,50966666667,0,0,-1.205775419,-1.22033764,2.322348363,0.2694280954,-0.05537934268,0.8029659352,0.5287601883,0,1
1530,51000000000,0,0,-1.205281139,-1.220663591,2.320721711,0.2716914908,-0.05669204316,0.8021187814,0.5287487179,0,1
1531,51033333333,0,1,-1.204513726,-1.221799147,2.315089201,0.2740401,-0.05709515079,0.801200995,0.5288848012,0,1
1532,51066666667,0,0,-1.205519924,-1.222455529,2.311161906,0.2765393474,-0.05655636989,0.8007871517,0.5282682122,0,1
1533,51100000000,0,0,-1.205667989,-1.223271131,2.306835295,0.2791019726,-0.05765212902,0.8006124817,0.5270654371,0,1
1534,51133333333,0,0,-1.204435022,-1.224882778,2.30329894,0.2811783346,-0.05961106342,0.8011073853,0.5249878308,0,1
1535,51166666667,0,0,-1.203747063,-1.228166768,2.299238024,0.2824260996,-0.06002517948,0.8012351449,0.5240751078,0,1
1536,51200000000,0,0,-1.203343396,-1.230762025,2.294167827,0.2830576763,-0.05885077969,0.8009594201,0.52428899,0,1
1537,51233333333,0,0,-1.202294694,-1.230542563,2.290663844,0.283987122,-0.05712542669,0.8015708687,0.5230412438,0,1
1538,51266666667,0,1,-1.2023082,-1.235746271,2.284199756,0.2875205505,-0.05639935995,0.8016201255,0.5211105637,0,1
1539,51300000000,0,0,-1.202976404,-1.237841315,2.280711465,0.2931292151,-0.05659039855,0.8012429087,0.5185389005,0,1
1540,51333333333,0,0,-1.201523611,-1.241029663,2.27678361,0.2980018261,-0.05724576827,0.8004627716,0.5168918504,0,1
1541,51366666667,0,0,-1.20041121,-1.24265334,2.273162692,0.3014468381,-0.05738059893,0.7999293812,0.5157036512,0,1
1542,51400000000,0,0,-1.199488021,-1.243287005,2.270554981,0.3043246902,-0.05800451604,0.7998752588,0.5140248335,0,1
1543,51433333333,0,0,-1.198363573,-1.245377117,2.266962629,0.3076352591,-0.05926634678,0.7997000919,0.5121794709,0,1
1544,51466666667,0,0,-1.195742017,-1.246603912,2.263520997,0.3089056115,-0.05968084116,0.7999058557,0.5110441687,0,1
1545,51500000000,0,0,-1.195666285,-1.249819191,2.259550167,0.3098508124,-0.0577289307,0.7998365549,0.5108045908,0,1
1546,51533333333,0,0,-1.194207748,-1.250835309,2.256284464,0.3117468333,-0.05664336008,0.7995110985,0.5102817311,0,1
1547,51566666667,0,0,-1.192741496,-1.254085072,2.250868873,0.3140563315,-0.05574922215,0.7990325626,0.5097132613,0,1
1548,51600000000,0,0,-1.192479468,-1.255886837,2.24761665,0.3157904893,-0.05484083581,0.7988121255,0.5090854916,0,1
1549,51633333333,0,1,-1.191791176,-1.259418627,2.241078209,0.3171098419,-0.05468772592,0.7979621912,0.5096145035,0,1
1550,51666666667,0,0,-1.190264704,-1.261737622,2.236785846,0.3177098525,-0.05365980263,0.7978208009,0.5095714325,0,1
1551,51700000000,0,0,-1.189075077,-1.264350871,2.232436307,0.3183533795,-0.05355285505,0.7978699108,0.5091039412,0,1
1552,51733333333,0,0,-1.187422467,-1.26590069,2.227641627,0.3173360574,-0.05265321008,0.798426971,0.5089595643,0,1
1553,51766666667,0,0,-1.186682487,-1.268081435,2.222815284,0.3155178433,-0.05082277529,0.7998040595,0.5081131789,0,1
1554,51800000000,0,0,-1.188391263,-1.272199186,2.218403959,0.3159203049,-0.04942216839,0.8004441786,0.5069920386,0,1
1555,51833333333,0,0,-1.187669668,-1.27458832,2.215621776,0.3169050879,-0.04896023305,0.8003352757,0.5065940261,0,1
1556,51866666667,0,1,-1.185721222,-1.277533606,2.20878383,0.3175771627,-0.04806399336,0.8002416862,0.5064067949,0,1
1557,51900000000,0,0,-1.18715796,-1.280916761,2.205933742,0.3181341178,-0.04621753861,0.8010773012,0.5049057137,0,1
1558,51933333333,0,0,-1.188655112,-1.283016602,2.203623488,0.3203127656,-0.04582388832,0.8009241171,0.5038059767,0,1
1559,51966666667,0,0,-1.189520272,-1.28482397,2.200259913,0.3236377185,-0.04574204904,0.8000700851,0.5030448798,0,1
1560,52000000000,0,0,-1.189622016,-1.287102726,2.196250203,0.3261480427,-0.04524695563,0.7989579538,0.5032358843,0,1
1561,52033333333,0,0,-1.1893692,-1.287792949,2.192562338,0.3264109195,-0.04451486536,0.7986682381,0.5035904921,0,1
1562,52066666667,0,0,-1.18938023,-1.288392902,2.188718221,0.3250132831,-0.04469835796,0.7992879972,0.5034949058,0,1
1563,52100000000,0,0,-1.190400495,-1.289770432,2.185755757,0.3228574892,-0.04566424715,0.8007723406,0.5024355449,0,1
1564,52133333333,0,0,-1.191319399,-1.291070406,2.181590666,0.3208102298,-0.04606913819,0.8017795937,0.5021034894,0,1
1565,52166666667,0,0,-1.192354117,-1.292606286,2.177149464,0.3190944961,-0.04612825453,0.8026086168,0.5018668099,0,1
1566,52200000000,0,1,-1.194979641,-1.294091141,2.169929835,0.3184536003,-0.0447080169,0.8026092334,0.5024011506,0,1
1567,52233333333,0,0,-1.196047777,-1.296626165,2.166692536,0.318067106,-0.04214116266,0.8030443945,0.5021724196,0,1
1568,52266666667,0,0,-1.197256563,-1.298278698,2.163293932,0.3191090757,-0.04042050911,0.8030390937,0.5016610352,0,1
1569,52300000000,0,0,-1.19804576,-1.301181433,2.159801476,0.321033637,-0.03796581994,0.8032240449,0.5003270273,0,1
1570,52333333333,0,0,-1.199922876,-1.303341554,2.156067174,0.323504835,-0.03528587345,0.8030382687,0.4992284727,0,1
1571,52366666667,0,0,-1.19957031,-1.30490269,2.151222245,0.3242003662,-0.03344784842,0.8038562646,0.4975846359,0,1
1572,52400000000,0,0,-1.202588585,-1.307183762,2.148146718,0.3239861739,-0.03082624908,0.805661407,0.4949670684,0,1
1573,52433333333,0,0,-1.204766862,-1.309336814,2.145666217,0.3241169192,-0.02954786107,0.8072142322,0.4924229178,0,1
1574,52466666667,0,0,-1.2066155,-1.31205038,2.142045988,0.3250595474,-0.02893696248,0.8081476823,0.4903022194,0,1
1575,52500000000,0,0,-1.207198933,-1.314327419,2.139651998,0.3255519123,-0.02936608213,0.8087341368,0.4889812692,0,1
1576,52533333333,0,1,-1.207813397,-1.316636,2.134940797,0.3255476378,-0.03086239458,0.8093471901,0.4878763921,0,1
1577,52566666667,0,0,-1.20913152,-1.319347278,2.131703743,0.3243008009,-0.03133802732,0.8105035616,0.4867554779,0,1
1578,52600000000,0,0,-1.209805737,-1.321517585,2.129405557,0.3225688423,-0.03111325777,0.8113950023,0.4864354608,0,1
1579,52633333333,0,0,-1.211168714,-1.32465468,2.128827294,0.3218386353,-0.03157928153,0.8119765995,0.4859183508,0,1
1580,52666666667,0,0,-1.21350305,-1.32591443,2.127700101,0.321747839,-0.03321232069,0.8115738281,0.4865420757,0,1
1581,52700000000,0,0,-1.213530535,-1.326709933,2.124280963,0.3204729898,-0.03462875397,0.8106062265,0.4888920718,0,1
1582,52733333333,0,0,-1.211365158,-1.326876892,2.120625371,0.318250274,-0.03566519927,0.8110471401,0.4895378363,0,1
1583,52766666667,0,0,-1.211561997,-1.32965295,2.117333468,0.31676658,-0.03596964639,0.8123671175,0.4882876045,0,1
1584,52800000000,0,0,-1.211564608,-1.330600178,2.114050108,0.3155195734,-0.03589613173,0.8138273915,0.4866660492,0,1
1585,52833333333,0,1,-1.208914154,-1.335164222,2.106389669,0.3140760697,-0.03517697247,0.8156271691,0.4846350422,0,1
1586,52866666667,0,0,-1.211114271,-1.339170718,2.107245824,0.3135975378,-0.03404372603,0.8181724077,0.4807197939,0,1
1587,52900000000,0,0,-1.21208836,-1.341299319,2.105976281,0.3134934075,-0.03324335324,0.8196538833,0.4783139916,0,1
1588,52933333333,0,0,-1.213206859,-1.343909311,2.104086578,0.3125742147,-0.0319954991,0.821039372,0.4766214409,0,1
1589,52966666667,0,0,-1.213905324,-1.346491551,2.103696399,0.3115017165,-0.03074043337,0.8228343497,0.4743051121,0,1
1590,53000000000,0,0,-1.215329419,-1.348346142,2.104341767,0.3114417454,-0.03032275817,0.8240005122,0.472342805,0,1
1591,53033333333,0,0,-1.215549648,-1.349025239,2.103703454,0.3121476815,-0.03100576942,0.8248824884,0.4702885791,0,1
1592,53066666667,0,0,-1.21648237,-1.349892301,2.104027152,0.3129568004,-0.03263819002,0.8257811945,0.4680579115,0,1
1593,53100000000,0,0,-1.216762247,-1.350080892,2.102373855,0.313070877,-0.03429037947,0.8260594022,0.4673720786,0,1
1594,53133333333,0,0,-1.216471645,-1.350655925,2.100910116,0.3122082332,-0.0336597534,0.8262615735,0.4676375223,0,1
1595,53166666667,0,0,-1.216743425,-1.350518504,2.101496412,0.3119242084,-0.03214528143,0.8258683293,0.4686272204,0,1
1596,53200000000,0,0,-1.216528755,-1.349305418,2.101797231,0.3125254058,-0.03153756,0.8250834638,0.46964937,0,1
1597,53233333333,0,0,-1.216699497,-1.347486719,2.099519944,0.3130583553,-0.03193358472,0.8240493143,0.4710811395,0,1
1598,53266666667,0,0,-1.216260596,-1.345792102,2.098377455,0.3122867407,-0.03199173432,0.8235879275,0.4723943757,0,1
1599,53300000000,0,0,-1.214893018,-1.343824227,2.097391466,0.3116339809,-0.03235619111,0.8231713256,0.4735254033,0,1
1600,53333333333,0,0,-1.2128175,-1.342790792,2.096390446,0.311398561,-0.03299540421,0.8230205943,0.473898028,0,1
1601,53366666667,0,0,-1.21108698,-1.342539131,2.095984957,0.3111296341,-0.03317756756,0.8229772476,0.4741371634,0,1
1602,53400000000,0,0,-1.210023786,-1.340858942,2.096088435,0.3111961459,-0.03355235811,0.8225796001,0.4747567794,0,1
1603,53433333333,0,0,-1.208914069,-1.339969505,2.095198148,0.3111842914,-0.03418387072,0.8223769237,0.475070516,0,1
1604,53466666667,0,0,-1.207254814,-1.337345095,2.094520001,0.3108358074,-0.03545737171,0.8229101154,0.4742813697,0,1
1605,53500000000,0,1,-1.206196086,-1.335781051,2.093850384,0.3101926451,-0.03679343773,0.8238598862,0.4729499485,0,1
1606,53533333333,0,0,-1.205232058,-1.335240308,2.093545842,0.3091515012,-0.03785331552,0.8251139635,0.4713591233,0,1
1607,53566666667,0,0,-1.204133869,-1.335068832,2.093798375,0.3079032648,-0.03822883016,0.8263840386,0.4699186704,0,1
1608,53600000000,0,0,-1.202375931,-1.334581845,2.094486679,0.3071521768,-0.03743987568,0.8273892922,0.4687032698,0,1
1609,53633333333,0,0,-1.200282858,-1.33462421,2.095876153,0.3071603073,-0.03547949964,0.8281402526,0.4675226976,0,1
1610,53666666667,0,0,-1.199532182,-1.33395506,2.09917173,0.3088967643,-0.03448648277,0.8284767714,0.4658537439,0,1
1611,53700000000,0,0,-1.197661518,-1.332770224,2.098746995,0.3107276033,-0.03427023252,0.8284633002,0.4646745828,0,1
1612,53733333333,0,0,-1.196828184,-1.330998047,2.099380511,0.3116826752,-0.03343535071,0.8291414277,0.4628827932,0,1
1613,53766666667,0,0,-1.196200907,-1.329355908,2.100869056,0.3120997034,-0.03283983276,0.8298397897,0.4613905547,0,1
1614,53800000000,0,0,-1.196280552,-1.327724007,2.102673265,0.3126920978,-0.03268588171,0.8300395097,0.4606405295,0,1
1615,53833333333,0,0,-1.195206339,-1.325314407,2.104077876,0.3126260247,-0.03246232301,0.8298855015,0.4609785468,0,1
1616,53866666667,0,0,-1.194216753,-1.322920743,2.105957491,0.3130720813,-0.03113009353,0.8291606807,0.4620707249,0,1
1617,53900000000,0,0,-1.193523646,-1.32089099,2.107944251,0.3143000397,-0.02937986588,0.827855911,0.4636883643,0,1
1618,53933333333,0,0,-1.194053929,-1.317640233,2.10807072,0.3160091164,-0.02784649231,0.8264765221,0.4650799605,0,1
1619,53966666667,0,0,-1.195851754,-1.313710202,2.107964929,0.3169475296,-0.0270646857,0.8254285605,0.4663469286,0,1
1620,54000000000,0,0,-1.196378314,-1.310721296,2.10746112,0.3170958949,-0.02704693766,0.8251120084,0.4668070589,0,1
1621,54033333333,0,0,-1.198469926,-1.307854732,2.107777992,0.3169825273,-0.02705158482,0.8250760415,0.4669473364,0,1
1622,54066666667,0,0,-1.200352028,-1.305023696,2.106607266,0.3160684521,-0.02625981623,0.8250518443,0.46765437,0,1
1623,54100000000,0,0,-1.202999981,-1.302839536,2.108857164,0.3147396277,-0.02404503285,0.8253129905,0.4682085762,0,1
1624,54133333333,0,0,-1.204884818,-1.299540609,2.109857278,0.3145346291,-0.02273726958,0.8247311305,0.469435348,0,1
1625,54166666667,0,1,-1.210339269,-1.293779241,2.114611315,0.3150572344,-0.02169856641,0.8248390198,0.4689442426,0,1
1626,54200000000,0,0,-1.212006324,-1.290489603,2.112463104,0.3140137309,-0.02034912054,0.8247997928,0.4697729152,0,1
1627,54233333333,0,0,-1.214102156,-1.288908972,2.114417364,0.3132202534,-0.01900467753,0.8262816029,0.4677505828,0,1
1628,54266666667,0,0,-1.216771528,-1.287541695,2.117454955,0.3144364214,-0.01933290033,0.8271119733,0.4654479128,0,1
1629,54300000000,0,0,-1.218796964,-1.286429183,2.118378502,0.3172489851,-0.01848701769,0.8266713513,0.4643552396,0,1
1630,54333333333,0,0,-1.220727508,-1.284957549,2.120843491,0.3210800347,-0.01620212771,0.8257648679,0.4634193407,0,1
1631,54366666667,0,0,-1.22376265,-1.283207881,2.120631762,0.3253763163,-0.01387037336,0.8245987477,0.4625740706,0,1
1632,54400000000,0,0,-1.227936245,-1.28150498,2.122091461,0.3290609791,-0.01272386218,0.8241808125,0.4607417537,0,1
1633,54433333333,0,0,-1.232349435,-1.279603477,2.121386198,0.3317443658,-0.01374240983,0.8240115068,0.4590880728,0,1
1634,54466666667,0,0,-1.236880054,-1.278235395,2.12172812,0.3329345134,-0.0149646886,0.8242075065,0.4578347455,0,1
1635,54500000000,0,1,-1.24490904,-1.273200625,2.123101696,0.3343089481,-0.01662314709,0.8243153398,0.4565801339,0,1
1636,54533333333,0,0,-1.248913869,-1.270518152,2.12481865,0.3350515678,-0.02036810501,0.824019856,0.4564174232,0,1
1637,54566666667,0,0,-1.253028123,-1.266359862,2.126194072,0.3357047757,-0.0239350933,0.8228886658,0.4578030784,0,1
1638,54600000000,0,0,-1.255069361,-1.262595697,2.125162257,0.3364785012,-0.02744483871,0.821911878,0.4587917434,0,1
1639,54633333333,0,0,-1.257516852,-1.258459436,2.126171639,0.3376993481,-0.03159003453,0.821783467,0.4578571321,0,1
1640,54666666667,0,0,-1.26122563,-1.25425991,2.125990016,0.3389648931,-0.03467978092,0.821693763,0.4568582645,0,1
1641,54700000000,0,0,-1.264425807,-1.249444414,2.126593132,0.3395550573,-0.03564485874,0.821750888,0.4562425727,0,1
1642,54733333333,0,0,-1.266857604,-1.245283281,2.127029881,0.3399437144,-0.03454546636,0.8215686214,0.456365952,0,1
1643,54766666667,0,0,-1.27063253,-1.239630762,2.129706149,0.3409343663,-0.03245110481,0.8211914007,0.4564596007,0,1
1644,54800000000,0,1,-1.276004467,-1.230248977,2.132852871,0.3427652777,-0.03087941987,0.8213011622,0.454997612,0,1
1645,54833333333,0,0,-1.280240257,-1.223665571,2.134875551,0.3431728597,-0.02992207267,0.8212677597,0.4548146049,0,1
1646,54866666667,0,0,-1.284107197,-1.217115933,2.135962777,0.3425753769,-0.02805575972,0.8210962003,0.4556928959,0,1
1647,54900000000,0,0,-1.288148325,-1.210926254,2.138627915,0.3415123472,-0.02570761652,0.8211021781,0.4566176172,0,1
1648,54933333333,0,0,-1.291410948,-1.203378997,2.142310335,0.3412012454,-0.02437136664,0.8207145464,0.4576192522,0,1
1649,54966666667,0,0,-1.29461418,-1.197067401,2.145600778,0.341593262,-0.02382354004,0.8199567465,0.4587127818,0,1
1650,55000000000,0,0,-1.297988438,-1.189463058,2.149101652,0.3428015239,-0.02375939854,0.8186712375,0.4601086948,0,1
1651,55033333333,0,1,-1.301643796,-1.180130132,2.152652817,0.344787492,-0.02328193852,0.8170752731,0.461484057,0,1
1652,55066666667,0,0,-1.303330205,-1.173772629,2.155208508,0.3468109287,-0.02073032285,0.8147895324,0.4641233148,0,1
1653,55100000000,0,0,-1.306546878,-1.166829847,2.158888357,0.3500975452,-0.017955321,0.8121740383,0.4663503477,0,1
1654,55133333333,0,0,-1.310146086,-1.159373016,2.1618601,0.3542161941,-0.01650568303,0.8086897866,0.4693391943,0,1
1655,55166666667,0,0,-1.313168752,-1.152005107,2.161247206,0.357556862,-0.01494792792,0.8053448165,0.4725985362,0,1
1656,55200000000,0,0,-1.316552666,-1.14582106,2.162740031,0.3592588996,-0.01321808219,0.8032279193,0.4749560349,0,1
1657,55233333333,0,1,-1.318016839,-1.137698114,2.167059135,0.3607060181,-0.01357528687,0.8018308267,0.4762081535,0,1
1658,55266666667,0,0,-1.320055487,-1.132128118,2.167636574,0.3616107191,-0.01208357678,0.8000682869,0.4785210667,0,1
1659,55300000000,0,0,-1.321556727,-1.127357894,2.168987942,0.3624044558,-0.008524183935,0.7980516358,0.4813563496,0,1
1660,55333333333,0,0,-1.322340427,-1.122397686,2.17093203,0.3644183592,-0.005282696469,0.7959468065,0.4833632524,0,1
1661,55366666667,0,0,-1.324699068,-1.118355707,2.175035998,0.3675520802,-0.004110106207,0.7944146399,0.4835224454,0,1
1662,55400000000,0,0,-1.326074814,-1.113372553,2.176327089,0.3708133264,-0.004523237019,0.7930294035,0.4833025786,0,1
1663,55433333333,0,0,-1.326760157,-1.109422877,2.178022238,0.3731756948,-0.004343898578,0.792400315,0.482517121,0,1
1664,55466666667,0,1,-1.327679147,-1.10653227,2.181630313,0.3748629884,-0.003632581868,0.7922684813,0.4814303666,0,1
1665,55500000000,0,0,-1.329224775,-1.10346214,2.184193774,0.3765381626,-0.002709493488,0.7919837794,0.480596883,0,1
1666,55533333333,0,0,-1.33074444,-1.100093691,2.188468784,0.3778853459,-0.001495797624,0.7914300741,0.4804569343,0,1
1667,55566666667,0,0,-1.330723945,-1.096545028,2.190461822,0.3794580884,0.0002076389902,0.7903999316,0.480915236,0,1
1668,55600000000,0,0,-1.33233276,-1.093193928,2.195123692,0.3814455883,0.00221782342,0.7893913273,0.4809944665,0,1
1669,55633333333,0,0,-1.333518077,-1.088668316,2.197622942,0.3835459703,0.004181901091,0.7878164694,0.4818923229,0,1
1670,55666666667,0,0,-1.336008342,-1.085040625,2.202472944,0.3851114352,0.005763224789,0.7862701709,0.4831513077,0,1
1671,55700000000,0,1,-1.336806487,-1.082405045,2.2068912,0.3868027958,0.005270890335,0.7837218761,0.4859380987,0,1
1672,55733333333,0,0,-1.337773597,-1.077288562,2.20961551,0.388565413,0.004549782944,0.7811363004,0.4886944849,0,1
1673,55766666667,0,0,-1.338578943,-1.072651177,2.212315648,0.3898554427,0.004201041687,0.7791742083,0.4907979607,0,1
1674,55800000000,0,0,-1.339921722,-1.068134687,2.215565492,0.390880035,0.004087739522,0.7776536113,0.4923930844,0,1
1675,55833333333,0,0,-1.342460471,-1.064534399,2.220256821,0.3917262183,0.004248059098,0.775768522,0.4946875015,0,1
1676,55866666667,0,0,-1.342394564,-1.059549807,2.221603161,0.3925605902,0.004974967232,0.7735000038,0.497563239,0,1
1677,55900000000,0,0,-1.345076551,-1.055961756,2.227350034,0.3940364942,0.004935151113,0.7724314257,0.498056802,0,1
1678,55933333333,0,1,-1.345218417,-1.051439663,2.229321331,0.3964789468,0.002029002027,0.7703920974,0.4992958484,0,1
1679,55966666667,0,0,-1.346379359,-1.046682044,2.231774569,0.398265446,-0.0002807060957,0.7695481743,0.4991794899,0,1
1680,56000000000,0,0,-1.349432377,-1.043931663,2.235728483,0.3999556694,-0.00222396898,0.7690708369,0.4985584863,0,1
1681,56033333333,0,0,-1.352245619,-1.040571852,2.240751936,0.401931449,-0.004708936069,0.7679749989,0.4986414918,0,1
1682,56066666667,0,0,-1.355321005,-1.03672218,2.244209283,0.404084979,-0.007147040097,0.7662904573,0.4994628962,0,1
1683,56100000000,0,0,-1.357244704,-1.03361396,2.247407738,0.4056427292,-0.009280154491,0.7647449577,0.5005327208,0,1
1684,56133333333,0,1,-1.35898612,-1.032582186,2.249501854,0.4072926224,-0.01183618419,0.7624861849,0.5025807819,0,1
1685,56166666667,0,0,-1.361949508,-1.029620109,2.252653472,0.4088763751,-0.01339894319,0.7600480803,0.5049430599,0,1
1686,56200000000,0,0,-1.364550414,-1.025937791,2.254853812,0.4098344576,-0.01533961877,0.757485497,0.5079528869,0,1
1687,56233333333,0,0,-1.366741412,-1.023021419,2.257354482,0.4095204532,-0.01683731373,0.7557791098,0.5106930982,0,1
1688,56266666667,0,0,-1.369583121,-1.019613118,2.259303996,0.4096582642,-0.01920024469,0.7539770663,0.5131569357,0,1
1689,56300000000,0,0,-1.37165379,-1.016369834,2.260527168,0.4095677159,-0.02162437049,0.7526671953,0.5150521971,0,1
1690,56333333333,0,1,-1.374724155,-1.013747627,2.262892038,0.4089816444,-0.02249036145,0.7521194162,0.516279558,0,1
1691,56366666667,0,0,-1.378482417,-1.013679496,2.263227549,0.4093532181,-0.02235241983,0.7501325587,0.5188751839,0,1
1692,56400000000,0,0,-1.380969533,-1.011818855,2.265040087,0.4103692623,-0.02254161867,0.7479085935,0.5212692968,0,1
1693,56433333333,0,0,-1.383426049,-1.009576474,2.266739129,0.4107435961,-0.02187385971,0.7464197351,0.523133646,0,1
1694,56466666667,0,0,-1.38700233,-1.008325474,2.267300338,0.4108989926,-0.02086980964,0.7450108622,0.5250574104,0,1
1695,56500000000,0,0,-1.391551724,-1.005556705,2.268913493,0.4116326379,-0.02120869732,0.7436077367,0.5264563577,0,1
1696,56533333333,0,0,-1.394018914,-1.002424637,2.269800655,0.4118611485,-0.02200511885,0.7430251502,0.5270671638,0,1
1697,56566666667,0,0,-1.397051129,-1.000687567,2.271160259,0.4115088774,-0.02291908359,0.7435906466,0.5265055648,0,1
1698,56600000000,0,0,-1.400974135,-0.9992372476,2.270432487,0.4122108862,-0.02403047994,0.7433661798,0.5262237585,0,1
1699,56633333333,0,1,-1.403929801,-0.9979906934,2.273748503,0.4126233701,-0.02531265921,0.7434845738,0.5256728187,0,1
1700,56666666667,0,0,-1.405983706,-0.996363004,2.273558456,0.413699336,-0.02624090337,0.7428239572,0.5257155533,0,1
1701,56700000000,0,0,-1.408296255,-0.9965682841,2.274490992,0.4144461985,-0.02663446543,0.742570644,0.5254653104,0,1
1702,56733333333,0,0,-1.410312093,-0.9960423671,2.275893005,0.4148803742,-0.02710824833,0.7419946234,0.5259119668,0,1
1703,56766666667,0,0,-1.41182593,-0.9944319883,2.277112554,0.4147617537,-0.02749638589,0.7416022701,0.5265384215,0,1
1704,56800000000,0,0,-1.413466639,-0.9937062159,2.277329696,0.414285914,-0.02736603255,0.7418156916,0.5266191806,0,1
1705,56833333333,0,0,-1.416280022,-0.9930309397,2.279006019,0.4142845052,-0.02756776465,0.7418466029,0.5265662208,0,1
1706,56866666667,0,0,-1.418357452,-0.9901734613,2.279059274,0.4148817175,-0.02797176212,0.7419988144,0.5258597726,0,1
1707,56900000000,0,0,-1.41982874,-0.9906371081,2.279773148,0.4151048273,-0.02864046859,0.7425649126,0.5248476507,0,1
1708,56933333333,0,0,-1.422169683,-0.9910942873,2.280339853,0.4155053029,-0.02922361029,0.742853434,0.5240897819,0,1
1709,56966666667,0,0,-1.423622681,-0.9905696239,2.281420673,0.4158737225,-0.03036077331,0.7427034648,0.5239454492,0,1
1710,57000000000,0,0,-1.425107857,-0.9893826505,2.282641882,0.4160595852,-0.03094486768,0.7431586648,0.5231176116,0,1
1711,57033333333,0,0,-1.42683512,-0.9895772765,2.281882807,0.4161450667,-0.03162843019,0.7438271632,0.522057542,0,1
1712,57066666667,0,0,-1.429352423,-0.9913157521,2.282185374,0.416073239,-0.03200540811,0.7444058948,0.521266321,0,1
1713,57100000000,0,0,-1.431540784,-0.9924210906,2.282346574,0.4166041747,-0.03309332043,0.7439554149,0.5214174282,0,1
1714,57133333333,0,1,-1.4329776,-0.9896178717,2.283732567,0.4166218562,-0.03329881108,0.744307336,0.5208877112,0,1
1715,57166666667,0,0,-1.434925465,-0.9906470796,2.283911537,0.4160107671,-0.03341223137,0.7445234819,0.5210599287,0,1
1716,57200000000,0,0,-1.435742917,-0.9910293446,2.283654597,0.4153790988,-0.03352526006,0.7441476295,0.5220924887,0,1
1717,57233333333,0,0,-1.437134051,-0.9913568473,2.283590307,0.4146249509,-0.03272455769,0.7441208762,0.5227804272,0,1
1718,57266666667,0,0,-1.438418873,-0.9904756841,2.283322338,0.4138761842,-0.03164151663,0.7441909113,0.5233404304,0,1
1719,57300000000,0,0,-1.440288896,-0.9906257483,2.284054954,0.4131116306,-0.03066223017,0.7448974544,0.5229975056,0,1
1720,57333333333,0,0,-1.441593801,-0.9919867355,2.28366404,0.4124073997,-0.03048880662,0.7448934466,0.5235688327,0,1
1721,57366666667,0,0,-1.442292578,-0.990493361,2.284477228,0.4107550756,-0.02937931274,0.7458438634,0.5235781271,0,1
1722,57400000000,0,0,-1.444569338,-0.9913814652,2.283249256,0.4098590576,-0.02882809444,0.7463478205,0.5235928043,0,1
1723,57433333333,0,0,-1.445950351,-0.9912373702,2.283254359,0.4087052369,-0.02955941192,0.746888543,0.5236828954,0,1
1724,57466666667,0,0,-1.44607596,-0.9919592624,2.282654904,0.4060194766,-0.02963870226,0.7474911231,0.5249064229,0,1
1725,57500000000,0,0,-1.447223272,-0.9933650542,2.280662332,0.4033265464,-0.02875008648,0.747210433,0.5274255381,0,1
1726,57533333333,0,0,-1.448311356,-0.9922935316,2.280595751,0.4012642186,-0.02712141513,0.7469440703,0.5294582246,0,1
1727,57566666667,0,0,-1.450363741,-0.9910255086,2.278452027,0.4012814895,-0.02600721723,0.746855447,0.5296260305,0,1
1728,57600000000,0,0,-1.451902639,-0.9906513465,2.277035157,0.4018526665,-0.02583573522,0.7471233151,0.5288229394,0,1
1729,57633333333,0,0,-1.452716498,-0.9901530184,2.277585129,0.4010090504,-0.02611842163,0.7484107573,0.5276276223,0,1
1730,57666666667,0,0,-1.454382537,-0.9923621853,2.276555313,0.3998685507,-0.02678784861,0.7492207447,0.5273099933,0,1
1731,57700000000,0,0,-1.455666182,-0.9927395383,2.275662815,0.3994428957,-0.02730731054,0.748855007,0.5281248548,0,1
1732,57733333333,0,0,-1.456281141,-0.9898172943,2.27474047,0.398990309,-0.0266790487,0.7490282189,0.5282534326,0,1
1733,57766666667,0,0,-1.458996248,-0.9892042697,2.272341548,0.3989402103,-0.02606451506,0.7491355553,0.5281697354,0,1
1734,57800000000,0,1,-1.460329097,-0.9877039616,2.269236818,0.3985201472,-0.02658240831,0.7491104534,0.5284965435,0,1
1735,57833333333,0,0,-1.460673539,-0.9866042847,2.267132437,0.3968884971,-0.02738314083,0.7501210162,0.5282500786,0,1
1736,57866666667,0,0,-1.463140287,-0.9869544996,2.264764339,0.3955623222,-0.02727111314,0.7504585673,0.5287709091,0,1
1737,57900000000,0,0,-1.464782709,-0.9854273736,2.261840214,0.3955558444,-0.02763707886,0.7497645617,0.5297403778,0,1
1738,57933333333,0,0,-1.465936534,-0.9835755876,2.26011428,0.3952451937,-0.02791880148,0.7496879024,0.5300658699,0,1
1739,57966666667,0,0,-1.467244743,-0.983510721,2.257192411,0.394658698,-0.02771533353,0.7489061904,0.5316162999,0,1
1740,58000000000,0,0,-1.469528223,-0.9806557857,2.254417253,0.39426466,-0.02660703982,0.7482006925,0.532957003,0,1
1741,58033333333,0,0,-1.470122929,-0.9786426724,2.251033311,0.3938376518,-0.02572321796,0.747717369,0.5339934046,0,1
1742,58066666667,0,0,-1.473137866,-0.9771711125,2.248177449,0.3941880496,-0.02468301229,0.7475499618,0.5340183378,0,1
1743,58100000000,0,0,-1.475182179,-0.9749656885,2.244570907,0.3954769908,-0.02512425891,0.7469828119,0.5338383651,0,1
1744,58133333333,0,0,-1.477128925,-0.9739033793,2.240733485,0.3976597864,-0.02622373861,0.7463607931,0.5330333726,0,1
1745,58166666667,0,0,-1.478455553,-0.9725904684,2.237558529,0.4005402991,-0.02775520487,0.7455272642,0.5319644873,0,1
1746,58200000000,0,1,-1.481180132,-0.971418466,2.231798106,0.40450917,-0.02928571256,0.7442345405,0.530687881,0,1
1747,58233333333,0,0,-1.482482945,-0.9715336234,2.229035355,0.4076045127,-0.03070339675,0.7433116416,0.5295315535,0,1
1748,58266666667,0,0,-1.484212291,-0.9694523969,2.225728238,0.4112893709,-0.03282923162,0.7417089933,0.5288015358,0,1
1749,58300000000,0,0,-1.485286847,-0.9694259149,2.225372281,0.41269276,-0.03449366958,0.7411564786,0.5283767091,0,1
1750,58333333333,0,0,-1.486526081,-0.9692842076,2.222441217,0.4135834044,-0.03479646606,0.7391435736,0.5304759666,0,1
1751,58366666667,0,0,-1.486805143,-0.9660310615,2.217649146,0.415493534,-0.03436414406,0.7366628763,0.5324584824,0,1
1752,58400000000,0,0,-1.488513274,-0.9638036698,2.213357851,0.4185800854,-0.03446723715,0.7347421759,0.532688142,0,1
1753,58433333333,0,0,-1.49036585,-0.9619648001,2.211139399,0.4217412189,-0.03536463773,0.7336716556,0.5316103728,0,1
1754,58466666667,0,0,-1.491754258,-0.9604933865,2.2103355,0.4237255546,-0.0367410983,0.7331991127,0.5305900557,0,1
1755,58500000000,0,0,-1.493498421,-0.95940702,2.207161868,0.4243740295,-0.03820027777,0.7322370225,0.5312968707,0,1
1756,58533333333,0,1,-1.494717383,-0.9579177563,2.201914561,0.4243618908,-0.03914056187,0.7311535739,0.5327283111,0,1
1757,58566666667,0,0,-1.495604511,-0.9565001567,2.197925161,0.4247328668,-0.03914516368,0.7303571219,0.5335242474,0,1
1758,58600000000,0,0,-1.497490744,-0.955413888,2.193596527,0.4271048692,-0.03882606243,0.7295040493,0.5328206167,0,1
1759,58633333333,0,0,-1.499631646,-0.9555878817,2.190131229,0.4307334564,-0.03957508434,0.7281313181,0.5317210603,0,1
1760,58666666667,0,0,-1.499747099,-0.9534315051,2.188466418,0.4329320868,-0.04031254078,0.7276700183,0.5305101806,0,1
1761,58700000000,0,0,-1.501092562,-0.9525044856,2.186599813,0.4333989053,-0.0398529113,0.7285044354,0.5290164666,0,1
1762,58733333333,0,0,-1.503530844,-0.9533844458,2.183668082,0.4342292384,-0.04010216049,0.7282219018,0.5287056336,0,1
1763,58766666667,0,0,-1.503675554,-0.9513505316,2.179524891,0.4355562899,-0.04014660097,0.727542181,0.5285464441,0,1
1764,58800000000,0,0,-1.506365594,-0.9508500565,2.176635386,0.4374965062,-0.03956519982,0.7272489066,0.5273902065,0,1
1765,58833333333,0,0,-1.507981849,-0.9503913059,2.174685976,0.439871914,-0.04001125747,0.72595162,0.5271679466,0,1
1766,58866666667,0,0,-1.508354747,-0.9485831435,2.172211177,0.4417838897,-0.0402539156,0.7247077768,0.5272620366,0,1
1767,58900000000,0,0,-1.510041418,-0.9465750884,2.170381818,0.4428824084,-0.03992517392,0.7241892932,0.5270778125,0,1
1768,58933333333,0,0,-1.511702921,-0.9440508225,2.168266743,0.443897045,-0.04037151084,0.7237069794,0.5268526952,0,1
1769,58966666667,0,0,-1.512918471,-0.9407278707,2.164882906,0.4447675665,-0.04091404641,0.7234149216,0.5264776384,0,1
1770,59000000000,0,0,-1.513223148,-0.9392663495,2.161928908,0.4453525996,-0.04122041716,0.7235199466,0.5258144407,0,1
1771,59033333333,0,0,-1.513799414,-0.9388141699,2.159417766,0.4464951373,-0.04120672076,0.7232822159,0.5251732425,0,1
1772,59066666667,0,0,-1.514899412,-0.93808893,2.157565573,0.4478254828,-0.04043328289,0.7230391909,0.5244347576,0,1
1773,59100000000,0,0,-1.51656121,-0.9367491263,2.155299277,0.4489261578,-0.03954513966,0.7227241232,0.5239955425,0,1
1774,59133333333,0,0,-1.518494838,-0.9357429701,2.155149906,0.4489151143,-0.0392241427,0.7231405468,0.5234543308,0,1
1775,59166666667,0,1,-1.521503583,-0.9346977891,2.150202326,0.447881861,-0.03861109421,0.7227656051,0.5249008497,0,1
1776,59200000000,0,0,-1.521762231,-0.9326713044,2.147365094,0.4461323652,-0.03781641828,0.7241750436,0.5245058031,0,1
1777,59233333333,0,0,-1.523294246,-0.9353195074,2.143677816,0.4461802684,-0.03685150314,0.7246686396,0.5238515989,0,1
1778,59266666667,0,0,-1.524076683,-0.9359563482,2.141711062,0.4474909887,-0.03614790944,0.7241393423,0.5235144282,0,1
1779,59300000000,0,0,-1.52501194,-0.9355598738,2.141540565,0.4482573292,-0.03486738287,0.7243658558,0.5226315521,0,1
1780,59333333333,0,0,-1.525683888,-0.9363087712,2.14088955,0.4479998067,-0.0332504431,0.7243013402,0.5230469863,0,1
1781,59366666667,0,0,-1.527112085,-0.935489329,2.140152114,0.4478738585,-0.0318679287,0.7240781798,0.5235496457,0,1
1782,59400000000,0,0,-1.528755019,-0.9348414553,2.138834014,0.4477478731,-0.03084653466,0.7237784697,0.5241326742,0,1
1783,59433333333,0,0,-1.529821178,-0.9335310152,2.137499601,0.4479790828,-0.03042118756,0.7234782003,0.5243744715,0,1
1784,59466666667,0,0,-1.530924979,-0.933208447,2.136323873,0.4485482743,-0.03007342796,0.7233793343,0.5240442475,0,1
1785,59500000000,0,0,-1.53189277,-0.9343603621,2.134240233,0.4489955187,-0.02892600366,0.7224605151,0.5249924901,0,1
1786,59533333333,0,0,-1.53423325,-0.9335296174,2.133863121,0.4500213486,-0.02717112295,0.7213898452,0.5256797572,0,1
1787,59566666667,0,0,-1.536629746,-0.9307931888,2.13282772,0.4510472963,-0.02571577826,0.7205191174,0.5260677111,0,1
1788,59600000000,0,0,-1.537795209,-0.9290858882,2.132246349,0.4502306402,-0.02393948904,0.7209321468,0.5262851995,0,1
1789,59633333333,0,0,-1.540087809,-0.9280279628,2.129674965,0.4491691458,-0.02188778501,0.7213367553,0.5267269585,0,1
1790,59666666667,0,0,-1.543607994,-0.9271384604,2.126008082,0.4493526483,-0.02011610418,0.7210979135,0.5269680625,0,1
1791,59700000000,0,0,-1.546585049,-0.9259895388,2.123607334,0.4503898154,-0.01852636188,0.7208021756,0.5265453558,0,1
1792,59733333333,0,0,-1.551135461,-0.9253408346,2.121059503,0.4523891398,-0.01743353131,0.7201997125,0.5256924122,0,1
1793,59766666667,0,0,-1.554087236,-0.9235908989,2.118992646,0.454097978,-0.01752795212,0.7196192199,0.5250104529,0,1
1794,59800000000,0,0,-1.557451088,-0.9212930581,2.116533922,0.455909821,-0.01855501798,0.7194837935,0.5235885955,0,1
1795,59833333333,0,1,-1.56234244,-0.9206535477,2.1106965,0.457767498,-0.01999897722,0.7187256354,0.5229554663,0,1
1796,59866666667,0,0,-1.564474769,-0.9193527257,2.106608253,0.4588059202,-0.02137309903,0.7184034405,0.5224335508,0,1
1797,59900000000,0,0,-1.568046016,-0.9175487923,2.101739568,0.4613203157,-0.02157536248,0.7180507505,0.5206929899,0,1
1798,59933333333,0,0,-1.571141948,-0.9173976846,2.097906513,0.4650188802,-0.02255937877,0.717566896,0.5180214911,0,1
1799,59966666667,0,0,-1.573650342,-0.9161099358,2.093862908,0.4680891203,-0.02290431599,0.7173979527,0.5154688596,0,1
1800,60000000000,0,0,-1.577406916,-0.9156215748,2.091639788,0.4695025285,-0.02216596763,0.7181844886,0.5131150807,0,1
1801,60033333333,0,0,-1.582328276,-0.9164016482,2.08898403,0.4708303055,-0.02191921519,0.7177711211,0.5124870624,0,1
1802,60066666667,0,0,-1.585656348,-0.9153019181,2.08390589,0.47221798,-0.02195848235,0.7162412125,0.5133483515,0,1
1803,60100000000,0,0,-1.590286505,-0.9133671855,2.080004726,0.4739131773,-0.02167880428,0.71527829,0.5131406217,0,1
1804,60133333333,0,0,-1.595514145,-0.9107202326,2.076108325,0.4769567586,-0.02297554473,0.7141459798,0.5118397154,0,1
1805,60166666667,0,0,-1.600010632,-0.9087502303,2.073030286,0.4799714843,-0.02568546956,0.7135577006,0.5097087785,0,1
1806,60200000000,0,0,-1.6037534,-0.9069704849,2.069822245,0.48158235,-0.02821840521,0.7137354904,0.5078029259,0,1
1807,60233333333,0,1,-1.608290025,-0.9069617271,2.061701631,0.4823215277,-0.02968528987,0.7131348475,0.5078616119,0,1
1808,60266666667,0,0,-1.612131814,-0.9065068744,2.056707819,0.4824402426,-0.02982560805,0.7127415922,0.5082925026,0,1
1809,60300000000,0,0,-1.617051224,-0.9049851987,2.051591499,0.483456938,-0.02884115506,0.7119785592,0.5084526606,0,1
1810,60333333333,0,0,-1.622697799,-0.903491714,2.048006999,0.4852695864,-0.02864554875,0.7111236111,0.5079331361,0,1
1811,60366666667,0,0,-1.627881307,-0.9018369936,2.044936632,0.4864236085,-0.0294786092,0.7104667789,0.5077007393,0,1
1812,60400000000,0,0,-1.632280973,-0.8984286821,2.041993214,0.4863309101,-0.03030051912,0.7106251882,0.5075194246,0,1
1813,60433333333,0,0,-1.63747926,-0.8975371003,2.038159488,0.48596308,-0.03145808338,0.7108037138,0.5075513317,0,1
1814,60466666667,0,0,-1.640998388,-0.8961415719,2.032758404,0.4867074935,-0.03331032985,0.7096270938,0.5083656414,0,1
1815,60500000000,0,0,-1.644227284,-0.8923390085,2.027633616,0.4881347936,-0.03452559076,0.7091221476,0.5076201204,0,1
1816,60533333333,0,0,-1.647422545,-0.8923583668,2.023290382,0.4892692603,-0.03563655767,0.7090018838,0.5066181555,0,1
1817,60566666667,0,0,-1.650615089,-0.8903623875,2.019128057,0.4908123173,-0.03640812793,0.7087002844,0.5054914681,0,1
1818,60600000000,0,0,-1.654307091,-0.889750571,2.015456745,0.4918408079,-0.03688459448,0.7088516215,0.5042435176,0,1
1819,60633333333,0,1,-1.657157582,-0.8882655595,2.00991007,0.4925798557,-0.03674366435,0.7087772213,0.5036366145,0,1
1820,60666666667,0,0,-1.660836264,-0.8881926756,2.006988467,0.4929171736,-0.03612689756,0.7092916767,0.5026259291,0,1
1821,60700000000,0,0,-1.664000896,-0.8883843215,2.0032814,0.4937756969,-0.03563084772,0.7090924448,0.5020995006,0,1
1822,60733333333,0,0,-1.667337936,-0.8875395786,2.00033454,0.4950231343,-0.03513980379,0.7091018417,0.5008910748,0,1
1823,60766666667,0,0,-1.671161811,-0.8878214255,1.998086983,0.4958071897,-0.03473612219,0.7091975766,0.5000074297,0,1
1824,60800000000,0,0,-1.67485544,-0.8874456729,1.995858635,0.4962633491,-0.03444385505,0.7090555463,0.4997764915,0,1
1825,60833333333,0,0,-1.679058401,-0.8867250534,1.993636278,0.496905697,-0.034394956,0.7086698842,0.4996886135,0,1
1826,60866666667,0,0,-1.682802178,-0.8850788059,1.992117788,0.4977993382,-0.03471202036,0.7081356385,0.4995345955,0,1
1827,60900000000,0,0,-1.686321794,-0.8843527207,1.990243683,0.4988863635,-0.03563001968,0.7075654988,0.4991933122,0,1
1828,60933333333,0,0,-1.690215151,-0.8835663208,1.988750911,0.5000887627,-0.03674759899,0.707047021,0.4986435134,0,1
1829,60966666667,0,0,-1.693145624,-0.8821662894,1.987312745,0.5009335769,-0.03768667584,0.7067293731,0.4981755306,0,1
1830,61000000000,0,0,-1.696958418,-0.8823316199,1.985641431,0.5015436679,-0.03807624725,0.7061841519,0.4983052199,0,1
1831,61033333333,0,0,-1.700134682,-0.8805942131,1.98347843,0.5024229206,-0.03798710934,0.7052198336,0.4987917148,0,1
1832,61066666667,0,0,-1.703640728,-0.8784288045,1.981608548,0.5033262628,-0.03754891141,0.7046015857,0.4987878886,0,1
1833,61100000000,0,1,-1.706325531,-0.8762544608,1.978243666,0.5044366582,-0.03716577712,0.7035517982,0.499176552,0,1
1834,61133333333,0,0,-1.709106227,-0.8753982926,1.976381116,0.5053279,-0.03712569035,0.7031164557,0.4988914173,0,1
1835,61166666667,0,0,-1.712109945,-0.8737512454,1.974656993,0.5064131176,-0.03722118383,0.7028012087,0.4982276576,0,1
1836,61200000000,0,0,-1.714691848,-0.8742812273,1.973273183,0.5070154548,-0.03738034088,0.7027744451,0.497640551,0,1
1837,61233333333,0,0,-1.717404419,-0.8744004846,1.971315959,0.5079070324,-0.03696197336,0.7021763812,0.4976068616,0,1
1838,61266666667,0,0,-1.720564827,-0.8744183356,1.969259131,0.5091617872,-0.03609563764,0.7011797911,0.497793411,0,1
1839,61300000000,0,0,-1.723578249,-0.8735150937,1.968228155,0.5106967203,-0.03491529038,0.6999319676,0.4980612644,0,1
1840,61333333333,0,0,-1.727040846,-0.8728720656,1.967561697,0.512605944,-0.03417599845,0.6983297624,0.4984001307,0,1
1841,61366666667,0,0,-1.729967736,-0.8700111298,1.965576757,0.5146746971,-0.0337981182,0.6965738336,0.4987509777,0,1
1842,61400000000,0,0,-1.731741012,-0.868611864,1.963285851,0.5159782686,-0.03346872297,0.6957221234,0.49861508,0,1
1843,61433333333,0,0,-1.735212853,-0.8680700184,1.96313123,0.5173632858,-0.03304089385,0.6949958835,0.4982210872,0,1
1844,61466666667,0,0,-1.737250359,-0.8665250985,1.960518893,0.5194330131,-0.03277966308,0.6937299066,0.4978490286,0,1
1845,61500000000,0,0,-1.740454569,-0.8657426375,1.960594123,0.5209501256,-0.03281286362,0.6931293179,0.4970976074,0,1
1846,61533333333,0,0,-1.742866162,-0.8642882079,1.95989628,0.5217227999,-0.03284003107,0.6927079773,0.4968727308,0,1
1847,61566666667,0,0,-1.745182915,-0.8629414083,1.958584934,0.5220762311,-0.03303867095,0.6925030654,0.4967739521,0,1
1848,61600000000,0,0,-1.747154591,-0.8617167184,1.956022331,0.5223605327,-0.03271315022,0.6921860675,0.4969383983,0,1
1849,61633333333,0,0,-1.749325392,-0.8620710093,1.954784743,0.5227593095,-0.0327283038,0.6919155693,0.4968947649,0,1
1850,61666666667,0,0,-1.751020946,-0.86061559,1.951577094,0.5247959809,-0.03300131587,0.6906977482,0.4964239239,0,1
1851,61700000000,0,0,-1.75319784,-0.8600513306,1.951074791,0.5269304353,-0.03386210679,0.690190004,0.4948084805,0,1
1852,61733333333,0,0,-1.755821869,-0.8587913231,1.951580205,0.5278317829,-0.03514768992,0.6903814835,0.4934892664,0,1
1853,61766666667,0,1,-1.758125749,-0.8570623907,1.94921286,0.5275446536,-0.03658691378,0.6905385833,0.4934718849,0,1
1854,61800000000,0,0,-1.758907956,-0.8556597387,1.947124979,0.525675684,-0.03746798343,0.6915283021,0.4940140007,0,1
1855,61833333333,0,0,-1.7598072,-0.8554836592,1.942743332,0.5243704668,-0.03746907019,0.6917549128,0.4950826426,0,1
1856,61866666667,0,0,-1.76073022,-0.8540807208,1.937737079,0.5250191479,-0.03745462843,0.6915343149,0.4947042919,0,1
1857,61900000000,0,0,-1.762471085,-0.8521233246,1.934541719,0.5258282089,-0.0375728273,0.6925419786,0.4924211462,0,1
1858,61933333333,0,0,-1.766126068,-0.8517418322,1.933697643,0.5248800576,-0.03800196759,0.6943875314,0.490798056,0,1
1859,61966666667,0,0,-1.767394467,-0.8508390372,1.930106175,0.5229881305,-0.03840376659,0.6953964267,0.4913576862,0,1
1860,62000000000,0,0,-1.768543737,-0.8500772525,1.926086915,0.520414712,-0.03741770832,0.6962857211,0.4929042882,0,1
1861,62033333333,0,0,-1.769916445,-0.8497696912,1.921804584,0.5185798486,-0.03613587469,0.6961867114,0.4950688862,0,1
1862,62066666667,0,0,-1.77099592,-0.8471961669,1.917144063,0.5173652194,-0.03473967597,0.6962954784,0.4962851917,0,1
1863,62100000000,0,0,-1.772760436,-0.8460766529,1.913422929,0.5157947147,-0.03376498527,0.6968139566,0.4972585322,0,1
1864,62133333333,0,0,-1.773221737,-0.8437936189,1.907385278,0.515131281,-0.03354043017,0.696666601,0.4981670904,0,1
1865,62166666667,0,0,-1.773861638,-0.8423929779,1.902191775,0.5144643684,-0.0331455391,0.6970510904,0.4983448246,0,1
1866,62200000000,0,1,-1.775241249,-0.8401128608,1.894699386,0.5153545032,-0.03266240971,0.6962636447,0.49855776,0,1
1867,62233333333,0,0,-1.776462496,-0.8362900854,1.889914095,0.51646241,-0.03302779499,0.6961934609,0.497484079,0,1
1868,62266666667,0,0,-1.778030324,-0.8338243634,1.885582241,0.5164313846,-0.03436575818,0.6972709186,0.4959141919,0,1
1869,62300000000,0,0,-1.777937432,-0.8324745904,1.87931258,0.5153703473,-0.03520455661,0.6979802126,0.4959613565,0,1
1870,62333333333,0,0,-1.779435555,-0.8329084962,1.872552297,0.5148603918,-0.03532894446,0.6977933781,0.4967444455,0,1
1871,62366666667,0,0,-1.77961198,-0.8319653808,1.865848074,0.5154015051,-0.03516430732,0.6960711495,0.4986077766,0,1
1872,62400000000,0,0,-1.778773646,-0.8298915092,1.857935715,0.5165101126,-0.0336307568,0.6939887958,0.5004656103,0,1
1873,62433333333,0,0,-1.77889111,-0.8267188624,1.849953334,0.5187077673,-0.03205132454,0.6920384042,0.5009968181,0,1
1874,62466666667,0,0,-1.778758807,-0.8238884281,1.842480368,0.5220977956,-0.03186062525,0.6905282399,0.4995693569,0,1
1875,62500000000,0,1,-1.777384761,-0.8204546322,1.834974014,0.5254066349,-0.03209220031,0.6902637466,0.4964412541,0,1
1876,62533333333,0,0,-1.777365729,-0.8191642863,1.827976543,0.5275475253,-0.03223072154,0.6906766667,0.4935793059,0,1
1877,62566666667,0,0,-1.777299971,-0.8185326131,1.821562466,0.528127275,-0.03223318712,0.6913088708,0.4920717917,0,1
1878,62600000000,0,0,-1.776998591,-0.8170459637,1.813860587,0.5278583333,-0.03141117731,0.6917169862,0.4918399424,0,1
1879,62633333333,0,0,-1.77714879,-0.8156991503,1.8063274,0.5274991688,-0.03062310073,0.6919783242,0.4919073606,0,1
1880,62666666667,0,0,-1.776836554,-0.8131545098,1.797573583,0.5280335457,-0.03031668813,0.6917184477,0.4917184785,0,1
1881,62700000000,0,0,-1.777056013,-0.8100616664,1.78986348,0.5289159559,-0.03089837272,0.6923127605,0.489894115,0,1
1882,62733333333,0,0,-1.778438275,-0.8082891708,1.784156531,0.5299496146,-0.03283151646,0.69362092,0.4867910403,0,1
1883,62766666667,0,1,-1.777901931,-0.8035476749,1.777039759,0.5311982253,-0.03448055772,0.6950552206,0.4832574643,0,1
1884,62800000000,0,0,-1.776823492,-0.8049802705,1.769554443,0.5314375754,-0.03481058773,0.6957014903,0.4820391715,0,1
1885,62833333333,0,0,-1.775155096,-0.8048746214,1.762034416,0.5321978349,-0.03310492241,0.694411904,0.4831786794,0,1
1886,62866666667,0,0,-1.773623447,-0.8024748491,1.754647406,0.5335669699,-0.029156102,0.6927675705,0.4842822562,0,1
1887,62900000000,0,0,-1.774199084,-0.800710384,1.749427984,0.53549408,-0.02610993572,0.6912699943,0.4844689428,0,1
1888,62933333333,0,0,-1.773984112,-0.7976908403,1.744513499,0.5369724365,-0.02447122725,0.6903397329,0.4842445814,0,1
1889,62966666667,0,0,-1.773483753,-0.7941025048,1.738507339,0.5371110594,-0.02265584315,0.6906530549,0.4837321371,0,1
1890,63000000000,0,0,-1.773441397,-0.792523971,1.732485101,0.5374645127,-0.0218462321,0.6911265746,0.4826993864,0,1
1891,63033333333,0,1,-1.773980316,-0.7897975142,1.727366449,0.5390221735,-0.02171482472,0.6912629991,0.4807692055,0,1
1892,63066666667,0,0,-1.773449967,-0.7895570756,1.722795022,0.540339755,-0.02101751441,0.6906406492,0.4802152714,0,1
1893,63100000000,0,0,-1.773640888,-0.7884623428,1.717905596,0.5424914174,-0.01969765142,0.6891276183,0.4800189478,0,1
1894,63133333333,0,0,-1.772868174,-0.7864635668,1.713520137,0.5444029189,-0.01871211515,0.6875831949,0.4801090175,0,1
1895,63166666667,0,0,-1.771775513,-0.7839968826,1.708729556,0.546568887,-0.01779225449,0.6864403794,0.4793177369,0,1
1896,63200000000,0,0,-1.772301386,-0.7828359106,1.704696777,0.5492326795,-0.01750828396,0.685395436,0.4777761192,0,1
1897,63233333333,0,0,-1.772711871,-0.7815992253,1.700546401,0.5519843484,-0.01761135894,0.6838222375,0.476854555,0,1
1898,63266666667,0,0,-1.772516902,-0.7788080319,1.696546725,0.5546688078,-0.01710169295,0.6822391629,0.4760249683,0,1
1899,63300000000,0,1,-1.773072035,-0.7779988285,1.692823321,0.5578622016,-0.01744502504,0.6808122139,0.4743207401,0,1
1900,63333333333,0,0,-1.773285493,-0.7762116084,1.688684087,0.5620355075,-0.01821118399,0.6786037847,0.4725265542,0,1
1901,63366666667,0,0,-1.774299817,-0.7736173147,1.685565725,0.5655954532,-0.01808300329,0.6766765911,0.4710451989,0,1
1902,63400000000,0,0,-1.774973954,-0.7721212519,1.68041947,0.5691710536,-0.01754469624,0.674259687,0.4702237444,0,1
1903,63433333333,0,0,-1.776880636,-0.7718625483,1.677275932,0.573086002,-0.01767821582,0.6715780129,0.4693004235,0,1
1904,63466666667,0,0,-1.777296492,-0.7688787532,1.673015477,0.5777451434,-0.01842859985,0.6684516883,0.468020594,0,1
1905,63500000000,0,0,-1.778338558,-0.7669030934,1.668926246,0.5819090648,-0.01885923177,0.6662119189,0.4660341713,0,1
1906,63533333333,0,0,-1.780467463,-0.7647681323,1.665028995,0.5866535018,-0.0203062706,0.6640631248,0.4630825957,0,1
1907,63566666667,0,0,-1.781987308,-0.7635463904,1.660589382,0.5913628861,-0.02198247368,0.6619547674,0.4600245577,0,1
1908,63600000000,0,1,-1.784529254,-0.7621446958,1.654962549,0.5955109691,-0.02271283388,0.6595158776,0.4581371193,0,1
1909,63633333333,0,0,-1.787487926,-0.7615293878,1.6498515,0.5995557498,-0.02290883893,0.6563931688,0.4573358678,0,1
1910,63666666667,0,0,-1.789978325,-0.7598896718,1.645796326,0.6035431246,-0.02316959465,0.6528129091,0.4572025507,0,1
1911,63700000000,0,0,-1.791495915,-0.7567672698,1.640552295,0.6078382241,-0.02328065602,0.649493111,0.4562339347,0,1
1912,63733333333,0,0,-1.795151288,-0.7545640742,1.63633696,0.6120564184,-0.02408213472,0.6470574172,0.4540084693,0,1
1913,63766666667,0,0,-1.796355082,-0.7516654817,1.630072583,0.6155636231,-0.02479795292,0.6448167165,0.4524134055,0,1
1914,63800000000,0,0,-1.799434829,-0.7502276731,1.624787092,0.6185011893,-0.02513595508,0.6433355752,0.4504928416,0,1
1915,63833333333,0,0,-1.802135027,-0.7481586309,1.618733929,0.6219724167,-0.02529882131,0.6416192497,0.4481462048,0,1
1916,63866666667,0,1,-1.805127187,-0.7507040311,1.614489472,0.6246080621,-0.02621725124,0.6399911627,0.446753552,0,1
1917,63900000000,0,0,-1.807819065,-0.7486412958,1.609377144,0.6278568976,-0.02627928065,0.6378569689,0.4452455533,0,1
1918,63933333333,0,0,-1.812011718,-0.7478865701,1.604457547,0.6306846583,-0.02592295703,0.6361156317,0.4437586791,0,1
1919,63966666667,0,0,-1.816076714,-0.7453345495,1.600061389,0.6334984955,-0.02572078245,0.6344795103,0.442101627,0,1
1920,64000000000,0,0,-1.821685591,-0.7442555026,1.596739813,0.6352080222,-0.02629843128,0.6337091914,0.4407173945,0,1
1921,64033333333,0,0,-1.824667859,-0.7416253528,1.591653908,0.6357320414,-0.02615605379,0.6330994636,0.4408465738,0,1
1922,64066666667,0,0,-1.828117812,-0.7404430527,1.585679085,0.6360453584,-0.02559068692,0.6322304084,0.4416742347,0,1
1923,64100000000,0,0,-1.831686913,-0.7384358163,1.580053393,0.6378089961,-0.02577511397,0.630697219,0.4413120732,0,1
1924,64133333333,0,0,-1.835229787,-0.736554956,1.575790462,0.6403374687,-0.02751610284,0.6294639628,0.4393016161,0,1
1925,64166666667,0,1,-1.836559692,-0.7345778191,1.570143859,0.6422022699,-0.0293572661,0.6289336791,0.4372148473,0,1
1926,64200000000,0,0,-1.84272521,-0.732747504,1.567221805,0.64356678,-0.03165289156,0.6294601979,0.4342807311,0,1
1927,64233333333,0,0,-1.846517464,-0.7312700624,1.56260942,0.6438285168,-0.03427601903,0.6298692544,0.43309897,0,1
1928,64266666667,0,0,-1.848518986,-0.7305027593,1.556353619,0.6440438679,-0.03638771236,0.6296769699,0.4328860638,0,1
1929,64300000000,0,0,-1.851372583,-0.7308071611,1.550572331,0.6455446125,-0.03849826664,0.6285424404,0.4321162313,0,1
1930,64333333333,0,0,-1.854445704,-0.7302798662,1.545316637,0.6475580216,-0.03992543987,0.6267104743,0.4316347406,0,1
1931,64366666667,0,0,-1.85673566,-0.7274877506,1.539231421,0.6499377574,-0.03991027866,0.6247938341,0.4308372617,0,1
1932,64400000000,0,1,-1.860150621,-0.7265768371,1.535668315,0.6515360014,-0.04022088822,0.6238143994,0.4298124173,0,1
1933,64433333333,0,0,-1.864705312,-0.7244702119,1.53171878,0.6529114688,-0.04115746014,0.6230117875,0.4287994754,0,1
1934,64466666667,0,0,-1.867230405,-0.7220784517,1.527188774,0.6535971568,-0.0416974379,0.6226237283,0.4282660076,0,1
1935,64500000000,0,0,-1.870659526,-0.719944707,1.522002741,0.6545297166,-0.04249809152,0.6222053971,0.4273701045,0,1
1936,64533333333,0,0,-1.873978592,-0.7172517643,1.518212088,0.6549898235,-0.04373872917,0.622534416,0.426058864,0,1
1937,64566666667,0,0,-1.875416297,-0.7145603376,1.513410477,0.6544616798,-0.04377996379,0.6228922726,0.4263431027,0,1
1938,64600000000,0,0,-1.877805718,-0.7144512161,1.509249498,0.6531440072,-0.04286676138,0.6232050872,0.427996222,0,1
1939,64633333333,0,0,-1.879198896,-0.7117986879,1.505538386,0.6524298589,-0.04183097627,0.6231978553,0.4291967867,0,1
1940,64666666667,0,0,-1.879218727,-0.7087090205,1.500865706,0.6511315695,-0.04018467667,0.6237077127,0.4305828145,0,1
1941,64700000000,0,1,-1.878181325,-0.7083016213,1.494893919,0.6487350969,-0.03794684332,0.6248606947,0.4327261528,0,1
1942,64733333333,0,0,-1.876561328,-0.7071276994,1.489802699,0.6465433765,-0.03527160142,0.6262532388,0.4342170625,0,1
1943,64766666667,0,0,-1.876127654,-0.7071153242,1.484388299,0.6456813796,-0.03270983473,0.6270533245,0.4345454532,0,1
1944,64800000000,0,0,-1.877033318,-0.7076781116,1.480426054,0.64657478,-0.03207363081,0.6273796567,0.4327899057,0,1
1945,64833333333,0,0,-1.875085752,-0.7052304238,1.476624847,0.6480513464,-0.03259924791,0.6280375275,0.4295760766,0,1
1946,64866666667,0,0,-1.87415584,-0.7063608548,1.473337494,0.6475807741,-0.03212968911,0.6301276193,0.4272540315,0,1
1947,64900000000,0,0,-1.875965153,-0.7104605708,1.470708075,0.6460309453,-0.03258939828,0.6313973813,0.4276906541,0,1
1948,64933333333,0,1,-1.876815787,-0.7148005553,1.466492348,0.6447737468,-0.03492067937,0.6301018139,0.4312992763,0,1
1949,64966666667,0,0,-1.870401281,-0.7124766299,1.462002994,0.6442337528,-0.03831948805,0.6273486174,0.4358075273,0,1
1950,65000000000,0,0,-1.866095611,-0.7157950146,1.457291373,0.6431083447,-0.039162849,0.6248372304,0.4409720668,0,1
1951,65033333333,0,0,-1.863390206,-0.7207649163,1.451985937,0.6437622149,-0.03972028689,0.6191348322,0.4479559901,0,1
1952,65066666667,0,0,-1.851888012,-0.7148530019,1.446324507,0.6469282864,-0.0400189276,0.6130214725,0.4517598387,0,1
1953,65100000000,0,0,-1.846446996,-0.712085119,1.443369668,0.6487012633,-0.03950448206,0.6112792276,0.4516234856,0,1
1954,65133333333,0,0,-1.841375687,-0.7096792935,1.43935242,0.6492788539,-0.03964030694,0.6114566881,0.4505400477,0,1
1955,65166666667,0,1,-1.835354446,-0.7103682286,1.433092745,0.6488010223,-0.04146542934,0.6131997153,0.448691387,0,1
1956,65200000000,0,0,-1.829840681,-0.7136995592,1.428382971,0.6467770159,-0.04425033137,0.615921642,0.4476180635,0,1
1957,65233333333,0,0,-1.823726953,-0.7169295657,1.423770194,0.6443597317,-0.04553395944,0.6175530586,0.4487264361,0,1
1958,65266666667,0,0,-1.817012091,-0.7201066463,1.417702799,0.6435452106,-0.04601855546,0.6171246307,0.4504320643,0,1
1959,65300000000,0,0,-1.811526737,-0.7222555336,1.4139901,0.6444018512,-0.04754257006,0.616590445,0.4497801477,0,1
1960,65333333333,0,0,-1.803972368,-0.7248649901,1.409002644,0.6447599508,-0.04908523349,0.6157607285,0.4502376827,0,1
1961,65366666667,0,1,-1.794165975,-0.7280820644,1.401855653,0.6449219637,-0.04910412155,0.6147017969,0.4514489416,0,1
1962,65400000000,0,0,-1.788908902,-0.7292222348,1.39734267,0.6450151125,-0.04853402054,0.6148618322,0.4511594849,0,1
1963,65433333333,0,0,-1.779650346,-0.7329242482,1.391194446,0.6439803032,-0.04803706556,0.614598443,0.4530458732,0,1
1964,65466666667,0,0,-1.772796222,-0.7353186801,1.386582369,0.6438196241,-0.04595681404,0.6142868934,0.4539117486,0,1
1965,65500000000,0,0,-1.764944244,-0.737852948,1.382615693,0.6437294315,-0.04418634853,0.6145133232,0.453908979,0,1
1966,65533333333,0,0,-1.760896484,-0.7426273401,1.379248579,0.6433549875,-0.04226059434,0.614932177,0.4540559657,0,1
1967,65566666667,0,1,-1.750001041,-0.7433981302,1.373230164,0.6440929554,-0.04362659497,0.6141435944,0.453947828,0,1
1968,65600000000,0,0,-1.742101968,-0.745800271,1.368479231,0.6440589345,-0.0435561558,0.6148627007,0.4530284864,0,1
1969,65633333333,0,0,-1.738246094,-0.7514659603,1.364488531,0.6438903339,-0.04358551265,0.6147552342,0.453411009,0,1
1970,65666666667,0,0,-1.731223115,-0.7514938769,1.361458671,0.6436598127,-0.04476870353,0.6143059204,0.4542312679,0,1
1971,65700000000,0,0,-1.723155722,-0.7554641395,1.356370923,0.6425348259,-0.04421319354,0.614078353,0.4561819455,0,1
1972,65733333333,0,0,-1.720621019,-0.7570891733,1.353131395,0.6420182079,-0.0447135368,0.6141674545,0.4567402524,0,1
1973,65766666667,0,1,-1.707115825,-0.7557513677,1.345211768,0.6411966379,-0.04729366624,0.614160901,0.4576424022,0,1
1974,65800000000,0,0,-1.696674539,-0.7553537079,1.34016024,0.6387876244,-0.04633173469,0.6178153981,0.4561884207,0,1
1975,65833333333,0,0,-1.694964043,-0.7624382192,1.335773358,0.6360815359,-0.04594536554,0.6224268598,0.45373352,0,1
1976,65866666667,0,0,-1.689714109,-0.7654081652,1.331118518,0.634299388,-0.04742166094,0.6248135365,0.4527952265,0,1
1977,65900000000,0,0,-1.681349685,-0.7694172752,1.324957337,0.6338649656,-0.04801004065,0.6258638229,0.4518901598,0,1
1978,65933333333,0,0,-1.680736676,-0.777375856,1.321969299,0.6338603051,-0.04943661217,0.6260162001,0.4515316735,0,1
1979,65966666667,0,1,-1.666249638,-0.7775306684,1.310714735,0.6345004754,-0.04944347524,0.622110566,0.4560076021,0,1
1980,66000000000,0,0,-1.662219981,-0.7823338203,1.305696473,0.6351795053,-0.04792446179,0.6193986784,0.4589068742,0,1
1981,66033333333,0,0,-1.660968157,-0.7870047548,1.302536868,0.6359824872,-0.04931865565,0.6163464331,0.461747789,0,1
1982,66066666667,0,0,-1.652598185,-0.7877529898,1.295751792,0.6351834856,-0.0494195292,0.6111177478,0.4697177323,0,1
1983,66100000000,0,0,-1.643346859,-0.7847031276,1.289744629,0.634017813,-0.04540855128,0.6067140715,0.4773442277,0,1
1984,66133333333,0,0,-1.637554826,-0.7814124755,1.286094842,0.6316046986,-0.04040724673,0.6058628689,0.4820507683,0,1
1985,66166666667,0,1,-1.629446836,-0.7777999365,1.279300573,0.6284253582,-0.0368906655,0.6076545275,0.4842278629,0,1
1986,66200000000,0,0,-1.628935566,-0.7803847773,1.273412335,0.6239000922,-0.03517783253,0.6124195232,0.4842040093,0,1
1987,66233333333,0,0,-1.623019837,-0.7781245864,1.267953279,0.6200974617,-0.03669383706,0.6157067888,0.484807024,0,1
1988,66266666667,0,0,-1.610558263,-0.7804116848,1.259128197,0.6183667206,-0.0345991537,0.6179131652,0.4843643439,0,1
1989,66300000000,0,0,-1.607421659,-0.7825125854,1.253323196,0.6191459531,-0.03122263858,0.6198189561,0.4811526756,0,1
1990,66333333333,0,0,-1.600987338,-0.7837971924,1.24684962,0.6202815432,-0.02652940932,0.6208831088,0.4785928989,0,1
1991,66366666667,0,1,-1.59803333,-0.7871740348,1.239490925,0.622923642,-0.02316298808,0.6215724096,0.474423178,0,1
1992,66400000000,0,0,-1.597544054,-0.7874473338,1.236649419,0.6246939404,-0.02291608633,0.6233868589,0.4697032659,0,1
1993,66433333333,0,0,-1.595832894,-0.7890911887,1.232269518,0.6252112975,-0.02451786916,0.625037292,0.4667312837,0,1
1994,66466666667,0,0,-1.594379638,-0.7913405256,1.227071948,0.6251947453,-0.02698944334,0.6260138718,0.4653060634,0,1
1995,66500000000,0,0,-1.593407249,-0.7938528217,1.222403381,0.624834498,-0.03098875348,0.6256259089,0.4660619802,0,1
1996,66533333333,0,0,-1.586060188,-0.7918662981,1.216163777,0.6263588178,-0.03706989743,0.6239861302,0.4657700757,0,1
1997,66566666667,0,1,-1.576450511,-0.7887185245,1.209444009,0.62839162,-0.04061016102,0.6233301261,0.463610117,0,1
1998,66600000000,0,0,-1.571027736,-0.7877028951,1.204196837,0.6292474752,-0.04235022804,0.6239045282,0.4615162108,0,1
1999,66633333333,0,0,-1.566666224,-0.7872239215,1.198021876,0.6299691401,-0.04368462096,0.6253416828,0.4584520871,0,1
2000,66666666667,0,0,-1.562399593,-0.7878985331,1.192555594,0.6307727611,-0.04608282509,0.6273906752,0.4542939993,0,1
2001,66700000000,0,0,-1.556679484,-0.7881957917,1.186478583,0.6311097601,-0.04694225417,0.6299836931,0.4501304721,0,1
2002,66733333333,0,0,-1.556107568,-0.7929841007,1.180358906,0.6304686465,-0.04673211917,0.6324583528,0.4475732641,0,1
2003,66766666667,0,1,-1.558816649,-0.7988334053,1.174642446,0.6314340581,-0.05004536519,0.6325448323,0.4457280862,0,1
2004,66800000000,0,0,-1.556480193,-0.7991007152,1.169843175,0.6338679838,-0.05757487594,0.6302454733,0.4446202381,0,1
2005,66833333333,0,0,-1.550850821,-0.7992932395,1.164075728,0.6351384784,-0.06470205912,0.6280162239,0.4449813247,0,1
2006,66866666667,0,0,-1.546767791,-0.8001258664,1.158868331,0.6339975501,-0.06959205714,0.6268504857,0.4475070063,0,1
2007,66900000000,0,0,-1.542106343,-0.8017854671,1.155246369,0.6329391082,-0.07490234405,0.62547716,0.4500622696,0,1
2008,66933333333,0,0,-1.53679694,-0.802860536,1.151189896,0.6337714822,-0.08145856419,0.623171752,0.4509491969,0,1
2009,66966666667,0,1,-1.530457221,-0.802936956,1.145043314,0.6352779686,-0.08731095519,0.6200065461,0.452095767,0,1
2010,67000000000,0,0,-1.525209088,-0.8034826059,1.14233831,0.6363406423,-0.09323376658,0.6172857274,0.4531405769,0,1
2011,67033333333,0,0,-1.516329224,-0.8016713668,1.139395803,0.6364065529,-0.09749538287,0.6153615755,0.4547653034,0,1
2012,67066666667,0,0,-1.508483522,-0.7997612777,1.135152515,0.6352254754,-0.09814634826,0.6154459636,0.4561602301,0,1
2013,67100000000,0,0,-1.505301808,-0.8036559343,1.131321503,0.6338172943,-0.09809091809,0.6161756674,0.4571447868,0,1
2014,67133333333,0,0,-1.499197816,-0.8060500949,1.128269493,0.6335690026,-0.09942785981,0.6156555211,0.4579003157,0,1
2015,67166666667,0,1,-1.491295106,-0.8116867176,1.124415201,0.6334728756,-0.1001750957,0.6152643116,0.4583960002,0,1
2016,67200000000,0,0,-1.485964585,-0.8148919862,1.122180401,0.6347298322,-0.100134494,0.6146624129,0.4574726674,0,1
2017,67233333333,0,0,-1.47893393,-0.816891994,1.120353999,0.6364015163,-0.1002810693,0.6144841455,0.4553526678,0,1
2018,67266666667,0,0,-1.47433811,-0.8203487752,1.117872211,0.6378116944,-0.1011224135,0.6147887016,0.4527751675,0,1
2019,67300000000,0,0,-1.469794534,-0.8226737051,1.116930154,0.6377425446,-0.103776087,0.6158487102,0.4508273912,0,1
2020,67333333333,0,0,-1.463144191,-0.8254520355,1.114823218,0.6360989456,-0.1057591553,0.6170201088,0.4510868184,0,1
2021,67366666667,0,1,-1.456389633,-0.8319985663,1.112758979,0.634806289,-0.1074392131,0.6181804328,0.4509221035,0,1
2022,67400000000,0,0,-1.453190306,-0.836107467,1.110852865,0.6341772583,-0.1090517085,0.6185843812,0.450866159,0,1
2023,67433333333,0,0,-1.447313455,-0.8402095249,1.108928672,0.6325447332,-0.1098116735,0.6181264705,0.4535947788,0,1
2024,67466666667,0,0,-1.442110983,-0.8457636893,1.108147487,0.6308952779,-0.1090051731,0.6168693683,0.4577785524,0,1
2025,67500000000,0,0,-1.436395975,-0.8487470931,1.107311033,0.6312243469,-0.1082535677,0.614569423,0.4605881168,0,1
2026,67533333333,0,0,-1.429199514,-0.851994162,1.105918128,0.6326573768,-0.1087140377,0.6128549308,0.4607979334,0,1
2027,67566666667,0,1,-1.423929081,-0.8573587907,1.104637284,0.6336289841,-0.1098521317,0.6121644617,0.4601103037,0,1
2028,67600000000,0,0,-1.419071947,-0.8609763679,1.103427702,0.6342178017,-0.11180563,0.6119310693,0.4591379396,0,1
2029,67633333333,0,0,-1.412474013,-0.8650316279,1.102560096,0.6346571976,-0.1143270477,0.6118007805,0.4580822771,0,1
2030,67666666667,0,0,-1.408239025,-0.8698887664,1.101664125,0.6359221808,-0.1163045867,0.6113356208,0.4564482247,0,1
2031,67700000000,0,0,-1.40345911,-0.8742052547,1.100905901,0.6369918518,-0.1180003828,0.6103384375,0.4558555497,0,1
2032,67733333333,0,0,-1.398208574,-0.8783248083,1.10106576,0.6382691344,-0.1197310689,0.6089302398,0.4555007643,0,1
2033,67766666667,0,1,-1.39099259,-0.8825525642,1.099955214,0.6394672692,-0.1214002437,0.6077453549,0.4549606313,0,1
2034,67800000000,0,0,-1.3862753,-0.8871533189,1.099415874,0.63937145,-0.1215829425,0.6075084397,0.4553627485,0,1
2035,67833333333,0,0,-1.381542225,-0.8906021582,1.098981557,0.6391392645,-0.1216546669,0.606689415,0.4567593417,0,1
2036,67866666667,0,0,-1.374162565,-0.8926769157,1.09876379,0.6390940978,-0.1213750079,0.6059524383,0.4578738736,0,1
2037,67900000000,0,0,-1.369979182,-0.8962659066,1.097485631,0.6390816685,-0.1214807337,0.6058116786,0.4580494104,0,1
2038,67933333333,0,0,-1.365619902,-0.9008552897,1.09818185,0.6384097261,-0.1216566982,0.6052752062,0.459646162,0,1
2039,67966666667,0,1,-1.358102453,-0.9017482055,1.097816911,0.6383517172,-0.1221431295,0.6045556031,0.4605438782,0,1
2040,68000000000,0,0,-1.35199299,-0.9037818841,1.096379821,0.6370279339,-0.1217628277,0.6055365888,0.4611883182,0,1
2041,68033333333,0,0,-1.346629386,-0.9066602024,1.095748908,0.6341884081,-0.1199182269,0.6073744128,0.4631641227,0,1
2042,68066666667,0,0,-1.341553441,-0.9099861704,1.094802307,0.6314780296,-0.1185776715,0.609681233,0.4641805985,0,1
2043,68100000000,0,0,-1.337299888,-0.9137389871,1.094372274,0.6290518426,-0.118267516,0.6120833988,0.4643925999,0,1
2044,68133333333,0,0,-1.332808049,-0.9170629404,1.094225368,0.6269763397,-0.1183259891,0.6144484238,0.4640611644,0,1
2045,68166666667,0,1,-1.329391095,-0.9215409282,1.094708557,0.6248607729,-0.1184602109,0.6167604252,0.4638132931,0,1
2046,68200000000,0,0,-1.325068922,-0.9255946937,1.095020731,0.6233864194,-0.1182415766,0.6178607844,0.4643881488,0,1
2047,68233333333,0,0,-1.31974723,-0.9298539221,1.095252457,0.6230178263,-0.1179860035,0.6188254439,0.4636627665,0,1
2048,68266666667,0,0,-1.317740467,-0.9344533122,1.094947425,0.6229586795,-0.1168289709,0.6190722925,0.4637056954,0,1
2049,68300000000,0,0,-1.311950137,-0.9371241064,1.094717821,0.6229843376,-0.1152222538,0.6188658543,0.4643483625,0,1
2050,68333333333,0,0,-1.309194743,-0.9414964046,1.094714408,0.6229372313,-0.1124238992,0.619212494,0.4646352979,0,1
2051,68366666667,0,0,-1.306433838,-0.9444145952,1.093849993,0.6237344519,-0.1100859547,0.619189744,0.4641556603,0,1
2052,68400000000,0,0,-1.304724863,-0.9470709538,1.094314721,0.6246207542,-0.1097752789,0.6199234703,0.4620532357,0,1
2053,68433333333,0,1,-1.301663085,-0.949998073,1.096034609,0.625087627,-0.1106213194,0.6215489608,0.4590264388,0,1
2054,68466666667,0,0,-1.299820098,-0.9531407322,1.097275854,0.6254742929,-0.1111308814,0.6233569977,0.4559143444,0,1
2055,68500000000,0,0,-1.297833463,-0.956012149,1.098882582,0.6257430611,-0.1112102296,0.6247441578,0.4536216966,0,1
2056,68533333333,0,0,-1.295691702,-0.9587609969,1.100674075,0.62637328,-0.1101007755,0.6256463375,0.4517753797,0,1
2057,68566666667,0,0,-1.295143275,-0.9613911301,1.101183239,0.6276757131,-0.1079199479,0.6257888102,0.4502941806,0,1
2058,68600000000,0,0,-1.295570304,-0.9636842255,1.102282977,0.6290504685,-0.1061055303,0.6255081852,0.4491955419,0,1
2059,68633333333,0,0,-1.294058671,-0.9655709227,1.103772839,0.6303393342,-0.105019326,0.624600338,0.4489072095,0,1
2060,68666666667,0,0,-1.292839368,-0.9669693595,1.104910819,0.6327576262,-0.103480344,0.6233865755,0.4475475197,0,1
2061,68700000000,0,0,-1.293800193,-0.9680129783,1.106100273,0.6353908221,-0.102474701,0.6220642826,0.4458850381,0,1
2062,68733333333,0,0,-1.292900295,-0.9675922827,1.105948971,0.6376786791,-0.1025637319,0.6208585717,0.4442760595,0,1
2063,68766666667,0,0,-1.291790757,-0.967635139,1.105351154,0.6385771257,-0.1021302676,0.621538271,0.442129891,0,1
2064,68800000000,0,0,-1.293738123,-0.9694263177,1.105902918,0.638331782,-0.09989798876,0.623274027,0.440547858,0,1
2065,68833333333,0,0,-1.295775884,-0.9700393184,1.106609736,0.6384355006,-0.09848180486,0.6237827354,0.4399960735,0,1
2066,68866666667,0,1,-1.294976198,-0.97155714,1.107970188,0.6391617363,-0.09724360746,0.6236884807,0.4393502415,0,1
2067,68900000000,0,0,-1.296870735,-0.970886381,1.106911203,0.6403798568,-0.09491430849,0.6233828012,0.4385188664,0,1
2068,68933333333,0,0,-1.298647077,-0.9708906847,1.107201727,0.6402390453,-0.09152568707,0.6232901521,0.4395752492,0,1
2069,68966666667,0,0,-1.300743956,-0.97001327,1.107670651,0.6411524558,-0.08800713563,0.6218274822,0.4410315803,0,1
2070,69000000000,0,0,-1.302799517,-0.9687294701,1.107777326,0.6441543131,-0.08566683005,0.619363831,0.4405846796,0,1
2071,69033333333,0,0,-1.307150832,-0.9661984051,1.107475118,0.648561609,-0.08418635253,0.6165600411,0.4383311683,0,1
2072,69066666667,0,0,-1.310202544,-0.9606365535,1.106194562,0.6517634076,-0.08396317567,0.6144865117,0.4365328999,0,1
2073,69100000000,0,0,-1.312585348,-0.9576988474,1.104820965,0.6527805374,-0.08357843945,0.6144210593,0.4351769484,0,1
2074,69133333333,0,0,-1.318475415,-0.9541767495,1.103515068,0.6534837304,-0.08348022415,0.6150299826,0.4332761092,0,1
2075,69166666667,0,0,-1.322654868,-0.9506091266,1.102651564,0.6531620852,-0.08418346699,0.6155163718,0.4329342103,0,1
2076,69200000000,0,0,-1.325606139,-0.9479261146,1.100956526,0.6528046373,-0.08466894691,0.6153290038,0.4336444304,0,1
2077,69233333333,0,0,-1.330337132,-0.9438543327,1.09920235,0.6533012837,-0.0846061575,0.6150734886,0.4332710866,0,1
2078,69266666667,0,0,-1.334006634,-0.9401449889,1.097309945,0.6541961778,-0.08517749194,0.6144365337,0.4327122622,0,1
2079,69300000000,0,0,-1.339152084,-0.9365766882,1.095337566,0.6558172456,-0.08498973029,0.6136273042,0.4314417894,0,1
2080,69333333333,0,0,-1.344027448,-0.9309104239,1.092326988,0.6580056699,-0.08490690947,0.6121936358,0.4301607925,0,1
2081,69366666667,0,0,-1.349432234,-0.9266639564,1.089693435,0.6596281155,-0.08408959527,0.6113203444,0.4290770627,0,1
2082,69400000000,0,0,-1.356812275,-0.9209125492,1.087142464,0.6617281482,-0.08396677213,0.609882282,0.4279124223,0,1
2083,69433333333,0,0,-1.360527514,-0.9165141659,1.083642461,0.662901302,-0.08390727243,0.6082148048,0.4284812535,0,1
2084,69466666667,0,1,-1.365544645,-0.911166041,1.079567557,0.6640038788,-0.08290009092,0.6064168167,0.4295172503,0,1
2085,69500000000,0,0,-1.369087306,-0.9055947348,1.074779585,0.665696719,-0.08236878605,0.6048268955,0.4292408273,0,1
2086,69533333333,0,0,-1.375953387,-0.9006329995,1.069809339,0.6668354638,-0.08230202677,0.6045688499,0.42784734,0,1
2087,69566666667,0,0,-1.380543755,-0.8959079557,1.065012275,0.6662027508,-0.08215093557,0.6048883616,0.4284100706,0,1
2088,69600000000,0,0,-1.386735751,-0.8925596342,1.06114019,0.6654894208,-0.08203780914,0.6051603649,0.4291556378,0,1
2089,69633333333,0,0,-1.391608008,-0.8893019642,1.05678621,0.6656566656,-0.08192528923,0.6046254065,0.4296714657,0,1
2090,69666666667,0,1,-1.396913982,-0.8854843047,1.052546629,0.6666389038,-0.08218854315,0.6041662704,0.4287432016,0,1
2091,69700000000,0,0,-1.402513034,-0.882345005,1.047932537,0.6683427591,-0.08250979318,0.6039794408,0.4262850285,0,1
2092,69733333333,0,0,-1.407608021,-0.8800277019,1.04283618,0.6696019439,-0.083251237,0.6043984416,0.4235622647,0,1
2093,69766666667,0,0,-1.413742843,-0.8782221658,1.038009304,0.6708456515,-0.08336206145,0.6060073909,0.4192516199,0,1
2094,69800000000,0,0,-1.421791766,-0.8767368488,1.034509185,0.6721736681,-0.08319483627,0.6072211577,0.4153837319,0,1
2095,69833333333,0,0,-1.42878402,-0.8746422102,1.031435706,0.6740851244,-0.08282361086,0.6071592257,0.4124405038,0,1
2096,69866666667,0,1,-1.436829497,-0.8737974679,1.02879556,0.6766644428,-0.08212106612,0.6064797954,0.4093453555,0,1
2097,69900000000,0,0,-1.445001351,-0.8712572554,1.025871095,0.6798999641,-0.08199179537,0.6051472732,0.4059681786,0,1
2098,69933333333,0,0,-1.450150945,-0.868241789,1.022093554,0.6829554889,-0.08238820062,0.6043388636,0.401943432,0,1
2099,69966666667,0,0,-1.458936467,-0.8655329592,1.018714399,0.6855514484,-0.08225298246,0.6046660596,0.3970297404,0,1
2100,70000000000,0,0,-1.467166511,-0.8629110673,1.016081454,0.6875734581,-0.08250602659,0.6047417483,0.3933483357,0,1
2101,70033333333,0,0,-1.475670621,-0.8602806971,1.013445075,0.68953756,-0.08251326494,0.6042665946,0.3906294884,0,1
2102,70066666667,0,1,-1.483663379,-0.8568864884,1.011304509,0.6913679829,-0.08326217312,0.6034226253,0.388534243,0,1
2103,70100000000,0,0,-1.491155093,-0.8539060144,1.008673996,0.6930841133,-0.08358212267,0.6025129099,0.3868160209,0,1
2104,70133333333,0,0,-1.498786452,-0.8503457334,1.005661468,0.6945821128,-0.08400522708,0.6015246212,0.3855735216,0,1
2105,70166666667,0,0,-1.505679581,-0.8468720012,1.002412091,0.695714787,-0.08429046705,0.6008038611,0.3845916963,0,1
2106,70200000000,0,0,-1.512582773,-0.8423638873,0.9994758942,0.696521589,-0.08461382918,0.6005342338,0.3834798691,0,1
2107,70233333333,0,0,-1.519973051,-0.8382828154,0.996031316,0.6969789627,-0.08540631035,0.6003739183,0.3827234588,0,1
2108,70266666667,0,1,-1.526947489,-0.8333228804,0.9941417022,0.6972669228,-0.08604744526,0.6005631253,0.3817572633,0,1
2109,70300000000,0,0,-1.534230844,-0.8290957301,0.9918809332,0.6972624832,-0.08641824044,0.6004125891,0.3819183683,0,1
2110,70333333333,0,0,-1.541700535,-0.8259013207,0.9893851409,0.6975454333,-0.08675290596,0.5998797229,0.3821630801,0,1
2111,70366666667,0,0,-1.547382805,-0.8214063142,0.9862948626,0.6979557308,-0.08708530295,0.59897497,0.3827570157,0,1
2112,70400000000,0,0,-1.554658265,-0.817600662,0.9841298435,0.6982453046,-0.08711327612,0.5987661325,0.3825491999,0,1
2113,70433333333,0,0,-1.560451676,-0.813343612,0.9806349269,0.6985541421,-0.08734076343,0.5982331023,0.3827673666,0,1
2114,70466666667,0,1,-1.568982045,-0.8094927967,0.9779104166,0.6991710874,-0.08703206214,0.5982260928,0.3817207783,0,1
2115,70500000000,0,0,-1.575126053,-0.8057906488,0.9755046567,0.699617838,-0.08672498258,0.5979405205,0.3814194439,0,1
2116,70533333333,0,0,-1.583788817,-0.8013160943,0.9735855885,0.700255718,-0.08660771873,0.5974062644,0.3811125658,0,1
2117,70566666667,0,0,-1.589317354,-0.7968806329,0.9712178383,0.700667331,-0.0872446019,0.5963709913,0.3818315223,0,1
2118,70600000000,0,0,-1.595698663,-0.7925355581,0.9689001859,0.701259558,-0.08729659449,0.5954211877,0.3822145291,0,1
2119,70633333333,0,0,-1.602119952,-0.7871450221,0.9662682937,0.7020589221,-0.08812164078,0.5945509245,0.3819123518,0,1
2120,70666666667,0,1,-1.610000723,-0.7806680866,0.9634490593,0.7028742631,-0.08877943278,0.5935942785,0.3817483663,0,1
2121,70700000000,0,0,-1.615103364,-0.7760162949,0.9602132226,0.7029357605,-0.08959893753,0.5926786923,0.3828646167,0,1
2122,70733333333,0,0,-1.620801484,-0.771173962,0.9574318246,0.7027236485,-0.09040610897,0.5922314059,0.3837553532,0,1
2123,70766666667,0,0,-1.625572407,-0.767053383,0.9542626186,0.7025249951,-0.09063870225,0.5915780521,0.3850696888,0,1
2124,70800000000,0,0,-1.631759652,-0.7624809838,0.9510211921,0.7024974197,-0.09003273668,0.5905840681,0.3867841001,0,1
2125,70833333333,0,0,-1.636417293,-0.7570757357,0.9481868636,0.7025370591,-0.08961248839,0.5893568145,0.3886770224,0,1
2126,70866666667,0,1,-1.642605656,-0.7483760994,0.9434744576,0.7030756733,-0.08919308698,0.5884494082,0.3891741061,0,1
2127,70900000000,0,0,-1.646230244,-0.74383587,0.9403099091,0.7023336478,-0.08832387702,0.5885582931,0.3905451005,0,1
2128,70933333333,0,0,-1.649823616,-0.7394987777,0.9374497856,0.7016336864,-0.086597772,0.5887886353,0.3918404509,0,1
2129,70966666667,0,0,-1.653255595,-0.7343952379,0.933907388,0.7014789911,-0.08482973141,0.5893706807,0.3916290878,0,1
2130,71000000000,0,0,-1.656994221,-0.7294680585,0.9305158674,0.7008126983,-0.0825822137,0.590580537,0.3914797174,0,1
2131,71033333333,0,0,-1.662281474,-0.7243717742,0.9273716743,0.7000311745,-0.08032500326,0.59194723,0.3912834338,0,1
2132,71066666667,0,0,-1.667562493,-0.7196384541,0.9255535456,0.6992237305,-0.07996520016,0.5928880376,0.3913764382,0,1
2133,71100000000,0,1,-1.670127105,-0.7121037347,0.9205560396,0.6993222745,-0.07924214593,0.5929349383,0.3912763699,0,1
2134,71133333333,0,0,-1.675660256,-0.7079345565,0.9178811413,0.6992105124,-0.07861306716,0.5934898672,0.3907613372,0,1
2135,71166666667,0,0,-1.675323232,-0.7015229891,0.9152828829,0.6989654716,-0.07907968364,0.593755968,0.3907013227,0,1
2136,71200000000,0,0,-1.675336433,-0.6960288379,0.911502151,0.6979952707,-0.07844239092,0.5956054303,0.3897480788,0,1
2137,71233333333,0,0,-1.677571884,-0.6907369545,0.9083737703,0.6961761077,-0.07794189072,0.5990135653,0.3878745123,0,1
2138,71266666667,0,0,-1.679957732,-0.685444381,0.9048261562,0.6937990772,-0.07799261459,0.6027653911,0.3863080065,0,1
2139,71300000000,0,1,-1.683490725,-0.6790383936,0.9017995398,0.6917899516,-0.07785245002,0.605950422,0.3849542117,0,1
2140,71333333333,0,0,-1.685857364,-0.6751520047,0.900267501,0.6905288164,-0.07781058818,0.6082620097,0.3835789276,0,1
2141,71366666667,0,0,-1.689430297,-0.6705590497,0.8986053228,0.6905837311,-0.07834111414,0.6089979055,0.3822019509,0,1
2142,71400000000,0,0,-1.690561556,-0.6656568993,0.8972565064,0.6910370222,-0.07844652943,0.6086163926,0.381968667,0,1
2143,71433333333,0,0,-1.692756199,-0.6614339617,0.8965600014,0.6924508994,-0.07780066068,0.6070683279,0.3820037362,0,1
2144,71466666667,0,0,-1.694725669,-0.6564048378,0.8939536501,0.6950408951,-0.07799224675,0.6042453047,0.381736788,0,1
2145,71500000000,0,1,-1.695896793,-0.649055931,0.8893296742,0.6973189808,-0.07778059768,0.6015328356,0.381909237,0,1
2146,71533333333,0,0,-1.695592403,-0.6437780876,0.8868749382,0.6981706604,-0.07674680318,0.6004028389,0.382340278,0,1
2147,71566666667,0,0,-1.697886017,-0.6388264712,0.8838531636,0.6990317718,-0.07609712373,0.5992796213,0.3826587845,0,1
2148,71600000000,0,0,-1.696305142,-0.6326189374,0.8813452435,0.6995559891,-0.07584563403,0.5983199771,0.3832519575,0,1
2149,71633333333,0,0,-1.695073193,-0.6287771498,0.8792322691,0.6999457636,-0.07375466092,0.5976974939,0.383919111,0,1
2150,71666666667,0,0,-1.697943995,-0.6248619352,0.8764120299,0.7017070835,-0.07116674779,0.5958986099,0.3839886844,0,1
2151,71700000000,0,1,-1.697548646,-0.6182739194,0.8728727713,0.7050290106,-0.07001034951,0.592546791,0.3833026815,0,1
2152,71733333333,0,0,-1.696086933,-0.6128147583,0.8685582615,0.7081250316,-0.06914502601,0.5893881248,0.3826219326,0,1
2153,71766666667,0,0,-1.697222879,-0.6081730458,0.8644481274,0.7100470916,-0.06823293044,0.5873239168,0.3823977141,0,1
2154,71800000000,0,0,-1.696485184,-0.6023217083,0.8610787485,0.7111278483,-0.0674566296,0.585006113,0.3840763391,0,1
2155,71833333333,0,0,-1.694995784,-0.5982542549,0.8580767489,0.7120526467,-0.0659155842,0.5828927293,0.3858396431,0,1
2156,71866666667,0,0,-1.69840215,-0.5941250245,0.8549753245,0.7144874631,-0.065353595,0.5799476427,0.3858721348,0,1
2157,71900000000,0,1,-1.698077279,-0.5869875145,0.8523753697,0.7173438851,-0.06733524831,0.576054759,0.3860629864,0,1
2158,71933333333,0,0,-1.694572529,-0.5808451087,0.8490236454,0.7194598889,-0.06988730034,0.5733365789,0.3857180329,0,1
2159,71966666667,0,0,-1.692439713,-0.5756297106,0.8460250045,0.7209246921,-0.07187559025,0.5726570446,0.3836214242,0,1
2160,72000000000,0,0,-1.693244831,-0.5709025626,0.8422078568,0.722509216,-0.07398936496,0.572537758,0.3804031051,0,1
2161,72033333333,0,0,-1.692305547,-0.5649001831,0.8392642042,0.7233593383,-0.07619933631,0.5726904876,0.378114446,0,1
2162,72066666667,0,0,-1.693251896,-0.5592482447,0.8360265317,0.7234413788,-0.07663721664,0.5728362792,0.3776478594,0,1
2163,72100000000,0,1,-1.691693477,-0.5519101825,0.8340936549,0.7235419586,-0.07647376854,0.572411314,0.3781323637,0,1
2164,72133333333,0,0,-1.691397777,-0.5475432259,0.8321395484,0.7239895553,-0.07517026638,0.5713260648,0.3791768486,0,1
2165,72166666667,0,0,-1.68958425,-0.5431226486,0.8296028687,0.7256455692,-0.07389853491,0.5694008544,0.3791571987,0,1
2166,72200000000,0,0,-1.688870205,-0.5384816002,0.8274095844,0.7272344384,-0.07114249052,0.5677781466,0.3790735996,0,1
2167,72233333333,0,0,-1.689393159,-0.5342760323,0.8252273368,0.7293449681,-0.06766303226,0.565616772,0.3788869208,0,1
2168,72266666667,0,0,-1.6893302,-0.5292727039,0.8227294946,0.7320133564,-0.0652073429,0.5633806906,0.3775005244,0,1
2169,72300000000,0,1,-1.687900236,-0.5248114897,0.8199215173,0.734477973,-0.06225309028,0.5616194622,0.3758327281,0,1
2170,72333333333,0,0,-1.689243661,-0.5202508448,0.81721467,0.7364004098,-0.06015181951,0.5605477405,0.3740085903,0,1
2171,72366666667,0,0,-1.688598962,-0.516053301,0.8153566239,0.7375198342,-0.05796824983,0.5601296345,0.3727720064,0,1
2172,72400000000,0,0,-1.690981714,-0.5115878542,0.8135299383,0.7384445604,-0.05561418235,0.5599406878,0.3715819157,0,1
2173,72433333333,0,0,-1.692870874,-0.5073980578,0.8122384484,0.7393776812,-0.05447902931,0.559602768,0.3704017035,0,1
2174,72466666667,0,0,-1.695826303,-0.5035418208,0.810575173,0.740978196,-0.05343554235,0.5582393066,0.3694114676,0,1
2175,72500000000,0,1,-1.698646418,-0.4974994416,0.809426759,0.7433466054,-0.05260675504,0.5555376907,0.3688444493,0,1
2176,72533333333,0,0,-1.699543822,-0.4928284391,0.8075429475,0.7456192609,-0.05247002145,0.5524749674,0.368876978,0,1
2177,72566666667,0,0,-1.700576165,-0.4875933173,0.8059247091,0.7473557343,-0.05230819417,0.5498918824,0.3692454154,0,1
2178,72600000000,0,0,-1.700636882,-0.4817435441,0.8043771212,0.7480235363,-0.05128841892,0.5476125447,0.3714172695,0,1
2179,72633333333,0,0,-1.698719907,-0.476225851,0.8027517094,0.7478812902,-0.04901717433,0.5462295278,0.3740376924,0,1
2180,72666666667,0,0,-1.700956468,-0.472049782,0.8002460182,0.7481953801,-0.04641983231,0.5454687434,0.3748502666,0,1
2181,72700000000,0,0,-1.702299152,-0.4666082093,0.7973356699,0.749450536,-0.04537499845,0.5440132351,0.3745859095,0,1
2182,72733333333,0,1,-1.700826581,-0.4610134915,0.794857762,0.7504123923,-0.04369411932,0.5426701809,0.3748081378,0,1
2183,72766666667,0,0,-1.703904482,-0.4564399273,0.792259882,0.7516191096,-0.04088637312,0.5409725307,0.3751609516,0,1
2184,72800000000,0,0,-1.703458535,-0.4506974607,0.7890957883,0.7532565221,-0.03885811061,0.5384364692,0.375740373,0,1
2185,72833333333,0,0,-1.703658552,-0.4460524248,0.784935289,0.7550943083,-0.03612586489,0.5364772809,0.3751261583,0,1
2186,72866666667,0,0,-1.706334635,-0.441090461,0.7805350224,0.7571759,-0.03390309722,0.5345912561,0.3738280691,0,1
2187,72900000000,0,0,-1.707529609,-0.4353256432,0.7753094472,0.7591551996,-0.03249843826,0.5329135718,0.3723309809,0,1
2188,72933333333,0,1,-1.708685366,-0.4297159047,0.7693181296,0.7610101914,-0.03155890652,0.5312261076,0.3710341583,0,1
2189,72966666667,0,0,-1.711595504,-0.4250131652,0.763515377,0.7629968977,-0.03166475156,0.5297311955,0.3690771439,0,1
2190,73000000000,0,0,-1.713183638,-0.4200181829,0.7572155617,0.7650000859,-0.03354864921,0.5276899258,0.367685598,0,1
2191,73033333333,0,0,-1.712747502,-0.4142876907,0.7503820302,0.7661357904,-0.03443997907,0.5262427357,0.3673124306,0,1
2192,73066666667,0,0,-1.714836707,-0.4099099138,0.7433814627,0.7673529451,-0.03503522758,0.5249658749,0.3665417038,0,1
2193,73100000000,0,0,-1.716130936,-0.4050427368,0.7369298257,0.7691572169,-0.03604821545,0.5232167218,0.3651601894,0,1
2194,73133333333,0,1,-1.718312306,-0.3999967732,0.7277430047,0.7716543381,-0.0369157707,0.5206982943,0.3634007356,0,1
2195,73166666667,0,0,-1.722761305,-0.3961967434,0.7207984696,0.774790256,-0.03892168814,0.5180577502,0.3602795148,0,1
2196,73200000000,0,0,-1.724253406,-0.3910162704,0.7134322057,0.7783792822,-0.04273540805,0.5147036526,0.356902687,0,1
2197,73233333333,0,0,-1.72314209,-0.3849075302,0.7055506438,0.7808328889,-0.04550826039,0.5129938233,0.3536471903,0,1
2198,73266666667,0,0,-1.725071186,-0.3808047096,0.6978776875,0.7826421243,-0.04871444922,0.5129634274,0.3492373546,0,1
2199,73300000000,0,0,-1.728935811,-0.3765534433,0.6899328621,0.7845634012,-0.05260984166,0.5127779216,0.3446030718,0,1
2200,73333333333,0,1,-1.731081817,-0.3730345723,0.6843593746,0.7861920396,-0.05564168517,0.5122253099,0.3412203271,0,1
2201,73366666667,0,0,-1.73488017,-0.3691277882,0.677679253,0.7889469251,-0.05600316338,0.5094247093,0.3389879948,0,1
2202,73400000000,0,0,-1.737758356,-0.3644956914,0.6697956439,0.7920980265,-0.05541748826,0.5045192169,0.3390722314,0,1
2203,73433333333,0,0,-1.737660744,-0.3590409192,0.6628681274,0.7949316536,-0.0543537452,0.5001420684,0.3390976966,0,1
2204,73466666667,0,0,-1.740417807,-0.3540624408,0.6549598607,0.7973845809,-0.05284394139,0.496912309,0.3383245559,0,1
2205,73500000000,0,0,-1.741944747,-0.3496897118,0.6468468285,0.7992911918,-0.05277947904,0.4941515905,0.3378788584,0,1
2206,73533333333,0,1,-1.746205322,-0.3465353322,0.6414063538,0.7998122615,-0.05293733254,0.4930621766,0.3382124705,0,1
2207,73566666667,0,0,-1.747966521,-0.3413509572,0.6343520042,0.8006454651,-0.05328127649,0.4909267406,0.339291733,0,1
2208,73600000000,0,0,-1.749316385,-0.3364425203,0.6274129368,0.8012963227,-0.05356724727,0.4892097804,0.3401889828,0,1
2209,73633333333,0,0,-1.752685736,-0.3317683709,0.620436174,0.8019616867,-0.05364616654,0.4873990935,0.341206192,0,1
2210,73666666667,0,0,-1.755763981,-0.3251957997,0.6146011742,0.8028207113,-0.05419334688,0.4851359332,0.3423231118,0,1
2211,73700000000,0,0,-1.756422723,-0.3202736705,0.6096643468,0.8034358815,-0.055135988,0.4833430274,0.3432642204,0,1
2212,73733333333,0,1,-1.758583893,-0.3167568153,0.6041220363,0.8037132683,-0.05610322676,0.4820460715,0.344280402,0,1
2213,73766666667,0,0,-1.760178272,-0.3128114039,0.5995574104,0.8045710087,-0.05660525386,0.4803949848,0.3445025336,0,1
2214,73800000000,0,0,-1.760803317,-0.3086119248,0.594966192,0.8060292632,-0.05705631514,0.4782953206,0.3439403875,0,1
2215,73833333333,0,0,-1.762197271,-0.3042525816,0.5896022267,0.8075779066,-0.05742089308,0.4761817176,0.3431788713,0,1
2216,73866666667,0,0,-1.763034713,-0.3002416429,0.5849066723,0.8083798808,-0.0578304953,0.474357337,0.3437480458,0,1
2217,73900000000,0,0,-1.762769015,-0.2955533207,0.5804281396,0.8084750188,-0.05739275674,0.4733721492,0.3449536545,0,1
2218,73933333333,0,1,-1.761680548,-0.2926556863,0.5774935034,0.8082493934,-0.05799676846,0.4735066091,0.3451967325,0,1
2219,73966666667,0,0,-1.760461599,-0.2891138412,0.5738565309,0.8079254808,-0.0582374727,0.4743183166,0.3447998677,0,1
2220,74000000000,0,0,-1.760420678,-0.2862696776,0.5692957815,0.8078232415,-0.05820450983,0.4752260338,0.3437936334,0,1
2221,74033333333,0,0,-1.760720767,-0.283610128,0.5650685544,0.8084121859,-0.05859889659,0.4751171962,0.3424902289,0,1
2222,74066666667,0,0,-1.7580635,-0.2804696359,0.5623814768,0.8088589492,-0.05792280749,0.4747656779,0.3420375707,0,1
2223,74100000000,0,0,-1.75888853,-0.277527267,0.5580017059,0.8091542519,-0.05624207353,0.4740146009,0.3426607418,0,1
2224,74133333333,0,0,-1.757491638,-0.2747582794,0.5543282136,0.8098407202,-0.05473773031,0.4726988579,0.3430999542,0,1
2225,74166666667,0,1,-1.756202777,-0.2724202266,0.5490188597,0.8106713395,-0.05397696856,0.4707457665,0.3439431488,0,1
2226,74200000000,0,0,-1.755209248,-0.2696423161,0.5456768401,0.8109736656,-0.05309220909,0.4690082731,0.3457371412,0,1
2227,74233333333,0,0,-1.752458549,-0.2658536557,0.5428204715,0.8111431112,-0.05314290504,0.4682293002,0.3463870772,0,1
2228,74266666667,0,0,-1.750662791,-0.2610469013,0.5382067038,0.8108927932,-0.05486546614,0.4689743986,0.3456959242,0,1
2229,74300000000,0,0,-1.748028705,-0.2568532974,0.5342046758,0.8101532013,-0.05765886744,0.4707180561,0.3446037682,0,1
2230,74333333333,0,0,-1.747306598,-0.2536970783,0.5308739174,0.8091506507,-0.06097965464,0.4723336498,0.3441767416,0,1
2231,74366666667,0,1,-1.743132801,-0.250250482,0.5270420114,0.8080781734,-0.06394070772,0.4727008563,0.3456517787,0,1
2232,74400000000,0,0,-1.739885006,-0.2464380112,0.5245039823,0.8066670287,-0.06548261594,0.4730266427,0.3482041459,0,1
2233,74433333333,0,0,-1.737223626,-0.2427305949,0.5200761795,0.8050997608,-0.06592746872,0.4732707101,0.3514011653,0,1
2234,74466666667,0,0,-1.733151181,-0.2373995912,0.5165216019,0.8039417799,-0.06584076932,0.4731656081,0.3541989766,0,1
2235,74500000000,0,0,-1.730506946,-0.2339946535,0.5121587882,0.8036319656,-0.06600044012,0.4723411694,0.3559682927,0,1
2236,74533333333,0,0,-1.726461789,-0.229518122,0.5097822422,0.8034222525,-0.06586425505,0.4712140141,0.3579552165,0,1
2237,74566666667,0,1,-1.721451002,-0.2221768449,0.5058909434,0.803712714,-0.06402627935,0.4698502302,0.3594263069,0,1
2238,74600000000,0,0,-1.719491396,-0.2204922145,0.5009420869,0.8035302912,-0.06354398293,0.4687063046,0.3614078492,0,1
2239,74633333333,0,0,-1.715298798,-0.2172146616,0.4998151035,0.8042760356,-0.06435054269,0.4673404957,0.3613750507,0,1
2240,74666666667,0,0,-1.709784737,-0.2144712998,0.497375282,0.8061728572,-0.06362565467,0.4663030498,0.3586064222,0,1
2241,74700000000,0,0,-1.706938082,-0.213184689,0.4934364409,0.8084776828,-0.06363496112,0.4660513887,0.3537096709,0,1
2242,74733333333,0,0,-1.703674007,-0.2105354787,0.489696262,0.8112758746,-0.06529515268,0.4658662395,0.3471838781,0,1
2243,74766666667,0,0,-1.700256551,-0.2085402954,0.4873251057,0.8134191041,-0.06627385401,0.4662757919,0.3413854467,0,1
2244,74800000000,0,0,-1.699975438,-0.2072648602,0.4838598011,0.8147210193,-0.0648550306,0.4657037183,0.3393280603,0,1
2245,74833333333,0,1,-1.697231213,-0.1999132724,0.476133375,0.8175324129,-0.06244443879,0.4608347214,0.3396657261,0,1
2246,74866666667,0,0,-1.694368549,-0.1980297219,0.4733274524,0.8199594532,-0.06081221892,0.4561302635,0.3404607935,0,1
2247,74900000000,0,0,-1.691933583,-0.1948056097,0.4712111106,0.8222808566,-0.05930326092,0.4514449711,0.3413718707,0,1
2248,74933333333,0,0,-1.68913463,-0.1926772622,0.4694486873,0.8241534269,-0.05819768532,0.4475247773,0.3422071478,0,1
2249,74966666667,0,0,-1.685514532,-0.1896522492,0.4680252394,0.8259744542,-0.05717369656,0.4437617846,0.3428889732,0,1
2250,75000000000,0,0,-1.682394565,-0.1865790096,0.4669848313,0.8276171247,-0.05633897458,0.4408953684,0.3427638969,0,1
2251,75033333333,0,1,-1.679295137,-0.1819808564,0.462473208,0.8295182289,-0.05503735319,0.4370578723,0.3432940633,0,1
2252,75066666667,0,0,-1.677608529,-0.1798708758,0.4598072685,0.8304333088,-0.05506472612,0.434141212,0.3447750043,0,1
2253,75100000000,0,0,-1.67520815,-0.1768304501,0.4584807889,0.8310323612,-0.05567861227,0.4314232172,0.3466397474,0,1
2254,75133333333,0,0,-1.671491029,-0.1739377995,0.4589344874,0.8315290754,-0.05662123892,0.4298468753,0.3472536476,0,1
2255,75166666667,0,0,-1.668574379,-0.1707614887,0.4574343556,0.8326002541,-0.05735625198,0.4285965777,0.3461098825,0,1
2256,75200000000,0,0,-1.666874028,-0.1688345052,0.4554579808,0.8345301711,-0.05889261838,0.4276143771,0.3423988866,0,1
2257,75233333333,0,1,-1.665889798,-0.1636055259,0.4540561918,0.8369603853,-0.06021788588,0.4258553492,0.3384055869,0,1
2258,75266666667,0,0,-1.664958486,-0.1605564129,0.452161421,0.8392926549,-0.06126393857,0.4233698487,0.3355481195,0,1
2259,75300000000,0,0,-1.663834099,-0.1581719746,0.4503437035,0.8409158517,-0.06246074841,0.4206101424,0.3347331675,0,1
2260,75333333333,0,0,-1.662999138,-0.1553981393,0.4486617365,0.8417698542,-0.06277840308,0.4179827566,0.3358166165,0,1
2261,75366666667,0,0,-1.661534821,-0.1530613344,0.4469261886,0.8431398401,-0.06449238266,0.4151756597,0.3355370534,0,1
2262,75400000000,0,0,-1.659880781,-0.1488351321,0.4456079069,0.845259495,-0.06663213253,0.4126259969,0.332920909,0,1
2263,75433333333,0,1,-1.657366791,-0.1431041784,0.44296834,0.847449772,-0.06761431693,0.4104483326,0.3298323123,0,1
2264,75466666667,0,0,-1.657462251,-0.1404248987,0.4404758156,0.8493091241,-0.06787916003,0.4084602404,0.3274548264,0,1
2265,75500000000,0,0,-1.657460335,-0.1375663945,0.4357041293,0.851495148,-0.0672547866,0.4044999534,0.3268219611,0,1
2266,75533333333,0,0,-1.656295739,-0.1340178399,0.4316835439,0.853787636,-0.0656500275,0.3995386613,0.3272699263,0,1
2267,75566666667,0,0,-1.655562251,-0.1313363622,0.4272554974,0.8559703606,-0.06383921247,0.3946877176,0.3278122974,0,1
2268,75600000000,0,0,-1.65506204,-0.1286180092,0.4206425365,0.85831235,-0.06331926659,0.3904568682,0.3268547298,0,1
2269,75633333333,0,0,-1.655640234,-0.1263000164,0.413912473,0.860361921,-0.0648350256,0.3873093886,0.3249080206,0,1
2270,75666666667,0,1,-1.655025916,-0.1215815628,0.4065811737,0.8624261561,-0.06769772245,0.3849835393,0.3215988466,0,1
2271,75700000000,0,0,-1.654765994,-0.1171289858,0.400578411,0.863369282,-0.07052458182,0.3849326004,0.318506922,0,1
2272,75733333333,0,0,-1.654055706,-0.1125354012,0.3924511671,0.8637020651,-0.07203875536,0.3845952495,0.3176722437,0,1
2273,75766666667,0,0,-1.652823806,-0.1079129283,0.3848119724,0.8642876613,-0.07255923175,0.3835971865,0.3171674557,0,1
2274,75800000000,0,0,-1.651182337,-0.1032829357,0.374819656,0.8658476347,-0.07264087189,0.3810133902,0.3160062875,0,1
2275,75833333333,0,0,-1.652177353,-0.09961285286,0.3675195495,0.8671515197,-0.07280320258,0.3790838343,0.3147115856,0,1
2276,75866666667,0,1,-1.652840073,-0.09475888309,0.3603366083,0.8684186502,-0.07268604244,0.377860378,0.3127096449,0,1
2277,75900000000,0,0,-1.654073009,-0.09200076098,0.3509844275,0.8700632658,-0.07414969113,0.375628348,0.3104755724,0,1
2278,75933333333,0,0,-1.655164099,-0.08848609248,0.3436611348,0.8718182704,-0.07788091913,0.3739641625,0.3066239898,0,1
2279,75966666667,0,0,-1.654461234,-0.08269734122,0.3389022072,0.8725445593,-0.08069994374,0.3741194116,0.3036250597,0,1
2280,76000000000,0,0,-1.654231885,-0.07775109243,0.3313899878,0.8728006033,-0.08216046179,0.3746692221,0.3018140808,0,1
2281,76033333333,0,0,-1.65528715,-0.073974744,0.3223175977,0.8737873367,-0.08472792258,0.3739634245,0.2991123978,0,1
2282,76066666667,0,1,-1.657769106,-0.07264643799,0.316872463,0.8746721649,-0.08893575789,0.3733401141,0.2960678877,0,1
2283,76100000000,0,0,-1.658770688,-0.06649091252,0.3127463207,0.8758422305,-0.09189690966,0.3730612641,0.2920284891,0,1
2284,76133333333,0,0,-1.66006972,-0.06233137441,0.3075292654,0.8766160884,-0.09407950253,0.3729708117,0.2891125289,0,1
2285,76166666667,0,0,-1.663513858,-0.05998253631,0.3030324376,0.8775737145,-0.09622387175,0.3718706427,0.2869103817,0,1
2286,76200000000,0,0,-1.665025008,-0.05411073992,0.2990832552,0.8788518261,-0.09700959808,0.370127561,0.2849810419,0,1
2287,76233333333,0,0,-1.667063246,-0.05052753131,0.2951409407,0.8790625801,-0.09669752825,0.3691951952,0.2856457179,0,1
2288,76266666667,0,1,-1.669170038,-0.0471560419,0.290438055,0.879134798,-0.09621848612,0.3670477439,0.2883400139,0,1
2289,76300000000,0,0,-1.670803837,-0.04398950123,0.2867234582,0.8791176808,-0.09607065641,0.3648787167,0.2911804498,0,1
2290,76333333333,0,0,-1.670430179,-0.04077588267,0.2856834549,0.8788847967,-0.09538128426,0.364386883,0.2927219231,0,1
2291,76366666667,0,0,-1.671145112,-0.0382609245,0.280118013,0.8788146289,-0.09407222651,0.3639489626,0.2938986508,0,1
2292,76400000000,0,0,-1.672627949,-0.03641632797,0.276224628,0.8789324308,-0.09410861584,0.363342061,0.2942854011,0,1
2293,76433333333,0,0,-1.674548093,-0.03374714217,0.2733920832,0.8790974182,-0.09391512155,0.3632576176,0.2939584709,0,1
2294,76466666667,0,1,-1.6736303,-0.02863100368,0.2693277628,0.8788561601,-0.09377278579,0.3636788031,0.2942044232,0,1
2295,76500000000,0,0,-1.674125434,-0.02784391484,0.2666899292,0.8773823224,-0.09415575463,0.3655704294,0.2961304025,0,1
2296,76533333333,0,0,-1.675550461,-0.02861460507,0.2613095492,0.8759595103,-0.09600141029,0.3665635141,0.2985127395,0,1
2297,76566666667,0,0,-1.675637366,-0.0317190894,0.2570974791,0.8744138091,-0.1010246367,0.366009399,0.3020457465,0,1
2298,76600000000,0,0,-1.670077928,-0.0324094589,0.2574749962,0.8725145086,-0.106918499,0.3649492218,0.3067554927,0,1
2299,76633333333,0,0,-1.662429044,-0.03139379757,0.2568908787,0.8717207994,-0.1089156545,0.3649977198,0.3082481024,0,1
2300,76666666667,0,1,-1.653890796,-0.03296682839,0.2515357447,0.87206103,-0.1107195988,0.3637826403,0.3080794071,0,1
2301,76700000000,0,0,-1.648438219,-0.03294711086,0.2513706785,0.8727683846,-0.1107868112,0.3641993278,0.3055494705,0,1
2302,76733333333,0,0,-1.645237691,-0.03620715826,0.2500806542,0.872644566,-0.1088693722,0.3665136734,0.3038200922,0,1
2303,76766666667,0,0,-1.641850518,-0.04120150419,0.2461595131,0.8726881094,-0.1072285409,0.3676907793,0.3028547418,0,1
2304,76800000000,0,0,-1.637967681,-0.04639395774,0.2450656175,0.8725616941,-0.1063165337,0.3692854414,0.3015976581,0,1
2305,76833333333,0,0,-1.635971736,-0.05256025108,0.2402213273,0.8724227504,-0.1056990209,0.3701012896,0.3012163625,0,1
2306,76866666667,0,0,-1.632500636,-0.05953539432,0.2373908419,0.8720232983,-0.1089387856,0.3697440401,0.3016571779,0,1
2307,76900000000,0,1,-1.621987913,-0.06751542795,0.2384671318,0.8706571187,-0.111201986,0.3706110563,0.3037066758,0,1
2308,76933333333,0,0,-1.615652555,-0.07378392704,0.2367532088,0.8687878481,-0.1103493778,0.371411265,0.3083575231,0,1
2309,76966666667,0,0,-1.607158257,-0.07944322547,0.2339333446,0.8685280501,-0.1099574872,0.3697452226,0.3112183277,0,1
2310,77000000000,0,0,-1.600909086,-0.08289978898,0.2331405249,0.8692030772,-0.108396048,0.3690038211,0.3107611421,0,1
2311,77033333333,0,0,-1.595605518,-0.08986072809,0.2304706759,0.8693455737,-0.1071254214,0.3688203266,0.3110208745,0,1
2312,77066666667,0,0,-1.588721758,-0.09435807095,0.2298662678,0.8695866035,-0.1059295698,0.3685182315,0.311114735,0,1
2313,77100000000,0,1,-1.579251981,-0.1024484053,0.2285070115,0.8695705714,-0.1046008027,0.3677253666,0.3125439941,0,1
2314,77133333333,0,0,-1.574932975,-0.1079510941,0.2287927654,0.869368579,-0.1016623082,0.3674740812,0.3143657878,0,1
2315,77166666667,0,0,-1.570101294,-0.1123891786,0.2265280064,0.8689207452,-0.09868556137,0.3672856307,0.3167635776,0,1
2316,77200000000,0,0,-1.564348445,-0.1182851227,0.2233615599,0.8682064887,-0.09769480567,0.3671027625,0.3192315455,0,1
2317,77233333333,0,0,-1.555807391,-0.1218909563,0.2213634917,0.8679567227,-0.09784220791,0.3665966277,0.3204449133,0,1
2318,77266666667,0,0,-1.550254539,-0.1253117381,0.2200348477,0.8679994929,-0.09621589194,0.3670440277,0.3203093259,0,1
2319,77300000000,0,1,-1.54161912,-0.131230632,0.2160203226,0.8686477194,-0.09613323965,0.3652423453,0.3206361942,0,1
2320,77333333333,0,0,-1.535839586,-0.1351140437,0.2134088742,0.8692242533,-0.09519969489,0.3636004344,0.3212179006,0,1
2321,77366666667,0,0,-1.528978326,-0.1374023468,0.2103754263,0.8707249545,-0.09397648899,0.3609377743,0.3205158284,0,1
2322,77400000000,0,0,-1.524707313,-0.1435465252,0.2077012797,0.8720594492,-0.0937689534,0.3593875478,0.3186852536,0,1
2323,77433333333,0,0,-1.517614138,-0.1481286815,0.2047131516,0.8737083387,-0.09492471302,0.3578297955,0.3155643756,0,1
2324,77466666667,0,0,-1.511899101,-0.1504702169,0.2033003427,0.8754074798,-0.09505291897,0.3580297219,0.3105501653,0,1
2325,77500000000,0,1,-1.505515726,-0.1562066929,0.1990152027,0.8774846051,-0.09653293854,0.3578113413,0.3044227382,0,1
2326,77533333333,0,0,-1.499286964,-0.1582794517,0.1978472141,0.8795988823,-0.09615870145,0.3577262101,0.2984816059,0,1
2327,77566666667,0,0,-1.495183405,-0.1620994833,0.1920097004,0.8818913608,-0.09484409714,0.3566906747,0.2933325545,0,1
2328,77600000000,0,0,-1.49205946,-0.1648636726,0.1875071875,0.8839653971,-0.09396280753,0.3543714849,0.2901672246,0,1
2329,77633333333,0,0,-1.487090917,-0.1686124682,0.1824672416,0.8857304387,-0.0931731611,0.3511500424,0.288953283,0,1
2330,77666666667,0,0,-1.483287834,-0.174049418,0.1768769561,0.8876473107,-0.09340607946,0.3472466192,0.287710517,0,1
2331,77700000000,0,1,-1.477137111,-0.1752349427,0.1697838081,0.8905546641,-0.09500473975,0.3418147823,0.2846913141,0,1
2332,77733333333,0,0,-1.473350937,-0.177113746,0.166647099,0.8922766785,-0.09597699753,0.3386264189,0.2827771091,0,1
2333,77766666667,0,0,-1.468601104,-0.1779340367,0.1618584091,0.8941688675,-0.09714872936,0.3357404853,0.2798258159,0,1
2334,77800000000,0,0,-1.464190696,-0.179246438,0.1582794848,0.8962643021,-0.09869682213,0.3336575056,0.2750307383,0,1
2335,77833333333,0,0,-1.460212883,-0.1801063469,0.153784194,0.8980509034,-0.09952065522,0.332496974,0.2702701916,0,1
2336,77866666667,0,0,-1.458144284,-0.1825529806,0.1475709396,0.8994972915,-0.09898915407,0.3312581292,0.2671587949,0,1
2337,77900000000,0,0,-1.456854516,-0.1849675571,0.141358868,0.9010701832,-0.09977739082,0.328509709,0.2649497468,0,1
2338,77933333333,0,1,-1.453662667,-0.1860037907,0.1364571372,0.9026556647,-0.0996274633,0.3252624186,0.2636123642,0,1
2339,77966666667,0,0,-1.452632197,-0.1873707473,0.1314828952,0.9040335178,-0.09780027073,0.3215681462,0.2641068593,0,1
2340,78000000000,0,0,-1.452050791,-0.1877301273,0.1271524887,0.9055236615,-0.09628577119,0.3170167834,0.2650590646,0,1
2341,78033333333,0,0,-1.448178685,-0.1873887996,0.1261198389,0.907040228,-0.09473680679,0.3131854035,0.2649865381,0,1
2342,78066666667,0,0,-1.445202014,-0.1872330835,0.1229585907,0.9088620624,-0.09282003049,0.3103062408,0.2628007427,0,1
2343,78100000000,0,0,-1.443098669,-0.1862501783,0.1205229491,0.9110648288,-0.09252668509,0.3081779531,0.2577324962,0,1
2344,78133333333,0,0,-1.439393067,-0.1857692177,0.1187640371,0.9129249911,-0.09218998325,0.3071481653,0.2524459787,0,1
2345,78166666667,0,0,-1.439858393,-0.186493698,0.1140201423,0.913888582,-0.09189657114,0.3061810311,0.250231605,0,1
2346,78200000000,0,1,-1.437944971,-0.1831154196,0.1098023537,0.9147888607,-0.09054317772,0.3033384271,0.2508965362,0,1
2347,78233333333,0,0,-1.436662731,-0.1818029913,0.10606107,0.9160370271,-0.08849119864,0.2983846711,0.2530060489,0,1
2348,78266666667,0,0,-1.434245948,-0.1799059703,0.1052837776,0.9178730871,-0.08729207801,0.2923769383,0.2537810378,0,1
2349,78300000000,0,0,-1.432993768,-0.1788958036,0.1044372461,0.9200034548,-0.0873270996,0.2878080861,0.251265052,0,1
2350,78333333333,0,0,-1.426971705,-0.1754846002,0.1064195049,0.9213836181,-0.08649006536,0.2862070895,0.2483086764,0,1
2351,78366666667,0,0,-1.424379112,-0.1731337034,0.1061747863,0.9213888904,-0.08346232148,0.2897670813,0.2451766548,0,1
2352,78400000000,0,1,-1.419645737,-0.1748563874,0.1017690922,0.920484224,-0.08177882849,0.2936898813,0.244473455,0,1
2353,78433333333,0,0,-1.419672604,-0.1750309032,0.09865512806,0.9189514095,-0.0794180397,0.298698531,0.2449495244,0,1
2354,78466666667,0,0,-1.419566538,-0.1757934781,0.09369438189,0.9178878903,-0.0788412228,0.301336417,0.2458907202,0,1
2355,78500000000,0,0,-1.415550956,-0.1739226151,0.09412711379,0.917487966,-0.07914246829,0.302476066,0.2458872333,0,1
2356,78533333333,0,0,-1.413260339,-0.1727466026,0.09169111832,0.9176282213,-0.07826815006,0.3040418168,0.2437029295,0,1
2357,78566666667,0,0,-1.412627862,-0.1702269524,0.09032742608,0.9173286466,-0.07908088714,0.3060347068,0.2420684316,0,1
2358,78600000000,0,0,-1.407832051,-0.1679797767,0.09173007816,0.9160852514,-0.07804211235,0.3086990555,0.2437255301,0,1
2359,78633333333,0,0,-1.405114627,-0.1664774551,0.08902831231,0.915065217,-0.07523286958,0.3102605491,0.2464428039,0,1
2360,78666666667,0,0,-1.404533265,-0.165964905,0.08512891971,0.9145473178,-0.07279315569,0.3102462038,0.249101692,0,1
2361,78700000000,0,0,-1.402521902,-0.1630338608,0.08322378623,0.9140846451,-0.0716585402,0.3091383899,0.2524832097,0,1
2362,78733333333,0,0,-1.398364701,-0.1598898393,0.08245033299,0.9132631684,-0.07013257486,0.3091091519,0.2558971264,0,1
2363,78766666667,0,0,-1.395652653,-0.1586369345,0.08035073069,0.9129476388,-0.06999770033,0.3094537077,0.2566424233,0,1
2364,78800000000,0,0,-1.391735169,-0.155687013,0.07955005564,0.9134251306,-0.06984728139,0.3100434073,0.2542616244,0,1
2365,78833333333,0,0,-1.388835108,-0.154860381,0.0777493266,0.9137359534,-0.06919375802,0.3116115675,0.2513902591,0,1
2366,78866666667,0,1,-1.38396302,-0.1508924259,0.06598407257,0.9146765923,-0.06768012046,0.3101616195,0.2501717464,0,1
2367,78900000000,0,0,-1.38264563,-0.1502603143,0.06311904441,0.9148497698,-0.06638354658,0.309535082,0.2506614379,0,1
2368,78933333333,0,0,-1.382083459,-0.15026142,0.05885666188,0.915749554,-0.0651414336,0.307027987,0.2507850937,0,1
2369,78966666667,0,0,-1.379701237,-0.1484553081,0.05647568225,0.9173886963,-0.06476880042,0.3034219061,0.2492752081,0,1
2370,79000000000,0,0,-1.375283746,-0.1468451904,0.05426864503,0.9190162129,-0.06422008649,0.3008616466,0.246510143,0,1
2371,79033333333,0,0,-1.373695903,-0.1453310165,0.04906480622,0.9206181061,-0.06461243182,0.2996505526,0.2418617016,0,1
2372,79066666667,0,0,-1.369696675,-0.1418482852,0.04664469324,0.9216511339,-0.06551160952,0.2997687663,0.2374996907,0,1
2373,79100000000,0,0,-1.367429881,-0.1397366549,0.04201334841,0.922094721,-0.06593028819,0.3010256428,0.2340471854,0,1
2374,79133333333,0,1,-1.363393786,-0.1348326366,0.03081709987,0.9234133482,-0.06584809843,0.2995472094,0.2307450664,0,1
2375,79166666667,0,0,-1.362081129,-0.1326242018,0.02499643807,0.9247322574,-0.06628655271,0.2973774116,0.2281293932,0,1
2376,79200000000,0,0,-1.361154373,-0.1316318463,0.01842068017,0.9267641393,-0.06690139242,0.2926529008,0.225802377,0,1
2377,79233333333,0,0,-1.36164676,-0.1290982409,0.009830266291,0.9296811418,-0.06779877135,0.2854726342,0.2227143379,0,1
2378,79266666667,0,0,-1.359008041,-0.1247878525,0.002832657985,0.9325984426,-0.07036842277,0.2774457223,0.2198460849,0,1
2379,79300000000,0,0,-1.35553486,-0.1207667151,-0.002119269915,0.9348296771,-0.07327999388,0.2710020043,0.2174429372,0,1
2380,79333333333,0,1,-1.347148126,-0.1123589816,-0.009895207943,0.9372927312,-0.07617976223,0.2650479431,0.2131397847,0,1
2381,79366666667,0,0,-1.343747432,-0.1075331164,-0.01708445061,0.9388027108,-0.0804055529,0.2624984575,0.2080359994,0,1
2382,79400000000,0,0,-1.338762103,-0.1026194771,-0.02348425465,0.939381421,-0.08409919322,0.2617625457,0.2048663985,0,1
2383,79433333333,0,0,-1.336164184,-0.09770554849,-0.0312635534,0.9388787627,-0.08663471301,0.2617890271,0.2060766864,0,1
2384,79466666667,0,0,-1.332534228,-0.09334081359,-0.03752486934,0.9385244671,-0.08875397098,0.260781547,0.2080565838,0,1
2385,79500000000,0,0,-1.330838573,-0.09086594851,-0.04534689751,0.9392913864,-0.09027499282,0.2578578692,0.2075847691,0,1
2386,79533333333,0,1,-1.326112712,-0.08408735926,-0.05196390616,0.9414381815,-0.0910036001,0.2522043054,0.2044638929,0,1
2387,79566666667,0,0,-1.323888682,-0.08137453303,-0.05874515782,0.9433053085,-0.09178686847,0.2464000971,0.2025765483,0,1
2388,79600000000,0,0,-1.322252994,-0.07782628573,-0.06621663484,0.9453062042,-0.09238184377,0.239813654,0.2008760477,0,1
2389,79633333333,0,0,-1.319460199,-0.07430815808,-0.07166726077,0.9471823518,-0.0931141577,0.2339246509,0.1986318297,0,1
2390,79666666667,0,0,-1.316730417,-0.06859076692,-0.07657339766,0.9487306312,-0.09291410467,0.2293551343,0.1966554878,0,1
2391,79700000000,0,0,-1.313481465,-0.06382172783,-0.08106729897,0.9498691175,-0.0911925201,0.2259349803,0.1959233742,0,1
2392,79733333333,0,0,-1.310481052,-0.06002160346,-0.0856833328,0.9509533319,-0.08822689164,0.2232896988,0.1950525226,0,1
2393,79766666667,0,1,-1.307008693,-0.05445455108,-0.08825007353,0.9522459127,-0.08631813161,0.2213234862,0.1918145362,0,1
2394,79800000000,0,0,-1.304018038,-0.04920690207,-0.09231160583,0.9533930008,-0.08436540882,0.2202162687,0.1882260845,0,1
2395,79833333333,0,0,-1.304399798,-0.0440438526,-0.09925642175,0.954401084,-0.08221306294,0.2193688399,0.1850321467,0,1
2396,79866666667,0,0,-1.304342137,-0.03773141455,-0.1041154402,0.9554613673,-0.08170797282,0.216804916,0.1827922626,0,1
2397,79900000000,0,0,-1.305086207,-0.03248462542,-0.1111593551,0.9570534768,-0.08191519489,0.2120710076,0.1799011703,0,1
2398,79933333333,0,0,-1.305792946,-0.02757108626,-0.119810792,0.9588882312,-0.08525676384,0.2047402074,0.177048275,0,1
2399,79966666667,0,1,-1.305281326,-0.02057787474,-0.1183409655,0.95968499,-0.08943677561,0.2005918494,0.1754100714,0,1
2400,80000000000,0,0,-1.298946514,-0.01364566366,-0.119303353,0.9598313388,-0.09013586295,0.19883208,0.176253032,0,1
2401,80033333333,0,0,-1.297621954,-0.006371070964,-0.1250008,0.9596655624,-0.0901043678,0.1999929682,0.175857965,0,1
2402,80066666667,0,0,-1.293258599,-0.0001932909065,-0.1268834175,0.9590270376,-0.09101887548,0.2025756001,0.175914274,0,1
2403,80100000000,0,0,-1.291641343,0.004780952914,-0.1317071949,0.9582815273,-0.09010740676,0.206267173,0.1761562458,0,1
2404,80133333333,0,0,-1.291329059,0.009126843295,-0.1366828126,0.9578524767,-0.08985675735,0.2085646009,0.1759124875,0,1
2405,80166666667,0,0,-1.287586476,0.01349298688,-0.1397866552,0.9579310306,-0.08990271402,0.2093918919,0.1744725715,0,1
2406,80200000000,0,0,-1.289198365,0.01796219301,-0.1468915828,0.957861424,-0.08904230099,0.2099140912,0.1746683584,0,1
2407,80233333333,0,1,-1.287852262,0.02223151252,-0.1471432988,0.9580081401,-0.09026728059,0.2086963071,0.174694227,0,1
2408,80266666667,0,0,-1.28843395,0.02654192204,-0.1532144538,0.9588922948,-0.0896931277,0.2054457296,0.1739906952,0,1
2409,80300000000,0,0,-1.286153426,0.03374687452,-0.1574487749,0.9599836994,-0.09082694373,0.2009179788,0.1726665253,0,1
2410,80333333333,0,0,-1.282996113,0.04349535264,-0.1571095633,0.960127863,-0.09149622244,0.1997887197,0.1728218607,0,1
2411,80366666667,0,0,-1.275518847,0.05207291934,-0.1550407797,0.9593454231,-0.09086763665,0.2014589781,0.175538349,0,1
2412,80400000000,0,0,-1.271972639,0.05768707459,-0.1578757189,0.9579212377,-0.09014717684,0.2053581326,0.1791324266,0,1
2413,80433333333,0,1,-1.272722993,0.05742036527,-0.1617534667,0.9558234086,-0.09300131001,0.2098983374,0.1835621308,0,1
2414,80466666667,0,0,-1.265040808,0.06249053196,-0.1592566221,0.9543555646,-0.09439985566,0.2130672012,0.1868060257,0,1
2415,80500000000,0,0,-1.262357425,0.06665459952,-0.1634839491,0.9534874355,-0.09466384254,0.2164438637,0.1872231851,0,1
2416,80533333333,0,0,-1.258353022,0.07045620777,-0.1653875312,0.9529499309,-0.09720010965,0.218387174,0.1864017439,0,1
2417,80566666667,0,0,-1.252811199,0.0746198616,-0.1654992557,0.9527055602,-0.09930325849,0.2197725054,0.1849081507,0,1
2418,80600000000,0,0,-1.250993106,0.0782972462,-0.1691432758,0.9524172327,-0.1014535564,0.2211146955,0.1836215735,0,1
2419,80633333333,0,0,-1.247945204,0.08244528206,-0.1699512578,0.9521863868,-0.1053961422,0.2212176172,0.1824705561,0,1
2420,80666666667,0,0,-1.241249206,0.08757893152,-0.1681227272,0.9523282358,-0.1087855117,0.220364912,0.1807649006,0,1
2421,80700000000,0,1,-1.23105384,0.09455837055,-0.1652957643,0.9529640082,-0.1091787474,0.2202653473,0.1772647088,0,1
2422,80733333333,0,0,-1.228621415,0.09944950316,-0.1671583348,0.9528334718,-0.1087233386,0.2223724958,0.1756077552,0,1
2423,80766666667,0,0,-1.221204819,0.1027556622,-0.1656393887,0.9520857427,-0.1090460246,0.2254883011,0.1754899688,0,1
2424,80800000000,0,0,-1.214011444,0.1046701228,-0.1654415801,0.9513922549,-0.1075993155,0.2290112665,0.1755819025,0,1
2425,80833333333,0,0,-1.208733736,0.1045408006,-0.1673418849,0.951431468,-0.1057800483,0.2300196438,0.1751562346,0,1
2426,80866666667,0,0,-1.206105866,0.1044726174,-0.1720945509,0.9520982246,-0.1040043059,0.2274058282,0.1760075692,0,1
2427,80900000000,0,1,-1.198348642,0.11058109,-0.1743930685,0.9539622647,-0.101453922,0.2210023972,0.17555922,0,1
2428,80933333333,0,0,-1.194197999,0.113023664,-0.1752929838,0.9556337287,-0.09907092066,0.2162096254,0.173788743,0,1
2429,80966666667,0,0,-1.188277851,0.1153118381,-0.1748124117,0.9568032764,-0.09709567154,0.2128051176,0.1726670286,0,1
2430,81000000000,0,0,-1.181089568,0.1170604361,-0.175255114,0.9577244461,-0.09442984867,0.2111090481,0.1711135844,0,1
2431,81033333333,0,0,-1.176074511,0.1178614344,-0.1803361532,0.9587085342,-0.09271739046,0.2093397635,0.1686958667,0,1
2432,81066666667,0,0,-1.168990787,0.1197092877,-0.1823557618,0.9594708466,-0.09183305879,0.2065691271,0.1682604515,0,1
2433,81100000000,0,1,-1.1589572,0.1226625221,-0.184377133,0.9602576341,-0.08884323516,0.2030460061,0.1696598806,0,1
2434,81133333333,0,0,-1.154054413,0.1231882143,-0.1898303515,0.9613089731,-0.08558077697,0.1985465936,0.1707051229,0,1
2435,81166666667,0,0,-1.148691556,0.1272123969,-0.1918371018,0.9627721476,-0.08406029962,0.1930394714,0.1695270488,0,1
2436,81200000000,0,0,-1.14270326,0.1314929344,-0.1947147284,0.9640513491,-0.08193986101,0.1892423381,0.1675654884,0,1
2437,81233333333,0,0,-1.140283376,0.1352667727,-0.1996853835,0.9642106745,-0.08196921942,0.1888183517,0.1671120948,0,1
2438,81266666667,0,0,-1.135443576,0.142273015,-0.2009316577,0.9632977058,-0.08340582475,0.1910976791,0.1690641166,0,1
2439,81300000000,0,1,-1.124392702,0.148933379,-0.2051749156,0.9620659201,-0.08458802912,0.1931704774,0.1730872537,0,1
2440,81333333333,0,0,-1.119031707,0.1535205805,-0.2062798193,0.9606254618,-0.08437078148,0.1962541315,0.177664316,0,1
2441,81366666667,0,0,-1.113381097,0.1561957539,-0.2087444597,0.9594696942,-0.08432308685,0.1962222964,0.1838595476,0,1
2442,81400000000,0,0,-1.106397514,0.1577448276,-0.2134163303,0.9592601507,-0.08482848326,0.1923014149,0.1887968685,0,1
2443,81433333333,0,0,-1.100459064,0.1628951447,-0.2165305534,0.959840163,-0.08484242525,0.1869852768,0.1911678074,0,1
2444,81466666667,0,0,-1.095900944,0.1679559987,-0.2201316554,0.9602646905,-0.08498941961,0.1823706063,0.1934153164,0,1
2445,81500000000,0,1,-1.087694732,0.1773999097,-0.2287707402,0.9610778526,-0.08576075438,0.1767321045,0.1942684161,0,1
2446,81533333333,0,0,-1.082645045,0.1826410377,-0.2314801101,0.9614296566,-0.0879695168,0.1746429238,0.19342758,0,1
2447,81566666667,0,0,-1.077402642,0.1866882634,-0.2344038743,0.9616604638,-0.08975607771,0.1736267415,0.1923713949,0,1
2448,81600000000,0,0,-1.073586488,0.1901727143,-0.2417749328,0.9620637554,-0.0931360059,0.171549108,0.1906040884,0,1
2449,81633333333,0,0,-1.068283196,0.1962245044,-0.2429911496,0.9628339259,-0.09596836593,0.1700723842,0.1865912322,0,1
2450,81666666667,0,0,-1.065967966,0.1987078091,-0.2501449341,0.9637455966,-0.09952549099,0.1676658697,0.1821462541,0,1
2451,81700000000,0,1,-1.058497282,0.2072204216,-0.2564151106,0.9650940328,-0.1020992235,0.1631451719,0.177631386,0,1
2452,81733333333,0,0,-1.057267137,0.2104596863,-0.2616319902,0.9655523248,-0.104614772,0.1604828994,0.1760957028,0,1
2453,81766666667,0,0,-1.05337066,0.2140213011,-0.2687078887,0.9661222633,-0.106893763,0.1559536902,0.1756699811,0,1
2454,81800000000,0,0,-1.050747669,0.2197230172,-0.2744742657,0.966658938,-0.1091021367,0.1523726891,0.1744986673,0,1
2455,81833333333,0,0,-1.047921762,0.2240483624,-0.2779301722,0.9669172437,-0.110466575,0.1514420914,0.173012926,0,1
2456,81866666667,0,0,-1.045490712,0.2267736316,-0.2848792261,0.9665918025,-0.1116230279,0.1519774859,0.1736186362,0,1
2457,81900000000,0,1,-1.038731578,0.235769526,-0.2905159437,0.9667957114,-0.1113147683,0.1518250805,0.1728126722,0,1
2458,81933333333,0,0,-1.036235689,0.2394764097,-0.2966993132,0.9668808932,-0.1123966151,0.1528528927,0.1707171125,0,1
2459,81966666667,0,0,-1.035382777,0.2421688782,-0.303676045,0.9669510311,-0.1125565109,0.1533464247,0.1697692827,0,1
2460,82000000000,0,0,-1.034875036,0.2450086431,-0.3139677042,0.9673100361,-0.11352443,0.1513131709,0.1689018121,0,1
2461,82033333333,0,0,-1.035370458,0.2503121169,-0.320445702,0.9676717506,-0.1146681688,0.1491544993,0.1679747881,0,1
2462,82066666667,0,0,-1.034932753,0.2560767011,-0.3257463638,0.9676889582,-0.1158350315,0.1481473949,0.1679662914,0,1
2463,82100000000,0,1,-1.034188413,0.261819317,-0.3323159145,0.9674571499,-0.1170293482,0.1483817265,0.1682666276,0,1
2464,82133333333,0,0,-1.032932428,0.2658271018,-0.3368264681,0.9670194797,-0.1189861903,0.149290195,0.1686061982,0,1
2465,82166666667,0,0,-1.032446583,0.2708188288,-0.3441391249,0.9668636237,-0.1198793231,0.1495968782,0.1685955368,0,1
2466,82200000000,0,0,-1.031711985,0.2765026195,-0.3502276036,0.9667854481,-0.1216529152,0.149442046,0.1679093221,0,1
2467,82233333333,0,0,-1.031738538,0.2815723079,-0.3548212139,0.9664328188,-0.1231170502,0.1507513535,0.1677016046,0,1
2468,82266666667,0,0,-1.031501553,0.2849509033,-0.3625148772,0.9658480826,-0.1245395733,0.151948451,0.1689350297,0,1
2469,82300000000,0,1,-1.032368655,0.2915024171,-0.3682582091,0.965332449,-0.1262336481,0.1523261358,0.1702794099,0,1
2470,82333333333,0,0,-1.02999454,0.2952131099,-0.3711954743,0.9646997579,-0.1276488844,0.1533661699,0.1718690122,0,1
2471,82366666667,0,0,-1.02993392,0.2991925349,-0.3778810881,0.9641909975,-0.1278706776,0.1549516024,0.1731323512,0,1
2472,82400000000,0,0,-1.027070978,0.301998349,-0.3820156944,0.9640271464,-0.1291023924,0.1555122392,0.1726272771,0,1
2473,82433333333,0,0,-1.025468242,0.3053890027,-0.3875794755,0.9641611251,-0.1291753041,0.1566498013,0.1707861396,0,1
2474,82466666667,0,0,-1.025941377,0.3087502925,-0.3933748258,0.9639361051,-0.1292688727,0.1584993956,0.1702782587,0,1
2475,82500000000,0,1,-1.022895769,0.3128098743,-0.3982303126,0.9634836365,-0.1292808122,0.1598859958,0.171529071,0,1
2476,82533333333,0,0,-1.019845575,0.3147119832,-0.4014989786,0.962948518,-0.1291982931,0.1613800984,0.1731889622,0,1
2477,82566666667,0,0,-1.016550907,0.3163260547,-0.405913254,0.9628402793,-0.1289811348,0.1622268916,0.1731614828,0,1
2478,82600000000,0,0,-1.014229854,0.3180553623,-0.4092535281,0.962760927,-0.1288517328,0.1635500838,0.1724528876,0,1
2479,82633333333,0,0,-1.013693036,0.3207582146,-0.412804319,0.9622424806,-0.1283378091,0.165854667,0.1735253432,0,1
2480,82666666667,0,0,-1.010274713,0.3227341215,-0.4148910853,0.9615720854,-0.1284461573,0.1678433631,0.1752407338,0,1
2481,82700000000,0,0,-1.005568293,0.3219681546,-0.4165103509,0.9609931661,-0.1289423763,0.1695863416,0.1763702671,0,1
2482,82733333333,0,0,-1.00317453,0.3213751565,-0.4162452781,0.9603291357,-0.1288390668,0.1717419661,0.1779695001,0,1
2483,82766666667,0,0,-0.9998687007,0.319598229,-0.4184911152,0.9598139622,-0.1287716512,0.1725375824,0.1800161173,0,1
2484,82800000000,0,0,-0.9935635745,0.3177938519,-0.4171781573,0.9598767881,-0.1293702977,0.1713985633,0.1803397077,0,1
2485,82833333333,0,0,-0.9890270529,0.3171439391,-0.4182350374,0.960267985,-0.1288183386,0.1698710666,0.1800973443,0,1
2486,82866666667,0,0,-0.9843068143,0.3139349893,-0.4172854782,0.9604346825,-0.1287716169,0.1691722676,0.1798995141,0,1
2487,82900000000,0,0,-0.9817056728,0.311974394,-0.4183270742,0.9602701883,-0.1279046528,0.1693859916,0.1811903727,0,1
2488,82933333333,0,0,-0.9748317166,0.3096588772,-0.4191407258,0.9602465039,-0.1284936781,0.168227377,0.1819768556,0,1
2489,82966666667,0,0,-0.9671268848,0.3087138355,-0.4181250263,0.9606098736,-0.1288200066,0.1674836723,0.1805084378,0,1
2490,83000000000,0,0,-0.9624640018,0.3061829751,-0.4175794247,0.9608490167,-0.1289602094,0.1684151531,0.1782547829,0,1
2491,83033333333,0,0,-0.9574747183,0.3046001928,-0.4164440719,0.9609738518,-0.1292969368,0.1692159402,0.1765715828,0,1
2492,83066666667,0,0,-0.9514495827,0.3001249942,-0.4137942348,0.9610032068,-0.1301424497,0.1695545731,0.1754623212,0,1
2493,83100000000,0,0,-0.9454303575,0.2970926661,-0.4116118014,0.9613698029,-0.1305888794,0.1685467662,0.1740880074,0,1
2494,83133333333,0,1,-0.941489242,0.2944784895,-0.406725889,0.961756865,-0.1301609573,0.1686026236,0.17220631,0,1
2495,83166666667,0,0,-0.9372777854,0.2916336706,-0.4041745732,0.9619290222,-0.1286839292,0.1686959129,0.1722634367,0,1
2496,83200000000,0,0,-0.9285398732,0.2869963552,-0.3996369928,0.9620833553,-0.1283270679,0.1670288821,0.1732891619,0,1
2497,83233333333,0,0,-0.9208583231,0.2832163188,-0.3953420605,0.9625307795,-0.1262172517,0.1654613873,0.1738569333,0,1
2498,83266666667,0,0,-0.914407359,0.2790014756,-0.3927947698,0.9628223742,-0.1242365363,0.1640564311,0.1749967033,0,1
2499,83300000000,0,0,-0.9080234071,0.275078656,-0.390699961,0.9628232215,-0.1227045071,0.1630150362,0.1770343075,0,1
2500,83333333333,0,0,-0.8982090312,0.2708869588,-0.3889625825,0.9630417055,-0.1218576198,0.1609993405,0.1782711596,0,1
2501,83366666667,0,0,-0.888326426,0.2672980359,-0.3866736253,0.9635871644,-0.1218610036,0.1591006859,0.1770215923,0,1
2502,83400000000,0,1,-0.8810203999,0.2618049378,-0.3842512307,0.9642267809,-0.1223169462,0.1588796846,0.1733854825,0,1
2503,83433333333,0,0,-0.8738006818,0.2575615096,-0.3819391864,0.9646619932,-0.1224406715,0.1597575706,0.1700383471,0,1
2504,83466666667,0,0,-0.8659732779,0.2529266089,-0.3784926843,0.9649169919,-0.1227906995,0.1611132589,0.167033412,0,1
2505,83500000000,0,0,-0.8575346946,0.2472947426,-0.3737277317,0.9650797487,-0.1231511585,0.1622126182,0.1647481026,0,1
2506,83533333333,0,0,-0.8508463674,0.2422389181,-0.3704137692,0.9652913911,-0.1224335443,0.1629098943,0.1633490859,0,1
2507,83566666667,0,0,-0.8437862186,0.237493514,-0.3661007252,0.965368611,-0.1220144667,0.1627615494,0.1633541946,0,1
2508,83600000000,0,1,-0.8330738659,0.232791216,-0.3616084199,0.96547525,-0.1217658925,0.1614479809,0.1642107137,0,1
2509,83633333333,0,0,-0.8262397108,0.2287775252,-0.3581388528,0.9654221778,-0.1211777332,0.1609638441,0.1654285844,0,1
2510,83666666667,0,0,-0.8183588649,0.2251354286,-0.352865299,0.9657229526,-0.1202077203,0.1592955547,0.1659946053,0,1
2511,83700000000,0,0,-0.8113479668,0.2198727194,-0.3502241047,0.9664258457,-0.1187142395,0.1562257373,0.1658961515,0,1
2512,83733333333,0,0,-0.8062429998,0.2159018305,-0.348391844,0.9671408478,-0.1180721035,0.1524568067,0.1656939379,0,1
2513,83766666667,0,0,-0.8000142873,0.2113289266,-0.345867884,0.9676623291,-0.1190630805,0.1488542991,0.1652150032,0,1
2514,83800000000,0,0,-0.793470527,0.2083144651,-0.339352417,0.9677593311,-0.1192674204,0.1473240907,0.1658697435,0,1
2515,83833333333,0,1,-0.7861567867,0.2035968284,-0.3385093122,0.9677837417,-0.1187235075,0.1452853033,0.1679033614,0,1
2516,83866666667,0,0,-0.7777605887,0.2000619214,-0.3371442507,0.9679257269,-0.1201858555,0.1418944877,0.1689411191,0,1
2517,83900000000,0,0,-0.7694468956,0.2012750057,-0.3315128052,0.9686548806,-0.1204281467,0.1395916709,0.1664900876,0,1
2518,83933333333,0,0,-0.7624932056,0.1982805209,-0.3296616429,0.9692317055,-0.1204716621,0.1387506772,0.1637825669,0,1
2519,83966666667,0,0,-0.7547085513,0.1941376945,-0.328411944,0.9694516066,-0.1228166842,0.1376165549,0.1616828018,0,1
2520,84000000000,0,0,-0.7463709642,0.1910222095,-0.3247405015,0.9695447146,-0.1256348287,0.136267733,0.160093851,0,1
2521,84033333333,0,0,-0.7391378,0.1897451487,-0.3203973841,0.9697359232,-0.1264286413,0.1348559189,0.1595052324,0,1
2522,84066666667,0,1,-0.7288408025,0.184493791,-0.3221662102,0.9700820062,-0.1280367562,0.1312058807,0.1591618899,0,1
2523,84100000000,0,0,-0.7205246203,0.1843962868,-0.3175278761,0.9705254282,-0.1300595735,0.1270924698,0.1581531049,0,1
2524,84133333333,0,0,-0.7114827689,0.1824991914,-0.313596304,0.9712700077,-0.1303884551,0.1231125635,0.1564503741,0,1
2525,84166666667,0,0,-0.7019698176,0.179380811,-0.3114828226,0.9721062502,-0.1312021782,0.1186016913,0.1540424151,0,1
2526,84200000000,0,0,-0.6942904928,0.1792414159,-0.307773354,0.9730587219,-0.1305770116,0.1154846138,0.1508962285,0,1
2527,84233333333,0,0,-0.6830924307,0.1728044861,-0.3079278589,0.9739361733,-0.1322437524,0.1116592706,0.1466019356,0,1
2528,84266666667,0,1,-0.6721002027,0.1727478057,-0.3068163507,0.974932045,-0.1341782668,0.1095066711,0.1396853229,0,1
2529,84300000000,0,0,-0.6642242608,0.1701530834,-0.3037198033,0.9755662859,-0.1350250862,0.1114332113,0.132745197,0,1
2530,84333333333,0,0,-0.65457879,0.1624802825,-0.3080525844,0.9758839545,-0.1381530912,0.1112473437,0.1272330901,0,1
2531,84366666667,0,0,-0.6475524329,0.1573464818,-0.3058437786,0.9760012391,-0.143316545,0.1094266318,0.1220973443,0,1
2532,84400000000,0,0,-0.6381039001,0.1526119504,-0.3041073087,0.9763356288,-0.1457438132,0.1054734264,0.120011821,0,1
2533,84433333333,0,0,-0.6280294332,0.1455754969,-0.3051265492,0.976481961,-0.1495483908,0.09865244748,0.1199414574,0,1
2534,84466666667,0,1,-0.6161431406,0.1383546375,-0.3011790031,0.976338112,-0.1538359222,0.09173467094,0.1211740491,0,1
2535,84500000000,0,0,-0.6080318678,0.1382152146,-0.2990450505,0.9764470159,-0.1545302856,0.08727565423,0.1226970911,0,1
2536,84533333333,0,0,-0.5981260918,0.1383109277,-0.2979659719,0.9765239907,-0.154619166,0.08518682008,0.1234383039,0,1
2537,84566666667,0,0,-0.5902114055,0.1382196349,-0.2949208846,0.9763411858,-0.1540696108,0.08805470704,0.1235589436,0,1
2538,84600000000,0,0,-0.5807995123,0.1355895197,-0.2962216556,0.9760976965,-0.153874311,0.09202456022,0.1228310369,0,1
2539,84633333333,0,0,-0.572933697,0.1340626406,-0.2945084386,0.9759245227,-0.1539753403,0.09644139165,0.1206730233,0,1
2540,84666666667,0,1,-0.5601205956,0.1263910286,-0.2927147651,0.9755747705,-0.1547422599,0.09931164162,0.1201910895,0,1
2541,84700000000,0,0,-0.5531949614,0.1212112864,-0.294871136,0.9751613443,-0.156376253,0.1011344646,0.1199109674,0,1
2542,84733333333,0,0,-0.5436726613,0.1205193432,-0.2925250368,0.9748515251,-0.1581733809,0.1014419365,0.1198132675,0,1
2543,84766666667,0,0,-0.5349644864,0.1178691118,-0.2913689119,0.974622541,-0.1597008656,0.1013893964,0.1196943037,0,1
2544,84800000000,0,0,-0.5285037971,0.1155797933,-0.2903253887,0.9744698674,-0.1615340492,0.1016013115,0.1182894834,0,1
2545,84833333333,0,0,-0.5248610403,0.1164874026,-0.2852237079,0.9743580698,-0.1613435684,0.103655015,0.1176870535,0,1
2546,84866666667,0,0,-0.5165207574,0.1115936898,-0.2837738417,0.9741539655,-0.1610155565,0.1045898149,0.1189916493,0,1
2547,84900000000,0,0,-0.5113143858,0.1095686744,-0.2828036432,0.9742247996,-0.1604781427,0.1046600939,0.1190759013,0,1
2548,84933333333,0,1,-0.5035536584,0.1047456746,-0.2786466031,0.9743450979,-0.1605383571,0.1039933858,0.1185935989,0,1
2549,84966666667,0,0,-0.4989802675,0.1006121673,-0.276456718,0.9746385333,-0.158884443,0.1039343658,0.1184614318,0,1
2550,85000000000,0,0,-0.4948228597,0.09612490013,-0.2744256234,0.9748095032,-0.1578111544,0.1038896303,0.118528548,0,1
2551,85033333333,0,0,-0.4894991588,0.09302417761,-0.271647308,0.9750474286,-0.156504527,0.1033907883,0.1187400095,0,1
2552,85066666667,0,0,-0.4854630029,0.088752767,-0.2680597842,0.9752464677,-0.1550170891,0.1034945471,0.1189659956,0,1
2553,85100000000,0,0,-0.4817568038,0.08504693201,-0.2651704421,0.9754856744,-0.1531013656,0.1041435636,0.1189192542,0,1
2554,85133333333,0,1,-0.4764838996,0.08193824808,-0.2595142339,0.975749493,-0.1514095232,0.105593384,0.1176355411,0,1
2555,85166666667,0,0,-0.4723517904,0.07807812655,-0.2562578357,0.9761128305,-0.1488046735,0.1084245692,0.1153474063,0,1
2556,85200000000,0,0,-0.4695641912,0.07247469479,-0.2531839743,0.9763873719,-0.1465141175,0.1108945737,0.1135944842,0,1
2557,85233333333,0,0,-0.4660980697,0.06829230007,-0.2498839975,0.9765449922,-0.144557582,0.1119587301,0.113702359,0,1
2558,85266666667,0,0,-0.462292594,0.06105258255,-0.24589173,0.976347066,-0.1447703343,0.1117866618,0.1152896322,0,1
2559,85300000000,0,0,-0.4588289453,0.0553284024,-0.2417015821,0.9763345567,-0.1457850557,0.1103938788,0.1154588342,0,1
2560,85333333333,0,1,-0.4540563748,0.04928014516,-0.2361778276,0.9761604456,-0.1478446124,0.1084051846,0.1161941092,0,1
2561,85366666667,0,0,-0.4504123054,0.04671276501,-0.2300815843,0.9759659486,-0.1489139829,0.1077792165,0.1170415881,0,1
2562,85400000000,0,0,-0.4453808542,0.04304190808,-0.2247885681,0.9759801043,-0.1483533948,0.1076675176,0.1177361962,0,1
2563,85433333333,0,0,-0.4414570153,0.03768248034,-0.2187562607,0.9760015846,-0.1484073586,0.1084699151,0.1167494764,0,1
2564,85466666667,0,0,-0.4374234142,0.03359142282,-0.2136156191,0.9762056068,-0.1469134309,0.1099081248,0.1155822699,0,1
2565,85500000000,0,0,-0.4340346814,0.02681614137,-0.20803928,0.9760431611,-0.145845928,0.112172023,0.1161298847,0,1
2566,85533333333,0,1,-0.4313934749,0.01924991381,-0.2022535503,0.9756887024,-0.1453479349,0.1144050263,0.1175458367,0,1
2567,85566666667,0,0,-0.4283746651,0.01344415394,-0.1967044355,0.9756193338,-0.1437169872,0.1163909503,0.1181756732,0,1
2568,85600000000,0,0,-0.4248583463,0.007080293688,-0.1918043195,0.9757801555,-0.14140266,0.1179370986,0.1181068016,0,1
2569,85633333333,0,0,-0.4224575007,0.0009467020912,-0.1872284684,0.9759496168,-0.1393965523,0.1197659665,0.1172478571,0,1
2570,85666666667,0,0,-0.4199844495,-0.004576814467,-0.1822470624,0.9760441865,-0.1378518179,0.1216120003,0.1163836059,0,1
2571,85700000000,0,0,-0.4178438084,-0.0108422726,-0.1770908905,0.9760872385,-0.136653254,0.1231586719,0.1158081715,0,1
2572,85733333333,0,1,-0.4150437566,-0.02022489866,-0.1702107664,0.9761580133,-0.136441358,0.1244048034,0.1141171932,0,1
2573,85766666667,0,0,-0.4133949841,-0.02644317194,-0.1657319513,0.9763804852,-0.1354053004,0.1251779777,0.1125923029,0,1
2574,85800000000,0,0,-0.4117795259,-0.0323721074,-0.1596330726,0.9763842779,-0.1349996994,0.1245048696,0.1137864692,0,1
2575,85833333333,0,0,-0.4096817049,-0.03782214347,-0.1546243401,0.9765679507,-0.1340845139,0.1221703086,0.1158049932,0,1
2576,85866666667,0,0,-0.4084485012,-0.04289894708,-0.149289212,0.9768442903,-0.1334818959,0.1198601293,0.116582011,0,1
2577,85900000000,0,0,-0.4060488086,-0.04804558565,-0.144395938,0.9771909381,-0.1318568956,0.1184414178,0.1169754678,0,1
2578,85933333333,0,0,-0.4040277375,-0.05317447725,-0.1406363834,0.9773064823,-0.129800037,0.1174530676,0.1192843954,0,1
2579,85966666667,0,1,-0.4011680056,-0.05815006835,-0.1352964182,0.9774986299,-0.128405663,0.1165405459,0.1201112628,0,1
2580,86000000000,0,0,-0.3984429937,-0.06308419589,-0.1311442106,0.9778784581,-0.1269737681,0.1161551472,0.1189090628,0,1
2581,86033333333,0,0,-0.3974637374,-0.068033381,-0.1278858186,0.9782464098,-0.1253440292,0.1167220931,0.1170418259,0,1
2582,86066666667,0,0,-0.3961445563,-0.07343930258,-0.1243396113,0.978355127,-0.1244582816,0.1169300163,0.1168706675,0,1
2583,86100000000,0,0,-0.3960759305,-0.07877372352,-0.1198133554,0.9785873206,-0.1234736721,0.1170521503,0.1158443023,0,1
2584,86133333333,0,0,-0.3949487656,-0.08362800338,-0.1168164566,0.9790865419,-0.1230916889,0.1158336199,0.1132278767,0,1
2585,86166666667,0,0,-0.3946548198,-0.0881458845,-0.1122763408,0.9793361254,-0.1230504069,0.1128592152,0.1141146287,0,1
2586,86200000000,0,1,-0.3941504123,-0.09389581277,-0.1081465987,0.9793033314,-0.1233723934,0.1087075189,0.1180123424,0,1
2587,86233333333,0,0,-0.3916604549,-0.09862746102,-0.1052781302,0.9793369546,-0.1229134965,0.1054727558,0.1211069753,0,1
2588,86266666667,0,0,-0.3879843533,-0.1029538103,-0.103436433,0.9797280652,-0.1217300437,0.1038221735,0.1205639709,0,1
2589,86300000000,0,0,-0.3850247089,-0.1076959153,-0.1012642947,0.9800003125,-0.1201730174,0.1046758863,0.1191670771,0,1
2590,86333333333,0,0,-0.3841190889,-0.1124101486,-0.09925841635,0.9799767708,-0.1181191162,0.1065627076,0.1197405214,0,1
2591,86366666667,0,0,-0.3845047439,-0.1162821675,-0.09701893593,0.9801691075,-0.1158830196,0.1073727699,0.119627483,0,1
2592,86400000000,0,0,-0.384287694,-0.1206343723,-0.09549959171,0.9806465845,-0.1146313703,0.1065001086,0.1176845451,0,1
2593,86433333333,0,0,-0.3820986883,-0.126274104,-0.09365132016,0.9810364556,-0.1134534337,0.1050646052,0.1168641088,0,1
2594,86466666667,0,0,-0.3811986462,-0.1292715809,-0.09289348985,0.9815392142,-0.1102341448,0.1045018258,0.1162263852,0,1
2595,86500000000,0,0,-0.3808550298,-0.1299750874,-0.09272217695,0.9818882257,-0.1080662958,0.1044965213,0.1153155022,0,1
2596,86533333333,0,1,-0.3801448928,-0.1364844943,-0.09152033201,0.9820016745,-0.1086425705,0.1054960647,0.1128719783,0,1
2597,86566666667,0,0,-0.3787318356,-0.1420822585,-0.09016721196,0.9823956494,-0.1062848602,0.1071359907,0.1101099268,0,1
2598,86600000000,0,0,-0.3829231858,-0.1411891256,-0.09085120401,0.9831654948,-0.101169467,0.1085122105,0.1066557496,0,1
2599,86633333333,0,0,-0.3856746542,-0.1402758106,-0.09075709767,0.9838559407,-0.09935864829,0.1068767882,0.1035987412,0,1
2600,86666666667,0,0,-0.3860970099,-0.1396549012,-0.09101976107,0.9845453587,-0.09873477321,0.1032419977,0.1013063231,0,1
2601,86700000000,0,0,-0.3856777642,-0.1376881146,-0.09208281725,0.9850112442,-0.09907544662,0.09946761761,0.1002152572,0,1
2602,86733333333,0,0,-0.3830135611,-0.1384658482,-0.09240687283,0.9850318781,-0.1005461232,0.09699113224,0.1009722563,0,1
2603,86766666667,0,0,-0.380523395,-0.1370165922,-0.09388241625,0.9849020985,-0.1005965724,0.09664245037,0.1025105985,0,1
2604,86800000000,0,0,-0.3787262344,-0.1349557882,-0.09475709685,0.9847501105,-0.1010041542,0.09801421155,0.102267273,0,1
2605,86833333333,0,0,-0.3783961551,-0.1331107828,-0.09539681384,0.984671275,-0.1012738754,0.1006329619,0.1001952563,0,1
2606,86866666667,0,0,-0.3776972304,-0.129015806,-0.09696864299,0.9847036123,-0.1016426714,0.1024682475,0.09761056072,0,1
2607,86900000000,0,0,-0.3770254988,-0.126526556,-0.09737584194,0.9847374683,-0.1029564771,0.1035332282,0.09472567265,0,1
2608,86933333333,0,0,-0.3757752848,-0.1241176293,-0.09895929951,0.98488308,-0.1037335964,0.1036339802,0.09222070222,0,1
2609,86966666667,0,0,-0.3733479615,-0.1193430735,-0.1008231234,0.9848556548,-0.1043409441,0.1037112921,0.0917402552,0,1
2610,87000000000,0,0,-0.3714733893,-0.1153780562,-0.1023399016,0.9845807195,-0.1049793152,0.1045536531,0.09299829968,0,1
2611,87033333333,0,0,-0.3695539581,-0.1120228031,-0.1035508625,0.9844588627,-0.1055589575,0.1048576674,0.09328946204,0,1
2612,87066666667,0,0,-0.3667645703,-0.1086469983,-0.1053079071,0.9846141385,-0.1053491672,0.1041338027,0.09269683073,0,1
2613,87100000000,0,0,-0.3637381631,-0.1030630906,-0.1080073471,0.9847355019,-0.1053916504,0.1033348026,0.0922524253,0,1
2614,87133333333,0,0,-0.361845426,-0.09950401683,-0.1104406285,0.9845366792,-0.1064526533,0.1029604279,0.09356553946,0,1
2615,87166666667,0,0,-0.3559784451,-0.09456563547,-0.1139056541,0.9844959473,-0.107395964,0.101293888,0.09472795199,0,1
2616,87200000000,0,1,-0.3503762128,-0.09434231684,-0.1200412668,0.9842175982,-0.1083858523,0.1007113375,0.097084772,0,1
2617,87233333333,0,0,-0.3472474499,-0.09123271934,-0.1241632107,0.9840878353,-0.1074985756,0.1007645094,0.09930610408,0,1
2618,87266666667,0,0,-0.3433879052,-0.08888687755,-0.1286630832,0.9842456989,-0.1061705197,0.09990860885,0.1000324688,0,1
2619,87300000000,0,0,-0.3404918549,-0.08351792723,-0.1340658361,0.984680203,-0.1045294835,0.09871556005,0.0986596329,0,1
2620,87333333333,0,0,-0.3364804737,-0.08056194317,-0.1387815192,0.9850485796,-0.1050886532,0.09753968261,0.09550749228,0,1
2621,87366666667,0,0,-0.330483054,-0.07646736806,-0.143954745,0.9855610356,-0.1047650356,0.0964429272,0.09161055685,0,1
2622,87400000000,0,0,-0.3240068954,-0.07224861239,-0.1491950176,0.9857822464,-0.1046430395,0.09695321608,0.08878778544,0,1
2623,87433333333,0,0,-0.3197074725,-0.06798494497,-0.1539024246,0.9856434943,-0.1052094511,0.0980617818,0.08844071698,0,1
2624,87466666667,0,0,-0.3152275065,-0.06567721864,-0.1576483823,0.9854652426,-0.1065551584,0.09802807173,0.08885241155,0,1
2625,87500000000,0,0,-0.3100132217,-0.06046635078,-0.1623718864,0.9855280029,-0.1070495193,0.09666483951,0.08905540303,0,1
2626,87533333333,0,1,-0.302130739,-0.0586315428,-0.1692421015,0.9855563288,-0.1088008989,0.09478545204,0.08863862145,0,1
2627,87566666667,0,0,-0.2954710851,-0.05495173624,-0.1741995222,0.9857342043,-0.1093548925,0.09348092949,0.08735503312,0,1
2628,87600000000,0,0,-0.2871876601,-0.05293980238,-0.1793588387,0.9859412057,-0.1099134304,0.09202351564,0.08585248598,0,1
2629,87633333333,0,0,-0.2798629949,-0.0514976692,-0.1850156135,0.9862160175,-0.1083252587,0.09206331391,0.08466375523,0,1
2630,87666666667,0,0,-0.2734107884,-0.04722806408,-0.1917312047,0.9865405827,-0.1067860359,0.09180166381,0.08310761496,0,1
2631,87700000000,0,0,-0.2675909744,-0.04450550429,-0.1971175232,0.9867476844,-0.1068949112,0.09131235224,0.08102184601,0,1
2632,87733333333,0,0,-0.2618351601,-0.04228110237,-0.2026890209,0.987038004,-0.1066665403,0.08994395881,0.07929887799,0,1
2633,87766666667,0,1,-0.2530231441,-0.03798428706,-0.2102297733,0.9875617419,-0.1059768908,0.08685482171,0.07711643422,0,1
2634,87800000000,0,0,-0.2442445408,-0.03465045023,-0.2172367403,0.9880165745,-0.1062954267,0.0842147096,0.07370490826,0,1
2635,87833333333,0,0,-0.2363245142,-0.0317973007,-0.2230481284,0.988417651,-0.1060389649,0.08323851599,0.06969673229,0,1
2636,87866666667,0,0,-0.2294870541,-0.0276787922,-0.2304693892,0.9888561322,-0.1051840063,0.0827387369,0.06522404445,0,1
2637,87900000000,0,0,-0.2223025921,-0.02349995824,-0.2366774197,0.9893215524,-0.1049129461,0.0820123497,0.05924621656,0,1
2638,87933333333,0,0,-0.2156616427,-0.01853335652,-0.2441855859,0.989776176,-0.1040334815,0.08172057674,0.05330950688,0,1
2639,87966666667,0,0,-0.2087555205,-0.01349109236,-0.2508319742,0.9899897584,-0.1047903281,0.08118760352,0.04845449798,0,1
2640,88000000000,0,1,-0.2018413863,-0.007394567518,-0.2567544452,0.990158672,-0.1051322343,0.08034719781,0.04557790405,0,1
2641,88033333333,0,0,-0.1956013988,-0.001388948207,-0.2621767658,0.9902162717,-0.106418087,0.07857347643,0.04441998146,0,1
2642,88066666667,0,0,-0.1890555313,0.004069454114,-0.2676596406,0.9902885747,-0.1078890682,0.07556766625,0.0444748875,0,1
2643,88100000000,0,0,-0.1809891555,0.01000320035,-0.2730588889,0.9902769454,-0.1099501919,0.0717434717,0.04599348895,0,1
2644,88133333333,0,0,-0.1727835227,0.01495877172,-0.278329549,0.9902336982,-0.111628216,0.06835222275,0.04800352058,0,1
2645,88166666667,0,0,-0.1652832678,0.0205113996,-0.2844105034,0.9903094817,-0.1122114941,0.06513444955,0.04952993649,0,1
2646,88200000000,0,1,-0.155792846,0.02760141086,-0.2873867998,0.9903658469,-0.1134455617,0.06196244205,0.04966134966,0,1
2647,88233333333,0,0,-0.147319847,0.03288199017,-0.2926188606,0.9902103886,-0.1150891878,0.06060529196,0.05064448405,0,1
2648,88266666667,0,0,-0.1396891601,0.03808922082,-0.2976252241,0.9899721143,-0.1169462132,0.06026674641,0.05144623769,0,1
2649,88300000000,0,0,-0.1327355474,0.0429771862,-0.3021935258,0.989758272,-0.1189055209,0.06054770866,0.05073475291,0,1
2650,88333333333,0,0,-0.1259278887,0.04825932518,-0.307069969,0.9895647812,-0.1205043721,0.06107761454,0.05009755693,0,1
2651,88366666667,0,0,-0.1196611973,0.05256107306,-0.3114102051,0.9893142362,-0.1220581228,0.06122191848,0.0510982717,0,1
2652,88400000000,0,1,-0.111600793,0.05848316321,-0.3127843713,0.9891177395,-0.1237804261,0.05993793044,0.05226804089,0,1
2653,88433333333,0,0,-0.1059502946,0.06257120911,-0.3161962174,0.9888501569,-0.1258212439,0.05919564589,0.05329406461,0,1
2654,88466666667,0,0,-0.100055888,0.06718574343,-0.319770854,0.9886801721,-0.1273169307,0.05866327308,0.0534839865,0,1
2655,88500000000,0,0,-0.09272515635,0.07178216084,-0.32223686,0.9884782414,-0.1282736666,0.05844904177,0.05513929921,0,1
2656,88533333333,0,0,-0.08779238938,0.07541655621,-0.3252112254,0.9882505294,-0.1291034883,0.05882876765,0.05685381796,0,1
2657,88566666667,0,0,-0.08212548219,0.07827590912,-0.3268882116,0.9881208298,-0.1302625482,0.05840752244,0.05689864216,0,1
2658,88600000000,0,0,-0.07527985866,0.08243168347,-0.3287361141,0.9880971308,-0.1301636384,0.05822879414,0.05771390538,0,1
2659,88633333333,0,0,-0.0695328811,0.08467018274,-0.3308631407,0.9879512038,-0.130704362,0.05799660258,0.05920458452,0,1
2660,88666666667,0,1,-0.06119079934,0.08982465928,-0.328655038,0.9880440658,-0.1306558462,0.05649017538,0.05921852787,0,1
2661,88700000000,0,0,-0.05412219258,0.09193311327,-0.3296393569,0.988021947,-0.1302165833,0.05658104309,0.06045543261,0,1
2662,88733333333,0,0,-0.04862128142,0.0942106763,-0.3314968571,0.9878859098,-0.1298166121,0.05743844742,0.06268892423,0,1
2663,88766666667,0,0,-0.04133707311,0.09796420695,-0.3329319329,0.9876694827,-0.1303969445,0.05775226144,0.06457790728,0,1
2664,88800000000,0,0,-0.03614920386,0.1001413058,-0.3340820354,0.9872070223,-0.1322021579,0.05924749709,0.0665929326,0,1
2665,88833333333,0,0,-0.02972135196,0.1024810106,-0.3343481315,0.9869381275,-0.1335066547,0.0601999265,0.06711985111,0,1
2666,88866666667,0,0,-0.0228632508,0.1046528216,-0.3346169303,0.9867973124,-0.1352197991,0.06070965225,0.06527639855,0,1
2667,88900000000,0,1,-0.01455348961,0.1074508918,-0.3336873543,0.9867478102,-0.1365858314,0.06193915864,0.06194037719,0,1
2668,88933333333,0,0,-0.007069156501,0.1104100139,-0.334007041,0.9864947987,-0.1375360855,0.06429370724,0.0614667116,0,1
2669,88966666667,0,0,-0.0008365123869,0.1110436944,-0.3341301924,0.9861409938,-0.138749409,0.0663351779,0.06224296003,0,1
2670,89000000000,0,0,0.005749206896,0.1120569422,-0.3337063284,0.9860407205,-0.1392904613,0.06696662917,0.06194623128,0,1
2671,89033333333,0,0,0.01420310332,0.1137194594,-0.3325449452,0.9859299341,-0.1401844082,0.06706470228,0.0615858943,0,1
2672,89066666667,0,0,0.02228365647,0.1140264029,-0.3325175811,0.9856976547,-0.1408893241,0.06791146036,0.06275639752,0,1
2673,89100000000,0,1,0.03194719553,0.1159680757,-0.3335369184,0.9854698243,-0.1421103057,0.0674075831,0.06411009413,0,1
2674,89133333333,0,0,0.04045573081,0.1161954892,-0.3304613747,0.9852111715,-0.143889068,0.06737065671,0.06415666937,0,1
2675,89166666667,0,0,0.04764135362,0.1154753954,-0.3287779305,0.9851207388,-0.14471973,0.0671934944,0.06386207095,0,1
2676,89200000000,0,0,0.0552760509,0.1165778918,-0.3263276873,0.9852995934,-0.1442900959,0.06619567989,0.06311268884,0,1
2677,89233333333,0,0,0.06346730303,0.117065232,-0.3241274536,0.9856830619,-0.1427058165,0.06481120367,0.06215673222,0,1
2678,89266666667,0,0,0.07090500969,0.1175008264,-0.3222903958,0.9861306017,-0.1397061434,0.06372466777,0.06299044882,0,1
2679,89300000000,0,1,0.07753579513,0.1194231617,-0.3224539504,0.9868285678,-0.1353249665,0.06138617073,0.06393957462,0,1
2680,89333333333,0,0,0.08252186697,0.1192958121,-0.3238993226,0.9871705327,-0.13390492,0.05836990006,0.0644729903,0,1
2681,89366666667,0,0,0.08854828582,0.1214349064,-0.3227113348,0.987281695,-0.1337341969,0.05625912954,0.06499945899,0,1
2682,89400000000,0,0,0.09541845132,0.1234136779,-0.322218418,0.9872932521,-0.1332443636,0.05555216787,0.06642236547,0,1
2683,89433333333,0,0,0.1034553507,0.125206553,-0.3212355695,0.9871463646,-0.1336561033,0.05518894046,0.06806086814,0,1
2684,89466666667,0,0,0.1096766488,0.1258021945,-0.3201075635,0.9870757588,-0.1338311275,0.05529281995,0.06865405915,0,1
2685,89500000000,0,0,0.1166116575,0.1267925219,-0.3200063623,0.9870791879,-0.134282492,0.05410657058,0.06866853894,0,1
2686,89533333333,0,0,0.1238675131,0.1290296694,-0.3193396633,0.9869826876,-0.1352602078,0.05245355861,0.06941523428,0,1
2687,89566666667,0,0,0.1303890315,0.1307845849,-0.3183805468,0.9868533195,-0.1360376536,0.05130610397,0.07058304478,0,1
2688,89600000000,0,1,0.1386814775,0.1330223175,-0.3213941139,0.9869505305,-0.1361622868,0.049686801,0.07014059994,0,1
2689,89633333333,0,0,0.1456896838,0.1352043066,-0.3206781301,0.9871978257,-0.1362362513,0.04849096759,0.06729608374,0,1
2690,89666666667,0,0,0.1520954303,0.1373877476,-0.320268713,0.987513212,-0.1356896448,0.0477513031,0.06423230853,0,1
2691,89700000000,0,0,0.1589545206,0.1395646312,-0.3207602994,0.9878372833,-0.1348845288,0.04675496252,0.06162498789,0,1
2692,89733333333,0,0,0.1661880723,0.1422305334,-0.3206308466,0.988130323,-0.1343065278,0.04523050506,0.05928256731,0,1
2693,89766666667,0,0,0.1722405017,0.1445179719,-0.3212154486,0.988402601,-0.1339630546,0.04291912531,0.0572026836,0,1
2694,89800000000,0,1,0.1802938572,0.147491003,-0.3244604648,0.988632485,-0.1342947746,0.03880776731,0.05535955487,0,1
2695,89833333333,0,0,0.1877193385,0.1505267047,-0.3238043394,0.9887517885,-0.1348531685,0.03461456264,0.05464755904,0,1
2696,89866666667,0,0,0.1954630901,0.1526924354,-0.3250393909,0.9888309143,-0.1353873579,0.02951335691,0.05488759502,0,1
2697,89900000000,0,0,0.2032340408,0.1550789912,-0.3268838322,0.9888135511,-0.1369030965,0.02389687147,0.05416865304,0,1
2698,89933333333,0,0,0.2112281107,0.157122072,-0.3281754417,0.9888288405,-0.1381919423,0.01894785434,0.05254988281,0,1
2699,89966666667,0,0,0.2192324807,0.1586809047,-0.3304495735,0.9887564234,-0.1396251237,0.01478029237,0.05145000399,0,1
2700,90000000000,0,1,0.2305025227,0.1613198306,-0.3329186954,0.9886874277,-0.1414091914,0.01005875042,0.0489840023,0,1
2701,90033333333,0,0,0.2394917865,0.1628360925,-0.3348222366,0.9886454819,-0.1433508011,0.006149701252,0.04464123705,0,1
2702,90066666667,0,0,0.2480465062,0.1654848407,-0.3361563272,0.9887054753,-0.1444876288,0.00255518063,0.03972756339,0,1
2703,90100000000,0,0,0.2565227531,0.1669384969,-0.3393058442,0.9886844436,-0.1458555199,-0.001664852711,0.03502094548,0,1
2704,90133333333,0,0,0.2646672437,0.1700065392,-0.3415866171,0.9885588159,-0.1473938889,-0.006640177236,0.03134353341,0,1
2705,90166666667,0,0,0.2739165429,0.1711635281,-0.3454002034,0.9881614029,-0.1500504424,-0.01249247554,0.02942523632,0,1
2706,90200000000,0,1,0.2816474768,0.1753028175,-0.347627477,0.9877837141,-0.152514375,-0.01776252483,0.02659308817,0,1
2707,90233333333,0,0,0.2894757905,0.1780205391,-0.3515185985,0.9873974062,-0.1549993196,-0.02185029612,0.02332675904,0,1
2708,90266666667,0,0,0.2978554688,0.1827102847,-0.3538183104,0.9871067916,-0.1568696926,-0.02454357866,0.0202409058,0,1
2709,90300000000,0,0,0.3063745088,0.1858220703,-0.3561488144,0.9868778113,-0.1583057252,-0.02621981646,0.01800011594,0,1
2710,90333333333,0,0,0.3152063495,0.1884555008,-0.3593294831,0.9864990991,-0.1603501607,-0.02860318895,0.017006206,0,1
2711,90366666667,0,0,0.322646028,0.1929767079,-0.3614939321,0.986114207,-0.1622212103,-0.03137150761,0.01669964546,0,1
2712,90400000000,0,1,0.3292036856,0.1937985461,-0.3623927183,0.9855757693,-0.1648437901,-0.0344030435,0.0168332568,0,1
2713,90433333333,0,0,0.3373268138,0.1987432412,-0.3637007134,0.9852450656,-0.1661846899,-0.03782408127,0.01562524971,0,1
2714,90466666667,0,0,0.3449439783,0.2019976518,-0.3666197683,0.9850605601,-0.166950407,-0.03983440086,0.01401695387,0,1
2715,90500000000,0,0,0.3513305341,0.2054956405,-0.369498103,0.9848115843,-0.168207197,-0.0406674824,0.01409390233,0,1
2716,90533333333,0,0,0.3591265415,0.2088810193,-0.3707504341,0.9845242659,-0.1695363083,-0.04179494807,0.01491952664,0,1
2717,90566666667,0,0,0.3661898845,0.2112840963,-0.3733409443,0.9842493216,-0.1706592462,-0.04348112443,0.01543005145,0,1
2718,90600000000,0,0,0.3730583865,0.2143817768,-0.3758492044,0.9839628092,-0.1717385317,-0.04566510904,0.01541962039,0,1
2719,90633333333,0,0,0.3794864459,0.2162423321,-0.3777854494,0.9836893527,-0.172820174,-0.047502524,0.01523007383,0,1
2720,90666666667,0,1,0.3830226944,0.2187490066,-0.3780924283,0.9835115671,-0.1735839931,-0.04846448187,0.01499295571,0,1
2721,90700000000,0,0,0.3889765038,0.2221977581,-0.3796452889,0.9835026072,-0.173277825,-0.04988732253,0.01444548778,0,1
2722,90733333333,0,0,0.3946796902,0.2241924462,-0.3818943608,0.9835214859,-0.1727158476,-0.05140478571,0.01456951426,0,1
2723,90766666667,0,0,0.400057585,0.2267138017,-0.3865595556,0.9834179323,-0.1726527105,-0.05357666241,0.01448285929,0,1
2724,90800000000,0,0,0.4058629276,0.229495429,-0.3882010272,0.9832414233,-0.1729972628,-0.05585804329,0.01371603019,0,1
2725,90833333333,0,0,0.4104480514,0.2314787136,-0.39018277,0.9832440904,-0.1726897417,-0.05695611909,0.01285737961,0,1
2726,90866666667,0,0,0.4152247961,0.232592099,-0.3924304611,0.983170287,-0.1727982363,-0.05802060628,0.01227051767,0,1
2727,90900000000,0,0,0.4196312856,0.2359030798,-0.3938640844,0.9832088385,-0.1723193335,-0.05877426812,0.01232933846,0,1
2728,90933333333,0,0,0.4235658343,0.2367252367,-0.3959974292,0.9831014283,-0.1726303532,-0.0596001544,0.01257634242,0,1
2729,90966666667,0,1,0.4262031658,0.2364408005,-0.3950093036,0.9828419818,-0.1738978929,-0.06023256902,0.01237737211,0,1
2730,91000000000,0,0,0.4297411188,0.2383846291,-0.3969858935,0.9829576467,-0.1732568986,-0.06012517683,0.01269940943,0,1
2731,91033333333,0,0,0.4345339,0.2400099157,-0.3963139509,0.9830567888,-0.1726976044,-0.06001062222,0.01317621321,0,1
2732,91066666667,0,0,0.43947118,0.2406765756,-0.3959604158,0.9832349267,-0.1715008845,-0.06045041735,0.01350083301,0,1
2733,91100000000,0,0,0.4438120749,0.2425642363,-0.3955950055,0.9834535326,-0.1698894885,-0.06143523273,0.01350640656,0,1
2734,91133333333,0,0,0.4471915788,0.241599305,-0.3959105707,0.9835547039,-0.1688336595,-0.06249018712,0.01450228837,0,1
2735,91166666667,0,0,0.4516591796,0.2412116953,-0.3968722467,0.9835255157,-0.1684580774,-0.06366180301,0.01570385226,0,1
2736,91200000000,0,0,0.4556220243,0.2415923222,-0.3980847771,0.9833582749,-0.1691672799,-0.06405055253,0.01692516828,0,1
2737,91233333333,0,0,0.4608027993,0.2440623761,-0.3963160476,0.9833659327,-0.1691911023,-0.06366183163,0.01769136679,0,1
2738,91266666667,0,0,0.4647688802,0.2428265823,-0.3968644463,0.9833005065,-0.1700781761,-0.06222844749,0.01792060941,0,1
2739,91300000000,0,0,0.4705848442,0.2439465967,-0.3941525184,0.9832407472,-0.1707344304,-0.06183653431,0.01623670059,0,1
2740,91333333333,0,0,0.4751355474,0.2449024798,-0.3923159132,0.9833104313,-0.1706242089,-0.0615544447,0.01410763213,0,1
2741,91366666667,0,1,0.479371632,0.2412398826,-0.3906221252,0.9831395079,-0.171699598,-0.0616607904,0.01240576023,0,1
2742,91400000000,0,0,0.4850057877,0.2411053763,-0.3893946681,0.9830135295,-0.1723352679,-0.06214966012,0.01106236682,0,1
2743,91433333333,0,0,0.4901432943,0.2406844837,-0.3884953978,0.9828413292,-0.1733697315,-0.0620378801,0.010824017,0,1
2744,91466666667,0,0,0.4970341289,0.2412700236,-0.3844319694,0.9827135892,-0.1740179051,-0.06224960648,0.0108054057,0,1
2745,91500000000,0,0,0.5040115813,0.2406759902,-0.3820908289,0.9827835246,-0.1737696509,-0.061846322,0.01075568385,0,1
2746,91533333333,0,0,0.5102397138,0.2386869026,-0.3799484624,0.982728027,-0.174175802,-0.06134040032,0.01207353268,0,1
2747,91566666667,0,0,0.5183080216,0.2377669606,-0.3762870075,0.9825964832,-0.1744347494,-0.06241521521,0.01345400591,0,1
2748,91600000000,0,1,0.5250952662,0.2367164573,-0.3742364592,0.9824253457,-0.1748347593,-0.06398085848,0.01340510736,0,1
2749,91633333333,0,0,0.5312885631,0.2357686319,-0.3708087958,0.9822924025,-0.1751990537,-0.06522417385,0.01235858793,0,1
2750,91666666667,0,0,0.5397712662,0.2329562543,-0.3675367847,0.9820685258,-0.1758630156,-0.06706481176,0.01076668365,0,1
2751,91700000000,0,0,0.5474150163,0.2326960104,-0.364066493,0.9820441121,-0.1756317956,-0.06848935929,0.007214013829,0,1
2752,91733333333,0,0,0.5545506606,0.230368744,-0.3593996036,0.9821942912,-0.1747559768,-0.0688717207,0.003377719212,0,1
2753,91766666667,0,0,0.5625563133,0.2269146519,-0.356221199,0.9823446682,-0.1737279065,-0.06940336871,0.0008600967104,0,1
2754,91800000000,0,0,0.5703985694,0.2217934366,-0.3536928038,0.9823206299,-0.1734685175,-0.07038778751,-0.0006425978596,0,1
2755,91833333333,0,0,0.578144727,0.2185719927,-0.3518570299,0.9820997999,-0.1741218676,-0.07182893576,-0.001470444312,0,1
2756,91866666667,0,1,0.5863332973,0.2170643847,-0.348926318,0.981878423,-0.1748175356,-0.07310171602,-0.003119421172,0,1
2757,91900000000,0,0,0.5928947359,0.2149001332,-0.3433618922,0.9818342819,-0.1749617456,-0.07316913468,-0.00600901145,0,1
2758,91933333333,0,0,0.5996401469,0.2130244389,-0.3389668958,0.9821540893,-0.1732782742,-0.07261116878,-0.008694986408,0,1
2759,91966666667,0,0,0.6062324545,0.2104181969,-0.3357592103,0.9826484721,-0.1705736242,-0.0720347221,-0.0108451761,0,1
2760,92000000000,0,0,0.614245466,0.2075188428,-0.3330361721,0.9829847429,-0.1680413947,-0.07295120923,-0.01346127693,0,1
2761,92033333333,0,0,0.6208648025,0.204255134,-0.329399657,0.9833565055,-0.1655754144,-0.07344372606,-0.01416983997,0,1
2762,92066666667,0,0,0.6274020513,0.2009818478,-0.3275316043,0.9836135264,-0.163803472,-0.07432755597,-0.01217652346,0,1
2763,92100000000,0,1,0.6359584745,0.197958348,-0.3240242787,0.9836308138,-0.1625483888,-0.07699254538,-0.01098140999,0,1
2764,92133333333,0,0,0.6424057077,0.1953721856,-0.3208751759,0.983798322,-0.1606612624,-0.07891252133,-0.01008139005,0,1
2765,92166666667,0,0,0.6500839735,0.1924907945,-0.3191311203,0.9839180423,-0.1589762931,-0.08096868336,-0.00871186777,0,1
2766,92200000000,0,0,0.6569774242,0.1905594585,-0.3153912495,0.9841427198,-0.1569825831,-0.08215876763,-0.008337414777,0,1
2767,92233333333,0,0,0.6639400868,0.1881567692,-0.3128165837,0.9845195528,-0.1545765143,-0.08224433864,-0.007951113287,0,1
2768,92266666667,0,0,0.6706107983,0.185706843,-0.3100835547,0.984922391,-0.1523910459,-0.08160626393,-0.006728332517,0,1
2769,92300000000,0,0,0.6775389413,0.1821133583,-0.3073876035,0.9850330313,-0.1517191413,-0.08159186893,-0.005830638409,0,1
2770,92333333333,0,0,0.6845017252,0.1796021251,-0.3031298022,0.9850320861,-0.1510388809,-0.08283244359,-0.006150777991,0,1
2771,92366666667,0,1,0.691711665,0.1778062362,-0.3005592872,0.9850999094,-0.1495606486,-0.0845602109,-0.007704003941,0,1
2772,92400000000,0,0,0.6982056445,0.1754675911,-0.2975986008,0.9850475844,-0.1485588574,-0.08679740345,-0.008816632944,0,1
2773,92433333333,0,0,0.704424866,0.1728891428,-0.2940134047,0.9848278705,-0.147658223,-0.09048170089,-0.01114344665,0,1
2774,92466666667,0,0,0.7102554303,0.170733106,-0.2903575567,0.9844668715,-0.1468525572,-0.09513473038,-0.01444605543,0,1
2775,92500000000,0,0,0.7164112069,0.168086222,-0.2889912388,0.9840920192,-0.1464161549,-0.09911251166,-0.01737577241,0,1
2776,92533333333,0,0,0.7225951268,0.1651179722,-0.2860436358,0.983769685,-0.1463291558,-0.1018308254,-0.02038303567,0,1
2777,92566666667,0,0,0.728806816,0.1621002564,-0.2822853598,0.9835607997,-0.1460695856,-0.1035542715,-0.02341671076,0,1
2778,92600000000,0,1,0.7340566683,0.1610825756,-0.2801036808,0.9835855979,-0.1449323661,-0.1043374926,-0.02583928392,0,1
2779,92633333333,0,0,0.7395260266,0.1578913956,-0.2754791396,0.9834829981,-0.143861125,-0.1064718803,-0.02699829545,0,1
2780,92666666667,0,0,0.7453351156,0.1549192068,-0.2734711343,0.9831084262,-0.1429164262,-0.1105300956,-0.02925432171,0,1
2781,92700000000,0,0,0.7503381656,0.1522819188,-0.2702401878,0.982560124,-0.1421190276,-0.1150458931,-0.03379685325,0,1
2782,92733333333,0,0,0.7561234512,0.1485598548,-0.2683021217,0.9821145875,-0.1408295469,-0.1191091774,-0.03782829132,0,1
2783,92766666667,0,0,0.7628262766,0.1446777757,-0.2676228987,0.9816346676,-0.1403185062,-0.1224109511,-0.04146872645,0,1
2784,92800000000,0,0,0.7690008725,0.1412467253,-0.2654118763,0.9812611314,-0.1399734091,-0.1247729134,-0.04433685653,0,1
2785,92833333333,0,0,0.7773262942,0.1367955214,-0.2649934995,0.9806824083,-0.1409068158,-0.1275746035,-0.04617362768,0,1
2786,92866666667,0,1,0.7833537564,0.1337766226,-0.2651859911,0.9800012475,-0.1429699365,-0.1293698629,-0.04919949933,0,1
2787,92900000000,0,0,0.7899068097,0.1299942206,-0.2627833129,0.9791319774,-0.1455378035,-0.1312238123,-0.05384820974,0,1
2788,92933333333,0,0,0.7970199157,0.1251524305,-0.2608558694,0.9784036358,-0.1475410736,-0.1325062745,-0.05830989908,0,1
2789,92966666667,0,0,0.805148189,0.1215341553,-0.2597983103,0.977523159,-0.1503214822,-0.134388097,-0.06157730941,0,1
2790,93000000000,0,0,0.8110901852,0.1189569193,-0.2546533014,0.9765939529,-0.1525500928,-0.1371679657,-0.06463489438,0,1
2791,93033333333,0,0,0.8164116864,0.1145107173,-0.2496580663,0.9757794194,-0.1530169878,-0.1414496636,-0.06657566282,0,1
2792,93066666667,0,0,0.8236663139,0.1080731151,-0.2489607516,0.9748582925,-0.1535098698,-0.1462045665,-0.06863129196,0,1
2793,93100000000,0,0,0.8306885312,0.1042441456,-0.246998236,0.9742865575,-0.152806873,-0.149491334,-0.07119062037,0,1
2794,93133333333,0,1,0.8342844603,0.09991152658,-0.2439921179,0.9741838156,-0.1513914842,-0.1512185096,-0.07196856495,0,1
2795,93166666667,0,0,0.8408777405,0.0955723578,-0.2438974269,0.9737221533,-0.1497754077,-0.1541555726,-0.07528980598,0,1
2796,93200000000,0,0,0.8465635153,0.09113974879,-0.2415780277,0.9731941451,-0.147631426,-0.1567061137,-0.08087837738,0,1
2797,93233333333,0,0,0.8527889399,0.08690432607,-0.2401614562,0.9727284051,-0.1457166992,-0.1597613252,-0.08391908272,0,1
2798,93266666667,0,0,0.8582492322,0.08283735962,-0.2382383456,0.9720840656,-0.1444889142,-0.1636653628,-0.08596029348,0,1
2799,93300000000,0,0,0.8649276268,0.07874860738,-0.2377249294,0.9713449686,-0.1441107731,-0.1680074232,-0.0865710277,0,1
2800,93333333333,0,0,0.8703254512,0.07569795141,-0.2355519335,0.970495566,-0.1449978112,-0.1717829879,-0.08720433565,0,1
2801,93366666667,0,0,0.8743706255,0.07063487686,-0.2314240957,0.9698886653,-0.1445611833,-0.1744032905,-0.08945129073,0,1
2802,93400000000,0,1,0.8772025506,0.06775125798,-0.2319045117,0.9698547898,-0.1423562253,-0.1750879839,-0.09198146383,0,1
2803,93433333333,0,0,0.8797050164,0.06437948248,-0.2301185298,0.9695084488,-0.1404617578,-0.1752775013,-0.09798805941,0,1
2804,93466666667,0,0,0.8828377812,0.05862870216,-0.2280941728,0.9695649601,-0.1379755789,-0.1744291516,-0.1023767494,0,1
2805,93500000000,0,0,0.8857583986,0.05397534627,-0.2275305198,0.9696639764,-0.136176818,-0.1740345033,-0.1044970758,0,1
2806,93533333333,0,0,0.8889388956,0.04904730132,-0.2266405159,0.9690146829,-0.1365261792,-0.1757688294,-0.1071282657,0,1
2807,93566666667,0,0,0.8897876617,0.04400011443,-0.2228557074,0.9679918056,-0.1375922996,-0.1790170801,-0.1096043262,0,1
2808,93600000000,0,1,0.8916789071,0.04214051829,-0.2217350549,0.9667248936,-0.1401974357,-0.1834465697,-0.1101590445,0,1
2809,93633333333,0,0,0.8916412291,0.03728764667,-0.2160312383,0.9647556753,-0.1456548405,-0.1891954857,-0.1106174603,0,1
2810,93666666667,0,0,0.8898634577,0.03237891752,-0.2080481899,0.9627926075,-0.1491747349,-0.1961440623,-0.1109270044,0,1
2811,93700000000,0,0,0.8911460636,0.02530875732,-0.2044816098,0.9606293762,-0.1511146207,-0.2046605666,-0.1116674769,0,1
2812,93733333333,0,0,0.8939640846,0.01913046131,-0.2014773883,0.9582910602,-0.1534814675,-0.2126198326,-0.1136419372,0,1
2813,93766666667,0,0,0.8955918797,0.01353018867,-0.196790373,0.9562160922,-0.1565576425,-0.218495996,-0.1157583232,0,1
2814,93800000000,0,0,0.8973952371,0.007544690714,-0.191908292,0.9548351152,-0.1588284019,-0.2217827115,-0.1177958844,0,1
2815,93833333333,0,1,0.9018558354,-0.002484590827,-0.1882125358,0.954037801,-0.1614686174,-0.2224085584,-0.1194746544,0,1
2816,93866666667,0,0,0.9034813531,-0.009084096755,-0.1828709467,0.9542614021,-0.161420742,-0.2198477688,-0.1224560288,0,1
2817,93900000000,0,0,0.905959398,-0.01534144144,-0.1782335425,0.9546833837,-0.1616535709,-0.216286448,-0.1251716114,0,1
2818,93933333333,0,0,0.906283414,-0.01970856173,-0.1732399402,0.9549026067,-0.163466951,-0.2132217161,-0.1263964692,0,1
2819,93966666667,0,0,0.9050385362,-0.02532069745,-0.1637241478,0.9545771634,-0.1656182744,-0.212918174,-0.1265657045,0,1
2820,94000000000,0,0,0.9048531957,-0.03198387747,-0.1578818885,0.9541715526,-0.1661857452,-0.213945744,-0.1271462345,0,1
2821,94033333333,0,0,0.9041000815,-0.03910742261,-0.1522645838,0.9534658525,-0.1661268973,-0.2149422185,-0.1307844215,0,1
2822,94066666667,0,1,0.9051794324,-0.04977673803,-0.146388042,0.952997467,-0.1653832418,-0.215042355,-0.1349110696,0,1
2823,94100000000,0,0,0.9048487234,-0.05721534331,-0.1409779428,0.9535033235,-0.1626412283,-0.2128606211,-0.1380927183,0,1
2824,94133333333,0,0,0.904055916,-0.06543080271,-0.135826971,0.9541632788,-0.1594983691,-0.2105927071,-0.1406535441,0,1
2825,94166666667,0,0,0.9045990887,-0.07365093481,-0.1295433976,0.9547214952,-0.1563618352,-0.2090196794,-0.1427186626,0,1
2826,94200000000,0,0,0.9047763786,-0.0801194919,-0.1240824054,0.955818058,-0.1527563372,-0.2077654238,-0.1411058828,0,1
2827,94233333333,0,0,0.9055516043,-0.08582210414,-0.1192125662,0.9564520127,-0.1512682027,-0.2085075137,-0.1372665105,0,1
2828,94266666667,0,1,0.9039518576,-0.09018198497,-0.1101505051,0.9567851174,-0.1502479414,-0.2102517872,-0.1333490954,0,1
2829,94300000000,0,0,0.9036359673,-0.09644937752,-0.1041516745,0.9570899455,-0.1479224251,-0.2135823477,-0.1283759057,0,1
2830,94333333333,0,0,0.9055187576,-0.1023357243,-0.1007236814,0.9567757938,-0.146835358,-0.2179577845,-0.1245546553,0,1
2831,94366666667,0,0,0.9063806642,-0.1072984911,-0.09564749672,0.9564359326,-0.1466106636,-0.2218041378,-0.1205758873,0,1
2832,94400000000,0,0,0.9076539511,-0.1129806463,-0.09074482366,0.9558453499,-0.1473920672,-0.225801011,-0.1168295724,0,1
2833,94433333333,0,0,0.9082215378,-0.1206389379,-0.08448399227,0.9550835735,-0.1472806296,-0.2287019927,-0.1175550182,0,1
2834,94466666667,0,0,0.9093753,-0.1272046,-0.08027680706,0.9549408545,-0.1452361705,-0.2296620693,-0.11937233,0,1
2835,94500000000,0,0,0.9117449551,-0.1335233251,-0.07463842001,0.9549809812,-0.1430740001,-0.2293284,-0.1222687245,0,1
2836,94533333333,0,0,0.9122436125,-0.1376740743,-0.07015320098,0.955349099,-0.1406144237,-0.2281372914,-0.1244550489,0,1
2837,94566666667,0,1,0.9107321535,-0.1402676968,-0.06298366479,0.9553484343,-0.1386440292,-0.2288397932,-0.1253776349,0,1
2838,94600000000,0,0,0.9128813517,-0.1429615336,-0.05808970018,0.9548412076,-0.1361868054,-0.2319947898,-0.1261342131,0,1
2839,94633333333,0,0,0.9154916065,-0.1484267525,-0.05118922712,0.9537535963,-0.1352205104,-0.2353602279,-0.1291319257,0,1
2840,94666666667,0,0,0.9194677885,-0.1526957992,-0.04546407898,0.9531777789,-0.133014291,-0.23701019,-0.1326102939,0,1
2841,94700000000,0,0,0.9207813876,-0.1563100109,-0.03861868063,0.9528294889,-0.1315768225,-0.2371869978,-0.1361830865,0,1
2842,94733333333,0,0,0.9207284008,-0.1594981552,-0.03240421808,0.9525815168,-0.1295790634,-0.2379174405,-0.1385388455,0,1
2843,94766666667,0,0,0.9206611931,-0.1626817994,-0.0244248578,0.9520232846,-0.1276671129,-0.240227327,-0.1401556466,0,1
2844,94800000000,0,0,0.9209340236,-0.1665461543,-0.01804616831,0.951283241,-0.1245227508,-0.2438794961,-0.1416935823,0,1
2845,94833333333,0,1,0.9242926687,-0.175081846,-0.01396567377,0.95000884,-0.1224205581,-0.2481692071,-0.1445975641,0,1
2846,94866666667,0,0,0.9280893141,-0.1790958353,-0.008187168585,0.9493376442,-0.1191257223,-0.2514601382,-0.1460647064,0,1
2847,94900000000,0,0,0.933165582,-0.1818440565,-0.002853946792,0.9487203937,-0.1174107268,-0.2536294829,-0.1477038291,0,1
2848,94933333333,0,0,0.9358036398,-0.18379255,0.00279941476,0.9480876413,-0.1162676236,-0.2551411193,-0.1500489035,0,1
2849,94966666667,0,0,0.9390918181,-0.1862433961,0.008834462793,0.9469647741,-0.1161032471,-0.2579864647,-0.152383518,0,1
2850,95000000000,0,0,0.943022826,-0.1924232939,0.0156215754,0.9456410321,-0.1159231893,-0.2609758767,-0.155616337,0,1
2851,95033333333,0,0,0.9480482059,-0.1987153323,0.02249160287,0.944797262,-0.1139131392,-0.2625565707,-0.1595179541,0,1
2852,95066666667,0,0,0.954709237,-0.2038892644,0.02804392418,0.9448554502,-0.1104634058,-0.262222057,-0.1621283662,0,1
2853,95100000000,0,0,0.9596877813,-0.206889503,0.03412756759,0.9454896283,-0.1071236767,-0.2601275527,-0.1640351701,0,1
2854,95133333333,0,0,0.9637080951,-0.207463412,0.03803237839,0.9460107302,-0.102529356,-0.2583560338,-0.1667440832,0,1
2855,95166666667,0,0,0.9687468076,-0.2053127904,0.04168678702,0.9459075969,-0.09928991796,-0.2580537083,-0.169731005,0,1
2856,95200000000,0,0,0.9731511696,-0.2078288133,0.0466520696,0.9449357349,-0.09815246986,-0.2584684554,-0.1750902827,0,1
2857,95233333333,0,1,0.9792644442,-0.2155429859,0.04682588308,0.9437436282,-0.09825001458,-0.2587607279,-0.1809358579,0,1
2858,95266666667,0,0,0.9832313762,-0.2166864291,0.05061237199,0.9434923762,-0.09815707253,-0.2583756247,-0.1828369812,0,1
2859,95300000000,0,0,0.9861342205,-0.2164859236,0.05475024236,0.9435063811,-0.09911852786,-0.258584668,-0.1819483326,0,1
2860,95333333333,0,0,0.9880470689,-0.2178168962,0.05892274313,0.9433249429,-0.1006330768,-0.2599090408,-0.1801619451,0,1
2861,95366666667,0,0,0.9919503754,-0.2194987537,0.06235088205,0.9429214681,-0.1003608844,-0.2627276443,-0.1783283004,0,1
2862,95400000000,0,0,0.9969691847,-0.2201649771,0.06583805001,0.9422195512,-0.09980783533,-0.2658828056,-0.1776711764,0,1
2863,95433333333,0,0,1.001080615,-0.2226240785,0.06912565125,0.9413596736,-0.09833228577,-0.2684223711,-0.1792265526,0,1
2864,95466666667,0,0,1.006038049,-0.2249005929,0.07147581875,0.9407653705,-0.0952618889,-0.27002322,-0.1815851066,0,1
2865,95500000000,0,0,1.011452497,-0.225862574,0.07290595977,0.9407984695,-0.09282021482,-0.2699913904,-0.1827219105,0,1
2866,95533333333,0,0,1.014426018,-0.2251253787,0.07444060634,0.9414263854,-0.09211461295,-0.2687010246,-0.1817443763,0,1
2867,95566666667,0,0,1.013430315,-0.2240542834,0.07561818027,0.9420422094,-0.09154615818,-0.2678853519,-0.1800367041,0,1
2868,95600000000,0,0,1.015342496,-0.2199979077,0.07590379417,0.9421998913,-0.09052460253,-0.2695079658,-0.1772854125,0,1
2869,95633333333,0,0,1.017844592,-0.2194722614,0.07668867021,0.9415309524,-0.0923378382,-0.2720143278,-0.1760721297,0,1
2870,95666666667,0,0,1.019402011,-0.2206518225,0.07839487117,0.9406802612,-0.09299361079,-0.2744563981,-0.176483767,0,1
2871,95700000000,0,0,1.023695912,-0.2202384487,0.07855514272,0.9401148772,-0.09300505549,-0.2759420777,-0.1771723652,0,1
2872,95733333333,0,0,1.025447801,-0.2192644094,0.07958935934,0.9401014636,-0.09379597143,-0.2754932742,-0.1775246738,0,1
2873,95766666667,0,0,1.025943069,-0.2184048964,0.08004831633,0.9402276168,-0.09464884715,-0.2742477561,-0.178330571,0,1
2874,95800000000,0,0,1.026382965,-0.2138494447,0.08007025567,0.9405996831,-0.09542328409,-0.2726911545,-0.1783428361,0,1
2875,95833333333,0,0,1.024603002,-0.211220972,0.08070571264,0.9408806636,-0.0982624795,-0.2712840035,-0.1774628171,0,1
2876,95866666667,0,0,1.022744511,-0.209871377,0.0806719272,0.9410202149,-0.1013462142,-0.2708043323,-0.1757125881,0,1
2877,95900000000,0,1,1.02239603,-0.2125783987,0.07894798953,0.940626298,-0.1045247075,-0.2712984255,-0.1751967961,0,1
2878,95933333333,0,0,1.020852864,-0.2106201077,0.07894502559,0.9404556289,-0.1058333923,-0.2719409532,-0.1743290601,0,1
2879,95966666667,0,0,1.017690834,-0.2082418923,0.07781467115,0.9404094483,-0.1078907267,-0.2725415436,-0.1723681168,0,1
2880,96000000000,0,0,1.013760094,-0.2079351511,0.07736901876,0.9401121565,-0.1101193801,-0.2743018863,-0.1697684612,0,1
2881,96033333333,0,0,1.012862269,-0.2071901778,0.0765986018,0.9396328853,-0.1099285912,-0.2767525498,-0.168563851,0,1
2882,96066666667,0,0,1.012020105,-0.206964043,0.07515112529,0.9389647732,-0.1095993292,-0.2781416895,-0.1702067633,0,1
2883,96100000000,0,0,1.009594662,-0.2066175685,0.07420474848,0.9385348468,-0.1086491865,-0.2784477455,-0.1726688992,0,1
2884,96133333333,0,0,1.00611809,-0.2051393265,0.07233424748,0.9385808429,-0.1074350501,-0.2779535288,-0.1739699605,0,1
2885,96166666667,0,0,1.002875279,-0.2028816674,0.07072720043,0.9386917242,-0.1067664384,-0.2780912179,-0.1735628103,0,1
2886,96200000000,0,0,0.998144182,-0.200629763,0.06917098132,0.9385792596,-0.1069247416,-0.2788415118,-0.1728684019,0,1
2887,96233333333,0,0,0.9943613698,-0.1982298088,0.0680328582,0.9381425022,-0.1071320818,-0.2809934443,-0.1716218136,0,1
2888,96266666667,0,0,0.991791234,-0.197220323,0.06706757622,0.9371866696,-0.1078087892,-0.2838981015,-0.1716399698,0,1
2889,96300000000,0,0,0.9898770936,-0.1971582558,0.0663390209,0.9360392252,-0.1085004903,-0.2864439578,-0.1732283794,0,1
2890,96333333333,0,0,0.9873473103,-0.1973420875,0.06588715643,0.9353176212,-0.1092202485,-0.2874983921,-0.1749187218,0,1
2891,96366666667,0,0,0.9840694541,-0.196870058,0.06549308941,0.935130124,-0.1102303784,-0.2875263339,-0.1752413254,0,1
2892,96400000000,0,0,0.9807147886,-0.1959623929,0.0649628245,0.9351370156,-0.1107162657,-0.2875972705,-0.174781236,0,1
2893,96433333333,0,0,0.9778784138,-0.1938696486,0.06441874918,0.9349675841,-0.1109443998,-0.2884354335,-0.174160723,0,1
2894,96466666667,0,0,0.9753811036,-0.1920262358,0.06408258613,0.9345257945,-0.1112537206,-0.2900387942,-0.1736710882,0,1
2895,96500000000,0,0,0.9747199929,-0.1917973543,0.0631255905,0.9336909654,-0.1124770882,-0.2920327577,-0.1740314748,0,1
2896,96533333333,0,0,0.9726365682,-0.1928299117,0.06335632285,0.9329791616,-0.1134808641,-0.2931000049,-0.1753977325,0,1
2897,96566666667,0,1,0.9699520148,-0.1903012706,0.06373634337,0.9330635159,-0.1129742091,-0.2929083703,-0.1755960992,0,1
2898,96600000000,0,0,0.9682590917,-0.1905432437,0.06298797968,0.9332206462,-0.1131614993,-0.2924646619,-0.1753799364,0,1
2899,96633333333,0,0,0.9664153251,-0.1891412326,0.06167473587,0.9333976486,-0.1129335725,-0.2925010488,-0.1745221308,0,1
2900,96666666667,0,0,0.9649540465,-0.1890193163,0.06107275228,0.9329852845,-0.1129967965,-0.2934953625,-0.1750161565,0,1
2901,96700000000,0,0,0.9644425551,-0.1892284368,0.06041379181,0.9324066332,-0.1126512889,-0.2945564253,-0.1765334804,0,1
2902,96733333333,0,0,0.963843223,-0.1893297639,0.05961954058,0.9320567161,-0.112080532,-0.2949519468,-0.178077459,0,1
2903,96766666667,0,0,0.9637582839,-0.1894119164,0.0589201361,0.9318740379,-0.1117299355,-0.294845758,-0.1794245749,0,1
2904,96800000000,0,0,0.9630911373,-0.1899400806,0.0589030432,0.9318335746,-0.1114702124,-0.2940232581,-0.181137806,0,1
2905,96833333333,0,0,0.9621849213,-0.1892220434,0.05843023361,0.9321380169,-0.1113414195,-0.2927526531,-0.1817077046,0,1
2906,96866666667,0,0,0.9603342749,-0.1895675376,0.05834091918,0.9325402618,-0.1120679804,-0.2915976628,-0.1810531164,0,1
2907,96900000000,0,0,0.9583914492,-0.1886535744,0.05790054056,0.9329145419,-0.1118061483,-0.2912928071,-0.1797730329,0,1
2908,96933333333,0,0,0.9572080025,-0.1870209026,0.05737823361,0.9325702337,-0.1112702937,-0.2926252293,-0.1797280063,0,1
2909,96966666667,0,0,0.9583232449,-0.186819858,0.05741658342,0.9315510239,-0.1114702356,-0.2953435992,-0.1804417768,0,1
2910,97000000000,0,0,0.9575003513,-0.1877865435,0.05747887319,0.9308784907,-0.112746423,-0.2966341746,-0.1810017849,0,1
2911,97033333333,0,0,0.9576703883,-0.1890080346,0.0578502251,0.9307985282,-0.1135633869,-0.2971368738,-0.1800753599,0,1
2912,97066666667,0,0,0.957392525,-0.1897388481,0.0584752904,0.9311315804,-0.1139976758,-0.2967722425,-0.1786749733,0,1
2913,97100000000,0,0,0.9571908988,-0.1891082341,0.05872002807,0.9315662197,-0.1134758115,-0.2963774856,-0.1773922337,0,1
2914,97133333333,0,0,0.9568243979,-0.1887638044,0.05838346607,0.9315043485,-0.1130186948,-0.2967029223,-0.177464924,0,1
2915,97166666667,0,0,0.9568069338,-0.1881422051,0.05831490609,0.9310427862,-0.1125471774,-0.2978109686,-0.1783286016,0,1
2916,97200000000,0,0,0.9576075956,-0.1888346634,0.0584201057,0.9305548547,-0.112599894,-0.2987762997,-0.1792251348,0,1
2917,97233333333,0,1,0.957487263,-0.1887149381,0.05813829494,0.9306298843,-0.1128535383,-0.298420017,-0.1792696034,0,1
2918,97266666667,0,0,0.9571613832,-0.1888342566,0.05786973827,0.930777594,-0.1135132254,-0.2975452363,-0.1795401083,0,1
2919,97300000000,0,0,0.9561814267,-0.18855986,0.05821661772,0.9308805127,-0.1137820143,-0.2968835369,-0.1799313477,0,1
2920,97333333333,0,0,0.9555245191,-0.1870373003,0.0577032405,0.9307409021,-0.1139526367,-0.2967206869,-0.1808120674,0,1
2921,97366666667,0,0,0.9543205057,-0.1870182883,0.05813078207,0.9303543657,-0.1147119594,-0.2970621646,-0.1817580561,0,1
2922,97400000000,0,0,0.9549346818,-0.1868595968,0.05785004486,0.9298784244,-0.1150819403,-0.2977866305,-0.1827714025,0,1
2923,97433333333,0,0,0.9544206262,-0.1873961426,0.05832657091,0.9296309519,-0.1156646645,-0.2976943083,-0.1838098947,0,1
2924,97466666667,0,0,0.9552757336,-0.1862624042,0.05834831793,0.9297377595,-0.1159599491,-0.2973921937,-0.1835725248,0,1
2925,97500000000,0,0,0.9544277074,-0.1862558357,0.05885603453,0.9298088838,-0.1172074921,-0.2966859294,-0.1835628034,0,1
2926,97533333333,0,0,0.9536819006,-0.1860631939,0.05922330337,0.9298230029,-0.1179755536,-0.2962818365,-0.1836519136,0,1
2927,97566666667,0,0,0.9527471325,-0.1863245016,0.05949338569,0.9297688326,-0.1184190944,-0.2961421081,-0.1838659508,0,1
2928,97600000000,0,0,0.9526959322,-0.1857025647,0.05908124751,0.9296977599,-0.118223074,-0.2965175905,-0.1837462885,0,1
2929,97633333333,0,0,0.9522040034,-0.1860458526,0.05931997884,0.929356399,-0.1187692753,-0.2972594587,-0.1839221493,0,1
2930,97666666667,0,0,0.9526162083,-0.1868711987,0.05931718647,0.9290660792,-0.1186089332,-0.2981115795,-0.1841130838,0,1
2931,97700000000,0,0,0.9531450978,-0.187459451,0.05928225485,0.9289955334,-0.1185725645,-0.2983126364,-0.1841668181,0,1
2932,97733333333,0,0,0.9537444177,-0.1875621943,0.05940538549,0.9292743852,-0.1180568435,-0.29807062,-0.1834818905,0,1
2933,97766666667,0,0,0.9543928578,-0.1869671461,0.05940195464,0.9294382835,-0.1177824377,-0.2979133319,-0.1830830993,0,1
2934,97800000000,0,0,0.9542776842,-0.1871933256,0.05906464451,0.9294428578,-0.1176888815,-0.2977133841,-0.1834449298,0,1
2935,97833333333,0,0,0.9546950467,-0.1873264856,0.05917223038,0.9294498142,-0.1176128142,-0.2974888181,-0.1838223923,0,1
2936,97866666667,0,0,0.954758105,-0.188032242,0.05916586627,0.9296828541,-0.1176035625,-0.2968361469,-0.1837049122,0,1
2937,97900000000,0,1,0.9541763495,-0.1876541942,0.0595204469,0.9301692259,-0.1168861669,-0.2960805546,-0.1829183983,0,1
2938,97933333333,0,0,0.9554013708,-0.1879902345,0.05891237837,0.930250426,-0.117404429,-0.2960156511,-0.1822774789,0,1
2939,97966666667,0,0,0.9533836741,-0.1871640067,0.05967332363,0.9301427469,-0.1178487189,-0.2961593217,-0.1823069005,0,1
2940,98000000000,0,0,0.9534270108,-0.1865617193,0.05990871647,0.9299567275,-0.1179382758,-0.2974241725,-0.1811350594,0,1
2941,98033333333,0,0,0.9538763205,-0.1865315231,0.05989959433,0.929784686,-0.1182865096,-0.2981716197,-0.1805614149,0,1
2942,98066666667,0,0,0.9541181247,-0.1867896945,0.0597978296,0.9297125571,-0.1180097657,-0.2980680127,-0.1812835243,0,1
2943,98100000000,0,0,0.9539000302,-0.1872968582,0.05978067126,0.9298461845,-0.1175094582,-0.2973715278,-0.1820653036,0,1
2944,98133333333,0,0,0.9541734933,-0.1877035839,0.05943803929,0.9301445522,-0.1175748955,-0.2965443729,-0.1818479884,0,1
2945,98166666667,0,0,0.9534423485,-0.1876404243,0.05960974929,0.9304737827,-0.1177712803,-0.2958745037,-0.1811263187,0,1
2946,98200000000,0,0,0.9530362265,-0.186344758,0.05903984686,0.9306704664,-0.1174332329,-0.2955605773,-0.1808476266,0,1
2947,98233333333,0,0,0.9533613917,-0.1877047363,0.05964964417,0.9306424638,-0.117431201,-0.295655756,-0.1808374728,0,1
2948,98266666667,0,0,0.9534435641,-0.1878368318,0.0595807079,0.9307973394,-0.1173309966,-0.2954777934,-0.180395742,0,1
2949,98300000000,0,0,0.9538055557,-0.1880871322,0.05936193272,0.9311145231,-0.1171439523,-0.2953792591,-0.1790366793,0,1
2950,98333333333,0,0,0.9535702063,-0.1880524181,0.05949336743,0.9312226148,-0.116954991,-0.2951497343,-0.1789765518,0,1
2951,98366666667,0,0,0.9537471619,-0.1880034259,0.05933579003,0.9312699973,-0.1163365681,-0.2951431067,-0.1791439129,0,1
2952,98400000000,0,0,0.9540408709,-0.188061119,0.0591830404,0.9312619545,-0.1164591266,-0.2951373224,-0.1791156188,0,1
2953,98433333333,0,0,0.9540826156,-0.1880962493,0.05915001873,0.93128196,-0.1166604967,-0.2951462465,-0.1788656835,0,1
2954,98466666667,0,0,0.953704875,-0.1878723588,0.05934018462,0.9312594964,-0.1170117215,-0.2951811357,-0.178695564,0,1
2955,98500000000,0,0,0.9538819472,-0.1879026795,0.0592822511,0.9311917079,-0.1168267515,-0.2954638796,-0.1787025716,0,1
2956,98533333333,0,0,0.9542415589,-0.1879050784,0.05914920674,0.9311083884,-0.1170008686,-0.2958122865,-0.17844623,0,1
2957,98566666667,0,1,0.9550361435,-0.1879691549,0.05914765741,0.9310073493,-0.1175003573,-0.2961516953,-0.1780818771,0,1
2958,98600000000,0,0,0.9549022703,-0.1879238388,0.05920442612,0.9310415911,-0.1176954498,-0.2960794277,-0.1778940956,0,1
2959,98633333333,0,0,0.9549776197,-0.1879532989,0.05917110614,0.931076272,-0.1176723563,-0.2960061558,-0.1778497905,0,1
2960,98666666667,0,0,0.9550546008,-0.1879840934,0.05913689572,0.9310543601,-0.1174809978,-0.2959384453,-0.1782033396,0,1
2961,98700000000,0,0,0.9551236973,-0.1880038499,0.05910835934,0.9309905381,-0.1173936586,-0.2960533683,-0.1784033349,0,1
2962,98733333333,0,0,0.955144487,-0.1880076084,0.05910035753,0.9308570152,-0.1177502255,-0.2961862384,-0.1786443778,0,1
2963,98766666667,0,0,0.9551952284,-0.1880271357,0.05907822792,0.9308076169,-0.1183150798,-0.2960837985,-0.1786983673,0,1
2964,98800000000,0,0,0.9552197661,-0.1880423818,0.0590665475,0.9308271105,-0.1189784659,-0.2956959611,-0.178798528,0,1
