frame_index,timestamp_ns,segment,keyframe,cx,cy,cz,qw,qx,qy,qz
300,10000000000,0,1,0,0,0,1,0,0,0
308,10266666667,0,1,0.01144049211,0.006510679967,-0.03498508054,0.9999948615,-0.001362168554,-0.001301754177,0.002593638583
309,10300000000,0,0,0.01348172715,0.006621388608,-0.03895674169,0.9999810715,-0.0003124778194,-0.002767697877,0.005486248858
310,10333333333,0,0,0.0170080642,0.007702950918,-0.04168438227,0.9999763908,-1.277276031e-05,-0.004276142198,0.005378883072
311,10366666667,0,0,0.02037508251,0.008754185319,-0.04543528658,0.9999739595,2.68046693e-05,-0.004965785528,0.005236473048
312,10400000000,0,0,0.02760338722,0.008442173292,-0.04553957991,0.999960346,0.001226458164,-0.007428569875,0.004755896968
313,10433333333,0,0,0.02776333632,0.009450278292,-0.05468425992,0.9999494115,0.001868889097,-0.008885250088,0.004328285749
314,10466666667,0,1,0.03837307595,0.006406982854,-0.0451542819,0.9999090693,0.002719652337,-0.01056707524,0.007924241759
315,10500000000,0,0,0.04322426569,0.005692223528,-0.04930554545,0.9998397868,0.004499180255,-0.01302119689,0.01142832373
316,10533333333,0,0,0.04529192084,0.004921879398,-0.05681604396,0.9996586552,0.004620480971,-0.01831774369,0.01804673345
317,10566666667,0,0,0.04561916746,0.006085419598,-0.06512985355,0.9994631381,0.001265270774,-0.02264173661,0.02364712157
318,10600000000,0,0,0.05316619718,0.007441092564,-0.06389950227,0.9993841746,-0.00225492986,-0.0256204948,0.02387000613
319,10633333333,0,0,0.05754611002,0.007867585416,-0.06669759647,0.9993881077,-0.004143043754,-0.02640455958,0.02256201863
320,10666666667,0,1,0.05982932196,0.009091815869,-0.066435884,0.9994317518,-0.00512494143,-0.02488809468,0.02214703632
321,10700000000,0,0,0.06369360673,0.009257898331,-0.06937995814,0.9993787708,-0.006154850801,-0.02520593172,0.02385060229
322,10733333333,0,0,0.06699401182,0.01030245959,-0.07315433412,0.9992795403,-0.006616967503,-0.02633363311,0.02651708654
323,10766666667,0,0,0.0697521889,0.01130409491,-0.0760834808,0.9991101131,-0.007776085903,-0.02698217242,0.03147183942
324,10800000000,0,0,0.07183520576,0.01206644561,-0.07801811065,0.9989714302,-0.008713412067,-0.02645796214,0.03577896407
325,10833333333,0,0,0.07287348828,0.01398389934,-0.07944566132,0.998884587,-0.007557135017,-0.02397309383,0.03997201946
326,10866666667,0,1,0.0757963688,0.0145778178,-0.07569338503,0.9988648327,-0.006083522639,-0.01953601681,0.04301605249
327,10900000000,0,0,0.07842889293,0.01553509611,-0.0783270777,0.9988437215,-0.004358605361,-0.01687775526,0.04480361551
328,10933333333,0,0,0.08066816647,0.0155305422,-0.08141628388,0.9987029966,-0.004463236506,-0.01596640235,0.04814019138
329,10966666667,0,0,0.08289374607,0.0169837308,-0.08290640547,0.9985866074,-0.005224761055,-0.01470075136,0.05080725717
330,11000000000,0,0,0.0856615006,0.01924221376,-0.08321791014,0.9986107319,-0.004302020766,-0.01273484853,0.0509501949
331,11033333333,0,0,0.0878283912,0.02035364596,-0.08436946332,0.9987115734,-0.001438931588,-0.009949625906,0.04974060283
332,11066666667,0,0,0.09030567727,0.02005873287,-0.08838466351,0.9986440567,-0.0008747722352,-0.008137863109,0.05141067889
333,11100000000,0,0,0.09403950794,0.02138995216,-0.09003985353,0.9985257932,-0.0005299048185,-0.008966589919,0.05353092294
334,11133333333,0,0,0.09670322648,0.02283343187,-0.09188907641,0.998511253,0.0007476325194,-0.009655686489,0.05367947855
335,11166666667,0,1,0.1034492803,0.0234076266,-0.08462568229,0.9986484142,0.001647778027,-0.008880713721,0.05118361632
336,11200000000,0,0,0.1069700571,0.02443195622,-0.08700030449,0.9986850226,0.002937283701,-0.007494197645,0.05063037546
337,11233333333,0,0,0.1120636789,0.024016721,-0.09010924046,0.9986932599,0.002851900243,-0.008456070622,0.05032031545
338,11266666667,0,0,0.1160774476,0.02455839975,-0.09156476222,0.9986740558,0.002536530259,-0.01023907021,0.05038707821
339,11300000000,0,0,0.1189680855,0.02593994935,-0.0954491338,0.9986944466,0.003148469227,-0.01076120181,0.04983659208
340,11333333333,0,0,0.1236505466,0.02633498662,-0.09814394309,0.9986676323,0.003596549485,-0.0115979282,0.05015489196
341,11366666667,0,1,0.127361681,0.02595569626,-0.1002275889,0.9986524013,0.003344756841,-0.01274894611,0.05019619842
342,11400000000,0,0,0.131165844,0.02730535527,-0.10284122,0.9985885448,0.003513429702,-0.01445449362,0.05098668139
343,11433333333,0,0,0.1346584376,0.02834974272,-0.1063151867,0.9985956158,0.004378470684,-0.01416908658,0.05086120468
344,11466666667,0,0,0.1402515184,0.02833739795,-0.1087870336,0.9985937236,0.004594988886,-0.01404807317,0.05091279633
345,11500000000,0,0,0.1442586741,0.02918110093,-0.11358599,0.9984750532,0.005729554652,-0.01440424377,0.05298356416
346,11533333333,0,0,0.1478871278,0.02923484592,-0.117861882,0.9983708255,0.005489868235,-0.01504747833,0.05476430921
347,11566666667,0,1,0.1526202217,0.02963137086,-0.1188732807,0.9982263898,0.005138142369,-0.01578301844,0.05717141321
348,11600000000,0,0,0.1565243839,0.03123862913,-0.123393085,0.9980220432,0.005963714464,-0.01658121329,0.06034483171
349,11633333333,0,0,0.1616447533,0.03169022265,-0.1274660717,0.9978645836,0.005820331238,-0.01779749855,0.0625751195
350,11666666667,0,0,0.1666289959,0.03253661925,-0.1312400261,0.9976514472,0.004912335435,-0.01915649879,0.06557810198
351,11700000000,0,0,0.172933709,0.0340921512,-0.1337808653,0.9974910939,0.005335338904,-0.02152082931,0.06723024292
352,11733333333,0,0,0.177201597,0.03456522455,-0.1389444642,0.9974003688,0.005465432921,-0.02344267812,0.06791961635
353,11766666667,0,1,0.1849444779,0.03107276545,-0.1351398311,0.9973054144,0.00284749788,-0.02563747709,0.06867693838
354,11800000000,0,0,0.1891774989,0.03127791424,-0.1399862969,0.9972033819,0.00133001797,-0.0275853157,0.06944563679
355,11833333333,0,0,0.1957701678,0.0316178398,-0.1436415839,0.9970751537,-0.0002979710711,-0.03056103404,0.07005049813
356,11866666667,0,0,0.200560219,0.03399785656,-0.1470925612,0.9970294618,-0.0006207759184,-0.0332389774,0.06947688339
357,11900000000,0,0,0.2057785224,0.03578773425,-0.1504886008,0.9970228209,0.0007032229742,-0.035148435,0.06862643462
358,11933333333,0,0,0.2110983451,0.03459992293,-0.1559253548,0.9968379275,0.0001894746548,-0.03744571581,0.07008515431
359,11966666667,0,1,0.2151778546,0.03225927894,-0.1540894887,0.9965800356,-0.001478601209,-0.04024927388,0.07215290996
360,12000000000,0,0,0.2189194735,0.03316698557,-0.1557756339,0.9965910122,-0.001556257662,-0.04231058688,0.07080781584
361,12033333333,0,0,0.2229706928,0.03206232351,-0.1594383678,0.9966401643,-0.003658673577,-0.04296888397,0.069632407
362,12066666667,0,0,0.2265459779,0.03298324074,-0.1634113359,0.9965927592,-0.005822028808,-0.04389587665,0.0695854031
363,12100000000,0,0,0.2320939812,0.03300418975,-0.1640127564,0.9964241606,-0.006875605108,-0.04643166407,0.07025467162
364,12133333333,0,0,0.2359161731,0.03415150569,-0.1651112731,0.9964208586,-0.007271635784,-0.04764630649,0.06944368448
365,12166666667,0,1,0.2377895404,0.034139687,-0.164481468,0.9963439685,-0.007386172753,-0.04728503558,0.07076910622
366,12200000000,0,0,0.2426035088,0.03356364054,-0.1680055223,0.9961714605,-0.007663392767,-0.04951990423,0.07163429951
367,12233333333,0,0,0.2468412084,0.03473612994,-0.1691653225,0.9960486709,-0.008496873404,-0.05152899516,0.07183043201
368,12266666667,0,0,0.2517230061,0.03526257388,-0.1711720354,0.9960171249,-0.009248343464,-0.0532363358,0.07092423806
369,12300000000,0,0,0.2556552252,0.03401168736,-0.1735313659,0.9960034135,-0.01127034637,-0.05427040604,0.07003500935
370,12333333333,0,0,0.2598683591,0.03479730516,-0.1744965927,0.9960204106,-0.01214107733,-0.05505738302,0.06902623107
371,12366666667,0,1,0.2605780177,0.03479967627,-0.1733051071,0.9960074366,-0.01181428858,-0.05371269637,0.07031753055
372,12400000000,0,0,0.2654072567,0.03510124693,-0.1758539119,0.9957479089,-0.0102156029,-0.05489376065,0.07326949164
373,12433333333,0,0,0.270564852,0.03574813737,-0.1780275004,0.9953899184,-0.008933747233,-0.05777163797,0.07603641413
374,12466666667,0,0,0.2750024848,0.03756827634,-0.1785227989,0.9950365431,-0.007172876626,-0.06051980095,0.07866499551
375,12500000000,0,0,0.2787908435,0.03816073819,-0.1792431035,0.9948492625,-0.005380523568,-0.06125134793,0.08058701648
376,12533333333,0,0,0.2838230379,0.03800734244,-0.1819777402,0.9946603415,-0.005220883591,-0.06242553761,0.08201585058
377,12566666667,0,1,0.2845302421,0.03802045634,-0.1809726202,0.9946376646,-0.005288334217,-0.06141765361,0.08304108287
378,12600000000,0,0,0.2897235096,0.03865029743,-0.1809940101,0.9945643847,-0.005214177888,-0.06164414787,0.08375258861
379,12633333333,0,0,0.2942827515,0.03916174286,-0.1831239544,0.9943609098,-0.00460183661,-0.06219903871,0.08576994702
380,12666666667,0,0,0.2997936743,0.03925131239,-0.1848189999,0.9939404173,-0.004109347734,-0.06416209909,0.08915595997
381,12700000000,0,0,0.304945822,0.03788840851,-0.1866044849,0.9934039477,-0.005265801868,-0.06684106068,0.09302225828
382,12733333333,0,0,0.3106267093,0.03934429147,-0.1885732681,0.9928815797,-0.007299512413,-0.06983000278,0.09621151953
383,12766666667,0,1,0.3125459619,0.03650480791,-0.1856330684,0.9923240697,-0.01014869223,-0.07150575698,0.1003836218
384,12800000000,0,0,0.3175661389,0.03760737562,-0.1855772435,0.9920273531,-0.01210052238,-0.07452471338,0.1009028009
385,12833333333,0,0,0.3234313182,0.03704735128,-0.1878413688,0.9918187536,-0.01629042393,-0.07739661642,0.1001995307
386,12866666667,0,0,0.328509789,0.03841130981,-0.1887247272,0.991528386,-0.02083915116,-0.08062070665,0.09968696573
387,12900000000,0,0,0.3319358554,0.04083971805,-0.1860074968,0.9916128477,-0.02145871393,-0.08173434632,0.0977904926
388,12933333333,0,0,0.3359139235,0.0408547781,-0.1857366357,0.9918445141,-0.02121652423,-0.08059886175,0.09642687561
389,12966666667,0,1,0.3392040733,0.03995982685,-0.1865421472,0.9917382842,-0.02201380619,-0.08033052563,0.097558058
390,13000000000,0,0,0.3445307845,0.04083670123,-0.1883886438,0.9913323733,-0.02234882623,-0.08405277896,0.09846718265
391,13033333333,0,0,0.3483886549,0.04170379213,-0.1882748249,0.991149481,-0.02287455212,-0.08651785048,0.09805163282
392,13066666667,0,0,0.3521488111,0.04330195111,-0.1894707298,0.9911969258,-0.0239361205,-0.08743951784,0.09648858508
393,13100000000,0,0,0.3570277867,0.04592960869,-0.1898317228,0.9909910868,-0.02177122901,-0.0895816829,0.09714834845
394,13133333333,0,0,0.3612602405,0.04544800903,-0.1893860353,0.9908866948,-0.02215057708,-0.09158789018,0.09625262788
395,13166666667,0,1,0.3602578419,0.04931095196,-0.1911443381,0.991302641,-0.02198845013,-0.08897630922,0.09443939062
396,13200000000,0,0,0.3646874854,0.05324301798,-0.191145676,0.991323786,-0.0177757213,-0.08858999847,0.09546196725
397,13233333333,0,0,0.368713508,0.0509610809,-0.1947078222,0.9910308659,-0.01655966035,-0.08984057905,0.09753087131
398,13266666667,0,0,0.3715632211,0.05379174361,-0.1949917358,0.9909398279,-0.01555402662,-0.09006689321,0.09840876208
399,13300000000,0,0,0.3753238185,0.05767288627,-0.1953330371,0.9908711969,-0.01151577394,-0.09046453049,0.099286589
400,13333333333,0,0,0.3787092698,0.05512071128,-0.1970070192,0.9905648061,-0.009587094296,-0.09100977822,0.1020131016
401,13366666667,0,1,0.3810216885,0.05706759745,-0.2015317295,0.9901760749,-0.008995700395,-0.09158045804,0.1052779076
402,13400000000,0,0,0.3847169219,0.06055505686,-0.202108473,0.9895265628,-0.005090195632,-0.09321739903,0.1100989913
403,13433333333,0,0,0.3890367494,0.06079352288,-0.2052840193,0.9892636647,-0.002222126123,-0.09428859157,0.1116338899
404,13466666667,0,0,0.3933476648,0.06122309898,-0.2080856076,0.9891605644,-0.002531127549,-0.09483325621,0.1120786539
405,13500000000,0,0,0.3981879078,0.06551239363,-0.2091114886,0.9889727004,0.000874621195,-0.09564539677,0.1130671964
406,13533333333,0,0,0.4039526447,0.06593209241,-0.2111055455,0.988756637,0.00360362722,-0.09707089819,0.1136862673
407,13566666667,0,1,0.4075889947,0.06505812608,-0.215381867,0.9879888577,0.00410543476,-0.09881198355,0.1187322801
408,13600000000,0,0,0.4136237587,0.06700456552,-0.2179725376,0.9872907715,0.006042335917,-0.1017192757,0.1219574175
409,13633333333,0,0,0.4193240248,0.0680898797,-0.2224562197,0.9866276179,0.007392807929,-0.1050392608,0.1244107858
410,13666666667,0,0,0.4248764168,0.06929734857,-0.2241502688,0.9862166994,0.007288069456,-0.1076937806,0.1254015767
411,13700000000,0,0,0.4302358329,0.07043730926,-0.2263628429,0.9855520417,0.007995924531,-0.1101818121,0.1283869406
412,13733333333,0,0,0.4360785346,0.07014219459,-0.2305905079,0.9848151326,0.007600482487,-0.1130418693,0.131540576
413,13766666667,0,1,0.441543951,0.0693521937,-0.2363344963,0.9841313606,0.004554449327,-0.1148377775,0.1351924814
414,13800000000,0,0,0.4470813903,0.07068239895,-0.2381922564,0.9836289215,0.002903477565,-0.1168739249,0.1371357004
415,13833333333,0,0,0.453285234,0.07162551526,-0.2411422317,0.9830868495,0.002540847611,-0.1197855517,0.1385106931
416,13866666667,0,0,0.4586201442,0.07177939433,-0.2447157502,0.9827996421,-0.000447492651,-0.1219753415,0.138660302
417,13900000000,0,0,0.4684718728,0.07533062554,-0.2457144562,0.9824827788,-0.0006537593221,-0.1236572063,0.1394132606
418,13933333333,0,0,0.4743974772,0.07400033226,-0.2505713521,0.9824782632,-0.002647458074,-0.1235442104,0.1395216164
419,13966666667,0,1,0.4788015153,0.07291075063,-0.2568790283,0.9821550953,-0.01062105627,-0.1235992507,0.1413569496
420,14000000000,0,0,0.4836329169,0.07450524761,-0.2574479547,0.9814473649,-0.01366064067,-0.1265469343,0.1433887383
421,14033333333,0,0,0.4885876635,0.07496688384,-0.2600188845,0.9809587768,-0.01578335466,-0.1289674328,0.1443543043
422,14066666667,0,0,0.4930286078,0.07634914317,-0.2613755178,0.9811313723,-0.01809980158,-0.1296248015,0.1423061431
423,14100000000,0,0,0.4967424819,0.07586607655,-0.2624142748,0.9810099347,-0.01976356524,-0.1290842523,0.1434090838
424,14133333333,0,0,0.5011776555,0.07657387298,-0.2648012493,0.9806576906,-0.01962548564,-0.1291103086,0.1457939038
425,14166666667,0,1,0.5034438717,0.0762121216,-0.2665880698,0.9803770209,-0.02168613252,-0.1275652812,0.1487202324
426,14200000000,0,0,0.5064302264,0.07818779159,-0.2669633006,0.980050198,-0.02154323138,-0.1269423603,0.1514038826
427,14233333333,0,0,0.5104392732,0.07901496152,-0.2688262101,0.9798336461,-0.01988675893,-0.1254615364,0.1542398966
428,14266666667,0,0,0.5145901798,0.07991104367,-0.2701686437,0.9797643385,-0.02051930395,-0.1236500319,0.1560495712
429,14300000000,0,0,0.5183059471,0.08096203039,-0.2708412632,0.9794414434,-0.01962896886,-0.1231895559,0.1585354717
430,14333333333,0,0,0.5217302971,0.08187189297,-0.2731555779,0.9792056471,-0.01778594112,-0.1228302427,0.1604764547
431,14366666667,0,1,0.5246845124,0.08172895573,-0.2766130855,0.9791267126,-0.01810396474,-0.1222971222,0.1613274341
432,14400000000,0,0,0.5277476729,0.08378110199,-0.2766928707,0.978786372,-0.01766392407,-0.1229735831,0.1629193716
433,14433333333,0,0,0.5317304311,0.08462867244,-0.278006462,0.9782237663,-0.01551210022,-0.1230910047,0.1663918336
434,14466666667,0,0,0.5352864235,0.08472513565,-0.2807889876,0.9780003956,-0.01644114887,-0.1234793482,0.1673253283
435,14500000000,0,0,0.5391675953,0.0874548914,-0.2804147042,0.978002771,-0.0168802296,-0.1238602847,0.1669858305
436,14533333333,0,0,0.5433777388,0.08769084198,-0.281941611,0.9777859852,-0.01610565487,-0.1248085545,0.1676245799
437,14566666667,0,1,0.5461089357,0.08801713266,-0.2863616998,0.9777234687,-0.01696875725,-0.1257434699,0.1672048437
438,14600000000,0,0,0.549392767,0.09029201049,-0.2864319857,0.9776578724,-0.01655649373,-0.126448803,0.1670977777
439,14633333333,0,0,0.5546727625,0.09040422192,-0.2874972269,0.9769474839,-0.01533744889,-0.1285816236,0.1697207779
440,14666666667,0,0,0.5587421353,0.08968185374,-0.2895249906,0.9757504548,-0.01515233227,-0.1328352672,0.1733096899
441,14700000000,0,0,0.5622465411,0.09116422584,-0.2904952547,0.9740129295,-0.01730496938,-0.1366521508,0.1797930499
442,14733333333,0,0,0.5667672547,0.0916291883,-0.2914745784,0.9726791301,-0.02026011037,-0.1411782272,0.1831762703
443,14766666667,0,1,0.5681695978,0.09318627514,-0.2950234652,0.9722783174,-0.02249951413,-0.1433354461,0.183367378
444,14800000000,0,0,0.5707229076,0.09348617062,-0.2948928809,0.9720129966,-0.02537384453,-0.144085822,0.1838101695
445,14833333333,0,0,0.5740263369,0.09441441672,-0.2948730928,0.971637318,-0.02876730275,-0.1443968561,0.1850484059
446,14866666667,0,0,0.5769159532,0.09603313425,-0.2954716011,0.970956892,-0.02968688512,-0.1461273527,0.1871047822
447,14900000000,0,0,0.5799056066,0.09808847682,-0.2956606362,0.9705714253,-0.02998721749,-0.1477848101,0.1877538952
448,14933333333,0,0,0.5823878281,0.09854001021,-0.2956489166,0.9703286161,-0.03125782892,-0.148114068,0.1885405734
449,14966666667,0,1,0.5853273309,0.1021709619,-0.2963781111,0.9702131602,-0.02998392993,-0.1493995631,0.1883272635
450,15000000000,0,0,0.588094618,0.1024490001,-0.2975113942,0.9700481662,-0.02943131793,-0.1503712402,0.1884909625
451,15033333333,0,0,0.5901521256,0.1026525574,-0.2984005645,0.970308846,-0.03110755576,-0.1497777259,0.1873491289
452,15066666667,0,0,0.5916232822,0.1044540261,-0.2985831972,0.9703020723,-0.03076445944,-0.1489129836,0.1881285726
453,15100000000,0,0,0.5937202449,0.1052221814,-0.299611838,0.9702080601,-0.02963016657,-0.1477987907,0.1896678436
454,15133333333,0,0,0.5954356427,0.1054271441,-0.3003739289,0.9706319563,-0.03066998504,-0.1460105375,0.1887164019
455,15166666667,0,1,0.5975883548,0.108887959,-0.3021151407,0.97068116,-0.02953911361,-0.1445733002,0.1897474301
456,15200000000,0,0,0.5992744025,0.1102986106,-0.3026395642,0.9704802013,-0.02690234635,-0.1436819428,0.1918331099
457,15233333333,0,0,0.6008924068,0.1097106217,-0.3039379114,0.9706071452,-0.02656447726,-0.1426197458,0.1920304828
458,15266666667,0,0,0.6019122355,0.1120878118,-0.3042646129,0.9708641777,-0.02561464961,-0.1404110504,0.1924873377
459,15300000000,0,0,0.6036842603,0.1138140173,-0.3038159287,0.9708948349,-0.02267742564,-0.1379031877,0.1945036369
460,15333333333,0,0,0.606008943,0.1125650373,-0.305330517,0.97129991,-0.0217729911,-0.1363771207,0.1936587273
461,15366666667,0,1,0.6085697482,0.1114831419,-0.3065709909,0.9714316276,-0.02345824271,-0.1346440182,0.1940136389
462,15400000000,0,0,0.6107813888,0.1129080089,-0.3071349227,0.9710586968,-0.0240605726,-0.1340626242,0.1961971176
463,15433333333,0,0,0.6125147974,0.1130744834,-0.3078195301,0.9707217726,-0.02439492542,-0.1340184941,0.197846332
464,15466666667,0,0,0.6140126475,0.1132063737,-0.3086724073,0.9707313311,-0.02511925597,-0.1328540487,0.1984930918
465,15500000000,0,0,0.6158525189,0.1142787039,-0.3094763921,0.970776292,-0.02586432943,-0.1310642683,0.1993654558
466,15533333333,0,0,0.6180103748,0.1150650773,-0.3097558736,0.9704163099,-0.02558081454,-0.1297182264,0.2020172993
467,15566666667,0,0,0.6206335345,0.1151068276,-0.3116630949,0.97007775,-0.02643270389,-0.1286970411,0.2041752743
468,15600000000,0,1,0.6253690501,0.1169127994,-0.3137362417,0.9698091663,-0.02672927167,-0.1290517016,0.2051862209
469,15633333333,0,0,0.6281161953,0.1187322654,-0.314713096,0.9692409115,-0.02492482282,-0.1290808156,0.2080599716
470,15666666667,0,0,0.6314813114,0.1178411064,-0.3165197727,0.9688997721,-0.02498292634,-0.1290119271,0.2096783436
471,15700000000,0,0,0.6355802816,0.1180148843,-0.3180947342,0.9688281987,-0.02770180007,-0.1300312854,0.2090368305
472,15733333333,0,0,0.6381456831,0.1194206851,-0.3191007185,0.9684151573,-0.02800792314,-0.130631942,0.2105301286
473,15766666667,0,0,0.6430223205,0.1185142537,-0.3217546686,0.9681695963,-0.03092275026,-0.1317479876,0.2105561305
474,15800000000,0,1,0.6486523183,0.1196214514,-0.3232205639,0.9681317589,-0.03524115934,-0.1339312235,0.2086657267
475,15833333333,0,0,0.6503906304,0.1201005167,-0.3238472215,0.9683500419,-0.03694121191,-0.131920787,0.2086395195
476,15866666667,0,0,0.6546586295,0.1191883846,-0.3255798475,0.9691941571,-0.04085227784,-0.128848019,0.2058930916
477,15900000000,0,0,0.658165005,0.1231847435,-0.326043471,0.9695101627,-0.04369622639,-0.1275663926,0.2046154925
478,15933333333,0,0,0.6622135788,0.1239438213,-0.3270392972,0.9689823458,-0.04534542813,-0.1271721993,0.2069884959
479,15966666667,0,0,0.6666131611,0.1242154337,-0.3283198082,0.968446543,-0.04742464771,-0.1275509987,0.2087892212
480,16000000000,0,1,0.675131329,0.1253189827,-0.3309571744,0.967873868,-0.04875730261,-0.1307513003,0.2091578318
481,16033333333,0,0,0.6792763159,0.1266931906,-0.333039284,0.9670617785,-0.04796039271,-0.1331027661,0.2116009711
482,16066666667,0,0,0.6852944659,0.1276027795,-0.3353619636,0.9660553569,-0.04843109184,-0.136472959,0.2139313166
483,16100000000,0,0,0.6896096235,0.129244461,-0.3369069635,0.9654359366,-0.04705751589,-0.1392575822,0.2152356109
484,16133333333,0,0,0.6954531081,0.1301799711,-0.3397100401,0.9649495758,-0.04557886374,-0.1418903725,0.2160139012
485,16166666667,0,0,0.7005011113,0.1315191624,-0.3416362289,0.9645730585,-0.04549084522,-0.1449265685,0.2156981397
486,16200000000,0,1,0.7098920423,0.1334370543,-0.3452011669,0.9637921502,-0.0445051866,-0.1494208518,0.2163270411
487,16233333333,0,0,0.7157941034,0.1335440024,-0.3477826435,0.9635307743,-0.04474912473,-0.1526907541,0.2151545873
488,16266666667,0,0,0.7218788403,0.1362191526,-0.3497821116,0.9635281628,-0.04391907826,-0.1560905184,0.2128857536
489,16300000000,0,0,0.7276206903,0.1367696971,-0.3517631457,0.9632778028,-0.04251906349,-0.1598064263,0.2115417453
490,16333333333,0,0,0.7338396525,0.1369197116,-0.3535742086,0.9631386704,-0.04275659383,-0.1634895609,0.2093010718
491,16366666667,0,0,0.7389793889,0.1375021134,-0.3550532708,0.9629066938,-0.04394633195,-0.1664533528,0.2077804134
492,16400000000,0,1,0.7450811331,0.1410936258,-0.3575511102,0.9623078707,-0.04440402725,-0.1695902191,0.2079206626
493,16433333333,0,0,0.7490906232,0.1423192794,-0.3587057348,0.9621028056,-0.04519098715,-0.1717287498,0.2069425103
494,16466666667,0,0,0.7520229615,0.1451772425,-0.3596553028,0.9621910772,-0.04436428693,-0.171973302,0.2065074441
495,16500000000,0,0,0.756969022,0.1451359224,-0.3609650999,0.962216127,-0.04386128572,-0.1717132851,0.2067144415
496,16533333333,0,0,0.7610914196,0.1482345588,-0.3613749703,0.962238959,-0.0429362119,-0.171894869,0.2066514492
497,16566666667,0,0,0.7639177015,0.151296944,-0.3626195432,0.9620893175,-0.03949749956,-0.1717462331,0.2081521656
498,16600000000,0,1,0.7679311686,0.1514130809,-0.3643428653,0.9621653383,-0.03787805508,-0.1701787386,0.2093855574
499,16633333333,0,0,0.7725873805,0.1537073588,-0.364653385,0.9622109987,-0.03780922001,-0.1694595224,0.2097711304
500,16666666667,0,0,0.7773747457,0.1572231425,-0.3653859913,0.9620975033,-0.03593143038,-0.1699738511,0.2102051767
501,16700000000,0,0,0.7811517673,0.1581587392,-0.3656206638,0.9622685004,-0.03442188733,-0.1697750644,0.2098353982
502,16733333333,0,0,0.7858965585,0.1603025555,-0.3665557496,0.9626941974,-0.03303706893,-0.1687107337,0.2089620125
503,16766666667,0,0,0.7922474326,0.1652144924,-0.3657639451,0.9625749692,-0.03020817166,-0.1698022728,0.2090552154
504,16800000000,0,1,0.7951393532,0.1672957418,-0.3668471186,0.9617282269,-0.02704038325,-0.1716015357,0.2118974948
505,16833333333,0,0,0.7996445672,0.169307699,-0.3670615198,0.9612601032,-0.02472596257,-0.1737680194,0.2125377994
506,16866666667,0,0,0.8047485191,0.1737147895,-0.3678018832,0.9612202113,-0.02130293357,-0.1744026316,0.2125690768
507,16900000000,0,0,0.8111299422,0.1769805191,-0.3677445529,0.9608290696,-0.01768271814,-0.1756820224,0.2136133131
508,16933333333,0,0,0.8183999829,0.1801031366,-0.3677097598,0.959997763,-0.01560888981,-0.1788190166,0.2149056002
509,16966666667,0,0,0.8240563126,0.1809467906,-0.3675508488,0.9589071139,-0.01499286951,-0.1814463629,0.2175995821
510,17000000000,0,1,0.8255125472,0.1825051897,-0.3674606239,0.9579662845,-0.01568028332,-0.1819800287,0.2212193383
511,17033333333,0,0,0.830902608,0.1868319893,-0.3667034086,0.9568115207,-0.0155767476,-0.1849939576,0.2237103359
512,17066666667,0,0,0.8365002659,0.1894445107,-0.3664028478,0.9553308298,-0.01599810428,-0.1881378804,0.2273569975
513,17100000000,0,0,0.8414435237,0.1931921919,-0.3664907905,0.9540979218,-0.01584338308,-0.1917114994,0.2295492188
514,17133333333,0,0,0.846189509,0.1962615657,-0.3660198002,0.9530673082,-0.01477049505,-0.1945221204,0.2315290114
515,17166666667,0,0,0.8523712984,0.1992953281,-0.3660456288,0.9519623661,-0.01405234928,-0.1977923947,0.2333417102
516,17200000000,0,1,0.8542150331,0.1991761241,-0.3650268629,0.9507283959,-0.01389088498,-0.2017471081,0.2349907761
517,17233333333,0,0,0.8596232472,0.2007615663,-0.3651133842,0.9490243128,-0.01474382724,-0.2079000952,0.236459349
518,17266666667,0,0,0.8637023256,0.2036017417,-0.3650570549,0.9482739544,-0.01547024454,-0.2117523245,0.2360045171
519,17300000000,0,0,0.8685711915,0.2071656126,-0.3648475509,0.9478317942,-0.01461155535,-0.2160138984,0.2339645016
520,17333333333,0,0,0.877512366,0.2126604416,-0.3640013436,0.9470600077,-0.01336678216,-0.2229362551,0.2306471267
521,17366666667,0,0,0.8828486814,0.2152511004,-0.3635931231,0.946296888,-0.01142397556,-0.2277805424,0.2291456242
522,17400000000,0,1,0.882229317,0.2148040093,-0.3599322398,0.9455375296,-0.01052392691,-0.2308780727,0.2292233467
523,17433333333,0,0,0.8873769634,0.2179582213,-0.3595463755,0.9447043952,-0.0107251025,-0.2356831192,0.2277543527
524,17466666667,0,0,0.8929090731,0.2211010974,-0.3593834048,0.9435948822,-0.009914167832,-0.2418195361,0.2259507014
525,17500000000,0,0,0.8975752204,0.2231597483,-0.3599200641,0.9434825776,-0.009018287756,-0.2454171157,0.2225527702
526,17533333333,0,0,0.9042390115,0.2259008389,-0.3594452575,0.9432769284,-0.009027053793,-0.2497751889,0.2185394786
527,17566666667,0,0,0.910036601,0.2272202648,-0.3585522415,0.9422825553,-0.009394258989,-0.2556655172,0.2159872155
528,17600000000,0,1,0.907244545,0.2275709182,-0.3541207243,0.941835777,-0.009564153394,-0.2588193416,0.2141645268
529,17633333333,0,0,0.9121909252,0.2312138831,-0.3539181591,0.9415381562,-0.008936558207,-0.262889427,0.2105117279
530,17666666667,0,0,0.9187514699,0.2341633702,-0.3537367689,0.9409447831,-0.008359919762,-0.2669674256,0.2080418721
531,17700000000,0,0,0.925098794,0.2368485227,-0.3539375178,0.9400333203,-0.00815700042,-0.27150198,0.2062946797
532,17733333333,0,0,0.9312289167,0.2397330406,-0.3551633994,0.9396841926,-0.009109546414,-0.2743563273,0.204056953
533,17766666667,0,0,0.9368500616,0.2412788751,-0.3544247093,0.9394275792,-0.01039781726,-0.2767544936,0.2019273607
534,17800000000,0,1,0.9324536265,0.2427005075,-0.3463426266,0.9382070243,-0.009347177262,-0.279115344,0.2043889297
535,17833333333,0,0,0.9389475852,0.2460113626,-0.3475085592,0.936862768,-0.009396887298,-0.283283462,0.2048178032
536,17866666667,0,0,0.9445750559,0.2483781711,-0.3476511911,0.9358357714,-0.01097230851,-0.2868153023,0.204518947
537,17900000000,0,0,0.9513058343,0.2498185959,-0.3480843619,0.9352698311,-0.01080690528,-0.2883714491,0.2049279414
538,17933333333,0,0,0.957060311,0.2528671419,-0.3484299209,0.9351342941,-0.01072521138,-0.289834324,0.2034819069
539,17966666667,0,0,0.9631854965,0.2561088045,-0.3479099315,0.9341763287,-0.01110144681,-0.2933994799,0.2027513007
540,18000000000,0,1,0.9586532454,0.2547811868,-0.3407789837,0.9321874844,-0.01463518569,-0.2967043109,0.2068305035
541,18033333333,0,0,0.9643054801,0.2567365709,-0.3408272062,0.9307783948,-0.01808276125,-0.3007084595,0.2071207763
542,18066666667,0,0,0.9686242076,0.2591157375,-0.3400931675,0.9296039024,-0.01970105456,-0.3049885904,0.2059864383
543,18100000000,0,0,0.9743531689,0.2606495232,-0.3404619809,0.9285937441,-0.02113096125,-0.3080548936,0.2058381002
544,18133333333,0,0,0.9796403327,0.26288686,-0.3395696863,0.92780377,-0.02254200944,-0.3104119571,0.205709599
545,18166666667,0,0,0.9854760547,0.2664577173,-0.3402003036,0.9266497776,-0.02501897708,-0.3145705444,0.2043027487
546,18200000000,0,1,0.9796382483,0.2650962859,-0.3330710075,0.9258963477,-0.02688149943,-0.3161035372,0.2051143392
547,18233333333,0,0,0.9841611301,0.2664728864,-0.3327647956,0.9256727015,-0.028313999,-0.3166275337,0.2051228219
548,18266666667,0,0,0.9874583706,0.2686107831,-0.3310968809,0.9256607182,-0.02890685389,-0.3159476274,0.2061400623
549,18300000000,0,0,0.9916444489,0.2704828082,-0.3310107439,0.9260381404,-0.02716074784,-0.3150711789,0.2060238058
550,18333333333,0,0,0.996362481,0.2736626167,-0.3316830511,0.9262510193,-0.02492368909,-0.3129001757,0.208641652
551,18366666667,0,0,0.9990416063,0.2755346623,-0.3307255366,0.925970518,-0.02386350838,-0.3103144404,0.2138085142
552,18400000000,0,1,0.9955955076,0.277048845,-0.3225339364,0.9240946413,-0.02328077285,-0.3115007633,0.2201689668
553,18433333333,0,0,0.9999648496,0.280130494,-0.3233227369,0.9221309411,-0.02274588103,-0.3134571473,0.2256142041
554,18466666667,0,0,1.0036675,0.2808330396,-0.3228884701,0.9215740029,-0.0225745404,-0.3128196952,0.228769722
555,18500000000,0,0,1.00669525,0.2836124372,-0.3223549166,0.9217197899,-0.02202241452,-0.3108740478,0.2308786879
556,18533333333,0,0,1.008899171,0.2853794934,-0.3208104335,0.9218880646,-0.02043896406,-0.3084055255,0.2336464784
557,18566666667,0,0,1.011422876,0.2865210621,-0.3199814619,0.9224554225,-0.01938678829,-0.3048612711,0.2361350277
558,18600000000,0,1,1.007421235,0.2880260482,-0.3168793555,0.9221984633,-0.0218420037,-0.2989590802,0.244328446
559,18633333333,0,0,1.008902712,0.290751729,-0.3138471066,0.920599814,-0.02278252537,-0.2978360451,0.2515365367
560,18666666667,0,0,1.011434095,0.2919005336,-0.3134317522,0.9201403089,-0.02314050293,-0.2966503257,0.2545680917
561,18700000000,0,0,1.01344649,0.2939344364,-0.312111817,0.920555429,-0.02440129765,-0.2935543868,0.2565308966
562,18733333333,0,0,1.012749017,0.2962316894,-0.3071360152,0.9202462078,-0.02429868777,-0.2913401996,0.260148763
563,18766666667,0,0,1.015309302,0.2978389525,-0.3055491239,0.9196426511,-0.02392416234,-0.2899017149,0.2638977537
564,18800000000,0,1,1.018426182,0.3000652937,-0.3014927143,0.9196478455,-0.02486867638,-0.2892079302,0.2645527591
565,18833333333,0,0,1.017768337,0.302623221,-0.2977689662,0.9193897776,-0.02389761839,-0.2876050758,0.2672726345
566,18866666667,0,0,1.018891536,0.304277511,-0.2950636514,0.9187948273,-0.02275610675,-0.2855017106,0.2716376229
567,18900000000,0,0,1.019969829,0.3052393908,-0.292877824,0.9183846506,-0.02381204529,-0.2842517232,0.2742327077
568,18933333333,0,0,1.020456438,0.3074775883,-0.2903669435,0.9178398851,-0.02626084205,-0.2814038479,0.278733184
569,18966666667,0,0,1.022190987,0.3090117352,-0.286830467,0.916644017,-0.03056608908,-0.2796900939,0.2839065193
570,19000000000,0,1,1.021847572,0.3087087418,-0.2835141562,0.9160171159,-0.03522331531,-0.2778904614,0.2871390829
571,19033333333,0,0,1.021778212,0.3091934403,-0.280708978,0.9155461621,-0.0400796269,-0.2755603445,0.29023326
572,19066666667,0,0,1.021089307,0.3106609587,-0.276930439,0.9147398487,-0.04500916538,-0.2737649065,0.293731102
573,19100000000,0,0,1.020066803,0.3126623721,-0.2728518118,0.9138270556,-0.04760409674,-0.2729144454,0.2969371448
574,19133333333,0,0,1.020658486,0.3118447767,-0.2719658778,0.9139077942,-0.05184178299,-0.2708594595,0.2978592393
575,19166666667,0,0,1.019837228,0.3127284563,-0.2685281356,0.9140451011,-0.05642359799,-0.2685704153,0.2986768534
576,19200000000,0,1,1.020368893,0.3138119789,-0.2658256582,0.9144208338,-0.06025924344,-0.2654420604,0.2995728206
577,19233333333,0,0,1.020750591,0.3149180417,-0.2629837243,0.915107471,-0.06452732114,-0.2624088411,0.2992593213
578,19266666667,0,0,1.01928659,0.3169485279,-0.2590456297,0.9151266586,-0.0676646563,-0.2606340356,0.3000576485
579,19300000000,0,0,1.019786412,0.3179065975,-0.2560769617,0.9148504906,-0.07066359081,-0.2593430198,0.3013244678
580,19333333333,0,0,1.018738282,0.3183984225,-0.2529834834,0.9149442191,-0.07377176342,-0.2578828529,0.3015480674
581,19366666667,0,0,1.017642238,0.3212403941,-0.2502193967,0.9148042486,-0.07526529708,-0.2558490271,0.3033308377
582,19400000000,0,1,1.018368781,0.3200003814,-0.2477311362,0.9148081595,-0.07851251575,-0.2544222838,0.3036957651
583,19433333333,0,0,1.017559774,0.3216711349,-0.2442847761,0.9143286026,-0.0809994042,-0.2550569658,0.3039543503
584,19466666667,0,0,1.016715286,0.322812424,-0.2421213726,0.9140241755,-0.08222026706,-0.2540749885,0.305361318
585,19500000000,0,0,1.017309759,0.3242594574,-0.2385977698,0.9134978165,-0.08356628124,-0.2535017356,0.307042808
586,19533333333,0,0,1.016896463,0.3252594321,-0.2359996005,0.9136122714,-0.0850418013,-0.2531197331,0.3066119866
587,19566666667,0,0,1.014661133,0.3269740317,-0.23325554,0.9141065986,-0.08492878581,-0.2510372025,0.3068819818
588,19600000000,0,1,1.016908984,0.3302687416,-0.2306551784,0.9139957368,-0.08428968309,-0.2502136565,0.3080587097
589,19633333333,0,0,1.016235342,0.3318617388,-0.2279914855,0.9135876117,-0.08344354178,-0.250191607,0.309514153
590,19666666667,0,0,1.015646094,0.333199914,-0.2257425477,0.9137062941,-0.08237182086,-0.2478768834,0.3113081142
591,19700000000,0,0,1.014843957,0.3350711243,-0.222589376,0.9138486005,-0.08078768698,-0.24577807,0.3129652142
592,19733333333,0,0,1.014816872,0.3373366098,-0.2192016266,0.9137385594,-0.07887156725,-0.2439991026,0.3151595768
593,19766666667,0,0,1.010604667,0.3385450052,-0.2146792131,0.9134681565,-0.07789812435,-0.2404381537,0.3189001468
594,19800000000,0,1,1.011860841,0.3402533456,-0.2133275722,0.9132367659,-0.07751667194,-0.2382850952,0.3212631139
595,19833333333,0,0,1.012034595,0.3429821884,-0.2097194239,0.9127905151,-0.07590611601,-0.2368108208,0.3239944016
596,19866666667,0,0,1.011595079,0.3445252851,-0.2066135742,0.9116342926,-0.07479245284,-0.2353643617,0.3285310074
597,19900000000,0,0,1.011863148,0.3484330374,-0.2033136849,0.9105691685,-0.07293641582,-0.2352454582,0.3319693404
598,19933333333,0,0,1.010286563,0.3497751424,-0.2018244271,0.909901249,-0.07099488071,-0.2324777971,0.3361450844
599,19966666667,0,0,1.01113572,0.3498122868,-0.1972256435,0.9092162146,-0.07108972434,-0.2311059562,0.338913209
600,20000000000,0,1,1.01393157,0.3556923828,-0.1965790821,0.9077972223,-0.06981821325,-0.2323947223,0.3420852428
601,20033333333,0,0,1.014570598,0.3572335059,-0.1948102583,0.9070473141,-0.06919084004,-0.2325452215,0.3440937629
602,20066666667,0,0,1.015705941,0.360036515,-0.1907624792,0.9068135166,-0.06762969085,-0.2327745122,0.3448644625
603,20100000000,0,0,1.016285024,0.3627799602,-0.1871839491,0.9060405963,-0.06675666669,-0.2331210765,0.346826396
604,20133333333,0,0,1.015712458,0.3665110419,-0.1846497283,0.9044492385,-0.06639466076,-0.2339353233,0.3504819376
605,20166666667,0,0,1.016801501,0.3687052673,-0.1819408289,0.9031502892,-0.06620921056,-0.2349026852,0.3532090373
606,20200000000,0,1,1.015263582,0.369957303,-0.1792228777,0.9023064351,-0.06546541363,-0.2341449767,0.355996498
607,20233333333,0,0,1.014663099,0.3730194143,-0.1732400766,0.9023482087,-0.06418151625,-0.2326472697,0.3571045941
608,20266666667,0,0,1.017242101,0.3755189946,-0.1686211806,0.9035912624,-0.06371364982,-0.2312568359,0.3549417941
609,20300000000,0,0,1.012693357,0.3781913062,-0.1647129487,0.9046084754,-0.06286473641,-0.2288756562,0.3540444396
610,20333333333,0,0,1.011767472,0.3811874046,-0.1625287888,0.9049758353,-0.06271074492,-0.2261440914,0.3548872355
611,20366666667,0,0,1.008639112,0.382135708,-0.1580967327,0.9052799136,-0.06345706115,-0.2220555384,0.3565568922
612,20400000000,0,1,1.013717899,0.3829643615,-0.1551724623,0.9070311915,-0.06406221569,-0.2184367703,0.3542256731
613,20433333333,0,0,1.0150352,0.3847399653,-0.1521314678,0.9078426756,-0.06494734414,-0.2151809069,0.3539783838
614,20466666667,0,0,1.012517683,0.3879522352,-0.14804387,0.9076794428,-0.06538900299,-0.2105574704,0.3570824261
615,20500000000,0,0,1.013217617,0.3876466919,-0.1442563972,0.9081192323,-0.06748279923,-0.2061022468,0.3581722988
616,20533333333,0,0,1.010877113,0.3891986468,-0.1407323457,0.9095762955,-0.06957106583,-0.2007043868,0.3571394386
617,20566666667,0,0,1.00856511,0.3919144811,-0.1361170795,0.9096533319,-0.06991897963,-0.1957558318,0.3596134125
618,20600000000,0,1,1.001018076,0.3925228386,-0.1345250975,0.9107162287,-0.06806597464,-0.1863113998,0.3622858487
619,20633333333,0,0,1.003035145,0.3914453534,-0.1313195607,0.9116884016,-0.07138837294,-0.179847876,0.362467516
620,20666666667,0,0,0.9979869413,0.3954700362,-0.1250956047,0.9122736295,-0.07185135514,-0.1741437557,0.3636868984
621,20700000000,0,0,0.9971229809,0.3976263146,-0.1204164648,0.9119476698,-0.06987822245,-0.1696646411,0.366990996
622,20733333333,0,0,0.9992020006,0.395648987,-0.1213177763,0.9115616811,-0.07124776947,-0.1657541642,0.3694653083
623,20766666667,0,0,0.9958757177,0.3984106489,-0.1159014138,0.9119352977,-0.07146512278,-0.1621590623,0.3700961869
624,20800000000,0,1,0.9936335597,0.4111359249,-0.1021417844,0.9116272966,-0.06641692269,-0.1596389374,0.3728805091
625,20833333333,0,0,0.9902430649,0.4103883066,-0.1052159806,0.9112990452,-0.06571825183,-0.1545804469,0.3759255871
626,20866666667,0,0,0.9917231246,0.412661481,-0.09858136706,0.9106354851,-0.06943074481,-0.1509993105,0.3783141461
627,20900000000,0,0,0.9883165589,0.4156680937,-0.08991794603,0.9091313906,-0.06902083154,-0.1485569798,0.3829452482
628,20933333333,0,0,0.9898946707,0.4117061239,-0.09552394237,0.9086840336,-0.07043919722,-0.1445637129,0.3852700085
629,20966666667,0,0,0.983339637,0.4171495,-0.08183283611,0.9081971818,-0.07211773541,-0.1423517019,0.386927518
630,21000000000,0,1,0.9774332978,0.418133146,-0.07177060703,0.9062118357,-0.07130439645,-0.1414990666,0.3920125074
631,21033333333,0,0,0.976162135,0.4193159776,-0.06924062761,0.904208637,-0.07101629089,-0.1390055734,0.3975435546
632,21066666667,0,0,0.9745184955,0.4201935196,-0.06582678924,0.9030659322,-0.0723384604,-0.1372470236,0.400502589
633,21100000000,0,0,0.9711456469,0.4218773837,-0.0585692773,0.9011222113,-0.07224108136,-0.134334576,0.4058499824
634,21133333333,0,0,0.970784753,0.423223527,-0.05627241707,0.8996531526,-0.07145998695,-0.133226826,0.4095952736
635,21166666667,0,0,0.9669307752,0.4244818192,-0.05169752032,0.8995362802,-0.07075362886,-0.1315089359,0.4105286889
636,21200000000,0,1,0.9618721847,0.4253872082,-0.04399101049,0.8984575762,-0.07206661008,-0.1275721262,0.4138909761
637,21233333333,0,0,0.9600171432,0.4270690909,-0.03879528765,0.8972887943,-0.07190737919,-0.1262404836,0.4168518787
638,21266666667,0,0,0.9590311596,0.4274799297,-0.03753686364,0.89689913,-0.07210020812,-0.1243863991,0.4182123077
639,21300000000,0,0,0.9582162316,0.4276480506,-0.03576556976,0.8972172507,-0.07394872454,-0.1211493089,0.4181574299
640,21333333333,0,0,0.9549059981,0.4319084504,-0.02569928836,0.8969658351,-0.07571522851,-0.1196935028,0.4187994271
641,21366666667,1,1,0,0,0,1,0,0,0
646,21533333333,1,1,-0.02340469737,-0.004981544758,0.02988486197,0.9998545342,-0.007779898432,0.01465112195,0.003965896064
647,21566666667,1,0,-0.02526077593,-0.006640225371,0.03349815452,0.9998045899,-0.00897403999,0.01711521004,0.004161520442
648,21600000000,1,0,-0.02992983834,-0.005766451324,0.0371668477,0.9997044992,-0.0122651892,0.02068052563,0.00357704219
649,21633333333,1,0,-0.03612223757,-0.005181415473,0.04561846425,0.9996419897,-0.01383336488,0.02271138994,0.002953513709
650,21666666667,1,0,-0.03994924451,-0.007710054242,0.05107079561,0.9995686635,-0.01573595496,0.02479299336,0.0004172045869
651,21700000000,1,0,-0.04102223397,-0.006871993343,0.05276720313,0.9994946272,-0.01925691296,0.02528539304,-0.0005571024483
652,21733333333,1,1,-0.05096290487,0.0001683072903,0.0616997963,0.9994292851,-0.01889269609,0.02785094276,0.002914642042
653,21766666667,1,0,-0.05442165223,-0.003001820914,0.06478502762,0.9993660298,-0.0215610778,0.02832708294,0.0004844755459
654,21800000000,1,0,-0.06026228967,-0.001273959229,0.0704731609,0.9992053341,-0.02552197578,0.03060650271,0.0007557119527
655,21833333333,1,0,-0.06800440563,0.002124622176,0.07973508564,0.9991658946,-0.02513340022,0.03200937323,0.003350717117
656,21866666667,1,0,-0.07299684209,0.003165113205,0.0822961202,0.9992776104,-0.023019508,0.02994114457,0.00422934912
657,21900000000,1,0,-0.08070343872,0.001063118127,0.08680181763,0.9992990938,-0.0231744162,0.02921680695,0.003262795271
658,21933333333,1,1,-0.08617634217,0.003635937797,0.0906744147,0.9993793234,-0.02076757199,0.02802124784,0.004948296478
659,21966666667,1,0,-0.09247829174,0.005146726955,0.09142402127,0.9995463536,-0.01856206661,0.02343299319,0.00366491132
660,22000000000,1,0,-0.09960156319,0.002217145487,0.09638513734,0.9996213463,-0.01932815645,0.0195643182,-0.0009076986024
661,22033333333,1,0,-0.1067880277,-6.052672223e-06,0.1030514855,0.9996290393,-0.01911407031,0.01906280262,-0.003611870871
662,22066666667,1,0,-0.1138647227,-0.0006934888605,0.106329345,0.9997050561,-0.01587681494,0.01787322352,-0.004274978279
663,22100000000,1,0,-0.1183400442,-0.001779220367,0.1046606001,0.999734117,-0.01603139371,0.01488971393,-0.00727916078
664,22133333333,1,1,-0.1260458224,0.001045214681,0.1095419084,0.9997521752,-0.01540915285,0.01466901369,-0.006554862782
665,22166666667,1,0,-0.1319466899,-0.0009548989848,0.1146384788,0.999738948,-0.01457816695,0.0149492534,-0.00927538156
666,22200000000,1,0,-0.1377322073,-0.0005348424924,0.1145674131,0.9996866032,-0.01425780287,0.0151690395,-0.01390362058
667,22233333333,1,0,-0.1436002203,-0.003596127197,0.1227515561,0.9995903638,-0.0152777449,0.01694948174,-0.01727455207
668,22266666667,1,0,-0.1486838118,-6.559641961e-05,0.1221422351,0.9995907769,-0.01302752308,0.01865962278,-0.01733149736
669,22300000000,1,0,-0.1550400756,0.000333075243,0.1281487362,0.9995646238,-0.01290784892,0.01717869731,-0.02021985593
670,22333333333,1,1,-0.1640402821,0.001315479616,0.1304325585,0.9994741027,-0.01224038496,0.01955730781,-0.0227860213
671,22366666667,1,0,-0.1699389764,0.002557948531,0.1349651544,0.9994368635,-0.01071443381,0.01864758047,-0.02575702993
672,22400000000,1,0,-0.176007243,0.002430746528,0.1386833669,0.9993552534,-0.008762059124,0.01671960623,-0.03054109561
673,22433333333,1,0,-0.1827404142,0.004985862422,0.1395671692,0.9992775767,-0.007130500064,0.0136637954,-0.03473875886
674,22466666667,1,0,-0.1895423312,0.005666036882,0.1453629964,0.9992547028,-0.006953743587,0.009089352157,-0.03686554159
675,22500000000,1,0,-0.1973741626,0.006673594802,0.1463335898,0.9991994997,-0.006488618182,0.004116173003,-0.039259581
676,22533333333,1,1,-0.2081710107,0.005949136014,0.1502397936,0.9988766163,-0.007938378904,-0.001077744915,-0.04670466706
677,22566666667,1,0,-0.2128631225,0.005847461039,0.1563169462,0.9987103721,-0.00824822553,-0.005414502937,-0.04980203466
678,22600000000,1,0,-0.2201131777,0.006367222994,0.1593411694,0.9986592232,-0.00740647644,-0.009633302891,-0.05031997074
679,22633333333,1,0,-0.2250429209,0.005414135913,0.1628919151,0.9983989517,-0.006850863712,-0.01701306445,-0.05350845255
680,22666666667,1,0,-0.2298103803,0.005678809464,0.1678189592,0.9980704017,-0.006328714046,-0.02323468531,-0.05723259629
681,22700000000,1,0,-0.2341854198,0.002958615847,0.1729533993,0.9977345133,-0.005932279967,-0.02784337604,-0.06095404334
682,22733333333,1,1,-0.2433042171,0.00156719613,0.1756444876,0.9973814209,-0.00485105503,-0.02968957009,-0.06576699709
683,22766666667,1,0,-0.2482865471,0.002270309693,0.1794289577,0.9969126202,-0.004751290809,-0.03358478169,-0.07081465568
684,22800000000,1,0,-0.2524763196,0.0005940114768,0.185343119,0.9966547108,-0.005192873292,-0.03888227088,-0.07169791123
685,22833333333,1,0,-0.2568946583,0.0008693684798,0.1892937357,0.9961967021,-0.004965315596,-0.04394873007,-0.07507320134
686,22866666667,1,0,-0.2590113677,-0.001147584884,0.1971071099,0.9957557406,-0.006301680099,-0.04824601911,-0.0781224399
687,22900000000,1,0,-0.264089712,-0.002550967217,0.2024148386,0.9955050143,-0.005810718068,-0.04909688661,-0.08078055367
688,22933333333,1,1,-0.273408301,-0.004180806094,0.2063611459,0.9952159507,-0.006186804358,-0.0509991184,-0.08310249647
689,22966666667,1,0,-0.2744697016,-0.0008248147652,0.2139477414,0.9946477026,-0.004485214147,-0.05645366001,-0.08642230541
690,23000000000,1,0,-0.2789683168,-0.005464058527,0.2211362115,0.9945809121,-0.007419192204,-0.05804802915,-0.08593131638
691,23033333333,1,0,-0.2830464395,-0.007497789121,0.2276613765,0.9941892306,-0.006087817696,-0.06332803226,-0.08683474301
692,23066666667,1,0,-0.2870531048,-0.005017432688,0.2333326716,0.9938293396,-0.00449458319,-0.06500520722,-0.08976282925
693,23100000000,1,0,-0.291390692,-0.01002773629,0.2417945194,0.993669055,-0.007683512984,-0.06782167072,-0.08923560796
694,23133333333,1,1,-0.2975378418,-0.01524543603,0.2493189394,0.9932849719,-0.009024316595,-0.0714432129,-0.09055050303
695,23166666667,1,0,-0.3031983297,-0.01577937558,0.2551651919,0.9928841563,-0.008887569991,-0.07455009019,-0.09243563898
696,23200000000,1,0,-0.3074193652,-0.016961596,0.2622071293,0.9924714247,-0.009569176277,-0.07933614242,-0.0928152928
697,23233333333,1,0,-0.3117239031,-0.01768667374,0.2693066187,0.9918349271,-0.01057779882,-0.08334644432,-0.09594247074
698,23266666667,1,0,-0.3155773709,-0.01945586377,0.2778045225,0.9910534482,-0.01136993277,-0.08725074734,-0.100354843
699,23300000000,1,0,-0.3225478008,-0.02044214937,0.2821100761,0.9905784755,-0.01200327387,-0.08964183084,-0.1028326186
700,23333333333,1,1,-0.3285221872,-0.02129989859,0.2858429846,0.9897463476,-0.0137462495,-0.09503853233,-0.1057397056
701,23366666667,1,0,-0.3322284562,-0.02057936658,0.29342549,0.9885826256,-0.01412993482,-0.1015486672,-0.1104201316
702,23400000000,1,0,-0.3369892393,-0.01900015643,0.3001658547,0.9874831957,-0.01461103519,-0.1057642643,-0.1160921025
703,23433333333,1,0,-0.342444299,-0.02047032605,0.3059675312,0.9863442436,-0.01666057374,-0.1104510537,-0.1210290179
704,23466666667,1,0,-0.347524652,-0.01918873261,0.3114335572,0.9851916122,-0.01747974552,-0.1148976721,-0.1260574101
705,23500000000,1,0,-0.3531743993,-0.01766448981,0.315836612,0.9840896006,-0.01876183605,-0.1183976143,-0.131139835
706,23533333333,1,1,-0.3595072458,-0.01799935525,0.3202378651,0.9832966401,-0.0219019879,-0.1213195335,-0.1339014237
707,23566666667,1,0,-0.3631225964,-0.01727749676,0.3255232324,0.9822820266,-0.02480711974,-0.1266729709,-0.1358697371
708,23600000000,1,0,-0.3663393294,-0.01481102626,0.3309850916,0.9813496601,-0.02764760537,-0.12963507,-0.1392235724
709,23633333333,1,0,-0.3716448819,-0.01588728517,0.3363749315,0.9804780296,-0.03091200701,-0.1325919815,-0.1418684172
710,23666666667,1,0,-0.3746296492,-0.01252830893,0.3383810783,0.9795949189,-0.03183068593,-0.1351580839,-0.1453027693
711,23700000000,1,0,-0.3790579999,-0.01231693997,0.3437519467,0.9787895592,-0.03703113444,-0.1372908595,-0.1474819097
712,23733333333,1,1,-0.383780455,-0.01380839585,0.3484872066,0.9778557462,-0.04049407939,-0.1409202431,-0.1493313572
713,23766666667,1,0,-0.3851451519,-0.01135292724,0.3518948646,0.9767266136,-0.04065407352,-0.1445828488,-0.1531279481
714,23800000000,1,0,-0.389318902,-0.0105053165,0.3547999957,0.9760319169,-0.04392622132,-0.1454549096,-0.1558045361
715,23833333333,1,0,-0.3929354677,-0.01155960851,0.3580630699,0.9752937643,-0.04649180554,-0.1490350531,-0.1562982353
716,23866666667,1,0,-0.3941271131,-0.009142727815,0.3598474165,0.9743123842,-0.04716222735,-0.1526819996,-0.1586798957
717,23900000000,1,0,-0.3978658151,-0.009058022622,0.3627658957,0.9736833533,-0.04930596537,-0.1540652478,-0.1605414239
718,23933333333,1,1,-0.4018601011,-0.00678997324,0.3630736,0.9729511048,-0.04943315313,-0.1558514733,-0.163195678
719,23966666667,1,0,-0.4042035936,-0.006447922377,0.3649472886,0.9721258425,-0.05089514255,-0.1591925021,-0.1644347229
720,24000000000,1,0,-0.4053633332,-0.005437065508,0.3668192886,0.9711373372,-0.0523566738,-0.1630875394,-0.1659924865
721,24033333333,1,0,-0.406910668,-0.005177180038,0.3688049428,0.970208296,-0.05327697811,-0.1657237035,-0.1685024629
722,24066666667,1,0,-0.4092158427,-0.004723190655,0.3706261966,0.9691665073,-0.05276038219,-0.168773171,-0.1716048951
723,24100000000,1,0,-0.4099859163,-0.002979227941,0.3706487775,0.9685126442,-0.05239080221,-0.1712218692,-0.172978419
724,24133333333,1,1,-0.4157237528,-0.0007191151337,0.3703867711,0.967988225,-0.05358461298,-0.1715561798,-0.175202633
725,24166666667,1,0,-0.4178034103,-0.001844726253,0.3713269073,0.967154755,-0.0547566399,-0.1768832006,-0.1741428252
726,24200000000,1,0,-0.4169385517,0.0002899535576,0.3725202886,0.9659614739,-0.0538612593,-0.1818595194,-0.1759105194
727,24233333333,1,0,-0.4187393193,0.001381921757,0.3740135636,0.9651499124,-0.05374386786,-0.18398479,-0.1781764302
728,24266666667,1,0,-0.4224574969,0.0006145823131,0.3752461084,0.9643191579,-0.05438669783,-0.1866755603,-0.179674383
729,24300000000,1,0,-0.4227881324,0.003365895019,0.3755554053,0.9629333088,-0.052777503,-0.1918471556,-0.1821226149
730,24333333333,1,0,-0.4248114616,0.003795363567,0.3762694422,0.9620790708,-0.05461888509,-0.1938752527,-0.1839375583
731,24366666667,1,1,-0.4338126767,0.004365359784,0.3750253751,0.9614327653,-0.05503751734,-0.1940384861,-0.1869945867
732,24400000000,1,0,-0.4337618714,0.006212455566,0.3760584767,0.9599702345,-0.05419273071,-0.2007755835,-0.1876418447
733,24433333333,1,0,-0.4341450076,0.007962560385,0.3767427019,0.9589542122,-0.05519750273,-0.2042888957,-0.1887487795
734,24466666667,1,0,-0.4403568676,0.006695333681,0.3775114572,0.9580809403,-0.0571391479,-0.2056405234,-0.1911230095
735,24500000000,1,0,-0.4413771023,0.009432052246,0.3761911173,0.9569743131,-0.05629553268,-0.2101000356,-0.1920649686
736,24533333333,1,0,-0.4433073451,0.009171264119,0.3784953083,0.9558058602,-0.05908076763,-0.2132174588,-0.1936051025
737,24566666667,1,0,-0.4472012671,0.009331801131,0.3789505722,0.9547269069,-0.05923287109,-0.2160023306,-0.1957830266
738,24600000000,1,0,-0.4491965059,0.009519588249,0.3794199812,0.9535827861,-0.05968787663,-0.2196516314,-0.1971557463
739,24633333333,1,0,-0.4515959832,0.009631006472,0.3800158862,0.9523730722,-0.06000967835,-0.2230687028,-0.1990595982
740,24666666667,1,1,-0.4576545067,0.01250525339,0.3784662856,0.9516886244,-0.05830650598,-0.2232174252,-0.2026403083
741,24700000000,1,0,-0.4617650102,0.01163928348,0.3785047599,0.9505687758,-0.0586328168,-0.2268278293,-0.2037899189
742,24733333333,1,0,-0.462393814,0.01197395778,0.3781771603,0.9491563541,-0.05713614691,-0.2316295424,-0.205390923
743,24766666667,1,0,-0.4659768688,0.01179134047,0.3784054315,0.9481628687,-0.0560719086,-0.2339265307,-0.2076571543
744,24800000000,1,0,-0.4717900933,0.01264788197,0.3763630029,0.9474157395,-0.0549208971,-0.2367365632,-0.2081896042
745,24833333333,1,0,-0.4710538381,0.01283912649,0.3748087914,0.9459273324,-0.05478229299,-0.242606618,-0.2082364309
746,24866666667,1,0,-0.4743312658,0.01266738952,0.3749808974,0.9447502637,-0.05523119522,-0.2453403243,-0.2102488513
747,24900000000,1,1,-0.481286296,0.01376653659,0.3730823962,0.944314482,-0.05380245488,-0.2458156037,-0.2120144899
748,24933333333,1,0,-0.4823914448,0.01646760244,0.3702884397,0.9430823396,-0.05183154695,-0.2501286039,-0.2129433564
749,24966666667,1,0,-0.4845193295,0.01711412107,0.3710105447,0.9417215221,-0.05180772097,-0.2533573104,-0.2151432271
750,25000000000,1,0,-0.4892678676,0.01584323747,0.3705447794,0.940916816,-0.05174061597,-0.2559051132,-0.2156641533
751,25033333333,1,0,-0.4925062622,0.01564616717,0.3685424489,0.9394169628,-0.04964041651,-0.2611535504,-0.2164033782
752,25066666667,1,0,-0.4916304485,0.0177270205,0.3685794796,0.9376379311,-0.04732211133,-0.2664851676,-0.2181315733
753,25100000000,1,1,-0.4987168648,0.01480313735,0.3689560904,0.9370555128,-0.04692700511,-0.2674643089,-0.2195168913
754,25133333333,1,0,-0.5012827847,0.01678342018,0.3669082688,0.9362498109,-0.04123018772,-0.2714061184,-0.2192603068
755,25166666667,1,0,-0.5032380893,0.01913138451,0.3649397211,0.9355114324,-0.03833306993,-0.275871802,-0.2173561236
756,25200000000,1,0,-0.506122427,0.01919661546,0.3648549778,0.9345915635,-0.03742413611,-0.2801140617,-0.2160420234
757,25233333333,1,0,-0.5102710491,0.01873584847,0.3647084911,0.9331378015,-0.03538693026,-0.2850180764,-0.2162551843
758,25266666667,1,0,-0.5105286412,0.02018778108,0.3634317983,0.931738537,-0.03206018002,-0.2897636024,-0.2165005733
759,25300000000,1,0,-0.51525759,0.02196314554,0.3624268796,0.930942258,-0.03098650709,-0.2926729063,-0.216168727
760,25333333333,1,1,-0.5189562073,0.02006965191,0.357703354,0.9297788497,-0.03155867683,-0.2967203674,-0.2155744978
761,25366666667,1,0,-0.5180662427,0.02455192634,0.3581874846,0.9275960749,-0.02832754259,-0.301310416,-0.2190322016
762,25400000000,1,0,-0.5228399973,0.02423145435,0.3583501412,0.9272034907,-0.02929801277,-0.3015297099,-0.2202615432
763,25433333333,1,0,-0.5276793848,0.0244582506,0.3554936989,0.9265545141,-0.02927701573,-0.3037289523,-0.2199734355
764,25466666667,1,0,-0.5284663928,0.02791909395,0.3547787362,0.9253235991,-0.02878235202,-0.306816743,-0.220932794
765,25500000000,1,0,-0.5336187352,0.02761385492,0.3554358176,0.9249253147,-0.03094239433,-0.3075953562,-0.2212257384
766,25533333333,1,1,-0.539668162,0.02693185174,0.3535743834,0.924487751,-0.03126012411,-0.3086765809,-0.2215038855
767,25566666667,1,0,-0.5414612639,0.0303397308,0.3507258315,0.9239999552,-0.02940408236,-0.3097448022,-0.2223007877
768,25600000000,1,0,-0.5463215269,0.03056014364,0.349354889,0.9239527681,-0.03068485172,-0.3097273218,-0.2223481692
769,25633333333,1,0,-0.5516653832,0.02979203357,0.3479553094,0.9237267654,-0.03056585859,-0.31111188,-0.221368447
770,25666666667,1,0,-0.552862515,0.03368579525,0.3438633536,0.9231561536,-0.02830999635,-0.3120794937,-0.2226828458
771,25700000000,1,0,-0.5586525265,0.03318078172,0.3439308434,0.9233878968,-0.02987826993,-0.3112646393,-0.2226575968
772,25733333333,1,0,-0.5637089616,0.03384139877,0.3401015465,0.9237456023,-0.02888360849,-0.3114199531,-0.2210823653
773,25766666667,1,0,-0.5677868069,0.03527496091,0.337326188,0.9240321606,-0.02906953997,-0.3121193435,-0.2188630702
774,25800000000,1,0,-0.5714768988,0.03643390245,0.3344840151,0.9242200476,-0.02826697702,-0.3127036308,-0.217335503
775,25833333333,1,1,-0.5778685593,0.03704426343,0.3304464469,0.9252409922,-0.02856229228,-0.3106293968,-0.2159228558
776,25866666667,1,0,-0.5826065027,0.03639579121,0.3268218569,0.9258463791,-0.0281939369,-0.3104866541,-0.2135687755
777,25900000000,1,0,-0.5861584992,0.03809634008,0.3233061686,0.9264043265,-0.02650466334,-0.309918553,-0.2121862794
778,25933333333,1,0,-0.5906961483,0.03779962191,0.3199009089,0.9273188555,-0.02516014807,-0.3084448329,-0.2104958246
779,25966666667,1,0,-0.5939670172,0.03978115486,0.3150420299,0.9287217054,-0.02290427843,-0.3060902286,-0.2079907689
780,26000000000,1,0,-0.5988179866,0.04019822817,0.3098156577,0.930465195,-0.0231689899,-0.3035801094,-0.2038058783
781,26033333333,1,0,-0.6017145041,0.04213566508,0.304687435,0.9320254447,-0.02275391054,-0.3016465648,-0.1995499436
782,26066666667,1,1,-0.6041557484,0.04557331298,0.301499995,0.9335929556,-0.02226985062,-0.2982428576,-0.1973814705
783,26100000000,1,0,-0.6086394946,0.04575512457,0.2970703581,0.935396674,-0.02309712774,-0.2939153746,-0.1952263752
784,26133333333,1,0,-0.6130178611,0.04626317557,0.2909967931,0.9370259712,-0.02305688944,-0.2904921799,-0.1925227326
785,26166666667,1,0,-0.6154984533,0.04944312165,0.2842036554,0.9385091955,-0.02282559819,-0.287058435,-0.1904650545
786,26200000000,1,0,-0.6197238867,0.049936889,0.279339064,0.9401668255,-0.02469925417,-0.283274149,-0.1877020075
787,26233333333,1,0,-0.6244757132,0.05059873041,0.2715209066,0.9419046907,-0.02611897613,-0.2800497333,-0.183590576
788,26266666667,1,0,-0.6275904857,0.0543466496,0.2646397359,0.9430013113,-0.02758100262,-0.2781511431,-0.1806094037
789,26300000000,1,1,-0.6307859197,0.05458536415,0.2638213129,0.943634082,-0.02883642291,-0.277127426,-0.1786716813
790,26333333333,1,0,-0.6340375266,0.05609458216,0.2584805994,0.9445093537,-0.02720752762,-0.2754257525,-0.1769250859
791,26366666667,1,0,-0.6384499315,0.056843811,0.2531465744,0.9450330578,-0.02544281867,-0.2735902893,-0.177238642
792,26400000000,1,0,-0.6430220507,0.059148416,0.245762995,0.9456635951,-0.02350079584,-0.2720124059,-0.1765710297
793,26433333333,1,0,-0.6484317309,0.05826374663,0.2400557212,0.9459894733,-0.02311594612,-0.2719228421,-0.1750072493
794,26466666667,1,0,-0.6501493383,0.0645643011,0.2334145215,0.9462372377,-0.01940497188,-0.2712640867,-0.1751408926
795,26500000000,1,0,-0.654505027,0.06672778318,0.227797789,0.9473919275,-0.02035230093,-0.2678079877,-0.1741068675
796,26533333333,1,1,-0.6589870741,0.06359354889,0.2232531801,0.9477946898,-0.02252902272,-0.2676880241,-0.1718161542
797,26566666667,1,0,-0.6610433397,0.06779905597,0.2179696389,0.9478959669,-0.02092821995,-0.2678825504,-0.17115544
798,26600000000,1,0,-0.6636864408,0.06987969087,0.2173517341,0.9485801239,-0.02003971006,-0.264864034,-0.1721662046
799,26633333333,1,0,-0.6715644834,0.06798747661,0.2105631699,0.9503185081,-0.02047015058,-0.2597201022,-0.1703560232
800,26666666667,1,0,-0.6751421351,0.07279342539,0.202589341,0.9520128707,-0.02091585085,-0.2567024646,-0.1653416642
801,26700000000,1,0,-0.6792910846,0.07311670304,0.2008296304,0.9539313412,-0.02674258892,-0.2526980413,-0.1595102825
802,26733333333,1,1,-0.6856596013,0.06395764243,0.2028391601,0.955010223,-0.03090547946,-0.2509167112,-0.1550520213
803,26766666667,1,0,-0.6887097925,0.06989723968,0.1953601908,0.9564180438,-0.02430354933,-0.2475462844,-0.1529532611
804,26800000000,1,0,-0.6936525656,0.07417843736,0.1900755846,0.9579276867,-0.02401275889,-0.2422238713,-0.1520708077
805,26833333333,1,0,-0.7014858652,0.07167754812,0.1869376393,0.9595411162,-0.02718246682,-0.2380249323,-0.1479394858
806,26866666667,1,0,-0.7050428043,0.07639668917,0.18522137,0.9608550862,-0.02546704356,-0.2343924132,-0.1454961501
807,26900000000,1,0,-0.7069497801,0.08081852963,0.1841932686,0.9625674207,-0.02495739016,-0.2277551755,-0.1448056258
808,26933333333,1,1,-0.7155944405,0.07169850433,0.176628139,0.9649854316,-0.03124895612,-0.2206723979,-0.1383123721
809,26966666667,1,0,-0.7222705381,0.07270561201,0.170116595,0.965925787,-0.03131902889,-0.2199990205,-0.1326910824
810,27000000000,1,0,-0.7239482856,0.07982210295,0.168946072,0.9668012892,-0.02931091536,-0.2182756698,-0.1295834461
811,27033333333,1,0,-0.7310426538,0.07999339128,0.1654700621,0.968544609,-0.03155060235,-0.2119822101,-0.1264493674
812,27066666667,1,0,-0.7392273135,0.08021569449,0.1606347487,0.9698189466,-0.03280338035,-0.2074885567,-0.1237887226
813,27100000000,1,0,-0.7440682109,0.08371878431,0.1590177202,0.9706703022,-0.03292952189,-0.2044154631,-0.1221848167
814,27133333333,1,0,-0.750824238,0.08413645299,0.1586463802,0.9718518676,-0.03319714359,-0.1996064239,-0.1206613969
815,27166666667,1,0,-0.7585449823,0.08588100464,0.1538750286,0.9731069531,-0.03278642838,-0.1947798006,-0.1185273695
816,27200000000,1,1,-0.7612876756,0.08603873436,0.1484201095,0.9739117105,-0.03451427598,-0.1927288815,-0.1147184513
817,27233333333,1,0,-0.7675256749,0.08952774691,0.145672043,0.974931294,-0.03604149693,-0.1890712479,-0.1116335326
818,27266666667,1,0,-0.7740115742,0.09083826596,0.1444827361,0.9759504665,-0.03859599898,-0.1848237577,-0.1089551031
819,27300000000,1,0,-0.7813570329,0.09257477795,0.1414906,0.9770643197,-0.0405873301,-0.1801141692,-0.1060983973
820,27333333333,1,0,-0.7894938092,0.09278055274,0.1385453713,0.9779759565,-0.04294934482,-0.1760979282,-0.1034789929
821,27366666667,1,0,-0.7950584383,0.09557372876,0.1371348185,0.9786289571,-0.0433140448,-0.1730403168,-0.1023049685
822,27400000000,1,0,-0.8021642687,0.09515750868,0.1348860292,0.9796382752,-0.04478834259,-0.1683098933,-0.09987308887
823,27433333333,1,0,-0.8104666496,0.09488782521,0.1305568944,0.9805678794,-0.04564344312,-0.164607764,-0.0964758726
824,27466666667,1,0,-0.8159085808,0.0984013946,0.1270811136,0.9813324322,-0.04532832468,-0.1617684788,-0.09361068216
825,27500000000,1,1,-0.8154217663,0.09685623191,0.1276434856,0.9816855381,-0.04707599763,-0.1608380458,-0.0906006498
826,27533333333,1,0,-0.8234356349,0.09391377862,0.1229535339,0.98272169,-0.0484360826,-0.1564696543,-0.08619323226
827,27566666667,1,0,-0.8295957955,0.09635061632,0.1175960745,0.9833568023,-0.04814053396,-0.1545677703,-0.08246631344
828,27600000000,1,0,-0.8342657909,0.09727567165,0.1154433063,0.984040726,-0.04970839168,-0.151820986,-0.07837929251
829,27633333333,1,0,-0.8411233866,0.09385463181,0.1136417193,0.9847627645,-0.05145910979,-0.1485290868,-0.07438661244
830,27666666667,1,0,-0.8468512225,0.09603835567,0.1098721661,0.9853804203,-0.05056843572,-0.1458912027,-0.07200012242
831,27700000000,1,0,-0.8510045896,0.09497914662,0.1102391582,0.9859472953,-0.05058060429,-0.1430296372,-0.06994323529
832,27733333333,1,0,-0.8575923656,0.09486218232,0.1053222077,0.9867574885,-0.04933903458,-0.1386145935,-0.06827380976
833,27766666667,1,0,-0.8628949842,0.0960930277,0.103143459,0.9871085971,-0.04886369245,-0.1362391869,-0.06832160081
834,27800000000,1,0,-0.8681021382,0.09509338561,0.1021560267,0.9875796469,-0.04824433329,-0.1331253578,-0.06809232342
835,27833333333,1,1,-0.8706929848,0.09705260342,0.09696842971,0.9879486724,-0.04680289263,-0.130690505,-0.06846095148
836,27866666667,1,0,-0.8765454208,0.09684244342,0.09431442571,0.9884571883,-0.04776732118,-0.1273536808,-0.06672113518
837,27900000000,1,0,-0.8812845115,0.09750429749,0.09306662094,0.988949899,-0.0480638588,-0.1245864062,-0.06439091624
838,27933333333,1,0,-0.8842656159,0.09874677731,0.09338362802,0.9894987313,-0.0472949225,-0.1208218176,-0.06369881874
839,27966666667,1,0,-0.8919268037,0.0970235903,0.08890868741,0.9901354701,-0.04801458927,-0.1157080969,-0.06275337673
840,28000000000,1,0,-0.8992270695,0.09762673298,0.08483799433,0.9905443775,-0.04845550782,-0.1131428965,-0.06060185543
841,28033333333,1,0,-0.9037594713,0.1040222245,0.08283962916,0.99090399,-0.04773606822,-0.1102948493,-0.06054417029
842,28066666667,1,1,-0.9075279057,0.1020032209,0.0849045795,0.991155009,-0.05023444799,-0.1073828469,-0.05964203683
843,28100000000,1,0,-0.9126107541,0.1031394773,0.08467355262,0.99165976,-0.0488134226,-0.1039858948,-0.05843889009
844,28133333333,1,0,-0.9154069054,0.1068185976,0.08515754179,0.9922120527,-0.04619551157,-0.09923701301,-0.05944100021
845,28166666667,1,0,-0.9214522608,0.1063479558,0.08437732733,0.9930541373,-0.04523189004,-0.09221462946,-0.05739354131
846,28200000000,1,0,-0.9280881518,0.1091973004,0.0792331992,0.9939620059,-0.04595177651,-0.08492850272,-0.05210675983
847,28233333333,1,0,-0.9336944659,0.1109009534,0.07939305587,0.9945580807,-0.04972895457,-0.07935465253,-0.04565188148
848,28266666667,1,1,-0.9372064129,0.1135933927,0.0831540051,0.9951008513,-0.05135576687,-0.07351751097,-0.0416179821
849,28300000000,1,0,-0.9412386457,0.1147164101,0.08305195969,0.9957254443,-0.05182048632,-0.06570755509,-0.03908956351
850,28333333333,1,0,-0.9487084617,0.1126595209,0.08169719012,0.9961071617,-0.05527301304,-0.05909031157,-0.03498215976
851,28366666667,1,0,-0.9527867663,0.1152360535,0.08239726492,0.9963879982,-0.05571187311,-0.05549836883,-0.032048015
852,28400000000,1,0,-0.9580017202,0.1191739845,0.08208184248,0.9966882565,-0.05681267141,-0.04994811754,-0.02983329155
853,28433333333,1,0,-0.9635841286,0.1183366877,0.08299099126,0.9968356887,-0.05863164476,-0.04616028196,-0.0273892006
854,28466666667,1,0,-0.9695239655,0.1213089256,0.08147705079,0.9970334644,-0.05887256718,-0.04234583025,-0.02578996731
855,28500000000,1,0,-0.9758606663,0.1215772445,0.08295156775,0.9970351001,-0.06133003722,-0.0393027536,-0.02479776579
856,28533333333,1,0,-0.9801502472,0.1216061697,0.08539972894,0.9971302981,-0.06075379985,-0.03804462174,-0.02434648356
857,28566666667,1,0,-0.9873879378,0.1249860967,0.082821892,0.9972768774,-0.05993175019,-0.03505696399,-0.0248600951
858,28600000000,1,1,-0.9931135864,0.1259470212,0.08845545564,0.9972513982,-0.060553008,-0.03382049531,-0.02606062547
859,28633333333,1,0,-0.9999490332,0.1250199365,0.08990065826,0.9973348901,-0.0589909108,-0.0334592018,-0.02690113743
860,28666666667,1,0,-1.005705333,0.1285535526,0.09096027449,0.9974331964,-0.05603476592,-0.03320006759,-0.02974692107
861,28700000000,1,0,-1.012823197,0.1293421128,0.09357530004,0.9974508175,-0.05532726192,-0.0320672097,-0.0316615681
862,28733333333,1,0,-1.020546803,0.1256339714,0.09626344231,0.9974664226,-0.0553340704,-0.03185273957,-0.0313732279
863,28766666667,1,0,-1.0271199,0.129329769,0.09674183514,0.9975788139,-0.05178845009,-0.03290914406,-0.0327330836
864,28800000000,1,0,-1.032441191,0.1316210245,0.09875211329,0.9976129875,-0.05122146241,-0.0328631583,-0.0326297697
865,28833333333,1,0,-1.040290507,0.1278288608,0.1014426528,0.9975765804,-0.05421139702,-0.03245823078,-0.02912994766
866,28866666667,1,1,-1.043443374,0.1312400615,0.1074463454,0.9975664,-0.05240452796,-0.03501461959,-0.02981642992
867,28900000000,1,0,-1.047923443,0.133304717,0.112400096,0.9975210308,-0.05245614553,-0.03457278246,-0.03169966131
868,28933333333,1,0,-1.05359949,0.1288746138,0.1172494033,0.9974648599,-0.05403797802,-0.03383864828,-0.0316021537
869,28966666667,1,0,-1.060743866,0.1264841857,0.1213791496,0.9974428905,-0.05321869374,-0.03519486143,-0.03219895284
870,29000000000,1,0,-1.063063642,0.1291655287,0.1245002434,0.9974615021,-0.05147851428,-0.03678276516,-0.03267327117
871,29033333333,1,0,-1.067508259,0.1281376054,0.1314612476,0.9974773463,-0.05255761094,-0.03579783298,-0.03154609791
872,29066666667,1,0,-1.073131673,0.1265203827,0.137079333,0.9975062438,-0.05281542094,-0.03464970975,-0.03148368745
873,29100000000,1,0,-1.075788472,0.1270434862,0.1432070708,0.9975531429,-0.05281031553,-0.03360652339,-0.03113517611
874,29133333333,1,1,-1.082360366,0.1248329638,0.1504640886,0.9975349266,-0.05591034122,-0.03041490519,-0.02954720748
875,29166666667,1,0,-1.08542353,0.1182717272,0.1589876063,0.9974692179,-0.05834509048,-0.02955901018,-0.02787964667
876,29200000000,1,0,-1.086779044,0.1157261132,0.1667997852,0.9975545685,-0.05760744533,-0.02886133527,-0.02707929726
877,29233333333,1,0,-1.09056464,0.1112617814,0.1739184757,0.9975994359,-0.05888873078,-0.02625701303,-0.02525969385
878,29266666667,1,0,-1.093959119,0.1080955121,0.1810643877,0.9976723845,-0.05929204908,-0.02469052031,-0.02290511708
879,29300000000,1,0,-1.095738533,0.1037480875,0.1894673436,0.9976627243,-0.06099578122,-0.02318668269,-0.02027266589
880,29333333333,1,1,-1.098766469,0.09867402929,0.1967332072,0.9976437864,-0.06194342791,-0.02137855371,-0.02031857644
881,29366666667,1,0,-1.10210843,0.09511602128,0.2028005466,0.9977027358,-0.0623688059,-0.01903290309,-0.01836114513
882,29400000000,1,0,-1.103208233,0.09148036919,0.2099236393,0.9976377729,-0.06424843046,-0.01807486666,-0.01625768627
883,29433333333,1,0,-1.104347406,0.08542921918,0.2171635777,0.9975874663,-0.06597016114,-0.01584835037,-0.01469743756
884,29466666667,1,0,-1.104393367,0.08155187309,0.2236539981,0.9976377341,-0.06599032309,-0.01384245503,-0.01313831366
885,29500000000,1,0,-1.107618397,0.08175528105,0.2275014056,0.9976869175,-0.06636019871,-0.009684221036,-0.01110651302
886,29533333333,1,1,-1.107791674,0.06997497575,0.2363266638,0.9973350373,-0.07201696909,-0.008147060353,-0.008366898778
887,29566666667,1,0,-1.107059237,0.070591435,0.2400809256,0.9975853698,-0.06874329734,-0.00631804769,-0.007607315404
888,29600000000,1,0,-1.108923024,0.06832830269,0.244882453,0.997455147,-0.07092995056,-0.001788363958,-0.006998109136
889,29633333333,1,0,-1.111504285,0.05871898545,0.2511700505,0.9972416226,-0.07410447018,0.000918153762,-0.004102507578
890,29666666667,1,0,-1.110150031,0.0608260115,0.2538676521,0.9974666313,-0.07104099178,0.001547478993,-0.003332011037
891,29700000000,1,0,-1.110466571,0.05756524379,0.2574123503,0.997348545,-0.07255045424,0.004948489753,-0.002797126354
892,29733333333,1,1,-1.111076075,0.04972882821,0.2619761417,0.9970941751,-0.07573204908,0.008111721534,-0.001436221224
893,29766666667,1,0,-1.109810742,0.04361090569,0.26645634,0.9970546298,-0.07592550757,0.01077487705,0.001133336713
894,29800000000,1,0,-1.110430395,0.04311127307,0.2684679204,0.997268654,-0.07240427072,0.01414902256,0.003557863805
895,29833333333,1,0,-1.110243447,0.04161588358,0.271762255,0.9972587567,-0.07176000786,0.01711989946,0.00569056734
896,29866666667,1,0,-1.110486505,0.03765783564,0.2755293763,0.9972269776,-0.0712877119,0.01940189522,0.00894335906
897,29900000000,1,0,-1.108898329,0.0376522254,0.2774963882,0.9973089915,-0.0695247454,0.02109379747,0.009804940931
898,29933333333,1,0,-1.110398414,0.03442314955,0.2807780758,0.9971688532,-0.06992140205,0.02532637496,0.01112881127
899,29966666667,1,0,-1.111710391,0.03257449715,0.2833214224,0.9971316019,-0.06927698719,0.02780989322,0.0124850837
900,30000000000,1,0,-1.112343331,0.033286421,0.2857868967,0.9971270467,-0.06857604796,0.0290546257,0.01381329456
901,30033333333,1,1,-1.112702333,0.02775191085,0.2894466501,0.9968681862,-0.07094343228,0.03108675029,0.0159518878
902,30066666667,1,0,-1.113231532,0.02664391326,0.2917297439,0.9968123504,-0.0702490665,0.03324958724,0.01801865008
903,30100000000,1,0,-1.114133217,0.0267150768,0.2935178906,0.996760848,-0.06960759565,0.03525695843,0.01948182215
904,30133333333,1,0,-1.115117103,0.02601963704,0.2951091778,0.9966593262,-0.06958131046,0.03680669846,0.02176914496
905,30166666667,1,0,-1.115117063,0.02676316571,0.2962262538,0.9965965941,-0.06945799573,0.03802211481,0.02291580787
906,30200000000,1,0,-1.113307651,0.0245379653,0.2987313837,0.9963737427,-0.07161265606,0.04025154136,0.0221541361
907,30233333333,1,0,-1.116108879,0.02127480956,0.3019241879,0.9961412347,-0.07185080926,0.04529122958,0.02210896165
908,30266666667,1,0,-1.117090615,0.02244117737,0.3037503847,0.9960892381,-0.0703120111,0.04836642676,0.02287224374
909,30300000000,1,0,-1.118033242,0.019305595,0.3070609133,0.9957597046,-0.0711105586,0.05264194088,0.02519375145
910,30333333333,1,0,-1.119800058,0.0149225628,0.310260511,0.9955104661,-0.07092877993,0.05602455436,0.02809393723
911,30366666667,1,0,-1.120655676,0.01956721458,0.3105939043,0.9955496459,-0.06709279596,0.05889110099,0.03018770518
912,30400000000,1,0,-1.121732792,0.0151201215,0.3143290107,0.995040115,-0.06994226697,0.06248519968,0.03314888597
913,30433333333,1,0,-1.121362693,0.0138031631,0.3171153066,0.9948697741,-0.06838244635,0.06553427931,0.03554197252
914,30466666667,1,1,-1.122418098,0.01474674827,0.3186249942,0.9945143776,-0.06758510158,0.07029179083,0.03784799697
915,30500000000,1,0,-1.124871002,0.0134699701,0.3220415182,0.9939180707,-0.06929446377,0.07512488594,0.04100484779
916,30533333333,1,0,-1.124855057,0.01005227928,0.326049583,0.9934967237,-0.07057969582,0.07759544232,0.04429123842
917,30566666667,1,0,-1.123906814,0.01203172437,0.3270123123,0.9934615679,-0.069060492,0.07943483487,0.04421389633
918,30600000000,1,0,-1.124823615,0.01268905976,0.3306658927,0.9929546853,-0.06990864475,0.08402760253,0.04575080738
919,30633333333,1,0,-1.125942419,0.0102067568,0.3348990531,0.992493111,-0.07113150028,0.08673945668,0.04872372135
920,30666666667,1,0,-1.125354398,0.01250826689,0.3359819222,0.9923452962,-0.07059722891,0.08821671072,0.0498463278
921,30700000000,1,0,-1.122603748,0.0110195364,0.3395589856,0.9918603309,-0.07301429292,0.09127030114,0.05051464286
922,30733333333,1,0,-1.123572746,0.01008207074,0.3440084924,0.9912318908,-0.07479108738,0.09616559309,0.05116454404
923,30766666667,1,0,-1.123072421,0.009186001582,0.3476287699,0.9906947588,-0.07607563891,0.09937224134,0.05349345426
924,30800000000,1,0,-1.120862638,0.007391404275,0.3522506854,0.9899973144,-0.07830033733,0.1024768633,0.05720897709
925,30833333333,1,0,-1.120702326,0.004701506791,0.357423598,0.9892671907,-0.07946826593,0.1061832316,0.06132162328
926,30866666667,1,0,-1.118793036,0.006203853767,0.3600883899,0.9890514567,-0.07848800456,0.107718494,0.06335278411
927,30900000000,1,0,-1.117960879,0.003006908898,0.3644671752,0.9883838507,-0.08120180649,0.1102697943,0.06591056614
928,30933333333,1,0,-1.114468581,-0.00010025145,0.3687013959,0.9881200389,-0.08174037914,0.1108402268,0.06820368915
929,30966666667,1,0,-1.112527456,0.002395806304,0.3712958755,0.9881210062,-0.08020799366,0.1126243874,0.06707683771
930,31000000000,1,1,-1.1105686,-0.002112063234,0.3763774825,0.9875810961,-0.08417615368,0.1145613723,0.0668853186
931,31033333333,1,0,-1.108383753,-0.003485834367,0.3815500929,0.9873265102,-0.0856330821,0.1158777412,0.06652583432
932,31066666667,1,0,-1.105860491,-0.005384275997,0.3874591344,0.9870446176,-0.08719871615,0.1176758489,0.06551107791
933,31100000000,1,0,-1.10411275,-0.008300391712,0.3940527856,0.9867425972,-0.08863790023,0.1194275919,0.06495706183
934,31133333333,1,0,-1.1036987,-0.009018368984,0.4000265771,0.9866407598,-0.0887979119,0.1201434249,0.06496537055
935,31166666667,1,0,-1.101407761,-0.0102513242,0.4059076947,0.986776919,-0.09018270632,0.1180569025,0.06481480769
936,31200000000,1,0,-1.099077295,-0.01145583283,0.4129800306,0.9867890375,-0.09219042571,0.116928585,0.06384376979
937,31233333333,1,0,-1.097819998,-0.01428168358,0.419796152,0.9868676543,-0.09456003828,0.1156160791,0.06151060361
938,31266666667,1,0,-1.09424257,-0.01419913667,0.4253045945,0.9872512544,-0.09570637316,0.1130193544,0.05832560551
939,31300000000,1,1,-1.092142364,-0.01923596994,0.4329738667,0.9870651587,-0.09987441114,0.1126850995,0.05504128325
940,31333333333,1,0,-1.090359888,-0.02108941081,0.4399457378,0.9872669798,-0.1009208917,0.1121770046,0.05035080835
941,31366666667,1,0,-1.089386423,-0.01972667943,0.44579599,0.9875042049,-0.1013548433,0.1112599504,0.04673183591
942,31400000000,1,0,-1.087176783,-0.02397795507,0.4539558471,0.987272599,-0.1059727841,0.1101840781,0.04384122851
943,31433333333,1,0,-1.084851854,-0.02837312542,0.4615503819,0.9872388383,-0.1080353974,0.1094198002,0.04141420458
944,31466666667,1,0,-1.083421872,-0.02851296107,0.4676814519,0.98746187,-0.1076976957,0.1089087702,0.03819870933
945,31500000000,1,1,-1.083593619,-0.03265544735,0.4747114656,0.9871423323,-0.1113275154,0.108935688,0.03590565393
946,31533333333,1,0,-1.081903835,-0.03844537517,0.482618645,0.987186663,-0.1140189973,0.1064701263,0.03355999044
947,31566666667,1,0,-1.080631703,-0.03720515652,0.4867889357,0.9878375739,-0.1117886579,0.1043647226,0.02807540184
948,31600000000,1,0,-1.08112243,-0.04001891203,0.4932509215,0.9877557754,-0.11385892,0.104000494,0.02363412178
949,31633333333,1,0,-1.083038602,-0.04201514563,0.4993759578,0.987947982,-0.1143368087,0.1022148473,0.02092854744
950,31666666667,1,0,-1.082116182,-0.04219530335,0.5037792404,0.9884265095,-0.1147216976,0.0978007425,0.01694054832
951,31700000000,1,0,-1.081397276,-0.04391554161,0.5091576432,0.9886173286,-0.1162066822,0.0949023444,0.01119507104
952,31733333333,1,1,-1.084963266,-0.04669158062,0.5148201498,0.9885794103,-0.1176613227,0.0939361228,0.006524379218
953,31766666667,1,0,-1.086776919,-0.04570973179,0.5194370493,0.9891573132,-0.116798301,0.08897856258,0.002963446137
954,31800000000,1,0,-1.084754796,-0.04966579368,0.5232689297,0.9893993417,-0.1201132983,0.08155244798,-0.003307019558
955,31833333333,1,0,-1.083662737,-0.05324550666,0.5291456419,0.9897004829,-0.1201894246,0.0770134339,-0.01078829558
956,31866666667,1,0,-1.085694613,-0.0501369438,0.5310219905,0.9903794292,-0.1152322629,0.07443023812,-0.01817282362
957,31900000000,1,0,-1.085693391,-0.05068309901,0.5348453755,0.9905950502,-0.1154481136,0.0694661875,-0.02382495489
958,31933333333,1,0,-1.084102373,-0.05290433163,0.5383860051,0.9907469474,-0.1154621358,0.06462441566,-0.03021036832
959,31966666667,1,1,-1.085999641,-0.05072511383,0.5409315183,0.9909240923,-0.1129423129,0.06282528521,-0.03696567079
960,32000000000,1,0,-1.087813619,-0.04961789749,0.5441390066,0.9909439604,-0.1131866765,0.05916791105,-0.04144878588
961,32033333333,1,0,-1.087791448,-0.05128384572,0.5481715431,0.9909573875,-0.1141263285,0.05405785858,-0.04534738336
962,32066666667,1,0,-1.088953077,-0.05040099065,0.5503004264,0.9912187972,-0.1121631434,0.04911036726,-0.04992892026
963,32100000000,1,0,-1.091429186,-0.04701432145,0.5514471015,0.9914562488,-0.1101792886,0.04462359728,-0.05370070447
964,32133333333,1,0,-1.0945521,-0.04622302107,0.5539493998,0.9915157008,-0.110826744,0.03903124185,-0.05559325531
965,32166666667,1,1,-1.094744948,-0.04607348979,0.5553789114,0.9915913318,-0.1121404094,0.03017618294,-0.05710129029
966,32200000000,1,0,-1.094460847,-0.04501942534,0.5567181253,0.9915870637,-0.1125123671,0.02380263752,-0.05940956771
967,32233333333,1,0,-1.098903101,-0.04211273264,0.5577074037,0.9915087886,-0.1127727154,0.01993270716,-0.06160620003
968,32266666667,1,0,-1.098195459,-0.04212939322,0.5596791878,0.9912182888,-0.1155436556,0.01079129524,-0.06339964989
969,32300000000,1,0,-1.097390535,-0.04217641657,0.560899576,0.99081463,-0.1166271874,0.004594853197,-0.06828876532
970,32333333333,1,0,-1.101746621,-0.03935581855,0.5614247955,0.9903755627,-0.1162312473,0.001860981238,-0.07512042836
971,32366666667,1,1,-1.106691186,-0.03550897997,0.5612026988,0.9898993143,-0.1172204285,-0.002453861378,-0.07970380899
972,32400000000,1,0,-1.110259055,-0.03249684721,0.5622844676,0.9892487405,-0.1205191534,-0.009699820965,-0.08226771293
973,32433333333,1,0,-1.109411347,-0.03675126262,0.5644393834,0.9879420007,-0.1272315137,-0.01964499046,-0.08600476395
974,32466666667,1,0,-1.110930048,-0.03715947174,0.5656226613,0.9871192977,-0.1278259805,-0.02531506486,-0.09281787729
975,32500000000,1,0,-1.115764466,-0.03381700571,0.5661011316,0.9864789462,-0.1259234715,-0.02916702314,-0.1007564035
976,32533333333,1,0,-1.121226446,-0.03296164506,0.5660813559,0.985565921,-0.1264182946,-0.03513217571,-0.1069764482
977,32566666667,1,1,-1.122222395,-0.02969371007,0.5659441506,0.9849809308,-0.1243850789,-0.04385018656,-0.1114364363
978,32600000000,1,0,-1.126153809,-0.02948908165,0.5669636856,0.9840636303,-0.1260061806,-0.04935321963,-0.1153493553
979,32633333333,1,0,-1.130527564,-0.03549578309,0.567180861,0.9828446529,-0.1286460625,-0.05690843468,-0.119281218
980,32666666667,1,0,-1.131825049,-0.03524600819,0.5666471944,0.9822615589,-0.1246373915,-0.06467142089,-0.1242793543
981,32700000000,1,0,-1.135354631,-0.03477754938,0.5668286332,0.9815679854,-0.1213433445,-0.07009411231,-0.1299495986
982,32733333333,1,0,-1.138775242,-0.0324321796,0.5659193805,0.9812218255,-0.1165910939,-0.07562496382,-0.1337576573
983,32766666667,1,1,-1.140122362,-0.02635319575,0.5664277462,0.9807434271,-0.1118615952,-0.08211799316,-0.1374261578
984,32800000000,1,0,-1.141578805,-0.02656551495,0.5669247214,0.979619971,-0.1126871576,-0.08891222045,-0.1405024343
985,32833333333,1,0,-1.144313034,-0.02863355962,0.5690747601,0.9786086173,-0.1128337035,-0.09398112163,-0.1440877449
986,32866666667,1,0,-1.145738953,-0.02500180996,0.5689082053,0.9778534852,-0.1086899943,-0.09922617188,-0.1488059588
987,32900000000,1,0,-1.149654511,-0.02222009259,0.5696280411,0.9768018208,-0.1083093151,-0.103209451,-0.1532158748
988,32933333333,1,0,-1.15309525,-0.0221743685,0.5707192456,0.9756993039,-0.1090627955,-0.108665795,-0.1559099739
989,32966666667,1,1,-1.156463429,-0.02099740708,0.5717522097,0.9745374096,-0.1089693979,-0.1140025932,-0.1593923348
990,33000000000,1,0,-1.160797529,-0.01936426766,0.5727802656,0.9731280685,-0.1089484141,-0.1204367462,-0.1632390748
991,33033333333,1,0,-1.162015667,-0.02023079053,0.5745179551,0.9709646636,-0.110333154,-0.1288733465,-0.1686590575
992,33066666667,1,0,-1.165029344,-0.01939281032,0.5765087676,0.9690275333,-0.1104142621,-0.1335076576,-0.1759830557
993,33100000000,1,0,-1.172344542,-0.01647865357,0.5780220377,0.9674721828,-0.1097874298,-0.1363504718,-0.1826276117
994,33133333333,1,0,-1.177994475,-0.01466174676,0.5789626502,0.9655690336,-0.1113726353,-0.1419335452,-0.1874231742
995,33166666667,1,1,-1.181045789,-0.01553495764,0.5831194893,0.9628979066,-0.1140364367,-0.1494155874,-0.1936447647
996,33200000000,1,0,-1.189937937,-0.01495780304,0.583735929,0.9612047155,-0.1124492353,-0.1541416624,-0.1992009347
997,33233333333,1,0,-1.193832985,-0.01112643711,0.5841438611,0.9589501781,-0.1108031893,-0.1621449856,-0.204563469
998,33266666667,1,0,-1.201056699,-0.01087938175,0.5866502956,0.9571966836,-0.1120962133,-0.1681408759,-0.207213884
999,33300000000,1,0,-1.207739115,-0.008512864785,0.587049424,0.9552153138,-0.1108628662,-0.1755306656,-0.2108604151
1000,33333333333,1,0,-1.212235431,-0.006508774148,0.5888953368,0.9520283103,-0.110585724,-0.185838727,-0.2165106501
1001,33366666667,1,1,-1.218508177,-0.007533722113,0.5893257234,0.9492478218,-0.1106989376,-0.1925742655,-0.2226869334
1002,33400000000,1,0,-1.226609976,-0.00436945296,0.5887289154,0.9468174151,-0.1080190238,-0.1995274943,-0.2281610221
1003,33433333333,1,0,-1.232664503,-0.003927301801,0.5902283001,0.9431998991,-0.1068283256,-0.2095912344,-0.2345915039
1004,33466666667,1,0,-1.238773598,-0.0005169275727,0.5882595578,0.9401133212,-0.1030042884,-0.2176682809,-0.2412417446
1005,33500000000,1,0,-1.245800312,-0.003880670066,0.5904536922,0.9362118728,-0.1046686003,-0.2271608879,-0.24688002
1006,33533333333,1,0,-1.251901663,-0.001856017884,0.5886209378,0.9336281159,-0.09862505785,-0.2344731293,-0.2522577864
1007,33566666667,1,1,-1.257306378,0.002803834008,0.5850446435,0.9310727268,-0.09451326763,-0.24139836,-0.2567053787
1008,33600000000,1,0,-1.261807751,0.00108244275,0.5866110585,0.9280657789,-0.09620302529,-0.2511201734,-0.2576384024
1009,33633333333,1,0,-1.269327264,0.000479758246,0.5863434049,0.925750274,-0.09461550727,-0.2582448821,-0.2595070652
1010,33666666667,1,0,-1.271832382,-0.002070898069,0.5880235554,0.9223554564,-0.09209677839,-0.268477076,-0.2621042827
1011,33700000000,1,0,-1.277437713,-0.0008762769561,0.5872994774,0.9207387121,-0.08757387293,-0.2741678833,-0.2634445153
1012,33733333333,1,1,-1.292045959,0.005337980205,0.579999246,0.9202702561,-0.08387183083,-0.2744920346,-0.2659366367
1013,33766666667,1,0,-1.294278738,0.003942674388,0.5819551133,0.9176118262,-0.08510447931,-0.2852511226,-0.2633962054
1014,33800000000,1,0,-1.300882478,0.004665788476,0.582232643,0.9155268985,-0.08456289546,-0.2916003413,-0.2638728021
1015,33833333333,1,0,-1.306893546,0.004543073797,0.5819787584,0.9126057883,-0.08391606703,-0.2996657719,-0.2651588091
1016,33866666667,1,0,-1.306395579,0.006697398946,0.5838425285,0.9090102102,-0.08126810509,-0.3102038455,-0.2662132738
1017,33900000000,1,0,-1.311198058,0.007790852097,0.582362569,0.9072029138,-0.08281965743,-0.3146822546,-0.2666436876
1018,33933333333,1,1,-1.322584142,0.01061626781,0.5810069288,0.905753058,-0.08539902445,-0.3170511701,-0.2679495476
1019,33966666667,1,0,-1.319535619,0.0107656435,0.5827988979,0.9019154789,-0.0879804203,-0.3254211648,-0.2700166291
1020,34000000000,1,0,-1.322899046,0.01321011911,0.5856260394,0.8987422252,-0.09263902555,-0.3270639854,-0.2769649311
1021,34033333333,1,0,-1.327996015,0.01529035977,0.5882346119,0.8950160307,-0.0951699314,-0.3285673007,-0.2862385681
1022,34066666667,1,0,-1.3313629,0.01644935511,0.5903512768,0.8911834555,-0.09693215481,-0.3309846715,-0.2946953565
1023,34100000000,1,0,-1.334950391,0.01899342609,0.5908319803,0.8886604436,-0.09878462146,-0.3323331984,-0.3001314041
1024,34133333333,1,1,-1.344778178,0.02138966836,0.5933004239,0.8865026867,-0.1027190426,-0.3325320942,-0.304933093
1025,34166666667,1,0,-1.34721443,0.02190092431,0.5962883547,0.8828007909,-0.1051804542,-0.3385028868,-0.3082460562
1026,34200000000,1,0,-1.350022555,0.02288494386,0.5991207918,0.879137053,-0.1059880372,-0.3431425687,-0.3132694616
1027,34233333333,1,0,-1.353649285,0.02493992821,0.5996229623,0.8761652003,-0.1064169205,-0.3479529402,-0.3161308785
1028,34266666667,1,0,-1.356069601,0.0257906118,0.6017853343,0.8714098032,-0.1069831431,-0.3572362182,-0.3187190714
1029,34300000000,1,0,-1.358037507,0.02583536473,0.6041291056,0.8667063369,-0.1080793699,-0.3655603619,-0.3217213035
1030,34333333333,1,1,-1.363157121,0.02786827189,0.6049808219,0.8631456744,-0.110021485,-0.3715899351,-0.3237216981
1031,34366666667,1,0,-1.365916053,0.02778353402,0.6067984969,0.8581176835,-0.112136704,-0.3805841242,-0.3259066204
1032,34400000000,1,0,-1.367106756,0.02758584059,0.6079349709,0.8531518392,-0.1137335394,-0.3886500212,-0.3288583012
1033,34433333333,1,0,-1.370462694,0.02859946393,0.6094792329,0.8477273329,-0.1142455876,-0.3965638659,-0.3332317736
1034,34466666667,1,0,-1.372437777,0.02861243001,0.6108857335,0.8418315505,-0.1128040447,-0.4054785163,-0.3379083618
1035,34500000000,1,0,-1.369867631,0.02877134147,0.6108656502,0.8365499167,-0.1132695541,-0.4155236259,-0.3386655596
1036,34533333333,1,1,-1.376325824,0.02727733068,0.6123783141,0.829797781,-0.1180124035,-0.4221372046,-0.345411198
1037,34566666667,1,0,-1.378213384,0.02789454844,0.6133320247,0.8228561475,-0.1156272556,-0.4313150466,-0.3514333918
1038,34600000000,1,0,-1.378238849,0.02789133753,0.6129416705,0.8162147082,-0.1141427652,-0.4394617498,-0.3572650972
1039,34633333333,1,0,-1.381768407,0.0296961498,0.6140654953,0.8106517014,-0.1140681365,-0.4460079509,-0.3618137462
1040,34666666667,1,0,-1.383019751,0.03124700398,0.6140327942,0.805660366,-0.110049075,-0.4542344221,-0.363966572
1041,34700000000,1,0,-1.382073832,0.03014823974,0.6143046052,0.7997316788,-0.1086402329,-0.4638768993,-0.3653009225
1042,34733333333,1,1,-1.386021353,0.03136113697,0.6140890719,0.7946403965,-0.1082340177,-0.4711807956,-0.3671793779
1043,34766666667,1,0,-1.387412168,0.03013370266,0.6132410241,0.7895039693,-0.1050057923,-0.4778681609,-0.3705391839
1044,34800000000,1,0,-1.386195411,0.02971475915,0.6122577297,0.7849443631,-0.1029351776,-0.4851724373,-0.3713144248
1045,34833333333,1,0,-1.38685412,0.02995640345,0.612642952,0.7797177723,-0.09988740141,-0.4921177739,-0.3740090899
1046,34866666667,1,0,-1.388940253,0.02941217451,0.6115703087,0.7751067249,-0.09581820157,-0.4958524426,-0.379682489
1047,34900000000,1,0,-1.389378454,0.03013874059,0.6114395349,0.7705134342,-0.08974708631,-0.502553264,-0.381699784
1048,34933333333,1,1,-1.391567758,0.02645374569,0.6069119292,0.7662385529,-0.08825601921,-0.5062766412,-0.3857114436
1049,34966666667,1,0,-1.390959003,0.02637030528,0.6065303234,0.76233365,-0.08719484444,-0.5125152934,-0.3854510854
1050,35000000000,1,0,-1.391816712,0.02726688576,0.6059109107,0.7587173136,-0.08258930777,-0.5178437364,-0.3864775659
1051,35033333333,1,0,-1.391404408,0.02426550281,0.6046137386,0.7544171656,-0.08043924524,-0.522688587,-0.3888198928
1052,35066666667,1,0,-1.390818678,0.02272460269,0.6038718859,0.7508618775,-0.08077435712,-0.5255819842,-0.39172123
1053,35100000000,1,0,-1.391360136,0.02296663187,0.6036721746,0.748331062,-0.07910355147,-0.527067442,-0.3948963933
1054,35133333333,1,1,-1.39031504,0.02145454695,0.6021177791,0.7464621037,-0.07849955542,-0.5277214374,-0.3976710098
1055,35166666667,1,0,-1.389274888,0.02163581994,0.6017273455,0.7451322131,-0.07935652308,-0.5284541096,-0.3990197757
1056,35200000000,1,0,-1.390419307,0.02408854422,0.6014422471,0.7450909943,-0.0777782833,-0.5291871062,-0.3984356354
1057,35233333333,1,0,-1.391034507,0.02059521808,0.5994204863,0.7440111693,-0.07824071122,-0.5275690893,-0.4024880459
1058,35266666667,1,0,-1.390932439,0.02151784698,0.5986408164,0.7471487473,-0.08054441514,-0.5233460821,-0.4017340227
1059,35300000000,1,0,-1.389842113,0.02535211322,0.598835973,0.7512861578,-0.07903262652,-0.5234844134,-0.3940647434
1060,35333333333,1,0,-1.388746345,0.02089300294,0.5967529326,0.7518058546,-0.08268357466,-0.5230258036,-0.3929317907
1061,35366666667,1,0,-1.387422394,0.0232437477,0.5953750974,0.7559014057,-0.08489301388,-0.5217126708,-0.3862928037
1062,35400000000,1,0,-1.386046144,0.02381622443,0.5943224494,0.7586319796,-0.08558848671,-0.521793216,-0.3806362703
1063,35433333333,1,1,-1.386814348,0.02594445551,0.588193263,0.761164677,-0.08334810296,-0.5198979389,-0.3786655006
1064,35466666667,1,0,-1.386057002,0.02589104442,0.5852371644,0.7629581785,-0.08174430488,-0.51864596,-0.377119417
1065,35500000000,1,0,-1.384302221,0.0281252789,0.5847161194,0.7654504538,-0.07998843121,-0.5198987305,-0.3706652986
1066,35533333333,1,0,-1.382946127,0.02656026284,0.5818840141,0.764682988,-0.08067471956,-0.5225140706,-0.368416291
1067,35566666667,1,0,-1.381617999,0.02726749372,0.5785317067,0.7668044669,-0.08203279989,-0.5215260643,-0.3650918974
1068,35600000000,1,0,-1.380405336,0.03112225701,0.5766448086,0.7691750279,-0.08281551399,-0.5237196879,-0.3566918215
1069,35633333333,1,1,-1.379526786,0.02997240161,0.5679002294,0.768368269,-0.08455419065,-0.5237075979,-0.3580379086
1070,35666666667,1,0,-1.378888543,0.03713212266,0.5620555556,0.7699865981,-0.07970165918,-0.5240181111,-0.3552088167
1071,35700000000,1,0,-1.375910811,0.0327898876,0.5559270222,0.7681397197,-0.08035029352,-0.5250992394,-0.3574576761
1072,35733333333,1,0,-1.373940745,0.03603711832,0.5517472758,0.7691032328,-0.08161095993,-0.5250498198,-0.3551655321
1073,35766666667,1,0,-1.372937258,0.03769121906,0.547836436,0.7684880674,-0.0818412022,-0.526400063,-0.3544447511
1074,35800000000,1,0,-1.370513517,0.03632834382,0.5432897598,0.7673867006,-0.08348802244,-0.5267882351,-0.3558673308
1075,35833333333,1,1,-1.371651523,0.04375763949,0.5321072681,0.7710691215,-0.08300139884,-0.5218688401,-0.3552690408
1076,35866666667,1,0,-1.370423948,0.04516031526,0.5269549574,0.7705194263,-0.0835294389,-0.5220367795,-0.3560902237
1077,35900000000,1,0,-1.367764685,0.04574096727,0.5211355396,0.7706585441,-0.08302274771,-0.5204223495,-0.3582641622
1078,35933333333,1,0,-1.365271707,0.04987909799,0.5166251415,0.7724810345,-0.08234644581,-0.5191199419,-0.3563798536
1079,35966666667,1,0,-1.36369471,0.04977956849,0.5103742923,0.7733580658,-0.08377129979,-0.5175895535,-0.3563716115
1080,36000000000,1,0,-1.361879946,0.05158499299,0.5053148157,0.7754959717,-0.08373102805,-0.5145624373,-0.3561188156
1081,36033333333,1,1,-1.358831684,0.05452163806,0.4984631337,0.7794141254,-0.08178785651,-0.5108153702,-0.3534006583
1082,36066666667,1,0,-1.355060348,0.05490897641,0.4929963068,0.7830082275,-0.08165119207,-0.5074057962,-0.3503862962
1083,36100000000,1,0,-1.352515859,0.05551696374,0.4878632367,0.7863930721,-0.08189909523,-0.5041171758,-0.3474828735
1084,36133333333,1,0,-1.351964749,0.05611708935,0.482623521,0.7903900589,-0.08074576043,-0.4999630334,-0.3446746903
1085,36166666667,1,0,-1.346431123,0.05587059705,0.4762325159,0.7940498604,-0.07818283999,-0.4972049122,-0.3408218567
1086,36200000000,1,0,-1.34380497,0.0575595232,0.4709086312,0.7985904168,-0.07748224648,-0.4938190011,-0.3352501183
1087,36233333333,1,1,-1.3459734,0.061370793,0.4680145155,0.8013960795,-0.07272303295,-0.4930206345,-0.3307662894
1088,36266666667,1,0,-1.334938214,0.05754020665,0.4588140593,0.8040866583,-0.06690529125,-0.4932868199,-0.3250176014
1089,36300000000,1,0,-1.329957461,0.05807825752,0.453361374,0.8084704242,-0.06635424067,-0.4892823512,-0.3202740525
1090,36333333333,1,0,-1.326624772,0.05751390337,0.4486547015,0.8125457744,-0.06597308662,-0.4877044205,-0.3123480663
1091,36366666667,1,0,-1.316528796,0.05558569766,0.4422920434,0.8142653522,-0.06609957113,-0.4869022311,-0.3090776604
1092,36400000000,1,0,-1.316899956,0.05679473899,0.4395613312,0.8171246206,-0.06566721698,-0.483488899,-0.306975008
1093,36433333333,1,1,-1.313143427,0.05714556844,0.432705848,0.819371124,-0.0624007864,-0.4802175363,-0.3068032281
1094,36466666667,1,0,-1.307871779,0.05665930668,0.4282146451,0.8219425182,-0.06021486668,-0.4776920221,-0.3042942632
1095,36500000000,1,0,-1.305570869,0.05814424976,0.4253362135,0.8248218713,-0.05954674823,-0.4750729087,-0.300713812
1096,36533333333,1,0,-1.302991265,0.05628870853,0.4208166122,0.8269758527,-0.05758469074,-0.4731602714,-0.2981850097
1097,36566666667,1,0,-1.298424303,0.05704556657,0.4173169596,0.8296333527,-0.05660217234,-0.470689769,-0.2948827489
1098,36600000000,1,0,-1.30285909,0.05864743466,0.4158995242,0.8320126474,-0.05322272257,-0.4683674124,-0.292496604
1099,36633333333,1,1,-1.292408156,0.05690944955,0.4099197611,0.8337997192,-0.04961104284,-0.468729671,-0.2874182809
1100,36666666667,1,0,-1.293779963,0.05841265934,0.4081271982,0.8362927319,-0.05011087255,-0.466940508,-0.2829663036
1101,36700000000,1,0,-1.292531191,0.05734845289,0.4042004961,0.8373291476,-0.04732140872,-0.4673509826,-0.2796848973
1102,36733333333,1,0,-1.286430362,0.05663022477,0.3994211182,0.8386676989,-0.04429516136,-0.4670271178,-0.2766949596
1103,36766666667,1,0,-1.284307338,0.05764878332,0.3957926614,0.8399947164,-0.04353080238,-0.4659790142,-0.2745496383
1104,36800000000,1,0,-1.281895172,0.0573433995,0.3923381137,0.8407804088,-0.04313482842,-0.4656227318,-0.2728060893
1105,36833333333,1,0,-1.277020147,0.05771124509,0.3877316124,0.8417726461,-0.04234838411,-0.463979494,-0.2726691325
1106,36866666667,1,1,-1.280533066,0.06086251935,0.3851601652,0.8435391132,-0.04105689844,-0.4602181114,-0.2737798121
1107,36900000000,1,0,-1.274702579,0.06037000125,0.3795847995,0.8445603902,-0.04059696385,-0.4595885631,-0.2717498602
1108,36933333333,1,0,-1.273257348,0.06026128316,0.3785357747,0.8453486799,-0.04333617357,-0.4577971126,-0.271899594
1109,36966666667,1,0,-1.274413406,0.06140582892,0.3765407031,0.8471056015,-0.04206688057,-0.4544321617,-0.2722753899
1110,37000000000,1,0,-1.271389484,0.06260058131,0.3713454033,0.8496114008,-0.04057404019,-0.4506141443,-0.2710370966
1111,37033333333,1,0,-1.271276638,0.06406745674,0.3688364518,0.8522229232,-0.04341306098,-0.4473409533,-0.2678011701
1112,37066666667,1,0,-1.273686207,0.06553840662,0.3672272182,0.8540783619,-0.04442041173,-0.4451967171,-0.265286377
1113,37100000000,1,1,-1.271243148,0.06777255844,0.3631090142,0.8560399094,-0.04197201572,-0.4421938137,-0.264383537
1114,37133333333,1,0,-1.27059242,0.06738860522,0.3612434209,0.8581025774,-0.04317797396,-0.4392107909,-0.2624681132
1115,37166666667,1,0,-1.272268749,0.06953044535,0.3555520934,0.8607962266,-0.04365615875,-0.4358244781,-0.2591930175
1116,37200000000,1,0,-1.272665862,0.07199831815,0.3512035551,0.862838063,-0.045240239,-0.4334413571,-0.2561101086
1117,37233333333,1,0,-1.274745337,0.07325493119,0.3483730207,0.8646026177,-0.04597917725,-0.4297233105,-0.2562930063
1118,37266666667,1,0,-1.278457363,0.07523870717,0.3442516559,0.8671382121,-0.04359130239,-0.4248600029,-0.2562520193
1119,37300000000,1,1,-1.278592352,0.07989821539,0.3358904744,0.8696319325,-0.04053842345,-0.4206625981,-0.2552252276
1120,37333333333,1,0,-1.278639894,0.08244605412,0.329627954,0.8726180168,-0.0444215139,-0.4180497068,-0.2485939834
1121,37366666667,1,0,-1.28136669,0.08522639241,0.3246167236,0.8751975409,-0.04843888669,-0.415433545,-0.2431006137
1122,37400000000,1,0,-1.282583335,0.08754282202,0.3190664216,0.8772811744,-0.04861065315,-0.4121434732,-0.2411483009
1123,37433333333,1,0,-1.283450554,0.0918910228,0.3124413269,0.8800387134,-0.04818561132,-0.4082838819,-0.2377273261
1124,37466666667,1,0,-1.283878699,0.09607695217,0.3058897908,0.8821397675,-0.0486800186,-0.4050145728,-0.2354206495
1125,37500000000,1,1,-1.288534213,0.1003852437,0.3015613697,0.8842068152,-0.04764667205,-0.4010129256,-0.2347269397
1126,37533333333,1,0,-1.287572025,0.1049937765,0.2939043316,0.8869622122,-0.045971134,-0.3964425073,-0.2324177862
1127,37566666667,1,0,-1.290048232,0.1093780837,0.2855982759,0.8891953039,-0.04703548258,-0.392470939,-0.230403856
1128,37600000000,1,0,-1.290243234,0.1128647564,0.277856454,0.8908754828,-0.04865899884,-0.3894476352,-0.2287000553
1129,37633333333,1,0,-1.295229126,0.1156523518,0.272142868,0.8926463036,-0.04901464387,-0.3852449873,-0.2288371496
1130,37666666667,1,0,-1.296097721,0.1191991225,0.2626204795,0.8940878128,-0.04753588147,-0.3823702339,-0.2283425653
1131,37700000000,1,1,-1.299865868,0.123056517,0.2557421484,0.895346549,-0.04748590103,-0.3799157611,-0.227516287
1132,37733333333,1,0,-1.303596278,0.1243129727,0.2498578098,0.8959868045,-0.04651368273,-0.3784357504,-0.2276631423
1133,37766666667,1,0,-1.305353974,0.1263299234,0.2414390286,0.8971210263,-0.04303005043,-0.3768402493,-0.2265252867
1134,37800000000,1,0,-1.304752887,0.1299567528,0.231337195,0.8984149371,-0.04184510855,-0.3756033291,-0.2236553753
1135,37833333333,1,0,-1.309112023,0.1323033326,0.2249812516,0.8995328761,-0.04391146556,-0.3750227258,-0.2197051276
1136,37866666667,1,0,-1.307762776,0.1326018821,0.2169934781,0.899873544,-0.04360627157,-0.375367475,-0.2177736361
1137,37900000000,1,1,-1.308821399,0.1354289944,0.2110691408,0.9010326993,-0.04299966819,-0.372486542,-0.2180478833
1138,37933333333,1,0,-1.310813613,0.1375649261,0.1972763807,0.9026575232,-0.04015199017,-0.3697326925,-0.2165524175
1139,37966666667,1,0,-1.312242963,0.1390227984,0.1916056027,0.9039573544,-0.03967528061,-0.3665092526,-0.2166978112
1140,38000000000,1,0,-1.314237992,0.1408485012,0.1850575818,0.9056868644,-0.03899898828,-0.3629383541,-0.2156064322
1141,38033333333,1,0,-1.313402241,0.1439170334,0.1765470034,0.9074889959,-0.03886358602,-0.3597388102,-0.213404153
1142,38066666667,1,0,-1.313339042,0.1455014995,0.1701410615,0.9094289078,-0.04020086711,-0.3558067288,-0.2114817339
1143,38100000000,1,1,-1.316678485,0.1473289075,0.1666414514,0.9116888739,-0.04020485617,-0.3504695322,-0.2106610399
1144,38133333333,1,0,-1.31710248,0.1505487584,0.1577698904,0.9136221824,-0.03836927976,-0.3465301712,-0.2091390608
1145,38166666667,1,0,-1.315057197,0.1556191553,0.1482266455,0.9157233262,-0.03821151629,-0.3419337796,-0.2075378525
1146,38200000000,1,0,-1.320599634,0.1577489288,0.1442307065,0.917970924,-0.03969995031,-0.3364960291,-0.2062128002
1147,38233333333,1,0,-1.320172344,0.16206934,0.1339672295,0.9198331748,-0.03707268683,-0.3323754398,-0.2050831868
1148,38266666667,1,0,-1.319896312,0.1677679846,0.1247357714,0.9220997954,-0.03687106105,-0.3269138999,-0.2037149831
1149,38300000000,1,1,-1.324931802,0.1706244556,0.1178247435,0.9238800292,-0.03678734827,-0.3221496384,-0.2032535192
1150,38333333333,1,0,-1.32325735,0.1745211085,0.1078408649,0.9253376364,-0.03370125861,-0.3186047743,-0.2027448684
1151,38366666667,1,0,-1.327123048,0.1801258063,0.09862923012,0.9276961981,-0.03167183544,-0.3131302416,-0.2008136215
1152,38400000000,1,0,-1.328857177,0.1843045346,0.08733753061,0.9297273308,-0.03049856299,-0.310601043,-0.1954582313
1153,38433333333,1,0,-1.32927633,0.1905761575,0.07549390096,0.9315378813,-0.03092307987,-0.3077319013,-0.1912642561
1154,38466666667,1,0,-1.333669411,0.1937125818,0.06890449653,0.9325958103,-0.03144574906,-0.3055921964,-0.1894455831
1155,38500000000,1,1,-1.333894377,0.200154409,0.05665038378,0.9340520799,-0.02898804347,-0.3021740039,-0.1881416399
1156,38533333333,1,0,-1.337176037,0.2060704688,0.04442022458,0.9355633277,-0.03007739453,-0.298802966,-0.1858316379
1157,38566666667,1,0,-1.340025426,0.2106815628,0.03845824742,0.9361610171,-0.03184953471,-0.297844857,-0.1840559654
1158,38600000000,1,0,-1.341110704,0.2149161116,0.03358692785,0.9371763418,-0.03111245907,-0.2948549957,-0.1838288625
1159,38633333333,1,0,-1.345182868,0.2187754024,0.02559724877,0.9386518807,-0.0300728015,-0.290364431,-0.1836212695
1160,38666666667,1,0,-1.347146392,0.2231850479,0.01614265311,0.9398656277,-0.02981196229,-0.2876946276,-0.1816470479
1161,38700000000,1,1,-1.349934725,0.2257293598,0.01059517224,0.9412290595,-0.03019383187,-0.2848735407,-0.1789504285
1162,38733333333,1,0,-1.352382873,0.2279210323,0.006181523689,0.9427277753,-0.02951002723,-0.2812954418,-0.1768230032
1163,38766666667,1,0,-1.354280488,0.230920546,-0.001906760692,0.9444792431,-0.02845436231,-0.2775973366,-0.1734618902
1164,38800000000,1,0,-1.355770907,0.2350583349,-0.0087349584,0.9464286809,-0.02935831864,-0.2738612254,-0.1685552444
1165,38833333333,1,0,-1.358226149,0.2365402438,-0.01195556783,0.9482409457,-0.03077923598,-0.2699863297,-0.1643141177
1166,38866666667,1,0,-1.361146727,0.2380823223,-0.0136317959,0.9501423835,-0.03021622516,-0.2650481494,-0.1614494017
1167,38900000000,1,1,-1.363109815,0.2413870249,-0.02082321395,0.9521221295,-0.02833255216,-0.2590673842,-0.1598274304
1168,38933333333,1,0,-1.367647618,0.244145317,-0.02625813126,0.9540207449,-0.02929238704,-0.2543348778,-0.1558850354
1169,38966666667,1,0,-1.37003743,0.2466599787,-0.03026864214,0.9554070508,-0.02953414659,-0.2513879619,-0.1520828527
1170,39000000000,1,0,-1.371660168,0.2483863131,-0.03277777655,0.9568079694,-0.02873742659,-0.2466281874,-0.1512190701
1171,39033333333,1,0,-1.376780242,0.2502316001,-0.03812567654,0.9585131916,-0.02701112991,-0.2405607226,-0.1505104621
1172,39066666667,1,0,-1.379709539,0.253581161,-0.04387208411,0.9598961028,-0.02573262509,-0.2363313174,-0.1486095971
1173,39100000000,1,1,-1.384058882,0.256824233,-0.04553980311,0.9614100362,-0.02534076016,-0.2312386572,-0.1468920408
1174,39133333333,1,0,-1.389677627,0.2561522994,-0.04890683648,0.963051881,-0.0246642417,-0.2259779359,-0.1444185658
1175,39166666667,1,0,-1.393026496,0.2584766171,-0.05506776959,0.9645792179,-0.02273137637,-0.2213889564,-0.1416232566
1176,39200000000,1,0,-1.397738585,0.2611393412,-0.06053527743,0.9662211174,-0.02188424059,-0.2162638615,-0.1384477321
1177,39233333333,1,0,-1.404251353,0.2624908784,-0.06047538885,0.967834171,-0.02103143224,-0.2114870275,-0.1346400142
1178,39266666667,1,0,-1.409336404,0.2650057856,-0.06530344787,0.9694578236,-0.01873868442,-0.2066319284,-0.130780871
1179,39300000000,1,1,-1.414725705,0.2671151551,-0.06648182623,0.9707499726,-0.01628708376,-0.2015752664,-0.1294087845
1180,39333333333,1,0,-1.421510046,0.2666637728,-0.0687117507,0.9723949053,-0.01312813531,-0.1958277511,-0.1262033762
1181,39366666667,1,0,-1.42542722,0.2694912686,-0.07728663949,0.974051438,-0.009401434576,-0.1909375189,-0.1211539228
1182,39400000000,1,0,-1.431031036,0.2727448106,-0.08229838771,0.9757796549,-0.009137633246,-0.185911813,-0.1149233073
1183,39433333333,1,0,-1.437900035,0.2746100266,-0.08599218348,0.9772294354,-0.009083478856,-0.1814775133,-0.1095720452
1184,39466666667,1,0,-1.441169922,0.2783688175,-0.09303318424,0.9785015417,-0.008932468081,-0.1771252351,-0.1052691553
1185,39500000000,1,1,-1.448323756,0.2828277479,-0.09755767335,0.9798051132,-0.01130942438,-0.172091632,-0.1011855095
1186,39533333333,1,0,-1.456387839,0.2837151086,-0.0971302362,0.9807432356,-0.01269590048,-0.1686521864,-0.09766247954
1187,39566666667,1,0,-1.458555964,0.2880542442,-0.105065441,0.9814521928,-0.01108513766,-0.1648122884,-0.09729143067
1188,39600000000,1,0,-1.46622227,0.2894066525,-0.1089660614,0.982535031,-0.01369812523,-0.1592874662,-0.09520912403
1189,39633333333,1,0,-1.474537259,0.289794198,-0.110530269,0.9832347014,-0.01590461713,-0.1572947155,-0.09085668751
1190,39666666667,1,0,-1.477904168,0.292978583,-0.1159154657,0.983687174,-0.01629527081,-0.1554498769,-0.08904686211
1191,39700000000,1,1,-1.484846336,0.2930355644,-0.1119994679,0.9842678368,-0.01762319991,-0.1519672798,-0.08838661733
1192,39733333333,1,0,-1.491686083,0.292138158,-0.1153083024,0.9847473177,-0.01723610633,-0.1496832518,-0.08700897086
1193,39766666667,1,0,-1.495940916,0.2940574968,-0.1245509139,0.9853133577,-0.01742756599,-0.1476181196,-0.08404021533
1194,39800000000,1,0,-1.502824074,0.2947077994,-0.1230741527,0.9858690351,-0.01884836396,-0.1449681487,-0.08179988142
1195,39833333333,1,0,-1.508807693,0.2942016524,-0.1254311118,0.9863562761,-0.0172416073,-0.1420927801,-0.08132444581
1196,39866666667,1,0,-1.513773309,0.2964563355,-0.1323295958,0.9868874749,-0.01585633561,-0.1390864058,-0.08035334559
1197,39900000000,1,0,-1.519985757,0.2977577269,-0.1352544273,0.9875868789,-0.01705047189,-0.1356332629,-0.07736314384
1198,39933333333,1,0,-1.527380258,0.2981349734,-0.1352631079,0.9881917161,-0.01766934519,-0.132653744,-0.0746184334
1199,39966666667,1,1,-1.529708099,0.3000342736,-0.136297322,0.9885539282,-0.01692827816,-0.1302660876,-0.07419778212
1200,40000000000,1,0,-1.537588935,0.3011117487,-0.1391626832,0.9893484283,-0.01673959459,-0.1247223427,-0.07316973841
1201,40033333333,1,0,-1.545007159,0.3004540414,-0.1424860367,0.9899461243,-0.01709234894,-0.1212871391,-0.07073862082
1202,40066666667,1,0,-1.55102797,0.3040776779,-0.1454394122,0.9905536697,-0.01657856176,-0.1178467212,-0.06812289711
1203,40100000000,1,0,-1.556626903,0.3033078442,-0.1418026126,0.9911163997,-0.01575230956,-0.1133307782,-0.06779588269
1204,40133333333,1,0,-1.565689168,0.3051163366,-0.1472116496,0.9920054073,-0.01326285905,-0.1070219566,-0.06554135528
1205,40166666667,1,1,-1.574993733,0.306815297,-0.14890639,0.9927352711,-0.01136585258,-0.1022716953,-0.06235382357
1206,40200000000,1,0,-1.581891016,0.30753957,-0.1485395964,0.9934620313,-0.008173299684,-0.0971814352,-0.05934777365
1207,40233333333,1,0,-1.590388801,0.3077304914,-0.1514451411,0.9942594364,-0.002962966117,-0.09060746477,-0.05683028433
1208,40266666667,1,0,-1.598453082,0.3096593092,-0.1594580451,0.9951090188,0.0009840474849,-0.08441356114,-0.05129739775
1209,40300000000,1,0,-1.60790716,0.3098569713,-0.1592757562,0.9958832968,0.003422206446,-0.07901959824,-0.04427923527
1210,40333333333,1,0,-1.615493331,0.3106574928,-0.1645287974,0.9964777489,0.007393021626,-0.07425379158,-0.03825981813
1211,40366666667,1,1,-1.626336603,0.3121546913,-0.1708727495,0.9970293865,0.009430563058,-0.06880540648,-0.03330589937
1212,40400000000,1,0,-1.635047384,0.3144700859,-0.1757901143,0.9974185434,0.01026252647,-0.065186075,-0.02831440482
1213,40433333333,1,0,-1.651304818,0.3183322044,-0.178894743,0.997847359,0.01290882475,-0.05647855291,-0.03072756765
1214,40466666667,1,0,-1.659774164,0.3201149357,-0.1810744315,0.998062257,0.01368488269,-0.05057773533,-0.03356110646
1215,40500000000,1,0,-1.669874151,0.3191352169,-0.1817699691,0.9982865554,0.01404799799,-0.04595944513,-0.03338167911
1216,40533333333,1,0,-1.678100759,0.322385014,-0.1871489451,0.9984592368,0.01485559692,-0.04324898732,-0.03143229047
1217,40566666667,1,1,-1.686760312,0.323320776,-0.1882746485,0.9987289928,0.01337307278,-0.0395133454,-0.02828878716
1218,40600000000,1,0,-1.694706493,0.322839565,-0.1884725277,0.9989451621,0.01302297493,-0.03579490889,-0.02564546093
1219,40633333333,1,0,-1.701654907,0.3260655626,-0.1898076366,0.9991069601,0.01273953615,-0.03162823666,-0.02495277887
1220,40666666667,1,0,-1.709762578,0.3252546893,-0.1865000578,0.9992879829,0.01155907623,-0.02573711221,-0.02505027154
1221,40700000000,1,0,-1.719627052,0.3241539021,-0.1869382425,0.9994256165,0.01196569336,-0.02104693744,-0.02371256404
1222,40733333333,1,0,-1.728064921,0.3238690872,-0.1864026688,0.9995055601,0.01246225254,-0.01785790748,-0.02268088892
1223,40766666667,1,1,-1.736909003,0.3228911629,-0.1826916354,0.99956825,0.01364274801,-0.0139018027,-0.02199838449
1224,40800000000,1,0,-1.745454869,0.32182877,-0.1824661033,0.9995911091,0.01598666129,-0.01025740304,-0.02137350855
1225,40833333333,1,0,-1.753833683,0.3220903735,-0.1828441345,0.9995936821,0.01780665991,-0.006701104869,-0.02122472055
1226,40866666667,1,0,-1.762610355,0.3204827968,-0.1808582124,0.9996281717,0.01866595062,-0.002476056077,-0.01972231742
1227,40900000000,1,0,-1.770892596,0.3206153435,-0.1793014956,0.9996295643,0.0201040204,0.001378114314,-0.01829380612
1228,40933333333,1,0,-1.778537693,0.3187321012,-0.1764267577,0.9996134751,0.02054696337,0.006214034572,-0.01766659436
1229,40966666667,1,1,-1.790085814,0.3165921513,-0.1727522681,0.9995694449,0.02174340518,0.01169955001,-0.01585148779
1230,41000000000,1,0,-1.797444008,0.314082264,-0.1701950544,0.9994952629,0.02346378378,0.01560950926,-0.01466333598
1231,41033333333,1,0,-1.805811881,0.3124989236,-0.1656816531,0.9993813682,0.02530544228,0.02041251265,-0.01341062294
1232,41066666667,1,0,-1.812767305,0.3076614757,-0.1617475043,0.9992240709,0.02801725653,0.02562142414,-0.01048008057
1233,41100000000,1,0,-1.822996183,0.3077147269,-0.1627895087,0.999050152,0.03048465232,0.03068206344,-0.005300061572
1234,41133333333,1,0,-1.830822394,0.3040815227,-0.157252423,0.9989439869,0.03057120824,0.03419053807,0.002705441388
1235,41166666667,1,1,-1.834899899,0.298301903,-0.1513293177,0.9987094197,0.03287668628,0.03803942841,0.007184730187
1236,41200000000,1,0,-1.843252726,0.2963382016,-0.1539989395,0.998344842,0.03519738401,0.044176547,0.0108237408
1237,41233333333,1,0,-1.851983361,0.2907838901,-0.1472185747,0.9980475209,0.03586947652,0.04861115857,0.01585818417
1238,41266666667,1,0,-1.856951023,0.2865827134,-0.1431795732,0.9977176728,0.03957255306,0.05146417948,0.0185713929
1239,41300000000,1,0,-1.863392042,0.2835486902,-0.1444428093,0.9973203941,0.04197242978,0.05648368376,0.01999850533
1240,41333333333,1,0,-1.872844102,0.2784343203,-0.1428495943,0.9969188722,0.04268112492,0.06126584869,0.02403288756
1241,41366666667,1,0,-1.879461398,0.2729927248,-0.1403871987,0.9966054019,0.04428731885,0.06362570261,0.0277141897
1242,41400000000,1,1,-1.879924091,0.2704421002,-0.1410128283,0.9963426734,0.04607043324,0.06576417066,0.02922098955
1243,41433333333,1,0,-1.888005488,0.2638655829,-0.1384934111,0.9958300302,0.04610779998,0.07212446043,0.03153861061
1244,41466666667,1,0,-1.895117015,0.2581710004,-0.1361402008,0.9953291958,0.04901711328,0.07532651396,0.03525664232
1245,41500000000,1,0,-1.898903708,0.2587305291,-0.1389894386,0.9949125008,0.05037928013,0.07854527308,0.03796951372
1246,41533333333,1,0,-1.904180012,0.2536493819,-0.1348322005,0.9943344218,0.04723111731,0.08539967915,0.04213281399
1247,41566666667,1,0,-1.913485005,0.247728763,-0.1278787372,0.9936562619,0.04708485989,0.09117941618,0.04600612246
1248,41600000000,1,1,-1.915430428,0.2507793964,-0.1325578214,0.9933456017,0.04743479299,0.09330658355,0.04804516139
1249,41633333333,1,0,-1.919245445,0.2484252709,-0.1273627311,0.9926148503,0.04249092061,0.1016145582,0.05084055703
1250,41666666667,1,0,-1.927679053,0.2440879176,-0.1192230354,0.9918438318,0.04146856774,0.107899429,0.05370181019
1251,41700000000,1,0,-1.930816068,0.2449804738,-0.1218357835,0.991418047,0.04007449008,0.1118676816,0.05449691017
1252,41733333333,1,1,-1.935498438,0.2468881384,-0.1191967463,0.9901706049,0.031105747,0.1229032194,0.05907118004
1253,41766666667,1,1,-1.943803476,0.2320734249,-0.08414040328,0.988614692,0.02556077818,0.1361075959,0.05884181932
1254,41800000000,1,0,-1.945130538,0.2341824058,-0.09121304924,0.9876861838,0.03225411867,0.1431169467,0.05434347938
1255,41833333333,1,0,-1.948729644,0.2382497218,-0.09437034226,0.9860943224,0.02967914013,0.152924711,0.05788927973
1256,41866666667,1,0,-1.965589002,0.2289488584,-0.07715933349,0.9836468199,0.02446025525,0.16564131,0.06635952137
1257,41900000000,1,0,-1.973022868,0.2257179984,-0.07258073026,0.982374292,0.02590155544,0.1700193018,0.0732345327
1258,41933333333,1,0,-1.977368764,0.2250419327,-0.07400334813,0.9809939314,0.02474784778,0.1761102468,0.07761205839
1259,41966666667,1,1,-1.992045062,0.2141719381,-0.0618793759,0.9787622283,0.02144863645,0.1876987672,0.07958410184
1260,42000000000,1,0,-2.000469244,0.2161649015,-0.06216932527,0.9771537014,0.02393287401,0.1935485984,0.08447959188
1261,42033333333,1,0,-2.005390794,0.2169745957,-0.06619672945,0.975798802,0.0198961681,0.1973325061,0.09209083837
1262,42066666667,1,0,-2.014733123,0.2137118151,-0.05576106831,0.9738725746,0.01383924023,0.2046329549,0.09749891123
1263,42100000000,1,0,-2.020132132,0.2142664186,-0.04982957933,0.9727364781,0.01016776524,0.2096979836,0.09852469945
1264,42133333333,1,0,-2.02534847,0.2126040098,-0.04629988173,0.9716222686,0.004741035633,0.2164904661,0.09518176247
1265,42166666667,1,1,-2.035652348,0.2121415267,-0.0350436657,0.969609589,0.0009959078171,0.2257500326,0.09430363683
1266,42200000000,1,0,-2.043262097,0.2100630854,-0.02889825586,0.9683828487,-0.001758341586,0.2304494479,0.09552286956
1267,42233333333,1,0,-2.04882753,0.2098402097,-0.02603527373,0.967285737,-0.004134953539,0.2339245746,0.09808413992
1268,42266666667,1,0,-2.054130469,0.2083978736,-0.01979789887,0.9656535659,-0.007466549907,0.2383447113,0.1031951547
1269,42300000000,1,0,-2.058688654,0.2063741849,-0.01208315207,0.9644428444,-0.008925694384,0.2416153384,0.1067349992
1270,42333333333,1,0,-2.060914114,0.2031404876,-0.007583618446,0.9634949219,-0.01060070974,0.2450063611,0.1074106301
1271,42366666667,1,1,-2.0656037,0.2022499601,0.005030328768,0.96166944,-0.01034658326,0.2519752864,0.107672148
1272,42400000000,1,0,-2.071694256,0.1989513651,0.01255161925,0.9603205247,-0.009354499886,0.2563618927,0.1094329165
1273,42433333333,1,0,-2.074414533,0.1957724091,0.01628013977,0.9593561678,-0.008146625878,0.2587889035,0.1122393835
1274,42466666667,1,0,-2.077534839,0.1924259996,0.02055578957,0.9579433581,-0.007254945563,0.2632889103,0.1138895879
1275,42500000000,1,0,-2.081657621,0.1893377534,0.02700187155,0.9561958643,-0.006215212333,0.2684689053,0.1165130342
1276,42533333333,1,0,-2.086306522,0.1857803076,0.03322243,0.9546581856,-0.004220062219,0.2722647481,0.1203405446
1277,42566666667,1,1,-2.08901798,0.184142222,0.03974595268,0.9536052182,-0.003444205232,0.2749287867,0.1226351802
1278,42600000000,1,0,-2.089099571,0.1781626463,0.04878682071,0.9520907864,-0.004720824476,0.2797102574,0.1235435962
1279,42633333333,1,0,-2.093191833,0.1756869784,0.054222714,0.9504156891,-0.002942591819,0.2850092313,0.1243828651
1280,42666666667,1,0,-2.09522871,0.1716864241,0.06134778291,0.9490328253,-0.003637563449,0.2887127919,0.1263660892
1281,42700000000,1,0,-2.096130551,0.166111696,0.06915133866,0.9474881137,-0.004127383282,0.2928440341,0.1284196664
1282,42733333333,1,0,-2.096774353,0.1595387223,0.07827904557,0.9459126429,-0.003639623537,0.2974412459,0.1294786873
1283,42766666667,1,1,-2.097834867,0.1531680603,0.08573629303,0.9440737046,-0.001707485844,0.3020679267,0.1322001987
1284,42800000000,1,0,-2.100701258,0.1505965174,0.090301153,0.9418163902,-0.0003806630692,0.3062826576,0.1384654321
1285,42833333333,1,0,-2.102204101,0.1461184865,0.09946224178,0.9396349319,-0.0009883642282,0.3092404204,0.1464772349
1286,42866666667,1,0,-2.102658402,0.1391953791,0.1077250487,0.9383449086,-0.001009319417,0.3111077296,0.1507308671
1287,42900000000,1,0,-2.103384929,0.1342153896,0.1115825721,0.9370296733,0.0001388937413,0.3131939934,0.1545473861
1288,42933333333,1,0,-2.105581316,0.1307906659,0.1173918484,0.9350811365,-0.0001129716195,0.316363615,0.159804
1289,42966666667,1,1,-2.10707513,0.1238975416,0.1290149169,0.9333051603,-0.0009713836013,0.3192254181,0.1644252616
1290,43000000000,1,0,-2.106230067,0.118148265,0.1326135152,0.9325079198,7.38508311e-05,0.3203462663,0.1667550411
1291,43033333333,1,0,-2.106628215,0.1171967187,0.1357960811,0.930815854,-0.001068636055,0.3239960962,0.1691367305
1292,43066666667,1,0,-2.107207621,0.1110433683,0.146895505,0.9282914161,-0.003879402715,0.3290627137,0.1731407737
1293,43100000000,1,0,-2.108784706,0.1086512933,0.1516304991,0.9270848499,-0.003295315876,0.3309891791,0.1759232369
1294,43133333333,1,0,-2.107221619,0.1061088332,0.1553708286,0.9259574617,-0.006652126359,0.333251012,0.1774888484
1295,43166666667,1,1,-2.107133778,0.1005769549,0.1667449171,0.9238264791,-0.009518320188,0.3386392355,0.1782624645
1296,43200000000,1,0,-2.107916922,0.09694241557,0.1719676497,0.9222936128,-0.009781231577,0.3425516479,0.1787097869
1297,43233333333,1,0,-2.109826735,0.09530712849,0.1770153744,0.9205653455,-0.01036721639,0.3460490962,0.1808369115
1298,43266666667,1,0,-2.109841161,0.09221083053,0.18498387,0.9190617253,-0.01211155843,0.3490293992,0.1826399016
1299,43300000000,1,0,-2.111179923,0.08979724559,0.1887831053,0.9174278884,-0.01337687475,0.3524867434,0.1841201362
1300,43333333333,1,0,-2.113523882,0.08851691941,0.1967390875,0.9154424575,-0.01549587924,0.3568264245,0.1854720666
1301,43366666667,1,1,-2.115345382,0.08528957216,0.2053734094,0.9140283895,-0.01719487555,0.3596947051,0.1867515961
1302,43400000000,1,0,-2.117493736,0.08398673709,0.2084241701,0.9128103282,-0.01774862779,0.3618989155,0.1883917883
1303,43433333333,1,0,-2.119849122,0.08167533408,0.2154593449,0.9107696657,-0.02097169296,0.366211802,0.1895988404
1304,43466666667,1,0,-2.121824352,0.07935148139,0.2250240754,0.9086617922,-0.02205318583,0.3703259362,0.1915883748
1305,43500000000,1,0,-2.125987092,0.07875849927,0.2282508296,0.9069773825,-0.02182568725,0.3729586977,0.1944671614
1306,43533333333,1,0,-2.12874279,0.07737733966,0.235897017,0.9050513052,-0.02495136749,0.3759363935,0.1973103958
1307,43566666667,1,1,-2.13063338,0.07269339234,0.2475943059,0.9030666865,-0.02655835943,0.3796936367,0.1989923501
1308,43600000000,1,0,-2.135073905,0.07187029502,0.251493408,0.9014292741,-0.02545665231,0.3831158288,0.1999987112
1309,43633333333,1,0,-2.139924645,0.07043885132,0.2605297407,0.8992141073,-0.02596627082,0.3872236396,0.2019841453
1310,43666666667,1,0,-2.144794958,0.06674218539,0.2678730395,0.8973703726,-0.02460780662,0.3895428932,0.2058572433
1311,43700000000,1,0,-2.151152844,0.06606643707,0.2712450514,0.8960437382,-0.02241303122,0.3906383516,0.2097735769
1312,43733333333,1,0,-2.156121602,0.06295061864,0.2778999024,0.8939872119,-0.02192071286,0.3933563104,0.2134880801
1313,43766666667,1,1,-2.163431821,0.06050687472,0.2847539706,0.8924710906,-0.01982541727,0.3951760105,0.2166523161
1314,43800000000,1,0,-2.170974666,0.06087212281,0.286330021,0.8912043056,-0.01903836306,0.3959802285,0.2204361247
1315,43833333333,1,0,-2.17573118,0.05723698372,0.2946119085,0.889077465,-0.02194433167,0.3984911852,0.2241974194
1316,43866666667,1,0,-2.181267883,0.05444474915,0.3005847205,0.887779521,-0.02195163483,0.4010675532,0.2247453351
1317,43900000000,1,0,-2.188797091,0.05440538287,0.3049848829,0.8860057606,-0.02253590684,0.4049409541,0.2247415157
1318,43933333333,1,0,-2.194148407,0.05246118786,0.3145488992,0.8837103206,-0.02398870928,0.4087723681,0.2266842787
1319,43966666667,1,1,-2.199827475,0.05081711284,0.3199637836,0.8821970819,-0.02210634851,0.4101104335,0.2303237945
1320,44000000000,1,0,-2.206640384,0.05003251117,0.3226939825,0.8807913841,-0.02230973329,0.4114485143,0.2332786609
1321,44033333333,1,0,-2.210937427,0.04675576843,0.3314497682,0.8782735812,-0.02368393785,0.4149726176,0.2363732522
1322,44066666667,1,0,-2.217059317,0.04426340873,0.3381737348,0.87674951,-0.02209572473,0.4171046606,0.2384235259
1323,44100000000,1,0,-2.223035931,0.04255498301,0.340471004,0.8758999132,-0.0220207544,0.417968257,0.2400353401
1324,44133333333,1,0,-2.226696119,0.03940958558,0.3471897894,0.8744861379,-0.02367807114,0.4206843336,0.2402874011
1325,44166666667,1,1,-2.230068919,0.03817080701,0.3523052158,0.8737057771,-0.02269143985,0.4221655153,0.240623339
1326,44200000000,1,0,-2.235934453,0.03661384133,0.3559105283,0.8725288264,-0.02213160394,0.4231695877,0.243168952
1327,44233333333,1,0,-2.238132413,0.03308533638,0.3608971238,0.8714259807,-0.02441572308,0.4245852958,0.2444339567
1328,44266666667,1,0,-2.241473933,0.02947227818,0.3662080101,0.8698431378,-0.02496737485,0.4280496032,0.2439735292
1329,44300000000,1,0,-2.246440365,0.02761996472,0.3694476461,0.8687170976,-0.02493603686,0.4305450215,0.2435975839
1330,44333333333,1,0,-2.24974791,0.02547367032,0.3760943176,0.8671704227,-0.02600847067,0.4327472747,0.2450893994
1331,44366666667,1,1,-2.250004149,0.0237282039,0.3799260872,0.866232595,-0.02662419589,0.43409638,0.2459523865
1332,44400000000,1,0,-2.253139371,0.02220568012,0.3852724624,0.8649119989,-0.02699096052,0.4366758584,0.2459937335
1333,44433333333,1,0,-2.256845272,0.02108777275,0.3905783604,0.8634190173,-0.02689130012,0.4388092386,0.2474488042
1334,44466666667,1,0,-2.25911721,0.01910718228,0.3951921586,0.8621407216,-0.02748254152,0.4402269229,0.2493157484
1335,44500000000,1,0,-2.262481508,0.01762254972,0.3986359008,0.8604544494,-0.02849394631,0.4427728784,0.2505162944
1336,44533333333,1,0,-2.263645841,0.01529188223,0.4059730033,0.8588647231,-0.03087423688,0.4457526408,0.2504051759
1337,44566666667,1,1,-2.26446762,0.01327018236,0.4100615311,0.8580450835,-0.03070501221,0.4473641072,0.2503621229
1338,44600000000,1,0,-2.268143975,0.01218779081,0.414157141,0.8565066107,-0.02960936112,0.4494550968,0.2520115622
1339,44633333333,1,0,-2.269354178,0.009903948516,0.4206183964,0.8548555069,-0.02990033543,0.4510225701,0.2547678817
1340,44666666667,1,0,-2.271914677,0.007281905383,0.4248221755,0.8536220733,-0.02831613011,0.4520730081,0.2572110965
1341,44700000000,1,0,-2.275193024,0.006148198327,0.4291923782,0.8521817443,-0.02734599002,0.4532764219,0.2599595291
1342,44733333333,1,0,-2.275666342,0.003782005367,0.4351107028,0.8504965487,-0.02786540303,0.4547670247,0.2628042869
1343,44766666667,1,1,-2.279404984,0.001654915369,0.4384950308,0.8491898869,-0.02700666411,0.4562791959,0.264492857
1344,44800000000,1,0,-2.282287468,0.00114402148,0.4443230995,0.8474075057,-0.02742477456,0.4579814748,0.2672103473
1345,44833333333,1,0,-2.28282754,-0.001609950478,0.4515960389,0.8454344431,-0.02814823114,0.4598377761,0.2701804937
1346,44866666667,1,0,-2.28546213,-0.003934999765,0.4569668941,0.8437244927,-0.02655923968,0.4619114302,0.272142275
1347,44900000000,1,0,-2.289659892,-0.004094361328,0.4617905094,0.8414800926,-0.02593447089,0.4641871611,0.2752615783
1348,44933333333,1,0,-2.290685224,-0.007543850754,0.4700248198,0.8390645991,-0.02656142889,0.4657702106,0.2798628235
1349,44966666667,1,1,-2.29465416,-0.009432616245,0.473669268,0.8376485304,-0.02452933637,0.4660384546,0.2838158031
1350,45000000000,1,0,-2.297661727,-0.0103266029,0.4781687531,0.8356396894,-0.02572519316,0.4676394274,0.2869806438
1351,45033333333,1,0,-2.299586877,-0.01316407558,0.4856271929,0.833044685,-0.02691462676,0.4699375939,0.2906386303
1352,45066666667,1,0,-2.304779183,-0.01323505269,0.4908538918,0.8310854585,-0.02514004118,0.4707040624,0.2951315379
1353,45100000000,1,0,-2.30549737,-0.01547711669,0.4954118593,0.8292118947,-0.02804765282,0.4708625687,0.2998489691
1354,45133333333,1,0,-2.305832954,-0.01824572103,0.5012801359,0.8273357264,-0.02895035327,0.4729489581,0.3016566853
1355,45166666667,1,1,-2.309166634,-0.01889338265,0.5072699773,0.8255588624,-0.02743778189,0.4752952773,0.3029754647
1356,45200000000,1,0,-2.311543716,-0.02046292752,0.5124572095,0.8238295871,-0.02691186087,0.4765071437,0.3058128597
1357,45233333333,1,0,-2.313223159,-0.02322744484,0.5177446037,0.8219069358,-0.02559396635,0.4779522808,0.3088293298
1358,45266666667,1,0,-2.315714158,-0.02462118654,0.5221441527,0.8205474018,-0.0237736785,0.4795542769,0.3101039651
1359,45300000000,1,0,-2.317503838,-0.02614908166,0.5270865796,0.8186672088,-0.02299215942,0.4818703687,0.3115386164
1360,45333333333,1,0,-2.320148198,-0.0288461434,0.5321489502,0.8168378425,-0.02195865425,0.4844546074,0.3124059697
1361,45366666667,1,1,-2.322199364,-0.03076239821,0.5387344292,0.8158127768,-0.02084079226,0.4867420911,0.3116044148
1362,45400000000,1,0,-2.325554571,-0.03253074067,0.5428682685,0.8151940386,-0.02072982517,0.4885051584,0.3104700695
1363,45433333333,1,0,-2.328348388,-0.03464249282,0.5489208687,0.8136701794,-0.02059808261,0.4905416251,0.3112643125
1364,45466666667,1,0,-2.33111405,-0.0376438061,0.5540338487,0.8127702869,-0.01993645118,0.4915995086,0.3119886564
1365,45500000000,1,0,-2.334497804,-0.04034296898,0.559056521,0.8125488253,-0.01955249564,0.4925350931,0.3111129835
1366,45533333333,1,0,-2.33903163,-0.04202359699,0.5641984246,0.8120670376,-0.01919837763,0.4937327242,0.310494035
1367,45566666667,1,1,-2.344098899,-0.0448952456,0.57168926,0.8111362962,-0.0199876664,0.4948244553,0.311138491
1368,45600000000,1,0,-2.348611775,-0.04689307636,0.5776560724,0.8108147743,-0.02094197994,0.4949048018,0.3117852986
1369,45633333333,1,0,-2.353278606,-0.04971076472,0.5834287357,0.8111895777,-0.02270262261,0.4947502362,0.3109312846
1370,45666666667,1,0,-2.358983771,-0.05164323278,0.589258296,0.810967648,-0.02401852108,0.4956207325,0.310023667
1371,45700000000,1,0,-2.364597458,-0.05367293868,0.5967787892,0.8107623494,-0.02554480842,0.4963716555,0.309236245
1372,45733333333,1,0,-2.370777986,-0.05668019755,0.602779723,0.8111242416,-0.02602634487,0.4960520932,0.3087594776
1373,45766666667,1,1,-2.378948343,-0.05848936626,0.6102816163,0.8109565393,-0.02634813607,0.4966169736,0.3082642513
1374,45800000000,1,0,-2.384344547,-0.06003675819,0.615768155,0.8110041246,-0.02747356577,0.4965346199,0.3081734646
1375,45833333333,1,0,-2.392307806,-0.06314315437,0.6223711784,0.8100819587,-0.02670285349,0.4975500771,0.3090276665
1376,45866666667,1,0,-2.401215831,-0.06409438331,0.6264729229,0.8101120128,-0.02628178825,0.497252594,0.3094634906
1377,45900000000,1,0,-2.405993576,-0.06637268552,0.6317973666,0.8086973407,-0.02719488062,0.4980463574,0.3117994153
1378,45933333333,1,0,-2.412917728,-0.07047285808,0.6369999798,0.8076220346,-0.02514290083,0.4995716626,0.3123181673
1379,45966666667,1,1,-2.42186837,-0.07024169388,0.6428275407,0.8067803978,-0.02240972897,0.5013477243,0.3118551796
1380,46000000000,1,0,-2.429130525,-0.07198883173,0.6473114167,0.8055065501,-0.0216436987,0.5028386072,0.3128003886
1381,46033333333,1,0,-2.436598351,-0.07447337694,0.652122109,0.803916352,-0.02051099636,0.5046058109,0.3141190438
1382,46066666667,1,0,-2.444961718,-0.07651159104,0.6559165198,0.8033994283,-0.01937246219,0.5052776313,0.3144337476
1383,46100000000,1,0,-2.45261964,-0.07876107831,0.6605713795,0.8022787872,-0.01843883456,0.5066947963,0.3150700563
1384,46133333333,1,0,-2.460981057,-0.08171770051,0.665181793,0.8014183009,-0.01677162572,0.507609664,0.3158794843
1385,46166666667,1,1,-2.467485092,-0.08326794974,0.6719970055,0.8007111183,-0.01328668451,0.5084942516,0.3164154946
1386,46200000000,1,0,-2.475792404,-0.08518829719,0.6767329936,0.8009768829,-0.01086750003,0.5087366571,0.3154440429
1387,46233333333,1,0,-2.483057996,-0.08863915191,0.6815894025,0.8013291308,-0.008399455791,0.5086712301,0.3147294916
1388,46266666667,1,0,-2.490972097,-0.0908295098,0.6858257675,0.8025423741,-0.005173846678,0.5081239369,0.3125844429
1389,46300000000,1,0,-2.499258553,-0.09376049103,0.6902868916,0.803754755,-0.002862010635,0.5072438863,0.310924014
1390,46333333333,1,0,-2.505532663,-0.0955986623,0.6950104162,0.8054331657,-0.0004123794463,0.5056760718,0.3091422907
1391,46366666667,1,1,-2.512662226,-0.09836522528,0.7001054674,0.806640933,0.001250372215,0.5051985447,0.3067625665
1392,46400000000,1,0,-2.518599428,-0.1000314977,0.703955391,0.8077859765,0.002378906483,0.5043984426,0.3050546969
1393,46433333333,1,0,-2.52376893,-0.1030602607,0.7087553296,0.8086376542,0.003355313135,0.5034929277,0.3042840086
1394,46466666667,1,0,-2.530077831,-0.1053212058,0.7124734366,0.8098369758,0.003229255003,0.5025343584,0.3026761688
1395,46500000000,1,0,-2.533984117,-0.1072988852,0.7178184542,0.8099574768,0.003214400387,0.5021304035,0.3030241101
1396,46533333333,1,0,-2.53791171,-0.1106058748,0.7230962909,0.8106212171,0.003025123419,0.5014302682,0.3024099488
1397,46566666667,1,0,-2.540980555,-0.1129571387,0.7279931011,0.8120612333,0.003502960528,0.5001973296,0.3005776341
1398,46600000000,1,1,-2.545734061,-0.1149991584,0.7354141214,0.8125818351,0.00352312363,0.5005293941,0.2986112432
1399,46633333333,1,0,-2.549071763,-0.116919982,0.7421562532,0.8134022186,0.002542408719,0.4996487515,0.2978615317
1400,46666666667,1,0,-2.550976609,-0.1198466293,0.7480023238,0.8148326302,0.001416219503,0.4981174966,0.2965210596
1401,46700000000,1,0,-2.5549079,-0.1230229376,0.7533785187,0.8162830783,0.0007384570507,0.4971772209,0.2941023662
1402,46733333333,1,0,-2.557430614,-0.1243125548,0.7584823378,0.817560922,-0.0009605675666,0.4962234267,0.2921566819
1403,46766666667,1,0,-2.557396085,-0.1292418714,0.7653993682,0.8186173465,-0.00133440425,0.4953095586,0.2907443903
1404,46800000000,1,0,-2.561319308,-0.1318107271,0.7694973411,0.8203733389,-0.0006964593411,0.4942861512,0.2875209568
1405,46833333333,1,1,-2.562572532,-0.1342240704,0.7750587252,0.8210075079,-0.0009383746855,0.4940867698,0.2860490434
1406,46866666667,1,0,-2.563987339,-0.13784558,0.7823710104,0.8214408911,0.001256317065,0.4935790744,0.2856798583
1407,46900000000,1,0,-2.567627451,-0.1411569364,0.7863514266,0.8226108965,0.003344116313,0.4918738755,0.2852371301
1408,46933333333,1,0,-2.567185112,-0.1450961514,0.7902971739,0.8228142992,0.00371634054,0.49124149,0.2857352206
1409,46966666667,1,0,-2.567065769,-0.1516289839,0.7966759209,0.822512913,0.005454816346,0.491755498,0.2856908874
1410,47000000000,1,0,-2.570436748,-0.1561088479,0.8076896948,0.8220113034,0.008173510689,0.4922198117,0.2862695719
1411,47033333333,1,1,-2.569995484,-0.1610686514,0.8144161249,0.8213459315,0.009881252605,0.4927526794,0.2872072745
1412,47066666667,1,0,-2.571370488,-0.1638025184,0.8188443176,0.820972457,0.01123129233,0.4935838105,0.2867980213
1413,47100000000,1,0,-2.571626077,-0.1677355913,0.8257466634,0.8197253392,0.01180079397,0.4951388581,0.2876605999
1414,47133333333,1,0,-2.571869834,-0.1711352153,0.8329998496,0.8186024867,0.01347171035,0.4961645413,0.289014238
1415,47166666667,1,0,-2.572782288,-0.1761941393,0.837865299,0.8180792457,0.01467308484,0.4965654792,0.2897477751
1416,47200000000,1,0,-2.573165103,-0.1801899575,0.8427988204,0.8170879127,0.01559285415,0.4978281499,0.2903297072
1417,47233333333,1,1,-2.577068503,-0.185884937,0.8524530444,0.815539832,0.01704468747,0.5000263922,0.2908227436
1418,47266666667,1,0,-2.580864895,-0.1886254791,0.8587543118,0.8148227763,0.01866665104,0.4996242038,0.2934127711
1419,47300000000,1,0,-2.580532184,-0.1955834903,0.8668290989,0.8143952014,0.0172507636,0.4992982775,0.2952356638
1420,47333333333,1,0,-2.583279665,-0.1993381676,0.8725460773,0.8145048702,0.01804115774,0.4996490802,0.2942908931
1421,47366666667,1,0,-2.58793331,-0.2015275102,0.8811837781,0.8142431691,0.01842480423,0.4999000503,0.2945649807
1422,47400000000,1,0,-2.588113579,-0.20771974,0.8885911297,0.8144353529,0.01719787945,0.4989827703,0.2956610962
1423,47433333333,1,1,-2.59572146,-0.2189941044,0.9022455029,0.8141518154,0.01667139697,0.4991795284,0.2961396366
1424,47466666667,1,0,-2.596481237,-0.2231545166,0.909898611,0.8135379099,0.0171559941,0.4993028048,0.2975877184
1425,47500000000,1,0,-2.598187231,-0.2283435546,0.916806245,0.8136982335,0.01796630964,0.4988248297,0.2979029805
1426,47533333333,1,0,-2.599951258,-0.2318084708,0.9232477631,0.8138896236,0.01815540466,0.4988212081,0.2973742829
1427,47566666667,1,0,-2.601803484,-0.2357779773,0.9308714182,0.8138728085,0.0189505611,0.4989225984,0.2972005529
1428,47600000000,1,0,-2.605920901,-0.2377453774,0.937550603,0.8141480756,0.02033922444,0.4980945112,0.2977433205
1429,47633333333,1,1,-2.609088398,-0.2442756285,0.9448888416,0.8139123602,0.01808074344,0.4975983719,0.2993586761
1430,47666666667,1,0,-2.610788701,-0.2490807098,0.9508352532,0.8139952174,0.01659806509,0.4966055856,0.3008640602
1431,47700000000,1,0,-2.611079045,-0.2539974755,0.9572327794,0.814263909,0.01515040779,0.4959580294,0.3012812386
1432,47733333333,1,0,-2.6121301,-0.2591789353,0.9620730815,0.8146556545,0.01347735679,0.4961315766,0.3000133064
1433,47766666667,1,0,-2.612924355,-0.2633901143,0.9684241702,0.8142905122,0.01230172051,0.4976852185,0.2984778931
1434,47800000000,1,0,-2.61537488,-0.264357981,0.9743530618,0.8139242779,0.01324453102,0.4987641244,0.2976343403
1435,47833333333,1,0,-2.617808016,-0.2661911579,0.9792248756,0.8135742849,0.01382867311,0.4985739527,0.298880686
1436,47866666667,1,1,-2.619311881,-0.2705566783,0.98579346,0.8128666364,0.01153288337,0.4994678631,0.2994105505
1437,47900000000,1,0,-2.620945909,-0.273181685,0.9913226294,0.8121530651,0.009389397678,0.5006894458,0.2993815575
1438,47933333333,1,0,-2.622840947,-0.2764483509,0.9979746889,0.811508929,0.007705838574,0.5017878669,0.2993372927
1439,47966666667,1,0,-2.624715773,-0.2795292753,1.002579329,0.8114852396,0.005976216105,0.5023334302,0.2985248996
1440,48000000000,1,0,-2.626858731,-0.2825237333,1.00752125,0.8106939008,0.00437049116,0.5043062021,0.2973744315
1441,48033333333,1,0,-2.6302556,-0.283307308,1.01351469,0.8092075636,0.003407530888,0.5068578428,0.2970970125
1442,48066666667,1,0,-2.631763963,-0.2873245113,1.021899888,0.8077098508,0.003894317035,0.508275104,0.2987407738
1443,48100000000,1,0,-2.636151425,-0.2901601547,1.023886682,0.8074951337,0.004454064697,0.50837362,0.2991455044
1444,48133333333,1,1,-2.640035309,-0.2938783519,1.03187448,0.8051520669,0.003180129045,0.5117116034,0.2997853748
1445,48166666667,1,0,-2.643548137,-0.2965324518,1.03785992,0.803470562,0.004381799273,0.5137199179,0.3008449796
1446,48200000000,1,0,-2.6478985,-0.2998763951,1.042486596,0.8023730294,0.004455277225,0.5152154858,0.3012153305
1447,48233333333,1,0,-2.651711282,-0.3032651003,1.04810256,0.8003654107,0.004327984907,0.5181353735,0.3015496851
1448,48266666667,1,0,-2.656400817,-0.3063370288,1.055255182,0.7979824542,0.006285956175,0.5209904801,0.3029082521
1449,48300000000,1,0,-2.662928601,-0.3093915125,1.060801501,0.7965934466,0.008544906974,0.5222120962,0.3044016953
1450,48333333333,1,1,-2.669183948,-0.3139519991,1.067377895,0.7938347527,0.008574964428,0.5248199803,0.3071104748
1451,48366666667,1,0,-2.672805898,-0.3183008553,1.074036579,0.7910357845,0.008892771798,0.5274977883,0.3097246998
1452,48400000000,1,0,-2.67960613,-0.3204992003,1.079328123,0.7893821998,0.01060372277,0.5294589035,0.3105423856
1453,48433333333,1,0,-2.686097179,-0.3224310511,1.084409883,0.7868203566,0.01015178967,0.5320432016,0.3126350895
1454,48466666667,1,0,-2.689922222,-0.3260332639,1.092479056,0.7839426734,0.009655536558,0.5349331055,0.3149400388
1455,48500000000,1,0,-2.696397064,-0.3277298722,1.097441021,0.7823136228,0.01163948605,0.5365943065,0.3160956628
1456,48533333333,1,1,-2.703056232,-0.3305052935,1.103758117,0.7799216197,0.01061255605,0.5391396784,0.3177074881
1457,48566666667,1,0,-2.707080065,-0.3325904337,1.109328021,0.7776576939,0.01042231034,0.5412805604,0.3196173361
1458,48600000000,1,0,-2.713480894,-0.335224753,1.115440506,0.7751766192,0.01127572034,0.5434254808,0.3219671009
1459,48633333333,1,0,-2.719749952,-0.33689049,1.119705829,0.7734184619,0.01115865467,0.544690396,0.3240551492
1460,48666666667,1,0,-2.723305071,-0.3382275883,1.126732504,0.7708239163,0.01054285414,0.5471369911,0.3261295008
1461,48700000000,1,0,-2.728620907,-0.340302677,1.132273129,0.7686902518,0.01065577574,0.5493741601,0.3273985086
1462,48733333333,1,1,-2.733970109,-0.3418131584,1.137824297,0.7667773266,0.01010886959,0.5511847125,0.3288552188
1463,48766666667,1,0,-2.737226378,-0.3433657874,1.143241538,0.7650772778,0.009435801986,0.5526572579,0.3303599248
1464,48800000000,1,0,-2.740835293,-0.3456423945,1.148845438,0.7630810723,0.009232212017,0.5547336947,0.3315004847
1465,48833333333,1,0,-2.745843305,-0.3467826345,1.153721724,0.7614121558,0.00892693668,0.5568083495,0.3318678967
1466,48866666667,1,0,-2.749272631,-0.3491693758,1.158835247,0.7593329646,0.007866055299,0.5586549873,0.3335508644
1467,48900000000,1,0,-2.75208131,-0.3509220215,1.163495842,0.7574606219,0.007565598931,0.5603791618,0.3349199353
1468,48933333333,1,0,-2.753914921,-0.3524413289,1.168777509,0.7549234686,0.006362102962,0.563138925,0.3360426036
1469,48966666667,1,0,-2.756660938,-0.3533037671,1.17418529,0.7523216899,0.005408840489,0.5662784319,0.3366178204
1470,49000000000,1,1,-2.758173574,-0.355353583,1.180700439,0.7494384106,0.004028807232,0.5689415932,0.3385724456
1471,49033333333,1,0,-2.760348943,-0.3573224843,1.185556425,0.7475231014,0.003002294661,0.5707191785,0.3398232164
1472,49066666667,1,0,-2.762470495,-0.358240081,1.190989949,0.7445958978,0.0009587679899,0.573443718,0.3416699167
1473,49100000000,1,0,-2.763056944,-0.3618343529,1.196808184,0.7417310539,-0.0002123202952,0.576141514,0.3433598032
1474,49133333333,1,0,-2.767042179,-0.3625231261,1.202003497,0.7395465791,-0.001041159507,0.5784178928,0.3442419419
1475,49166666667,1,0,-2.766532073,-0.3655760572,1.207852179,0.7368894452,-0.001810899422,0.580394487,0.3466019412
1476,49200000000,1,1,-2.768570284,-0.3665760044,1.213105268,0.7355985198,-0.002874987461,0.5819423254,0.3467415204
1477,49233333333,1,0,-2.768514069,-0.3681975063,1.219104882,0.7335953363,-0.00409477125,0.5836629055,0.3480786236
1478,49266666667,1,0,-2.769248437,-0.3706570015,1.224797751,0.7310810136,-0.003886996566,0.5859680876,0.3494951261
1479,49300000000,1,0,-2.771278534,-0.3733455145,1.230791302,0.7284329615,-0.003599164109,0.5883380179,0.3510425093
1480,49333333333,1,0,-2.772456957,-0.3753685656,1.237083181,0.7255423648,-0.003302264472,0.5904255401,0.3535181091
1481,49366666667,1,0,-2.772317633,-0.3787630404,1.243562637,0.7228035916,-0.00185787387,0.5921611482,0.3562256179
1482,49400000000,1,0,-2.774422297,-0.3814256648,1.249565474,0.7208187773,0.0003843096833,0.5935916055,0.3578675012
1483,49433333333,1,1,-2.773921261,-0.3829070918,1.254027558,0.7188109857,0.00133845536,0.5949447136,0.359652281
1484,49466666667,1,0,-2.773575828,-0.3874318977,1.260584758,0.715354272,0.002310417769,0.5978378565,0.3617358494
1485,49500000000,1,0,-2.775737374,-0.3908892125,1.267268782,0.712112056,0.003945591979,0.6011979631,0.3625491155
1486,49533333333,1,0,-2.777471396,-0.3946670499,1.274226537,0.7090160672,0.005599109768,0.6040376956,0.3638726821
1487,49566666667,1,0,-2.781616771,-0.3977248009,1.281096763,0.7056011464,0.009048151594,0.606489964,0.3663537591
1488,49600000000,1,0,-2.784711527,-0.4011945585,1.287906056,0.7016826146,0.01206051356,0.6077855396,0.371608383
1489,49633333333,1,1,-2.78344734,-0.4051494394,1.292594277,0.6992821168,0.01471599202,0.6079708196,0.3757119152
1490,49666666667,1,0,-2.784291372,-0.411475164,1.297898214,0.6968091963,0.01673816188,0.610120877,0.3767350439
1491,49700000000,1,0,-2.786688836,-0.4153705349,1.305200344,0.6927375645,0.01905944482,0.6139984705,0.3778323471
1492,49733333333,1,0,-2.789651024,-0.4202993642,1.314733629,0.6899044858,0.02211356608,0.6157730121,0.3799557713
1493,49766666667,1,0,-2.791861304,-0.4243729532,1.320997506,0.6883094408,0.02632105825,0.6156834752,0.3827155261
1494,49800000000,1,0,-2.794689169,-0.4290487724,1.327736855,0.6855484956,0.02858126608,0.6167596115,0.3857641158
1495,49833333333,1,1,-2.796491271,-0.433436557,1.331419692,0.6849499959,0.0303524728,0.6161210178,0.3877075212
1496,49866666667,1,0,-2.799120055,-0.4380898008,1.338920462,0.6844538721,0.032861523,0.6158350299,0.3888318831
1497,49900000000,1,0,-2.801701516,-0.4427566184,1.345018846,0.6833836869,0.03359520431,0.6159680902,0.3904374604
1498,49933333333,1,0,-2.8021267,-0.4470542788,1.35171576,0.6822823631,0.03343024946,0.6161584184,0.3920739711
1499,49966666667,1,0,-2.804659001,-0.4504779721,1.358268171,0.6817183422,0.0349191424,0.6160012296,0.3931707524
1500,50000000000,1,0,-2.807552452,-0.4539485679,1.365393297,0.6806099912,0.03481322147,0.6154575369,0.3959420409
1501,50033333333,1,1,-2.806788948,-0.4586669943,1.368300527,0.6802232965,0.0340771462,0.6143607694,0.3983664896
1502,50066666667,1,0,-2.807368194,-0.462980644,1.373194283,0.6792168981,0.03437217911,0.6156146185,0.3981225944
1503,50100000000,1,0,-2.809284017,-0.4662494487,1.377100842,0.6782296886,0.03399176775,0.6171129109,0.3975181811
1504,50133333333,1,0,-2.810685058,-0.4695072693,1.38181008,0.6766689542,0.03390588928,0.6187982887,0.3975653342
1505,50166666667,1,0,-2.812533074,-0.4730273105,1.385278648,0.6753580963,0.03436942879,0.6205209801,0.3970691343
1506,50200000000,1,0,-2.81483914,-0.475739731,1.389168992,0.673968677,0.03264975125,0.6225311497,0.3964280309
1507,50233333333,1,1,-2.815401997,-0.4793023135,1.393013527,0.6716709121,0.03186246418,0.6249591646,0.396571572
1508,50266666667,1,0,-2.818692434,-0.4820759317,1.396940086,0.6693415528,0.03257696464,0.6271783822,0.3969482384
1509,50300000000,1,0,-2.820730265,-0.4833897522,1.400753442,0.6664845804,0.03201948051,0.6293209522,0.3984070733
1510,50333333333,1,0,-2.821684906,-0.4863456173,1.404850376,0.664158337,0.03223213259,0.6312635252,0.3992006447
1511,50366666667,1,0,-2.824260341,-0.4889535858,1.408822528,0.6620485792,0.03231232265,0.6335108131,0.3991386253
1512,50400000000,1,0,-2.827180113,-0.4913563983,1.412611732,0.6594981107,0.03199895417,0.6358981755,0.3995895636
1513,50433333333,1,0,-2.827368693,-0.4947596424,1.416494807,0.657069018,0.03267281426,0.6385350953,0.3993315976
1514,50466666667,1,1,-2.834159432,-0.4991598347,1.419788403,0.6548746945,0.03361110702,0.6414766594,0.3981420894
1515,50500000000,1,0,-2.838657171,-0.5004989166,1.423764306,0.6517413754,0.0341367469,0.6438920682,0.3993380355
1516,50533333333,1,0,-2.839860251,-0.5033707374,1.427632573,0.647782176,0.03583115809,0.646156625,0.4019651683
1517,50566666667,1,0,-2.84355438,-0.5065353412,1.430387824,0.6444124645,0.03676980867,0.6488233378,0.4029997929
1518,50600000000,1,0,-2.84592453,-0.5084256996,1.434766845,0.6412427524,0.03688973228,0.6520643641,0.4028137848
1519,50633333333,1,0,-2.850431718,-0.5116420505,1.438857358,0.637919692,0.03930561752,0.6544347453,0.4040157163
1520,50666666667,1,0,-2.855112833,-0.5142555752,1.443003959,0.6356668151,0.04008555852,0.6556856795,0.4054591691
1521,50700000000,1,0,-2.855975829,-0.5167964122,1.447185712,0.6327568531,0.03929385604,0.6583598877,0.4057548718
1522,50733333333,1,1,-2.861155889,-0.5219025446,1.454003316,0.6300298604,0.03940967934,0.66155087,0.4047958727
1523,50766666667,1,0,-2.867087339,-0.5240047274,1.459763415,0.6277149825,0.04005915151,0.6632774014,0.4055024709
1524,50800000000,1,0,-2.86911628,-0.5268342724,1.465264617,0.625957453,0.04083371621,0.6640649373,0.406850874
1525,50833333333,1,0,-2.873622028,-0.530453891,1.470130397,0.6255598976,0.04085079419,0.6647257772,0.406381186
1526,50866666667,1,0,-2.877707507,-0.5325264522,1.475521282,0.6239857674,0.0402559389,0.6659765603,0.4068125399
1527,50900000000,1,0,-2.880334166,-0.5348131807,1.481726852,0.6228679827,0.04102702733,0.6666221828,0.407390629
1528,50933333333,1,0,-2.884701502,-0.5375690515,1.486469928,0.6224000498,0.04146855861,0.6668926888,0.4076182998
1529,50966666667,1,1,-2.887712698,-0.5393137615,1.494601656,0.6204096584,0.03993990193,0.6685091025,0.4081571264
1530,51000000000,1,0,-2.888581492,-0.5423688011,1.499262922,0.6194041138,0.03999493356,0.6693506908,0.408299647
1531,51033333333,1,0,-2.894324519,-0.5444607499,1.503984709,0.618493044,0.04052804932,0.6704102494,0.4078896043
1532,51066666667,1,0,-2.895554018,-0.545625945,1.508822349,0.6165618121,0.03914608075,0.671571209,0.4090369512
1533,51100000000,1,0,-2.897380269,-0.5490025023,1.512207401,0.6147930069,0.03995536378,0.6733576045,0.4086840637
1534,51133333333,1,0,-2.902870129,-0.5507633973,1.516911222,0.613237113,0.04118925406,0.6750257012,0.4081470217
1535,51166666667,1,0,-2.905331606,-0.5534085719,1.521054378,0.6122808922,0.04138579744,0.6759216761,0.4080799095
1536,51200000000,1,0,-2.908221672,-0.5562678493,1.525923522,0.6113905638,0.0425364648,0.676619967,0.4081392507
1537,51233333333,1,1,-2.911162508,-0.5597331525,1.531964468,0.6097149203,0.04340237408,0.6780910954,0.4081132395
1538,51266666667,1,0,-2.913247329,-0.5626073218,1.536531996,0.6085219464,0.04395254155,0.6789955775,0.4083310184
1539,51300000000,1,0,-2.91529296,-0.5670191595,1.540868787,0.6087587526,0.04573633843,0.6793320066,0.4072210618
1540,51333333333,1,0,-2.91800045,-0.57057796,1.545454607,0.6086472671,0.0477313598,0.6803499418,0.4054555194
1541,51366666667,1,0,-2.92054135,-0.5746435859,1.550843548,0.6077912178,0.04841310795,0.6821668415,0.4036017926
1542,51400000000,1,0,-2.923100897,-0.5790262875,1.55624369,0.607763218,0.04952371447,0.6831578405,0.4018291148
1543,51433333333,1,0,-2.927465398,-0.5839073851,1.561830497,0.6073810089,0.05134088628,0.683410369,0.4017495375
1544,51466666667,1,0,-2.92983804,-0.5871654687,1.568004689,0.6071610866,0.05082883492,0.6833627132,0.4022278542
1545,51500000000,1,1,-2.925712406,-0.5933929574,1.576455532,0.6060629854,0.05036293755,0.6843386928,0.4022832159
1546,51533333333,1,0,-2.92975131,-0.5980750241,1.582925324,0.6069078702,0.05171098351,0.6841938864,0.4010829553
1547,51566666667,1,0,-2.930334695,-0.6008220643,1.589002334,0.6065078066,0.0517120717,0.6839540548,0.4020957512
1548,51600000000,1,0,-2.930001095,-0.6044040252,1.594194119,0.605821539,0.05263742372,0.6839429392,0.4030280641
1549,51633333333,1,0,-2.931675968,-0.6067312302,1.600500136,0.6051333356,0.05277256474,0.6846202097,0.4028943671
1550,51666666667,1,0,-2.92994721,-0.609294253,1.606595084,0.6043314073,0.05093973775,0.6852316213,0.4032943322
1551,51700000000,1,0,-2.928366813,-0.6128597569,1.611556663,0.6027950377,0.05097863551,0.6862724299,0.4038186143
1552,51733333333,1,0,-2.927710846,-0.6165775269,1.61767355,0.6012745028,0.05185979332,0.6873697039,0.4041069466
1553,51766666667,1,1,-2.925869362,-0.6210604344,1.623540731,0.599364185,0.05170014663,0.6891333618,0.4039614812
1554,51800000000,1,0,-2.923751921,-0.6240917737,1.62846048,0.596841318,0.0521141418,0.6915753073,0.4034701372
1555,51833333333,1,0,-2.923135966,-0.6279749634,1.634476318,0.5944010627,0.05424308861,0.6933373138,0.4037677963
1556,51866666667,1,0,-2.924843807,-0.6307520463,1.640203867,0.5920095731,0.05610070388,0.6937473836,0.4063150799
1557,51900000000,1,0,-2.922217023,-0.6333016307,1.645046358,0.5893872524,0.05677620361,0.6939983479,0.4095917754
1558,51933333333,1,0,-2.919832577,-0.6366965686,1.649595464,0.5866852566,0.05688595288,0.6955975578,0.4107413244
1559,51966666667,1,1,-2.921978166,-0.6420148232,1.657267424,0.584358856,0.05594743435,0.6975769768,0.410829616
1560,52000000000,1,0,-2.919844945,-0.6448581589,1.66216442,0.5817686425,0.0550768889,0.6985986809,0.4128821454
1561,52033333333,1,0,-2.919659439,-0.6485057017,1.667297798,0.5790709773,0.05565504213,0.6998171729,0.4145301485
1562,52066666667,1,0,-2.919400858,-0.6509466212,1.673422299,0.5772329395,0.05424904183,0.7008546495,0.4155260946
1563,52100000000,1,0,-2.915065798,-0.654312569,1.676967911,0.5759080766,0.05301207882,0.701525523,0.4163910991
1564,52133333333,1,0,-2.915405047,-0.6576281055,1.682766726,0.5743881684,0.05422210491,0.7026410608,0.416453761
1565,52166666667,1,0,-2.915262628,-0.6599057434,1.688173,0.5727343335,0.05421047939,0.7033931427,0.4174622067
1566,52200000000,1,1,-2.912383569,-0.662177233,1.693404163,0.5713800978,0.05393337026,0.704132632,0.4181066992
1567,52233333333,1,0,-2.911241452,-0.6652380142,1.698067134,0.570365547,0.05520653451,0.7046520105,0.4184506247
1568,52266666667,1,0,-2.912607407,-0.6671164366,1.701721561,0.5688152666,0.0561614853,0.7052991842,0.4193425102
1569,52300000000,1,0,-2.910954351,-0.670650793,1.705849766,0.5658774157,0.05655227785,0.7061154163,0.4218834071
1570,52333333333,1,0,-2.909011295,-0.674832616,1.710472261,0.5644596745,0.05768789223,0.7064668183,0.4230390261
1571,52366666667,1,0,-2.909820212,-0.6774911749,1.71346281,0.563578592,0.05795435556,0.7068029972,0.4236153757
1572,52400000000,1,0,-2.908429025,-0.6811745911,1.717912862,0.5613525444,0.0581028466,0.7074911755,0.4253981861
1573,52433333333,1,0,-2.905609403,-0.6854406758,1.721529366,0.56021746,0.0598319426,0.7077190449,0.4262748992
1574,52466666667,1,0,-2.907034292,-0.688062461,1.725569566,0.5598148199,0.0605647862,0.7086265178,0.4251914068
1575,52500000000,1,1,-2.90741465,-0.6907801403,1.729053185,0.5575869128,0.06011083488,0.7098587559,0.4261268225
1576,52533333333,1,0,-2.906490048,-0.6953831905,1.732733355,0.5552543359,0.0611233895,0.7105676074,0.427843697
1577,52566666667,1,0,-2.907384469,-0.6973176176,1.736906001,0.5540044239,0.06204673469,0.7109311526,0.4287262499
1578,52600000000,1,0,-2.905964007,-0.6981812383,1.739459686,0.5509083104,0.06177326768,0.7126585181,0.429885954
1579,52633333333,1,0,-2.904823886,-0.700037749,1.742446643,0.5465630978,0.06138974167,0.7164975833,0.4291052236
1580,52666666667,1,0,-2.904806826,-0.7031915904,1.744563555,0.5427106335,0.0616311417,0.7203009146,0.4275901812
1581,52700000000,1,1,-2.906932502,-0.7057145657,1.746546152,0.5382578428,0.06201865667,0.724412746,0.4262139771
1582,52733333333,1,0,-2.908911576,-0.7084207068,1.749473574,0.5320059859,0.06249968654,0.7288907386,0.4263586652
1583,52766666667,1,0,-2.910628038,-0.7114819265,1.752123165,0.527350668,0.06490545072,0.730942573,0.4282657007
1584,52800000000,1,0,-2.909657581,-0.7130216357,1.754902774,0.5235247923,0.06785622977,0.7331378075,0.4287496695
1585,52833333333,1,0,-2.911886952,-0.7155062115,1.756733683,0.5166193103,0.0685924077,0.7380197432,0.4286332096
1586,52866666667,1,0,-2.91569146,-0.7187727252,1.760158908,0.5118123958,0.06874018924,0.741729173,0.42797277
1587,52900000000,1,0,-2.918600759,-0.7222401619,1.764087261,0.5082174382,0.07093299397,0.743632488,0.4285956938
1588,52933333333,1,0,-2.920793717,-0.7247157713,1.767612197,0.5029613352,0.07255340235,0.7454424045,0.4313716733
1589,52966666667,1,0,-2.920278103,-0.7278728533,1.771021468,0.498557477,0.0735107981,0.7476130396,0.4325636921
1590,53000000000,1,1,-2.922829696,-0.7302870205,1.775524123,0.495415849,0.07480761943,0.7501968992,0.4314760353
1591,53033333333,1,0,-2.925638494,-0.7341133431,1.779431777,0.491367431,0.07647369018,0.7516591526,0.4332647468
1592,53066666667,1,0,-2.927164641,-0.7381625757,1.78479457,0.4882584891,0.078513211,0.7526300053,0.4347268091
1593,53100000000,1,0,-2.930816119,-0.7412929145,1.789572441,0.486376344,0.07945762411,0.7534429098,0.4352566135
1594,53133333333,1,0,-2.933627105,-0.7446568548,1.79535902,0.4838417165,0.079646933,0.7544572047,0.4362887641
1595,53166666667,1,0,-2.934975711,-0.7485501182,1.801499303,0.4824491373,0.08009390935,0.7552758157,0.4363327146
1596,53200000000,1,0,-2.937066628,-0.7524956318,1.808744708,0.4824019283,0.07965080079,0.7560739977,0.4350818767
1597,53233333333,1,0,-2.940685162,-0.7557170069,1.815917231,0.4816582279,0.0789006513,0.7567469528,0.4348724965
1598,53266666667,1,1,-2.941754311,-0.7590654076,1.82423635,0.4815912451,0.07821953081,0.7567189115,0.4351184513
1599,53300000000,1,0,-2.946108669,-0.763296489,1.839897766,0.481568335,0.07636225705,0.7555853891,0.4374373832
1600,53333333333,1,0,-2.946604877,-0.7659860773,1.848006033,0.4799844326,0.07528552046,0.7560916479,0.438488831
1601,53366666667,1,0,-2.948978312,-0.7703694741,1.855814861,0.4795407476,0.07521642727,0.7559903399,0.4391602969
1602,53400000000,1,0,-2.951142454,-0.7724959193,1.865047305,0.4797204997,0.07505511176,0.7554431019,0.4399325995
1603,53433333333,1,0,-2.951586924,-0.774493236,1.872906059,0.4783402116,0.07466451941,0.7552981924,0.4417470907
1604,53466666667,1,1,-2.950970156,-0.7775513821,1.878061295,0.4774019635,0.07429716414,0.7555137549,0.4424548144
1605,53500000000,1,0,-2.953363763,-0.7787144546,1.886005971,0.4783356398,0.07300187988,0.7554377753,0.4417912503
1606,53533333333,1,0,-2.954233393,-0.7795153865,1.890872911,0.4771771036,0.07265411136,0.7553450484,0.4432575434
1607,53566666667,1,0,-2.954492149,-0.7806557131,1.896056909,0.4760552462,0.07183102078,0.7556540675,0.444070532
1608,53600000000,1,0,-2.953969443,-0.7819831532,1.900107349,0.4749253378,0.07012255803,0.7561373803,0.4447302694
1609,53633333333,1,0,-2.954430192,-0.7839728427,1.905328796,0.4730026659,0.06906491851,0.7569874362,0.445498077
1610,53666666667,1,0,-2.954285152,-0.7860757714,1.90975921,0.4712336198,0.06829611224,0.7572306839,0.4470751704
1611,53700000000,1,0,-2.953676544,-0.7877338534,1.914769624,0.4699477412,0.06803760815,0.7572318607,0.448463949
1612,53733333333,1,0,-2.952810794,-0.7888445874,1.918124684,0.4692018867,0.06770529026,0.757750945,0.4484184301
1613,53766666667,1,1,-2.953298401,-0.7913469029,1.927095986,0.466972146,0.06637774904,0.7590682932,0.4487163198
1614,53800000000,1,0,-2.951478972,-0.7931069876,1.932931315,0.4659122272,0.06586306305,0.7586885284,0.4505325407
1615,53833333333,1,0,-2.94854037,-0.7938272316,1.937442798,0.4659255862,0.06584747482,0.758504635,0.4508305413
1616,53866666667,1,0,-2.947885739,-0.7954451981,1.942663398,0.4642619729,0.0647560947,0.7595389714,0.450963435
1617,53900000000,1,0,-2.946632398,-0.7985960897,1.948504968,0.4633452991,0.06401809727,0.7601067582,0.4510549115
1618,53933333333,1,0,-2.943800223,-0.8007763264,1.952558426,0.4630834638,0.06519913263,0.7601468223,0.451087117
1619,53966666667,1,0,-2.943238477,-0.8033796156,1.956507739,0.4615710623,0.0667887325,0.7607215623,0.4514356259
1620,54000000000,1,0,-2.941073451,-0.807309627,1.96146685,0.4604527826,0.0679514104,0.7610976001,0.4517701671
1621,54033333333,1,0,-2.938994749,-0.8143050338,1.970796516,0.4577664528,0.07197148655,0.7618197394,0.4526595458
1622,54066666667,1,1,-2.932484372,-0.817760329,1.97703648,0.4557232823,0.07287701097,0.7626984814,0.4530963007
1623,54100000000,1,0,-2.93182364,-0.8220456331,1.982927009,0.4542024529,0.07578970532,0.7633123479,0.4531118094
1624,54133333333,1,0,-2.931750727,-0.825284773,1.98888807,0.4529927045,0.07764916754,0.7630869535,0.4543858688
1625,54166666667,1,0,-2.925718242,-0.827521719,1.992381943,0.4503471821,0.08072640985,0.7629512133,0.4567013339
1626,54200000000,1,0,-2.922832869,-0.8317631116,1.997213901,0.4484183551,0.08314502605,0.7641394409,0.456178472
1627,54233333333,1,0,-2.922645415,-0.8347612828,2.00336891,0.4459213754,0.08385776058,0.765522407,0.4561769912
1628,54266666667,1,0,-2.91972903,-0.8383695573,2.008394371,0.4421697064,0.08558877421,0.7660470539,0.4586201301
1629,54300000000,1,0,-2.918487314,-0.8413937155,2.014286376,0.4391524726,0.08800060024,0.766197029,0.4608070236
1630,54333333333,1,1,-2.913668736,-0.8442994313,2.019409327,0.434325039,0.08740697993,0.7668437507,0.4644054719
1631,54366666667,1,0,-2.908115814,-0.8467590694,2.022908003,0.4311082285,0.08800525669,0.7673431006,0.4664604335
1632,54400000000,1,0,-2.907189787,-0.8497124065,2.027410685,0.429133013,0.08812402789,0.7682301903,0.466799087
1633,54433333333,1,0,-2.903222113,-0.851910761,2.032345147,0.4251161189,0.08723278232,0.7694785916,0.4685823558
1634,54466666667,1,0,-2.899130507,-0.8567282973,2.035539316,0.4217729387,0.08850839394,0.7702916101,0.4700262628
1635,54500000000,1,0,-2.897672211,-0.8612148565,2.040093557,0.4198236603,0.09096098805,0.7704063499,0.4711138386
1636,54533333333,1,0,-2.894091088,-0.8635138936,2.044469469,0.417666134,0.09293121282,0.7706053903,0.4723199367
1637,54566666667,1,0,-2.891258199,-0.8678591573,2.048706724,0.416113427,0.09574112397,0.7707028396,0.4729697518
1638,54600000000,1,0,-2.890639803,-0.8726778066,2.054262493,0.4152907527,0.09869406742,0.770102762,0.4740620294
1639,54633333333,1,0,-2.88856059,-0.8757663653,2.060361034,0.4137311874,0.1006515594,0.7690366317,0.4767372727
1640,54666666667,1,0,-2.882962362,-0.8779532343,2.064382738,0.4121558536,0.1017368591,0.7685943499,0.4785811207
1641,54700000000,1,1,-2.880414174,-0.8800009366,2.069781297,0.410511188,0.1019264662,0.7694667903,0.4785524199
1642,54733333333,1,0,-2.877839354,-0.8824894223,2.074637588,0.409215356,0.09967219555,0.7699270154,0.4793961168
1643,54766666667,1,0,-2.872630806,-0.8848049787,2.078194408,0.4073876544,0.098774586,0.7699385513,0.4811169373
1644,54800000000,1,0,-2.869834219,-0.887763602,2.08132448,0.4060461061,0.09906594396,0.7704113095,0.4814342247
1645,54833333333,1,0,-2.867894592,-0.8901374771,2.086357637,0.4049077588,0.09797201838,0.7712467898,0.481279108
1646,54866666667,1,0,-2.863373749,-0.8923237059,2.090586543,0.4041050458,0.09633082385,0.7724204813,0.480402003
1647,54900000000,1,0,-2.861318128,-0.8941150659,2.095007262,0.4021773873,0.09414612871,0.7745481452,0.4790250791
1648,54933333333,1,0,-2.859693966,-0.8984780952,2.099059761,0.3998956001,0.09203344393,0.775739122,0.4794185738
1649,54966666667,1,0,-2.854971646,-0.9023376407,2.105196449,0.3984418285,0.09156021621,0.7762601445,0.4798760509
1650,55000000000,1,0,-2.851295373,-0.905150823,2.109870647,0.3970533056,0.09228325251,0.7766822315,0.4802053573
1651,55033333333,1,1,-2.848029361,-0.9074756489,2.113194949,0.3947335215,0.09116073077,0.7778536658,0.4804360964
1652,55066666667,1,0,-2.84409055,-0.9103395198,2.117944275,0.39297372,0.09066342578,0.7787691567,0.4804897493
1653,55100000000,1,0,-2.841675711,-0.9149007978,2.12379844,0.3929184519,0.0904060133,0.7794817034,0.479426863
1654,55133333333,1,0,-2.836603305,-0.9167666624,2.128981664,0.3918803234,0.09030057329,0.7803969406,0.4788070944
1655,55166666667,1,0,-2.832853644,-0.9211081531,2.135287456,0.3898880413,0.0905255246,0.7820202912,0.4777412571
1656,55200000000,1,0,-2.829266356,-0.9240986365,2.140316831,0.387649599,0.09114345632,0.7834417713,0.4771159709
1657,55233333333,1,0,-2.82588174,-0.9289636157,2.145755317,0.3840641182,0.09302135312,0.7844996706,0.4779142682
1658,55266666667,1,0,-2.82050125,-0.93291255,2.150782085,0.3814584988,0.09519845144,0.785898231,0.477274176
1659,55300000000,1,0,-2.8167299,-0.9383952157,2.156959709,0.3792377121,0.09622209294,0.7880868301,0.4752254357
1660,55333333333,1,1,-2.817498337,-0.9438573049,2.162596979,0.3768928772,0.09834669811,0.7893348843,0.4745841617
1661,55366666667,1,0,-2.812948413,-0.9489235665,2.169185101,0.3738212877,0.1005249352,0.7904309821,0.4747328141
1662,55400000000,1,0,-2.810024496,-0.9533308902,2.175672496,0.3713415181,0.1021984556,0.7924509243,0.4729508274
1663,55433333333,1,0,-2.809702257,-0.9599279665,2.184001467,0.3682080263,0.1019789342,0.7943039063,0.4723393386
1664,55466666667,1,0,-2.80502807,-0.9664377548,2.191075831,0.3640563907,0.1029289206,0.7952448214,0.4737660347
1665,55500000000,1,0,-2.802592584,-0.9720257329,2.198615947,0.3604395993,0.1058180555,0.7958454624,0.474885075
1666,55533333333,1,0,-2.797196192,-0.9760786498,2.204756651,0.3577343157,0.1062897012,0.7972871169,0.4744069055
1667,55566666667,1,0,-2.79432063,-0.9819252892,2.211609539,0.3557126082,0.1060431363,0.7994549138,0.4723295824
1668,55600000000,1,1,-2.794628323,-0.9879769575,2.217505863,0.3533568289,0.1069493612,0.8004837487,0.472150986
1669,55633333333,1,0,-2.789218638,-0.9931574228,2.224514788,0.3517576566,0.1069762109,0.801978366,0.4708007454
1670,55666666667,1,0,-2.784604425,-0.9971112349,2.23136863,0.3509761162,0.1067089025,0.8042359703,0.4675825917
1671,55700000000,1,0,-2.783235847,-1.005142645,2.239840242,0.3487175032,0.1080496712,0.8062718503,0.4654536228
1672,55733333333,1,0,-2.779067365,-1.010412938,2.247131952,0.3477240905,0.1096507253,0.8071316425,0.4643309024
1673,55766666667,1,0,-2.771822145,-1.016284228,2.250982991,0.3468447918,0.1109766231,0.808887044,0.4616109071
1674,55800000000,1,1,-2.770822861,-1.02547155,2.257268995,0.3499868582,0.1128731549,0.8115790966,0.4539914316
1675,55833333333,1,0,-2.771476412,-1.030295646,2.267579863,0.3499312258,0.1164874442,0.8130915369,0.4504008938
1676,55866666667,1,0,-2.764168271,-1.03570385,2.272549698,0.3507525343,0.1194208649,0.8140339019,0.4472808103
1677,55900000000,1,0,-2.7643384,-1.042363317,2.281161893,0.3543160737,0.1204578755,0.8156120654,0.4412787995
1678,55933333333,1,0,-2.762466222,-1.046838503,2.289234081,0.3539072071,0.120000917,0.816177672,0.440685235
1679,55966666667,1,0,-2.755091652,-1.051658676,2.294282806,0.3533625953,0.1201922216,0.8166453207,0.4402035056
1680,56000000000,1,0,-2.751564687,-1.056444042,2.299776851,0.3551506188,0.1188321475,0.8179724818,0.436655445
1681,56033333333,1,0,-2.749010788,-1.061096299,2.307516725,0.3549542364,0.1175900336,0.8193599239,0.434545037
1682,56066666667,1,1,-2.745723318,-1.068735076,2.314526465,0.3549325774,0.1169364793,0.8198051257,0.4338989298
1683,56100000000,1,0,-2.740059742,-1.072116603,2.320033182,0.3564437153,0.1164455744,0.8199902189,0.4324399922
1684,56133333333,1,0,-2.738194608,-1.07561312,2.326315473,0.3562581121,0.1153599745,0.8206065187,0.4317142288
1685,56166666667,1,0,-2.731082954,-1.079229088,2.331443914,0.3554096037,0.1129668874,0.8211030209,0.432102216
1686,56200000000,1,0,-2.725380634,-1.083068048,2.336498025,0.3553749799,0.1122973724,0.8215660205,0.4314246142
1687,56233333333,1,0,-2.722520958,-1.084961653,2.342309083,0.3545614652,0.1109230871,0.8219362853,0.431744113
1688,56266666667,1,0,-2.7150826,-1.088020868,2.345212532,0.3524254533,0.1080078552,0.8229206814,0.4323565139
1689,56300000000,1,0,-2.707971395,-1.0899405,2.350117942,0.3509689566,0.1062542551,0.8242407121,0.4314603959
1690,56333333333,1,0,-2.703475252,-1.093241686,2.355443878,0.3483197409,0.1057658224,0.8253260952,0.4316523897
1691,56366666667,1,0,-2.696755358,-1.096200182,2.361482933,0.3453038461,0.105188152,0.8261065758,0.4327223498
1692,56400000000,1,0,-2.687822899,-1.096342334,2.362319194,0.3433729468,0.105160291,0.8268483076,0.4328489445
1693,56433333333,1,1,-2.686961765,-1.105307269,2.373451523,0.3398484248,0.1060715936,0.8283954799,0.4324497589
1694,56466666667,1,0,-2.682254229,-1.107943097,2.380628729,0.3358954745,0.1071236997,0.8279727918,0.436073158
1695,56500000000,1,0,-2.674045027,-1.107947638,2.382827906,0.3324778297,0.1076698411,0.8270885114,0.4402161883
1696,56533333333,1,0,-2.669106662,-1.110221769,2.387520505,0.328161843,0.1068327851,0.8273277081,0.4431990796
1697,56566666667,1,0,-2.662480265,-1.111711987,2.393657612,0.3243012776,0.1056860495,0.8271388076,0.4466548257
1698,56600000000,1,0,-2.653280331,-1.113563098,2.396548261,0.3215136392,0.1050338381,0.8267090836,0.4496097905
1699,56633333333,1,0,-2.648651064,-1.115148219,2.40221577,0.3189012254,0.1039589463,0.8270527671,0.4510856531
1700,56666666667,1,1,-2.64279008,-1.116898421,2.408716596,0.3147162563,0.1020778708,0.8270550442,0.4544378287
1701,56700000000,1,0,-2.635090933,-1.119242773,2.411564793,0.3107451248,0.1012976945,0.8264374202,0.458451126
1702,56733333333,1,0,-2.627887972,-1.12069863,2.41469541,0.3083546912,0.1003505102,0.8264265388,0.4602894041
1703,56766666667,1,0,-2.622850368,-1.122416642,2.41936824,0.3059897918,0.09789262153,0.8269848834,0.4613927661
1704,56800000000,1,0,-2.616279273,-1.123939059,2.423577134,0.3023041085,0.09764832107,0.8270739339,0.4637086793
1705,56833333333,1,0,-2.608269074,-1.126803587,2.425253199,0.3000983025,0.09826625084,0.8270104718,0.4651219542
1706,56866666667,1,0,-2.604650599,-1.129253428,2.429248872,0.2984818553,0.09733080595,0.8278581544,0.464850699
1707,56900000000,1,0,-2.599113514,-1.132514234,2.434654363,0.2963172758,0.0957086771,0.8284404019,0.4655345548
1708,56933333333,1,1,-2.589832013,-1.133529022,2.43735481,0.2940215502,0.09524075678,0.8290830979,0.4659417808
1709,56966666667,1,0,-2.586384643,-1.136107229,2.441882145,0.2921253701,0.09347656777,0.8305736761,0.4648357431
1710,57000000000,1,0,-2.578955646,-1.141084239,2.444810511,0.2905245523,0.09067975652,0.8313971476,0.4649209064
1711,57033333333,1,0,-2.573507842,-1.144369197,2.449070343,0.2891007637,0.09216285841,0.8320154263,0.4644104719
1712,57066666667,1,0,-2.570091913,-1.146335378,2.453267819,0.2875101804,0.09230942521,0.832334925,0.464796126
1713,57100000000,1,0,-2.561972776,-1.14896674,2.453498336,0.2859254177,0.09067381638,0.8329804657,0.4649391985
1714,57133333333,1,0,-2.555147275,-1.152616862,2.455648862,0.2846022801,0.09146393041,0.83489386,0.462155963
1715,57166666667,1,0,-2.553233816,-1.155858353,2.463284004,0.2829180159,0.09126952344,0.8371421702,0.4591516714
1716,57200000000,1,0,-2.545928495,-1.161262978,2.468696238,0.281863888,0.08955932416,0.8381672099,0.4582658665
1717,57233333333,1,1,-2.538989823,-1.168005183,2.476905248,0.2811801763,0.08978396456,0.8391592764,0.4568240985
1718,57266666667,1,0,-2.536122117,-1.171284652,2.484711913,0.2807444747,0.08927092003,0.839644128,0.4563014147
1719,57300000000,1,0,-2.52814989,-1.174242064,2.48718053,0.2805155301,0.08835967495,0.8396000017,0.4567006048
1720,57333333333,1,0,-2.524440326,-1.177669318,2.492359825,0.2806995678,0.08779937289,0.8409903363,0.4541302423
1721,57366666667,1,0,-2.521987588,-1.182273182,2.501356034,0.2789933815,0.08733409611,0.8420776186,0.4532557037
1722,57400000000,1,0,-2.515208338,-1.186312192,2.508383492,0.2780787405,0.08825884455,0.8416788625,0.4543779076
1723,57433333333,1,0,-2.509983148,-1.188346293,2.510645215,0.2773673887,0.08998290898,0.8417202538,0.4543978675
1724,57466666667,1,0,-2.509699865,-1.192064046,2.520626174,0.2745083732,0.08948576765,0.843554902,0.4528273155
1725,57500000000,1,0,-2.50434802,-1.19714125,2.527755374,0.2709754509,0.08971023547,0.8435572107,0.4549017596
1726,57533333333,1,0,-2.499160685,-1.202118793,2.532917753,0.2686411042,0.09268537934,0.8432019225,0.4563462452
1727,57566666667,1,1,-2.499479927,-1.208298377,2.545791914,0.2644727867,0.09306294847,0.8441561377,0.4569396546
1728,57600000000,1,0,-2.494174375,-1.210259715,2.551318065,0.2605845562,0.09085840814,0.8442512186,0.4594347816
1729,57633333333,1,0,-2.487863412,-1.214397289,2.553676746,0.2571492597,0.09148567061,0.8449851382,0.4598964519
1730,57666666667,1,0,-2.48732522,-1.220309645,2.565079474,0.2537155394,0.09243070513,0.8460308832,0.4596919995
1731,57700000000,1,0,-2.481689776,-1.223511132,2.569437549,0.2514477228,0.09266959087,0.8458149377,0.4612845984
1732,57733333333,1,0,-2.479271262,-1.227036559,2.574616172,0.2493852283,0.09443953909,0.8464165223,0.4609417014
1733,57766666667,1,0,-2.479099383,-1.232550907,2.584669601,0.246312547,0.09454402404,0.84682695,0.4618177924
1734,57800000000,1,0,-2.473089088,-1.2340445,2.586524757,0.2445970333,0.09454503535,0.8467453061,0.462877861
1735,57833333333,1,0,-2.470689897,-1.239452619,2.592885636,0.2429268217,0.09554687062,0.847872173,0.461486872
1736,57866666667,1,0,-2.470936524,-1.244559561,2.603714039,0.2408156489,0.09506303844,0.8487072975,0.4611580695
1737,57900000000,1,0,-2.465735189,-1.246418792,2.606838095,0.239144091,0.09550971499,0.8482988589,0.4626846055
1738,57933333333,1,1,-2.460578792,-1.248551541,2.614027863,0.2370012733,0.09671923837,0.8491262346,0.4620177735
1739,57966666667,1,0,-2.46014314,-1.25061468,2.621455267,0.2363448962,0.09567644238,0.849628128,0.4616482997
1740,58000000000,1,0,-2.456115169,-1.252711,2.62670977,0.2344510139,0.09435661236,0.8499037036,0.4623778178
1741,58033333333,1,0,-2.453219682,-1.256175639,2.632088934,0.2330742863,0.09392507099,0.8500000557,0.4629841934
1742,58066666667,1,0,-2.45089171,-1.256525622,2.63670992,0.2322087517,0.09274182859,0.8499821812,0.4636899184
1743,58100000000,1,0,-2.444021204,-1.257960316,2.63819027,0.2301168021,0.09061485026,0.8503182207,0.4645364677
1744,58133333333,1,0,-2.439675121,-1.26246464,2.642559235,0.2281368322,0.08912763261,0.8512139538,0.4641601617
1745,58166666667,1,0,-2.433909894,-1.267130542,2.647598147,0.2270933714,0.08837173896,0.8514131424,0.4644509634
1746,58200000000,1,0,-2.4299606,-1.266845509,2.65080205,0.2271668036,0.08783772271,0.851799737,0.4638070568
1747,58233333333,1,0,-2.425562685,-1.267777156,2.654694921,0.2250040611,0.08573295888,0.8530345101,0.4629850504
1748,58266666667,1,1,-2.418361999,-1.274253647,2.657971087,0.2235807715,0.08402142955,0.8537678229,0.4626365124
1749,58300000000,1,0,-2.414185639,-1.276051504,2.663214499,0.2235804101,0.0845606579,0.853951477,0.4621992754
1750,58333333333,1,0,-2.41118054,-1.274226687,2.666467945,0.2228555064,0.08355661431,0.8543108031,0.4620679249
1751,58366666667,1,0,-2.402720129,-1.276589955,2.66741244,0.2206224697,0.08069159941,0.8552532476,0.4619052654
1752,58400000000,1,0,-2.397041312,-1.27915761,2.671398497,0.2196270278,0.07954914039,0.8565056779,0.4602541979
1753,58433333333,1,0,-2.39278393,-1.280506163,2.678409192,0.2175323523,0.07875067131,0.8574481257,0.4596310686
1754,58466666667,1,0,-2.384392021,-1.281157639,2.678933472,0.2150711593,0.07817295815,0.8579123595,0.4600214869
1755,58500000000,1,0,-2.378494826,-1.28436077,2.681863452,0.2129435907,0.07900115153,0.858834729,0.4591478559
1756,58533333333,1,0,-2.372661273,-1.288662178,2.689646671,0.2095688843,0.08012310942,0.8591337156,0.4599461151
1757,58566666667,1,0,-2.363170954,-1.289460154,2.690102826,0.2071972293,0.08176899846,0.8582905498,0.4622991145
1758,58600000000,1,0,-2.356194871,-1.290975022,2.691944965,0.2055646386,0.08342880599,0.8588099043,0.4617665665
1759,58633333333,1,0,-2.352266389,-1.292220118,2.700853763,0.2030560168,0.08402420761,0.8592197714,0.4620060291
1760,58666666667,1,1,-2.343910425,-1.297632309,2.705875964,0.1991623033,0.08492085781,0.8582034318,0.4654134661
1761,58700000000,1,0,-2.337750931,-1.295873692,2.70967637,0.1960831194,0.08576603688,0.857750183,0.4673972836
1762,58733333333,1,0,-2.331176675,-1.298058235,2.712393224,0.1921022965,0.08448629602,0.8576120764,0.4695320008
1763,58766666667,1,0,-2.323926948,-1.301953504,2.717588643,0.1892161407,0.08332746329,0.8571865809,0.471683105
1764,58800000000,1,0,-2.317685141,-1.302131959,2.720084432,0.1864531208,0.08442201955,0.8558918172,0.4749287879
1765,58833333333,1,0,-2.310800223,-1.30306819,2.722919323,0.1825694459,0.08429564508,0.8551166782,0.4778473692
1766,58866666667,1,0,-2.301417535,-1.302621706,2.720573951,0.178982253,0.08337072385,0.8550898438,0.4794121761
1767,58900000000,1,1,-2.291617357,-1.310008657,2.726366697,0.1744200686,0.08440009785,0.8560735625,0.4791579267
1768,58933333333,1,0,-2.287257576,-1.314603047,2.732692602,0.1708135951,0.08684891307,0.8553671655,0.4812764218
1769,58966666667,1,0,-2.27843773,-1.312066037,2.729471119,0.1679529207,0.08832933402,0.8545590472,0.4834444953
1770,59000000000,1,0,-2.271187636,-1.316337957,2.72876137,0.1644165666,0.08982539133,0.8555743403,0.4825879608
1771,59033333333,1,0,-2.266498843,-1.322048084,2.733518653,0.1613329828,0.09218569822,0.8562716089,0.4819464675
1772,59066666667,1,0,-2.259750885,-1.323601889,2.734529997,0.1588189782,0.09481194295,0.8563421171,0.4821466646
1773,59100000000,1,0,-2.252862743,-1.326272072,2.736069843,0.1568231278,0.0952835951,0.8574452012,0.4807444955
1774,59133333333,1,0,-2.247842766,-1.33267086,2.739643619,0.1555500064,0.09505227148,0.8584983713,0.4793222378
1775,59166666667,1,0,-2.24313489,-1.336092659,2.743616122,0.1540966942,0.09517397855,0.8586179248,0.4795533149
1776,59200000000,1,0,-2.236290766,-1.337606744,2.74297507,0.1521083059,0.09600479006,0.8584495823,0.4803232851
1777,59233333333,1,1,-2.230467048,-1.341127404,2.747326715,0.1494347728,0.09444318073,0.8599149077,0.4788487086
1778,59266666667,1,0,-2.223970984,-1.341290048,2.745383148,0.1447990865,0.09290432599,0.8609507132,0.4787127324
1779,59300000000,1,0,-2.222988747,-1.339913896,2.74260349,0.1397942382,0.09096599984,0.8632836876,0.4763654401
1780,59333333333,1,0,-2.213404559,-1.343400295,2.744545853,0.1308409288,0.08763867489,0.8664030079,0.473862788
1781,59366666667,1,0,-2.207762117,-1.347120773,2.749172239,0.1247572812,0.0852675045,0.8690140637,0.4711471433
1782,59400000000,1,0,-2.202947227,-1.34961525,2.751793774,0.117222932,0.08349660269,0.8699918231,0.4715944543
1783,59433333333,1,1,-2.192895166,-1.352267213,2.751751139,0.111548332,0.08132650136,0.8711020841,0.4713004657
1784,59466666667,1,0,-2.189000707,-1.352808758,2.754052144,0.1068484,0.07956704235,0.8728509017,0.469450539
1785,59500000000,1,0,-2.183631271,-1.356599244,2.756349975,0.1004973606,0.07956766959,0.8730738372,0.4704373935
1786,59533333333,1,0,-2.175890856,-1.356063381,2.755797772,0.09559411094,0.08035135942,0.8734473928,0.470632635
1787,59566666667,1,0,-2.173135924,-1.357937161,2.761338204,0.08949282499,0.08059301823,0.8742400894,0.4703191106
1788,59600000000,1,0,-2.165783488,-1.359621776,2.76314779,0.08365218717,0.08295035332,0.8731111397,0.473073449
1789,59633333333,1,0,-2.159863277,-1.356597635,2.762210887,0.07992175329,0.08689074677,0.8728117864,0.4735631922
1790,59666666667,1,1,-2.160472171,-1.36080296,2.770554785,0.07412740376,0.08782153287,0.8727497675,0.4744474151
1791,59700000000,1,0,-2.15306434,-1.358816705,2.771740795,0.06782030925,0.08912287532,0.8708967576,0.4785356375
1792,59733333333,1,0,-2.144179379,-1.359177077,2.775700577,0.0573452502,0.09633249016,0.8682156749,0.483356096
1793,59766666667,1,0,-2.136457135,-1.357572575,2.777778336,0.05315835329,0.09724874458,0.8671343949,0.4855870801
1794,59800000000,1,0,-2.132931099,-1.358882162,2.780519878,0.05026097194,0.09879705299,0.8664747155,0.4867592263
1795,59833333333,1,0,-2.127598013,-1.359634292,2.78467596,0.04673044994,0.09920099088,0.8647578428,0.490070711
1796,59866666667,1,0,-2.117185527,-1.355781119,2.781820723,0.04345573941,0.09995764018,0.8640037524,0.4915461166
1797,59900000000,1,0,-2.114842114,-1.358363102,2.784381771,0.04082791611,0.09926609194,0.8645798663,0.4908981352
1798,59933333333,1,0,-2.107299876,-1.355600081,2.78670692,0.03760058295,0.09677326472,0.8646127596,0.4915952678
1799,59966666667,1,0,-2.102561063,-1.352090503,2.783765452,0.03295246731,0.09793125358,0.8643272917,0.4922011147
1800,60000000000,1,0,-2.099908424,-1.359258514,2.790513955,0.02910705701,0.0977695636,0.8638462802,0.4933188581
1801,60033333333,1,1,-2.085552306,-1.354804763,2.791115531,0.02479041492,0.09486485562,0.8627917103,0.4959602395
1802,60066666667,1,0,-2.07874216,-1.349035959,2.786171066,0.02001327343,0.09448275012,0.8619771759,0.4976623625
1803,60100000000,1,0,-2.074192037,-1.351380036,2.787092427,0.01519394975,0.09166163661,0.8619998276,0.4983207656
1804,60133333333,1,0,-2.063660232,-1.348018881,2.786198397,0.0113308526,0.08881393751,0.8620246507,0.498895979
1805,60166666667,1,0,-2.055392673,-1.347015345,2.783906903,0.007429697684,0.08784863784,0.8620925084,0.4990229688
1806,60200000000,1,0,-2.047701074,-1.347715967,2.785567885,0.004104476544,0.0872881968,0.8621753242,0.4990166674
1807,60233333333,1,0,-2.038062422,-1.343361414,2.781498131,0.001488381334,0.0873921649,0.8625011237,0.4984498028
1808,60266666667,1,0,-2.030394077,-1.345001004,2.782952136,-0.002348179084,0.08799627306,0.8630580224,0.4973751018
1809,60300000000,1,0,-2.019850517,-1.343494188,2.780134807,-0.006228131637,0.0899458907,0.8627681767,0.4974957492
1810,60333333333,1,1,-2.009747539,-1.342725591,2.774111305,-0.008877756317,0.09116646328,0.8628406217,0.4971075567
1811,60366666667,1,0,-2.000172464,-1.342617338,2.773242098,-0.0113460515,0.09442431879,0.8632358642,0.4957611903
1812,60400000000,1,0,-1.992250571,-1.344071793,2.771931042,-0.01279714951,0.09640646997,0.8632065806,0.4953952207
1813,60433333333,1,0,-1.983201776,-1.340573577,2.767385462,-0.01579252907,0.09827006959,0.8627495579,0.4957386305
1814,60466666667,1,0,-1.97358143,-1.339342184,2.759550607,-0.01866464228,0.09985409967,0.8634040208,0.4941804193
1815,60500000000,1,0,-1.969309132,-1.344231261,2.762460619,-0.0212889295,0.1016516487,0.8642736024,0.4921837706
1816,60533333333,1,0,-1.959194973,-1.342939369,2.762362093,-0.02480525978,0.1038901315,0.8632979764,0.4932627531
1817,60566666667,1,1,-1.948761066,-1.33837384,2.749223627,-0.02888906728,0.1073611245,0.8620859469,0.4944156458
1818,60600000000,1,0,-1.944925447,-1.343321294,2.748928693,-0.03079994025,0.1071075706,0.8630540284,0.4926632482
1819,60633333333,1,0,-1.935350119,-1.342613152,2.74908536,-0.03423398539,0.1071985747,0.8623814118,0.4935937605
1820,60666666667,1,0,-1.925389632,-1.338401229,2.738883745,-0.0380265049,0.1100959948,0.8612063199,0.4947287453
1821,60700000000,1,0,-1.920769021,-1.341440542,2.738139563,-0.04010884859,0.109435934,0.8617949167,0.493684695
1822,60733333333,1,0,-1.913777845,-1.339967028,2.73416455,-0.04276383151,0.1068067072,0.8615395277,0.4944827846
1823,60766666667,1,0,-1.905470903,-1.337751747,2.729420432,-0.04721424496,0.1078583756,0.8607590659,0.4952082555
1824,60800000000,1,1,-1.898586151,-1.34038623,2.729133274,-0.05022223033,0.1065631118,0.8607280061,0.4952467368
1825,60833333333,1,0,-1.89154427,-1.337467516,2.726047177,-0.05352029479,0.1022991485,0.8603257728,0.4964977613
1826,60866666667,1,0,-1.882918291,-1.333774614,2.722823944,-0.05770084703,0.1022183177,0.8600136899,0.4965868313
1827,60900000000,1,0,-1.87463307,-1.336212278,2.725649732,-0.06187334557,0.104029428,0.85929041,0.4969603188
1828,60933333333,1,0,-1.867598019,-1.332641755,2.720593893,-0.06484976694,0.1042600585,0.857497383,0.4996224436
1829,60966666667,1,0,-1.860637,-1.327638681,2.714481372,-0.06934594837,0.1046963455,0.8565966754,0.5004717278
1830,61000000000,1,0,-1.8540252,-1.329111818,2.716118051,-0.07458968086,0.1058334267,0.8563846662,0.4998409434
1831,61033333333,1,1,-1.84273936,-1.329378478,2.719384544,-0.08018326593,0.1052025809,0.8550122943,0.5014549206
1832,61066666667,1,0,-1.834635329,-1.322283363,2.710050332,-0.08540155143,0.1059145749,0.8531342724,0.5036373607
1833,61100000000,1,0,-1.827489871,-1.323163895,2.710226253,-0.09168907643,0.1059075558,0.8531546366,0.5024976308
1834,61133333333,1,0,-1.819220851,-1.320891406,2.711998203,-0.09685271265,0.106009721,0.8524128067,0.502766246
1835,61166666667,1,0,-1.809128774,-1.313919267,2.703620002,-0.103173449,0.1080343641,0.8513355303,0.5029032019
1836,61200000000,1,0,-1.802917179,-1.316247165,2.704720259,-0.1078556177,0.1084522182,0.8523930979,0.5000312878
1837,61233333333,1,1,-1.792069544,-1.315311315,2.704751815,-0.1143057837,0.1070477301,0.8520203614,0.4995360599
1838,61266666667,1,0,-1.78278591,-1.313199675,2.702707848,-0.1218675428,0.1106781891,0.8510448382,0.4986194179
1839,61300000000,1,0,-1.778423166,-1.315052595,2.706078177,-0.1268061265,0.1138187608,0.850317206,0.4979218263
1840,61333333333,1,0,-1.773035893,-1.313371419,2.704749725,-0.1319460176,0.1127119748,0.8490061195,0.4990740108
1841,61366666667,1,0,-1.765485101,-1.31022922,2.701219382,-0.1387450192,0.1120381652,0.8474923237,0.4999540283
1842,61400000000,1,0,-1.758321731,-1.310858807,2.702806991,-0.1455787302,0.112740636,0.8461083195,0.5001970552
1843,61433333333,1,1,-1.750448378,-1.309739784,2.70235245,-0.1506368016,0.1119965292,0.8448346946,0.5010186326
1844,61466666667,1,0,-1.743183743,-1.305979776,2.697905133,-0.1548959733,0.1113835806,0.8440508275,0.501177749
1845,61500000000,1,0,-1.735998358,-1.307064418,2.696772786,-0.1603557732,0.1107274236,0.8440266361,0.4996443748
1846,61533333333,1,0,-1.729649208,-1.306631699,2.699256383,-0.164300854,0.1115667255,0.8438505297,0.498472044
1847,61566666667,1,0,-1.722695204,-1.305983686,2.698709447,-0.1686496825,0.1133681004,0.842724417,0.49851832
1848,61600000000,1,0,-1.718206609,-1.305453004,2.69734294,-0.1725912809,0.1140360736,0.841399132,0.4992549693
1849,61633333333,1,1,-1.709661626,-1.303541739,2.694144197,-0.1763628725,0.111852551,0.8403376967,0.5002176521
1850,61666666667,1,0,-1.702846111,-1.302795908,2.692213267,-0.1801685471,0.111823757,0.8395140906,0.5002507709
1851,61700000000,1,0,-1.695804401,-1.301790076,2.691809432,-0.1840496192,0.1118616933,0.8383994272,0.5006986117
1852,61733333333,1,0,-1.688023509,-1.297180496,2.685967565,-0.1861918624,0.110145959,0.8377530668,0.5013683846
1853,61766666667,1,0,-1.682736986,-1.295820353,2.679144966,-0.1888418016,0.1084921087,0.8379953652,0.5003318941
1854,61800000000,1,0,-1.675413772,-1.298522822,2.683210431,-0.193291601,0.108875874,0.8380291857,0.4984892024
1855,61833333333,1,1,-1.666094277,-1.294219638,2.676651757,-0.1966904079,0.1079858601,0.8372172887,0.4987175041
1856,61866666667,1,0,-1.659089633,-1.292860236,2.670630636,-0.2003720947,0.1067913053,0.8369417031,0.49797111
1857,61900000000,1,0,-1.652152642,-1.293011346,2.672058693,-0.2032598684,0.1067001033,0.8372497974,0.4962995977
1858,61933333333,1,0,-1.644535748,-1.289812027,2.666019474,-0.2045372768,0.106644484,0.8370319346,0.4961542068
1859,61966666667,1,0,-1.639779092,-1.289742714,2.662917854,-0.2058594529,0.1071293967,0.8369827616,0.4955855475
1860,62000000000,1,0,-1.63315559,-1.288012852,2.65679666,-0.2091549611,0.1064522769,0.8359032489,0.4961732293
1861,62033333333,1,0,-1.624110303,-1.282640485,2.651079052,-0.2137788207,0.10837894,0.8351086081,0.4951224432
1862,62066666667,1,1,-1.613578272,-1.280358302,2.644110859,-0.215755965,0.1092433596,0.8355476614,0.4933308803
1863,62100000000,1,0,-1.608852871,-1.278961002,2.642180807,-0.2185544956,0.1111927344,0.8348645072,0.4928198077
1864,62133333333,1,0,-1.600064892,-1.275786186,2.63695996,-0.2211662727,0.1126592164,0.8338371957,0.4930607587
1865,62166666667,1,0,-1.593923577,-1.272434817,2.631830392,-0.2222507293,0.1134156156,0.8329090742,0.4939675957
1866,62200000000,1,0,-1.58785665,-1.268877729,2.623354817,-0.2248350204,0.1140268831,0.8312856104,0.495390066
1867,62233333333,1,0,-1.58078841,-1.263808423,2.617567515,-0.2269924345,0.1139967604,0.8308715287,0.4951077419
1868,62266666667,1,1,-1.572540018,-1.261836292,2.613566098,-0.2290351565,0.1144220033,0.8303492775,0.4949450268
1869,62300000000,1,0,-1.567062398,-1.257665367,2.607936669,-0.2321072527,0.1163875904,0.8282533208,0.496564788
1870,62333333333,1,0,-1.561271574,-1.252726928,2.596364029,-0.2352700901,0.1174559824,0.826151581,0.4983228292
1871,62366666667,1,0,-1.556840868,-1.250013011,2.585493068,-0.2370484268,0.1161187322,0.8260365796,0.4979839883
1872,62400000000,1,0,-1.551114841,-1.24980777,2.585626126,-0.2392947665,0.1152278589,0.8267784577,0.4958809708
1873,62433333333,1,0,-1.543170019,-1.243413576,2.579182965,-0.2416068002,0.1166047879,0.825587595,0.496421797
1874,62466666667,1,1,-1.538518736,-1.240926721,2.570460331,-0.24197478,0.1164531514,0.8253917969,0.4966037162
1875,62500000000,1,0,-1.536581772,-1.240821919,2.569099196,-0.2423123087,0.1148199334,0.8253451816,0.4968968295
1876,62533333333,1,0,-1.530149127,-1.235824577,2.561691235,-0.2441419958,0.112999012,0.8241479728,0.4984034793
1877,62566666667,1,0,-1.524100966,-1.232279013,2.550288122,-0.2456227286,0.113424128,0.8238185682,0.4981238892
1878,62600000000,1,0,-1.521533502,-1.235624181,2.552896083,-0.2449912326,0.1127559181,0.8249181536,0.4967649733
1879,62633333333,1,0,-1.513040251,-1.229691781,2.545639307,-0.2464021937,0.112470454,0.8233189689,0.4987807449
1880,62666666667,1,0,-1.509074395,-1.225643275,2.536504235,-0.2470929744,0.1145563814,0.8228861031,0.4986786127
1881,62700000000,1,0,-1.506146469,-1.225053943,2.535457611,-0.2474833737,0.1140530607,0.822971616,0.4984592244
1882,62733333333,1,0,-1.503185231,-1.221688932,2.529156115,-0.2494094489,0.1127117242,0.8217625605,0.4997972471
1883,62766666667,1,1,-1.495447176,-1.218190254,2.52305828,-0.2524902523,0.1127001968,0.8213132964,0.4989907888
1884,62800000000,1,0,-1.493202542,-1.216665077,2.521592433,-0.2532348317,0.1130223193,0.8211575667,0.4987968785
1885,62833333333,1,0,-1.48882397,-1.213531769,2.515644575,-0.255757433,0.1128078545,0.819622869,0.5000808696
1886,62866666667,1,0,-1.484620305,-1.209968073,2.510060794,-0.2578693091,0.1122284514,0.8190839174,0.5000097303
1887,62900000000,1,0,-1.480692647,-1.207934067,2.507673417,-0.2603182505,0.1132969185,0.8185341823,0.4993996486
1888,62933333333,1,0,-1.478097814,-1.205280174,2.503842917,-0.2634447376,0.1146033634,0.81689897,0.5001389928
1889,62966666667,1,0,-1.476091444,-1.20122136,2.497972428,-0.2679313377,0.1160875746,0.8151548081,0.500259045
1890,63000000000,1,1,-1.47101305,-1.197829099,2.493773729,-0.2733622453,0.1168864041,0.81372911,0.4994552902
1891,63033333333,1,0,-1.46803599,-1.194152646,2.490076077,-0.2790022018,0.1176924757,0.8119075804,0.4991115441
1892,63066666667,1,0,-1.465383922,-1.189044216,2.486102404,-0.2852273087,0.1188637297,0.8101349241,0.4981949427
1893,63100000000,1,0,-1.461724648,-1.186108235,2.480437578,-0.2910049165,0.1192795879,0.8083495552,0.4976540114
1894,63133333333,1,0,-1.458616709,-1.182491941,2.476955592,-0.2968636832,0.1207809179,0.807008045,0.4960059867
1895,63166666667,1,0,-1.455914691,-1.178993769,2.475150368,-0.3027755983,0.1235882753,0.8050488515,0.4949234506
1896,63200000000,1,0,-1.451462114,-1.171687383,2.464541654,-0.3120988135,0.1277279676,0.8022415171,0.4926341899
1897,63233333333,1,1,-1.44536048,-1.171352146,2.456956796,-0.318447779,0.127343258,0.8002095447,0.4919749905
1898,63266666667,1,0,-1.441568616,-1.168598189,2.452190371,-0.3227025669,0.1285558321,0.7996235849,0.4898352517
1899,63300000000,1,0,-1.437414846,-1.167593142,2.453699901,-0.3245660938,0.1281700917,0.8003288523,0.4875479531
1900,63333333333,1,0,-1.432844741,-1.163302058,2.44707996,-0.3288338287,0.128178528,0.7983975077,0.4878524344
1901,63366666667,1,0,-1.427257026,-1.160689553,2.439741382,-0.3335549884,0.1303583511,0.7977108342,0.4851857325
1902,63400000000,1,0,-1.421111707,-1.159559865,2.439456076,-0.335477107,0.1323541212,0.7986153672,0.4818204983
1903,63433333333,1,0,-1.41644244,-1.157682781,2.4355845,-0.3375595151,0.133426209,0.798129165,0.4808750945
1904,63466666667,1,1,-1.407514655,-1.155510893,2.430971586,-0.3405996855,0.1345174183,0.7975572359,0.4793739394
1905,63500000000,1,0,-1.402034834,-1.15422827,2.431586633,-0.3402898621,0.1367241043,0.7980709768,0.4781130044
1906,63533333333,1,0,-1.397380294,-1.15256236,2.428575472,-0.3408978612,0.1380863602,0.7961059731,0.4805580974
1907,63566666667,1,0,-1.39608681,-1.147647183,2.421374487,-0.3413274512,0.1388846844,0.7944759751,0.4827157968
1908,63600000000,1,0,-1.392616892,-1.145181525,2.420480752,-0.3426043142,0.1380343562,0.7943647057,0.4822380271
1909,63633333333,1,0,-1.388398003,-1.141438838,2.414729267,-0.3447126042,0.1369465325,0.7921499262,0.4846827439
1910,63666666667,1,0,-1.385568401,-1.135625733,2.405417144,-0.3462711961,0.1380635204,0.7908131357,0.4854372333
1911,63700000000,1,0,-1.383510151,-1.134962365,2.403147913,-0.3461925322,0.1372399911,0.7913577354,0.4848389941
1912,63733333333,1,0,-1.379440281,-1.130716829,2.396517853,-0.3476189979,0.1344835314,0.7903782792,0.4861865772
1913,63766666667,1,0,-1.37542902,-1.12694718,2.388887207,-0.3493129265,0.1345325348,0.7900266766,0.4855299443
1914,63800000000,1,1,-1.369428004,-1.125415625,2.386876575,-0.3496914035,0.1337641008,0.7903294283,0.4849767853
1915,63833333333,1,0,-1.368040687,-1.120137175,2.37941853,-0.3496373097,0.1319600721,0.7891999396,0.4873435609
1916,63866666667,1,0,-1.365975317,-1.115218971,2.371356801,-0.3506589808,0.1309840657,0.7889233108,0.4873206987
1917,63900000000,1,0,-1.359066653,-1.110042469,2.369859395,-0.350866694,0.1308019646,0.7901843261,0.4851722786
1918,63933333333,1,0,-1.355276238,-1.105777874,2.362936264,-0.3497613805,0.1318951409,0.7889278925,0.487712445
1919,63966666667,1,0,-1.354299747,-1.100972107,2.353175138,-0.3482212118,0.1326106832,0.788246891,0.4897175035
1920,64000000000,1,0,-1.352793906,-1.097839554,2.34724106,-0.3470389169,0.1314128877,0.7886234006,0.4902731639
1921,64033333333,1,0,-1.350785564,-1.094129267,2.338050141,-0.3471725714,0.1299051107,0.7882990817,0.4911012378
1922,64066666667,1,1,-1.3451241,-1.089502932,2.331208852,-0.3475064313,0.1291305275,0.789352322,0.4893745997
1923,64100000000,1,0,-1.342774646,-1.084901893,2.327102141,-0.3450804181,0.1302470114,0.7902843272,0.4892912254
1924,64133333333,1,0,-1.341001137,-1.081397796,2.320987582,-0.3434826898,0.1306437331,0.7899823588,0.4907949976
1925,64166666667,1,0,-1.339245007,-1.076328953,2.312804558,-0.3421036496,0.129662502,0.7896462664,0.4925560908
1926,64200000000,1,0,-1.33654792,-1.071594729,2.304480923,-0.3398734789,0.1291602924,0.7905969054,0.4927069823
1927,64233333333,1,0,-1.331452371,-1.066874276,2.301413298,-0.3384261539,0.1279710482,0.7918048788,0.4920733514
1928,64266666667,1,0,-1.330449099,-1.061649926,2.293282006,-0.3367410588,0.1282250117,0.7907131202,0.494910666
1929,64300000000,1,1,-1.328226189,-1.055432246,2.28028337,-0.3353728811,0.1282405179,0.7905334178,0.4961212711
1930,64333333333,1,0,-1.32648432,-1.052061477,2.279900869,-0.331429422,0.1280375041,0.7934348778,0.4941882541
1931,64366666667,1,0,-1.321466227,-1.045669536,2.277496401,-0.3300290988,0.1261636048,0.7937612894,0.4950823711
1932,64400000000,1,0,-1.317684102,-1.040107124,2.26187746,-0.3306590187,0.1262986972,0.7908236602,0.4993107157
1933,64433333333,1,0,-1.317796602,-1.035130109,2.258545324,-0.3241978614,0.1280953639,0.7947058174,0.4969205049
1934,64466666667,1,0,-1.316216282,-1.031065435,2.259590817,-0.3182803465,0.1263351967,0.7978599781,0.4961416072
1935,64500000000,1,1,-1.309817052,-1.026409561,2.249372344,-0.3173745987,0.1242463585,0.7970113821,0.4986071231
1936,64533333333,1,0,-1.305153917,-1.021987988,2.242784912,-0.3131691453,0.1240525824,0.7989332685,0.4982385732
1937,64566666667,1,0,-1.302417245,-1.016432345,2.245677208,-0.3061816166,0.1241928056,0.8028499322,0.496246865
1938,64600000000,1,0,-1.30002281,-1.012340858,2.242086258,-0.3029037477,0.1227379253,0.8023073066,0.4994874443
1939,64633333333,1,0,-1.297814502,-1.009023135,2.23117997,-0.3008604886,0.1212461528,0.8014122376,0.5025144399
1940,64666666667,1,0,-1.293749969,-1.005918231,2.232987109,-0.2955512439,0.1184865793,0.8051928876,0.500274731
1941,64700000000,1,1,-1.280535279,-1.000873195,2.231297552,-0.2963199097,0.1143742343,0.8048294347,0.5013607749
1942,64733333333,1,0,-1.278962146,-0.9978715154,2.223878298,-0.2920385707,0.1150382713,0.8038798012,0.505229586
1943,64766666667,1,0,-1.274605223,-0.9949276692,2.223621369,-0.2869375428,0.1136359297,0.8060317042,0.5050412001
1944,64800000000,1,0,-1.271379754,-0.9916990095,2.222878881,-0.2828594654,0.1117575682,0.8067233711,0.5066538969
1945,64833333333,1,0,-1.265396704,-0.9903097167,2.216154407,-0.2815190503,0.1102146607,0.8056415339,0.5094521291
1946,64866666667,1,0,-1.260083064,-0.9879438439,2.214789167,-0.2778989629,0.1099601587,0.8069251634,0.5094631592
1947,64900000000,1,0,-1.25568406,-0.9838995015,2.219124348,-0.2745083156,0.1086566751,0.8083760686,0.509280908
1948,64933333333,1,1,-1.243178959,-0.9787099261,2.209966714,-0.2782561957,0.1052397516,0.8056446297,0.5122839202
1949,64966666667,1,0,-1.237321766,-0.9759864509,2.210612474,-0.2748594869,0.104578536,0.8072264479,0.5117626931
1950,65000000000,1,0,-1.231269215,-0.9740952444,2.211502514,-0.2719912391,0.1028019633,0.8074377669,0.5133193691
1951,65033333333,1,0,-1.226240953,-0.975172521,2.205647323,-0.2706060979,0.102330458,0.8055853209,0.5170426558
1952,65066666667,1,0,-1.21931685,-0.9739692684,2.204486194,-0.2671230949,0.1019193847,0.8075224464,0.5159119981
1953,65100000000,1,0,-1.214033245,-0.9733666707,2.209965367,-0.2630438534,0.1007305933,0.8101038724,0.5141915933
1954,65133333333,1,1,-1.20176755,-0.9723970649,2.203757554,-0.2655822961,0.09985355986,0.8085094857,0.5155654392
1955,65166666667,1,0,-1.195216391,-0.9730127741,2.204869431,-0.2615248414,0.1016396603,0.8109999287,0.5133743784
1956,65200000000,1,0,-1.188923249,-0.9714034037,2.209584703,-0.2580083301,0.1019672071,0.8134597944,0.5111922859
1957,65233333333,1,0,-1.182329667,-0.9729269291,2.207874124,-0.2570022583,0.1019449481,0.8132593446,0.512021782
1958,65266666667,1,0,-1.175002752,-0.9744629091,2.207784596,-0.255157547,0.1020293487,0.8143586744,0.5111796041
1959,65300000000,1,0,-1.16729767,-0.9734994826,2.213366137,-0.252441637,0.100850602,0.8168404427,0.5087966855
1960,65333333333,1,1,-1.155508791,-0.9707654203,2.213537271,-0.2550454542,0.0991325077,0.8164424391,0.5084744889
1961,65366666667,1,0,-1.147832574,-0.9720707304,2.214448436,-0.2549228782,0.09911893386,0.8166509755,0.5082036475
1962,65400000000,1,0,-1.139553015,-0.9725334716,2.216952211,-0.2546051307,0.09861078866,0.8170656954,0.5077950268
1963,65433333333,1,0,-1.132314152,-0.9742020643,2.217312913,-0.2547014555,0.09909756294,0.8166216827,0.5083658809
1964,65466666667,1,0,-1.12490211,-0.9753056781,2.219773113,-0.2536997835,0.09919277099,0.817197117,0.5079233072
1965,65500000000,1,0,-1.116146212,-0.9755441939,2.223099127,-0.2535234864,0.09866896726,0.8171345973,0.5082138591
1966,65533333333,1,0,-1.108748582,-0.9769309636,2.221465211,-0.2535876656,0.09909247758,0.8159340343,0.5100251252
1967,65566666667,1,1,-1.09626199,-0.9725619056,2.225554802,-0.2541767851,0.09681854422,0.8177677783,0.5072240059
1968,65600000000,1,0,-1.087822523,-0.9733118713,2.227509181,-0.253938026,0.09695926889,0.8165947453,0.5092027111
1969,65633333333,1,0,-1.081177624,-0.9750033787,2.226719335,-0.2528650712,0.09747776827,0.8155888402,0.5112457181
1970,65666666667,1,0,-1.073830767,-0.9766089379,2.22692894,-0.2512304493,0.09652968499,0.8157459976,0.511980223
1971,65700000000,1,0,-1.062583314,-0.9764961459,2.230513039,-0.2500434179,0.09452384129,0.816825694,0.5112135739
1972,65733333333,1,0,-1.050887787,-0.9772083097,2.228949265,-0.2498520818,0.09480343586,0.8158210635,0.5128569373
1973,65766666667,1,1,-1.043482634,-0.9742419728,2.233013453,-0.2471327597,0.09640730539,0.8176293356,0.5109924658
1974,65800000000,1,0,-1.036036066,-0.9761106778,2.233711705,-0.2448392404,0.09508886226,0.8181112882,0.5115718667
1975,65833333333,1,0,-1.02453061,-0.976726649,2.233990943,-0.2441718879,0.09378559165,0.8187487259,0.5111114123
1976,65866666667,1,0,-1.014721251,-0.9787265008,2.233419922,-0.2415095569,0.09543136225,0.8195646039,0.5107639857
1977,65900000000,1,0,-1.008441781,-0.9819492077,2.234890854,-0.2372081902,0.09590350627,0.8206944978,0.5108770235
1978,65933333333,1,0,-0.9999184791,-0.9842686597,2.233958286,-0.2348494403,0.09471663452,0.8218545037,0.5103231077
1979,65966666667,1,0,-0.989751808,-0.9857691813,2.23713899,-0.2326323773,0.0945965295,0.823604059,0.5085371449
1980,66000000000,1,0,-0.981648209,-0.9877161845,2.237817308,-0.2297409983,0.09495369989,0.8237857061,0.5094899204
1981,66033333333,1,1,-0.9714034899,-0.9866365609,2.234121268,-0.2293813434,0.09410517718,0.8238726803,0.5096687371
1982,66066666667,1,0,-0.9651386569,-0.9880889719,2.23607159,-0.2263521149,0.09385813009,0.8255335862,0.5083794543
1983,66100000000,1,0,-0.9588309355,-0.9890567412,2.23639377,-0.2252584654,0.09249185895,0.8256846113,0.5088701233
1984,66133333333,1,0,-0.9463841061,-0.9900258054,2.228946804,-0.2270941967,0.09127329171,0.8248754189,0.5095860628
1985,66166666667,1,0,-0.9418803056,-0.9897003391,2.235441669,-0.2217256753,0.09273751485,0.8285355187,0.5057334994
1986,66200000000,1,0,-0.9361205996,-0.9918172934,2.234544935,-0.2210805759,0.09325393274,0.8277583237,0.5071915224
1987,66233333333,1,1,-0.9271167221,-0.9906879476,2.233103383,-0.221671641,0.09188536211,0.8277118636,0.5072591395
1988,66266666667,1,0,-0.9175865204,-0.9908761595,2.231445617,-0.222022598,0.09149589736,0.8276466084,0.5072825231
1989,66300000000,1,0,-0.9120000991,-0.9907265464,2.231900064,-0.2194953032,0.0910078593,0.828482181,0.5071061597
1990,66333333333,1,0,-0.9063890786,-0.991139962,2.230987309,-0.2197383534,0.08933802812,0.8278237101,0.5083715941
1991,66366666667,1,0,-0.8974846848,-0.9924488747,2.224911908,-0.2216237294,0.08791433783,0.8266718325,0.5096740853
1992,66400000000,1,0,-0.8896935934,-0.9922617554,2.225266492,-0.2212675095,0.08787512824,0.8280755333,0.5075525217
1993,66433333333,1,0,-0.8842881274,-0.9920795813,2.226778338,-0.2201020578,0.08829773815,0.8287133718,0.5069445146
1994,66466666667,1,0,-0.878131299,-0.9936754316,2.220127839,-0.2220185932,0.08716301613,0.8269009949,0.5092593617
1995,66500000000,1,1,-0.864319832,-0.9936342742,2.214968043,-0.2248746074,0.08536131847,0.8273188337,0.507630184
1996,66533333333,1,0,-0.8605771379,-0.9920560963,2.219120637,-0.2221512192,0.08597129241,0.8292649148,0.5055467078
1997,66566666667,1,0,-0.8538967489,-0.9930686284,2.215908742,-0.2240427867,0.08498513566,0.8278652772,0.5071700299
1998,66600000000,1,0,-0.8445943298,-0.9931149866,2.210612018,-0.2263752004,0.08416000838,0.8270183685,0.5076534052
1999,66633333333,1,0,-0.8395389821,-0.9937819561,2.210431219,-0.226208361,0.08527830392,0.827652867,0.5065057947
2000,66666666667,1,0,-0.8339334448,-0.993344052,2.208574667,-0.2286152595,0.08421244089,0.8270084894,0.5066559843
2001,66700000000,1,0,-0.823862308,-0.9939358769,2.200958084,-0.2323552388,0.08287678591,0.8256934914,0.5073191693
2002,66733333333,1,0,-0.820022789,-0.9941644624,2.20072812,-0.2330577012,0.08471365115,0.8276045981,0.5035656207
2003,66766666667,1,1,-0.8129544622,-0.993371393,2.2051282,-0.2347999847,0.08301726161,0.829142317,0.5004998697
2004,66800000000,1,0,-0.8035100205,-0.9940964828,2.199861985,-0.2383851763,0.08168304899,0.8274516775,0.5018207933
2005,66833333333,1,0,-0.7980565761,-0.995915614,2.196505112,-0.24029659,0.08244233606,0.8272959237,0.5010411806
2006,66866666667,1,0,-0.7919865222,-0.9971488615,2.197046323,-0.2405932334,0.0792162471,0.8281360994,0.5000302822
2007,66900000000,1,0,-0.7830155398,-0.9979888179,2.191557718,-0.2434156029,0.0763328387,0.8276599259,0.4999011792
2008,66933333333,1,0,-0.7751991211,-0.9992087342,2.193101116,-0.244921677,0.07555377768,0.8295135105,0.4961978785
2009,66966666667,1,0,-0.7668220035,-0.9997895204,2.19399387,-0.2459677318,0.07486378034,0.8297902659,0.4953215157
2010,67000000000,1,0,-0.7618035796,-1.001430527,2.186718849,-0.2475220342,0.07527668081,0.8286528321,0.4963876991
2011,67033333333,1,1,-0.7544739927,-1.005247678,2.180833907,-0.2496166162,0.07387813257,0.8289081178,0.495121095
2012,67066666667,1,0,-0.7457066791,-1.006215796,2.182432556,-0.2502905707,0.07295405782,0.8310058137,0.4913874981
2013,67100000000,1,0,-0.74098811,-1.006884094,2.17977143,-0.2506181647,0.07372436961,0.831632005,0.4900443461
2014,67133333333,1,0,-0.7360111909,-1.0102698,2.175149861,-0.252475463,0.07379086584,0.8321125169,0.4882620279
2015,67166666667,1,0,-0.7297553017,-1.010651364,2.179706318,-0.2517675864,0.07315241002,0.835262412,0.4833202979
2016,67200000000,1,0,-0.724986459,-1.011783009,2.177397047,-0.2526224749,0.07427913646,0.8356472475,0.4820354476
2017,67233333333,1,0,-0.7203230369,-1.013319063,2.175229094,-0.2538046482,0.07438728139,0.8365485369,0.4798294262
2018,67266666667,1,0,-0.7148835393,-1.013979298,2.176585493,-0.2540205718,0.07355701903,0.8382673308,0.476834139
2019,67300000000,1,0,-0.7084823557,-1.015520016,2.171615625,-0.2552518063,0.07284430507,0.8385873678,0.4757220293
2020,67333333333,1,0,-0.7038181544,-1.016293493,2.174377396,-0.253193,0.07151561931,0.8414485353,0.4719567602
2021,67366666667,1,1,-0.6976349948,-1.022583549,2.16730505,-0.2530659938,0.06926339016,0.8408167348,0.4734843229
2022,67400000000,1,0,-0.6896276718,-1.02421159,2.165589449,-0.2519477729,0.06653392312,0.8428859354,0.4707853616
2023,67433333333,1,0,-0.6827442467,-1.025406056,2.165351432,-0.2500023674,0.06536956946,0.8451285087,0.467956664
2024,67466666667,1,0,-0.6759997141,-1.027503676,2.161248648,-0.2493484187,0.06441574043,0.8463139924,0.4662924027
2025,67500000000,1,0,-0.6724111985,-1.030687668,2.157399808,-0.2469971325,0.0619876516,0.8481991517,0.4644439113
2026,67533333333,1,0,-0.665546062,-1.031520608,2.161309841,-0.2453209459,0.05791592276,0.85176347,0.4593064015
2027,67566666667,1,1,-0.6538302799,-1.035929252,2.160889868,-0.245903894,0.05736718101,0.8525811246,0.4575431208
2028,67600000000,1,0,-0.6490009405,-1.038166628,2.158692105,-0.2436769997,0.05878165125,0.8535403428,0.4567659363
2029,67633333333,1,0,-0.6466555027,-1.041103242,2.158647788,-0.24141832,0.05743512643,0.8546613886,0.4560398139
2030,67666666667,1,0,-0.6376480401,-1.04110648,2.159124463,-0.241596519,0.05421089808,0.856188812,0.4534677703
2031,67700000000,1,0,-0.6274674571,-1.040068096,2.163350317,-0.2410033737,0.05347495933,0.8580872428,0.4502711254
2032,67733333333,1,0,-0.6220565509,-1.042616982,2.16123511,-0.2392801585,0.05408595962,0.857746438,0.4517640566
2033,67766666667,1,0,-0.617231668,-1.044386077,2.15947827,-0.2386763348,0.0519385185,0.8580173641,0.4518209826
2034,67800000000,1,0,-0.6071527098,-1.044963107,2.161305898,-0.240091084,0.04990868102,0.8586966943,0.4500059801
2035,67833333333,1,0,-0.5974158246,-1.044906792,2.164595697,-0.2407307966,0.05081931765,0.8593704524,0.4482728032
2036,67866666667,1,0,-0.5934890973,-1.048544794,2.158195312,-0.2417711778,0.05341025031,0.8579396864,0.4501483503
2037,67900000000,1,0,-0.5879026369,-1.050604473,2.161992227,-0.2418074935,0.05276056546,0.8595923587,0.4470418724
2038,67933333333,1,1,-0.5755245688,-1.056626636,2.163907156,-0.2442256659,0.05266488772,0.8588969308,0.4470752689
2039,67966666667,1,0,-0.5653161756,-1.057563985,2.155970631,-0.2487740377,0.05466939055,0.8572741929,0.4474412745
2040,68000000000,1,0,-0.5626664509,-1.061019779,2.165327525,-0.2462556532,0.05605546966,0.8597043888,0.4439868257
2041,68033333333,1,0,-0.552406007,-1.061591188,2.166252196,-0.2497348385,0.05548251043,0.8588879974,0.4436954016
2042,68066666667,1,0,-0.5394528847,-1.060211552,2.165098825,-0.2522742792,0.05674200338,0.8587850128,0.4422966593
2043,68100000000,1,0,-0.5350668114,-1.064318326,2.166677577,-0.2501778413,0.05941081491,0.8591235756,0.4424794737
2044,68133333333,1,0,-0.525988583,-1.065508972,2.171002776,-0.2503201678,0.05765237622,0.8594431855,0.442010665
2045,68166666667,1,1,-0.5094249949,-1.063083994,2.170417551,-0.2524024273,0.0561079052,0.8590321037,0.4418243571
2046,68200000000,1,0,-0.4977286562,-1.061770512,2.172598814,-0.2511922114,0.05863149365,0.8598141594,0.440663627
2047,68233333333,1,0,-0.4934206009,-1.066066741,2.177104016,-0.2453264653,0.0593139006,0.8604852598,0.4425628817
2048,68266666667,1,0,-0.4812064613,-1.068105908,2.173758615,-0.2460213328,0.05693918651,0.8591943932,0.444990368
2049,68300000000,1,0,-0.4675573699,-1.064140884,2.177667889,-0.2449540516,0.05711539478,0.8608499083,0.4423491604
2050,68333333333,1,0,-0.4597692981,-1.066555901,2.184817872,-0.2404582006,0.0592137833,0.8616856494,0.442912433
2051,68366666667,1,1,-0.4539317828,-1.072411277,2.175216943,-0.2381758742,0.05855207995,0.8587789265,0.4498251464
2052,68400000000,1,0,-0.4440578865,-1.072408632,2.174106034,-0.237121069,0.05623727173,0.8596621372,0.4489899528
2053,68433333333,1,0,-0.4339902272,-1.071368772,2.182917741,-0.2336438828,0.056438368,0.8622928502,0.4457311826
2054,68466666667,1,0,-0.425850064,-1.070814816,2.185648215,-0.2310111983,0.05769015399,0.8625961715,0.4463558192
2055,68500000000,1,0,-0.4169334664,-1.072483697,2.179656405,-0.2292346379,0.05803600107,0.8616390966,0.4490672227
2056,68533333333,1,0,-0.4106092262,-1.072760103,2.18213392,-0.2249417834,0.05697031277,0.8632626313,0.4482557383
2057,68566666667,1,1,-0.4013334115,-1.073577691,2.18445776,-0.2236344971,0.05686125547,0.8635430959,0.448383464
2058,68600000000,1,0,-0.3917525295,-1.072169366,2.181002866,-0.221144882,0.05682782435,0.8635090639,0.4496861529
2059,68633333333,1,0,-0.3895486989,-1.075755751,2.185021082,-0.2148274162,0.05613565272,0.864487053,0.4509546596
2060,68666666667,1,0,-0.3796090616,-1.073347564,2.183339222,-0.2141559815,0.05336374181,0.8639763874,0.4525862666
2061,68700000000,1,0,-0.3691422578,-1.070775643,2.181457846,-0.2111631209,0.05203718192,0.8646429964,0.4528738863
2062,68733333333,1,0,-0.3635695769,-1.07177943,2.184047813,-0.2064441646,0.05194978714,0.8655055648,0.4534116715
2063,68766666667,1,1,-0.3579231272,-1.070729804,2.183278688,-0.2034464325,0.04984532027,0.8654750364,0.4550581881
2064,68800000000,1,0,-0.3470522276,-1.068837429,2.178728931,-0.2008494245,0.04731917386,0.865751143,0.4559554396
2065,68833333333,1,0,-0.3410773327,-1.068582087,2.183635099,-0.1962948209,0.04813168338,0.8673434577,0.4548263523
2066,68866666667,1,0,-0.3344359328,-1.068242562,2.183712576,-0.1922082977,0.04715272102,0.8674235785,0.4565182655
2067,68900000000,1,0,-0.3254948613,-1.067851696,2.178122432,-0.190028944,0.04606022225,0.8668693628,0.458590192
2068,68933333333,1,0,-0.3204120925,-1.067749601,2.179200276,-0.1853546011,0.04582276128,0.8681032372,0.4581928807
2069,68966666667,1,1,-0.3141422708,-1.065870247,2.175888361,-0.1813887562,0.04309421462,0.8687151162,0.4588845767
2070,69000000000,1,0,-0.3071550365,-1.06664076,2.174626283,-0.1782578302,0.04103694844,0.8695565184,0.4587064161
2071,69033333333,1,0,-0.2978598528,-1.065047922,2.17559092,-0.1755907845,0.04062106795,0.8708495613,0.4573170091
2072,69066666667,1,0,-0.2910802213,-1.064493829,2.177396569,-0.1704895855,0.04142640887,0.8718472446,0.4572740273
2073,69100000000,1,0,-0.2852753598,-1.067912515,2.168091441,-0.166536921,0.03969463687,0.8706391684,0.4611694138
2074,69133333333,1,0,-0.277516543,-1.066133254,2.170378961,-0.1629228984,0.03796427629,0.8728943668,0.458334231
2075,69166666667,1,1,-0.2689055792,-1.063807497,2.169190373,-0.1599585336,0.03762696842,0.8737685544,0.4577400923
2076,69200000000,1,0,-0.2612512834,-1.063178039,2.169044496,-0.1566538426,0.03913395147,0.874694617,0.456987346
2077,69233333333,1,0,-0.253800338,-1.062017076,2.168255546,-0.1526100394,0.04054345904,0.8753188632,0.4570375166
2078,69266666667,1,0,-0.2473636268,-1.06424388,2.162438312,-0.1480599488,0.04015986629,0.8751955056,0.4588008977
2079,69300000000,1,0,-0.2426578546,-1.065478838,2.165826194,-0.1425249107,0.04002066713,0.8769127491,0.4572844044
2080,69333333333,1,0,-0.2340356079,-1.063329876,2.16619362,-0.1392450966,0.03930199761,0.8775020218,0.4572268122
2081,69366666667,1,1,-0.2274278138,-1.061103633,2.159235657,-0.1349251536,0.03873533416,0.8775185564,0.4585367597
2082,69400000000,1,0,-0.2247871151,-1.064772335,2.159149073,-0.128956073,0.03753073718,0.8784938613,0.4584869797
2083,69433333333,1,0,-0.2140904221,-1.061191611,2.158426517,-0.1269458495,0.03513421561,0.8795494627,0.457212293
2084,69466666667,1,0,-0.2057244432,-1.060320174,2.155029209,-0.1238461955,0.03469991246,0.880246364,0.456754173
2085,69500000000,1,0,-0.2014295002,-1.061279651,2.157921619,-0.1192658223,0.03588171888,0.8817451235,0.4549875857
2086,69533333333,1,0,-0.195395402,-1.06170528,2.154314732,-0.1156097547,0.03528740783,0.8818121784,0.455846976
2087,69566666667,1,1,-0.1900114729,-1.060485141,2.152371187,-0.112506825,0.03536529008,0.8828680617,0.4545717723
2088,69600000000,1,0,-0.1863845168,-1.062780395,2.154053711,-0.1081485713,0.03525691821,0.8838911358,0.4536488689
2089,69633333333,1,0,-0.1795004017,-1.061917199,2.153719281,-0.1071162735,0.0358139665,0.8842853377,0.4530815658
2090,69666666667,1,0,-0.1731985199,-1.060975727,2.150401004,-0.1056255519,0.03757854702,0.8845249665,0.4528208027
2091,69700000000,1,0,-0.1708687085,-1.062250776,2.148682469,-0.1010709912,0.03829509841,0.8855839635,0.4517291044
2092,69733333333,1,0,-0.1676689847,-1.064040777,2.144530618,-0.09747722704,0.03640439328,0.8863558156,0.4511610338
2093,69766666667,1,1,-0.1661763795,-1.064155611,2.145042302,-0.09417814738,0.03519577727,0.8884689716,0.4477885889
2094,69800000000,1,0,-0.1614594258,-1.061444,2.146487601,-0.09208836357,0.03531786501,0.8911251874,0.4429088869
2095,69833333333,1,0,-0.1608746043,-1.065805101,2.147850941,-0.08534983197,0.03549269806,0.8926991528,0.4410713062
2096,69866666667,1,0,-0.1592442933,-1.067553229,2.148136774,-0.082369315,0.0347154624,0.8935098533,0.4400571267
2097,69900000000,1,0,-0.156349918,-1.066149594,2.149600968,-0.07903525692,0.03398174267,0.8951171863,0.4374515884
2098,69933333333,1,0,-0.1554586336,-1.068124516,2.151025504,-0.0740987812,0.03354216958,0.896140804,0.4362521666
2099,69966666667,1,0,-0.1541634244,-1.067722577,2.153653714,-0.06839566482,0.03223230552,0.8971102389,0.43528879
2100,70000000000,1,1,-0.1511013896,-1.066713325,2.145387339,-0.06255445525,0.0280761991,0.8969630385,0.436756196
2101,70033333333,1,0,-0.1525483405,-1.07159388,2.14868061,-0.05372034505,0.02363231366,0.8990239061,0.4339489078
2102,70066666667,1,0,-0.148179092,-1.0694093,2.152590566,-0.04811292804,0.0194197928,0.9008296479,0.4310614379
2103,70100000000,1,0,-0.1460960544,-1.067569426,2.147102978,-0.03866464491,0.01550610108,0.9018815302,0.4299701288
2104,70133333333,1,0,-0.1469064406,-1.074620933,2.155735227,-0.03109959364,0.01425427702,0.9042737254,0.4255803807
2105,70166666667,1,0,-0.1398714011,-1.072924713,2.161254131,-0.02641820001,0.01345893836,0.9051536298,0.4240493392
2106,70200000000,1,1,-0.1366658319,-1.071234341,2.157691942,-0.0174638914,0.01033944513,0.905287546,0.4243142319
2107,70233333333,1,0,-0.1379352389,-1.074357205,2.164214466,-0.01029492016,0.009541080602,0.9064724236,0.4220316667
2108,70266666667,1,0,-0.1385187121,-1.074763686,2.161668244,-0.002459620843,0.003676413134,0.9058358491,0.4236057703
2109,70300000000,1,0,-0.1390881879,-1.07140106,2.16057077,0.004820957334,-0.003475021863,0.9075746299,0.4198487511
2110,70333333333,1,0,-0.1385292717,-1.078783261,2.1732189,0.008964254614,-0.007987610545,0.9090162521,0.4165876782
2111,70366666667,1,0,-0.1362256347,-1.077825263,2.176204454,0.01287927001,-0.01123134554,0.9076568654,0.4193649913
2112,70400000000,1,1,-0.1367834804,-1.076874436,2.175434768,0.01946827715,-0.01444213891,0.9067240136,0.4210272842
2113,70433333333,1,0,-0.135440303,-1.082449314,2.183812332,0.02075604144,-0.01917084338,0.9058129041,0.4227347256
2114,70466666667,1,0,-0.1363331257,-1.0808383,2.181328346,0.02141752844,-0.02212432673,0.9034066272,0.4276777636
2115,70500000000,1,0,-0.136877962,-1.07969187,2.17958715,0.02201026122,-0.02531221736,0.9030005164,0.4283280373
2116,70533333333,1,0,-0.1416943946,-1.086173454,2.188908997,0.0231453495,-0.02920457032,0.90298768,0.4280474689
2117,70566666667,1,0,-0.1441233559,-1.083383652,2.189616481,0.02072540686,-0.03380233117,0.9019898518,0.4299327473
2118,70600000000,1,1,-0.15248834,-1.083586058,2.191674498,0.02366022429,-0.03383725961,0.90249422,0.4287183418
2119,70633333333,1,0,-0.1557850499,-1.091258452,2.202810207,0.02505571531,-0.03911920547,0.9020703926,0.4290814674
2120,70666666667,1,0,-0.1568132274,-1.088373381,2.201240245,0.02249032838,-0.0425827962,0.9004323518,0.4323221837
2121,70700000000,1,0,-0.1607869038,-1.089856885,2.205458865,0.0233198996,-0.04643362236,0.9006190048,0.431492189
2122,70733333333,1,0,-0.1630029549,-1.099956353,2.215287554,0.02294889423,-0.05189606558,0.8992812603,0.4336742573
2123,70766666667,1,0,-0.1672727881,-1.094967106,2.216091681,0.02194899845,-0.05244812588,0.8981755687,0.4359450463
2124,70800000000,1,1,-0.1755024337,-1.09250602,2.217553943,0.02376055847,-0.05395019015,0.8986011848,0.4347881364
2125,70833333333,1,0,-0.1785083993,-1.097873336,2.226062729,0.02192018152,-0.0583888968,0.8984260091,0.4346733815
2126,70866666667,1,0,-0.1784464226,-1.099728928,2.228610927,0.01742664805,-0.05776381456,0.8972351659,0.4374113747
2127,70900000000,1,0,-0.1828111635,-1.096791294,2.22892046,0.0196198201,-0.05981448644,0.8976232103,0.4362451859
2128,70933333333,1,0,-0.1861025617,-1.106600356,2.233944641,0.01776778499,-0.06352785835,0.8970615676,0.4369543007
2129,70966666667,1,0,-0.1885807696,-1.104158216,2.237866074,0.01475849409,-0.06534365924,0.8979141668,0.4350431498
2130,71000000000,1,0,-0.1905776625,-1.110586823,2.245255565,0.0152926195,-0.06786585654,0.8983138107,0.4338117781
2131,71033333333,1,1,-0.1951286609,-1.115340407,2.255381486,0.01478799118,-0.07082782195,0.8979277239,0.4341549697
2132,71066666667,1,0,-0.1938430412,-1.114742891,2.252907182,0.01213977825,-0.07673942566,0.8958844517,0.4374411224
2133,71100000000,1,0,-0.1994229413,-1.114122986,2.257283303,0.01474779154,-0.08172642139,0.89683654,0.4344968528
2134,71133333333,1,0,-0.2046500168,-1.12123143,2.265853719,0.01621473173,-0.08661598172,0.8964837399,0.4342253542
2135,71166666667,1,0,-0.2022259886,-1.126083152,2.269163324,0.01274911558,-0.0908849011,0.8948912223,0.4367460304
2136,71200000000,1,0,-0.2044379598,-1.128835995,2.273917953,0.01126440085,-0.08830998001,0.8948048906,0.4374913353
2137,71233333333,1,1,-0.2109574739,-1.136222454,2.28593273,0.01136258739,-0.08526244139,0.8944079368,0.4389027799
2138,71266666667,1,0,-0.2101033454,-1.136528864,2.284535375,0.006227406303,-0.08757422388,0.8919284147,0.4435715025
2139,71300000000,1,0,-0.2079687031,-1.134705025,2.281316438,0.002765545769,-0.09497807173,0.8917279612,0.4424847578
2140,71333333333,1,0,-0.2220444566,-1.146303617,2.295465991,0.003325781179,-0.09612856524,0.8931142836,0.439425892
2141,71366666667,1,0,-0.2263659328,-1.148482185,2.302360754,-0.001050053144,-0.09754699832,0.8923278623,0.4407203951
2142,71400000000,1,0,-0.2224740527,-1.149777562,2.299964245,-0.007200091291,-0.09928169449,0.8911693341,0.4426155462
2143,71433333333,1,1,-0.2383077024,-1.158518255,2.312030307,-0.005958699146,-0.09854296181,0.8919490753,0.4412262749
2144,71466666667,1,0,-0.2421746871,-1.159254146,2.315700335,-0.01241735767,-0.1002188564,0.8912146461,0.4421972915
2145,71500000000,1,0,-0.2420426985,-1.158454068,2.317808942,-0.01863082797,-0.1004390954,0.8917949197,0.4407569643
2146,71533333333,1,0,-0.2502672926,-1.165971488,2.327527946,-0.02104805769,-0.09987458752,0.8920612694,0.440237138
2147,71566666667,1,0,-0.2562804687,-1.172008943,2.327265117,-0.02703388447,-0.1015103528,0.8899197253,0.4438554943
2148,71600000000,1,0,-0.256953568,-1.171658936,2.331008274,-0.03507813365,-0.1018291199,0.8903674414,0.4423190863
2149,71633333333,1,1,-0.2675629868,-1.180062712,2.341041917,-0.03710280808,-0.09907172016,0.8903782297,0.4427581552
2150,71666666667,1,0,-0.2704985511,-1.182152173,2.341388092,-0.0426972916,-0.09961265914,0.8891896247,0.4445177959
2151,71700000000,1,0,-0.2737103382,-1.184108181,2.343329255,-0.04796744189,-0.1011055615,0.8897792327,0.4424587066
2152,71733333333,1,0,-0.277210517,-1.188996474,2.349984175,-0.05245737441,-0.1007447384,0.8904377938,0.4407031392
2153,71766666667,1,0,-0.2806302027,-1.193939779,2.353826785,-0.05787795425,-0.09941966904,0.8901777155,0.4408508894
2154,71800000000,1,0,-0.2838467832,-1.19789975,2.356977931,-0.06396566459,-0.09762169079,0.8899821459,0.4408062832
2155,71833333333,1,0,-0.2855858998,-1.199883404,2.360568331,-0.0694355988,-0.09717577149,0.8900710727,0.4398966385
2156,71866666667,1,1,-0.2946160964,-1.207162369,2.369144767,-0.07318977671,-0.09531781846,0.8901572345,0.4395200426
2157,71900000000,1,0,-0.2974752097,-1.210718899,2.373447511,-0.08075121782,-0.09280851648,0.8890885055,0.4408939208
2158,71933333333,1,0,-0.2986367288,-1.210679145,2.377770498,-0.08596274536,-0.08970468365,0.8885366797,0.4416628183
2159,71966666667,1,0,-0.3018941563,-1.21484846,2.380414164,-0.08999038097,-0.08824964064,0.8875037927,0.4432276506
2160,72000000000,1,0,-0.3065070091,-1.220319424,2.388140924,-0.09591480098,-0.08806751113,0.8863260734,0.4443765925
2161,72033333333,1,0,-0.3060712022,-1.220125413,2.390941898,-0.104394367,-0.08605385158,0.8846233133,0.4462489713
2162,72066666667,1,1,-0.3119045674,-1.222360583,2.397360151,-0.1099415769,-0.080053497,0.8835700187,0.4481164015
2163,72100000000,1,0,-0.3151692912,-1.226730515,2.400976365,-0.1185037148,-0.07729433605,0.880612005,0.4522222372
2164,72133333333,1,0,-0.3146630786,-1.224571335,2.400522049,-0.1279764073,-0.07643975922,0.8781774138,0.4545145016
2165,72166666667,1,0,-0.3162275042,-1.228178821,2.403854322,-0.1353904026,-0.07420208618,0.8767926173,0.4554099203
2166,72200000000,1,0,-0.3184184795,-1.232128697,2.407835047,-0.1439096458,-0.07222355874,0.8747187129,0.4571005849
2167,72233333333,1,0,-0.3174464894,-1.230137592,2.407850819,-0.1537134752,-0.07109469746,0.8727798864,0.457791417
2168,72266666667,1,1,-0.3222049367,-1.236247797,2.407630169,-0.161260366,-0.06898322196,0.8713493246,0.4582431276
2169,72300000000,1,0,-0.3228850388,-1.237998146,2.411804124,-0.1705413824,-0.06629809217,0.8702155714,0.4574331198
2170,72333333333,1,0,-0.3198845816,-1.237909183,2.412183235,-0.180146556,-0.06252655922,0.8687808533,0.4570092742
2171,72366666667,1,0,-0.3164882391,-1.243542189,2.407020016,-0.1868322008,-0.06016135074,0.8675565142,0.4569683089
2172,72400000000,1,0,-0.3191581135,-1.249384806,2.414735162,-0.192017368,-0.05682116867,0.8687217359,0.453015707
2173,72433333333,1,0,-0.3107091658,-1.24773025,2.417210592,-0.201294085,-0.05443864972,0.8684727449,0.4497468356
2174,72466666667,1,1,-0.3092141228,-1.253255733,2.421336538,-0.2046333222,-0.04685512167,0.8695141383,0.4470737795
2175,72500000000,1,0,-0.3087320564,-1.25906412,2.426239084,-0.2084016534,-0.03868927508,0.869494785,0.4461509942
2176,72533333333,1,0,-0.3064079561,-1.263672581,2.428089166,-0.2132276711,-0.03284992561,0.867995237,0.447257321
2177,72566666667,1,0,-0.3020867681,-1.266192284,2.428943391,-0.2171077291,-0.02636741773,0.8674112439,0.4469527125
2178,72600000000,1,0,-0.3003700431,-1.270719694,2.434150167,-0.2195541078,-0.01915208288,0.8672714441,0.4463960503
2179,72633333333,1,0,-0.2982241803,-1.274075165,2.436832548,-0.2209958759,-0.01621285394,0.8662206415,0.4478389961
2180,72666666667,1,0,-0.2953187431,-1.277367221,2.433314711,-0.2219778877,-0.01618884077,0.8656498054,0.4484575267
2181,72700000000,1,0,-0.2918454299,-1.282038046,2.436819,-0.2226655609,-0.01828431876,0.8668681847,0.4456739639
2182,72733333333,1,0,-0.2883294804,-1.288298945,2.44651356,-0.2236407579,-0.01932398823,0.8674197485,0.4440657325
2183,72766666667,1,1,-0.2788461772,-1.293658604,2.453118223,-0.2271953477,-0.01832770412,0.86484936,0.4473052132
2184,72800000000,1,0,-0.2732226606,-1.295156897,2.450154599,-0.2290090493,-0.01756786575,0.8631939566,0.4496025119
2185,72833333333,1,0,-0.2723463035,-1.302601341,2.457836031,-0.2284398759,-0.01699075228,0.8628039364,0.4506616299
2186,72866666667,1,0,-0.2662051506,-1.305123729,2.457558855,-0.2316523111,-0.01733826588,0.8602206748,0.4539349974
2187,72900000000,1,0,-0.2591262902,-1.303899088,2.455259018,-0.2336479885,-0.01594173214,0.8595004412,0.4543274923
2188,72933333333,1,0,-0.2562005494,-1.309687089,2.459256616,-0.2319827733,-0.01286731704,0.8600472852,0.4542434285
2189,72966666667,1,0,-0.2544210005,-1.317634013,2.461198359,-0.2326599267,-0.01175531623,0.8589028356,0.4560889057
2190,73000000000,1,1,-0.2472638587,-1.325594566,2.451705486,-0.2367870566,-0.01282446913,0.8569905004,0.4575310974
2191,73033333333,1,0,-0.2451387544,-1.329600765,2.460048001,-0.2387978626,-0.01087864,0.8583781725,0.4539208619
2192,73066666667,1,0,-0.2417118214,-1.332849719,2.465278948,-0.2399452849,-0.009706100373,0.8581716691,0.4537327829
2193,73100000000,1,0,-0.2404222199,-1.339373404,2.463500214,-0.2411876858,-0.008845086876,0.856963862,0.455371501
2194,73133333333,1,0,-0.2399976136,-1.344612305,2.468680588,-0.2452625708,-0.008339182447,0.8563710684,0.4543185254
2195,73166666667,1,0,-0.2379512992,-1.348301631,2.467943537,-0.2478398151,-0.01129870539,0.8557062263,0.4541085989
2196,73200000000,1,0,-0.2340199672,-1.350907876,2.470597734,-0.2511452451,-0.01225855206,0.8561187906,0.4514824584
2197,73233333333,1,0,-0.2322177867,-1.355533591,2.474241715,-0.2541300368,-0.01144913718,0.8567506244,0.4486259124
2198,73266666667,1,0,-0.2317196649,-1.361305271,2.482943877,-0.2580046498,-0.00868322545,0.8569390519,0.446109475
2199,73300000000,1,0,-0.2272252659,-1.363374908,2.483009793,-0.2637782883,-0.005441457429,0.8559739872,0.4446346122
2200,73333333333,1,0,-0.2274080143,-1.368887593,2.48524943,-0.2659547584,-0.002978915767,0.8565874957,0.4421731049
2201,73366666667,1,1,-0.231177702,-1.376649878,2.49830853,-0.2686697676,0.0004103625422,0.8577843801,0.4382035426
2202,73400000000,1,0,-0.2252939244,-1.377137877,2.503138869,-0.2743936482,0.002523371168,0.8573755342,0.4354411003
2203,73433333333,1,0,-0.220954041,-1.380921011,2.499450764,-0.2762734613,0.002631190713,0.8572096268,0.4345776192
2204,73466666667,1,0,-0.2237973992,-1.391633966,2.509358146,-0.2764431447,0.003005202172,0.8585053521,0.4319012814
2205,73500000000,1,0,-0.2170177882,-1.392988637,2.513232444,-0.2820104889,0.002369490583,0.8580690104,0.4291643543
2206,73533333333,1,0,-0.2068334024,-1.393429452,2.514127343,-0.2857788757,0.00301915357,0.8584594383,0.4258740561
2207,73566666667,1,0,-0.2057046117,-1.400446556,2.526652725,-0.2863377218,0.006738174752,0.8598642236,0.4226095397
2208,73600000000,1,0,-0.2042494646,-1.408893153,2.531010618,-0.2889475866,0.007567658965,0.8587833517,0.4230167581
2209,73633333333,1,0,-0.1939439582,-1.411446723,2.530981496,-0.2938897759,0.006071552912,0.8582505845,0.420711148
2210,73666666667,1,0,-0.1851627922,-1.413382046,2.540710496,-0.2958549022,0.007434351324,0.8598782515,0.4159615366
2211,73700000000,1,0,-0.1803968918,-1.420412161,2.551787186,-0.2958219199,0.009578848827,0.8600738026,0.4155366307
2212,73733333333,1,0,-0.1706639595,-1.424404065,2.551182019,-0.2985499905,0.0104598186,0.858854158,0.4160865663
2213,73766666667,1,1,-0.1620243609,-1.430057154,2.564057014,-0.2986704514,0.01196732439,0.8601736656,0.4132239218
2214,73800000000,1,0,-0.1567013135,-1.437832668,2.572745668,-0.2981936213,0.01142479935,0.8603935915,0.4131257748
2215,73833333333,1,0,-0.1507869099,-1.4451473,2.581346092,-0.2991758439,0.009655547135,0.8596690154,0.4139683186
2216,73866666667,1,0,-0.1405454221,-1.446735854,2.583974837,-0.302185503,0.007318674188,0.8586732713,0.4138968132
2217,73900000000,1,0,-0.1328243495,-1.452751677,2.591090412,-0.3034787364,0.007083389472,0.8585341984,0.4132426798
2218,73933333333,1,0,-0.126401433,-1.457593631,2.600029215,-0.3055074254,0.007764455359,0.8577657562,0.413331385
2219,73966666667,1,0,-0.117747877,-1.460518892,2.601170889,-0.3084000675,0.006527548659,0.8563265582,0.4141878983
2220,74000000000,1,0,-0.1100611878,-1.464858931,2.604874052,-0.3108739369,0.005513287427,0.8560407447,0.4129421781
2221,74033333333,1,0,-0.1047777022,-1.469878993,2.617270219,-0.3127827143,0.005086063667,0.8559006449,0.4117950845
2222,74066666667,1,0,-0.09376712536,-1.468664807,2.620049016,-0.3170331356,0.004377352977,0.8543650388,0.4117416789
2223,74100000000,1,1,-0.08172465502,-1.467164762,2.622170318,-0.3194703888,0.003909927711,0.8539669583,0.4106870065
2224,74133333333,1,0,-0.08098074414,-1.47668785,2.633172819,-0.3199647715,0.003631356871,0.8535136647,0.41124662
2225,74166666667,1,0,-0.07420573415,-1.478162237,2.637141773,-0.3272292127,0.002419889457,0.8497327809,0.4133635054
2226,74200000000,1,0,-0.06178261129,-1.472834445,2.628871505,-0.3331408924,0.002684487296,0.8474581942,0.4133092649
2227,74233333333,1,0,-0.05980683353,-1.478143863,2.639148868,-0.3338434664,0.005583719046,0.8485710499,0.4104199499
2228,74266666667,1,0,-0.05558472132,-1.480264584,2.641784652,-0.3385463528,0.006577175443,0.8471147932,0.4095602946
2229,74300000000,1,0,-0.0523738566,-1.481313307,2.643755337,-0.342893185,0.008284546001,0.8467303036,0.4066981964
2230,74333333333,1,1,-0.04170727778,-1.483972457,2.638583792,-0.3473826726,0.00800990777,0.8458435464,0.4047342525
2231,74366666667,1,0,-0.03456971554,-1.485513771,2.641140886,-0.3498288383,0.007086099829,0.8454202877,0.4035270849
2232,74400000000,1,0,-0.02509470795,-1.48283302,2.640683914,-0.3527563839,0.007549697957,0.8451232667,0.4015875991
2233,74433333333,1,0,-0.0168879841,-1.483789247,2.64518566,-0.3543963622,0.009876586616,0.845001816,0.4003468526
2234,74466666667,1,0,-0.009885086589,-1.482274862,2.644922595,-0.3562457258,0.01134535233,0.8437155095,0.4013781321
2235,74500000000,1,0,-0.001389553447,-1.4812529,2.639781988,-0.3580129034,0.01243139768,0.8429712296,0.4013374234
2236,74533333333,1,0,0.007302938252,-1.481410066,2.641245385,-0.3590186743,0.01286628293,0.8428904229,0.40059429
2237,74566666667,1,0,0.01576132318,-1.479704172,2.637398391,-0.3608590128,0.01251555937,0.842175679,0.4004550652
2238,74600000000,1,0,0.02894695246,-1.474710919,2.632098412,-0.362421588,0.0119752902,0.8422780497,0.3988419134
2239,74633333333,1,1,0.03949907422,-1.473790494,2.631436569,-0.3614782301,0.01366640208,0.8431419769,0.3978169495
2240,74666666667,1,0,0.05013476097,-1.471839923,2.630498415,-0.3610698973,0.01573292135,0.8432610662,0.3978589936
2241,74700000000,1,0,0.06176843372,-1.467656704,2.623212719,-0.3601852169,0.01621280895,0.8433369394,0.3984803145
2242,74733333333,1,0,0.0709341047,-1.468686366,2.622346893,-0.3582033375,0.01691569382,0.8442081035,0.3983929044
2243,74766666667,1,0,0.08381325829,-1.465222603,2.622370213,-0.3588146293,0.01786430738,0.8440519863,0.3981321046
2244,74800000000,1,0,0.09647787451,-1.459252092,2.612918359,-0.3592576435,0.01943257531,0.8436207215,0.3985729529
2245,74833333333,1,1,0.1159351781,-1.455588401,2.612530814,-0.3582611504,0.02277854,0.8446995155,0.3970048045
2246,74866666667,1,0,0.1288321137,-1.453539599,2.621790442,-0.3569642333,0.02946304934,0.8446418699,0.3978549691
2247,74900000000,1,0,0.1403912378,-1.447255251,2.613057388,-0.3584346353,0.03674812644,0.8416389377,0.4022661879
2248,74933333333,1,0,0.1499914878,-1.447708024,2.601391838,-0.3563272596,0.03972954922,0.8401602078,0.4069192452
2249,74966666667,1,0,0.1597320763,-1.449839122,2.600469621,-0.3541746881,0.04028174651,0.8395022308,0.4100898385
2250,75000000000,1,0,0.1715530952,-1.445156395,2.594556675,-0.354492846,0.0406866263,0.8382416344,0.4123474056
2251,75033333333,1,1,0.1901447598,-1.431760719,2.58435806,-0.3571177114,0.04415609134,0.83786713,0.4104824627
2252,75066666667,1,0,0.2042649093,-1.428081605,2.584618524,-0.3540465725,0.04846460038,0.8384564181,0.4114523569
2253,75100000000,1,0,0.2110001035,-1.429702253,2.577024896,-0.3513544937,0.05220285941,0.8373971971,0.4154405079
2254,75133333333,1,0,0.2198802037,-1.430696217,2.566963888,-0.3500420588,0.05364957064,0.8370158849,0.4171291036
2255,75166666667,1,0,0.2304284733,-1.427691535,2.565914017,-0.3469571306,0.05262282424,0.8376988347,0.4184641563
2256,75200000000,1,0,0.2399127254,-1.425824509,2.561848321,-0.3441668983,0.05319531499,0.8383891031,0.4193126715
2257,75233333333,1,1,0.2521150428,-1.423392755,2.559074496,-0.3425345027,0.05270401396,0.8381307924,0.4212234279
2258,75266666667,1,0,0.2594724299,-1.420103509,2.551189184,-0.340601247,0.05217853423,0.8375302198,0.4240416512
2259,75300000000,1,0,0.2657492712,-1.420908364,2.543722232,-0.3384867521,0.05229001915,0.8378122965,0.4251623553
2260,75333333333,1,0,0.2715238249,-1.425035725,2.54474747,-0.3379636423,0.05206419632,0.8379895029,0.4252569683
2261,75366666667,1,0,0.2787828074,-1.422983978,2.541112135,-0.3391165635,0.04930579224,0.8365560104,0.4274844286
2262,75400000000,1,0,0.2868806956,-1.417811804,2.532934596,-0.3406008086,0.04861259593,0.8360354271,0.4274022338
2263,75433333333,1,0,0.2951084114,-1.421782932,2.534796835,-0.3404504066,0.04897473491,0.8357794278,0.4279810089
2264,75466666667,1,0,0.3006316309,-1.419801431,2.531684351,-0.3428657056,0.0475061814,0.8334302278,0.4307903505
2265,75500000000,1,0,0.3078215707,-1.412285201,2.521969006,-0.3444682792,0.04541391161,0.8323161187,0.4318901016
2266,75533333333,1,1,0.3217689505,-1.406978144,2.517459718,-0.3460413581,0.04413237158,0.8321836096,0.4310198977
2267,75566666667,1,0,0.3298854457,-1.405406532,2.520212529,-0.3474249548,0.04458768063,0.8307852044,0.4325549488
2268,75600000000,1,0,0.3359996144,-1.400312348,2.510532689,-0.3478712458,0.04378302433,0.8291311023,0.4354426005
2269,75633333333,1,0,0.3452772577,-1.400484657,2.508006473,-0.3468176487,0.04089719313,0.8290807886,0.4366577425
2270,75666666667,1,0,0.3555782545,-1.399220628,2.510417259,-0.3483336885,0.03936939196,0.8277879027,0.438042099
2271,75700000000,1,0,0.3663232654,-1.392485949,2.507940267,-0.3500983145,0.0397401063,0.8260163673,0.4399418769
2272,75733333333,1,1,0.3762654361,-1.384601698,2.500936935,-0.3506172295,0.0396779674,0.8248830834,0.4416572381
2273,75766666667,1,0,0.38656133,-1.385205769,2.499773092,-0.3519076055,0.03884741802,0.8231544765,0.4439241187
2274,75800000000,1,0,0.3973548633,-1.378698764,2.497866914,-0.3549196323,0.03907383346,0.8207911409,0.4458780026
2275,75833333333,1,0,0.4073545164,-1.373629959,2.491329684,-0.3563177606,0.03938536733,0.8195759395,0.4469694907
2276,75866666667,1,0,0.4187824646,-1.375593112,2.48901652,-0.3584176718,0.0389688413,0.8179488622,0.448305544
2277,75900000000,1,0,0.4296908931,-1.370517873,2.487242565,-0.3634163863,0.0394427605,0.8152462546,0.4491618229
2278,75933333333,1,1,0.4393118102,-1.358812828,2.482828041,-0.3670271873,0.04163264322,0.8148632191,0.4467165779
2279,75966666667,1,0,0.4514090257,-1.360928352,2.483947548,-0.3674492216,0.04394668447,0.8143769591,0.4470345925
2280,76000000000,1,0,0.462139787,-1.361669298,2.483313873,-0.3703715236,0.04643786835,0.811802391,0.4490493702
2281,76033333333,1,0,0.4728979384,-1.358628153,2.474503415,-0.3756369516,0.04852336115,0.8078963975,0.4514928293
2282,76066666667,1,0,0.4827240447,-1.358188215,2.470035568,-0.3796887125,0.04935249186,0.8055394031,0.4522245937
2283,76100000000,1,0,0.492835296,-1.358656929,2.468340831,-0.38435885,0.04975555031,0.8026145419,0.4534341813
2284,76133333333,1,1,0.5019421101,-1.345707741,2.461017457,-0.3913130339,0.05110167607,0.8004779508,0.4511072804
2285,76166666667,1,0,0.5125027969,-1.344423308,2.460334153,-0.3933506777,0.05181337594,0.8000947103,0.4499322982
2286,76200000000,1,0,0.524692357,-1.342860751,2.456727176,-0.3964880684,0.05260444345,0.7982897239,0.4502926836
2287,76233333333,1,0,0.5363971999,-1.336942805,2.451554599,-0.4020081293,0.05585035658,0.7964324524,0.4482918138
2288,76266666667,1,0,0.5467500796,-1.33242292,2.447855262,-0.404794847,0.05965096684,0.7967893558,0.4446454953
2289,76300000000,1,0,0.5561430114,-1.335083515,2.445316165,-0.4058868044,0.0607909698,0.7966619663,0.4437229669
2290,76333333333,1,1,0.5660630256,-1.333663192,2.443634967,-0.406823131,0.06065340622,0.7964520412,0.4432609282
2291,76366666667,1,0,0.5792561783,-1.33023802,2.442686326,-0.4074289878,0.06293609655,0.7965854897,0.4421450275
2292,76400000000,1,0,0.587498259,-1.328199764,2.438850392,-0.4072243779,0.06596613594,0.7959993033,0.4429468185
2293,76433333333,1,0,0.5980259435,-1.321312073,2.429790603,-0.4072202621,0.06615564092,0.7961031324,0.4427356908
2294,76466666667,1,0,0.6071442051,-1.318510646,2.421935452,-0.40477811,0.06584005672,0.7981979145,0.4412480684
2295,76500000000,1,0,0.6175590508,-1.319949134,2.421871046,-0.4022985428,0.06671518151,0.8002266687,0.4397069999
2296,76533333333,1,1,0.626568929,-1.314807666,2.411251586,-0.4006547808,0.06674621149,0.8006444678,0.4404419668
2297,76566666667,1,0,0.6363151799,-1.310054694,2.404840994,-0.3977550486,0.0666011384,0.8033694317,0.4381241443
2298,76600000000,1,0,0.6454894608,-1.310740167,2.40270636,-0.3933530978,0.06588373477,0.8059215047,0.4375193736
2299,76633333333,1,0,0.6550904314,-1.308177171,2.396245721,-0.3912002836,0.0645878001,0.8067088434,0.438191278
2300,76666666667,1,0,0.6649090247,-1.302576139,2.38903108,-0.3880925038,0.06316826137,0.8084797699,0.4378977517
2301,76700000000,1,0,0.6706192585,-1.30170244,2.372961226,-0.3866939174,0.06144570385,0.8085343426,0.4392771978
2302,76733333333,1,1,0.678486668,-1.29686598,2.371577223,-0.3870353188,0.05925799158,0.8108471301,0.4349932001
2303,76766666667,1,0,0.6903627198,-1.293852259,2.370719059,-0.3846406759,0.05576462123,0.8135171824,0.4325871605
2304,76800000000,1,0,0.6998411688,-1.293570185,2.368602718,-0.3849134221,0.05722365663,0.8139940329,0.4312549421
2305,76833333333,1,0,0.706885924,-1.291438731,2.364859713,-0.3851823738,0.0596597986,0.8135446132,0.4315326288
2306,76866666667,1,0,0.7117345287,-1.286460521,2.353269377,-0.3864035094,0.0615142771,0.8124785186,0.4321885912
2307,76900000000,1,0,0.7143189359,-1.282411431,2.341449537,-0.3884252622,0.06288248236,0.8120341849,0.431012867
2308,76933333333,1,1,0.7201953113,-1.281908319,2.340687984,-0.391211514,0.06332257915,0.8124811516,0.4275724273
2309,76966666667,1,0,0.7277575312,-1.276619743,2.338489119,-0.3938156326,0.06519685668,0.8129427167,0.4240079679
2310,77000000000,1,0,0.7320313775,-1.275341175,2.333022097,-0.3955144038,0.06901174599,0.8127098663,0.4222658031
2311,77033333333,1,0,0.7323587319,-1.275392261,2.325121245,-0.3987725441,0.07035246702,0.8107973794,0.4226565959
2312,77066666667,1,0,0.7379992829,-1.268920089,2.320806907,-0.4014661873,0.06952539337,0.8101141937,0.4215520291
2313,77100000000,1,0,0.7387892497,-1.258626154,2.309598318,-0.4027045665,0.06854435081,0.8104515387,0.4198797536
2314,77133333333,1,1,0.7429734025,-1.265418885,2.307230718,-0.4054491612,0.06498462405,0.8104378618,0.4178258592
2315,77166666667,1,0,0.7512730238,-1.262895888,2.308332381,-0.4084411923,0.06137634553,0.8093766323,0.4175143157
2316,77200000000,1,0,0.7581993809,-1.251573945,2.309775719,-0.4085201315,0.06373862324,0.8102018696,0.4154775813
2317,77233333333,1,0,0.7609617655,-1.251867872,2.300191268,-0.4091335134,0.06843397055,0.8091693305,0.4161388644
2318,77266666667,1,0,0.760488417,-1.251701965,2.293704396,-0.4113132883,0.06872977254,0.8070290294,0.4180929836
2319,77300000000,1,0,0.7632748196,-1.244049506,2.286741622,-0.4156196598,0.06869132723,0.8057544123,0.4162951201
2320,77333333333,1,0,0.767596128,-1.244169931,2.287813849,-0.4168479934,0.07070071179,0.8060778815,0.4140985495
2321,77366666667,1,0,0.7665492329,-1.243629234,2.280525231,-0.4191900729,0.07198236685,0.8044355732,0.4147066798
2322,77400000000,1,0,0.7657982529,-1.239018217,2.274011171,-0.4222488971,0.07141618612,0.8037395215,0.4130476713
2323,77433333333,1,0,0.768564627,-1.237765318,2.271862909,-0.4238530103,0.07058188341,0.8046622117,0.4097383902
2324,77466666667,1,0,0.7709876452,-1.239284628,2.272137935,-0.4254856368,0.07008440889,0.8045484874,0.4083526417
2325,77500000000,1,1,0.7712049843,-1.239689136,2.264972643,-0.4285955536,0.06775999409,0.8025626307,0.4093991432
2326,77533333333,1,0,0.7718038164,-1.238971776,2.263283793,-0.4315310587,0.06506391773,0.801532822,0.4087698219
2327,77566666667,1,0,0.774850738,-1.236732992,2.264460354,-0.4336721765,0.06369634818,0.8007987756,0.4081574937
2328,77600000000,1,0,0.7742692178,-1.234662996,2.261384788,-0.4355654951,0.06242999722,0.7997831846,0.4083283637
2329,77633333333,1,0,0.7736796426,-1.233607477,2.259317747,-0.4385207686,0.05962157795,0.7985322401,0.4080331659
2330,77666666667,1,0,0.7750967079,-1.2325065,2.257853155,-0.4429099181,0.05680995205,0.7973629793,0.4059750153
2331,77700000000,1,0,0.7753464347,-1.229570986,2.258402921,-0.4460271006,0.05633744332,0.797261329,0.4028154556
2332,77733333333,1,0,0.7757784881,-1.23164574,2.259643414,-0.4491493631,0.056407509,0.7970740918,0.3996948021
2333,77766666667,1,0,0.7775925556,-1.233982792,2.262603913,-0.4517388205,0.05683006965,0.7961955366,0.398465869
2334,77800000000,1,0,0.7757884303,-1.22886562,2.259699752,-0.4540733998,0.05724354051,0.79571607,0.396707021
2335,77833333333,1,0,0.7752079419,-1.23269092,2.25885345,-0.4565523443,0.05627943962,0.7953601557,0.3947085055
2336,77866666667,1,0,0.7758409274,-1.235793233,2.260834402,-0.4593754683,0.05358649243,0.7939943792,0.3945574644
2337,77900000000,1,0,0.7779648233,-1.233288332,2.262360978,-0.4626244209,0.05200319973,0.792839201,0.3932941823
2338,77933333333,1,0,0.7783217499,-1.232392008,2.263784546,-0.4647120929,0.05357078871,0.7927187994,0.390857706
2339,77966666667,1,0,0.7784566706,-1.236342294,2.262212975,-0.4659861902,0.05261424709,0.7916720154,0.3915916642
2340,78000000000,1,0,0.7784311165,-1.23279299,2.260442422,-0.4695408232,0.05097944833,0.7905451573,0.3898344078
2341,78033333333,1,0,0.781003111,-1.231000118,2.263059852,-0.4705078571,0.05153618505,0.791932308,0.3857584706
2342,78066666667,1,0,0.7832947797,-1.234332329,2.264500228,-0.4699946925,0.05273480612,0.7930946115,0.3838293455
2343,78100000000,1,0,0.7832465503,-1.239109842,2.263149027,-0.4698887158,0.05069314302,0.7922876875,0.3858950897
2344,78133333333,1,0,0.7837961938,-1.23408677,2.260404455,-0.4725433564,0.04885408159,0.7911095596,0.3853073057
2345,78166666667,1,1,0.7854588592,-1.231521318,2.256337001,-0.4728530801,0.04779471192,0.7920136854,0.383197015
2346,78200000000,1,0,0.7889910567,-1.238027639,2.260783002,-0.4717335891,0.04681060366,0.7925954633,0.383495267
2347,78233333333,1,0,0.7886858773,-1.235265534,2.25753569,-0.4742431593,0.04540171681,0.7903712382,0.3851563524
2348,78266666667,1,0,0.7885644784,-1.231247904,2.253165224,-0.4758213084,0.04382091054,0.7906488486,0.3828161549
2349,78300000000,1,0,0.7931852972,-1.233967188,2.256095067,-0.4745958179,0.04185063587,0.7926292342,0.3804552943
2350,78333333333,1,0,0.7952490881,-1.233781835,2.25717066,-0.4735090065,0.04103408318,0.7938022452,0.379451473
2351,78366666667,1,0,0.7971094298,-1.233857823,2.256369305,-0.4737843789,0.04113543882,0.7942479059,0.3781620049
2352,78400000000,1,0,0.7970639678,-1.233239665,2.254801801,-0.4734956078,0.0412750537,0.7955069103,0.3758550718
2353,78433333333,1,0,0.7974675932,-1.235346264,2.255082203,-0.4721777954,0.03793857477,0.7968536271,0.375010788
2354,78466666667,1,0,0.7973434328,-1.235566906,2.252165393,-0.4738655041,0.03388654868,0.797106804,0.3727250044
2355,78500000000,1,0,0.8016952344,-1.234991486,2.254757173,-0.4727534601,0.03169014705,0.7996009802,0.3689690678
2356,78533333333,1,0,0.8040944982,-1.237677446,2.258402439,-0.4692601156,0.0298587265,0.8024083684,0.3674836197
2357,78566666667,1,0,0.8059234594,-1.241092318,2.259726195,-0.4701640113,0.0266020373,0.8013450435,0.3688959954
2358,78600000000,1,0,0.8036945697,-1.235654372,2.257573787,-0.4711999324,0.02498012315,0.8011346747,0.3681437901
2359,78633333333,1,0,0.8049768639,-1.237442358,2.257867041,-0.4693747547,0.02218188592,0.8032473252,0.3660451312
2360,78666666667,1,1,0.8094909652,-1.24236613,2.270702848,-0.4694282968,0.01910028804,0.8030929224,0.3664887599
2361,78700000000,1,0,0.8057451361,-1.236450696,2.26996758,-0.4710871368,0.01849832615,0.8018861173,0.3670332087
2362,78733333333,1,0,0.804154597,-1.237294149,2.270599982,-0.4697858985,0.01761363578,0.8035704525,0.3650554716
2363,78766666667,1,0,0.8064065366,-1.242168041,2.275647658,-0.4685551427,0.01409045409,0.8032609332,0.3674634819
2364,78800000000,1,0,0.802862403,-1.238439281,2.268397384,-0.4714769847,0.01158969748,0.8005951278,0.3696249087
2365,78833333333,1,0,0.8008109375,-1.237201844,2.267669307,-0.4703740595,0.0103491929,0.8018595367,0.3683238003
2366,78866666667,1,0,0.8019737766,-1.238218236,2.267972335,-0.4690781783,0.006947331627,0.8023376041,0.3690145881
2367,78900000000,1,0,0.7982612241,-1.236591753,2.278536996,-0.4688341964,0.003142132666,0.8025748207,0.3688607873
2368,78933333333,1,0,0.7945093004,-1.23373617,2.265284493,-0.4700212953,5.832093122e-05,0.8018487076,0.3689425817
2369,78966666667,1,0,0.7970316645,-1.235289128,2.266182768,-0.4695902993,-0.0033802989,0.8032155284,0.3664946648
2370,79000000000,1,0,0.7952666836,-1.239770702,2.287087786,-0.4683753624,-0.006217136175,0.80395316,0.3663948467
2371,79033333333,1,0,0.7907752209,-1.232043051,2.284538395,-0.470149336,-0.006956360092,0.8036151202,0.3648478444
2372,79066666667,1,0,0.7899828704,-1.237612536,2.289667391,-0.4679698272,-0.007306290653,0.8057547158,0.3629189949
2373,79100000000,1,0,0.7893086345,-1.240548377,2.292276973,-0.4683707121,-0.008521148878,0.8049306621,0.3642017233
2374,79133333333,1,0,0.7871126487,-1.23423467,2.282658228,-0.4712271624,-0.0087722662,0.8035671975,0.3635213443
2375,79166666667,1,0,0.7849900574,-1.237460778,2.294972961,-0.4672175472,-0.007127841581,0.8073328148,0.3603757533
2376,79200000000,1,0,0.7838850625,-1.239392905,2.295477228,-0.4652424746,-0.006169966313,0.8084573444,0.3604276539
2377,79233333333,1,0,0.7834958033,-1.234687629,2.284607915,-0.4656213302,-0.006423919049,0.8083207407,0.3602403229
2378,79266666667,1,0,0.7792394793,-1.238636405,2.295310268,-0.461067715,-0.004902653375,0.8120830278,0.3576502233
2379,79300000000,1,0,0.7802497633,-1.239510704,2.291547335,-0.4601688302,-0.004254833013,0.8125866115,0.357672396
2380,79333333333,1,1,0.7713357494,-1.239217623,2.290401799,-0.4583158771,-0.002799788528,0.8137882227,0.3573338026
2381,79366666667,1,0,0.7676806081,-1.240414153,2.290646781,-0.4562317269,-0.002420627875,0.8155115108,0.3560726438
2382,79400000000,1,0,0.7642580838,-1.240649401,2.290804928,-0.4552924557,-0.001172609554,0.8163955774,0.3552543681
2383,79433333333,1,0,0.7586478786,-1.241506611,2.290752983,-0.4535498839,1.754232784e-05,0.817769927,0.3543230856
2384,79466666667,1,0,0.7553850926,-1.243933487,2.288468982,-0.4528220095,-0.0004352565459,0.8179268384,0.3548911457
2385,79500000000,1,0,0.7463488209,-1.243788163,2.2875582,-0.4524578299,-0.001231854354,0.818431392,0.3541898519
2386,79533333333,1,0,0.7451699583,-1.242053447,2.285063822,-0.4530316407,-0.003500504509,0.8195745378,0.3507814933
2387,79566666667,1,1,0.7267540107,-1.255419951,2.286333478,-0.4508589536,-0.004165050192,0.8218174978,0.3483171781
2388,79600000000,1,0,0.7224894867,-1.259430641,2.2877804,-0.4503020269,-0.005027886248,0.8238878235,0.3441099521
2389,79633333333,1,0,0.7196561299,-1.261415848,2.290660377,-0.449969872,-0.005397193015,0.8248389577,0.3422552827
2390,79666666667,1,0,0.7130798873,-1.260895959,2.286658029,-0.4504539682,-0.005258307971,0.825387724,0.3402920479
2391,79700000000,1,0,0.7093197456,-1.267245283,2.288383884,-0.4505660915,-0.005283525719,0.8264298982,0.3376031768
2392,79733333333,1,0,0.7054747659,-1.268770544,2.289773966,-0.451104548,-0.006146009319,0.8266365721,0.3363612509
2393,79766666667,1,0,0.7029527127,-1.267744147,2.291233261,-0.452418531,-0.005490102552,0.8271567884,0.3333151348
2394,79800000000,1,0,0.699610388,-1.271494316,2.293082031,-0.4526174861,-0.00397101474,0.8275526912,0.3320815948
2395,79833333333,1,0,0.6938469673,-1.273310818,2.290759039,-0.454043775,-0.003555099746,0.8264600666,0.3328593846
2396,79866666667,1,0,0.6911492163,-1.271344087,2.291478522,-0.4546953251,-0.005108467405,0.8269006217,0.330849553
2397,79900000000,1,0,0.6890818793,-1.273518699,2.294842456,-0.4543566979,-0.00544603648,0.8276101407,0.3295326793
2398,79933333333,1,0,0.6871933134,-1.277445119,2.297271252,-0.4549716358,-0.004322953785,0.8267948529,0.3307452099
2399,79966666667,1,0,0.6810136777,-1.275349897,2.292954886,-0.4564661094,-0.0048430507,0.8256521743,0.3315323858
2400,80000000000,1,0,0.6780150321,-1.27715378,2.294011587,-0.4562574628,-0.005451445454,0.8263989509,0.3299457279
2401,80033333333,1,1,0.6775220655,-1.285388555,2.308793363,-0.4551110581,-0.005340570114,0.8268545212,0.3303891704
2402,80066666667,1,0,0.6721445702,-1.281777389,2.302905418,-0.4577375658,-0.0056724402,0.8251195511,0.3310919369
2403,80100000000,1,0,0.6707837204,-1.282057148,2.30380087,-0.457481143,-0.005563188376,0.8258870408,0.3295309555
2404,80133333333,1,0,0.6705796882,-1.285218651,2.309216945,-0.4574384627,-0.006886803875,0.8254362159,0.3306927247
2405,80166666667,1,0,0.6665189067,-1.281829342,2.305137047,-0.4590917786,-0.007911368477,0.8242321306,0.3313812669
2406,80200000000,1,0,0.6657431973,-1.281721101,2.304702891,-0.4590984613,-0.007811761619,0.8244687115,0.3307853126
2407,80233333333,1,0,0.6660748075,-1.282564689,2.309021468,-0.4587526489,-0.007700151022,0.8243513524,0.3315592897
2408,80266666667,1,0,0.6613897243,-1.280602286,2.304227531,-0.4591237488,-0.008200846166,0.8232783468,0.3336928125
2409,80300000000,1,0,0.6602025944,-1.280095064,2.303272672,-0.4585046127,-0.009516666857,0.8236068554,0.333698518
2410,80333333333,1,0,0.6599385692,-1.27918173,2.306309111,-0.458067876,-0.009123282472,0.8236961342,0.3340887084
2411,80366666667,1,0,0.6568176146,-1.275849683,2.303347759,-0.4574218479,-0.008419887889,0.8234421638,0.3356149005
2412,80400000000,1,0,0.6539018346,-1.276948238,2.301825054,-0.4552762069,-0.009317676589,0.823703821,0.3378591001
2413,80433333333,1,0,0.6516686585,-1.275165293,2.301946576,-0.4544519109,-0.01044260279,0.8236422097,0.3390839469
2414,80466666667,1,0,0.6487491889,-1.272310375,2.299688712,-0.452606067,-0.01022323105,0.8239780779,0.3407394323
2415,80500000000,1,0,0.6454683613,-1.272514376,2.298719294,-0.4506088829,-0.00931984583,0.8243315497,0.3425525818
2416,80533333333,1,0,0.6410831847,-1.271431431,2.294917289,-0.4482593418,-0.01131525079,0.8246869312,0.344712914
2417,80566666667,1,0,0.63826597,-1.270872238,2.295941548,-0.4452535188,-0.01457685178,0.8257268504,0.3459942023
2418,80600000000,1,0,0.6369832211,-1.268282471,2.297553977,-0.4434233316,-0.01485204924,0.8265276366,0.3464205993
2419,80633333333,1,0,0.6358141136,-1.2657127,2.298233031,-0.4408777093,-0.01260350378,0.8272516549,0.3480268618
2420,80666666667,1,0,0.632393492,-1.265569757,2.295125069,-0.4385592084,-0.01189853275,0.8273982639,0.3506228153
2421,80700000000,1,1,0.6296472559,-1.26802036,2.294913412,-0.4365934408,-0.01276686259,0.8274998227,0.3527991187
2422,80733333333,1,0,0.6266283119,-1.264334696,2.292007894,-0.4353159,-0.01345013011,0.8281953493,0.3527203205
2423,80766666667,1,0,0.6259444952,-1.266065012,2.294939211,-0.4323024447,-0.01217186857,0.8298485988,0.3525872161
2424,80800000000,1,0,0.623888532,-1.265758972,2.296591761,-0.431937967,-0.009044095642,0.8302287119,0.3522329953
2425,80833333333,1,0,0.6210432828,-1.264704957,2.295840458,-0.430459809,-0.006390162332,0.8309381113,0.3524278279
2426,80866666667,1,0,0.618083574,-1.265188277,2.295260259,-0.4292799618,-0.0029796502,0.8318170182,0.351838435
2427,80900000000,1,0,0.6168884557,-1.268510164,2.29921343,-0.4275859063,-0.002070703994,0.8326378001,0.3519663319
2428,80933333333,1,0,0.6141449198,-1.267040777,2.300849093,-0.4276875258,-0.001535772683,0.8322008394,0.3528778609
2429,80966666667,1,0,0.610165335,-1.262515906,2.297149129,-0.4272758082,0.00132500971,0.8328791843,0.3517753438
2430,81000000000,1,0,0.6088172145,-1.267570294,2.305257086,-0.4246910003,0.005852909745,0.8344098719,0.3512313531
2431,81033333333,1,0,0.6034919123,-1.268514241,2.304436438,-0.4241814605,0.006510832184,0.8339150742,0.3530061566
2432,81066666667,1,0,0.5984261007,-1.267967131,2.300515128,-0.4239625716,0.005683939656,0.8344212745,0.3520860227
2433,81100000000,1,0,0.5972586313,-1.271585934,2.310627343,-0.4219000613,0.006727428517,0.8363046172,0.350070946
2434,81133333333,1,0,0.5927761163,-1.272652045,2.315545889,-0.4214147822,0.008580488708,0.8359733887,0.351403543
2435,81166666667,1,0,0.5855495077,-1.270677942,2.309454292,-0.4209499292,0.009060492701,0.836129947,0.3515761314
2436,81200000000,1,0,0.5847559337,-1.27520461,2.318747603,-0.4174588977,0.009815225096,0.8382179778,0.3507454231
2437,81233333333,1,0,0.5810274109,-1.277810534,2.323133736,-0.4159380858,0.009823400032,0.837995005,0.3530770187
2438,81266666667,1,0,0.5750354535,-1.275032319,2.318473641,-0.4147684902,0.008670215396,0.8378842631,0.3547420027
2439,81300000000,1,0,0.5715056368,-1.277961876,2.320738078,-0.4099783228,0.005424652395,0.8398371628,0.3557553766
2440,81333333333,1,0,0.5687625852,-1.283102581,2.332412523,-0.4070635154,0.002655677096,0.8403590501,0.3578951087
2441,81366666667,1,1,0.5586875408,-1.278214621,2.329865437,-0.4057444837,0.00308457834,0.8402374645,0.3596705473
2442,81400000000,1,0,0.5535500022,-1.281175645,2.330293467,-0.4016385569,0.0045728512,0.8421259927,0.3598463159
2443,81433333333,1,0,0.5473790193,-1.285210767,2.336114787,-0.399019,0.004934521975,0.8430135062,0.3606767479
2444,81466666667,1,0,0.5395110349,-1.286580024,2.333205429,-0.3976294753,0.003973616884,0.8435253539,0.3610262982
2445,81500000000,1,0,0.536541536,-1.287998988,2.341034411,-0.394942408,0.004867084623,0.8454597524,0.3594365213
2446,81533333333,1,0,0.5302632722,-1.290977455,2.34571621,-0.3917824829,0.006898546575,0.8464211083,0.3605970099
2447,81566666667,1,0,0.522736859,-1.293530036,2.345655372,-0.3899900765,0.007203100124,0.8467794899,0.3616909608
2448,81600000000,1,0,0.5168692902,-1.297033996,2.348610506,-0.3874114163,0.004748308028,0.8477891062,0.3621373764
2449,81633333333,1,0,0.5105988139,-1.299973836,2.35532738,-0.3855409769,0.002523132371,0.848208523,0.36317226
2450,81666666667,1,0,0.5055306618,-1.298328024,2.357121568,-0.3849060236,0.001001378843,0.8482024657,0.3638666342
2451,81700000000,1,0,0.5010780284,-1.298742252,2.359100434,-0.3816854396,-0.0001195558988,0.8490049447,0.3653858437
2452,81733333333,1,0,0.4951487223,-1.305247929,2.368348222,-0.3795787956,-0.0005366763926,0.8488803517,0.367861113
2453,81766666667,1,0,0.4881817452,-1.30418939,2.367737977,-0.3795410518,-0.003446229817,0.8476684216,0.3706682622
2454,81800000000,1,0,0.4818989385,-1.300875095,2.365867314,-0.3784886068,-0.005626803257,0.8472359774,0.3727008348
2455,81833333333,1,1,0.4794276586,-1.307422451,2.378247192,-0.3759053212,-0.005733843771,0.8478651334,0.3738810347
2456,81866666667,1,0,0.4724564073,-1.302360472,2.377023171,-0.3775287841,-0.006713594624,0.8453913164,0.3778100938
2457,81900000000,1,0,0.4637231762,-1.299984139,2.36889846,-0.3777503534,-0.005903137881,0.8450362007,0.3783961456
2458,81933333333,1,0,0.4615074973,-1.303969712,2.382200938,-0.3770773509,-0.003372950897,0.8462585803,0.3763611429
2459,81966666667,1,0,0.4537658412,-1.298173883,2.381180983,-0.3781733885,-0.00175877399,0.844502948,0.3792051763
2460,82000000000,1,0,0.4472211338,-1.296763802,2.375557928,-0.3776535711,-9.460965219e-05,0.844444161,0.3798576446
2461,82033333333,1,0,0.4450480675,-1.299891192,2.386670197,-0.3758814136,0.00232763066,0.8452505393,0.3798147849
2462,82066666667,1,0,0.4392409062,-1.294711407,2.38682043,-0.375260511,0.004533147643,0.8437823771,0.3836538798
2463,82100000000,1,0,0.4322183942,-1.290532242,2.378647933,-0.3736997942,0.005820853123,0.8432990826,0.3862139806
2464,82133333333,1,0,0.4264140218,-1.296027952,2.383637392,-0.3703072597,0.005029667399,0.8440141472,0.3879269973
2465,82166666667,1,0,0.4187956152,-1.289601619,2.382901864,-0.3698838,0.003628715989,0.8434132132,0.3896497898
2466,82200000000,1,1,0.4103270378,-1.286332495,2.376490438,-0.3679550955,0.003940377226,0.8441441785,0.389889891
2467,82233333333,1,0,0.4043314922,-1.290110714,2.381595815,-0.3655738129,0.004224830384,0.845035707,0.3901955819
2468,82266666667,1,0,0.3929463866,-1.289498578,2.375113431,-0.3653214503,0.0006037911147,0.8439078477,0.3928860115
2469,82300000000,1,0,0.3840133798,-1.284079481,2.369515418,-0.3652551178,-0.002712921765,0.8451188308,0.3903274278
2470,82333333333,1,0,0.3770927051,-1.282462824,2.370973875,-0.363351324,-0.0006943347908,0.8473618939,0.387237852
2471,82366666667,1,0,0.3683316261,-1.284006637,2.371482133,-0.3616363735,0.001514387453,0.8480061515,0.3874305189
2472,82400000000,1,1,0.3562111507,-1.280305605,2.359399385,-0.3602928774,0.001270127595,0.8483299964,0.3879737704
2473,82433333333,1,0,0.3486250462,-1.284603778,2.363283774,-0.3568879818,-0.0001666617732,0.8506293496,0.3860837347
2474,82466666667,1,0,0.3380629949,-1.284762036,2.369594375,-0.3567696417,0.0003719094359,0.8504954336,0.386487777
2475,82500000000,1,0,0.3278524916,-1.275698368,2.35614082,-0.3584529488,0.001675383706,0.8495583003,0.3869875591
2476,82533333333,1,0,0.3174531473,-1.278385747,2.356144199,-0.3559671137,0.004754043593,0.8512529173,0.385529874
2477,82566666667,1,0,0.3067642233,-1.284048632,2.362182024,-0.3542981999,0.005147174689,0.8514232979,0.3866841863
2478,82600000000,1,1,0.2935405424,-1.282051217,2.355048625,-0.3562096409,0.002969880842,0.8499543262,0.3881797457
2479,82633333333,1,0,0.2832153107,-1.279883066,2.350806619,-0.3560853358,0.002492201245,0.8510418705,0.3859077055
2480,82666666667,1,0,0.2725045254,-1.282043053,2.359944808,-0.3546295807,0.003128696583,0.8521866896,0.3847153724
2481,82700000000,1,0,0.2574101611,-1.281707896,2.355185573,-0.3554320212,0.002494492991,0.8510840286,0.3864166561
2482,82733333333,1,0,0.2445385488,-1.282192042,2.354359904,-0.3559357728,0.00171191667,0.8514213098,0.3852123416
2483,82766666667,1,0,0.2336369038,-1.281491452,2.360154887,-0.3559792369,0.001559791672,0.8514926695,0.3850150435
2484,82800000000,1,0,0.2198898026,-1.279775316,2.354603578,-0.3552281292,-0.0006232428381,0.8502244645,0.3884983239
2485,82833333333,1,1,0.2072590232,-1.283979176,2.350037171,-0.3538115092,-0.005319492949,0.8500682348,0.390093726
2486,82866666667,1,0,0.1963777344,-1.28550041,2.354542567,-0.3533659532,-0.007877010509,0.8508848941,0.3886712657
2487,82900000000,1,0,0.1854465737,-1.285213451,2.353557494,-0.3537257816,-0.007916239809,0.8508352539,0.3884517669
2488,82933333333,1,0,0.1753353977,-1.285383004,2.349096136,-0.3541435153,-0.006219520934,0.8514204831,0.386816299
2489,82966666667,1,0,0.1670317766,-1.288786727,2.353785718,-0.3531917544,-0.005479990759,0.8529654552,0.3842856835
2490,83000000000,1,0,0.1578540274,-1.288916942,2.357676493,-0.3531585117,-0.003939390428,0.8536338614,0.3828482434
2491,83033333333,1,0,0.1519145295,-1.286939771,2.357192227,-0.3527671722,-0.0006621767196,0.8542699598,0.3818084855
2492,83066666667,1,0,0.1370985501,-1.291663639,2.362844358,-0.3511146731,-0.002385264369,0.8538459597,0.3842653693
2493,83100000000,1,0,0.1310652103,-1.290084561,2.359383346,-0.3500168182,-0.003550056581,0.8541079685,0.3846754505
2494,83133333333,1,1,0.1259880782,-1.293529336,2.367889353,-0.3479114252,-0.001881681836,0.8555685845,0.3833490535
2495,83166666667,1,0,0.1193138994,-1.294908455,2.370674967,-0.3462461826,-0.0009090322932,0.8555800141,0.3848319038
2496,83200000000,1,0,0.113253687,-1.293334221,2.368346558,-0.3460517332,0.0003773990564,0.8557493129,0.3846312118
2497,83233333333,1,0,0.1077781852,-1.295532892,2.376127714,-0.3444765261,0.004318563224,0.8572731566,0.3826225398
2498,83266666667,1,0,0.1010674799,-1.296088283,2.381284728,-0.3440257945,0.008122611344,0.8571410194,0.3832617235
2499,83300000000,1,0,0.09357102018,-1.296707338,2.375167439,-0.3440040643,0.009435089764,0.8565672603,0.384531808
2500,83333333333,1,0,0.08727923198,-1.30056074,2.381535679,-0.3430853726,0.01081621501,0.8579555101,0.3822143108
2501,83366666667,1,0,0.08114942073,-1.299298378,2.389412642,-0.3429366374,0.01217364816,0.8580907759,0.3820032529
2502,83400000000,1,0,0.07559804625,-1.296276146,2.384150275,-0.3431529758,0.01464242505,0.8578297278,0.3823085047
2503,83433333333,1,0,0.06816137113,-1.301993502,2.392659988,-0.3406535693,0.01793058254,0.8590925887,0.3815672469
2504,83466666667,1,0,0.06168338356,-1.301142596,2.394461603,-0.340587157,0.0178749316,0.8584716706,0.3830238453
2505,83500000000,1,1,0.0532965166,-1.303144331,2.386882218,-0.3398364852,0.01638999638,0.858701698,0.3832413405
2506,83533333333,1,0,0.04899801079,-1.305476825,2.398528113,-0.3383571421,0.01595486248,0.8610684008,0.3792375191
2507,83566666667,1,0,0.04443887301,-1.302465169,2.407130679,-0.3361890406,0.01478520028,0.8613984765,0.3804615507
2508,83600000000,1,0,0.03534465704,-1.305667077,2.400575771,-0.3355266202,0.01448240854,0.8606856158,0.3826648896
2509,83633333333,1,0,0.03056421035,-1.308131907,2.407660779,-0.3333360581,0.01342408041,0.8623456901,0.380876328
2510,83666666667,1,0,0.02317674206,-1.309662939,2.411269385,-0.3308090813,0.01180979655,0.8627168543,0.3822898242
2511,83700000000,1,0,0.0159194596,-1.312897659,2.412739054,-0.330132933,0.0115175672,0.8631585925,0.3818858944
2512,83733333333,1,0,0.01048158991,-1.312278815,2.416118267,-0.3287757085,0.01065880705,0.8639224942,0.381353966
2513,83766666667,1,0,0.001865150876,-1.317187705,2.41641117,-0.3258501268,0.008203610611,0.8645268158,0.3825542842
2514,83800000000,1,0,-0.00558961063,-1.32040367,2.422884276,-0.3249892468,0.006783361187,0.8656529388,0.3807636603
2515,83833333333,1,0,-0.01069082807,-1.320622439,2.424930431,-0.3248975975,0.006517119027,0.866032786,0.3799819625
2516,83866666667,1,0,-0.01819070653,-1.322825646,2.425645731,-0.3230750012,0.006492285293,0.8665364729,0.3803878744
2517,83900000000,1,1,-0.02625358814,-1.329395839,2.430105173,-0.3217253443,0.005103551337,0.8671842264,0.3800766687
2518,83933333333,1,0,-0.02985644735,-1.32774915,2.43310488,-0.3211160924,0.004162383401,0.8678421196,0.3791004949
2519,83966666667,1,0,-0.03483938096,-1.328359229,2.4344438,-0.3191715692,0.004706620947,0.8684727414,0.3792920439
2520,84000000000,1,0,-0.04018790793,-1.331651877,2.434835369,-0.3160697134,0.003740362917,0.869374592,0.3798338645
2521,84033333333,1,0,-0.04512379826,-1.332490717,2.443376454,-0.3132986424,0.003008740765,0.8705777375,0.3793801669
2522,84066666667,1,0,-0.04601163119,-1.329221556,2.44160359,-0.3116574356,0.002308979361,0.8703872778,0.3811696448
2523,84100000000,1,0,-0.04981704469,-1.3314951,2.443123133,-0.3062908287,0.002219877091,0.8715493905,0.3828611503
2524,84133333333,1,0,-0.05550336962,-1.335029761,2.450406573,-0.3022234896,0.0008238249993,0.8722580346,0.3844817353
2525,84166666667,1,0,-0.05681191236,-1.331433253,2.448515727,-0.2993137486,-0.003210118092,0.8719987497,0.3873230636
2526,84200000000,1,1,-0.05657779423,-1.327044068,2.450890046,-0.2953217329,-0.001921984993,0.8734183816,0.3871972505
2527,84233333333,1,0,-0.05783414685,-1.326685433,2.458915763,-0.2887079637,0.00222958676,0.8749308496,0.3887656737
2528,84266666667,1,0,-0.0633496073,-1.328834439,2.460327122,-0.2820969937,0.002757649674,0.8745990159,0.3943225113
2529,84300000000,1,0,-0.06643281837,-1.329150558,2.456184513,-0.2772669756,0.002079084074,0.8747655521,0.3973712753
2530,84333333333,1,0,-0.0697949079,-1.329825005,2.466150511,-0.2709670561,0.001711560465,0.8765088972,0.3978769637
2531,84366666667,1,0,-0.07408269899,-1.329015881,2.470708985,-0.2663225417,0.0006574077483,0.8763731713,0.4013003068
2532,84400000000,1,0,-0.07749144549,-1.328297053,2.46778636,-0.2639168016,0.001784314898,0.8762331237,0.4031876126
2533,84433333333,1,0,-0.07956409454,-1.327604121,2.469467193,-0.2604142414,0.003781352455,0.8772519642,0.4032358064
2534,84466666667,1,0,-0.08632367827,-1.331368847,2.477338159,-0.2550240341,0.005035043943,0.8779676357,0.4051051975
2535,84500000000,1,0,-0.09128166408,-1.328979479,2.476612448,-0.2548535534,0.006204821471,0.8773051968,0.4066285261
2536,84533333333,1,0,-0.09395864026,-1.327395968,2.471404385,-0.2521857793,0.007123760666,0.8775676286,0.4077090163
2537,84566666667,1,0,-0.1017794419,-1.33257104,2.47657485,-0.2480306299,0.007703944715,0.878326423,0.4086124699
2538,84600000000,1,1,-0.1090331205,-1.332882357,2.475700442,-0.2462744185,0.007119811573,0.8780259748,0.4103274384
2539,84633333333,1,0,-0.1153364757,-1.333967848,2.470717448,-0.2448120442,0.00628507941,0.8783160259,0.4105953232
2540,84666666667,1,0,-0.1228436884,-1.335726915,2.474801274,-0.2430602721,0.006597239088,0.8796377668,0.4087977247
2541,84700000000,1,0,-0.1307854603,-1.336253263,2.472919131,-0.2419803853,0.005678929991,0.8798452763,0.409005541
2542,84733333333,1,0,-0.1357942364,-1.333720956,2.467862659,-0.2416007929,0.005458457637,0.8806786558,0.4074363352
2543,84766666667,1,0,-0.1430256837,-1.334635129,2.470585518,-0.2382893234,0.005986121748,0.882507739,0.4054163974
2544,84800000000,1,0,-0.1509407813,-1.334211852,2.473617102,-0.2354969124,0.005543016722,0.8832693672,0.4053957378
2545,84833333333,1,0,-0.1568363828,-1.333179582,2.468881325,-0.2337312344,0.004531838127,0.883236242,0.406500816
2546,84866666667,1,0,-0.163699573,-1.333504263,2.467114786,-0.2296676898,0.002860147854,0.8843836868,0.4063373799
2547,84900000000,1,0,-0.1737068212,-1.335044277,2.469918238,-0.2257102909,-0.0007123146049,0.885128065,0.4069430744
2548,84933333333,1,0,-0.1803956484,-1.334223916,2.464752561,-0.224529355,-0.004886555423,0.8851421385,0.4075366056
2549,84966666667,1,0,-0.1881523396,-1.33407414,2.464506791,-0.221521579,-0.006995824023,0.886397469,0.4064219181
2550,85000000000,1,0,-0.1974208371,-1.334516604,2.46602024,-0.219503452,-0.009120256906,0.8869330941,0.4063062172
2551,85033333333,1,0,-0.2046698021,-1.333913515,2.459448686,-0.2180244201,-0.01233311408,0.8870205857,0.4068264091
2552,85066666667,1,1,-0.2135281822,-1.333123753,2.459934859,-0.2160793662,-0.01433422206,0.8886011176,0.4043418002
2553,85100000000,1,0,-0.2211899303,-1.332833763,2.462771261,-0.2144539641,-0.01846203989,0.8896062304,0.4028267681
2554,85133333333,1,0,-0.2257506068,-1.329580319,2.459760239,-0.2127253454,-0.02171574626,0.8900433575,0.4026154189
2555,85166666667,1,0,-0.234826543,-1.331309763,2.464794954,-0.2099852277,-0.02211351631,0.8911901436,0.401493866
2556,85200000000,1,0,-0.2414585034,-1.329340189,2.467767473,-0.208973296,-0.02312490681,0.8910528698,0.402268795
2557,85233333333,1,0,-0.2453171761,-1.329085911,2.461233488,-0.2075156813,-0.02427862816,0.8905283092,0.4041127575
2558,85266666667,1,0,-0.2629457858,-1.330814978,2.470935686,-0.2040760543,-0.02681905699,0.8907660124,0.4051784956
2559,85300000000,1,0,-0.2652838065,-1.328892829,2.463891872,-0.2036791497,-0.02843200211,0.8899843199,0.4069819843
2560,85333333333,1,0,-0.2731433928,-1.331442123,2.46743382,-0.200987369,-0.02925777202,0.8906681909,0.4067655763
2561,85366666667,1,0,-0.2784148039,-1.331000795,2.46618227,-0.2010164121,-0.03164863201,0.8900113022,0.4080081471
2562,85400000000,1,0,-0.2792241515,-1.331781381,2.457812145,-0.2007363152,-0.0333297377,0.8901211627,0.4077724563
2563,85433333333,1,0,-0.2863195576,-1.333898981,2.465615847,-0.199006776,-0.03247955681,0.8923086325,0.4038894475
2564,85466666667,1,0,-0.2894978932,-1.332302542,2.4678106,-0.1991338697,-0.03220906831,0.8926447803,0.4031049168
2565,85500000000,1,0,-0.2931646495,-1.33444104,2.46530755,-0.198762063,-0.03110764183,0.8927443342,0.4031544502
2566,85533333333,1,0,-0.2991914275,-1.336900002,2.470949577,-0.1989434512,-0.02910378292,0.8935311044,0.4014681041
2567,85566666667,1,0,-0.3035787888,-1.336961081,2.472111603,-0.2000747385,-0.02794343391,0.893220281,0.4016799636
2568,85600000000,1,1,-0.3029133965,-1.336153347,2.469990259,-0.202234396,-0.0252155082,0.8931257112,0.4009886423
2569,85633333333,1,0,-0.3087084194,-1.3384967,2.475287951,-0.2020483542,-0.02194819041,0.8937779135,0.3998196855
2570,85666666667,1,0,-0.314150367,-1.340794746,2.47796553,-0.2040934187,-0.0205163465,0.8930860133,0.4004027083
2571,85700000000,1,0,-0.3149004641,-1.340263248,2.475974748,-0.2069638972,-0.01905712649,0.8926815357,0.3999030471
2572,85733333333,1,0,-0.3194032638,-1.341256654,2.483143288,-0.2081003257,-0.01617660488,0.8931794153,0.3983253745
2573,85766666667,1,0,-0.3241469658,-1.341525798,2.487259914,-0.2105668489,-0.01427422011,0.8920247824,0.3996869231
2574,85800000000,1,0,-0.3243501076,-1.342778969,2.483559369,-0.2130265913,-0.01418829409,0.8907931012,0.4011309195
2575,85833333333,1,0,-0.3285501739,-1.34453284,2.488821052,-0.2134595218,-0.01420442811,0.8908474475,0.4007793559
2576,85866666667,1,0,-0.3317975119,-1.346041566,2.490709762,-0.2154963706,-0.01681855143,0.8896498398,0.4022457124
2577,85900000000,1,0,-0.3311361599,-1.347115327,2.485039572,-0.2176432636,-0.01918940155,0.8890667017,0.4022730126
2578,85933333333,1,0,-0.3345368867,-1.348923413,2.490391282,-0.2180192202,-0.01930459245,0.8904265393,0.3990432689
2579,85966666667,1,0,-0.3376436177,-1.351196863,2.494169071,-0.2199111228,-0.0195388911,0.8904236038,0.397998914
2580,86000000000,1,0,-0.3362499846,-1.352613599,2.489693662,-0.2221157235,-0.01944317646,0.8905460827,0.396502513
2581,86033333333,1,0,-0.3411080188,-1.35588616,2.498373336,-0.2222202731,-0.01799701611,0.8921622346,0.392862323
2582,86066666667,1,0,-0.3426346861,-1.356954551,2.500948868,-0.2251160049,-0.01793919485,0.8917667135,0.3921136294
2583,86100000000,1,0,-0.342375275,-1.358745867,2.497455891,-0.2271918187,-0.0169030847,0.8916796381,0.391159285
2584,86133333333,1,0,-0.3469775529,-1.360762338,2.50556411,-0.2281677144,-0.01530501549,0.8926230158,0.388496335
