frame_index,timestamp_ns,segment,keyframe,cx,cy,cz,qw,qx,qy,qz,predicted,confidence
0,0,0,1,0,0,0,1,0,0,0,0,1
5,166666667,0,1,-0.0157878753,-0.006290089122,0.03120474241,0.9984664344,0.01281232623,-0.03901552374,-0.03712697934,0,1
6,200000000,0,0,-0.01833856137,-0.008458034445,0.0340867191,0.9979077517,0.01836188984,-0.04711405834,-0.04028927494,0,1
7,233333333,0,1,-0.04183679427,-0.01584103036,0.02098010828,0.9974158202,0.01624258602,-0.05080155669,-0.04813586878,0,1
8,266666667,0,0,-0.04700449808,-0.01797578339,0.02794772595,0.9962717675,0.0150228525,-0.06357795834,-0.05634467515,0,1
9,300000000,0,1,-0.06764928774,-0.02584501918,0.02232774438,0.9947599805,0.01198508338,-0.07739296306,-0.06572113934,0,1
10,333333333,0,0,-0.06606589681,-0.02750604707,0.02995652094,0.9919258126,0.01112715494,-0.09957937044,-0.07773877845,0,1
11,366666667,0,0,-0.06757591628,-0.02981793277,0.03473013659,0.9892571679,0.01513153193,-0.1153049845,-0.08857794906,0,1
12,400000000,0,0,-0.07446814722,-0.02797089044,0.04185638388,0.9867151815,0.02048500188,-0.1291036265,-0.09646641366,0,1
13,433333333,0,0,-0.07678169092,-0.02755759916,0.04515884539,0.9840624029,0.02306954025,-0.1427489401,-0.1034974568,0,1
14,466666667,0,0,-0.08460855863,-0.02947994165,0.04994393424,0.9813835942,0.02572779853,-0.1545499881,-0.1110793524,0,1
15,500000000,0,1,-0.1002273053,-0.03395760302,0.05402250894,0.9789360016,0.02600760447,-0.1636299088,-0.1193028171,0,1
16,533333333,0,0,-0.1033897131,-0.03524920202,0.06101676443,0.9761954347,0.0271291193,-0.1743823781,-0.1260843782,0,1
17,566666667,0,0,-0.1073055568,-0.03765278143,0.06658523485,0.973312442,0.02977835908,-0.1856303765,-0.1315959834,0,1
18,600000000,0,0,-0.1102506863,-0.03871724647,0.07383054699,0.9707505368,0.0333399671,-0.1936082933,-0.1380132988,0,1
19,633333333,0,0,-0.1122572961,-0.03989852854,0.07805297332,0.9686714001,0.03860992943,-0.2005792815,-0.1412548892,0,1
20,666666667,0,0,-0.1175465835,-0.03854715637,0.08099833013,0.9664992054,0.0434819888,-0.2085196443,-0.1432067057,0,1
21,700000000,0,1,-0.1437388035,-0.04311317228,0.07862179138,0.9656759232,0.04290653939,-0.2106121878,-0.1458476826,0,1
22,733333333,0,0,-0.1492572404,-0.04425640318,0.08318226675,0.9628375385,0.0452232959,-0.2232896052,-0.1450533704,0,1
23,766666667,0,0,-0.1505433996,-0.04623793719,0.08668865288,0.9594188529,0.04714238179,-0.2364518897,-0.146231202,0,1
24,800000000,0,0,-0.1601767632,-0.04925522241,0.09393307066,0.9570903576,0.04937629868,-0.2457722721,-0.1453823194,0,1
25,833333333,0,0,-0.164250639,-0.04773239612,0.1004392352,0.9527840193,0.05613401967,-0.2601765998,-0.1461496541,0,1
26,866666667,0,0,-0.1637740089,-0.04754561443,0.1047967893,0.947956071,0.05964926385,-0.2729584193,-0.152692351,0,1
27,900000000,0,1,-0.1787112322,-0.04445400255,0.1082504137,0.9445656018,0.06251553961,-0.2790063478,-0.1613787135,0,1
28,933333333,0,0,-0.1811898812,-0.04342371629,0.1139457993,0.9399827643,0.06383356391,-0.2893204015,-0.1692671977,0,1
29,966666667,0,0,-0.1846786818,-0.04325107172,0.1200964063,0.9356020267,0.0641525404,-0.2977256593,-0.1785853604,0,1
30,1000000000,0,0,-0.1861401573,-0.04195738337,0.1255616953,0.9314588576,0.06353239724,-0.3053221408,-0.1874204401,0,1
31,1033333333,0,0,-0.1872681522,-0.04074168205,0.1305411865,0.9280199217,0.06217918615,-0.3114494264,-0.194710114,0,1
32,1066666667,0,0,-0.1912423919,-0.03897732098,0.1350467317,0.9245512288,0.05890740174,-0.3175925331,-0.202163118,0,1
33,1100000000,0,1,-0.2045653729,-0.03023666537,0.1404498037,0.9214102259,0.05593510333,-0.3235989877,-0.2077454092,0,1
34,1133333333,0,0,-0.2075818756,-0.03036672025,0.143805112,0.917181492,0.04989579648,-0.3331899582,-0.2127744627,0,1
35,1166666667,0,0,-0.2118484469,-0.02802034281,0.1476100554,0.9119803655,0.04370030523,-0.3449717617,-0.217661618,0,1
36,1200000000,0,0,-0.2140413006,-0.02951413981,0.148911998,0.9048909803,0.03582395501,-0.3600193951,-0.2242208581,0,1
37,1233333333,0,0,-0.2144757556,-0.02798088612,0.1525895515,0.896547622,0.02717456861,-0.3780388499,-0.2292390286,0,1
38,1266666667,0,0,-0.2123801854,-0.03126105724,0.1538242621,0.8895150113,0.01617606067,-0.3920860348,-0.2340297441,0,1
39,1300000000,0,1,-0.2195011152,-0.03082766375,0.1600491074,0.8849142909,0.009155860798,-0.4016497363,-0.2356275817,0,1
40,1333333333,0,0,-0.220482944,-0.03171548696,0.1611594157,0.8802442373,0.004605538999,-0.4083800804,-0.241608323,0,1
41,1366666667,0,0,-0.2208141485,-0.03722547907,0.1640859788,0.8749738523,0.002703311276,-0.4141787344,-0.2507377631,0,1
42,1400000000,0,0,-0.2206849086,-0.0378003426,0.1650666096,0.8689222006,0.007302583407,-0.4197897061,-0.2621020495,0,1
43,1433333333,0,0,-0.2194014165,-0.03988322948,0.1674917429,0.8630382799,0.01066457692,-0.4235264687,-0.2750936649,0,1
44,1466666667,0,0,-0.2171811355,-0.04256537541,0.1678044288,0.8582022847,0.01513087573,-0.4257781453,-0.2863090395,0,1
45,1500000000,0,1,-0.2171645454,-0.04851903513,0.1769630798,0.8541210218,0.01924350756,-0.4288492231,-0.2935903804,0,1
46,1533333333,0,0,-0.2203229239,-0.05530946723,0.1747101119,0.8513131878,0.02829429021,-0.4312723606,-0.2974381288,0,1
47,1566666667,0,0,-0.2142510826,-0.04955715539,0.1748424131,0.8482852315,0.04183513715,-0.4363729847,-0.2970532032,0,1
48,1600000000,0,0,-0.2127855679,-0.0491018404,0.1723723569,0.8463835343,0.04778721075,-0.4392199625,-0.2973837923,0,1
49,1633333333,0,0,-0.2117347189,-0.04743745813,0.1674548829,0.8427205797,0.05283980699,-0.4445082998,-0.2990691406,0,1
50,1666666667,0,0,-0.206924331,-0.0444432659,0.1696341404,0.8362218532,0.0558505955,-0.4522856505,-0.3050432978,0,1
51,1700000000,0,1,-0.2031472009,-0.04258640653,0.167040802,0.8300166429,0.05802388283,-0.4588164453,-0.311758033,0,1
52,1733333333,0,0,-0.1977235836,-0.04325942203,0.1689909562,0.8243715094,0.05604393262,-0.4649641145,-0.3179293385,0,1
53,1766666667,0,0,-0.1983477336,-0.04412377798,0.1680292704,0.8214262908,0.05195688556,-0.4676291523,-0.3223077827,0,1
54,1800000000,0,0,-0.1973975574,-0.04449785064,0.1668588966,0.8182972728,0.04786621402,-0.4725131372,-0.3237742022,0,1
55,1833333333,0,0,-0.1952486985,-0.04705372582,0.1686357789,0.8154677871,0.0425068411,-0.4773847131,-0.3245139323,0,1
56,1866666667,0,0,-0.1923701532,-0.04948713497,0.1695347099,0.8126940234,0.03997962316,-0.4811570353,-0.3262176597,0,1
57,1900000000,0,1,-0.1876479569,-0.05338782141,0.1699773624,0.8084553124,0.03646547928,-0.4859534901,-0.330029517,0,1
58,1933333333,0,0,-0.1872280419,-0.05299104397,0.1700119051,0.8026025146,0.03414616561,-0.4920809127,-0.3354394405,0,1
59,1966666667,0,0,-0.1857429778,-0.05405798619,0.1713911355,0.7949940749,0.03182385376,-0.4996814517,-0.3424764373,0,1
60,2000000000,0,0,-0.1867159795,-0.05610614857,0.1719366582,0.78971884,0.0312476735,-0.5031652992,-0.3495603214,0,1
61,2033333333,0,0,-0.1827976359,-0.05908785374,0.1732398072,0.7876478016,0.03054205762,-0.5039896499,-0.3530900112,0,1
62,2066666667,0,0,-0.1820896159,-0.05941075622,0.1741175954,0.7881766426,0.03013009589,-0.5015191986,-0.3554549912,0,1
63,2100000000,0,1,-0.1863429776,-0.06172472694,0.1817242021,0.7892925763,0.03034662924,-0.4988406408,-0.3567272435,0,1
64,2133333333,0,0,-0.1852191253,-0.06514507819,0.1829036155,0.7917069901,0.03205046348,-0.4949809917,-0.3566043011,0,1
65,2166666667,0,0,-0.1851493251,-0.06463636089,0.1809894718,0.796148069,0.0339094336,-0.488921799,-0.3548998126,0,1
66,2200000000,0,0,-0.1858204693,-0.07015666767,0.1804418113,0.7969274922,0.03764343106,-0.4861037058,-0.3566408999,0,1
67,2233333333,0,0,-0.1829184698,-0.06721798702,0.1801759397,0.7992140723,0.04564086436,-0.4823478686,-0.3556885039,0,1
68,2266666667,0,0,-0.1803053632,-0.06611800975,0.1776226387,0.8022374838,0.04948131029,-0.4791873753,-0.3526273938,0,1
69,2300000000,0,0,-0.1771330288,-0.07192038053,0.177640259,0.80474754,0.05038966962,-0.4779531878,-0.3484293737,0,1
70,2333333333,0,1,-0.176669328,-0.07181371604,0.1847783495,0.8103707353,0.05140422611,-0.4754142432,-0.338582596,0,1
71,2366666667,0,0,-0.1751066296,-0.07414627471,0.191094744,0.817681133,0.05267590272,-0.4691964073,-0.3293592952,0,1
72,2400000000,0,0,-0.1726103195,-0.07487824271,0.1932348694,0.8283395329,0.05383435153,-0.4592226597,-0.3163384734,0,1
73,2433333333,0,0,-0.1699962746,-0.07143008095,0.1956159583,0.8388252159,0.05518389328,-0.4490128326,-0.3028439719,0,1
74,2466666667,0,0,-0.1665493724,-0.07158809729,0.1975103662,0.8493161646,0.05507238026,-0.4388374344,-0.2881853425,0,1
75,2500000000,0,0,-0.1675585615,-0.07025522224,0.2013748946,0.8611690069,0.05449070694,-0.4270849524,-0.2702168533,0,1
76,2533333333,0,1,-0.1629525528,-0.07910578868,0.1978354981,0.8733047569,0.05091171961,-0.4128336626,-0.2536043483,0,1
77,2566666667,0,0,-0.1603162444,-0.07812002696,0.1961810182,0.8842920065,0.05166608759,-0.397681917,-0.2391805917,0,1
78,2600000000,0,0,-0.1597771667,-0.07745539572,0.1953112656,0.8934219569,0.05274264262,-0.3833794748,-0.2281131273,0,1
79,2633333333,0,0,-0.1562187652,-0.07688273925,0.196492758,0.9017254097,0.05483113454,-0.3693135933,-0.217927286,0,1
80,2666666667,0,0,-0.1528948931,-0.08029084792,0.1966220394,0.9108921956,0.05662582967,-0.3524539502,-0.2069906673,0,1
81,2700000000,0,1,-0.130300502,-0.08547049422,0.2020272358,0.9211025218,0.05836988523,-0.3340094894,-0.1913132558,0,1
82,2733333333,0,0,-0.1265426989,-0.08391560349,0.1977193938,0.934208087,0.05870235669,-0.3058481051,-0.1739718947,0,1
83,2766666667,0,0,-0.1283191225,-0.0759374761,0.1936306718,0.9458520799,0.06074688989,-0.2774253132,-0.1571905021,0,1
84,2800000000,0,0,-0.1247565607,-0.07773703893,0.1915568365,0.9548790444,0.05992607968,-0.2526069888,-0.1442379447,0,1
85,2833333333,0,0,-0.1210881562,-0.07807594608,0.186823974,0.9627187525,0.06255067796,-0.2287405225,-0.1301452637,0,1
86,2866666667,0,1,-0.08885881571,-0.07592138151,0.1842327123,0.9685342376,0.06323146152,-0.2119693468,-0.1140710698,0,1
87,2900000000,0,0,-0.08684256585,-0.07392399515,0.1777684259,0.9755561194,0.05949595572,-0.1862803832,-0.1002502266,0,1
88,2933333333,0,0,-0.0833632989,-0.07118678816,0.1725127555,0.981892888,0.05414063286,-0.1616517894,-0.08260658214,0,1
89,2966666667,0,0,-0.07681876895,-0.06619647913,0.1674535927,0.9868868599,0.04901299925,-0.1377547866,-0.06837887425,0,1
90,3000000000,0,0,-0.0751334221,-0.06579355125,0.1594928343,0.9911830365,0.04081562236,-0.1132345963,-0.05539132891,0,1
91,3033333333,0,0,-0.07001090516,-0.06441170995,0.147502323,0.9943958528,0.03158685786,-0.09218619444,-0.04099834088,0,1
92,3066666667,0,1,-0.03391466062,-0.0533617514,0.1429574227,0.9961319796,0.02450580638,-0.08125810874,-0.02275223904,0,1
93,3100000000,0,0,-0.02743705674,-0.05299045364,0.1331699822,0.9978396592,0.01984568007,-0.06214411884,-0.007763507258,0,1
94,3133333333,0,0,-0.01962504495,-0.04988440768,0.1233806055,0.9988932298,0.01468009339,-0.04373274009,0.009179200384,0,1
95,3166666667,0,0,-0.01301931733,-0.05071854794,0.1137373172,0.9992352014,0.01028570851,-0.02826211272,0.02498938552,0,1
96,3200000000,0,0,-0.00705091107,-0.04646713761,0.1028095199,0.9992088021,0.01075548808,-0.01364798104,0.03577459886,0,1
97,3233333333,0,0,0.0003028130815,-0.04162461444,0.09388911062,0.9988171703,0.008976378929,0.001259430632,0.0477713175,0,1
98,3266666667,0,1,0.05658844645,-0.02328984032,0.08319142454,0.9977472652,0.01078700857,0.003908734149,0.066096573,0,1
99,3300000000,0,0,0.0640903423,-0.011903525,0.07099217686,0.9967116348,0.01316670662,0.01902076843,0.07765800223,0,1
100,3333333333,0,0,0.07681648749,-0.008659820656,0.06118442829,0.9956122912,0.01075095783,0.03182362902,0.08733750155,0,1
101,3366666667,0,0,0.08776598765,-0.004676881926,0.05164865142,0.9942062563,0.01005125036,0.04429401708,0.09742141591,0,1
102,3400000000,0,0,0.1018390226,0.003944824369,0.04493089765,0.9925728489,0.01223451472,0.05564120204,0.107487269,0,1
103,3433333333,0,1,0.1660872263,0.0292872875,0.02254347141,0.9916840225,0.01481891521,0.05791299831,0.1139705393,0,1
104,3466666667,0,0,0.1972044367,0.02963293042,0.01372522305,0.9904066995,0.01654964741,0.06732453845,0.1195327792,0,1
105,3500000000,0,0,0.21984281,0.03897064024,-0.002680656704,0.9888169225,0.02562323728,0.08169518683,0.1221083126,0,1
106,3533333333,0,0,0.225947762,0.05713011192,-0.02072116466,0.987245079,0.03448841379,0.09726878226,0.1212290694,0,1
107,3566666667,0,1,0.2629138927,0.08638264171,-0.03989671794,0.9867686155,0.03610500571,0.1014697573,0.1211941272,0,1
108,3600000000,0,0,0.2815502728,0.09981857993,-0.05334150719,0.9869327178,0.03059681985,0.1039341335,0.1192700342,0,1
109,3633333333,0,0,0.3108841864,0.1070773901,-0.06900276928,0.9875534025,0.02303187438,0.09996919848,0.1192223528,0,1
110,3666666667,0,0,0.3416752042,0.1176749255,-0.08415772913,0.9880396823,0.01814925719,0.09706141587,0.1184367856,0,1
111,3700000000,0,0,0.371746169,0.1287301166,-0.1010947464,0.9884642105,0.01406100869,0.09516865401,0.1169774333,0,1
112,3733333333,0,0,0.4079941277,0.1442290922,-0.1165452314,0.9890466841,0.01129670837,0.09381004103,0.1133962841,0,1
113,3766666667,0,1,0.4382195923,0.1638107497,-0.1313946673,0.9890763488,0.008118203625,0.09881258532,0.1090786138,0,1
114,3800000000,0,0,0.4659068723,0.1737816288,-0.1470932091,0.9895134658,0.005345813675,0.09833354998,0.1056647346,0,1
115,3833333333,0,0,0.4957692985,0.1951107034,-0.1612504672,0.9900436928,0.004282821134,0.09827263175,0.1006858166,0,1
116,3866666667,0,0,0.5229288643,0.2077411134,-0.1734302427,0.990326609,-0.001933282014,0.1006248101,0.0955202471,0,1
117,3900000000,0,0,0.5506026807,0.2170024212,-0.183371979,0.990106059,-0.008634821823,0.1043594532,0.09340522684,0,1
118,3933333333,0,0,0.5718551146,0.2189346411,-0.1918055899,0.9894499255,-0.01427323018,0.1103453359,0.09278484066,0,1
119,3966666667,0,1,0.5980842531,0.2308047523,-0.2106129134,0.9889724398,-0.01523278557,0.1163681353,0.09033234538,0,1
120,4000000000,0,0,0.6186618238,0.2501122826,-0.2204859851,0.988631909,-0.0165331124,0.120371776,0.08856771577,0,1
121,4033333333,0,0,0.6336292449,0.2535923966,-0.2277010968,0.9882635692,-0.02270208738,0.1222761197,0.08870334577,0,1
122,4066666667,0,0,0.6528038453,0.2494166753,-0.2368572057,0.9883999938,-0.02774327188,0.1211237684,0.08732007728,0,1
123,4100000000,0,0,0.6729410948,0.2556286169,-0.2463402937,0.9891035858,-0.0280322257,0.1177325492,0.08382921726,0,1
124,4133333333,0,0,0.6969788349,0.2600114703,-0.2551720239,0.9898157254,-0.02883834391,0.1125996735,0.08218572371,0,1
125,4166666667,0,1,0.7175678737,0.2526052872,-0.2677916988,0.9904767244,-0.02912915241,0.1077397905,0.08061940463,0,1
126,4200000000,0,0,0.7485928158,0.2672741405,-0.2800302349,0.9919518511,-0.02290165372,0.09886998517,0.07570842378,0,1
127,4233333333,0,0,0.7779633498,0.2824548344,-0.2893357168,0.9926305767,-0.0198197858,0.09417001144,0.07364593179,0,1
128,4266666667,0,0,0.8005260646,0.2828588324,-0.2980832768,0.9929420302,-0.02047872129,0.09087699677,0.07340380218,0,1
129,4300000000,0,0,0.8328533973,0.2944535262,-0.3068316376,0.9935641585,-0.01756605099,0.08519483,0.07255024224,0,1
130,4333333333,0,0,0.8582684015,0.2943696563,-0.3158454132,0.9940791171,-0.01790405238,0.08252454098,0.06838021581,0,1
131,4366666667,0,1,0.8862377628,0.29551839,-0.3297038284,0.9948436706,-0.01545313301,0.07956224085,0.06096820089,0,1
132,4400000000,0,0,0.9109449786,0.2953892663,-0.3389112618,0.9955993024,-0.01164572689,0.07822238826,0.05027587917,0,1
133,4433333333,0,0,0.9323492453,0.298524166,-0.3487048885,0.9964117795,-0.004769365662,0.0753192266,0.03831230839,0,1
134,4466666667,0,0,0.9616970932,0.3184128534,-0.3555832883,0.9971633408,0.003507882911,0.06961779476,0.02839593692,0,1
135,4500000000,0,0,0.9842621368,0.3189415151,-0.3622163342,0.9976612696,0.003638269015,0.06522905212,0.02009788156,0,1
136,4533333333,0,0,1.003983524,0.3212158975,-0.3677630031,0.9982290162,0.004996205966,0.05767564429,0.01368902003,0,1
137,4566666667,0,1,1.033576154,0.3176006081,-0.3801347518,0.998942901,0.003608311949,0.04519618611,0.007573991398,0,1
138,4600000000,0,0,1.063434041,0.31686066,-0.3856328155,0.9994626531,0.003684891595,0.03256973182,-0.0001981675203,0,1
139,4633333333,0,0,1.093422261,0.3181447303,-0.3906557833,0.9997513883,0.003602899029,0.02046259078,-0.008090930989,0,1
140,4666666667,0,0,1.122480441,0.3062699004,-0.3960942863,0.9998028398,0.00112805941,0.008394562817,-0.01795941041,0,1
141,4700000000,0,0,1.148994625,0.3073252165,-0.4021199402,0.9994099093,0.003384641927,-0.003514519005,-0.03400037671,0,1
142,4733333333,0,0,1.177283339,0.3146205352,-0.4048852599,0.9985981932,0.003823075075,-0.01787226458,-0.04967509155,0,1
143,4766666667,0,1,1.205961986,0.3056248446,-0.4086655386,0.9976764744,-0.0007530448222,-0.0312615565,-0.06052933481,0,1
144,4800000000,0,0,1.24459066,0.2985129288,-0.4131697657,0.9963890133,-0.0007185500922,-0.04354940202,-0.07288255928,0,1
145,4833333333,0,0,1.282456238,0.2957014016,-0.4173927221,0.9950092484,0.0002456413216,-0.04944542912,-0.08666997619,0,1
146,4866666667,0,0,1.313094009,0.2910622777,-0.4187900723,0.9941467269,0.0006297153509,-0.04952844371,-0.09601469697,0,1
147,4900000000,0,0,1.333602204,0.2806082943,-0.4207317878,0.9936473998,0.001470605567,-0.04769276922,-0.1019219402,0,1
148,4933333333,0,0,1.352848349,0.2831825791,-0.4243195528,0.9930263785,0.006086000947,-0.04881866095,-0.1071368777,0,1
149,4966666667,0,1,1.366115696,0.2856514185,-0.4278309511,0.9924160824,0.006874360781,-0.05425183588,-0.110089967,0,1
150,5000000000,0,0,1.385099918,0.2927249002,-0.4266657043,0.9910960313,0.004948426433,-0.06849430935,-0.1140732197,0,1
151,5033333333,0,0,1.408956737,0.2749622673,-0.4246377565,0.9890593296,-0.002287444164,-0.08602829117,-0.1198146208,0,1
152,5066666667,0,0,1.438661945,0.2731285019,-0.4226233623,0.9862676361,-0.000396096639,-0.1040576896,-0.1282497189,0,1
153,5100000000,0,0,1.472054493,0.2793956225,-0.4167389896,0.9828526761,-0.0005507709068,-0.121172749,-0.1389873327,0,1
154,5133333333,0,0,1.499642655,0.2733033126,-0.4118980424,0.9794566198,-0.004309091717,-0.1356406037,-0.1491569251,0,1
155,5166666667,0,1,1.530490803,0.2696559677,-0.4028308586,0.9762392155,-0.008618082608,-0.1484088537,-0.1576627253,0,1
156,5200000000,0,0,1.557052941,0.2517019019,-0.3968386653,0.9737034272,-0.01288548705,-0.1575266384,-0.1640760747,0,1
157,5233333333,0,0,1.58939673,0.2563157635,-0.3915536764,0.9711809429,-0.01023254234,-0.1651611881,-0.1715361569,0,1
158,5266666667,0,0,1.614230954,0.240044298,-0.3841730632,0.9683324362,-0.01541445866,-0.170729359,-0.1815108083,0,1
159,5300000000,0,1,1.624539284,0.2019534939,-0.3789949751,0.9659260327,-0.01486927403,-0.1749947812,-0.1901121528,0,1
160,5333333333,0,0,1.639197833,0.1884503504,-0.3828797338,0.9634446503,0.00296229457,-0.1825385259,-0.1960747746,0,1
161,5366666667,0,0,1.656062346,0.1745338206,-0.3879772403,0.9600016982,0.0227585542,-0.1957101452,-0.1989379973,0,1
162,5400000000,0,1,1.68270514,0.191090979,-0.3969932494,0.9550356634,0.04995854056,-0.2125143983,-0.2006206776,0,1
163,5433333333,0,0,1.714662725,0.2006905766,-0.3993884292,0.9490318948,0.06220598662,-0.2322357056,-0.2038024899,0,1
164,5466666667,0,0,1.748374717,0.1822798173,-0.3881587517,0.9427894094,0.06925768737,-0.2516485407,-0.2074235144,0,1
165,5500000000,0,0,1.779087349,0.1733509332,-0.3843716123,0.9365244204,0.08434889523,-0.2644972933,-0.2141225251,0,1
166,5533333333,0,0,1.809448744,0.1610289516,-0.3845513385,0.9310263766,0.0970003496,-0.2745399715,-0.2200195951,0,1
167,5566666667,0,1,1.84581147,0.1389451631,-0.3651458643,0.9244981766,0.1117428212,-0.2861439888,-0.2256951065,0,1
168,5600000000,0,0,1.878592162,0.1271060322,-0.3587730269,0.9187595444,0.1324837476,-0.2905258557,-0.2322147356,0,1
169,5633333333,0,0,1.901609218,0.1209581346,-0.3616502208,0.9157864239,0.151301742,-0.2887492097,-0.2346633813,0,1
170,5666666667,0,0,1.915196333,0.1083995701,-0.3681137025,0.9145762469,0.1653431865,-0.2878928908,-0.2309320305,0,1
171,5700000000,0,0,1.926815884,0.1064165542,-0.377983554,0.9122518592,0.1804080412,-0.2893162284,-0.2270365697,0,1
172,5733333333,0,0,1.937523866,0.1005840474,-0.3807633006,0.9089680595,0.1909932743,-0.2963659852,-0.2224091698,0,1
173,5766666667,0,1,1.95252171,0.08321775574,-0.3855393534,0.9030167261,0.2014034208,-0.3095151822,-0.2195399882,0,1
174,5800000000,0,0,1.966384987,0.0804310074,-0.385583239,0.8959395148,0.214374705,-0.3229267722,-0.2169197349,0,1
175,5833333333,0,0,1.980916517,0.07569280803,-0.3814284064,0.8896512667,0.2207377613,-0.3362771622,-0.2161322153,0,1
176,5866666667,0,0,1.988928209,0.06013504228,-0.3706304413,0.8833234432,0.2266243076,-0.3492946908,-0.215347015,0,1
177,5900000000,0,0,2.002583537,0.05368707609,-0.3579702269,0.8768969336,0.235571922,-0.3589754689,-0.216088524,0,1
178,5933333333,0,1,2.024435217,0.0422287324,-0.3529229882,0.8709335114,0.2440717841,-0.3683797184,-0.2149422389,0,1
179,5966666667,0,0,2.03244199,0.03505622687,-0.3456144507,0.865366758,0.2521956997,-0.376080672,-0.2147115073,0,1
180,6000000000,0,0,2.040282599,0.01857008755,-0.3362382459,0.8608297794,0.2578941164,-0.3848009591,-0.2106915695,0,1
181,6033333333,0,0,2.050485706,0.00766816561,-0.3251509001,0.8556773842,0.2657462267,-0.3940051615,-0.2048294165,0,1
182,6066666667,0,0,2.059112751,-0.00156676317,-0.3124232636,0.8500549127,0.2737040416,-0.4021212922,-0.2019683375,0,1
183,6100000000,0,0,2.065189404,-0.01514962622,-0.3039655468,0.8450828763,0.279446339,-0.4102072893,-0.1986822984,0,1
184,6133333333,0,1,2.089223643,-0.03185717892,-0.3192654316,0.8395535718,0.2841019147,-0.420472264,-0.1940076736,0,1
185,6166666667,0,0,2.098726863,-0.04471929609,-0.3021747983,0.8330642856,0.2919695538,-0.4299943538,-0.1893740515,0,1
186,6200000000,0,0,2.109344705,-0.05069303712,-0.2915956469,0.827517202,0.299517279,-0.4370150866,-0.1858022982,0,1
187,6233333333,0,0,2.113221224,-0.07117558441,-0.2817183376,0.8222734004,0.3058566021,-0.4444045141,-0.181170698,0,1
188,6266666667,0,0,2.115746685,-0.1145488716,-0.2706474765,0.8155183489,0.3148984884,-0.4530694499,-0.1746334394,0,1
189,6300000000,0,1,2.149117748,-0.1120950574,-0.2704810318,0.8061506696,0.3300932004,-0.4605779408,-0.170374697,0,1
190,6333333333,0,0,2.162381289,-0.1238945592,-0.2618751615,0.7974319296,0.3452579053,-0.465139733,-0.1689506593,0,1
191,6366666667,0,0,2.172468711,-0.1485014191,-0.2730040933,0.7896057819,0.3607376251,-0.4672946842,-0.1674119265,0,1
192,6400000000,0,0,2.183248,-0.1613022037,-0.278550041,0.7815747448,0.3775002394,-0.4695315758,-0.1617856202,0,1
193,6433333333,0,1,2.212225968,-0.1477563536,-0.2772036401,0.7737742104,0.393497139,-0.4711442532,-0.1563859508,0,1
194,6466666667,0,0,2.215196091,-0.1482495805,-0.2794747709,0.7689223119,0.4048634319,-0.4718568151,-0.1489806224,0,1
195,6500000000,0,0,2.227735392,-0.154412187,-0.2804224351,0.7630541304,0.4149488385,-0.4748398898,-0.1417495487,0,1
196,6533333333,0,0,2.243383332,-0.1482110011,-0.267683269,0.7569582829,0.4232580684,-0.4787841184,-0.1365010381,0,1
197,6566666667,0,1,2.265717603,-0.2106558581,-0.3025893141,0.7554220228,0.4215827305,-0.4823644342,-0.1375867777,0,1
198,6600000000,0,0,2.275875864,-0.2217143448,-0.3122422752,0.754440461,0.4191843939,-0.4858213074,-0.1381364979,0,1
199,6633333333,0,0,2.289324689,-0.2236919222,-0.316038761,0.7550221563,0.4142394842,-0.4885124322,-0.1403666515,0,1
200,6666666667,0,0,2.304469971,-0.2250640477,-0.3120016277,0.7571314471,0.4083384886,-0.4891552689,-0.1440096299,0,1
201,6700000000,0,0,2.309592689,-0.2335899167,-0.3107911915,0.7627562266,0.3973169912,-0.4884469932,-0.1475184128,0,1
202,6733333333,0,0,2.317401305,-0.229817289,-0.3032379147,0.7705307771,0.3818891027,-0.4869709531,-0.152650993,0,1
203,6766666667,0,1,2.335575566,-0.255288331,-0.3008094408,0.7765441405,0.3670317564,-0.485528933,-0.1628758513,0,1
204,6800000000,0,0,2.3448815,-0.2572021581,-0.2889856764,0.7807731705,0.3545029334,-0.484439646,-0.1733180769,0,1
205,6833333333,0,0,2.352264315,-0.2559742233,-0.28076937,0.7850008325,0.3412834905,-0.4833344815,-0.1835403256,0,1
206,6866666667,0,0,2.356603004,-0.2505304387,-0.2591530173,0.7877370408,0.3296795498,-0.4839796852,-0.1911685469,0,1
207,6900000000,0,0,2.370917286,-0.239802948,-0.2431050178,0.7899886607,0.3182334965,-0.4852348244,-0.1979710152,0,1
208,6933333333,0,0,2.382906859,-0.2296807972,-0.2395583701,0.7932435389,0.3047388751,-0.4867634206,-0.2023864579,0,1
209,6966666667,0,1,2.400980843,-0.2185405001,-0.1737158754,0.7932657031,0.2935775974,-0.4919925449,-0.2061190299,0,1
210,7000000000,0,0,2.428918854,-0.2201132599,-0.1707856282,0.7957796439,0.2770991595,-0.4946076716,-0.2128710065,0,1
211,7033333333,0,0,2.452616802,-0.2274659706,-0.1817055333,0.8005955176,0.2553288636,-0.4957391818,-0.2193094896,0,1
212,7066666667,0,0,2.465447753,-0.2251296422,-0.1733109047,0.8038952527,0.2360669707,-0.4969601654,-0.2259544247,0,1
213,7100000000,0,1,2.486943084,-0.2537258122,-0.1252366992,0.8044215034,0.2161364546,-0.5001145135,-0.2368048803,0,1
214,7133333333,0,0,2.513369898,-0.2617108084,-0.122504203,0.8070461172,0.198096941,-0.4980614053,-0.2477276796,0,1
215,7166666667,0,0,2.53372604,-0.2628738197,-0.1196454392,0.8108467109,0.1784745432,-0.4950090304,-0.2562040372,0,1
216,7200000000,0,0,2.539881714,-0.2784150152,-0.1124873347,0.8140397101,0.1579097066,-0.4918165806,-0.2655566343,0,1
217,7233333333,0,1,2.549198517,-0.306705778,-0.05877591877,0.8142477476,0.143408243,-0.4904865489,-0.2754226328,0,1
218,7266666667,0,0,2.569079777,-0.3091336371,-0.0533331774,0.8147490534,0.1274006527,-0.4877907729,-0.2863794956,0,1
219,7300000000,0,0,2.581536816,-0.327934842,-0.05227683896,0.8135746126,0.1106559168,-0.4854267326,-0.3003539665,0,1
220,7333333333,0,0,2.598339067,-0.3383214749,-0.05009366196,0.8103573796,0.1008147986,-0.4864296577,-0.3107144698,0,1
221,7366666667,0,0,2.619414255,-0.3489022447,-0.03500890161,0.8058094658,0.0897508462,-0.4886523385,-0.3222340494,0,1
222,7400000000,0,1,2.636171801,-0.387365001,0.02080338651,0.802413929,0.07871648096,-0.488886073,-0.3330555656,0,1
223,7433333333,0,0,2.658371748,-0.3990894938,0.03649201205,0.8020306001,0.07058016665,-0.4863304256,-0.3394820668,0,1
224,7466666667,0,0,2.681051765,-0.4093370357,0.05650379498,0.8013216241,0.06098035429,-0.483328081,-0.347216096,0,1
225,7500000000,0,0,2.702451542,-0.42773026,0.07363549202,0.8005400373,0.05041683155,-0.4787761306,-0.3568854278,0,1
226,7533333333,0,0,2.724466714,-0.4388992332,0.09437805658,0.7994362573,0.04081889036,-0.473453964,-0.3675280025,0,1
227,7566666667,0,0,2.741062326,-0.4589056467,0.1153474051,0.7979527915,0.02917661568,-0.4665502825,-0.3804614324,0,1
228,7600000000,0,1,2.756743312,-0.4784788799,0.1755566342,0.7962515753,0.02334706877,-0.4606162255,-0.3914984496,0,1
229,7633333333,0,0,2.779884889,-0.4892070313,0.2026748317,0.796578582,0.01618717316,-0.4534382304,-0.3994925648,0,1
230,7666666667,0,0,2.793744106,-0.5068487994,0.2277613968,0.7967323597,0.003869340966,-0.4439809102,-0.40997991,0,1
231,7700000000,0,0,2.804690094,-0.5366035439,0.249648271,0.7970901115,-0.007377523878,-0.4348561651,-0.4189188966,0,1
232,7733333333,0,0,2.818850869,-0.5631222159,0.2699885894,0.7986590531,-0.01326725304,-0.4253224604,-0.4255214467,0,1
233,7766666667,0,1,2.82337818,-0.5661889786,0.3740587203,0.7968835353,-0.009676820597,-0.4231694184,-0.4310575759,0,1
234,7800000000,0,0,2.840168002,-0.5887532519,0.4035835014,0.7974910031,-0.01624928789,-0.4173267143,-0.4354106959,0,1
235,7833333333,0,0,2.84509138,-0.6226851948,0.427842291,0.7981592462,-0.02376577831,-0.411318934,-0.4395380985,0,1
236,7866666667,0,0,2.861021533,-0.6444343546,0.4551248751,0.7969751786,-0.02614274309,-0.4086325741,-0.4440343918,0,1
237,7900000000,0,0,2.871417592,-0.6667470662,0.4784900668,0.7945810709,-0.03029599628,-0.4062223506,-0.4502293597,0,1
238,7933333333,0,1,2.875326498,-0.6809256995,0.5248026356,0.7919440193,-0.03298816051,-0.4076592051,-0.4533766912,0,1
239,7966666667,0,0,2.883317069,-0.7169709211,0.5533059802,0.788280907,-0.03846644188,-0.4088608526,-0.4582208504,0,1
240,8000000000,0,0,2.893898668,-0.7545280943,0.5816826674,0.7828433239,-0.0369731049,-0.4096602361,-0.466870229,0,1
241,8033333333,0,0,2.90428569,-0.7878303004,0.6054995909,0.7763318021,-0.02978068334,-0.408271028,-0.479308681,0,1
242,8066666667,0,0,2.91278468,-0.8131856132,0.6255331667,0.7708453027,-0.02253268514,-0.4069246078,-0.4895938735,0,1
243,8100000000,0,0,2.914907268,-0.8393965118,0.6430403088,0.7637953369,-0.01664951114,-0.4078826935,-0.4999711846,0,1
244,8133333333,0,1,2.916985979,-0.8347686091,0.6644705166,0.7562155692,-0.004881906852,-0.4111788677,-0.5089657342,0,1
245,8166666667,0,0,2.92473444,-0.8542687003,0.6875569132,0.7452967607,0.001295341623,-0.4193152122,-0.5183684148,0,1
246,8200000000,0,0,2.932019163,-0.8786506607,0.7141501916,0.7325627225,0.006402549032,-0.4286526957,-0.5287416491,0,1
247,8233333333,0,0,2.933794413,-0.8979328247,0.7364071546,0.7207207095,0.01171793064,-0.4366994119,-0.5382545612,0,1
248,8266666667,0,0,2.946311671,-0.9127097207,0.7656794337,0.7091345935,0.01612044283,-0.4483635182,-0.5439103007,0,1
249,8300000000,0,0,2.950614108,-0.9316183669,0.7947218666,0.6969804163,0.01531896337,-0.4577673212,-0.55175421,0,1
250,8333333333,0,1,2.947407065,-0.9474876141,0.8047630289,0.6859500728,0.01495602728,-0.4642468702,-0.5601103983,0,1
251,8366666667,0,0,2.951374158,-0.9679106751,0.8330897619,0.6745615924,0.01593892965,-0.4722116255,-0.5672114151,0,1
252,8400000000,0,0,2.954758333,-0.9841798579,0.8613408514,0.6646440869,0.01624567036,-0.4795088729,-0.5727613437,0,1
253,8433333333,0,0,2.959828865,-0.997418913,0.8897641441,0.6536243551,0.01600582987,-0.4877325835,-0.5784772621,0,1
254,8466666667,0,0,2.957621397,-1.012952485,0.9080419256,0.6395592171,0.01543809421,-0.4961693056,-0.58697674,0,1
255,8500000000,0,0,2.965857006,-1.03150065,0.9355609065,0.6218921404,0.01852471291,-0.5084297148,-0.5953202717,0,1
256,8533333333,0,1,2.963859758,-1.045085548,0.9503180582,0.606961357,0.01974547426,-0.5179067035,-0.6024787746,0,1
257,8566666667,0,0,2.980081082,-1.06741877,0.9766801359,0.5937629501,0.02039083102,-0.5317111518,-0.6035834856,0,1
258,8600000000,0,0,2.992959372,-1.090220915,1.004250475,0.5801892974,0.01830962558,-0.5418452514,-0.6078230501,0,1
259,8633333333,0,0,3.000460733,-1.112923989,1.026897781,0.56823732,0.01584973158,-0.5503196909,-0.611558151,0,1
260,8666666667,0,0,3.012342529,-1.139221188,1.053264429,0.5560889356,0.01220764073,-0.5599460351,-0.614065556,0,1
261,8700000000,0,0,3.024038917,-1.17006489,1.078093473,0.5436515613,0.009929246469,-0.5671631036,-0.6186035918,0,1
262,8733333333,0,1,3.029527403,-1.190744038,1.091777692,0.5361725973,0.008715907056,-0.5696944459,-0.6228091338,0,1
263,8766666667,0,0,3.032555362,-1.221397145,1.10840102,0.5314862767,0.009363933012,-0.5718686685,-0.6248206786,0,1
264,8800000000,0,0,3.042449158,-1.248506755,1.12385925,0.5285212716,0.01314291387,-0.5756218993,-0.6238204536,0,1
265,8833333333,0,0,3.046254765,-1.275116625,1.136061156,0.5247106649,0.01357361082,-0.5790164817,-0.6238865194,0,1
266,8866666667,0,0,3.045380611,-1.302439653,1.140772429,0.5201589015,0.01538990989,-0.5847871375,-0.6222715418,0,1
267,8900000000,0,0,3.055073336,-1.335639533,1.166948725,0.5148523129,0.01878056472,-0.595734884,-0.6161771938,0,1
268,8933333333,0,1,3.042429252,-1.368819323,1.189408089,0.5117010268,0.01953094179,-0.6020214234,-0.6126588017,0,1
269,8966666667,0,0,3.040209493,-1.394966208,1.202591869,0.5120826707,0.02640458748,-0.6070760826,-0.6070689961,0,1
270,9000000000,0,0,3.047076326,-1.404564967,1.215410097,0.5131943508,0.03076109043,-0.6130914822,-0.5998367678,0,1
271,9033333333,0,0,3.041940221,-1.4163647,1.21853216,0.5107750545,0.02946273699,-0.6208026266,-0.5940074828,0,1
272,9066666667,0,0,3.050670741,-1.419412117,1.234558598,0.5050464576,0.02763297084,-0.6330518059,-0.5860118648,0,1
273,9100000000,0,0,3.03293232,-1.444872363,1.253727785,-0.4951525581,-0.01399836901,0.6440769505,0.5829175514,0,1
274,9133333333,0,1,3.001459439,-1.481015905,1.265038727,-0.4864165275,-0.003235248149,0.6533042102,0.5801569649,0,1
275,9166666667,0,0,2.989486816,-1.497544158,1.279607717,-0.4827975874,0.0005622731229,0.6619568299,0.5733404999,0,1
276,9200000000,0,0,2.969270665,-1.509301013,1.296308737,-0.4797902697,0.005809284849,0.6695817462,0.5669460596,0,1
277,9233333333,0,0,2.949135687,-1.520615089,1.304367575,-0.4780983573,0.009771375392,0.6768776111,0.5596098468,0,1
278,9266666667,0,0,2.943384692,-1.520624676,1.318035067,-0.4730462717,0.0139738651,0.6862631975,0.552335749,0,1
279,9300000000,0,0,2.913259677,-1.529568626,1.332534662,-0.4637930201,0.02297676352,0.6954568026,0.5483684332,0,1
280,9333333333,0,1,2.896985241,-1.541779613,1.342842909,-0.4560003109,0.02622360289,0.704556306,0.5431173453,0,1
281,9366666667,0,0,2.876577985,-1.543850473,1.364417485,-0.4480889955,0.027937454,0.7116212568,0.540398869,0,1
282,9400000000,0,0,2.853626894,-1.548510828,1.385690648,-0.4421234497,0.02736961141,0.7163385886,0.5391073975,0,1
283,9433333333,0,0,2.821227017,-1.558205734,1.4158668,-0.4403928227,0.02852081683,0.7178869444,0.5384041789,0,1
284,9466666667,0,0,2.7869563,-1.563936039,1.428622183,-0.446288516,0.02723655573,0.7153526859,0.5369872116,0,1
285,9500000000,0,0,2.761870768,-1.56761657,1.444229914,-0.4542126326,0.02161312285,0.7132401661,0.5333968717,0,1
286,9533333333,0,1,2.74279102,-1.575815671,1.442929019,-0.4684844857,0.01705478329,0.7066306272,0.5300043186,0,1
287,9566666667,0,0,2.721491839,-1.579760565,1.450393655,-0.4836555688,0.01138852622,0.7020893846,0.5225113283,0,1
288,9600000000,0,0,2.704294993,-1.582222966,1.462621364,-0.4990141504,0.005999502021,0.6962729325,0.5159000748,0,1
289,9633333333,0,0,2.674485594,-1.582074656,1.470187512,0.515875653,-0.002465455868,-0.6892955807,-0.5086627906,0,1
290,9666666667,0,0,2.662065569,-1.582842091,1.473054718,0.5312651412,0.006390588805,-0.6831730419,-0.5009901247,0,1
291,9700000000,0,0,2.643184623,-1.588237564,1.475041224,0.5435220478,0.01277781277,-0.6779403006,-0.4947903191,0,1
292,9733333333,0,1,2.628994042,-1.586755197,1.470323151,0.5559487699,0.02171413509,-0.6727014259,-0.4877727474,0,1
293,9766666667,0,0,2.616915039,-1.589303222,1.468469766,0.5649835598,0.02905132887,-0.6695761769,-0.4812663927,0,1
294,9800000000,0,0,2.601218427,-1.593541371,1.468333012,0.5701030096,0.03382595933,-0.6685263257,-0.4763516713,0,1
295,9833333333,0,0,2.58247858,-1.598541909,1.470573764,0.575431692,0.03884057896,-0.6681287195,-0.4700784951,0,1
296,9866666667,0,0,2.566375311,-1.607292221,1.478507872,0.5832685531,0.04334067253,-0.667269169,-0.4611629181,0,1
297,9900000000,0,1,2.549940461,-1.625974547,1.487281349,0.5956035955,0.04786797426,-0.6611314392,-0.453729252,0,1
298,9933333333,0,0,2.530625975,-1.63422045,1.490476728,0.612891298,0.05496320451,-0.6507300747,-0.444852417,0,1
299,9966666667,0,0,2.520143843,-1.639142711,1.491742356,0.6297194574,0.06565502764,-0.6408389728,-0.4341292817,0,1
300,10000000000,0,1,2.503986915,-1.658414481,1.495675151,0.6450643575,0.07305504612,-0.6304007337,-0.4256170226,0,1
301,10033333333,0,0,2.496969211,-1.661800262,1.492665516,0.6603984724,0.08269326422,-0.6198552212,-0.4157104599,0,1
302,10066666667,0,0,2.488378643,-1.664454302,1.495589625,0.6714426698,0.09095244808,-0.6124104231,-0.4072417796,0,1
303,10100000000,0,0,2.479504347,-1.670992657,1.497468573,0.6819919863,0.09872358407,-0.604701298,-0.3993456206,0,1
304,10133333333,0,1,2.455197417,-1.69127373,1.512135368,0.6926214325,0.1012530388,-0.5988185729,-0.389152528,0,1
305,10166666667,0,0,2.448182367,-1.696996139,1.522819445,0.7051076648,0.1050401032,-0.5902773674,-0.3786322587,0,1
306,10200000000,0,0,2.435836241,-1.703721416,1.525688018,0.7176274016,0.1085570983,-0.579547941,-0.3706082203,0,1
307,10233333333,0,1,2.416106624,-1.73227687,1.538356328,0.727464509,0.1096480543,-0.5706388996,-0.36488894,0,1
308,10266666667,0,0,2.405873074,-1.735058646,1.543609111,0.7370158498,0.1162706735,-0.5600928982,-0.3599787676,0,1
309,10300000000,0,0,2.398402948,-1.739495336,1.546558686,0.745832216,0.120695287,-0.5488734704,-0.3576378989,0,1
310,10333333333,0,0,2.393539247,-1.740790363,1.547190326,0.7546473199,0.1230826024,-0.53827643,-0.3544242944,0,1
311,10366666667,0,0,2.380574297,-1.741748361,1.556913578,0.7624286336,0.1243331225,-0.5272246287,-0.3539463859,0,1
312,10400000000,0,0,2.371227372,-1.752952456,1.559574264,0.770345939,0.1248040224,-0.5142681966,-0.355695533,0,1
313,10433333333,0,1,2.344531709,-1.811793724,1.56658975,0.7752237199,0.1200553812,-0.5048616307,-0.3601799875,0,1
314,10466666667,0,0,2.33058652,-1.823115185,1.568846027,0.7817258514,0.1257045724,-0.4943543097,-0.3587713342,0,1
315,10500000000,0,0,2.321615679,-1.830107492,1.562518533,0.78761355,0.1316144982,-0.4849548846,-0.3565968027,0,1
316,10533333333,0,0,2.319316076,-1.838908865,1.565218194,0.7919140081,0.1351683048,-0.4794296739,-0.3531981326,0,1
317,10566666667,0,0,2.309355333,-1.845082312,1.56951129,0.7971286899,0.136578175,-0.4738629589,-0.3484051521,0,1
318,10600000000,0,0,2.301587065,-1.849558586,1.580433736,0.8015310382,0.1373698109,-0.4704115016,-0.3426230422,0,1
319,10633333333,0,1,2.287618242,-1.894180686,1.58510101,0.8048409275,0.1334424987,-0.4663460738,-0.3419729821,0,1
320,10666666667,0,0,2.279900388,-1.90485357,1.589678496,0.8108257587,0.1347321078,-0.4595599564,-0.3364721305,0,1
321,10700000000,0,0,2.273098849,-1.915888941,1.597885723,0.817565267,0.1339393944,-0.4533669283,-0.3287943144,0,1
322,10733333333,0,0,2.268020354,-1.928737746,1.611141358,0.8245521525,0.1343052775,-0.446061312,-0.3210999008,0,1
323,10766666667,0,0,2.261321263,-1.943171547,1.624257068,0.8317716323,0.1362599557,-0.4361204758,-0.3152587932,0,1
324,10800000000,0,0,2.246180468,-1.964430064,1.62744492,0.8398080875,0.1405110453,-0.4244051143,-0.3079924045,0,1
325,10833333333,0,1,2.262054423,-1.988100791,1.63426437,0.8448038648,0.1458261544,-0.4160716943,-0.3031921963,0,1
326,10866666667,0,0,2.258931867,-1.994442413,1.651139538,0.8531471493,0.1463142459,-0.4031860175,-0.2969395871,0,1
327,10900000000,0,0,2.259155719,-2.023869214,1.668868157,0.8627319766,0.1444610529,-0.3894437947,-0.2883714125,0,1
328,10933333333,0,0,2.254571059,-2.031969917,1.694880378,0.8719572965,0.1489044519,-0.3729399717,-0.2800601986,0,1
329,10966666667,0,1,2.273441798,-2.053155852,1.711724286,0.8811273031,0.1503958573,-0.3559236592,-0.2726061457,0,1
330,11000000000,0,0,2.257840857,-2.051323612,1.704491446,0.8917937043,0.1516223655,-0.3334080503,-0.2656195009,0,1
331,11033333333,0,0,2.241373684,-2.044679273,1.702282593,0.8998964407,0.1527312031,-0.3152011126,-0.2598226976,0,1
332,11066666667,0,0,2.221041766,-2.045095505,1.697893104,0.9066465325,0.1492588828,-0.300929602,-0.2552552168,0,1
333,11100000000,0,0,2.208251548,-2.052313334,1.699439145,0.9104979337,0.1477622744,-0.2933923609,-0.2511588054,0,1
334,11133333333,0,0,2.203053566,-2.042083029,1.71612833,0.9128289973,0.1504073821,-0.2855574789,-0.2501554865,0,1
335,11166666667,0,1,2.18516993,-2.05862034,1.736525373,0.9173761659,0.1452475539,-0.2762470026,-0.2470054894,0,1
336,11200000000,0,0,2.180176058,-2.066513684,1.751837421,0.9219384981,0.1452960652,-0.2667021282,-0.2403922501,0,1
337,11233333333,0,0,2.17447596,-2.063391455,1.758997614,0.9274498533,0.1466717662,-0.2529368335,-0.2331246897,0,1
338,11266666667,0,0,2.165926851,-2.067305233,1.764500211,0.932659391,0.1452521171,-0.2393992571,-0.2274561026,0,1
339,11300000000,0,0,2.151492957,-2.071022629,1.766865248,0.9377887547,0.1428327811,-0.2264844309,-0.2210335964,0,1
340,11333333333,0,0,2.1390658,-2.078196303,1.773870249,0.9417081157,0.1410698139,-0.2167305073,-0.2152045994,0,1
341,11366666667,0,1,2.117788249,-2.074948906,1.775709023,0.9455771411,0.1405262816,-0.2051539842,-0.2098763378,0,1
342,11400000000,0,0,2.113219756,-2.074066281,1.777823998,0.9493782606,0.1387129329,-0.1950878613,-0.2034216483,0,1
343,11433333333,0,0,2.1012587,-2.080663596,1.782422158,0.9525766499,0.1358598524,-0.1856329314,-0.1991989993,0,1
344,11466666667,0,0,2.096821644,-2.080354803,1.787264923,0.9548714621,0.1356371495,-0.1771294558,-0.1960821522,0,1
345,11500000000,0,0,2.090568851,-2.0773951,1.789590268,0.9578411363,0.1335815386,-0.1668903022,-0.1919477978,0,1
346,11533333333,0,0,2.088596031,-2.077057716,1.791667724,0.9604051654,0.13032518,-0.1562263282,-0.190343374,0,1
347,11566666667,0,1,2.067875998,-2.071266452,1.79095722,0.963408878,0.126519913,-0.1409749347,-0.1896367931,0,1
348,11600000000,0,0,2.058637844,-2.072643802,1.79197881,0.9656809433,0.122714665,-0.131135836,-0.1876294733,0,1
349,11633333333,0,0,2.059304732,-2.069202108,1.792795738,0.9673548037,0.1199376837,-0.1230229074,-0.1862927806,0,1
350,11666666667,0,0,2.049709773,-2.065227121,1.799403099,0.9700258404,0.1142514161,-0.11089147,-0.183574412,0,1
351,11700000000,0,0,2.0348722,-2.065657415,1.800229858,0.9721522793,0.1093284217,-0.1007769907,-0.181138732,0,1
352,11733333333,0,0,2.035571872,-2.064409122,1.802888431,0.9735202979,0.1064461609,-0.094020421,-0.1791301339,0,1
353,11766666667,0,1,2.021782156,-2.058486596,1.821962244,0.975442667,0.1017424586,-0.0854363667,-0.1756721459,0,1
354,11800000000,0,0,2.020900392,-2.062017352,1.822606305,0.976377063,0.09797582018,-0.0791991658,-0.1755450418,0,1
355,11833333333,0,0,2.019934897,-2.061594876,1.825883692,0.9775451762,0.09406511248,-0.06945408733,-0.1753091922,0,1
356,11866666667,0,0,2.009560538,-2.062002363,1.830331878,0.9787437207,0.09072095877,-0.06028940386,-0.1737688828,0,1
357,11900000000,0,0,2.017538096,-2.061878926,1.832715518,0.979247904,0.08911463411,-0.05467243929,-0.1736175361,0,1
358,11933333333,0,0,2.014614723,-2.064514117,1.837744392,0.9804558151,0.08656981785,-0.04338306444,-0.1712599517,0,1
359,11966666667,0,1,1.996542622,-2.063634839,1.847307913,0.9815718127,0.0882607363,-0.03245712892,-0.1663530995,0,1
360,12000000000,0,0,1.998876483,-2.063014461,1.847361164,0.9825166706,0.09112138279,-0.02538027535,-0.1603550036,0,1
361,12033333333,0,0,2.000067682,-2.060904617,1.849909167,0.9835190207,0.09409001022,-0.01766896582,-0.1533793126,0,1
362,12066666667,0,0,2.008286705,-2.06222911,1.8492138,0.9841318247,0.09663190247,-0.01105894548,-0.1484066264,0,1
363,12100000000,0,0,2.009090659,-2.064785496,1.848956477,0.9847679974,0.0992757706,-0.001444694549,-0.1427383112,0,1
364,12133333333,0,0,2.008233584,-2.061891632,1.853963558,0.985007772,0.1041711425,0.007246430125,-0.1373155176,0,1
365,12166666667,0,1,2.022934344,-2.049935686,1.853308168,0.9851952522,0.1082166338,0.01297322171,-0.1323297801,0,1
366,12200000000,0,0,2.022489913,-2.049586603,1.855678393,0.985934511,0.1078747973,0.01840576405,-0.1263225867,0,1
367,12233333333,0,0,2.026272958,-2.04523961,1.855294098,0.9863003234,0.1079248668,0.02206154304,-0.1227891832,0,1
368,12266666667,0,0,2.023336041,-2.049271401,1.857563604,0.9868043429,0.1059596786,0.02923805866,-0.1188901649,0,1
369,12300000000,0,0,2.024080303,-2.049798848,1.859867555,0.9873284423,0.1058240183,0.03353940841,-0.1133972323,0,1
370,12333333333,0,0,2.025280895,-2.049965413,1.85679361,0.9874170208,0.1058717789,0.03826875893,-0.1110598741,0,1
371,12366666667,0,1,2.063164147,-2.047943177,1.851481153,0.9877625944,0.1057082132,0.03967610157,-0.1075947844,0,1
372,12400000000,0,0,2.060529989,-2.053774776,1.855646956,0.9875205807,0.1074226486,0.04702078576,-0.1051309801,0,1
373,12433333333,0,0,2.06833779,-2.05481499,1.853187035,0.9864021629,0.1152826885,0.05348291151,-0.1042125377,0,1
374,12466666667,0,0,2.075719423,-2.046741669,1.843981821,0.9856009291,0.1216255677,0.06160363481,-0.1000151093,0,1
375,12500000000,0,0,2.082035951,-2.037448262,1.836374748,0.9858326773,0.1212011905,0.07012005966,-0.09234381985,0,1
376,12533333333,0,0,2.076681063,-2.040368285,1.836889412,0.9863306024,0.1182554811,0.07918240724,-0.08305257601,0,1
377,12566666667,0,1,2.106263248,-2.037432566,1.835407546,0.9867790082,0.117913861,0.08128886475,-0.07586587333,0,1
378,12600000000,0,0,2.112852125,-2.030187966,1.82592051,0.9868706875,0.1165377502,0.08769946636,-0.06938301327,0,1
379,12633333333,0,0,2.118815252,-2.02504039,1.822663921,0.9874239021,0.111044477,0.0947621433,-0.06069017907,0,1
380,12666666667,0,0,2.125537826,-2.026404182,1.818615146,0.9875088536,0.1075585653,0.102764666,-0.05193113152,0,1
381,12700000000,0,0,2.133209812,-2.021986441,1.814818283,0.9870826377,0.1071512042,0.1111342236,-0.04284472233,0,1
382,12733333333,0,0,2.135033638,-2.026846102,1.817984134,0.9860736973,0.1100767202,0.1191293777,-0.03674194546,0,1
383,12766666667,0,1,2.185168,-2.015185982,1.793214207,0.9854400219,0.1190438343,0.117286439,-0.03131165772,0,1
384,12800000000,0,0,2.189866966,-2.00819981,1.779099762,0.9845776722,0.1240089114,0.1207880161,-0.02527553182,0,1
385,12833333333,0,0,2.198410691,-2.001855046,1.764998888,0.983751922,0.1292723268,0.1227954467,-0.02102616756,0,1
386,12866666667,0,0,2.203617636,-1.991973404,1.744559811,0.9832127836,0.1316284713,0.1255259807,-0.01448433018,0,1
387,12900000000,0,0,2.211981359,-1.987854636,1.731170224,0.9827576758,0.1335940807,0.1276211948,-0.007266561579,0,1
388,12933333333,0,0,2.217566311,-1.975488044,1.708698875,0.9818980236,0.1372145843,0.1305240008,-0.003451723401,0,1
389,12966666667,0,1,2.271129021,-1.956192581,1.676682821,0.9824783524,0.1376584705,0.1256414356,0.000813749892,0,1
390,13000000000,0,0,2.284756518,-1.943629068,1.656982377,0.9817770138,0.1404042175,0.1280513687,0.001843332636,0,1
391,13033333333,0,0,2.292082133,-1.926475642,1.631259299,0.9813140381,0.1393680662,0.1326563586,0.001261464467,0,1
392,13066666667,0,0,2.310138391,-1.918984181,1.619972809,0.9810004434,0.1397987789,0.1344841164,0.002907556878,0,1
393,13100000000,0,0,2.321051824,-1.905092817,1.597081618,0.9800548463,0.1454698087,0.1353883227,0.001017381407,0,1
394,13133333333,0,0,2.330896032,-1.886487677,1.574997389,0.9789658584,0.1502943907,0.1378894749,-0.004892530993,0,1
395,13166666667,0,1,2.36003491,-1.859655392,1.549206028,0.9781352818,0.1551118328,0.1380974788,-0.01098981991,0,1
396,13200000000,0,0,2.362575549,-1.835308245,1.520455649,0.9780145903,0.1509256086,0.1431968945,-0.01426784111,0,1
397,13233333333,0,0,2.390039864,-1.827329453,1.515240776,0.9781318021,0.1485894002,0.1447362413,-0.01519171938,0,1
398,13266666667,0,0,2.402003808,-1.805923233,1.491497448,0.9762836795,0.1560836619,0.1490085791,-0.0174502419,0,1
399,13300000000,0,0,2.402782832,-1.780084161,1.458114977,0.9757211159,0.1546260099,0.1544532868,-0.01425774466,0,1
400,13333333333,0,0,2.425684255,-1.765822663,1.449755286,0.9762821154,0.1502308012,0.1553926201,-0.01253280489,0,1
401,13366666667,0,1,2.452902462,-1.747007154,1.441186915,0.9760014596,0.1530896301,0.1540721664,-0.01569979382,0,1
402,13400000000,0,0,2.461070006,-1.723067079,1.413813095,0.9762972896,0.1512970075,0.1539224135,-0.01614647043,0,1
403,13433333333,0,0,2.482395033,-1.713048731,1.407547773,0.9772930918,0.1488844529,0.1496837324,-0.01806689619,0,1
404,13466666667,0,0,2.496116202,-1.689330054,1.384623428,0.9775924045,0.1504856257,0.1454238878,-0.02278288898,0,1
405,13500000000,0,0,2.512567224,-1.67238272,1.369688116,0.9782005651,0.1496792221,0.1418647675,-0.02437565579,0,1
406,13533333333,0,0,2.524727314,-1.648793981,1.346454859,0.9786532668,0.1494224355,0.138976873,-0.02441614146,0,1
407,13566666667,0,1,2.537712058,-1.629054169,1.335262592,0.9792473012,0.1478929056,0.1360972779,-0.02607570879,0,1
408,13600000000,0,0,2.55015092,-1.612088488,1.318100263,0.9798991787,0.1476529428,0.1311328174,-0.0282912053,0,1
409,13633333333,0,0,2.559954665,-1.591873553,1.297021256,0.9807639738,0.1471164715,0.1245097563,-0.03092073812,0,1
410,13666666667,0,0,2.573008905,-1.573507412,1.280137418,0.9816712054,0.1459032634,0.1181951557,-0.0326157536,0,1
411,13700000000,0,0,2.582964533,-1.557126842,1.267085692,0.9819726193,0.1471843916,0.1130764828,-0.03578042535,0,1
412,13733333333,0,0,2.589056123,-1.54158806,1.246662218,0.9822896079,0.1495100702,0.1059516333,-0.03909112986,0,1
413,13766666667,0,1,2.589995212,-1.521246894,1.230779065,0.982632142,0.1523904362,0.09749473062,-0.04130382451,0,1
414,13800000000,0,0,2.598817292,-1.506619743,1.217503668,0.9827936275,0.1577257148,0.08577742687,-0.04337646495,0,1
415,13833333333,0,0,2.61044563,-1.490885962,1.197901779,0.9826603234,0.1625922384,0.07615973092,-0.04628334587,0,1
416,13866666667,0,0,2.620323643,-1.47812191,1.190246723,0.982097308,0.1688740239,0.0701934336,-0.04515887112,0,1
417,13900000000,0,0,2.629844486,-1.458904542,1.170280818,0.9812574746,0.1762910193,0.0633339133,-0.04521128696,0,1
418,13933333333,0,0,2.642089068,-1.442489044,1.161757514,0.9805408317,0.1819551511,0.05751037863,-0.04609291392,0,1
419,13966666667,0,1,2.653871578,-1.427893422,1.152631093,0.979564795,0.1882911722,0.05242150277,-0.04744715912,0,1
420,14000000000,0,0,2.667152444,-1.406931167,1.138327032,0.978928867,0.1916731879,0.05018758836,-0.04940514616,0,1
421,14033333333,0,0,2.6764231,-1.391055237,1.131141815,0.978653393,0.193129941,0.05094956579,-0.04839942138,0,1
422,14066666667,0,0,2.686050526,-1.367561725,1.120010522,0.9779414393,0.1965061361,0.05159433368,-0.04851705405,0,1
423,14100000000,0,0,2.690939998,-1.339867008,1.110225272,0.9779783891,0.1958904965,0.05298983796,-0.04875716271,0,1
424,14133333333,0,0,2.696054824,-1.325081342,1.101212402,0.9791875603,0.1905396248,0.05110004701,-0.04769862083,0,1
425,14166666667,0,1,2.701545472,-1.308661292,1.099753858,0.9792680092,0.1908357118,0.04696038137,-0.04909806354,0,1
426,14200000000,0,0,2.707675438,-1.287341686,1.092031726,0.9791059548,0.1918441238,0.04318012953,-0.05179611886,0,1
427,14233333333,0,0,2.713611537,-1.270021334,1.086188966,0.9787094087,0.1939084446,0.03977054147,-0.05427441867,0,1
428,14266666667,0,0,2.718581023,-1.252837808,1.079022176,0.9780066463,0.197307245,0.03742339715,-0.05632353221,0,1
429,14300000000,0,0,2.723399232,-1.235088045,1.070511979,0.976694828,0.2031306942,0.03663458984,-0.05884760706,0,1
430,14333333333,0,0,2.726854937,-1.204637122,1.053448021,0.9758862354,0.2067123685,0.03557092743,-0.06042153152,0,1
431,14366666667,0,1,2.730251975,-1.183502278,1.041453883,0.9772393224,0.2013426281,0.03358146923,-0.05776450263,0,1
432,14400000000,0,0,2.730707631,-1.175724321,1.03799107,0.9781087955,0.1978559682,0.03066573638,-0.05670813619,0,1
433,14433333333,0,0,2.734611227,-1.158078137,1.027728844,0.9776454567,0.1999894573,0.02678623649,-0.05912761978,0,1
434,14466666667,0,0,2.738094318,-1.132335634,1.012171022,0.9776556863,0.1995530084,0.02348350789,-0.06177767133,0,1
435,14500000000,0,0,2.741566865,-1.113990632,1.003266562,0.977981104,0.1968955885,0.01974749364,-0.06629573059,0,1
436,14533333333,0,0,2.747013575,-1.092950441,0.992496605,0.9780789389,0.1948268679,0.01788062051,-0.07130472818,0,1
437,14566666667,0,0,2.751414079,-1.066629698,0.9843427662,0.9785437472,0.1912335753,0.01761538835,-0.07464283348,0,1
438,14600000000,0,0,2.755657156,-1.047993736,0.9783927823,0.978995002,0.1867875354,0.01701251088,-0.07993608164,0,1
439,14633333333,0,0,2.762140207,-1.028690466,0.9718263486,0.9789987716,0.1844716613,0.01682982592,-0.0851373493,0,1
440,14666666667,0,1,2.765075828,-1.015692961,0.9665328378,0.978617201,0.1844115364,0.01584835226,-0.08971950125,0,1
441,14700000000,0,0,2.782238305,-0.9965245852,0.9568039366,0.9778582721,0.1875235493,0.01543305622,-0.09159660944,0,1
442,14733333333,0,0,2.799735542,-0.9793165211,0.9452884953,0.9770695369,0.1923766524,0.0188834571,-0.08927350543,0,1
443,14766666667,0,0,2.811285918,-0.9517475625,0.937115598,0.9757678823,0.2000345327,0.02454895669,-0.08520900402,0,1
444,14800000000,0,0,2.826768345,-0.9313859718,0.9302868667,0.9753527887,0.2041769687,0.02925344779,-0.07837690251,0,1
445,14833333333,0,0,2.846749242,-0.9087169909,0.9212110051,0.9748756131,0.2077677411,0.03354768058,-0.07297025308,0,1
446,14866666667,0,1,2.861327579,-0.8919623019,0.9077225486,0.9750268349,0.2074282325,0.03986327997,-0.06860844307,0,1
447,14900000000,0,0,2.873476986,-0.8707546542,0.8993284445,0.9757469389,0.2051166267,0.04305663104,-0.06317600181,0,1
448,14933333333,0,0,2.887607682,-0.8529963453,0.8926034631,0.9762976413,0.2033165944,0.04282195779,-0.06059338146,0,1
449,14966666667,0,0,2.907027419,-0.8347627219,0.8866107456,0.9767063072,0.2016540264,0.0417057164,-0.06034133229,0,1
450,15000000000,0,0,2.928769617,-0.8147048615,0.881647448,0.9776800674,0.197729748,0.04177953908,-0.05743781505,0,1
451,15033333333,0,0,2.95097144,-0.7998736518,0.8784013705,0.9789784232,0.1915613289,0.04408982448,-0.05442050687,0,1
452,15066666667,0,1,2.964662818,-0.7796329809,0.874359369,0.9805878882,0.1832134585,0.04967538639,-0.0491180021,0,1
453,15100000000,0,0,2.981420266,-0.7676174616,0.8734078914,0.982111914,0.1742206492,0.05489967348,-0.0457097322,0,1
454,15133333333,0,0,2.998010332,-0.7523429847,0.8683732325,0.9833190357,0.1667094711,0.06020453161,-0.04082940853,0,1
455,15166666667,0,0,3.00980631,-0.7382329747,0.8624689512,0.9845468849,0.159323559,0.06447112779,-0.03356945905,0,1
456,15200000000,0,0,3.021726156,-0.7171853088,0.8541742152,0.9857530299,0.1516711636,0.06708336284,-0.02804718498,0,1
457,15233333333,0,0,3.03560704,-0.7070903479,0.8439395441,0.9870308475,0.1433311029,0.06867825442,-0.0225742877,0,1
458,15266666667,0,1,3.047888451,-0.6977425119,0.8315720435,0.9878345078,0.1381567603,0.06925911467,-0.01728785111,0,1
459,15300000000,0,0,3.06527474,-0.6796467653,0.8189040618,0.9883938574,0.1338374386,0.07063299336,-0.0132703754,0,1
460,15333333333,0,0,3.078475175,-0.6641917324,0.8094137063,0.9885140187,0.1307157345,0.07500150903,-0.01132277795,0,1
461,15366666667,0,0,3.095357732,-0.6437492518,0.7929709251,0.9883220307,0.1295766862,0.07954608649,-0.01009287133,0,1
462,15400000000,0,0,3.112388205,-0.625515295,0.7772011657,0.9884312544,0.1250389485,0.08553802109,-0.00722244315,0,1
463,15433333333,0,0,3.120165903,-0.6145095783,0.7644262589,0.9879487257,0.1238818503,0.09272836026,-0.003471857146,0,1
464,15466666667,0,1,3.132367538,-0.5869340173,0.7527231172,0.9871573063,0.124723223,0.09981535775,-0.00121024922,0,1
465,15500000000,0,0,3.14606098,-0.5686760796,0.7363699517,0.9867959556,0.1222066852,0.1062955919,0.0007177443852,0,1
466,15533333333,0,0,3.158897473,-0.5521244389,0.7210079403,0.9859949196,0.1216811337,0.1140333492,0.002028656658,0,1
467,15566666667,0,0,3.175934398,-0.5331865194,0.7019135207,0.9849587045,0.1211525365,0.1230769526,0.005520606356,0,1
468,15600000000,0,0,3.185376506,-0.5222648728,0.6854654528,0.983651175,0.1203252524,0.1336003072,0.0101566511,0,1
469,15633333333,0,0,3.194450901,-0.5066083795,0.6663934054,0.9822488814,0.1211978031,0.1423573189,0.0152519232,0,1
470,15666666667,0,1,3.205488447,-0.4869040797,0.6423511907,0.9809199078,0.1212440327,0.1505474075,0.0207725087,0,1
471,15700000000,0,0,3.216805132,-0.4763946533,0.625786033,0.9796210344,0.1205630542,0.1583851578,0.02685741469,0,1
472,15733333333,0,0,3.22561894,-0.4667884355,0.608655516,0.9777401525,0.122278535,0.1670843385,0.03398496583,0,1
473,15766666667,0,0,3.226782527,-0.4523630145,0.5863021674,0.9754230009,0.1246640818,0.176879166,0.04150417568,0,1
474,15800000000,0,0,3.231977801,-0.4440439982,0.5674595938,0.9732499443,0.1260197084,0.1851739944,0.05112896211,0,1
475,15833333333,0,0,3.232110867,-0.4326199742,0.5478771401,0.970968773,0.1271459494,0.1933477674,0.06058209442,0,1
476,15866666667,0,1,3.232973555,-0.4201760456,0.5263065277,0.9687009351,0.1272242105,0.2009467018,0.07108390505,0,1
477,15900000000,0,0,3.232409287,-0.4103637013,0.5121249999,0.9661574148,0.1270836248,0.2088322984,0.08233269902,0,1
478,15933333333,0,0,3.232565236,-0.397602012,0.5036619338,0.9630880916,0.1279989949,0.219056548,0.08995450971,0,1
479,15966666667,0,0,3.226481154,-0.3857797595,0.4935658023,0.9591929122,0.1272580721,0.2331166636,0.09701010992,0,1
480,16000000000,0,0,3.220796795,-0.3753209046,0.48295815,0.9545675082,0.1257865729,0.2477190425,0.1077677429,0,1
481,16033333333,0,0,3.223249325,-0.3687535906,0.4768933077,0.9498622877,0.1236424774,0.2607442314,0.1203603669,0,1
482,16066666667,0,1,3.200868885,-0.37452214,0.4719050797,0.9427935773,0.119936114,0.2792009225,0.1371220044,0,1
483,16100000000,0,0,3.197740947,-0.37062859,0.4666326006,0.9354870761,0.116802349,0.2958059265,0.154012972,0,1
484,16133333333,0,0,3.198110809,-0.3713333147,0.4674715146,0.9267922772,0.1133436407,0.3139065194,0.1722555981,0,1
485,16166666667,0,0,3.193102115,-0.3643481832,0.4586473503,0.917357069,0.1105752694,0.3334917499,0.1871159281,0,1
486,16200000000,0,0,3.20165175,-0.3621844458,0.4508228232,0.908638766,0.104113899,0.3508086341,0.2011695584,0,1
487,16233333333,0,1,3.210067864,-0.3506639556,0.4317798855,0.900451974,0.09689539706,0.3653051678,0.2152897095,0,1
488,16266666667,0,0,3.209673903,-0.3480585985,0.4354174078,0.8903999612,0.09065855031,0.3818604323,0.2305461917,0,1
489,16300000000,0,0,3.208836003,-0.3465944744,0.440131215,0.8797260927,0.08486332041,0.397518932,0.246696002,0,1
490,16333333333,0,0,3.205226841,-0.3379865409,0.4331173687,0.8703495906,0.07871959532,0.4087147194,0.263148425,0,1
491,16366666667,0,0,3.204111539,-0.3288841047,0.4253697493,0.8621094758,0.07110471628,0.4194158317,0.2753211419,0,1
492,16400000000,0,1,3.239033423,-0.2498369055,0.3741317394,0.8586566555,0.07113714153,0.4188142755,0.2867801558,0,1
493,16433333333,0,0,3.229175416,-0.238991602,0.3658613478,0.8504275528,0.06253582319,0.4274146793,0.3002980856,0,1
494,16466666667,0,0,3.220418009,-0.2175857133,0.3615862093,0.844117903,0.05195950899,0.4313268474,0.3142010915,0,1
495,16500000000,0,0,3.213450017,-0.2053109853,0.3664397139,0.8393634221,0.04157987595,0.4342023833,0.3243585207,0,1
496,16533333333,0,1,3.250219538,-0.1302189448,0.3275140177,0.8409544633,0.03725078096,0.4280248178,0.3289418267,0,1
497,16566666667,0,0,3.253811174,-0.1290619202,0.3394995232,0.8339641095,0.02854092925,0.4330022627,0.3408787466,0,1
498,16600000000,0,0,3.259765004,-0.1295223185,0.3377714183,0.8268107899,0.01860058538,0.4382405486,0.3521124216,0,1
499,16633333333,0,0,3.260819848,-0.1135707353,0.3408875727,0.8193391227,0.0112463293,0.4438073371,0.3627560745,0,1
500,16666666667,0,0,3.259580616,-0.1032596824,0.3443489812,0.8130212536,0.004627252997,0.4482705164,0.3715219695,0,1
501,16700000000,0,1,3.268257311,0.002414456156,0.3086600705,0.81431895,0.007584772389,0.4435703451,0.3742625654,0,1
502,16733333333,0,0,3.271179705,0.0182702756,0.3080007038,0.8110261168,-3.261061826e-05,0.4450888265,0.3796479597,0,1
503,16766666667,0,0,3.27458478,0.03295852253,0.3083452158,0.808394023,-0.005274081794,0.4467093465,0.3833041187,0,1
504,16800000000,0,0,3.276034126,0.05120571078,0.2951340085,0.8080482274,-0.01115359128,0.4458042807,0.384957404,0,1
505,16833333333,0,0,3.27980839,0.0565280049,0.2867564438,0.8090185363,-0.02158343314,0.443897787,0.3846789804,0,1
506,16866666667,0,0,3.282489209,0.06294387098,0.288236542,0.8098597347,-0.03130845431,0.4415221112,0.3849743058,0,1
507,16900000000,0,1,3.298935709,0.1417354353,0.2685233247,0.818997695,-0.03051917093,0.4339185861,0.3742005031,0,1
508,16933333333,0,0,3.30872679,0.1478863649,0.2650545065,0.823398715,-0.04059387536,0.4308365343,0.3670784303,0,1
509,16966666667,0,0,3.317793182,0.15679965,0.2609036661,0.827093905,-0.04944162582,0.4280804882,0.3608577193,0,1
510,17000000000,0,0,3.325268116,0.1677533111,0.2588566096,0.830193711,-0.05672210173,0.4256874526,0.3554591371,0,1
511,17033333333,0,0,3.334408065,0.1807397817,0.2577378534,0.8320794605,-0.06119799365,0.4246339818,0.3515459549,0,1
512,17066666667,0,0,3.348231652,0.1884853189,0.2429676638,0.833607534,-0.06627726342,0.4229403782,0.3490375911,0,1
513,17100000000,0,1,3.348773881,0.2429159053,0.2347689353,0.8342987807,-0.06484841566,0.4217673268,0.3490738455,0,1
514,17133333333,0,0,3.371201815,0.253653518,0.2245473681,0.8343877502,-0.06831138604,0.4215704763,0.3484379003,0,1
515,17166666667,0,0,3.373060574,0.2735344096,0.2140031338,0.8343131611,-0.06821693162,0.4233939408,0.3464182015,0,1
516,17200000000,0,0,3.379188511,0.2902315626,0.1995812629,0.8342080399,-0.06987067291,0.4230594636,0.3467502351,0,1
517,17233333333,0,0,3.394507852,0.3003573674,0.1852310912,0.8335075394,-0.07250255542,0.4233127798,0.3475843088,0,1
518,17266666667,0,0,3.399100712,0.3228342392,0.1641125705,0.8330938597,-0.07287658466,0.4240062633,0.3476525752,0,1
519,17300000000,0,1,3.409341722,0.3586934981,0.1492474397,0.8324651275,-0.07387313344,0.423605898,0.3494318456,0,1
520,17333333333,0,0,3.425546759,0.3723308877,0.1347058785,0.8309036053,-0.076973785,0.4242116379,0.3517367218,0,1
521,17366666667,0,0,3.438308672,0.3942768873,0.1111627482,0.8301035523,-0.07891279242,0.4247346907,0.3525639036,0,1
522,17400000000,0,0,3.451787845,0.4101106037,0.09138846135,0.8282372604,-0.08192170842,0.4278054575,0.3525540593,0,1
523,17433333333,0,0,3.461474653,0.4236401857,0.07350566399,0.8249898441,-0.08437216752,0.4336212787,0.3524850083,0,1
524,17466666667,0,0,3.461935777,0.4416635496,0.05901100422,0.820151379,-0.08610355792,0.4409042475,0.3543181301,0,1
525,17500000000,0,1,3.471615801,0.4371992172,0.05612191299,0.8134672126,-0.0897508576,0.4481118423,0.3597383137,0,1
526,17533333333,0,0,3.478949536,0.4471710335,0.03951007715,0.8083086978,-0.08980081499,0.453837475,0.364148883,0,1
527,17566666667,0,0,3.481855903,0.4586908926,0.0257176552,0.8024205006,-0.08917857651,0.460306914,0.3691694282,0,1
528,17600000000,0,0,3.488276451,0.4653244463,0.01562773004,0.7951798494,-0.08760524702,0.4674353122,0.3761895225,0,1
529,17633333333,0,0,3.495699016,0.472148406,-0.006038054424,0.7877311474,-0.08478540303,0.4744639878,0.3836339389,0,1
530,17666666667,0,0,3.505986051,0.4831195825,-0.03046938935,0.7778081267,-0.07989846129,0.4835810889,0.3934210014,0,1
531,17700000000,0,1,3.514777135,0.5024968146,-0.04659392269,0.7659770428,-0.07271083221,0.4940271124,0.4048821027,0,1
532,17733333333,0,0,3.522822159,0.4996009621,-0.05569596438,0.7525958342,-0.06702198369,0.5063393784,0.4156055797,0,1
533,17766666667,0,0,3.526217355,0.5006623173,-0.06863488598,0.7409717737,-0.05823160639,0.5174567806,0.4240381949,0,1
534,17800000000,0,0,3.523564109,0.5131006241,-0.08564579248,0.7306425652,-0.04919622847,0.5280670539,0.4299841387,0,1
535,17833333333,0,0,3.534666897,0.51021363,-0.1069415774,0.7188848837,-0.04250184512,0.5400419284,0.4356062818,0,1
536,17866666667,0,1,3.542907269,0.5197710323,-0.1283666573,0.7077737334,-0.03271757317,0.5528633482,0.4385521872,0,1
537,17900000000,0,0,3.541473793,0.5204250516,-0.1453966213,0.6977546481,-0.02435353799,0.5668661251,0.4372735442,0,1
538,17933333333,0,0,3.536460675,0.5101182309,-0.1591192795,0.6882467783,-0.017385707,0.5803257351,0.4350128164,0,1
539,17966666667,0,0,3.533701408,0.4988353915,-0.1693612906,0.6782637187,-0.01020448342,0.5936084562,0.4329932992,0,1
540,18000000000,0,0,3.533009081,0.483076131,-0.1884429096,0.6683848006,-0.002634127132,0.6051943672,0.4324287196,0,1
541,18033333333,0,1,3.530920166,0.4798568831,-0.2048839784,0.6589427389,0.007435513095,0.6168888809,0.4303339268,0,1
542,18066666667,0,0,3.523506202,0.4706886133,-0.2160606717,0.6496727452,0.01687829347,0.6289988016,0.4266156995,0,1
543,18100000000,0,0,3.520266682,0.4651038982,-0.2262976026,0.6404840684,0.02670099544,0.6407229481,0.4225414995,0,1
544,18133333333,0,0,3.516178177,0.4582106744,-0.2381819379,0.6316228399,0.03598708103,0.6522977499,0.4174507918,0,1
545,18166666667,0,0,3.515455874,0.4449186912,-0.2527468972,0.622567638,0.04637971857,0.6638440475,0.4117882204,0,1
546,18200000000,0,1,3.5141878,0.4191319337,-0.2725799336,0.6130337475,0.05425537137,0.6769473985,0.4037179695,0,1
547,18233333333,0,0,3.503017661,0.4073222132,-0.2821235764,0.6023490663,0.06198610602,0.6905923664,0.3954940056,0,1
548,18266666667,0,0,3.496183962,0.3954220179,-0.2902047749,0.5908884911,0.07055113027,0.7041479137,0.3873616458,0,1
549,18300000000,0,1,3.496190614,0.371846404,-0.3189365349,0.5796555676,0.07731949723,0.7169308605,0.379514505,0,1
550,18333333333,0,0,3.483992537,0.3615469514,-0.3281400094,0.5669618865,0.08470268348,0.7310207203,0.3701194148,0,1
551,18366666667,0,0,3.47698585,0.3458564326,-0.3380214807,0.5536340578,0.09338847961,0.7441146534,0.3620239005,0,1
552,18400000000,0,1,3.470505064,0.3171601569,-0.3585454508,0.5410895038,0.1007438266,0.7553517617,0.3556916451,0,1
553,18433333333,0,0,3.462242688,0.3023931566,-0.3653555768,0.527603223,0.1092794937,0.7665962125,0.3493180189,0,1
554,18466666667,0,0,3.461451412,0.2870558992,-0.372689434,0.5130566371,0.1199816315,0.7777419574,0.3427750619,0,1
555,18500000000,0,0,3.450484419,0.2724404845,-0.3771025137,0.4994373968,0.1316318864,0.7884260302,0.3340953877,0,1
556,18533333333,0,0,3.429827796,0.259567923,-0.3863138377,0.4869832217,0.1409557195,0.7979495509,0.3259683131,0,1
557,18566666667,0,1,3.426624605,0.2090318597,-0.4304287533,0.4755289235,0.1480146092,0.8037404277,0.3255230303,0,1
558,18600000000,0,0,3.416973433,0.1953509895,-0.4346043009,0.4648465939,0.157865045,0.8107326105,0.3189183376,0,1
559,18633333333,0,0,3.402435583,0.1852506089,-0.4286596045,0.4564912202,0.1676388299,0.8161240946,0.3121769543,0,1
560,18666666667,0,0,3.394804044,0.1655432222,-0.4385372035,0.4495439519,0.1760565896,0.8205952245,0.3058394841,0,1
561,18700000000,0,0,3.375513562,0.1564211242,-0.4351825252,0.442686664,0.1835869475,0.8255814468,0.2978919686,0,1
562,18733333333,0,0,3.370370859,0.1429595399,-0.4325510932,0.4350542404,0.1916611101,0.8300356651,0.2916069641,0,1
563,18766666667,0,1,3.36266031,0.08684934151,-0.4607984657,0.4278020481,0.1972210411,0.8327683812,0.290836882,0,1
564,18800000000,0,0,3.352771857,0.07379563546,-0.4587986365,0.421611553,0.2027253179,0.8371719373,0.2833536506,0,1
565,18833333333,0,0,3.336290303,0.06733747164,-0.4591494262,0.4172530928,0.208307567,0.8411502545,0.2738139211,0,1
566,18866666667,0,0,3.323467144,0.05065547808,-0.4553454551,0.4116766647,0.2121564839,0.8459359916,0.2643941154,0,1
567,18900000000,0,0,3.314122887,0.03690630678,-0.452703334,0.4066941826,0.2157134556,0.8504752474,0.2544786837,0,1
568,18933333333,0,0,3.293291775,0.02857908003,-0.4437425056,0.4025789205,0.2204707113,0.8542574571,0.2440636705,0,1
569,18966666667,0,1,3.286003821,-0.01474534397,-0.4536719515,0.399844543,0.2229530915,0.8562832928,0.2391551439,0,1
570,19000000000,0,0,3.277809386,-0.02608687926,-0.4514889755,0.4010276343,0.2272754893,0.8566430426,0.2317010705,0,1
571,19033333333,0,0,3.267313376,-0.03820934029,-0.4449167317,0.4014945242,0.2335798963,0.8571434605,0.2225930529,0,1
572,19066666667,0,0,3.2555992,-0.05713882899,-0.4398068711,0.4020855467,0.2382569776,0.8573870507,0.2155186095,0,1
573,19100000000,0,0,3.245948665,-0.06864309054,-0.4368635058,0.4037509074,0.2424989971,0.8571914523,0.2083320793,0,1
574,19133333333,0,0,3.234917766,-0.0797946545,-0.4303478567,0.4048975547,0.2469694203,0.8570241215,0.2014292202,0,1
575,19166666667,0,1,3.221705755,-0.1005561211,-0.4436874174,0.4064367943,0.2466906261,0.8574924639,0.1966202978,0,1
576,19200000000,0,0,3.214132292,-0.1143529894,-0.4366268571,0.4040446114,0.2476366242,0.8591193262,0.1932305302,0,1
577,19233333333,0,0,3.203608179,-0.1272690385,-0.4345449148,0.4003360055,0.2484955232,0.8607847417,0.1924335887,0,1
578,19266666667,0,0,3.193696076,-0.1383976591,-0.4327406612,0.3958355399,0.2499998021,0.8619309909,0.1946517179,0,1
579,19300000000,0,0,3.184497745,-0.1420302056,-0.4342184549,0.3922964463,0.2507164763,0.8625438004,0.1981487802,0,1
580,19333333333,0,0,3.176729916,-0.1475957978,-0.4336681214,0.38950336,0.2493010106,0.8632746274,0.2022203165,0,1
581,19366666667,0,1,3.18255645,-0.1872911007,-0.4608128536,0.3872164383,0.2402816236,0.8647777496,0.2109208741,0,1
582,19400000000,0,0,3.184593513,-0.1944410317,-0.4562812086,0.3797264415,0.2360207596,0.8680858932,0.215705616,0,1
583,19433333333,0,0,3.177665453,-0.2036783362,-0.4569385316,0.371603795,0.2305172894,0.8714333284,0.2222079047,0,1
584,19466666667,0,0,3.170681696,-0.2030719869,-0.4545807746,0.3638629235,0.2231201004,0.8749281742,0.2287397729,0,1
585,19500000000,0,0,3.172946308,-0.2026650512,-0.4519931252,0.3539790851,0.2165333611,0.8789140079,0.2352068825,0,1
586,19533333333,0,0,3.159561303,-0.2102069328,-0.4549125505,0.3449802202,0.2099495245,0.8814148509,0.2449851127,0,1
587,19566666667,0,1,3.184823398,-0.2510371963,-0.4687276848,0.3337031334,0.1987250335,0.8843371504,0.2590335584,0,1
588,19600000000,0,0,3.186007119,-0.2536137504,-0.4588152019,0.3222595952,0.1904463594,0.8878251762,0.2676665726,0,1
589,19633333333,0,0,3.180232655,-0.2573984371,-0.4666012876,0.3128808291,0.1838266422,0.8892118553,0.2785958162,0,1
590,19666666667,0,0,3.167996047,-0.2561882291,-0.4546658042,0.3045064589,0.1759169154,0.890626395,0.2882944328,0,1
591,19700000000,0,0,3.152485408,-0.2547930117,-0.4515827544,0.2982087443,0.1688552782,0.890166195,0.300272518,0,1
592,19733333333,0,0,3.141352038,-0.2512683487,-0.4358922751,0.2919186909,0.164080689,0.8883072349,0.3142789553,0,1
593,19766666667,0,1,3.149447786,-0.2502031833,-0.4593705662,0.2875989518,0.1583793793,0.8851682247,0.3296665422,0,1
594,19800000000,0,0,3.150644952,-0.2505808577,-0.4577001624,0.2824030534,0.1506096348,0.8841029994,0.3404807481,0,1
595,19833333333,0,0,3.135193839,-0.2571740245,-0.4484725025,0.2774518434,0.1418168043,0.882105685,0.353267645,0,1
596,19866666667,0,0,3.136563888,-0.2587808248,-0.4489104861,0.2747170896,0.133333286,0.878354663,0.3677578571,0,1
597,19900000000,0,0,3.134359044,-0.2495663984,-0.4526263289,0.275438141,0.1266095725,0.8731614763,0.3816973709,0,1
598,19933333333,0,0,3.144084252,-0.2308611524,-0.4497431461,0.2769162033,0.1226014448,0.8677752162,0.3940209084,0,1
599,19966666667,0,1,3.135626282,-0.2195582611,-0.4340131695,0.2795660886,0.1209747307,0.8614276452,0.40638692,0,1
600,20000000000,0,0,3.135052421,-0.2197329966,-0.4336279439,0.2825257184,0.114776985,0.855108326,0.4192793971,0,1
601,20033333333,0,0,3.138225704,-0.2178295846,-0.4360151539,0.2842172713,0.1096360432,0.8492718298,0.4312051018,0,1
602,20066666667,0,0,3.136716792,-0.2188926905,-0.4352061632,0.2840464757,0.1058803185,0.8447063272,0.4411101661,0,1
603,20100000000,0,0,3.134221645,-0.2205192076,-0.4338237724,0.2832001541,0.09958647886,0.8403985049,0.4512322671,0,1
604,20133333333,0,0,3.136527665,-0.2186926183,-0.4349413188,0.2821158649,0.09315685271,0.8360408173,0.4612680255,0,1
605,20166666667,0,1,3.135282953,-0.2197566318,-0.4339436028,0.2803971899,0.08885040062,0.8309663189,0.4722054628,0,1
606,20200000000,0,0,3.135209076,-0.2197871503,-0.4339191443,0.2780716449,0.084540039,0.825685767,0.4834999031,0,1
607,20233333333,0,0,3.135113799,-0.2198324358,-0.4338806919,0.2756255489,0.07931081805,0.8195236844,0.4961061193,0,1
608,20266666667,0,0,3.135093143,-0.2198485543,-0.4338909569,0.2736024639,0.07283569624,0.8131333308,0.5085772699,0,1
609,20300000000,0,0,3.134989455,-0.2199001165,-0.4338601644,0.2704636234,0.06688688393,0.8066,0.5213175742,0,1
610,20333333333,0,0,3.135004732,-0.2198872203,-0.4338673179,0.2656754077,0.0623436039,0.7995297829,0.5350532488,0,1
611,20366666667,0,1,3.135174132,-0.2196161263,-0.4339224531,0.2605725586,0.05631807883,0.7936261027,0.5468892253,0,1
612,20400000000,0,0,3.135132217,-0.2195762115,-0.4339515407,0.252533358,0.05040047116,0.7876636592,0.5597076519,0,1
613,20433333333,0,0,3.135109398,-0.2194920899,-0.4339581935,0.2417980805,0.04370824607,0.7818096156,0.5730593358,0,1
614,20466666667,0,0,3.1351002,-0.2194173378,-0.4339814573,0.2306636001,0.03452458346,0.7756154819,0.5865347227,0,1
615,20500000000,0,1,3.135174671,-0.219380025,-0.4339773466,0.2180297144,0.02513860405,0.7704131638,0.5985771891,0,1
616,20533333333,0,0,3.135198937,-0.219319331,-0.4340129741,0.2044201639,0.01701493727,0.7653277348,0.6100789677,0,1
617,20566666667,0,0,3.135261755,-0.2192089079,-0.4340606775,0.1890333025,0.008954177693,0.7616737239,0.6197091024,0,1
618,20600000000,0,0,3.135348668,-0.219142614,-0.434115367,0.1734059353,0.001434950761,0.7581327767,0.6286199292,0,1
619,20633333333,0,0,3.135400872,-0.2191294313,-0.4341376647,0.1573128235,-0.001619878538,0.7540979837,0.6376411864,0,1
620,20666666667,0,1,3.135449081,-0.2190988992,-0.4341872856,0.1417909869,-0.003481259737,0.7508318737,0.6450850287,0,1
621,20700000000,0,0,3.135464177,-0.2190381942,-0.434214767,0.1283411603,-0.003605655384,0.7487201196,0.6503335516,0,1
622,20733333333,0,0,3.135462456,-0.2190029276,-0.43422553,0.1159485838,-0.004256649922,0.7463863401,0.6553207139,0,1
623,20766666667,0,0,3.135462823,-0.2189325988,-0.4342554533,0.1031122815,-0.002841053819,0.7428630029,0.6614486712,0,1
624,20800000000,0,0,3.135477617,-0.2188525852,-0.4342807876,0.09021006097,0.001864061345,0.7418266126,0.6644937524,0,1
625,20833333333,0,1,3.135552794,-0.2186571462,-0.4342731996,0.07955451686,0.003069950464,0.7422889162,0.6653336149,0,1
626,20866666667,0,0,3.135579283,-0.2185902991,-0.4342935599,0.07244458221,0.003955516313,0.7411679893,0.6673875546,0,1
627,20900000000,0,0,3.135594112,-0.2185106712,-0.4343028128,0.06750240085,0.003284155393,0.741560701,0.6674731208,0,1
628,20933333333,0,0,3.135621423,-0.218453336,-0.4343067458,0.06094603631,0.002010512254,0.741302736,0.6683949373,0,1
629,20966666667,0,0,3.13565144,-0.2183807041,-0.4343091514,0.05667145506,0.0008713172937,0.7406222317,0.6695269202,0,1
630,21000000000,0,0,3.135664601,-0.2183169615,-0.4343193579,0.0543217187,0.0001495348117,0.7378131644,0.6728156233,0,1
631,21033333333,0,1,3.135810313,-0.2182224059,-0.4343144441,0.04769579619,0.001137037027,0.7359440714,0.6753592688,0,1
632,21066666667,0,0,3.135828741,-0.2181566439,-0.4343204136,0.04274939667,0.005903128822,0.7324163888,0.679487951,0,1
633,21100000000,0,0,3.135853361,-0.2180742874,-0.4343300257,0.03553575943,0.01316079576,0.7267245066,0.6858830037,0,1
634,21133333333,0,0,3.13588878,-0.2179749017,-0.4343439821,0.03066211396,0.01880349186,0.7232526498,0.6896461904,0,1
635,21166666667,0,0,3.135913075,-0.2179128328,-0.4343573611,0.02630674265,0.02395244366,0.7222407265,0.690726117,0,1
636,21200000000,0,0,3.135938892,-0.2178415652,-0.4343662984,0.0234367349,0.02909328545,0.7206487744,0.6922930334,0,1
637,21233333333,0,1,3.136119104,-0.2177062443,-0.4342928724,0.01569747439,0.03091387477,0.7227512543,0.6902380358,0,1
638,21266666667,0,0,3.136147011,-0.2176313297,-0.434312765,0.009937383148,0.03661820812,0.7223223733,0.6905148401,0,1
639,21300000000,0,0,3.136172688,-0.2175695829,-0.4343187952,0.006931825173,0.04019966577,0.7225913575,0.6900707693,0,1
640,21333333333,0,0,3.136197578,-0.2175115412,-0.4343290664,0.002702044938,0.04479097339,0.7206143296,0.6918825447,0,1
641,21366666667,0,0,3.136249508,-0.2174515681,-0.4343568375,0.001510875474,0.05247932596,0.7188150734,0.6932160759,0,1
642,21400000000,0,0,3.136285583,-0.2173950627,-0.4343589198,0.007864303355,0.05794062713,0.7181550418,0.693422218,0,1
643,21433333333,0,1,3.136395318,-0.217380095,-0.434449814,0.01220576155,0.06385470635,0.7153468763,0.6957387745,0,1
644,21466666667,0,0,3.136421481,-0.217313831,-0.4344704014,0.02342869746,0.06753477859,0.7152945441,0.695157439,0,1
645,21500000000,0,0,3.136455061,-0.217223679,-0.4345054169,0.03485916702,0.07117185347,0.715321978,0.6942865932,0,1
646,21533333333,0,0,3.136467071,-0.217135115,-0.4345360115,0.04623130628,0.07282766513,0.7172696156,0.6914355328,0,1
647,21566666667,0,0,3.136483466,-0.2170509966,-0.4345716627,0.05389570822,0.07483785151,0.7187161435,0.6891601074,0,1
648,21600000000,0,0,3.136532119,-0.2169910587,-0.4346224536,0.06201141038,0.07699000451,0.7212122813,0.6856237813,0,1
649,21633333333,0,1,3.136687967,-0.2169764031,-0.4347462652,0.06606786017,0.07965479021,0.7225820533,0.6834949367,0,1
650,21666666667,0,0,3.136713383,-0.2169234551,-0.4347742016,0.07599086613,0.08342265437,0.7245067836,0.6799676239,0,1
651,21700000000,0,0,3.13674458,-0.2168482392,-0.434811313,0.08661110362,0.0877323281,0.7256714583,0.6769065593,0,1
652,21733333333,0,0,3.136765646,-0.2167983276,-0.4348352391,0.09883811487,0.09087876624,0.7269739335,0.673409962,0,1
653,21766666667,0,0,3.136783739,-0.2167072879,-0.4348887043,0.1107806398,0.09391395752,0.7278802689,0.6701478438,0,1
654,21800000000,0,0,3.136815975,-0.2166548693,-0.4349307626,0.1236448808,0.09608378468,0.7298321835,0.6654508499,0,1
655,21833333333,0,1,3.136984113,-0.2166282385,-0.4351411336,0.1322984208,0.09838552488,0.7284072169,0.6650115358,0,1
656,21866666667,0,0,3.137015436,-0.2165638729,-0.4351790049,0.14949082,0.09961908695,0.730538629,0.6588185212,0,1
657,21900000000,0,0,3.137045663,-0.2165282295,-0.4352235452,0.1647594819,0.1014551364,0.7323965501,0.6528066037,0,1
658,21933333333,0,0,3.137055564,-0.2164813155,-0.4352414182,0.1811593692,0.1032881697,0.7350884126,0.645102986,0,1
659,21966666667,0,0,3.137080405,-0.2164509288,-0.4352862325,0.1965359851,0.1032499641,0.7378269281,0.63743586,0,1
660,22000000000,0,1,3.137254964,-0.21641649,-0.4354240056,0.2043943204,0.1055525363,0.7390469618,0.6331597051,0,1
661,22033333333,0,0,3.137279213,-0.2163883086,-0.4354570299,0.2177773206,0.1096384135,0.7428805907,0.6234427679,0,1
662,22066666667,0,0,3.137300335,-0.2163535811,-0.4354775109,0.2299074359,0.1115624182,0.746726263,0.6140816606,0,1
663,22100000000,0,0,3.137341632,-0.2163086658,-0.4354983118,0.2400495648,0.1124837537,0.7523028133,0.6031285839,0,1
664,22133333333,0,0,3.137352615,-0.2162785245,-0.435528913,0.2493890538,0.1149847447,0.7587023933,0.5907235281,0,1
665,22166666667,0,0,3.137358115,-0.216301051,-0.4355604312,0.2579241606,0.1177093566,0.7614320641,0.5829587005,0,1
666,22200000000,0,1,3.137516823,-0.21623213,-0.4357099349,0.2656834046,0.1147536073,0.761807477,0.5795630304,0,1
667,22233333333,0,0,3.137565399,-0.2161944941,-0.4357329763,0.2701905045,0.1127831904,0.7667869569,0.5712397098,0,1
668,22266666667,0,0,3.137584984,-0.2161788287,-0.4357755505,0.2715218298,0.1112095232,0.7716656216,0.5643053307,0,1
669,22300000000,0,0,3.137599186,-0.2161743324,-0.4358011967,0.2704533752,0.109098944,0.7742328413,0.56170802,0,1
670,22333333333,0,0,3.137643729,-0.2161133233,-0.4358117609,0.2656366254,0.1082487638,0.7779142263,0.5590785677,0,1
671,22366666667,0,1,3.137712967,-0.2160909354,-0.4357996657,0.2530731161,0.1068429047,0.7856611728,0.5543240146,0,1
672,22400000000,0,0,3.137724139,-0.2160733343,-0.4358197916,0.2404297642,0.1049133127,0.7906247188,0.5532623964,0,1
673,22433333333,0,0,3.137731421,-0.2160534436,-0.4358331067,0.2284223876,0.1027301308,0.7950786831,0.5523763398,0,1
674,22466666667,0,0,3.137733616,-0.2160309379,-0.4358394713,0.2190379318,0.1007988003,0.7990697991,0.5507716791,0,1
675,22500000000,0,0,3.137739415,-0.216010508,-0.4358493461,0.2115181248,0.09905030735,0.8028720709,0.548493899,0,1
676,22533333333,0,0,3.137736741,-0.2160150438,-0.4358749029,0.203254561,0.0976328251,0.805229398,0.548416841,0,1
677,22566666667,0,1,3.137705076,-0.2160027819,-0.4359138662,0.1969341335,0.09707137552,0.8053792457,0.550598189,0,1
678,22600000000,0,0,3.137711724,-0.2159893347,-0.4359141563,0.1886455113,0.09641387256,0.8068681937,0.5514353582,0,1
679,22633333333,0,0,3.137704054,-0.2159988648,-0.4359199845,0.1800428957,0.09693449699,0.8077047373,0.5529930527,0,1
680,22666666667,0,0,3.1376965,-0.215995837,-0.4359203807,0.1719239164,0.09710193693,0.8067968798,0.5568592062,0,1
681,22700000000,0,0,3.137705387,-0.2159797707,-0.435920112,0.1626377992,0.09703500264,0.8071909633,0.5590848802,0,1
682,22733333333,0,0,3.137700382,-0.2159806663,-0.4359184596,0.1533223834,0.09630264732,0.8082954657,0.5602468089,0,1
683,22766666667,0,1,3.137707814,-0.2159694791,-0.4359221031,0.1431828846,0.09369722185,0.809142344,0.5621460303,0,1
684,22800000000,0,0,3.137707796,-0.2159698133,-0.4359212051,0.1305661927,0.09224019648,0.810199806,0.5639330544,0,1
685,22833333333,0,0,3.137707847,-0.2159695389,-0.4359210282,0.1160820632,0.09115711533,0.8115856816,0.5652822448,0,1
686,22866666667,0,0,3.137709006,-0.2159782694,-0.435915944,0.09957949724,0.08820136833,0.8128326353,0.5671045312,0,1
687,22900000000,0,0,3.137709992,-0.2160124221,-0.4358985703,0.08001174868,0.08636916737,0.8132620117,0.5698626039,0,1
688,22933333333,0,0,3.137711028,-0.2160187117,-0.4358963155,0.06017152863,0.08513875953,0.8130857426,0.5727323581,0,1
689,22966666667,0,1,3.137714679,-0.2160668894,-0.4358778092,0.04032735547,0.08422105555,0.8118380272,0.5763675353,0,1
690,23000000000,0,0,3.137714046,-0.2160737369,-0.435874773,0.02259552692,0.08265696401,0.8107657531,0.5790649032,0,1
691,23033333333,0,0,3.137712288,-0.2160870112,-0.4358717113,0.005952107115,0.07967231978,0.8097764578,0.5812735864,0,1
692,23066666667,0,0,3.137712292,-0.2161141739,-0.4358634957,-0.01029097311,0.07642888178,0.8073276962,0.5850424881,0,1
693,23100000000,0,0,3.137712364,-0.2161239826,-0.4358609362,-0.02436447146,0.07299058978,0.8041231664,0.589461347,0,1
694,23133333333,0,0,3.137697691,-0.2161536891,-0.4358512241,-0.03633908588,0.0700435739,0.8005796135,0.5940081237,0,1
695,23166666667,0,1,3.137680106,-0.2162247793,-0.435827057,-0.04689630642,0.06581399499,0.7973860358,0.598034083,0,1
696,23200000000,0,0,3.137671199,-0.2162571053,-0.4358165742,-0.05687256968,0.06376640184,0.7931716051,0.6029744287,0,1
697,23233333333,0,0,3.137665333,-0.2162963528,-0.4358009166,-0.06438359009,0.06166265307,0.7890890181,0.6077754454,0,1
698,23266666667,0,0,3.137659319,-0.2163305036,-0.4357858394,-0.07122267942,0.05824797079,0.7850684695,0.6125373474,0,1
699,23300000000,0,0,3.137656518,-0.2163783808,-0.4357649857,-0.07855072029,0.05401182527,0.7813591478,0.6167579664,0,1
700,23333333333,0,0,3.13765693,-0.2164273668,-0.4357471495,-0.08741671018,0.04967422559,0.7770354734,0.621374817,0,1
701,23366666667,0,1,3.137655011,-0.2164719903,-0.4357284993,-0.09762370553,0.04600812505,0.7724284629,0.6258651087,0,1
702,23400000000,0,0,3.137648818,-0.2165295973,-0.435708688,-0.106342205,0.04119622054,0.7686801908,0.6293845971,0,1
703,23433333333,0,0,3.137645114,-0.2165992232,-0.4356834611,-0.1149569179,0.03631585007,0.764276946,0.6335193887,0,1
704,23466666667,0,0,3.137637573,-0.2166635595,-0.4356638469,-0.124812614,0.03307834325,0.7597820067,0.6372275393,0,1
705,23500000000,0,0,3.137633077,-0.2167270941,-0.4356499505,-0.1327650661,0.03080486775,0.7562872167,0.6398860392,0,1
706,23533333333,0,0,3.137614148,-0.2168029014,-0.4356277952,-0.1380099867,0.02979149437,0.7521907938,0.6436417638,0,1
707,23566666667,0,1,3.137540828,-0.2167263495,-0.4355824931,-0.1371090336,0.02985923246,0.7506341831,0.6456453069,0,1
708,23600000000,0,0,3.137524222,-0.2167918398,-0.4355674116,-0.1378030468,0.0280910228,0.7479338932,0.6487034038,0,1
709,23633333333,0,0,3.137506158,-0.2168644166,-0.4355480013,-0.1364692077,0.02637664336,0.7455668766,0.6517748542,0,1
710,23666666667,0,0,3.137484638,-0.2169269074,-0.435528793,-0.1328136207,0.02266487386,0.7448895307,0.6534419888,0,1
711,23700000000,0,0,3.137466907,-0.2170084218,-0.4355092701,-0.1267013315,0.01522231535,0.7461791917,0.6534000823,0,1
712,23733333333,0,0,3.137454542,-0.2171105593,-0.4354729399,-0.1220960302,0.00501786678,0.746155738,0.6544608431,0,1
713,23766666667,0,1,3.137294663,-0.2169566978,-0.4354242346,-0.112231831,0.001433102469,0.7504373455,0.6513415024,0,1
714,23800000000,0,0,3.137267708,-0.2170408935,-0.4354038523,-0.1119341782,-0.004266961832,0.751621574,0.6500134939,0,1
715,23833333333,0,0,3.137230246,-0.2171264795,-0.4353953341,-0.111662978,-0.008043366676,0.7511590115,0.6505588545,0,1
716,23866666667,0,0,3.137192173,-0.2171833189,-0.4353882459,-0.1089927139,-0.01033820952,0.7505380259,0.6516950064,0,1
717,23900000000,0,0,3.137161535,-0.2172559898,-0.4353683244,-0.1038133868,-0.01606956263,0.7528882731,0.6497105494,0,1
718,23933333333,0,0,3.13712945,-0.2173629069,-0.4353525212,-0.1004785577,-0.02186020305,0.7535828003,0.649260467,0,1
719,23966666667,0,1,3.136948846,-0.2172188762,-0.4353480543,-0.08806278703,-0.01843211465,0.7565324192,0.647737525,0,1
720,24000000000,0,0,3.136907149,-0.2172972816,-0.43533471,-0.08095859456,-0.0243061257,0.7582531392,0.6464573421,0,1
721,24033333333,0,0,3.136867754,-0.217379499,-0.4353124566,-0.07536705495,-0.03018895424,0.7595401069,0.6453737367,0,1
722,24066666667,0,0,3.136817891,-0.2174377657,-0.4353072682,-0.06933538119,-0.03426319776,0.7609217498,0.6442179203,0,1
723,24100000000,0,0,3.13677371,-0.2175321135,-0.4352875807,-0.06183517737,-0.04015736793,0.7631680315,0.6419800249,0,1
724,24133333333,0,0,3.136715735,-0.2175911775,-0.4352826949,-0.05353726518,-0.04399689367,0.7648562404,0.6404630873,0,1
725,24166666667,0,1,3.136533822,-0.2174358671,-0.4352878233,-0.03748894431,-0.04032137144,0.7704633528,0.6351023446,0,1
726,24200000000,0,0,3.13647768,-0.2175103678,-0.4352765382,-0.0290696743,-0.04679367408,0.7748449043,0.6297465207,0,1
727,24233333333,0,0,3.136418427,-0.2175915029,-0.4352727635,-0.02037065651,-0.05373231739,0.779639028,0.6235870913,0,1
728,24266666667,0,0,3.136359933,-0.2176695302,-0.4352656466,-0.01491665284,-0.0570383677,0.7837789892,0.61823508,0,1
729,24300000000,0,0,3.136302392,-0.2177423904,-0.4352614803,-0.009216971017,-0.0579794256,0.78855876,0.6121507295,0,1
730,24333333333,0,0,3.136236075,-0.2178402356,-0.4352509168,-0.004828788573,-0.05919305107,0.7915144511,0.6082579545,0,1
731,24366666667,0,1,3.136076077,-0.2176970828,-0.4352853916,0.001869114295,-0.05280649588,0.793772105,0.6059156919,0,1
732,24400000000,0,0,3.13601761,-0.2177433064,-0.4352957815,0.003979619472,-0.05346293276,0.7961112734,0.6027708668,0,1
733,24433333333,0,0,3.135959722,-0.2177895777,-0.43529486,0.005124415938,-0.05141166796,0.7984957705,0.5997791971,0,1
734,24466666667,0,0,3.13590091,-0.2178341712,-0.4352981866,0.006116516842,-0.0468160686,0.7994651953,0.5988541103,0,1
735,24500000000,0,0,3.135841934,-0.2178841042,-0.4353106654,0.007470475052,-0.0423107862,0.799931107,0.5985517634,0,1
736,24533333333,0,0,3.135769874,-0.2179547105,-0.4353275473,0.007413906454,-0.04064731103,0.7999258859,0.598674709,0,1
737,24566666667,0,1,3.135665073,-0.2178551502,-0.4353624924,0.005943477476,-0.03492297619,0.8010573669,0.5975384136,0,1
738,24600000000,0,0,3.135595436,-0.217900249,-0.4353711385,-0.0006857739045,-0.0321179816,0.8016010653,0.5969955587,0,1
739,24633333333,0,0,3.135533799,-0.2179324335,-0.435399381,-0.01012417905,-0.02845978274,0.8015237952,0.5971994202,0,1
740,24666666667,0,0,3.135482479,-0.2179454619,-0.435419976,-0.02062045089,-0.02321501242,0.8020236987,0.5964845739,0,1
741,24700000000,0,0,3.135423562,-0.2179727305,-0.4354532327,-0.02921755427,-0.01831587222,0.8024714108,0.5956932921,0,1
742,24733333333,0,0,3.135363508,-0.2180005418,-0.4354919356,-0.03761640577,-0.01558277138,0.8047574143,0.5922057813,0,1
743,24766666667,0,1,3.135282047,-0.217943721,-0.4355234667,-0.04548111887,-0.008127945789,0.8086142829,0.5865222466,0,1
744,24800000000,0,0,3.135210778,-0.2179832313,-0.4355751895,-0.05380868864,-0.005670956479,0.8125077358,0.580434014,0,1
745,24833333333,0,0,3.135141455,-0.2180250708,-0.435619927,-0.065164722,-0.006143870252,0.817689996,0.5719255916,0,1
746,24866666667,0,1,3.135047646,-0.2180295353,-0.4356605863,-0.07744731529,-0.005235770376,0.8245687998,0.5604112726,0,1
747,24900000000,0,0,3.134978197,-0.2180824991,-0.4356925299,-0.09081780135,-0.01086775062,0.8323931886,0.5465853991,0,1
748,24933333333,0,0,3.13490193,-0.2181555446,-0.4357077544,-0.1043244677,-0.02084551355,0.839671737,0.53257229,0,1
749,24966666667,0,1,3.134783445,-0.2182066873,-0.4357436568,-0.1196712608,-0.0319752291,0.8463223043,0.518068462,0,1
750,25000000000,0,0,3.134726331,-0.2182592062,-0.435737099,-0.1383708485,-0.04621450118,0.852291693,0.5023112564,0,1
751,25033333333,0,0,3.134698861,-0.2182443407,-0.435730629,-0.1559204253,-0.05857513823,0.8565104855,0.4885156727,0,1
752,25066666667,0,0,3.134728213,-0.2182604172,-0.435724802,-0.1697830223,-0.0703518041,0.8595570414,0.4768501248,0,1
753,25100000000,0,1,3.134695942,-0.2182331725,-0.4357998028,-0.1811122367,-0.07896514717,0.8612389319,0.4682204241,0,1
754,25133333333,0,0,3.134665843,-0.2182193447,-0.4358197672,-0.1909275173,-0.08542027916,0.8637174146,0.4585218499,0,1
755,25166666667,0,0,3.13464454,-0.2182006697,-0.43583365,-0.1973433181,-0.09475878758,0.8668874975,0.447864325,0,1
756,25200000000,0,0,3.134605517,-0.2181976724,-0.4358801802,-0.2012429749,-0.1038728109,0.8698273427,0.4383059412,0,1
757,25233333333,0,0,3.134616462,-0.218199291,-0.4358785292,-0.2058294688,-0.1129813362,0.8728677714,0.4277514478,0,1
758,25266666667,0,0,3.134596814,-0.2181997999,-0.4358809833,-0.2091465041,-0.122547295,0.875793727,0.4174029804,0,1
759,25300000000,0,1,3.134607749,-0.2182122522,-0.4358458536,-0.2163476595,-0.1280744584,0.8780135991,0.4072870524,0,1
760,25333333333,0,0,3.134592967,-0.218200449,-0.4358464196,-0.2232912787,-0.1349472898,0.8796190723,0.3977442915,0,1
761,25366666667,0,0,3.134586847,-0.2182112256,-0.4358603123,-0.2320481951,-0.1375895754,0.8806682658,0.3894177057,0,1
762,25400000000,0,0,3.134569796,-0.2182058957,-0.4358725055,-0.2394715267,-0.139161925,0.8809628554,0.3836558275,0,1
763,25433333333,0,0,3.134551768,-0.2181833694,-0.4358709016,-0.2464552175,-0.1425060082,0.8822039445,0.3750574139,0,1
764,25466666667,0,0,3.134547301,-0.2181795856,-0.4358737075,-0.2536767743,-0.1455336225,0.8836874438,0.3654648553,0,1
765,25500000000,0,1,3.134547989,-0.2181856075,-0.4358762944,-0.2628666772,-0.1451421881,0.8845560922,0.3569248872,0,1
766,25533333333,0,0,3.134536909,-0.2181802933,-0.4358804648,-0.2711141381,-0.1442315615,0.8860675482,0.3472444108,0,1
767,25566666667,0,0,3.134532409,-0.2181785943,-0.4358838684,-0.2797864731,-0.1394660102,0.8882825959,0.3364859452,0,1
768,25600000000,0,0,3.134528766,-0.2181774892,-0.4358852998,-0.287786909,-0.1355010348,0.8898456455,0.3270976794,0,1
769,25633333333,0,0,3.134529322,-0.2181725748,-0.4358856724,-0.2965442899,-0.1338208154,0.8904480203,0.3182071598,0,1
770,25666666667,0,0,3.134516753,-0.2181725045,-0.4358912538,-0.3029775193,-0.1328474803,0.890897804,0.3112190107,0,1
771,25700000000,0,1,3.134492072,-0.2181624021,-0.4359032677,-0.3096060945,-0.130001786,0.8914867486,0.3041298719,0,1
772,25733333333,0,0,3.134486171,-0.2181595134,-0.435906052,-0.3145662203,-0.1290296423,0.8924333755,0.2965840769,0,1
773,25766666667,0,0,3.134483009,-0.2181579251,-0.4359081859,-0.3179943344,-0.1292279321,0.8930502165,0.290931359,0,1
774,25800000000,0,0,3.134476148,-0.218154694,-0.4359113492,-0.3199452191,-0.1273356479,0.8942425844,0.285921125,0,1
775,25833333333,0,0,3.134472834,-0.2181527725,-0.435913159,-0.3217035918,-0.1235204136,0.8957030521,0.2810080941,0,1
776,25866666667,0,0,3.134470624,-0.2181515035,-0.4359143786,-0.3231236056,-0.1227422603,0.8959683924,0.2788657613,0,1
777,25900000000,0,1,3.134438677,-0.2181409118,-0.4359280381,-0.3263183043,-0.1232287464,0.8952498291,0.2772341681,0,1
778,25933333333,0,0,3.134435063,-0.2181386458,-0.4359300506,-0.3318318118,-0.1241941985,0.8943677337,0.2730747272,0,1
779,25966666667,0,0,3.13443802,-0.2181395204,-0.4359303847,-0.3360043709,-0.1207766061,0.8933516254,0.2728313536,0,1
780,26000000000,0,0,3.134427443,-0.2181344864,-0.4359341394,-0.3374393948,-0.1204921223,0.8917522788,0.2763949649,0,1
781,26033333333,0,0,3.134426217,-0.2181330978,-0.4359347417,-0.3403336295,-0.1166659562,0.8901849854,0.279522391,0,1
782,26066666667,0,0,3.134421041,-0.2181304239,-0.4359365314,-0.341838844,-0.1091878232,0.8886684082,0.2854692353,0,1
783,26100000000,0,1,3.134395768,-0.218107479,-0.4359503137,-0.3425139244,-0.1055976274,0.8853985649,0.2959775903,0,1
784,26133333333,0,0,3.13438724,-0.218103065,-0.4359541214,-0.3413399526,-0.09848582449,0.8826498124,0.3077610887,0,1
785,26166666667,0,0,3.134379382,-0.2180979775,-0.4359571745,-0.3393636903,-0.09418934195,0.8786369259,0.3224248842,0,1
786,26200000000,0,0,3.134368424,-0.2180917168,-0.4359612727,-0.3382964609,-0.08963584591,0.8734155644,0.3386239381,0,1
787,26233333333,0,0,3.134354217,-0.218087191,-0.4359681597,-0.3373853188,-0.08289786882,0.8691432255,0.3519788964,0,1
788,26266666667,0,1,3.134330815,-0.2180795366,-0.4359788467,-0.3334157784,-0.07594998757,0.8653005806,0.3664975081,0,1
789,26300000000,0,0,3.134321449,-0.2180741816,-0.4359829517,-0.3284582631,-0.06664657201,0.8613313609,0.3818136857,0,1
790,26333333333,0,0,3.134306295,-0.2180662061,-0.4359877056,-0.3229471703,-0.05957431024,0.8582157886,0.3944891469,0,1
791,26366666667,0,0,3.134298835,-0.2180589162,-0.4359862191,-0.319557175,-0.05477269256,0.8545969616,0.4056441757,0,1
792,26400000000,0,0,3.134291674,-0.2180532186,-0.4359879793,-0.3190966843,-0.04758252846,0.8488965701,0.4186738855,0,1
793,26433333333,0,1,3.134268097,-0.2180352048,-0.4359796985,-0.3139905782,-0.04215660477,0.8457947349,0.4292598326,0,1
794,26466666667,0,0,3.134262279,-0.2180305984,-0.4359813318,-0.3120683406,-0.03175934644,0.8402806988,0.4421911826,0,1
795,26500000000,0,0,3.134256924,-0.218025064,-0.4359825853,-0.3118853632,-0.02185825739,0.8335405365,0.4554776733,0,1
796,26533333333,0,0,3.134248139,-0.218019117,-0.4359866054,-0.3129104891,-0.01000761916,0.8267501735,0.4674088403,0,1
797,26566666667,0,0,3.134235895,-0.218009933,-0.4359881195,-0.3122141203,-0.0004545007234,0.8199181846,0.4798502965,0,1
798,26600000000,0,1,3.134224904,-0.2179769591,-0.4359614847,-0.3107378157,-0.003283020057,0.8157063622,0.4879081495,0,1
799,26633333333,0,0,3.134216181,-0.217969122,-0.4359600176,-0.3142169023,0.00131997,0.8085901403,0.4974414348,0,1
800,26666666667,0,0,3.134211796,-0.2179659289,-0.4359620262,-0.3156074622,0.006881940253,0.8010105492,0.5086518149,0,1
801,26700000000,0,0,3.134206225,-0.217957346,-0.4359620354,-0.3149987983,0.01146184823,0.7937912972,0.5201343669,0,1
802,26733333333,0,0,3.134204859,-0.2179513643,-0.4359614181,-0.3145896194,0.01559668167,0.7851010812,0.5332976722,0,1
803,26766666667,0,0,3.134202001,-0.2179430302,-0.4359603513,-0.3151357211,0.02018498383,0.7750582984,0.5473268473,0,1
804,26800000000,0,1,3.134197641,-0.2179278154,-0.4359462067,-0.3146185179,0.02547063238,0.7667375902,0.5589990186,0,1
805,26833333333,0,0,3.134188135,-0.2179163676,-0.4359442584,-0.3156048138,0.03083653539,0.7563868648,0.5721202849,0,1
806,26866666667,0,0,3.134182279,-0.2179058215,-0.4359415035,-0.3185556528,0.0335516838,0.7462844427,0.5834861705,0,1
807,26900000000,0,0,3.134175246,-0.2178966717,-0.4359391752,-0.3228310828,0.03752639258,0.7350936491,0.5949867132,0,1
808,26933333333,0,0,3.134168404,-0.2178885268,-0.435938585,-0.328415961,0.04124820801,0.7249011773,0.6041190488,0,1
809,26966666667,0,1,3.134147577,-0.2178606844,-0.4359057216,-0.3266622215,0.03884579254,0.7214712537,0.6093127502,0,1
810,27000000000,0,0,3.134135008,-0.2178482737,-0.4359017759,-0.3298545896,0.04060681398,0.7135936039,0.6167099844,0,1
811,27033333333,0,0,3.13412544,-0.217837656,-0.4358992629,-0.3347723248,0.0393170164,0.707041301,0.6216705409,0,1
812,27066666667,0,0,3.134123822,-0.2178340846,-0.4358984873,-0.3409081927,0.03830371779,0.6990092544,0.6274555694,0,1
813,27100000000,0,0,3.134114136,-0.2178249789,-0.4358987308,-0.3493244158,0.04059151323,0.6905489303,0.6320339835,0,1
814,27133333333,0,1,3.134095346,-0.2178086474,-0.4358701769,-0.3535935919,0.03724770215,0.6870629962,0.6336628597,0,1
815,27166666667,0,0,3.134090673,-0.217803292,-0.4358678183,-0.365294965,0.03709140174,0.677225851,0.6376119221,0,1
816,27200000000,0,0,3.134081962,-0.2177926029,-0.4358657805,-0.378344205,0.03719654522,0.6677018919,0.640036142,0,1
817,27233333333,0,0,3.134076206,-0.2177889231,-0.4358645792,-0.3909481973,0.03689807517,0.6583727325,0.6421396921,0,1
818,27266666667,0,0,3.134066189,-0.2177767608,-0.43586202,-0.4034604889,0.03620179733,0.6491386261,0.6438385728,0,1
819,27300000000,0,0,3.134062498,-0.2177725629,-0.4358599044,-0.4161159508,0.03389887304,0.641652799,0.6434128282,0,1
820,27333333333,0,1,3.134016657,-0.2177651036,-0.4358378305,-0.4215874328,0.03646380734,0.635645685,0.6456694126,0,1
821,27366666667,0,0,3.134007794,-0.2177589504,-0.4358369089,-0.4359114739,0.03767799585,0.6249817005,0.6464978187,0,1
822,27400000000,0,0,3.134004921,-0.2177589186,-0.4358351199,-0.4510573029,0.04200035085,0.6142871228,0.6460917975,0,1
823,27433333333,0,0,3.133999176,-0.2177535347,-0.435834346,-0.4640505901,0.04647921092,0.6028019529,0.6473998288,0,1
824,27466666667,0,0,3.133983833,-0.2177423076,-0.4358250497,-0.4767044806,0.05043718224,0.5934861468,0.6465161424,0,1
825,27500000000,0,1,3.133957145,-0.2177394189,-0.4357941287,-0.4860211736,0.05384446223,0.588747423,0.643630845,0,1
826,27533333333,0,0,3.133948627,-0.2177355735,-0.4357889811,-0.499324026,0.05175478148,0.5814057114,0.6402845917,0,1
827,27566666667,0,0,3.133942963,-0.2177327495,-0.435789924,0.5116870425,-0.04803982826,-0.573710583,-0.6377497255,0,1
828,27600000000,0,0,3.133933676,-0.2177317179,-0.4357867559,0.5227346845,-0.04585145518,-0.5673423021,-0.6346406904,0,1
829,27633333333,0,0,3.13392839,-0.2177336714,-0.4357791153,0.5323160664,-0.04069493988,-0.5623986892,-0.6314200201,0,1
830,27666666667,0,0,3.133915801,-0.2177317451,-0.4357745975,0.5437208113,-0.0363698792,-0.5576143532,-0.6261877867,0,1
831,27700000000,0,1,3.133895455,-0.217744514,-0.4357453945,0.5499610547,-0.03568657669,-0.5586348335,-0.6198358084,0,1
832,27733333333,0,0,3.133889318,-0.2177452873,-0.4357448461,0.5578767718,-0.02991348201,-0.5548591825,-0.6164494941,0,1
833,27766666667,0,0,3.133879229,-0.217742107,-0.4357358717,0.5653978475,-0.02146463139,-0.5543045676,-0.6104187006,0,1
834,27800000000,0,0,3.133882538,-0.2177489302,-0.4357318713,0.5719063509,-0.008696851628,-0.5551140867,-0.6039005227,0,1
835,27833333333,0,1,3.133878705,-0.2177568408,-0.4357323394,0.5781653731,0.0008318679934,-0.554433845,-0.5986043943,0,1
836,27866666667,0,0,3.133877465,-0.2177587726,-0.4357296415,0.5848962797,0.01350012896,-0.5558846268,-0.5905136495,0,1
837,27900000000,0,0,3.133876844,-0.2177663565,-0.4357333431,0.591062991,0.02529864109,-0.5575974644,-0.5823139936,0,1
838,27933333333,0,1,3.133869389,-0.2177782821,-0.4357432463,0.5963362096,0.03584869965,-0.5582100563,-0.5757599578,0,1
839,27966666667,0,0,3.133873763,-0.217783144,-0.4357441546,0.6011832155,0.05352413243,-0.5620688595,-0.5655019945,0,1
840,28000000000,0,0,3.133874036,-0.217792552,-0.4357518244,0.6063891842,0.06795351757,-0.5634876909,-0.5569165996,0,1
841,28033333333,0,0,3.133872626,-0.2177959371,-0.4357521039,0.608843072,0.08647796929,-0.5675523258,-0.54746327,0,1
842,28066666667,0,1,3.133878248,-0.2178115361,-0.4357627917,0.6130636345,0.1037839827,-0.5692991577,-0.5378478726,0,1
843,28100000000,0,0,3.133882234,-0.2178221691,-0.4357675069,0.6156063038,0.1221834597,-0.5722057879,-0.5279020906,0,1
844,28133333333,0,0,3.133889383,-0.217833064,-0.4357675489,0.6192020408,0.1401404242,-0.5752672848,-0.5157684027,0,1
845,28166666667,0,1,3.133887451,-0.2178480409,-0.4357866931,0.6255117915,0.1520214726,-0.5750688449,-0.5048963202,0,1
846,28200000000,0,0,3.133901015,-0.2178699412,-0.4357905856,0.6299411963,0.1620542561,-0.5789632327,-0.4916442641,0,1
847,28233333333,0,0,3.133908003,-0.2178881754,-0.4357915435,0.6325291014,0.1699855528,-0.5833201801,-0.4803638363,0,0.9999999999
848,28266666667,0,1,1.171072095,0.3547084393,-0.2127370713,-0.2922958632,-0.08398253426,0.770503456,0.5602093239,0,1
853,28433333333,0,1,1.1759562,0.3248495363,-0.2152504923,-0.3122213149,-0.1002984865,0.8090096592,0.4878129102,0,1
854,28466666667,0,0,1.178584068,0.3228610854,-0.2107048171,-0.3149225024,-0.1062217051,0.818473282,0.4686600618,0,1
855,28500000000,0,0,1.178666774,0.3155734188,-0.2133636941,-0.3166215395,-0.1106314542,0.8251482081,0.4545788345,0,1
856,28533333333,0,0,1.181713192,0.3110481906,-0.2123879495,-0.3193876319,-0.1176701356,0.8329168235,0.4363425775,0,1
857,28566666667,0,0,1.182164146,0.3029664616,-0.2153810362,-0.3225431499,-0.1223290089,0.8399315342,0.4189469511,0,1
858,28600000000,0,0,1.183691997,0.2981145541,-0.214349874,-0.3232407057,-0.1329532921,0.8487785824,0.3967540628,0,1
859,28633333333,0,1,1.174798974,0.2789867604,-0.2218297913,-0.3202898947,-0.1365130798,0.8544833054,0.3855344902,0,1
860,28666666667,0,0,1.17695175,0.2748487159,-0.2192546847,-0.3204802678,-0.1400469232,0.8609775599,0.3693195076,0,1
861,28700000000,0,0,1.180213028,0.2738592074,-0.2169680214,-0.3208709717,-0.1430206658,0.8664726901,0.3546998535,0,1
862,28733333333,0,0,1.18294883,0.2701707282,-0.2144081293,-0.3198664049,-0.1446579917,0.8713450024,0.3428081609,0,1
863,28766666667,0,0,1.183127702,0.2661109808,-0.2095295603,-0.3205168902,-0.1448702447,0.8755925572,0.3310879173,0,1
864,28800000000,0,0,1.185157998,0.2619675598,-0.2075119774,-0.3225598447,-0.1481197857,0.8779935657,0.321158799,0,1
865,28833333333,0,1,1.189819646,0.2512813476,-0.2073269535,-0.325133953,-0.1505258803,0.8788967359,0.3149133208,0,1
866,28866666667,0,0,1.191522589,0.2484981306,-0.2048947417,-0.3284931398,-0.1509909897,0.8803336669,0.3070938181,0,1
867,28900000000,0,0,1.193700783,0.2446788813,-0.2025117914,-0.3322992342,-0.1488959684,0.8811668615,0.3015827775,0,1
868,28933333333,0,0,1.195660487,0.240950646,-0.2007957687,-0.3368528306,-0.1481085696,0.8804301274,0.2990598818,0,1
869,28966666667,0,0,1.196491357,0.2396986194,-0.2000589194,-0.3440464809,-0.1461824723,0.878989878,0.2960396902,0,1
870,29000000000,0,0,1.197497102,0.2363661668,-0.1993658525,-0.3515194066,-0.1453079576,0.8768174922,0.2941271658,0,1
871,29033333333,0,1,1.200258592,0.2305150548,-0.1963853484,-0.3603935382,-0.1473468286,0.8730842683,0.293477887,0,1
872,29066666667,0,0,1.20104738,0.2292589569,-0.1963996041,-0.3734169844,-0.1476470104,0.8679253886,0.2923450629,0,1
873,29100000000,0,0,1.200966949,0.2281668945,-0.1965190021,-0.387214977,-0.1475624773,0.8624481767,0.2906424253,0,1
874,29133333333,0,0,1.201845567,0.2248493067,-0.1931851442,-0.4004512638,-0.147250413,0.8565593641,0.2902794463,0,1
875,29166666667,0,0,1.204410843,0.2207204717,-0.1896890522,-0.4149200265,-0.1451600882,0.8488310954,0.2936931935,0,1
876,29200000000,0,1,1.202837127,0.2166845448,-0.1835178718,-0.4274540613,-0.1423022315,0.8408229245,0.3000831719,0,1
877,29233333333,0,0,1.200289069,0.2174250303,-0.1857770843,-0.4435694255,-0.1403246252,0.8299746833,0.3077290844,0,1
878,29266666667,0,0,1.195734756,0.2195238087,-0.1866072454,-0.4591517016,-0.1390198076,0.8195905924,0.3132482543,0,1
879,29300000000,0,0,1.187660526,0.2252031781,-0.1918038608,-0.4746253089,-0.1416402257,0.808505424,0.317785843,0,1
880,29333333333,0,1,1.166220593,0.2332977006,-0.1924758787,-0.4869277493,-0.1483347573,0.7996153244,0.3186118323,0,1
881,29366666667,0,0,1.163312907,0.2349274819,-0.194111846,0.5003516971,0.1537471125,-0.7902540116,-0.3186041457,0,1
882,29400000000,0,0,1.158822081,0.2371081572,-0.1953113273,0.5122585393,0.1572900143,-0.7826184116,-0.3167956159,0,1
883,29433333333,0,0,1.157133442,0.238748536,-0.1955792858,0.5230433814,0.1570615193,-0.7765895439,-0.3141114144,0,1
884,29466666667,0,0,1.151595099,0.2380118648,-0.1972268207,0.5322200554,0.1550606952,-0.7705976488,-0.3144475427,0,1
885,29500000000,0,1,1.133247641,0.2457764995,-0.1985731147,0.5429397309,0.1502091001,-0.7650507383,-0.3120112862,0,1
886,29533333333,0,0,1.127273237,0.2484708983,-0.20052015,0.5570760416,0.146686881,-0.7564471524,-0.309736902,0,1
887,29566666667,0,0,1.126739059,0.2483652815,-0.1995333971,0.5725963185,0.1454182733,-0.7457268044,-0.3080235625,0,1
888,29600000000,0,1,1.12345704,0.2494502807,-0.198543295,0.5903928751,0.1405919946,-0.7321713845,-0.309184747,0,1
889,29633333333,0,0,1.119726344,0.2513061456,-0.1996203188,0.6099711851,0.1344179482,-0.7169218332,-0.3096611918,0,1
890,29666666667,0,0,1.117009736,0.2532910827,-0.2004119261,0.6289382633,0.127483273,-0.7023090628,-0.3081341532,0,1
891,29700000000,0,0,1.114259001,0.2551808966,-0.2008408234,0.645501929,0.1194712102,-0.6890948963,-0.3069236281,0,1
892,29733333333,0,1,1.069918508,0.2926317117,-0.2104214167,0.6614634073,0.1166609173,-0.6763749259,-0.3022802521,0,1
893,29766666667,0,0,1.064325912,0.2967150974,-0.2111020261,0.6727592192,0.1129716634,-0.6664170607,-0.300866644,0,1
894,29800000000,0,0,1.057917429,0.298866312,-0.2120614267,0.6822353458,0.1087956076,-0.6570280634,-0.3017160464,0,1
895,29833333333,0,0,1.050296452,0.30219714,-0.212971022,0.6899945573,0.1087825809,-0.647892599,-0.3038240299,0,1
896,29866666667,0,0,1.045452769,0.3041684473,-0.2136257249,0.6992234561,0.1112468616,-0.6383490919,-0.3020283614,0,1
897,29900000000,0,0,1.04500989,0.3046462887,-0.213216375,0.7085536415,0.1116365851,-0.6283993299,-0.3010038076,0,1
898,29933333333,0,1,1.019235875,0.3273377002,-0.2121585314,0.7171034071,0.113880603,-0.619204683,-0.2989639983,0,1
899,29966666667,0,0,1.011877459,0.3312322259,-0.2124634407,0.7247511469,0.1150248092,-0.6098246963,-0.2993641729,0,1
900,30000000000,0,0,1.00636259,0.3339178445,-0.2102466496,0.7316928526,0.1142538689,-0.6016248795,-0.2993645391,0,1
901,30033333333,0,0,1.001410554,0.3370995933,-0.2066599787,0.7379177925,0.1131323236,-0.5933244591,-0.3010722422,0,1
902,30066666667,0,0,0.9920255588,0.3407395992,-0.205983509,0.7438702181,0.1118124474,-0.5846099828,-0.3039510541,0,1
903,30100000000,0,0,0.9881539193,0.3445004467,-0.1998320245,0.7479750941,0.1104226711,-0.577410062,-0.30811964,0,1
904,30133333333,0,1,0.9820078111,0.3446945156,-0.1888672069,0.7513893942,0.1082837935,-0.5696867607,-0.3148739321,0,1
905,30166666667,0,0,0.9710139555,0.349861566,-0.1861259041,0.7561597106,0.1063043114,-0.5602952432,-0.320922305,0,1
906,30200000000,0,0,0.958858212,0.3534485195,-0.1805301221,0.7604580574,0.1040470584,-0.5516436435,-0.3264460801,0,1
907,30233333333,0,0,0.9437201344,0.3586848001,-0.1768316631,0.7648416577,0.1022778068,-0.5426689881,-0.3317632562,0,1
908,30266666667,0,0,0.9302171149,0.3624468378,-0.1718376775,0.7676024536,0.102018895,-0.5357294026,-0.336708517,0,1
909,30300000000,0,0,0.9152430385,0.3638714462,-0.1676450045,0.7701966744,0.0992801819,-0.5299948765,-0.3406551908,0,1
910,30333333333,0,1,0.8953919221,0.3796478719,-0.1690435892,0.7737875428,0.09982584094,-0.5225217382,-0.3438875881,0,1
911,30366666667,0,0,0.8804605683,0.3823284825,-0.1626030269,0.7770112503,0.09782255087,-0.5164742648,-0.3463215258,0,1
912,30400000000,0,0,0.8628298081,0.3865831718,-0.1592133322,0.7821253266,0.09447523721,-0.5095199082,-0.3460402667,0,1
913,30433333333,0,0,0.8445372827,0.389187606,-0.1505670238,0.7869512658,0.09298626148,-0.5039974327,-0.3435809196,0,1
914,30466666667,0,0,0.8295872723,0.3920890682,-0.1444535167,0.7926008531,0.09274298748,-0.4967094938,-0.3412657391,0,1
915,30500000000,0,0,0.8145108987,0.3952091446,-0.1406314022,0.7991338841,0.09141777759,-0.488755027,-0.3378555145,0,1
916,30533333333,0,1,0.7843063848,0.3958633046,-0.1476523327,0.8076792163,0.08998539995,-0.4771714709,-0.3344612066,0,1
917,30566666667,0,0,0.7675125424,0.4040039072,-0.1462498807,0.8163755732,0.08990859772,-0.4673851027,-0.3271063028,0,1
918,30600000000,0,0,0.7553015232,0.410086259,-0.1444036929,0.8243660072,0.08569546688,-0.4601165408,-0.3183861523,0,1
919,30633333333,0,0,0.7417627572,0.4148467713,-0.1437628501,0.8317567016,0.07752822072,-0.4541875697,-0.3096511196,0,1
920,30666666667,0,0,0.7201606865,0.4225576704,-0.143380998,0.8401037711,0.06751454464,-0.4480170251,-0.2982418235,0,1
921,30700000000,0,0,0.7009444841,0.4260302227,-0.1436310036,0.8476042889,0.05731485633,-0.444510192,-0.2840645453,0,1
922,30733333333,0,1,0.6996567874,0.4236365824,-0.1360142784,0.8529201064,0.04867510049,-0.4422265716,-0.2731184468,0,1
923,30766666667,0,0,0.682928874,0.4170898902,-0.1224355651,0.8572358837,0.0437469661,-0.4370575453,-0.2687257799,0,1
924,30800000000,0,0,0.6706712931,0.4174408057,-0.1102396334,0.8631961493,0.04363127001,-0.4282637815,-0.2637780383,0,1
925,30833333333,0,0,0.6626171139,0.4230470288,-0.1098945707,0.8711599205,0.04296794804,-0.4151508675,-0.258619229,0,1
926,30866666667,0,0,0.6521326194,0.4323515849,-0.1098149495,0.8787950238,0.04070700189,-0.4011029192,-0.2553011837,0,1
927,30900000000,0,0,0.6312504457,0.4271863169,-0.1050668894,0.8862024333,0.03409774325,-0.3883390513,-0.2503504988,0,1
928,30933333333,0,1,0.6184058837,0.4196909236,-0.1036072656,0.8922073435,0.03175197249,-0.3782096514,-0.2447760774,0,1
929,30966666667,0,0,0.6096077495,0.4282159412,-0.1060486206,0.8968103975,0.03484831786,-0.3687109749,-0.2420101705,0,1
930,31000000000,0,0,0.5974259407,0.4321225851,-0.102998301,0.9002156252,0.03523128724,-0.3605052751,-0.2416744321,0,1
931,31033333333,0,0,0.5826425308,0.4355140579,-0.0976710575,0.9022225513,0.0376355879,-0.3541307475,-0.2432477011,0,1
932,31066666667,0,0,0.5660344534,0.4400848876,-0.09756811579,0.9044543796,0.04154966766,-0.3477202347,-0.2435703979,0,1
933,31100000000,0,0,0.5515640057,0.4456476006,-0.09443744888,0.9059961572,0.04546832709,-0.3435666464,-0.243034059,0,1
934,31133333333,0,1,0.5358761126,0.4382691839,-0.09515530872,0.9078957083,0.04908725669,-0.3392249136,-0.2413343781,0,1
935,31166666667,0,0,0.5223557909,0.4474584367,-0.09700668399,0.9094360742,0.05712419786,-0.335811903,-0.2385229942,0,1
936,31200000000,0,0,0.5061769941,0.4517890802,-0.09338824941,0.9110507354,0.06309593553,-0.3334138652,-0.2341808168,0,1
937,31233333333,0,0,0.4936205614,0.462956285,-0.09869582695,0.912763928,0.07073042907,-0.3301763647,-0.2298755888,0,1
938,31266666667,0,0,0.4756204864,0.4690653461,-0.1018282983,0.913484123,0.07521670015,-0.329394342,-0.2266904776,0,1
939,31300000000,0,0,0.4715080001,0.4848928155,-0.1069394636,0.9122006,0.08215342067,-0.3318462951,-0.2258736756,0,1
940,31333333333,0,1,0.4671284117,0.5038823877,-0.1285052634,0.9132204457,0.08071456491,-0.3254430484,-0.2315175995,0,1
941,31366666667,0,0,0.4539697237,0.501340422,-0.1146387881,0.9129223103,0.07343037396,-0.3246757183,-0.2361493457,0,1
942,31400000000,0,0,0.4443270137,0.5040122931,-0.1120353652,0.9128068593,0.07328919805,-0.3224439473,-0.2396710912,0,1
943,31433333333,0,0,0.4348598021,0.519913189,-0.1168384071,0.9138262905,0.07215184266,-0.3168739404,-0.243529317,0,1
944,31466666667,0,0,0.4245305834,0.5154480763,-0.102392915,0.9137680538,0.06734399017,-0.3152558721,-0.2471972207,0,1
945,31500000000,0,0,0.4157802216,0.5330709435,-0.1149073732,0.9160914526,0.06708659884,-0.3069529355,-0.2491098838,0,1
946,31533333333,0,1,0.3952476336,0.551430687,-0.1161119965,0.9193833842,0.05978847058,-0.2984253732,-0.2492023843,0,1
947,31566666667,0,0,0.3841122046,0.5556618758,-0.1124222022,0.9206881565,0.05251679957,-0.2955173667,-0.2494890583,0,1
948,31600000000,0,0,0.3747945706,0.5644215238,-0.1138699384,0.9222239126,0.04386664009,-0.2923512552,-0.2492178095,0,1
949,31633333333,0,0,0.3631417437,0.5669333783,-0.1040077436,0.9214901404,0.03555029981,-0.2934053037,-0.2520028274,0,1
950,31666666667,0,0,0.3500763105,0.5612207649,-0.08805032775,0.9194745614,0.03164819371,-0.2974497883,-0.2551245702,0,1
951,31700000000,0,0,0.3403861245,0.5640430237,-0.08394578852,0.9185656398,0.0349580098,-0.298221743,-0.2570581546,0,1
952,31733333333,0,1,0.3355454954,0.5719639422,-0.08535390014,0.9188568105,0.03581332546,-0.2976598399,-0.2565505549,0,1
953,31766666667,0,0,0.3226408994,0.5723166426,-0.07978535309,0.9185099753,0.0348772797,-0.2995370966,-0.2557352702,0,1
954,31800000000,0,0,0.3155794186,0.5742832433,-0.07812486755,0.9168626162,0.03665096835,-0.3035050036,-0.2567184496,0,1
955,31833333333,0,0,0.3086333136,0.5759081186,-0.07306896244,0.9149004009,0.0368851213,-0.3083055955,-0.2579620207,0,1
956,31866666667,0,0,0.3044979421,0.5773186587,-0.0679625511,0.9127762534,0.03727633716,-0.312795722,-0.260016965,0,1
957,31900000000,0,0,0.2992758691,0.5827029647,-0.06868422796,0.9107866679,0.03527023469,-0.3155970406,-0.2638601221,0,1
958,31933333333,0,1,0.2900366164,0.5781738119,-0.05916318239,0.90705021,0.0301042857,-0.3199991178,-0.2719452391,0,1
959,31966666667,0,0,0.2839385343,0.5776027841,-0.05247673684,0.9044658951,0.02765694055,-0.321925483,-0.2784609876,0,1
960,32000000000,0,0,0.2745068154,0.5772727295,-0.04369878165,0.9035594538,0.02448554513,-0.3224000124,-0.2811387622,0,1
961,32033333333,0,0,0.2662141426,0.5720834339,-0.03525460952,0.9024958224,0.02332437617,-0.3223888811,-0.2846448196,0,1
962,32066666667,0,0,0.2583311008,0.5750730081,-0.03326163792,0.9025266913,0.02282877379,-0.3209431238,-0.2862165788,0,1
963,32100000000,0,0,0.2498058807,0.5746013702,-0.02677193744,0.9011749486,0.02078344586,-0.3237551421,-0.2874619426,0,1
964,32133333333,0,1,0.2414472692,0.5760654812,-0.02557499343,0.8997460274,0.01857199235,-0.325359677,-0.2902641001,0,1
965,32166666667,0,0,0.2330166417,0.5748266808,-0.01708366125,0.897969594,0.01614846505,-0.3281316233,-0.292778881,0,1
966,32200000000,0,0,0.2278719974,0.5659669964,-0.009188435906,0.8961931232,0.01532001393,-0.3302015598,-0.295922478,0,1
967,32233333333,0,0,0.2193481753,0.5649786413,-0.004959451379,0.8956434293,0.01585356825,-0.330339415,-0.2974010473,0,1
968,32266666667,0,0,0.2126610648,0.5609913727,-0.00120282526,0.8930158794,0.01775683373,-0.3346983329,-0.3003071095,0,1
969,32300000000,0,0,0.209902771,0.5569647516,0.002336361076,0.8902631836,0.01768706801,-0.3390473671,-0.3035877377,0,1
970,32333333333,0,0,0.2030545842,0.5502879163,0.009893289912,0.8882521081,0.01544231369,-0.3418200873,-0.3064779851,0,1
971,32366666667,0,1,0.1944203212,0.5343573365,0.01247282416,0.8873119222,0.01162916112,-0.3431828544,-0.3078438626,0,1
972,32400000000,0,0,0.1899014093,0.5257044729,0.01856301196,0.8874222189,0.01005732109,-0.3448200783,-0.3057446145,0,1
973,32433333333,0,0,0.1842790317,0.5132509532,0.0264248698,0.8870036037,0.008421359135,-0.3466180151,-0.3049748176,0,1
974,32466666667,0,0,0.18034674,0.5033112214,0.03301495093,0.886865913,0.008780179244,-0.3478281606,-0.3039857422,0,1
975,32500000000,0,0,0.1718525805,0.4899230666,0.03904172253,0.8872899794,0.007800279231,-0.3484370558,-0.3020716242,0,1
976,32533333333,0,0,0.1644041046,0.4754448475,0.04534812966,0.8866875337,0.01013309666,-0.3515072839,-0.3002085396,0,1
977,32566666667,0,1,0.1600806761,0.4569998012,0.04857428983,0.8853718521,0.01378714547,-0.3555545049,-0.2991781947,0,1
978,32600000000,0,0,0.1564769722,0.4425116983,0.05156443468,0.8849388745,0.01929288707,-0.3590768423,-0.2959303876,0,1
979,32633333333,0,0,0.1524882358,0.4273522606,0.05523232344,0.8848671082,0.02355933084,-0.3625751087,-0.2915380752,0,1
980,32666666667,0,0,0.1516766132,0.4076803633,0.0599552667,0.8838008129,0.02932520796,-0.3676083034,-0.2879241056,0,1
981,32700000000,0,0,0.1523508505,0.3965454626,0.05922814143,0.8834449214,0.03651749798,-0.3694618911,-0.2858136705,0,1
982,32733333333,0,0,0.1486617557,0.3842600807,0.06091022428,0.8839647217,0.04089336304,-0.3699886401,-0.2829178501,0,1
983,32766666667,0,1,0.1458367917,0.3673690313,0.06282671876,0.8831807617,0.04637680854,-0.3719561297,-0.2819389497,0,1
984,32800000000,0,0,0.1452705011,0.3580762994,0.05949425929,0.8841473161,0.05152343161,-0.3715893961,-0.2784783297,0,1
985,32833333333,0,0,0.1492553923,0.3481596008,0.05708457071,0.8849439379,0.05236269525,-0.3715977652,-0.2757670679,0,1
986,32866666667,0,0,0.1460659842,0.3314664965,0.05790980801,0.8854524182,0.05023652461,-0.3695556666,-0.2772704746,0,1
987,32900000000,0,0,0.1411745827,0.3177098734,0.06444981447,0.8854715943,0.05533131841,-0.3689964803,-0.2769839317,0,1
988,32933333333,0,1,0.1377166454,0.3032066704,0.06337202208,0.8849915769,0.06473721858,-0.3702238313,-0.2748332513,0,1
989,32966666667,0,0,0.1410852954,0.3000061217,0.058538315,0.8841965515,0.07784599586,-0.3714988322,-0.2722592092,0,1
990,33000000000,0,0,0.1391924616,0.291006524,0.05432840708,0.8832533732,0.08491076159,-0.3720360352,-0.2724753746,0,1
991,33033333333,0,0,0.1370717865,0.2812745805,0.0518358803,0.8816613355,0.09127311117,-0.3737764973,-0.2731915789,0,1
992,33066666667,0,0,0.1343745373,0.2722431715,0.04969996969,0.8801181413,0.09644481753,-0.3754254784,-0.274128008,0,1
993,33100000000,0,1,0.1281676105,0.2548972345,0.04837364876,0.8774616865,0.1018937084,-0.3799473662,-0.2744424527,0,1
994,33133333333,0,0,0.1310136048,0.2521254027,0.04734898651,0.8742599437,0.1136304978,-0.3852468393,-0.2726582725,0,1
995,33166666667,0,0,0.1227496089,0.2376531245,0.03830993363,0.8725277182,0.1182239367,-0.388561769,-0.2715478476,0,1
996,33200000000,0,0,0.1249466598,0.2296464599,0.03932208832,0.8688570204,0.1316009359,-0.3957766504,-0.2667011713,0,1
997,33233333333,0,0,0.1308727842,0.2226884173,0.04490441003,0.8676717862,0.1407041908,-0.3985996743,-0.2616606615,0,1
998,33266666667,0,0,0.1287931532,0.2120318038,0.04261204393,0.8697406404,0.149255659,-0.395749924,-0.254275371,0,1
999,33300000000,0,1,0.134767234,0.2113885257,0.04012679328,0.8713527351,0.1626615258,-0.3917753955,-0.2465718528,0,1
1000,33333333333,0,0,0.1339467067,0.211076715,0.03496490858,0.8747942263,0.1736412773,-0.385193889,-0.2370852934,0,1
1001,33366666667,0,0,0.1341746591,0.2122787483,0.03076514729,0.877496713,0.1830098767,-0.3807920277,-0.2269456659,0,1
1002,33400000000,0,0,0.136978686,0.2138019289,0.02908761803,0.8790210586,0.1907113553,-0.37835044,-0.2186369184,0,1
1003,33433333333,0,0,0.1393166339,0.2180778861,0.02691863304,0.8804873019,0.1969179279,-0.3757990386,-0.211519558,0,1
1004,33466666667,0,0,0.1446292804,0.2194359282,0.0233853789,0.8817072626,0.2004871763,-0.374185178,-0.2058704637,0,1
1005,33500000000,0,1,0.1518723094,0.2096797595,0.02568031092,0.8833394853,0.2007535362,-0.372586359,-0.2014665644,0,1
1006,33533333333,0,0,0.1550028221,0.2095075064,0.02327520738,0.8867516625,0.2027263348,-0.3670947096,-0.1944607837,0,1
1007,33566666667,0,0,0.158567189,0.2115376302,0.01930710554,0.8906627827,0.2056365035,-0.3592673256,-0.1880436777,0,1
1008,33600000000,0,0,0.1614777272,0.2136710998,0.01547123784,0.8956505048,0.2061547177,-0.3508704159,-0.1794445789,0,1
1009,33633333333,0,0,0.1717398498,0.2109998264,0.01560871292,0.9005200467,0.2039530615,-0.3445580913,-0.1695479751,0,1
1010,33666666667,0,0,0.1777649428,0.2134218947,0.01701667576,0.9075672603,0.2004047825,-0.3327500752,-0.1594897444,0,1
1011,33700000000,0,1,0.1818889672,0.2118751892,0.01050599094,0.9159261712,0.1948214393,-0.3181110351,-0.148085195,0,1
1012,33733333333,0,0,0.1863780863,0.212184959,0.008395041354,0.9228335477,0.1945432132,-0.3025486767,-0.1378240898,0,1
1013,33766666667,0,0,0.189704777,0.2136745354,0.003768611474,0.9294668157,0.1918407845,-0.2865405152,-0.1310842669,0,1
1014,33800000000,0,0,0.1955426635,0.2162737955,-0.001104515569,0.9345982911,0.1881048079,-0.2744290459,-0.125822551,0,1
1015,33833333333,0,0,0.2007745939,0.2182255579,-0.001346573948,0.9392592767,0.1826569759,-0.2633342126,-0.122815035,0,1
1016,33866666667,0,0,0.205253526,0.2191056232,-0.005919136419,0.9439980476,0.1762565507,-0.2509641459,-0.1217304892,0,1
1017,33900000000,0,1,0.2207770995,0.2196131098,-0.004434205892,0.9481105658,0.1695635857,-0.2404597719,-0.1204725843,0,1
1018,33933333333,0,0,0.2231180485,0.2199446581,-0.00944034146,0.9542345559,0.1598646818,-0.2223764383,-0.1201183402,0,1
1019,33966666667,0,0,0.2184490074,0.2149010292,-0.008171007954,0.959751086,0.1533149168,-0.2048780094,-0.1157470967,0,1
1020,34000000000,0,0,0.221286861,0.2177948131,-0.009406751507,0.9635065372,0.1525086932,-0.1892885891,-0.1120985344,0,1
1021,34033333333,0,0,0.2222573086,0.21741891,-0.01520687038,0.9668751416,0.1484834121,-0.1751760072,-0.1114383389,0,1
1022,34066666667,0,0,0.2251071741,0.217339578,-0.01977084823,0.9697323948,0.1422280357,-0.165072008,-0.1101884771,0,1
1023,34100000000,0,1,0.2346284572,0.2153232389,-0.01037343371,0.9719045966,0.1365196145,-0.1597568415,-0.1060264192,0,1
1024,34133333333,0,0,0.2364962656,0.2156217086,-0.01062156023,0.9738469889,0.1340316756,-0.1507173802,-0.1046031717,0,1
1025,34166666667,0,0,0.2383261603,0.2155340289,-0.009863003802,0.9759259382,0.1299538284,-0.14039443,-0.1047376231,0,1
1026,34200000000,0,0,0.2403269201,0.2102838795,-0.005163521218,0.97766889,0.1286364347,-0.1327383792,-0.09998365823,0,1
1027,34233333333,0,1,0.2461304902,0.1929194335,-0.005612295552,0.9783221326,0.1349600311,-0.1295011708,-0.08888780345,0,1
1028,34266666667,0,0,0.2475542131,0.1913163804,-0.008825802083,0.9767420606,0.1542565535,-0.12660703,-0.07842526871,0,1
1029,34300000000,0,0,0.2481828797,0.1921962018,-0.01401373536,0.974544996,0.1711404867,-0.1266075671,-0.07031008772,0,1
1030,34333333333,0,0,0.253737224,0.183591862,-0.0163586674,0.971463116,0.1870380666,-0.1321412707,-0.06176455622,0,1
1031,34366666667,0,0,0.2572491241,0.1850089438,-0.02078756172,0.966554749,0.2099905884,-0.1352098531,-0.05825946808,0,1
1032,34400000000,0,0,0.2614351301,0.1816678827,-0.02262647572,0.9620953052,0.2272555583,-0.1400265811,-0.05585777959,0,1
1033,34433333333,0,1,0.2738925964,0.1805599759,-0.02775273868,0.9569206081,0.2457555809,-0.1429913022,-0.05882713481,0,1
1034,34466666667,0,0,0.278992255,0.1826018677,-0.02494898463,0.9538003482,0.2583343703,-0.1395113439,-0.06375604948,0,1
1035,34500000000,0,0,0.2815062867,0.1826160861,-0.02668106332,0.9524934826,0.2652974645,-0.1342867158,-0.06588246209,0,1
1036,34533333333,0,0,0.2816647038,0.1760055253,-0.03101697397,0.9510816455,0.2716575695,-0.1325428676,-0.06386123057,0,1
1037,34566666667,0,0,0.2837381838,0.1770653576,-0.03534560178,0.9473089498,0.2838529865,-0.1350106158,-0.06168767515,0,1
1038,34600000000,0,0,0.2866082729,0.1806619543,-0.03482134409,0.9440074896,0.2927431222,-0.1395135601,-0.06072306357,0,1
1039,34633333333,0,1,0.2984947574,0.1739394446,-0.05103683587,0.9411062055,0.2988608701,-0.1465456242,-0.05937735462,0,1
1040,34666666667,0,0,0.3030471033,0.169147028,-0.04793427602,0.9356487694,0.3124957078,-0.1528118858,-0.0596350601,0,1
1041,34700000000,0,0,0.3076574572,0.1735273557,-0.04939726658,0.9309138903,0.3248415925,-0.154247526,-0.063913765,0,1
1042,34733333333,0,0,0.3145897344,0.1751615978,-0.04522425433,0.9283497911,0.3315206271,-0.1542336601,-0.06687837674,0,1
1043,34766666667,0,1,0.3422478727,0.1545862029,-0.05270818301,0.9266742507,0.3363779524,-0.153718187,-0.06704793202,0,1
1044,34800000000,0,0,0.3485698297,0.1574318638,-0.0505795703,0.9247145847,0.3454513889,-0.1457489325,-0.06575350525,0,1
1045,34833333333,0,0,0.3523208616,0.1610614081,-0.04910719077,0.9259185991,0.3459369358,-0.1378220316,-0.06330459682,0,1
1046,34866666667,0,0,0.3568662753,0.1606539397,-0.04725886702,0.9270574209,0.3447765741,-0.1334575071,-0.06231168421,0,1
1047,34900000000,0,0,0.3630055359,0.1608936393,-0.04428006076,0.9288029535,0.3413031059,-0.1297976692,-0.06316508938,0,1
1048,34933333333,0,0,0.3663750145,0.1623281729,-0.03861461571,0.9314981683,0.3355755301,-0.1250199143,-0.06379848826,0,1
1049,34966666667,0,1,0.4016559991,0.1715346418,-0.02738097776,0.9330470077,0.3320961331,-0.1243157691,-0.06067148688,0,1
1050,35000000000,0,0,0.4091916596,0.1791444786,-0.02309181594,0.9365969827,0.3251065936,-0.1160254352,-0.0602485944,0,1
1051,35033333333,0,0,0.4116128734,0.1804645919,-0.02392442601,0.9419000893,0.3124742622,-0.107831867,-0.05963510528,0,1
1052,35066666667,0,0,0.4219517484,0.1816296646,-0.02154781608,0.9466720285,0.2998342122,-0.1020555881,-0.05912844103,0,1
1053,35100000000,0,1,0.4653579953,0.2101275259,-0.01022968972,0.9507730807,0.2878625534,-0.1014827945,-0.05354382969,0,1
1054,35133333333,0,0,0.4715895703,0.2065771168,-0.01142759878,0.9580913395,0.2657241557,-0.09414957131,-0.05086763638,0,1
1055,35166666667,0,0,0.4764211649,0.2048644125,-0.003052655186,0.9639938319,0.2474829163,-0.0843208724,-0.04856015543,0,1
1056,35200000000,0,0,0.4842297061,0.2081005112,0.005038079131,0.9692725005,0.2305581578,-0.07312797564,-0.04478900337,0,1
1057,35233333333,0,1,0.5128222047,0.2138549548,0.01397321396,0.9742456034,0.2124835898,-0.06334127932,-0.04103791822,0,1
1058,35266666667,0,0,0.518574108,0.2137984765,0.01447864394,0.9791440531,0.1936227069,-0.05058793901,-0.03504327518,0,1
1059,35300000000,0,0,0.5238738608,0.2100015743,0.01035605849,0.9827090581,0.1785282946,-0.03904536721,-0.02976599503,0,1
1060,35333333333,0,0,0.5291476868,0.210724183,0.0082776439,0.9853238269,0.1666780377,-0.02854646136,-0.0232483873,0,1
1061,35366666667,0,0,0.5304611064,0.2092943551,0.001893427216,0.987137077,0.1574574284,-0.01932070876,-0.01985597111,0,1
1062,35400000000,0,1,0.5583504147,0.2120286123,0.01081004328,0.9875992787,0.1545500072,-0.01700289023,-0.02174538343,0,1
1063,35433333333,0,0,0.5632695416,0.217366642,0.00387248844,0.9888053767,0.1476046721,-0.01024337562,-0.01928369843,0,1
1064,35466666667,0,0,0.567785266,0.2221776283,-0.003890726728,0.9901197376,0.1392052996,-0.006331344256,-0.01564301577,0,1
1065,35500000000,0,0,0.5689143841,0.2295421164,-0.01284299657,0.9912295071,0.1311913117,-0.005882900491,-0.01477482437,0,1
1066,35533333333,0,1,0.572577117,0.2567852598,-0.008941377501,0.9915368959,0.1276260853,-0.01042068128,-0.02139102008,0,1
1067,35566666667,0,0,0.5785102515,0.2626295416,-0.02315216946,0.9926954499,0.1170679291,-0.01506254461,-0.02497926258,0,1
1068,35600000000,0,0,0.5846209694,0.2707473513,-0.04276049418,0.9936993531,0.1073268988,-0.01766009099,-0.02703060495,0,1
1069,35633333333,0,0,0.587653207,0.2769178476,-0.06138707556,0.9945525196,0.09780409317,-0.019426363,-0.03036875813,0,1
1070,35666666667,0,0,0.5917182247,0.2865713901,-0.08049310497,0.9950125654,0.09229772434,-0.02186470205,-0.03087166456,0,1
1071,35700000000,0,1,0.604954238,0.3224479209,-0.08336571931,0.9943997278,0.09623147907,-0.02823840372,-0.03333581202,0,1
1072,35733333333,0,0,0.6144017152,0.3375333439,-0.1064993816,0.9947246755,0.09184542201,-0.03142924633,-0.03315781912,0,1
1073,35766666667,0,0,0.6246540048,0.3488923674,-0.1302164428,0.9950343846,0.08817413296,-0.03289064981,-0.03240526071,0,1
1074,35800000000,0,0,0.6365168876,0.3620654141,-0.1543770895,0.9953146046,0.08599281432,-0.0326971331,-0.02974846456,0,1
1075,35833333333,0,0,0.6465041082,0.3774638697,-0.1789143762,0.9956899846,0.08383438249,-0.02977276017,-0.02620751061,0,1
1076,35866666667,0,0,0.6562685348,0.3900569537,-0.2015864108,0.9959396422,0.08295138882,-0.02542058266,-0.02402270014,0,1
1077,35900000000,0,1,0.6595172783,0.4109231711,-0.1954803997,0.9956344315,0.08706546206,-0.02076562621,-0.02646644914,0,1
1078,35933333333,0,0,0.6645496555,0.4260965425,-0.217595176,0.9956765784,0.08759633493,-0.01436701074,-0.02736096328,0,1
1079,35966666667,0,0,0.6671985493,0.4467565656,-0.2385895302,0.995739502,0.08728967037,-0.009698069117,-0.02809457181,0,1
1080,36000000000,0,0,0.6763944329,0.4618561737,-0.25939079,0.996057356,0.08349071839,-0.007311835777,-0.02907886916,0,1
1081,36033333333,0,0,0.6842404633,0.4715205431,-0.2809476735,0.9964877769,0.07851058975,-0.003372717201,-0.02892788542,0,1
1082,36066666667,0,0,0.6895970987,0.481885077,-0.3023978807,0.9968225349,0.07480209319,-3.024325586e-05,-0.02737663107,0,1
1083,36100000000,0,0,0.690036608,0.4889203019,-0.3246526645,0.9969287463,0.07297566949,0.00260530166,-0.02829909677,0,1
1084,36133333333,0,0,0.6879992672,0.5005533804,-0.345992426,0.9968959585,0.07352215061,0.002060424665,-0.02808373195,0,1
1085,36166666667,0,0,0.6986369993,0.517006934,-0.3640749122,0.9968937397,0.07376676019,-0.003210473082,-0.02740492237,0,1
1086,36200000000,0,1,0.7087193777,0.5224715129,-0.3638412647,0.9970311875,0.07080634751,-0.007078548342,-0.02941371202,0,1
1087,36233333333,0,0,0.7128533031,0.5278240473,-0.3798118065,0.997371767,0.06492728098,-0.009205949354,-0.0308100171,0,1
1088,36266666667,0,0,0.7279585024,0.5339512095,-0.3956516259,0.997482005,0.06175167004,-0.01410908302,-0.03189537193,0,1
1089,36300000000,0,0,0.7451485911,0.5374377546,-0.4110578688,0.9976144517,0.05909301455,-0.01570174131,-0.03204491835,0,1
1090,36333333333,0,0,0.7575644486,0.5391864986,-0.4251009937,0.9974733714,0.05979826206,-0.01505557737,-0.03527564082,0,1
1091,36366666667,0,0,0.7792147705,0.5536489155,-0.4334606719,0.9972270643,0.06258460044,-0.01366260023,-0.03787721541,0,1
1092,36400000000,0,0,0.7933421423,0.5600952073,-0.4406281025,0.9974567279,0.06083401188,-0.0101341665,-0.03572950665,0,1
1093,36433333333,0,0,0.8051317557,0.5619310219,-0.4472563989,0.9975665352,0.05962884721,-0.009052319027,-0.03497804967,0,1
1094,36466666667,0,1,0.8150295214,0.5673204784,-0.4335988822,0.9974042748,0.06130021706,-0.00954386612,-0.03655011157,0,1
1095,36500000000,0,0,0.8298364942,0.5744044679,-0.4358264691,0.9972724922,0.05981047535,-0.01167907304,-0.04163991595,0,1
1096,36533333333,0,0,0.8513963609,0.5840992442,-0.4342003182,0.9973349417,0.05461809166,-0.01520000308,-0.04592208548,0,1
1097,36566666667,0,0,0.8665912863,0.5776362681,-0.4314864768,0.9974988697,0.04602556896,-0.01764178944,-0.05065983922,0,1
1098,36600000000,0,0,0.8855010087,0.5729996809,-0.4292387059,0.9970212147,0.04236160406,-0.02215378402,-0.06052604223,0,1
1099,36633333333,0,0,0.9066815656,0.5747303333,-0.4257293951,0.9963865608,0.04195599608,-0.02706698167,-0.06870876446,0,1
1100,36666666667,0,1,0.9201540445,0.5698774121,-0.4141926739,0.9960804992,0.04081960146,-0.03241474256,-0.07146106416,0,1
1101,36700000000,0,0,0.9382933663,0.5561735886,-0.4135672258,0.9954775598,0.0430240813,-0.03997218638,-0.0746698104,0,1
1102,36733333333,0,0,0.958137856,0.5570577962,-0.410170101,0.9941793424,0.05011627602,-0.0494465257,-0.0815526523,0,1
1103,36766666667,0,0,0.9832324839,0.5644461024,-0.4059486409,0.9926678566,0.0558948851,-0.06062128684,-0.08838182976,0,1
1104,36800000000,0,0,1.001576171,0.5581808496,-0.4043897587,0.9913402683,0.05516979438,-0.07257468262,-0.0945181556,0,1
1105,36833333333,0,0,1.034178357,0.5559732353,-0.3996194752,0.9886192255,0.05722928029,-0.08744815575,-0.1082111667,0,1
1106,36866666667,0,1,1.052722534,0.5518095588,-0.3967261406,0.9863136912,0.06050200914,-0.09607637146,-0.1195581044,0,1
1107,36900000000,0,0,1.072198653,0.5461470423,-0.3966581555,0.9839173432,0.06487444491,-0.1067995106,-0.1276394634,0,1
1108,36933333333,0,0,1.10056555,0.5400733808,-0.3935034628,0.9800395136,0.07152965233,-0.1219644918,-0.1397523645,0,1
1109,36966666667,0,0,1.131580149,0.5423538091,-0.3886070897,0.9754232939,0.08074229115,-0.1355191059,-0.1538331955,0,1
1110,37000000000,0,0,1.162926232,0.5396581056,-0.3851172151,0.970701511,0.09048727947,-0.1481131626,-0.1661719587,0,1
1111,37033333333,0,0,1.197723005,0.5527229878,-0.377500907,0.9669806123,0.09974738432,-0.156247112,-0.1748879491,0,1
1112,37066666667,0,1,1.20662351,0.5375702357,-0.3802970193,0.9649454482,0.09965721193,-0.160299026,-0.1823538985,0,1
1113,37100000000,0,0,1.235250373,0.5454379422,-0.3761002717,0.9602031997,0.1088197024,-0.1693319437,-0.1936356903,0,1
1114,37133333333,0,0,1.255385458,0.5431143536,-0.3701731931,0.9570606852,0.1096019473,-0.175757886,-0.2028088348,0,1
1115,37166666667,0,0,1.277135319,0.5438817633,-0.3645491622,0.953055385,0.113233816,-0.1845496982,-0.211671786,0,1
1116,37200000000,0,0,1.30309536,0.5472053168,-0.3562612536,0.9497366537,0.1137528049,-0.1920582548,-0.219486252,0,1
1117,37233333333,0,0,1.318638771,0.5388406595,-0.3514773812,0.9477605554,0.1097614686,-0.1968918146,-0.2256899711,0,1
1118,37266666667,0,1,1.334961651,0.527461811,-0.3493330449,0.9462229101,0.1081338535,-0.2016514897,-0.2287049427,0,1
1119,37300000000,0,0,1.356990171,0.5232522565,-0.3407298823,0.944542635,0.1111795773,-0.2055525192,-0.2307086346,0,1
1120,37333333333,0,0,1.370401039,0.517857146,-0.3355166484,0.943465797,0.1127238196,-0.208132644,-0.2320483416,0,1
1121,37366666667,0,0,1.385668921,0.5134522279,-0.3278066936,0.9417806165,0.1132589948,-0.2136995822,-0.2335683177,0,1
1122,37400000000,0,0,1.399290101,0.5030646811,-0.3186820735,0.9391591217,0.1137646914,-0.2208509571,-0.2371973733,0,1
1123,37433333333,0,0,1.416890117,0.4981157863,-0.3067700755,0.9354274532,0.1165555051,-0.2285965229,-0.2431746776,0,1
1124,37466666667,0,1,1.43344866,0.4888640913,-0.304269645,0.9327295575,0.1159296182,-0.2348281864,-0.2478540276,0,1
1125,37500000000,0,0,1.447223819,0.4796584485,-0.2907456662,0.9299408009,0.1146744667,-0.2427458297,-0.2512654686,0,1
1126,37533333333,0,0,1.468582779,0.471530443,-0.2727549442,0.9272754258,0.1143530038,-0.2515176609,-0.2526312361,0,1
1127,37566666667,0,0,1.495343913,0.4630360885,-0.2519426899,0.9260662674,0.1130675627,-0.2560897656,-0.2530514308,0,1
1128,37600000000,0,0,1.508865194,0.443588547,-0.2354599168,0.9270182407,0.1078703892,-0.2549330935,-0.2530025263,0,1
1129,37633333333,0,0,1.527222338,0.4304204985,-0.217265424,0.9271265192,0.1069781305,-0.2541653617,-0.2537559179,0,1
1130,37666666667,0,1,1.550411118,0.418891337,-0.1997647784,0.9281060467,0.1027583422,-0.2514040077,-0.2546682431,0,1
1131,37700000000,0,0,1.558215948,0.3988453222,-0.1838784698,0.9298493639,0.0948511671,-0.2479811684,-0.2547327162,0,1
1132,37733333333,0,0,1.573831903,0.3819614787,-0.1643037985,0.9301628222,0.09000704388,-0.2476412158,-0.2556749586,0,1
1133,37766666667,0,0,1.591067953,0.3641163867,-0.1436102342,0.9305083324,0.08522497112,-0.2458401925,-0.2577858556,0,1
1134,37800000000,0,0,1.603326409,0.342440191,-0.1263147171,0.9313083491,0.08142067174,-0.2418232934,-0.2599171559,0,1
1135,37833333333,0,0,1.619593169,0.3307370803,-0.108654336,0.9311888053,0.08176990186,-0.2380436195,-0.2636974161,0,1
1136,37866666667,0,1,1.637042245,0.3046594348,-0.0920086547,0.9309364412,0.07690396484,-0.2345336626,-0.2691413824,0,1
1137,37900000000,0,0,1.651300137,0.2867706559,-0.07652348163,0.9305471983,0.07582662346,-0.230996638,-0.2738115925,0,1
1138,37933333333,0,0,1.670695117,0.2763639275,-0.05893505901,0.9299638282,0.07611045728,-0.226072615,-0.2797599852,0,1
1139,37966666667,0,0,1.679449276,0.2605225052,-0.04766786665,0.9312507311,0.07232011352,-0.2180873608,-0.2828069661,0,1
1140,38000000000,0,0,1.693936919,0.2512338713,-0.03127557922,0.9325093095,0.07016092758,-0.2143151513,-0.2820865963,0,1
1141,38033333333,0,0,1.710033038,0.2392109308,-0.01464002073,0.9340741232,0.0651502729,-0.2097877266,-0.2815139146,0,1
1142,38066666667,0,1,1.732580311,0.2225878756,0.004713548373,0.9355548458,0.05813847339,-0.207505778,-0.2798185137,0,1
1143,38100000000,0,0,1.749908147,0.2168674021,0.02307531449,0.9377862858,0.04963623335,-0.2027161833,-0.277487433,0,1
1144,38133333333,0,0,1.75841964,0.2034737304,0.03816250512,0.9406105788,0.03530868347,-0.1962163214,-0.2747802598,0,1
1145,38166666667,0,0,1.76994219,0.1946426599,0.05331441256,0.9426004968,0.02357641168,-0.1934324936,-0.2711684469,0,1
1146,38200000000,0,1,1.790996434,0.1931446101,0.08104267506,0.9424067373,0.0120942039,-0.1952824081,-0.2712711794,0,1
1147,38233333333,0,0,1.802783668,0.1845702289,0.1006595277,0.9418783446,-0.00595928032,-0.1942664414,-0.2740259491,0,1
1148,38266666667,0,0,1.815756456,0.1750092955,0.1208264648,0.9413690592,-0.02262354103,-0.1916454995,-0.2767389966,0,1
1149,38300000000,0,0,1.822180137,0.1669154628,0.1365171524,0.9410405517,-0.04056696243,-0.1848360529,-0.2804151123,0,1
1150,38333333333,0,0,1.827468168,0.165172333,0.1523881422,0.9399593181,-0.05445105588,-0.182236729,-0.2833749062,0,1
1151,38366666667,0,0,1.834975657,0.1595740752,0.1694232522,0.936918838,-0.07146565333,-0.183794865,-0.2886090763,0,1
1152,38400000000,0,1,1.845151921,0.1614853538,0.1982886892,0.9330825999,-0.08139183474,-0.1908920739,-0.293755761,0,1
1153,38433333333,0,0,1.854038355,0.1598441172,0.2125876905,0.9285647832,-0.09175637284,-0.1972675751,-0.30072199,0,1
1154,38466666667,0,0,1.863960787,0.1522282852,0.2276273679,0.9221696008,-0.1037494539,-0.2057778112,-0.3106360743,0,1
1155,38500000000,0,0,1.873795834,0.1452926534,0.2414359127,0.9160651822,-0.1134263673,-0.2139864449,-0.3196386124,0,1
1156,38533333333,0,0,1.884806062,0.1342675601,0.2556708134,0.9099262463,-0.1204139219,-0.2231761654,-0.3282180874,0,1
1157,38566666667,0,0,1.898246193,0.128192384,0.2673205322,0.9044865497,-0.1221038357,-0.23113926,-0.3370005598,0,1
1158,38600000000,0,1,1.912166959,0.1227748574,0.291852185,0.8971125483,-0.1248378602,-0.2403543208,-0.349047826,0,1
1159,38633333333,0,0,1.920025451,0.1053142814,0.3012902053,0.8904053636,-0.130618837,-0.241886847,-0.3627778401,0,1
1160,38666666667,0,0,1.927715141,0.0905520533,0.3080616392,0.8856545924,-0.128914165,-0.2451470009,-0.372692942,0,1
1161,38700000000,0,0,1.93956415,0.08009044444,0.3149771177,0.8810176515,-0.1258669196,-0.2515256873,-0.3803948539,0,1
1162,38733333333,0,0,1.947978613,0.06492670996,0.3192989943,0.8763032837,-0.1264808891,-0.2572824966,-0.3871703198,0,1
1163,38766666667,0,0,1.954360968,0.04609262908,0.3220623069,0.87214216,-0.1261223651,-0.2641893407,-0.3920015231,0,1
1164,38800000000,0,1,1.959740153,0.03389069152,0.3329913961,0.868670647,-0.1192415719,-0.2766007626,-0.3932998509,0,1
1165,38833333333,0,0,1.970364398,0.01955630402,0.3356017892,0.8639562869,-0.1092307887,-0.2885321505,-0.3979916674,0,1
1166,38866666667,0,0,1.974111918,0.000764929274,0.3356356791,0.8598367275,-0.1006256017,-0.2976964593,-0.4024078883,0,1
1167,38900000000,0,0,1.975900323,-0.02010112981,0.33331241,0.8570446102,-0.08917207492,-0.3074983146,-0.4036925362,0,1
1168,38933333333,0,0,1.988219894,-0.0311360978,0.3344813375,0.8548923267,-0.07100429,-0.318452909,-0.4033673826,0,1
1169,38966666667,0,0,1.988448418,-0.04975620739,0.3315202646,0.8540097255,-0.05999733455,-0.3235064748,-0.4030028156,0,1
1170,39000000000,0,1,1.987405011,-0.06837391606,0.3334088732,0.8544551915,-0.0489783371,-0.3310465319,-0.3973860113,0,1
1171,39033333333,0,0,1.988951809,-0.08574338672,0.3299152666,0.8541626866,-0.03341902445,-0.3380050368,-0.3937535635,0,1
1172,39066666667,0,0,1.991739111,-0.09888244124,0.3262861326,0.8534934709,-0.01544379574,-0.3447362837,-0.3904705867,0,1
1173,39100000000,0,0,1.987133251,-0.1171510983,0.3206366017,0.85260877,-0.0006451011541,-0.351015749,-0.3870992291,0,1
1174,39133333333,0,0,1.991641153,-0.1350233436,0.3198592615,0.8515548375,0.01819981794,-0.3604035083,-0.3803057146,0,1
1175,39166666667,0,0,1.997604469,-0.1526008431,0.3177104246,0.8504668675,0.03725164183,-0.3658366784,-0.3761408609,0,1
1176,39200000000,0,1,2.003102059,-0.1611808786,0.3098799599,0.8514168017,0.05732212694,-0.3659716189,-0.3713063126,0,1
1177,39233333333,0,0,2.003396533,-0.1766184407,0.3077533219,0.8540623851,0.07452592909,-0.3652739144,-0.3627647939,0,1
1178,39266666667,0,0,2.003184068,-0.1935858842,0.3055026926,0.8576328117,0.09143706198,-0.3641343174,-0.3514419197,0,1
1179,39300000000,0,0,2.002994462,-0.2111542741,0.303212121,0.8616958337,0.1073845811,-0.3626598148,-0.3382701592,0,1
1180,39333333333,0,1,2.004953612,-0.2418679748,0.3054159686,0.8651683296,0.1220028057,-0.3645224664,-0.3220596968,0,1
1181,39366666667,0,0,1.994882776,-0.2773590382,0.299283987,0.8681430447,0.1390711608,-0.3662445364,-0.3047159427,0,1
1182,39400000000,0,0,1.999474969,-0.2833566213,0.2997962541,0.8685691473,0.1681611301,-0.3704852576,-0.2829313425,0,1
1183,39433333333,0,1,2.003830004,-0.3105016558,0.2992786614,0.8681321288,0.1909698678,-0.3737969873,-0.2648639818,0,1
1184,39466666667,0,0,2.006410806,-0.3152108736,0.3017487841,0.8658241321,0.2201662233,-0.3746643126,-0.2479960871,0,1
1185,39500000000,0,1,2.007925977,-0.3220609867,0.2946457829,0.8635575052,0.2428448154,-0.3731297674,-0.2367889514,0,1
1186,39533333333,0,0,2.011391736,-0.32333575,0.2926570064,0.8611066088,0.2631205022,-0.3707717862,-0.2275770028,0,1
1187,39566666667,0,0,2.010079366,-0.3264104558,0.2926612542,0.8578839725,0.2818804035,-0.3690548508,-0.2199478233,0,1
1188,39600000000,0,1,2.01076775,-0.3296814039,0.287602219,0.8531522554,0.3011551108,-0.3690451317,-0.2127028892,0,1
1189,39633333333,0,0,2.008585878,-0.3337594761,0.2884028045,0.8472163303,0.31849945,-0.3711750377,-0.207392578,0,1
1190,39666666667,0,0,2.006351284,-0.3352089578,0.2902769149,0.8403900756,0.3345895929,-0.3753191061,-0.2023113781,0,1
1191,39700000000,0,1,2.010842859,-0.3310402249,0.287597197,0.8338253451,0.348627999,-0.3794869325,-0.1979481756,0,1
1192,39733333333,0,0,2.010536666,-0.3314353599,0.2870898139,0.8290284985,0.3583365627,-0.3827876758,-0.1943714275,0,1
1193,39766666667,0,0,2.01058505,-0.3316966189,0.2867234755,0.8267839938,0.363587654,-0.3840989302,-0.191573112,0,1
1194,39800000000,0,0,2.009118853,-0.3321333398,0.2863488883,0.8276568052,0.3645057379,-0.3827609991,-0.1887161821,0,1
1195,39833333333,0,0,2.009380718,-0.3322499547,0.2861456552,0.8306085525,0.362298493,-0.380071406,-0.1854048563,0,1
1196,39866666667,0,1,2.010339764,-0.3341539033,0.2840490529,0.8344271032,0.3565453225,-0.3770758926,-0.1855279323,0,1
1197,39900000000,0,0,2.010575341,-0.3343627158,0.2839571778,0.8391211393,0.3474114775,-0.3747996345,-0.1862960356,0,1
1198,39933333333,0,0,2.010791118,-0.3346391575,0.2838499757,0.8429917996,0.3366271498,-0.3738774449,-0.1904275298,0,1
1199,39966666667,0,0,2.010473459,-0.3352118048,0.2835801807,0.847094219,0.3223844086,-0.3732793412,-0.1978944431,0,1
1200,40000000000,0,1,2.010525596,-0.3364146431,0.2828266123,0.8515790926,0.3051306189,-0.3725845231,-0.207096904,0,1
1201,40033333333,0,0,2.010640906,-0.336319944,0.2825302971,0.8559539281,0.2874577316,-0.3720069254,-0.2152249359,0,1
1202,40066666667,0,0,2.010269609,-0.3361871326,0.2822769722,0.8611041256,0.2691432485,-0.3691102299,-0.2232022285,0,1
1203,40100000000,0,0,2.009820548,-0.33656468,0.2829132973,0.8654615946,0.251507204,-0.3670311586,-0.2302357124,0,1
1204,40133333333,0,1,2.009582612,-0.3361667415,0.2829554064,0.8695429688,0.2345905201,-0.364455909,-0.2367154488,0,1
1205,40166666667,0,0,2.009774757,-0.3358752093,0.2828942181,0.8733896792,0.2169616289,-0.3624340031,-0.2424040289,0,1
1206,40200000000,0,0,2.009553795,-0.3356687906,0.2835497765,0.8756964148,0.2017248005,-0.3615115996,-0.2485402529,0,1
1207,40233333333,0,1,2.009895959,-0.3345984978,0.2839607704,0.8766130336,0.1905354987,-0.3604387716,-0.2555967625,0,1
1208,40266666667,0,0,2.009985942,-0.3345810106,0.2838840128,0.8764195529,0.1834782322,-0.3601174335,-0.2618013363,0,1
1209,40300000000,0,0,2.009862116,-0.3346544908,0.2840319063,0.8761836269,0.1761424067,-0.3588793475,-0.2692242903,0,1
1210,40333333333,0,0,2.009914787,-0.3345019371,0.2839058618,0.87651909,0.1667101752,-0.3568371048,-0.2767476881,0,1
1211,40366666667,0,0,2.010794057,-0.3345014363,0.2834001935,0.8757252866,0.1571055068,-0.3573517639,-0.2841175797,0,1
1212,40400000000,0,0,2.011685139,-0.3343452664,0.2827654746,0.8740730121,0.1472828899,-0.359100703,-0.2921486008,0,1
1213,40433333333,0,1,2.010680882,-0.3340705615,0.2833965436,0.8714744467,0.1359817348,-0.3575771527,-0.3068873351,0,0.9999996531
1214,40466666667,0,0,2.010933407,-0.3340512895,0.2832310874,0.8680973251,0.1199796384,-0.3591761478,-0.3209430095,0,1
1215,40500000000,0,0,2.011255831,-0.3341427782,0.282843858,0.8640309486,0.1079456283,-0.3579720836,-0.3371264577,0,1
1216,40533333333,0,0,2.011269122,-0.3341738194,0.2829323244,0.8595654441,0.1013004034,-0.3562312363,-0.3521147282,0,0.9999999996
1217,40566666667,0,1,2.332496508,-0.4096987343,0.3488430916,0.8536127506,0.08852524344,-0.3693885888,-0.3564556406,0,1
1218,40600000000,0,0,2.360708056,-0.4192584828,0.3574577321,0.8485560453,0.07872502163,-0.3683219658,-0.3716099278,0,1
1219,40633333333,0,0,2.38567624,-0.4310643401,0.3622397981,0.8437965267,0.07081040536,-0.3670686782,-0.3850375222,0,1
1220,40666666667,0,0,2.423307066,-0.4385262346,0.368367815,0.8405282131,0.0643792804,-0.3642276259,-0.3958609198,0,0.9999999999
1221,40700000000,0,0,2.446903653,-0.4488664484,0.3840479526,0.8392720685,0.05595139951,-0.3598268955,-0.4037529458,0,0.9999999996
1222,40733333333,0,0,2.474270507,-0.4577705438,0.3961836218,0.8394099691,0.0472236089,-0.3555280206,-0.4083633935,0,1
1223,40766666667,0,1,2.500859557,-0.4607951576,0.4598893252,0.8407864377,0.04132309453,-0.3516300578,-0.4095447113,0,0.9999999784
1224,40800000000,0,0,2.522024482,-0.4690600459,0.4799282386,0.8439617137,0.03270194396,-0.3454207748,-0.4090766396,0,1
1225,40833333333,0,0,2.539477392,-0.4759480881,0.5002659818,0.8465224549,0.0246619947,-0.3399969185,-0.4088931582,0,1
1226,40866666667,0,0,2.563302124,-0.486823438,0.5238080375,0.8476789171,0.01762084622,-0.3366998972,-0.4095889873,0,1
1227,40900000000,0,0,2.580479956,-0.496470214,0.5506698452,0.848564872,0.01152172619,-0.3292574573,-0.4139981095,0,1
1228,40933333333,0,0,2.593178921,-0.5031203266,0.5779053809,0.8507504622,0.004080770326,-0.3216564497,-0.4156249833,0,1
1229,40966666667,0,1,2.631442005,-0.5160964019,0.6320543688,0.8520372303,-0.004704046544,-0.3178244105,-0.4159303719,0,1
1230,41000000000,0,0,2.641776008,-0.5317397813,0.6589432868,0.8538626623,-0.01738566899,-0.3101273158,-0.4176569651,0,1
1231,41033333333,0,0,2.655211821,-0.5439589784,0.6897286707,0.8557117013,-0.02554574882,-0.3038961004,-0.4180335621,0,1
1232,41066666667,0,0,2.67151538,-0.5527890516,0.7222824961,0.8582166965,-0.03258453807,-0.2966347928,-0.4176244119,0,1
1233,41100000000,0,0,2.676347717,-0.5632390969,0.746882392,0.8608923269,-0.04210882998,-0.2856952908,-0.418890736,0,1
1234,41133333333,0,1,2.694593517,-0.5815586254,0.8021786926,0.8620689273,-0.04927810794,-0.2818864135,-0.4182689117,0,1
1235,41166666667,0,0,2.704923083,-0.5905283238,0.8324317445,0.8645532385,-0.05483405243,-0.2755364117,-0.4166780655,0,1
1236,41200000000,0,0,2.712579234,-0.5967327009,0.862232433,0.8666968897,-0.06029703293,-0.2722666971,-0.4136080449,0,1
1237,41233333333,0,0,2.718354835,-0.6064310595,0.8935595824,0.8665070785,-0.06714260928,-0.273849212,-0.4119028551,0,1
1238,41266666667,0,1,2.731308038,-0.6194902912,0.9335072357,0.8641858662,-0.07020191159,-0.2801080683,-0.4120606148,0,1
1239,41300000000,0,0,2.73462999,-0.6293221332,0.960850186,0.8616819403,-0.06968427477,-0.2863860399,-0.4130755037,0,1
1240,41333333333,0,0,2.737738048,-0.6404734771,0.9863296736,0.8580154436,-0.06553066407,-0.2948453163,-0.4154292599,0,1
1241,41366666667,0,0,2.742190633,-0.6493104995,1.007756671,0.8523625564,-0.05970854117,-0.3064938724,-0.4194931092,0,1
1242,41400000000,0,0,2.746659033,-0.6606546565,1.029241386,0.8440090719,-0.0593920804,-0.3213903554,-0.4252405281,0,1
1243,41433333333,0,0,2.746011442,-0.671999785,1.04755384,0.8341029682,-0.05933771814,-0.3342168899,-0.4347991998,0,1
1244,41466666667,0,1,2.744000303,-0.7053917761,1.068766354,0.8211335793,-0.05939834361,-0.3485617394,-0.4480136109,0,1
1245,41500000000,0,0,2.747857668,-0.7207714319,1.082139451,0.8101825189,-0.05561208097,-0.3618632519,-0.4577844138,0,1
1246,41533333333,0,0,2.742115552,-0.7398576357,1.097087426,0.7998477559,-0.05543455287,-0.3702929225,-0.4690988482,0,1
1247,41566666667,0,0,2.737538785,-0.7615675663,1.110586633,0.7915963757,-0.04887294276,-0.3769093281,-0.4784620903,0,1
1248,41600000000,0,0,2.745445611,-0.7765505659,1.137366456,0.7872420694,-0.04055988353,-0.3844351053,-0.4804315454,0,1
1249,41633333333,0,1,2.732906337,-0.8211700525,1.14781174,0.7863289827,-0.04595859535,-0.3821031538,-0.4832925804,0,1
1250,41666666667,0,0,2.72868557,-0.8361331259,1.163702866,0.7893529626,-0.04425626543,-0.3816506871,-0.4788590987,0,1
1251,41700000000,0,0,2.722611195,-0.8515549233,1.180090798,0.7915923427,-0.04324252302,-0.3818241497,-0.4751020584,0,1
1252,41733333333,0,0,2.718222726,-0.8668905766,1.194180524,0.792990465,-0.04053340648,-0.3824510353,-0.4724980117,0,1
1253,41766666667,0,0,2.711416847,-0.8828453155,1.207523021,0.7944312273,-0.0383557232,-0.382315628,-0.4703643525,0,1
1254,41800000000,0,0,2.704226274,-0.8944131041,1.218574478,0.7960364724,-0.03234556723,-0.3832865798,-0.467301933,0,1
1255,41833333333,0,1,2.698782745,-0.9197395641,1.235782214,0.7949023607,-0.03048825094,-0.388294525,-0.4652182986,0,1
1256,41866666667,0,0,2.691610382,-0.9276397546,1.247185159,0.7955248995,-0.02550399203,-0.391834058,-0.4614712902,0,1
1257,41900000000,0,0,2.684327085,-0.9342256382,1.256802756,0.7955537859,-0.01861685733,-0.3973189611,-0.4570396367,0,1
1258,41933333333,0,0,2.681575906,-0.9380108974,1.267505517,0.7957981268,-0.01160435982,-0.40622439,-0.4489459045,0,1
1259,41966666667,0,0,2.677097364,-0.9430171285,1.272594057,0.7945369744,-0.004726378742,-0.4161457545,-0.4421666753,0,1
1260,42000000000,0,1,2.671570075,-0.9483160628,1.282930726,0.7900923522,-0.0006096502973,-0.4291622978,-0.437691016,0,1
1261,42033333333,0,0,2.662659937,-0.9527635914,1.287588391,0.7837073527,0.00457100162,-0.4445439306,-0.4337771145,0,1
1262,42066666667,0,0,2.655917919,-0.9590702319,1.286784494,0.7760472536,0.01136187642,-0.4612804015,-0.4299325053,0,1
1263,42100000000,0,0,2.654376164,-0.9642686959,1.291673175,0.7670077,0.01698795383,-0.478831016,-0.4267686208,0,1
1264,42133333333,0,1,2.639574772,-0.9889740015,1.291177575,0.7565874089,0.02075476592,-0.4960105185,-0.4255799549,0,1
1265,42166666667,0,0,2.655805126,-0.9885227338,1.302028903,0.7451476877,0.03552591367,-0.5164574244,-0.4204337781,0,1
1266,42200000000,0,0,2.661942184,-0.9934156502,1.309497009,0.7339761045,0.03858534135,-0.531370426,-0.4212311953,0,1
1267,42233333333,0,0,2.64787149,-1.016944821,1.318041927,0.7241195255,0.03637511968,-0.5448145257,-0.4213132991,0,1
1268,42266666667,0,0,2.651687759,-1.029473478,1.328736439,0.7152459189,0.04282546209,-0.5564526568,-0.4206538911,0,1
1269,42300000000,0,0,2.650697123,-1.045574166,1.33609255,0.7082118647,0.04607279154,-0.5640595746,-0.4220782498,0,1
1270,42333333333,0,1,2.650950049,-1.057414936,1.334020366,0.7026666554,0.04946535905,-0.5691249639,-0.4241574296,0,1
1271,42366666667,0,0,2.648393709,-1.072017039,1.339968777,0.6964045782,0.05077911489,-0.5755753032,-0.4256233255,0,1
1272,42400000000,0,0,2.645137293,-1.084752868,1.340463099,0.6911210569,0.05509114141,-0.5798953699,-0.427829418,0,1
1273,42433333333,0,0,2.643388645,-1.095359438,1.338812068,0.6852208114,0.06034625861,-0.5840002813,-0.4310155915,0,1
1274,42466666667,0,0,2.64290157,-1.101916064,1.336957677,0.6782183754,0.06661822179,-0.5892656282,-0.4339906303,0,1
1275,42500000000,0,0,2.639132846,-1.109781168,1.334779274,0.6704355688,0.0704214428,-0.595368028,-0.4371428597,0,1
1276,42533333333,0,1,2.638484577,-1.123420292,1.333784956,0.6641318205,0.07444530391,-0.6010749271,-0.4382872959,0,1
1277,42566666667,0,0,2.637358033,-1.129501899,1.325661255,0.6587495391,0.08018232134,-0.6055082083,-0.4392944909,0,1
1278,42600000000,0,0,2.63713679,-1.1352281,1.316229796,0.6536685059,0.08379673222,-0.6111787886,-0.4383561114,0,1
1279,42633333333,0,0,2.640444892,-1.134696636,1.305907972,0.6485743625,0.08688423789,-0.6175952089,-0.4363239432,0,1
1280,42666666667,0,0,2.646881462,-1.134243907,1.299552023,0.6429205332,0.08628915887,-0.6246894252,-0.4347073626,0,1
1281,42700000000,0,0,2.646341641,-1.139757148,1.289834007,0.6397421421,0.08139996416,-0.6288133489,-0.4343936115,0,1
1282,42733333333,0,1,2.64715449,-1.144868678,1.272285219,0.6385490701,0.07614883583,-0.6319205992,-0.4325884836,0,1
1283,42766666667,0,0,2.659293142,-1.13707241,1.266245583,0.6365593084,0.07239011182,-0.6357483004,-0.4305531525,0,1
1284,42800000000,0,0,2.659442277,-1.142076769,1.256720333,0.6345932684,0.06607922516,-0.6362804292,-0.4336728433,0,1
1285,42833333333,0,0,2.669776047,-1.135963723,1.250075107,0.634442995,0.06385227621,-0.6354293829,-0.4354704034,0,1
1286,42866666667,0,0,2.678182105,-1.128138264,1.240326019,0.6369349911,0.05567554166,-0.6321171127,-0.4377693536,0,1
1287,42900000000,0,0,2.674367279,-1.133051369,1.227520941,0.6416620491,0.0453700161,-0.6282398175,-0.4376369592,0,1
1288,42933333333,0,1,2.681853615,-1.129909963,1.222876021,0.6469332457,0.03966212818,-0.6255478398,-0.4342743273,0,1
1289,42966666667,0,0,2.69504405,-1.117806924,1.21596907,0.6515393237,0.03435581473,-0.6213066246,-0.4339288719,0,1
1290,43000000000,0,0,2.694350862,-1.119089264,1.206262424,0.6563554481,0.02513692581,-0.6167699674,-0.4337746742,0,1
1291,43033333333,0,0,2.704080578,-1.11140226,1.203770319,0.6634202644,0.01833697824,-0.6131898938,-0.4284103899,0,1
1292,43066666667,0,0,2.713881908,-1.100336263,1.204167002,0.6722313484,0.01000491163,-0.6057149987,-0.4255752065,0,1
1293,43100000000,0,0,2.712876082,-1.098809872,1.199907111,0.6825253416,0.00133422963,-0.5966448685,-0.4221045829,0,1
1294,43133333333,0,1,2.723028148,-1.090851053,1.199213404,0.6936356752,-0.003159497206,-0.5865691955,-0.4180862909,0,1
1295,43166666667,0,0,2.729332936,-1.084892597,1.195336306,0.7053643259,-0.007731059775,-0.5721829796,-0.4183396184,0,1
1296,43200000000,0,0,2.725884047,-1.080834358,1.192031029,0.7165950542,-0.009197410965,-0.558128406,-0.4182100171,0,1
1297,43233333333,0,0,2.735527216,-1.071849525,1.184525912,0.728165458,-0.003949895632,-0.5430523428,-0.4181550156,0,1
1298,43266666667,0,0,2.742650245,-1.061350336,1.165839574,0.7394779592,-0.0004843717258,-0.5239487429,-0.4226698808,0,1
1299,43300000000,0,0,2.740887553,-1.056535607,1.148587607,0.7487948629,-0.0001495413598,-0.5074704224,-0.4263566596,0,1
1300,43333333333,0,1,2.742516751,-1.053809799,1.143156346,0.7556199883,0.003009376253,-0.4952262239,-0.428696121,0,1
1301,43366666667,0,0,2.744982392,-1.051485005,1.128471899,0.7639302283,0.006441495184,-0.480887999,-0.4302509103,0,1
1302,43400000000,0,0,2.748146657,-1.047244578,1.107954434,0.7722230903,0.009954771958,-0.4671712086,-0.4304921174,0,1
1303,43433333333,0,0,2.74726308,-1.045660364,1.084269616,0.7797585807,0.01364343633,-0.4551577841,-0.4296763946,0,1
1304,43466666667,0,0,2.746577523,-1.044950152,1.056577952,0.7858207204,0.01910609804,-0.4453012578,-0.4287511426,0,1
1305,43500000000,0,0,2.750188134,-1.04016135,1.027616928,0.7908437413,0.02605931401,-0.4388225115,-0.425819084,0,1
1306,43533333333,0,1,2.750423166,-1.017664114,1.004051691,0.7945770498,0.03608467528,-0.4336703157,-0.4234090994,0,1
1307,43566666667,0,0,2.755765672,-1.005117585,0.9742994956,0.7994293374,0.03875893692,-0.4271072753,-0.4207016219,0,1
1308,43600000000,0,0,2.756211708,-0.9948406934,0.944661343,0.8028436336,0.03960077845,-0.4213867153,-0.4198894074,0,1
1309,43633333333,0,0,2.753747886,-0.9894835671,0.9141182992,0.8040870454,0.04134835302,-0.4169139369,-0.4218022123,0,1
1310,43666666667,0,0,2.763540854,-0.9750591094,0.8914488365,0.8057894094,0.04614915253,-0.4129842177,-0.4219214611,0,1
1311,43700000000,0,0,2.765939767,-0.9581184771,0.8611089834,0.8103149308,0.04557014057,-0.4054080305,-0.4206630527,0,1
1312,43733333333,0,1,2.76256318,-0.9434167048,0.8481160191,0.8145223164,0.04247696162,-0.4011475973,-0.4169289016,0,1
1313,43766666667,0,0,2.769282709,-0.930249106,0.8230927367,0.8195759698,0.04090886848,-0.3951749154,-0.4128661774,0,1
1314,43800000000,0,0,2.767476288,-0.9135875879,0.7956117637,0.8264781285,0.03628687241,-0.3850495476,-0.4090892468,0,1
1315,43833333333,0,0,2.746180535,-0.9088399481,0.7594378352,0.8337612765,0.03072294365,-0.3763061665,-0.402854693,0,1
1316,43866666667,0,0,2.738141195,-0.904119454,0.7282626893,0.8377651732,0.0350413096,-0.3735352309,-0.3967279326,0,1
1317,43900000000,0,0,2.741820405,-0.872574753,0.6983091101,0.840518249,0.04590859003,-0.3716319239,-0.3915497257,0,1
1318,43933333333,0,1,2.748009677,-0.8514792465,0.688566646,0.8398801412,0.04986705085,-0.3760593098,-0.3881932781,0,1
1319,43966666667,0,0,2.744246127,-0.8386310472,0.667243096,0.8392167879,0.05151319721,-0.3764206093,-0.3890618181,0,1
1320,44000000000,0,0,2.734514573,-0.8239661823,0.6426386946,0.8383593318,0.05460722072,-0.3767414279,-0.3901763432,0,1
1321,44033333333,0,0,2.738023409,-0.8116302418,0.6255852218,0.8381077071,0.05747334612,-0.3786633147,-0.3884409606,0,1
1322,44066666667,0,0,2.734435964,-0.7972121417,0.6085679321,0.8399466502,0.05807879944,-0.3762726996,-0.3866979872,0,1
1323,44100000000,0,0,2.730327688,-0.7911253648,0.5922739723,0.8411271799,0.05994394765,-0.3746590239,-0.3854119952,0,1
1324,44133333333,0,0,2.737779207,-0.7723100146,0.5825820333,0.8447967416,0.06240777266,-0.3708136885,-0.3806848351,0,1
1325,44166666667,0,0,2.72614557,-0.7608287397,0.5620757604,0.849246477,0.06016281768,-0.364185051,-0.377531595,0,1
1326,44200000000,0,1,2.727165624,-0.749132409,0.548114113,0.8511169206,0.06141424738,-0.3608011067,-0.3763653001,0,1
1327,44233333333,0,0,2.724880538,-0.7354596742,0.536589884,0.8537102216,0.06196725703,-0.3549758914,-0.3759401988,0,1
1328,44266666667,0,0,2.720956994,-0.7207410766,0.5253970315,0.8559189349,0.06216630496,-0.3502581732,-0.3753096583,0,1
1329,44300000000,0,0,2.725884632,-0.7032437826,0.520655903,0.8573926695,0.06228000017,-0.3462334787,-0.3756612704,0,1
1330,44333333333,0,0,2.717576109,-0.6859548937,0.5116499419,0.8597276347,0.05869414513,-0.3401285242,-0.3764783904,0,1
1331,44366666667,0,0,2.715963297,-0.6718167322,0.5063194286,0.8604382169,0.05549614156,-0.3374822252,-0.3777194737,0,1
1332,44400000000,0,1,2.715730605,-0.6555775242,0.503699012,0.8612055832,0.05124541638,-0.3343474696,-0.3793555328,0,1
1333,44433333333,0,0,2.706976682,-0.6427262954,0.4986812342,0.8618584031,0.04531270241,-0.3311335185,-0.3814412733,0,1
1334,44466666667,0,0,2.704748019,-0.6374453189,0.4963714389,0.8604671596,0.04165010388,-0.3298756316,-0.386061658,0,1
1335,44500000000,0,0,2.702941337,-0.6282765625,0.4952698255,0.8604396065,0.03865182123,-0.3266403326,-0.3891732436,0,1
1336,44533333333,0,0,2.694462335,-0.6222829169,0.4920381628,0.8612828165,0.03418384253,-0.3231740287,-0.3906173603,0,1
1337,44566666667,0,0,2.694541849,-0.6188328143,0.4932989099,0.8621605563,0.03186001244,-0.321513112,-0.390247913,0,1
1338,44600000000,0,0,2.691386907,-0.6142499781,0.4938807068,0.8642988175,0.0280305614,-0.3175889341,-0.3890232778,0,1
1339,44633333333,0,0,2.688287445,-0.6131188473,0.4937746451,0.8667994161,0.02470739642,-0.3145401837,-0.3861512522,0,1
1340,44666666667,0,0,2.687013586,-0.6108167401,0.4946017245,0.8695435928,0.02165423755,-0.3112725164,-0.3827981906,0,1
1341,44700000000,0,0,2.681787114,-0.608661071,0.4921956753,0.8711463923,0.01955042002,-0.3083221727,-0.3816532222,0,1
1342,44733333333,0,0,2.683930482,-0.6054143129,0.493322524,0.8716457892,0.01872413845,-0.3074602532,-0.3812495476,0,1
1343,44766666667,0,0,2.679764035,-0.6045899058,0.4915625229,0.8731092818,0.01576060248,-0.3053555162,-0.3797233127,0,1
1344,44800000000,0,0,2.675501314,-0.6092666516,0.489280228,0.8732636313,0.01491024293,-0.305496444,-0.3792891214,0,1
1345,44833333333,0,0,2.680496004,-0.6072360066,0.4908544435,0.8733236351,0.01658826626,-0.3057969855,-0.3788388332,0,1
1346,44866666667,0,0,2.679363862,-0.6041784379,0.4891045004,0.8744526099,0.01649791117,-0.3051955035,-0.3767176085,0,1
1347,44900000000,0,0,2.681085531,-0.604681615,0.4891075433,0.874608654,0.01547683889,-0.3061461104,-0.3756257831,0,1
1348,44933333333,0,0,2.681198722,-0.6086552957,0.4895250472,0.8748556888,0.01459013489,-0.3062379844,-0.375010598,0,1
1349,44966666667,0,0,2.680715322,-0.6083305793,0.4883420438,0.8758020058,0.01489396148,-0.3058595639,-0.3730937466,0,1
1350,45000000000,0,0,2.682425419,-0.6092655057,0.488233886,0.8764003802,0.01485480501,-0.3063308483,-0.371299232,0,1
1351,45033333333,0,0,2.683084022,-0.6109230875,0.4869103266,0.8773391884,0.01490864892,-0.306261231,-0.3691310596,0,1
1352,45066666667,0,1,2.684043889,-0.610528384,0.4870616241,0.8778474173,0.01526171052,-0.3062804812,-0.3678902813,0,1
1353,45100000000,0,0,2.683945562,-0.6127016175,0.486105291,0.8783292644,0.01539291498,-0.306730492,-0.3663566114,0,1
1354,45133333333,0,0,2.68987754,-0.6104878005,0.4863509305,0.8790515971,0.01574285753,-0.3073622627,-0.3640726459,0,1
1355,45166666667,0,0,2.687601095,-0.6116844627,0.4836070155,0.8794783049,0.01444243628,-0.3070810695,-0.363332553,0,1
1356,45200000000,0,0,2.68807222,-0.6150659657,0.4820969472,0.8792266547,0.01427096403,-0.3084733419,-0.3627685579,0,1
1357,45233333333,0,0,2.693458857,-0.6187610838,0.4822191889,0.8794392715,0.01502571822,-0.3091201594,-0.3616704613,0,1
1358,45266666667,0,0,2.692617452,-0.6196230042,0.4797781169,0.8803430944,0.01593268867,-0.307598395,-0.3607290022,0,1
1359,45300000000,0,0,2.692356561,-0.6193246955,0.4781845104,0.8808977325,0.01726763919,-0.3077294336,-0.3591985651,0,1
1360,45333333333,0,0,2.697409874,-0.6207455775,0.478535913,0.8814430652,0.01893560084,-0.3081877638,-0.3573791657,0,1
1361,45366666667,0,0,2.699031719,-0.6192857448,0.4779804954,0.8823059796,0.01951547577,-0.3065975753,-0.3565855177,0,1
