frame_index,timestamp_ns,segment,keyframe,cx,cy,cz,qw,qx,qy,qz,predicted,confidence
150,5000000000,0,1,-0.2298263916,0.07945481975,-0.03635695913,0.9999473996,0.00566087851,0.007902355499,0.003271901744,0,1
154,5133333333,0,1,-0.1642743953,0.08482676703,-0.05434640507,0.9981129864,0.0001132201321,-0.05417293078,-0.02890928987,0,1
155,5166666667,0,0,-0.141154372,0.08503428065,-0.05845736747,0.9970232162,-0.004417199803,-0.0669033827,-0.03806746629,0,1
156,5200000000,0,0,-0.1211293041,0.07359664187,-0.06226649944,0.9961355414,-0.009127957451,-0.07517398098,-0.04449197822,0,1
157,5233333333,0,0,-0.09782945006,0.08146702701,-0.06589221054,0.9952489295,-0.006957044199,-0.08215809721,-0.05178045015,0,1
158,5266666667,0,0,-0.08130232931,0.07176099914,-0.06880220417,0.9942565633,-0.01310875614,-0.08635242469,-0.06184905519,0,1
159,5300000000,0,1,-0.05784660314,0.04586600659,-0.05074740797,0.992742889,-0.01145338355,-0.09437964482,-0.07364006424,0,1
160,5333333333,0,0,-0.04698557595,0.03797053456,-0.05803256914,0.9916387006,0.006409314857,-0.09933645894,-0.08212110599,0,1
161,5366666667,0,0,-0.031818678,0.03256695095,-0.06594990595,0.9896830629,0.02804056329,-0.1108111563,-0.08638315526,0,1
162,5400000000,0,1,-0.01591371207,0.04819207326,-0.07140932706,0.9864793263,0.05647933434,-0.1250858619,-0.08956645968,0,1
163,5433333333,0,0,0.004741880098,0.05653313689,-0.07912485673,0.9827794884,0.06919011713,-0.1437061746,-0.09330455657,0,1
164,5466666667,0,0,0.02971479527,0.04572147702,-0.08219416957,0.9791036939,0.07648661179,-0.1609973281,-0.09790615462,0,1
165,5500000000,0,0,0.0528507782,0.04116110952,-0.08730635923,0.9750846536,0.09110897982,-0.1721797192,-0.1061283016,0,1
166,5533333333,0,0,0.07411127438,0.0398948423,-0.09345737697,0.9713961709,0.105130764,-0.1798795539,-0.1139313289,0,1
167,5566666667,0,1,0.107971364,0.03215544184,-0.0784097812,0.9664378762,0.1213350793,-0.1908878744,-0.1218090697,0,1
168,5600000000,0,0,0.1339780135,0.02789787464,-0.07863191275,0.9621999113,0.1411538725,-0.1932049451,-0.1300721499,0,1
169,5633333333,0,0,0.1502691499,0.03112754453,-0.08512688831,0.9593986427,0.1602657832,-0.1889565712,-0.1347758779,0,1
170,5666666667,0,0,0.1597980232,0.02270529569,-0.09289636534,0.9579232068,0.1739767769,-0.1860364863,-0.1323088689,0,1
171,5700000000,0,0,0.1682468353,0.02214253155,-0.09992423278,0.9553398264,0.1891874338,-0.1863614982,-0.1296276321,0,1
172,5733333333,0,0,0.1742383597,0.02286076977,-0.1043818,0.9519979283,0.2019140445,-0.1914230768,-0.127623935,0,1
173,5766666667,0,1,0.1908580977,0.01023623749,-0.1023908768,0.9468400684,0.2138614758,-0.2052723909,-0.1249815969,0,1
174,5800000000,0,0,0.2010327225,0.01108044562,-0.1055604849,0.9407431017,0.2285951211,-0.217443933,-0.1243576423,0,1
175,5833333333,0,0,0.2130305106,0.009696105778,-0.1049343004,0.935692682,0.236353822,-0.2303786174,-0.1246666285,0,1
176,5866666667,0,0,0.2233761193,0.000397999872,-0.09943039709,0.9304475598,0.2439975406,-0.2430693309,-0.1250993161,0,1
177,5900000000,0,0,0.2370477222,-0.001468451285,-0.09255347589,0.9250324445,0.253925623,-0.2522423226,-0.1273207184,0,1
178,5933333333,0,1,0.2495754361,-0.007240090057,-0.08600543906,0.9199002989,0.2635049343,-0.2608038697,-0.1277886193,0,1
179,5966666667,0,0,0.2568351874,-0.01260334423,-0.08201752833,0.9151785531,0.2721328819,-0.2678717373,-0.1289831106,0,1
180,6000000000,0,0,0.2667763486,-0.02166125234,-0.07607069962,0.910927273,0.2794406588,-0.276190452,-0.1258699954,0,1
181,6033333333,0,0,0.2779522979,-0.02703409482,-0.06902797208,0.9059024074,0.2889240018,-0.2848495907,-0.121344387,0,1
182,6066666667,0,0,0.2867454938,-0.03141938852,-0.06129713455,0.9008224711,0.2979594737,-0.29245919,-0.1191916512,0,1
183,6100000000,0,0,0.2944235221,-0.03906321177,-0.05538612972,0.8961697719,0.3051002234,-0.3000616866,-0.1172884386,0,1
184,6133333333,0,1,0.3095220842,-0.04966157434,-0.06684733654,0.890849138,0.3109607401,-0.3110549151,-0.1137368504,0,1
185,6166666667,0,0,0.3193897017,-0.05631236637,-0.05766486425,0.8848033788,0.3202479762,-0.3198878395,-0.1106163854,0,1
186,6200000000,0,0,0.3287190471,-0.05914623143,-0.05035046157,0.879492742,0.3288998663,-0.3264719397,-0.1083211307,0,1
187,6233333333,0,0,0.3364819089,-0.07157567175,-0.04444939227,0.8744061363,0.3365247512,-0.3334492097,-0.1047693909,0,1
188,6266666667,0,0,0.3434743035,-0.09799270869,-0.03826274393,0.8677940952,0.3474027215,-0.3410067915,-0.0997954185,0,1
189,6300000000,0,1,0.3660339541,-0.0932108528,-0.03877861419,0.8587485368,0.3635276836,-0.3477475771,-0.09731493382,0,1
190,6333333333,0,0,0.3774532595,-0.09767738911,-0.03446521311,0.8504152091,0.3793734824,-0.3510321619,-0.0982148372,0,1
191,6366666667,0,0,0.3850334412,-0.1126591733,-0.04469818564,0.8428138398,0.3952309786,-0.3516848979,-0.0988687894,0,1
192,6400000000,0,0,0.3922386766,-0.1121951259,-0.04448045161,0.8340543825,0.4136372636,-0.3523842699,-0.09530386905,0,1
193,6433333333,0,1,0.417929315,-0.1064437297,-0.04567722797,0.8256870238,0.4291879319,-0.3542467145,-0.09245497872,0,1
194,6466666667,0,0,0.4203948812,-0.1072204211,-0.04735418377,0.8200822462,0.4411283817,-0.3540703102,-0.08663184079,0,1
195,6500000000,0,0,0.4281156188,-0.1099527395,-0.04920403019,0.8137337732,0.4521398022,-0.3561731227,-0.08091756449,0,1
196,6533333333,0,0,0.4390243228,-0.1014600325,-0.04365108949,0.8075620041,0.4612751497,-0.3593190272,-0.0771925025,0,1
197,6566666667,0,1,0.4616449439,-0.1371436462,-0.07239136994,0.8064900407,0.4600995648,-0.3630851289,-0.07779070592,0,1
198,6600000000,0,0,0.46934376,-0.1412332521,-0.07831887743,0.8056512363,0.4584894122,-0.3668942993,-0.07811605136,0,1
199,6633333333,0,0,0.4769628446,-0.1404150343,-0.08214150216,0.8066567743,0.4538555995,-0.3700662956,-0.07981779287,0,1
200,6666666667,0,0,0.4855968519,-0.1368499527,-0.08186917946,0.80938109,0.4477952504,-0.3709759176,-0.08221029993,0,1
201,6700000000,0,0,0.4917016298,-0.1390291541,-0.08451656775,0.8155616828,0.4360380899,-0.3711154097,-0.08368559233,0,1
202,6733333333,0,0,0.4972514151,-0.1371019247,-0.07780708462,0.8233918512,0.4203968587,-0.3711716518,-0.0867406797,0,1
203,6766666667,0,1,0.5150371685,-0.1624492858,-0.0835774218,0.83077315,0.4035108594,-0.3712716573,-0.09566773792,0,1
204,6800000000,0,0,0.5237864719,-0.1626220594,-0.07551688335,0.8359780308,0.3901888702,-0.3713806002,-0.1047369437,0,1
205,6833333333,0,0,0.529135748,-0.161038965,-0.07125239055,0.8412944793,0.3759979229,-0.3715252276,-0.1132173416,0,1
206,6866666667,0,0,0.5348085265,-0.1549617996,-0.05686773633,0.8449025252,0.3641137604,-0.3730914145,-0.119848608,0,1
207,6900000000,0,0,0.5462626383,-0.1462075475,-0.04972742452,0.8481316983,0.3520351741,-0.3754702046,-0.1255626692,0,1
208,6933333333,0,0,0.5501011685,-0.1418713969,-0.05255096666,0.8522396208,0.3379471485,-0.3780495966,-0.1286773327,0,1
209,6966666667,0,1,0.5642929139,-0.1286136399,-0.007382422596,0.8530752592,0.3271038691,-0.3849853011,-0.1305832259,0,1
210,7000000000,0,0,0.5836481777,-0.1269421175,-0.009252248546,0.8565777861,0.3102628115,-0.3894328002,-0.135475379,0,1
211,7033333333,0,0,0.5982482846,-0.127943563,-0.0213002066,0.8621472126,0.2882959624,-0.3926837189,-0.1392376341,0,1
212,7066666667,0,0,0.6113702922,-0.1268301883,-0.01379856403,0.8659490495,0.2686285399,-0.3964984082,-0.1440831825,0,1
213,7100000000,0,1,0.6358254088,-0.1369689374,0.02260304207,0.8676345544,0.2495002179,-0.4020544029,-0.1526832617,0,1
214,7133333333,0,0,0.6529077411,-0.1375776835,0.02307822588,0.8712832434,0.2306784728,-0.4019325378,-0.1615648075,0,1
215,7166666667,0,0,0.6674630056,-0.1364660382,0.02231947733,0.8756898764,0.2099877543,-0.4011394065,-0.1678081047,0,1
216,7200000000,0,0,0.6772787972,-0.1488149328,0.02148915031,0.8797328383,0.1876309856,-0.4001606758,-0.1753173694,0,1
217,7233333333,0,1,0.6922513941,-0.1669048931,0.05917991369,0.8804285162,0.1716966803,-0.4019003791,-0.1839618522,0,1
218,7266666667,0,0,0.7057427556,-0.1648451254,0.06019399221,0.8819677927,0.1546154399,-0.4011136246,-0.1932219929,0,1
219,7300000000,0,0,0.7166088553,-0.173351704,0.05897482442,0.8820789784,0.137167869,-0.4005979887,-0.2065015813,0,1
220,7333333333,0,0,0.7287820684,-0.1782755805,0.05932546196,0.8801892805,0.1264202947,-0.4033564691,-0.2158432263,0,1
221,7366666667,0,0,0.7439858063,-0.1814481643,0.06779632936,0.8772399368,0.1148482347,-0.4073018808,-0.2266388188,0,1
222,7400000000,0,0,0.7617284951,-0.1926715751,0.07039703568,0.8759546048,0.102279385,-0.4075300591,-0.2369846168,0,1
223,7433333333,0,1,0.7804821447,-0.2053815206,0.1194136866,0.8743346638,0.09466563136,-0.4090689141,-0.2433925584,0,1
224,7466666667,0,0,0.796336178,-0.2074718165,0.1270304337,0.8743746758,0.08412987671,-0.4071688469,-0.2502091532,0,1
225,7500000000,0,0,0.8111108711,-0.2135886596,0.1333135271,0.8745052619,0.07255436181,-0.4034820504,-0.2591884384,0,1
226,7533333333,0,0,0.8264815195,-0.2169590996,0.1410723979,0.8742149776,0.06136232191,-0.3991645917,-0.2695375059,0,1
227,7566666667,0,0,0.8398124023,-0.2251074376,0.1512433899,0.8738277421,0.04794606241,-0.3938209089,-0.2811251393,0,1
228,7600000000,0,0,0.8533671645,-0.2340645823,0.1612723934,0.8734616093,0.03829282784,-0.3883394346,-0.2911888734,0,1
229,7633333333,0,1,0.8845765199,-0.2362121792,0.2193669002,0.8719470208,0.03344214939,-0.3857707024,-0.2996180582,0,1
230,7666666667,0,0,0.8974146386,-0.2437294576,0.2322669009,0.872656239,0.01944276956,-0.3776853463,-0.3089447305,0,1
231,7700000000,0,0,0.9095127798,-0.2593417031,0.2438741005,0.8733329352,0.006678282965,-0.3697953068,-0.3170116967,0,1
232,7733333333,0,0,0.9241384709,-0.270916083,0.2557263995,0.8750734165,-0.0004518586252,-0.3612351771,-0.3221109412,0,1
233,7766666667,0,1,0.942034893,-0.2847918054,0.3031744552,0.8749475032,-0.002717304252,-0.3578320353,-0.3262142202,0,1
234,7800000000,0,0,0.9559928867,-0.2930141336,0.3173217003,0.8757298475,-0.009830174027,-0.3523061947,-0.3299711307,0,1
235,7833333333,0,0,0.9649992219,-0.3106138014,0.3299413299,0.8763825553,-0.01839860285,-0.3469318374,-0.3335467111,0,1
236,7866666667,0,0,0.9785634849,-0.3196373535,0.3423232479,0.8756895486,-0.02143528363,-0.3441641482,-0.3380227539,0,1
237,7900000000,0,0,0.9880809533,-0.3292187358,0.3535410203,0.8740167256,-0.02629766462,-0.3420868277,-0.3440636547,0,1
238,7933333333,0,1,1.001025075,-0.3364444239,0.3820852934,0.8714199587,-0.02888160181,-0.3451187582,-0.3473991239,0,1
239,7966666667,0,0,1.013101088,-0.3547283127,0.3970559483,0.8686495118,-0.03441522858,-0.3470199741,-0.3519101522,0,1
240,8000000000,0,0,1.026337734,-0.3734720095,0.4109652069,0.8646113125,-0.03338897295,-0.3474996755,-0.3613536084,0,1
241,8033333333,0,0,1.039033886,-0.3894442192,0.4231798604,0.8598324259,-0.02717906574,-0.3456031682,-0.3748438979,0,1
242,8066666667,0,0,1.048787654,-0.4023364628,0.4324784571,0.855738354,-0.02104914207,-0.3434056365,-0.3864471141,0,1
243,8100000000,0,0,1.055453063,-0.4182039958,0.4410280866,0.8500883573,-0.01631799104,-0.3440846487,-0.3983582089,0,1
244,8133333333,0,1,1.061229601,-0.4188486547,0.4605703507,0.8431663006,-0.005359166711,-0.3487671898,-0.4091495034,0,1
245,8166666667,0,0,1.069982831,-0.428894744,0.472281791,0.8343294188,0.0008010359948,-0.3566912653,-0.4203155011,0,1
246,8200000000,0,0,1.080977408,-0.4408396345,0.4868979277,0.8238661941,0.006491955727,-0.3665323899,-0.4322688467,0,1
247,8233333333,0,0,1.086278129,-0.4512480233,0.4988612071,0.8141061622,0.01190371905,-0.374547528,-0.4436255261,0,1
248,8266666667,0,0,1.098695608,-0.4576157216,0.5150115223,0.8042852761,0.01724396402,-0.3867592656,-0.4508271407,0,1
249,8300000000,0,0,1.10641687,-0.4677597677,0.5315164159,0.7939541418,0.01681573265,-0.3972390711,-0.4599512716,0,1
250,8333333333,0,1,1.108768516,-0.4778348731,0.5416945464,0.7842155597,0.01687648618,-0.4057827274,-0.46910715,0,1
251,8366666667,0,0,1.11658384,-0.488692755,0.5576404853,0.774508164,0.01816519936,-0.4144753175,-0.477511613,0,1
252,8400000000,0,0,1.123386233,-0.4970864386,0.5737631584,0.7659369434,0.01897223694,-0.4224659429,-0.4842552839,0,1
253,8433333333,0,0,1.130912355,-0.503658974,0.5895497365,0.7564464935,0.01920920884,-0.431509379,-0.4911408807,0,1
254,8466666667,0,0,1.133943036,-0.5126406802,0.6006142502,0.744161373,0.0191483784,-0.4412898687,-0.5011191897,0,1
255,8500000000,0,0,1.143631021,-0.5216534991,0.6154656712,0.7288299815,0.02298978156,-0.4543868856,-0.5116745902,0,1
256,8533333333,0,1,1.146448109,-0.5295237343,0.626323004,0.7155494755,0.02510438918,-0.4654705967,-0.520284385,0,1
257,8566666667,0,0,1.161387886,-0.5395528688,0.6402252666,0.7037824053,0.02745429063,-0.4801311511,-0.5228868575,0,1
258,8600000000,0,0,1.17460914,-0.5506140207,0.6548875769,0.6916687433,0.02627634514,-0.4914993454,-0.5285189654,0,1
259,8633333333,0,0,1.184434089,-0.562154208,0.6671790855,0.6810080118,0.02468430193,-0.5011333941,-0.533370504,0,1
260,8666666667,0,0,1.197359128,-0.5752517365,0.6812270288,0.6701214119,0.02202727515,-0.5120171399,-0.5369269419,0,1
261,8700000000,0,0,1.211043331,-0.5910268719,0.6940052266,0.6589731589,0.02044703584,-0.5203235825,-0.5427703604,0,1
262,8733333333,0,1,1.219605146,-0.6024275105,0.7044357497,0.6520196506,0.01945776933,-0.5241809935,-0.5474724253,0,1
263,8766666667,0,0,1.227005226,-0.6198778552,0.7141182604,0.6477736458,0.02000742454,-0.5267052982,-0.5500641196,0,1
264,8800000000,0,0,1.238206399,-0.6342795537,0.7221280073,0.6450559966,0.02422476936,-0.5302059401,-0.5497250066,0,1
265,8833333333,0,0,1.245452252,-0.6487541243,0.7291537864,0.6416693825,0.02514546415,-0.5338593175,-0.5501112054,0,1
266,8866666667,0,0,1.249026606,-0.6653083797,0.7319424557,0.6373562878,0.02758522239,-0.5396922828,-0.5493161728,0,1
267,8900000000,0,0,1.262040465,-0.6831129056,0.7459638182,0.6322651611,0.0327626442,-0.5504028377,-0.5442647255,0,1
268,8933333333,0,1,1.262055016,-0.7014481904,0.7609234857,0.6295970993,0.0354230831,-0.5566082421,-0.5408696355,0,1
269,8966666667,0,0,1.265971329,-0.7165916393,0.7693438948,0.6297625526,0.04338531462,-0.5608062507,-0.5357361206,0,1
270,9000000000,0,0,1.272609318,-0.7210662326,0.7761016769,0.630564664,0.04896626921,-0.5660200936,-0.5287832851,0,1
271,9033333333,0,0,1.271648987,-0.7279466696,0.7786134718,0.6281367009,0.04936329256,-0.5739301581,-0.52307908,0,1
272,9066666667,0,0,1.278200792,-0.7291979474,0.7871896794,0.6224076569,0.04922615335,-0.5867020953,-0.5157190571,0,1
273,9100000000,0,0,1.273113232,-0.7464754295,0.8009626317,0.612879204,0.03722668221,-0.600209431,-0.5125835487,0,1
274,9133333333,0,1,1.261648792,-0.7711666293,0.8095648248,0.6048494867,0.02836891237,-0.6109060835,-0.5100451553,0,1
275,9166666667,0,0,1.258394126,-0.7822723701,0.8191299032,0.6011606627,0.02620591814,-0.6200611472,-0.503431506,0,1
276,9200000000,0,0,1.250305836,-0.7912892479,0.8311368024,0.5979917991,0.02269528934,-0.6284285357,-0.4969590603,0,1
277,9233333333,0,0,1.241175164,-0.8006461329,0.8385477762,0.5958895026,0.02026451755,-0.63641194,-0.4893719368,0,1
278,9266666667,0,0,1.239201706,-0.8011524078,0.8469164886,0.5908589976,0.01781891728,-0.6464588862,-0.4823474262,0,1
279,9300000000,0,0,1.224234982,-0.8104558518,0.8587876729,0.581852439,0.01030182187,-0.6574029097,-0.4787097513,0,1
280,9333333333,0,1,1.2179559,-0.8197058264,0.866199512,0.5742500175,0.008818030867,-0.667363786,-0.4741146874,0,1
281,9366666667,0,0,1.208546581,-0.8232611503,0.8810448842,0.5666659005,0.00826852989,-0.6751802723,-0.4721789794,0,1
282,9400000000,0,0,1.198101305,-0.8289218456,0.8957860977,0.561002613,0.009553908893,-0.6802213535,-0.4716817797,0,1
283,9433333333,0,0,1.183633286,-0.8387624476,0.9174167454,0.5592453506,0.008455919128,-0.6821998123,-0.4709315783,0,1
284,9466666667,0,0,1.165799953,-0.8464466055,0.9287483699,0.5646024238,0.009549360635,-0.6791233132,-0.46896102,0,1
285,9500000000,0,0,1.153673598,-0.8517389515,0.940389231,0.5718764022,0.01522219072,-0.6756625551,-0.4649793299,0,1
286,9533333333,0,1,1.143976989,-0.8601276978,0.9406375571,0.5852499502,0.01891334675,-0.6671351213,-0.4604948544,0,1
287,9566666667,0,0,1.133039554,-0.8657234963,0.9469993016,0.5990591287,0.02438083409,-0.6605863254,-0.4518400623,0,1
288,9600000000,0,0,1.124826,-0.869797896,0.9559051389,0.6129560322,0.0293270224,-0.6528901975,-0.4440261461,0,1
289,9633333333,0,0,1.108427989,-0.873353852,0.9631684171,0.6282161932,0.03276376648,-0.6440446807,-0.4352900178,0,1
290,9666666667,0,0,1.101320054,-0.8753214,0.9665082932,0.6420632595,0.04128471075,-0.6356308202,-0.4266424778,0,1
291,9700000000,0,0,1.091672815,-0.8808452504,0.9694172514,0.653200886,0.04731505654,-0.6285925469,-0.4194774104,0,1
292,9733333333,0,1,1.082738443,-0.8820574055,0.9680991275,0.6644518947,0.05602673986,-0.6211388039,-0.4117660383,0,1
293,9766666667,0,0,1.07576646,-0.8854180655,0.9683836397,0.6724692488,0.06320282215,-0.6163747769,-0.4048118663,0,1
294,9800000000,0,0,1.067292282,-0.8900833644,0.9696350524,0.6769028385,0.0682863602,-0.614221549,-0.3998392289,0,1
295,9833333333,0,0,1.057462158,-0.89593732,0.9728628255,0.6814162816,0.07355791631,-0.6127592043,-0.3934300975,0,1
296,9866666667,0,0,1.050455471,-0.9034620111,0.9791988793,0.6880748488,0.07854875463,-0.6106375045,-0.3840637106,0,1
297,9900000000,0,1,1.044373217,-0.9158135955,0.9862776785,0.698767923,0.08316179194,-0.6030390271,-0.3757012616,0,1
298,9933333333,0,0,1.034607416,-0.9228396215,0.9901375488,0.7139924706,0.08973932468,-0.5903282477,-0.3656147774,0,1
299,9966666667,0,0,1.029263771,-0.9277279571,0.9913688819,0.7287545588,0.09964572087,-0.5776568926,-0.3539774538,0,1
300,10000000000,0,1,1.023246767,-0.9409838625,0.996409538,0.7420268488,0.1061433527,-0.5653744637,-0.3442113597,0,1
301,10033333333,0,0,1.01942597,-0.9439710417,0.9951402523,0.7552754004,0.1151116059,-0.5523674665,-0.3334644955,0,1
302,10066666667,0,0,1.015276875,-0.9470478385,0.9976994023,0.7645828448,0.1229232962,-0.5430662238,-0.3246259591,0,1
303,10100000000,0,0,1.01144759,-0.952213716,0.9996796348,0.7735241527,0.130310482,-0.5335286147,-0.3162701072,0,1
304,10133333333,0,1,1.001754471,-0.9671893889,1.010343548,0.782222307,0.1331544001,-0.5264045585,-0.3054446087,0,1
305,10166666667,0,0,0.9998568572,-0.9712127996,1.016908944,0.7926144615,0.1367339105,-0.5163346447,-0.294048785,0,1
306,10200000000,0,0,0.9940958885,-0.9766951311,1.019973133,0.8031190293,0.1396606182,-0.5042207271,-0.2850547226,0,1
307,10233333333,0,1,0.987196583,-0.9941778374,1.027919555,0.8116447247,0.1403333695,-0.4939351981,-0.2785092571,0,1
308,10266666667,0,0,0.9821667881,-0.9970450573,1.032446658,0.819647737,0.1459767172,-0.4819700116,-0.2730811112,0,1
309,10300000000,0,0,0.9783986958,-1.001265502,1.03441515,0.8272039328,0.1489467564,-0.4694603998,-0.2704726427,0,1
310,10333333333,0,0,0.9759336091,-1.001525434,1.035579946,0.8347007114,0.1506194986,-0.4578892392,-0.2663192326,0,1
311,10366666667,0,0,0.9691527061,-1.00519747,1.042870003,0.8415141851,0.1498248075,-0.4462879024,-0.2650160588,0,1
312,10400000000,0,0,0.9661522502,-1.012318056,1.044854215,0.8485289641,0.1487687455,-0.4326706617,-0.2658242954,0,1
313,10433333333,0,1,0.9610203173,-1.05080922,1.048851462,0.8529711693,0.1428838933,-0.4232399648,-0.2699857581,0,1
314,10466666667,0,0,0.9550070162,-1.059212497,1.051734692,0.8583843922,0.1473444071,-0.4116743986,-0.2683096168,0,1
315,10500000000,0,0,0.9499396174,-1.064596411,1.048629605,0.8632388823,0.1522282988,-0.4010362087,-0.2661111354,0,1
316,10533333333,0,0,0.9501065571,-1.069796629,1.050405542,0.8667010275,0.1553700601,-0.3947261903,-0.262451344,0,1
317,10566666667,0,0,0.9455141539,-1.074659761,1.053915694,0.8708376766,0.1564436921,-0.3885586169,-0.2572728385,0,1
318,10600000000,0,0,0.942069849,-1.079713754,1.06009265,0.874232427,0.1568023848,-0.3844093334,-0.251714402,0,1
319,10633333333,0,1,0.9406097571,-1.104501577,1.066693309,0.8768718948,0.1536743429,-0.3807872989,-0.249961816,0,1
320,10666666667,0,0,0.9382394453,-1.111529759,1.070219936,0.8815712049,0.1546482885,-0.3733774273,-0.2439373163,0,1
321,10700000000,0,0,0.9366716423,-1.118791606,1.075860409,0.8868098901,0.1536815322,-0.3667503084,-0.2354663816,0,1
322,10733333333,0,0,0.9363165796,-1.126334891,1.084582787,0.8922265046,0.1539034878,-0.3587261731,-0.227070724,0,1
323,10766666667,0,0,0.935876171,-1.136163815,1.091408933,0.8979541167,0.1548521927,-0.3478277711,-0.2207148486,0,1
324,10800000000,0,1,0.9404274491,-1.168708726,1.090267008,0.9033644147,0.1534486762,-0.3377239028,-0.215241268,0,1
325,10833333333,0,0,0.9434000124,-1.158647725,1.095732264,0.9080178659,0.1632662502,-0.3251080471,-0.2077316647,0,1
326,10866666667,0,0,0.9464689047,-1.165777756,1.106202044,0.9145067251,0.161543735,-0.3120810084,-0.2004657469,0,1
327,10900000000,0,0,0.9521491162,-1.182482562,1.117959606,0.9217474487,0.1590274836,-0.2977118867,-0.1909437948,0,1
328,10933333333,0,1,0.9549519411,-1.181849542,1.130042195,0.9285200834,0.1634243972,-0.2797632946,-0.1813158019,0,1
329,10966666667,0,0,0.9552586746,-1.180837906,1.141417881,0.9357214985,0.1660745303,-0.2585065148,-0.1732596591,0,1
330,11000000000,0,0,0.9470167141,-1.183171181,1.137777165,0.9434549439,0.1647708529,-0.2354359235,-0.1652672405,0,1
331,11033333333,0,0,0.936967728,-1.183034176,1.140665976,0.9488864215,0.164170784,-0.2173508366,-0.1594400411,0,1
332,11066666667,0,0,0.9279294335,-1.187339616,1.146063426,0.9535275489,0.1593260763,-0.204847263,-0.1530947869,0,1
333,11100000000,0,0,0.9211730303,-1.193056251,1.151499129,0.9561353308,0.1574532235,-0.1975344611,-0.1483032307,0,1
334,11133333333,0,1,0.9196144675,-1.193944643,1.159685608,0.9579130206,0.1570682221,-0.1895294135,-0.1476848675,0,1
335,11166666667,0,0,0.9162060835,-1.19931177,1.169342245,0.9611063009,0.1527927061,-0.1799564012,-0.1433344379,0,1
336,11200000000,0,0,0.9130094509,-1.204339009,1.180105004,0.9641340934,0.1523173314,-0.1695212935,-0.1360419477,0,1
337,11233333333,0,0,0.9119729692,-1.204854331,1.18391416,0.967488132,0.1520970737,-0.1556733312,-0.1288371398,0,1
338,11266666667,0,0,0.9065981032,-1.207799379,1.191209718,0.9707128353,0.1498162237,-0.1421354927,-0.1227566385,0,1
339,11300000000,0,0,0.9012776522,-1.209739962,1.19869396,0.9736544477,0.147338178,-0.130309924,-0.1153594445,0,1
340,11333333333,0,1,0.8899606424,-1.220399912,1.197788252,0.9763686663,0.1432509829,-0.1184933976,-0.1101939114,0,1
341,11366666667,0,0,0.8869282523,-1.222136876,1.201268835,0.978242368,0.1419096987,-0.1092553635,-0.1047223585,0,1
342,11400000000,0,0,0.8839176639,-1.222814046,1.203279354,0.9804167167,0.1392256548,-0.09926615348,-0.0977011225,0,1
343,11433333333,0,0,0.8782282758,-1.227324125,1.208478569,0.9821875844,0.1360563541,-0.09004166229,-0.09321328583,0,1
344,11466666667,0,0,0.8771359077,-1.227321996,1.212550629,0.983365831,0.1352438153,-0.08180707243,-0.08948941722,0,1
345,11500000000,0,0,0.8760313655,-1.227211813,1.213739481,0.9849122165,0.1320722714,-0.07246689814,-0.0851668344,0,1
346,11533333333,0,1,0.869495253,-1.222893244,1.218059054,0.986329361,0.1289705813,-0.06046170546,-0.08285748593,0,1
347,11566666667,0,0,0.8654337807,-1.224176849,1.220106355,0.9878428836,0.123361468,-0.04837726409,-0.08128976486,0,1
348,11600000000,0,0,0.859885058,-1.225117389,1.225385123,0.988962928,0.1191676257,-0.03894937726,-0.07895790064,0,1
349,11633333333,0,0,0.8585284571,-1.224075484,1.224587549,0.9899237355,0.1149238791,-0.0307417548,-0.0768013305,0,1
350,11666666667,0,0,0.8540280324,-1.223991709,1.229869176,0.9912216251,0.107882613,-0.01960586035,-0.07386908735,0,1
351,11700000000,0,0,0.8506857351,-1.225709556,1.23487397,0.9921070794,0.1025750493,-0.01191121589,-0.07113385393,0,1
352,11733333333,0,1,0.8390728016,-1.222407018,1.245255056,0.9926069573,0.100163509,-0.002054681933,-0.0685162618,0,1
353,11766666667,0,0,0.8343006366,-1.223412338,1.248860737,0.9935243259,0.09334606519,0.00571860732,-0.06452304659,0,1
354,11800000000,0,0,0.8350098516,-1.224658958,1.249859195,0.993890149,0.08924702843,0.01126731757,-0.06395613536,0,1
355,11833333333,0,0,0.8354756195,-1.224957932,1.252442077,0.9942123386,0.08414693436,0.02036246128,-0.0636120223,0,1
356,11866666667,0,0,0.8280549395,-1.226979962,1.256640369,0.9944737458,0.07970609305,0.02955165648,-0.06160849991,0,1
357,11900000000,0,0,0.8325357103,-1.225850966,1.255761183,0.9944918348,0.07728168529,0.03517058736,-0.06145373398,0,1
358,11933333333,0,0,0.8322512565,-1.22846702,1.259789298,0.9945079716,0.07348697054,0.04584625118,-0.05875100644,0,1
359,11966666667,0,1,0.8215286409,-1.231368695,1.26952765,0.9941294164,0.07412329425,0.05723096962,-0.05419461904,0,1
360,12000000000,0,0,0.822153491,-1.2311552,1.269552836,0.9937739301,0.07637367914,0.06497513755,-0.04856612509,0,1
361,12033333333,0,0,0.8227117991,-1.229548227,1.271028228,0.993316955,0.07903360256,0.07305862024,-0.04168398445,0,1
362,12066666667,0,0,0.8259318331,-1.229807562,1.269331929,0.9927706948,0.08091415083,0.08060714547,-0.03690170545,0,1
363,12100000000,0,0,0.8266810688,-1.230518861,1.270117877,0.9919170177,0.08305621936,0.09061049376,-0.03149655345,0,1
364,12133333333,0,0,0.825540373,-1.229215827,1.271906152,0.9908050762,0.08709055814,0.1000506557,-0.02665336595,0,1
365,12166666667,0,1,0.8354746709,-1.219719531,1.271184096,0.9900442182,0.0909508273,0.1052235535,-0.02164247664,0,1
366,12200000000,0,0,0.8343267867,-1.220378958,1.274644621,0.9895770431,0.09021125702,0.1111364859,-0.01574440931,0,1
367,12233333333,0,0,0.8357309537,-1.216718842,1.273164929,0.9892214822,0.09014954238,0.1147453084,-0.01214221609,0,1
368,12266666667,0,0,0.8388896696,-1.216032673,1.274722475,0.9887213219,0.08884740639,0.1203265756,-0.007602712395,0,1
369,12300000000,0,0,0.8382748895,-1.216090917,1.278009533,0.9881810088,0.08872610617,0.1249906841,-0.001816803925,0,1
370,12333333333,0,0,0.8457018458,-1.21371172,1.273147574,0.9878367691,0.08901205817,0.1274905018,0.001242187216,0,1
371,12366666667,0,1,0.8599061761,-1.210207855,1.266344932,0.9873955696,0.08788252722,0.131586788,0.003401150392,0,1
372,12400000000,0,0,0.8607103439,-1.21058796,1.26947958,0.9862389624,0.08999737431,0.1385597251,0.005863812894,0,1
373,12433333333,0,0,0.8615309598,-1.213236039,1.269399102,0.9844266874,0.09613835954,0.1470633204,0.005821752345,0,1
374,12466666667,0,0,0.8630178863,-1.209358706,1.260925943,0.9825002024,0.1012040586,0.1561083003,0.009016067339,0,1
375,12500000000,0,0,0.8642395778,-1.204311347,1.256139408,0.9811173781,0.1000379288,0.1646371661,0.01719612572,0,1
376,12533333333,0,0,0.8634299674,-1.205715371,1.25631559,0.9798081115,0.09707970285,0.1728080368,0.0262483974,0,1
377,12566666667,0,1,0.8810331415,-1.197694878,1.25282397,0.9791983185,0.09743421411,0.1747829019,0.03358815647,0,1
378,12600000000,0,0,0.8818773227,-1.193316181,1.246988333,0.9779252832,0.09564828261,0.1813453017,0.04034139412,0,1
379,12633333333,0,0,0.8846250469,-1.189174882,1.243841367,0.97684794,0.09012969829,0.1875623341,0.04964987772,0,1
380,12666666667,0,0,0.8882557006,-1.188277529,1.244011731,0.9751284783,0.08687206458,0.1953513318,0.05844272755,0,1
381,12700000000,0,0,0.8908778553,-1.184575634,1.239250937,0.9728895899,0.08600674812,0.2037115763,0.06775159717,0,1
382,12733333333,0,0,0.8933132071,-1.185584584,1.240570982,0.9705348466,0.08883004536,0.2119168477,0.07254367073,0,1
383,12766666667,0,1,0.921196943,-1.172501527,1.219245693,0.9695606728,0.09794698378,0.2106843159,0.07726971722,0,1
384,12800000000,0,0,0.9216210571,-1.168960503,1.21019916,0.967736965,0.1026192527,0.2146694056,0.0828945229,0,1
385,12833333333,0,0,0.9228081985,-1.164613495,1.201135629,0.9661383237,0.1078780926,0.2176852464,0.08690333767,0,1
386,12866666667,0,0,0.9210272531,-1.159535546,1.188340976,0.9645298019,0.1100147992,0.2210709354,0.09330941343,0,1
387,12900000000,0,0,0.9243608885,-1.155364909,1.18028645,0.963038225,0.1126043257,0.2233759368,0.09990412384,0,1
388,12933333333,0,0,0.9219846954,-1.148782494,1.165875249,0.961417105,0.1157432626,0.2270724039,0.1035314964,0,1
389,12966666667,0,1,0.9523561026,-1.125938715,1.137951588,0.9621361284,0.1177265812,0.2212178889,0.1072248489,0,1
390,13000000000,0,0,0.955701362,-1.117263564,1.124674808,0.9610681174,0.1201264456,0.2241905138,0.1079644584,0,1
391,13033333333,0,0,0.9547878259,-1.107022188,1.108486076,0.9603101489,0.1181781538,0.2286993359,0.1074009105,0,1
392,13066666667,0,0,0.9622905025,-1.099521473,1.099996159,0.9595445299,0.118782317,0.2308407444,0.1089844352,0,1
393,13100000000,0,0,0.9644137822,-1.090108702,1.085002924,0.9588034645,0.1239888083,0.232336487,0.1065009331,0,1
394,13133333333,0,0,0.9639110861,-1.078351511,1.070231675,0.9581623762,0.1278620765,0.235592827,0.100360202,0,1
395,13166666667,0,1,0.978610891,-1.055629353,1.049899407,0.9582785025,0.1323948652,0.2353770927,0.09365647661,0,1
396,13200000000,0,0,0.9735904542,-1.040941868,1.031543773,0.9581385195,0.127315455,0.2398600589,0.09071110453,0,1
397,13233333333,0,0,0.9879993355,-1.032100711,1.025409378,0.9582053043,0.124629855,0.2412818833,0.08996136326,0,1
398,13266666667,0,0,0.9891595095,-1.017496535,1.00939954,0.9562861218,0.1313363657,0.2463910003,0.08694301191,0,1
399,13300000000,0,0,0.9831505854,-1.001614907,0.989486589,0.9549255444,0.1295654198,0.2514675925,0.08996697513,0,1
400,13333333333,0,0,0.9927148906,-0.9893260137,0.9812765985,0.9551197771,0.1252256853,0.2521640385,0.09207625556,0,1
401,13366666667,0,1,1.006926293,-0.9738276241,0.9735952484,0.9554060967,0.1281041223,0.2508198833,0.08875759322,0,1
402,13400000000,0,0,1.005507864,-0.9584674687,0.9559960635,0.9557597594,0.1262608548,0.2505253975,0.0884223054,0,1
403,13433333333,0,0,1.016172644,-0.9494568401,0.9501589958,0.9572936729,0.1241688839,0.2461798526,0.08698501172,0,1
404,13466666667,0,0,1.018468793,-0.9328409875,0.9345482013,0.9585138745,0.1259306457,0.2421784715,0.08211097823,0,1
405,13500000000,0,0,1.02440006,-0.9203981038,0.9237527365,0.9596037408,0.1253393264,0.2386194898,0.08069357447,0,1
406,13533333333,0,0,1.025569572,-0.9043971794,0.907840168,0.9602902704,0.1254093976,0.2357982612,0.08071096336,0,1
407,13566666667,0,1,1.029502752,-0.8899865224,0.8992217546,0.9613050997,0.1242510136,0.2327079006,0.07938024858,0,1
408,13600000000,0,0,1.032829476,-0.8780074413,0.8872187199,0.9626359511,0.1243737327,0.2277915226,0.07729309457,0,1
409,13633333333,0,0,1.033530351,-0.8643422018,0.8730521632,0.9643421554,0.124438565,0.2212468533,0.07489379622,0,1
410,13666666667,0,0,1.036838469,-0.85132194,0.8615715483,0.9659423021,0.1238407299,0.2150189305,0.07338802509,0,1
411,13700000000,0,0,1.039067082,-0.8400281884,0.8522257843,0.9670494159,0.1254428595,0.2100818888,0.07032151984,0,1
412,13733333333,0,0,1.038111871,-0.8297005301,0.8389586603,0.9683327915,0.1283717366,0.2033958291,0.06695101828,0,1
413,13766666667,0,1,1.034466851,-0.8170881224,0.8290046537,0.9696745749,0.1321381297,0.1951955815,0.06457103468,0,1
414,13800000000,0,0,1.036077528,-0.8075599506,0.8198762708,0.9710774079,0.1384801633,0.1843136216,0.0621321259,0,1
415,13833333333,0,0,1.038837114,-0.7962159474,0.8064772605,0.9720981372,0.1443110277,0.1753204792,0.05884104405,0,1
416,13866666667,0,0,1.042122044,-0.7870914484,0.8002947095,0.9719339326,0.1513073935,0.1700393094,0.05947383063,0,1
417,13900000000,0,0,1.042922548,-0.774050267,0.787059257,0.9716976537,0.1595009996,0.1640800337,0.05865870314,0,1
418,13933333333,0,0,1.046930617,-0.7626330097,0.7810451031,0.9715796146,0.1656885326,0.159030567,0.05735539521,0,1
419,13966666667,0,1,1.051063156,-0.7511581861,0.7738320833,0.9712117326,0.1725396982,0.1546722946,0.05526575983,0,1
420,14000000000,0,0,1.054588429,-0.7364431925,0.7636530999,0.9710137877,0.1760123787,0.152785641,0.05299447626,0,1
421,14033333333,0,0,1.057131651,-0.7253792296,0.758303021,0.9705665095,0.1774389808,0.1536811914,0.05383446947,0,1
422,14066666667,0,0,1.058102199,-0.7097769118,0.7505794108,0.969829826,0.180664979,0.1547314562,0.05337087598,0,1
423,14100000000,0,0,1.055865139,-0.692129811,0.7439156452,0.9697862768,0.1798548912,0.1560290896,0.05311985249,0,1
424,14133333333,0,0,1.055813174,-0.6824244156,0.7381378912,0.9709873042,0.1748665293,0.1536366433,0.05478260543,0,1
425,14166666667,0,1,1.056643098,-0.6712927941,0.7366729509,0.971572398,0.1755705702,0.1495168873,0.05354204638,0,1
426,14200000000,0,0,1.056291089,-0.6574429254,0.7314055783,0.972053132,0.1767732821,0.1458973435,0.0507728317,0,1
427,14233333333,0,0,1.056677727,-0.6460809414,0.7272433249,0.9722530837,0.1789833265,0.1427305831,0.04813409088,0,1
428,14266666667,0,0,1.056328981,-0.6348956328,0.7224149761,0.9720082777,0.1824564908,0.1407627919,0.0457752492,0,1
429,14300000000,0,0,1.055684822,-0.6233125699,0.7166908839,0.9710980859,0.1881251138,0.1405515821,0.04269311319,0,1
430,14333333333,0,0,1.05145095,-0.6042682881,0.7057604279,0.970593967,0.1916740296,0.1398478429,0.04063247954,0,1
431,14366666667,0,1,1.049183602,-0.5907773892,0.6980427852,0.9717584782,0.1868207323,0.1373379013,0.04383805286,0,1
432,14400000000,0,0,1.047919047,-0.5860042346,0.6959743762,0.9727151453,0.183799118,0.1341212029,0.04532806316,0,1
433,14433333333,0,0,1.046618798,-0.5746919454,0.6893420808,0.972873391,0.1861846406,0.1304754813,0.04276439426,0,1
434,14466666667,0,0,1.043130961,-0.5584991802,0.6794772084,0.9734630593,0.185953055,0.1271881745,0.04017837381,0,1
435,14500000000,0,0,1.041535793,-0.5466819804,0.6737145852,0.9746193328,0.1834354735,0.1231889639,0.03595917528,0,1
436,14533333333,0,0,1.040616276,-0.5330921751,0.6664323117,0.9754751512,0.1811705622,0.1210620325,0.03113584854,0,1
437,14566666667,0,0,1.038479319,-0.5163314529,0.6606684877,0.9763513244,0.1773549286,0.120361668,0.02822037313,0,1
438,14600000000,0,0,1.037726409,-0.5040207991,0.6570500344,0.977451422,0.1727016033,0.1192237151,0.02342177418,0,1
439,14633333333,0,0,1.038015891,-0.4914463188,0.6523918197,0.9781010161,0.1699194433,0.1187654135,0.01845431312,0,1
440,14666666667,0,1,1.037251583,-0.4831148352,0.6487591911,0.9783655375,0.1695404662,0.1177469824,0.01387636229,0,1
441,14700000000,0,0,1.044000876,-0.4689894112,0.6412735524,0.9778969293,0.1725027033,0.1175767791,0.0116667933,0,1
442,14733333333,0,0,1.050567058,-0.4558534338,0.6325402955,0.9765517608,0.1771341305,0.1216018883,0.0135328863,0,1
443,14766666667,0,0,1.052638634,-0.4373690097,0.6263714429,0.9743457634,0.184321368,0.1280569708,0.01665469449,0,1
444,14800000000,0,0,1.058160715,-0.4222668607,0.6203224442,0.972738257,0.1884253481,0.1332231585,0.02297306142,0,1
445,14833333333,0,0,1.066044861,-0.4055739314,0.6130425155,0.97128271,0.1918941697,0.1378616741,0.02794071686,0,1
446,14866666667,0,1,1.070910448,-0.3933647487,0.6028201949,0.9704031301,0.191074841,0.1441095846,0.03225829871,0,1
447,14900000000,0,0,1.074262825,-0.378539972,0.5965217093,0.9701892543,0.1888651436,0.1470602,0.03789546019,0,1
448,14933333333,0,0,1.079514006,-0.3655236915,0.5909947772,0.9704363306,0.1873238419,0.1466493169,0.040707302,0,1
449,14966666667,0,0,1.087932531,-0.351457625,0.5852214788,0.9708979982,0.1858127242,0.145394799,0.04112251323,0,1
450,15000000000,0,0,1.097558015,-0.3359472023,0.5800467151,0.9714917067,0.1821344937,0.1451127526,0.04442048113,0,1
451,15033333333,0,0,1.10838898,-0.3232236039,0.5756973495,0.9721853802,0.1760579393,0.1468055471,0.04803456893,0,1
452,15066666667,0,1,1.113639046,-0.3084903275,0.5715582472,0.9726554484,0.1675790949,0.1513627277,0.05429503016,0,1
453,15100000000,0,0,1.121911012,-0.2985810144,0.5693339694,0.973293413,0.1583100904,0.1555927071,0.05855558915,0,1
454,15133333333,0,0,1.129141596,-0.2867849643,0.5646005958,0.9734367896,0.1506301206,0.1600659047,0.06411154043,0,1
455,15166666667,0,0,1.133556252,-0.276415473,0.5597611411,0.9734000634,0.1433880705,0.163532161,0.07203756054,0,1
456,15200000000,0,0,1.136688053,-0.2616693354,0.5535631661,0.9736755554,0.1359801753,0.1653480798,0.07826440586,0,1
457,15233333333,0,0,1.142409164,-0.2533449536,0.5462502264,0.974096967,0.1280923625,0.1660775338,0.08453223178,0,1
458,15266666667,0,1,1.147623651,-0.2461405063,0.5370553697,0.9742354591,0.1232017764,0.1660171586,0.09013820292,0,1
459,15300000000,0,0,1.154107971,-0.2325707867,0.5274701295,0.9741720736,0.1190914672,0.1669374289,0.09454040569,0,1
460,15333333333,0,0,1.158854976,-0.2212563308,0.5202502559,0.973692204,0.1156143567,0.1708962446,0.09670204741,0,1
461,15366666667,0,0,1.164134066,-0.2063436253,0.50829378,0.9729645758,0.1140567797,0.1753077036,0.09797037473,0,1
462,15400000000,0,0,1.170428994,-0.1925628542,0.496328689,0.972229834,0.1090902179,0.1806104108,0.1012341532,0,1
463,15433333333,0,0,1.172110418,-0.1851362424,0.4880492812,0.9707114227,0.1073420504,0.1875938524,0.1049074096,0,1
464,15466666667,0,1,1.174358653,-0.166467053,0.4790262172,0.9690865875,0.1074776282,0.1945825007,0.1070392252,0,1
465,15500000000,0,0,1.178284284,-0.1533879614,0.4674509761,0.9679621243,0.1043683166,0.2006547333,0.1090608016,0,1
466,15533333333,0,0,1.181945,-0.1415418122,0.4566422829,0.9663688871,0.1030166192,0.2082120253,0.1103018713,0,1
467,15566666667,0,0,1.187548901,-0.1275057755,0.4430639464,0.9641823385,0.1017110965,0.217017237,0.1136256567,0,1
468,15600000000,0,0,1.189962126,-0.1195789329,0.4318704823,0.9614658819,0.1000183593,0.2272422823,0.118070449,0,1
469,15633333333,0,0,1.191072123,-0.1090605848,0.4190959803,0.9587512296,0.1002114636,0.2359268709,0.1228505348,0,1
470,15666666667,0,1,1.191962363,-0.0960661004,0.4031531755,0.956065581,0.09966852154,0.2440325313,0.1282689141,0,1
471,15700000000,0,0,1.195626143,-0.08801279587,0.3916525291,0.9534057111,0.09858449814,0.2516025174,0.1341447723,0,1
472,15733333333,0,0,1.197799147,-0.08127728631,0.3802917661,0.9499789306,0.09978248877,0.2603003896,0.1408090675,0,1
473,15766666667,0,0,1.194182771,-0.07203664741,0.3660215049,0.9460074814,0.1016937573,0.2700523614,0.1476480509,0,1
474,15800000000,0,0,1.194051139,-0.06653048973,0.3537811782,0.9420076377,0.1028043544,0.2783190435,0.156816406,0,1
475,15833333333,0,0,1.190318343,-0.06023151301,0.3415135617,0.9379364785,0.1036296505,0.2864185547,0.1658326546,0,1
476,15866666667,0,1,1.187016151,-0.05321714426,0.3282209086,0.933812663,0.1035772187,0.2937891724,0.1759363304,0,1
477,15900000000,0,0,1.183931476,-0.04750508353,0.3194452812,0.9293067444,0.1034121031,0.3013590121,0.1867556092,0,1
478,15933333333,0,0,1.181193501,-0.03971753254,0.3141647955,0.9245168113,0.1037242184,0.3113655885,0.1938076946,0,1
479,15966666667,0,0,1.174668605,-0.03343729177,0.3085476458,0.9186646949,0.1019093896,0.3248781962,0.2003092913,0,1
480,16000000000,0,0,1.168741243,-0.02726917945,0.3024802511,0.9116419356,0.09975069409,0.3387249226,0.2102955234,0,1
481,16033333333,0,0,1.168394798,-0.023282434,0.2983959453,0.9043826982,0.09701606526,0.3510867674,0.222301372,0,1
482,16066666667,0,1,1.155071326,-0.03093366686,0.2978789589,0.8937702722,0.09242509698,0.3684697805,0.2384582205,0,1
483,16100000000,0,0,1.152056023,-0.02911237112,0.2949430977,0.8831314129,0.08873242977,0.3839884995,0.2544765133,0,1
484,16133333333,0,0,1.152098462,-0.02920291048,0.2950619507,0.8708475483,0.08472980614,0.4007940451,0.2716791141,0,1
485,16166666667,0,0,1.147527308,-0.02612637258,0.2905251403,0.858096226,0.08079276394,0.4191592343,0.2853925936,0,1
486,16200000000,0,0,1.151122446,-0.02322868976,0.2844856678,0.8463511361,0.07362177747,0.4348712243,0.2985910356,0,1
487,16233333333,0,1,1.154556142,-0.01427522337,0.2708037887,0.8356609754,0.06598934943,0.4471290388,0.3120765331,0,1
488,16266666667,0,0,1.1541121,-0.01211040931,0.2733235048,0.8225311232,0.05929978068,0.462005177,0.326308602,0,1
489,16300000000,0,0,1.154123091,-0.01163351733,0.2767559189,0.808693425,0.05291425537,0.4760539192,0.3414493988,0,1
490,16333333333,0,0,1.149741559,-0.005701653384,0.2715832208,0.7967780252,0.04708395611,0.4853960527,0.3568172526,0,1
491,16366666667,0,0,1.148113799,-0.00161388945,0.2673037671,0.7861600688,0.03896981801,0.4944113963,0.3687696715,0,1
492,16400000000,0,1,1.150934736,0.05078311277,0.2323865069,0.7814236369,0.0401064406,0.4937049072,0.3795049904,0,1
493,16433333333,0,0,1.142536915,0.05610904504,0.2283219217,0.770959421,0.03176196712,0.5005115571,0.3925569128,0,1
494,16466666667,0,0,1.13208097,0.06715298381,0.2268040221,0.7625229802,0.02190162668,0.5029732134,0.4063212646,0,1
495,16500000000,0,0,1.126557832,0.07328049033,0.2315695624,0.7561913488,0.01208123292,0.5043359631,0.4167420355,0,1
496,16533333333,0,1,1.130407239,0.1294620898,0.204263122,0.7580046265,0.01049426996,0.497820585,0.4212998001,0,1
497,16566666667,0,0,1.135156264,0.1306599773,0.2103001108,0.7493496418,0.002070055004,0.5008223001,0.4331833942,0,1
498,16600000000,0,0,1.139246698,0.1322566208,0.2091296032,0.7405120329,-0.00732875924,0.5041856532,0.4442803682,0,1
499,16633333333,0,0,1.139987793,0.1399671811,0.2104431681,0.7313808097,-0.01500876516,0.507992413,0.4547532919,0,1
500,16666666667,0,0,1.137188533,0.1472235752,0.2124076805,0.7238443479,-0.02117301114,0.5111921005,0.4629078741,0,1
501,16700000000,0,1,1.12314751,0.2082358453,0.1918435239,0.7247723757,-0.01808514272,0.5074560758,0.4656890188,0,1
502,16733333333,0,0,1.122867835,0.2175457542,0.1908743184,0.7207376906,-0.02557886742,0.5077457266,0.4712506551,0,1
503,16766666667,0,0,1.121410128,0.22817435,0.1911975665,0.7174277404,-0.03024997268,0.5086475088,0.4750369335,0,1
504,16800000000,0,0,1.119627613,0.2349638676,0.1850913201,0.7165393953,-0.03678863369,0.5074317571,0.4772115917,0,1
505,16833333333,0,0,1.119920844,0.2389126195,0.1784979932,0.7177471133,-0.04681238297,0.5042463726,0.4778946306,0,1
506,16866666667,0,0,1.11907947,0.2454420289,0.1791888469,0.7187479203,-0.05557491981,0.5008390336,0.4790335247,0,1
507,16900000000,0,1,1.117389462,0.2956836161,0.1654165255,0.7299887281,-0.05482747337,0.4937440762,0.4693902346,0,1
508,16933333333,0,0,1.122195674,0.3007915135,0.1621022069,0.7354322232,-0.06505993597,0.4897873353,0.4636971167,0,1
509,16966666667,0,0,1.125616725,0.3072529076,0.1592993859,0.7399475552,-0.07400572115,0.4864011675,0.4587097919,0,1
510,17000000000,0,0,1.128179585,0.316164041,0.1560919891,0.7439950024,-0.08116806875,0.483199474,0.4543142628,0,1
511,17033333333,0,0,1.132586079,0.3247035293,0.153989754,0.746412892,-0.08608481606,0.4816366948,0.451091225,0,1
512,17066666667,0,0,1.138154862,0.3314626493,0.1432993269,0.7483490513,-0.09107635049,0.4794529258,0.4492256535,0,1
513,17100000000,0,1,1.128908083,0.3639531931,0.140370105,0.7490185302,-0.08939701872,0.478703102,0.4492468748,0,1
514,17133333333,0,0,1.139842801,0.3737672391,0.1318899398,0.7491833165,-0.09284911171,0.4781109091,0.448902394,0,1
515,17166666667,0,0,1.136672655,0.3862208036,0.125289159,0.7491971124,-0.09307491139,0.4799353138,0.4468812395,0,1
516,17200000000,0,0,1.136484453,0.3971999967,0.1156917538,0.7491175828,-0.09465418952,0.4793630752,0.447296852,0,1
517,17233333333,0,0,1.143162056,0.4053606726,0.1048240395,0.7483155398,-0.09726106429,0.479127118,0.4483317333,0,1
518,17266666667,0,0,1.139799099,0.4198794188,0.09148483183,0.7478430571,-0.09756697461,0.4798393859,0.4482918816,0,1
519,17300000000,0,1,1.139660998,0.4404081415,0.08296897894,0.7468581716,-0.09872237011,0.4793539077,0.4501961754,0,1
520,17333333333,0,0,1.145643676,0.4509792429,0.07248015022,0.7449843366,-0.1016151019,0.4794837627,0.452513017,0,1
521,17366666667,0,0,1.147455154,0.4655300029,0.05752622803,0.7439782778,-0.1035650292,0.4798420113,0.4533456199,0,1
522,17400000000,0,0,1.15143901,0.4772184438,0.04335387009,0.7419470104,-0.1068312678,0.4822073222,0.4534068949,0,1
523,17433333333,0,0,1.153521879,0.4867012849,0.03150430527,0.7382785747,-0.1099296724,0.4873783379,0.4531253348,0,1
524,17466666667,0,0,1.149593028,0.497158488,0.02263735576,0.7326388057,-0.1123861658,0.4940160209,0.4544864147,0,1
525,17500000000,0,1,1.15580852,0.4955166015,0.01937553584,0.7248691468,-0.1164720837,0.5000653958,0.4592750523,0,1
526,17533333333,0,0,1.156992421,0.5023990737,0.008572201182,0.7187611828,-0.1168096354,0.505345605,0.4629942664,0,1
527,17566666667,0,0,1.155666365,0.5098295083,-0.000294449166,0.7118195008,-0.1164890829,0.5113204905,0.4672201278,0,1
528,17600000000,0,0,1.157679455,0.514461509,-0.007096462047,0.7032470089,-0.115244259,0.5179880943,0.4731286711,0,1
529,17633333333,0,0,1.158762373,0.5191737632,-0.02106045377,0.6944188299,-0.1126752767,0.5247231178,0.4793249632,0,1
530,17666666667,0,0,1.160840856,0.5269335566,-0.03706909464,0.6827035855,-0.1080954194,0.5335541884,0.4873921652,0,1
531,17700000000,0,1,1.160565462,0.5391103929,-0.04848125366,0.6689402329,-0.1013004661,0.5438655308,0.4964548971,0,1
532,17733333333,0,0,1.164903742,0.5383562944,-0.05489441736,0.6534315705,-0.09623206575,0.5556898406,0.5049508622,0,1
533,17766666667,0,0,1.165389663,0.5393711198,-0.06337827414,0.640055112,-0.08807335476,0.566815095,0.5111684515,0,1
534,17800000000,0,0,1.160274724,0.5455918473,-0.07308563853,0.6282689124,-0.08003940269,0.5776657137,0.5149506684,0,1
535,17833333333,0,0,1.165282579,0.5456651634,-0.08770176397,0.615034647,-0.07423288544,0.5892995479,0.5186018748,0,1
536,17866666667,0,1,1.167886639,0.558539081,-0.1100962547,0.6036555038,-0.06478585792,0.6006176915,0.5202511067,0,1
537,17900000000,0,0,1.165275954,0.5584227184,-0.120381479,0.5927674511,-0.05826029673,0.614682626,0.5171051692,0,1
538,17933333333,0,0,1.162366675,0.5512023249,-0.1285098836,0.5825712986,-0.05311527555,0.6280583392,0.5131590125,0,1
539,17966666667,0,0,1.161095825,0.544567662,-0.1357639543,0.5720094261,-0.047587086,0.6410825836,0.509464235,0,1
540,18000000000,0,0,1.161471955,0.5338957061,-0.1461008876,0.561268638,-0.04175895275,0.6528891369,0.5069215727,0,1
541,18033333333,0,0,1.163065866,0.5298386055,-0.1549645145,0.5522053038,-0.03500237686,0.6647104945,0.5020000942,0,1
542,18066666667,0,1,1.157629649,0.5321493648,-0.1729420414,0.543937093,-0.02558706394,0.6748473655,0.4980549913,0,1
543,18100000000,0,0,1.15531583,0.5297082881,-0.1808677626,0.5346812897,-0.01725764863,0.6865402463,0.492423174,0,1
544,18133333333,0,0,1.155572746,0.5218649501,-0.1884881929,0.5250381523,-0.01028239176,0.6983902239,0.4862924081,0,1
545,18166666667,0,0,1.156526577,0.5143997707,-0.1982841656,0.5157579393,-0.001949963503,0.7101298656,0.4792760371,0,1
546,18200000000,0,0,1.155337898,0.5108286151,-0.2061535287,0.5065416324,0.006141816634,0.7239422461,0.4682792725,0,1
547,18233333333,0,1,1.154026741,0.4837305613,-0.2137409909,0.4950821133,0.007835411147,0.7371725302,0.4597923098,0,1
548,18266666667,0,0,1.149427974,0.4742299143,-0.2196783568,0.4837534457,0.01413823912,0.7505404963,0.4499685293,0,1
549,18300000000,0,0,1.149019311,0.4662070746,-0.225747156,0.4718555319,0.01960924492,0.7648668404,0.4381170518,0,1
550,18333333333,0,0,1.142023009,0.4572788507,-0.23137487,0.4590089937,0.02501642038,0.7784842569,0.4273724187,0,1
551,18366666667,0,1,1.145426139,0.4401238423,-0.2453793107,0.4459669252,0.0298252465,0.7899223885,0.4198173132,0,1
552,18400000000,0,0,1.13693501,0.4307511572,-0.2490050194,0.4339750932,0.03651399042,0.801901409,0.4090066959,0,1
553,18433333333,0,0,1.135904824,0.4200498959,-0.2523386207,0.4202579275,0.04263132589,0.8129979702,0.4007494789,0,1
554,18466666667,0,0,1.134064007,0.4068065362,-0.2627158667,0.4063060482,0.05180468895,0.8232604678,0.3930316419,0,1
555,18500000000,0,0,1.134407376,0.3950397303,-0.2656324949,0.392609702,0.06082845817,0.8342650098,0.3823080093,0,1
556,18533333333,0,1,1.123602712,0.3799599956,-0.2827293013,0.3816156905,0.06822787577,0.8420957783,0.3749521594,0,1
557,18566666667,0,0,1.122956761,0.3671257731,-0.2824171397,0.3684798986,0.07496368823,0.8510009534,0.3666065835,0,1
558,18600000000,0,0,1.11950456,0.3556373431,-0.2851709362,0.3579937431,0.08332099414,0.8580920827,0.358575054,0,1
559,18633333333,0,0,1.112455389,0.3469701644,-0.2822346742,0.3505220184,0.09150905699,0.8637083573,0.3503830484,0,1
560,18666666667,0,0,1.108250482,0.3395435809,-0.288621639,0.3448218463,0.09897472017,0.868532255,0.3419848258,0,1
561,18700000000,0,0,1.103556955,0.3335037048,-0.2857758998,0.3381424855,0.1049646209,0.8740729323,0.3326238067,0,1
562,18733333333,0,1,1.105470707,0.2975638386,-0.297991473,0.3288501798,0.1128939286,0.8772764412,0.3309056752,0,1
563,18766666667,0,0,1.098844438,0.2892908079,-0.2966249347,0.3226109138,0.1196098661,0.8818482839,0.3224271739,0,1
564,18800000000,0,0,1.094314082,0.2818844013,-0.293747374,0.3170169271,0.1244429215,0.8863674832,0.3136349978,0,1
565,18833333333,0,0,1.086701471,0.2745138498,-0.2907035576,0.3133455394,0.1284213602,0.8907117717,0.3032409387,0,1
566,18866666667,0,0,1.081280724,0.2639858882,-0.2855446166,0.3083221933,0.1314095299,0.8955013667,0.2928246281,0,1
567,18900000000,0,0,1.077158952,0.2562559111,-0.2797318076,0.3035883217,0.1346336882,0.9001563722,0.2818269087,0,1
568,18933333333,0,1,1.080639227,0.2202675093,-0.2844641892,0.2988680041,0.1340958672,0.9036879294,0.2757613837,0,1
569,18966666667,0,0,1.077459604,0.2083922006,-0.2801096507,0.2970362599,0.1372283476,0.9064974205,0.2668337826,0,1
570,19000000000,0,0,1.074713271,0.2018700889,-0.2772921525,0.2990737097,0.141069995,0.9075232722,0.258951121,0,1
571,19033333333,0,0,1.072170083,0.1918641864,-0.2720794738,0.3002682284,0.1460837739,0.9089488418,0.2496207625,0,1
572,19066666667,0,0,1.065957158,0.1842292738,-0.2701510546,0.3026160006,0.1502840248,0.9096081251,0.2417670921,0,1
573,19100000000,0,0,1.062952485,0.1765928525,-0.2650637883,0.3048824228,0.1538618435,0.9102512991,0.2341277724,0,1
574,19133333333,0,1,1.049248553,0.1557323332,-0.2790533716,0.309984465,0.1552363519,0.9092912163,0.2302190052,0,1
575,19166666667,0,0,1.045596114,0.1466105634,-0.2745074613,0.3102996316,0.1572763139,0.9103019654,0.2243404364,0,1
576,19200000000,0,0,1.043161919,0.1384395271,-0.2697211038,0.3083152483,0.1577217415,0.9118436826,0.2204691781,0,1
577,19233333333,0,0,1.039493092,0.131667827,-0.2676062143,0.3045911691,0.1584641755,0.9133438033,0.2188981994,0,1
578,19266666667,0,0,1.034571207,0.1245674222,-0.2654102562,0.2999595829,0.1598056983,0.9143392994,0.2201591084,0,1
579,19300000000,0,0,1.031564147,0.119792192,-0.265404434,0.2956250389,0.1607783974,0.914759081,0.2235441052,0,1
580,19333333333,0,1,1.037555695,0.08713896198,-0.2855455684,0.2923467942,0.1559996056,0.9140896882,0.233746694,0,1
581,19366666667,0,0,1.037249244,0.08410264471,-0.2836141446,0.2880502624,0.151644536,0.9150689455,0.2380752107,0,1
582,19400000000,0,0,1.039821388,0.08018457797,-0.2808388129,0.2797590376,0.147469926,0.9172256492,0.2422490666,0,1
583,19433333333,0,0,1.036348621,0.07465191229,-0.2816035022,0.2710818403,0.1420144943,0.9191341932,0.2480702606,0,1
584,19466666667,0,0,1.032866052,0.07327466854,-0.2792152317,0.2622157927,0.134872261,0.92104998,0.2543998537,0,1
585,19500000000,0,0,1.035311306,0.07393450057,-0.2749455038,0.2508172458,0.1285659407,0.9235727856,0.2599515682,0,1
586,19533333333,0,1,1.056635064,0.04317022397,-0.2776836331,0.2343664985,0.1207942415,0.9249171063,0.2738785171,0,1
587,19566666667,0,0,1.055362515,0.04401309677,-0.2744820877,0.2241529031,0.112646681,0.9259436881,0.2823021215,0,1
588,19600000000,0,0,1.055130831,0.04470405305,-0.2694300908,0.2121379008,0.1049520885,0.9273232691,0.2899208939,0,1
589,19633333333,0,0,1.052355603,0.04305383783,-0.2706777356,0.2011116815,0.09926438185,0.9273080108,0.299667361,0,1
590,19666666667,0,0,1.047273415,0.04170522718,-0.2687544751,0.1920931463,0.09159577332,0.926818753,0.3093823467,0,1
591,19700000000,0,0,1.039790072,0.03886814933,-0.2647691693,0.1839964254,0.08582231198,0.9248693161,0.3215534082,0,1
592,19733333333,0,1,1.04387286,0.04006815928,-0.2689003702,0.1758699491,0.08284819981,0.9214350907,0.3363975483,0,1
593,19766666667,0,0,1.044342105,0.04290116193,-0.2719140133,0.169754913,0.0779149579,0.918035989,0.3497462678,0,1
594,19800000000,0,0,1.045160027,0.04591618608,-0.2684707534,0.1633841678,0.07142264216,0.9158766908,0.359686401,0,1
595,19833333333,0,0,1.037937771,0.0370728089,-0.2600146964,0.1568941949,0.06376790685,0.9124325509,0.3725381936,0,1
596,19866666667,0,0,1.040418118,0.03781720501,-0.2632264632,0.1527333276,0.0571966653,0.9072977963,0.3875716463,0,1
597,19900000000,0,0,1.040505235,0.04145604864,-0.2609792445,0.1511998938,0.05250808276,0.901707712,0.401627558,0,1
598,19933333333,0,1,0.9964926723,0.08715868186,-0.2492400176,0.1611197739,0.05430758249,0.8970662588,0.4078764914,0,1
599,19966666667,0,0,0.9943732291,0.08496538311,-0.2516200766,0.1631019407,0.0519720465,0.8900107562,0.4225843314,0,1
600,20000000000,0,0,0.9952852524,0.08449192718,-0.2513110522,0.164860288,0.04739831224,0.8832931718,0.4363114233,0,1
601,20033333333,0,0,0.9982485494,0.09267064314,-0.2476449163,0.1651543538,0.04467606024,0.8777077319,0.4476128086,0,1
602,20066666667,0,0,0.9986740152,0.09178616273,-0.247108826,0.1638945516,0.04210212648,0.8727337103,0.4579321542,0,1
603,20100000000,0,0,0.9969456964,0.08777094851,-0.2450481663,0.162401515,0.03639332714,0.8677281938,0.4683471527,0,1
604,20133333333,0,1,0.9555116423,0.1376018088,-0.221739113,0.1682666741,0.03455911709,0.8665799827,0.4685414894,0,1
605,20166666667,0,0,0.9542931347,0.138392816,-0.2207472039,0.1658792399,0.03150536707,0.8612545223,0.479303805,0,1
606,20200000000,0,0,0.9531699281,0.1407398772,-0.2203562823,0.1630247923,0.02843422432,0.85573546,0.4902358968,0,1
607,20233333333,0,0,0.9528524714,0.1414977066,-0.2187032073,0.1599069418,0.02401273403,0.8493362412,0.5024749825,0,1
608,20266666667,0,0,0.9520064447,0.1445897289,-0.2213096251,0.1572037108,0.01989306684,0.8422672253,0.5152447772,0,1
609,20300000000,0,0,0.9505665525,0.1473413821,-0.2207333059,0.1534938789,0.01567259622,0.8353385335,0.5276395865,0,1
610,20333333333,0,1,0.9356021475,0.1825614504,-0.1930305384,0.1511217524,0.01262168299,0.832377472,0.5330578329,0,1
611,20366666667,0,0,0.9337504796,0.1853196597,-0.1933369245,0.145135021,0.00979529528,0.8256840848,0.5450556577,0,1
612,20400000000,0,0,0.93147817,0.1894500204,-0.1943191938,0.1368668826,0.005663118879,0.8190951173,0.557062451,0,1
613,20433333333,0,0,0.9301447475,0.1940301321,-0.1931436666,0.1260376648,-0.0001431107114,0.8127941461,0.568753165,0,1
614,20466666667,0,0,0.9282080303,0.1985211883,-0.1950988669,0.1141614878,-0.006758234915,0.8051647176,0.5819203197,0,1
615,20500000000,0,1,0.8921620492,0.2348110805,-0.1799978536,0.1079560543,-0.009889819522,0.8024887551,0.5867362949,0,1
616,20533333333,0,0,0.8884480411,0.2425797739,-0.1828477616,0.09459614215,-0.01543073792,0.7963644281,0.5971743129,0,1
617,20566666667,0,0,0.8868669095,0.2483184614,-0.1876044501,0.07911957334,-0.02166054518,0.7910386641,0.6062414913,0,1
618,20600000000,0,0,0.8875553825,0.2527409682,-0.188598624,0.06212848878,-0.02590983592,0.7864903739,0.613923141,0,1
619,20633333333,0,0,0.8938848204,0.2496734256,-0.1871686585,0.04471468094,-0.02845049458,0.7816985736,0.6214004399,0,1
620,20666666667,0,1,0.9004644014,0.2601646097,-0.1859596358,0.02872004086,-0.02975058481,0.7785376419,0.6262341431,0,1
621,20700000000,0,0,0.9029080333,0.2651055337,-0.187810649,0.01430450243,-0.02962587349,0.7756843368,0.6302630392,0,1
622,20733333333,0,0,0.9042442665,0.2692204261,-0.1874567604,0.001249918427,-0.03034936172,0.7729982669,0.6336805452,0,1
623,20766666667,0,0,0.9067646283,0.2732221758,-0.1900013962,-0.0126778547,-0.02917703602,0.7686655744,0.6388593017,0,1
624,20800000000,0,0,0.9099195025,0.2783092404,-0.194612689,-0.02630379904,-0.02520349278,0.7665980881,0.641093024,0,1
625,20833333333,0,0,0.9133178274,0.2838858451,-0.1938766517,-0.03630975603,-0.02342638922,0.7663920743,0.6409180871,0,1
626,20866666667,0,1,0.9282740419,0.3000204033,-0.201719078,-0.04707157209,-0.02303996503,0.7647715942,0.6421665172,0,1
627,20900000000,0,0,0.929209005,0.307102667,-0.2026590094,-0.05227893852,-0.02395044381,0.7648741791,0.6416079636,0,1
628,20933333333,0,0,0.9334698106,0.3125511055,-0.2025703226,-0.05931699737,-0.02599307409,0.7643550195,0.6415350794,0,1
629,20966666667,0,0,0.9367646257,0.319573628,-0.2036100213,-0.06439131869,-0.02712278707,0.7633829901,0.6421561515,0,1
630,21000000000,0,0,0.9404008521,0.325792788,-0.2034638764,-0.06733650538,-0.02872021384,0.7611078355,0.644481037,0,1
631,21033333333,0,0,0.9441082601,0.3331787944,-0.2051036953,-0.07154152461,-0.02620621238,0.7583225898,0.6474116885,0,1
632,21066666667,0,1,0.9776301351,0.3367488894,-0.2029149136,-0.08357646207,-0.02643699262,0.7552811269,0.6495124939,0,1
633,21100000000,0,0,0.9828943807,0.3443508441,-0.2041663156,-0.0916204008,-0.0193490906,0.7502432931,0.6544969947,0,1
634,21133333333,0,0,0.9813379165,0.3572172284,-0.2067134863,-0.09561313341,-0.01240777593,0.7471464252,0.6576293752,0,1
635,21166666667,0,0,0.9848440493,0.3640848072,-0.2093578577,-0.100618171,-0.007350094722,0.7461568964,0.6580819446,0,1
636,21200000000,0,0,0.9878231091,0.373526994,-0.2100919803,-0.1038328238,-0.002344405801,0.7452978589,0.6585927041,0,1
637,21233333333,0,0,0.9890642479,0.3833504932,-0.2106277161,-0.107566591,0.00186701286,0.7456716116,0.6575711296,0,1
638,21266666667,0,1,0.9973625411,0.3969809329,-0.211721309,-0.1153561892,0.0072087937,0.7463546695,0.6554354966,0,1
639,21300000000,0,0,1.001368726,0.4037726154,-0.2101856993,-0.1189029046,0.0103495132,0.7474004316,0.653565285,0,1
640,21333333333,0,0,1.007842955,0.4083898406,-0.2135085811,-0.1244580044,0.0142937189,0.7453578439,0.6547881942,0,1
641,21366666667,0,0,1.012700975,0.4138238784,-0.2231632361,-0.1265857837,0.0230318324,0.7431513188,0.656636651,0,1
642,21400000000,0,0,1.018278376,0.4191747523,-0.2255212505,-0.1213355292,0.02831239537,0.7431707377,0.6573989293,0,1
643,21433333333,0,0,1.020456371,0.4262674333,-0.2291870111,-0.1130466888,0.03292212487,0.7429983543,0.6588550868,0,1
644,21466666667,0,1,1.027789868,0.4310903591,-0.2391787763,-0.1043341614,0.03660262661,0.7424461182,0.6607180881,0,1
645,21500000000,0,0,1.029841426,0.4408645132,-0.2444933772,-0.09329018711,0.03938269006,0.7435750053,0.6609403575,0,1
646,21533333333,0,0,1.031901801,0.4497592224,-0.2484799264,-0.08273964355,0.03944700226,0.7463848335,0.6591720304,0,1
647,21566666667,0,0,1.033103542,0.4565473742,-0.2550483617,-0.07579744458,0.04077725448,0.7480522867,0.6580347554,0,1
648,21600000000,0,0,1.036004022,0.4631256361,-0.2654161253,-0.06817131807,0.0426697959,0.7502559493,0.6562377393,0,1
649,21633333333,0,0,1.041603569,0.4677755629,-0.2712748063,-0.05941884255,0.04380461425,0.7538385944,0.6528996328,0,1
650,21666666667,0,1,1.046190343,0.4711383761,-0.2826802223,-0.05234178994,0.04916190955,0.7552007077,0.6515484132,0,1
651,21700000000,0,0,1.049556521,0.4781284298,-0.2905701292,-0.04253010655,0.05270734056,0.7567409765,0.6501970631,0,1
652,21733333333,0,0,1.053654891,0.4832900685,-0.2972552547,-0.03140914869,0.0541618807,0.7585289538,0.6486245311,0,1
653,21766666667,0,0,1.054835873,0.4909554732,-0.3067589309,-0.02035524354,0.05686550885,0.7599237041,0.6472000787,0,1
654,21800000000,0,0,1.060210736,0.4951432212,-0.3161534829,-0.009122750337,0.05811729261,0.7621905747,0.644674091,0,1
655,21833333333,0,0,1.066342771,0.4988029519,-0.3249294692,0.004679729095,0.05857417886,0.7643763847,0.6420871501,0,1
656,21866666667,0,1,1.069127925,0.504387908,-0.3350887947,0.02112165221,0.05922138064,0.7665834867,0.6390590441,0,1
657,21900000000,0,0,1.072943382,0.5071927036,-0.343225317,0.03602072832,0.05969007682,0.7690463374,0.6353796761,0,1
658,21933333333,0,0,1.076695759,0.5101498783,-0.3522944541,0.0515325583,0.0595334304,0.7714739113,0.6313700739,0,1
659,21966666667,0,0,1.07950963,0.5127789541,-0.3606272714,0.06636262049,0.05877059023,0.774621145,0.6261821636,0,1
660,22000000000,0,0,1.086911741,0.5153634372,-0.3700133404,0.07824571276,0.0597941945,0.7777498151,0.6208119585,0,1
661,22033333333,0,0,1.089719671,0.5168770982,-0.3778849092,0.09226265654,0.06179029232,0.7819780916,0.6133350033,0,1
662,22066666667,0,1,1.096219901,0.5280190129,-0.3849027324,0.1033481775,0.06179306784,0.7859337061,0.606472572,0,1
663,22100000000,0,0,1.102479757,0.5328963115,-0.3944544502,0.1128767732,0.06123644922,0.7907302358,0.5985437541,0,1
664,22133333333,0,0,1.107182938,0.5344735262,-0.4021363989,0.1219103802,0.06099278018,0.7972049261,0.5881173741,0,1
665,22166666667,0,0,1.106191637,0.5313264706,-0.4098790935,0.1322163835,0.06229966945,0.8000309966,0.5818831357,0,1
666,22200000000,0,0,1.112108801,0.5387676117,-0.4165817966,0.1413552366,0.05979733721,0.8023219007,0.5768210669,0,1
667,22233333333,0,0,1.115968283,0.5424552982,-0.4259523148,0.1463556524,0.05658145857,0.8060721324,0.5706367311,0,1
668,22266666667,0,1,1.121124649,0.5462225692,-0.4266993757,0.1479524452,0.05241937787,0.8111916358,0.5633208791,0,1
669,22300000000,0,0,1.120386549,0.5462377285,-0.4325179528,0.1476227888,0.05002085941,0.8128077936,0.5612921846,0,1
670,22333333333,0,0,1.127060835,0.5538543733,-0.4357477116,0.1421258551,0.04796491446,0.8158679689,0.558443431,0,1
671,22366666667,0,0,1.127830773,0.5555034339,-0.4413325086,0.1322159846,0.04510315711,0.8210044893,0.5535668589,0,1
672,22400000000,0,0,1.126368048,0.5585122851,-0.445369313,0.120313192,0.0430115769,0.8246051249,0.5510908529,0,1
673,22433333333,0,0,1.126685821,0.5615372985,-0.446723012,0.1078384101,0.04086645741,0.8278679324,0.5489403397,0,1
674,22466666667,0,1,1.123946487,0.5639903493,-0.4476616103,0.09930740039,0.03904447373,0.8307247187,0.5463606968,0,1
675,22500000000,0,0,1.124175336,0.5666603113,-0.449978778,0.0919632868,0.03640447501,0.8335817108,0.5434694098,0,1
676,22533333333,0,0,1.124003156,0.565929026,-0.4496672899,0.08322309092,0.03521126393,0.8358011161,0.5415446226,0,1
677,22566666667,0,0,1.124100641,0.5667847675,-0.4506152185,0.07452237808,0.03539108889,0.8361012408,0.5423362436,0,1
678,22600000000,0,0,1.124524342,0.568245292,-0.4519312979,0.0661803179,0.03468892311,0.8366445889,0.5426257237,0,1
679,22633333333,0,0,1.124418301,0.5682830298,-0.4521184096,0.05734829215,0.03515136951,0.8372002192,0.5427442745,0,1
680,22666666667,0,1,1.12511804,0.5698055179,-0.4520903103,0.0480539728,0.0363697865,0.835929795,0.5455175819,0,1
681,22700000000,0,0,1.125140879,0.5707229743,-0.4522507524,0.03884303518,0.03651090732,0.8356228153,0.5467107854,0,1
682,22733333333,0,0,1.125115551,0.5705356558,-0.4522197705,0.02911089138,0.03594465706,0.8359181449,0.5469016298,0,1
683,22766666667,0,0,1.125107436,0.5706252952,-0.4520913965,0.01849365165,0.03380341333,0.8356573535,0.5478978935,0,1
684,22800000000,0,0,1.125623665,0.5706451812,-0.4521494265,0.005333932313,0.03300737081,0.835623114,0.5482846651,0,1
685,22833333333,0,0,1.125021204,0.5710978107,-0.4517669964,-0.009327794639,0.03247786495,0.8358603412,0.5479011503,0,1
686,22866666667,0,1,1.12344973,0.5727646206,-0.4520432028,-0.02452518856,0.02974581136,0.8356411098,0.5479211964,0,1
687,22900000000,0,0,1.12393095,0.5713711962,-0.4511966069,-0.04376294872,0.0281530638,0.8346108076,0.5483767037,0,1
688,22933333333,0,0,1.123696472,0.5709388867,-0.4508451463,-0.06322786269,0.02718168555,0.8330067214,0.5489655686,0,1
689,22966666667,0,0,1.123563996,0.5701108008,-0.4504025831,-0.08208154735,0.02668933274,0.8307085533,0.5499759981,0,1
690,23000000000,0,0,1.123848585,0.5698311072,-0.4501278354,-0.1001610056,0.0262613568,0.828358198,0.5505459199,0,1
691,23033333333,0,0,1.123398559,0.5683092281,-0.4490559601,-0.1157806613,0.02288871517,0.8262026601,0.5508721355,0,1
692,23066666667,0,1,1.123779357,0.5631981302,-0.4475144792,-0.1323831361,0.02083552997,0.8222595537,0.5531092227,0,1
693,23100000000,0,0,1.123797638,0.5631205396,-0.44748639,-0.1469125029,0.01895032437,0.8178202461,0.55608241,0,1
694,23133333333,0,0,1.123814485,0.5630321663,-0.4474524731,-0.1593128528,0.01701903632,0.8132494277,0.559423932,0,1
695,23166666667,0,0,1.123810638,0.5630199364,-0.4474450237,-0.1705850073,0.01402844977,0.8087479898,0.5626994285,0,1
696,23200000000,0,1,1.123808975,0.5628850173,-0.4473850968,-0.1806295909,0.01278308358,0.8038893717,0.566543398,0,1
697,23233333333,0,0,1.12382099,0.5628065196,-0.4473526104,-0.1882342446,0.01136556955,0.7992136837,0.5706979769,0,1
698,23266666667,0,0,1.123829888,0.5627289143,-0.4473071268,-0.1949871882,0.008621689125,0.79454656,0.5749795013,0,1
699,23300000000,0,0,1.123855917,0.5626140677,-0.4472554021,-0.2025700497,0.005400118436,0.7897931202,0.5789326739,0,1
700,23333333333,0,1,1.123846795,0.5624202577,-0.4471173071,-0.2109735491,0.003154217046,0.7850818819,0.5823458175,0,1
701,23366666667,0,0,1.123859527,0.5623201675,-0.4470672717,-0.2210549685,0.0002935221561,0.7795770039,0.5859985578,0,1
702,23400000000,0,0,1.12388632,0.5622048604,-0.447018911,-0.2298679912,-0.00413033766,0.7748534006,0.5888513008,0,1
703,23433333333,0,0,1.12390037,0.5620871422,-0.4469592826,-0.2385402157,-0.007698121074,0.7695183558,0.5923519262,0,1
704,23466666667,0,1,1.123876252,0.5618130652,-0.4468072614,-0.2483888247,-0.007711189015,0.7646089881,0.5946567285,0,1
705,23500000000,0,0,1.1238885,0.561706652,-0.4467624093,-0.2562906828,-0.009479074368,0.7607347906,0.596244758,0,1
706,23533333333,0,0,1.123913426,0.5615616567,-0.4467007817,-0.2620322853,-0.01063883502,0.7564604012,0.5991607114,0,1
707,23566666667,0,0,1.123900234,0.5614774345,-0.4466606844,-0.2662310023,-0.01065028407,0.7516658222,0.6033291942,0,1
708,23600000000,0,0,1.123906953,0.5613517053,-0.446604315,-0.2670716304,-0.01242285508,0.7494212128,0.6057113692,0,1
709,23633333333,0,1,1.123856678,0.5609952648,-0.446404554,-0.2639029441,-0.01397013847,0.7476386648,0.6092589747,0,1
710,23666666667,0,0,1.12386242,0.5608693175,-0.446356874,-0.2610465404,-0.01812882256,0.7466981235,0.6115291995,0,1
711,23700000000,0,0,1.123884598,0.5607119563,-0.4462944446,-0.2555615768,-0.02630661426,0.747743293,0.6122713535,0,1
712,23733333333,0,0,1.123891309,0.5605429761,-0.4462165714,-0.2512763282,-0.03594069788,0.7469025711,0.6145771085,0,1
713,23766666667,0,0,1.123891038,0.560380089,-0.4461571017,-0.2498363378,-0.04483566164,0.7459789149,0.6157004355,0,1
714,23800000000,0,1,1.123669808,0.5598627249,-0.4459518865,-0.2471525427,-0.04753504762,0.7469799952,0.6153673103,0,1
715,23833333333,0,0,1.123679235,0.5596363683,-0.4458898277,-0.2474694105,-0.05239986845,0.7464669223,0.6154675285,0,1
716,23866666667,0,0,1.123682311,0.5594873013,-0.4458354564,-0.245555822,-0.05640348834,0.7459405048,0.6165174353,0,1
717,23900000000,0,0,1.123670599,0.5592776135,-0.4457565095,-0.2407214107,-0.06203167194,0.7481226307,0.6152380056,0,1
718,23933333333,0,0,1.123661571,0.5590551875,-0.4456737951,-0.2375286056,-0.06887628616,0.748947499,0.6147469906,0,1
719,23966666667,0,1,1.12315036,0.558902793,-0.4455589991,-0.2287476099,-0.06848613015,0.7509747249,0.6156469309,0,1
720,24000000000,0,0,1.123131648,0.5586429909,-0.4454777602,-0.2225360579,-0.07522901482,0.7526245063,0.6151216552,0,1
721,24033333333,0,0,1.123132102,0.5583465797,-0.4453908506,-0.2179195808,-0.08147635405,0.753183212,0.6152948148,0,1
722,24066666667,0,0,1.123137663,0.5581448859,-0.4453201992,-0.2129138808,-0.08839932419,0.7545886053,0.614369006,0,1
723,24100000000,0,0,1.123104257,0.5578471648,-0.4452215543,-0.2058820478,-0.09507900862,0.7567438678,0.6131160438,0,1
724,24133333333,0,1,1.122380999,0.5578937611,-0.4451757227,-0.1921013093,-0.09156040777,0.7604271657,0.6135668703,0,1
725,24166666667,0,0,1.122347199,0.5575656346,-0.4450945401,-0.1829595337,-0.09920859908,0.7637924292,0.6109865694,0,1
726,24200000000,0,0,1.122285159,0.5572154361,-0.4450329503,-0.1747588619,-0.1074075994,0.7673114371,0.6075821807,0,1
727,24233333333,0,0,1.122284131,0.5568843969,-0.4449595743,-0.1664162969,-0.1181693366,0.7715606591,0.6025245002,0,1
728,24266666667,0,0,1.122214454,0.55657554,-0.4449233507,-0.1609807769,-0.1232892112,0.7749839154,0.5985690359,0,1
729,24300000000,0,0,1.122166265,0.556326445,-0.4448535554,-0.1547450234,-0.1278231885,0.7800922232,0.5925971089,0,1
730,24333333333,0,1,1.121288631,0.5564305558,-0.4448324492,-0.146632668,-0.1162062709,0.7860622707,0.5891528408,0,1
731,24366666667,0,0,1.121191226,0.5561100425,-0.4448155042,-0.1448514711,-0.1197177852,0.7866980852,0.5880406669,0,1
732,24400000000,0,0,1.121105906,0.555859345,-0.4448460225,-0.1428110647,-0.1225439048,0.7884112641,0.5856583218,0,1
733,24433333333,0,0,1.121007127,0.5555789274,-0.44478499,-0.1414183283,-0.1219863259,0.791033748,0.5825682812,0,1
734,24466666667,0,0,1.120937297,0.5553461209,-0.444744948,-0.1408950212,-0.1190604776,0.7925878875,0.581186404,0,1
735,24500000000,0,0,1.120815618,0.5550331097,-0.4447782645,-0.1395431227,-0.1153264311,0.7931900742,0.5814439246,0,1
736,24533333333,0,1,1.12012129,0.5553311334,-0.4447564308,-0.1378537332,-0.1053459047,0.7967597368,0.5788544812,0,1
737,24566666667,0,0,1.120001824,0.5550453204,-0.4448183559,-0.1418623401,-0.1055751517,0.7965490424,0.5781337102,0,1
738,24600000000,0,0,1.119878978,0.5547182009,-0.4448092432,-0.1486783727,-0.1041025839,0.7965393064,0.5766996852,0,1
739,24633333333,0,0,1.119746418,0.554427753,-0.4448931629,-0.1580604118,-0.1016051772,0.7958636989,0.575581677,0,1
740,24666666667,0,0,1.11962422,0.5542581322,-0.4448781685,-0.1686357522,-0.09696164746,0.7964787083,0.5725225666,0,1
741,24700000000,0,0,1.119493302,0.5540100178,-0.4449746057,-0.1769267551,-0.09378089374,0.7966832814,0.5702611827,0,1
742,24733333333,0,1,1.11889758,0.5544223102,-0.4450177428,-0.1847545718,-0.08304477517,0.8009671298,0.5634012518,0,1
743,24766666667,0,0,1.118763436,0.5542215449,-0.4450883886,-0.1926781789,-0.08152982875,0.804307574,0.5561630452,0,1
744,24800000000,0,0,1.118599777,0.5538735809,-0.4452087985,-0.2004878349,-0.08150759155,0.8077731025,0.5483281458,0,1
745,24833333333,0,0,1.118450444,0.5535396201,-0.4452960425,-0.2110840285,-0.0846649657,0.8120123344,0.5375047398,0,1
746,24866666667,0,1,1.118022968,0.5535818127,-0.4454242998,-0.2223224973,-0.08338742008,0.8175772136,0.5245824484,0,1
747,24900000000,0,0,1.11788362,0.5532551004,-0.4455283561,-0.2343478675,-0.09222318854,0.8229342902,0.5092691965,0,1
748,24933333333,0,0,1.117740283,0.5528263364,-0.4455326982,-0.246911777,-0.1049817677,0.8271489791,0.4937995232,0,1
749,24966666667,0,1,1.117244201,0.552541576,-0.4456145438,-0.2604382197,-0.1171410025,0.8305926266,0.4780855654,0,1
750,25000000000,0,0,1.117111223,0.5521983802,-0.445526289,-0.2776562368,-0.1325958793,0.8326675236,0.4604238722,0,1
751,25033333333,0,0,1.117030269,0.5522384445,-0.4456154095,-0.2939114176,-0.1462504429,0.8327788907,0.4457647427,0,1
752,25066666667,0,1,1.11695683,0.552212508,-0.445738937,-0.304961451,-0.1585690861,0.8325122937,0.4344854878,0,1
753,25100000000,0,0,1.116918347,0.5521626193,-0.4457532616,-0.3160351379,-0.1668921163,0.8328100717,0.4227247303,0,1
754,25133333333,0,0,1.116766257,0.5522244764,-0.4458597547,-0.3249502378,-0.1742625765,0.8331785417,0.4121327638,0,1
755,25166666667,0,0,1.116747379,0.5522103848,-0.4458173348,-0.3300181445,-0.1844933158,0.8344445757,0.4009395101,0,1
756,25200000000,0,0,1.116699367,0.5522050755,-0.4458592135,-0.3333434644,-0.1948624507,0.8357510641,0.3904240246,0,1
757,25233333333,0,0,1.116647318,0.5522032225,-0.4458903979,-0.3360083055,-0.2052781162,0.8369259668,0.3801502857,0,1
758,25266666667,0,1,1.116168039,0.5520549144,-0.4460259554,-0.3383159933,-0.2121022168,0.8382734681,0.3712849726,0,1
759,25300000000,0,0,1.116203937,0.5520301366,-0.4460285262,-0.3436085694,-0.2196288056,0.8383580675,0.361734833,0,1
760,25333333333,0,0,1.116168329,0.5520723132,-0.4460285708,-0.349752926,-0.2273377584,0.8380721365,0.3516042213,0,1
761,25366666667,0,0,1.116163159,0.552049172,-0.4460494321,-0.3573967961,-0.2307645212,0.8379295255,0.3418908834,0,1
762,25400000000,0,0,1.116159693,0.5520607683,-0.4460617271,-0.3645926596,-0.2325910002,0.8371942591,0.3347826036,0,1
763,25433333333,0,0,1.116029742,0.552108802,-0.4460653243,-0.3697800196,-0.2369343455,0.8372696466,0.325736691,0,1
764,25466666667,0,1,1.115963528,0.5521447233,-0.4460872782,-0.3754762754,-0.2409466127,0.8376461914,0.3151367235,0,1
765,25500000000,0,0,1.115954542,0.5521524576,-0.4460975343,-0.3822192645,-0.2435909522,0.8374280362,0.3054278408,0,1
766,25533333333,0,0,1.115928769,0.5521639627,-0.4461043516,-0.3892546075,-0.2433361168,0.8382610432,0.2942563649,0,1
767,25566666667,0,0,1.115924738,0.5521723046,-0.4461076397,-0.3962535536,-0.2397511289,0.8402027656,0.2820670668,0,1
768,25600000000,0,0,1.115910632,0.5521861721,-0.4461201947,-0.4030652502,-0.2364742518,0.841499913,0.2711018789,0,1
769,25633333333,0,0,1.115929101,0.5522015451,-0.4461085858,-0.4101606066,-0.2359175091,0.8414111509,0.2610334862,0,1
770,25666666667,0,1,1.115874191,0.5521869967,-0.446135961,-0.4160234248,-0.2358580151,0.8409083502,0.2533153237,0,1
771,25700000000,0,0,1.115857224,0.5521949103,-0.4461431151,-0.4208371198,-0.2354912836,0.8410540762,0.2450877697,0,1
772,25733333333,0,0,1.115836836,0.5522039426,-0.4461512108,-0.4246198454,-0.235399898,0.8415790599,0.2367056419,0,1
773,25766666667,0,0,1.115822918,0.55221016,-0.446156687,-0.427016109,-0.2364092106,0.8417483035,0.2307113378,0,1
774,25800000000,0,0,1.115811544,0.5522149282,-0.446160788,-0.4283405708,-0.2348209816,0.8430038892,0.2252285611,0,1
775,25833333333,0,0,1.115783911,0.5522263009,-0.446171009,-0.4292247628,-0.2323743071,0.8446335429,0.2199146711,0,1
776,25866666667,0,1,1.115748989,0.5522377118,-0.4461824278,-0.4309334885,-0.2331749076,0.8440741918,0.2178636033,0,1
777,25900000000,0,0,1.115715557,0.552250551,-0.4461949877,-0.4340032084,-0.2358388761,0.8423750453,0.2154658271,0,1
778,25933333333,0,0,1.115694169,0.5522581243,-0.4462022516,-0.4387355431,-0.2371094301,0.8408092096,0.2105471785,0,1
779,25966666667,0,0,1.115695597,0.5522587451,-0.4462058233,-0.4423028804,-0.2336503056,0.8401589601,0.209543834,0,1
780,26000000000,0,0,1.115657462,0.5522725005,-0.4462176956,-0.444491558,-0.2333394548,0.8383006529,0.2126780879,0,1
781,26033333333,0,0,1.115639005,0.5522800781,-0.4462249998,-0.4474687985,-0.2289139028,0.8373781546,0.2148672279,0,1
782,26066666667,0,1,1.115605897,0.5522873887,-0.4462388898,-0.4503916174,-0.2206655827,0.836628461,0.2202428426,0,1
783,26100000000,0,0,1.115578818,0.5522964862,-0.4462492294,-0.4521105067,-0.2144080989,0.8344769306,0.2308105482,0,1
784,26133333333,0,0,1.115550042,0.5523061907,-0.4462599637,-0.4525162088,-0.2065780315,0.8330307342,0.2421040965,0,1
785,26166666667,0,0,1.115524924,0.5523131602,-0.4462721938,-0.4530092463,-0.2002127981,0.8299237573,0.2567567242,0,1
786,26200000000,0,0,1.115494816,0.5523218468,-0.4462842552,-0.4544735289,-0.1932043821,0.8258384408,0.2722439126,0,1
787,26233333333,0,1,1.11533745,0.5523470304,-0.4462809217,-0.4526337536,-0.1893726839,0.8230554735,0.2860775405,0,1
788,26266666667,0,0,1.115311487,0.5523543386,-0.4462913809,-0.4510261471,-0.1819436375,0.8209010987,0.2993214217,0,1
789,26300000000,0,0,1.115271894,0.5523649097,-0.4463069839,-0.448561977,-0.171156664,0.8189186814,0.3144355935,0,1
790,26333333333,0,0,1.115229506,0.5523759539,-0.4463233757,-0.4457075293,-0.1625663656,0.8172612843,0.3271100247,0,1
791,26366666667,0,0,1.115169373,0.5524128562,-0.446292084,-0.4423192693,-0.1594891622,0.8149183922,0.338858208,0,1
792,26400000000,0,1,1.115134469,0.5524055107,-0.4462841239,-0.4420807605,-0.1482268374,0.8123048326,0.350363047,0,1
793,26433333333,0,0,1.115095672,0.5524149409,-0.4462949327,-0.4426378652,-0.1386276442,0.8082454235,0.3627580901,0,1
794,26466666667,0,0,1.115067036,0.5524263925,-0.446299038,-0.4421622683,-0.1269937605,0.8046388527,0.375395032,0,1
795,26500000000,0,0,1.115045993,0.5524449512,-0.4463000141,-0.4436256924,-0.1155111277,0.7996748652,0.3877802656,0,1
796,26533333333,0,0,1.115016364,0.5524575101,-0.4463057193,-0.445804483,-0.1022369411,0.7948222855,0.3988276638,0,1
797,26566666667,0,1,1.114954993,0.5524735484,-0.44629176,-0.4449590765,-0.08975423169,0.7912079304,0.4098116751,0,1
798,26600000000,0,0,1.114910282,0.5524993227,-0.4462890499,-0.4491057348,-0.08223244287,0.7844791358,0.4196836307,0,1
799,26633333333,0,0,1.114883807,0.552504797,-0.4462957638,-0.4542232138,-0.07448595659,0.7775596182,0.4284088637,0,1
800,26666666667,0,0,1.114862653,0.5525088693,-0.4463082856,-0.4574096632,-0.0657659504,0.7707213196,0.4386797091,0,1
801,26700000000,0,0,1.11484135,0.5525238849,-0.4463128957,-0.4587305786,-0.05772832313,0.7643600073,0.4494301682,0,1
802,26733333333,0,0,1.114813205,0.5525346813,-0.4463123715,-0.4593515844,-0.04976706957,0.7570689309,0.4619155708,0,1
803,26766666667,0,1,1.114761196,0.5525450294,-0.4462910778,-0.4584633125,-0.04108043953,0.7491405197,0.4763530942,0,1
804,26800000000,0,0,1.114737973,0.5525595616,-0.4462936155,-0.4614436684,-0.02984987791,0.7401722921,0.4881840878,0,1
805,26833333333,0,0,1.114706888,0.5525759813,-0.4463000815,-0.4643105336,-0.02029504821,0.7304295644,0.5004762641,0,1
806,26866666667,0,0,1.114678021,0.55259673,-0.4463010652,-0.4683427169,-0.01411165939,0.720624549,0.5110344607,0,1
807,26900000000,0,1,1.11464015,0.5526020752,-0.4462782465,-0.4709384062,-0.007638374131,0.7110502272,0.5220787749,0,1
808,26933333333,0,0,1.114615424,0.552613317,-0.4462823987,-0.4765368662,-0.002438296832,0.7013033213,0.5301700872,0,1
809,26966666667,0,0,1.114602851,0.5526241602,-0.4462826608,-0.4813641878,0.002341912017,0.6924274522,0.5374265137,0,1
810,27000000000,0,0,1.114585573,0.5526338707,-0.4462895476,-0.4853827357,0.00570891336,0.6837143862,0.5448904902,0,1
811,27033333333,0,1,1.114542761,0.5526539878,-0.4462725345,-0.4888175456,0.005323935239,0.6774094649,0.5496776143,0,1
812,27066666667,0,0,1.114535325,0.5526575316,-0.4462725562,-0.4951266859,0.007051071913,0.66886243,0.5544572996,0,1
813,27100000000,0,0,1.114519131,0.5526661709,-0.4462728768,0.502601244,-0.009667335152,-0.6600894764,-0.5581938869,0,1
814,27133333333,0,0,1.114508088,0.5526722441,-0.4462732952,0.511840545,-0.01089183786,-0.6509047533,-0.5605565329,0,1
815,27166666667,0,0,1.11450252,0.5526749258,-0.4462734478,0.5232074397,-0.01303231536,-0.6396095397,-0.5630131175,0,1
816,27200000000,0,0,1.11448636,0.5526835647,-0.4462738289,0.5356676679,-0.01523648495,-0.6284200776,-0.5638405849,0,1
817,27233333333,0,1,1.114429071,0.5526993645,-0.4462487998,0.5448206779,-0.01748698226,-0.6191197108,-0.5652923298,0,1
818,27266666667,0,0,1.114399518,0.5527054766,-0.446246331,0.5564697585,-0.02044157454,-0.6081689843,-0.5657331848,0,1
819,27300000000,0,0,1.114394367,0.5527107501,-0.4462461664,0.5680692186,-0.0189737106,-0.5987084981,-0.5643451918,0,1
820,27333333333,0,0,1.114389546,0.5527108804,-0.4462355501,0.5782039489,-0.01883867912,-0.5891785195,-0.5640868459,0,1
821,27366666667,0,0,1.114376527,0.5527181611,-0.4462340875,0.5913812903,-0.02115385646,-0.5770403909,-0.5628899281,0,1
822,27400000000,0,0,1.114375402,0.5527284939,-0.4462361241,0.6052712796,-0.02559569773,-0.5650224223,-0.5601260578,0,1
823,27433333333,0,1,1.114317261,0.5527310295,-0.4461559095,0.6115167319,-0.03476166051,-0.5593969382,-0.5584925954,0,1
824,27466666667,0,0,1.114303997,0.5527387275,-0.4461505521,0.6233640158,-0.03879532801,-0.5482020815,-0.5562254076,0,1
825,27500000000,0,0,1.114291731,0.552746844,-0.4461503308,0.6364501063,-0.04062520413,-0.5371009056,-0.5520900943,0,1
826,27533333333,0,0,1.114278603,0.552752851,-0.4461477771,0.6490860353,-0.0393977621,-0.5270948675,-0.5470887824,0,1
827,27566666667,0,0,1.114265729,0.5527633882,-0.44614825,0.6604575069,-0.03635771522,-0.5171960307,-0.5431226969,0,1
828,27600000000,0,0,1.114259017,0.5527642334,-0.446145154,0.6703893074,-0.03397822125,-0.5091125882,-0.5387281593,0,1
829,27633333333,0,1,1.114210864,0.5527343654,-0.4460824643,0.6752807143,-0.03528654673,-0.5063294824,-0.5351460285,0,1
830,27666666667,0,0,1.114202133,0.5527367662,-0.4460816142,0.685601527,-0.02934822696,-0.4987901717,-0.5294313859,0,1
831,27700000000,0,0,1.114201108,0.5527369008,-0.4460831497,0.695385608,-0.02329294164,-0.4926129883,-0.5227128646,0,1
832,27733333333,0,0,1.114194806,0.5527354673,-0.4460804048,0.7026242623,-0.01803711991,-0.4870907468,-0.5183979289,0,1
833,27766666667,0,1,1.114172693,0.552721144,-0.4460318183,0.7079024093,-0.01253335018,-0.4874468456,-0.510991846,0,1
834,27800000000,0,0,1.114174567,0.5527165767,-0.4460375941,0.7143987119,0.0004464096266,-0.4838262937,-0.5055159727,0,1
835,27833333333,0,0,1.114175885,0.5527129049,-0.446040314,0.7200302234,0.01239736718,-0.4806757369,-0.5003534937,0,1
836,27866666667,0,0,1.114176608,0.5527074819,-0.4460334104,0.7255644424,0.02571058374,-0.4797908705,-0.4926417831,0,1
837,27900000000,0,0,1.114177176,0.5527018816,-0.4460429283,0.7312062574,0.03867489605,-0.4783418102,-0.4847997259,0,1
838,27933333333,0,1,1.114171632,0.5526821031,-0.4460489888,0.7359700737,0.04986650873,-0.4774182571,-0.4774234909,0,1
839,27966666667,0,0,1.114176611,0.5526803424,-0.4460491441,0.7395426457,0.06898031995,-0.4782250807,-0.4686354264,0,1
840,28000000000,0,0,1.114176729,0.5526698401,-0.4460574787,0.7437274847,0.08431154127,-0.476994095,-0.4606925503,0,1
841,28033333333,0,0,1.114189687,0.5526627674,-0.446059326,0.7451694989,0.1058115834,-0.4779990003,-0.4528170519,0,1
842,28066666667,0,1,1.114222717,0.5526222013,-0.4460743164,0.7471821673,0.1240887464,-0.478457718,-0.4442960769,0,0.9999999998
843,28100000000,0,0,1.114235506,0.5526071755,-0.4460800544,0.7483167985,0.1440770787,-0.4789166072,-0.4357782095,0,1
844,28133333333,0,0,1.114259975,0.5526026678,-0.4460898105,0.7516008628,0.1653159999,-0.4775920315,-0.4238780658,0,1
845,28166666667,0,1,1.114290858,0.552574969,-0.4461118723,0.7568806696,0.178087241,-0.4762331015,-0.4106319759,0,1
846,28200000000,0,0,1.11431629,0.5525572521,-0.4461225296,0.7586216729,0.1928635183,-0.477971077,-0.3985479523,0,1
847,28233333333,0,1,-0.1989917649,0.2206202609,0.002285723833,-0.4383922191,-0.1100928169,0.7563632587,0.4728704418,0,1
849,28300000000,0,1,-0.1963444831,0.1977748725,-0.008716491478,-0.445655262,-0.1206801167,0.7628090659,0.4527140663,0,1
850,28333333333,0,0,-0.1943543634,0.190087195,-0.007382403147,-0.4486767791,-0.124717756,0.7684629954,0.4388613151,0,1
851,28366666667,0,0,-0.1940114955,0.1785182758,-0.01048991873,-0.4508965833,-0.1300495717,0.7728846431,0.4271167388,0,1
852,28400000000,0,0,-0.1905221201,0.1698677317,-0.008911588501,-0.45163933,-0.1375506563,0.77936153,0.4119433675,0,1
853,28433333333,0,0,-0.1873388087,0.1630851297,-0.01355321144,-0.4541084609,-0.143572145,0.7842186428,0.3977105294,0,1
854,28466666667,0,0,-0.1831003781,0.1606881856,-0.008874373806,-0.4559515594,-0.1497959747,0.7915202757,0.3783715033,0,1
855,28500000000,0,1,-0.1862986698,0.1337159474,-0.02186012708,-0.4536730045,-0.1566686094,0.793275807,0.3746321473,0,1
856,28533333333,0,0,-0.1809377406,0.1284863279,-0.02383946257,-0.4559043523,-0.1656225583,0.798069068,0.3574998636,0,1
857,28566666667,0,0,-0.1815219616,0.108487881,-0.03085750955,-0.4556409811,-0.1725254637,0.8019658342,0.3456545406,0,1
858,28600000000,0,0,-0.1789389986,0.09594618681,-0.03609858236,-0.4558322212,-0.1822977394,0.8074036553,0.3272366999,0,1
859,28633333333,0,0,-0.1814641021,0.0842913964,-0.03543380679,-0.4528218992,-0.1904911659,0.8135415519,0.3111520314,0,1
860,28666666667,0,0,-0.1770757431,0.08451782203,-0.02863418659,-0.4519483176,-0.1959463043,0.8194444982,0.2930161743,0,1
861,28700000000,0,1,-0.1694569049,0.07495310853,-0.04098548809,-0.4513619034,-0.2048506755,0.8199856575,0.2862379332,0,1
862,28733333333,0,0,-0.1660003459,0.06900327142,-0.0431939732,-0.4499488243,-0.2069870779,0.8235482489,0.2765333377,0,1
863,28766666667,0,0,-0.1585127587,0.06721984677,-0.04410081028,-0.451689085,-0.2107566069,0.8252242304,0.2656380859,0,1
864,28800000000,0,0,-0.1562325188,0.06341030955,-0.04220670621,-0.4527596273,-0.2141300874,0.8269089329,0.2556924758,0,1
865,28833333333,0,0,-0.149505763,0.05932177283,-0.04107942757,-0.4551421924,-0.2174631529,0.8272813413,0.247307388,0,1
866,28866666667,0,0,-0.1456953542,0.05730969962,-0.03676677047,-0.4573483044,-0.218864385,0.8281893948,0.2388163223,0,1
867,28900000000,0,1,-0.1455041873,0.03425821557,-0.04104080336,-0.4574128658,-0.217545717,0.8276782135,0.2416528628,0,1
868,28933333333,0,0,-0.1427280116,0.02878814559,-0.04186530097,-0.4617639035,-0.2156027002,0.8263403409,0.239689829,0,1
869,28966666667,0,0,-0.1409988652,0.02753762363,-0.04185525827,-0.4682695477,-0.2138369202,0.8242251411,0.2359031985,0,1
870,29000000000,0,0,-0.1391158702,0.02211351977,-0.0432454618,-0.4754011895,-0.2116666012,0.8212240845,0.2340554677,0,1
871,29033333333,0,0,-0.1345861821,0.02040366226,-0.04721998594,-0.4866069263,-0.2114106379,0.815147856,0.2324934716,0,1
872,29066666667,0,1,-0.133212595,0.01125325095,-0.04259352699,-0.4955062021,-0.2124449814,0.8093651816,0.2329565119,0,1
873,29100000000,0,0,-0.1328877773,0.009282323925,-0.04158228134,0.5079286296,0.2115271949,-0.802739796,-0.2299425425,0,1
874,29133333333,0,0,-0.1311993042,0.00561338883,-0.03811648603,0.5202053799,0.2100538536,-0.7957064235,-0.2282871633,0,1
875,29166666667,0,0,-0.1258604961,0.0007943997233,-0.03348119606,0.5335139251,0.206222665,-0.7873477293,-0.2300405559,0,1
876,29200000000,0,1,-0.1263191243,-0.005959090951,-0.02148203076,0.5447554287,0.2008585322,-0.7796296062,-0.2346807406,0,1
877,29233333333,0,0,-0.1304793171,-0.006170615531,-0.02396635517,0.5606043436,0.1962208246,-0.7677270094,-0.240448325,0,1
878,29266666667,0,0,-0.1366226839,-0.00512889311,-0.02347158269,0.5754056735,0.1932568584,-0.7561538203,-0.2445230002,0,1
879,29300000000,0,0,-0.1464644264,0.0003302835447,-0.02653828094,0.5902441487,0.1943900879,-0.7434480517,-0.2472030199,0,1
880,29333333333,0,0,-0.1581389717,0.001516920367,-0.03051987089,0.6035717608,0.1986426974,-0.7311428434,-0.2483391852,0,1
881,29366666667,0,0,-0.1679508256,0.006624740882,-0.02871396559,0.6157178187,0.2014462774,-0.7212998317,-0.2450255456,0,1
882,29400000000,0,1,-0.1913507564,0.01539086773,-0.03144501258,0.6269805829,0.2052718164,-0.7116725467,-0.241414615,0,1
883,29433333333,0,0,-0.1956527873,0.0165992391,-0.03227561116,0.6367996904,0.2047069304,-0.7041681931,-0.2381772089,0,1
884,29466666667,0,0,-0.2015759567,0.01629756096,-0.03237461651,0.6457229105,0.2011139606,-0.6977674915,-0.2360415758,0,1
885,29500000000,0,0,-0.2090171328,0.01693401323,-0.03202834015,0.6559317078,0.1965539047,-0.690445714,-0.2332485224,0,1
886,29533333333,0,0,-0.2166721703,0.01690977397,-0.03181429471,0.6681136387,0.1916971118,-0.6813396621,-0.2294616481,0,1
887,29566666667,0,1,-0.226556312,0.01242246822,-0.02905754786,0.6812209234,0.1879858492,-0.670102415,-0.2270729561,0,1
888,29600000000,0,0,-0.2285876553,0.01000605311,-0.02792185016,0.6970213351,0.1825349023,-0.6550535255,-0.2274799914,0,1
889,29633333333,0,0,-0.2399241536,0.01398188804,-0.02702465975,0.7144258084,0.1738923971,-0.6395733148,-0.2242836899,0,1
890,29666666667,0,1,-0.2599190332,0.02641993986,-0.03098921654,0.7327648588,0.16445413,-0.623220112,-0.2181907259,0,1
891,29700000000,0,0,-0.2657973204,0.0266588054,-0.03059555562,0.747523854,0.1539836259,-0.6094280073,-0.2146966104,0,1
892,29733333333,0,0,-0.2874006345,0.0314031304,-0.03410208023,0.7608089935,0.1462928166,-0.5957370114,-0.2118147786,0,1
893,29766666667,0,0,-0.2948137323,0.03347461646,-0.03575136616,0.7714012891,0.1387805233,-0.5851837142,-0.2079423915,0,1
894,29800000000,0,1,-0.326392443,0.05849400025,-0.02649803485,0.7788073165,0.14036501,-0.5758107704,-0.2054234272,0,1
895,29833333333,0,0,-0.3382187958,0.05949640753,-0.02588941307,0.7858637521,0.1390046159,-0.5659876653,-0.2067700233,0,1
896,29866666667,0,0,-0.3439163292,0.06106558398,-0.02433714004,0.7937807359,0.1401371211,-0.5556330887,-0.2038273813,0,1
897,29900000000,0,0,-0.3454947231,0.06498426621,-0.02151940323,0.8018994267,0.1390138717,-0.5451146197,-0.2012026447,0,1
898,29933333333,0,0,-0.3564495337,0.06504464329,-0.02160888651,0.8084747214,0.1397646034,-0.5342187381,-0.2035800097,0,1
899,29966666667,0,0,-0.3624158661,0.06703668832,-0.02001341544,0.8149730586,0.1395842985,-0.5243782276,-0.2033780023,0,1
900,30000000000,0,1,-0.3866757508,0.07748978903,-0.01430140858,0.8218737112,0.1374398119,-0.5153101249,-0.2002233157,0,1
901,30033333333,0,0,-0.3931498026,0.08005523057,-0.01048724661,0.8275962068,0.1349443405,-0.5062815605,-0.2013790579,0,1
902,30066666667,0,0,-0.4047488347,0.08195318712,-0.00768627437,0.8327597169,0.1324610002,-0.4974118827,-0.2038302143,0,1
903,30100000000,0,0,-0.41120746,0.08482743608,-0.0009275891407,0.8367392415,0.1294485645,-0.4897242646,-0.2080400333,0,1
904,30133333333,0,0,-0.4213128821,0.08408297224,0.003215406367,0.8410362607,0.1253351105,-0.4802599702,-0.2151731378,0,1
905,30166666667,0,0,-0.4356282773,0.089198298,0.01278950632,0.8451730773,0.12203285,-0.4713417417,-0.2205162476,0,1
906,30200000000,0,1,-0.4623496156,0.09745450375,0.02683694204,0.8498240388,0.1185209098,-0.4621531109,-0.2239785683,0,1
907,30233333333,0,0,-0.4783052208,0.09951927468,0.03313720217,0.8539864204,0.1148904166,-0.4530818675,-0.2285261632,0,1
908,30266666667,0,0,-0.4944387217,0.1005273457,0.04105472236,0.8565365619,0.1134008027,-0.4458797785,-0.2338302786,0,1
909,30300000000,0,0,-0.5098336271,0.09943580568,0.0461454012,0.859103243,0.1098729776,-0.4397165551,-0.237737035,0,1
910,30333333333,0,0,-0.5263935004,0.09679890104,0.05355839628,0.8611929605,0.1065375436,-0.4342061834,-0.241787979,0,1
911,30366666667,0,0,-0.5407758441,0.09493904839,0.06474039372,0.8638955451,0.1032556206,-0.4285549581,-0.2436460792,0,1
912,30400000000,0,1,-0.5808985145,0.1031334343,0.06891958745,0.8694943557,0.09977977668,-0.4191270295,-0.2415700618,0,1
913,30433333333,0,0,-0.6001335981,0.1004490223,0.08157830017,0.8733725448,0.09753573186,-0.4130528661,-0.2389445728,0,1
914,30466666667,0,0,-0.6151174122,0.09911793555,0.09383762155,0.8777903756,0.09635447073,-0.4056725788,-0.2358593465,0,1
915,30500000000,0,0,-0.634370506,0.09710477404,0.1011076817,0.8830506205,0.09391623467,-0.3969694776,-0.2319840003,0,1
916,30533333333,0,0,-0.6521104579,0.09482837897,0.116596806,0.8879185252,0.0931786436,-0.3891731987,-0.226853817,0,1
917,30566666667,0,0,-0.6678145985,0.0977331689,0.122469328,0.8944723049,0.09222511414,-0.3790151779,-0.2185436317,0,1
918,30600000000,0,1,-0.6888980664,0.1062853799,0.1213917812,0.9013306219,0.08841534472,-0.3694305305,-0.2081031473,0,1
919,30633333333,0,0,-0.703128563,0.1067488223,0.1282670052,0.9065184357,0.08023403568,-0.3643011853,-0.1976650491,0,1
920,30666666667,0,0,-0.7233420816,0.1075963056,0.137339685,0.9120657903,0.07042062763,-0.3594516618,-0.1843134075,0,1
921,30700000000,0,0,-0.7390475456,0.1082209395,0.14446004,0.9167864415,0.06143591649,-0.3572340109,-0.1676666641,0,1
922,30733333333,0,0,-0.7531445501,0.1081616277,0.1524677716,0.9203994028,0.05392555681,-0.3541182801,-0.1567074257,0,1
923,30766666667,0,0,-0.7777029796,0.1096690049,0.1619667793,0.9246333294,0.0509541192,-0.3456760289,-0.1515419645,0,1
924,30800000000,0,1,-0.7791803122,0.08513532585,0.1876359515,0.9279832803,0.04577245818,-0.3394943561,-0.1466134227,0,1
925,30833333333,0,0,-0.7912722529,0.08911760213,0.1898001409,0.9339469396,0.04378493531,-0.325531511,-0.1409085832,0,1
926,30866666667,0,0,-0.8055026871,0.09099667995,0.191521876,0.9395688848,0.03890130539,-0.3111487066,-0.1374171808,0,1
927,30900000000,0,0,-0.8230981218,0.08424913902,0.2042416983,0.9446527875,0.03208568811,-0.2991071784,-0.1309065142,0,1
928,30933333333,0,0,-0.8394455475,0.08103074696,0.2123689944,0.9487805221,0.03132326987,-0.2886921341,-0.1244637511,0,1
929,30966666667,0,0,-0.8510347,0.08672449847,0.2122775536,0.9520489634,0.03309606974,-0.2787239943,-0.121738886,0,1
930,31000000000,0,1,-0.8732479217,0.080098535,0.2117047663,0.9552748111,0.03029558208,-0.2678386076,-0.1216334384,0,1
931,31033333333,0,0,-0.888242082,0.0754208463,0.2204117451,0.9568489449,0.03061941934,-0.2612334789,-0.1235298239,0,1
932,31066666667,0,0,-0.9075878854,0.07402148834,0.224201957,0.9585191485,0.03318352021,-0.254348738,-0.1242844131,0,1
933,31100000000,0,0,-0.9271759188,0.07760379283,0.227449412,0.9598869393,0.03665114539,-0.2486775348,-0.1242305958,0,1
934,31133333333,0,0,-0.9440514892,0.07200332803,0.2397062409,0.960753443,0.041319079,-0.2454799293,-0.1224138876,0,1
935,31166666667,0,0,-0.9613356255,0.07987099504,0.2377359009,0.9618742395,0.0494534363,-0.2406882815,-0.1200893677,0,1
936,31200000000,0,1,-0.9846552839,0.08498413077,0.2394795739,0.9635432587,0.0559470951,-0.234800248,-0.1154259702,0,1
937,31233333333,0,0,-1.004242765,0.09322395215,0.2364330709,0.9646058043,0.06340502189,-0.2302456335,-0.1118141035,0,1
938,31266666667,0,0,-1.029054049,0.09454521933,0.236223443,0.9651022454,0.06781343327,-0.2282416186,-0.1090172359,0,1
939,31300000000,0,0,-1.0424432,0.1107242934,0.2329755095,0.9642086934,0.07507502985,-0.2297368821,-0.1090243114,0,1
940,31333333333,0,1,-1.057737877,0.1295194617,0.2124575357,0.9647986059,0.07212543757,-0.2252996954,-0.1148982962,0,1
941,31366666667,0,0,-1.06980463,0.1249332882,0.2319944554,0.9648493353,0.0645117811,-0.2253442136,-0.1188443338,0,1
942,31400000000,0,0,-1.081685337,0.1268509066,0.2376672666,0.9649628402,0.06402105125,-0.223135897,-0.1223045114,0,1
943,31433333333,0,0,-1.09714965,0.1409205252,0.2347766655,0.9657594916,0.06155644227,-0.2182210991,-0.1260910808,0,1
944,31466666667,0,0,-1.105952167,0.1362292034,0.2533140387,0.9659902933,0.05665302127,-0.2167272559,-0.1291606948,0,1
945,31500000000,0,0,-1.120798579,0.1526485139,0.2436993732,0.967404537,0.05524365281,-0.2094826144,-0.1311245017,0,1
946,31533333333,0,1,-1.15230132,0.1670744478,0.2436608379,0.9698173582,0.04638310627,-0.2009415378,-0.1300976464,0,1
947,31566666667,0,0,-1.16495507,0.167734353,0.2506052692,0.9706364158,0.03848583011,-0.1989762039,-0.1295849505,0,1
948,31600000000,0,0,-1.178806142,0.1765127072,0.2507989524,0.9715322774,0.02993374159,-0.1967246947,-0.1285628238,0,1
949,31633333333,0,0,-1.190862914,0.176252606,0.2632157458,0.9711192134,0.02124567128,-0.1986448966,-0.1304465405,0,1
950,31666666667,0,0,-1.198058245,0.1672240579,0.2863805249,0.9697088581,0.01753902979,-0.204027145,-0.1331541851,0,1
951,31700000000,0,0,-1.20656537,0.1603583316,0.2946795553,0.9690114143,0.01902747768,-0.2054023227,-0.1358849508,0,1
952,31733333333,0,1,-1.221530651,0.1780560687,0.2930297018,0.9696191528,0.02217505325,-0.2028720785,-0.1348698827,0,1
953,31766666667,0,0,-1.235690455,0.1753708325,0.3026364561,0.969374136,0.02156043602,-0.2047276774,-0.1339235237,0,1
954,31800000000,0,0,-1.243396188,0.1757248803,0.3060797534,0.9683044207,0.02373226036,-0.2087166527,-0.1351321118,0,1
955,31833333333,0,0,-1.250866996,0.1751537798,0.3138013451,0.9670085429,0.02426596847,-0.213671621,-0.1365652928,0,1
956,31866666667,0,0,-1.256534984,0.1759260387,0.3205826334,0.9656996017,0.02495892006,-0.2179496815,-0.1389218047,0,1
957,31900000000,0,0,-1.263514295,0.1823145283,0.3214787648,0.9644007225,0.0234841088,-0.2214522619,-0.1426135997,0,1
958,31933333333,0,1,-1.270137691,0.1759841394,0.3350676345,0.9620384292,0.01844473094,-0.2270345751,-0.1503234987,0,1
959,31966666667,0,0,-1.275292911,0.173850624,0.344770221,0.9604257584,0.01558949278,-0.229721137,-0.1567403249,0,1
960,32000000000,0,0,-1.284083386,0.1710435201,0.3575089774,0.9598452742,0.01213933543,-0.2307117243,-0.1591282071,0,1
961,32033333333,0,0,-1.289844741,0.1611549829,0.3697527322,0.9591549173,0.01016696421,-0.2311685494,-0.1627254719,0,1
962,32066666667,0,0,-1.300322736,0.164350259,0.3736697178,0.9593087799,0.009753284679,-0.2295230614,-0.1641666913,0,1
963,32100000000,0,0,-1.309395795,0.1618996317,0.382827054,0.9583986966,0.0079388046,-0.2324635118,-0.1654376906,0,1
964,32133333333,0,1,-1.317854812,0.1610581789,0.3867730443,0.9573536227,0.005701209716,-0.2349177885,-0.1680927422,0,1
965,32166666667,0,0,-1.325137132,0.1580044608,0.399129718,0.9561263828,0.00345107908,-0.2382373552,-0.1704505583,0,1
966,32200000000,0,0,-1.326173194,0.1453772809,0.4104526234,0.9549129234,0.002263291601,-0.2408041042,-0.1736363145,0,1
967,32233333333,0,0,-1.335534057,0.1423985212,0.4171868555,0.9546254102,0.002754632635,-0.2407304344,-0.175304296,0,1
968,32266666667,0,0,-1.339229377,0.1359302996,0.4244492897,0.9527726648,0.004977844772,-0.2457226559,-0.1783811833,0,1
969,32300000000,0,0,-1.340915327,0.1308658181,0.4290078758,0.9509414891,0.005244990654,-0.2501828428,-0.1819101966,0,1
970,32333333333,0,0,-1.346388612,0.1216578427,0.439754687,0.9496402286,0.003063743984,-0.2531249472,-0.1846667562,0,1
971,32366666667,0,1,-1.350058323,0.1017762645,0.4453288558,0.9488837077,-0.0003649647151,-0.2551883625,-0.1857376528,0,1
972,32400000000,0,0,-1.350966703,0.09072364931,0.454260677,0.9488375922,-0.001508521116,-0.2570144003,-0.1834354001,0,1
973,32433333333,0,0,-1.352128367,0.07602944185,0.4652727017,0.9485049246,-0.002557472913,-0.2588947152,-0.1824976544,0,1
974,32466666667,0,0,-1.35208145,0.06277760962,0.4744505212,0.9483536208,-0.002198494149,-0.2600501243,-0.1816439081,0,1
975,32500000000,0,0,-1.355932774,0.04433339586,0.4845773672,0.9485068979,-0.00309160779,-0.2608998698,-0.1796005693,0,1
976,32533333333,0,0,-1.358809616,0.02479502995,0.4942172724,0.9480292079,-0.0003274880729,-0.2636144023,-0.1781795739,0,1
977,32566666667,0,1,-1.357524049,0.004506006805,0.4995195308,0.9472063061,0.004295656041,-0.2671358056,-0.1772575033,0,1
978,32600000000,0,0,-1.356465424,-0.0129056522,0.5044255513,0.9468732445,0.0106319174,-0.2699150167,-0.1745391216,0,1
979,32633333333,0,0,-1.355927508,-0.03151691512,0.5103324712,0.9467331302,0.01570841655,-0.2726374013,-0.1706413585,0,1
980,32666666667,0,0,-1.350490227,-0.05365206653,0.5160325913,0.9459673589,0.02262844254,-0.2766142604,-0.1676850038,0,1
981,32700000000,0,0,-1.345970844,-0.0691142388,0.5162013888,0.9456238068,0.02941836916,-0.2778622735,-0.1665014492,0,1
982,32733333333,0,0,-1.344995732,-0.08351733209,0.5193896953,0.9459156421,0.0344952275,-0.2778606749,-0.163850916,0,1
983,32766666667,0,1,-1.342064908,-0.1057769808,0.523887625,0.9452530545,0.03979130878,-0.2795384336,-0.1636202275,0,1
984,32800000000,0,0,-1.340754162,-0.1175892433,0.5204015679,0.9458713261,0.0450068894,-0.2783562181,-0.1606848783,0,1
985,32833333333,0,0,-1.33318253,-0.1307177917,0.5180409595,0.9462986622,0.04542148228,-0.2784035312,-0.1579468414,0,1
986,32866666667,0,0,-1.331464614,-0.1489047077,0.5199395439,0.9467058767,0.0435084426,-0.2765685214,-0.1592634652,0,1
987,32900000000,0,0,-1.331582912,-0.1667664183,0.5282855975,0.9467884595,0.0483085464,-0.2752687072,-0.1596403336,0,1
988,32933333333,0,1,-1.330940001,-0.189729007,0.5297707907,0.9463603396,0.05663913652,-0.2758095443,-0.1585030318,0,1
989,32966666667,0,0,-1.327628568,-0.1929476981,0.5231778853,0.9457800058,0.07000657088,-0.2753741126,-0.1573796647,0,1
990,33000000000,0,0,-1.328335189,-0.2042437641,0.5193476523,0.9451617589,0.0771183045,-0.2750768267,-0.1582869424,0,1
991,33033333333,0,0,-1.327905557,-0.2169053744,0.517105973,0.9439965368,0.08351072802,-0.2762860832,-0.1598827605,0,1
992,33066666667,0,0,-1.328451659,-0.2303013069,0.515592299,0.9428868716,0.08828314772,-0.2776965877,-0.1614157317,0,1
993,33100000000,0,0,-1.335966136,-0.2505025562,0.5077599347,0.9415126319,0.09475926798,-0.2791080173,-0.1633198081,0,1
994,33133333333,0,1,-1.329681137,-0.2624099417,0.5113224712,0.9387239282,0.1046560758,-0.284921813,-0.1632913127,0,1
995,33166666667,0,0,-1.335903934,-0.2805219984,0.5035512453,0.9373036536,0.1102296739,-0.2878852458,-0.1625834101,0,1
996,33200000000,0,0,-1.331249685,-0.2929572127,0.5045138978,0.9342994982,0.1239454265,-0.2937582123,-0.1594618814,0,1
997,33233333333,0,0,-1.323402778,-0.2946589405,0.5080254216,0.9331997553,0.134849394,-0.2945003063,-0.1556387719,0,1
998,33266666667,0,0,-1.320073464,-0.3117282631,0.5076567961,0.934252309,0.1423893189,-0.291260826,-0.1485430447,0,1
999,33300000000,0,1,-1.310513641,-0.3074613177,0.5062034924,0.9343939581,0.1576198662,-0.2860892666,-0.1421859361,0,1
1000,33333333333,0,0,-1.312123463,-0.3082791642,0.5005459855,0.9362563946,0.1685914023,-0.2777113565,-0.1337060396,0,1
1001,33366666667,0,0,-1.312796421,-0.3065787062,0.4954032949,0.9374877316,0.1784513206,-0.2717148664,-0.1242695083,0,1
1002,33400000000,0,0,-1.311212564,-0.3055728784,0.491857351,0.9380622917,0.1861121059,-0.2678347186,-0.1169016017,0,1
1003,33433333333,0,0,-1.307353024,-0.2978741285,0.4908806086,0.9381813141,0.1934298563,-0.2649327887,-0.1105048868,0,1
1004,33466666667,0,0,-1.303219052,-0.2973694622,0.4844723179,0.9388326357,0.1964964128,-0.2625394967,-0.1051449216,0,1
1005,33500000000,0,1,-1.296038017,-0.3015442876,0.4841897158,0.939890426,0.198085415,-0.259385918,-0.1004345611,0,1
1006,33533333333,0,0,-1.292928155,-0.3023337373,0.4802810174,0.9419619056,0.1996305685,-0.2531451113,-0.09366406512,0,1
1007,33566666667,0,0,-1.289466928,-0.2996736461,0.4755413462,0.9442426203,0.2021270075,-0.244764643,-0.08741176319,0,1
1008,33600000000,0,0,-1.283763354,-0.2990368392,0.4723906273,0.9470886667,0.2018467474,-0.2369218818,-0.07841536806,0,1
1009,33633333333,0,0,-1.281385413,-0.2957553146,0.4665706514,0.9504721168,0.2005135941,-0.2273952159,-0.06847239937,0,1
1010,33666666667,0,1,-1.275729494,-0.2917183096,0.4601362866,0.9550137779,0.1960350456,-0.2146982468,-0.05851160317,0,1
1011,33700000000,0,0,-1.274129295,-0.2921626317,0.4586260898,0.9601277656,0.1901316593,-0.1997729812,-0.04577534145,0,1
1012,33733333333,0,0,-1.268002848,-0.2910204782,0.4546871784,0.9640574064,0.1887005207,-0.1837914768,-0.03472929212,0,1
1013,33766666667,0,0,-1.263624368,-0.2904785143,0.4463528206,0.9680922487,0.1839608558,-0.1678650597,-0.02787693191,0,1
1014,33800000000,0,0,-1.25870847,-0.2877004919,0.4425224804,0.9711463898,0.1789641857,-0.1561412279,-0.02159691749,0,1
1015,33833333333,0,0,-1.254873857,-0.2822356534,0.4402050626,0.9740888406,0.1729373164,-0.1446736461,-0.01769608364,0,1
1016,33866666667,0,1,-1.243490522,-0.2815453181,0.4397126616,0.9768204574,0.1652050756,-0.1352437464,-0.01543392841,0,1
1017,33900000000,0,0,-1.237916023,-0.2786625233,0.4326176229,0.9799146546,0.1570638734,-0.1219310238,-0.01519982729,0,1
1018,33933333333,0,0,-1.234094804,-0.2788854645,0.4267371549,0.9837128391,0.1449757589,-0.1053779013,-0.01365933529,0,1
1019,33966666667,0,0,-1.236173203,-0.2853229457,0.4301259372,0.9865902239,0.1368504006,-0.08843425288,-0.009543634844,0,1
1020,34000000000,0,0,-1.231899683,-0.281017379,0.4276444056,0.9881821071,0.1344832554,-0.0733720376,-0.005188567798,0,1
1021,34033333333,0,0,-1.230335235,-0.2821247821,0.4236503025,0.9898225975,0.1288752057,-0.06023073839,-0.003829482668,0,1
1022,34066666667,0,1,-1.227631274,-0.2777567385,0.4265569449,0.9910936777,0.1228414102,-0.05140915848,-0.0006390139944,0,1
1023,34100000000,0,0,-1.225538262,-0.2789025231,0.4270434341,0.9922966316,0.1160528862,-0.04324810758,0.002953596912,0,1
1024,34133333333,0,0,-1.220437766,-0.2777747054,0.4282147838,0.9929884652,0.1127337683,-0.03523222832,0.004867806268,0,1
1025,34166666667,0,0,-1.216856916,-0.2770195507,0.4289105833,0.9938628461,0.107477085,-0.0256760266,0.005104999066,0,1
1026,34200000000,0,0,-1.210875441,-0.2860067726,0.432831687,0.9942982975,0.1046407791,-0.01818336122,0.009516734234,0,1
1027,34233333333,0,1,-1.206207088,-0.3010439372,0.4286045797,0.9934648912,0.1114704221,-0.01261561859,0.02104046507,0,1
1028,34266666667,0,0,-1.204569091,-0.3037788788,0.422607491,0.9909608102,0.1308966029,-0.007231013935,0.02846865811,0,1
1029,34300000000,0,0,-1.205485887,-0.3031488388,0.4164491468,0.9882280517,0.1487072272,-0.005244055765,0.03555247233,0,1
1030,34333333333,0,0,-1.196325808,-0.3140209342,0.4139732004,0.9853639006,0.1653072769,-0.008794876831,0.04067109107,0,1
1031,34366666667,0,0,-1.191824444,-0.3105675079,0.4085017636,0.9809574968,0.189395836,-0.00990938331,0.04187375048,0,1
1032,34400000000,0,1,-1.185679957,-0.3136291671,0.4001945775,0.9773534556,0.2070012544,-0.0129428767,0.04199030129,0,1
1033,34433333333,0,0,-1.178162689,-0.3091616921,0.399942115,0.9732675021,0.2260403687,-0.01431800875,0.03809351266,0,1
1034,34466666667,0,0,-1.173949996,-0.302487511,0.4060725836,0.9705936356,0.2385847316,-0.009392946531,0.03061197455,0,1
1035,34500000000,0,0,-1.169477779,-0.2987947414,0.403166175,0.9690223877,0.245457866,-0.003934103777,0.02702907596,0,1
1036,34533333333,0,0,-1.169693222,-0.314041669,0.3925891121,0.9679282657,0.249630108,-0.001101946902,0.02825716584,0,1
1037,34566666667,0,0,-1.16592079,-0.3115657936,0.3928552549,0.9644153589,0.2627876393,-0.003254533385,0.02889775484,0,1
1038,34600000000,0,1,-1.169427343,-0.3046444042,0.3824183449,0.9619789113,0.2716430799,-0.005509650036,0.02786135351,0,1
1039,34633333333,0,0,-1.167242398,-0.3055362282,0.3821354671,0.9591508558,0.2811848515,-0.0111761987,0.02897943536,0,1
1040,34666666667,0,0,-1.158576232,-0.3095077422,0.3857457998,0.9547309621,0.2956315065,-0.01677595664,0.02844942386,0,1
1041,34700000000,0,0,-1.157340704,-0.3031146343,0.3864724207,0.9509867271,0.307982596,-0.01700774578,0.02194771064,0,1
1042,34733333333,0,1,-1.131941415,-0.3083561074,0.3722786338,0.9500762977,0.3108004808,-0.01997333208,0.01895140298,0,1
1043,34766666667,0,0,-1.12041989,-0.3152704389,0.3789990463,0.9476578556,0.3184143327,-0.01630369029,0.01706139089,0,1
1044,34800000000,0,0,-1.113038663,-0.3063106806,0.3790645367,0.9446306859,0.3275958145,-0.007917537844,0.01706347581,0,1
1045,34833333333,0,0,-1.110901454,-0.3018973384,0.3778290976,0.944651472,0.327499199,0.0004246438163,0.01943426828,0,1
1046,34866666667,0,0,-1.105349276,-0.3013520237,0.3814369382,0.9450882665,0.3261338097,0.004501191424,0.02060693754,0,1
1047,34900000000,0,0,-1.100566237,-0.2977751566,0.3836324544,0.9462786677,0.32262444,0.008309811714,0.02002750161,0,1
1048,34933333333,0,1,-1.068336912,-0.2867401423,0.3804828246,0.948207972,0.3167075432,0.006660900314,0.02352884117,0,1
1049,34966666667,0,0,-1.059510541,-0.2873130557,0.3861987417,0.9500446762,0.3109792968,0.0116979201,0.02387778894,0,1
1050,35000000000,0,0,-1.055288911,-0.2762034171,0.3890957096,0.9523459048,0.303407988,0.01997109356,0.02412521063,0,1
1051,35033333333,0,0,-1.053003612,-0.2753673716,0.3851193115,0.9564259929,0.289514642,0.02704151907,0.0264451968,0,1
1052,35066666667,0,0,-1.048481303,-0.2701787068,0.3888336341,0.9598226106,0.2772621878,0.03302508257,0.02784922378,0,1
1053,35100000000,0,1,-1.010702473,-0.2454447555,0.3865079673,0.9635810159,0.2632619858,0.03162145963,0.03471074574,0,1
1054,35133333333,0,0,-1.005162703,-0.2425885434,0.3855775443,0.9687635458,0.2418380167,0.03708418008,0.04045156978,0,1
1055,35166666667,0,0,-0.9981142139,-0.2460807089,0.3917621705,0.9729928659,0.2219205616,0.0454537237,0.04438587805,0,1
1056,35200000000,0,0,-0.9918576334,-0.2427617415,0.3959991475,0.9762507877,0.2035447561,0.05612137469,0.04852136648,0,1
1057,35233333333,0,1,-0.9718418272,-0.2243772285,0.4095012707,0.9785778879,0.1875156924,0.06477564475,0.0550208898,0,1
1058,35266666667,0,0,-0.9665242383,-0.2236287936,0.410404223,0.9808353123,0.167981976,0.07577394548,0.06326495926,0,1
1059,35300000000,0,0,-0.9612917344,-0.2258081434,0.4075135852,0.9820814539,0.1521109952,0.08535334784,0.07136574145,0,1
1060,35333333333,0,0,-0.9554718324,-0.2228241577,0.4034254773,0.9825087639,0.1395799446,0.09402196577,0.07971096446,0,1
1061,35366666667,0,0,-0.9503759622,-0.2200933931,0.3967230621,0.9826125707,0.130279281,0.1009785356,0.08545864596,0,1
1062,35400000000,0,1,-0.9198803549,-0.2125089044,0.4008166038,0.9831830698,0.1259784954,0.1019748862,0.08415219883,0,1
1063,35433333333,0,0,-0.917390007,-0.2059665975,0.3933014568,0.983202871,0.1187490019,0.1078345937,0.08707749113,0,1
1064,35466666667,0,0,-0.9159344531,-0.2000732433,0.3864663433,0.9834038238,0.1104458717,0.1107520292,0.09193811446,0,1
1065,35500000000,0,0,-0.9186219478,-0.1921077894,0.3763082104,0.9841280504,0.1027466748,0.1103905397,0.09353625004,0,1
1066,35533333333,0,1,-0.9225928822,-0.1703145667,0.3781025909,0.985588503,0.09828015647,0.1060930049,0.08775299353,0,1
1067,35566666667,0,0,-0.921158291,-0.1636413454,0.3626498006,0.98734884,0.08828739551,0.1001743032,0.08551440155,0,1
1068,35600000000,0,0,-0.9210111205,-0.1541068842,0.341900684,0.9885679548,0.07921062304,0.09634443212,0.08471615142,0,1
1069,35633333333,0,0,-0.923549563,-0.1496082935,0.3231854791,0.9897562264,0.06947779296,0.09356956181,0.08246323863,0,1
1070,35666666667,0,0,-0.9257508125,-0.1410003041,0.3031128031,0.9903687979,0.06428177491,0.090433178,0.08282112027,0,1
1071,35700000000,0,0,-0.9274106646,-0.1266371179,0.2802830756,0.9907200521,0.06130202754,0.08659559476,0.08495318,0,1
1072,35733333333,0,1,-0.9212042767,-0.09269730261,0.2828583711,0.9913890967,0.06517668333,0.08070985686,0.07990981106,0,1
1073,35766666667,0,0,-0.9188558924,-0.08098834865,0.2598798729,0.9916689962,0.0620100285,0.07881432462,0.08084343289,0,1
1074,35800000000,0,0,-0.9155842171,-0.06775053621,0.2351428972,0.9915718498,0.06018866587,0.07874686358,0.08343573986,0,1
1075,35833333333,0,0,-0.9142021906,-0.05254609179,0.2118345902,0.9911648584,0.05824348601,0.08149023569,0.08694401266,0,1
1076,35866666667,0,0,-0.912624877,-0.04118705341,0.1877889987,0.990702213,0.05684147877,0.08572238636,0.08904967118,0,1
1077,35900000000,0,0,-0.9135631907,-0.02829915927,0.1656293711,0.99020645,0.05573711989,0.09093952722,0.09008086523,0,1
1078,35933333333,0,1,-0.9179605948,-0.01070972455,0.1646091394,0.9897611281,0.05865863738,0.09748157766,0.0861940573,0,1
1079,35966666667,0,0,-0.9232244079,0.00494845355,0.1432519229,0.9894904332,0.05709112937,0.1017641043,0.08540112754,0,1
1080,36000000000,0,0,-0.9232055012,0.02031541597,0.1235002395,0.9895295364,0.05345428794,0.1039133497,0.08471098789,0,1
1081,36033333333,0,0,-0.9220656057,0.02867516261,0.1018970355,0.9894153581,0.04789475541,0.107147053,0.08533961895,0,1
1082,36066666667,0,0,-0.9233143884,0.03791140919,0.08145060009,0.9891262892,0.04403638232,0.1099820553,0.08714314989,0,1
1083,36100000000,0,0,-0.9271464308,0.04208101327,0.06020740829,0.9890507185,0.04155750353,0.1119226982,0.08674652605,0,1
1084,36133333333,0,0,-0.9360730665,0.05122370438,0.04157595244,0.9890521961,0.04243322511,0.1116245772,0.08668984091,0,1
1085,36166666667,0,0,-0.9342003475,0.06682962898,0.02241359202,0.989519963,0.04332036083,0.10660587,0.08722830702,0,1
1086,36200000000,0,1,-0.9275442972,0.07852011283,0.01739489164,0.9901512143,0.04118436402,0.1027195922,0.08575025623,0,1
1087,36233333333,0,0,-0.9275468828,0.08249225794,0.001438113064,0.990730778,0.03535068591,0.09975684299,0.0851553101,0,1
1088,36266666667,0,0,-0.9184586145,0.09051290548,-0.01556134921,0.991373179,0.03278675795,0.0945735921,0.0846172804,0,1
1089,36300000000,0,0,-0.9069585501,0.09632779848,-0.03295556819,0.9916129126,0.03032772525,0.0927405814,0.08475402782,0,1
1090,36333333333,0,0,-0.8981348813,0.0994424794,-0.04858527931,0.991842939,0.03055793989,0.09320700178,0.08140179091,0,1
1091,36366666667,0,0,-0.883882533,0.1174015211,-0.05997442111,0.9918477843,0.03303467569,0.09491861808,0.07833989333,0,1
1092,36400000000,0,0,-0.8746995731,0.1251892854,-0.06981949722,0.9914000631,0.03092636481,0.09840717179,0.08053262295,0,1
1093,36433333333,0,0,-0.8658797816,0.127817657,-0.07840955304,0.9912624364,0.02939447426,0.09936837042,0.08161295242,0,1
1094,36466666667,0,1,-0.855043597,0.1367074336,-0.06968315932,0.9914117551,0.03089000741,0.09893931008,0.07974680033,0,1
1095,36500000000,0,0,-0.8440496922,0.1460997474,-0.07515234868,0.9920851565,0.02910638315,0.09650195066,0.07488146765,0,1
1096,36533333333,0,0,-0.8268860025,0.1605580987,-0.07733925284,0.9928875271,0.02419088382,0.09234035954,0.07115066857,0,1
1097,36566666667,0,0,-0.8112110806,0.1579223893,-0.07764595192,0.9936441755,0.01546531517,0.08873966725,0.06750813328,0,1
1098,36600000000,0,0,-0.7933078755,0.1571638983,-0.079695681,0.9947272551,0.0111654382,0.08360178373,0.05834177555,0,1
1099,36633333333,0,0,-0.7732559144,0.1642538866,-0.08039425805,0.9956150819,0.01070543798,0.07815702091,0.05027407264,0,1
1100,36666666667,0,1,-0.7571838015,0.1646615492,-0.0724539101,0.9961559901,0.01022579991,0.07258162862,0.04796439849,0,1
1101,36700000000,0,0,-0.7372955781,0.1565174708,-0.07491221916,0.9967829326,0.0131256864,0.06519199655,0.04473818524,0,1
1102,36733333333,0,0,-0.7188477456,0.1618057742,-0.07589678793,0.9975054105,0.02052270116,0.05631674088,0.03728537777,0,1
1103,36766666667,0,0,-0.6974028441,0.1740976805,-0.07763083775,0.99814467,0.02680182344,0.04567525454,0.03004415266,0,1
1104,36800000000,0,0,-0.6788458249,0.1722674701,-0.07956644162,0.9987875119,0.02684408126,0.03339016178,0.0242486801,0,1
1105,36833333333,0,0,-0.6490211772,0.1780403706,-0.08118837591,0.9993366315,0.02945203447,0.01859069898,0.01064239653,0,1
1106,36866666667,0,1,-0.6317435859,0.1790676151,-0.08145295821,0.9994105651,0.03278089975,0.01014337563,-0.001023144263,0,1
1107,36900000000,0,0,-0.6128135962,0.1786415362,-0.08493760447,0.9992403727,0.0377602296,-0.0003753349313,-0.00962817067,0,1
1108,36933333333,0,0,-0.5845255844,0.1792626199,-0.08740635403,0.9986227524,0.04494387563,-0.01549088484,-0.02219637338,0,1
1109,36966666667,0,0,-0.5565913066,0.188407834,-0.08891959558,0.9974207216,0.0543186222,-0.02847770005,-0.03728822851,0,1
1110,37000000000,0,0,-0.5269873989,0.1951298958,-0.09076503901,0.995770945,0.06495354521,-0.0404328129,-0.05085714972,0,1
1111,37033333333,0,0,-0.4973529447,0.2138126088,-0.09217729451,0.9942920826,0.07373560419,-0.04801894214,-0.06033652564,0,1
1112,37066666667,0,1,-0.4875556833,0.2010968208,-0.09692610484,0.9936349842,0.07327280416,-0.05217544838,-0.06781103846,0,1
1113,37100000000,0,0,-0.4628581703,0.2148144179,-0.09887969231,0.9915117353,0.08230996601,-0.06078915118,-0.08021363556,0,1
1114,37133333333,0,0,-0.4431281015,0.217450766,-0.09765612475,0.9902093818,0.08297361046,-0.06759285335,-0.08962123871,0,1
1115,37166666667,0,0,-0.4228024828,0.2236690475,-0.09695249355,0.9883325729,0.0868599881,-0.07645823579,-0.09903638685,0,1
1116,37200000000,0,0,-0.3989290432,0.2332944494,-0.09396452588,0.9867824798,0.08765986795,-0.08431263933,-0.1070862458,0,1
1117,37233333333,0,0,-0.3820245417,0.2293399302,-0.09271420569,0.9859810831,0.08371223248,-0.08995841397,-0.112876258,0,1
1118,37266666667,0,1,-0.3644845746,0.2225148594,-0.09339903801,0.9852968844,0.0823704285,-0.09501947744,-0.1156566516,0,1
1119,37300000000,0,0,-0.3421588561,0.2241672666,-0.08965639825,0.9843613087,0.08567674305,-0.09870877724,-0.1181054058,0,1
1120,37333333333,0,0,-0.3280049445,0.2224921588,-0.08751634478,0.9837747858,0.08737285907,-0.1011778498,-0.1196503111,0,1
1121,37366666667,0,0,-0.3119078671,0.2224972127,-0.08293456158,0.9828865828,0.0885022513,-0.1067910937,-0.1212310981,0,1
1122,37400000000,0,0,-0.2957816936,0.2167413795,-0.07702683649,0.9814943127,0.08957367667,-0.1140954231,-0.1250108198,0,1
1123,37433333333,0,0,-0.2768333224,0.2169760715,-0.06960999866,0.9794301331,0.09271784599,-0.1218579956,-0.1314178231,0,1
1124,37466666667,0,1,-0.2585912509,0.2126222966,-0.06980348095,0.9779242202,0.09259339088,-0.128710994,-0.1361035028,0,1
1125,37500000000,0,0,-0.2414951033,0.2082998128,-0.05968515026,0.9763579449,0.09205239167,-0.1370612214,-0.1395196836,0,1
1126,37533333333,0,0,-0.2172681156,0.2068289653,-0.04727150363,0.9748031665,0.09270258859,-0.1460065046,-0.1408797969,0,1
1127,37566666667,0,0,-0.1873024388,0.206476249,-0.03301838342,0.9741028111,0.0919718344,-0.1508411493,-0.1411093293,0,1
1128,37600000000,0,0,-0.1678438102,0.1925514295,-0.02040473956,0.9748047634,0.08653233819,-0.1501537425,-0.1404339037,0,1
1129,37633333333,0,0,-0.1447977175,0.1861871167,-0.006543764196,0.9748916025,0.08557052261,-0.1495359888,-0.141078124,0,1
1130,37666666667,0,1,-0.1182619559,0.1826078646,0.005996232879,0.9755516824,0.08112243378,-0.14719257,-0.141606543,0,1
1131,37700000000,0,0,-0.1036083596,0.167061308,0.01965472202,0.976719451,0.07283177651,-0.1446057929,-0.1407260138,0,1
1132,37733333333,0,0,-0.08190758219,0.1564394643,0.03512664176,0.9769760473,0.06787701362,-0.1448839868,-0.1411351988,0,1
1133,37766666667,0,0,-0.05840310913,0.145451044,0.05129149027,0.9772716454,0.0627137464,-0.1437077651,-0.1426716346,0,1
1134,37800000000,0,0,-0.03881712517,0.129433469,0.06541736467,0.9777906315,0.05818834625,-0.1402880317,-0.1444259863,0,1
1135,37833333333,0,0,-0.01830026005,0.123692451,0.07901937544,0.9777705089,0.05769737687,-0.1365828251,-0.1482598275,0,1
1136,37866666667,0,1,0.007309608686,0.1031003756,0.09531594721,0.9775900203,0.05156865117,-0.1345175554,-0.153503921,0,1
1137,37900000000,0,0,0.0267025915,0.09133501477,0.107059784,0.977380568,0.04961415849,-0.1313320588,-0.1581693743,0,1
1138,37933333333,0,0,0.04932677525,0.08732060697,0.1193909902,0.9770412301,0.04865479009,-0.1266733683,-0.1642467771,0,1
1139,37966666667,0,0,0.06225095255,0.07606976716,0.1282376231,0.9777556565,0.04370382136,-0.1190423002,-0.1670711913,0,1
1140,38000000000,0,0,0.08015210704,0.07237691996,0.1406342508,0.9784505581,0.04126014309,-0.1154220277,-0.1661621541,0,1
1141,38033333333,0,0,0.09990802366,0.06591562329,0.1523619692,0.9793426097,0.03558154926,-0.1113312408,-0.1650071547,0,1
1142,38066666667,0,1,0.1261103636,0.06049403265,0.1627666027,0.9804792147,0.0292722469,-0.1081106722,-0.1616036129,0,1
1143,38100000000,0,0,0.1465220577,0.06086629583,0.1768713904,0.9816660255,0.02063450836,-0.1041276787,-0.1583144278,0,1
1144,38133333333,0,0,0.1605034125,0.05207962659,0.1905205366,0.9830574918,0.006150354263,-0.09928951019,-0.1539536753,0,1
1145,38166666667,0,0,0.1754034117,0.0474769924,0.2020719286,0.9839936311,-0.005521288624,-0.09738874158,-0.1491357848,0,1
1146,38200000000,0,0,0.1912521944,0.05164144642,0.2179449243,0.984038838,-0.01782386332,-0.09718780646,-0.1480013698,0,1
1147,38233333333,0,1,0.2154063289,0.04944514488,0.2375752619,0.9829359296,-0.0349540329,-0.101881411,-0.1491152303,0,1
1148,38266666667,0,0,0.2340571908,0.04585071817,0.2550609221,0.9820755765,-0.05159863208,-0.1018891142,-0.1499458293,0,1
1149,38300000000,0,0,0.2462102789,0.04164083562,0.2688757641,0.9810819244,-0.0700980228,-0.09789999105,-0.1515919408,0,1
1150,38333333333,0,0,0.2547839498,0.04145642482,0.2830131392,0.9796948797,-0.08476532446,-0.09741873612,-0.1533700504,0,1
1151,38366666667,0,0,0.2653944739,0.03948616285,0.2981519693,0.9770575857,-0.1017365619,-0.1011508781,-0.1574059912,0,1
1152,38400000000,0,1,0.2756242436,0.04614932261,0.3163529382,0.9745864049,-0.1116797518,-0.1086283063,-0.1609623047,0,1
1153,38433333333,0,0,0.2874910346,0.0478815763,0.32879991,0.9714203558,-0.1216690874,-0.1171449469,-0.1667818542,0,1
1154,38466666667,0,0,0.3006379486,0.04351985288,0.3411247474,0.9668628299,-0.1336886269,-0.127560438,-0.1761588881,0,1
1155,38500000000,0,0,0.3141123364,0.04121089877,0.3523199026,0.9626908137,-0.142544035,-0.1376427694,-0.1842879899,0,1
1156,38533333333,0,0,0.3280928305,0.03241199689,0.3633695176,0.9583280504,-0.1499099591,-0.1477103851,-0.1931734816,0,1
1157,38566666667,0,0,0.345650843,0.03153422063,0.3730228975,0.9547812781,-0.1509151246,-0.1574000441,-0.2020954288,0,1
1158,38600000000,0,1,0.3641844508,0.03174581055,0.3916397006,0.9498505145,-0.1536523764,-0.1679576752,-0.2143948847,0,1
1159,38633333333,0,0,0.3775500984,0.01867193929,0.3995086659,0.9450197252,-0.1599316597,-0.1711989712,-0.2281457768,0,1
1160,38666666667,0,0,0.3895538381,0.007161996484,0.4048444245,0.941989048,-0.1587046441,-0.1749635116,-0.2384475602,0,1
1161,38700000000,0,0,0.4048366738,0.001299741672,0.4088077549,0.9391434565,-0.1551735679,-0.1816381616,-0.2468568618,0,1
1162,38733333333,0,0,0.4167969407,-0.01067022442,0.4115648597,0.9359482513,-0.155662457,-0.1879127826,-0.253887488,0,1
1163,38766666667,0,0,0.427225857,-0.02707557967,0.4134687961,0.9331679419,-0.1551251903,-0.1950775917,-0.2589951751,0,1
1164,38800000000,0,1,0.438972702,-0.03815837947,0.4221215872,0.9310931069,-0.1482698083,-0.2068706854,-0.261316302,0,1
1165,38833333333,0,0,0.4530428501,-0.04944067459,0.4227857036,0.9285239317,-0.1373887591,-0.2180258762,-0.2672683192,0,1
1166,38866666667,0,0,0.4611209509,-0.06759745928,0.4226125726,0.9260942607,-0.1286153832,-0.2266248634,-0.2728528444,0,1
1167,38900000000,0,0,0.4669622828,-0.08724572014,0.4201570684,0.9248699756,-0.1160221689,-0.2348864041,-0.2756497084,0,1
1168,38933333333,0,0,0.481589322,-0.09476604031,0.4193660883,0.9243215495,-0.09660592862,-0.2437840939,-0.277247693,0,1
1169,38966666667,0,0,0.4860083749,-0.1135133031,0.416717004,0.9242105692,-0.08540158382,-0.2476397611,-0.2778775667,0,1
1170,39000000000,0,1,0.4892385922,-0.1295395671,0.4173822987,0.9251539776,-0.07318875312,-0.2528172805,-0.2735268667,0,1
1171,39033333333,0,0,0.493890724,-0.146926448,0.4137808324,0.9256188269,-0.05675598428,-0.257511472,-0.2714707853,0,1
1172,39066666667,0,0,0.4987867478,-0.1593614281,0.4100950962,0.9257608035,-0.03788991722,-0.2618190275,-0.270151968,0,1
1173,39100000000,0,0,0.4973051615,-0.1802808458,0.4060081327,0.9255814543,-0.02286430243,-0.2661642113,-0.2682029229,0,1
1174,39133333333,0,0,0.5069921819,-0.1960165965,0.4050410011,0.9250937501,-0.001876941058,-0.273411571,-0.2635225673,0,1
1175,39166666667,0,0,0.5169641899,-0.209561351,0.4016111896,0.9247899108,0.01908777674,-0.2761841234,-0.2610011642,0,1
1176,39200000000,0,1,0.5243710574,-0.2241070381,0.3973595616,0.925593594,0.0375416672,-0.2750825748,-0.2572871915,0,1
1177,39233333333,0,0,0.5282069062,-0.2395169867,0.395984391,0.9275792673,0.0552167017,-0.2718607013,-0.250279,0,1
1178,39266666667,0,0,0.531914734,-0.2566612465,0.3946366391,0.9301097433,0.07270099045,-0.2680367637,-0.240347092,0,1
1179,39300000000,0,0,0.5360141707,-0.2726646057,0.3929411727,0.9327810296,0.09006153494,-0.2637663481,-0.2285514917,0,1
1180,39333333333,0,1,0.5435192131,-0.2954802101,0.3867071062,0.9349117091,0.1066640655,-0.2607210673,-0.2158411416,0,1
1181,39366666667,0,0,0.5408009975,-0.3354706623,0.3838637604,0.93640374,0.1253094537,-0.2595566129,-0.2001897633,0,1
1182,39400000000,0,0,0.5483022756,-0.3392346162,0.3840434971,0.9352960014,0.1572695821,-0.259815401,-0.1816139469,0,1
1183,39433333333,0,1,0.5556146537,-0.3607735252,0.3743478923,0.9342672819,0.1821431227,-0.2570562441,-0.1670048388,0,1
1184,39466666667,0,0,0.560361675,-0.3650645246,0.3765554479,0.9307888985,0.2129549577,-0.2542196645,-0.1538004376,0,1
1185,39500000000,0,1,0.5626310666,-0.3685904933,0.3639569015,0.9277864839,0.2369337272,-0.2485723817,-0.1458986645,0,1
1186,39533333333,0,0,0.5668342377,-0.3685127193,0.3613079134,0.9244030657,0.2579818899,-0.2439154052,-0.1393900704,0,1
1187,39566666667,0,0,0.5654128927,-0.3768847635,0.3618862524,0.9208069129,0.2764282776,-0.2401430401,-0.1342883344,0,1
1188,39600000000,0,0,0.564979101,-0.3772327524,0.3619336753,0.9155238685,0.2970191541,-0.2383788765,-0.1295035887,0,1
1189,39633333333,0,1,0.5649235353,-0.3759427414,0.3427989849,0.9108061196,0.3141629295,-0.2346935239,-0.1290457902,0,1
1190,39666666667,0,0,0.5632710907,-0.382030016,0.3467748991,0.9043747746,0.330877611,-0.2378306229,-0.1267393724,0,1
1191,39700000000,0,0,0.5638515099,-0.3824964001,0.3438569411,0.898222338,0.345455137,-0.2415452869,-0.1245522145,0,1
1192,39733333333,0,1,0.5659539592,-0.3650488096,0.3269476506,0.8932614171,0.3579676439,-0.2412393806,-0.125486126,0,1
1193,39766666667,0,0,0.5664857604,-0.3644099462,0.3215160465,0.8914004362,0.3629874169,-0.2420875014,-0.1226337604,0,1
1194,39800000000,0,0,0.5631663597,-0.3659687803,0.3180669568,0.8918858791,0.3640124963,-0.2400410913,-0.1200614663,0,1
1195,39833333333,0,0,0.5620041705,-0.3695846969,0.3164128298,0.8943645678,0.3610398567,-0.2374746698,-0.1156201665,0,1
1196,39866666667,0,1,0.5650176263,-0.3750542307,0.3173398937,0.8975149943,0.3545403239,-0.2355375062,-0.1152825956,0,1
1197,39900000000,0,0,0.56634912,-0.3771836639,0.3170550674,0.9016359543,0.3449164972,-0.2343184671,-0.1148044937,0,1
1198,39933333333,0,0,0.5670892635,-0.3785632674,0.3168286602,0.9055208225,0.3336204769,-0.2345815596,-0.1170508833,0,1
1199,39966666667,0,0,0.5679664865,-0.3813530743,0.3146916667,0.9101418377,0.3180298955,-0.2359161045,-0.1218294403,0,1
1200,40000000000,0,1,0.5655945806,-0.3841728793,0.312217093,0.9157869669,0.2985578037,-0.236533063,-0.1274738375,0,1
1201,40033333333,0,0,0.5652555559,-0.3839283186,0.311501599,0.9205414509,0.2800259449,-0.2380542645,-0.1323596404,0,1
1202,40066666667,0,0,0.5646343627,-0.3845906729,0.3107127153,0.9257653215,0.2601163589,-0.2373459961,-0.1377132072,0,1
1203,40100000000,0,0,0.5644394362,-0.3849248248,0.3120591151,0.9302841065,0.2414115033,-0.2369266926,-0.141977849,0,1
1204,40133333333,0,1,0.5633133746,-0.3765700473,0.3071538314,0.9345133461,0.2241866931,-0.2356647605,-0.1445242307,0,1
1205,40166666667,0,0,0.5637795018,-0.3764951208,0.3074055614,0.938263847,0.2056305943,-0.235916293,-0.1473788139,0,1
1206,40200000000,0,0,0.5623998088,-0.3748974831,0.3117923893,0.9406740771,0.1903070831,-0.2370084391,-0.1508061492,0,1
1207,40233333333,0,1,0.560078945,-0.3697461405,0.3191551588,0.9413883081,0.1812539382,-0.2355766097,-0.1594952168,0,1
1208,40266666667,0,0,0.5608812005,-0.3699739934,0.3206239344,0.9416060036,0.1735608517,-0.236589868,-0.1651665796,0,1
1209,40300000000,0,0,0.5644598027,-0.3687069311,0.3218970185,0.9418177217,0.1654858384,-0.2373877374,-0.1709996446,0,1
1210,40333333333,0,0,0.56818718,-0.368200659,0.3208840694,0.9423704579,0.1550881015,-0.2370583723,-0.178013845,0,1
1211,40366666667,0,0,0.5741768655,-0.3672012348,0.3188406012,0.9423788539,0.1447506418,-0.2394904876,-0.1833402674,0,1
1212,40400000000,0,0,0.5756272413,-0.3662886946,0.3190424682,0.9415117913,0.1349550004,-0.2424169726,-0.1912503755,0,1
1213,40433333333,0,1,0.6219865178,-0.3378799489,0.3236214254,0.9371047534,0.1277082564,-0.2557075117,-0.2003470759,0,1
1214,40466666667,0,0,0.6274729229,-0.3373169324,0.3223203275,0.9350541102,0.1107832861,-0.2600631094,-0.2139346949,0,1
1215,40500000000,0,0,0.6329885314,-0.3392310177,0.3207360945,0.9323920756,0.09675668315,-0.2619773958,-0.2294580695,0,1
1216,40533333333,0,0,0.6370910417,-0.3387008032,0.3196626295,0.92928715,0.08902084496,-0.2629132161,-0.2436746248,0,1
1217,40566666667,0,0,0.6472938961,-0.337421855,0.3160651324,0.9256448098,0.08083254018,-0.2645330896,-0.2582054049,0,1
1218,40600000000,0,1,0.6956117195,-0.3315640339,0.3423174043,0.9185186486,0.07568908444,-0.2762863715,-0.27250779,0,1
1219,40633333333,0,0,0.705507366,-0.3323223825,0.3414152653,0.915587595,0.06744591968,-0.2756440625,-0.2849048168,0,1
1220,40666666667,0,0,0.7179843819,-0.3320707744,0.3417799088,0.9138811334,0.05920791428,-0.2730980153,-0.294504959,0,1
1221,40700000000,0,0,0.7280965752,-0.3344873492,0.3404891698,0.913633598,0.04866580752,-0.2680035634,-0.3017936014,0,1
1222,40733333333,0,0,0.7395143878,-0.3351228325,0.3404678019,0.9146150239,0.03852157636,-0.2642208463,-0.3036161896,0,1
1223,40766666667,0,1,0.7795025346,-0.3326853638,0.370456781,0.9133877041,0.03238632626,-0.2693078186,-0.3035577815,0,1
1224,40800000000,0,0,0.7918596658,-0.3343682393,0.3748736321,0.9161291145,0.02239904278,-0.2632511042,-0.3015038715,0,1
1225,40833333333,0,0,0.8021512496,-0.337011986,0.37822882,0.9182976618,0.01249542531,-0.2576194936,-0.3003422468,0,1
1226,40866666667,0,0,0.8170622235,-0.3397857326,0.3831049905,0.9192930701,0.004386942753,-0.2544156151,-0.3002560588,0,1
1227,40900000000,0,0,0.8286740897,-0.3428456788,0.3912803545,0.9203502121,-0.004063609963,-0.2473488339,-0.3029150517,0,1
1228,40933333333,0,0,0.8376663999,-0.3453683311,0.3985767506,0.9219320603,-0.01328247659,-0.2393914781,-0.3042311164,0,1
1229,40966666667,0,1,0.8619688703,-0.3266393953,0.4259929561,0.9214652152,-0.0175262883,-0.2402115683,-0.3047836756,0,1
1230,41000000000,0,0,0.8718860792,-0.3326990576,0.4381664966,0.9227534788,-0.03126331664,-0.2338551353,-0.3047300412,0,1
1231,41033333333,0,0,0.8832128481,-0.3399829649,0.4508412211,0.9235847107,-0.04170152911,-0.2283291867,-0.3051524983,0,1
1232,41066666667,0,0,0.8959696514,-0.3424022403,0.4647660182,0.925232566,-0.04988267674,-0.2214919979,-0.30396992,0,1
1233,41100000000,0,0,0.9023932421,-0.3481296765,0.4753505443,0.9267231971,-0.06158408935,-0.2112453527,-0.3045766191,0,1
1234,41133333333,0,1,0.9136417318,-0.3436778197,0.5004673302,0.9277433909,-0.06612723239,-0.2084773655,-0.3024178862,0,1
1235,41166666667,0,0,0.9229865804,-0.3469198858,0.5143994983,0.9293025582,-0.07250981152,-0.202313546,-0.3003469853,0,1
1236,41200000000,0,0,0.9288188879,-0.3495489672,0.5273751878,0.9307311668,-0.07887886428,-0.1979506223,-0.2972089688,0,1
1237,41233333333,0,0,0.9347085399,-0.3542661243,0.5408637716,0.930571067,-0.08615905146,-0.1988179713,-0.2951025607,0,1
1238,41266666667,0,1,0.9448491583,-0.348279793,0.5521164279,0.92889009,-0.08741491055,-0.2066008298,-0.2946827639,0,1
1239,41300000000,0,0,0.9499604555,-0.353041872,0.5653413132,0.9271609386,-0.08677168208,-0.2124566891,-0.2961510161,0,1
1240,41333333333,0,0,0.9552596679,-0.3584454974,0.5776542773,0.9247659015,-0.08229739842,-0.2202614632,-0.2991990197,0,1
1241,41366666667,0,0,0.9609471289,-0.3611967979,0.588162031,0.9209668163,-0.07496170824,-0.2314741592,-0.304336293,0,1
1242,41400000000,0,0,0.9666770458,-0.3666868912,0.5979806479,0.9148254211,-0.07350538786,-0.2465656754,-0.3112824675,0,1
1243,41433333333,0,0,0.9698691644,-0.3730777074,0.6078904766,0.9073326539,-0.07342234901,-0.2606189483,-0.321612154,0,1
1244,41466666667,0,1,0.9752676729,-0.3825696585,0.6178018993,0.8974539723,-0.07108217904,-0.277722504,-0.3352519982,0,1
1245,41500000000,0,0,0.9805507613,-0.3902183549,0.6245664401,0.8890876671,-0.06683384755,-0.2916199235,-0.3464306239,0,1
1246,41533333333,0,0,0.9817349629,-0.4004277159,0.6333605295,0.880992974,-0.06640304146,-0.3011758116,-0.3587968038,0,1
1247,41566666667,0,0,0.9843950917,-0.4128873913,0.6430719268,0.8744412303,-0.06043141197,-0.309139645,-0.3689624089,0,1
1248,41600000000,0,0,0.9920086937,-0.4189235802,0.6545772256,0.8714976725,-0.05145205346,-0.314714904,-0.3725574081,0,1
1249,41633333333,0,0,0.9940031489,-0.4263964932,0.6644097419,0.872023233,-0.04860433313,-0.3140892038,-0.3722379239,0,1
1250,41666666667,0,1,0.9934996911,-0.4480447132,0.6682760881,0.8726414958,-0.0546791774,-0.3129092075,-0.370937778,0,1
1251,41700000000,0,0,0.9938650959,-0.4564149172,0.6772803551,0.8744463866,-0.05345518186,-0.3126510448,-0.367063189,0,1
1252,41733333333,0,0,0.9953519703,-0.4643393561,0.6848750343,0.8756396253,-0.05039786827,-0.3129008805,-0.3644287867,0,1
1253,41766666667,0,0,0.9955650773,-0.4725592222,0.6926737309,0.8767475107,-0.04775801228,-0.3125846447,-0.3623862781,0,1
1254,41800000000,0,0,0.9941625809,-0.4800471202,0.6992620968,0.8780057892,-0.04204109049,-0.3126609932,-0.3599742826,0,1
1255,41833333333,0,0,0.9960263935,-0.483996752,0.7055614864,0.8789293093,-0.03480820408,-0.3151230943,-0.3563272283,0,1
1256,41866666667,0,1,0.994108053,-0.4962681161,0.7148435369,0.8781320563,-0.03356900114,-0.3198097219,-0.3542300886,0,1
1257,41900000000,0,0,0.9921289895,-0.5006137212,0.7207378693,0.8781711402,-0.02588339096,-0.3244642672,-0.3505259447,0,1
1258,41933333333,0,0,0.9917836591,-0.5027563871,0.7263384067,0.8783899715,-0.01719984598,-0.3320851558,-0.3432996833,0,1
1259,41966666667,0,0,0.9912160398,-0.5056623784,0.7297569483,0.8773290819,-0.008504948164,-0.3413658167,-0.3371805555,0,1
1260,42000000000,0,0,0.991373541,-0.506057216,0.7329663586,0.8742810111,-0.0006387935567,-0.3532656581,-0.3329199308,0,1
1261,42033333333,0,1,0.9835770183,-0.5140181388,0.7350903676,0.8688782639,0.00332445092,-0.3669993633,-0.3321911767,0,1
1262,42066666667,0,0,0.9817557184,-0.5171526802,0.7360231672,0.8626280041,0.0130072902,-0.383964854,-0.3290512542,0,1
1263,42100000000,0,0,0.9833522065,-0.5192397359,0.7397516062,0.8550959671,0.02136101657,-0.4022888452,-0.3263713822,0,1
1264,42133333333,0,0,0.9782425778,-0.5278346366,0.7429582733,0.8463524757,0.03059354429,-0.4196446057,-0.3265730037,0,1
1265,42166666667,0,0,0.9870072553,-0.5258274202,0.7445774065,0.8368600394,0.04824739534,-0.4381846341,-0.3245484399,0,1
1266,42200000000,0,0,0.9908981326,-0.5306746992,0.7470123134,0.8276950222,0.05067347584,-0.453564786,-0.3265457611,0,1
1267,42233333333,0,1,0.9891603563,-0.5440821737,0.7504650589,0.8191536886,0.05075630108,-0.4675186421,-0.3283859796,0,1
1268,42266666667,0,0,0.992892329,-0.550149804,0.7544161055,0.8117451305,0.05828417271,-0.478472297,-0.3297530277,0,1
1269,42300000000,0,0,0.9951245911,-0.5568749456,0.756880958,0.805963219,0.06337918746,-0.4856349432,-0.3325132631,0,1
1270,42333333333,0,0,0.9964806754,-0.5629438351,0.7583599717,0.8009048211,0.06641053134,-0.4921117581,-0.3346148927,0,1
1271,42366666667,0,0,0.9986839461,-0.5713144412,0.7627636054,0.7954077252,0.06802823661,-0.4996670818,-0.3362016017,0,1
1272,42400000000,0,0,0.9980670188,-0.578617717,0.7632538833,0.7911230589,0.07214899266,-0.503746937,-0.3393491595,0,1
1273,42433333333,0,1,1.000314083,-0.5821960529,0.7642197703,0.7859340458,0.079041109,-0.5085536904,-0.3426854575,0,1
1274,42466666667,0,0,1.000648651,-0.5859495862,0.7628606943,0.7799773992,0.08551729584,-0.5135306948,-0.3472870202,0,1
1275,42500000000,0,0,1.000587397,-0.5910540418,0.7611768512,0.7732500423,0.08991333844,-0.5197650385,-0.3519151439,0,1
1276,42533333333,0,0,0.9999173161,-0.5967514856,0.7606228343,0.7674813864,0.09507632858,-0.5252981177,-0.3549573225,0,1
1277,42566666667,0,0,0.9988946872,-0.6003437226,0.7562784168,0.7627886568,0.1011585442,-0.5294022875,-0.3572864846,0,1
1278,42600000000,0,0,0.9987770219,-0.6028597484,0.7516366975,0.7581386792,0.1059805991,-0.5349702213,-0.3574922628,0,1
1279,42633333333,0,1,0.9993851353,-0.6032751857,0.7452051723,0.7537458001,0.1093101931,-0.541317493,-0.3562217319,0,1
1280,42666666667,0,0,1.002104204,-0.6018499567,0.7403034932,0.7487711169,0.1102323323,-0.548580452,-0.3553169502,0,1
1281,42700000000,0,0,1.001278798,-0.605434309,0.7355421956,0.745882461,0.1056913405,-0.5536382189,-0.3549273412,0,1
1282,42733333333,0,0,0.9999336819,-0.6062663219,0.7267016653,0.7449931335,0.1018639909,-0.5570825741,-0.3525166152,0,1
1283,42766666667,0,0,1.003952753,-0.6015999038,0.7231046499,0.7430628621,0.09824853895,-0.5617769593,-0.350159186,0,1
1284,42800000000,0,0,1.003650808,-0.6035651818,0.7177778706,0.7413867875,0.09244478578,-0.5631360925,-0.3530967774,0,1
1285,42833333333,0,1,1.008488641,-0.6008142949,0.7141737638,0.7411518426,0.08926929858,-0.5631985935,-0.3543053526,0,1
1286,42866666667,0,0,1.010817145,-0.5976104923,0.7085303295,0.7433329492,0.07996852735,-0.5609226627,-0.3555656447,0,1
1287,42900000000,0,0,1.007870153,-0.6002974174,0.7028293876,0.7473748093,0.06944262489,-0.5579214794,-0.3540229359,0,1
1288,42933333333,0,0,1.01103247,-0.5960530361,0.6981616182,0.7524043559,0.06449568931,-0.5546115828,-0.3494767281,0,1
1289,42966666667,0,0,1.015279815,-0.589087755,0.6925747993,0.7564502522,0.05853789139,-0.5504241534,-0.3484100782,0,1
1290,43000000000,0,0,1.014138678,-0.5891243293,0.6878765224,0.7607966874,0.04912964837,-0.5465879886,-0.3464336139,0,1
1291,43033333333,0,1,1.017581482,-0.5832714577,0.6846675705,0.7665532156,0.04287644183,-0.5429930135,-0.3401710829,0,1
1292,43066666667,0,0,1.021215017,-0.5768915154,0.6837659548,0.7741150869,0.03378093811,-0.5356862135,-0.3356262224,0,1
1293,43100000000,0,0,1.019494068,-0.5754191851,0.6810932577,0.7831647964,0.02468001306,-0.5263604372,-0.3301340468,0,1
1294,43133333333,0,0,1.024325339,-0.5696083207,0.679570055,0.7927494728,0.01994295531,-0.5157855884,-0.3242156361,0,1
1295,43166666667,0,0,1.027297983,-0.5656570894,0.6782229785,0.8027547497,0.01355467511,-0.5015719297,-0.3222214797,0,1
1296,43200000000,0,0,1.024554556,-0.5650282871,0.6752094836,0.8127296283,0.009859826893,-0.4862122325,-0.3208909473,0,1
1297,43233333333,0,1,1.027958728,-0.5637107036,0.6704133223,0.8226817742,0.01041073666,-0.4698745613,-0.3198502954,0,1
1298,43266666667,0,0,1.030818637,-0.560206677,0.6611451869,0.8320440739,0.01019421805,-0.4506729249,-0.3232532315,0,1
1299,43300000000,0,0,1.027316641,-0.5585435975,0.6540562555,0.8395966804,0.008246707599,-0.4342430155,-0.3262551296,0,1
1300,43333333333,0,0,1.027655264,-0.5561721936,0.6490216401,0.8462533895,0.009438561893,-0.4203329694,-0.3272404455,0,1
1301,43366666667,0,0,1.026162011,-0.5524757398,0.6405848708,0.8535648556,0.0119669696,-0.4041895503,-0.328503632,0,1
1302,43400000000,0,0,1.024828535,-0.5495464716,0.6287126865,0.8605720659,0.01411719572,-0.389002583,-0.32847133,0,1
1303,43433333333,0,1,1.015865183,-0.5469517443,0.6155014957,0.8664580256,0.01794014316,-0.3744999438,-0.3296641218,0,1
1304,43466666667,0,0,1.012276682,-0.5456327628,0.6016960328,0.8715124355,0.02288471111,-0.3633599803,-0.3284994514,0,1
1305,43500000000,0,0,1.009488771,-0.5431472386,0.5876855807,0.8752960658,0.02942748364,-0.3558754205,-0.3261035196,0,1
1306,43533333333,0,0,1.010649128,-0.5365454123,0.5742661293,0.8788730261,0.03640802328,-0.3500801769,-0.3220256661,0,1
1307,43566666667,0,0,1.009263337,-0.5300176745,0.5594130543,0.8827316924,0.03836389441,-0.3431751068,-0.3186594058,0,1
1308,43600000000,0,0,1.005638592,-0.5248201683,0.5445672411,0.8852889616,0.03914738437,-0.3373506479,-0.3176877038,0,1
1309,43633333333,0,1,0.9991480892,-0.5186768003,0.5322050957,0.8859395275,0.04197667501,-0.3334543333,-0.3196205876,0,1
1310,43666666667,0,0,0.9993548241,-0.5119452158,0.5189985694,0.8872579455,0.04568373817,-0.3285725757,-0.3205095891,0,1
1311,43700000000,0,0,0.9961138893,-0.5031528057,0.5055339978,0.8906252542,0.0446140672,-0.3214565089,-0.3185309316,0,1
1312,43733333333,0,0,0.9901315352,-0.4988450081,0.4908234203,0.8946593369,0.0403980244,-0.3144201109,-0.3147898735,0,1
1313,43766666667,0,0,0.9904932063,-0.4908372358,0.4803636302,0.8982950351,0.03899311437,-0.3094300783,-0.3095134789,0,1
1314,43800000000,0,0,0.9851424456,-0.4840959799,0.4668722054,0.9035850878,0.03311825019,-0.2995039666,-0.3045234713,0,1
1315,43833333333,0,1,0.9691733704,-0.4821455214,0.4496157741,0.9092044652,0.02799721525,-0.2904044585,-0.2970330737,0,1
1316,43866666667,0,0,0.962158982,-0.4793909742,0.4364992023,0.912068308,0.03349797386,-0.2872651011,-0.2906682801,0,1
1317,43900000000,0,0,0.9573011907,-0.4646153546,0.4225276879,0.9141130026,0.04376792537,-0.284293142,-0.2857607333,0,1
1318,43933333333,0,0,0.9528232226,-0.4526590013,0.4103120088,0.9144666062,0.04828378936,-0.2850821475,-0.2831036399,0,1
1319,43966666667,0,0,0.9467057643,-0.4469751252,0.3995434437,0.9139869179,0.04981576765,-0.2851837625,-0.2842824735,0,1
1320,44000000000,0,0,0.9368206119,-0.4403138498,0.3878353469,0.9134549294,0.05309453252,-0.2849067562,-0.2856732447,0,1
1321,44033333333,0,1,0.9351416958,-0.4355616583,0.3766017864,0.9131199631,0.05551386901,-0.2864206949,-0.2847689043,0,1
1322,44066666667,0,0,0.9296781368,-0.4292755888,0.3671156554,0.9145203115,0.05591443757,-0.2835119927,-0.2831026764,0,1
1323,44100000000,0,0,0.9239960544,-0.4273190625,0.3579619868,0.9153948894,0.05762413332,-0.2809034362,-0.2825330338,0,1
1324,44133333333,0,0,0.9243687299,-0.4167739975,0.3521754652,0.9181499979,0.06003783142,-0.2763752713,-0.2775117106,0,1
1325,44166666667,0,0,0.914302378,-0.4122833126,0.342763289,0.9215548398,0.05739653172,-0.2693282057,-0.2736871077,0,1
1326,44200000000,0,0,0.913255667,-0.4067340664,0.3372654436,0.9227695611,0.05849347771,-0.2663056168,-0.2723163025,0,1
1327,44233333333,0,0,0.9091355268,-0.4001559064,0.3317945393,0.9246978068,0.05839246057,-0.2602495365,-0.2716513674,0,1
1328,44266666667,0,0,0.9038717193,-0.3932172901,0.3259772387,0.9263489051,0.05812629002,-0.2551063259,-0.270960888,0,1
1329,44300000000,0,1,0.9038550055,-0.3836634617,0.3206782206,0.9274281241,0.05754650945,-0.2509274243,-0.271294861,0,1
1330,44333333333,0,0,0.896317928,-0.3756059034,0.3169339882,0.9292235192,0.05326841645,-0.2450963145,-0.2713557144,0,1
1331,44366666667,0,0,0.8931396533,-0.3680498045,0.3141986325,0.929827617,0.04977988246,-0.2427178976,-0.2720856265,0,1
1332,44400000000,0,0,0.8905134876,-0.3594396237,0.3131096896,0.9305141214,0.04519324882,-0.2398520005,-0.2730788494,0,1
1333,44433333333,0,0,0.8837114202,-0.3542451039,0.3115017819,0.9309978802,0.03856109814,-0.2373621966,-0.2746182375,0,1
1334,44466666667,0,0,0.8815701323,-0.3516245015,0.3105211495,0.9300690237,0.0343944184,-0.2367085432,-0.278850678,0,1
1335,44500000000,0,0,0.879293871,-0.3468401906,0.3103261649,0.9300936959,0.03077012871,-0.2339174224,-0.2815342883,0,1
1336,44533333333,0,0,0.8737927513,-0.3449875861,0.3097646165,0.9306832828,0.0257668444,-0.2310031932,-0.28249287,0,1
1337,44566666667,0,0,0.8737338189,-0.3432257446,0.3098909474,0.9313181926,0.02327568418,-0.2295169412,-0.2818273236,0,1
1338,44600000000,0,0,0.8715114421,-0.3407671625,0.310881859,0.9329115087,0.01923327262,-0.2258257401,-0.2798373336,0,1
1339,44633333333,0,0,0.869159398,-0.3407775627,0.3110177684,0.9346984226,0.01575992535,-0.2227627388,-0.2765271158,0,1
1340,44666666667,0,1,0.8684246071,-0.3406450819,0.311688194,0.9366144493,0.01237659135,-0.219481827,-0.2728148106,0,1
1341,44700000000,0,0,0.8652223534,-0.3400130275,0.3111387464,0.9377328931,0.01023337715,-0.2166943665,-0.2712855521,0,1
1342,44733333333,0,0,0.8662653635,-0.3383384579,0.3113585008,0.938086753,0.009267691944,-0.2159412725,-0.2706967317,0,1
1343,44766666667,0,0,0.8636658535,-0.3383732971,0.3111326218,0.9390901631,0.006284090344,-0.214063281,-0.2687881833,0,1
1344,44800000000,0,0,0.8620268529,-0.3411655825,0.3104429038,0.9391959819,0.005593706896,-0.214310031,-0.2682365163,0,1
1345,44833333333,0,0,0.8644624524,-0.3399201592,0.3105203029,0.9392407453,0.007134039611,-0.2143807368,-0.2679866181,0,1
1346,44866666667,0,0,0.863338539,-0.3384531397,0.3098495625,0.9400222796,0.007212884738,-0.2137174721,-0.2657648024,0,1
1347,44900000000,0,0,0.86418656,-0.3383122901,0.3095529205,0.9401310476,0.006527902951,-0.2146802155,-0.2646193586,0,1
1348,44933333333,0,0,0.8644949629,-0.3403572774,0.3094211958,0.9403246117,0.005674530768,-0.2146608428,-0.2639661851,0,1
1349,44966666667,0,0,0.864066928,-0.3401823968,0.3090742615,0.9410036861,0.006159421264,-0.214208621,-0.261894618,0,1
1350,45000000000,0,0,0.8652066868,-0.3406843368,0.3087464459,0.9414226817,0.006269659489,-0.2146287104,-0.2600356561,0,1
1351,45033333333,0,0,0.8657628552,-0.3414530981,0.3082822662,0.9420495096,0.00657921156,-0.2145588662,-0.2578059897,0,1
1352,45066666667,0,0,0.8663930871,-0.3410144652,0.307512923,0.9424839017,0.007079148534,-0.2142992941,-0.2564172249,0,1
1353,45100000000,0,0,0.8666382277,-0.3422426679,0.3068894643,0.9427929028,0.007424296329,-0.2146837146,-0.2549457293,0,1
1354,45133333333,0,0,0.8694770416,-0.3402062013,0.3067820166,0.9433119528,0.008124966816,-0.2152815064,-0.2524884504,0,1
1355,45166666667,0,0,0.8678155867,-0.3413456218,0.3053887215,0.943620369,0.006783248049,-0.214945816,-0.251660253,0,1
1356,45200000000,0,0,0.8685221716,-0.3427932056,0.3045249059,0.9434415625,0.00694482453,-0.2163955312,-0.2510831767,0,1
1357,45233333333,0,0,0.871745051,-0.3440993929,0.3043355032,0.9435641727,0.007857558217,-0.2170376522,-0.2500391336,0,1
1358,45266666667,0,0,0.8712537883,-0.3444633118,0.3032206496,0.9442191992,0.008733968654,-0.2153320739,-0.2490098787,0,1
1359,45300000000,0,0,0.8708266945,-0.3446727988,0.3022115948,0.9446019039,0.01011202728,-0.2151629937,-0.2476486952,0,1
1360,45333333333,0,1,0.8738262202,-0.3449960362,0.3021529237,0.9449615224,0.01183602366,-0.2155320674,-0.2458730521,0,1
1361,45366666667,0,0,0.8742275863,-0.3439679248,0.3016681035,0.9455711954,0.01233456485,-0.2137392926,-0.2450683329,0,1
