frame_index,timestamp_ns,segment,keyframe,cx,cy,cz,qw,qx,qy,qz,predicted,confidence
300,10000000000,0,1,0,0,0,1,0,0,0,0,1
304,10133333333,0,1,0.02017938757,-0.001748199778,-0.001812297189,0.9998725253,0.0008300476308,-0.01446675253,-0.006705017751,0,1
305,10166666667,0,0,0.02444032503,-0.00238321665,-0.002568834812,0.9997820111,0.001081347653,-0.01886407005,-0.008883004362,0,1
306,10200000000,0,0,0.02805133523,-0.002764054397,-0.002252078441,0.9997086062,0.001740834564,-0.02219447025,-0.009331546234,0,1
307,10233333333,0,0,0.03181239201,-0.003957567136,-0.002216500181,0.9996399339,0.002052061504,-0.02515711689,-0.009105553064,0,1
308,10266666667,0,0,0.03695376853,-0.005672850557,-0.002603883041,0.9995695227,0.002334586952,-0.02813852177,-0.007971365091,0,1
309,10300000000,0,0,0.04083210103,-0.00743832442,-0.001305315557,0.9995269584,0.003277259747,-0.02999872687,-0.005932573318,0,1
310,10333333333,0,0,0.04421320694,-0.009170244092,-0.000203614623,0.9994643919,0.004526518119,-0.03211154133,-0.00439190017,0,1
311,10366666667,0,1,0.04156463865,-0.007701170085,0.005880184683,0.9994823649,0.008967727748,-0.03086626319,-0.001362335448,0,1
312,10400000000,0,0,0.04522256763,-0.0108373793,0.006868444416,0.9994058923,0.0117487097,-0.03232747697,-0.00218278705,0,1
313,10433333333,0,0,0.04868885261,-0.01296024841,0.007415438745,0.9993228409,0.0151659644,-0.03345769032,-0.002106208057,0,1
314,10466666667,0,0,0.051894496,-0.01602912751,0.008554847823,0.999237522,0.01795668595,-0.03462855672,-0.00167184664,0,1
315,10500000000,0,0,0.05481113272,-0.0195207413,0.009500021275,0.9991474381,0.02078479038,-0.03561997406,-0.001899160106,0,1
316,10533333333,0,0,0.0592528645,-0.0232344883,0.009786488183,0.9990567121,0.02353289326,-0.03642707245,-0.002226488538,0,1
317,10566666667,0,1,0.05822639492,-0.02389612189,0.0111090492,0.9990630328,0.02816964088,-0.03281891122,-0.001564272793,0,1
318,10600000000,0,0,0.06032111362,-0.02651159489,0.01246699509,0.9990052098,0.03204673025,-0.03100858935,-0.0002554136054,0,1
319,10633333333,0,0,0.0615599242,-0.02945802861,0.01458041786,0.9989408498,0.0349987756,-0.02987079415,-4.767393124e-07,0,1
320,10666666667,0,0,0.06383784485,-0.03372439698,0.01639621747,0.9988471878,0.03761250715,-0.02980175979,-0.001204135473,0,1
321,10700000000,0,0,0.06565104147,-0.0374681523,0.01768539131,0.9987480043,0.04066991556,-0.0289725677,-0.002995376705,0,1
322,10733333333,0,0,0.0666313149,-0.04105362091,0.01956283107,0.9986655577,0.04321571569,-0.02798798889,-0.00402222214,0,1
323,10766666667,0,0,0.06783657773,-0.0477524611,0.02212075301,0.9985615496,0.04549118017,-0.02797692394,-0.004761933082,0,1
324,10800000000,0,1,0.06719255085,-0.05227459892,0.02511579605,0.9982499636,0.05198840824,-0.02715769403,-0.007528297506,0,1
325,10833333333,0,0,0.07017898298,-0.06083773188,0.02673606786,0.997776106,0.05991706227,-0.0267349787,-0.01174856808,0,1
326,10866666667,0,0,0.07301848975,-0.06443671921,0.02782477596,0.9969661616,0.07235198435,-0.02480948908,-0.01442748025,0,1
327,10900000000,0,0,0.07420009541,-0.06695318306,0.02976803162,0.996147423,0.08349755487,-0.02288824503,-0.01394984369,0,1
328,10933333333,0,0,0.07448820252,-0.06709361364,0.03182974216,0.9953673372,0.09268985242,-0.02337547171,-0.01029769651,0,1
329,10966666667,0,0,0.07482954076,-0.06739061208,0.03487707191,0.994838835,0.09764167893,-0.02696849347,-0.005873260659,0,1
330,11000000000,0,1,0.07605668652,-0.07045656252,0.03750837076,0.9945030812,0.09979222717,-0.03159174229,-0.002663587576,0,1
331,11033333333,0,0,0.07953334423,-0.07495366404,0.0406238417,0.9941333106,0.1020377261,-0.03587192941,0.000683964245,0,1
332,11066666667,0,0,0.08347235199,-0.07856000274,0.04350177308,0.9936464799,0.1056236813,-0.03872163967,0.00330839948,0,1
333,11100000000,0,0,0.08719752497,-0.08324784532,0.04698070273,0.9931203126,0.1100084581,-0.03977607724,0.005295989859,0,1
334,11133333333,0,0,0.09064341976,-0.08521185562,0.04947005698,0.9923650941,0.1164611111,-0.03998447305,0.007040710337,0,1
335,11166666667,0,0,0.09249645529,-0.0862744512,0.05196010859,0.9917123003,0.1215673982,-0.04042417041,0.009693685648,0,1
336,11200000000,0,0,0.09401484976,-0.08640323401,0.05467789444,0.9911259356,0.1252018363,-0.04277955805,0.01279802449,0,1
337,11233333333,0,0,0.09696087663,-0.08857536598,0.0572152086,0.9906628751,0.1270548273,-0.04725791607,0.01451991921,0,1
338,11266666667,0,1,0.09838387576,-0.09033029562,0.05832077229,0.9902209696,0.1296819263,-0.04940515069,0.01428847132,0,1
339,11300000000,0,0,0.1032574904,-0.09310674513,0.06042347972,0.9896962116,0.1330728501,-0.05122915337,0.01298457512,0,1
340,11333333333,0,0,0.1070976766,-0.09541623861,0.0626489606,0.9891163515,0.1371984848,-0.05164167302,0.01259192374,0,1
341,11366666667,0,0,0.1101529448,-0.09635508311,0.06402389351,0.9885579506,0.1409416382,-0.05239265843,0.01198508609,0,1
342,11400000000,0,0,0.1140131593,-0.09855538204,0.06549584842,0.9880657383,0.1435552106,-0.05483332948,0.01055008631,0,1
343,11433333333,0,0,0.1184156086,-0.1000060923,0.06701392387,0.9874395549,0.1465185791,-0.05832738082,0.009661676484,0,1
344,11466666667,0,0,0.12333044,-0.1008433567,0.06869098061,0.9868866869,0.1484922468,-0.06265360748,0.008901987305,0,1
345,11500000000,0,1,0.1240406031,-0.1021601523,0.06863014705,0.9863991335,0.1509583,-0.0646268306,0.007191233068,0,1
346,11533333333,0,0,0.1298326334,-0.1037160686,0.07005150123,0.9857660875,0.1531563123,-0.06913157371,0.005402802045,0,1
347,11566666667,0,0,0.1356581735,-0.1045196835,0.0712128037,0.9851373437,0.1552316157,-0.07345441329,0.003465371876,0,1
348,11600000000,0,0,0.1407970482,-0.1057185015,0.07272974059,0.9845751623,0.1565410619,-0.07813972778,0.0009103087935,0,1
349,11633333333,0,0,0.1462155844,-0.1058542412,0.07388368569,0.9839242194,0.1576977597,-0.08379623887,-0.001654488298,0,1
350,11666666667,0,0,0.1527435724,-0.1067904485,0.07466583132,0.9833742541,0.1576417754,-0.0899507819,-0.005744897146,0,1
351,11700000000,0,1,0.155429849,-0.1070008753,0.07268622481,0.9829808163,0.157980788,-0.09306910715,-0.01135459227,0,1
352,11733333333,0,0,0.1620791953,-0.1076589516,0.07334333482,0.9823748212,0.158086666,-0.09818278973,-0.0175629272,0,1
353,11766666667,0,0,0.1686071215,-0.1087856185,0.07437372522,0.9817915135,0.1579785546,-0.1028924682,-0.0232667212,0,1
354,11800000000,0,0,0.1753719327,-0.1087653387,0.07478855779,0.9810715408,0.1584851952,-0.1074569728,-0.02888033362,0,1
355,11833333333,0,0,0.1826620758,-0.1084833072,0.07631638552,0.9805196164,0.158131896,-0.1117690596,-0.03291295676,0,1
356,11866666667,0,0,0.1895395005,-0.1071724146,0.07724808779,0.9801790016,0.1568499901,-0.1157586992,-0.03531471379,0,1
357,11900000000,0,0,0.1968264206,-0.1072156607,0.07861850497,0.9800571244,0.1540362347,-0.119968518,-0.03699224246,0,1
358,11933333333,0,0,0.2043776646,-0.1074885097,0.08037296967,0.9798958699,0.1515587186,-0.1235619391,-0.03957885911,0,1
359,11966666667,0,0,0.2127263349,-0.1068041439,0.08181737459,0.9797745136,0.1493271133,-0.1262268655,-0.04254520171,0,1
360,12000000000,0,1,0.2154989498,-0.1059111833,0.07942599794,0.9802634467,0.1465440519,-0.1251249427,-0.04418330725,0,1
361,12033333333,0,0,0.2218540114,-0.1041101477,0.08092088983,0.9804261498,0.1435884286,-0.1269278658,-0.04512476876,0,1
362,12066666667,0,0,0.2282381885,-0.1020267303,0.08306630282,0.9806621607,0.1396600633,-0.1293764988,-0.04537085811,0,1
363,12100000000,0,0,0.2350890925,-0.1010805419,0.08538969064,0.9810115445,0.1347468845,-0.13173983,-0.04587203837,0,1
364,12133333333,0,0,0.241295404,-0.1014631839,0.08760598418,0.9813714181,0.1306002819,-0.1334025513,-0.04535929263,0,1
365,12166666667,0,0,0.246878092,-0.09982264863,0.08955418593,0.9815720228,0.1276629895,-0.1347377525,-0.04543416253,0,1
366,12200000000,0,0,0.2520565962,-0.09969207537,0.09093694755,0.9816471318,0.1249702363,-0.1360154049,-0.04744637341,0,1
367,12233333333,0,0,0.2562628896,-0.09888398174,0.09293013291,0.9815731455,0.1234384596,-0.1372730815,-0.04932755591,0,1
368,12266666667,0,0,0.2607559536,-0.09621893614,0.0943638399,0.9815142064,0.1217794291,-0.1391874671,-0.04925933733,0,1
369,12300000000,0,0,0.2647482721,-0.09691115899,0.09627475469,0.9816482085,0.1188207609,-0.1412347236,-0.04797055718,0,1
370,12333333333,0,1,0.2658437529,-0.09706427994,0.09593033531,0.9819958762,0.1161548192,-0.1415996132,-0.04627857684,0,1
371,12366666667,0,0,0.2700099522,-0.09813435897,0.09732191663,0.9820942205,0.1137731106,-0.1430416015,-0.04566970209,0,1
372,12400000000,0,0,0.2730972127,-0.1002383891,0.09872771028,0.9820629326,0.1133210027,-0.1434791061,-0.04609222138,0,1
373,12433333333,0,0,0.2762736108,-0.09957312377,0.1000232063,0.9817697688,0.1148915433,-0.1439361881,-0.04701518951,0,1
374,12466666667,0,0,0.2793384833,-0.09946927157,0.1017960928,0.9816597157,0.1151168267,-0.1443532897,-0.04748101155,0,1
375,12500000000,0,0,0.2824238795,-0.09898920406,0.1032657292,0.9816670476,0.1145395106,-0.1450529864,-0.04658475394,0,1
376,12533333333,0,0,0.2862312765,-0.1002203502,0.1056493786,0.9818437139,0.1127874265,-0.1454898218,-0.04576712308,0,1
377,12566666667,0,0,0.2895067957,-0.1013988573,0.107904641,0.9821558228,0.1116625381,-0.1444627748,-0.04507686806,0,1
378,12600000000,0,0,0.2915505089,-0.1026552358,0.1097071675,0.9824057607,0.1111570893,-0.1430072138,-0.04551878241,0,1
379,12633333333,0,0,0.2940099882,-0.1026183981,0.1114486958,0.9823782338,0.1112566397,-0.1426079356,-0.04709503716,0,1
380,12666666667,0,0,0.2960403355,-0.103021382,0.1144235401,0.9824431328,0.1101305253,-0.1426791974,-0.04816019917,0,1
381,12700000000,0,0,0.2976378899,-0.1035696627,0.1174121487,0.9825368346,0.1082505967,-0.1432045858,-0.0489451075,0,1
382,12733333333,0,0,0.3008146254,-0.1061441711,0.1209169063,0.9825551123,0.106083294,-0.1441001013,-0.05066504543,0,1
383,12766666667,0,1,0.3045521107,-0.1089584731,0.1244141487,0.9826939217,0.1049798986,-0.1433002965,-0.05250621142,0,1
384,12800000000,0,0,0.3070974285,-0.1118350434,0.127921903,0.9829212529,0.1050998675,-0.1408276697,-0.05465707631,0,1
385,12833333333,0,0,0.3091270908,-0.1139543917,0.1311483404,0.9830892861,0.1059427284,-0.1380209425,-0.05711228591,0,1
386,12866666667,0,0,0.3110175636,-0.115663289,0.1344720307,0.9832270646,0.1065369718,-0.1357971761,-0.05893674576,0,1
387,12900000000,0,0,0.3123762934,-0.1171277135,0.1377590523,0.9833968783,0.106036605,-0.1347231496,-0.05946840414,0,1
388,12933333333,0,0,0.3136876645,-0.1185733022,0.1410923893,0.9835198875,0.1041903735,-0.1353593196,-0.05925243936,0,1
389,12966666667,0,0,0.3157112002,-0.1219538287,0.1448731309,0.9834630989,0.1021236852,-0.1370223782,-0.0599662728,0,1
390,13000000000,0,0,0.3191476462,-0.1252816616,0.1487034017,0.9833242629,0.1010808632,-0.138558987,-0.06047693926,0,1
391,13033333333,0,0,0.3230332299,-0.1293456549,0.1522879231,0.9831949862,0.1018541557,-0.1382215968,-0.06203338018,0,1
392,13066666667,0,0,0.3260997534,-0.1308758734,0.1551955638,0.9830940325,0.104396888,-0.1361304747,-0.06399927236,0,1
393,13100000000,0,0,0.328458682,-0.1311151334,0.1585672543,0.9832821649,0.105525735,-0.1340330815,-0.06368387916,0,1
394,13133333333,0,0,0.3301202106,-0.130147202,0.1616706586,0.9837024691,0.1045088598,-0.1329561867,-0.06107375077,0,1
395,13166666667,0,1,0.3324862013,-0.1279911908,0.1649123209,0.9840149966,0.1008166861,-0.1343127143,-0.05925012242,0,1
396,13200000000,0,0,0.3354209488,-0.1290501153,0.1689486633,0.9842882484,0.09480218705,-0.1365870076,-0.05944054743,0,1
397,13233333333,0,0,0.3389122626,-0.1309868761,0.1724312174,0.9844456394,0.09021211068,-0.1380825567,-0.06051252545,0,1
398,13266666667,0,0,0.3420828766,-0.1325303134,0.1759811665,0.9845008514,0.08755594976,-0.1381752067,-0.06324271892,0,1
399,13300000000,0,0,0.3457786984,-0.1329896109,0.1791522201,0.9845029951,0.08632187074,-0.1375387438,-0.06622296655,0,1
400,13333333333,0,0,0.3480334169,-0.1337981275,0.1818266549,0.9846171089,0.08535158109,-0.136555707,-0.06779967052,0,1
401,13366666667,0,0,0.3497204733,-0.1320854954,0.1843634752,0.9845937431,0.0843056874,-0.13728609,-0.06797235986,0,1
402,13400000000,0,0,0.3523017038,-0.1323525827,0.1866086824,0.9844009573,0.08167939472,-0.1403063901,-0.0678037513,0,1
403,13433333333,0,0,0.354625222,-0.1331397115,0.188545417,0.9839269857,0.07982738006,-0.1447135132,-0.06762599625,0,1
404,13466666667,0,0,0.3584141097,-0.1324885685,0.1898744296,0.9829735639,0.07949040648,-0.150367987,-0.06952493426,0,1
405,13500000000,0,1,0.3637166044,-0.132996388,0.1920637234,0.9817989905,0.07908126151,-0.1562997151,-0.07339819742,0,1
406,13533333333,0,0,0.3685876357,-0.1326373971,0.1935443357,0.980918658,0.07890990049,-0.1606404239,-0.07593726522,0,1
407,13566666667,0,0,0.3727089637,-0.1319780652,0.1948985563,0.9799999435,0.07882599131,-0.1645948799,-0.0793416617,0,1
408,13600000000,0,0,0.3772695154,-0.1313855019,0.1961433908,0.9788477497,0.07832279067,-0.1692451331,-0.08413505996,0,1
409,13633333333,0,0,0.3814869924,-0.1308334082,0.1973122068,0.9776613095,0.07817173066,-0.1740762275,-0.08811930245,0,1
410,13666666667,0,0,0.3850795049,-0.1285822483,0.1984407793,0.9763448778,0.0773792145,-0.1799112132,-0.09162473567,0,1
411,13700000000,0,1,0.390178873,-0.1276308312,0.2012906769,0.9746691716,0.07542728042,-0.1876284913,-0.09553156864,0,1
412,13733333333,0,0,0.3952701744,-0.1273358063,0.2021892687,0.9729811295,0.07334996453,-0.1946375046,-0.1002184923,0,1
413,13766666667,0,0,0.4014155059,-0.1281625336,0.2032138604,0.9711073543,0.07236581407,-0.2008863619,-0.1065756305,0,1
414,13800000000,0,0,0.4076084396,-0.128291472,0.2042043669,0.9696295551,0.07272775333,-0.2052921538,-0.1112849107,0,1
415,13833333333,0,0,0.4141272043,-0.1282699676,0.205320008,0.9685757284,0.07315874051,-0.2080402439,-0.1150135383,0,1
416,13866666667,0,0,0.4207539558,-0.1286614482,0.2064737467,0.9679134567,0.07455989085,-0.208559049,-0.1186907159,0,1
417,13900000000,0,1,0.4256207293,-0.1274181312,0.2088143136,0.9675735557,0.077013895,-0.2074605095,-0.121780176,0,1
418,13933333333,0,0,0.4296760668,-0.1253580086,0.2090326292,0.9672491251,0.07858734083,-0.2069453866,-0.1242045361,0,1
419,13966666667,0,0,0.4325357262,-0.1229029675,0.2093407596,0.9666256934,0.07882507359,-0.2087291891,-0.1259106915,0,1
420,14000000000,0,0,0.4365572604,-0.1197332159,0.2095031289,0.9656041701,0.0775198546,-0.2130759499,-0.1272709645,0,1
421,14033333333,0,0,0.4405570691,-0.1183790939,0.2101891071,0.964544483,0.07393483665,-0.2185243209,-0.1281978997,0,1
422,14066666667,0,0,0.4444162171,-0.1182526623,0.2108854334,0.9636133247,0.07070985217,-0.2239541353,-0.1276480417,0,1
423,14100000000,0,1,0.4474287856,-0.1162818479,0.210848169,0.9625967032,0.06881203329,-0.2288842582,-0.1276106871,0,1
424,14133333333,0,0,0.4512565797,-0.1149107947,0.2110051684,0.9617021592,0.06600896571,-0.2335622217,-0.1273595778,0,1
425,14166666667,0,0,0.4546279258,-0.1146474337,0.2104403294,0.9611541462,0.0641810501,-0.2371139018,-0.1258590389,0,1
426,14200000000,0,0,0.4577362592,-0.1125996951,0.2094727326,0.9605686789,0.06372755683,-0.2399235416,-0.1252330058,0,1
427,14233333333,0,0,0.4609665615,-0.1112152052,0.2079946191,0.9600126105,0.06325394401,-0.2421228366,-0.1255040168,0,1
428,14266666667,0,0,0.4632401548,-0.1092723387,0.2066852917,0.9597168851,0.06307963777,-0.2437466237,-0.1247078316,0,1
429,14300000000,0,0,0.4653059447,-0.1061675294,0.2042108068,0.9592436913,0.06307186915,-0.2458058305,-0.1243099905,0,1
430,14333333333,0,0,0.467930167,-0.1037612563,0.2021479159,0.9586390328,0.06161602278,-0.2484721605,-0.1244036009,0,1
431,14366666667,0,0,0.4705464875,-0.1021171476,0.2001027662,0.9582154771,0.06051618981,-0.2502108572,-0.1247213584,0,1
432,14400000000,0,0,0.4725945963,-0.1000638969,0.1973585552,0.9580830755,0.06010354659,-0.250921095,-0.1245109965,0,1
433,14433333333,0,0,0.4750684573,-0.09734496813,0.1939494888,0.9578487264,0.06048286513,-0.2517340184,-0.1244894547,0,1
434,14466666667,0,1,0.4769643288,-0.09399133224,0.1907975819,0.957708325,0.06040998717,-0.2523270452,-0.1244044206,0,1
435,14500000000,0,0,0.4793463309,-0.09031023238,0.1872031626,0.9578587932,0.05894838319,-0.2530498741,-0.1224637975,0,1
436,14533333333,0,0,0.4820668971,-0.08831387103,0.1839303175,0.9578822598,0.05735677335,-0.2536662056,-0.121758914,0,1
437,14566666667,0,0,0.4841284849,-0.08567753462,0.1793501094,0.9578791571,0.05700629724,-0.253638453,-0.1220054822,0,1
438,14600000000,0,0,0.4872879074,-0.08305954171,0.1747067188,0.9577574964,0.05724998783,-0.253746008,-0.1226212888,0,1
439,14633333333,0,0,0.4905651394,-0.08011780239,0.1707520858,0.9580996041,0.05753908563,-0.252473699,-0.1224395096,0,1
440,14666666667,0,0,0.4939197167,-0.0760803784,0.1655649958,0.9588035938,0.05775779575,-0.2504173619,-0.1210406974,0,1
441,14700000000,0,0,0.4955222573,-0.07156284564,0.160448751,0.9595672747,0.05620642998,-0.2487609481,-0.1191195753,0,1
442,14733333333,0,0,0.4969875682,-0.06717784791,0.1552072666,0.9599096989,0.05352572266,-0.2489795185,-0.1171220149,0,1
443,14766666667,0,1,0.4990496929,-0.06328611642,0.1502539243,0.9594563471,0.05108482942,-0.2508599864,-0.1179115151,0,1
444,14800000000,0,0,0.5017852986,-0.06155250563,0.1465082112,0.9587165095,0.05038459247,-0.2522595782,-0.1211988137,0,1
445,14833333333,0,0,0.5057311207,-0.05817805126,0.1420734966,0.958329907,0.05253648743,-0.2516062303,-0.1246515609,0,1
446,14866666667,0,0,0.5099572029,-0.05317160752,0.1368576902,0.9585457607,0.05382698748,-0.2492505552,-0.1271488924,0,1
447,14900000000,0,0,0.5133361114,-0.04813579993,0.1331844731,0.9596002332,0.05186682806,-0.2458184167,-0.1266906891,0,1
448,14933333333,0,0,0.5155387705,-0.04402215657,0.1286754122,0.96120836,0.0469922292,-0.2427875004,-0.1221656607,0,1
449,14966666667,0,0,0.5172035389,-0.04048468413,0.1245273631,0.9619859307,0.04139871892,-0.2424447889,-0.1187002083,0,1
450,15000000000,0,0,0.5195850091,-0.03782774136,0.1212420428,0.9617019465,0.03698314053,-0.2440659785,-0.1191361053,0,1
451,15033333333,0,0,0.5233156882,-0.0352784438,0.1184774497,0.961288679,0.03369817042,-0.2456188954,-0.1202491877,0,1
452,15066666667,0,1,0.5295476438,-0.03290509611,0.1163258146,0.9611696177,0.03177987927,-0.2455934876,-0.1217655293,0,1
453,15100000000,0,0,0.5341122542,-0.0305728504,0.1139751205,0.9619695057,0.03114750086,-0.2422725925,-0.1222640347,0,1
454,15133333333,0,0,0.5372369304,-0.02804013576,0.1118141777,0.9630989329,0.03070749595,-0.2379576115,-0.1219576581,0,1
455,15166666667,0,0,0.5400261008,-0.02414664815,0.1090622771,0.9640332327,0.02983383726,-0.2347560659,-0.1209936274,0,1
456,15200000000,0,0,0.5428752188,-0.02067467028,0.1067361571,0.9645067093,0.02735336151,-0.233445028,-0.1203412659,0,1
457,15233333333,0,0,0.5464033054,-0.01826508904,0.1052915232,0.9646566566,0.02421014572,-0.2331475367,-0.1203894924,0,1
458,15266666667,0,0,0.5507290789,-0.01653479652,0.1037372864,0.9648835409,0.02185407842,-0.2323228117,-0.12061618,0,1
459,15300000000,0,0,0.5550983656,-0.01483812599,0.102267747,0.9653049499,0.02055118884,-0.230578554,-0.1208202499,0,1
460,15333333333,0,0,0.5592862685,-0.01217986198,0.1006932899,0.9658585552,0.02032516467,-0.2283476387,-0.1206710198,0,1
461,15366666667,0,0,0.5630612352,-0.0101366682,0.09900327959,0.9662819369,0.01967803561,-0.2264917583,-0.120886214,0,1
462,15400000000,0,0,0.5670770212,-0.008565399226,0.09755114405,0.9664954476,0.0186632356,-0.2258100793,-0.1206152627,0,1
463,15433333333,0,0,0.5707764437,-0.007053117496,0.09518102613,0.966480503,0.01781993631,-0.2259791443,-0.120545898,0,1
464,15466666667,0,1,0.5759636906,-0.004492237163,0.09345979612,0.9659236072,0.01710890806,-0.227676044,-0.1219118099,0,1
465,15500000000,0,0,0.5800783128,-0.003610247883,0.0923794541,0.96538387,0.01650006556,-0.2291200799,-0.1235545235,0,1
466,15533333333,0,0,0.5844872613,-0.002052536736,0.09094938812,0.9647345997,0.01656883458,-0.2306056374,-0.1258318952,0,1
467,15566666667,0,0,0.5894974747,-0.001114060463,0.08994419561,0.9640380361,0.01655606611,-0.2324064697,-0.1278428507,0,1
468,15600000000,0,0,0.5936393355,-0.0005101821025,0.08901612479,0.9633710258,0.01673420568,-0.2345054551,-0.1290093969,0,1
469,15633333333,0,0,0.5983707607,0.0008413477883,0.08778981223,0.9622262607,0.01712838879,-0.2380398045,-0.1310125679,0,1
470,15666666667,0,0,0.6035890135,0.001887644707,0.08709817474,0.960791734,0.01707455706,-0.2421004541,-0.1340711506,0,1
471,15700000000,0,0,0.6099974867,0.002916716409,0.08675169543,0.9595631976,0.01668540163,-0.2456970797,-0.1363561961,0,1
472,15733333333,0,0,0.6156901879,0.003793878144,0.0868538547,0.9589786168,0.01537185928,-0.2477458294,-0.1369150193,0,1
473,15766666667,0,1,0.6218154779,0.005137140418,0.086513217,0.9584949895,0.01373260037,-0.2497035874,-0.1369192804,0,1
474,15800000000,0,0,0.626821167,0.005347453639,0.08680752801,0.9578592092,0.01138703031,-0.2519069649,-0.1375461809,0,1
475,15833333333,0,0,0.6319584505,0.006114756516,0.08718710848,0.9572446749,0.01012122086,-0.2543732867,-0.1373842215,0,1
476,15866666667,0,0,0.637310093,0.007262074441,0.08657015082,0.9565496052,0.008754351622,-0.2569683376,-0.1374899542,0,1
477,15900000000,0,0,0.6425888335,0.008339563579,0.08680280917,0.9557493939,0.007346883761,-0.2595192643,-0.1383433077,0,1
478,15933333333,0,0,0.6477180235,0.009621201114,0.08649059629,0.9550339195,0.005797486569,-0.2621721298,-0.1383559764,0,1
479,15966666667,0,0,0.6527123681,0.01119413565,0.08724857124,0.9540116691,0.004140191427,-0.2653093896,-0.1394830523,0,1
480,16000000000,0,0,0.6575578562,0.0121935565,0.08714138939,0.9529654115,0.00265442883,-0.2682580222,-0.1410230906,0,1
481,16033333333,0,1,0.6614999693,0.01426669569,0.08866868624,0.9520616062,0.001585502627,-0.2709000189,-0.1420892815,0,1
482,16066666667,0,0,0.6662569518,0.01615081502,0.08822803294,0.9510861791,0.0001401317066,-0.2738058608,-0.1430573692,0,1
483,16100000000,0,0,0.6699734413,0.01824637878,0.08883978893,0.950203723,-0.002138932009,-0.2763835008,-0.1439460671,0,1
484,16133333333,0,0,0.6735672899,0.01869210865,0.08977545159,0.9494241909,-0.004528359289,-0.2788459107,-0.1442849881,0,1
485,16166666667,0,0,0.677162823,0.01985608443,0.09063379364,0.9485791869,-0.006479156252,-0.2810187305,-0.1455473112,0,1
486,16200000000,0,0,0.6802585614,0.0206848309,0.09156787563,0.9479183358,-0.007516125,-0.2824562557,-0.1470129249,0,1
487,16233333333,0,0,0.6839167537,0.02110346625,0.09245060338,0.947524879,-0.007997787261,-0.283266428,-0.1479620555,0,1
488,16266666667,0,0,0.6872718239,0.0221605652,0.09194859032,0.9473373073,-0.008716610635,-0.2836072556,-0.148468756,0,1
489,16300000000,0,0,0.6904409607,0.02229289661,0.09258593419,0.9471522412,-0.01013766145,-0.284099093,-0.1486188591,0,1
490,16333333333,0,0,0.6933238823,0.02187428533,0.09249343094,0.947131147,-0.01122574843,-0.2845269366,-0.1478546425,0,1
491,16366666667,0,0,0.696279792,0.02282702744,0.09314474037,0.9470549469,-0.01139615806,-0.2848748682,-0.1476596238,0,1
492,16400000000,0,1,0.6989499758,0.02261740657,0.09505475216,0.9470881137,-0.01092527316,-0.2848107183,-0.1476062265,0,1
493,16433333333,0,0,0.7022836581,0.02270495796,0.09514094597,0.9472091105,-0.01010730259,-0.2845482474,-0.1473941597,0,1
494,16466666667,0,0,0.7054952466,0.02223577223,0.09586999219,0.9474737479,-0.009306571651,-0.2838397641,-0.1471117707,0,1
495,16500000000,0,0,0.7081235109,0.02177564894,0.09579170211,0.9479858026,-0.008094746964,-0.2825064494,-0.1464496471,0,1
496,16533333333,0,0,0.7111750876,0.02148500208,0.09622676245,0.9484886979,-0.007368426612,-0.2813162944,-0.1455198914,0,1
497,16566666667,0,0,0.7137118809,0.02053939169,0.09710109807,0.9491525787,-0.006957265663,-0.2798537298,-0.1440238481,0,1
498,16600000000,0,0,0.715704024,0.01963018779,0.09736735361,0.949910017,-0.00648536012,-0.2784361114,-0.1417823384,0,1
499,16633333333,0,0,0.7182307845,0.01887187888,0.09800579722,0.9502851067,-0.005801106501,-0.2778724822,-0.1403974599,0,1
500,16666666667,0,0,0.7202498434,0.01789281943,0.0997006347,0.9506029801,-0.005175754321,-0.2769147637,-0.1401620471,0,1
501,16700000000,0,0,0.7226679524,0.01683528467,0.1011817381,0.9512699781,-0.004121302862,-0.2752367784,-0.1389717937,0,1
502,16733333333,0,0,0.7243261982,0.01669763496,0.1019263676,0.9520690182,-0.003492461923,-0.2731345227,-0.1376587079,0,1
503,16766666667,0,0,0.7255194678,0.01572626393,0.1033700256,0.9525618062,-0.003493688964,-0.2716527698,-0.1371808008,0,1
504,16800000000,0,0,0.7266986379,0.01529753572,0.1041780113,0.9529711735,-0.003088514866,-0.2703711789,-0.1368788847,0,1
505,16833333333,0,0,0.727788031,0.01473503595,0.105584609,0.9531527061,-0.003414902396,-0.2697615479,-0.1368099579,0,1
506,16866666667,0,0,0.7289475248,0.013970423,0.1068150615,0.9532857618,-0.003739153273,-0.2691539179,-0.1370709436,0,1
507,16900000000,0,0,0.729707753,0.01323752713,0.1088583799,0.9533861695,-0.004697408264,-0.2685923732,-0.1374441091,0,1
508,16933333333,0,0,0.7301721656,0.01174612918,0.111574039,0.9534006706,-0.005617177683,-0.2680163232,-0.1384299794,0,1
509,16966666667,0,0,0.7307728828,0.01068002004,0.1137792662,0.9534375859,-0.005878413107,-0.2671483953,-0.1398354352,0,1
510,17000000000,0,1,0.7307016784,0.009800754042,0.1161031443,0.9536518321,-0.005609461667,-0.2657021428,-0.1411350005,0,1
511,17033333333,0,0,0.7304950155,0.008586608775,0.1185071399,0.9539788112,-0.005526732294,-0.2641649648,-0.1418123916,0,1
512,17066666667,0,0,0.7299723844,0.007103165641,0.1199799594,0.9544642304,-0.005928224215,-0.2628720561,-0.1409296673,0,1
513,17100000000,0,0,0.7299951152,0.006163324669,0.1216226228,0.9546794477,-0.006957193053,-0.2627412692,-0.139663077,0,1
514,17133333333,0,0,0.7301318655,0.004333018738,0.1240581777,0.9545827249,-0.008404861091,-0.2632371047,-0.1393104672,0,1
515,17166666667,0,0,0.7302558654,0.002539532448,0.1281267616,0.9544288842,-0.009615699727,-0.2633575938,-0.1400564923,0,1
516,17200000000,0,0,0.7293105137,2.58566467e-06,0.1321800183,0.9545345361,-0.009790005066,-0.2624702507,-0.1409870303,0,1
517,17233333333,0,0,0.7280976539,-0.002490452694,0.1347126951,0.9546681912,-0.009409399132,-0.2612906861,-0.1422929557,0,1
518,17266666667,0,0,0.7271089362,-0.00436616565,0.1382210667,0.9549105689,-0.00886800678,-0.2603516586,-0.1424225322,0,1
519,17300000000,0,0,0.725998053,-0.006775798388,0.1415832524,0.9552317407,-0.009217438635,-0.2598338491,-0.1411868661,0,1
520,17333333333,0,0,0.724471208,-0.009744231527,0.1460858092,0.9554648557,-0.0100806022,-0.2600751223,-0.1390906963,0,1
521,17366666667,0,0,0.7230741345,-0.01285655659,0.1496777368,0.9555845774,-0.01043580844,-0.2604988064,-0.137439373,0,1
522,17400000000,0,0,0.721715551,-0.01584816092,0.1544119822,0.9553879642,-0.01046615013,-0.2613080009,-0.1372677173,0,1
523,17433333333,0,0,0.7197090146,-0.02006952561,0.1593013062,0.9554901659,-0.009656147089,-0.2608068837,-0.1375684237,0,1
524,17466666667,0,0,0.7176141584,-0.02350320147,0.1632046027,0.9558567562,-0.007911938653,-0.2595800135,-0.137453554,0,1
525,17500000000,0,0,0.7165797488,-0.02695510329,0.1661676232,0.9560403518,-0.006680792641,-0.2586519229,-0.1379905633,0,1
526,17533333333,0,0,0.7145329985,-0.03086674863,0.1702087085,0.9563057676,-0.006556870865,-0.2572505158,-0.1387748479,0,1
527,17566666667,0,0,0.7121043079,-0.03526411452,0.1740540488,0.9567665821,-0.006433805036,-0.2555986152,-0.1386566315,0,1
528,17600000000,0,0,0.7093307657,-0.03896637824,0.1787532193,0.9571111915,-0.005977895976,-0.2544249958,-0.1384570452,0,1
529,17633333333,0,1,0.7062846211,-0.04449925617,0.1823323898,0.957212653,-0.005096904134,-0.253820949,-0.1388988279,0,1
530,17666666667,0,0,0.7032997203,-0.04838863631,0.1860120941,0.9571912407,-0.003161169942,-0.2539310136,-0.1389027578,0,1
531,17700000000,0,0,0.7011247441,-0.05224498647,0.1898923656,0.9570477352,-0.00178700953,-0.25469279,-0.1385208354,0,1
532,17733333333,0,0,0.6986679596,-0.05626531779,0.1943796248,0.9570933826,-0.001138634396,-0.25515028,-0.1373655528,0,1
533,17766666667,0,0,0.696911511,-0.05972199795,0.1989391213,0.95731556,-0.0007663241159,-0.2551682969,-0.1357772868,0,1
534,17800000000,0,0,0.6946856431,-0.06358887553,0.2036537509,0.9577873636,-0.0006116594463,-0.2543583789,-0.1339582288,0,1
535,17833333333,0,0,0.6930733465,-0.06641133029,0.2079369831,0.9580931478,-0.0005572802537,-0.2539158607,-0.1326044694,0,1
536,17866666667,0,0,0.6908579976,-0.07007314426,0.2130473283,0.9582950591,-9.410714693e-05,-0.2534686317,-0.1320008471,0,1
537,17900000000,0,0,0.6900360423,-0.07227165743,0.2169769659,0.9583708232,0.001225728616,-0.2533354941,-0.1317003808,0,1
538,17933333333,0,0,0.6892605258,-0.07509773015,0.2211892921,0.9585623181,0.0009965293285,-0.252791315,-0.1313538742,0,1
539,17966666667,0,1,0.6886929486,-0.07903303328,0.2258176258,0.9590446058,-0.000214814196,-0.2518685648,-0.129597932,0,1
540,18000000000,0,0,0.6875098501,-0.08165809116,0.2303777152,0.9594579736,-0.001249333503,-0.2511754554,-0.1278660495,0,1
541,18033333333,0,0,0.6858991088,-0.08558887138,0.2355774634,0.9595490464,-0.00204414899,-0.2509441381,-0.1276263632,0,1
542,18066666667,0,0,0.6842001322,-0.08879037985,0.2406885571,0.9594119994,-0.001234106556,-0.2511714879,-0.12821847,0,1
543,18100000000,0,0,0.6828710115,-0.09315167484,0.2456332398,0.9592920802,0.000301499262,-0.2514892257,-0.1284981839,0,1
544,18133333333,0,0,0.6810869358,-0.0980197198,0.2504697678,0.9594095538,0.002591992583,-0.2515691985,-0.1274344066,0,1
545,18166666667,0,0,0.6799638047,-0.1013029687,0.2543562017,0.9591730302,0.006604159489,-0.2529776667,-0.1262766148,0,1
546,18200000000,0,1,0.6803550126,-0.107871512,0.257658217,0.9584156706,0.008912095539,-0.2557360357,-0.1263291613,0,1
547,18233333333,0,0,0.6791822488,-0.1133619873,0.2621145388,0.9578092473,0.01251412816,-0.2581906801,-0.1256280823,0,1
548,18266666667,0,0,0.6784580323,-0.1186419589,0.2667024505,0.9569400956,0.01698511273,-0.2614293908,-0.1250273286,0,1
549,18300000000,0,0,0.6780917818,-0.1245141161,0.2712008377,0.9556848302,0.02164026241,-0.2652611185,-0.1258361768,0,1
550,18333333333,0,0,0.6771983859,-0.1302838341,0.2762171594,0.9544769731,0.02653272156,-0.2688170217,-0.1265192924,0,1
551,18366666667,0,0,0.6769349068,-0.1347699917,0.2804733101,0.9530778707,0.0317627211,-0.2729335797,-0.1270470895,0,1
552,18400000000,0,1,0.6764625866,-0.1397384799,0.2852198854,0.9510907166,0.03581427604,-0.2781078795,-0.1296140186,0,1
553,18433333333,0,0,0.6764185343,-0.1449693589,0.2917437717,0.9488678983,0.03847044155,-0.2838275637,-0.1327088952,0,1
554,18466666667,0,0,0.6763533979,-0.1501751106,0.2975537566,0.9470285855,0.04118642034,-0.2888812187,-0.1341200156,0,1
555,18500000000,0,0,0.6760726863,-0.1543232769,0.3034676846,0.9448746081,0.04360726426,-0.2943363639,-0.1366619421,0,1
556,18533333333,0,0,0.6758645153,-0.160343935,0.3099973976,0.9422850143,0.04520597789,-0.3004149041,-0.1407347037,0,1
557,18566666667,0,0,0.6758705912,-0.1664819391,0.3162702738,0.939524737,0.04781897959,-0.3064336505,-0.1452757089,0,1
558,18600000000,0,1,0.6765622646,-0.1739831181,0.3205662232,0.9368412268,0.05088766926,-0.3111703858,-0.1513669446,0,1
559,18633333333,0,0,0.6772198317,-0.1812288989,0.3271761286,0.9345299035,0.05359882587,-0.3154689922,-0.1557573124,0,1
560,18666666667,0,0,0.6770717444,-0.1889214247,0.3337936173,0.9326873122,0.05570762391,-0.3189898977,-0.158859949,0,1
561,18700000000,0,0,0.6769355303,-0.1963624339,0.339704685,0.930839992,0.05808630745,-0.3228785665,-0.1609730461,0,1
562,18733333333,0,0,0.6766575302,-0.2032603683,0.3451768593,0.9283498112,0.06100922381,-0.3275093934,-0.1648699483,0,1
563,18766666667,0,0,0.6770335153,-0.2104051333,0.3509115953,0.9251433615,0.0640845942,-0.3327195068,-0.1711743417,0,1
564,18800000000,0,1,0.6771243448,-0.2203662753,0.3552157808,0.9221804144,0.06720934618,-0.3366571085,-0.1781240537,0,1
565,18833333333,0,0,0.6773630857,-0.2261532684,0.3605159564,0.9194371411,0.07090505747,-0.3405803054,-0.1833381353,0,1
566,18866666667,0,0,0.6771797979,-0.2322573828,0.3658787095,0.9167731247,0.07268862506,-0.344112096,-0.1892888456,0,1
567,18900000000,0,0,0.6758566945,-0.2385990302,0.3709432107,0.914649351,0.07327475652,-0.3468433724,-0.1942859999,0,1
568,18933333333,0,0,0.6735113742,-0.2445404661,0.3753471886,0.912448588,0.07466808493,-0.3500484206,-0.1983137784,0,1
569,18966666667,0,0,0.6723339363,-0.248509217,0.3795054179,0.9093616458,0.07722805623,-0.3548571775,-0.2029128091,0,1
570,19000000000,0,1,0.670491162,-0.2547789974,0.3835911695,0.90605312,0.07915223415,-0.3594186778,-0.2088561267,0,1
571,19033333333,0,0,0.6692667641,-0.2602880705,0.3878770069,0.9033212202,0.08125941757,-0.3637609514,-0.2123338183,0,1
572,19066666667,0,0,0.6687350499,-0.2634038505,0.391746448,0.9014946668,0.08159891084,-0.3681273748,-0.2124410966,0,1
573,19100000000,0,0,0.6662873417,-0.2669147688,0.3947680414,0.9000335028,0.07827300149,-0.3731467452,-0.2111268282,0,1
574,19133333333,0,0,0.6636422179,-0.2708569404,0.3969369584,0.8977926995,0.074101551,-0.380288847,-0.2094221138,0,1
575,19166666667,0,0,0.6627872668,-0.2732708533,0.4003075779,0.8946988077,0.0687268222,-0.3894480876,-0.2076556151,0,1
576,19200000000,0,1,0.6605648098,-0.279265743,0.4053103852,0.8917390817,0.06211602186,-0.3973727779,-0.2074557433,0,1
577,19233333333,0,0,0.6590090537,-0.2849155793,0.4102959505,0.889463117,0.0582764013,-0.404054495,-0.2054244133,0,1
578,19266666667,0,0,0.6581531967,-0.2888050674,0.4161485625,0.8879721664,0.05533229038,-0.4088487138,-0.2031907935,0,1
579,19300000000,0,0,0.6562815424,-0.2951941591,0.4223471523,0.8877794274,0.05161009172,-0.4110809938,-0.2004906562,0,1
580,19333333333,0,0,0.6546806364,-0.2996083187,0.4273565826,0.88824513,0.05065971067,-0.4116243164,-0.1975338072,0,1
581,19366666667,0,0,0.6529074935,-0.3041123367,0.4324930731,0.8887388553,0.05026936423,-0.4107176097,-0.197299983,0,1
582,19400000000,0,0,0.6506646386,-0.3085957454,0.4353675166,0.8893525155,0.05071591982,-0.4089400288,-0.1981112098,0,1
583,19433333333,0,0,0.6484200496,-0.3103701879,0.4377300854,0.8895994089,0.05114095261,-0.4076885304,-0.1994681849,0,1
584,19466666667,0,0,0.6452275205,-0.3148296486,0.4402973275,0.8892957674,0.04910926343,-0.4077881267,-0.2011222567,0,1
585,19500000000,0,0,0.6426928262,-0.3187627105,0.443911073,0.8886358062,0.04724048979,-0.4090698651,-0.2018826034,0,1
586,19533333333,0,1,0.6409558289,-0.3240470531,0.4471844025,0.888273217,0.04542494304,-0.4096198492,-0.2027778236,0,1
587,19566666667,0,0,0.638128527,-0.3296798678,0.4516891187,0.8880459831,0.04443476084,-0.4095607471,-0.2041075167,0,1
588,19600000000,0,0,0.6344341081,-0.3381129598,0.456506184,0.8880892078,0.0456054982,-0.4085109139,-0.2057584282,0,1
589,19633333333,0,0,0.6324566289,-0.344806567,0.460196569,0.8884812562,0.0507264508,-0.4063108707,-0.207218148,0,1
590,19666666667,0,0,0.6292652885,-0.3516793162,0.4635427442,0.8897951317,0.05552800639,-0.4032097342,-0.2064053643,0,1
591,19700000000,0,0,0.6263716726,-0.3553174563,0.4652686237,0.891516305,0.06006571478,-0.4005066709,-0.202941357,0,1
592,19733333333,0,0,0.6233314131,-0.3587635298,0.4672126909,0.892509457,0.06218985462,-0.3997753236,-0.1993463862,0,1
593,19766666667,0,1,0.6209528479,-0.3626723988,0.4700542652,0.8926946657,0.06354821716,-0.4005202892,-0.196574047,0,1
594,19800000000,0,0,0.618669304,-0.3677868023,0.473946562,0.8925625696,0.06523391503,-0.4017044995,-0.1941908616,0,1
595,19833333333,0,0,0.6177014155,-0.3708388712,0.4783673371,0.8924821037,0.06772913508,-0.4025080223,-0.1920305987,0,1
596,19866666667,0,0,0.6169330111,-0.3743399442,0.4834310989,0.893053001,0.0685673764,-0.4019389086,-0.1902628866,0,1
597,19900000000,0,0,0.6156943212,-0.3776312814,0.4870367843,0.8942435959,0.0696321506,-0.3999003418,-0.1885721915,0,1
598,19933333333,0,0,0.6143528854,-0.3792821388,0.4901735247,0.8950058012,0.07042651697,-0.3980214679,-0.1886362441,0,1
599,19966666667,0,0,0.6119939205,-0.382052553,0.4931718837,0.894887685,0.07045318628,-0.3972634951,-0.1907723651,0,1
600,20000000000,0,0,0.6098613656,-0.3856063856,0.4964327493,0.8939837228,0.07048252718,-0.3983324051,-0.1927605037,0,1
601,20033333333,0,0,0.6081572953,-0.3892302255,0.5006056951,0.892921336,0.0699384318,-0.4004657858,-0.1934612567,0,1
602,20066666667,0,0,0.6067503953,-0.3941025251,0.5052410636,0.892041113,0.06951827966,-0.4027476987,-0.1929356178,0,1
603,20100000000,0,1,0.6045432615,-0.3985688818,0.5107030089,0.891400958,0.07070130856,-0.4045984975,-0.1915873503,0,1
604,20133333333,0,0,0.6034161874,-0.4023581722,0.5149937763,0.8905095894,0.07388127858,-0.4065273868,-0.190446086,0,1
605,20166666667,0,0,0.6026486671,-0.4044626297,0.5193002638,0.8895344163,0.07657445474,-0.4087488719,-0.1891804292,0,1
606,20200000000,0,0,0.6014710296,-0.4068532868,0.523684148,0.8882671376,0.07748980983,-0.4116992465,-0.1883628201,0,1
607,20233333333,0,0,0.5998045765,-0.4098824746,0.5281101787,0.8863186445,0.07713548563,-0.4160104393,-0.1882144832,0,1
608,20266666667,0,0,0.5986325048,-0.4132112049,0.532368807,0.8835630866,0.0768142418,-0.4215902011,-0.188885009,0,1
609,20300000000,0,1,0.5967225225,-0.417508169,0.5372242145,0.8803287061,0.0770633561,-0.4276159372,-0.1903344911,0,1
610,20333333333,0,0,0.5958912186,-0.4223029029,0.5423674336,0.8764646155,0.07951261777,-0.4338512934,-0.1930299886,0,1
611,20366666667,0,0,0.5956605714,-0.4275561691,0.5481016345,0.8726490455,0.08236863693,-0.4393244953,-0.1967054622,0,1
612,20400000000,0,0,0.5948000965,-0.4346164023,0.5534333987,0.869607561,0.08543389252,-0.443504007,-0.1994691345,0,1
613,20433333333,0,0,0.5942271812,-0.4409990932,0.5571900462,0.8667979778,0.0898780273,-0.4470978487,-0.2017094929,0,1
614,20466666667,0,0,0.5940993742,-0.4467821325,0.5611659281,0.8637248296,0.09414752022,-0.4512928867,-0.2035936974,0,1
615,20500000000,0,1,0.5932495688,-0.4510732982,0.5642644316,0.8613774381,0.09752510496,-0.4546411648,-0.2044973699,0,1
616,20533333333,0,0,0.5933560999,-0.4560680208,0.5685293607,0.8584695053,0.09980860543,-0.4587198521,-0.206505322,0,1
617,20566666667,0,0,0.593092193,-0.4622012005,0.5733579483,0.855865151,0.1007021304,-0.4623231476,-0.208833023,0,1
618,20600000000,0,0,0.5926225296,-0.4676979561,0.5774742847,0.8535746864,0.1027884463,-0.4649687387,-0.2113027735,0,1
619,20633333333,0,0,0.5926396811,-0.4714084989,0.5816514882,0.8512394737,0.10538165,-0.4672594604,-0.2143703874,0,1
620,20666666667,0,0,0.5913625454,-0.4761435874,0.5858887771,0.849299952,0.1069002707,-0.4688614631,-0.2177862531,0,1
621,20700000000,0,0,0.5906360149,-0.4798086627,0.5887769359,0.8470469329,0.1104029627,-0.4704709865,-0.2213136463,0,1
622,20733333333,0,0,0.5904148737,-0.481242705,0.5923495653,0.844681324,0.112269346,-0.4727397108,-0.2245578337,0,1
623,20766666667,0,1,0.5883336602,-0.4839443393,0.5941691945,0.8435130692,0.1119073181,-0.474110786,-0.226233103,0,1
624,20800000000,0,0,0.5866294863,-0.4875502455,0.5972493772,0.8423084411,0.1111458922,-0.4769698247,-0.2250841332,0,1
625,20833333333,0,0,0.5852755294,-0.4906836373,0.6013189608,0.8405123363,0.111115841,-0.4802058447,-0.2249324989,0,1
626,20866666667,0,0,0.5835289853,-0.4956405622,0.6060921644,0.8386732033,0.111556345,-0.4829814406,-0.225635476,0,1
627,20900000000,0,0,0.5816033344,-0.5008615362,0.6101085688,0.8377052521,0.1132628466,-0.4847075517,-0.224677608,0,1
628,20933333333,0,0,0.5794686411,-0.5056642343,0.6133739155,0.8369602233,0.1167754795,-0.4861062022,-0.2226248689,0,1
629,20966666667,0,0,0.5787101483,-0.5070852818,0.6169561587,0.836014194,0.1213037789,-0.4873459602,-0.2210420227,0,1
630,21000000000,0,0,0.5771917701,-0.5098553043,0.6214601361,0.8355928171,0.1234521048,-0.4881900432,-0.219578468,0,1
631,21033333333,0,1,0.5764620963,-0.5120427992,0.624352576,0.8366196434,0.1245215824,-0.4875803681,-0.2163962394,0,1
632,21066666667,0,0,0.5756647715,-0.5147306791,0.6280665925,0.8380312405,0.1253516347,-0.4864507643,-0.2129700954,0,1
633,21100000000,0,0,0.5742535556,-0.5173584954,0.6321213366,0.8393977608,0.1272433987,-0.4842297212,-0.2115232701,0,1
634,21133333333,0,0,0.5722239213,-0.5212905811,0.635443084,0.8403570592,0.1316861237,-0.4814737235,-0.2112861365,0,1
635,21166666667,0,0,0.5717589555,-0.5221313462,0.6381706169,0.84160214,0.1368421439,-0.4781267191,-0.2106535216,0,1
636,21200000000,0,0,0.5693987252,-0.5245491671,0.6394910016,0.8428315143,0.1401433025,-0.4755239608,-0.2094560955,0,1
637,21233333333,0,0,0.5675149162,-0.5271476691,0.6408731088,0.8425095808,0.144848681,-0.4750298797,-0.2086697853,0,1
638,21266666667,0,0,0.5672691858,-0.5291558303,0.6437568196,0.8414753676,0.1493380033,-0.4752636067,-0.2091455729,0,1
639,21300000000,0,1,0.5650431797,-0.5323074395,0.6464740632,0.8417827566,0.1523585451,-0.4745188773,-0.2074138364,0,1
640,21333333333,0,0,0.5641887485,-0.5344070834,0.6489176228,0.8428126792,0.1548996248,-0.4737284382,-0.2031114493,0,1
641,21366666667,0,0,0.5632232081,-0.536473376,0.6513540042,0.8436776702,0.1565529149,-0.4733834879,-0.1990156953,0,1
642,21400000000,0,0,0.5617495731,-0.5392263119,0.6537646257,0.8442275349,0.1581095201,-0.473486807,-0.1951704193,0,1
643,21433333333,0,0,0.5610717587,-0.539367644,0.6563685235,0.8443729056,0.1589200889,-0.4745244628,-0.1913252097,0,1
644,21466666667,0,0,0.5601182634,-0.5402573201,0.6589817784,0.8442314759,0.157322854,-0.4765628218,-0.1881770753,0,1
645,21500000000,0,0,0.5590668804,-0.5401596724,0.6617921538,0.8432580103,0.1551591372,-0.4795199722,-0.1868212154,0,1
646,21533333333,0,0,0.5588661474,-0.5417816216,0.6650775707,0.8415738159,0.152087158,-0.48289509,-0.1882427711,0,1
647,21566666667,0,0,0.5576480329,-0.5443098416,0.6688168673,0.8399367108,0.1502400035,-0.4854155723,-0.1905412956,0,1
648,21600000000,0,0,0.5568433631,-0.5457967307,0.6718633076,0.8383097524,0.1496379042,-0.4875718518,-0.1926627781,0,1
649,21633333333,0,1,0.5572824872,-0.5473874047,0.674287185,0.8364265101,0.1493936664,-0.4898428525,-0.1952593288,0,1
650,21666666667,0,0,0.556680567,-0.5488120522,0.6777484193,0.8343078758,0.1493812844,-0.4923767525,-0.1979412383,0,1
651,21700000000,0,0,0.5564797692,-0.5498130303,0.6816662573,0.8318496259,0.1489456854,-0.4951272756,-0.2017185258,0,1
652,21733333333,0,0,0.5564926365,-0.5520060136,0.6854300199,0.8290414308,0.1486642122,-0.4981197839,-0.2060726544,0,1
653,21766666667,0,0,0.5566628136,-0.5533726197,0.6894693105,0.8262903805,0.1479674665,-0.5014762446,-0.2094550359,0,1
654,21800000000,0,0,0.55782204,-0.5543769213,0.6927554099,0.8235057704,0.1459647611,-0.5057503465,-0.2115398818,0,1
655,21833333333,0,0,0.5581676953,-0.5547659825,0.6962896953,0.8202329598,0.143141852,-0.5107353977,-0.2141906989,0,1
656,21866666667,0,1,0.5585768859,-0.5565074728,0.7004999844,0.8157269137,0.1403207185,-0.5166213637,-0.2190937352,0,1
657,21900000000,0,0,0.559223365,-0.5584555995,0.7041396497,0.8106943557,0.1385680407,-0.522758383,-0.2242704455,0,1
658,21933333333,0,0,0.5601848443,-0.5599742857,0.7077304684,0.805932997,0.1369344142,-0.5286692619,-0.2285383602,0,1
659,21966666667,0,0,0.5612564192,-0.5601381448,0.7108867201,0.800953808,0.1357480318,-0.5346250128,-0.2328552448,0,1
660,22000000000,0,0,0.5627145823,-0.5602735424,0.7149478823,0.7955885938,0.1339615659,-0.5407452828,-0.2380916368,0,1
661,22033333333,0,0,0.5641778116,-0.56144783,0.7188625888,0.7908847409,0.1318976049,-0.5460462526,-0.2427711649,0,1
662,22066666667,0,0,0.5660624383,-0.5622805963,0.7231260458,0.7872571126,0.1298183781,-0.5501006594,-0.2465008964,0,1
663,22100000000,0,0,0.5678460724,-0.562580835,0.7261371128,0.7850943294,0.1274742219,-0.5527005684,-0.2487956961,0,1
664,22133333333,0,0,0.5688555809,-0.5621282989,0.7285413957,0.7833979825,0.1245291377,-0.5552406426,-0.2499758461,0,1
665,22166666667,0,1,0.5692772637,-0.5614362373,0.7318133704,0.7810079977,0.1209976993,-0.5588660144,-0.2511072326,0,1
666,22200000000,0,0,0.5712363027,-0.5612804241,0.7337051346,0.7786099383,0.1163889003,-0.5626948407,-0.2521799044,0,1
667,22233333333,0,0,0.5727510166,-0.5623701065,0.7354028298,0.7763232037,0.1132286908,-0.565750059,-0.2538275353,0,1
668,22266666667,0,0,0.5754303667,-0.5627336002,0.7374964059,0.7742255785,0.1124250333,-0.5677998731,-0.2560052138,0,1
669,22300000000,0,0,0.5782976877,-0.5630963599,0.7388089684,0.7734049227,0.1125449842,-0.5683491359,-0.2572114145,0,1
670,22333333333,0,0,0.581559251,-0.5618733601,0.7386132291,0.7730685331,0.1134691216,-0.5683885386,-0.2577290648,0,1
671,22366666667,0,0,0.5852987133,-0.5600470507,0.7384104193,0.7720914681,0.1140090685,-0.5689505955,-0.2591754562,0,1
672,22400000000,0,0,0.588755799,-0.5578167633,0.7377232945,0.770779148,0.1137532111,-0.5698738127,-0.2611580929,0,1
673,22433333333,0,0,0.5922328035,-0.5557782781,0.7372854096,0.7691811922,0.1120208677,-0.5717673901,-0.2624760377,0,1
674,22466666667,0,0,0.596330674,-0.5537486382,0.7369849429,0.7676365179,0.1093006719,-0.5737509416,-0.263813185,0,1
675,22500000000,0,0,0.5992135707,-0.5526080481,0.7370014951,0.7664298254,0.1059781429,-0.5752882167,-0.2653251284,0,1
676,22533333333,0,0,0.6026891999,-0.552185491,0.7363263342,0.7657584464,0.1039061177,-0.5762430609,-0.266010254,0,1
677,22566666667,0,0,0.6065481917,-0.5512527113,0.7360287392,0.7653600767,0.1034558535,-0.576409221,-0.2669705028,0,1
678,22600000000,0,1,0.6085125625,-0.5502663944,0.7375091571,0.7656346161,0.1037108237,-0.5759253172,-0.2671286744,0,1
679,22633333333,0,0,0.6120714059,-0.5488636919,0.7361346155,0.7665919652,0.1042056665,-0.5746569107,-0.2669220354,0,1
680,22666666667,0,0,0.6164733158,-0.5476253606,0.7346572069,0.7677499286,0.1040271882,-0.5736625797,-0.2657999922,0,1
681,22700000000,0,0,0.6213812659,-0.5450323878,0.7327083366,0.76913297,0.1026230145,-0.5725944774,-0.2646479846,0,1
682,22733333333,0,0,0.6253657859,-0.5438916343,0.7314044157,0.7704879703,0.09978464657,-0.5715308764,-0.2640904566,0,1
683,22766666667,0,0,0.6293533236,-0.5428480891,0.7300602964,0.7719966626,0.09779043388,-0.5700249837,-0.2636848534,0,1
684,22800000000,0,0,0.6336923218,-0.5414998518,0.728429756,0.7732936481,0.09692490713,-0.5683952826,-0.2637220108,0,1
685,22833333333,0,0,0.6392813735,-0.5384684152,0.727044371,0.7744544421,0.09655896876,-0.5663466604,-0.264854947,0,1
686,22866666667,0,0,0.6440069517,-0.5349598536,0.7260304449,0.7758943812,0.09454524812,-0.5637361504,-0.2669281888,0,1
687,22900000000,0,1,0.6483171227,-0.5312260763,0.724296146,0.7773174386,0.09141860707,-0.5610508392,-0.2695221583,0,1
688,22933333333,0,0,0.6523106397,-0.5288102271,0.7221074428,0.777347762,0.08732204339,-0.5597028576,-0.2735654015,0,1
689,22966666667,0,0,0.6560736935,-0.5280873412,0.7218868434,0.776337891,0.08366573678,-0.5593171619,-0.2783232578,0,1
690,23000000000,0,0,0.6601212918,-0.5290428737,0.7230372637,0.7765893055,0.08100601375,-0.5581831456,-0.2806753502,0,1
691,23033333333,0,0,0.6648797062,-0.5286355595,0.7240292931,0.7786199236,0.08056167849,-0.5549984886,-0.2814915773,0,1
692,23066666667,0,0,0.6691184832,-0.5287300082,0.7243255454,0.7814753641,0.08102581743,-0.5506046927,-0.2820736509,0,1
693,23100000000,0,0,0.6739998051,-0.5274872662,0.7241787353,0.784506814,0.0816489095,-0.5466294046,-0.2812095453,0,1
694,23133333333,0,0,0.6783528363,-0.5261392957,0.7238292005,0.786730966,0.08094201367,-0.5436345508,-0.2810057876,0,1
695,23166666667,0,0,0.6822396425,-0.5256231789,0.723677494,0.7878957582,0.07995323694,-0.5419811453,-0.2812191177,0,1
696,23200000000,0,0,0.6863943855,-0.5254890228,0.7244838716,0.788080847,0.07942863247,-0.541293067,-0.2821727955,0,1
697,23233333333,0,0,0.690213476,-0.5259105033,0.7258730629,0.7885274035,0.07926059848,-0.5403240819,-0.2828288848,0,1
698,23266666667,0,0,0.6936905155,-0.5254429565,0.7271191237,0.789486256,0.07870557232,-0.5393400254,-0.2821865011,0,1
699,23300000000,0,0,0.6974994702,-0.5251599777,0.7279311093,0.7901470381,0.0777165968,-0.5390064475,-0.2812469348,0,1
700,23333333333,0,0,0.7009284493,-0.5241347689,0.7286465644,0.7900349945,0.07703862925,-0.5394203675,-0.280954488,0,1
701,23366666667,0,0,0.704615051,-0.5240290893,0.7307600271,0.789168879,0.0748538741,-0.5410075084,-0.2809274886,0,1
702,23400000000,0,0,0.7075278457,-0.5253276156,0.7332163185,0.7884974323,0.07275662158,-0.5422104541,-0.2810446525,0,1
703,23433333333,0,0,0.7111922728,-0.5255631126,0.7352974793,0.7877309048,0.07220473268,-0.5433875797,-0.281063047,0,1
704,23466666667,0,0,0.7149832876,-0.5261281115,0.7372963771,0.7862461831,0.07254955748,-0.5448394145,-0.2823181073,0,1
705,23500000000,0,1,0.7176484518,-0.5267142347,0.7420514304,0.7834004846,0.07502609104,-0.5472483846,-0.2849104631,0,1
706,23533333333,0,0,0.7220290609,-0.5273327292,0.7454696321,0.7807924848,0.07678611642,-0.5494414598,-0.2873692229,0,1
707,23566666667,0,0,0.7261265898,-0.528284887,0.749072782,0.7784628091,0.07773334975,-0.5515691597,-0.2893521094,0,1
708,23600000000,0,0,0.7302710309,-0.5289194174,0.752156765,0.7757114522,0.07895340092,-0.5543682298,-0.2910566427,0,1
709,23633333333,0,0,0.734885679,-0.5288689044,0.756282143,0.7718920753,0.08009541488,-0.5581735693,-0.2936147393,0,1
710,23666666667,0,0,0.7391328722,-0.5299340502,0.7619038631,0.7683441282,0.07944472965,-0.5618838014,-0.2960108601,0,1
711,23700000000,0,0,0.7431093935,-0.5308614781,0.7668537404,0.7656912017,0.07791758658,-0.5648759015,-0.2975920852,0,1
712,23733333333,0,0,0.7477992833,-0.531783265,0.7720691808,0.7625923805,0.07562990881,-0.5686602987,-0.2989288256,0,1
713,23766666667,0,0,0.7519395118,-0.5326134697,0.7776992204,0.7594714204,0.07238907,-0.5723411985,-0.3006468637,0,1
714,23800000000,0,1,0.755158412,-0.5319707877,0.7841634238,0.7559803358,0.06909477383,-0.5762840908,-0.3026818312,0,1
715,23833333333,0,0,0.7595690712,-0.5326795421,0.7913146448,0.7525230095,0.06537155708,-0.5796562862,-0.3056701974,0,1
716,23866666667,0,0,0.7632682514,-0.533647425,0.7980611251,0.7496878155,0.06352841462,-0.581307906,-0.3098603528,0,1
717,23900000000,0,0,0.7676078207,-0.5326572541,0.8054018812,0.746817319,0.06348687077,-0.5819349806,-0.3155708915,0,1
718,23933333333,0,0,0.7712271048,-0.5320686064,0.8124004117,0.74420908,0.06318530537,-0.581680341,-0.3221931769,0,1
719,23966666667,0,0,0.7749691954,-0.5309013438,0.8189287907,0.7421303593,0.06221561275,-0.5807033247,-0.3288698771,0,1
720,24000000000,0,1,0.7770987778,-0.5295370852,0.8254943219,0.7407006015,0.0606124398,-0.5793435928,-0.3347383345,0,1
721,24033333333,0,0,0.7790743548,-0.5289166445,0.8294609538,0.740089833,0.05817236773,-0.5778903567,-0.3390070062,0,1
722,24066666667,0,0,0.7813343613,-0.5273224858,0.833035278,0.7393582575,0.05547530314,-0.5775297969,-0.3416594672,0,1
723,24100000000,0,0,0.7834960666,-0.5261524951,0.8347426304,0.7383498383,0.05123138412,-0.5783266195,-0.3431518363,0,1
724,24133333333,0,0,0.7859888415,-0.5255861481,0.8357776986,0.7362391181,0.04659083963,-0.5812465385,-0.3434147872,0,1
725,24166666667,0,0,0.7896203367,-0.5249240992,0.8370878234,0.7331995403,0.04290829275,-0.5853729235,-0.343388778,0,1
726,24200000000,0,1,0.7933365867,-0.5238640188,0.8389456536,0.7304791278,0.03948576461,-0.5891928158,-0.3430640524,0,1
727,24233333333,0,0,0.7976728855,-0.5237047566,0.8405748048,0.7288306395,0.03641819347,-0.5917477482,-0.3425116298,0,1
728,24266666667,0,0,0.8022052931,-0.5228655183,0.8419520187,0.7282265181,0.03416608821,-0.5927803989,-0.3422429187,0,1
729,24300000000,0,0,0.8073218427,-0.5211091779,0.8418180845,0.7280921729,0.03244721545,-0.5927721333,-0.3427100289,0,1
730,24333333333,0,0,0.8119042418,-0.5192307588,0.8418819186,0.7277560703,0.03038522897,-0.5926932189,-0.3437478555,0,1
731,24366666667,0,0,0.8172569531,-0.5171862373,0.8419412925,0.7274593682,0.02786889049,-0.5926364021,-0.3446857808,0,1
732,24400000000,0,0,0.8222944077,-0.5156780769,0.8416689923,0.727674007,0.02449779929,-0.5920533889,-0.3454897712,0,1
733,24433333333,0,0,0.8278508914,-0.513498074,0.841379784,0.7278008413,0.02244316367,-0.5912096697,-0.3468045072,0,1
734,24466666667,0,1,0.8336921169,-0.5102793194,0.8416098564,0.7277715187,0.02126734979,-0.5899979631,-0.3489967335,0,1
735,24500000000,0,0,0.8389180617,-0.5078494576,0.8406715612,0.728660138,0.01841423091,-0.5887780608,-0.3493647298,0,1
736,24533333333,0,0,0.8446715397,-0.5041870628,0.8388193416,0.7289115264,0.01519386684,-0.5887674901,-0.3490128589,0,1
737,24566666667,0,0,0.8512671169,-0.5008266742,0.8377717678,0.7280502704,0.009929674387,-0.589975611,-0.3489598599,0,1
738,24600000000,0,0,0.8571545029,-0.4977075763,0.8367839938,0.7278191316,0.002170838935,-0.5910292787,-0.3477915911,0,1
739,24633333333,0,0,0.8624147253,-0.4957807507,0.8351795688,0.7273642913,-0.006567308378,-0.5921405217,-0.3467962814,0,1
740,24666666667,0,1,0.8699865082,-0.4929612433,0.8343020333,0.7266139429,-0.01237186167,-0.5928364968,-0.3470216176,0,1
741,24700000000,0,0,0.8744419468,-0.4919748451,0.8350742701,0.7269934613,-0.01687339971,-0.5916994059,-0.3479764484,0,1
742,24733333333,0,0,0.8788144568,-0.491457292,0.8342593527,0.7288087233,-0.01681355256,-0.5886382928,-0.34937102,0,1
743,24766666667,0,0,0.8849884657,-0.4888811614,0.8322131032,0.7309008836,-0.01247896895,-0.5851296045,-0.3510719579,0,1
744,24800000000,0,0,0.8918361973,-0.4850725909,0.8304422738,0.7325869372,-0.009064595309,-0.581699387,-0.3533553957,0,1
745,24833333333,0,0,0.897893068,-0.48231771,0.8286534881,0.7345695625,-0.009125570287,-0.5783625075,-0.354712689,0,1
746,24866666667,0,0,0.9040731853,-0.4787465987,0.8270684827,0.7362808121,-0.01096818994,-0.5753918587,-0.3559416714,0,1
747,24900000000,0,0,0.9095840308,-0.4768789575,0.8252061916,0.7373746375,-0.01451943697,-0.5723078686,-0.3585129473,0,1
748,24933333333,0,1,0.9155813559,-0.4753167785,0.8234562666,0.7377325923,-0.0164171998,-0.5704316413,-0.360678306,0,1
749,24966666667,0,0,0.9210775102,-0.4738603655,0.8225519409,0.7375498433,-0.016542379,-0.5692092663,-0.3629702322,0,1
750,25000000000,0,0,0.9263736208,-0.4722984933,0.8218603762,0.7382223035,-0.01688216928,-0.5671603656,-0.3647902721,0,1
751,25033333333,0,0,0.9312069834,-0.4708306197,0.8205143083,0.7396222586,-0.01745816412,-0.564454522,-0.3661218645,0,1
752,25066666667,0,0,0.9360139561,-0.4697576537,0.8200211645,0.7407614407,-0.01846285345,-0.5620781754,-0.3674231018,0,1
753,25100000000,0,0,0.9406499885,-0.4685979251,0.8189821054,0.7422499378,-0.02041376513,-0.5598879546,-0.3676598786,0,1
754,25133333333,0,0,0.9452135593,-0.467387033,0.8185783408,0.7431997338,-0.02243926184,-0.5584544843,-0.3678032412,0,1
755,25166666667,0,0,0.9493579839,-0.4669873112,0.8179392967,0.742529777,-0.02323242785,-0.5576895741,-0.3702595352,0,1
756,25200000000,0,0,0.9531131779,-0.4666324569,0.8185441249,0.7413364726,-0.02309357941,-0.5575632961,-0.3728405715,0,1
757,25233333333,0,1,0.9583478737,-0.4651877701,0.8195233602,0.7410440553,-0.02278666206,-0.557640508,-0.3733249791,0,1
758,25266666667,0,0,0.9637042582,-0.4643230401,0.819050231,0.7412508365,-0.02400886732,-0.5577597141,-0.3726591914,0,1
759,25300000000,0,0,0.9682951639,-0.4636268704,0.8202371051,0.7405747283,-0.02653784336,-0.558471744,-0.3727655105,0,1
760,25333333333,0,0,0.9719626565,-0.4636812189,0.8224350991,0.7398752094,-0.02851912961,-0.5590660453,-0.3731172614,0,1
761,25366666667,0,0,0.9759819144,-0.4637236776,0.8258326519,0.7400151524,-0.02975941278,-0.5591384025,-0.3726341348,0,1
762,25400000000,0,0,0.9803492482,-0.4645181689,0.8289958665,0.7411137873,-0.03041866403,-0.5579934605,-0.3721133659,0,1
763,25433333333,0,0,0.9839727427,-0.4653793496,0.8326046243,0.7424655734,-0.03032162868,-0.5560173087,-0.3723845104,0,1
764,25466666667,0,0,0.9880924936,-0.466148241,0.835160179,0.7444706688,-0.0293204463,-0.5536759089,-0.3719498925,0,1
765,25500000000,0,0,0.9926551866,-0.4667825406,0.8373499566,0.7464990093,-0.0290400879,-0.5516226967,-0.3709559312,0,1
766,25533333333,0,1,0.9969682878,-0.4678647552,0.8412779593,0.7474274663,-0.02933601119,-0.5508114885,-0.370267856,0,1
767,25566666667,0,0,1.00130917,-0.4692170346,0.8446120425,0.7478975423,-0.03010140138,-0.5504066825,-0.3698589673,0,1
768,25600000000,0,0,1.00541243,-0.4707080228,0.8488809431,0.747931787,-0.03051527456,-0.5502226221,-0.3700296287,0,1
769,25633333333,0,0,1.008876187,-0.4732703993,0.8536620259,0.7480460548,-0.03059892189,-0.549801662,-0.370417249,0,1
770,25666666667,0,0,1.012702449,-0.4759310112,0.8575421324,0.7487903453,-0.02972440632,-0.5489832945,-0.3701983532,0,1
771,25700000000,0,0,1.017184113,-0.4781099638,0.8603116577,0.7495462237,-0.02877623607,-0.548123476,-0.3700176237,0,1
772,25733333333,0,0,1.022116241,-0.4806003068,0.8625804364,0.7499296707,-0.02891690577,-0.5478512432,-0.3696326784,0,1
773,25766666667,0,0,1.026991171,-0.4825023101,0.8658467231,0.7495646827,-0.02968802539,-0.5487419784,-0.3689900388,0,1
774,25800000000,0,0,1.030929116,-0.4847826923,0.8694818726,0.749156252,-0.03080868562,-0.5496770452,-0.3683352833,0,1
775,25833333333,0,0,1.034780794,-0.4872228188,0.8739565107,0.7485917921,-0.0306597085,-0.5505109431,-0.3682499322,0,1
776,25866666667,0,1,1.038593067,-0.4895190046,0.8785419332,0.7486434796,-0.02899764565,-0.5504581217,-0.3683584304,0,1
777,25900000000,0,0,1.043390265,-0.4914495322,0.8818903887,0.7496087393,-0.02748266413,-0.5496198543,-0.3677627725,0,1
778,25933333333,0,0,1.047574455,-0.4934160525,0.8850181964,0.7509569477,-0.02679662275,-0.5482617243,-0.3670894788,0,1
779,25966666667,0,0,1.051335873,-0.4956989016,0.887916769,0.7518243886,-0.02612261939,-0.5472966756,-0.3668024623,0,1
780,26000000000,0,0,1.055122588,-0.4974886648,0.8905002796,0.75221003,-0.02564141963,-0.5469569427,-0.3665524398,0,1
781,26033333333,0,0,1.058975441,-0.4994407148,0.8929108755,0.7523791474,-0.02601750694,-0.5472059831,-0.3658063968,0,1
782,26066666667,0,0,1.063113442,-0.5008006435,0.8956857778,0.7523815832,-0.0263435538,-0.5478622289,-0.3647943922,0,1
783,26100000000,0,0,1.066033123,-0.5031358284,0.9000556934,0.7521291044,-0.02655773257,-0.5485422967,-0.3642771553,0,1
784,26133333333,0,0,1.069471356,-0.5045345681,0.9045545154,0.7526607264,-0.02548864051,-0.5485182094,-0.3632904267,0,1
785,26166666667,0,1,1.073536907,-0.5058846648,0.9070253897,0.7539820731,-0.02454164727,-0.5470115378,-0.3628871981,0,1
786,26200000000,0,0,1.07667118,-0.5073923966,0.9102636226,0.755023911,-0.02452963826,-0.5453708098,-0.3631912313,0,1
787,26233333333,0,0,1.077983822,-0.5101565687,0.9131796554,0.7557434275,-0.02439928249,-0.5440542818,-0.3636777218,0,1
788,26266666667,0,0,1.080367295,-0.5117060229,0.9137912396,0.7566558737,-0.02342862345,-0.5430925251,-0.3632815679,0,1
789,26300000000,0,0,1.082854633,-0.5128723839,0.9152424497,0.7565756153,-0.02259893742,-0.5432047227,-0.3633335322,0,1
790,26333333333,0,0,1.084786769,-0.51426742,0.916761934,0.7561789926,-0.02165110947,-0.5438918073,-0.3631890178,0,1
791,26366666667,0,0,1.086711977,-0.515311735,0.9181971637,0.7561716944,-0.02114521998,-0.5447087691,-0.3620077419,0,1
792,26400000000,0,0,1.08871708,-0.5167342686,0.9187340713,0.7563706603,-0.02108383521,-0.5456961747,-0.3601035698,0,1
793,26433333333,0,0,1.091132484,-0.517348078,0.9202329313,0.7560244777,-0.0212345325,-0.5471201681,-0.3586580619,0,1
794,26466666667,0,0,1.093349781,-0.5174490759,0.9213067168,0.7558342992,-0.02160713528,-0.5481931286,-0.3573960516,0,1
795,26500000000,0,0,1.095778849,-0.516808463,0.9231699396,0.7554665777,-0.02178349114,-0.5491427912,-0.3567042533,0,1
796,26533333333,0,0,1.097169619,-0.5179241617,0.9259964659,0.7548105334,-0.02232520533,-0.5497107513,-0.3571844534,0,1
797,26566666667,0,0,1.099188826,-0.5174561916,0.9275275135,0.7550673567,-0.02227613885,-0.5491770782,-0.3574655189,0,1
798,26600000000,0,0,1.101141202,-0.5172530423,0.9291368842,0.7554414576,-0.02327149765,-0.5482096184,-0.3580961544,0,1
799,26633333333,0,0,1.102295796,-0.5173160917,0.9314294584,0.7556990407,-0.02509848277,-0.5473970872,-0.3586717927,0,1
800,26666666667,0,0,1.102683702,-0.5178793812,0.9333471361,0.7557953913,-0.02729713999,-0.5467104441,-0.3593548148,0,1
801,26700000000,0,0,1.10342212,-0.5180565463,0.9352642819,0.7556453708,-0.02834919555,-0.5462609191,-0.3602712937,0,1
802,26733333333,0,0,1.103152051,-0.5191943194,0.9375428629,0.7551961559,-0.02921832557,-0.5460959427,-0.3613921374,0,1
803,26766666667,0,0,1.103773826,-0.5203488554,0.9390674914,0.7550974428,-0.02943566429,-0.5460136429,-0.3617049838,0,1
804,26800000000,0,0,1.104615203,-0.5206040005,0.939783227,0.7550372395,-0.02934524076,-0.5458999284,-0.3620095193,0,1
805,26833333333,0,1,1.104194209,-0.5212022741,0.9405113034,0.7547683256,-0.02868223461,-0.5457996621,-0.3627738041,0,1
806,26866666667,0,0,1.104712098,-0.5223032048,0.9413823277,0.7546113682,-0.02817919359,-0.546151728,-0.3626098538,0,1
807,26900000000,0,0,1.105222908,-0.5234727381,0.942309395,0.7545756331,-0.02775361069,-0.5465609826,-0.362100046,0,1
808,26933333333,0,0,1.105760402,-0.5245560073,0.9428379539,0.7544404503,-0.02674135106,-0.5469624502,-0.3618516066,0,1
809,26966666667,0,0,1.106751723,-0.5255163321,0.943427888,0.7541907052,-0.02517616138,-0.5473235698,-0.3619384631,0,1
810,27000000000,0,0,1.107182962,-0.5267968039,0.9439798275,0.7543674778,-0.02439648112,-0.5473039563,-0.3616530098,0,1
811,27033333333,0,0,1.108030892,-0.5279303902,0.9448243773,0.7546691103,-0.02396511306,-0.5473344718,-0.3610057941,0,1
812,27066666667,0,0,1.108249249,-0.5293313354,0.9455657692,0.7545281628,-0.02314508355,-0.5474459538,-0.3611848339,0,1
813,27100000000,0,0,1.108793224,-0.5308138781,0.9465738202,0.7541405285,-0.02188283509,-0.547668701,-0.3617349841,0,1
814,27133333333,0,0,1.109741581,-0.5319584945,0.9471074681,0.7544132488,-0.02117618018,-0.5474433516,-0.361549438,0,1
815,27166666667,0,0,1.110434865,-0.5331669054,0.9478533752,0.7544389567,-0.0205007908,-0.5473994995,-0.3616011147,0,1
816,27200000000,0,0,1.111161653,-0.5336584827,0.9489202,0.7544441229,-0.01935914186,-0.5470667104,-0.3621564626,0,1
817,27233333333,0,0,1.111017452,-0.5348623479,0.9509768279,0.7542283843,-0.01827503278,-0.5465116885,-0.3634976504,0,1
818,27266666667,0,0,1.110049844,-0.5370530035,0.9528057764,0.7543348714,-0.01685710278,-0.5458812932,-0.3642915778,0,1
819,27300000000,0,0,1.111034986,-0.5383183117,0.9523785845,0.7551839584,-0.01568745641,-0.5450968529,-0.3637588674,0,1
820,27333333333,0,0,1.110932243,-0.5392032891,0.953488878,0.7558800716,-0.01683924812,-0.5445785045,-0.3630372014,0,1
821,27366666667,0,0,1.109943285,-0.5404461726,0.9545284086,0.7565383142,-0.01856979224,-0.5442871537,-0.3620171767,0,1
822,27400000000,0,0,1.108609214,-0.5419521243,0.9559153841,0.7568691135,-0.01971885283,-0.5441092924,-0.361532004,0,1
823,27433333333,0,0,1.107739263,-0.5432191607,0.9569218162,0.7571717476,-0.01958869313,-0.5438846336,-0.3612433156,0,1
824,27466666667,0,0,1.107000617,-0.5440296632,0.9574975107,0.7575913221,-0.0195362423,-0.5433871939,-0.3611150528,0,1
825,27500000000,0,1,1.105395797,-0.544806081,0.9588584425,0.7577957408,-0.01916991242,-0.5433332035,-0.3607868618,0,1
826,27533333333,0,0,1.104571259,-0.5456135256,0.9596541166,0.7580829648,-0.01909588266,-0.5429973705,-0.3606929739,0,1
827,27566666667,0,0,1.102951376,-0.5467771235,0.9610288194,0.7589354004,-0.02022282185,-0.5423910498,-0.359749975,0,1
828,27600000000,0,0,1.101485136,-0.5476675306,0.9623162707,0.7597801658,-0.02079663574,-0.5414650323,-0.3593288444,0,1
829,27633333333,0,0,1.099215794,-0.5487744978,0.9638123688,0.7603218987,-0.02064131003,-0.5405038855,-0.3596388415,0,1
830,27666666667,0,0,1.097682774,-0.5494328059,0.9645520738,0.7609109844,-0.02015062864,-0.5394437138,-0.3600123686,0,1
831,27700000000,0,0,1.09511685,-0.5502932419,0.965524515,0.7614299944,-0.0199895836,-0.5384554521,-0.3604032551,0,1
832,27733333333,0,0,1.092624802,-0.5509783016,0.9661732019,0.7617972036,-0.01985975814,-0.5378259852,-0.3605742923,0,1
833,27766666667,0,0,1.089887135,-0.5515944438,0.9669887699,0.7621241952,-0.01960641989,-0.5372642225,-0.3607346042,0,1
834,27800000000,0,0,1.087377488,-0.5528572343,0.9678326431,0.7625771777,-0.01977373456,-0.5367935294,-0.360468798,0,1
835,27833333333,0,0,1.084923098,-0.553443269,0.9685285952,0.7632727133,-0.02025973629,-0.5360716834,-0.3600436897,0,1
836,27866666667,0,0,1.082126888,-0.5543800266,0.9695741873,0.7642094489,-0.02070910841,-0.5348195366,-0.3598931985,0,1
837,27900000000,0,0,1.078825188,-0.5558320114,0.9706136514,0.7656580955,-0.02095567918,-0.5330979764,-0.3593537086,0,1
838,27933333333,0,0,1.074957791,-0.5577120259,0.9708050639,0.7669715671,-0.02106346046,-0.5315775754,-0.35879831,0,1
839,27966666667,0,0,1.07165943,-0.5589928012,0.9702763388,0.7673881446,-0.01931289702,-0.5309598687,-0.3589206952,0,1
840,28000000000,0,0,1.068221729,-0.5608148332,0.9699045162,0.7669053907,-0.01694859747,-0.5308932035,-0.3601683958,0,1
841,28033333333,0,0,1.065244929,-0.5625770814,0.9699831233,0.766746161,-0.01518130643,-0.5309980688,-0.3604315518,0,1
842,28066666667,0,1,1.062884463,-0.5641499168,0.9687303766,0.767945187,-0.01451431184,-0.5303458506,-0.3588632097,0,1
843,28100000000,0,0,1.059302456,-0.5656374988,0.9685456387,0.7692124231,-0.01417611109,-0.5298249072,-0.3569269586,0,1
844,28133333333,0,0,1.05519473,-0.5674420502,0.9689662755,0.7701306948,-0.01322774108,-0.5293424119,-0.3556969928,0,1
845,28166666667,0,0,1.051262955,-0.5690356427,0.9680513298,0.7712138323,-0.01198243771,-0.5286311095,-0.3544499911,0,1
846,28200000000,0,0,1.047334883,-0.5702655125,0.9669493377,0.7715471661,-0.01121074134,-0.5288456064,-0.3534283724,0,1
847,28233333333,0,0,1.043582137,-0.5714119402,0.9658830443,0.7708359369,-0.01095880931,-0.5299792751,-0.3532900095,0,1
848,28266666667,0,0,1.039417474,-0.5722383005,0.9654323228,0.7694285602,-0.01085939919,-0.5317866759,-0.353644872,0,1
849,28300000000,0,0,1.035184619,-0.573218804,0.9659764067,0.7679237696,-0.01008506873,-0.5337302595,-0.3540104314,0,1
850,28333333333,0,0,1.031596478,-0.5741401537,0.9655403357,0.7673578033,-0.009491638388,-0.5346636825,-0.3538455273,0,1
851,28366666667,0,0,1.028371364,-0.5748086049,0.9649986315,0.7671872343,-0.009572356827,-0.5353131618,-0.3532307124,0,1
852,28400000000,0,0,1.024082525,-0.5759311559,0.9643747498,0.7669537707,-0.0095581028,-0.5358960953,-0.3528539802,0,1
853,28433333333,0,0,1.020562125,-0.576694725,0.9638642788,0.7661707256,-0.008788867619,-0.5372358637,-0.3525376601,0,1
854,28466666667,0,0,1.01767977,-0.5777254615,0.9636997295,0.7651540293,-0.007508094152,-0.5388810871,-0.3522642671,0,1
855,28500000000,0,0,1.015244941,-0.5784192696,0.9636579061,0.7645665498,-0.005910291746,-0.5401053767,-0.3516948131,0,1
856,28533333333,0,0,1.012313151,-0.5795974494,0.9628290852,0.7642184802,-0.004661575202,-0.5410767719,-0.3509762259,0,1
857,28566666667,0,0,1.01043656,-0.580860616,0.9617549167,0.7635147448,-0.003090145167,-0.5422767748,-0.3506730457,0,1
858,28600000000,0,1,1.009438691,-0.5822806892,0.9603001582,0.7626409715,-0.002860881954,-0.5437192832,-0.3503425538,0,1
859,28633333333,0,0,1.007607342,-0.5838096672,0.9597983157,0.7613947121,-0.003032006739,-0.5454121551,-0.3504204337,0,1
860,28666666667,0,0,1.005331365,-0.5855795435,0.9595546969,0.7598009467,-0.002739868926,-0.5472270913,-0.3510520262,0,1
861,28700000000,0,0,1.003304829,-0.5875299092,0.9596317341,0.7578465242,-0.001509022406,-0.5490599162,-0.3524196036,0,1
862,28733333333,0,0,1.001292165,-0.5895735069,0.9590313454,0.7560056152,0.0005509457023,-0.5507819395,-0.353686954,0,1
863,28766666667,0,0,1.000038663,-0.591150557,0.9584531664,0.7541408099,0.002094434009,-0.5525769927,-0.3548604223,0,1
864,28800000000,0,0,0.9982949591,-0.5931285473,0.9584245097,0.7525331005,0.002418825104,-0.5545980976,-0.3551183353,0,1
865,28833333333,0,1,0.996980836,-0.5931547981,0.9562522016,0.7509916694,0.0009112817869,-0.5572687935,-0.3542064001,0,1
866,28866666667,0,0,0.9961637661,-0.594231882,0.9546329517,0.7471214454,-0.003397844755,-0.5617954544,-0.3552236871,0,1
867,28900000000,0,0,0.994497949,-0.5962559928,0.9571393312,0.7417625236,-0.007915400152,-0.566965601,-0.3581559888,0,1
868,28933333333,0,0,0.9908703797,-0.5988527187,0.9602679422,0.7377401254,-0.01069082117,-0.5706878508,-0.3604727323,0,1
869,28966666667,0,0,0.988857924,-0.6015364386,0.9612952489,0.7348724691,-0.01148994421,-0.5734531576,-0.3619142321,0,1
870,29000000000,0,0,0.9878524669,-0.6038321059,0.9618781563,0.7317270883,-0.01170628599,-0.5756403691,-0.364796651,0,1
871,29033333333,0,0,0.9842142195,-0.6074217183,0.9633310703,0.7288730043,-0.01185501202,-0.5774942242,-0.3675649918,0,1
872,29066666667,0,0,0.98333428,-0.6094088714,0.9626341088,0.7265481398,-0.009793521827,-0.5793897458,-0.3692416689,0,1
873,29100000000,0,0,0.9813244188,-0.612191381,0.963866929,0.7233682388,-0.008203443576,-0.5813797296,-0.3723824708,0,1
874,29133333333,0,0,0.9784621966,-0.6154336025,0.963881046,0.7207473001,-0.005164675065,-0.5828454826,-0.3752170024,0,1
875,29166666667,0,1,0.978751387,-0.6199588201,0.9599807639,0.71873128,-0.0002016340553,-0.5835715092,-0.3779809521,0,1
876,29200000000,0,0,0.978153003,-0.6229519922,0.9598933114,0.7163183724,0.004976405209,-0.585146448,-0.3800879625,0,1
877,29233333333,0,0,0.977826912,-0.6257111916,0.9586131851,0.7148169445,0.008605153068,-0.5859820098,-0.3815596564,0,1
878,29266666667,0,0,0.9767130603,-0.6284472686,0.9584962846,0.7127799947,0.0113518921,-0.5875852038,-0.3828308268,0,1
879,29300000000,0,0,0.9753582292,-0.6314434893,0.9580909204,0.710933761,0.0137535462,-0.5893388011,-0.3834889893,0,1
880,29333333333,0,0,0.9744898518,-0.6335540449,0.9577174987,0.709397866,0.01589837769,-0.5911297833,-0.3834937921,0,1
881,29366666667,0,0,0.9732115319,-0.6365496453,0.9583704472,0.7077561105,0.01760195921,-0.5933195136,-0.3830710298,0,1
882,29400000000,0,0,0.972172267,-0.6390455478,0.9584347594,0.7064228944,0.02026813377,-0.5950136584,-0.3827723127,0,1
883,29433333333,0,0,0.9714908226,-0.6418593565,0.9593411424,0.7051576482,0.02256439503,-0.5964954508,-0.3826705063,0,1
884,29466666667,0,1,0.9701765648,-0.6453514018,0.9576827649,0.7053406364,0.02598078216,-0.5962786909,-0.3824543221,0,1
885,29500000000,0,0,0.9692503376,-0.6478909494,0.9581676129,0.706049429,0.02872115572,-0.5963680839,-0.3808075729,0,1
886,29533333333,0,0,0.9687982339,-0.6499933771,0.9569809786,0.7071006074,0.03078322201,-0.5960931489,-0.3791227796,0,1
887,29566666667,0,0,0.9681531139,-0.6519513398,0.9550627995,0.707579268,0.0322437108,-0.5966091906,-0.3772921895,0,1
888,29600000000,0,0,0.9685833397,-0.6536447758,0.9548200952,0.7065225846,0.03292261687,-0.5984246335,-0.3763374772,0,1
889,29633333333,0,0,0.9680643101,-0.6559807217,0.9549077102,0.7053923173,0.03279366991,-0.5999553405,-0.3760317051,0,1
890,29666666667,0,0,0.9676548577,-0.6574009037,0.9552043869,0.7046797779,0.03242347904,-0.6010463566,-0.3756572986,0,1
891,29700000000,0,0,0.9670768606,-0.659808124,0.9551825265,0.7037990361,0.031525077,-0.6018730109,-0.3760611186,0,1
892,29733333333,0,0,0.9676283313,-0.6608334997,0.9557723618,0.7032005126,0.03163050349,-0.6022133357,-0.3766266702,0,1
893,29766666667,0,0,0.9684451485,-0.6613606296,0.9561940332,0.7033732386,0.0308731104,-0.6010223893,-0.3782658138,0,1
894,29800000000,0,0,0.9661913329,-0.6633892061,0.9551331539,0.7035271788,0.02807770486,-0.5994257293,-0.3807229258,0,1
895,29833333333,0,0,0.9638248288,-0.6658464605,0.9527926358,0.7028581914,0.026739687,-0.5995915139,-0.3817923105,0,1
896,29866666667,0,0,0.9644563022,-0.6666599377,0.9528491011,0.7009017352,0.02725148165,-0.6013418562,-0.3825991197,0,1
897,29900000000,0,0,0.9627945298,-0.6689048817,0.9537308988,0.6994776227,0.02646579115,-0.6022298207,-0.3838617724,0,1
898,29933333333,0,0,0.9605108387,-0.672218926,0.9520961069,0.6993676872,0.0264515336,-0.6025747591,-0.3835215954,0,1
899,29966666667,0,0,0.9605031871,-0.6740022673,0.9518526821,0.6996004841,0.02745949079,-0.6035083925,-0.3815530882,0,1
900,30000000000,0,1,0.9597497783,-0.6766911445,0.9517016763,0.6998822428,0.02916225363,-0.604042539,-0.3800618637,0,1
901,30033333333,0,0,0.9592227622,-0.6786385235,0.9506666269,0.7009986019,0.03037651505,-0.6040406671,-0.3779062051,0,1
902,30066666667,0,0,0.9591053747,-0.6807175947,0.9499919979,0.7017622578,0.03115156795,-0.6045087292,-0.3756707464,0,1
903,30100000000,0,0,0.9584943511,-0.6829283673,0.9498186744,0.7019038882,0.03275089746,-0.6048206562,-0.3747669732,0,1
904,30133333333,0,0,0.9576598444,-0.6854055046,0.9493812619,0.7024564847,0.03481854208,-0.604746892,-0.373662619,0,1
905,30166666667,0,0,0.9573202681,-0.6868816806,0.948903095,0.7034496041,0.03740039581,-0.6045267507,-0.3718968574,0,1
906,30200000000,0,0,0.9574937944,-0.6887334816,0.948045747,0.7042222718,0.0393355813,-0.6042210164,-0.3707299115,0,1
907,30233333333,0,0,0.9570017075,-0.6905492993,0.9470251644,0.7048925498,0.04088040118,-0.6039855361,-0.3696711487,0,1
908,30266666667,0,0,0.9563482856,-0.6921015996,0.9465714889,0.7053377469,0.04225316502,-0.6041327604,-0.3684249457,0,1
909,30300000000,0,0,0.9566448922,-0.6933601894,0.9452380684,0.7055603211,0.04359554459,-0.6044705744,-0.3672865183,0,1
910,30333333333,0,0,0.9568640998,-0.6942630122,0.9450434764,0.7054893101,0.04387113972,-0.6053635031,-0.3659169107,0,1
911,30366666667,0,0,0.9562900774,-0.6951996901,0.9442564904,0.7054327245,0.04307183796,-0.6065404339,-0.3641678047,0,1
912,30400000000,0,0,0.9560696871,-0.6959052634,0.9433244568,0.7046588793,0.04163840457,-0.6085298893,-0.3625099736,0,1
913,30433333333,0,1,0.9570835187,-0.6970406113,0.9440627567,0.7024463747,0.03989252197,-0.6118340189,-0.3614371462,0,1
914,30466666667,0,0,0.9560060396,-0.6994313547,0.9448858183,0.7004185967,0.03768629765,-0.6144536915,-0.36116505,0,1
915,30500000000,0,0,0.9559843617,-0.7020125316,0.9464979009,0.6990683487,0.03765536992,-0.6167190367,-0.3599210285,0,1
916,30533333333,0,0,0.9567614385,-0.7033698566,0.9481251587,0.6987816379,0.03884471477,-0.617530808,-0.3589582315,0,1
917,30566666667,0,0,0.9568952644,-0.7057887182,0.9493352008,0.6992055365,0.04010419595,-0.6173414597,-0.3583194013,0,1
918,30600000000,0,0,0.9576396009,-0.7074294487,0.9500662975,0.7005654513,0.04157076994,-0.6170297786,-0.3560255214,0,1
919,30633333333,0,0,0.9592976052,-0.7079566066,0.9507177147,0.70143634,0.0429111116,-0.6169753788,-0.3542415551,0,1
920,30666666667,0,0,0.9605738238,-0.7092776733,0.9516175401,0.7015518371,0.04324572315,-0.6171178722,-0.3537235631,0,1
921,30700000000,0,0,0.9612629097,-0.7111457442,0.9536882203,0.7017005621,0.04362115801,-0.6174833208,-0.3527433404,0,1
922,30733333333,0,0,0.963147477,-0.7119980135,0.9562688609,0.7018962,0.04457749427,-0.6175414313,-0.3521322935,0,1
923,30766666667,0,0,0.9641014668,-0.7140224582,0.9588081206,0.7022927953,0.04543242107,-0.6168323481,-0.3524749341,0,1
924,30800000000,0,0,0.9656816292,-0.7155184539,0.9603858022,0.7031234097,0.04786668861,-0.6155199936,-0.3527908563,0,1
925,30833333333,0,0,0.967955579,-0.7168231764,0.9621351812,0.7040932178,0.04996187148,-0.6143934359,-0.3525297972,0,1
926,30866666667,0,0,0.9697099802,-0.7183893043,0.9645594937,0.7052234491,0.0507247474,-0.6133846207,-0.3519178795,0,1
927,30900000000,0,0,0.9714758415,-0.7197429463,0.9660202663,0.7061827608,0.05200219555,-0.6125869608,-0.3511963774,0,1
928,30933333333,0,0,0.9747347852,-0.7201404185,0.9683575283,0.7066323396,0.0533840578,-0.6123786141,-0.3504473027,0,1
929,30966666667,0,0,0.976699376,-0.7216008756,0.971413109,0.707089193,0.05290990918,-0.6122042688,-0.3499019117,0,1
930,31000000000,0,0,0.9789313021,-0.7230275843,0.974232147,0.7077468415,0.05288608938,-0.6118776059,-0.3491464812,0,1
931,31033333333,0,1,0.9831463944,-0.7263878667,0.9771294486,0.7084567858,0.05262698648,-0.611348033,-0.3486731501,0,1
932,31066666667,0,0,0.9858840359,-0.7279883924,0.9806030022,0.709059282,0.05353045447,-0.6103042931,-0.3491390766,0,1
933,31100000000,0,0,0.9885972107,-0.7293166704,0.983685522,0.7100951383,0.05538003937,-0.608393186,-0.3500795297,0,1
934,31133333333,0,0,0.9917029213,-0.7301284798,0.9871752468,0.7117820749,0.05707143429,-0.6060597654,-0.3504292939,0,1
935,31166666667,0,0,0.9942976931,-0.7306877444,0.989576553,0.7139410992,0.05792072595,-0.60327537,-0.3507023301,0,1
936,31200000000,0,0,0.9976979755,-0.7296476017,0.9917800779,0.7155918685,0.05761572706,-0.6015743612,-0.3503098538,0,1
937,31233333333,0,0,1.001085484,-0.7298248763,0.9945427732,0.71623689,0.05536179653,-0.6005864077,-0.3510495062,0,1
938,31266666667,0,0,1.004042258,-0.7298748207,0.9979791017,0.7163418423,0.0534919995,-0.5998071414,-0.3524547689,0,1
939,31300000000,0,0,1.007185089,-0.7290559365,1.001751779,0.7163881395,0.05156473054,-0.5985894448,-0.3547108523,0,1
940,31333333333,0,0,1.009182481,-0.7297831174,1.005092835,0.716557978,0.04971135253,-0.5970425319,-0.3572305427,0,1
941,31366666667,0,0,1.012139198,-0.729220454,1.00836449,0.716898868,0.04892755176,-0.5953790661,-0.3594243667,0,1
942,31400000000,0,0,1.013983136,-0.7297706481,1.012092981,0.7177717733,0.04809439495,-0.5933980716,-0.3610669456,0,1
943,31433333333,0,0,1.016190113,-0.7296023056,1.01549553,0.719566841,0.04842050325,-0.5910243066,-0.3613437218,0,1
944,31466666667,0,1,1.018406484,-0.7293451151,1.018260885,0.7224788735,0.04921234001,-0.5876412868,-0.3609434042,0,1
945,31500000000,0,0,1.021541753,-0.7289419169,1.0204016,0.7258714218,0.05074941919,-0.5843142238,-0.3593216711,0,1
946,31533333333,0,0,1.025078246,-0.7277725877,1.022008663,0.7293126543,0.05159706767,-0.5812703215,-0.3571632794,0,1
947,31566666667,0,0,1.02906016,-0.7255712097,1.022974701,0.732046503,0.05171172289,-0.5789050451,-0.3553910014,0,1
948,31600000000,0,0,1.033290603,-0.7229327675,1.022942849,0.7335461056,0.04966503231,-0.5779533603,-0.3541375563,0,1
949,31633333333,0,0,1.038190537,-0.7203279994,1.023941171,0.7336020532,0.04627221468,-0.5782629329,-0.3539758327,0,1
950,31666666667,0,0,1.041312449,-0.7196761295,1.025647617,0.7333472721,0.04187183213,-0.5780824195,-0.3553438397,0,1
951,31700000000,0,0,1.044296855,-0.7193348169,1.027246839,0.7339261987,0.0386542466,-0.5771713471,-0.3559935676,0,1
952,31733333333,0,0,1.047274135,-0.7183949821,1.028665273,0.7353562277,0.03611593496,-0.5753765091,-0.3562144444,0,1
953,31766666667,0,0,1.05068676,-0.7171535058,1.029507933,0.7374573238,0.03440484981,-0.5728982706,-0.3560345114,0,1
954,31800000000,0,0,1.053450981,-0.7160521272,1.03062254,0.7399353713,0.03224055443,-0.5701246025,-0.3555476488,0,1
955,31833333333,0,0,1.056027665,-0.7149442339,1.030980052,0.7427134731,0.03131720895,-0.5668364143,-0.3550949292,0,1
956,31866666667,0,0,1.060046278,-0.7130779509,1.030467646,0.7451981102,0.03136616777,-0.5641320431,-0.3541905957,0,1
957,31900000000,0,0,1.063471035,-0.7115733107,1.030371263,0.7472458734,0.02995527215,-0.5618884551,-0.3535642097,0,1
958,31933333333,0,0,1.066679184,-0.7098019417,1.030471151,0.749729993,0.02793991723,-0.5601180871,-0.3512720131,0,1
959,31966666667,0,1,1.070827468,-0.7079678674,1.031066413,0.7523339143,0.02487192,-0.558746063,-0.3481061706,0,1
960,32000000000,0,0,1.074799223,-0.7063065003,1.030641511,0.7546547168,0.02172538906,-0.5572223517,-0.3457275178,0,1
961,32033333333,0,0,1.07799235,-0.7048628438,1.030404577,0.7566171551,0.01848995012,-0.5557335748,-0.3440185986,0,1
962,32066666667,0,0,1.082008689,-0.7030609754,1.030802588,0.7581679442,0.01598026901,-0.5544421334,-0.3428117853,0,1
963,32100000000,0,0,1.085741026,-0.7012852876,1.030856154,0.7599987193,0.01302930841,-0.5523725383,-0.3422232645,0,1
964,32133333333,0,0,1.089298984,-0.6994904087,1.031020029,0.7616518872,0.009418799565,-0.5507100589,-0.3413445768,0,1
965,32166666667,0,0,1.0916884,-0.6977990952,1.031497568,0.7634970543,0.005489134753,-0.5489837767,-0.3400866513,0,1
966,32200000000,0,0,1.09545885,-0.6952911823,1.032045748,0.7654703332,0.001443130128,-0.5474542237,-0.3381522725,0,1
967,32233333333,0,0,1.097861087,-0.694502134,1.033264086,0.7667521078,-0.003504284692,-0.5458606671,-0.3378092027,0,1
968,32266666667,0,1,1.102437718,-0.6929429695,1.034389751,0.7685522745,-0.006783526391,-0.5441181921,-0.3364770098,0,1
969,32300000000,0,0,1.10526946,-0.6922741309,1.035393608,0.7702338016,-0.01085433805,-0.5422896333,-0.3354758231,0,1
970,32333333333,0,0,1.107948769,-0.6921989798,1.037241385,0.771628311,-0.01327308504,-0.5404635761,-0.3351308666,0,1
971,32366666667,0,0,1.110847002,-0.6921482401,1.038940469,0.773755832,-0.01374137812,-0.5380412451,-0.3341028368,0,1
972,32400000000,0,0,1.114319695,-0.6917447705,1.040749748,0.7762745363,-0.01378555382,-0.5352767272,-0.3326959996,0,1
973,32433333333,0,0,1.117970182,-0.6916893455,1.042535508,0.7784888803,-0.01487427373,-0.532447586,-0.3320141372,0,1
974,32466666667,0,0,1.120582458,-0.6921116124,1.044669509,0.7799878695,-0.01510364327,-0.5301559286,-0.3321528184,0,1
975,32500000000,0,0,1.123338263,-0.6929799309,1.04704288,0.7811163712,-0.01439582531,-0.528334831,-0.3324338751,0,1
976,32533333333,0,0,1.126861362,-0.6940926123,1.049163594,0.7827167427,-0.01432527436,-0.5266958646,-0.3312714196,0,1
977,32566666667,0,0,1.129620178,-0.6954080023,1.051905479,0.7837344229,-0.01450307617,-0.5260012617,-0.3299586152,0,1
978,32600000000,0,0,1.133503645,-0.6961390335,1.054821477,0.7836775533,-0.01366526911,-0.5263364549,-0.3295947346,0,1
979,32633333333,0,0,1.136241372,-0.6974911671,1.05741277,0.7827394032,-0.01246226224,-0.5269164634,-0.3309422295,0,1
980,32666666667,0,0,1.140272435,-0.6989331741,1.060311395,0.781574074,-0.01132596083,-0.5283223241,-0.3314954168,0,1
981,32700000000,0,0,1.143676828,-0.6999484266,1.063963778,0.7801674168,-0.01097467724,-0.5297325106,-0.3325685275,0,1
982,32733333333,0,1,1.148740722,-0.7003300462,1.072000127,0.7772550816,-0.009683418189,-0.5324451839,-0.3350864001,0,1
983,32766666667,0,0,1.151282516,-0.7018373903,1.076359559,0.775299489,-0.0098834464,-0.5330689026,-0.3386008933,0,1
984,32800000000,0,0,1.154350606,-0.7031587531,1.079973289,0.7739272543,-0.01044537389,-0.5330488175,-0.3417403363,0,1
985,32833333333,0,0,1.156137756,-0.704487996,1.08382469,0.7717318406,-0.0110149239,-0.5336437705,-0.3457353957,0,1
986,32866666667,0,0,1.15831335,-0.7059131293,1.087851087,0.768768548,-0.0111991153,-0.5350498984,-0.3501301267,0,1
987,32900000000,0,0,1.1604635,-0.7077905162,1.091686557,0.7658771669,-0.01225626967,-0.5368226422,-0.3536995899,0,1
988,32933333333,0,0,1.163350282,-0.7095318301,1.095315837,0.7624426713,-0.01260653785,-0.5389942636,-0.3577812627,0,1
989,32966666667,0,0,1.165922707,-0.7114644562,1.09935774,0.7584878157,-0.01226232706,-0.5411119296,-0.3629652166,0,1
990,33000000000,0,0,1.168654815,-0.713537427,1.10395866,0.7555315542,-0.01175301918,-0.5425150318,-0.3670304858,0,1
991,33033333333,0,0,1.171297094,-0.7155828535,1.108057575,0.7535174076,-0.011501625,-0.5430460454,-0.3703784844,0,1
992,33066666667,0,0,1.173928215,-0.7171715284,1.112189679,0.7516777985,-0.01160903452,-0.5436440426,-0.3732249622,0,1
993,33100000000,0,0,1.176121371,-0.71817744,1.116749503,0.7495160786,-0.01212562172,-0.5446379613,-0.3760958766,0,1
994,33133333333,0,1,1.177843702,-0.7187098761,1.124223161,0.7465873744,-0.01281405589,-0.5469567131,-0.3785253576,0,1
995,33166666667,0,0,1.179678618,-0.7206040736,1.129018983,0.7450530235,-0.01508582939,-0.5477995101,-0.3802421684,0,1
996,33200000000,0,0,1.182151147,-0.7224180034,1.133674538,0.744374976,-0.01785183587,-0.5482633985,-0.3807813717,0,1
997,33233333333,0,0,1.183595808,-0.7238374056,1.138110148,0.7437809507,-0.02061378795,-0.548451362,-0.381531221,0,1
998,33266666667,0,0,1.185978904,-0.7249772286,1.142265706,0.7427912983,-0.02261567204,-0.5490040409,-0.3825495806,0,1
999,33300000000,0,0,1.187907288,-0.7260553556,1.146179425,0.7413135859,-0.02434981099,-0.5494483844,-0.3846657341,0,1
1000,33333333333,0,0,1.190068813,-0.7267967109,1.150100439,0.7402061169,-0.0257836165,-0.5496156432,-0.3864618407,0,1
1001,33366666667,0,0,1.191465929,-0.7275339402,1.153988036,0.739248133,-0.02688427268,-0.5494350907,-0.3884720258,0,1
1002,33400000000,0,0,1.192869074,-0.7279959753,1.157846173,0.7381012912,-0.02720373968,-0.5495932546,-0.3904019659,0,1
1003,33433333333,0,0,1.194259304,-0.7288728582,1.161808198,0.7379384683,-0.02891579923,-0.5494986044,-0.3907198194,0,1
1004,33466666667,0,1,1.195170676,-0.7285341988,1.165283305,0.7385476553,-0.03137200737,-0.5495436234,-0.3893134522,0,1
1005,33500000000,0,0,1.196981442,-0.7287170766,1.168333739,0.7382744124,-0.03434737947,-0.5499921013,-0.3889470889,0,1
1006,33533333333,0,0,1.19820376,-0.7290751188,1.171610723,0.7381115699,-0.03770460262,-0.5502842009,-0.3885318154,0,1
1007,33566666667,0,0,1.199657011,-0.7297038083,1.17511974,0.7380651428,-0.04091548053,-0.5499780635,-0.388728566,0,1
1008,33600000000,0,0,1.199351512,-0.7306017091,1.178337326,0.7383503162,-0.04267184776,-0.5486646251,-0.3898526044,0,1
1009,33633333333,0,0,1.199571887,-0.7311579297,1.181176845,0.7389879421,-0.04206124868,-0.5469997397,-0.391048536,0,1
1010,33666666667,0,0,1.200230582,-0.7317976957,1.183895298,0.7399902381,-0.04125950471,-0.5451870342,-0.3917693181,0,1
1011,33700000000,0,0,1.199797752,-0.7325321518,1.186293989,0.7414705107,-0.0408724877,-0.5435039519,-0.3913494293,0,1
1012,33733333333,0,0,1.200344061,-0.7335638454,1.18853666,0.7423722249,-0.04136530528,-0.5428763,-0.3904583385,0,1
1013,33766666667,0,0,1.200126557,-0.7345185504,1.190787711,0.7425545861,-0.04222622982,-0.5427265129,-0.3902275802,0,1
1014,33800000000,0,1,1.199419072,-0.7353846699,1.194245172,0.7422341208,-0.04240252966,-0.5431799093,-0.3901872904,0,1
1015,33833333333,0,0,1.199682549,-0.7363331366,1.196442453,0.7425484697,-0.04227956506,-0.5430171611,-0.3898289001,0,1
1016,33866666667,0,0,1.199215682,-0.7370951918,1.199343108,0.7435876889,-0.04176993697,-0.5420514214,-0.3892465514,0,1
1017,33900000000,0,0,1.199057934,-0.7380179127,1.202154976,0.7455471718,-0.0416590481,-0.5405024582,-0.3876609742,0,1
1018,33933333333,0,0,1.198813867,-0.7384075267,1.204678753,0.7475558714,-0.04258184531,-0.5390284581,-0.3857399733,0,1
1019,33966666667,0,0,1.198546029,-0.7386996788,1.207026152,0.7483146404,-0.04454419075,-0.53863256,-0.384598465,0,1
1020,34000000000,0,0,1.197150335,-0.7396040321,1.209383662,0.7478351244,-0.0471125231,-0.5387791527,-0.3850195599,0,1
1021,34033333333,0,0,1.195194738,-0.7404715154,1.212604364,0.7469106287,-0.04848221663,-0.5391975915,-0.3860569189,0,1
1022,34066666667,0,0,1.192794473,-0.7415289282,1.215942951,0.7467499056,-0.04856742444,-0.5393178221,-0.3861891642,0,1
1023,34100000000,0,0,1.191927751,-0.7430784209,1.218828028,0.746908431,-0.04837497637,-0.5390671101,-0.3862567906,0,1
1024,34133333333,0,0,1.189379132,-0.7445960246,1.221533038,0.7468919237,-0.04740682569,-0.5385004209,-0.3871980681,0,1
1025,34166666667,0,0,1.187378115,-0.7459010857,1.22361168,0.7466045393,-0.04614996702,-0.5380610647,-0.3885127194,0,1
1026,34200000000,0,0,1.185729165,-0.7473266192,1.226149459,0.7457770709,-0.04538385426,-0.5380025978,-0.390269229,0,1
1027,34233333333,0,1,1.183042162,-0.7492878119,1.228159087,0.7449087615,-0.04464174765,-0.5380063391,-0.3920041204,0,1
1028,34266666667,0,0,1.181308679,-0.7502463332,1.229892385,0.7438531204,-0.04404957117,-0.5383977572,-0.3935352914,0,1
1029,34300000000,0,0,1.17951061,-0.7519965546,1.231527615,0.7425965583,-0.04409483659,-0.5388532764,-0.3952760346,0,1
1030,34333333333,0,0,1.176950368,-0.7533002835,1.233050726,0.7415995984,-0.04523101726,-0.5391730423,-0.3965811659,0,1
1031,34366666667,0,0,1.174546637,-0.7548183344,1.234603817,0.7404953184,-0.04664741592,-0.5398971965,-0.397494301,0,1
1032,34400000000,0,0,1.172804032,-0.7563719053,1.236361229,0.7387866969,-0.04828455721,-0.5409473073,-0.3990474016,0,1
1033,34433333333,0,0,1.1692651,-0.7575670732,1.238560515,0.7365668551,-0.04841853208,-0.54212856,-0.4015240194,0,1
1034,34466666667,0,0,1.167892628,-0.7591459104,1.240662109,0.7342504407,-0.04708244036,-0.5433572151,-0.4042554526,0,1
1035,34500000000,0,0,1.164046727,-0.760509491,1.242448531,0.7321623254,-0.04544159899,-0.5442283624,-0.4070489897,0,1
1036,34533333333,0,0,1.162354086,-0.7621196224,1.244129494,0.7306738136,-0.04398156448,-0.5456111785,-0.4080316678,0,1
1037,34566666667,0,0,1.160292367,-0.7633317607,1.246061953,0.7293382035,-0.0435368681,-0.5473638234,-0.4081215149,0,1
1038,34600000000,0,0,1.158905976,-0.7653000717,1.248112349,0.727987756,-0.04358228542,-0.5490132385,-0.408312228,0,1
1039,34633333333,0,0,1.156285632,-0.7672562464,1.250472145,0.7268654429,-0.04352034994,-0.5499430268,-0.4090663446,0,1
1040,34666666667,0,0,1.154784446,-0.7693918373,1.252812127,0.7257621951,-0.04292252899,-0.5506295683,-0.410163347,0,1
1041,34700000000,0,0,1.152700639,-0.7704830866,1.255295985,0.724951483,-0.04215249943,-0.5507317993,-0.4115373608,0,1
1042,34733333333,0,0,1.149591967,-0.7712723802,1.257527943,0.7249469711,-0.04160413832,-0.550569616,-0.4118180213,0,1
1043,34766666667,0,0,1.147775854,-0.7723756525,1.259454457,0.7249346121,-0.04190556406,-0.5512125131,-0.4109482903,0,1
1044,34800000000,0,1,1.146495648,-0.7734495783,1.261492171,0.7238960409,-0.04245421439,-0.5529396904,-0.4104020718,0,1
1045,34833333333,0,0,1.145401243,-0.7746922245,1.263642539,0.7224979945,-0.04387619878,-0.5546374681,-0.4104251529,0,1
1046,34866666667,0,0,1.143454097,-0.7754226485,1.265638485,0.7218217915,-0.04537236907,-0.555728936,-0.409975608,0,1
1047,34900000000,0,0,1.142137707,-0.7766234969,1.267492007,0.7213546721,-0.04668966752,-0.5563795323,-0.4097674073,0,1
1048,34933333333,0,0,1.140484163,-0.7771673414,1.269260199,0.7206931869,-0.04659008529,-0.5567375687,-0.4104558123,0,1
1049,34966666667,0,0,1.138396276,-0.7780985059,1.270990385,0.7197827827,-0.04569393781,-0.5572239816,-0.4114927023,0,1
1050,35000000000,0,0,1.136562742,-0.7790426045,1.272617308,0.719615904,-0.04562807887,-0.5577216927,-0.4111174316,0,1
1051,35033333333,0,0,1.135627012,-0.7799462251,1.274222576,0.7194011742,-0.04686764097,-0.5587623764,-0.4099389973,0,1
1052,35066666667,0,0,1.134159213,-0.7806142259,1.275795243,0.7185181128,-0.04885582766,-0.5602101272,-0.4092791749,0,1
1053,35100000000,0,0,1.131767966,-0.7814113002,1.277409389,0.7174457928,-0.05017873068,-0.561858176,-0.4087407729,0,1
1054,35133333333,0,0,1.130639419,-0.7826042037,1.278739503,0.715984395,-0.05050773503,-0.5636249736,-0.4088302874,0,1
1055,35166666667,0,0,1.128918677,-0.7834873871,1.280185695,0.7142046276,-0.05009646706,-0.5653151527,-0.4096594586,0,1
1056,35200000000,0,0,1.127944033,-0.7845479175,1.281739507,0.7120747503,-0.04980092223,-0.5674928181,-0.410391666,0,1
1057,35233333333,0,0,1.127060834,-0.7850979516,1.283278409,0.7094063944,-0.05003299529,-0.5699959882,-0.4115140829,0,1
1058,35266666667,0,0,1.125505119,-0.7859978093,1.28480535,0.7058293177,-0.05030623366,-0.5729219046,-0.4135634756,0,1
1059,35300000000,0,0,1.124543928,-0.7869261982,1.28683107,0.7017734854,-0.05052806634,-0.5763290051,-0.4156991312,0,1
1060,35333333333,0,0,1.1227568,-0.7882173016,1.289073232,0.6979674101,-0.05026156781,-0.5791699769,-0.4181834612,0,1
1061,35366666667,0,0,1.121969418,-0.7902377299,1.291587931,0.6949175556,-0.0501491684,-0.5815499454,-0.419969419,0,1
1062,35400000000,0,0,1.120953521,-0.7919769639,1.293816597,0.6925359415,-0.05069359825,-0.5832443825,-0.4214856097,0,1
1063,35433333333,0,0,1.119430135,-0.7937282527,1.296510319,0.6897740429,-0.05095222345,-0.585217829,-0.423244295,0,1
1064,35466666667,0,1,1.118930944,-0.7959189585,1.299075198,0.6864976617,-0.05070190251,-0.5873355756,-0.425660897,0,1
1065,35500000000,0,0,1.116815997,-0.797715653,1.301700703,0.6826353512,-0.04927620928,-0.5898131971,-0.4286038089,0,1
1066,35533333333,0,0,1.116272623,-0.800330329,1.304491568,0.6783902533,-0.04682963567,-0.5925761324,-0.431795295,0,1
1067,35566666667,0,0,1.114887286,-0.8028470955,1.307636345,0.6750191836,-0.04434510326,-0.5949002374,-0.4341385966,0,1
1068,35600000000,0,0,1.114330979,-0.8056923901,1.3104635,0.6726246043,-0.04275644054,-0.5972306514,-0.4348144174,0,1
1069,35633333333,0,0,1.11478975,-0.8086672586,1.313726918,0.6696973212,-0.04252301559,-0.6001891174,-0.4352818794,0,1
1070,35666666667,0,0,1.115326016,-0.8123979485,1.317694258,0.6658067196,-0.04400008578,-0.6033526264,-0.4367276185,0,1
1071,35700000000,0,0,1.114011307,-0.8154847826,1.321183991,0.6619736822,-0.04536131849,-0.6057131604,-0.4391409365,0,1
1072,35733333333,0,0,1.113516157,-0.8186934253,1.3247637,0.6581332138,-0.04431442351,-0.6076820889,-0.4422888011,0,1
1073,35766666667,0,0,1.112817171,-0.8223417401,1.328649303,0.6542196769,-0.04085336201,-0.6088743043,-0.4467658209,0,1
1074,35800000000,0,0,1.112672493,-0.8256336663,1.332721046,0.6517901505,-0.03756212496,-0.609403985,-0.4498727259,0,1
1075,35833333333,0,0,1.113018293,-0.8288329452,1.336881808,0.650574445,-0.0362724411,-0.609974222,-0.4509641339,0,1
1076,35866666667,0,0,1.113447069,-0.8319227249,1.34126304,0.6486741515,-0.0368884514,-0.6113458442,-0.4517934772,0,1
1077,35900000000,0,1,1.113984884,-0.8347336608,1.344665157,0.6462961555,-0.0374361508,-0.6125465101,-0.4535268316,0,1
1078,35933333333,0,0,1.11427267,-0.8377863309,1.348974704,0.6430184394,-0.03789031943,-0.6141359168,-0.4559919802,0,1
1079,35966666667,0,0,1.113917806,-0.8405359362,1.353135867,0.6405970926,-0.03767753574,-0.6151719791,-0.4580165983,0,1
1080,36000000000,0,0,1.114558963,-0.8440115768,1.357161204,0.6386224577,-0.03715618029,-0.6157594338,-0.4600229282,0,1
1081,36033333333,0,0,1.115313023,-0.8466404566,1.361509895,0.636786312,-0.03678166203,-0.616284928,-0.4618908851,0,1
1082,36066666667,0,0,1.116128628,-0.8491671296,1.36523645,0.6349957705,-0.03779972403,-0.6168368612,-0.4635340753,0,1
1083,36100000000,0,0,1.116755052,-0.8510782578,1.369743496,0.6326525043,-0.03993359682,-0.6179379386,-0.465090121,0,1
1084,36133333333,0,0,1.116907837,-0.8536705232,1.373521519,0.6298714805,-0.04123938795,-0.6190314671,-0.4672914226,0,1
1085,36166666667,0,0,1.11700772,-0.8562721857,1.377213078,0.6272636104,-0.04083168529,-0.6197302123,-0.4699016924,0,1
1086,36200000000,0,1,1.117443389,-0.8588366338,1.381998208,0.6257356548,-0.03934714794,-0.6200037781,-0.4717011845,0,1
1087,36233333333,0,0,1.117822343,-0.8610672269,1.385848698,0.6253819625,-0.03827558256,-0.619722646,-0.4726269383,0,1
1088,36266666667,0,0,1.118445261,-0.8630359348,1.390042323,0.6256662385,-0.03896945289,-0.6199816234,-0.4718537129,0,1
1089,36300000000,0,0,1.119581893,-0.864890771,1.393489957,0.6249205909,-0.0401039032,-0.6209927316,-0.4714169697,0,1
1090,36333333333,0,0,1.120152331,-0.8671385314,1.396865341,0.6236394709,-0.04143948446,-0.6218858013,-0.4718205481,0,1
1091,36366666667,0,0,1.120333132,-0.8687801969,1.400203793,0.6228259284,-0.04206356828,-0.6227018984,-0.4717635688,0,1
1092,36400000000,0,0,1.121454994,-0.8710166039,1.403597725,0.6220453346,-0.04228843515,-0.6233165854,-0.4719615707,0,1
1093,36433333333,0,0,1.121691399,-0.872697884,1.406433199,0.6213805612,-0.04233233177,-0.6236263651,-0.4724238866,0,1
1094,36466666667,0,0,1.122431376,-0.8741957194,1.409197002,0.6209844114,-0.0428508381,-0.623996252,-0.4724096146,0,1
1095,36500000000,0,0,1.122641645,-0.875644607,1.411615856,0.6203420624,-0.04329439525,-0.6246139732,-0.4723967669,0,1
1096,36533333333,0,0,1.122945108,-0.8770321661,1.413753293,0.619197362,-0.04324789947,-0.6255659708,-0.4726430602,0,1
1097,36566666667,0,0,1.123574641,-0.8784124277,1.415853478,0.6182496215,-0.04341541065,-0.6267812314,-0.4722581875,0,1
1098,36600000000,0,0,1.123744378,-0.8799498538,1.418006396,0.6172639239,-0.04414870672,-0.6280433426,-0.4718026067,0,1
1099,36633333333,0,0,1.124226681,-0.8811767651,1.420619995,0.6159480599,-0.04467175178,-0.6295112247,-0.4715167442,0,1
1100,36666666667,0,1,1.123474441,-0.8822477918,1.422935365,0.6150513797,-0.0448956582,-0.6303124836,-0.4715955399,0,1
1101,36700000000,0,0,1.123582571,-0.8840307511,1.425180228,0.61491194,-0.04515684559,-0.6307515506,-0.4711652011,0,1
1102,36733333333,0,0,1.12322613,-0.8850399975,1.42729498,0.6157231802,-0.0456482587,-0.6305366899,-0.4703452823,0,1
1103,36766666667,0,0,1.122591313,-0.8859790524,1.428775032,0.6163027376,-0.04575360853,-0.6305919187,-0.4695011981,0,1
1104,36800000000,0,0,1.122004134,-0.886463118,1.430063791,0.6155733789,-0.04480365277,-0.6313514638,-0.4695288885,0,1
1105,36833333333,0,0,1.122033382,-0.8874822657,1.431511541,0.6144687959,-0.0441618584,-0.6326761339,-0.4692533843,0,1
1106,36866666667,0,0,1.121904905,-0.8890858753,1.432993082,0.6138503186,-0.04451424978,-0.6332896921,-0.4692019115,0,1
1107,36900000000,0,0,1.120680365,-0.8901336116,1.434781122,0.6138953186,-0.04473849288,-0.6332579605,-0.4691645347,0,1
1108,36933333333,0,0,1.119905924,-0.891367712,1.436372339,0.6142739729,-0.04509839483,-0.6329409846,-0.4690621825,0,1
1109,36966666667,0,0,1.11831428,-0.8920854358,1.437870875,0.6150462122,-0.04607583366,-0.6322633061,-0.4688691567,0,1
1110,37000000000,0,0,1.117127997,-0.8926823385,1.439363142,0.6156956495,-0.04640165278,-0.6317485663,-0.4686784641,0,1
1111,37033333333,0,0,1.11576742,-0.892898825,1.440420353,0.6159905899,-0.04614078358,-0.631411781,-0.4687705025,0,1
1112,37066666667,0,0,1.114243452,-0.8937171775,1.441592372,0.6159468462,-0.04563436355,-0.6311881476,-0.4691785479,0,1
1113,37100000000,0,0,1.113192237,-0.8942451593,1.442359503,0.6163569215,-0.04506649994,-0.6309926161,-0.4689578598,0,1
1114,37133333333,0,0,1.112545887,-0.8946732293,1.443318616,0.6168042114,-0.04553057285,-0.630890443,-0.4684621443,0,1
1115,37166666667,0,0,1.111750079,-0.8950252739,1.44385757,0.6167114694,-0.04592876865,-0.6309876283,-0.4684144796,0,1
1116,37200000000,0,0,1.110385257,-0.8955058345,1.444975941,0.6157786323,-0.0458996642,-0.6314764363,-0.4689855085,0,1
1117,37233333333,0,0,1.108981666,-0.895993361,1.44594935,0.6149795087,-0.04483138802,-0.6317270053,-0.4697992564,0,1
1118,37266666667,0,0,1.107209916,-0.8962487394,1.447057289,0.614398706,-0.04310072167,-0.6320294598,-0.4703140651,0,1
1119,37300000000,0,0,1.106412653,-0.8969880179,1.448177706,0.6139674512,-0.04173378942,-0.6326229978,-0.4702025121,0,1
1120,37333333333,0,1,1.105053513,-0.8974276236,1.448921803,0.6138666271,-0.04160434652,-0.6330000341,-0.4698380565,0,1
1121,37366666667,0,0,1.104139886,-0.8979947915,1.449881231,0.6135779996,-0.04229476211,-0.6334989483,-0.4694808558,0,1
1122,37400000000,0,0,1.10318738,-0.8989219359,1.451137359,0.6128595614,-0.04296769906,-0.6337847202,-0.4699721942,0,1
1123,37433333333,0,0,1.101509145,-0.8991153501,1.45242009,0.6122932653,-0.0434002595,-0.6336801664,-0.4708108127,0,1
1124,37466666667,0,0,1.100311814,-0.9002467591,1.453720254,0.6114834686,-0.04421166876,-0.6336110823,-0.4718795316,0,1
1125,37500000000,0,0,1.098758652,-0.9004874748,1.455025985,0.6099996019,-0.04385829559,-0.6334507897,-0.4740432813,0,1
1126,37533333333,0,0,1.097504447,-0.9014552448,1.456626351,0.6083758866,-0.04300506304,-0.6330526534,-0.4767322972,0,1
1127,37566666667,0,0,1.095862044,-0.9017978003,1.458188075,0.6074480979,-0.04236161409,-0.6324528738,-0.4787647277,0,1
1128,37600000000,0,0,1.094019439,-0.9026094855,1.4596504,0.6067194369,-0.04190675754,-0.6318206442,-0.480560113,0,1
1129,37633333333,0,0,1.092789362,-0.9036091367,1.461701501,0.6059171658,-0.04145299778,-0.6313865969,-0.4821794297,0,1
1130,37666666667,0,0,1.090869871,-0.9041791978,1.46348533,0.6054281533,-0.0413106351,-0.6308173052,-0.4835490773,0,1
1131,37700000000,0,0,1.09009873,-0.9054339726,1.465620194,0.6050020956,-0.04165007428,-0.6306568496,-0.4842619887,0,1
1132,37733333333,0,0,1.089344228,-0.9067364494,1.467888111,0.6041406876,-0.04291226605,-0.6307808104,-0.4850650846,0,1
1133,37766666667,0,0,1.088300946,-0.9076865342,1.469847755,0.6027031785,-0.0442155891,-0.6307933935,-0.4867171201,0,1
1134,37800000000,0,0,1.086911466,-0.908611848,1.471411281,0.6007446125,-0.04439528409,-0.6305883217,-0.4893805655,0,1
1135,37833333333,0,0,1.085530137,-0.9092731589,1.473648844,0.5986377686,-0.04366515159,-0.6306613832,-0.4919272267,0,1
1136,37866666667,0,1,1.086074536,-0.9117298201,1.475888828,0.5960456227,-0.04390892081,-0.630863067,-0.4947862296,0,1
1137,37900000000,0,0,1.084142112,-0.9120599624,1.478134706,0.5933012821,-0.04438427409,-0.6306422357,-0.4983111432,0,1
1138,37933333333,0,0,1.081960982,-0.9131939313,1.480596315,0.5911863209,-0.04505209635,-0.6305545709,-0.5008692202,0,1
1139,37966666667,0,0,1.080351727,-0.9147272457,1.483455448,0.5898394035,-0.04602937443,-0.6306167721,-0.5022880264,0,1
1140,38000000000,0,0,1.078152264,-0.9157123362,1.485856731,0.5896854606,-0.04697015743,-0.6302466826,-0.5028458819,0,1
1141,38033333333,0,0,1.076356181,-0.9176353086,1.488770715,0.589447563,-0.04748527023,-0.6305182897,-0.5027359206,0,1
1142,38066666667,0,0,1.074976799,-0.9196418536,1.491455621,0.588520426,-0.04712354694,-0.6309186932,-0.5033534365,0,1
1143,38100000000,0,0,1.074267102,-0.9222491779,1.494657241,0.5870156618,-0.04590402191,-0.631626961,-0.5043340319,0,1
1144,38133333333,0,0,1.073438779,-0.9254034622,1.497337235,0.5857203861,-0.04488536884,-0.6314037731,-0.506207673,0,1
1145,38166666667,0,1,1.07093629,-0.9265892928,1.498599197,0.5858734888,-0.04253258203,-0.6296779242,-0.508378743,0,1
1146,38200000000,0,0,1.069619671,-0.9291437413,1.501802783,0.5866726391,-0.03969802417,-0.6284622745,-0.509189995,0,1
1147,38233333333,0,0,1.067967888,-0.9314345222,1.5042111,0.5884164974,-0.03843999162,-0.6272354489,-0.508786875,0,1
1148,38266666667,0,0,1.066863641,-0.9340738753,1.50722827,0.588900543,-0.03856595478,-0.6274442531,-0.5079591784,0,1
1149,38300000000,0,0,1.065082341,-0.9363093316,1.509773258,0.5880059935,-0.03868167839,-0.6281755162,-0.5080828675,0,1
1150,38333333333,0,0,1.06322385,-0.9392409258,1.511510861,0.5868468703,-0.03753312277,-0.6288268086,-0.508703116,0,1
1151,38366666667,0,0,1.060777798,-0.942175401,1.513879284,0.5858459884,-0.0350089403,-0.6292159033,-0.5095549029,0,1
1152,38400000000,0,0,1.058743191,-0.9454651263,1.515819221,0.5860462685,-0.03112522516,-0.6292365706,-0.5095511061,0,1
1153,38433333333,0,0,1.056904413,-0.9475931908,1.518069,0.5868136258,-0.0273097126,-0.6295651093,-0.5084798141,0,1
1154,38466666667,0,0,1.055826474,-0.950500367,1.52031576,0.5873458518,-0.02537365886,-0.6307476428,-0.5064962379,0,1
1155,38500000000,0,0,1.054682861,-0.9520867908,1.522268475,0.5875056744,-0.02539705564,-0.6322068289,-0.5044864692,0,1
1156,38533333333,0,0,1.052873876,-0.953936967,1.522861031,0.5862120356,-0.02506677471,-0.6341336312,-0.5035887646,0,1
1157,38566666667,0,0,1.050895129,-0.9557436506,1.52317876,0.5836554023,-0.02316633916,-0.6366941534,-0.5034185606,0,1
1158,38600000000,0,0,1.049502288,-0.957779799,1.523421746,0.5808112095,-0.02053699744,-0.6393296461,-0.5034820496,0,1
1159,38633333333,0,0,1.047805356,-0.9592952019,1.522841469,0.5789980557,-0.01816980913,-0.6412555847,-0.5032120673,0,1
1160,38666666667,0,0,1.045859614,-0.9605183918,1.522642396,0.5782846799,-0.01646749133,-0.6430491148,-0.5018002458,0,1
1161,38700000000,0,0,1.045869657,-0.962621327,1.52302092,0.5771246309,-0.01599084328,-0.6455048859,-0.4999948957,0,1
1162,38733333333,0,1,1.045075626,-0.9586732948,1.52043926,0.5766496999,-0.01648271376,-0.6470758888,-0.4984939698,0,1
1163,38766666667,0,0,1.043206482,-0.9574775095,1.518939519,0.5743184795,-0.02032805833,-0.6511754858,-0.4956970251,0,1
1164,38800000000,0,0,1.04218769,-0.9590713196,1.517388715,0.5689230651,-0.02547898095,-0.6565280868,-0.4946192867,0,1
1165,38833333333,0,0,1.038221712,-0.9626225812,1.514546287,0.5630106628,-0.02818527011,-0.6610132948,-0.4952635745,0,1
1166,38866666667,0,0,1.036185915,-0.9665356723,1.512812239,0.5596193759,-0.02849039085,-0.66474134,-0.4940985758,0,1
1167,38900000000,0,0,1.033907777,-0.9694208006,1.510829168,0.557607753,-0.02708418022,-0.6672548245,-0.493062917,0,1
1168,38933333333,0,0,1.031295067,-0.9723309281,1.508097123,0.5559329724,-0.02405395987,-0.669516677,-0.4920440595,0,1
1169,38966666667,0,0,1.029643593,-0.9753290575,1.506074958,0.553892645,-0.01978276628,-0.6719106288,-0.4912715002,0,1
1170,39000000000,0,1,1.028572864,-0.9776062502,1.504650438,0.5516277385,-0.01434679899,-0.6747662692,-0.4900933478,0,1
1171,39033333333,0,0,1.027769374,-0.9808846061,1.502454289,0.5497616806,-0.009893646827,-0.6772593349,-0.4888599018,0,1
1172,39066666667,0,0,1.028140971,-0.9844193128,1.50124188,0.54652038,-0.007159820994,-0.6800694371,-0.4886407391,0,1
1173,39100000000,0,0,1.027073534,-0.9872625843,1.499466364,0.5417876363,-0.006326059443,-0.6825182215,-0.4905048578,0,1
1174,39133333333,0,0,1.024579241,-0.9882867313,1.497054774,0.5374362948,-0.007880368414,-0.6850428902,-0.4917482764,0,1
1175,39166666667,0,0,1.021725749,-0.9917617596,1.493990998,0.5322933946,-0.01014562678,-0.688335505,-0.4927017768,0,1
1176,39200000000,0,0,1.019105307,-0.996082005,1.492051022,0.5268025211,-0.009687878734,-0.6910422715,-0.4948189848,0,1
1177,39233333333,0,0,1.017018614,-0.9997880757,1.490893238,0.5230570345,-0.008289940547,-0.6925776605,-0.4966676954,0,1
1178,39266666667,0,0,1.012491276,-1.000651866,1.489070397,0.5222799441,-0.007667862218,-0.6932195016,-0.4966000266,0,1
1179,39300000000,0,0,1.010189931,-1.003974547,1.488239957,0.5221358186,-0.00716659016,-0.6948546831,-0.4944692066,0,1
1180,39333333333,0,0,1.009104192,-1.008043915,1.488180305,0.5195624404,-0.005939675221,-0.696413449,-0.4950029281,0,1
1181,39366666667,0,0,1.006239749,-1.011225253,1.487101982,0.5166943548,-0.005237139708,-0.6969506808,-0.4972517115,0,1
1182,39400000000,0,1,1.004685401,-1.012109941,1.486457498,0.514802046,-0.004789079879,-0.6980058605,-0.497738623,0,1
1183,39433333333,0,0,1.004304017,-1.017150061,1.486521333,0.5110890646,-0.007382800266,-0.6997418959,-0.4990939205,0,1
1184,39466666667,0,0,1.003894585,-1.024368659,1.487900675,0.5049913454,-0.0113165069,-0.7002636493,-0.5044665492,0,1
1185,39500000000,0,0,0.9986461326,-1.027170037,1.486314269,-0.4980806516,0.01241475724,0.6981282443,0.5141774915,0,1
1186,39533333333,0,0,0.9890093852,-1.02640006,1.483107907,-0.4940810646,0.01184959637,0.6971858749,0.5193027484,0,1
1187,39566666667,0,0,0.9845367951,-1.031102531,1.481874913,-0.4922004645,0.01109059414,0.6983675731,0.5195175015,0,1
1188,39600000000,0,1,0.9814301081,-1.036843656,1.480902246,-0.4914513216,0.009104831102,0.6988629496,0.5195991514,0,1
1189,39633333333,0,0,0.9758260894,-1.038830064,1.478869457,-0.4921680894,0.005783192249,0.699651699,0.5179040709,0,1
1190,39666666667,0,0,0.9757914233,-1.045388806,1.47908436,-0.4912577529,0.003797952155,0.7021871193,0.5153490518,0,1
1191,39700000000,0,0,0.9727475398,-1.050912013,1.478787601,-0.4881683951,0.001931434125,0.7035429912,0.5164447184,0,1
1192,39733333333,0,0,0.9681148979,-1.054242046,1.477053361,-0.486024333,0.0004863935833,0.7049242717,0.5165867617,0,1
1193,39766666667,0,0,0.9667010451,-1.060315819,1.477254576,-0.483096472,0.0008644062363,0.7074546119,0.5158730694,0,1
1194,39800000000,0,0,0.9616502332,-1.064361876,1.475942622,-0.4802386584,0.001479914501,0.7091986188,0.5161452896,0,1
1195,39833333333,0,0,0.9584431598,-1.069973059,1.475245894,-0.4788636227,0.00180131068,0.7108886659,0.5150958074,0,1
1196,39866666667,0,0,0.9552890165,-1.075922074,1.474957364,-0.4778915739,0.0017855982,0.7119990404,0.514464597,0,1
1197,39900000000,0,1,0.9538294798,-1.081808093,1.47527068,-0.4769533989,0.001813747764,0.712514395,0.514621611,0,1
1198,39933333333,0,0,0.9517180193,-1.086343414,1.474833958,-0.4746944643,0.002469444612,0.7128818422,0.5161962287,0,1
1199,39966666667,0,0,0.9489267878,-1.090142532,1.47504853,-0.4714126055,0.002691877779,0.7130262577,0.518995631,0,1
1200,40000000000,0,0,0.9463113828,-1.09390494,1.474325466,-0.4685647164,0.004129575055,0.7129449675,0.5216699401,0,1
1201,40033333333,0,0,0.9425658623,-1.096404612,1.473920124,-0.4654866114,0.006191586808,0.7134581858,0.5236996238,0,1
1202,40066666667,0,0,0.9414883669,-1.102104488,1.474667339,-0.4616843593,0.008338142721,0.7142503986,0.5259509444,0,1
1203,40100000000,0,0,0.9374841688,-1.103901141,1.474330679,-0.4580090724,0.009166722019,0.7134901537,0.5301655038,0,1
1204,40133333333,0,0,0.9326216476,-1.105938921,1.473346473,-0.455046426,0.007974485043,0.7135528401,0.5326457568,0,1
1205,40166666667,0,0,0.9299288752,-1.110146352,1.473459853,-0.4535717423,0.005956012023,0.7133913011,0.534144224,0,1
1206,40200000000,0,0,0.925940312,-1.112834868,1.47274784,-0.4546218597,0.003601861414,0.7126432083,0.534271138,0,1
1207,40233333333,0,1,0.9247952893,-1.117430729,1.472659701,-0.456676714,0.001094247862,0.7125374862,0.5326682947,0,1
1208,40266666667,0,0,0.9234278809,-1.121173176,1.472682655,-0.4582739902,-0.001660421341,0.7120909472,0.5318916016,0,1
1209,40300000000,0,0,0.9228726128,-1.12564473,1.472523895,-0.4590188554,-0.004996293406,0.7116341447,0.5318397987,0,1
1210,40333333333,0,0,0.9225794156,-1.130211492,1.472677421,-0.4585532232,-0.007373575675,0.7111728708,0.5328299164,0,1
1211,40366666667,0,0,0.9212022727,-1.133551864,1.471890168,-0.4576732413,-0.008465386321,0.7109429292,0.5338761025,0,1
1212,40400000000,0,0,0.9198287836,-1.1376178,1.471438821,-0.4569041229,-0.007295543399,0.7111802841,0.5342359039,0,1
1213,40433333333,0,0,0.9197422342,-1.14051588,1.471014741,-0.4564592158,-0.005096691161,0.7119585771,0.5336047157,0,1
1214,40466666667,0,1,0.9202944402,-1.141778081,1.4719994,-0.4537325816,-0.0003029982574,0.7139470485,0.5332975385,0,1
1215,40500000000,0,0,0.9173693346,-1.143130456,1.471268347,-0.4480426533,0.004610437783,0.7161952011,0.5350709847,0,1
1216,40533333333,0,0,0.9152935543,-1.147543818,1.470812272,-0.442167248,0.007732696011,0.7190009722,0.5361584954,0,1
1217,40566666667,0,0,0.910982078,-1.151998798,1.470532416,-0.4378998783,0.008445626332,0.7204586697,0.5376910574,0,1
1218,40600000000,0,0,0.9065941493,-1.157359304,1.468859317,-0.4383479723,0.00558402986,0.7200365985,0.5379285926,0,1
1219,40633333333,0,0,0.9046236566,-1.16334425,1.468418817,-0.4424340096,0.00182825659,0.7192188948,0.5356985962,0,1
1220,40666666667,0,1,0.9042226728,-1.170555775,1.468228989,-0.4475132162,-0.0002829771185,0.7180126438,0.5330944425,0,1
1221,40700000000,0,0,0.9031035417,-1.17348886,1.466762558,-0.4520219774,-0.002835712087,0.7168034959,0.5309056779,0,1
1222,40733333333,0,0,0.9032368379,-1.176955458,1.466067892,-0.454794227,-0.004489024539,0.7172894737,0.5278616019,0,1
1223,40766666667,0,0,0.9032388027,-1.179697889,1.466116988,-0.4553809969,-0.005613780144,0.7182758702,0.5260003874,0,1
1224,40800000000,0,0,0.901372382,-1.182108628,1.464723633,-0.4551169202,-0.006720156119,0.7190609796,0.5251425864,0,1
1225,40833333333,0,0,0.9000656248,-1.186433112,1.464698955,-0.4547937184,-0.007526867112,0.7204308323,0.5235316951,0,1
1226,40866666667,0,0,0.8994690724,-1.190146941,1.464181295,-0.4551827483,-0.009390657117,0.7208792423,0.5225453083,0,1
1227,40900000000,0,0,0.8988771165,-1.192963905,1.463747173,-0.4553074034,-0.01168929249,0.7213391865,0.5217550257,0,1
1228,40933333333,0,0,0.8971746315,-1.194729197,1.462636598,-0.4555805885,-0.01485680566,0.7217573351,0.52085694,0,1
1229,40966666667,0,0,0.8973666751,-1.196918096,1.462421304,-0.4564615742,-0.01750358623,0.7228166851,0.5185291656,0,1
1230,41000000000,0,0,0.8976993377,-1.197545888,1.461011196,-0.4564486266,-0.01927629955,0.7240052728,0.516816641,0,1
1231,41033333333,0,1,0.8988302341,-1.200824783,1.461383092,-0.4550117821,-0.01966263909,0.7269199855,0.5139698371,0,1
1232,41066666667,0,0,0.8980153462,-1.202685312,1.460344304,-0.4528605006,-0.0190238488,0.7296284293,0.5120525514,0,1
1233,41100000000,0,0,0.8964105093,-1.204941687,1.458843462,-0.4511755612,-0.01904298235,0.7328802333,0.5088855878,0,1
1234,41133333333,0,0,0.8957024518,-1.207099351,1.45778677,-0.4496210061,-0.02010770012,0.7369175476,0.5043700619,0,1
1235,41166666667,0,0,0.8950271892,-1.210584769,1.456476625,-0.4481578295,-0.02073855632,0.7413194866,0.4991692008,0,1
1236,41200000000,0,0,0.8944779094,-1.213067851,1.456442579,-0.4474103683,-0.02204502272,0.7458921825,0.4929328873,0,1
1237,41233333333,0,0,0.8961710375,-1.216543719,1.457713208,-0.4471895233,-0.0230010836,0.7495464813,0.4875167205,0,1
1238,41266666667,0,0,0.8967395682,-1.219744597,1.458457852,-0.4465608813,-0.02385983576,0.7516897241,0.4847438976,0,1
1239,41300000000,0,1,0.8946188407,-1.222093009,1.457568364,-0.4460604021,-0.02657396101,0.7524132676,0.4839403032,0,1
1240,41333333333,0,0,0.8938168807,-1.223830099,1.456522586,-0.4480148004,-0.02942002741,0.7526227641,0.4816390511,0,1
1241,41366666667,0,0,0.8953127433,-1.224604012,1.456768619,-0.4509092219,-0.03063834724,0.7525934749,0.4789000176,0,1
1242,41400000000,0,0,0.8945299872,-1.225381332,1.455728264,-0.4521817394,-0.03145464147,0.752304714,0.4781003005,0,1
1243,41433333333,0,0,0.8941495536,-1.226427202,1.455131845,-0.453161112,-0.03258168645,0.7522677743,0.4771547296,0,1
1244,41466666667,0,0,0.8926807116,-1.226826755,1.454169463,-0.4546451576,-0.03339368602,0.751699219,0.4765825496,0,1
1245,41500000000,0,0,0.8916010078,-1.227543796,1.452130747,-0.4565956842,-0.03422430786,0.7517405935,0.4745894626,0,1
1246,41533333333,0,0,0.8912711598,-1.228954167,1.451652295,-0.4577734383,-0.03454967325,0.7524121336,0.4723619169,0,1
1247,41566666667,0,0,0.8900441266,-1.229350864,1.45061747,-0.4584581092,-0.03601041446,0.7531936155,0.4703390158,0,1
1248,41600000000,0,0,0.8897908207,-1.230240526,1.44965284,-0.4588208015,-0.03805398538,0.7535616979,0.4692335598,0,1
1249,41633333333,0,0,0.8881804357,-1.231573171,1.448019596,-0.4588067845,-0.03975429319,0.7540628706,0.4683002433,0,1
1250,41666666667,0,0,0.8866894887,-1.23333662,1.447029618,-0.4592679245,-0.04177193235,0.7547862359,0.4665038235,0,1
1251,41700000000,0,0,0.8855271363,-1.234934904,1.444911845,-0.4606472001,-0.0432119755,0.7548462519,0.4649129147,0,1
1252,41733333333,0,0,0.8849173827,-1.236305481,1.443132053,-0.4620295241,-0.04356584423,0.7560367971,0.4615615858,0,1
1253,41766666667,0,0,0.8844722664,-1.238695053,1.441137266,-0.4627420325,-0.04296048992,0.7577813389,0.4580301846,0,1
1254,41800000000,0,0,0.8820092888,-1.241115172,1.440546629,-0.4625083096,-0.04347898013,0.7596316859,0.4551432122,0,1
1255,41833333333,0,1,0.8785958624,-1.245487829,1.438426532,-0.4639628629,-0.04605654298,0.7599211552,0.4529206272,0,1
1256,41866666667,0,0,0.878412717,-1.246478498,1.438616969,-0.4674939158,-0.04861717643,0.7594175477,0.4498564184,0,1
1257,41900000000,0,0,0.8775644067,-1.247551911,1.438470569,-0.4702801819,-0.05199126295,0.758262777,0.4485209249,0,1
1258,41933333333,0,0,0.8776318488,-1.247485597,1.436612466,-0.4729376095,-0.05493381011,0.7569233417,0.4476375194,0,1
1259,41966666667,0,0,0.8777891014,-1.247141417,1.436638934,-0.4741088166,-0.0560396448,0.7569794623,0.4461641872,0,1
1260,42000000000,0,0,0.8780932079,-1.246011701,1.437383585,-0.4743471971,-0.05599352161,0.7569101608,0.4460341586,0,1
1261,42033333333,0,0,0.8763057548,-1.245383949,1.437257181,-0.4742812441,-0.05610839692,0.756190132,0.4473093264,0,1
1262,42066666667,0,0,0.8751337411,-1.243897423,1.437685134,-0.4748835451,-0.05684983913,0.7553021617,0.4480762869,0,1
1263,42100000000,0,0,0.8758276532,-1.242214182,1.438098676,-0.4753924586,-0.05624746363,0.7546269933,0.4487497455,0,1
1264,42133333333,0,0,0.8757950371,-1.239227846,1.439698785,-0.4750146477,-0.05340749355,0.7546631772,0.4494354382,0,1
1265,42166666667,0,0,0.8747672569,-1.236790565,1.440837514,-0.4726965689,-0.05181883081,0.7547865509,0.4518517733,0,1
1266,42200000000,0,0,0.8737256093,-1.234772057,1.442446428,-0.4702260859,-0.05231504949,0.7539083908,0.45582091,0,1
1267,42233333333,0,0,0.8714331645,-1.232598913,1.443420434,-0.4685659289,-0.05387559396,0.7525405432,0.4595934307,0,1
1268,42266666667,0,0,0.8708965853,-1.230730116,1.445368483,-0.4675296503,-0.05671934468,0.7507234806,0.4632636375,0,1
1269,42300000000,0,0,0.869183941,-1.228619274,1.446231654,-0.4673208884,-0.05965214561,0.7482872027,0.4670321948,0,1
1270,42333333333,0,0,0.8690577447,-1.22585509,1.447924223,-0.4671593816,-0.06278994588,0.7468218812,0.4691232382,0,1
1271,42366666667,0,0,0.8701308084,-1.223050115,1.450132661,-0.4660947559,-0.06355553221,0.7463893009,0.4707646804,0,1
1272,42400000000,0,0,0.8692140726,-1.220546152,1.452074856,-0.4640420782,-0.06198261751,0.7463773674,0.4730157822,0,1
1273,42433333333,0,0,0.8682193027,-1.218675214,1.454593585,-0.4609630229,-0.06045938479,0.7471243535,0.4750399506,0,1
1274,42466666667,0,0,0.8662358347,-1.21707064,1.457417394,-0.4577695474,-0.05995617269,0.7476359371,0.4773811939,0,1
1275,42500000000,0,1,0.8653181754,-1.216023068,1.461455049,-0.4561052046,-0.05975349299,0.7480283834,0.4783838417,0,1
1276,42533333333,0,0,0.8638068375,-1.215557921,1.464883365,-0.454800602,-0.05976699066,0.7477706483,0.4800243502,0,1
1277,42566666667,0,0,0.8636123645,-1.214330638,1.467626383,-0.4539395705,-0.06039171486,0.7480507955,0.4803245927,0,1
1278,42600000000,0,0,0.8646962955,-1.211771706,1.472648947,-0.4517877826,-0.0598813835,0.7487373344,0.4813464693,0,1
1279,42633333333,0,0,0.8629449958,-1.211010796,1.475499881,-0.4483914171,-0.05915589119,0.7489323193,0.4842995961,0,1
1280,42666666667,0,0,0.8605544511,-1.211184017,1.478669497,-0.4458424283,-0.05897811154,0.7488163105,0.4868472497,0,1
1281,42700000000,0,0,0.8587933377,-1.211389587,1.481646007,-0.4449694499,-0.06074685498,0.7484131017,0.4880469623,0,1
1282,42733333333,0,0,0.8595817552,-1.210941133,1.485819922,-0.4438013386,-0.06245435319,0.7485496162,0.4886852747,0,1
1283,42766666667,0,0,0.8595482294,-1.210910632,1.489789047,-0.4411635191,-0.0630430078,0.7490149593,0.4902824893,0,1
1284,42800000000,0,0,0.8592078685,-1.211042721,1.492948711,-0.438146164,-0.06323554339,0.7494653339,0.4922711837,0,1
1285,42833333333,0,0,0.8581925224,-1.211234442,1.497394106,-0.4349812275,-0.06316519611,0.7502631246,0.4938691462,0,1
1286,42866666667,0,0,0.8578487181,-1.211432899,1.501456019,-0.432295807,-0.06276836117,0.7509811266,0.4951846278,0,1
1287,42900000000,0,0,0.8571022293,-1.211441152,1.505455372,-0.4296277778,-0.0612990683,0.7517568646,0.4965118461,0,1
1288,42933333333,0,0,0.8561101822,-1.212203247,1.508672312,-0.4273854781,-0.05963078561,0.7522933437,0.4978358641,0,1
1289,42966666667,0,1,0.8548017327,-1.212627889,1.516717371,-0.4246165549,-0.05712235883,0.7539286758,0.4980254704,0,1
1290,43000000000,0,0,0.853376228,-1.212849123,1.520114113,-0.422552847,-0.05463996045,0.7546568424,0.4989555254,0,1
1291,43033333333,0,0,0.8520482635,-1.214174152,1.525551187,-0.4203131465,-0.05110353443,0.7559006194,0.4993391045,0,1
1292,43066666667,0,0,0.8498018198,-1.215287209,1.530265425,-0.4189958578,-0.04727134107,0.7562475377,0.5002974647,0,1
1293,43100000000,0,0,0.8467494878,-1.215843101,1.534282113,-0.4189137999,-0.04494503139,0.7560923018,0.5008149394,0,1
1294,43133333333,0,0,0.8451939964,-1.216094185,1.539644114,-0.419227322,-0.04501586533,0.7559944027,0.5006940058,0,1
1295,43166666667,0,0,0.8434122715,-1.216603578,1.544059108,-0.4197663983,-0.04569310957,0.7550029062,0.5016761129,0,1
1296,43200000000,0,0,0.8424758646,-1.217047154,1.548557775,-0.4209420211,-0.04585285815,0.7542942925,0.5017424145,0,1
1297,43233333333,0,0,0.8417902038,-1.216253725,1.553025539,-0.4218047005,-0.04551821368,0.7536123249,0.5020730531,0,1
1298,43266666667,0,0,0.8413479671,-1.215496172,1.557625646,-0.4220012142,-0.04489748121,0.75326297,0.5024878998,0,1
1299,43300000000,0,1,0.8388419869,-1.212733213,1.565230401,-0.4209072227,-0.04489942952,0.7533972892,0.5032034139,0,1
1300,43333333333,0,0,0.8369650098,-1.212889723,1.569157038,-0.4207400912,-0.04471961134,0.7525766054,0.5045853595,0,1
1301,43366666667,0,0,0.8357340721,-1.212971624,1.574188071,-0.4206771183,-0.04504409818,0.7516777106,0.5059470434,0,1
1302,43400000000,0,0,0.834279369,-1.212445838,1.577717106,-0.4213502551,-0.04556974798,0.7502506028,0.5074558046,0,1
1303,43433333333,0,0,0.8331371046,-1.211882803,1.581241171,-0.4221772804,-0.04498649432,0.7491667435,0.5084208392,0,1
1304,43466666667,0,0,0.8313996058,-1.212105524,1.585557616,-0.4229380314,-0.04398542117,0.7483339158,0.5091022046,0,1
1305,43500000000,0,0,0.8301924071,-1.212567613,1.589453082,-0.4243401112,-0.04440886822,0.746747132,0.5102274427,0,1
1306,43533333333,0,0,0.8292950659,-1.211860313,1.593406572,-0.4256887662,-0.0449950081,0.7453614586,0.5110780953,0,1
1307,43566666667,0,0,0.8289170945,-1.21185584,1.597281179,-0.4267825517,-0.04607634638,0.7439479649,0.512127962,0,1
1308,43600000000,0,0,0.8287266737,-1.210993493,1.600238021,-0.4278906009,-0.04635128682,0.7426891926,0.5130048295,0,1
1309,43633333333,0,0,0.8286945853,-1.210605148,1.604249704,-0.4283879561,-0.04598729128,0.7421065657,0.5134654548,0,1
1310,43666666667,0,0,0.8286775171,-1.210557836,1.607850986,-0.4288706547,-0.04587602846,0.7412202526,0.5143519113,0,1
1311,43700000000,0,0,0.8289595516,-1.209350718,1.611816185,-0.4288880139,-0.04624693664,0.7403892009,0.5154998774,0,1
1312,43733333333,0,1,0.8280640625,-1.208038653,1.619236916,-0.4271258054,-0.04807686356,0.7403423271,0.5168611034,0,1
1313,43766666667,0,0,0.8284258516,-1.20762456,1.62344719,-0.4266539305,-0.04947184771,0.7391889974,0.5187664079,0,1
1314,43800000000,0,0,0.8283080694,-1.20733132,1.627028829,-0.4264763514,-0.05108532105,0.7372907074,0.5214505005,0,1
1315,43833333333,0,0,0.8283841771,-1.206702135,1.63066785,-0.4270572852,-0.05243645119,0.7356531269,0.5231510017,0,1
1316,43866666667,0,0,0.8290814733,-1.205972956,1.634962586,-0.4276668808,-0.05321219165,0.7343025165,0.5244705101,0,1
1317,43900000000,0,0,0.8298090842,-1.205059139,1.638503577,-0.4282029951,-0.05379308049,0.7327963721,0.5260779186,0,1
1318,43933333333,0,0,0.8303446151,-1.203808842,1.642045276,-0.4282958902,-0.05330890113,0.7320288853,0.5271190591,0,1
1319,43966666667,0,0,0.8311651707,-1.203242095,1.645892621,-0.4278273377,-0.05219794064,0.7316194592,0.5281781054,0,1
1320,44000000000,0,0,0.8315223854,-1.202993789,1.650377605,-0.4268332373,-0.05019347305,0.7317862498,0.5289450703,0,1
1321,44033333333,0,0,0.8312459909,-1.203807413,1.65434583,-0.425971585,-0.04795539584,0.7315990608,0.5301049924,0,1
1322,44066666667,0,0,0.8314294541,-1.203746039,1.659123303,-0.4257381207,-0.0460423722,0.7313823646,0.5307607648,0,1
1323,44100000000,0,0,0.8304075961,-1.204579098,1.662939354,-0.425580461,-0.04384903881,0.7306961112,0.5320166596,0,1
1324,44133333333,0,0,0.8292272487,-1.205291606,1.666610228,-0.425939476,-0.04237708917,0.7300018147,0.5328011784,0,1
1325,44166666667,0,0,0.82877093,-1.205270319,1.670273681,-0.4262650288,-0.04176927249,0.7298668166,0.5327737636,0,1
1326,44200000000,0,1,0.8271434319,-1.202642877,1.679407255,-0.4247900918,-0.04286348035,0.7317879185,0.5312273923,0,1
1327,44233333333,0,0,0.8277787237,-1.202415282,1.684768366,-0.42473279,-0.0419605245,0.7326151478,0.5302041274,0,1
1328,44266666667,0,0,0.8275901175,-1.203443352,1.690077023,-0.4238520533,-0.03967106378,0.7327137852,0.5309483522,0,1
1329,44300000000,0,0,0.8260721995,-1.203549043,1.693635548,-0.4236473625,-0.03671126571,0.7314512799,0.5330611788,0,1
1330,44333333333,0,0,0.824796107,-1.202926591,1.697628337,-0.4241868874,-0.03305705484,0.7304203495,0.5342834722,0,1
1331,44366666667,0,0,0.823337573,-1.202397257,1.701670663,-0.4238403449,-0.03074626496,0.7293515359,0.5361533048,0,1
1332,44400000000,0,0,0.8216855541,-1.20324263,1.705621393,-0.4233586902,-0.02941622919,0.7275524363,0.5390450421,0,1
1333,44433333333,0,0,0.8201841227,-1.20145557,1.707421798,-0.4246370136,-0.02850198158,0.7250355991,0.5414743058,0,1
1334,44466666667,0,1,0.8192101705,-1.199704817,1.713026248,-0.425513701,-0.02661995004,0.724201023,0.5419984749,0,1
1335,44500000000,0,0,0.8187924566,-1.198438048,1.717680307,-0.4257015395,-0.02469141134,0.7228926687,0.5436862358,0,1
1336,44533333333,0,0,0.8170713631,-1.194810478,1.718612922,-0.4260906059,-0.02351915315,0.7211122552,0.5457936977,0,1
1337,44566666667,0,0,0.8160340334,-1.193526131,1.721566185,-0.4270720018,-0.02109972688,0.7203341452,0.5461529329,0,1
1338,44600000000,0,0,0.814506822,-1.192107529,1.724109663,-0.4278122381,-0.01886093035,0.7195260587,0.5467204085,0,1
1339,44633333333,0,0,0.8132768162,-1.190423261,1.727691919,-0.4282151295,-0.01840834016,0.7184192021,0.5478747904,0,1
1340,44666666667,0,0,0.8112790077,-1.188793228,1.730112336,-0.4289949749,-0.01936436321,0.7170160355,0.5490686094,0,1
1341,44700000000,0,0,0.8101896037,-1.186681692,1.73374607,-0.4305734112,-0.01955435171,0.7155244207,0.5497717419,0,1
1342,44733333333,0,0,0.8091362669,-1.184315075,1.736480693,-0.4323316069,-0.01857080806,0.713790552,0.5506791758,0,1
1343,44766666667,0,1,0.8063269663,-1.180808489,1.73862054,-0.4333413765,-0.01775630625,0.7121299086,0.5520606473,0,1
1344,44800000000,0,0,0.8050948595,-1.178845307,1.741937071,-0.4332349742,-0.01675501135,0.7111283193,0.5534647597,0,1
1345,44833333333,0,0,0.8030834816,-1.175236888,1.743044963,-0.4324584168,-0.01605794297,0.7095418768,0.5561224553,0,1
1346,44866666667,0,0,0.8003768066,-1.171360108,1.743235472,-0.4317725037,-0.01543118879,0.7083229977,0.5582229971,0,1
1347,44900000000,0,0,0.7976907835,-1.168851438,1.743685285,-0.4310565042,-0.01494102535,0.7075487254,0.5597694678,0,1
1348,44933333333,0,0,0.7951531939,-1.167307057,1.745576684,-0.4304619213,-0.01412471794,0.7070368622,0.5608938422,0,1
1349,44966666667,0,0,0.7913458414,-1.16448976,1.746380137,-0.4315043847,-0.01268732852,0.7060137893,0.5614156455,0,1
1350,45000000000,0,0,0.7882905451,-1.162940879,1.74892873,-0.4335228526,-0.009940126433,0.7055144388,0.5605430464,0,1
1351,45033333333,0,0,0.7856958119,-1.160675518,1.752273999,-0.4353251794,-0.007156071175,0.7050018039,0.559833221,0,1
1352,45066666667,0,0,0.7820882375,-1.157856848,1.754058458,-0.4361888081,-0.004484493835,0.7043549103,0.5600030119,0,1
1353,45100000000,0,0,0.7775731957,-1.155002783,1.754963282,-0.4365172728,-0.002747045931,0.7042053975,0.5599463209,0,1
1354,45133333333,0,0,0.7740262277,-1.152604714,1.756545138,-0.4367056397,-0.001932961019,0.7051241935,0.5586450748,0,1
1355,45166666667,0,1,0.771407437,-1.150782864,1.759204885,-0.4351380644,-0.002284507026,0.7063984725,0.5582569694,0,1
1356,45200000000,0,0,0.7676189975,-1.147994174,1.759340811,-0.4336536838,-0.002932169997,0.7067360929,0.5589811981,0,1
1357,45233333333,0,0,0.7645762555,-1.146726228,1.760920959,-0.4330700427,-0.001347752066,0.7076635829,0.5582658641,0,1
1358,45266666667,0,0,0.7609229655,-1.145259961,1.762092943,-0.4323148631,0.001583436052,0.7082914243,0.5580543076,0,1
1359,45300000000,0,0,0.7574131023,-1.144004569,1.762817343,-0.42986919,0.003537573856,0.7093416518,0.5586003814,0,1
1360,45333333333,0,0,0.7530757468,-1.143787514,1.762687042,-0.4269239148,0.004920853107,0.7097219334,0.5603628587,0,1
1361,45366666667,0,0,0.748982075,-1.142301472,1.761573513,-0.4258354301,0.004711250155,0.7095695321,0.5613849568,0,1
1362,45400000000,0,0,0.7451926715,-1.142042503,1.762384536,-0.4246443303,0.00344075393,0.7098915106,0.5618891324,0,1
1363,45433333333,0,0,0.741739964,-1.142460063,1.761588682,-0.4243573351,0.0004655729054,0.7090890817,0.5631281467,0,1
1364,45466666667,0,0,0.7391335243,-1.141444158,1.76278752,-0.4251250038,-0.002744279693,0.7083144614,0.5635173678,0,1
1365,45500000000,0,0,0.7363612224,-1.140525081,1.763603099,-0.4259207079,-0.005459570949,0.7074862822,0.5639369683,0,1
1366,45533333333,0,0,0.7346220302,-1.136484387,1.763337976,-0.4276262339,-0.008232664624,0.7070282528,0.5631865384,0,1
1367,45566666667,0,0,0.7343741725,-1.135348114,1.765964798,-0.4275224961,-0.009430504225,0.708635865,0.5612225867,0,1
1368,45600000000,0,0,0.73269049,-1.134127855,1.766651348,-0.4263603355,-0.00934539143,0.7097693336,0.5606755042,0,1
1369,45633333333,0,0,0.73136019,-1.131633906,1.76698884,-0.4259882646,-0.008654378361,0.7111262913,0.5592481542,0,1
1370,45666666667,0,0,0.729820862,-1.131944022,1.768593415,-0.4243401564,-0.00774651356,0.7129087967,0.558244096,0,1
1371,45700000000,0,1,0.7283547989,-1.131144246,1.766825389,-0.423384021,-0.007750919181,0.7131872459,0.5586142196,0,1
1372,45733333333,0,0,0.7265174916,-1.131455876,1.768258567,-0.4216015371,-0.008629198473,0.7142087742,0.5586443481,0,1
1373,45766666667,0,0,0.7245987859,-1.130920171,1.768456929,-0.4208826042,-0.01028742173,0.7139488079,0.5594900375,0,1
1374,45800000000,0,0,0.7233501472,-1.128255225,1.768435115,-0.4212125204,-0.01225402637,0.7136851399,0.5595385354,0,1
1375,45833333333,0,0,0.7231211145,-1.127858809,1.770483482,-0.4207032771,-0.01297637041,0.7144094296,0.5589807987,0,1
1376,45866666667,0,0,0.7223465439,-1.1261311,1.771477727,-0.4202587704,-0.01306846125,0.7144308135,0.5592856104,0,1
1377,45900000000,0,0,0.7221401538,-1.12449361,1.77246786,-0.4198679681,-0.01227856883,0.7146188952,0.5593567383,0,1
1378,45933333333,0,0,0.7208372393,-1.123912274,1.773457262,-0.4184106347,-0.01062226174,0.7148395729,0.5602000476,0,1
1379,45966666667,0,0,0.7200048735,-1.123261989,1.775661336,-0.4165535558,-0.008976671785,0.7149992228,0.5614077537,0,1
1380,46000000000,0,0,0.7183524891,-1.121631605,1.775394435,-0.4153078219,-0.007719551405,0.7143811238,0.5631335823,0,1
1381,46033333333,0,0,0.717130529,-1.121384369,1.776183458,-0.4144592608,-0.006945025294,0.7137468396,0.5645712859,0,1
1382,46066666667,0,0,0.7162908963,-1.120393082,1.776478973,-0.414038571,-0.00655855154,0.7127312795,0.5661653206,0,1
1383,46100000000,0,0,0.7146844628,-1.118341448,1.775961802,-0.4140550473,-0.006691259115,0.7119223047,0.5671686495,0,1
1384,46133333333,0,0,0.7140329125,-1.116614182,1.776683609,-0.4143489406,-0.006494287446,0.7122087253,0.5665964271,0,1
1385,46166666667,0,0,0.7137153505,-1.116187914,1.778011138,-0.4138042488,-0.005043689066,0.7134030305,0.5655057215,0,1
1386,46200000000,0,0,0.7133667036,-1.115750187,1.778894079,-0.413038194,-0.00298424067,0.7143411428,0.5648958102,0,1
1387,46233333333,0,0,0.7121227195,-1.115880551,1.778973311,-0.4120344921,-0.0005010241742,0.7150457861,0.5647449425,0,1
1388,46266666667,0,0,0.7102662251,-1.117147906,1.779510764,-0.4102542269,0.001287747753,0.7155728777,0.565371796,0,1
1389,46300000000,0,0,0.7085109289,-1.117068206,1.778676137,-0.4086340074,0.0009952448452,0.7156443532,0.5664542499,0,1
1390,46333333333,0,0,0.7074474299,-1.117667048,1.778806753,-0.4070960498,-0.0003346104784,0.7161124897,0.5669705427,0,1
1391,46366666667,0,1,0.7065510047,-1.118047908,1.778489723,-0.4058331063,-0.002102494221,0.716461657,0.5674308446,0,1
1392,46400000000,0,0,0.7057621899,-1.118379969,1.778917575,-0.4040693762,-0.00410140611,0.7174319027,0.567452714,0,1
1393,46433333333,0,0,0.7047418471,-1.119015935,1.780155949,-0.4014096277,-0.005822418506,0.7188898577,0.5674802047,0,1
1394,46466666667,0,0,0.7038803789,-1.119212173,1.779882665,-0.3992760038,-0.007352231503,0.7199879415,0.5675755294,0,1
1395,46500000000,0,0,0.7025757275,-1.120464687,1.781677764,-0.3967132858,-0.008127916044,0.7219346634,0.5668887436,0,1
1396,46533333333,0,0,0.701506522,-1.122588963,1.784216521,-0.3932626361,-0.008001168635,0.7237324626,0.5670024718,0,1
1397,46566666667,0,0,0.6996195484,-1.122916128,1.784104754,-0.3904722243,-0.008125862188,0.7245314309,0.5679081071,0,1
1398,46600000000,0,0,0.6975710499,-1.125148008,1.786185906,-0.3882293611,-0.007527603529,0.7256642021,0.5680077148,0,1
1399,46633333333,0,0,0.6948112112,-1.127696897,1.788269197,-0.3857453244,-0.007524789298,0.7259636867,0.5693159472,0,1
1400,46666666667,0,0,0.6920141051,-1.128964379,1.789625463,-0.3842198787,-0.009420710502,0.7255660459,0.5708241831,0,1
1401,46700000000,0,0,0.6892641218,-1.130653005,1.791897145,-0.3830943457,-0.01079927974,0.7254742868,0.5716722461,0,1
1402,46733333333,0,0,0.6861074973,-1.132014632,1.793447331,-0.3818322051,-0.01217733278,0.725279835,0.5727347036,0,1
1403,46766666667,0,0,0.6837305977,-1.133752215,1.796661381,-0.3805640933,-0.01259391047,0.7257192724,0.5730130033,0,1
1404,46800000000,0,0,0.6816258463,-1.134103758,1.798919113,-0.3798778723,-0.01211060798,0.7259808753,0.5731473667,0,1
1405,46833333333,0,0,0.6794789344,-1.136252751,1.801520392,-0.3790688188,-0.01084341508,0.7265921534,0.5729337602,0,1
1406,46866666667,0,0,0.6759452413,-1.139697626,1.805977126,-0.376226771,-0.009289640128,0.7273868082,0.573825366,0,1
1407,46900000000,0,0,0.6732611045,-1.142166023,1.809417185,-0.3734031306,-0.009550047669,0.7277267277,0.5752327428,0,1
1408,46933333333,0,0,0.6688393936,-1.146134029,1.813694644,-0.3701093912,-0.01030434287,0.7278752284,0.5771572671,0,1
1409,46966666667,0,1,0.6661913864,-1.14930852,1.816650135,-0.368457429,-0.01239586858,0.7274115119,0.5787555251,0,1
1410,47000000000,0,0,0.663470343,-1.151380101,1.820599606,-0.3682626997,-0.01378138298,0.7270978929,0.5792420147,0,1
1411,47033333333,0,0,0.6606850714,-1.153964758,1.825315518,-0.3681063341,-0.0135939956,0.7272690729,0.5791309227,0,1
1412,47066666667,0,0,0.6575898057,-1.156640379,1.829776938,-0.3665969548,-0.01358245453,0.7274503345,0.5798605009,0,1
1413,47100000000,0,0,0.6545066025,-1.158960205,1.832905008,-0.3649624773,-0.013965861,0.7274949546,0.5808256502,0,1
1414,47133333333,0,0,0.6508347142,-1.162055346,1.836463823,-0.3627834626,-0.01491552655,0.7278739908,0.5816916192,0,1
1415,47166666667,0,0,0.6479296792,-1.16495955,1.839927494,-0.3610708559,-0.01617446186,0.7281356035,0.5823957132,0,1
1416,47200000000,0,0,0.6455088408,-1.167158213,1.843078069,-0.3602205424,-0.01744622142,0.7282254283,0.5827731255,0,1
1417,47233333333,0,0,0.6432987509,-1.169197549,1.847895353,-0.3594037546,-0.01806439407,0.7289068778,0.5824065438,0,1
1418,47266666667,0,0,0.6410399518,-1.171980249,1.852265845,-0.3580957917,-0.0176608741,0.7292888776,0.5827462831,0,1
1419,47300000000,0,0,0.6389402081,-1.174403865,1.856572916,-0.3566658183,-0.01741124015,0.7294962455,0.5833708688,0,1
1420,47333333333,0,1,0.6352992206,-1.179218921,1.859564267,-0.3545830639,-0.0169388068,0.7289564397,0.5853259235,0,1
1421,47366666667,0,0,0.6326777629,-1.1814624,1.862118951,-0.3536897949,-0.01745252539,0.7280754221,0.5869455836,0,1
1422,47400000000,0,0,0.6306395821,-1.183855253,1.865806444,-0.353627085,-0.01808087973,0.7272992369,0.5879258342,0,1
1423,47433333333,0,0,0.628802681,-1.184860977,1.868900134,-0.3546186265,-0.01826350058,0.7265194407,0.5882869849,0,1
1424,47466666667,0,0,0.6269773618,-1.186626378,1.872323503,-0.355433669,-0.0176615336,0.7262971936,0.5880878878,0,1
1425,47500000000,0,0,0.6255157652,-1.189169224,1.8779914,-0.3549823554,-0.01641654244,0.7268169703,0.5877542992,0,1
1426,47533333333,0,0,0.623160547,-1.191660504,1.880081531,-0.3543051718,-0.01541617003,0.7260752451,0.5891051904,0,1
1427,47566666667,0,0,0.6212351677,-1.193748147,1.883268245,-0.3544979605,-0.01468763602,0.725760541,0.5893955434,0,1
1428,47600000000,0,0,0.6192550118,-1.196560758,1.88694825,-0.354434619,-0.0147671967,0.7253346695,0.5899556322,0,1
1429,47633333333,0,0,0.6165992034,-1.198996419,1.89000523,-0.3546379631,-0.01546470667,0.7242993897,0.5910864167,0,1
1430,47666666667,0,0,0.6159941282,-1.199571457,1.89291989,-0.3564287009,-0.01652566489,0.7233898257,0.5910944456,0,1
1431,47700000000,0,1,0.6130213543,-1.202143447,1.896303539,-0.3571153107,-0.01596755653,0.7228437654,0.5913633256,0,1
1432,47733333333,0,0,0.6113527916,-1.204708428,1.90004428,-0.3571318556,-0.01509391073,0.7223842052,0.5919375572,0,1
1433,47766666667,0,0,0.6095086075,-1.20606119,1.901383496,-0.3566937575,-0.01560418448,0.7212932479,0.5935167422,0,1
1434,47800000000,0,0,0.6079032122,-1.207256139,1.902757787,-0.3576009661,-0.01618266206,0.7206102034,0.5937849823,0,1
1435,47833333333,0,0,0.6061714485,-1.209356667,1.90629537,-0.3586558078,-0.01577613548,0.720599411,0.5931724993,0,1
1436,47866666667,0,0,0.6051006335,-1.210735912,1.908607438,-0.358917835,-0.01586262575,0.720513448,0.5931161236,0,1
1437,47900000000,0,0,0.6032954708,-1.212719756,1.910362699,-0.3583946604,-0.01605218819,0.7206298477,0.5932859489,0,1
1438,47933333333,0,0,0.6008485229,-1.214870303,1.912580146,-0.3577976252,-0.01631154646,0.7209378951,0.5932649865,0,1
1439,47966666667,0,0,0.6000148423,-1.216731964,1.914147519,-0.3577957047,-0.01757985683,0.7208336981,0.5933565218,0,1
1440,48000000000,0,0,0.5988900088,-1.217184582,1.915000655,-0.3592995138,-0.01840074507,0.7203967039,0.5929535065,0,1
1441,48033333333,0,0,0.596646948,-1.21858617,1.916983573,-0.3616978311,-0.01719328363,0.7201576787,0.5918209085,0,1
1442,48066666667,0,0,0.5942543915,-1.220535388,1.91927754,-0.3634759817,-0.0161086772,0.7201029998,0.5908277168,0,1
1443,48100000000,0,0,0.5923183583,-1.220737153,1.919324938,-0.3653638899,-0.01591856551,0.7196161856,0.5902612749,0,1
1444,48133333333,0,0,0.5905108276,-1.222329779,1.919701805,-0.3668967636,-0.01568900109,0.7197500018,0.5891524039,0,1
1445,48166666667,0,0,0.5881400764,-1.224340447,1.921302875,-0.3670635416,-0.01596504402,0.7201395825,0.588564742,0,1
1446,48200000000,0,0,0.5867079926,-1.224545604,1.921239729,-0.3680720968,-0.01698329801,0.7199991325,0.5880780121,0,1
1447,48233333333,0,1,0.5848352627,-1.224988904,1.923211222,-0.3698415182,-0.01718973534,0.7204607159,0.5863941689,0,1
1448,48266666667,0,0,0.5827798429,-1.226499936,1.924890525,-0.3718698207,-0.01661851351,0.7204523589,0.5851367875,0,1
1449,48300000000,0,0,0.5804404551,-1.227020276,1.923734915,-0.3734020628,-0.01704950784,0.7197015026,0.5850726117,0,1
1450,48333333333,0,0,0.5788962977,-1.227546375,1.923951979,-0.3745742576,-0.0175673344,0.7198132499,0.584169838,0,1
1451,48366666667,0,0,0.577267644,-1.228582554,1.924494211,-0.3752611528,-0.01836779727,0.7200560832,0.5834046008,0,1
1452,48400000000,0,0,0.5751751522,-1.229422813,1.925283697,-0.3756700468,-0.01896525881,0.7200313783,0.5831527666,0,1
1453,48433333333,0,0,0.5738712166,-1.229806967,1.925125044,-0.3766175592,-0.01971369042,0.719921832,0.5826518174,0,1
1454,48466666667,0,0,0.5712186873,-1.230995206,1.92594566,-0.3766564855,-0.02014910256,0.7198590715,0.5826893021,0,1
1455,48500000000,0,0,0.5689543334,-1.231795535,1.926039323,-0.3768207765,-0.02144914594,0.7196293222,0.5828204484,0,1
1456,48533333333,0,0,0.5673185407,-1.23259773,1.92599062,-0.3772908592,-0.0231439323,0.7191465052,0.5830473995,0,1
1457,48566666667,0,0,0.5644674902,-1.232076364,1.925032537,-0.3779970753,-0.02480228034,0.7185498328,0.5832574009,0,1
1458,48600000000,0,0,0.5625708016,-1.232824565,1.925771428,-0.3789398467,-0.02529945769,0.7189342447,0.5821495356,0,1
1459,48633333333,0,0,0.5598814659,-1.233484686,1.925973691,-0.3789479792,-0.02421691991,0.7190487749,0.5820488203,0,1
1460,48666666667,0,0,0.5578920587,-1.233117572,1.925306382,-0.3787452344,-0.02309711607,0.7194227084,0.5817641595,0,1
1461,48700000000,0,0,0.5540035057,-1.234550736,1.926066715,-0.3768751842,-0.0216463356,0.7202260566,0.5820403415,0,1
1462,48733333333,0,0,0.5505435347,-1.235369421,1.9256491,-0.3750621855,-0.02211145345,0.7207058181,0.5825998321,0,1
1463,48766666667,0,0,0.5471718721,-1.235952422,1.925219748,-0.3729554512,-0.02332273897,0.721326475,0.5831366887,0,1
1464,48800000000,0,0,0.5442875285,-1.235574485,1.923787608,-0.3711262698,-0.02538470536,0.7220712437,0.5832958319,0,1
1465,48833333333,0,0,0.5409976044,-1.235949607,1.922250655,-0.3689483081,-0.02644808635,0.7233324795,0.5830675508,0,1
1466,48866666667,0,0,0.5385479914,-1.236183287,1.920934713,-0.3669111811,-0.02705457024,0.7247717197,0.5825377154,0,1
1467,48900000000,0,1,0.5329688551,-1.237006405,1.919320549,-0.3638616273,-0.02724212579,0.7264746561,0.5823204933,0,1
1468,48933333333,0,0,0.5293898954,-1.238793294,1.918956253,-0.3610976487,-0.02835950222,0.7282624946,0.5817542142,0,1
1469,48966666667,0,0,0.5264813593,-1.23920092,1.918785785,-0.3590599089,-0.02993993293,0.7296323545,0.581219588,0,1
1470,49000000000,0,0,0.5241321765,-1.239903351,1.919175867,-0.3579693125,-0.03034912097,0.7304010625,0.5809054915,0,1
1471,49033333333,0,0,0.5216113107,-1.239820323,1.919687352,-0.3572811125,-0.02960921677,0.7307974088,0.5808688735,0,1
1472,49066666667,0,0,0.5176361348,-1.240832908,1.919370734,-0.355676238,-0.02845719386,0.7309999315,0.5816559997,0,1
1473,49100000000,0,0,0.5133101684,-1.241728555,1.919020424,-0.3529225847,-0.02867912974,0.7311125019,0.5831789316,0,1
1474,49133333333,0,0,0.5095691645,-1.242425436,1.918410068,-0.3502349473,-0.03007944557,0.730840739,0.5850662551,0,1
1475,49166666667,0,0,0.5068197306,-1.242636862,1.91752885,-0.3485281496,-0.03183399829,0.7304454521,0.5864845837,0,1
1476,49200000000,0,0,0.5031247749,-1.24295832,1.917696944,-0.3464534024,-0.03291009255,0.7304954346,0.5875911724,0,1
1477,49233333333,0,0,0.4995341346,-1.243413163,1.917658486,-0.3438827817,-0.03427752243,0.7306519855,0.5888271054,0,1
1478,49266666667,0,0,0.4964250531,-1.24298823,1.915628796,-0.3420705847,-0.03642342175,0.7302538326,0.5902460414,0,1
1479,49300000000,0,0,0.4942578557,-1.242156735,1.914763929,-0.3414317532,-0.03839436363,0.7306639319,0.5899834314,0,1
1480,49333333333,0,0,0.4916688099,-1.242027104,1.915320834,-0.3409199062,-0.03910557523,0.7316013043,0.589070372,0,1
1481,49366666667,0,0,0.4894122238,-1.241423724,1.914830985,-0.3410152052,-0.03864239753,0.7323860365,0.588069799,0,1
1482,49400000000,0,0,0.4864854607,-1.241786844,1.914384977,-0.3409462175,-0.03622955878,0.7332956791,0.5871290683,0,1
1483,49433333333,0,0,0.4831909173,-1.242549959,1.913593131,-0.3408968541,-0.03361068238,0.7341469357,0.5862490373,0,1
1484,49466666667,0,0,0.479529167,-1.243419833,1.913133374,-0.3400647824,-0.03187915622,0.7350544043,0.5856916303,0,1
1485,49500000000,0,0,0.4765228346,-1.244485782,1.912376837,-0.3391348283,-0.03172181385,0.7357282141,0.5853932778,0,1
1486,49533333333,0,0,0.4733474646,-1.245422873,1.91236766,-0.3385196576,-0.03182947217,0.7365017327,0.5847704882,0,1
1487,49566666667,0,1,0.4700584133,-1.246426531,1.910737951,-0.3371732085,-0.0330085341,0.737038278,0.5848070117,0,1
1488,49600000000,0,0,0.46791076,-1.246248512,1.909504455,-0.336061682,-0.03478448462,0.7380741058,0.5840369849,0,1
1489,49633333333,0,0,0.4665877545,-1.246681073,1.909253196,-0.3342503524,-0.03535130057,0.7401428677,0.5824221174,0,1
1490,49666666667,0,0,0.4660893919,-1.247365483,1.909983802,-0.331678915,-0.03517592358,0.7424876938,0.5809163246,0,1
1491,49700000000,0,0,0.4651103954,-1.247487506,1.909416923,-0.3304547039,-0.0333450675,0.7440429196,0.5797309107,0,1
1492,49733333333,0,0,0.4633628725,-1.248103415,1.909620821,-0.3300083911,-0.02891078957,0.7454522085,0.5784113008,0,1
1493,49766666667,0,0,0.4617824839,-1.249026536,1.909814701,-0.329246419,-0.02453692964,0.746298305,0.5779563778,0,1
1494,49800000000,0,0,0.4592896741,-1.24938845,1.90977341,-0.3275210024,-0.01977243899,0.7474318443,0.5776544657,0,1
1495,49833333333,0,0,0.4564128847,-1.250606015,1.910180295,-0.323666918,-0.01680189552,0.7488181749,0.5781252143,0,1
1496,49866666667,0,0,0.4542198447,-1.250377151,1.908826616,-0.3200030794,-0.01733536867,0.7497716194,0.5789128025,0,1
1497,49900000000,0,0,0.4523316597,-1.251096835,1.90662531,-0.3185441448,-0.01842581082,0.7498665186,0.5795604555,0,1
1498,49933333333,0,0,0.4509433653,-1.251029746,1.906396786,-0.3193289572,-0.01934603177,0.7501489403,0.5787325077,0,1
1499,49966666667,0,0,0.448914429,-1.251815066,1.906890684,-0.3196058321,-0.01965141001,0.7503959017,0.5782490163,0,1
1500,50000000000,0,0,0.4476449211,-1.252224659,1.907034346,-0.3191047565,-0.0194009994,0.7506102896,0.5782559543,0,1
1501,50033333333,0,1,0.4454455586,-1.252641358,1.906793345,-0.3176756692,-0.01757571201,0.7512507898,0.5782694134,0,1
1502,50066666667,0,0,0.4428493833,-1.253328489,1.906575488,-0.3153395602,-0.01607669827,0.7523194941,0.5782022833,0,1
1503,50100000000,0,0,0.4403217416,-1.254407911,1.907054923,-0.3117517668,-0.01670329574,0.7535025185,0.5785894835,0,1
1504,50133333333,0,0,0.4394532478,-1.25469143,1.906690279,-0.3089807429,-0.0188697717,0.7539561679,0.5794177501,0,1
1505,50166666667,0,0,0.437665596,-1.254035813,1.906125936,-0.3075707662,-0.02086509264,0.7542415768,0.5797279669,0,1
1506,50200000000,0,0,0.4353476063,-1.255423857,1.906558228,-0.3058187784,-0.02157393414,0.7549266717,0.5797371478,0,1
1507,50233333333,0,0,0.432286152,-1.256107585,1.906764905,-0.3022117957,-0.021703087,0.756001469,0.580223048,0,1
1508,50266666667,0,0,0.4299692542,-1.25684692,1.906813096,-0.297793763,-0.02176939372,0.7573568281,0.5807371205,0,1
1509,50300000000,0,0,0.4268963775,-1.257392056,1.905784989,-0.2934829148,-0.02161708733,0.7584805497,0.5814703225,0,1
1510,50333333333,0,0,0.4246981414,-1.258588089,1.905471912,-0.2899169974,-0.02176002077,0.7596972098,0.5816655271,0,1
1511,50366666667,0,0,0.4215852999,-1.259088915,1.905413375,-0.2860284674,-0.02204595006,0.761212489,0.581598864,0,1
1512,50400000000,0,0,0.4172685486,-1.260747203,1.905093982,-0.2807059144,-0.02325221844,0.7626278601,0.5822905383,0,1
1513,50433333333,0,0,0.414369715,-1.261412151,1.905644786,-0.2751419366,-0.02545864089,0.7645022669,0.5823959617,0,1
1514,50466666667,0,0,0.4129614691,-1.261217792,1.904775498,-0.2702352458,-0.02833693358,0.7661808629,0.5823545444,0,1
1515,50500000000,0,0,0.4091604174,-1.26402505,1.904075831,-0.2650515748,-0.02843585261,0.7677878159,0.5826155977,0,1
1516,50533333333,0,1,0.4053608087,-1.267087157,1.904551073,-0.2600008655,-0.02657988469,0.7688713661,0.5835493828,0,1
1517,50566666667,0,0,0.4017783254,-1.268432263,1.904541409,-0.254593782,-0.02601178912,0.7695940119,0.5850046579,0,1
1518,50600000000,0,0,0.3984334816,-1.268905545,1.904156509,-0.2488246485,-0.02797417752,0.7699333705,0.5869466285,0,1
1519,50633333333,0,0,0.3963226287,-1.268472416,1.903974101,-0.2442446026,-0.03283346401,0.770264203,0.5881833008,0,1
1520,50666666667,0,0,0.3941366326,-1.269468228,1.90403828,-0.2413270501,-0.0371429557,0.770428767,0.5889152492,0,1
1521,50700000000,0,0,0.3922277894,-1.270319923,1.903678072,-0.2395574608,-0.03963518612,0.7705646533,0.5892973699,0,1
1522,50733333333,0,0,0.3897183348,-1.271387653,1.903186626,-0.2373310638,-0.04054208346,0.7714358092,0.5889966876,0,1
1523,50766666667,0,0,0.385922897,-1.273973043,1.902599185,-0.2329071907,-0.04106862694,0.7726053816,0.5891931201,0,1
1524,50800000000,0,0,0.3830596371,-1.275657972,1.902726566,-0.2280251618,-0.04246284085,0.7739270431,0.5892693482,0,1
1525,50833333333,0,0,0.3814955336,-1.277150498,1.90176505,-0.2245248183,-0.04435933508,0.7745180605,0.5896970657,0,1
1526,50866666667,0,0,0.3793881021,-1.277799109,1.8999818,-0.2218116231,-0.04603665263,0.7749586185,0.5900164151,0,1
1527,50900000000,0,1,0.374413186,-1.2817189,1.900337248,-0.2182168855,-0.04682607026,0.7754566235,0.5906401063,0,1
1528,50933333333,0,0,0.372385618,-1.281964304,1.898729589,-0.2165777791,-0.04829973466,0.7755270754,0.5910321113,0,1
1529,50966666667,0,0,0.3697470707,-1.284987178,1.897565068,-0.2141142012,-0.04842905155,0.7758094817,0.5915482939,0,1
1530,51000000000,0,0,0.3677657572,-1.285886635,1.896188663,-0.2111837748,-0.04889997077,0.7755385934,0.5929166015,0,1
1531,51033333333,0,0,0.3666741927,-1.285913552,1.894036723,-0.208978492,-0.04935855656,0.7759166481,0.5931653041,0,1
1532,51066666667,0,0,0.3647694446,-1.287269937,1.892188218,-0.206569388,-0.04904734344,0.7766127773,0.5931239669,0,1
1533,51100000000,0,0,0.3630075242,-1.288159271,1.889562747,-0.2039722496,-0.05052494158,0.7770972891,0.5932641528,0,1
1534,51133333333,0,0,0.361529245,-1.28917303,1.886944612,-0.2014159829,-0.05291052331,0.7779700377,0.592785542,0,1
1535,51166666667,0,0,0.3609591662,-1.291798046,1.884553305,-0.2000548233,-0.05371143935,0.7786471565,0.5922851971,0,1
1536,51200000000,0,1,0.3589902244,-1.293801618,1.878199851,-0.1997281926,-0.05226293546,0.77812189,0.5932145977,0,1
1537,51233333333,0,0,0.3574040264,-1.293762725,1.875403727,-0.1988588878,-0.05136180483,0.7793636502,0.5919538906,0,1
1538,51266666667,0,0,0.355625816,-1.296968941,1.873760739,-0.1950487223,-0.05119164207,0.781874371,0.5899219268,0,1
1539,51300000000,0,0,0.3534961038,-1.299215561,1.872336977,-0.1888926161,-0.05184653695,0.7839304466,0.5891388385,0,1
1540,51333333333,0,0,0.3531876688,-1.300992131,1.868709686,-0.1839362229,-0.05268132714,0.7849468072,0.5892797753,0,1
1541,51366666667,0,0,0.3526241262,-1.301685982,1.86582108,-0.1804770436,-0.05316199107,0.7857641326,0.5892169102,0,1
1542,51400000000,0,0,0.3516790185,-1.301805144,1.864568578,-0.1773698423,-0.0541949111,0.7869175567,0.588526643,0,1
1543,51433333333,0,0,0.3508054773,-1.303323705,1.861035796,-0.1738000398,-0.05580244205,0.7875795214,0.588555971,0,1
1544,51466666667,0,0,0.3507713234,-1.303424843,1.85781265,-0.1725169999,-0.05672023134,0.7882034927,0.588010165,0,1
1545,51500000000,0,0,0.3490933557,-1.306142435,1.855013517,-0.1713852357,-0.05487887458,0.7890143966,0.5874280315,0,1
1546,51533333333,0,1,0.3483088547,-1.307145198,1.851339114,-0.1696700516,-0.0538395979,0.7893993546,0.5875049194,0,1
1547,51566666667,0,0,0.3471575429,-1.308981289,1.847569111,-0.167315813,-0.05306763389,0.7902910926,0.5870513044,0,1
1548,51600000000,0,0,0.3462688912,-1.310404223,1.845063031,-0.1655889247,-0.05243054016,0.7909297932,0.5867379387,0,1
1549,51633333333,0,0,0.3453388969,-1.312387091,1.840938399,-0.1649665943,-0.05159789108,0.7908300493,0.5871213788,0,1
1550,51666666667,0,0,0.3441947559,-1.313845224,1.837770692,-0.164269087,-0.05058095308,0.7912933439,0.5867811161,0,1
1551,51700000000,0,0,0.3435794594,-1.315350123,1.834242121,-0.1637740476,-0.05070618366,0.7915807288,0.586521009,0,1
1552,51733333333,0,0,0.3423021057,-1.316157854,1.830756057,-0.1649384309,-0.05013897739,0.7919631247,0.5857267333,0,1
1553,51766666667,0,0,0.3406468626,-1.31770721,1.82777782,-0.166859659,-0.04928221439,0.7930758401,0.5837463743,0,1
1554,51800000000,0,0,0.3389483248,-1.321743118,1.825774445,-0.1664013525,-0.04865254279,0.7942548503,0.582325298,0,1
1555,51833333333,0,0,0.3391216528,-1.323314778,1.823480512,-0.1656106538,-0.04840141966,0.7946536441,0.5820274906,0,1
1556,51866666667,0,1,0.3369017212,-1.324496094,1.81839842,-0.1650147188,-0.0474004174,0.7950765893,0.5817014355,0,1
1557,51900000000,0,0,0.3357457179,-1.32749116,1.817212937,-0.1644414012,-0.04647033565,0.7966536569,0.5797779613,0,1
1558,51933333333,0,0,0.3343034869,-1.329791947,1.816615467,-0.1620010414,-0.0463886755,0.7975832416,0.5791931682,0,1
1559,51966666667,0,0,0.3330922993,-1.331685124,1.814817297,-0.1586652752,-0.04630839444,0.7981261392,0.5793751194,0,1
1560,52000000000,0,0,0.3317874057,-1.333197251,1.812327543,-0.1561919752,-0.04534672976,0.7982502901,0.5799519078,0,1
1561,52033333333,0,0,0.3301963544,-1.333875206,1.810146376,-0.1559728263,-0.04449620525,0.7982982982,0.5800106829,0,1
1562,52066666667,0,0,0.3288799381,-1.334438524,1.807448733,-0.1576280717,-0.04501092653,0.7980926726,0.5798064276,0,1
1563,52100000000,0,0,0.3270218205,-1.335932241,1.806309633,-0.1596723779,-0.04666483774,0.7983786176,0.5787216149,0,1
1564,52133333333,0,0,0.3249705363,-1.337494098,1.80468732,-0.1617458008,-0.04752484275,0.7984680022,0.5779520177,0,1
1565,52166666667,0,0,0.3229709169,-1.339249865,1.802728188,-0.1636235251,-0.04801292799,0.798535962,0.5772888516,0,1
1566,52200000000,0,0,0.3198776356,-1.341264905,1.801725686,-0.1647233825,-0.04679745213,0.7991175953,0.5762701403,0,1
1567,52233333333,0,1,0.3176822983,-1.344788967,1.797925495,-0.1648372393,-0.04486995475,0.7994125185,0.5759817679,0,1
1568,52266666667,0,0,0.3162044099,-1.346658348,1.796598355,-0.1638772899,-0.04357092072,0.8003320743,0.5750777162,0,1
1569,52300000000,0,0,0.3151409108,-1.34896612,1.794581516,-0.1621419265,-0.04184736712,0.8019339039,0.5734638674,0,1
1570,52333333333,0,0,0.3134741082,-1.351366662,1.793532416,-0.1596723709,-0.04000793829,0.8036087104,0.5719415525,0,1
1571,52366666667,0,0,0.3107714017,-1.352636165,1.790901831,-0.1587360219,-0.03896365646,0.8052694956,0.5699348631,0,1
1572,52400000000,0,0,0.3094621387,-1.355227711,1.789916284,-0.1592899362,-0.03841206041,0.8074860818,0.5666722664,0,1
1573,52433333333,0,0,0.3079254492,-1.357793978,1.788720492,-0.1591748937,-0.038659783,0.8091835507,0.5642612477,0,1
1574,52466666667,0,0,0.3065338652,-1.360358562,1.787477975,-0.1581994422,-0.0393347184,0.8107125661,0.562290718,0,1
1575,52500000000,0,0,0.305240184,-1.362417904,1.786487029,-0.1574311346,-0.04020916073,0.8114718286,0.5613484949,0,1
1576,52533333333,0,1,0.3022652712,-1.365689046,1.783135678,-0.1572224148,-0.0414391475,0.8114218408,0.5613897983,0,1
1577,52566666667,0,0,0.3009726184,-1.36805323,1.781751062,-0.1584371126,-0.04273897196,0.8119318386,0.5602122375,0,1
1578,52600000000,0,0,0.3005806453,-1.369897803,1.780499259,-0.1603722158,-0.0430028811,0.812095523,0.5594035808,0,1
1579,52633333333,0,0,0.3002730249,-1.372246543,1.780220701,-0.1608913503,-0.0437297132,0.8122853567,0.5589223425,0,1
1580,52666666667,0,0,0.2991104778,-1.374158536,1.780382542,-0.1609387765,-0.04478531239,0.8113850818,0.5601314445,0,1
1581,52700000000,0,0,0.2977793713,-1.374690409,1.778641773,-0.1623703473,-0.04497750407,0.8096202699,0.5622525349,0,1
1582,52733333333,0,0,0.2964065951,-1.374831959,1.775309635,-0.1645195312,-0.04573196859,0.8087094354,0.5628773933,0,1
1583,52766666667,0,0,0.2956314297,-1.37727154,1.77332273,-0.1659727134,-0.04693928563,0.8092865252,0.5615203309,0,1
1584,52800000000,0,0,0.2944159424,-1.378083074,1.771549656,-0.1672139918,-0.04800016842,0.8101983265,0.5597447066,0,1
1585,52833333333,0,1,0.292687088,-1.381083596,1.764735491,-0.1686769059,-0.04856022977,0.8113728321,0.5575519105,0,1
1586,52866666667,0,0,0.2937783535,-1.384062783,1.765839831,-0.1691218837,-0.04988457162,0.8139971881,0.5534599314,0,1
1587,52900000000,0,0,0.2934850594,-1.386014779,1.764972645,-0.1691983774,-0.05050518024,0.815515215,0.5511406989,0,1
1588,52933333333,0,0,0.2928198343,-1.388041821,1.764131025,-0.1700721445,-0.05055854534,0.8168248783,0.5489229613,0,1
1589,52966666667,0,0,0.2932337595,-1.390053955,1.763715354,-0.1711665578,-0.05087766156,0.818404435,0.5461937877,0,1
1590,53000000000,0,0,0.2935909099,-1.391476512,1.764357851,-0.1711772189,-0.05162078783,0.8196216096,0.5442922663,0,1
1591,53033333333,0,0,0.2931756406,-1.392189513,1.76370352,-0.1702775195,-0.05311030122,0.8204988227,0.5431082252,0,1
1592,53066666667,0,0,0.2930745527,-1.393069283,1.764158561,-0.1692157551,-0.05556374039,0.8212814477,0.5420105928,0,1
1593,53100000000,0,0,0.2920940535,-1.393587364,1.763607529,-0.1689181648,-0.05735099734,0.8211983255,0.5420431965,0,1
1594,53133333333,0,0,0.2920009671,-1.393947466,1.762513808,-0.1698953597,-0.05697545552,0.8211718709,0.5418174255,0,1
1595,53166666667,0,0,0.2921100581,-1.393862887,1.762752704,-0.1704067819,-0.05509293862,0.8210044844,0.5421050944,0,1
1596,53200000000,0,0,0.2918809083,-1.39289523,1.763269549,-0.1697244878,-0.05404260093,0.820735813,0.5428312083,0,1
1597,53233333333,0,0,0.290228678,-1.391939819,1.762509811,-0.1692866551,-0.05355450924,0.8198551006,0.5443450717,0,1
1598,53266666667,0,0,0.2890765592,-1.390785662,1.762113123,-0.170070644,-0.05299572841,0.81910881,0.5452780816,0,1
1599,53300000000,0,0,0.288479374,-1.389229277,1.761438821,-0.1707491605,-0.05280517435,0.8183602696,0.5462076591,0,1
1600,53333333333,0,0,0.288680166,-1.387891497,1.759932549,-0.1710751694,-0.053176148,0.8179103243,0.5467433448,0,1
1601,53366666667,0,0,0.288976829,-1.387300419,1.759046674,-0.1713255272,-0.05315968477,0.8176974047,0.5469849778,0,1
1602,53400000000,0,0,0.2891058478,-1.385880762,1.758954434,-0.1712703393,-0.05327666837,0.8172616841,0.5476416777,0,1
1603,53433333333,0,0,0.2886500405,-1.384728586,1.758021992,-0.1713186854,-0.05353500486,0.8169053737,0.5481327591,0,1
1604,53466666667,0,0,0.287824827,-1.382533396,1.757445326,-0.1714615303,-0.05504476464,0.8169443075,0.5478804759,0,1
1605,53500000000,0,1,0.2875302391,-1.381683474,1.756999846,-0.1721574803,-0.05686114723,0.8171670457,0.5471440681,0,1
1606,53533333333,0,0,0.2876256184,-1.380915403,1.7564431,-0.1731282515,-0.05877825047,0.8176486266,0.5459143241,0,1
1607,53566666667,0,0,0.2882193565,-1.380492916,1.755993562,-0.1742965851,-0.06011999318,0.8182038909,0.5445628336,0,1
1608,53600000000,0,0,0.2890860867,-1.379576024,1.755567656,-0.1750606798,-0.06013344324,0.8190459307,0.5430483319,0,1
1609,53633333333,0,0,0.2907300529,-1.378496608,1.755214559,-0.1751397462,-0.05913379639,0.820281608,0.5412645813,0,1
1610,53666666667,0,0,0.2924730906,-1.377486149,1.756522613,-0.1733475757,-0.05889468361,0.8215618695,0.5399241881,0,1
1611,53700000000,0,0,0.2925726664,-1.376215402,1.755668402,-0.1713933386,-0.059063164,0.8223640495,0.5393081089,0,1
1612,53733333333,0,0,0.2928892094,-1.374502313,1.756067548,-0.1703864734,-0.05928872465,0.8236643633,0.5376153954,0,1
1613,53766666667,0,0,0.2933464191,-1.373147093,1.756855015,-0.1698998706,-0.05951121971,0.8246712246,0.5361994218,0,1
1614,53800000000,0,0,0.2938183137,-1.371908818,1.758199528,-0.1693241075,-0.05971299396,0.8251544807,0.5356153358,0,1
1615,53833333333,0,0,0.2939933483,-1.369832961,1.758972388,-0.1693361302,-0.0593010729,0.8250585313,0.5358050743,0,1
1616,53866666667,0,0,0.2948552661,-1.367970957,1.75981169,-0.1690470131,-0.05754151137,0.8248599173,0.5363936974,0,1
1617,53900000000,0,0,0.2954301084,-1.36619812,1.760986767,-0.1678992506,-0.0550624482,0.8246093831,0.537398673,0,1
1618,53933333333,0,0,0.2941946243,-1.364405173,1.761964966,-0.1663269268,-0.05264816029,0.8244131327,0.5384296716,0,1
1619,53966666667,0,0,0.2920476478,-1.362392359,1.763619492,-0.1653984185,-0.05121492648,0.824059807,0.539393946,0,1
1620,54000000000,0,0,0.290453858,-1.360768273,1.764236428,-0.1652534413,-0.05084167654,0.823820908,0.5398384346,0,1
1621,54033333333,0,0,0.2889662083,-1.359692843,1.766239026,-0.1653918842,-0.05085113448,0.8237774554,0.5398614552,0,1
1622,54066666667,0,0,0.2867954038,-1.358807286,1.766950971,-0.1664425803,-0.04998100297,0.8235343517,0.5399906836,0,1
1623,54100000000,0,0,0.2860524651,-1.357880482,1.769593176,-0.1679341893,-0.0479518764,0.8238062491,0.5392976817,0,1
1624,54133333333,0,0,0.2848664453,-1.356538947,1.771969122,-0.1682572625,-0.0462050317,0.8235499187,0.5397407896,0,1
1625,54166666667,0,1,0.2829716234,-1.354722498,1.777711517,-0.1677268209,-0.0452671237,0.8240422611,0.5392336719,0,1
1626,54200000000,0,0,0.2800150137,-1.353535438,1.778051035,-0.1688540995,-0.04379694567,0.8239133978,0.5392001794,0,1
1627,54233333333,0,0,0.2796948251,-1.353170984,1.780204093,-0.1696864925,-0.04380832435,0.825300751,0.5368109494,0,1
1628,54266666667,0,0,0.2797500144,-1.35291062,1.783266714,-0.1682857568,-0.04520321409,0.8265029697,0.5352844239,0,1
1629,54300000000,0,0,0.2792569428,-1.352942512,1.78490001,-0.1654353793,-0.04473749462,0.8274589859,0.5347348113,0,1
1630,54333333333,0,0,0.279193952,-1.352602064,1.787237646,-0.1615604063,-0.04260913537,0.8287526933,0.5340895712,0,1
1631,54366666667,0,0,0.277143037,-1.352667196,1.788984227,-0.157167873,-0.04037310023,0.8300686894,0.5335299836,0,1
1632,54400000000,0,0,0.2755380496,-1.352955615,1.792054718,-0.1532825756,-0.03979282216,0.8315090777,0.5324599864,0,1
1633,54433333333,0,0,0.2728273996,-1.353211454,1.794603361,-0.1503027416,-0.04128299959,0.8322936154,0.5319700533,0,1
1634,54466666667,0,0,0.2707949565,-1.353961403,1.797093664,-0.1490256704,-0.04281698602,0.8326216336,0.5316947155,0,1
1635,54500000000,0,0,0.2685895214,-1.353756724,1.800460679,-0.1481058101,-0.04506236516,0.832272442,0.5323125346,0,1
1636,54533333333,0,1,0.2652855641,-1.353118293,1.806889775,-0.1465548939,-0.04797989092,0.8320587417,0.5328206485,0,1
1637,54566666667,0,0,0.2630147246,-1.352109445,1.810224298,-0.1458115542,-0.05021234048,0.8302345384,0.5356569076,0,1
1638,54600000000,0,0,0.2603790814,-1.35059182,1.811626007,-0.1449066972,-0.05258439716,0.8287131076,0.5380255714,0,1
1639,54633333333,0,0,0.258373381,-1.348911083,1.814163195,-0.1432736203,-0.05648025763,0.8279918166,0.5391773381,0,1
1640,54666666667,0,0,0.2556699579,-1.347679533,1.816598916,-0.1418264129,-0.05960653869,0.8275742495,0.5398640483,0,1
1641,54700000000,0,0,0.2533321095,-1.345875971,1.819286682,-0.1411258978,-0.0607916381,0.8275834901,0.5399013101,0,1
1642,54733333333,0,0,0.2512368604,-1.343565463,1.821845972,-0.1407760297,-0.05981503612,0.8279648321,0.5395169206,0,1
1643,54766666667,0,0,0.2490672515,-1.341080426,1.826009065,-0.1398334598,-0.05772763574,0.8285655472,0.5390670252,0,1
1644,54800000000,0,0,0.2465549059,-1.338698337,1.829782552,-0.1387512775,-0.05632934996,0.8291532627,0.5385907113,0,1
1645,54833333333,0,1,0.242587361,-1.333904343,1.836370254,-0.1374035748,-0.05617735429,0.8302171878,0.537311626,0,1
1646,54866666667,0,0,0.2395564175,-1.331033257,1.840123636,-0.1381721759,-0.05424011128,0.8302978168,0.5371889757,0,1
1647,54900000000,0,0,0.2374094616,-1.327984788,1.84449481,-0.1394090206,-0.05199098915,0.8304770079,0.5368146806,0,1
1648,54933333333,0,0,0.2355899656,-1.324277544,1.849326884,-0.1398453255,-0.05030848776,0.8302881245,0.5371535825,0,1
1649,54966666667,0,0,0.2336636179,-1.321334193,1.85379391,-0.1395402877,-0.04901309599,0.829840269,0.5380440061,0,1
1650,55000000000,0,0,0.2317959237,-1.317595487,1.858891944,-0.1384118612,-0.04804699761,0.8291246111,0.5395238846,0,1
1651,55033333333,0,0,0.229131422,-1.314225624,1.862080368,-0.1367478775,-0.04590059545,0.8279827438,0.5418835016,0,1
1652,55066666667,0,1,0.2282958035,-1.309416692,1.868129411,-0.1346369455,-0.04289543965,0.8280022593,0.5426279875,0,1
1653,55100000000,0,0,0.2267193563,-1.305940115,1.873020313,-0.1313836185,-0.03891412128,0.8276083649,0.5443238286,0,1
1654,55133333333,0,0,0.2244515782,-1.302295725,1.877740989,-0.1273312678,-0.03532555086,0.8263912526,0.5473722237,0,1
1655,55166666667,0,0,0.2202510825,-1.298838195,1.880242498,-0.1240235186,-0.03147987408,0.8249965396,0.5504615282,0,1
1656,55200000000,0,0,0.2178930634,-1.296289555,1.88439119,-0.1224096948,-0.02850417636,0.8242166958,0.5521505383,0,1
1657,55233333333,0,0,0.2156484085,-1.293049285,1.888085541,-0.1210675805,-0.02639971744,0.8231069048,0.5542027779,0,1
1658,55266666667,0,1,0.2145864358,-1.288015044,1.891075443,-0.1200631338,-0.02530354952,0.8225908557,0.5552376595,0,1
1659,55300000000,0,0,0.2134253845,-1.28538568,1.89348192,-0.1195597729,-0.02055434549,0.8219742252,0.5564542683,0,1
1660,55333333333,0,0,0.2121485887,-1.282410795,1.895823495,-0.1175767627,-0.01619412077,0.8217052107,0.5574172602,0,1
1661,55366666667,0,0,0.2122491475,-1.280137798,1.900311841,-0.1143469026,-0.01464434474,0.8219501524,0.5577708095,0,1
1662,55400000000,0,0,0.2105815354,-1.277609204,1.902565046,-0.1108511116,-0.0144837733,0.82184355,0.5586371189,0,1
1663,55433333333,0,0,0.2098534864,-1.275170048,1.904640894,-0.1083085636,-0.01439258144,0.8223027419,0.5584624511,0,1
1664,55466666667,0,0,0.209585033,-1.27337128,1.907497444,-0.1062845414,-0.01361490496,0.8231406493,0.557635815,0,1
1665,55500000000,0,0,0.2092333092,-1.271661701,1.910408395,-0.1045595396,-0.01294171065,0.8238782761,0.5568881405,0,1
1666,55533333333,0,0,0.2097355716,-1.268871352,1.914352985,-0.1031525622,-0.0118476517,0.8243435337,0.5564862267,0,1
1667,55566666667,0,1,0.2106244038,-1.267169342,1.914442766,-0.1017193481,-0.01054625498,0.8240789315,0.5571677175,0,1
1668,55600000000,0,0,0.2114579417,-1.265348393,1.918094905,-0.09968480285,-0.008497838121,0.8244607332,0.5570055891,0,1
1669,55633333333,0,0,0.2109075841,-1.262854119,1.921097567,-0.09754546023,-0.005963965121,0.8244073064,0.5574961053,0,1
1670,55666666667,0,0,0.2111107777,-1.261132725,1.925414754,-0.09591358755,-0.003562333929,0.8239860818,0.5584217317,0,1
1671,55700000000,0,0,0.2115461317,-1.258718202,1.929649875,-0.09415159449,-0.001513389924,0.822656274,0.5606869374,0,1
1672,55733333333,0,0,0.2110746729,-1.255764521,1.932764557,-0.09224855246,-0.000574412812,0.8207774267,0.5637502022,0,1
1673,55766666667,0,0,0.2104904664,-1.253114986,1.935579181,-0.09087130248,0.0006071887592,0.8193485733,0.5660476597,0,1
1674,55800000000,0,1,0.2107674492,-1.250934847,1.936348497,-0.08976444991,0.0005757127731,0.8176125813,0.568728124,0,1
1675,55833333333,0,0,0.2111785489,-1.249258378,1.940656982,-0.08891643832,0.002014915657,0.8162188658,0.5708559978,0,1
1676,55866666667,0,0,0.210222036,-1.245939803,1.94261551,-0.08801436771,0.00430498378,0.8146734994,0.5731858578,0,1
1677,55900000000,0,0,0.2108563005,-1.24412986,1.947254995,-0.08642022994,0.004844922512,0.8141878858,0.5741133662,0,1
1678,55933333333,0,0,0.2105585875,-1.241120751,1.95131083,-0.08397668639,0.004308895974,0.8130563562,0.5760804728,0,1
1679,55966666667,0,0,0.2097106009,-1.238581892,1.953638419,-0.08196161818,0.002505364325,0.8122908035,0.5774596669,0,1
1680,56000000000,0,0,0.2095025542,-1.23721795,1.957876151,-0.08007560533,0.000851853445,0.8121095729,0.5779837484,0,1
1681,56033333333,0,0,0.2093402296,-1.23549258,1.961950119,-0.07773060929,-0.000714293995,0.8111316246,0.5796748483,0,1
1682,56066666667,0,1,0.209137951,-1.235231246,1.962941382,-0.07523094949,-0.002880232465,0.8088760977,0.5831393204,0,1
1683,56100000000,0,0,0.208870865,-1.23400034,1.965899175,-0.07341296002,-0.003793499001,0.8074024329,0.585403671,0,1
1684,56133333333,0,0,0.2088337348,-1.23295534,1.96995809,-0.07161482589,-0.004082880217,0.805910574,0.5876757554,0,1
1685,56166666667,0,0,0.2078745332,-1.231810662,1.973682416,-0.06969235084,-0.003761380966,0.803926219,0.5906195583,0,1
1686,56200000000,0,0,0.2069322855,-1.22999145,1.976748879,-0.06868843146,-0.003549737563,0.8013996709,0.5941614816,0,1
1687,56233333333,0,0,0.2068224709,-1.228755056,1.979583173,-0.0691734718,-0.003500368819,0.7992209715,0.5970331791,0,1
1688,56266666667,0,1,0.204828631,-1.228017492,1.982389369,-0.06844426341,-0.004421661061,0.7967999831,0.6003379203,0,1
1689,56300000000,0,0,0.2032792964,-1.226389354,1.984905819,-0.0683536303,-0.005312284199,0.7949794572,0.6027497188,0,1
1690,56333333333,0,0,0.202945123,-1.225644598,1.987380845,-0.06930601519,-0.005409771067,0.7937823619,0.6042159983,0,1
1691,56366666667,0,0,0.2019214454,-1.226945549,1.989378215,-0.06898859543,-0.003878809311,0.7921000633,0.6064676564,0,1
1692,56400000000,0,0,0.201222514,-1.226471227,1.992119394,-0.06789255951,-0.002386516236,0.7904839357,0.6087035832,0,1
1693,56433333333,0,0,0.2000616205,-1.226011646,1.994159556,-0.06744212985,-0.0005507825105,0.7892844651,0.6103124519,0,1
1694,56466666667,0,0,0.1986807547,-1.226267077,1.996349598,-0.06738476636,0.001504185411,0.7883098932,0.6115754598,0,1
1695,56500000000,0,1,0.1973041647,-1.225707612,2.001455837,-0.06656532427,0.001636903452,0.7877695657,0.6123605878,0,1
1696,56533333333,0,0,0.1961078081,-1.224684099,2.003849081,-0.06642638947,0.001239285721,0.7871178087,0.6132141177,0,1
1697,56566666667,0,0,0.1947681917,-1.224546726,2.006013627,-0.06666029019,0.0001901516288,0.7871347062,0.6131682671,0,1
1698,56600000000,0,0,0.1934312648,-1.225256604,2.007945478,-0.06628559759,-0.001032959097,0.7869469118,0.6134490284,0,1
1699,56633333333,0,0,0.1926456371,-1.226264342,2.008967304,-0.06559431223,-0.001833291863,0.7861094901,0.6145940895,0,1
1700,56666666667,0,0,0.1911992563,-1.22615392,2.010387512,-0.06436675398,-0.002423946572,0.7857353451,0.615199978,0,1
1701,56700000000,0,0,0.1904251595,-1.226884237,2.012175344,-0.06332894722,-0.002737290525,0.7857993515,0.6152246182,0,1
1702,56733333333,0,0,0.1908246421,-1.227236249,2.014163402,-0.06310733125,-0.002978469821,0.7853373694,0.6158358626,0,1
1703,56766666667,0,0,0.1895830988,-1.226443214,2.016279007,-0.06295060088,-0.002734572463,0.7849764375,0.6163130183,0,1
1704,56800000000,0,0,0.1889796771,-1.226698302,2.017364125,-0.06360387782,-0.002668422847,0.7849796676,0.6162421177,0,1
1705,56833333333,0,0,0.1888297086,-1.227346932,2.018981033,-0.06369766544,-0.002958271704,0.7847543641,0.6165179997,0,1
1706,56866666667,0,1,0.1858565149,-1.22600937,2.021130523,-0.062655481,-0.003121382208,0.7852200485,0.6160308622,0,1
1707,56900000000,0,0,0.1850706169,-1.226739013,2.021921086,-0.06212231322,-0.004027603617,0.7856411193,0.6155425479,0,1
1708,56933333333,0,0,0.1845824458,-1.227886901,2.02308541,-0.06168330894,-0.004865307786,0.7858816592,0.6152735293,0,1
1709,56966666667,0,0,0.1845743801,-1.228349866,2.024111066,-0.06127461475,-0.005934354929,0.7854704545,0.6158298223,0,1
1710,57000000000,0,0,0.1843761024,-1.228037211,2.025504095,-0.0611040386,-0.006896985043,0.7857605994,0.6154664967,0,1
1711,57033333333,0,0,0.1833144616,-1.228462346,2.026875305,-0.06089708463,-0.008171064728,0.7865470567,0.6144660336,0,1
1712,57066666667,0,0,0.1831741154,-1.23051221,2.027613792,-0.06100426411,-0.009004619703,0.7868554745,0.6140487431,0,1
1713,57100000000,0,0,0.1824607617,-1.231972182,2.028165577,-0.06027893841,-0.009712055354,0.7862989972,0.6148219357,0,1
1714,57133333333,0,0,0.1828486183,-1.231431901,2.030038937,-0.06048815679,-0.01068164139,0.7863884442,0.6146708877,0,1
1715,57166666667,0,0,0.1822990913,-1.232669084,2.03080659,-0.06105895782,-0.01081636125,0.7862789448,0.6147521703,0,1
1716,57200000000,0,0,0.1823102262,-1.233174865,2.032165308,-0.06190117708,-0.01051217969,0.7859321676,0.6151165469,0,1
1717,57233333333,0,0,0.1821126006,-1.233808541,2.032501227,-0.06289605415,-0.009611341516,0.7857510999,0.6152616659,0,1
1718,57266666667,0,0,0.1810026003,-1.233711745,2.033629761,-0.06368372699,-0.008464154826,0.7859152388,0.6149877872,0,1
1719,57300000000,0,0,0.1798413314,-1.23456831,2.034055315,-0.06430717023,-0.007749188479,0.7862917807,0.6144507901,0,1
1720,57333333333,0,0,0.1797650187,-1.235975559,2.034183117,-0.06516145695,-0.007465525423,0.7860111917,0.6147232361,0,1
1721,57366666667,0,0,0.1791334245,-1.234859492,2.035999428,-0.06687326832,-0.006724114631,0.7867822047,0.6135605224,0,1
1722,57400000000,0,0,0.1780845298,-1.236370424,2.03601277,-0.06798403761,-0.006572368872,0.7869492335,0.6132257973,0,1
1723,57433333333,0,0,0.1778660466,-1.236563339,2.037303017,-0.06926770062,-0.007442821955,0.7869393395,0.6130848766,0,1
1724,57466666667,0,1,0.1771983283,-1.236266279,2.037150749,-0.07209599016,-0.007038601567,0.7865944662,0.6132061415,0,1
1725,57500000000,0,0,0.1766543709,-1.237742962,2.036273867,-0.07527672452,-0.005382327213,0.7854146107,0.6143519631,0,1
1726,57533333333,0,0,0.1751722802,-1.237843424,2.036180834,-0.07734575422,-0.003132849511,0.7845123757,0.615262669,0,1
1727,57566666667,0,0,0.1730068701,-1.237767653,2.036246274,-0.0774475301,-0.002068022189,0.7847238808,0.6149845805,0,1
1728,57600000000,0,0,0.1724627797,-1.238144508,2.036681033,-0.07717536634,-0.002458182736,0.7853470166,0.6142214451,0,1
1729,57633333333,0,0,0.1718318383,-1.238225683,2.037323534,-0.07789218476,-0.003510882261,0.7860826638,0.6131839258,0,1
1730,57666666667,0,0,0.1713495917,-1.240115335,2.037277692,-0.07903557378,-0.00451637444,0.7862489711,0.612817702,0,1
1731,57700000000,0,0,0.1703891,-1.241160161,2.037397213,-0.079480439,-0.004538439031,0.7855611983,0.6136414801,0,1
1732,57733333333,0,0,0.1688279216,-1.240125208,2.037348119,-0.08006885347,-0.003968629735,0.7855450447,0.6135896116,0,1
1733,57766666667,0,0,0.1667136483,-1.240746956,2.037306831,-0.08030953555,-0.003626687074,0.7857252122,0.6133295334,0,1
1734,57800000000,0,0,0.1643459843,-1.240505362,2.037732314,-0.08069183418,-0.004378572894,0.7856692218,0.6133461746,0,1
1735,57833333333,0,0,0.1622189673,-1.23970219,2.037874599,-0.08223434604,-0.00535011197,0.7860088115,0.6126981613,0,1
1736,57866666667,0,0,0.1607744168,-1.241133102,2.037287957,-0.08391082286,-0.005466504061,0.7856495994,0.6129305002,0,1
1737,57900000000,0,0,0.1575993839,-1.240900747,2.037017739,-0.08377466515,-0.005019773228,0.7849524643,0.6138454498,0,1
1738,57933333333,0,0,0.1563574372,-1.240224651,2.036981452,-0.08426198374,-0.005332403239,0.7846485919,0.6141645307,0,1
1739,57966666667,0,0,0.1547188404,-1.240776693,2.03757633,-0.08505615743,-0.004416382294,0.7841004136,0.6147621386,0,1
1740,58000000000,0,0,0.1515314554,-1.240287076,2.036883991,-0.08552531012,-0.002938252861,0.783310448,0.6157122137,0,1
1741,58033333333,0,0,0.1483685694,-1.239434915,2.036327973,-0.0857957276,-0.001531725869,0.7830501449,0.6160107284,0,1
1742,58066666667,0,1,0.1418677026,-1.242243564,2.034149517,-0.08437997216,0.0007519039458,0.7824688891,0.6169456155,0,1
1743,58100000000,0,0,0.1390508207,-1.242078436,2.033701672,-0.08323424829,0.0004250224855,0.7823287096,0.6172792476,0,1
1744,58133333333,0,0,0.1360274633,-1.242541564,2.032543112,-0.08087311123,-0.0005761692881,0.782250434,0.6176920482,0,1
1745,58166666667,0,0,0.1336211133,-1.242453991,2.031930736,-0.07765394409,-0.002160018397,0.7822968292,0.6180427739,0,1
1746,58200000000,0,0,0.1309769801,-1.242290262,2.030418718,-0.07401716645,-0.003820257135,0.7823511613,0.6184120998,0,1
1747,58233333333,0,0,0.1289151388,-1.242868276,2.029979653,-0.07045941105,-0.00519468595,0.7825443063,0.618573274,0,1
1748,58266666667,0,0,0.1261879661,-1.242680331,2.029454803,-0.06648389162,-0.006812481988,0.7819854707,0.6197033208,0,1
1749,58300000000,0,0,0.1258667358,-1.242835852,2.029087524,-0.06496470172,-0.008332921992,0.781417829,0.6205612995,0,1
1750,58333333333,0,0,0.1234785455,-1.243596496,2.02809503,-0.0638458316,-0.007185637756,0.7798016097,0.6227210659,0,1
1751,58366666667,0,0,0.1197636508,-1.242400734,2.027099827,-0.06166379916,-0.00518797934,0.7785367404,0.624540795,0,1
1752,58400000000,0,0,0.1163620994,-1.241983601,2.02608833,-0.05828834465,-0.004661761245,0.7779712128,0.6255729605,0,1
1753,58433333333,0,0,0.1140804009,-1.241557383,2.026424827,-0.05484883946,-0.005444675671,0.7781260114,0.625685121,0,1
1754,58466666667,0,0,0.1120215568,-1.241244228,2.026739537,-0.05237640549,-0.006602304493,0.7780857563,0.6259358414,0,1
1755,58500000000,0,0,0.1091063828,-1.241433332,2.026558775,-0.05141984084,-0.007405185909,0.7771855681,0.6271233977,0,1
1756,58533333333,0,1,0.1044296157,-1.241639094,2.025907155,-0.05092188735,-0.007060112432,0.7761824815,0.6284090003,0,1
1757,58566666667,0,0,0.1017904704,-1.241257923,2.024864747,-0.05055487783,-0.006626906236,0.7756844005,0.6290580254,0,1
1758,58600000000,0,0,0.09823600897,-1.241867535,2.023133924,-0.04795082911,-0.0061364748,0.775757473,0.6291767675,0,1
1759,58633333333,0,0,0.09601857774,-1.243100309,2.023009708,-0.0439166193,-0.006918064723,0.7759785264,0.6291905892,0,1
1760,58666666667,0,0,0.09412330626,-1.242017118,2.022243486,-0.04134741523,-0.007696875314,0.7761548083,0.6291381906,0,1
1761,58700000000,0,0,0.09228453574,-1.242306008,2.021698163,-0.0409358143,-0.008012969049,0.7771241631,0.6279634436,0,1
1762,58733333333,0,0,0.0899248781,-1.243775252,2.021132195,-0.03982791273,-0.008235376297,0.7771373451,0.6280154957,0,1
1763,58766666667,0,0,0.08742222022,-1.243164819,2.019719899,-0.03843395416,-0.0082261374,0.7771041173,0.6281435765,0,1
1764,58800000000,0,0,0.08478532436,-1.243914362,2.019699916,-0.03637124779,-0.008073790801,0.7778316438,0.6273674203,0,1
1765,58833333333,0,0,0.08275491358,-1.244713633,2.019291684,-0.0336192051,-0.008092238585,0.7774212181,0.6280290712,0,1
1766,58866666667,0,0,0.08039547802,-1.243758018,2.018639292,-0.03138450048,-0.007655564933,0.7769938208,0.6286787795,0,1
1767,58900000000,0,0,0.07810518461,-1.243557807,2.018846443,-0.03010919941,-0.0073201397,0.7770240292,0.6287078094,0,1
1768,58933333333,0,0,0.0759522431,-1.242820741,2.019157039,-0.02920459461,-0.007599081461,0.7768989555,0.6289017082,0,1
1769,58966666667,0,0,0.07310239557,-1.241443653,2.01871705,-0.02836747465,-0.00821322964,0.7768344275,0.6290120043,0,1
1770,59000000000,0,0,0.07038345427,-1.241172219,2.017338239,-0.02738238366,-0.00870215556,0.7770087102,0.6288337951,0,1
1771,59033333333,0,0,0.06841358763,-1.24146116,2.016937526,-0.02594218442,-0.008761084353,0.7774176948,0.6283883945,0,1
1772,59066666667,0,0,0.0673552748,-1.241206988,2.016858254,-0.02483763284,-0.008331678201,0.7780212817,0.6276914531,0,1
1773,59100000000,0,0,0.06519552637,-1.241464159,2.016744646,-0.02360304877,-0.007749910537,0.7784033451,0.6272727217,0,1
1774,59133333333,0,0,0.06390370733,-1.241349675,2.017742863,-0.02374040066,-0.00761988199,0.778884142,0.6266720228,0,1
1775,59166666667,0,1,0.06060280028,-1.242405521,2.017339636,-0.02509530539,-0.00676685093,0.7783340978,0.6273120975,0,1
1776,59200000000,0,0,0.05809214007,-1.241758944,2.015938175,-0.02699250453,-0.006583209972,0.7789825432,0.6264297754,0,1
1777,59233333333,0,0,0.05662617087,-1.244167531,2.014370724,-0.02713502381,-0.006068462039,0.7797460281,0.6254782137,0,1
1778,59266666667,0,0,0.0554808222,-1.244926859,2.013918019,-0.02567759536,-0.005405010239,0.7800985298,0.6251061756,0,1
1779,59300000000,0,0,0.05497446624,-1.245237791,2.013948141,-0.02496331999,-0.004648999262,0.7808444735,0.6242092018,0,1
1780,59333333333,0,0,0.05480027336,-1.246118898,2.014008518,-0.02537853069,-0.003159590127,0.7811494421,0.6238200832,0,1
1781,59366666667,0,0,0.05374715092,-1.246122126,2.014778759,-0.02564520621,-0.001744541656,0.7813656855,0.6235438601,0,1
1782,59400000000,0,0,0.05231064022,-1.246395479,2.015054582,-0.02583060309,-0.0006270605002,0.7812921608,0.6236304564,0,1
1783,59433333333,0,0,0.05053254941,-1.246124665,2.014768007,-0.02548398075,-1.83478123e-06,0.7811291559,0.6238491873,0,1
1784,59466666667,0,0,0.04926613428,-1.246428997,2.014996077,-0.02485701944,0.0002423263188,0.7814474988,0.6234756423,0,1
1785,59500000000,0,0,0.04822930222,-1.247765707,2.014547185,-0.02446028037,0.001933524375,0.7811654473,0.6238417269,0,1
1786,59533333333,0,0,0.04685612806,-1.248186662,2.015557668,-0.02339126793,0.004087734976,0.7810189934,0.6240556634,0,1
1787,59566666667,0,0,0.04390867844,-1.247440372,2.016426871,-0.02211316896,0.00597515215,0.7809738504,0.6241435334,0,1
1788,59600000000,0,0,0.04257418758,-1.246787196,2.017538376,-0.02307135229,0.007407196437,0.781636336,0.6232635754,0,1
1789,59633333333,0,0,0.03967672677,-1.247120129,2.017634986,-0.02432294081,0.009415730648,0.7821275207,0.622572309,0,1
1790,59666666667,0,0,0.03685178677,-1.248249355,2.01756097,-0.02440092281,0.010852186,0.7824250981,0.6221718339,0,1
1791,59700000000,0,0,0.03358330905,-1.249119896,2.017626451,-0.02321741945,0.0123627088,0.7828785843,0.6216182407,0,1
1792,59733333333,0,0,0.03062944643,-1.250575246,2.018907518,-0.02118736241,0.01309854724,0.7835454127,0.6208350103,0,1
1793,59766666667,0,0,0.02791234572,-1.250776859,2.019802736,-0.01918925028,0.01288480032,0.783761068,0.6206322122,0,1
1794,59800000000,0,0,0.02445733661,-1.250891982,2.020482912,-0.01711645806,0.01161413352,0.7840858785,0.620307564,0,1
1795,59833333333,0,1,0.0190967843,-1.25235319,2.019701776,-0.01485758428,0.01038771218,0.7837245378,0.6208439389,0,1
1796,59866666667,0,0,0.01568958888,-1.252834841,2.018869119,-0.01364630155,0.009172801216,0.7834697862,0.6212123085,0,1
1797,59900000000,0,0,0.01134960808,-1.25354967,2.018200356,-0.01089976001,0.008403815773,0.7840644465,0.6205268043,0,1
1798,59933333333,0,0,0.008053785066,-1.254830156,2.018020953,-0.006649798736,0.006734609986,0.7850170161,0.6194018968,0,1
1799,59966666667,0,0,0.004493352574,-1.255360612,2.017365765,-0.003184086439,0.005666547682,0.7860340799,0.6181489926,0,1
1800,60000000000,0,0,0.001727599493,-1.25644241,2.018261306,-0.001595886425,0.005205611225,0.7876356291,0.6161172539,0,1
1801,60033333333,0,0,-0.001231636132,-1.259186754,2.018777617,-0.0002147191056,0.005332808967,0.7877627108,0.6159557018,0,1
1802,60066666667,0,0,-0.005788497132,-1.260171244,2.018207921,0.001475127405,0.006113474355,0.7869636574,0.6169673017,0,1
1803,60100000000,0,0,-0.01005702417,-1.261104218,2.018765381,0.003275193309,0.006538627418,0.7868311809,0.6171249568,0,1
1804,60133333333,0,0,-0.01490093364,-1.261720188,2.020136345,0.006809112694,0.005286556335,0.7868044602,0.617142147,0,1
1805,60166666667,0,0,-0.01903734008,-1.262570403,2.020673383,0.01032639301,0.002507710231,0.7866437538,0.6173157066,0,1
1806,60200000000,0,0,-0.02261796076,-1.263184562,2.02164785,0.01227323679,-0.0005791546899,0.7869401589,0.6169069772,0,1
1807,60233333333,0,1,-0.02850985346,-1.26533355,2.020072642,0.01334110066,-0.001647573414,0.7864198962,0.6175459881,0,1
1808,60266666667,0,0,-0.03284072715,-1.266891966,2.019498706,0.01356186303,-0.001534647912,0.7860813691,0.617972331,0,1
1809,60300000000,0,0,-0.0381018746,-1.268352526,2.019587923,0.01470485038,-0.000309045714,0.7860593168,0.6179760694,0,1
1810,60333333333,0,0,-0.0425587192,-1.269909667,2.020799976,0.0166769092,-4.512430713e-05,0.7860704375,0.6179119241,0,1
1811,60366666667,0,0,-0.046656407,-1.270984062,2.022043835,0.01806591477,-0.0007164039267,0.785735714,0.618298065,0,1
1812,60400000000,0,0,-0.05127496099,-1.270662523,2.023587785,0.01811635527,-0.001531400335,0.7856994269,0.6183412189,0,1
1813,60433333333,0,0,-0.05518598986,-1.272568905,2.024400989,0.01758797995,-0.002720866413,0.7854029802,0.6187288733,0,1
1814,60466666667,0,0,-0.06012491499,-1.273394346,2.023449429,0.01865475191,-0.003576895972,0.7840831598,0.6203650575,0,1
1815,60500000000,0,0,-0.0649822787,-1.272779197,2.02320763,0.02023201642,-0.004845003103,0.7839129438,0.6205221092,0,1
1816,60533333333,0,0,-0.06869166422,-1.274254903,2.022640107,0.02167574702,-0.006053771131,0.7840353179,0.6203080961,0,1
1817,60566666667,0,0,-0.07255400856,-1.274853508,2.022453919,0.02340318772,-0.007136345541,0.7841749592,0.6200572528,0,1
1818,60600000000,0,0,-0.07628898103,-1.276076094,2.022284631,0.02462173194,-0.007920089645,0.7845659173,0.6195057416,0,1
1819,60633333333,0,1,-0.08113749343,-1.276727713,2.02022642,0.02572675626,-0.007709281197,0.7846211162,0.6193935784,0,1
1820,60666666667,0,0,-0.08411297041,-1.278351766,2.020710858,0.02606888055,-0.007722816137,0.7854759683,0.6182946504,0,1
1821,60700000000,0,0,-0.08730471036,-1.28008171,2.019990347,0.02705476587,-0.007382253229,0.7856992561,0.6179726701,0,1
1822,60733333333,0,0,-0.09049514179,-1.28093966,2.020267937,0.02845642084,-0.007302063887,0.7863722753,0.6170539333,0,1
1823,60766666667,0,0,-0.09280221357,-1.282876218,2.020884324,0.02921493165,-0.00740196262,0.7869130798,0.6163274321,0,1
1824,60800000000,0,0,-0.09572995324,-1.284093895,2.02162948,0.02977542921,-0.007083599567,0.7870563435,0.616121383,0,1
1825,60833333333,0,0,-0.09872657621,-1.285516134,2.022719971,0.0304996058,-0.006989880962,0.7869837088,0.6161798095,0,1
1826,60866666667,0,0,-0.1015411437,-1.285944575,2.024180007,0.0315464535,-0.007110040109,0.7868044327,0.616354649,0,1
1827,60900000000,0,0,-0.1041106163,-1.286857912,2.025168151,0.03281956698,-0.007835354468,0.7865151865,0.6166484774,0,1
1828,60933333333,0,0,-0.1067042635,-1.287961533,2.026215173,0.03426749646,-0.008817847695,0.7861893181,0.6169719121,0,1
1829,60966666667,0,0,-0.1089280238,-1.288419063,2.027111792,0.0352897207,-0.009793800587,0.7859791018,0.6171673749,0,1
1830,61000000000,0,0,-0.111350062,-1.2901789,2.028368654,0.03606285753,-0.009943388815,0.7856759897,0.6175061445,0,1
1831,61033333333,0,0,-0.1139260261,-1.290520809,2.029142656,0.03697340393,-0.009492983985,0.7851848711,0.6180837879,0,1
1832,61066666667,0,1,-0.1177220094,-1.289936873,2.03062127,0.03829085662,-0.00869625071,0.785206697,0.6179875634,0,1
1833,61100000000,0,0,-0.1200611967,-1.290404325,2.031374171,0.0391304488,-0.008308245072,0.7849679721,0.6182435312,0,1
1834,61133333333,0,0,-0.1225506,-1.29122749,2.031687413,0.04020520546,-0.008217698978,0.784884822,0.6182813494,0,1
1835,61166666667,0,0,-0.1250552607,-1.291427706,2.032490094,0.04148405016,-0.008480672023,0.7850020566,0.6180444344,0,1
1836,61200000000,0,0,-0.1267754342,-1.292809721,2.033217735,0.04220291696,-0.008749262105,0.7852660072,0.6176565892,0,1
1837,61233333333,0,0,-0.1287583388,-1.293956928,2.03369286,0.04322754464,-0.008254988435,0.785267248,0.6175909518,0,1
1838,61266666667,0,0,-0.1312570469,-1.295433257,2.034232797,0.0446418137,-0.006977709629,0.7851088139,0.617707512,0,1
1839,61300000000,0,0,-0.1330671445,-1.296252303,2.034785882,0.04628043541,-0.005535443412,0.7847436319,0.6180654596,0,1
1840,61333333333,0,0,-0.1348602674,-1.297172584,2.036323485,0.04838405138,-0.004274073788,0.7842782973,0.6185048652,0,1
1841,61366666667,0,0,-0.1380396012,-1.296556649,2.037013003,0.05079364772,-0.003213474615,0.7835477043,0.6192436305,0,1
1842,61400000000,0,0,-0.1402103489,-1.296463305,2.036985616,0.05225198356,-0.002729778466,0.7833927468,0.6193206623,0,1
1843,61433333333,0,0,-0.1422131476,-1.297427974,2.038542221,0.05394332811,-0.002185026593,0.7833970696,0.6191723301,0,1
1844,61466666667,0,0,-0.1447753222,-1.297340691,2.03867876,0.05633668023,-0.001660787108,0.7832342817,0.6191667629,0,1
1845,61500000000,0,0,-0.1462601602,-1.298160832,2.040356025,0.05809079427,-0.001826923659,0.7832902059,0.6189334176,0,1
1846,61533333333,0,0,-0.1480681012,-1.298413988,2.041453991,0.05899282231,-0.0017572543,0.7831870557,0.6189788323,0,1
1847,61566666667,0,0,-0.1498260315,-1.298614919,2.042530921,0.0593256037,-0.001982541751,0.7831944518,0.6189369862,0,1
1848,61600000000,0,0,-0.1522112554,-1.298909682,2.042335891,0.05958818903,-0.001556889131,0.7830682085,0.6190726973,0,1
1849,61633333333,0,0,-0.1538225583,-1.299823462,2.042378533,0.06011892123,-0.00137675684,0.7829173221,0.6192126344,0,1
1850,61666666667,0,1,-0.1573046276,-1.299886586,2.04079709,0.06288057599,-0.001357146009,0.7823192363,0.6196941212,0,1
1851,61700000000,0,0,-0.158390407,-1.30051779,2.042016582,0.06533725683,-0.002576512935,0.7825965201,0.6190856897,0,1
1852,61733333333,0,0,-0.1598295321,-1.300646595,2.043316262,0.06661441635,-0.004241975295,0.7826935104,0.6188177389,0,1
1853,61766666667,0,0,-0.1613633338,-1.300663974,2.044125942,0.06622416641,-0.00601560871,0.782524854,0.6190581759,0,1
1854,61800000000,0,0,-0.1629833961,-1.300394045,2.044126153,0.06393142088,-0.006922143355,0.7824693246,0.6193598416,0,1
1855,61833333333,0,0,-0.1661389393,-1.300893512,2.042590883,0.06261232455,-0.006528021452,0.7821935559,0.6198470156,0,1
1856,61866666667,0,0,-0.1698917169,-1.30045366,2.04075393,0.06355694641,-0.006487465558,0.7823167291,0.6195958059,0,1
1857,61900000000,0,0,-0.1724839781,-1.300389952,2.040948904,0.06435601134,-0.007899272054,0.783706812,0.6177374346,0,1
1858,61933333333,0,0,-0.1745232892,-1.301513014,2.041649514,0.06331245961,-0.00940510593,0.7847342514,0.6165186381,0,1
1859,61966666667,0,0,-0.1769178456,-1.301835689,2.040785302,0.06098604035,-0.009940918334,0.7847936121,0.6166691718,0,1
1860,62000000000,0,0,-0.1794618359,-1.302450469,2.039820723,0.05783682739,-0.008984302569,0.7848564951,0.6169071776,0,1
1861,62033333333,0,0,-0.1826588394,-1.303081846,2.038075161,0.05572602408,-0.006909978458,0.7842242044,0.6179314361,0,1
1862,62066666667,0,0,-0.1863484612,-1.301889814,2.03732042,0.05433496129,-0.005315341852,0.7843885354,0.6178625127,0,1
1863,62100000000,0,0,-0.1897471015,-1.30206654,2.035959098,0.05261761292,-0.004179498021,0.7843115884,0.6181175058,0,1
1864,62133333333,0,1,-0.1947594596,-1.301644644,2.034084719,0.05187517786,-0.003305615196,0.784104581,0.6184480939,0,1
1865,62166666667,0,0,-0.1981961876,-1.301594809,2.031892841,0.05101361918,-0.00296876073,0.7842251218,0.6183686243,0,1
1866,62200000000,0,0,-0.201839286,-1.302186345,2.02961932,0.05135995934,-0.002080181841,0.7839622533,0.6186768242,0,1
1867,62233333333,0,0,-0.2056969922,-1.301025089,2.028686274,0.05248014763,-0.002803698048,0.7842855666,0.6181699794,0,1
1868,62266666667,0,0,-0.2092689977,-1.300566897,2.027713094,0.05257928636,-0.005015662978,0.7849037179,0.6173624667,0,1
1869,62300000000,0,0,-0.2128778444,-1.300256309,2.024643344,0.05136557471,-0.00589491558,0.7848289092,0.61755195,0,1
1870,62333333333,0,0,-0.2167380405,-1.301771117,2.021840766,0.05081690609,-0.005800210965,0.7844313607,0.6181030982,0,1
1871,62366666667,0,0,-0.2209180321,-1.301374329,2.018328782,0.05165727768,-0.004281141646,0.7830216757,0.619830826,0,1
1872,62400000000,0,0,-0.2251417137,-1.300897647,2.014196585,0.05277810375,-0.001640178123,0.7819167249,0.6211425093,0,1
1873,62433333333,0,0,-0.2298987531,-1.299873209,2.01086206,0.05512415112,0.0005101215748,0.7814517644,0.6215257096,0,1
1874,62466666667,0,1,-0.2349384564,-1.298207404,2.007815847,0.05934932206,0.0003533927808,0.7817724361,0.6207329468,0,1
1875,62500000000,0,0,-0.2394502609,-1.29679037,2.004393707,0.0631640704,-0.0005369157401,0.7828146976,0.6190405166,0,1
1876,62533333333,0,0,-0.2434619064,-1.296642824,2.001238145,0.06570037969,-0.001793353912,0.7841143318,0.6171263716,0,1
1877,62566666667,0,0,-0.2466145615,-1.297119321,1.998322576,0.06618745682,-0.002551614037,0.7849676582,0.6159857834,0,1
1878,62600000000,0,0,-0.2509903745,-1.296747294,1.994533248,0.0658575288,-0.002024287076,0.7854766932,0.6153739128,0,1
1879,62633333333,0,0,-0.2551890939,-1.296815156,1.991474985,0.06541180122,-0.001553021151,0.7858942237,0.6148895458,0,1
1880,62666666667,0,0,-0.2600554636,-1.296190625,1.988064143,0.06586971563,-0.001300533236,0.7861525833,0.6145108665,0,1
1881,62700000000,0,1,-0.2662245613,-1.293964019,1.98504812,0.06733685503,-0.002535559269,0.7870580292,0.613187555,0,1
1882,62733333333,0,0,-0.2705791834,-1.293650978,1.982245538,0.06879298587,-0.005627078257,0.7879919776,0.6118043023,0,1
1883,62766666667,0,0,-0.2746829859,-1.292952021,1.977767511,0.07009532336,-0.008869412278,0.7888726347,0.6104817323,0,1
1884,62800000000,0,0,-0.2779356829,-1.293947273,1.972880214,0.07062936539,-0.009802102787,0.7894320506,0.6096822525,0,1
1885,62833333333,0,0,-0.2813747468,-1.293717904,1.968758039,0.07157046754,-0.007413552483,0.7891319308,0.6099946748,0,1
1886,62866666667,0,0,-0.2847039766,-1.29319967,1.964833331,0.07267373583,-0.003172019634,0.789176798,0.6098429698,0,1
1887,62900000000,0,1,-0.2892348907,-1.292145121,1.962651334,0.07520511885,9.253672605e-05,0.7895294853,0.6090873282,0,1
1888,62933333333,0,0,-0.2921192224,-1.290668012,1.960709249,0.07677816949,0.001643933993,0.7897374465,0.6086190728,0,1
1889,62966666667,0,0,-0.2952617287,-1.288520434,1.958496721,0.07655899939,0.002804815995,0.7906894437,0.6074051829,0,1
1890,63000000000,0,0,-0.2987335976,-1.288371714,1.955450081,0.07696685791,0.002914539549,0.79144102,0.6063734164,0,1
1891,63033333333,0,0,-0.3016008488,-1.288136741,1.952863883,0.07834643815,0.002618474765,0.7918817943,0.605622162,0,1
1892,63066666667,0,0,-0.3042982168,-1.288078212,1.95007643,0.08008863621,0.003355533358,0.7919569487,0.6052922783,0,1
1893,63100000000,0,0,-0.307178226,-1.287587169,1.948086046,0.08263088916,0.004903435321,0.7919088622,0.6050028483,0,1
1894,63133333333,0,0,-0.3096508975,-1.286607901,1.946258057,0.08472652221,0.006292753166,0.7916076435,0.6050943368,0,1
1895,63166666667,0,0,-0.3125798777,-1.285372973,1.944069163,0.08723099051,0.007253124178,0.7917598621,0.6045283014,0,1
1896,63200000000,0,0,-0.3154796029,-1.285129692,1.942493005,0.0904874903,0.00734646519,0.7920174959,0.6037104685,0,1
1897,63233333333,0,1,-0.3172204305,-1.285207336,1.941719193,0.09340235219,0.006990884853,0.7920548576,0.6032215436,0,1
1898,63266666667,0,0,-0.3198973985,-1.284060037,1.940018932,0.09646503418,0.007547791188,0.7918208627,0.6030400065,0,1
1899,63300000000,0,0,-0.3226124683,-1.284404428,1.938327242,0.1004987339,0.007344094953,0.7915438727,0.6027473487,0,1
1900,63333333333,0,0,-0.3257375027,-1.28354972,1.937110746,0.1056910385,0.006750867384,0.7912421581,0.6022621335,0,1
1901,63366666667,0,0,-0.3281678717,-1.282819204,1.936218448,0.1098344905,0.006919967585,0.790921634,0.6019397542,0,1
1902,63400000000,0,0,-0.3314646736,-1.282669581,1.934297347,0.1140621304,0.007796205646,0.7903641381,0.6018750524,0,1
1903,63433333333,0,0,-0.3341251267,-1.283356837,1.933395517,0.1188670261,0.008364806974,0.7894671464,0.6021148436,0,1
1904,63466666667,0,0,-0.3375602687,-1.282194255,1.931751049,0.1245195026,0.008345429401,0.7882533918,0.6025627251,0,1
1905,63500000000,0,0,-0.3405402264,-1.28186906,1.930541482,0.1295755962,0.007848547648,0.7878782321,0.6019937347,0,1
1906,63533333333,0,0,-0.3441091413,-1.281678166,1.930016504,0.1354158672,0.006303963242,0.7875642089,0.601136773,0,1
1907,63566666667,0,1,-0.3485457124,-1.281553216,1.928624613,0.1413412598,0.004943442628,0.7871383005,0.6003428241,0,1
1908,63600000000,0,0,-0.3523210831,-1.282040354,1.927264832,0.1465882826,0.004254351083,0.7864920241,0.5999367232,0,1
1909,63633333333,0,0,-0.3558872143,-1.283717356,1.92667169,0.151411329,0.004555604493,0.7853885406,0.6001822191,0,1
1910,63666666667,0,0,-0.3597152422,-1.283925687,1.925843996,0.1564260528,0.005494206543,0.7836355146,0.6011789117,0,1
1911,63700000000,0,0,-0.3641718376,-1.282713962,1.924623605,0.1618870453,0.006119860055,0.7824298358,0.6012975003,0,1
1912,63733333333,0,0,-0.368419309,-1.283356274,1.924762205,0.1670835683,0.005353616723,0.78178866,0.6007169975,0,1
1913,63766666667,0,0,-0.3729944806,-1.282661597,1.923044643,0.1714928252,0.004820079896,0.7811303696,0.6003351759,0,1
1914,63800000000,0,0,-0.3775698407,-1.283350681,1.921825948,0.1751800992,0.004425649428,0.7808925601,0.5995824848,0,1
1915,63833333333,0,0,-0.3825101366,-1.283633551,1.920303756,0.1795964219,0.003985917483,0.7807297221,0.598490049,0,1
1916,63866666667,0,1,-0.3848118125,-1.286463016,1.919334318,0.1830939243,0.002886369383,0.7801919482,0.5981377832,0,1
1917,63900000000,0,0,-0.3892422949,-1.286456353,1.918454612,0.1872811636,0.002952591797,0.779662561,0.5975310359,0,1
1918,63933333333,0,0,-0.3936171412,-1.288187612,1.918336419,0.1907563505,0.003270730569,0.7794150427,0.5967524682,0,1
1919,63966666667,0,0,-0.398142745,-1.288905573,1.918675323,0.1942165713,0.003286640122,0.7791871066,0.5959333639,0,1
1920,64000000000,0,0,-0.4026422077,-1.290427236,1.919739862,0.1964423194,0.002655631244,0.7790199398,0.595425307,0,1
1921,64033333333,0,0,-0.4074504321,-1.289983314,1.919007156,0.1971989513,0.003087288944,0.7787096613,0.5955789667,0,1
1922,64066666667,0,0,-0.4122882829,-1.291171424,1.918134622,0.1975458246,0.004096537062,0.7782483507,0.5960607102,0,1
1923,64100000000,0,0,-0.4172165981,-1.291961382,1.917267553,0.1997154292,0.004390747668,0.7775080801,0.5963016468,0,1
1924,64133333333,0,0,-0.4214429455,-1.292645526,1.916934918,0.2031227515,0.002436746556,0.7769457357,0.5958947338,0,1
1925,64166666667,0,1,-0.4245787274,-1.292658785,1.915036019,0.205368757,4.420065911e-05,0.7767575647,0.5953749721,0,1
1926,64200000000,0,0,-0.4291387555,-1.293790557,1.916755428,0.2073050104,-0.003139553787,0.7772281686,0.594080087,0,1
1927,64233333333,0,0,-0.4335337139,-1.294576878,1.91634863,0.2078356127,-0.00598977561,0.7770116894,0.5941559688,0,1
1928,64266666667,0,0,-0.4379133635,-1.295577107,1.914275752,0.2082280575,-0.007799389393,0.7763390833,0.5948763514,0,1
1929,64300000000,0,0,-0.4421808658,-1.297306511,1.912696758,0.2103622705,-0.00953036307,0.7754170819,0.5953026428,0,1
1930,64333333333,0,0,-0.4459114969,-1.298773021,1.911882226,0.2128632381,-0.01042992259,0.774276037,0.5958834425,0,1
1931,64366666667,0,0,-0.4504957574,-1.298501787,1.910843222,0.2158366603,-0.01024255576,0.7736365999,0.5956475782,0,1
1932,64400000000,0,1,-0.4541869357,-1.300023695,1.911008438,0.2179107389,-0.01062045831,0.7733111145,0.5953083537,0,1
1933,64433333333,0,0,-0.4586116025,-1.300915094,1.911670635,0.219663566,-0.01151872056,0.7729162122,0.5951602858,0,1
1934,64466666667,0,0,-0.4628884563,-1.30069312,1.910884015,0.2206805166,-0.01206580645,0.7726852715,0.5950731024,0,1
1935,64500000000,0,0,-0.4673477424,-1.301440957,1.910208911,0.2218528005,-0.01301287329,0.7724327874,0.5949450302,0,1
1936,64533333333,0,0,-0.471716078,-1.3011047,1.910777783,0.2226170655,-0.01463709075,0.7727223238,0.5942454106,0,1
1937,64566666667,0,0,-0.4756054196,-1.300518225,1.909096254,0.2219213267,-0.01465309735,0.7726927918,0.5945435736,0,1
1938,64600000000,0,0,-0.478927805,-1.301587638,1.907864428,0.220313927,-0.0133180816,0.7725806939,0.5953179601,0,1
1939,64633333333,0,0,-0.4822612876,-1.300852199,1.907022748,0.2192940022,-0.01186636973,0.7724667883,0.5958727976,0,1
1940,64666666667,0,0,-0.4854800724,-1.299328432,1.906050844,0.2174658733,-0.01018671691,0.7730044489,0.5958766204,0,1
1941,64700000000,0,1,-0.488184389,-1.299444689,1.902608423,0.2142451137,-0.007913996865,0.7736142238,0.596286368,0,1
1942,64733333333,0,0,-0.4904944549,-1.298892714,1.899634178,0.2111910847,-0.005441737555,0.7746640257,0.5960405696,0,1
1943,64766666667,0,0,-0.4931684366,-1.298971048,1.896567426,0.2100031012,-0.003262127022,0.7756914922,0.595139282,0,1
1944,64800000000,0,0,-0.495300533,-1.300133994,1.89475402,0.2110837165,-0.003389689423,0.7765227636,0.5936704239,0,1
1945,64833333333,0,0,-0.4971850637,-1.29808188,1.892371914,0.2130068291,-0.005190447311,0.7776737238,0.591459829,0,1
1946,64866666667,0,0,-0.4982710614,-1.298991619,1.89012298,0.2123781692,-0.006191794284,0.7795297378,0.5892287865,0,1
1947,64900000000,0,0,-0.498889368,-1.302397556,1.888867952,0.2104351525,-0.006892924649,0.7799183539,0.5894038475,0,1
1948,64933333333,0,1,-0.500170387,-1.305872466,1.88637498,0.2090628388,-0.007407808307,0.7775878393,0.5929544721,0,1
1949,64966666667,0,0,-0.5006124007,-1.302506498,1.881448959,0.2085542635,-0.007908500868,0.7738325888,0.598018143,0,1
1950,65000000000,0,0,-0.5002024816,-1.303626392,1.876220068,0.2071393214,-0.005961849574,0.7706921358,0.6025706512,0,1
1951,65033333333,0,0,-0.5002911669,-1.305918638,1.871239549,0.2081269558,-0.002180188236,0.7655064202,0.6088335878,0,1
1952,65066666667,0,0,-0.5003307599,-1.29921779,1.86444006,0.2121507659,0.0006836463652,0.7611579075,0.6128867963,0,1
1953,65100000000,0,0,-0.500606896,-1.295440556,1.860399922,0.2144247846,0.001769849736,0.7603166138,0.6131374447,0,1
1954,65133333333,0,0,-0.5014170429,-1.292482464,1.856170774,0.2152717113,0.001195042221,0.7606508511,0.6124270936,0,1
1955,65166666667,0,1,-0.5019313277,-1.291145817,1.850334465,0.2147237462,-0.001597259517,0.7617161335,0.6112934594,0,1
1956,65200000000,0,0,-0.5010253883,-1.291629391,1.844900617,0.2122489387,-0.005294619344,0.7626970941,0.6109136581,0,1
1957,65233333333,0,0,-0.4998022013,-1.291998507,1.838789353,0.2091852046,-0.006508285543,0.7627208514,0.6119281782,0,1
1958,65266666667,0,0,-0.4990358196,-1.292204903,1.831895335,0.2081484801,-0.006222611706,0.7618307771,0.6133916826,0,1
1959,65300000000,0,0,-0.4981299205,-1.291768081,1.826998457,0.209368756,-0.007613073746,0.7613097285,0.6136075801,0,1
1960,65333333333,0,0,-0.4968448349,-1.291272649,1.820517783,0.209987662,-0.00865196134,0.7603353327,0.6145897064,0,1
1961,65366666667,0,1,-0.4957970387,-1.290051916,1.811227409,0.2103666906,-0.007850274638,0.7593519561,0.6156856629,0,1
1962,65400000000,0,0,-0.4955499014,-1.289100691,1.806141006,0.2104313298,-0.007487404217,0.759693531,0.6152465629,0,1
1963,65433333333,0,0,-0.4937223216,-1.288599289,1.7978483,0.2090924364,-0.006343605132,0.7591094346,0.6164357046,0,1
1964,65466666667,0,0,-0.4926750058,-1.288085142,1.791816004,0.2087736372,-0.004051105353,0.7593026044,0.6163251673,0,1
1965,65500000000,0,0,-0.4907080025,-1.287096529,1.785542514,0.2085488856,-0.002618875826,0.7599483952,0.6156126545,0,1
1966,65533333333,0,0,-0.4891995773,-1.288847785,1.781119522,0.2079099564,-0.0009580594786,0.7607310459,0.614866496,0,1
1967,65566666667,0,1,-0.4877057871,-1.286173206,1.772430237,0.2089723676,-0.001994500817,0.7598612458,0.6155789622,0,1
1968,65600000000,0,0,-0.4862686003,-1.285116061,1.765772518,0.2089451455,-0.002424891836,0.7605437356,0.6147432573,0,1
1969,65633333333,0,0,-0.4848028644,-1.287710516,1.760804927,0.2086924383,-0.002361439422,0.7603618327,0.6150542847,0,1
1970,65666666667,0,0,-0.4836400447,-1.2853454,1.755888406,0.2085475227,-0.002951142113,0.7595332152,0.6161237835,0,1
1971,65700000000,0,0,-0.4816734596,-1.28537532,1.74862386,0.2070766643,-0.001684124436,0.7589377636,0.6173571817,0,1
1972,65733333333,0,0,-0.4818630909,-1.285561628,1.745404957,0.2065275244,-0.001957911503,0.7586529746,0.6178901297,0,1
1973,65766666667,0,1,-0.4807398984,-1.28084505,1.735113296,0.2055487563,-0.003901643277,0.7575658185,0.6195389549,0,1
1974,65800000000,0,0,-0.4791664019,-1.277315288,1.727529997,0.2023325275,-0.004691411675,0.7601374318,0.6174387612,0,1
1975,65833333333,0,0,-0.4785016938,-1.28147611,1.723117028,0.1988465577,-0.006661560573,0.7633644377,0.6145652165,0,1
1976,65866666667,0,0,-0.477778768,-1.281820568,1.717845679,0.196641618,-0.009065163517,0.7644678555,0.6138719694,0,1
1977,65900000000,0,0,-0.4763120933,-1.281819669,1.709805518,0.1961236357,-0.0102022768,0.7650736831,0.6132647817,0,1
1978,65933333333,0,0,-0.4750869487,-1.286836684,1.706407711,0.1961425937,-0.01153943342,0.7648276433,0.613541849,0,1
1979,65966666667,0,1,-0.4750385905,-1.282587992,1.693596143,0.1971749801,-0.008815185501,0.7614250098,0.6174757276,0,1
1980,66000000000,0,0,-0.4744136275,-1.284564885,1.688134698,0.1979885628,-0.00562495544,0.7595834071,0.6195175031,0,1
1981,66033333333,0,0,-0.4740602067,-1.287258762,1.684971874,0.1992078061,-0.004910660758,0.7567142827,0.6226360331,0,1
1982,66066666667,0,0,-0.4739255759,-1.285326939,1.67741735,0.1984015854,-0.000545390767,0.751450331,0.6292526627,0,1
1983,66100000000,0,0,-0.4743112215,-1.280803264,1.670549291,0.1968517728,0.007090405015,0.7478544314,0.6339659731,0,1
1984,66133333333,0,0,-0.4748671626,-1.276920749,1.666561707,0.1936004307,0.01341568553,0.7473367344,0.6354736013,0,1
1985,66166666667,0,1,-0.4762652951,-1.272360677,1.660023533,0.1893058034,0.01685287522,0.7485441866,0.6352644285,0,1
1986,66200000000,0,0,-0.4782125805,-1.274526567,1.65633469,0.1834111086,0.01681368747,0.7514629972,0.6335463906,0,1
1987,66233333333,0,0,-0.4793909664,-1.271386065,1.651046761,0.1786993688,0.01475902536,0.7523963303,0.6338363108,0,1
1988,66266666667,0,0,-0.4781288943,-1.269244087,1.640247633,0.1763476167,0.0157032967,0.7542844564,0.6322261331,0,1
1989,66300000000,0,0,-0.4791035257,-1.26971341,1.63516319,0.1770552391,0.01698508982,0.7572416805,0.6284488733,0,1
1990,66333333333,0,0,-0.4794812548,-1.268769775,1.628604962,0.178167665,0.01990050943,0.7600154734,0.6246893092,0,1
1991,66366666667,0,1,-0.4808339189,-1.270512591,1.622968939,0.1811981409,0.02107406239,0.762767591,0.6204101222,0,1
1992,66400000000,0,0,-0.4819948015,-1.270791991,1.621189825,0.183303913,0.01907495476,0.7652905922,0.6167383003,0,1
1993,66433333333,0,0,-0.483138843,-1.271527895,1.617731902,0.1840542873,0.01612103473,0.7666104935,0.6149573016,0,1
1994,66466666667,0,0,-0.4844579283,-1.272940263,1.614051637,0.184131196,0.01312675211,0.7668862053,0.614661646,0,1
1995,66500000000,0,0,-0.485637341,-1.27469739,1.610638429,0.1839091961,0.009963335508,0.7652689864,0.6167994147,0,1
1996,66533333333,0,0,-0.4864240455,-1.271301557,1.604404611,0.1861982817,0.004997537826,0.76278833,0.619240816,0,1
1997,66566666667,0,1,-0.4869911317,-1.266600194,1.597153003,0.1889567096,0.001282450385,0.7621585827,0.619199493,0,1
1998,66600000000,0,0,-0.4878261193,-1.264481477,1.592053575,0.1901380963,-0.001170910534,0.7625913546,0.6183045845,0,1
1999,66633333333,0,0,-0.4894126829,-1.263168706,1.586914934,0.1911285609,-0.003889881024,0.7638942771,0.6163767317,0,1
2000,66666666667,0,0,-0.4903067821,-1.262582604,1.582110967,0.1922402801,-0.008083103236,0.7655570976,0.6139223636,0,1
2001,66700000000,0,0,-0.4910495427,-1.261223747,1.57619559,0.1927283807,-0.01113583533,0.7678952176,0.6107934996,0,1
2002,66733333333,0,0,-0.4923873073,-1.264550668,1.571788552,0.1918973504,-0.01264918029,0.769986495,0.6083882006,0,1
2003,66766666667,0,1,-0.4944527013,-1.269913288,1.568997347,0.1932984863,-0.01631959695,0.7696001831,0.6083460562,0,1
2004,66800000000,0,0,-0.4958574448,-1.269645511,1.565389364,0.1969415333,-0.02267003054,0.7665291095,0.6108463198,0,1
2005,66833333333,0,0,-0.4964871257,-1.268406149,1.559760572,0.1991114877,-0.02815371186,0.7631069964,0.6141902767,0,1
2006,66866666667,0,0,-0.4972863783,-1.267973539,1.555065954,0.1980900418,-0.03119513254,0.7602167764,0.617946318,0,1
2007,66900000000,0,0,-0.4967048242,-1.267688521,1.550579089,0.1972366953,-0.03458783548,0.757028152,0.6219403064,0,1
2008,66933333333,0,0,-0.4963205799,-1.266660837,1.545685573,0.1988862414,-0.03929874586,0.7535096328,0.6253983569,0,1
2009,66966666667,0,1,-0.4968492912,-1.264889305,1.539653937,0.2013709361,-0.04314360392,0.7497262258,0.628887082,0,1
2010,67000000000,0,0,-0.4960840828,-1.263525059,1.535737362,0.2033660044,-0.04711474803,0.7461282174,0.6322302997,0,1
2011,67033333333,0,0,-0.4944121021,-1.259468142,1.530309821,0.2038489563,-0.04978550996,0.7432150524,0.6352939413,0,1
2012,67066666667,0,0,-0.4941049727,-1.255721135,1.524757128,0.2024746483,-0.04989284984,0.7426027944,0.6364399501,0,1
2013,67100000000,0,0,-0.4934296106,-1.257345353,1.520514272,0.2006272943,-0.04969721965,0.7426778262,0.6369525269,0,1
2014,67133333333,0,0,-0.4918069966,-1.256873163,1.515533463,0.2004881021,-0.05045377019,0.7417158976,0.6380567884,0,1
2015,67166666667,0,1,-0.4888550891,-1.258032514,1.508806173,0.2004483862,-0.05084144802,0.7411113394,0.6387406157,0,1
2016,67200000000,0,0,-0.4867898514,-1.258195587,1.504453833,0.202027407,-0.05094375681,0.7411159846,0.6382293928,0,1
2017,67233333333,0,0,-0.4842481552,-1.257091531,1.499737886,0.2041457584,-0.05177012876,0.7416408661,0.6368776874,0,1
2018,67266666667,0,0,-0.4825256716,-1.257715551,1.495532995,0.2059970526,-0.05353513084,0.7423270546,0.6353343593,0,1
2019,67300000000,0,0,-0.4804318452,-1.2573825,1.492348645,0.2061612643,-0.05686817377,0.7425974775,0.6346751376,0,1
2020,67333333333,0,0,-0.4778746143,-1.256897396,1.487579222,0.204231946,-0.05892196365,0.7424587102,0.6352736246,0,1
2021,67366666667,0,1,-0.4742649988,-1.258817675,1.482116579,0.2028125252,-0.06082065199,0.7425497443,0.6354429991,0,1
2022,67400000000,0,0,-0.4725978994,-1.260416572,1.478778493,0.2021703461,-0.0624191219,0.7422146236,0.6358839965,0,1
2023,67433333333,0,0,-0.4699054271,-1.260907658,1.474153456,0.2002138896,-0.06197092966,0.7408704763,0.6381104447,0,1
2024,67466666667,0,0,-0.4662551277,-1.262506786,1.470072246,0.1980331181,-0.05940876581,0.7391499772,0.6410232397,0,1
2025,67500000000,0,0,-0.4635614388,-1.262322037,1.466363657,0.1984632806,-0.05699726637,0.7373524525,0.6431757137,0,1
2026,67533333333,0,0,-0.4602666717,-1.26182041,1.461525477,0.2003274102,-0.0568020289,0.7362538107,0.6438732674,0,1
2027,67566666667,0,1,-0.4570766767,-1.263411179,1.457335242,0.2016833533,-0.05789685093,0.7357571786,0.6439201455,0,1
2028,67600000000,0,0,-0.4545717671,-1.263979822,1.453673519,0.2026290658,-0.05991126862,0.7352960474,0.6439657012,0,1
2029,67633333333,0,0,-0.4512330676,-1.264131929,1.449242591,0.2035012463,-0.06242380528,0.7347097274,0.6441212058,0,1
2030,67666666667,0,0,-0.4482833841,-1.265638874,1.445755169,0.2052854018,-0.06466201009,0.7343178384,0.6437810501,0,1
2031,67700000000,0,0,-0.4453465654,-1.266635826,1.442195464,0.2068466332,-0.06607974989,0.7334145756,0.6441669017,0,1
2032,67733333333,0,0,-0.4418588903,-1.267245173,1.438905151,0.2086753632,-0.06727224979,0.7322115929,0.6448218518,0,1
2033,67766666667,0,1,-0.438195149,-1.267171552,1.434066753,0.2104320265,-0.06857017035,0.7312134783,0.6452467304,0,1
2034,67800000000,0,0,-0.4350762664,-1.268300556,1.430590458,0.2103286777,-0.06853040727,0.7308966674,0.6456434714,0,1
2035,67833333333,0,0,-0.43243969,-1.268667382,1.427334652,0.2101264638,-0.06774127259,0.7299903096,0.6468169271,0,1
2036,67866666667,0,0,-0.4287880756,-1.26735284,1.423305236,0.2100168348,-0.06694602112,0.7293559662,0.6476503949,0,1
2037,67900000000,0,0,-0.4265624099,-1.268250178,1.419955538,0.2099980428,-0.06695322903,0.7291891779,0.6478435228,0,1
2038,67933333333,0,0,-0.4229783603,-1.269376083,1.417238296,0.2091911938,-0.06637442875,0.7283373516,0.6491210842,0,1
2039,67966666667,0,1,-0.4198520562,-1.267159329,1.41331875,0.2092124626,-0.0662657104,0.7275085082,0.6500541298,0,1
2040,68000000000,0,0,-0.4174403515,-1.266340538,1.409269295,0.2074557349,-0.06601300673,0.7279358711,0.6501644166,0,1
2041,68033333333,0,0,-0.4146764689,-1.266222362,1.405794413,0.2036360458,-0.06424253462,0.7288683368,0.6505045774,0,1
2042,68066666667,0,0,-0.4120583104,-1.266450057,1.402253037,0.2000353386,-0.06340115679,0.7301828438,0.650230091,0,1
2043,68100000000,0,0,-0.4093558111,-1.267248383,1.399194605,0.196897035,-0.06378852592,0.7314252507,0.6497535566,0,1
2044,68133333333,0,0,-0.4066104069,-1.267655616,1.396269807,0.1942673358,-0.06468295155,0.7326958208,0.6490247701,0,1
2045,68166666667,0,1,-0.4035279425,-1.26912624,1.393999172,0.1915463702,-0.06561445787,0.7338879751,0.6483927598,0,1
2046,68200000000,0,0,-0.4003580427,-1.269999702,1.391267568,0.1896666613,-0.06555087269,0.7343224588,0.6484598424,0,1
2047,68233333333,0,0,-0.3967305517,-1.27064943,1.387966679,0.189156512,-0.06588442646,0.7351248704,0.6476654084,0,1
2048,68266666667,0,0,-0.3945981251,-1.272775819,1.385915922,0.1889495216,-0.06492152738,0.735628844,0.6472507069,0,1
2049,68300000000,0,0,-0.3915300316,-1.272319825,1.38248535,0.188813044,-0.06320058532,0.7358623649,0.6471954113,0,1
2050,68333333333,0,0,-0.3889964871,-1.273902823,1.380359511,0.1884319703,-0.06069432551,0.7369198592,0.646342566,0,1
2051,68366666667,0,0,-0.3873649967,-1.274879095,1.377922433,0.1891723845,-0.05881915196,0.7378280767,0.6452626175,0,1
2052,68400000000,0,0,-0.3855995164,-1.275833771,1.376816618,0.1902186436,-0.05950705444,0.7389949268,0.6435544081,0,1
2053,68433333333,0,1,-0.3825944862,-1.276338763,1.375638204,0.1908705721,-0.06182125593,0.7405078267,0.641400589,0,1
2054,68466666667,0,0,-0.3802105054,-1.27746531,1.374739496,0.1913733957,-0.06394409427,0.7422388412,0.6390374628,0,1
2055,68500000000,0,0,-0.3776609412,-1.278371269,1.374006532,0.1916921,-0.06527261027,0.7436319606,0.6371853202,0,1
2056,68533333333,0,0,-0.3750135465,-1.27907297,1.373340549,0.1923526355,-0.06521782601,0.7450522333,0.6353300469,0,1
2057,68566666667,0,0,-0.3736695732,-1.28023296,1.372931895,0.1937379205,-0.06382344216,0.7463821424,0.6334870827,0,1
2058,68600000000,0,0,-0.3725885685,-1.281762274,1.373178043,0.1953015909,-0.06253646986,0.7471900646,0.6321815292,0,1
2059,68633333333,0,0,-0.3705545098,-1.282315599,1.372847263,0.1967842375,-0.06141078942,0.7471912146,0.6318306479,0,1
2060,68666666667,0,0,-0.3688678441,-1.282488413,1.372681305,0.1996411082,-0.0602523058,0.7475814379,0.630583128,0,1
2061,68700000000,0,0,-0.3683970911,-1.283618707,1.373341465,0.2028990743,-0.0595014614,0.7477077785,0.6294637557,0,1
2062,68733333333,0,0,-0.3683010124,-1.283014916,1.372948946,0.2058247142,-0.05974621468,0.7475808,0.6286410139,0,1
2063,68766666667,0,0,-0.3681683252,-1.28268343,1.372084005,0.2069379703,-0.06034071632,0.7487217443,0.6268583763,0,1
2064,68800000000,0,0,-0.3681034245,-1.284409997,1.372925663,0.2063919876,-0.05945797304,0.7508235022,0.6246048074,0,1
2065,68833333333,0,0,-0.3683413847,-1.285469929,1.374155164,0.2063625016,-0.05856921017,0.7517266686,0.6236114025,0,1
2066,68866666667,0,1,-0.3669144696,-1.285985092,1.37407357,0.2072032494,-0.05764475212,0.7522568077,0.6227789265,0,1
2067,68900000000,0,0,-0.3684333393,-1.286374111,1.374581118,0.208524469,-0.05578320511,0.753121504,0.6214610044,0,1
2068,68933333333,0,0,-0.3689978207,-1.286999845,1.375576739,0.2080113694,-0.05237074479,0.7538567717,0.6210382783,0,1
2069,68966666667,0,0,-0.3698782813,-1.287191999,1.376993112,0.2088429719,-0.04828133523,0.7538103915,0.6211468582,0,1
2070,69000000000,0,0,-0.3710665488,-1.287142525,1.378289286,0.2124656486,-0.0456023114,0.7534510861,0.620556394,0,1
2071,69033333333,0,0,-0.3738095791,-1.287166858,1.380719911,0.217994996,-0.04421469623,0.7531757274,0.6190715355,0,1
2072,69066666667,0,0,-0.3774591706,-1.285026656,1.382682607,0.2220807206,-0.04403622926,0.7527282865,0.6181756148,0,1
2073,69100000000,0,0,-0.3800541159,-1.284270203,1.383700215,0.2233638851,-0.04418512322,0.7532091277,0.6171160828,0,1
2074,69133333333,0,0,-0.3842588548,-1.284295021,1.386583391,0.2242650353,-0.04492729029,0.7541332061,0.6156052631,0,1
2075,69166666667,0,0,-0.3875335902,-1.283753614,1.388746188,0.2239004548,-0.04579479213,0.7542235462,0.6155633727,0,1
2076,69200000000,0,0,-0.3905190568,-1.283262787,1.390037488,0.2235054227,-0.04588629853,0.7538281604,0.6161841269,0,1
2077,69233333333,0,0,-0.3945665973,-1.282689334,1.392223181,0.224134336,-0.04592139547,0.7538136812,0.6159707451,0,1
2078,69266666667,0,0,-0.3981900565,-1.281882813,1.393778162,0.2253402603,-0.04641664288,0.7534731186,0.6159103197,0,1
2079,69300000000,0,0,-0.4024337198,-1.281799198,1.395971473,0.2274238094,-0.04646083612,0.7534875137,0.6151230514,0,1
2080,69333333333,0,0,-0.4077355895,-1.280446162,1.397906578,0.2302484159,-0.04642964873,0.7531404244,0.6144993538,0,1
2081,69366666667,0,0,-0.4125998582,-1.28010799,1.400029981,0.2322641835,-0.04583837969,0.7532657539,0.6136309119,0,1
2082,69400000000,0,0,-0.4187272477,-1.279432956,1.40343412,0.2349952296,-0.04568817136,0.7528982817,0.6130530241,0,1
2083,69433333333,0,0,-0.4234240457,-1.278485471,1.404345229,0.2365173621,-0.04493013987,0.7518735565,0.6137808851,0,1
2084,69466666667,0,1,-0.4291472318,-1.277417787,1.40571829,0.2378433192,-0.04311877126,0.7509240904,0.6145602799,0,1
2085,69500000000,0,0,-0.4347808997,-1.275800043,1.406151147,0.2399841284,-0.04226773545,0.7503420827,0.6144980192,0,1
2086,69533333333,0,0,-0.4416533277,-1.275726484,1.407947896,0.2414705892,-0.04264196837,0.7506360665,0.6135300422,0,1
2087,69566666667,0,0,-0.4474669065,-1.274985931,1.408731707,0.2406104657,-0.04238803141,0.7507095495,0.6137955937,0,1
2088,69600000000,0,0,-0.4530011096,-1.275658095,1.410363067,0.2396825623,-0.04213841229,0.7506495363,0.6142490515,0,1
2089,69633333333,0,0,-0.4582359589,-1.275892928,1.411150084,0.2398878981,-0.0416848533,0.7502502786,0.6146874725,0,1
2090,69666666667,0,1,-0.4637183896,-1.275737518,1.412343303,0.2412267495,-0.04210487833,0.7502042472,0.6141908677,0,1
2091,69700000000,0,0,-0.4692988019,-1.276347878,1.413355082,0.2434692405,-0.04323836344,0.7507227765,0.6125916141,0,1
2092,69733333333,0,0,-0.4747126217,-1.277267733,1.413679404,0.2451953982,-0.04500176772,0.7514898608,0.610833076,0,1
2093,69766666667,0,0,-0.4802052249,-1.27886483,1.414526463,0.2468439954,-0.04716258203,0.753529716,0.6074839092,0,1
2094,69800000000,0,0,-0.4857391788,-1.281268864,1.416903767,0.2485841707,-0.04876175207,0.7553209674,0.6044157823,0,1
2095,69833333333,0,0,-0.4907604535,-1.28285004,1.419123644,0.2510701952,-0.04949746846,0.7562269594,0.602191451,0,1
2096,69866666667,0,1,-0.4955728511,-1.285568565,1.42179974,0.2543935267,-0.04978488787,0.7569426391,0.5998693521,0,1
2097,69900000000,0,0,-0.5011706892,-1.287265836,1.424749988,0.2586614522,-0.05047285044,0.7572016557,0.5976557513,0,1
2098,69933333333,0,0,-0.5061446362,-1.287755308,1.425906779,0.2627698146,-0.05204674961,0.7577187973,0.5950675463,0,1
2099,69966666667,0,0,-0.5122481878,-1.289543793,1.428957895,0.2662568563,-0.05380113268,0.7592605778,0.5913848996,0,1
2100,70000000000,0,0,-0.5177104606,-1.291106886,1.432112221,0.2690235597,-0.05537607015,0.7601975063,0.5887780283,0,1
2101,70033333333,0,0,-0.5233327351,-1.292841658,1.435317484,0.2716660515,-0.05621028327,0.7606378526,0.5869139782,0,1
2102,70066666667,0,1,-0.5286669729,-1.293954042,1.438718951,0.2742036385,-0.05738645063,0.7604837985,0.5858187024,0,1
2103,70100000000,0,0,-0.5339675932,-1.295099175,1.441558978,0.2765467469,-0.05801760527,0.7603286141,0.5848557538,0,1
2104,70133333333,0,0,-0.5396929864,-1.295879544,1.444379097,0.2786103797,-0.05851766093,0.7599661811,0.5842973072,0,1
2105,70166666667,0,0,-0.5452105345,-1.296583842,1.446714775,0.2801681541,-0.05892362877,0.759736629,0.583809957,0,1
2106,70200000000,0,0,-0.5509646698,-1.296734385,1.449478884,0.2812941611,-0.05953882955,0.7597689294,0.5831636962,0,1
2107,70233333333,0,0,-0.5570391213,-1.297247353,1.452043116,0.2820141362,-0.06044713185,0.7596032878,0.5829382613,0,1
2108,70266666667,0,1,-0.5623180866,-1.297013313,1.455495939,0.2824418004,-0.06143471653,0.7597797601,0.5823977345,0,1
2109,70300000000,0,0,-0.5677649423,-1.297346137,1.458684904,0.2824780773,-0.06166591573,0.7595335045,0.5826768454,0,1
2110,70333333333,0,0,-0.5730500146,-1.29832263,1.461627086,0.2828724064,-0.06170255989,0.7590704583,0.5830849296,0,1
2111,70366666667,0,0,-0.5783465284,-1.297932467,1.463711151,0.2834427553,-0.06151137564,0.7583239413,0.5837990709,0,1
2112,70400000000,0,0,-0.5836059243,-1.298475527,1.466850801,0.2838302978,-0.06153860571,0.7582472848,0.5837074757,0,1
2113,70433333333,0,0,-0.5891062493,-1.298305202,1.468749378,0.2842542593,-0.06147842254,0.7578352395,0.5840425236,0,1
2114,70466666667,0,1,-0.5951298285,-1.299273116,1.472130587,0.2850939179,-0.0615737251,0.7581816223,0.583173012,0,1
2115,70500000000,0,0,-0.6000160583,-1.299427545,1.474605849,0.2856568453,-0.06128748212,0.7582017127,0.5829015133,0,1
2116,70533333333,0,0,-0.6058982905,-1.300033265,1.478703117,0.286503827,-0.06116115054,0.7580276709,0.582725425,0,1
2117,70566666667,0,0,-0.610787731,-1.299615696,1.481035482,0.2871040791,-0.06113585134,0.7570648024,0.5836835962,0,1
2118,70600000000,0,0,-0.6159140704,-1.299503651,1.483819238,0.2879024555,-0.06078270659,0.7564290661,0.5841512704,0,1
2119,70633333333,0,0,-0.6215821164,-1.298799349,1.486629796,0.289048339,-0.06132760862,0.7557603814,0.584393898,0,1
2120,70666666667,0,1,-0.6282805896,-1.297961097,1.490340378,0.2902198306,-0.061688888,0.7550878267,0.5846445972,0,1
2121,70700000000,0,0,-0.6335022846,-1.297274994,1.492058825,0.2903594019,-0.0616998595,0.7540293524,0.5859388029,0,1
2122,70733333333,0,0,-0.6387579127,-1.296669853,1.494338937,0.2901508813,-0.06196951044,0.753293075,0.5869597849,0,1
2123,70766666667,0,0,-0.6436128161,-1.296169897,1.495875795,0.2898717866,-0.06148135494,0.7525295445,0.5881272608,0,1
2124,70800000000,0,0,-0.6492107746,-1.295933305,1.498180855,0.2897558064,-0.06005673835,0.75175374,0.5893225562,0,1
2125,70833333333,0,0,-0.654284063,-1.29461856,1.500082393,0.2897208244,-0.058586783,0.7507231457,0.5907996202,0,1
2126,70866666667,0,1,-0.6618386136,-1.292046098,1.502372824,0.2903999455,-0.05777366036,0.750216385,0.5911898607,0,1
2127,70900000000,0,0,-0.6663538855,-1.290856874,1.503399325,0.2892962574,-0.05652312614,0.7501940906,0.5918797497,0,1
2128,70933333333,0,0,-0.6706731903,-1.289778627,1.504603015,0.2881804021,-0.05460435777,0.7505525748,0.5921496875,0,1
2129,70966666667,0,0,-0.6754421406,-1.288271471,1.505478814,0.2877908505,-0.05329950363,0.7514873776,0.5912717739,0,1
2130,71000000000,0,0,-0.6802591169,-1.286952278,1.506555207,0.2866835727,-0.05173160566,0.7529073291,0.590141444,0,1
2131,71033333333,0,0,-0.6856669521,-1.286079523,1.508548711,0.2854217983,-0.05020408346,0.7544275248,0.5889423205,0,1
2132,71066666667,0,0,-0.6901911907,-1.28520571,1.511083593,0.2843111584,-0.05014541514,0.7550380627,0.5887020693,0,1
2133,71100000000,0,1,-0.6962343491,-1.281969965,1.511290674,0.284428345,-0.04952420889,0.755321012,0.588334971,0,1
2134,71133333333,0,0,-0.7010976219,-1.281687009,1.513401357,0.2842122811,-0.0493205427,0.7559554251,0.5876412669,0,1
2135,71166666667,0,0,-0.7043804041,-1.27786045,1.513207636,0.2839421664,-0.04983616895,0.7559664573,0.5877141464,0,1
2136,71200000000,0,0,-0.7080692457,-1.274838487,1.512396238,0.282605696,-0.05017650927,0.757427167,0.586447291,0,1
2137,71233333333,0,0,-0.7122444782,-1.27275753,1.513028807,0.2801472385,-0.05144907061,0.7599489391,0.584250056,0,1
2138,71266666667,0,0,-0.7167441677,-1.270774561,1.513432502,0.2770479422,-0.05320815745,0.7623786147,0.5824020755,0,1
2139,71300000000,0,1,-0.7216951947,-1.268430036,1.51503106,0.2743961749,-0.05461171287,0.7645364302,0.5806964327,0,1
2140,71333333333,0,0,-0.7246613311,-1.266991269,1.516173398,0.2727642075,-0.05577475016,0.7661545911,0.5792201714,0,1
2141,71366666667,0,0,-0.7284524736,-1.265649402,1.51794096,0.2729295276,-0.05696282756,0.766732335,0.5782613905,0,1
2142,71400000000,0,0,-0.7311241864,-1.263269466,1.518871164,0.2735262401,-0.05704401469,0.7665629989,0.5781959401,0,1
2143,71433333333,0,0,-0.7337324951,-1.261499063,1.520390384,0.2753436181,-0.05597532791,0.765915019,0.5782964968,0,1
2144,71466666667,0,0,-0.7374617452,-1.259380429,1.521037845,0.2787983037,-0.05537840229,0.7643898157,0.5787166388,0,1
2145,71500000000,0,1,-0.742681238,-1.255719813,1.520691479,0.2818043457,-0.05424807476,0.7629099595,0.5793201627,0,1
2146,71533333333,0,0,-0.7455023903,-1.252612798,1.520406152,0.2828345149,-0.05283857501,0.7625127605,0.5794713214,0,1
2147,71566666667,0,0,-0.7495393504,-1.250705437,1.52096225,0.2839231797,-0.05181721963,0.7620102562,0.5796921366,0,1
2148,71600000000,0,0,-0.7521770172,-1.246551776,1.520207122,0.2845860511,-0.05108236217,0.7614119123,0.5802182965,0,1
2149,71633333333,0,0,-0.7540246066,-1.243931815,1.519257455,0.2849127445,-0.04877432894,0.7615373208,0.5800919771,0,1
2150,71666666667,0,0,-0.7578508795,-1.242807167,1.52002439,0.2870377673,-0.04592068729,0.7613343456,0.5795434624,0,1
2151,71700000000,0,1,-0.7618024773,-1.23893402,1.519349595,0.291474097,-0.04405773672,0.7599916887,0.5792360483,0,1
2152,71733333333,0,0,-0.7651469121,-1.235475952,1.51765443,0.2955558355,-0.04259931341,0.7586920964,0.5789804396,0,1
2153,71766666667,0,0,-0.7691699758,-1.233431726,1.517108764,0.2980726885,-0.04125761455,0.7578775021,0.5788541901,0,1
2154,71800000000,0,0,-0.7724671273,-1.229889756,1.516247566,0.2994389345,-0.03925525676,0.7563937615,0.5802273923,0,1
2155,71833333333,0,0,-0.7747768581,-1.227179765,1.514833279,0.3005370643,-0.03655887882,0.7552233619,0.581359265,0,1
2156,71866666667,0,0,-0.7789781067,-1.226140727,1.515748301,0.3037872457,-0.0351987103,0.7537296336,0.5816923581,0,1
2157,71900000000,0,1,-0.7825312409,-1.221805217,1.515671208,0.3078701544,-0.03566510799,0.7508488848,0.5832408768,0,1
2158,71933333333,0,0,-0.7848043845,-1.217067175,1.513559819,0.3109845603,-0.03722303009,0.7485995269,0.5843815514,0,1
2159,71966666667,0,0,-0.7871485124,-1.213365569,1.512090726,0.3131874224,-0.03953989593,0.7481179965,0.5836691686,0,1
2160,72000000000,0,0,-0.790936011,-1.211123226,1.511511176,0.3155861171,-0.04254517991,0.7481893524,0.5820721633,0,1
2161,72033333333,0,0,-0.7939891452,-1.207369169,1.510800533,0.3169872214,-0.04537899603,0.7481520858,0.5811439621,0,1
2162,72066666667,0,0,-0.7978949186,-1.204545485,1.510837382,0.3171643274,-0.04597697673,0.7482285113,0.5809018866,0,1
2163,72100000000,0,1,-0.8004873876,-1.19965099,1.510498501,0.3172597504,-0.04553082327,0.7478910907,0.5813192852,0,1
2164,72133333333,0,0,-0.8027365388,-1.197058264,1.510241955,0.3177455982,-0.04369158811,0.7474083417,0.5818157361,0,1
2165,72166666667,0,0,-0.8047370976,-1.193911374,1.509012222,0.3198971042,-0.04196634618,0.7467030834,0.5816692994,0,1
2166,72200000000,0,0,-0.8069956115,-1.19097894,1.508524259,0.3218305341,-0.03908075591,0.7466346305,0.580891152,0,1
2167,72233333333,0,0,-0.8097311696,-1.188867111,1.508531479,0.3244362909,-0.03540143137,0.7464965718,0.5798540334,0,1
2168,72266666667,0,0,-0.8126038685,-1.185970603,1.508249056,0.3279342345,-0.03304569716,0.7462767637,0.5783062438,0,1
2169,72300000000,0,1,-0.8147695779,-1.183037245,1.507085036,0.3310894583,-0.03055679493,0.7465448368,0.5762958091,0,1
2170,72333333333,0,0,-0.8181419042,-1.180994387,1.507284349,0.3336036183,-0.02904834616,0.7469845872,0.574350804,0,1
2171,72366666667,0,0,-0.8201822011,-1.178357495,1.506906227,0.3349950108,-0.02744037925,0.7476935642,0.5726951217,0,1
2172,72400000000,0,0,-0.8234973159,-1.176657549,1.508026132,0.3361083848,-0.02573674209,0.7485676636,0.570977431,0,1
2173,72433333333,0,0,-0.826280193,-1.174928176,1.509138705,0.3373414174,-0.02506569717,0.7489850182,0.5697314468,0,1
2174,72466666667,0,0,-0.8295206076,-1.173728631,1.510451648,0.3395073986,-0.02408161252,0.7487162449,0.5688398605,0,1
2175,72500000000,0,1,-0.8331134063,-1.171255182,1.512422867,0.3427366951,-0.02276122986,0.7474978097,0.5685600309,0,1
2176,72533333333,0,0,-0.8358973511,-1.168908878,1.512814021,0.3458952223,-0.02170802674,0.7457059518,0.5690412025,0,1
2177,72566666667,0,0,-0.8388402282,-1.166226683,1.513594976,0.3483317247,-0.02065742959,0.7441384872,0.5696456723,0,1
2178,72600000000,0,0,-0.8415613592,-1.162696615,1.514022172,0.3491931147,-0.01825894162,0.7425761359,0.5712367828,0,1
2179,72633333333,0,0,-0.8433201844,-1.158748216,1.513389931,0.3487971903,-0.01487772705,0.7417982854,0.5725857814,0,1
2180,72666666667,0,0,-0.8468746158,-1.157334526,1.514029427,0.3490372409,-0.01206112938,0.7419148235,0.5723547224,0,1
2181,72700000000,0,0,-0.8506332516,-1.154799411,1.514309214,0.3507314102,-0.0108031944,0.7414097147,0.5719986048,0,1
2182,72733333333,0,1,-0.8530039952,-1.151088523,1.513544395,0.3519534792,-0.008851372899,0.7410560489,0.5717397432,0,1
2183,72766666667,0,0,-0.8570365479,-1.149622011,1.514665001,0.3534623384,-0.005717447256,0.740780824,0.5712052669,0,1
2184,72800000000,0,0,-0.8602880688,-1.146290383,1.514082341,0.3556369479,-0.002973329073,0.7397123427,0.5712610355,0,1
2185,72833333333,0,0,-0.8639527419,-1.143837568,1.512995081,0.3580645291,-0.0001896293574,0.739461239,0.5700761643,0,1
2186,72866666667,0,0,-0.8689190559,-1.14218644,1.513007319,0.3609168829,0.001875453323,0.7392430969,0.5685553007,0,1
2187,72900000000,0,0,-0.8738807433,-1.139518263,1.512191022,0.3636543314,0.003052364194,0.7389828005,0.5671425138,0,1
2188,72933333333,0,1,-0.8790626765,-1.137267349,1.51079747,0.366230429,0.003871253886,0.7385012483,0.5661061671,0,1
2189,72966666667,0,0,-0.884724368,-1.135969,1.510219143,0.3690906242,0.003539419381,0.7380100209,0.5648900713,0,1
2190,73000000000,0,0,-0.8901787301,-1.134079573,1.508816415,0.3721037009,0.001979377816,0.736537006,0.5648434797,0,1
2191,73033333333,0,0,-0.8953008782,-1.131069014,1.506323428,0.3737982413,0.001481507352,0.7354750573,0.56510983,0,1
2192,73066666667,0,0,-0.9010789801,-1.12983057,1.504697719,0.3755844932,0.001050044505,0.7346984307,0.5649366352,0,1
2193,73100000000,0,0,-0.9065165898,-1.127883058,1.503030468,0.3783069156,0.0001804601241,0.7336293558,0.564510242,0,1
2194,73133333333,0,1,-0.9130828629,-1.126738202,1.500735649,0.3818536669,-0.0006623194688,0.7322737687,0.5638816065,0,1
2195,73166666667,0,0,-0.9196147024,-1.126703362,1.500124262,0.3865586748,-0.002793442318,0.7307471123,0.5626484209,0,1
2196,73200000000,0,0,-0.9256154692,-1.124793625,1.498175608,0.3920830038,-0.00640638879,0.7282915288,0.5619798265,0,1
2197,73233333333,0,0,-0.9310996784,-1.121412585,1.49494392,0.3959004919,-0.009557686597,0.7271242235,0.5607689495,0,1
2198,73266666667,0,0,-0.9371225043,-1.120368216,1.492821217,0.3988344923,-0.0140023024,0.7271097862,0.5586110831,0,1
2199,73300000000,0,0,-0.9440610464,-1.119931805,1.491515491,0.4020002221,-0.01909084337,0.7268309245,0.5565502388,0,1
2200,73333333333,0,1,-0.9483406475,-1.119033194,1.490559615,0.4046229722,-0.02290091332,0.7263201904,0.5551709462,0,1
2201,73366666667,0,0,-0.9545049062,-1.118680849,1.489797522,0.4087492391,-0.0232151945,0.7249131271,0.5539729889,0,1
2202,73400000000,0,0,-0.9611431593,-1.117665835,1.488138283,0.4133748567,-0.02121569112,0.7219654988,0.5544699639,0,1
2203,73433333333,0,0,-0.9663360116,-1.114983643,1.485722952,0.4175107396,-0.01898693447,0.7194943456,0.5546640111,0,1
2204,73466666667,0,0,-0.9730478317,-1.113713658,1.484064293,0.4210662376,-0.01698542149,0.718037342,0.5539287811,0,1
2205,73500000000,0,0,-0.9792067988,-1.112372256,1.481581183,0.4239327774,-0.01626780444,0.7163766346,0.5539141415,0,1
2206,73533333333,0,1,-0.9845323311,-1.112801031,1.481426855,0.4247899125,-0.01604151869,0.7154933916,0.5544054531,0,1
2207,73566666667,0,0,-0.9904525222,-1.110990756,1.479784,0.4260520513,-0.01531710509,0.7138045907,0.5556330104,0,1
2208,73600000000,0,0,-0.9960270909,-1.109234041,1.477973988,0.4270135928,-0.01474140636,0.712442839,0.5566572408,0,1
2209,73633333333,0,0,-1.002406315,-1.10826001,1.476969997,0.4280468618,-0.01391187297,0.7110318989,0.5576880693,0,1
2210,73666666667,0,0,-1.008775815,-1.105815522,1.476809669,0.4294305264,-0.01326924232,0.7091765956,0.5590008107,0,1
2211,73700000000,0,0,-1.013139973,-1.103568843,1.475630559,0.4304504348,-0.01322943937,0.707534261,0.5602969522,0,1
2212,73733333333,0,1,-1.018009015,-1.101714645,1.474706626,0.4311262946,-0.01304449351,0.7062470971,0.5614044863,0,1
2213,73766666667,0,0,-1.022216986,-1.100322231,1.473949403,0.4324850904,-0.01292496529,0.7049773843,0.5619577203,0,1
2214,73800000000,0,0,-1.026137007,-1.098423935,1.472789608,0.4347510773,-0.01291363607,0.7035934751,0.5619439124,0,1
2215,73833333333,0,0,-1.030802858,-1.09678649,1.471638434,0.4371515378,-0.01289791685,0.7022635622,0.5617455527,0,1
2216,73866666667,0,0,-1.034711926,-1.095044053,1.470513392,0.4384028661,-0.01250312443,0.700847333,0.5625474333,0,1
2217,73900000000,0,0,-1.038471143,-1.092607569,1.469062271,0.438538256,-0.01139605247,0.7000644934,0.563439467,0,1
2218,73933333333,0,1,-1.040772036,-1.090596609,1.467923555,0.4383342107,-0.0117445237,0.6999624443,0.563717804,0,1
2219,73966666667,0,0,-1.043262155,-1.088334714,1.466218638,0.4378544611,-0.01234005101,0.7004985536,0.5634119013,0,1
2220,74000000000,0,0,-1.046475206,-1.087015272,1.464487453,0.437682547,-0.01294311097,0.7013109605,0.5625205779,0,1
2221,74033333333,0,0,-1.049578692,-1.085921248,1.463033276,0.4386108724,-0.01375242446,0.7013869965,0.5616828772,0,1
2222,74066666667,0,0,-1.050849319,-1.083256736,1.461143231,0.4392133594,-0.01321630492,0.7014811876,0.5611070287,0,1
2223,74100000000,0,0,-1.054345026,-1.082176771,1.459934404,0.4395287355,-0.01127947872,0.7013621651,0.5610511362,0,1
2224,74133333333,0,0,-1.056567483,-1.080279702,1.457998268,0.44046182,-0.00937651722,0.7008652402,0.5609753836,0,1
2225,74166666667,0,0,-1.059374553,-1.079179739,1.456079229,0.4412785439,-0.007363555164,0.6998667423,0.5616098003,0,1
2226,74200000000,0,1,-1.062551237,-1.076058778,1.453042451,0.4426126894,-0.00522910672,0.6982026698,0.5626541527,0,1
2227,74233333333,0,0,-1.064014464,-1.072934831,1.450847305,0.4429214098,-0.004777281803,0.6974686413,0.5633252141,0,1
2228,74266666667,0,0,-1.067187587,-1.070040507,1.448684411,0.4426560225,-0.006896619562,0.6976146921,0.5633310073,0,1
2229,74300000000,0,0,-1.069014183,-1.067053687,1.446418474,0.4415954718,-0.01041968685,0.698207169,0.5633752023,0,1
2230,74333333333,0,0,-1.071709458,-1.064930705,1.445180388,0.4403861833,-0.0138560437,0.6983977208,0.5640112083,0,1
2231,74366666667,0,0,-1.073031443,-1.06229571,1.442952026,0.4386445938,-0.01594575067,0.6976950708,0.5661786303,0,1
2232,74400000000,0,1,-1.074783221,-1.058391103,1.439525069,0.4372164546,-0.01635236676,0.6964842138,0.5687566367,0,1
2233,74433333333,0,0,-1.077007857,-1.055665551,1.436817907,0.4348509477,-0.01567963658,0.6958614049,0.5713455237,0,1
2234,74466666667,0,0,-1.078650033,-1.051127154,1.43449649,0.4330319118,-0.0145514718,0.6953300822,0.5734001176,0,1
2235,74500000000,0,0,-1.080799854,-1.048869978,1.431555134,0.4326038565,-0.01391077528,0.694292389,0.5749943237,0,1
2236,74533333333,0,0,-1.081668501,-1.044489043,1.429478382,0.4323553111,-0.01267021579,0.693230048,0.5764897667,0,1
2237,74566666667,0,0,-1.082983623,-1.040849505,1.427029867,0.4317778609,-0.0105872101,0.692558326,0.5777705037,0,1
2238,74600000000,0,1,-1.087279524,-1.037434361,1.422264077,0.4328754013,-0.008490995635,0.6911253646,0.5786989893,0,1
2239,74633333333,0,0,-1.087245683,-1.034046705,1.420280934,0.4341446993,-0.008783285835,0.6899837113,0.5791059594,0,1
2240,74666666667,0,0,-1.08651691,-1.031230608,1.417621638,0.4364999818,-0.009072553148,0.6902691332,0.5769869828,0,1
2241,74700000000,0,0,-1.087983,-1.02928172,1.414724057,0.4400707714,-0.01064902226,0.6911641893,0.5731634827,0,1
2242,74733333333,0,0,-1.089263754,-1.027059496,1.41172299,0.4443840461,-0.01450603061,0.6918804002,0.5688707291,0,1
2243,74766666667,0,0,-1.089749959,-1.024602508,1.409166337,0.447766695,-0.01759904956,0.6929955709,0.5647587086,0,1
2244,74800000000,0,1,-1.09408532,-1.021890075,1.406754391,0.4508911444,-0.01634228822,0.6931721195,0.5620876428,0,1
2245,74833333333,0,0,-1.09562589,-1.019662022,1.404736956,0.453293412,-0.01349137065,0.6911253848,0.5627510711,0,1
2246,74866666667,0,0,-1.096826482,-1.017450817,1.402361718,0.4570911862,-0.01018235825,0.6883023901,0.5632084755,0,1
2247,74900000000,0,0,-1.097894643,-1.01520796,1.400801716,0.4605837628,-0.007309010619,0.6854181199,0.563924797,0,1
2248,74933333333,0,0,-1.098740898,-1.012592301,1.399130663,0.4635347513,-0.004528405149,0.6829976478,0.5644725335,0,1
2249,74966666667,0,0,-1.099160549,-1.009851173,1.39720496,0.4665053764,-0.002525576099,0.6805794832,0.5649583367,0,1
2250,75000000000,0,1,-1.101203124,-1.005959981,1.394455182,0.4696845061,-9.574735593e-05,0.6784858037,0.5648481829,0,1
2251,75033333333,0,0,-1.102305025,-1.003263819,1.392904194,0.4721391496,0.001826818707,0.6765807891,0.5650838185,0,1
2252,75066666667,0,0,-1.103512865,-1.001524644,1.391366602,0.4736554497,0.003220572942,0.6743132609,0.5665172275,0,1
2253,75100000000,0,0,-1.104221052,-0.9990685444,1.390060783,0.4747794527,0.004136144784,0.6718883567,0.5684482384,0,1
2254,75133333333,0,0,-1.104352252,-0.995411233,1.38894134,0.475968737,0.004286860455,0.6703608336,0.5692554234,0,1
2255,75166666667,0,0,-1.104736742,-0.9924971309,1.38753075,0.477675529,0.003622790905,0.6695529646,0.5687809701,0,1
2256,75200000000,0,1,-1.106531308,-0.9904520495,1.385658848,0.4810604445,0.001506460812,0.6689754408,0.5666131298,0,1
2257,75233333333,0,0,-1.107795206,-0.9882080243,1.38490825,0.4848191277,-0.001053565655,0.6680177069,0.5645366655,0,1
2258,75266666667,0,0,-1.109217224,-0.9861436287,1.384327635,0.4886090363,-0.002333267062,0.666619663,0.5629156158,0,1
2259,75300000000,0,0,-1.110958734,-0.984631057,1.383338624,0.4914089431,-0.002781890559,0.6644929161,0.5629908314,0,1
2260,75333333333,0,0,-1.112284679,-0.9823289351,1.382522355,0.4930803215,-0.001927734492,0.6623268203,0.5640844471,0,1
2261,75366666667,0,0,-1.113473823,-0.9804158288,1.381054482,0.49559708,-0.002562598129,0.6597868425,0.5648524496,0,1
2262,75400000000,0,1,-1.114554719,-0.9775503509,1.381455224,0.4988981096,-0.004757850811,0.658199012,0.5637837348,0,1
2263,75433333333,0,0,-1.1158997,-0.9747317532,1.381154384,0.5020347526,-0.00653276389,0.6573554485,0.5619628497,0,1
2264,75466666667,0,0,-1.118144829,-0.9732927002,1.380287917,0.5051410344,-0.006990816225,0.6562756779,0.56043367,0,1
2265,75500000000,0,0,-1.121499527,-0.9717440118,1.377954125,0.5089235999,-0.005448613499,0.653664048,0.5600807035,0,1
2266,75533333333,0,0,-1.124584573,-0.9696626093,1.376510781,0.5126017439,-0.002347748636,0.650715493,0.5601814772,0,1
2267,75566666667,0,0,-1.127747169,-0.9675985809,1.373967255,0.5164751365,0.001035273949,0.6475808519,0.5602601198,0,1
2268,75600000000,0,1,-1.131074474,-0.9670925239,1.370767876,0.5203232867,0.002063018384,0.6448020081,0.559901591,0,1
2269,75633333333,0,0,-1.135660213,-0.9660925599,1.368184903,0.5240045835,0.001045611284,0.6425216919,0.559092102,0,1
2270,75666666667,0,0,-1.140419086,-0.9634709018,1.366566529,0.5275906882,-0.001978571333,0.6410317584,0.5574248251,0,1
2271,75700000000,0,0,-1.144661131,-0.9618194274,1.363994733,0.5291957298,-0.005561649902,0.6405784203,0.5563993485,0,1
2272,75733333333,0,0,-1.149658486,-0.9591004693,1.360316747,0.5301127013,-0.007239762601,0.6399481452,0.5562323986,0,1
2273,75766666667,0,0,-1.155351418,-0.9550629429,1.356353345,0.5317796086,-0.007299679869,0.6389929554,0.5557383967,0,1
2274,75800000000,0,1,-1.15945243,-0.9551626617,1.352726299,0.5333140001,-0.007771870714,0.6378118071,0.5556184609,0,1
2275,75833333333,0,0,-1.164860515,-0.9536681892,1.350701264,0.5356111526,-0.007747307838,0.6367464988,0.5546301188,0,1
2276,75866666667,0,0,-1.169790372,-0.9515387157,1.347130622,0.5380398223,-0.007927429647,0.6357249676,0.553447442,0,1
2277,75900000000,0,0,-1.176513552,-0.9510296019,1.343728555,0.5411398367,-0.009247387709,0.6342082597,0.5521431393,0,1
2278,75933333333,0,0,-1.182200577,-0.9492970539,1.341193712,0.5447153818,-0.01319864377,0.6325154594,0.550486278,0,1
2279,75966666667,0,0,-1.185671239,-0.9456265912,1.339401476,0.5463170777,-0.01695648871,0.6322330506,0.5491188377,0,1
2280,76000000000,0,1,-1.190880453,-0.9435144761,1.33721685,0.5465024596,-0.01895553636,0.6326881083,0.5483443325,0,1
2281,76033333333,0,0,-1.196974468,-0.9429598524,1.334098321,0.5482460451,-0.02203530839,0.6319427793,0.5473472782,0,1
2282,76066666667,0,0,-1.20262307,-0.9410153711,1.333504066,0.5509996348,-0.02564265283,0.6308151858,0.5457234264,0,1
2283,76100000000,0,0,-1.206859899,-0.938109286,1.332851598,0.5534023822,-0.0298644283,0.6303022707,0.5436662274,0,1
2284,76133333333,0,0,-1.211790895,-0.9364450451,1.331820768,0.5551041798,-0.03272585605,0.630109264,0.5419877151,0,1
2285,76166666667,0,0,-1.215277497,-0.9369522153,1.331211933,0.5569015116,-0.03523215872,0.628826628,0.5414761983,0,1
2286,76200000000,0,1,-1.218776117,-0.9347231333,1.329297444,0.5595479352,-0.03673321452,0.6270492832,0.5407087715,0,1
2287,76233333333,0,0,-1.222563465,-0.9342147314,1.329463933,0.5596748838,-0.03604397087,0.6264974722,0.5412631282,0,1
2288,76266666667,0,0,-1.22634088,-0.9334130304,1.328503621,0.5598440413,-0.03402726713,0.6246497363,0.5433502568,0,1
2289,76300000000,0,0,-1.230262631,-0.9322982208,1.328072882,0.5599898999,-0.03215210561,0.6227168449,0.5455284459,0,1
2290,76333333333,0,0,-1.232080504,-0.9300072465,1.327802007,0.5596863356,-0.03065394868,0.6221958821,0.5465197393,0,1
2291,76366666667,0,0,-1.235562738,-0.9294129198,1.32590655,0.5593199294,-0.02900215149,0.622108987,0.5470836318,0,1
2292,76400000000,0,1,-1.239667022,-0.9268080579,1.324956724,0.5602522314,-0.0282194998,0.6215450493,0.5468115294,0,1
2293,76433333333,0,0,-1.242534662,-0.9271282049,1.324870616,0.5602604171,-0.02827484906,0.6215475004,0.546797497,0,1
2294,76466666667,0,0,-1.244857325,-0.9265423754,1.323726077,0.5591167485,-0.02855495313,0.6218429892,0.5476169949,0,1
2295,76500000000,0,0,-1.246876089,-0.9264577747,1.323564072,0.5564549292,-0.02867640492,0.623028052,0.5489732434,0,1
2296,76533333333,0,0,-1.249858486,-0.9274789183,1.320236507,0.5545877615,-0.02973938682,0.6223813318,0.5515337356,0,1
2297,76566666667,0,0,-1.249271142,-0.9307751253,1.316884719,0.5524532886,-0.03342701057,0.6195426939,0.5566370894,0,1
2298,76600000000,0,1,-1.248678587,-0.9273788529,1.313694326,0.5509322979,-0.03567129967,0.6157676576,0.5621666598,0,1
2299,76633333333,0,0,-1.246727658,-0.9243121094,1.311895395,0.5494880974,-0.03676123212,0.6155735743,0.5637203361,0,1
2300,76666666667,0,0,-1.246474714,-0.9236752031,1.308089906,0.5498701308,-0.03822733453,0.615300926,0.5635479399,0,1
2301,76700000000,0,0,-1.243970283,-0.921997937,1.305044801,0.5510464404,-0.03957006705,0.6158655353,0.5616864541,0,1
2302,76733333333,0,0,-1.243103813,-0.9220646094,1.303367314,0.5504913451,-0.03876621483,0.6187788778,0.5590788495,0,1
2303,76766666667,0,0,-1.242121725,-0.9236784643,1.298011198,0.5505785385,-0.0380345021,0.6200753696,0.5576048651,0,1
2304,76800000000,0,0,-1.239001562,-0.9249086813,1.293687099,0.5504587867,-0.03813190323,0.6213423907,0.5563045169,0,1
2305,76833333333,0,0,-1.23872024,-0.9289888776,1.289193235,0.5500825893,-0.03837197742,0.6223046606,0.5555840582,0,1
2306,76866666667,0,0,-1.236295798,-0.9316532889,1.28404536,0.5501721178,-0.0408792635,0.6206316053,0.5571857295,0,1
2307,76900000000,0,1,-1.22801685,-0.9347267666,1.277251012,0.5475141793,-0.04276726851,0.6198355803,0.5605381679,0,1
2308,76933333333,0,0,-1.224712738,-0.9361924262,1.272495627,0.5443198936,-0.0404505188,0.6199505511,0.5636851277,0,1
2309,76966666667,0,0,-1.220861993,-0.9371526896,1.265912122,0.5437760992,-0.03855019739,0.6183024472,0.5661479666,0,1
2310,77000000000,0,0,-1.218106952,-0.9367890889,1.261800102,0.544769765,-0.03694289436,0.6183570677,0.5652394736,0,1
2311,77033333333,0,0,-1.215466922,-0.9391299934,1.257361322,0.5448553157,-0.03560215795,0.6188487656,0.5647046809,0,1
2312,77066666667,0,0,-1.210867855,-0.9401618124,1.252625106,0.5448679099,-0.03462603392,0.6188766031,0.5647227183,0,1
2313,77100000000,0,1,-1.204931292,-0.9420838644,1.244466114,0.5448743178,-0.03300933103,0.6177401574,0.566056057,0,1
2314,77133333333,0,0,-1.201731535,-0.9429335227,1.240826261,0.544588552,-0.02948015785,0.617922294,0.5663269973,0,1
2315,77166666667,0,0,-1.198973356,-0.9449402401,1.236533835,0.543229357,-0.02619549812,0.6182551651,0.5674294779,0,1
2316,77200000000,0,0,-1.197353558,-0.9462760036,1.231976193,0.5419497809,-0.02402470465,0.6183380276,0.5686574824,0,1
2317,77233333333,0,0,-1.193001392,-0.9457589292,1.225617734,0.5416252112,-0.02387200335,0.6174187894,0.5699704348,0,1
2318,77266666667,0,0,-1.190358218,-0.9460180799,1.221845485,0.5414343072,-0.02257558259,0.6183150134,0.5692326223,0,1
2319,77300000000,0,1,-1.187836673,-0.9462177904,1.215557304,0.5426947233,-0.02158543254,0.6172215531,0.5692574644,0,1
2320,77333333333,0,0,-1.185412555,-0.9469197129,1.210562432,0.5436274846,-0.02014961433,0.6161128694,0.5696209996,0,1
2321,77366666667,0,0,-1.182944513,-0.9466507254,1.205275342,0.5459906754,-0.01881090345,0.6146203,0.5690186457,0,1
2322,77400000000,0,0,-1.180544801,-0.9488232437,1.200920504,0.5482458112,-0.01890629737,0.6139420338,0.5675775379,0,1
2323,77433333333,0,0,-1.178587493,-0.9494477242,1.195859952,0.5511234647,-0.02050223948,0.6132423328,0.5654877771,0,1
2324,77466666667,0,0,-1.175905775,-0.9484504451,1.191069035,0.5541907605,-0.02265851405,0.6139317135,0.5616467251,0,1
2325,77500000000,0,1,-1.174222692,-0.9498543516,1.186152644,0.5575601906,-0.0258040067,0.6148595301,0.5571432001,0,1
2326,77533333333,0,0,-1.17127923,-0.9491984689,1.182009648,0.5610444209,-0.02780268556,0.6158404685,0.5524460931,0,1
2327,77566666667,0,0,-1.1715832,-0.9505157775,1.176449539,0.5648316861,-0.0281643016,0.6164011118,0.5479248196,0,1
2328,77600000000,0,0,-1.171666149,-0.951502351,1.172388822,0.5682953052,-0.02789553982,0.6155534442,0.5453038074,0,1
2329,77633333333,0,0,-1.17105652,-0.9521672633,1.166401276,0.5715538109,-0.02666963611,0.6134919401,0.5442817389,0,1
2330,77666666667,0,0,-1.170855588,-0.954293581,1.160180502,0.5753294079,-0.02619779567,0.6105640568,0.5436186903,0,1
2331,77700000000,0,1,-1.171368345,-0.9540252196,1.155348386,0.5803426977,-0.02726294005,0.6071767947,0.5420289894,0,1
2332,77733333333,0,0,-1.170822461,-0.9539912461,1.151847162,0.5836463619,-0.02790961688,0.604904627,0.5409883268,0,1
2333,77766666667,0,0,-1.171353301,-0.9531657604,1.147079195,0.5873191067,-0.02914701621,0.6028927435,0.5391911147,0,1
2334,77800000000,0,0,-1.170997503,-0.9527411943,1.143173122,0.5912672729,-0.03172305864,0.601714152,0.5360380013,0,1
2335,77833333333,0,0,-1.17141289,-0.9522709201,1.13888029,0.5946404993,-0.0338826958,0.6013222556,0.5326032148,0,1
2336,77866666667,0,0,-1.17295099,-0.9536166443,1.134436498,0.5972042807,-0.03422900646,0.6010596562,0.5300025584,0,1
2337,77900000000,0,0,-1.174785502,-0.9552030372,1.130317683,0.6002866689,-0.03496393252,0.599123346,0.5286630825,0,1
2338,77933333333,0,1,-1.17519779,-0.9551662206,1.125555183,0.6033137928,-0.03445591788,0.5967332323,0.5279533186,0,1
2339,77966666667,0,0,-1.176573197,-0.9564008725,1.122318162,0.6056893888,-0.03175016671,0.5944579407,0.5279697414,0,1
2340,78000000000,0,0,-1.178597134,-0.9563158782,1.119831066,0.6085756394,-0.02861712172,0.5913997274,0.5282642464,0,1
2341,78033333333,0,0,-1.177623593,-0.9547013466,1.117494374,0.6113449172,-0.02610700678,0.5889647747,0.5279169543,0,1
2342,78066666667,0,0,-1.178045502,-0.9540269355,1.114609502,0.6144942084,-0.02445354268,0.5877845246,0.5256503066,0,1
2343,78100000000,0,0,-1.178777201,-0.9530388857,1.112345442,0.6186819225,-0.02555529227,0.5869588831,0.5215926335,0,1
2344,78133333333,0,0,-1.178266445,-0.9517707887,1.110250426,0.6220600444,-0.02706293653,0.5872162365,0.5171904778,0,1
2345,78166666667,0,0,-1.180572271,-0.9525985843,1.107556296,0.6239237358,-0.02717709503,0.5867543597,0.5154608606,0,1
2346,78200000000,0,1,-1.183107275,-0.9502434229,1.10612982,0.62547437,-0.02492234207,0.5851862009,0.5154782242,0,1
2347,78233333333,0,0,-1.184834556,-0.9496112761,1.103969089,0.6277711652,-0.02094953809,0.5817573963,0.5167425015,0,1
2348,78266666667,0,0,-1.184831172,-0.9475754671,1.102716146,0.6315076623,-0.01789749806,0.577412875,0.517177072,0,1
2349,78300000000,0,0,-1.185046011,-0.9464500366,1.102084118,0.6358164657,-0.01750178586,0.5743579272,0.5153096942,0,1
2350,78333333333,0,0,-1.182752374,-0.9418934854,1.100738095,0.6385228212,-0.01745339293,0.5737696901,0.512613235,0,1
2351,78366666667,0,0,-1.182694386,-0.9395757537,1.099925474,0.6378794172,-0.01697128804,0.5778787214,0.508800558,0,1
2352,78400000000,0,1,-1.182648336,-0.9395763635,1.09543239,0.6356159225,-0.01689905854,0.5815551423,0.5074450092,0,1
2353,78433333333,0,0,-1.184084857,-0.9397881013,1.093859229,0.6321580699,-0.01602664665,0.5859796583,0.5067022413,0,1
2354,78466666667,0,0,-1.186290479,-0.9410238997,1.091148761,0.6298661808,-0.01595265184,0.5879754574,0.5072464575,0,1
2355,78500000000,0,0,-1.185033701,-0.9383727273,1.089968843,0.6290356618,-0.0165307798,0.5887755585,0.5073304754,0,1
2356,78533333333,0,0,-1.185743487,-0.9370031261,1.088249888,0.6290475375,-0.01692274876,0.5906343075,0.5051375367,0,1
2357,78566666667,0,0,-1.186927861,-0.9354582742,1.087524358,0.6285796904,-0.01891952512,0.5920592586,0.5039796213,0,1
2358,78600000000,0,0,-1.185081081,-0.9321564541,1.086372193,0.6259987963,-0.01809443659,0.5940983206,0.5048220318,0,1
2359,78633333333,0,0,-1.185838906,-0.9306427485,1.084282258,0.6235505067,-0.01499561461,0.5957777047,0.5059731453,0,1
2360,78666666667,0,0,-1.187591163,-0.9305154852,1.082115546,0.6223129866,-0.01188536775,0.5960787969,0.5072231784,0,1
2361,78700000000,0,0,-1.188767805,-0.9280518281,1.080907403,0.621415756,-0.00926261088,0.5950978078,0.5095245445,0,1
2362,78733333333,0,0,-1.188373301,-0.9249822229,1.079314767,0.6196361215,-0.00672464396,0.5950424733,0.5117912769,0,1
2363,78766666667,0,0,-1.188847126,-0.9232499883,1.077157823,0.6191249493,-0.006363292177,0.5951745843,0.5122606953,0,1
2364,78800000000,0,0,-1.188633032,-0.920056396,1.075574343,0.6199384268,-0.007222352787,0.5960418085,0.5102532186,0,1
2365,78833333333,0,0,-1.188809123,-0.9191578583,1.073623041,0.6202766039,-0.008280545862,0.5979000809,0.5076454083,0,1
2366,78866666667,0,1,-1.193864869,-0.9161668109,1.066331251,0.6219181288,-0.006952775006,0.5973988672,0.5062450924,0,1
2367,78900000000,0,0,-1.194864971,-0.9155165727,1.064559122,0.62211371,-0.005452462498,0.5972592357,0.5061879175,0,1
2368,78933333333,0,0,-1.196798159,-0.9156866472,1.062318706,0.6237712294,-0.003604083267,0.5957698702,0.5059196831,0,1
2369,78966666667,0,0,-1.197577305,-0.9140655747,1.060177578,0.6270336964,-0.002830859735,0.5933158304,0.5047742616,0,1
2370,79000000000,0,0,-1.197553151,-0.9119093508,1.057387422,0.6301524824,-0.002724291684,0.5919834662,0.5024500004,0,1
2371,79033333333,0,0,-1.200063178,-0.9109548759,1.054472029,0.6332696934,-0.004400691363,0.5916550558,0.4988931993,0,1
2372,79066666667,0,0,-1.200633638,-0.9075330809,1.052319834,0.6353499957,-0.006899432504,0.5921533605,0.4956179764,0,1
2373,79100000000,0,0,-1.202734153,-0.9059385934,1.049028324,0.6362673812,-0.008932963263,0.5933554122,0.4929638695,0,1
2374,79133333333,0,1,-1.208246583,-0.9024906339,1.042873389,0.638831513,-0.009563921336,0.5927922429,0.4903062168,0,1
2375,79166666667,0,0,-1.21133699,-0.9012722432,1.039884961,0.6415423977,-0.01032224073,0.591399683,0.488429338,0,1
2376,79200000000,0,0,-1.214389428,-0.9008205374,1.036489203,0.6458005618,-0.01036619123,0.5879630131,0.4869637273,0,1
2377,79233333333,0,0,-1.219762226,-0.9004108587,1.032922832,0.652077484,-0.01036882965,0.582630825,0.4850038804,0,1
2378,79266666667,0,0,-1.22341051,-0.8975453541,1.029338158,0.6585410263,-0.01135989976,0.5761508183,0.483988537,0,1
2379,79300000000,0,0,-1.225943032,-0.894625168,1.025965953,0.6637711061,-0.01311771526,0.5706523918,0.4833132442,0,1
2380,79333333333,0,1,-1.22901198,-0.8867556483,1.019799178,0.6696707071,-0.01556453605,0.5656776478,0.4809445789,0,1
2381,79366666667,0,0,-1.232817129,-0.8831115958,1.015711938,0.673573476,-0.02043609059,0.5631119028,0.4783159244,0,1
2382,79400000000,0,0,-1.235430789,-0.8791456408,1.011254248,0.6753776041,-0.02476494348,0.5618210602,0.4770837303,0,1
2383,79433333333,0,0,-1.239755852,-0.8760879506,1.007211275,0.6746844198,-0.02655821555,0.5609078367,0.4790386139,0,1
2384,79466666667,0,0,-1.242595062,-0.8727314851,1.003445882,0.6742958845,-0.02742807161,0.5592465892,0.4814727548,0,1
2385,79500000000,0,0,-1.246496042,-0.8711799478,0.9993573941,0.6763322853,-0.02809374132,0.5565734408,0.481675603,0,1
2386,79533333333,0,1,-1.250012896,-0.8660204884,0.9953912477,0.6812262451,-0.02835054589,0.5524262038,0.4795334595,0,1
2387,79566666667,0,0,-1.253317834,-0.8641894295,0.9916501891,0.6856637698,-0.02812628016,0.5479185651,0.4783924677,0,1
2388,79600000000,0,0,-1.257346869,-0.8621116546,0.9879522983,0.6904486474,-0.02742434176,0.5427815078,0.4774063318,0,1
2389,79633333333,0,0,-1.260082073,-0.8595731504,0.9847110862,0.6950167928,-0.02727749623,0.5382271797,0.4759402262,0,1
2390,79666666667,0,0,-1.26312311,-0.8556165124,0.9821340577,0.6986684706,-0.02654217212,0.5348994704,0.4743842723,0,1
2391,79700000000,0,0,-1.265571663,-0.8519773627,0.9793903656,0.7011297415,-0.02433237443,0.5328117894,0.4732194187,0,1
2392,79733333333,0,0,-1.26792082,-0.8490214601,0.976451492,0.7032473888,-0.02132714347,0.5317308455,0.4714345883,0,1
2393,79766666667,0,1,-1.269562133,-0.8447398658,0.974867754,0.7059029096,-0.02037000129,0.5311859674,0.4681106849,0,1
2394,79800000000,0,0,-1.272037729,-0.8408622989,0.9726423514,0.7082303429,-0.01968037959,0.5313523022,0.464421355,0,1
2395,79833333333,0,0,-1.277235013,-0.8386138225,0.9703930727,0.710226839,-0.01876353215,0.5316906372,0.4610106652,0,1
2396,79866666667,0,0,-1.281556895,-0.8353179117,0.9692133977,0.712711489,-0.01844286865,0.5300767313,0.4590434108,0,1
2397,79900000000,0,0,-1.286815281,-0.8330091068,0.9671246142,0.7167473152,-0.01839683255,0.5265580615,0.4568057033,0,1
2398,79933333333,0,0,-1.293017934,-0.8311989839,0.9641633742,0.7220978209,-0.02040794508,0.5200560494,0.4557411088,0,1
2399,79966666667,0,1,-1.29420924,-0.8263375211,0.9661794185,0.7250275253,-0.02342989905,0.5156779019,0.4559193228,0,1
2400,80000000000,0,0,-1.294454061,-0.8200359853,0.9641989102,0.7256352379,-0.02320355573,0.5139677052,0.4568941832,0,1
2401,80033333333,0,0,-1.298823899,-0.8157682247,0.9622169839,0.7251386479,-0.02367533731,0.5149426692,0.4565604749,0,1
2402,80066666667,0,0,-1.300076812,-0.8108290722,0.9604982253,0.7235828207,-0.02519298743,0.5167249719,0.4569338228,0,1
2403,80100000000,0,0,-1.303433565,-0.8078464245,0.9581985087,0.7214151823,-0.02538393964,0.5198935985,0.4567564303,0,1
2404,80133333333,0,0,-1.307021406,-0.8054982146,0.9567222773,0.7201718769,-0.0258603023,0.5218842629,0.4564214375,0,1
2405,80166666667,0,0,-1.308443231,-0.8019658355,0.9542758807,0.7202810481,-0.02666906672,0.5226724771,0.455299302,0,1
2406,80200000000,0,0,-1.314019229,-0.8003719335,0.9524380167,0.7199883784,-0.02596855309,0.5233151022,0.4550644713,0,1
2407,80233333333,0,0,-1.315598016,-0.7965094629,0.950040558,0.7207826537,-0.02565888873,0.5211631967,0.4562925706,0,1
2408,80266666667,0,1,-1.318916626,-0.7959009651,0.949751119,0.7228904698,-0.02571999642,0.5193125299,0.4550630141,0,1
2409,80300000000,0,0,-1.322110998,-0.7915144756,0.9482774934,0.725871059,-0.02602415269,0.5155679922,0.4545586811,0,1
2410,80333333333,0,0,-1.323968949,-0.7841474916,0.9491786773,0.7264107646,-0.02610145881,0.5145463706,0.4548495877,0,1
2411,80366666667,0,0,-1.322788632,-0.7765819715,0.947975643,0.7243330756,-0.02512962251,0.5156233461,0.4569930663,0,1
2412,80400000000,0,0,-1.32406185,-0.7719776651,0.9454748667,0.7207258321,-0.02422325203,0.5183082653,0.4596999577,0,1
2413,80433333333,0,0,-1.328696837,-0.7685112291,0.9437886249,0.7167711253,-0.02456030267,0.5204533854,0.4634266059,0,1
2414,80466666667,0,1,-1.323592913,-0.7646916799,0.944221464,0.7129607577,-0.02693072072,0.5227206108,0.4666099627,0,1
2415,80500000000,0,0,-1.325829717,-0.7614473307,0.9413628563,0.7108295954,-0.02786913332,0.5251410092,0.4670883409,0,1
2416,80533333333,0,0,-1.326907226,-0.7582836256,0.939702038,0.7098323492,-0.03106985535,0.5262062475,0.4672041151,0,1
2417,80566666667,0,0,-1.325818988,-0.7534619965,0.9379867747,0.7096545447,-0.03380651651,0.5267751529,0.4666427809,0,1
2418,80600000000,0,0,-1.327776487,-0.7514956376,0.9359785352,0.7092644474,-0.03678184172,0.5272687657,0.466453308,0,1
2419,80633333333,0,0,-1.328551597,-0.7476756685,0.9350167361,0.7094899022,-0.0405250378,0.5263069731,0.4668862496,0,1
2420,80666666667,0,0,-1.326803151,-0.7420572623,0.9340106175,0.7106086473,-0.04398164782,0.5248524804,0.4665092056,0,1
2421,80700000000,0,1,-1.323688045,-0.7363786707,0.9321085669,0.7116188551,-0.04602844288,0.5250932665,0.4644965544,0,1
2422,80733333333,0,0,-1.324676276,-0.7321283358,0.9308113441,0.7112436999,-0.04675657032,0.5269476013,0.4628957205,0,1
2423,80766666667,0,0,-1.322686195,-0.7276314021,0.9289752909,0.7093325343,-0.04789502508,0.529434377,0.4628743487,0,1
2424,80800000000,0,0,-1.320029745,-0.723787785,0.9261863548,0.7073053795,-0.04762707969,0.5326866469,0.4622723198,0,1
2425,80833333333,0,0,-1.319066867,-0.7220378281,0.9228412493,0.7069931813,-0.04640590293,0.534118433,0.4612208074,0,1
2426,80866666667,0,0,-1.320306643,-0.7217532395,0.9194886257,0.7082351935,-0.04375563487,0.5325687699,0.4613662975,0,1
2427,80900000000,0,1,-1.32095224,-0.7156684002,0.9156292537,0.7123758649,-0.03991843937,0.5283484221,0.4601902761,0,1
2428,80933333333,0,0,-1.320163563,-0.7131493216,0.9135646535,0.7159755835,-0.03718353327,0.5253915117,0.4582140419,0,1
2429,80966666667,0,0,-1.318447384,-0.7095626046,0.9117757608,0.7185745813,-0.03500548623,0.5235314639,0.4564427602,0,1
2430,81000000000,0,0,-1.316495319,-0.7059846873,0.9083916994,0.7203221482,-0.03265664667,0.5231639633,0.454278564,0,1
2431,81033333333,0,0,-1.317051327,-0.7041885483,0.9037178473,0.7224673475,-0.03154309321,0.522434983,0.4517827505,0,1
2432,81066666667,0,0,-1.315922946,-0.7010054757,0.8998998925,0.7242025538,-0.0302539739,0.5206230503,0.4511839953,0,1
2433,81100000000,0,1,-1.314233932,-0.6951416782,0.8941445156,0.7259742772,-0.02596386924,0.5184128158,0.451148954,0,1
2434,81133333333,0,0,-1.315287624,-0.6935480326,0.8894802224,0.7281940918,-0.02138753046,0.5157396062,0.4508753673,0,1
2435,81166666667,0,0,-1.315200057,-0.6893765486,0.88647082,0.7319135493,-0.01898837539,0.5117796209,0.4494703744,0,1
2436,81200000000,0,0,-1.316049133,-0.6850374234,0.8833521607,0.7349314435,-0.01679250155,0.5096579434,0.4470375443,0,1
2437,81233333333,0,0,-1.318328541,-0.6824444108,0.8805176484,0.7353308356,-0.01686016154,0.5093020604,0.4467837378,0,1
2438,81266666667,0,0,-1.319053521,-0.6763184306,0.8786429389,0.7333706348,-0.01809944865,0.5103050822,0.448808027,0,1
2439,81300000000,0,1,-1.319052511,-0.6682695579,0.8731771692,0.730389551,-0.01808495448,0.5113871966,0.4524236657,0,1
2440,81333333333,0,0,-1.318734147,-0.6638012145,0.8709628483,0.7267058889,-0.01706986143,0.5133644659,0.4561404345,0,1
2441,81366666667,0,0,-1.318802157,-0.6604784706,0.8675721532,0.7240055203,-0.01464656337,0.5126319574,0.4613133002,0,1
2442,81400000000,0,0,-1.318936932,-0.6576568433,0.8618973525,0.724109932,-0.01223662702,0.5086386531,0.4656197933,0,1
2443,81433333333,0,0,-1.319858254,-0.6525510748,0.8590556537,0.7260078365,-0.009744735824,0.504152159,0.4675983983,0,1
2444,81466666667,0,0,-1.321409316,-0.6492405963,0.8560897175,0.7274026518,-0.008104064641,0.5001838725,0.469718852,0,1
2445,81500000000,0,1,-1.325105585,-0.6400327175,0.8496521077,0.7302682482,-0.006523894724,0.495144957,0.4706348862,0,1
2446,81533333333,0,0,-1.32592046,-0.6354278407,0.8469668417,0.7316896166,-0.008228324288,0.4928319865,0.4708282412,0,1
2447,81566666667,0,0,-1.326657462,-0.6312075205,0.8439300947,0.7327347085,-0.009933700041,0.4916236689,0.4704331374,0,1
2448,81600000000,0,0,-1.329733891,-0.6286550578,0.8393277565,0.7344265826,-0.01302582527,0.489125356,0.4703236212,0,1
2449,81633333333,0,0,-1.33033715,-0.623395183,0.8375938098,0.7368393911,-0.01664642844,0.4875927498,0.46802128,0,1
2450,81666666667,0,0,-1.333920892,-0.6219435756,0.8336021062,0.7398815767,-0.02081732954,0.4851224393,0.4656158397,0,1
2451,81700000000,0,1,-1.337265377,-0.6127796635,0.8276912526,0.744534981,-0.02304326475,0.4807796009,0.4625879867,0,1
2452,81733333333,0,0,-1.340085845,-0.6108100752,0.8249860188,0.7465468339,-0.02516560748,0.4779052129,0.462213289,0,1
2453,81766666667,0,0,-1.342918618,-0.6080901548,0.82047288,0.7489795334,-0.02612950675,0.4735409692,0.462715742,0,1
2454,81800000000,0,0,-1.346556291,-0.6045111203,0.8175079863,0.7512024279,-0.02760745171,0.4700484076,0.4625875435,0,1
2455,81833333333,0,0,-1.348653107,-0.6009667946,0.8156083965,0.7522784701,-0.02907924837,0.4691129143,0.4616974923,0,1
2456,81866666667,0,0,-1.352215049,-0.5997351644,0.8115118392,0.7515777809,-0.03018890624,0.469156462,0.4627220369,0,1
2457,81900000000,0,1,-1.355228751,-0.5913416798,0.8073542662,0.7521126628,-0.02993732304,0.4691763943,0.4618482545,0,1
2458,81933333333,0,0,-1.358408939,-0.5887386602,0.8037846857,0.7524055978,-0.03194791899,0.4698882232,0.4605108083,0,1
2459,81966666667,0,0,-1.362757901,-0.5872083588,0.8005626262,0.7525709506,-0.03248229883,0.4704235708,0.4596558807,0,1
2460,82000000000,0,0,-1.368707248,-0.5862897506,0.795829239,0.7539126796,-0.03307157417,0.4685638562,0.4593145493,0,1
2461,82033333333,0,0,-1.373244233,-0.5839789066,0.7937976572,0.75536486,-0.03389194908,0.4664181057,0.4590527363,0,1
2462,82066666667,0,0,-1.377717265,-0.5810013143,0.7919853619,0.7558249204,-0.03472793461,0.4652122438,0.459456449,0,1
2463,82100000000,0,1,-1.382867925,-0.5769274429,0.7900607541,0.7555899666,-0.03555975192,0.4651215119,0.4598709444,0,1
2464,82133333333,0,0,-1.385678361,-0.5746316083,0.7878073276,0.7548661205,-0.03749743179,0.4651189692,0.4609071786,0,1
2465,82166666667,0,0,-1.390741735,-0.5719797699,0.7849397208,0.7546524035,-0.03830028965,0.4650541255,0.4612564341,0,1
2466,82200000000,0,0,-1.395453226,-0.5686727163,0.7828408503,0.7548963464,-0.04002727142,0.4645235814,0.4612452342,0,1
2467,82233333333,0,0,-1.399307732,-0.5659551188,0.781489901,0.7542333152,-0.04174557467,0.4650955311,0.4616010835,0,1
2468,82266666667,0,0,-1.403970716,-0.5643885494,0.7782656416,0.7529903246,-0.04281298317,0.4654889244,0.4631335453,0,1
2469,82300000000,0,1,-1.408857599,-0.5628811389,0.7767735379,0.7520035121,-0.04458840275,0.46508373,0.4649728124,0,1
2470,82333333333,0,0,-1.410575711,-0.5600461302,0.774892356,0.7506877453,-0.04551338126,0.4652904729,0.4667989043,0,1
2471,82366666667,0,0,-1.415204343,-0.5583377265,0.7725192718,0.7492710009,-0.0456962295,0.4664388185,0.4679098743,0,1
2472,82400000000,0,0,-1.417088363,-0.55590712,0.7695111262,0.7491479858,-0.04708794406,0.4665150855,0.4678928253,0,1
2473,82433333333,0,0,-1.420130059,-0.5537140701,0.7666482634,0.749345603,-0.0481954815,0.4675901265,0.4663880749,0,1
2474,82466666667,0,0,-1.424237194,-0.5526013082,0.7645756984,0.7485517591,-0.04903201101,0.4691223868,0.466036814,0,1
2475,82500000000,0,1,-1.427298519,-0.5489813487,0.7622453154,0.7472251434,-0.04871317483,0.4704137119,0.4668967245,0,1
2476,82533333333,0,0,-1.428459495,-0.5470361443,0.7596505806,0.745742996,-0.04842198146,0.4715255501,0.4681734201,0,1
2477,82566666667,0,0,-1.429748566,-0.5453039665,0.7563207819,0.7452802445,-0.04847539698,0.4722847689,0.4681394985,0,1
2478,82600000000,0,0,-1.431016142,-0.5436953164,0.7537741114,0.7449254582,-0.04898696842,0.4734279681,0.4674957729,0,1
2479,82633333333,0,0,-1.433435197,-0.542217778,0.7523167335,0.7432609945,-0.0487592274,0.4753551969,0.4682126318,0,1
2480,82666666667,0,0,-1.433792892,-0.5399571862,0.7501734413,0.741446002,-0.04874556611,0.4767731585,0.4696477949,0,1
2481,82700000000,0,0,-1.432396044,-0.5389580963,0.7470113247,0.7399720018,-0.04928274764,0.4778918931,0.4707780643,0,1
2482,82733333333,0,0,-1.431199781,-0.5383395257,0.7459040772,0.7381345802,-0.0491505445,0.4794940482,0.4720455732,0,1
2483,82766666667,0,0,-1.430496421,-0.5384859375,0.7428870447,0.7368092757,-0.04854037777,0.4799304143,0.4737327521,0,1
2484,82800000000,0,0,-1.426740682,-0.5371683024,0.7402312079,0.7372404164,-0.04864855437,0.4787745431,0.4742202267,0,1
2485,82833333333,0,0,-1.425303351,-0.5359311482,0.7375012961,0.7382440485,-0.04781831276,0.4777419231,0.4737845384,0,1
2486,82866666667,0,1,-1.421048159,-0.5366364666,0.7349450967,0.7385770071,-0.04781479829,0.4770519239,0.4739611921,0,1
2487,82900000000,0,0,-1.420234652,-0.5371942837,0.7330391767,0.7379529589,-0.04664059979,0.4774940731,0.4746045671,0,1
2488,82933333333,0,0,-1.416935295,-0.5362561516,0.729072467,0.7382075265,-0.04665510766,0.4762585135,0.4754479752,0,1
2489,82966666667,0,0,-1.412642942,-0.5349329521,0.725837061,0.7391109983,-0.04769276977,0.4758444198,0.4743547406,0,1
2490,83000000000,0,0,-1.409923894,-0.5340784365,0.7233925177,0.7395333366,-0.04862112311,0.4767756812,0.4726641305,0,1
2491,83033333333,0,0,-1.406669786,-0.533350755,0.721202802,0.7397796483,-0.04983897804,0.4774533246,0.471466299,0,1
2492,83066666667,0,0,-1.401987509,-0.5329394616,0.71914265,0.7400581043,-0.05089542511,0.4778027132,0.4705616062,0,1
2493,83100000000,0,0,-1.397704869,-0.532097435,0.7167138937,0.7411794533,-0.05135130424,0.476989662,0.4695709999,0,1
2494,83133333333,0,0,-1.391098967,-0.5311811379,0.7145891074,0.7424917249,-0.05204058397,0.4764682306,0.4679485456,0,1
2495,83166666667,0,0,-1.386883335,-0.5312757734,0.7129960652,0.7425871331,-0.05081863137,0.4768168504,0.4675762053,0,1
2496,83200000000,0,1,-1.382631116,-0.5303875844,0.712757518,0.7429368769,-0.04917237083,0.4762980974,0.4677253439,0,1
2497,83233333333,0,0,-1.376834024,-0.5304799993,0.711046099,0.7433945146,-0.0468498402,0.4760023017,0.4675376957,0,1
2498,83266666667,0,0,-1.371789764,-0.5301832718,0.7081997738,0.7438504283,-0.04414281198,0.4752401584,0.4678511989,0,1
2499,83300000000,0,0,-1.365973476,-0.5301531716,0.7053680813,0.7437582214,-0.04199622942,0.4744118496,0.4690345635,0,1
2500,83333333333,0,0,-1.360180005,-0.529281985,0.7016877887,0.7441061698,-0.04021768052,0.4732530575,0.4698085672,0,1
2501,83366666667,0,0,-1.353949619,-0.5273397992,0.6977951753,0.7456556564,-0.04005141701,0.4718704292,0.4687556124,0,1
2502,83400000000,0,1,-1.347427334,-0.5273457099,0.6931303216,0.7475418086,-0.04171449928,0.4715399009,0.4659305386,0,1
2503,83433333333,0,0,-1.341659863,-0.5273661455,0.6899465979,0.7485274797,-0.04354846015,0.472482056,0.4632179298,0,1
2504,83466666667,0,0,-1.335605051,-0.5271028005,0.6873380187,0.74904001,-0.04534089897,0.4739110931,0.4607510631,0,1
2505,83500000000,0,0,-1.328345352,-0.526977218,0.6851610584,0.7493150044,-0.04675680215,0.4751430995,0.4588898132,0,1
2506,83533333333,0,0,-1.322474899,-0.5273058006,0.6826610059,0.7495683905,-0.04683056397,0.4761024061,0.4574719938,0,1
2507,83566666667,0,0,-1.316666745,-0.5271694692,0.6809580634,0.7496082909,-0.04628326777,0.4763392533,0.4572156877,0,1
2508,83600000000,0,1,-1.308396707,-0.5250840078,0.676206454,0.7501174632,-0.04518307724,0.4749186125,0.4579678945,0,1
2509,83633333333,0,0,-1.302572487,-0.5249127102,0.6737978529,0.7499367255,-0.04417456641,0.47449518,0.4588004355,0,1
2510,83666666667,0,0,-1.295703218,-0.5238191591,0.6720943537,0.7506623776,-0.0426646326,0.4734474881,0.4588389695,0,1
2511,83700000000,0,0,-1.290008758,-0.5245221087,0.669085315,0.7523074966,-0.04047452977,0.471421766,0.4584285784,0,1
2512,83733333333,0,0,-1.285800872,-0.5250463964,0.6668580936,0.7544324569,-0.03904340486,0.468585879,0.4579678532,0,1
2513,83766666667,0,0,-1.280856679,-0.5248917804,0.6644302851,0.7565414977,-0.03898569562,0.4654118238,0.4577301738,0,1
2514,83800000000,0,0,-1.274101265,-0.5237845848,0.6645153869,0.7569526507,-0.038471154,0.4641792221,0.4583451807,0,1
2515,83833333333,0,1,-1.269146964,-0.5236120869,0.6598756555,0.7572996759,-0.03664098341,0.4622214583,0.4598977743,0,1
2516,83866666667,0,0,-1.2640568,-0.5226869151,0.6558944604,0.7585160788,-0.03662859186,0.4588334766,0.4612846683,0,1
2517,83900000000,0,0,-1.25828985,-0.5182892823,0.6548883763,0.7607836068,-0.03713441615,0.457066746,0.4592595437,0,1
2518,83933333333,0,0,-1.253365789,-0.5177537898,0.6518455438,0.7622655293,-0.03807177716,0.4565971836,0.4571879423,0,1
2519,83966666667,0,0,-1.248437813,-0.5172279977,0.6477903564,0.7636267537,-0.04060367849,0.4550855696,0.4562046105,0,1
2520,84000000000,0,0,-1.242723397,-0.5155508627,0.6454340622,0.7647599783,-0.04318799323,0.4533871482,0.4557598784,0,1
2521,84033333333,0,0,-1.237092184,-0.5135569011,0.6440434531,0.7656054342,-0.04384149819,0.4520541522,0.4556021133,0,1
2522,84066666667,0,1,-1.232178534,-0.5128205903,0.6368088125,0.7676193231,-0.04428768794,0.4483479655,0.4558325101,0,1
2523,84100000000,0,0,-1.226431849,-0.5096379274,0.6351273779,0.7699422038,-0.04541218647,0.444385644,0.4556842499,0,1
2524,84133333333,0,0,-1.220142842,-0.5071048578,0.6325642813,0.7726171273,-0.04524838101,0.4411320377,0.4543323497,0,1
2525,84166666667,0,0,-1.214754453,-0.5054891807,0.628881389,0.7757055198,-0.04561673449,0.4375151701,0.4525268346,0,1
2526,84200000000,0,0,-1.20973318,-0.5026816054,0.6270538751,0.7785349943,-0.04543564524,0.4354111752,0.4497065414,0,1
2527,84233333333,0,0,-1.203767959,-0.5023052671,0.6206988603,0.7820015674,-0.04738813912,0.432286433,0.446493396,0,1
2528,84266666667,0,1,-1.198389455,-0.4981286995,0.6156348913,0.7857327692,-0.05115708874,0.430294407,0.4414223498,0,1
2529,84300000000,0,0,-1.192994631,-0.4968863669,0.6132545173,0.7873664797,-0.05518030845,0.4324639511,0.4358716453,0,1
2530,84333333333,0,0,-1.188799802,-0.4979160459,0.6045512452,0.7895087627,-0.05988449497,0.4315834812,0.4322331079,0,1
2531,84366666667,0,0,-1.183481019,-0.4980457571,0.6013809937,0.7919469375,-0.06581531945,0.4289149206,0.4295583579,0,1
2532,84400000000,0,0,-1.177822291,-0.4973547559,0.5970295693,0.7944212645,-0.06762716326,0.4251365613,0.428462747,0,1
2533,84433333333,0,0,-1.172151336,-0.4978076892,0.5902748535,0.7974589191,-0.06909039597,0.4181295564,0.4294804578,0,1
2534,84466666667,0,1,-1.162318289,-0.4983294384,0.5853295646,0.7996926041,-0.07087453879,0.4106042257,0.4322877612,0,1
2535,84500000000,0,0,-1.158181227,-0.4949381174,0.5826061632,0.8011813879,-0.06955080028,0.406511294,0.4336123126,0,1
2536,84533333333,0,0,-1.15355419,-0.4920466143,0.5785230046,0.8016970337,-0.06911822613,0.4046692122,0.4344506481,0,1
2537,84566666667,0,0,-1.148768333,-0.4886812954,0.5757491376,0.800530858,-0.06934492181,0.4070532782,0.434337721,0,1
2538,84600000000,0,0,-1.144559393,-0.4869283597,0.5706285147,0.7988958789,-0.07043630078,0.4106240205,0.4338110373,0,1
2539,84633333333,0,0,-1.140292635,-0.484831125,0.567667468,0.7976088175,-0.07250617181,0.4145694942,0.4320823577,0,1
2540,84666666667,0,1,-1.132290137,-0.4846442329,0.5607812284,0.7964005507,-0.07408396339,0.4167480801,0.4319476438,0,1
2541,84700000000,0,0,-1.128769498,-0.4856478526,0.5554234577,0.7954286141,-0.07621601182,0.4177394862,0.4324097143,0,1
2542,84733333333,0,0,-1.12357695,-0.4827421529,0.5521886121,0.795048771,-0.07807988023,0.4175186053,0.4329886813,0,1
2543,84766666667,0,0,-1.118914454,-0.4813821085,0.54842738,0.794859381,-0.07951867606,0.4171511831,0.433428466,0,1
2544,84800000000,0,0,-1.114831605,-0.4801557866,0.5449666671,0.7952278395,-0.08172882954,0.4165785831,0.4328918639,0,1
2545,84833333333,0,0,-1.110580483,-0.4780082968,0.5458350255,0.79449937,-0.08256356028,0.418287881,0.4324225459,0,1
2546,84866666667,0,0,-1.105469962,-0.4772462043,0.5417306813,0.79369016,-0.08173544916,0.4191897632,0.4331918613,0,1
2547,84900000000,0,0,-1.102164811,-0.4762280949,0.5391993841,0.7937852624,-0.0811525533,0.419301275,0.4330192388,0,1
2548,84933333333,0,1,-1.095702285,-0.4760299549,0.5368608151,0.7942619554,-0.08120640823,0.418762055,0.4326566846,0,1
2549,84966666667,0,0,-1.091424221,-0.4769252442,0.5351112968,0.794451043,-0.07989078206,0.4193205204,0.4320130836,0,1
2550,85000000000,0,0,-1.087485121,-0.4779213096,0.5333492257,0.7945429798,-0.07882581312,0.4196836626,0.4316868862,0,1
2551,85033333333,0,0,-1.082764286,-0.4777153295,0.5315209051,0.7948340935,-0.07754217981,0.4195781796,0.4314859504,0,1
2552,85066666667,0,0,-1.078368024,-0.478576495,0.530605911,0.7947925056,-0.07608866752,0.4202372325,0.4311798421,0,1
2553,85100000000,0,0,-1.074013505,-0.4792137712,0.529548232,0.794713788,-0.07465525338,0.4213633335,0.4304759338,0,1
2554,85133333333,0,1,-1.068505089,-0.4782910515,0.5290917055,0.7947327709,-0.07384938104,0.4232395146,0.4287358219,0,1
2555,85166666667,0,0,-1.063928598,-0.4789337739,0.5279748019,0.7944673702,-0.07326415291,0.4266487704,0.4259398881,0,1
2556,85200000000,0,0,-1.05947454,-0.4810689999,0.5270680689,0.7941104183,-0.07258158148,0.4296115359,0.4237386999,0,1
2557,85233333333,0,0,-1.055057974,-0.4822110125,0.5262220481,0.7936930869,-0.07115982666,0.4311177474,0.423231675,0,1
2558,85266666667,0,0,-1.049417153,-0.4846302606,0.5248906073,0.7932104715,-0.07057163323,0.4307459295,0.4246112772,0,1
2559,85300000000,0,0,-1.044016054,-0.4867866085,0.5243196362,0.7936682154,-0.07117598088,0.4292659257,0.4251535118,0,1
2560,85333333333,0,1,-1.037807159,-0.487916353,0.5242146947,0.7940595195,-0.07194533902,0.4271395943,0.4264330131,0,1
2561,85366666667,0,0,-1.032470394,-0.4875997167,0.5249739645,0.79395911,-0.0724273789,0.4261516487,0.427525413,0,1
2562,85400000000,0,0,-1.026654458,-0.487480709,0.5244960797,0.793818181,-0.07161907466,0.426165902,0.4279089011,0,1
2563,85433333333,0,0,-1.020500799,-0.4886415883,0.5245649262,0.7938126446,-0.07220124069,0.4269296854,0.4270591408,0,1
2564,85466666667,0,0,-1.014847526,-0.4893305489,0.524405524,0.793664212,-0.07180643166,0.4286910169,0.4256347812,0,1
2565,85500000000,0,0,-1.008610463,-0.4915182727,0.5241914237,0.7924981816,-0.07120076772,0.4308575282,0.4257215912,0,1
2566,85533333333,0,1,-1.002084827,-0.4947356032,0.5239547267,0.7910020202,-0.07091070377,0.4325765863,0.4268078878,0,1
2567,85566666667,0,0,-0.9963046265,-0.4966345804,0.5241391843,0.7899428831,-0.06977716653,0.4347133637,0.4267852854,0,1
2568,85600000000,0,0,-0.9904814445,-0.4987295959,0.5237125541,0.7894031321,-0.06814710615,0.4367748333,0.425941794,0,1
2569,85633333333,0,0,-0.985475943,-0.5012365342,0.5236642846,0.7889684718,-0.06721033695,0.4390854522,0.4245179462,0,1
2570,85666666667,0,0,-0.9801039282,-0.5032210519,0.5238463407,0.7884916992,-0.06666529865,0.4411569205,0.4233404656,0,1
2571,85700000000,0,0,-0.9747679044,-0.5059799753,0.5243152694,0.787969766,-0.0663289389,0.4429792969,0.4224611962,0,1
2572,85733333333,0,1,-0.967342692,-0.5101094369,0.524511581,0.7880402172,-0.06723481937,0.4442211851,0.4208795954,0,1
2573,85766666667,0,0,-0.9625718751,-0.5127903232,0.5247598532,0.7882978856,-0.06705809162,0.4453561719,0.4192225376,0,1
2574,85800000000,0,0,-0.9570451078,-0.5150841479,0.5257185314,0.788274469,-0.06601170987,0.444762385,0.4200621817,0,1
2575,85833333333,0,0,-0.9520346799,-0.5173019703,0.5263276626,0.7887037255,-0.06384486329,0.4430270861,0.4214229085,0,1
2576,85866666667,0,0,-0.9472317341,-0.519477861,0.527263142,0.7896026003,-0.06238667398,0.4411689502,0.4219070916,0,1
2577,85900000000,0,0,-0.9421420962,-0.5211442512,0.527373281,0.7903264616,-0.06037973719,0.4403867945,0.4216608147,0,1
2578,85933333333,0,0,-0.9379042494,-0.5232968612,0.5274611382,0.7900509379,-0.05745115708,0.4400998994,0.4228840959,0,1
2579,85966666667,0,1,-0.9323347785,-0.5248570126,0.527608496,0.7902445502,-0.05569756358,0.4396120599,0.4232641836,0,1
2580,86000000000,0,0,-0.9277235284,-0.5265208058,0.5274448879,0.7909692928,-0.05478336495,0.4398890412,0.4217392467,0,1
2581,86033333333,0,0,-0.924043935,-0.5287836987,0.5274910876,0.7915498358,-0.05419638233,0.4409723524,0.4195890777,0,1
2582,86066666667,0,0,-0.9200195565,-0.5314026273,0.527520628,0.7915475628,-0.05361185942,0.4414339558,0.4191828802,0,1
2583,86100000000,0,0,-0.9161152646,-0.5340272171,0.5287002887,0.7919541638,-0.05308040015,0.4419563117,0.4179302478,0,1
2584,86133333333,0,0,-0.9126019199,-0.5363452051,0.5285918164,0.7935819244,-0.05346236024,0.4412353142,0.4155489174,0,1
2585,86166666667,0,1,-0.9080562565,-0.5394966325,0.5304899954,0.794610778,-0.0528831565,0.4388120877,0.4162223384,0,1
2586,86200000000,0,0,-0.9046213092,-0.5416384879,0.5305274463,0.7950800798,-0.05003438937,0.4347992043,0.419873646,0,1
2587,86233333333,0,0,-0.9004051347,-0.5430685895,0.5296295967,0.7955918425,-0.04756850996,0.4317804976,0.4222990159,0,1
2588,86266666667,0,0,-0.8968852832,-0.5442768855,0.5280087922,0.7966097444,-0.04620774238,0.4308792766,0.4214508378,0,1
2589,86300000000,0,0,-0.8931927093,-0.5459779827,0.5269081785,0.7968252083,-0.04566646322,0.4322739576,0.4196705698,0,1
2590,86333333333,0,0,-0.8902182458,-0.5483283052,0.52621396,0.7958829768,-0.04420386511,0.4343085841,0.4195144327,0,1
2591,86366666667,0,0,-0.8879804279,-0.5507401118,0.5269202072,0.7956182043,-0.04258098075,0.4357891733,0.4186482168,0,1
2592,86400000000,0,0,-0.8857526669,-0.5531731092,0.5267069185,0.7968101429,-0.04195279892,0.435639018,0.4165959732,0,1
2593,86433333333,0,0,-0.8821866029,-0.5556362715,0.5253851888,0.7978828093,-0.04079792546,0.4348414447,0.4154894342,0,1
2594,86466666667,0,0,-0.8804335463,-0.5570994777,0.5247316481,0.7985779519,-0.0380902161,0.4354009859,0.4138216665,0,1
2595,86500000000,0,1,-0.8797370374,-0.5589753843,0.5243356918,0.799383803,-0.03758310808,0.4363027801,0.4113549922,0,1
2596,86533333333,0,0,-0.8769708526,-0.5600395614,0.5229912304,0.7997150712,-0.03775292433,0.4367394484,0.4102306374,0,1
2597,86566666667,0,0,-0.874303098,-0.5628800132,0.5221859255,0.7999991278,-0.03715739848,0.4392880812,0.4069971804,0,1
2598,86600000000,0,0,-0.8764512539,-0.5640056084,0.5238673117,0.800885724,-0.03440621113,0.4422662777,0.4022422272,0,1
2599,86633333333,0,0,-0.8777365997,-0.564219676,0.525095299,0.8028919207,-0.03339980163,0.4415900846,0.3990579082,0,1
2600,86666666667,0,0,-0.8782900325,-0.5642257256,0.5255661625,0.8054346102,-0.03282207349,0.4390430969,0.3967857852,0,1
2601,86700000000,0,0,-0.8792923324,-0.5628728152,0.5254124541,0.8076130457,-0.03246713765,0.4359133177,0.3958366239,0,1
2602,86733333333,0,0,-0.8781022683,-0.5625446439,0.5237060382,0.8084164956,-0.03282395267,0.4332763634,0.3970603868,0,1
2603,86766666667,0,0,-0.8784673983,-0.5609848803,0.5223340558,0.8079954635,-0.03220202786,0.4329693034,0.3983013215,0,1
2604,86800000000,0,0,-0.8787171736,-0.5593370399,0.5212582088,0.8074053272,-0.03310766316,0.4339479622,0.3983587409,0,1
2605,86833333333,0,0,-0.8795074144,-0.557918786,0.5211219322,0.8069591137,-0.03479828245,0.4362014426,0.3966539674,0,1
2606,86866666667,0,0,-0.8812644324,-0.5554426198,0.5208575719,0.8069633022,-0.03661293384,0.4378695408,0.3946390594,0,1
2607,86900000000,0,0,-0.8820656847,-0.5536472267,0.5209608513,0.8074428433,-0.03917984993,0.4386408828,0.3925495765,0,1
2608,86933333333,0,0,-0.883100513,-0.5516310002,0.5203620131,0.8082398934,-0.04072669912,0.4387432319,0.3906328035,0,1
2609,86966666667,0,0,-0.8848003646,-0.548281745,0.5191636186,0.8083343192,-0.0415224657,0.4386982081,0.3904041439,0,1
2610,87000000000,0,0,-0.8859349403,-0.5453843092,0.5185078156,0.8073937001,-0.04179851183,0.4391290042,0.3918341679,0,1
2611,87033333333,0,0,-0.8868126756,-0.5424954173,0.5176659452,0.8071615434,-0.04216603065,0.4391428256,0.392257374,0,1
2612,87066666667,0,0,-0.8876248165,-0.5398064991,0.515963814,0.8077681337,-0.04216772296,0.4386252259,0.3915870738,0,1
2613,87100000000,0,0,-0.8895944998,-0.5356041349,0.5144462794,0.8082848091,-0.04211957823,0.43801714,0.3912065868,0,1
2614,87133333333,0,0,-0.891382114,-0.53219114,0.5130537672,0.8080927714,-0.04211228293,0.4372565476,0.3924529781,0,1
2615,87166666667,0,1,-0.8921995878,-0.5288706564,0.5075387412,0.8081561041,-0.04256108104,0.4348719262,0.3949160335,0,1
2616,87200000000,0,0,-0.8931321069,-0.5257698842,0.5046029424,0.8077510428,-0.0419402194,0.434628931,0.3960769663,0,1
2617,87233333333,0,0,-0.8949741137,-0.523324856,0.5017885207,0.8069307386,-0.04038234486,0.4348274072,0.3976897978,0,1
2618,87266666667,0,0,-0.8963914499,-0.5212090402,0.4983699775,0.8070979119,-0.03882956119,0.4345342488,0.3978256056,0,1
2619,87300000000,0,0,-0.8997073807,-0.5169115593,0.4952723129,0.8083427692,-0.03728990246,0.4340264859,0.3959955053,0,1
2620,87333333333,0,0,-0.9009889012,-0.5138449986,0.4912841113,0.810096064,-0.03863229881,0.4328517386,0.3935623013,0,1
2621,87366666667,0,0,-0.9024017032,-0.5100875058,0.4869920205,0.8118730443,-0.03968745883,0.4324549845,0.39021757,0,1
2622,87400000000,0,0,-0.9039580997,-0.5055905923,0.4822554805,0.8126890102,-0.0408353537,0.4332073823,0.3875569771,0,1
2623,87433333333,0,0,-0.9060878526,-0.5018284229,0.4786960563,0.8122609307,-0.04166820493,0.4340047008,0.3874736905,0,1
2624,87466666667,0,0,-0.9069564909,-0.4991437394,0.4754430057,0.8120328091,-0.04267829498,0.4336036594,0.388290029,0,1
2625,87500000000,0,1,-0.9093005242,-0.4953300118,0.4698209715,0.8123875498,-0.04291167697,0.4320021489,0.3893060496,0,1
2626,87533333333,0,0,-0.9097755016,-0.4913792163,0.4646835369,0.8134030956,-0.04385319341,0.4301613641,0.3891188794,0,1
2627,87566666667,0,0,-0.9106086421,-0.4873180072,0.4599914383,0.8144210118,-0.04459072186,0.4290095189,0.3881763977,0,1
2628,87600000000,0,0,-0.9106067855,-0.4835396014,0.4543248303,0.8155408851,-0.04520798769,0.4278714538,0.3870081674,0,1
2629,87633333333,0,0,-0.9106626114,-0.4803161586,0.4482160291,0.8161004546,-0.0442207192,0.4282996872,0.3854658919,0,1
2630,87666666667,0,0,-0.9130356994,-0.4761217347,0.4426448861,0.816805703,-0.04338604337,0.4287324331,0.3835812763,0,1
2631,87700000000,0,0,-0.9141891005,-0.4729775292,0.4377034212,0.8177684436,-0.04417060693,0.4283666521,0.38184518,0,1
2632,87733333333,0,0,-0.915475036,-0.4700093465,0.4327276402,0.8189770733,-0.04418694859,0.4274520731,0.3802746273,0,1
2633,87766666667,0,1,-0.9167552106,-0.4647328844,0.4257933329,0.8212562268,-0.04370177238,0.4252005455,0.3779323499,0,1
2634,87800000000,0,0,-0.9178092543,-0.4600710356,0.418996789,0.8236225552,-0.0445176489,0.42310896,0.3750238305,0,1
2635,87833333333,0,0,-0.9186236983,-0.4561828749,0.4131418527,0.8253498793,-0.04559022311,0.4227461476,0.3714899771,0,1
2636,87866666667,0,0,-0.9209643973,-0.4520455406,0.4072869555,0.8270593118,-0.04643103665,0.4229767601,0.3672978546,0,1
2637,87900000000,0,0,-0.9224517006,-0.4471068026,0.4015949687,0.8294425773,-0.04817334237,0.4227795579,0.3618864263,0,1
2638,87933333333,0,0,-0.9250457329,-0.4422159631,0.3957849621,0.8315421161,-0.04950571738,0.4231406625,0.3564251295,0,1
2639,87966666667,0,0,-0.9271002796,-0.4375828564,0.3903485987,0.8332130113,-0.05202909704,0.4228284107,0.352512675,0,1
2640,88000000000,0,1,-0.9288084272,-0.431176667,0.384970579,0.8346786108,-0.05299021384,0.4218774976,0.3500328997,0,1
2641,88033333333,0,0,-0.9309510587,-0.4259590445,0.3806900992,0.8357658657,-0.05417157423,0.4200787466,0.3494205272,0,1
2642,88066666667,0,0,-0.932755236,-0.420550305,0.3760499616,0.8370810864,-0.05453260733,0.4170531947,0.349840081,0,1
2643,88100000000,0,0,-0.9341413446,-0.4151057749,0.3710676675,0.8381150377,-0.05494532846,0.4131799541,0.3518899259,0,1
2644,88133333333,0,0,-0.9346952864,-0.4094382524,0.3656549481,0.8389568859,-0.05471514482,0.4095571292,0.3541476451,0,1
2645,88166666667,0,0,-0.9364482875,-0.404044254,0.3604451537,0.8398790151,-0.05383187976,0.4065715368,0.3555347439,0,1
2646,88200000000,0,1,-0.9366205901,-0.396625776,0.3552717545,0.8411704881,-0.05395455754,0.4032436069,0.3562523112,0,1
2647,88233333333,0,0,-0.9376513336,-0.3908909773,0.3499895126,0.8413257819,-0.05465403042,0.401609141,0.3576226553,0,1
2648,88266666667,0,0,-0.9386298583,-0.3853215879,0.3450375905,0.8411510326,-0.05589779058,0.4006290611,0.3589383411,0,1
2649,88300000000,0,0,-0.9397855286,-0.3804954017,0.3405455508,0.8411043147,-0.05806746784,0.40035696,0.3590069715,0,1
2650,88333333333,0,0,-0.940887603,-0.375120121,0.3361094088,0.8409866117,-0.05981609014,0.4003045514,0.3590540635,0,1
2651,88366666667,0,0,-0.9417214609,-0.3707237602,0.332099744,0.8405027657,-0.06092185684,0.3999114471,0.3604364892,0,1
2652,88400000000,0,1,-0.9420106201,-0.3647184274,0.3287091608,0.8404439489,-0.06157554194,0.3983578827,0.362178711,0,1
2653,88433333333,0,0,-0.9427679664,-0.3605840948,0.3251518223,0.8403211155,-0.06282799391,0.3970246611,0.3637093408,0,1
2654,88466666667,0,0,-0.9434679816,-0.35604064,0.3214672602,0.8404106576,-0.06396804025,0.3959931371,0.3644275673,0,1
2655,88500000000,0,0,-0.9433062289,-0.3510493003,0.3178227277,0.839866408,-0.06421395251,0.3954563376,0.3662175174,0,1
2656,88533333333,0,0,-0.9439671241,-0.3470807536,0.314865918,0.8391580067,-0.06429936798,0.3954143981,0.3678680263,0,1
2657,88566666667,0,0,-0.9434836385,-0.3434758642,0.3117461439,0.8392500281,-0.0652266786,0.3946051003,0.3683635236,0,1
2658,88600000000,0,0,-0.942776635,-0.3386853166,0.3087931827,0.8390734464,-0.06481347417,0.3944722664,0.3689804821,0,1
2659,88633333333,0,0,-0.9420462122,-0.335313683,0.3053983759,0.8387133156,-0.06464533819,0.3939235075,0.3704122362,0,1
2660,88666666667,0,1,-0.9397412082,-0.3287528543,0.3032689852,0.8393636824,-0.06395078152,0.3926084703,0.3704557941,0,1
2661,88700000000,0,0,-0.9380080092,-0.3248903275,0.2999478657,0.8389796937,-0.0630846861,0.3927274605,0.3713469236,0,1
2662,88733333333,0,0,-0.9374662652,-0.3218669362,0.2970687282,0.8378496101,-0.0621549707,0.3934982751,0.373234374,0,1
2663,88766666667,0,0,-0.9364888921,-0.3169547243,0.293650852,0.8371123815,-0.06197602104,0.3934139418,0.3750030718,0,1
2664,88800000000,0,0,-0.9354591411,-0.3135608198,0.2909009634,0.8357561407,-0.06315283531,0.3938459105,0.3773708937,0,1
2665,88833333333,0,0,-0.9337907112,-0.3101638127,0.2885736017,0.8349677938,-0.06445094833,0.3943324008,0.378387125,0,1
2666,88866666667,0,0,-0.9321347238,-0.3064052082,0.2858397942,0.8351886728,-0.06677744966,0.3944509453,0.3773713088,0,1
2667,88900000000,0,1,-0.9295684106,-0.3014124308,0.2829091805,0.8356465545,-0.06940791021,0.3953230178,0.3749627843,0,1
2668,88933333333,0,0,-0.9274641968,-0.2970675163,0.2798418389,0.8346849255,-0.07114463326,0.3970168128,0.3749895554,0,1
2669,88966666667,0,0,-0.9254289313,-0.2943238513,0.2771920894,0.833418946,-0.07243098663,0.3983911481,0.3760998613,0,1
2670,89000000000,0,0,-0.9227870688,-0.2913390298,0.2743855469,0.8332134576,-0.0732431124,0.3987093543,0.3760606751,0,1
2671,89033333333,0,0,-0.9192556692,-0.2872090252,0.2714271618,0.8332071094,-0.07420490373,0.3984969258,0.3761113468,0,1
2672,89066666667,0,0,-0.9160384412,-0.2843620911,0.267904024,0.8323681798,-0.07477684072,0.3989719573,0.3773499897,0,1
2673,89100000000,0,0,-0.9127184431,-0.2810886785,0.2640500938,0.8317768456,-0.0758343097,0.3982384196,0.3792131297,0,1
2674,89133333333,0,1,-0.9086178284,-0.2759708804,0.2608446614,0.8319684385,-0.07647185362,0.3974454144,0.3794966607,0,1
2675,89166666667,0,0,-0.9046456076,-0.2732032599,0.2582873525,0.8321231669,-0.07709283656,0.3969854284,0.37951324,0,1
2676,89200000000,0,0,-0.9003045915,-0.2695802933,0.2562173391,0.832879359,-0.07678729737,0.3962262904,0.3787088739,0,1
2677,89233333333,0,0,-0.8962103878,-0.2667032037,0.2539125215,0.8338425912,-0.07566258574,0.3957978223,0.3772609046,0,1
2678,89266666667,0,0,-0.8923512248,-0.2630704268,0.2513751751,0.8344129914,-0.07215760544,0.3956427949,0.3768488006,0,1
2679,89300000000,0,0,-0.8903468585,-0.2616347857,0.2490002114,0.8349464389,-0.06803829905,0.3953076155,0.3767852481,0,1
2680,89333333333,0,0,-0.8888884352,-0.2590797402,0.2452341328,0.8364666789,-0.06539139846,0.3927420269,0.3765649485,0,1
2681,89366666667,0,0,-0.8865817057,-0.2550356922,0.2435125854,0.8372782291,-0.06427151231,0.3909342098,0.3768352205,0,1
2682,89400000000,0,0,-0.8843328544,-0.2518058516,0.2404889319,0.8371067388,-0.06324648658,0.3902973054,0.3780478847,0,1
2683,89433333333,0,1,-0.8823947636,-0.2474596382,0.2374270371,0.8367949067,-0.0627191985,0.3900477646,0.3790822176,0,1
2684,89466666667,0,0,-0.8791565835,-0.2445906708,0.2348874476,0.8365541959,-0.06254470945,0.3897485055,0.3799491271,0,1
2685,89500000000,0,0,-0.8767650559,-0.2417868452,0.2318379485,0.8369911202,-0.06272754165,0.3885815348,0.3801519578,0,1
2686,89533333333,0,0,-0.8742638113,-0.2379472794,0.2296689723,0.8373516711,-0.06301056816,0.3869788406,0.3809451721,0,1
2687,89566666667,0,0,-0.8716658481,-0.2342140631,0.2271066765,0.8375359897,-0.06291290813,0.3855494066,0.3820040407,0,1
2688,89600000000,0,0,-0.8693735096,-0.2307092984,0.2244348755,0.8381468369,-0.06311655912,0.3844758686,0.3817125702,0,1
2689,89633333333,0,0,-0.8672666609,-0.227218451,0.2216639648,0.8395675625,-0.06405939809,0.3836224818,0.379284185,0,1
2690,89666666667,0,0,-0.8649759802,-0.2232023483,0.2199035987,0.8408723315,-0.0643873252,0.3834368411,0.3765158474,0,1
2691,89700000000,0,0,-0.8632384018,-0.21950623,0.2170953717,0.8421466776,-0.06439094041,0.3831320509,0.373968731,0,1
2692,89733333333,0,1,-0.8620238178,-0.2137500155,0.2127083707,0.8440211629,-0.06368635564,0.3818618976,0.3711520117,0,1
2693,89766666667,0,0,-0.8601048,-0.2104700841,0.2101972271,0.8456572005,-0.06378319309,0.3800027934,0.36931488,0,1
2694,89800000000,0,0,-0.8587108498,-0.2065499806,0.2069194085,0.8478419948,-0.06388009402,0.3766341074,0.3677363656,0,1
2695,89833333333,0,0,-0.8559960722,-0.2015513955,0.203797913,0.8499588425,-0.06345428344,0.3725522932,0.3670807933,0,1
2696,89866666667,0,0,-0.8547047272,-0.1978951126,0.2002495152,0.8517922361,-0.06243262019,0.3681686398,0.3674289144,0,1
2697,89900000000,0,0,-0.8530692671,-0.1935300421,0.1962337326,0.854274914,-0.06249010041,0.3627595488,0.3670352414,0,1
2698,89933333333,0,1,-0.8514923353,-0.1879401176,0.1910837311,0.8570607636,-0.06241796249,0.3577472641,0.365469206,0,1
2699,89966666667,0,0,-0.8497798033,-0.1843091517,0.1864827115,0.8589402363,-0.06298105369,0.3536700938,0.3649281055,0,1
2700,90000000000,0,0,-0.8480791621,-0.1801770646,0.1820120271,0.8611305003,-0.06461191518,0.3498253007,0.3631829027,0,1
2701,90033333333,0,0,-0.8459815609,-0.1760247253,0.1773067296,0.863881655,-0.06684473054,0.3460115783,0.3598836699,0,1
2702,90066666667,0,0,-0.8438118344,-0.1713061111,0.1729676945,0.8667822518,-0.06883420872,0.3426237713,0.3557517829,0,1
2703,90100000000,0,0,-0.8428622179,-0.1675267342,0.1681747433,0.8696760502,-0.07066173844,0.3389871204,0.3517928632,0,1
2704,90133333333,0,1,-0.8411525253,-0.1638921522,0.1631596677,0.8723705096,-0.07233061344,0.3340044875,0.3495410972,0,1
2705,90166666667,0,0,-0.8400408721,-0.1608672424,0.1578656718,0.874780791,-0.07409553998,0.3284043732,0.3484522726,0,1
2706,90200000000,0,0,-0.8396003075,-0.1553764839,0.1531859464,0.8775626493,-0.07578341537,0.3228638019,0.3462652681,0,1
2707,90233333333,0,0,-0.8394577291,-0.1518817481,0.1483740485,0.8796537495,-0.07831961868,0.3187359754,0.3442131552,0,1
2708,90266666667,0,0,-0.838148287,-0.146656257,0.1444702872,0.8813439839,-0.08076840586,0.3158135407,0.3420103129,0,1
2709,90300000000,0,0,-0.8368177423,-0.1418122523,0.139672142,0.8825257466,-0.08241485623,0.3138690979,0.3403561185,0,1
2710,90333333333,0,1,-0.8345079185,-0.1370498597,0.1356188809,0.8833824207,-0.08398045673,0.3110002644,0.3403845139,0,1
2711,90366666667,0,0,-0.8339469757,-0.1321896809,0.1321099151,0.8842336501,-0.08509938645,0.3079242698,0.3406928096,0,1
2712,90400000000,0,0,-0.8331256829,-0.1280645724,0.1278496912,0.88515494,-0.08604006068,0.3042408349,0.3413727501,0,1
2713,90433333333,0,0,-0.8323493281,-0.1224361545,0.1245002726,0.8865329298,-0.0868186835,0.3008867653,0.3405716299,0,1
2714,90466666667,0,0,-0.8317931474,-0.1176940404,0.1201692098,0.8876400762,-0.08748775387,0.2988571109,0.3393013634,0,1
2715,90500000000,0,0,-0.8320317475,-0.1132271261,0.1162544367,0.8878474792,-0.08818655801,0.2977290673,0.3395694143,0,1
2716,90533333333,0,0,-0.8301402648,-0.1091396793,0.1127693259,0.8878571054,-0.0891081751,0.2961744327,0.3406614138,0,1
2717,90566666667,0,0,-0.8295420256,-0.1054432259,0.1084836217,0.8880731623,-0.08938582684,0.294213874,0.3417227366,0,1
2718,90600000000,0,1,-0.8275661986,-0.1017642118,0.1069246853,0.888618607,-0.09004691286,0.291958633,0.3420653174,0,1
2719,90633333333,0,0,-0.8271915375,-0.0981630474,0.1035540373,0.8891625525,-0.09028221611,0.2901959252,0.3420897567,0,1
2720,90666666667,0,0,-0.8273774571,-0.09440036761,0.1004248715,0.8897505997,-0.09041607177,0.2887817166,0.3417219988,0,1
2721,90700000000,0,0,-0.8270397877,-0.09028571323,0.09722269147,0.890377042,-0.08992620762,0.287600353,0.341215529,0,1
2722,90733333333,0,0,-0.8266897998,-0.08775045269,0.09388205496,0.8908405467,-0.08907082596,0.2865177467,0.341140864,0,1
2723,90766666667,0,0,-0.8276820112,-0.08484207956,0.08957682511,0.8916103083,-0.08858229752,0.2845962885,0.3408653507,0,1
2724,90800000000,0,0,-0.8272602231,-0.08124876721,0.08691559347,0.8924872963,-0.08851212835,0.2826234828,0.3402293287,0,1
2725,90833333333,0,0,-0.826917262,-0.07858778428,0.08378151167,0.8931668115,-0.08830178109,0.281550222,0.3393896209,0,1
2726,90866666667,0,1,-0.8245913526,-0.07640603728,0.08184042113,0.8937158057,-0.08853785953,0.2802740998,0.3389388367,0,1
2727,90900000000,0,0,-0.8244100357,-0.07371791179,0.07977427307,0.8939677918,-0.08824685661,0.279744533,0.3387876559,0,1
2728,90933333333,0,0,-0.8235712529,-0.07229870189,0.07678521158,0.8941384355,-0.08841013194,0.2786121661,0.3392276045,0,1
2729,90966666667,0,0,-0.8229673265,-0.06840780475,0.07557486,0.8945825794,-0.08822953796,0.2777468168,0.3388130209,0,1
2730,91000000000,0,0,-0.8226550575,-0.06655628252,0.07301175688,0.8945556584,-0.08785693218,0.2779013161,0.3388542342,0,1
2731,91033333333,0,0,-0.8211226296,-0.06408472987,0.07179756145,0.8943598307,-0.08725869868,0.2782801216,0.3392146616,0,1
2732,91066666667,0,0,-0.8192745088,-0.06162265653,0.06961807444,0.8945628985,-0.08576601985,0.2782753644,0.339063758,0,1
2733,91100000000,0,1,-0.8166749844,-0.06127980955,0.06866950822,0.8948086997,-0.08508145789,0.2776227536,0.3391226078,0,1
2734,91133333333,0,0,-0.815670059,-0.06002684397,0.06669935078,0.8950724991,-0.08327493183,0.2771110396,0.3392933521,0,1
2735,91166666667,0,0,-0.8141592156,-0.05890623742,0.06436632683,0.8951869271,-0.08224383432,0.2761249629,0.3400460587,0,1
2736,91200000000,0,0,-0.8134403758,-0.05753146382,0.06197503201,0.894913214,-0.08240828906,0.2755662894,0.3411780086,0,1
2737,91233333333,0,0,-0.8114450436,-0.05423761494,0.06093765153,0.8945168598,-0.08224012094,0.2759373025,0.3419572416,0,1
2738,91266666667,0,0,-0.8097209031,-0.05337850136,0.05839762033,0.8939596118,-0.08327175204,0.2768830683,0.34240005,0,1
2739,91300000000,0,0,-0.8066589604,-0.05010314957,0.05714179879,0.8942061648,-0.08446679934,0.2771622187,0.3412356944,0,1
2740,91333333333,0,0,-0.8040632011,-0.04768289396,0.0561321573,0.8948163521,-0.08529915834,0.2775644343,0.3390954651,0,1
2741,91366666667,0,0,-0.801656384,-0.04600332896,0.05382017072,0.8953143394,-0.08587855853,0.2772876732,0.3378589249,0,1
2742,91400000000,0,1,-0.7984392828,-0.04393180106,0.05195485782,0.8957125019,-0.0866925611,0.2764256965,0.3373015684,0,1
2743,91433333333,0,0,-0.7956644383,-0.04212874447,0.05006317513,0.8956614198,-0.08773916139,0.276151098,0.3373915111,0,1
2744,91466666667,0,0,-0.7913877319,-0.03926088413,0.04901933062,0.8956075237,-0.08833469541,0.2758264191,0.3376446825,0,1
2745,91500000000,0,0,-0.787503853,-0.03701872104,0.0472280986,0.8954409839,-0.08826299638,0.2764978211,0.3375559847,0,1
2746,91533333333,0,0,-0.7830075267,-0.03551424324,0.04485003524,0.8949744507,-0.08824307321,0.2765473105,0.3387557788,0,1
2747,91566666667,0,0,-0.7781699221,-0.03336417818,0.04292682617,0.8947713836,-0.08769915674,0.2756339987,0.3401748488,0,1
2748,91600000000,0,0,-0.7737773126,-0.03111273856,0.04007219922,0.8953392402,-0.08766282999,0.2739542131,0.3400470002,0,1
2749,91633333333,0,0,-0.7689300838,-0.02901585271,0.03785960284,0.8961038084,-0.08813738669,0.272433513,0.3391308694,0,1
2750,91666666667,0,0,-0.7626482095,-0.02729347475,0.03496598087,0.8970807699,-0.08882431756,0.2704902972,0.3379220798,0,1
2751,91700000000,0,1,-0.7582587064,-0.02586766922,0.03377955787,0.8983726381,-0.09011155787,0.2696703264,0.3347901214,0,1
2752,91733333333,0,0,-0.7522075914,-0.02437468905,0.03236779911,0.8996203086,-0.09076059167,0.2697676826,0.3311664429,0,1
2753,91766666667,0,0,-0.7474186233,-0.02255302401,0.0298495674,0.9005930237,-0.09021456504,0.270148132,0.3283496989,0,1
2754,91800000000,0,0,-0.7413710581,-0.02276735862,0.02627745376,0.9013287446,-0.0903550639,0.2692969167,0.3269887264,0,1
2755,91833333333,0,0,-0.7358127544,-0.02167093475,0.02295812695,0.9019800335,-0.0909747474,0.2676766658,0.3263507578,0,1
2756,91866666667,0,0,-0.7302877767,-0.02023471268,0.02011711109,0.9026810306,-0.09227907036,0.2662234032,0.325233193,0,1
2757,91900000000,0,0,-0.7249917523,-0.01790316983,0.01908286347,0.9035066846,-0.09306937289,0.2663866003,0.3225708324,0,1
2758,91933333333,0,1,-0.7205780379,-0.0153115788,0.0185137044,0.9043042841,-0.0923069247,0.2678071393,0.3193626928,0,1
2759,91966666667,0,0,-0.7145980146,-0.01516537273,0.01608889001,0.9049502442,-0.0914451342,0.2688568839,0.3168892851,0,1
2760,92000000000,0,0,-0.7087971519,-0.01378975287,0.01360338705,0.9061864454,-0.08998635385,0.2690222973,0.3136169414,0,1
2761,92033333333,0,0,-0.7040903991,-0.01279424281,0.01167889012,0.9067483224,-0.08770024475,0.2696916747,0.3120617688,0,1
2762,92066666667,0,0,-0.6994298,-0.01206316673,0.009209725532,0.9066959175,-0.0850404143,0.2693973563,0.3132023396,0,1
2763,92100000000,0,0,-0.6937810771,-0.01143959802,0.006273549512,0.907186354,-0.08306961639,0.2675001145,0.3139363737,0,1
2764,92133333333,0,0,-0.6886925165,-0.01028487878,0.00453311253,0.9077454201,-0.08052133101,0.2662577476,0.3140404104,0,1
2765,92166666667,0,0,-0.683182523,-0.00927308691,0.001157850347,0.9082100295,-0.07811094032,0.2646236238,0.3146864488,0,1
2766,92200000000,0,1,-0.6803512738,-0.006432883887,-0.0003304834413,0.9088721094,-0.07523321019,0.265124342,0.3130503731,0,1
2767,92233333333,0,0,-0.6755908809,-0.005260696736,-0.002461205459,0.9089856592,-0.07297128746,0.2659140748,0.312585936,0,1
2768,92266666667,0,0,-0.6704201469,-0.004302520277,-0.004722363101,0.9086868627,-0.07093575768,0.2670493,0.3129552286,0,1
2769,92300000000,0,0,-0.6647968804,-0.003458463703,-0.007576691269,0.9086013965,-0.0699014754,0.2669604284,0.3135114283,0,1
2770,92333333333,0,0,-0.659894937,-0.002292751657,-0.008763293295,0.9090705872,-0.06905280235,0.2664759997,0.3127505707,0,1
2771,92366666667,0,0,-0.6549783062,-0.0005144114467,-0.01105059546,0.9100006456,-0.06771662031,0.2652633292,0.3113657825,0,1
2772,92400000000,0,1,-0.651659482,0.00165034753,-0.01275302506,0.9112049055,-0.0661126257,0.2641806841,0.3091008042,0,1
2773,92433333333,0,0,-0.6467841695,0.002027482474,-0.014139024,0.9129000024,-0.06542620769,0.2613564828,0.3066362435,0,1
2774,92466666667,0,0,-0.6417534151,0.003074287172,-0.01582314734,0.9152559518,-0.06483324634,0.25733178,0.3031229914,0,1
2775,92500000000,0,0,-0.6374337864,0.003542040472,-0.01848867799,0.9172350836,-0.0646857454,0.2538318546,0.3001082227,0,1
2776,92533333333,0,0,-0.6331285065,0.004281540142,-0.02019171995,0.9187031239,-0.0649414172,0.2517489804,0.2973039409,0,1
2777,92566666667,0,0,-0.6279354282,0.005243735813,-0.02226127914,0.9200650467,-0.06531075394,0.2501430072,0.2943523251,0,1
2778,92600000000,0,0,-0.6233670884,0.006734262453,-0.02381149674,0.921114026,-0.06523534726,0.2493901914,0.2917153286,0,1
2779,92633333333,0,0,-0.6175841571,0.007189723959,-0.02486216007,0.9221471442,-0.06423812869,0.2476385432,0.2901607473,0,1
2780,92666666667,0,1,-0.6154943047,0.008326240798,-0.02643927732,0.9237545745,-0.06265323132,0.2453761384,0.2873022961,0,1
2781,92700000000,0,0,-0.6107607633,0.008763641509,-0.02765796494,0.9262426808,-0.06260056509,0.2415387218,0.2825149754,0,1
2782,92733333333,0,0,-0.6066371338,0.008949053428,-0.03022882303,0.9283886712,-0.06187330023,0.2383615684,0.27829828,0,1
2783,92766666667,0,0,-0.6021686375,0.00884792008,-0.03373772742,0.9302459022,-0.06212683215,0.2354383066,0.274502499,0,1
2784,92800000000,0,0,-0.5976765701,0.008991046921,-0.03625198954,0.931541875,-0.0623950849,0.2334906271,0.2716959986,0,1
2785,92833333333,0,0,-0.5930709208,0.009289320279,-0.04058625771,0.9326370829,-0.06319120689,0.2307400518,0.2700999285,0,1
2786,92866666667,0,0,-0.5890979855,0.009899402794,-0.04406447118,0.9338299953,-0.06577657199,0.2279155569,0.2677489148,0,1
2787,92900000000,0,0,-0.5835243327,0.01026709562,-0.04703214808,0.9352392602,-0.06938777195,0.2251781555,0.2642113957,0,1
2788,92933333333,0,1,-0.5813751307,0.01098227043,-0.0498225174,0.9359869884,-0.07155973448,0.2249067611,0.2611982211,0,1
2789,92966666667,0,0,-0.5765458144,0.01189645681,-0.05362855946,0.9369622766,-0.07480776016,0.222329985,0.2589881638,0,1
2790,93000000000,0,0,-0.570404984,0.01240082129,-0.05433283044,0.9380829973,-0.07745736768,0.2189109167,0.2570576918,0,1
2791,93033333333,0,0,-0.5649404966,0.01218417813,-0.05522219373,0.9395264416,-0.07743632021,0.2150013244,0.2550845202,0,1
2792,93066666667,0,0,-0.5600575848,0.01133123969,-0.05954703865,0.9411495612,-0.07729054513,0.2105718774,0.2528302978,0,1
2793,93100000000,0,0,-0.5545749023,0.01119535292,-0.06251553084,0.9425819332,-0.07714088072,0.207548452,0.2500244465,0,1
2794,93133333333,0,1,-0.5506458025,0.01000169765,-0.06417525326,0.9433312464,-0.07575120839,0.2065320187,0.2484601361,0,1
2795,93166666667,0,0,-0.5469327522,0.0096419724,-0.06771584217,0.9447944047,-0.07481283095,0.2044820308,0.2448543898,0,1
2796,93200000000,0,0,-0.5419470163,0.008852530699,-0.07005039001,0.9466972824,-0.0745976775,0.2027783992,0.2389149698,0,1
2797,93233333333,0,0,-0.5374677809,0.008800490595,-0.07313331685,0.9482694905,-0.07332084766,0.2005694861,0.2349061684,0,1
2798,93266666667,0,0,-0.5333815782,0.008514677801,-0.07540980911,0.9496632424,-0.07191311795,0.1974157109,0.232368816,0,1
2799,93300000000,0,0,-0.5293024138,0.008283783558,-0.07913056899,0.9508215738,-0.07077828957,0.1935284789,0.231247695,0,1
2800,93333333333,0,0,-0.5254694032,0.008727687239,-0.08145355341,0.951745867,-0.07067868549,0.1897031903,0.2306448086,0,1
2801,93366666667,0,0,-0.5206451979,0.007857500006,-0.08211296813,0.9528120768,-0.07036832233,0.1875370381,0.2280949472,0,1
2802,93400000000,0,1,-0.5185482779,0.007587667179,-0.0849417926,0.9536497694,-0.06903564608,0.1874110199,0.2250851095,0,1
2803,93433333333,0,0,-0.5152599167,0.00668432272,-0.08614885964,0.9549882068,-0.06969946107,0.187688401,0.2188894107,0,1
2804,93466666667,0,0,-0.5114603617,0.004255753651,-0.08780905987,0.9557280562,-0.06956174802,0.1894357734,0.2141474574,0,1
2805,93500000000,0,0,-0.5085869358,0.003271043609,-0.0897864015,0.9561965653,-0.06856369423,0.1903425281,0.2115581963,0,1
2806,93533333333,0,0,-0.5060246604,0.001552783744,-0.09164923953,0.9569887189,-0.06944281955,0.1888856684,0.2089796425,0,1
2807,93566666667,0,0,-0.5019140851,-0.0008962848232,-0.09133628776,0.9580726747,-0.07057887617,0.1852964674,0.206834696,0,1
2808,93600000000,0,1,-0.4995379877,-0.001611167702,-0.09207464454,0.9589036749,-0.07202182462,0.1801158529,0.2070624991,0,1
2809,93633333333,0,0,-0.4951472608,-0.003949358975,-0.09029005252,0.9597537578,-0.07554805205,0.172808801,0.2080921297,0,1
2810,93666666667,0,0,-0.4907586941,-0.006681873646,-0.08651992986,0.9609723461,-0.07692535668,0.1651811682,0.2081581637,0,1
2811,93700000000,0,0,-0.4865206834,-0.009849352181,-0.08683453817,0.9626401492,-0.07657045584,0.1563986201,0.2073653298,0,1
2812,93733333333,0,0,-0.4818954577,-0.01245643008,-0.08778141386,0.9642882788,-0.07747206953,0.1479716211,0.2055494909,0,1
2813,93766666667,0,0,-0.4777384298,-0.01457307503,-0.08737065247,0.9654516666,-0.07936945312,0.1414596585,0.2039429684,0,1
2814,93800000000,0,0,-0.4726680332,-0.01707586703,-0.08713290904,0.9662055075,-0.08138712156,0.1374637272,0.2023036763,0,1
2815,93833333333,0,1,-0.4648906629,-0.02221373876,-0.08960075242,0.9662770877,-0.08466914936,0.1356097128,0.2018656256,0,1
2816,93866666667,0,0,-0.4595642092,-0.02490155272,-0.08924098363,0.9662875895,-0.08636640823,0.1380643671,0.1994175732,0,1
2817,93900000000,0,0,-0.4545845651,-0.02743709485,-0.08920580199,0.9660065911,-0.08858477601,0.1415651076,0.1973406285,0,1
2818,93933333333,0,0,-0.4504330156,-0.02932272964,-0.0878654752,0.9654428116,-0.09131789728,0.1437656284,0.1972629291,0,1
2819,93966666667,0,0,-0.444783106,-0.03217756397,-0.08370411271,0.9651846788,-0.09334281059,0.1435366427,0.1977445011,0,1
2820,94000000000,0,0,-0.4399001089,-0.03577024921,-0.08230108039,0.9653981089,-0.09380368511,0.1423019822,0.1973765587,0,1
2821,94033333333,0,0,-0.4352241553,-0.03975390564,-0.0806489386,0.9661697877,-0.09490005219,0.1413667842,0.1937146195,0,1
2822,94066666667,0,1,-0.4282065026,-0.04652079422,-0.08020262504,0.9667894545,-0.09642786206,0.1414255933,0.1897857202,0,1
2823,94100000000,0,0,-0.4234254489,-0.05057173695,-0.07912955806,0.9671227966,-0.09580084939,0.1444315872,0.1861053738,0,1
2824,94133333333,0,0,-0.4189025404,-0.05498154381,-0.07782804041,0.967369025,-0.09437758149,0.1477432592,0.1829261355,0,1
2825,94166666667,0,0,-0.4131699949,-0.05929544764,-0.0763485847,0.967635381,-0.09289873354,0.1503802424,0.1801037964,0,1
2826,94200000000,0,0,-0.4083944033,-0.06266303973,-0.07509006596,0.967514421,-0.08936071701,0.1527861538,0.1805184164,0,1
2827,94233333333,0,0,-0.4041660803,-0.06513552133,-0.07447414943,0.9672668017,-0.08613899763,0.1526840103,0.1834737051,0,1
2828,94266666667,0,1,-0.3977083067,-0.06856986889,-0.0704822239,0.967200053,-0.08380577845,0.1509204635,0.1863428635,0,1
2829,94300000000,0,0,-0.3931160162,-0.07198261249,-0.06878871876,0.9673184223,-0.07893653647,0.1485669628,0.1897154468,0,1
2830,94333333333,0,0,-0.3887735731,-0.0743132668,-0.06924281893,0.9676789548,-0.07521637326,0.1446522734,0.1923945359,0,1
2831,94366666667,0,0,-0.3841728049,-0.07657010517,-0.06849903858,0.9678123659,-0.07250175105,0.1409146493,0.1955141481,0,1
2832,94400000000,0,0,-0.3797114498,-0.07919007755,-0.06781268011,0.9678914121,-0.07072857465,0.1368164069,0.1986578816,0,1
2833,94433333333,0,0,-0.3743196224,-0.08267822611,-0.06658731953,0.9685072924,-0.06990284227,0.1341950131,0.1977344577,0,1
2834,94466666667,0,0,-0.3696406942,-0.08588599136,-0.06628554842,0.9691353667,-0.06862245119,0.1338822772,0.1953026779,0,1
2835,94500000000,0,1,-0.3623877879,-0.08917385521,-0.06565849823,0.9697342667,-0.06851479898,0.1341444932,0.1921625077,0,1
2836,94533333333,0,0,-0.3584405847,-0.09091941448,-0.06452577059,0.97009428,-0.06745334952,0.1359738908,0.1894155075,0,1
2837,94566666667,0,0,-0.3542131929,-0.09318556761,-0.06179150804,0.9704980732,-0.06604526202,0.1358520676,0.1879247963,0,1
2838,94600000000,0,0,-0.3509402178,-0.0930959107,-0.06000924069,0.9713245374,-0.06303660368,0.1340745059,0.1859544475,0,1
2839,94633333333,0,0,-0.3446355897,-0.09520767055,-0.05940559371,0.9724783167,-0.0627433726,0.1309920863,0.1821819587,0,1
2840,94666666667,0,0,-0.3387609976,-0.09635158391,-0.05994041445,0.9734105981,-0.06191227659,0.1299906118,0.1781603727,0,1
2841,94700000000,0,0,-0.3339857096,-0.09748208459,-0.05753646938,0.9740663306,-0.06196659934,0.1304519745,0.1741757922,0,1
2842,94733333333,0,0,-0.329829985,-0.09828243734,-0.05484217724,0.974679533,-0.06065494295,0.1303065974,0.1712920795,0,1
2843,94766666667,0,0,-0.3251885391,-0.09980295731,-0.05185173017,0.9754347602,-0.05914666296,0.1287549464,0.1686738411,0,1
2844,94800000000,0,1,-0.3192530015,-0.1045999192,-0.04986080461,0.9765089636,-0.05787371449,0.1255128661,0.1653100047,0,1
2845,94833333333,0,0,-0.3136327058,-0.1049267679,-0.04935369931,0.9776886301,-0.05436340196,0.1223015417,0.1619008831,0,1
2846,94866666667,0,0,-0.3078090434,-0.1057913627,-0.04941652599,0.9786195745,-0.05130215935,0.1199630717,0.1589989881,0,1
2847,94900000000,0,0,-0.3021748134,-0.1046023595,-0.04954415531,0.9792665786,-0.0496179461,0.118287018,0.1567903341,0,1
2848,94933333333,0,0,-0.2977212475,-0.1048373446,-0.04836970976,0.9798589438,-0.04940478675,0.1171539384,0.1539823758,0,1
2849,94966666667,0,0,-0.2926004398,-0.1047081351,-0.04747001742,0.9805900845,-0.04949070201,0.1143302593,0.1514012825,0,1
2850,95000000000,0,0,-0.2856040424,-0.1063662863,-0.04728317285,0.9814389436,-0.04980575767,0.1113426267,0.1479858305,0,1
2851,95033333333,0,0,-0.2779116306,-0.1076465665,-0.04761276066,0.9822657326,-0.04917399556,0.1101429074,0.1435426371,0,1
2852,95066666667,0,0,-0.2712520459,-0.108432829,-0.04896111788,0.9827026562,-0.04742780067,0.1117461078,0.1398531392,0,1
2853,95100000000,0,0,-0.265164668,-0.1077268331,-0.04905897549,0.9828508039,-0.04568123072,0.114673568,0.136994508,0,1
2854,95133333333,0,0,-0.2616343138,-0.1064962685,-0.04907644378,0.9831200739,-0.04320185939,0.1178373027,0.1331273442,0,1
2855,95166666667,0,0,-0.2583051703,-0.1028463398,-0.0494760992,0.9835960581,-0.04147588652,0.1189331751,0.1291256953,0,1
2856,95200000000,0,1,-0.2530177632,-0.1053675623,-0.0527058057,0.984329605,-0.0439613159,0.1184616037,0.123001951,0,1
2857,95233333333,0,0,-0.2483418198,-0.1046086932,-0.05316027625,0.9848510893,-0.04469776441,0.1184242909,0.1185163664,0,1
2858,95266666667,0,0,-0.2446109197,-0.1036366834,-0.05342430586,0.9849861955,-0.04552583364,0.1188068506,0.1166812988,0,1
2859,95300000000,0,0,-0.2416436731,-0.1019431782,-0.05262185326,0.9848740274,-0.04586800997,0.1184102733,0.1178909796,0,1
2860,95333333333,0,0,-0.238160904,-0.1017434369,-0.05165812404,0.9848297017,-0.04620580091,0.1166143023,0.119902407,0,1
2861,95366666667,0,0,-0.2342711419,-0.1010692155,-0.05228879691,0.9850710363,-0.04449952628,0.1138663946,0.1211993801,0,1
2862,95400000000,0,0,-0.230339302,-0.09951142597,-0.05320474159,0.985469989,-0.04304251886,0.110928729,0.1212066807,0,1
2863,95433333333,0,0,-0.2263343654,-0.09894131961,-0.05404261638,0.9860535735,-0.0415724986,0.1087972104,0.1188833235,0,1
2864,95466666667,0,0,-0.2222321239,-0.09853188939,-0.05571197988,0.9866440628,-0.03945405931,0.1079991526,0.1153822068,0,1
2865,95500000000,0,0,-0.2191772153,-0.09691394419,-0.05763325092,0.9868452846,-0.03771865152,0.1087546448,0.1135170239,0,1
2866,95533333333,0,0,-0.2173203328,-0.09533579345,-0.05788031694,0.986609242,-0.03705213179,0.1102685853,0.1143248976,0,1
2867,95566666667,0,0,-0.2175783188,-0.09481221725,-0.05678402851,0.9863617609,-0.03603888202,0.1113167737,0.1157594558,0,1
2868,95600000000,0,0,-0.2178677388,-0.09138057044,-0.05680666442,0.9863555508,-0.03349457497,0.1100315233,0.1177875409,0,1
2869,95633333333,0,0,-0.216403722,-0.09003760388,-0.05746181003,0.9864988348,-0.03396254553,0.106972415,0.119262303,0,1
2870,95666666667,0,0,-0.2146974662,-0.09040217491,-0.05755396662,0.986817094,-0.03427646998,0.1043963655,0.1188214853,0,1
2871,95700000000,0,0,-0.213361245,-0.08855255515,-0.05932940624,0.9870628333,-0.03412586016,0.1030337108,0.1180103519,0,1
2872,95733333333,0,0,-0.2124028617,-0.08713344342,-0.05934005076,0.987010715,-0.03506671449,0.1031717124,0.1180498696,0,1
2873,95766666667,0,0,-0.2123508812,-0.08622153413,-0.05906012681,0.986911739,-0.03634746765,0.1042109258,0.117576205,0,1
2874,95800000000,0,0,-0.2134817858,-0.08327664732,-0.05870910945,0.9866642997,-0.03739946623,0.1054706327,0.118198076,0,1
2875,95833333333,0,0,-0.2147226275,-0.08222954195,-0.05695160821,0.9862593134,-0.03991451572,0.1060318923,0.1202357517,0,1
2876,95866666667,0,1,-0.2146667401,-0.08397196513,-0.05788079046,0.9859299245,-0.04303977005,0.1049981592,0.1227401675,0,1
2877,95900000000,0,0,-0.2157390643,-0.08366664,-0.05656948865,0.9857353944,-0.04450544385,0.1041204718,0.1245147586,0,1
2878,95933333333,0,0,-0.2167813342,-0.08331974664,-0.05562500162,0.9856768516,-0.04532847689,0.1030269358,0.1255863202,0,1
2879,95966666667,0,0,-0.2195536844,-0.08284730556,-0.05387516136,0.9854205928,-0.04609712091,0.101927578,0.1281876735,0,1
2880,96000000000,0,0,-0.2214571896,-0.08406225144,-0.05232897926,0.9852472399,-0.04656822798,0.09954580257,0.131186545,0,1
2881,96033333333,0,0,-0.2223174333,-0.08426621239,-0.05235491866,0.9854448267,-0.04544303284,0.09714339492,0.1318961149,0,1
2882,96066666667,0,0,-0.2236480281,-0.08473337775,-0.05261304915,0.9858079386,-0.04550822856,0.09591994364,0.130042584,0,1
2883,96100000000,0,0,-0.22541633,-0.08554226168,-0.05193077167,0.986153313,-0.04555425939,0.09595513191,0.1273540942,0,1
2884,96133333333,0,0,-0.2281057247,-0.08597632492,-0.05087069562,0.9862855743,-0.04508095284,0.09673742588,0.1258981499,0,1
2885,96166666667,0,0,-0.2310277152,-0.08586719984,-0.04970312128,0.9863020084,-0.04428150542,0.09688334148,0.1259409169,0,1
2886,96200000000,0,0,-0.234290507,-0.08639917552,-0.04774991948,0.9863169906,-0.04397600029,0.09605683245,0.1265621998,0,1
2887,96233333333,0,0,-0.2370103133,-0.08672186775,-0.04634186496,0.986441372,-0.04331585054,0.09383891023,0.1274810402,0,1
2888,96266666667,0,0,-0.2390070865,-0.08687077748,-0.04514240448,0.9867465909,-0.04303667684,0.0908437248,0.1273829948,0,1
2889,96300000000,0,0,-0.2399493177,-0.08754877883,-0.04440682214,0.9871881298,-0.04363624699,0.08801262843,0.1257348459,0,1
2890,96333333333,0,0,-0.2411160743,-0.08847413098,-0.04354304044,0.9874392478,-0.04463568739,0.08662365719,0.1243693265,0,1
2891,96366666667,0,0,-0.2427002512,-0.08948589255,-0.04204515118,0.9874096487,-0.04568720209,0.08625328881,0.1244798592,0,1
2892,96400000000,0,0,-0.2448368402,-0.09014286823,-0.04039339795,0.9873333183,-0.04587550261,0.08616791978,0.1250737638,0,1
2893,96433333333,0,0,-0.2466863291,-0.09019651691,-0.03897513046,0.9873507108,-0.04576081358,0.08520748254,0.125635213,0,1
2894,96466666667,0,0,-0.248630532,-0.08991181144,-0.0374976078,0.9874791589,-0.04537956164,0.08363891697,0.1258178747,0,1
2895,96500000000,0,0,-0.2495701586,-0.09008405962,-0.03758714535,0.9876479922,-0.04610403737,0.08129483744,0.1257656972,0,1
2896,96533333333,0,1,-0.2508255218,-0.09082903593,-0.03568383576,0.9877760847,-0.04690266472,0.08044349946,0.1250095592,0,1
2897,96566666667,0,0,-0.251191052,-0.09121649049,-0.03570794803,0.9878882008,-0.04708469317,0.08000666289,0.1243336971,0,1
2898,96600000000,0,0,-0.2522703969,-0.09217766889,-0.0352832326,0.9877975914,-0.0473144286,0.08045187858,0.1246786212,0,1
2899,96633333333,0,0,-0.2541916189,-0.09216858963,-0.03472548492,0.9877271101,-0.04677939436,0.08054764529,0.1253751215,0,1
2900,96666666667,0,0,-0.2550954444,-0.09264680036,-0.03442979462,0.9878835017,-0.04676514601,0.07947764844,0.1248299306,0,1
2901,96700000000,0,0,-0.2555516279,-0.09303849878,-0.03454120041,0.9881643851,-0.04682501982,0.07850837506,0.1231868526,0,1
2902,96733333333,0,0,-0.2561899257,-0.0934056412,-0.03470886742,0.9883841061,-0.04681809585,0.07826216473,0.1215728516,0,1
2903,96766666667,0,0,-0.2565273903,-0.09328803543,-0.03489520503,0.9885360426,-0.04694118015,0.07843962693,0.1201675622,0,1
2904,96800000000,0,0,-0.2567751389,-0.09385307517,-0.03464162126,0.9886242753,-0.04758958601,0.07936205181,0.118570394,0,1
2905,96833333333,0,0,-0.2578387653,-0.09378477394,-0.03395289965,0.9885359076,-0.04798063106,0.08075352078,0.1182095056,0,1
2906,96866666667,0,0,-0.2584720877,-0.09461270285,-0.03317256884,0.9883067285,-0.04864515772,0.08171637156,0.1191884798,0,1
2907,96900000000,0,0,-0.2596481313,-0.09474482323,-0.0323278165,0.9881703537,-0.04797456988,0.08209858171,0.1203229638,0,1
2908,96933333333,0,0,-0.2607055087,-0.09420100786,-0.03195916087,0.9883589252,-0.047115848,0.08084078078,0.1199645782,0,1
2909,96966666667,0,0,-0.2605973911,-0.0940131176,-0.03246213378,0.9886877976,-0.04706091267,0.07816688365,0.1190447298,0,1
2910,97000000000,0,0,-0.260459831,-0.0946519528,-0.03224723481,0.9888095462,-0.04795482827,0.07638871888,0.1188308859,0,1
2911,97033333333,0,0,-0.2598855512,-0.09562693129,-0.03248597872,0.9887115646,-0.04834326274,0.07569123137,0.119930015,0,1
2912,97066666667,0,0,-0.2594332567,-0.09599366682,-0.03229027892,0.9885160319,-0.04820942844,0.07593086229,0.1214347971,0,1
2913,97100000000,0,0,-0.2596171081,-0.09552367649,-0.03209379354,0.9883854099,-0.04728120366,0.07651011602,0.1224947813,0,1
2914,97133333333,0,0,-0.2602638309,-0.09557477288,-0.03186868665,0.9884468778,-0.04686362827,0.07646348787,0.122187991,0,1
2915,97166666667,0,0,-0.2604107952,-0.095073625,-0.03170963651,0.9886823273,-0.04648607176,0.07541835318,0.1210717676,0,1
2916,97200000000,0,1,-0.2598901726,-0.09504501181,-0.03179983505,0.9888600965,-0.0465578183,0.07445528397,0.1201852315,0,1
2917,97233333333,0,0,-0.2594013334,-0.09488554766,-0.03203296064,0.9888462144,-0.04683821385,0.07438118083,0.1202363754,0,1
2918,97266666667,0,0,-0.2597632668,-0.09502247883,-0.0321450073,0.9887326513,-0.0476928184,0.07507155903,0.1204051505,0,1
2919,97300000000,0,0,-0.2600202695,-0.09510673432,-0.03137282545,0.9886891036,-0.04823689501,0.07564155582,0.1201890734,0,1
2920,97333333333,0,0,-0.2609190141,-0.09458339065,-0.03089721383,0.9887440584,-0.04883861871,0.07569491226,0.119458179,0,1
2921,97366666667,0,0,-0.2612326855,-0.09472993947,-0.03010180051,0.9888232583,-0.04969072681,0.07510628233,0.1188210495,0,1
2922,97400000000,0,0,-0.261251219,-0.0946023859,-0.03048012504,0.9889717088,-0.05031619824,0.0742553863,0.1178532008,0,1
2923,97433333333,0,0,-0.2611684995,-0.09498864778,-0.03003944454,0.9890204299,-0.05122800863,0.07416021377,0.1171091078,0,1
2924,97466666667,0,0,-0.2609377984,-0.09410769528,-0.03030937532,0.9889484659,-0.05153782665,0.07432714474,0.1174745066,0,1
2925,97500000000,0,0,-0.2609719079,-0.09436210818,-0.02975666462,0.9887937732,-0.05280797892,0.07459159989,0.1180435708,0,1
2926,97533333333,0,0,-0.2612064559,-0.09431474383,-0.02927683043,0.9887144186,-0.05354988828,0.07475848402,0.1182682418,0,1
2927,97566666667,0,0,-0.2612055807,-0.09489469401,-0.02862527714,0.9886846982,-0.05412211735,0.07472309395,0.1182785831,0,1
2928,97600000000,0,0,-0.2617900317,-0.09464090862,-0.02865582047,0.9887265312,-0.05383905009,0.07448366855,0.1182090791,0,1
2929,97633333333,0,0,-0.2618570426,-0.09484911938,-0.02840554908,0.988780414,-0.05412611075,0.07357535201,0.1181961275,0,1
2930,97666666667,0,0,-0.2613341315,-0.09530538522,-0.02891718996,0.9889013501,-0.0539060721,0.07270993016,0.1178198677,0,1
2931,97700000000,0,0,-0.2607179722,-0.09560582979,-0.02935374909,0.9889352082,-0.05391884647,0.07242172334,0.1177072897,0,1
2932,97733333333,0,0,-0.2606353742,-0.09536786673,-0.02939484604,0.9888722201,-0.05318543446,0.07299998137,0.1182118628,0,1
2933,97766666667,0,0,-0.2606401047,-0.09477539934,-0.02953987774,0.9888379286,-0.05283985174,0.07328156554,0.1184791681,0,1
2934,97800000000,0,0,-0.2608489011,-0.09493902383,-0.02963778626,0.9888555047,-0.05290452776,0.07356935488,0.1181247299,0,1
2935,97833333333,0,0,-0.2607823229,-0.094854196,-0.02997620287,0.9888637356,-0.05302716112,0.0738242963,0.1178414437,0,1
2936,97866666667,0,1,-0.2604140011,-0.09542699086,-0.03010076401,0.9887829915,-0.05320449477,0.07442999537,0.1180578386,0,1
2937,97900000000,0,0,-0.2604859979,-0.09603753442,-0.03019447096,0.9886766238,-0.05281211397,0.07536656079,0.118529725,0,1
2938,97933333333,0,0,-0.2611657839,-0.09483067932,-0.03055528916,0.9885789369,-0.05250851545,0.07573433886,0.1192428244,0,1
2939,97966666667,0,0,-0.2616331518,-0.09546129853,-0.02917320273,0.9885660035,-0.05310608224,0.07536343739,0.1193203802,0,1
2940,98000000000,0,0,-0.2617905814,-0.0950902977,-0.02910039704,0.9885814638,-0.05242771149,0.07414216045,0.1202537503,0,1
2941,98033333333,0,0,-0.2612643815,-0.09548920785,-0.02959026211,0.9885717156,-0.05260156956,0.07314166049,0.1208690841,0,1
2942,98066666667,0,0,-0.2608439756,-0.09581500017,-0.02979883635,0.9886453324,-0.05278861758,0.07316462639,0.120169489,0,1
2943,98100000000,0,0,-0.2606347931,-0.09590477519,-0.02991984145,0.9886877995,-0.05271786772,0.07392989437,0.1193802003,0,1
2944,98133333333,0,0,-0.2609328459,-0.09548979988,-0.03002994901,0.9885833194,-0.05259899978,0.07489825573,0.1196938478,0,1
2945,98166666667,0,0,-0.2613111544,-0.09567175464,-0.02959811157,0.9884378504,-0.05266020762,0.07558684382,0.1204331663,0,1
2946,98200000000,0,0,-0.2613256553,-0.09554578125,-0.02947455399,0.9883996808,-0.05256776306,0.07565018042,0.1207466415,0,1
2947,98233333333,0,0,-0.2610475149,-0.09603870168,-0.02960725504,0.9883892779,-0.05242948662,0.07580180817,0.1207968138,0,1
2948,98266666667,0,0,-0.2609398782,-0.09593242502,-0.02965667656,0.9883469613,-0.05213770712,0.07599618439,0.1211467028,0,1
2949,98300000000,0,0,-0.2609652739,-0.09582240454,-0.02996838202,0.9882219584,-0.05139562553,0.07626932448,0.12230634,0,1
2950,98333333333,0,0,-0.2607173531,-0.09631399487,-0.02980775382,0.9882007163,-0.05147106378,0.07644161936,0.1223386808,0,1
2951,98366666667,0,0,-0.261212468,-0.09619161282,-0.03002772824,0.9882498176,-0.0509658973,0.07685410589,0.1218943055,0,1
2952,98400000000,0,0,-0.2612121577,-0.0960538316,-0.03033615262,0.9882393305,-0.05101449708,0.07682140386,0.1219795826,0,1
2953,98433333333,0,0,-0.2611864436,-0.09591358331,-0.03023043335,0.988205575,-0.05102889926,0.07675565878,0.1222880285,0,1
2954,98466666667,0,0,-0.2611728237,-0.09583317264,-0.03004128845,0.988171776,-0.05124248042,0.07652171851,0.1226180083,0,1
2955,98500000000,0,0,-0.2612364697,-0.09591702179,-0.03008694055,0.9882122676,-0.05106974751,0.0763738187,0.1224558489,0,1
2956,98533333333,0,1,-0.2614537104,-0.09538884206,-0.03021311477,0.9882202275,-0.05085430251,0.07611518476,0.1226421649,0,1
2957,98566666667,0,0,-0.2613715733,-0.09536979993,-0.03038750997,0.9881823312,-0.05111442022,0.07580127095,0.1230331813,0,1
2958,98600000000,0,0,-0.2613441152,-0.09552277325,-0.03022217342,0.9881427114,-0.05130956774,0.07578420986,0.1232804267,0,1
2959,98633333333,0,0,-0.2612843013,-0.09552472677,-0.03035827842,0.9881281857,-0.0512913073,0.0758338547,0.1233738906,0,1
2960,98666666667,0,0,-0.2613068416,-0.0955499398,-0.03041505513,0.9881681653,-0.05129018303,0.07596905349,0.1229703096,0,1
2961,98700000000,0,0,-0.2614635812,-0.09548832167,-0.03063108217,0.9882049219,-0.05121807786,0.075929093,0.1227294325,0,1
2962,98733333333,0,0,-0.2614682377,-0.0952232979,-0.03038052373,0.9882152211,-0.05149171541,0.07570898941,0.122667962,0,1
2963,98766666667,0,0,-0.2612299893,-0.09545865242,-0.03063980961,0.988172506,-0.05212783801,0.07551115276,0.1228651813,0,1
2964,98800000000,0,0,-0.2610075426,-0.09523785148,-0.0303702343,0.9880953687,-0.05274973709,0.07562233973,0.1231514085,0,1
