frame_index,timestamp_ns,segment,keyframe,cx,cy,cz,qw,qx,qy,qz
300,10000000000,0,1,0,0,0,1,0,0,0
304,10133333333,0,1,0.02027128787,-0.001768888708,-0.001816746766,0.9998719059,0.0008205036034,-0.01450884869,-0.006707599482
305,10166666667,0,0,0.02452020455,-0.002279081549,-0.002538892405,0.9997821244,0.001141004834,-0.01890978997,-0.008764798776
306,10200000000,0,0,0.02804124646,-0.002353608351,-0.0022436556,0.999711022,0.001973543533,-0.02222037157,-0.008957272411
307,10233333333,0,0,0.03164167798,-0.003120318208,-0.002049762896,0.9996452608,0.002523460748,-0.02512324822,-0.008473907825
308,10266666667,0,0,0.0362531676,-0.004489789345,-0.002224077198,0.9995820822,0.003022992179,-0.02786453883,-0.007077426871
309,10300000000,0,0,0.03997520739,-0.005568879263,-0.0005988519076,0.9995388094,0.004359862744,-0.0296932947,-0.004633402687
310,10333333333,0,0,0.0423882026,-0.006955865211,0.001699343112,0.999486645,0.005872120346,-0.03137628966,-0.002737347567
311,10366666667,0,1,0.04185500076,-0.008381103036,0.005791112854,0.9994931529,0.008838633354,-0.03055755828,-0.001245567424
312,10400000000,0,0,0.04542147328,-0.01132339709,0.006949046045,0.9994178693,0.01172485487,-0.03198984863,-0.001760658612
313,10433333333,0,0,0.04850557795,-0.01341045041,0.007613921126,0.9993408222,0.01520098803,-0.03292716601,-0.001628740627
314,10466666667,0,0,0.0518493536,-0.01623577009,0.008685937951,0.9992509545,0.01810462988,-0.0341860398,-0.001032961254
315,10500000000,0,0,0.05462568847,-0.01936154445,0.009699284127,0.9991602143,0.0211402269,-0.03507901716,-0.001191446658
316,10533333333,0,0,0.05878096553,-0.02312033292,0.009634949801,0.9990765723,0.02390137421,-0.03567478422,-0.001427117465
317,10566666667,0,1,0.05866863225,-0.02530869612,0.01147040321,0.9990893486,0.02783668112,-0.03230261952,-0.001460663622
318,10600000000,0,0,0.06033091734,-0.02773066179,0.01290478442,0.9990354996,0.03181261855,-0.03026515566,-0.0002194511662
319,10633333333,0,0,0.06137013366,-0.03056420045,0.01525348428,0.998971305,0.03484877253,-0.02901541186,2.777648068e-05
320,10666666667,0,0,0.06326718533,-0.03491722156,0.01720717577,0.9988848929,0.03743917384,-0.02873998731,-0.001136755491
321,10700000000,0,0,0.0651084281,-0.03845062777,0.01823623867,0.9987797231,0.04062157146,-0.02793106896,-0.002967838237
322,10733333333,0,0,0.06599977778,-0.0417481414,0.02033677099,0.9986895966,0.04336999195,-0.02688071197,-0.003944712237
323,10766666667,0,0,0.06707798694,-0.04779368629,0.02308576833,0.998573505,0.04597468439,-0.02678387165,-0.004461800478
324,10800000000,0,1,0.06824306107,-0.05371010537,0.02587740201,0.9982483704,0.05215145704,-0.02694320697,-0.007381065765
325,10833333333,0,0,0.07168925761,-0.06166665029,0.02719521567,0.9977522799,0.06041309649,-0.02667171124,-0.01136949755
326,10866666667,0,0,0.07426854622,-0.06482873,0.02822498658,0.9969257532,0.07305663822,-0.02460767101,-0.0140083124
327,10900000000,0,0,0.07489421577,-0.06725402145,0.03074572879,0.9960894502,0.08434311388,-0.0224209248,-0.01376039238
328,10933333333,0,0,0.07467309844,-0.06749316903,0.03338703597,0.9953029248,0.09354715425,-0.02267492067,-0.01033759453
329,10966666667,0,0,0.07445416031,-0.06801998718,0.0364337345,0.9947883687,0.09840175996,-0.02597194202,-0.006217189701
330,11000000000,0,1,0.077273163,-0.07254812706,0.03848793491,0.9945099495,0.09980638008,-0.03136760022,-0.002172689821
331,11033333333,0,0,0.08060392291,-0.076872076,0.04152109704,0.9941286944,0.1021943483,-0.03554029771,0.001158164418
332,11066666667,0,0,0.08438525309,-0.08027922303,0.04425134836,0.9936315917,0.1059005031,-0.03830983849,0.003701298336
333,11100000000,0,0,0.08802982838,-0.08473999536,0.04736573409,0.9930945588,0.1103949583,-0.03927791759,0.005778893176
334,11133333333,0,0,0.09137117928,-0.08628081724,0.04996016188,0.992314342,0.1170481036,-0.03943462206,0.007543124022
335,11166666667,0,0,0.09322351059,-0.08754101958,0.05265253585,0.9916680387,0.1220960375,-0.03983926392,0.009994582724
336,11200000000,0,0,0.09466797476,-0.08849712975,0.05525167054,0.9911303985,0.125361154,-0.04213096025,0.01304210137
337,11233333333,0,0,0.097465951,-0.09037362754,0.05806819495,0.9906554317,0.1273520006,-0.04651997695,0.01480456869
338,11266666667,0,1,0.1010420187,-0.09441832254,0.05905271313,0.9903093736,0.1291034484,-0.04923227485,0.01399382765
339,11300000000,0,0,0.1057048039,-0.09715705167,0.06098796996,0.9897893084,0.1325273203,-0.05091268711,0.01270954822
340,11333333333,0,0,0.1092847037,-0.09950209152,0.06315788102,0.9892189281,0.1366559508,-0.05116670239,0.01237061216
341,11366666667,0,0,0.112279656,-0.1004590857,0.06464175824,0.9886646224,0.140410992,-0.05185964408,0.01173009183
342,11400000000,0,0,0.1157571945,-0.102556072,0.06646482729,0.9881732994,0.143106943,-0.0541260569,0.01021288989
343,11433333333,0,0,0.120022886,-0.1041557203,0.06760498004,0.987567934,0.1459961912,-0.05752377987,0.009257576136
344,11466666667,0,0,0.1244314232,-0.1051503331,0.06921439901,0.9870479883,0.1479108374,-0.06155358303,0.008355199872
345,11500000000,0,1,0.1275443614,-0.1067407148,0.07077359046,0.9864859259,0.1503803131,-0.06470616074,0.006662747064
346,11533333333,0,0,0.1330798074,-0.108403165,0.07196010125,0.9858695535,0.1525471918,-0.06904520165,0.004830926079
347,11566666667,0,0,0.1387927961,-0.1091999542,0.07286113564,0.9852543746,0.1545976136,-0.07324701228,0.002875823915
348,11600000000,0,0,0.1436795555,-0.1104856461,0.07436517609,0.984708741,0.1558809417,-0.07778007452,0.0002955713441
349,11633333333,0,0,0.1491126556,-0.1106591577,0.07554251815,0.9840571545,0.1570527824,-0.08342869667,-0.002364906204
350,11666666667,0,0,0.1554753905,-0.1115920859,0.07609669428,0.9835143464,0.1569934084,-0.08950479718,-0.006441377396
351,11700000000,0,1,0.1616283472,-0.1118834851,0.0750914013,0.9830070125,0.1573359776,-0.09387643627,-0.01139378383
352,11733333333,0,0,0.1683069908,-0.1126191004,0.07549041387,0.9824077531,0.1573947293,-0.0989565285,-0.01759293531
353,11766666667,0,0,0.1749262781,-0.1137154335,0.07641374495,0.9818215596,0.1572976554,-0.1036595654,-0.02320705079
354,11800000000,0,0,0.1817079225,-0.1136833868,0.07683640971,0.9811040708,0.1578092185,-0.108211983,-0.02865692966
355,11833333333,0,0,0.189142151,-0.1135191447,0.07767914325,0.9805743831,0.1573650485,-0.1124879118,-0.03250523766
356,11866666667,0,0,0.1958715053,-0.1122788661,0.07854771261,0.9802498881,0.1560538305,-0.1163773282,-0.03483785776
357,11900000000,0,0,0.20297617,-0.1123331469,0.08021276802,0.9801370532,0.1532409499,-0.1205031525,-0.03643567617
358,11933333333,0,0,0.2107495238,-0.1125142004,0.0815959782,0.9799792216,0.1507579062,-0.1240833586,-0.03893711739
359,11966666667,0,1,0.2183226091,-0.1119000851,0.07996647757,0.9800321486,0.1484572049,-0.1252655823,-0.042496823
360,12000000000,0,0,0.2253100045,-0.1111427198,0.08156653178,0.9800882878,0.1460814067,-0.1268073703,-0.04480024087
361,12033333333,0,0,0.231613607,-0.1093755688,0.08308424648,0.9802656371,0.1430755526,-0.1285160582,-0.04574155306
362,12066666667,0,0,0.2382602996,-0.1072710901,0.0846581147,0.9805013337,0.1390982372,-0.1309910211,-0.04593655786
363,12100000000,0,0,0.245007509,-0.1063974071,0.08720650453,0.980852584,0.1341895729,-0.1333125808,-0.04635863194
364,12133333333,0,0,0.2512794129,-0.1068480208,0.08891801416,0.981214922,0.1299960932,-0.134944507,-0.04591593053
365,12166666667,0,0,0.2567966607,-0.1051663793,0.0907208079,0.9814226615,0.1270628977,-0.1361449348,-0.04614256567
366,12200000000,0,0,0.2619558765,-0.1048880891,0.09226932555,0.9814870753,0.1244109926,-0.1374310091,-0.04814295136
367,12233333333,0,0,0.2662501227,-0.1041338834,0.0939557347,0.9814257596,0.1228268,-0.1386331055,-0.04997917171
368,12266666667,0,1,0.2704417378,-0.101553319,0.09589329683,0.9814939491,0.120972143,-0.1397559594,-0.05003639031
369,12300000000,0,0,0.2741854512,-0.1023123753,0.09758150899,0.9816490748,0.1179909812,-0.1416924065,-0.04864652249
370,12333333333,0,0,0.2782548727,-0.1017292249,0.09893507579,0.9816666434,0.1159902633,-0.1437351706,-0.04708567463
371,12366666667,0,0,0.2823607979,-0.1027381757,0.1005078955,0.9817749109,0.1135488314,-0.1451452771,-0.04644928234
372,12400000000,0,0,0.2855618111,-0.1048449537,0.1016530737,0.9817383606,0.1131120896,-0.1455773735,-0.04693266261
373,12433333333,0,0,0.2887014267,-0.1044063193,0.1028439145,0.9814535345,0.1146301729,-0.1460007046,-0.04788191123
374,12466666667,0,0,0.2918096095,-0.1042569536,0.1045106301,0.9813446834,0.1148731032,-0.1463884966,-0.04834450004
375,12500000000,0,0,0.2948959615,-0.1038062843,0.1061169139,0.9813521136,0.1142749704,-0.1470919684,-0.04746802098
376,12533333333,0,0,0.298732592,-0.1049960322,0.1084616823,0.9815358238,0.1125354864,-0.1474909937,-0.04657894031
377,12566666667,0,0,0.3019358575,-0.1061919359,0.1105765697,0.9818571644,0.111395035,-0.1464282415,-0.04589580612
378,12600000000,0,0,0.3038198624,-0.1074567895,0.1126491914,0.9821087961,0.1109171623,-0.1449303805,-0.0464206902
379,12633333333,0,0,0.3061479555,-0.1076333482,0.1141716059,0.9820922074,0.1109718836,-0.1444548093,-0.04809309009
380,12666666667,0,0,0.3082385577,-0.1079833886,0.1171578297,0.9821622568,0.109836382,-0.1444824849,-0.04917399737
381,12700000000,0,0,0.3100795602,-0.1085163642,0.1202385157,0.9822376913,0.1079621229,-0.1451176292,-0.04994168094
382,12733333333,0,0,0.3130114922,-0.1109765731,0.1240915159,0.9822528147,0.1058626886,-0.1459824542,-0.05159091305
383,12766666667,0,1,0.3189278953,-0.1139839798,0.129291577,0.9823354963,0.1046357054,-0.1457672873,-0.05310592983
384,12800000000,0,0,0.3215072743,-0.1169786156,0.1326937971,0.982572209,0.1047309561,-0.1432894294,-0.05523966362
385,12833333333,0,0,0.3234232912,-0.1190769874,0.1361736657,0.9827468093,0.1055910954,-0.1404654784,-0.05769470265
386,12866666667,0,0,0.3251511607,-0.1207692616,0.1397092777,0.9828873096,0.1062219588,-0.1381984265,-0.05958713795
387,12900000000,0,0,0.3264882993,-0.122271115,0.1429758463,0.9830610896,0.1057340253,-0.1370823042,-0.06016354216
388,12933333333,0,0,0.3277071536,-0.1237144528,0.1464349659,0.9831826449,0.1039026597,-0.1376839636,-0.059993752
389,12966666667,0,0,0.3297609424,-0.127022117,0.1503438554,0.9831084748,0.1018848593,-0.1394014948,-0.06069946793
390,13000000000,0,0,0.3331941819,-0.1303730847,0.1542111693,0.9829721871,0.1008244198,-0.1409583619,-0.06108073365
391,13033333333,0,0,0.3369494765,-0.1345123204,0.158136067,0.9828430024,0.1015836641,-0.1406274055,-0.06264443092
392,13066666667,0,0,0.3401674897,-0.1360227213,0.1609260496,0.9827467923,0.1041297136,-0.138583823,-0.06450014758
393,13100000000,0,0,0.3425465772,-0.1362678984,0.1643910743,0.9829414934,0.1052611979,-0.1364833019,-0.06417483263
394,13133333333,0,0,0.3442499171,-0.1353338296,0.1671520488,0.9833680155,0.1042395005,-0.1353072983,-0.06175279558
395,13166666667,0,1,0.3470429144,-0.1337595823,0.1715951582,0.983656653,0.1005770288,-0.1366054541,-0.06035561399
396,13200000000,0,0,0.3499731407,-0.1348759342,0.175594589,0.9839281063,0.09451421993,-0.1388613164,-0.06058117457
397,13233333333,0,0,0.3535559245,-0.136783939,0.1790645294,0.9840801257,0.0899400646,-0.1403820194,-0.06156281087
398,13266666667,0,0,0.356733633,-0.1383431579,0.1828174774,0.9841266957,0.0872814063,-0.1405182412,-0.06427462079
399,13300000000,0,0,0.3603537356,-0.1387911845,0.1859182643,0.9841320479,0.08608775918,-0.1398418114,-0.06721069735
400,13333333333,0,0,0.3624509223,-0.1396766205,0.1886818887,0.9842517844,0.0850995281,-0.1388085157,-0.06883815284
401,13366666667,0,0,0.3643933886,-0.1379321341,0.1911378213,0.9842162388,0.08407503125,-0.1396304969,-0.0689427937
402,13400000000,0,0,0.3667679724,-0.1382139405,0.1935425873,0.9840171208,0.0814571849,-0.1425804033,-0.06889021425
403,13433333333,0,0,0.3688210229,-0.1391991105,0.1953918096,0.9835451748,0.07953946558,-0.1468319797,-0.06894006297
404,13466666667,0,0,0.3727884246,-0.1384993031,0.1966590703,0.9825674827,0.07918877493,-0.1525802339,-0.070778189
405,13500000000,0,1,0.3786864773,-0.1388948455,0.2010397667,0.9813985662,0.07878917215,-0.1585817968,-0.07416828441
406,13533333333,0,0,0.3836329425,-0.1385296463,0.2025216166,0.9805051444,0.07862653649,-0.1629551462,-0.07663647887
407,13566666667,0,0,0.3878286868,-0.1379758475,0.2037263856,0.9795740085,0.07848873617,-0.1669127064,-0.08009012814
408,13600000000,0,0,0.3920870101,-0.1373712328,0.2052151169,0.9784198139,0.07799150495,-0.1714660783,-0.08491982611
409,13633333333,0,0,0.3964168326,-0.1368915091,0.206358342,0.9772150336,0.07781700161,-0.1762956991,-0.08896695354
410,13666666667,0,0,0.40032029,-0.1346908391,0.2071682485,0.9758739625,0.07700730598,-0.1821799612,-0.09246808005
411,13700000000,0,1,0.4064699151,-0.1338090994,0.209513177,0.974181874,0.07500042507,-0.189958996,-0.0962298939
412,13733333333,0,0,0.411606606,-0.133487922,0.2105232908,0.9724646569,0.07291796624,-0.1969880862,-0.1009512514
413,13766666667,0,0,0.4176997405,-0.1342901517,0.2119130025,0.9705786541,0.07192915075,-0.2032987343,-0.1071116153
414,13800000000,0,0,0.4240908525,-0.1343726055,0.2131430513,0.9690679647,0.07230760618,-0.2078580083,-0.1116867866
415,13833333333,0,0,0.4303791827,-0.1341746146,0.2148255397,0.9680101163,0.07282975733,-0.2105778419,-0.1153655654
416,13866666667,0,0,0.4372538253,-0.1346311412,0.2158130443,0.9673492925,0.07420286664,-0.2111481598,-0.1189358461
417,13900000000,0,1,0.4426195839,-0.1336789723,0.2176684617,0.9669422608,0.07668246784,-0.2097616692,-0.123054888
418,13933333333,0,0,0.446477662,-0.1315365004,0.2179288715,0.9666178744,0.07830541855,-0.2091406133,-0.1256119029
419,13966666667,0,0,0.4496226098,-0.1291414365,0.2179896299,0.9659832759,0.07852963779,-0.2109505892,-0.1273155746
420,14000000000,0,0,0.4536683285,-0.1260774983,0.2181071752,0.9649459716,0.07716582616,-0.2152742878,-0.1287699037
421,14033333333,0,0,0.4574263798,-0.1245596163,0.2188614873,0.9638826038,0.07367738107,-0.2205976003,-0.1297638944
422,14066666667,0,0,0.4614170564,-0.1245933612,0.2194924329,0.962937766,0.07039852483,-0.2260344719,-0.1292413404
423,14100000000,0,1,0.4657014052,-0.1219160137,0.2199584286,0.9618867851,0.06857993729,-0.2312892831,-0.12874732
424,14133333333,0,0,0.4694877615,-0.120587739,0.2201820544,0.9609856443,0.06574646035,-0.2359422765,-0.1285116205
425,14166666667,0,0,0.4727524331,-0.1203588371,0.2196265924,0.9604306074,0.0639193202,-0.2394439424,-0.1270982583
426,14200000000,0,0,0.4760438034,-0.1182571847,0.2186965974,0.9598276901,0.06345096174,-0.2423594634,-0.1263592941
427,14233333333,0,0,0.4792668521,-0.1167538492,0.2173933368,0.9592654722,0.06306246802,-0.2445761621,-0.1265518858
428,14266666667,0,0,0.4814552934,-0.1147736492,0.2160005463,0.958977702,0.06288808656,-0.2461078216,-0.1258483046
429,14300000000,0,0,0.4834826132,-0.1117642496,0.2134902188,0.9584979516,0.06285284191,-0.2481468679,-0.12551625
430,14333333333,0,0,0.4860596096,-0.1093037132,0.2117782427,0.9578813596,0.06142986988,-0.2508800889,-0.1254944344
431,14366666667,0,0,0.4885850056,-0.1077976045,0.2097982986,0.9574566638,0.06025989479,-0.2525797499,-0.1258926207
432,14400000000,0,0,0.4905587514,-0.1057645715,0.2069162106,0.9573453062,0.05984139708,-0.2532335728,-0.1256253538
433,14433333333,0,0,0.4932292002,-0.1028530154,0.2036606249,0.9570857205,0.06030942861,-0.2541200611,-0.1255893743
434,14466666667,0,0,0.4956021936,-0.09963546944,0.2004568489,0.9570053358,0.05994349493,-0.2548708,-0.124853674
435,14500000000,0,1,0.4989966031,-0.09504802589,0.1959510765,0.957020777,0.05873201309,-0.2555675513,-0.1238830491
436,14533333333,0,0,0.5012509464,-0.09308534889,0.1925868907,0.9571084252,0.05701580627,-0.2560160768,-0.1230789527
437,14566666667,0,0,0.5034534684,-0.09051156689,0.1880020064,0.9570979598,0.05666728602,-0.2560061835,-0.1233415912
438,14600000000,0,0,0.5066906112,-0.08794541821,0.1834464939,0.956970878,0.0569266183,-0.2561386312,-0.1239318373
439,14633333333,0,0,0.5101984586,-0.08525129762,0.1792910279,0.9573025764,0.05712820426,-0.2548890364,-0.1238536423
440,14666666667,0,0,0.5131408346,-0.08115764836,0.1743848965,0.958055743,0.05738636747,-0.2527218025,-0.1223425055
441,14700000000,0,0,0.5151178445,-0.07655958171,0.169103561,0.958799843,0.05585078047,-0.251138033,-0.1204709087
442,14733333333,0,0,0.5168376478,-0.07213074973,0.1635918952,0.9591347158,0.05317352069,-0.2513953328,-0.1184633289
443,14766666667,0,0,0.5185819761,-0.06841444488,0.1586681339,0.9587894656,0.0505164003,-0.2531541019,-0.118675417
444,14800000000,0,0,0.5221475413,-0.06741319654,0.1544124948,0.9579790137,0.04933914715,-0.2548363544,-0.1220667459
445,14833333333,0,1,0.5267053063,-0.06235998006,0.1494360146,0.9575432294,0.0520156574,-0.2540598815,-0.1259321715
446,14866666667,0,0,0.5307545095,-0.05738852764,0.1449762454,0.9577336443,0.05342378971,-0.2517441405,-0.128518687
447,14900000000,0,0,0.5334701673,-0.05233254521,0.1414833528,0.9588525188,0.05149055895,-0.248105636,-0.1280396923
448,14933333333,0,0,0.5355858877,-0.04812414611,0.1371151078,0.9604867311,0.04666648508,-0.2450488897,-0.1234444015
449,14966666667,0,0,0.5372702714,-0.04412532993,0.1331015494,0.9612708504,0.04133200288,-0.2446801607,-0.119923462
450,15000000000,0,0,0.5400102156,-0.04225363704,0.129617146,0.9609678542,0.03647095418,-0.2464601764,-0.1202831416
451,15033333333,0,0,0.5438593037,-0.03989774465,0.1265946532,0.9605309067,0.03312821266,-0.2479936615,-0.1215814238
452,15066666667,0,0,0.5483749502,-0.03827465361,0.1244022385,0.9606079889,0.03062937539,-0.2475746277,-0.122478311
453,15100000000,0,1,0.5555693335,-0.03409056778,0.1202238054,0.9613062732,0.03045669602,-0.2443291391,-0.1235552935
454,15133333333,0,0,0.5586341887,-0.03163731293,0.1180157794,0.9624531863,0.03003347391,-0.2399476219,-0.1233166387
455,15166666667,0,0,0.5614091183,-0.02758938579,0.1153776552,0.9634043515,0.02921529776,-0.2367681684,-0.1222266599
456,15200000000,0,0,0.5641089662,-0.02413799209,0.1133026001,0.9638883967,0.02676306194,-0.2353955573,-0.1216216625
457,15233333333,0,0,0.5678882018,-0.0218178406,0.1117858773,0.96402434,0.02355028413,-0.2351609509,-0.1216625792
458,15266666667,0,0,0.5720503677,-0.0197305907,0.1101279921,0.9642693853,0.0213183123,-0.2342622948,-0.121865743
459,15300000000,0,0,0.5764674163,-0.01820850322,0.1084456878,0.9646944132,0.01994531236,-0.2325044722,-0.122100549
460,15333333333,0,0,0.5803662475,-0.01587828267,0.1065895002,0.9652902456,0.01956195719,-0.2301284802,-0.1219547216
461,15366666667,0,0,0.5843897921,-0.0138688135,0.1047615093,0.9656862143,0.01891021,-0.2283108735,-0.1223384019
462,15400000000,0,0,0.5886006012,-0.01163588019,0.1034455872,0.9659019434,0.01821292816,-0.2276912612,-0.121895097
463,15433333333,0,0,0.5924849181,-0.01036800748,0.1010935868,0.9658670668,0.01724059602,-0.2279198208,-0.1218857106
464,15466666667,0,0,0.5971991496,-0.008472040463,0.09972942767,0.9653798883,0.01636477104,-0.2294744607,-0.1229444485
465,15500000000,0,0,0.6016838691,-0.007351129096,0.09840631888,0.964818592,0.01581698649,-0.230958806,-0.1246312058
466,15533333333,0,1,0.6080259816,-0.004287446937,0.09659492144,0.9641325445,0.01606575264,-0.2326689641,-0.1267102257
467,15566666667,0,0,0.6129970766,-0.00336322332,0.09544617826,0.963425824,0.01607109534,-0.2344208229,-0.1288381903
468,15600000000,0,0,0.6172651193,-0.002732679616,0.09442672043,0.9627476693,0.01623185316,-0.2365034664,-0.1300752192
469,15633333333,0,0,0.6224463564,-0.001320601749,0.09288742315,0.9615803643,0.01665071824,-0.2400906384,-0.1320698369
470,15666666667,0,0,0.6279273242,8.374963784e-06,0.09264034148,0.9601046549,0.0167065488,-0.244352682,-0.1349507676
471,15700000000,0,0,0.634153455,0.0008796541332,0.09254846228,0.9588656007,0.01631003985,-0.2479434926,-0.1372398155
472,15733333333,0,0,0.6395975574,0.001852581545,0.09288785122,0.9582672435,0.01506919641,-0.2499486252,-0.1379220578
473,15766666667,0,0,0.6448734075,0.002761682438,0.09216926099,0.9578889216,0.0131908777,-0.2515666417,-0.1378007234
474,15800000000,0,1,0.6507945314,0.003149763896,0.09232095942,0.9572834172,0.01085136202,-0.2535818682,-0.1385169423
475,15833333333,0,0,0.6560935782,0.003929011967,0.09270951302,0.9566413963,0.009636861608,-0.2560537931,-0.1384948547
476,15866666667,0,0,0.6617250404,0.005109253675,0.09217882302,0.9559331102,0.00830957041,-0.2587233627,-0.1385101491
477,15900000000,0,0,0.6670878742,0.005851963049,0.09239906988,0.9551014997,0.006726441709,-0.2613428367,-0.1394123451
478,15933333333,0,0,0.6723603792,0.007745955798,0.09202027793,0.954378431,0.00547970318,-0.263950234,-0.1395064773
479,15966666667,0,0,0.6771578216,0.009291072515,0.09250193375,0.9534065783,0.003756030795,-0.2669034366,-0.1405857185
480,16000000000,0,0,0.6819803476,0.01040340698,0.09229976013,0.9523629791,0.002380200449,-0.2697757984,-0.1421974308
481,16033333333,0,0,0.6866732848,0.01189558294,0.09290319699,0.951422266,0.000941021358,-0.2726142186,-0.1430953319
482,16066666667,0,1,0.6922112025,0.01343009062,0.09290331792,0.9504115724,-0.0008718674597,-0.2756202461,-0.1440505563
483,16100000000,0,0,0.6965649547,0.01544908501,0.09365202504,0.9494321643,-0.003148010168,-0.2784676277,-0.1449980542
484,16133333333,0,0,0.7000315508,0.01594961417,0.09444507662,0.9486650713,-0.005545796473,-0.2808309128,-0.1453885312
485,16166666667,0,0,0.7036276796,0.01711528358,0.09539637226,0.9478162454,-0.00751019738,-0.2830253565,-0.1465762925
486,16200000000,0,0,0.7064310334,0.01785209373,0.0965564888,0.9471610803,-0.008565108973,-0.2843902325,-0.1481037564
487,16233333333,0,0,0.7098173838,0.0183010496,0.09733869357,0.9467914539,-0.009042245541,-0.2850785492,-0.1491120433
488,16266666667,0,0,0.7135653173,0.01925034192,0.0969461994,0.9465626293,-0.009778959388,-0.2855714254,-0.1495744688
489,16300000000,0,0,0.7166132107,0.01949233204,0.09766467642,0.9463830016,-0.01115849072,-0.2860282881,-0.1497415131
490,16333333333,0,0,0.7194483847,0.01940302074,0.09753992157,0.9463776981,-0.01208690684,-0.2863675874,-0.1490528905
491,16366666667,0,0,0.7225087638,0.02012664216,0.09849581646,0.9462725033,-0.01233235105,-0.2868671719,-0.1487396664
492,16400000000,0,0,0.7252456009,0.01931049855,0.0990224958,0.9463260726,-0.01218617054,-0.2867189755,-0.1486966399
493,16433333333,0,1,0.7284343488,0.01909318591,0.09891778125,0.9467207191,-0.01145356401,-0.2857567614,-0.148093785
494,16466666667,0,0,0.7314599377,0.01861923423,0.09969188645,0.9469625697,-0.01063257392,-0.2850352294,-0.1479991824
495,16500000000,0,0,0.7342445528,0.01806905938,0.1000617344,0.9474474395,-0.009446997875,-0.2838316554,-0.1472877967
496,16533333333,0,0,0.7374799204,0.01781567901,0.1002009271,0.9479625018,-0.008737374888,-0.2826576505,-0.1462716858
497,16566666667,0,0,0.7399033857,0.01673066629,0.1009734094,0.9486300191,-0.00838316919,-0.2811082611,-0.1449446612
498,16600000000,0,0,0.7419402793,0.01602337288,0.1015088746,0.949382022,-0.007803575494,-0.2797271529,-0.1427080954
499,16633333333,0,0,0.7445970187,0.0153089931,0.1020561068,0.9497573681,-0.007044423514,-0.2791935843,-0.1412878636
500,16666666667,0,0,0.7468117572,0.01424408767,0.1036315835,0.9500725278,-0.006501021538,-0.2782961979,-0.1409650838
501,16700000000,0,0,0.749006967,0.01299667982,0.1051862717,0.9507506732,-0.005517520988,-0.2765821634,-0.1398035097
502,16733333333,0,0,0.7506754155,0.01274491988,0.1056153738,0.9515858489,-0.00495925781,-0.2743865612,-0.1384622436
503,16766666667,0,0,0.7519878083,0.01183302629,0.1069057215,0.952088647,-0.00495159974,-0.2728723177,-0.1379977834
504,16800000000,0,0,0.7533512463,0.01107827453,0.1079106005,0.952454066,-0.004678366546,-0.2717513334,-0.1376974139
505,16833333333,0,0,0.7543895906,0.01081431085,0.1090590007,0.9526731597,-0.004844851295,-0.2710032297,-0.1376503822
506,16866666667,0,0,0.7554434851,0.01009529887,0.1104761006,0.952801018,-0.005157028901,-0.2704149998,-0.1379106705
507,16900000000,0,0,0.7565379137,0.009297008044,0.1125557985,0.952875379,-0.006128404369,-0.2699569448,-0.1382541238
508,16933333333,0,0,0.7570135872,0.007780412874,0.115138915,0.9528858798,-0.007088799135,-0.2693834583,-0.1392508577
509,16966666667,0,0,0.7574171341,0.006571443726,0.1175811535,0.9529355567,-0.007430857754,-0.268493562,-0.1406051717
510,17000000000,0,1,0.7584499674,0.005782526945,0.1217154661,0.9530290615,-0.006964466928,-0.2674427907,-0.1419910481
511,17033333333,0,0,0.7582426568,0.004395763657,0.1238597857,0.9533519087,-0.006934396009,-0.2658334286,-0.1428448132
512,17066666667,0,0,0.757742604,0.003156274978,0.1257153436,0.9538293451,-0.007206641226,-0.2645903207,-0.1419493112
513,17100000000,0,0,0.7578388227,0.002064675319,0.1272684138,0.9540378007,-0.00824813735,-0.2644608884,-0.140727686
514,17133333333,0,0,0.7580154499,0.0003293421393,0.1296329447,0.9539329732,-0.00966751816,-0.2649378973,-0.1404504618
515,17166666667,0,0,0.758160516,-0.001289072627,0.1338084977,0.9537771934,-0.01083796701,-0.2651091478,-0.1410983475
516,17200000000,0,0,0.756950328,-0.003695457463,0.1375744319,0.9539196348,-0.01098583962,-0.2640918621,-0.1420286243
517,17233333333,0,0,0.7558533971,-0.006082030448,0.1403959866,0.9540232206,-0.01051283308,-0.263003918,-0.1433810102
518,17266666667,0,0,0.7548293537,-0.008237952057,0.1439142115,0.9542504848,-0.01010494941,-0.2620868478,-0.1435771101
519,17300000000,0,0,0.753580817,-0.01098870328,0.1472703539,0.9545611093,-0.01053165338,-0.261504717,-0.1425393136
520,17333333333,0,0,0.7520722962,-0.01378737612,0.1515149055,0.9548207693,-0.01133624597,-0.2616608104,-0.1404364922
521,17366666667,0,0,0.7504692206,-0.01688514883,0.155315166,0.9549512967,-0.0117366788,-0.2620914571,-0.1387023413
522,17400000000,0,0,0.7493694479,-0.01987282259,0.1597220042,0.9547443286,-0.0117944044,-0.2629298482,-0.1385353887
523,17433333333,0,0,0.747371702,-0.02411586198,0.1649621955,0.9548244119,-0.01106679697,-0.2625904671,-0.138687112
524,17466666667,0,0,0.7450868548,-0.02782899485,0.1687042973,0.9551986125,-0.009421975312,-0.2612972083,-0.1386744605
525,17500000000,0,0,0.7442542756,-0.0313801598,0.1713583303,0.955386603,-0.008178860217,-0.2603628686,-0.1392146607
526,17533333333,0,0,0.7423271382,-0.03555350275,0.1755721356,0.9556135352,-0.008151066605,-0.2590724575,-0.1400635327
527,17566666667,0,0,0.7396382787,-0.03960354769,0.179723586,0.9561023773,-0.00790770969,-0.2573853615,-0.1398516643
528,17600000000,0,1,0.7363045067,-0.0435891944,0.185640846,0.9565919399,-0.007056172211,-0.2561025247,-0.138901288
529,17633333333,0,0,0.7329220731,-0.04875999126,0.1900802398,0.9566581149,-0.005901608806,-0.2555233761,-0.1395644168
530,17666666667,0,0,0.7298887867,-0.05266769307,0.1937981549,0.9566326304,-0.003970083156,-0.2556440717,-0.1395863799
531,17700000000,0,0,0.7276706179,-0.05665061148,0.1979847052,0.9564815386,-0.002672636575,-0.2564682963,-0.1391399886
532,17733333333,0,0,0.7255243241,-0.06092840177,0.2022858048,0.9564942023,-0.00212931736,-0.2570039186,-0.1380698836
533,17766666667,0,0,0.7238400631,-0.06464028336,0.2069127055,0.9567062947,-0.00184120205,-0.2570723154,-0.1364679463
534,17800000000,0,0,0.7217354932,-0.06857406066,0.2114547114,0.9571753628,-0.001755040944,-0.2563032859,-0.1346137824
535,17833333333,0,0,0.7201709464,-0.07158776559,0.2156702146,0.9574662472,-0.001790142136,-0.2558835583,-0.133337112
536,17866666667,0,0,0.7181038335,-0.07550367503,0.2208102208,0.9576483946,-0.001417964374,-0.2555180606,-0.1327330494
537,17900000000,0,0,0.7170999569,-0.07785263461,0.2246899282,0.9577421834,-0.0001456721472,-0.2553217663,-0.1324412494
538,17933333333,0,1,0.7162036938,-0.08124273852,0.2302981202,0.9579261658,-0.0002203463393,-0.2549073891,-0.1319076769
539,17966666667,0,0,0.7147530955,-0.08395049402,0.234890164,0.9585077819,-0.0009667277726,-0.2536166316,-0.1301556825
540,18000000000,0,0,0.713622223,-0.08663340064,0.239291209,0.9589180853,-0.002054495463,-0.2529399389,-0.1284261346
541,18033333333,0,0,0.7119776214,-0.09051525192,0.2445669861,0.9590109509,-0.002876217247,-0.2527028709,-0.1281833937
542,18066666667,0,0,0.7101641406,-0.09365656775,0.24984465,0.9588809737,-0.002066769732,-0.2529182139,-0.1287454229
543,18100000000,0,0,0.709164262,-0.0983428339,0.2546090262,0.9587192734,-0.0007014765797,-0.253368179,-0.1290791567
544,18133333333,0,1,0.7065612503,-0.1047540835,0.2607203792,0.9589270339,0.001286019549,-0.2532971876,-0.1276629334
545,18166666667,0,0,0.7055410362,-0.108481547,0.264117361,0.9586970979,0.005022624372,-0.2546390815,-0.1266237964
546,18200000000,0,0,0.7046316049,-0.1134790319,0.2682823592,0.958037116,0.008135756553,-0.2570122062,-0.1266626216
547,18233333333,0,0,0.7032415097,-0.1191693342,0.2726767943,0.9574452372,0.01165415516,-0.25935738,-0.1260815127
548,18266666667,0,0,0.702771995,-0.1247625578,0.2771168877,0.9565550249,0.01596270742,-0.2627059586,-0.1254322753
549,18300000000,0,0,0.7024046243,-0.1301161581,0.2817458614,0.9553015833,0.02086273355,-0.2664912988,-0.126277547
550,18333333333,0,1,0.7016876505,-0.1375513923,0.2875733351,0.9540398767,0.0255911654,-0.2701982456,-0.1270665727
551,18366666667,0,0,0.7011693767,-0.1417344456,0.292074517,0.9526457548,0.03095048264,-0.2742972764,-0.1275505299
552,18400000000,0,0,0.7007702685,-0.1455910776,0.2973259224,0.9506123026,0.0353663618,-0.2796820076,-0.1298593288
553,18433333333,0,0,0.7007379462,-0.1511604887,0.3034672384,0.9484079047,0.03785590244,-0.2852903894,-0.1330367264
554,18466666667,0,0,0.7002512232,-0.1559646692,0.3095493976,0.9465958624,0.04076217196,-0.2902313235,-0.1343893501
555,18500000000,0,0,0.7000307994,-0.1602436026,0.3149611779,0.9444589578,0.04322586628,-0.2955156813,-0.1371104797
556,18533333333,0,1,0.7007031285,-0.1678895966,0.3224948388,0.9417380806,0.0444311976,-0.301899832,-0.1414628842
557,18566666667,0,0,0.7008510642,-0.1740898277,0.3289879424,0.9389117898,0.04707072764,-0.3080705444,-0.1460189619
558,18600000000,0,0,0.7011198989,-0.1806879769,0.335234144,0.9361729562,0.04999731428,-0.3134230214,-0.1511505024
559,18633333333,0,0,0.7018767284,-0.1880365389,0.3416202001,0.9338999526,0.05257220377,-0.3177226578,-0.1553040717
560,18666666667,0,0,0.7017900006,-0.1956680679,0.3482630473,0.932047838,0.05470548693,-0.3212723664,-0.1583609928
561,18700000000,0,0,0.7017092687,-0.2030982716,0.3541173289,0.9301851198,0.05712447878,-0.3251485822,-0.160532976
562,18733333333,0,1,0.7013245328,-0.2119114779,0.3602730456,0.9276925403,0.06012649746,-0.3294255756,-0.1650761797
563,18766666667,0,0,0.7015923999,-0.2191083583,0.3658231175,0.9245015093,0.06320371541,-0.3345420447,-0.1714172395
564,18800000000,0,0,0.7012548316,-0.2272470756,0.3714984474,0.9214409104,0.06663996978,-0.3390199064,-0.1776830498
565,18833333333,0,0,0.7013174427,-0.23316914,0.3765657728,0.9187028146,0.07033598518,-0.3428444386,-0.1830182467
566,18866666667,0,0,0.701043398,-0.2391851519,0.3819663219,0.9160489382,0.07216839246,-0.3463752672,-0.1888656673
567,18900000000,0,0,0.7000094323,-0.2455824662,0.3872499395,0.9138622434,0.07275381804,-0.3492815517,-0.1938171295
568,18933333333,0,1,0.6970450652,-0.2517897093,0.3926064429,0.9118124652,0.07472277461,-0.3520301976,-0.1977100786
569,18966666667,0,0,0.6958120332,-0.2560522102,0.3967723125,0.9087240228,0.07713717888,-0.3568585407,-0.2022930745
570,19000000000,0,0,0.6943441325,-0.2620766412,0.4012363223,0.9053481662,0.07875285154,-0.3618791645,-0.2078127923
571,19033333333,0,0,0.6933616229,-0.2674945124,0.405448756,0.9026017434,0.08094272729,-0.3662610509,-0.2112136606
572,19066666667,0,0,0.692457639,-0.2706549015,0.4090285544,0.900856884,0.08118756689,-0.3704177305,-0.211320038
573,19100000000,0,0,0.6898783629,-0.2740611639,0.4121459759,0.899396516,0.07783225077,-0.3754206094,-0.2099700308
574,19133333333,0,1,0.6874034008,-0.2764400941,0.4147839889,0.8971432495,0.07477153614,-0.3825384246,-0.2078642847
575,19166666667,0,0,0.6863270216,-0.2783527953,0.418024908,0.894068715,0.06968541017,-0.3915336344,-0.206122511
576,19200000000,0,0,0.6845770049,-0.2846688686,0.4236965068,0.8910609656,0.06256845624,-0.3999998129,-0.2051723509
577,19233333333,0,0,0.6833639529,-0.290512083,0.4287240012,0.8887229455,0.05862525137,-0.4068377215,-0.2030213645
578,19266666667,0,0,0.6827331223,-0.2944271905,0.4343108646,0.8872423537,0.05568022154,-0.4115837231,-0.2007474971
579,19300000000,0,0,0.6808978286,-0.3006569435,0.4403336985,0.8871066912,0.05202786004,-0.4137040498,-0.1979489311
580,19333333333,0,0,0.6791737041,-0.3047990366,0.4451534596,0.8876477434,0.05116627223,-0.4141091233,-0.1948772185
581,19366666667,0,0,0.6772985401,-0.3091642678,0.4502917094,0.8881390258,0.05086727821,-0.4131686688,-0.1947132301
582,19400000000,0,1,0.6743161996,-0.3142651652,0.4538694339,0.8889437592,0.05154072906,-0.4109193309,-0.1956217005
583,19433333333,0,0,0.672258769,-0.3163278669,0.4563563686,0.8891417132,0.05182991663,-0.4098091023,-0.1969699804
584,19466666667,0,0,0.6689190179,-0.3209822845,0.4589294963,0.8888374858,0.04978165097,-0.4098978414,-0.1986793161
585,19500000000,0,0,0.6664664835,-0.3248818348,0.4624061611,0.8882042238,0.04797566908,-0.4111571699,-0.1993523857
586,19533333333,0,0,0.6639822615,-0.3299597703,0.4666812136,0.8876602521,0.04609603394,-0.4119610465,-0.2005555501
587,19566666667,0,0,0.6611917279,-0.335995835,0.4711825628,0.8874594068,0.04492715241,-0.411901387,-0.2018281438
588,19600000000,0,0,0.6577706812,-0.3442860164,0.4757968391,0.8875255542,0.04616907151,-0.4108661879,-0.2033612136
589,19633333333,0,1,0.6557366982,-0.35065072,0.4793813741,0.8879823789,0.05187873633,-0.4084740771,-0.2048043454
590,19666666667,0,0,0.6525631847,-0.3572823657,0.4823662042,0.8893987953,0.05676153283,-0.4052168515,-0.2038313386
591,19700000000,0,0,0.6496538969,-0.3611545392,0.4842346429,0.8911035674,0.06111904086,-0.4025815821,-0.2003171606
592,19733333333,0,0,0.6465632096,-0.3645714337,0.4864150101,0.8920428678,0.06330661284,-0.4018395783,-0.1969181254
593,19766666667,0,0,0.6438780381,-0.3693555874,0.4899434174,0.8921528354,0.06429737193,-0.402706313,-0.1943110695
594,19800000000,0,0,0.6415788176,-0.3744972397,0.4938148974,0.8920118224,0.06602606482,-0.403866255,-0.1919570671
595,19833333333,0,0,0.6406804501,-0.3776923761,0.498258689,0.8918802624,0.06848409661,-0.4047046303,-0.1899307462
596,19866666667,0,0,0.6401124201,-0.3812997955,0.5031141082,0.8924422628,0.0693470783,-0.4041452559,-0.1881605759
597,19900000000,0,0,0.6384346374,-0.3844554681,0.5070798773,0.893664202,0.0704286749,-0.4020511293,-0.1864376176
598,19933333333,0,0,0.6370657745,-0.3860008854,0.5105540892,0.894363631,0.0712585867,-0.4003072431,-0.186520831
599,19966666667,0,0,0.6345695308,-0.3890273042,0.5136844946,0.894258408,0.07108722197,-0.3996069707,-0.1885809522
600,20000000000,0,1,0.6314113786,-0.3921936216,0.5174812713,0.8935933251,0.07109794375,-0.4004002555,-0.1900412773
601,20033333333,0,0,0.6298034834,-0.3959220516,0.5218099365,0.892525478,0.07046096261,-0.4025813668,-0.1906876162
602,20066666667,0,0,0.6283000459,-0.4008139696,0.5266655307,0.8916110858,0.07003101119,-0.4049303423,-0.1901492756
603,20100000000,0,0,0.6266350119,-0.4059494123,0.5318062135,0.8908113214,0.07122060939,-0.4068671364,-0.1893196973
604,20133333333,0,0,0.625452661,-0.4096144441,0.5360992113,0.8899150855,0.07444894476,-0.4087816186,-0.1881650434
605,20166666667,0,0,0.6245913129,-0.4115770724,0.540430484,0.8889107124,0.07727576456,-0.4109884122,-0.1869618319
606,20200000000,0,0,0.6233552432,-0.4138976217,0.5449189854,0.8876170872,0.07820844774,-0.4139346039,-0.186218927
607,20233333333,0,0,0.621773551,-0.4170123904,0.5494615756,0.8856464731,0.07781173521,-0.4182878989,-0.1860400282
608,20266666667,0,0,0.6203604923,-0.4201828013,0.5541411441,0.8828327012,0.07750577581,-0.4239888582,-0.1866352714
609,20300000000,0,1,0.6188071081,-0.4253517253,0.5581119715,0.8795713832,0.07804925786,-0.4297559626,-0.1886062244
610,20333333333,0,0,0.6179422775,-0.4302234857,0.5635022268,0.8756799536,0.0804506686,-0.4360711765,-0.1911916261
611,20366666667,0,0,0.61786572,-0.435704164,0.5692350221,0.8718465152,0.08324356501,-0.4415573499,-0.1948878384
612,20400000000,0,0,0.6170450928,-0.4429751696,0.5746607977,0.8688014489,0.08630965835,-0.4457153528,-0.1976676746
613,20433333333,0,0,0.6164110855,-0.4493920391,0.5785089176,0.8660051464,0.09064599866,-0.4493229986,-0.1998179977
614,20466666667,0,0,0.6162447884,-0.4551737612,0.5825920853,0.8629195428,0.09499764554,-0.4535063121,-0.2016862288
615,20500000000,0,1,0.6161699579,-0.4608293492,0.5858517745,0.8603442521,0.09825350336,-0.4571104739,-0.202987762
616,20533333333,0,0,0.6160543191,-0.4657776471,0.5901474042,0.8574260912,0.1006272132,-0.4611670112,-0.2049869507
617,20566666667,0,0,0.6159580861,-0.4719799072,0.594778609,0.8548304705,0.1015031828,-0.464731715,-0.2073316272
618,20600000000,0,0,0.6155155768,-0.4775975856,0.5991958712,0.8525531772,0.10348387,-0.4674486905,-0.2096088987
619,20633333333,0,0,0.6155827523,-0.4813403408,0.6031340857,0.8502177036,0.1061391663,-0.4696747901,-0.2127673037
620,20666666667,0,0,0.6141676456,-0.4860005635,0.6072897039,0.8482669851,0.10774691,-0.4712352486,-0.2162661922
621,20700000000,0,0,0.6130936871,-0.4895279366,0.6103778474,0.8460400572,0.1112026016,-0.4728376308,-0.2197152202
622,20733333333,0,0,0.6129669271,-0.4908864287,0.6135967187,0.8436379499,0.1133154896,-0.4750092488,-0.2231609797
623,20766666667,0,1,0.6115198491,-0.4956048346,0.6174382655,0.8421890353,0.1123207909,-0.4770849675,-0.2247033655
624,20800000000,0,0,0.6098472066,-0.4992743042,0.6205509535,0.8409895617,0.1115252323,-0.4799564379,-0.2234737061
625,20833333333,0,0,0.6084597214,-0.5024060293,0.6246502284,0.8391571928,0.1115568608,-0.4832089775,-0.2233368679
626,20866666667,0,0,0.6068168078,-0.5074035564,0.6294323125,0.8373296014,0.1119433348,-0.485985196,-0.2239781633
627,20900000000,0,0,0.6048487691,-0.5128642926,0.633637804,0.8363751071,0.1135159012,-0.4877599228,-0.222892526
628,20933333333,0,0,0.6026477223,-0.5174865522,0.6370347762,0.8356264644,0.1170985166,-0.4891433104,-0.2208057321
629,20966666667,0,0,0.6018289609,-0.5188478345,0.6406006399,0.8346700593,0.121633381,-0.4903725468,-0.2192395448
630,21000000000,0,0,0.6004723965,-0.5217958737,0.6448414783,0.8343122156,0.123664172,-0.4911485399,-0.2177232444
631,21033333333,0,1,0.5985751924,-0.52456154,0.6491797138,0.8349868329,0.1248793006,-0.4908632954,-0.2150706263
632,21066666667,0,0,0.5977604157,-0.5273184162,0.6527993703,0.8364259007,0.1256797519,-0.4897037789,-0.2116282626
633,21100000000,0,0,0.596288129,-0.530039664,0.6570178238,0.837823549,0.1274813168,-0.4875071358,-0.2100880937
634,21133333333,0,0,0.5941552421,-0.5338767607,0.6603890249,0.8388017196,0.1319957342,-0.4847162048,-0.2098547167
635,21166666667,0,0,0.5938198094,-0.5348039344,0.6629692953,0.8400343786,0.1371945632,-0.4813777417,-0.2092734204
636,21200000000,0,0,0.5911425643,-0.5370744214,0.6643999541,0.8412965156,0.1404897297,-0.4787527098,-0.2080352171
637,21233333333,0,0,0.5891013775,-0.5394735978,0.6659872512,0.8409616526,0.1452765977,-0.4782448558,-0.2072681038
638,21266666667,0,0,0.5889645881,-0.5415772375,0.668832311,0.8399307864,0.1497097599,-0.4784937939,-0.2077184419
639,21300000000,0,1,0.5870740053,-0.5450691047,0.6717105081,0.840112356,0.1526785313,-0.4779189407,-0.2061406837
640,21333333333,0,0,0.5861553695,-0.5470718243,0.6741408817,0.8411243285,0.1553047853,-0.4771041766,-0.2018957462
641,21366666667,0,0,0.5851095666,-0.5491917123,0.6764625242,0.8420116489,0.1568953169,-0.4767424833,-0.1977797948
642,21400000000,0,0,0.5835234327,-0.5518080771,0.6789628649,0.8425400197,0.1585405269,-0.4768168822,-0.1940022611
643,21433333333,0,0,0.5828951326,-0.5519202763,0.6815006269,0.8426854335,0.1593584699,-0.47782663,-0.1901784686
644,21466666667,0,0,0.5817166614,-0.552678357,0.6843507898,0.8425227836,0.1577912942,-0.4798536524,-0.1870768261
645,21500000000,0,0,0.5806441184,-0.5525772222,0.6872014421,0.8415163731,0.1556481114,-0.4828143239,-0.1857799445
646,21533333333,0,0,0.5802100777,-0.554092742,0.6906768151,0.8398074414,0.1526650309,-0.4861683598,-0.1872356151
647,21566666667,0,0,0.5793028375,-0.5568481379,0.6943394978,0.8381774393,0.1506760833,-0.4887334185,-0.18945961
648,21600000000,0,0,0.5778110483,-0.5580699545,0.6979535679,0.8365128061,0.1502331234,-0.4908554326,-0.191669711
649,21633333333,0,1,0.5785907622,-0.5607215131,0.7002666202,0.8347705842,0.1495227254,-0.4932808247,-0.1935847472
650,21666666667,0,0,0.577817499,-0.5619737635,0.7039019932,0.8326051972,0.1496215473,-0.4958021374,-0.1963726528
651,21700000000,0,0,0.5777116011,-0.5632104225,0.7076620811,0.8301662981,0.1491255705,-0.4985441925,-0.2000979009
652,21733333333,0,0,0.5777263244,-0.5653116792,0.7113743601,0.827335757,0.1489216766,-0.5015112731,-0.2045099566
653,21766666667,0,0,0.5779428869,-0.5667122751,0.7154880264,0.8245647281,0.1482387834,-0.5048741862,-0.2078949936
654,21800000000,0,0,0.5790065847,-0.5675894129,0.7187493183,0.8217778948,0.146301167,-0.5090939581,-0.2100009572
655,21833333333,0,1,0.579980193,-0.5684266175,0.7219933258,0.8185276564,0.143433949,-0.5140612925,-0.2125562643
656,21866666667,0,0,0.580021485,-0.5699840922,0.7261248981,0.8140672229,0.140673502,-0.5198062578,-0.2175016708
657,21900000000,0,0,0.5807208538,-0.5720339949,0.7298943008,0.8089840312,0.1389159649,-0.525989231,-0.2226713291
658,21933333333,0,0,0.5815969583,-0.5735068276,0.7335764069,0.8042355626,0.1372709278,-0.5318766715,-0.2268679318
659,21966666667,0,0,0.5828642509,-0.5737329541,0.7365639542,0.799217249,0.1361517098,-0.5378136562,-0.2312379122
660,22000000000,0,0,0.5845325769,-0.5740037012,0.7404029841,0.7938501411,0.1343531504,-0.5439142379,-0.2364497543
661,22033333333,0,0,0.5862620494,-0.5754139943,0.7441913291,0.7891631948,0.1321590554,-0.549246586,-0.2410054436
662,22066666667,0,1,0.5863116315,-0.5758373146,0.7510192639,0.7851955778,0.1303711136,-0.553472616,-0.2452332374
663,22100000000,0,0,0.5880406828,-0.5761967282,0.7542419738,0.7830409701,0.1279615351,-0.556127942,-0.2473750126
664,22133333333,0,0,0.5891369497,-0.5757457587,0.7567643637,0.7813396205,0.1250102791,-0.5586522479,-0.2485729137
665,22166666667,0,0,0.5909706496,-0.5751100566,0.7583135268,0.7790773213,0.1215374423,-0.5620409126,-0.2497542594
666,22200000000,0,0,0.5927089889,-0.5748392275,0.7604793176,0.7766488837,0.1169569186,-0.5658524611,-0.2508955616
667,22233333333,0,0,0.5941724553,-0.5761338704,0.7624825767,0.7743578476,0.113675077,-0.5689900414,-0.2523850896
668,22266666667,0,0,0.5968276154,-0.5765599387,0.7647521997,0.7722855755,0.112759725,-0.5710863202,-0.2544025338
669,22300000000,0,0,0.5998257922,-0.5768314062,0.7658688213,0.7714834811,0.1128979701,-0.5716117881,-0.2555919608
670,22333333333,0,0,0.6028763897,-0.5755934689,0.7658887018,0.7711583297,0.1138449042,-0.5716101836,-0.2561561367
671,22366666667,0,0,0.6066647867,-0.5737573548,0.7658238769,0.7701490941,0.1144276274,-0.5722082886,-0.2575934111
672,22400000000,0,0,0.6096872109,-0.5713111055,0.7655433979,0.768837859,0.1141246289,-0.5731662367,-0.259507959
673,22433333333,0,0,0.6132781773,-0.5691974562,0.7649478798,0.7672361865,0.1125162908,-0.5749562423,-0.2609866622
674,22466666667,0,0,0.6172349374,-0.567169829,0.7646772163,0.765688167,0.1097448589,-0.5769554183,-0.262297812
675,22500000000,0,0,0.6201416619,-0.5657405792,0.7647268591,0.7644457192,0.1065942313,-0.5784390148,-0.2639483252
676,22533333333,0,1,0.6229088199,-0.5649709693,0.7654677402,0.7634912264,0.1050132394,-0.5794172068,-0.2651962804
677,22566666667,0,0,0.6268952733,-0.5640803871,0.765105915,0.7630937451,0.1045191762,-0.5795984221,-0.2661378348
678,22600000000,0,0,0.6307119433,-0.5633849269,0.7644372612,0.7634607679,0.1047509422,-0.5788684727,-0.2665824211
679,22633333333,0,0,0.6345194543,-0.5621080459,0.7630517305,0.7644304005,0.105149979,-0.5776409887,-0.2663090925
680,22666666667,0,0,0.6391142491,-0.5607974973,0.7615161847,0.7655711099,0.1050566634,-0.576604879,-0.2653126208
681,22700000000,0,0,0.6441825371,-0.5583347691,0.7598016309,0.7669639401,0.103524739,-0.5756397842,-0.2639844348
682,22733333333,0,0,0.6482630962,-0.5571403417,0.7585038432,0.7683120801,0.1007388439,-0.5745543016,-0.2635063327
683,22766666667,0,0,0.6521277327,-0.556059001,0.7572552108,0.7698259945,0.09871573247,-0.5730602223,-0.263106678
684,22800000000,0,0,0.656730191,-0.5547702145,0.7555283808,0.7711368002,0.0977914494,-0.5714558095,-0.2631028804
685,22833333333,0,0,0.6622645401,-0.5517093491,0.7543553204,0.7722803552,0.09743817021,-0.5694425906,-0.2642422981
686,22866666667,0,0,0.667265474,-0.5483009966,0.7533903754,0.773723319,0.09538311377,-0.5668872596,-0.2662576235
687,22900000000,0,1,0.6715616961,-0.5442724391,0.7512563418,0.7752317171,0.09210643725,-0.5641657847,-0.2687920319
688,22933333333,0,0,0.6755197818,-0.5418191057,0.7492194385,0.7752952722,0.08796163031,-0.56282218,-0.2727841386
689,22966666667,0,0,0.6792437954,-0.5409578438,0.7490454111,0.7742967838,0.08433414138,-0.5624442863,-0.2775043568
690,23000000000,0,0,0.6836271983,-0.5418957807,0.7500353609,0.7745437542,0.08176657641,-0.5612584987,-0.2799733871
691,23033333333,0,0,0.68817656,-0.5414034808,0.7512539761,0.7765695621,0.08132677976,-0.5581140001,-0.2807747014
692,23066666667,0,0,0.6924440062,-0.541502986,0.7515398446,0.779458345,0.08179117246,-0.5536930509,-0.2813874513
693,23100000000,0,0,0.6974325786,-0.540260162,0.7512226686,0.7825140949,0.082426425,-0.549675404,-0.2805967319
694,23133333333,0,0,0.7019338793,-0.5389789675,0.7509881604,0.7847388751,0.08169094441,-0.546701221,-0.2804090985
695,23166666667,0,0,0.7058345072,-0.5383894649,0.7509142999,0.7859009429,0.08073466292,-0.5450580168,-0.2806303269
696,23200000000,0,0,0.7099828855,-0.5383002994,0.7518870459,0.7860814461,0.08013711173,-0.5444191506,-0.2815347082
697,23233333333,0,0,0.7136513898,-0.538563306,0.7533840973,0.7865451167,0.08001035417,-0.5434416265,-0.2821636426
698,23266666667,0,0,0.7172923524,-0.5384029044,0.7546133363,0.7874854052,0.079323435,-0.5425037247,-0.2815390523
699,23300000000,0,0,0.7211448501,-0.5379787171,0.7553649919,0.7881458718,0.07847077287,-0.5421309059,-0.280646581
700,23333333333,0,0,0.724833197,-0.5369781587,0.7561188278,0.7880215806,0.07779979678,-0.542544891,-0.2803822773
701,23366666667,0,0,0.7285941841,-0.536812979,0.7583399435,0.7871380655,0.0756775113,-0.5441186846,-0.2803951448
702,23400000000,0,0,0.7311882694,-0.5381624943,0.7608768719,0.7864434953,0.07360985309,-0.5453262457,-0.2805485769
703,23433333333,0,0,0.735271352,-0.5383971833,0.7629637247,0.7856789987,0.07309914771,-0.5464817203,-0.2805757562
704,23466666667,0,0,0.7386056062,-0.538943954,0.7651543297,0.7841828319,0.07342067105,-0.547939832,-0.2818308565
705,23500000000,0,1,0.7427103074,-0.5394150562,0.7698827141,0.7816510592,0.07525987555,-0.5502429023,-0.2838843448
706,23533333333,0,0,0.7471328735,-0.5400246142,0.7732571044,0.7790527772,0.07701371553,-0.5523890423,-0.2863773802
707,23566666667,0,0,0.7512253957,-0.5408764748,0.7769472138,0.7766974245,0.07808616439,-0.5544765603,-0.2884430722
708,23600000000,0,0,0.7555219232,-0.5416196958,0.7800784075,0.7739687142,0.07921489821,-0.5572805647,-0.2900617204
709,23633333333,0,0,0.7602047189,-0.5416338945,0.7843906489,0.770137367,0.08032867182,-0.5611011821,-0.2925768344
710,23666666667,0,0,0.7644087108,-0.5425387076,0.7903238766,0.7665601342,0.07975353679,-0.5648337871,-0.2949368186
711,23700000000,0,0,0.7685692927,-0.5435499539,0.7952259397,0.7638895327,0.07828464076,-0.567773278,-0.2966105219
712,23733333333,0,0,0.7730560569,-0.5444137837,0.8006669994,0.7608119207,0.07597559264,-0.5715161905,-0.297929815
713,23766666667,0,0,0.7774387987,-0.5452956181,0.806531041,0.7576484985,0.07271026718,-0.5752645441,-0.2995875065
714,23800000000,0,1,0.7803573584,-0.5449995927,0.8123902887,0.7542600478,0.06955409379,-0.578852125,-0.3019672593
715,23833333333,0,0,0.7846171757,-0.5456678176,0.8197563245,0.750791482,0.06579508132,-0.5822509137,-0.3049049546
716,23866666667,0,0,0.7881450891,-0.5466158334,0.8266354231,0.747971464,0.06394363254,-0.583875736,-0.3090938787
717,23900000000,0,0,0.7922433214,-0.5456775454,0.8340732533,0.7451508579,0.06377822509,-0.5844882462,-0.3147316746
718,23933333333,0,0,0.7960103411,-0.5450153772,0.8408873633,0.7425687919,0.06358120572,-0.584158447,-0.3214155075
719,23966666667,0,0,0.7993039049,-0.5436866198,0.8477030436,0.7404895845,0.06268963754,-0.5831423556,-0.3281618162
720,24000000000,0,1,0.8014719386,-0.5420227132,0.8539406297,0.7391212678,0.06119080415,-0.5815686052,-0.3342654549
721,24033333333,0,0,0.8033282452,-0.5414504815,0.8581522463,0.7384709613,0.05873258893,-0.5801599515,-0.3385639571
722,24066666667,0,0,0.8056424519,-0.5398455831,0.8618597594,0.7377150061,0.05614842689,-0.5797875118,-0.3412775485
723,24100000000,0,0,0.8079969344,-0.5387298392,0.8636507279,0.7366932492,0.05191043305,-0.5805923606,-0.3427840055
724,24133333333,0,0,0.8106449254,-0.5381365849,0.864606367,0.734585939,0.0473254613,-0.5834631419,-0.3430955567
725,24166666667,0,0,0.8143424836,-0.537370062,0.8660684176,0.7315345406,0.04369333628,-0.5875670839,-0.3430933258
726,24200000000,0,1,0.8187866791,-0.5368146841,0.8684371428,0.7287415957,0.03996415707,-0.5915135327,-0.342710218
727,24233333333,0,0,0.8230452708,-0.5365620568,0.8702940166,0.7270496038,0.03695923033,-0.594098441,-0.3421694482
728,24266666667,0,0,0.8275321386,-0.5356607684,0.8716726418,0.7264541777,0.03470108021,-0.5951069328,-0.3419179743
729,24300000000,0,0,0.8324843246,-0.5339954316,0.8717842414,0.7263077367,0.03283757638,-0.5951641532,-0.3423133009
730,24333333333,0,0,0.8371855993,-0.5320400291,0.8718246844,0.7259591163,0.03083952314,-0.5950719903,-0.343397163
731,24366666667,0,0,0.8423855289,-0.5299861987,0.8719056449,0.7256912634,0.02825461358,-0.595015668,-0.3442821834
732,24400000000,0,0,0.8474153005,-0.5283470483,0.8717459758,0.7258850382,0.02498091371,-0.5944302671,-0.3451369625
733,24433333333,0,0,0.8531064101,-0.5260434815,0.8715323694,0.7260215411,0.02293246341,-0.5935923867,-0.3464316706
734,24466666667,0,1,0.8583776196,-0.5230516236,0.8713120747,0.7260409223,0.021495263,-0.5922190701,-0.3488253229
735,24500000000,0,0,0.8637637729,-0.5203765618,0.8703914269,0.7269570022,0.01874055309,-0.5909774793,-0.3491817974
736,24533333333,0,0,0.8696798752,-0.5167905934,0.8685245265,0.7272313274,0.01543910097,-0.5909871858,-0.3487554684
737,24566666667,0,0,0.8761042611,-0.5133948172,0.8676567478,0.7263280222,0.01011807699,-0.5922355989,-0.3487151045
738,24600000000,0,0,0.8819409726,-0.510478234,0.8666561904,0.7260803224,0.00217460585,-0.5932995782,-0.347560422
739,24633333333,0,0,0.8877222018,-0.5079729355,0.8650258814,0.725631543,-0.006113890582,-0.5943569247,-0.3466429434
740,24666666667,0,1,0.8961287004,-0.5061031789,0.8640240309,0.7248830161,-0.0126212301,-0.5950963274,-0.3467645868
741,24700000000,0,0,0.9009315362,-0.504915323,0.8645976444,0.7252733562,-0.01700689091,-0.5938890521,-0.3478291508
742,24733333333,0,0,0.9059490435,-0.5041617755,0.8634380966,0.727143779,-0.01676107039,-0.5907660321,-0.3492513229
743,24766666667,0,0,0.9121178592,-0.5016174658,0.8614934652,0.7292307905,-0.01250227936,-0.5872910788,-0.3509349453
744,24800000000,0,0,0.9191318246,-0.4978891532,0.8597974248,0.7308941348,-0.009162525831,-0.5839112912,-0.3532101582
745,24833333333,0,0,0.925227355,-0.4950303961,0.8580983567,0.732873844,-0.009193546416,-0.5806044179,-0.354555944
746,24866666667,0,0,0.9315415534,-0.4913263379,0.8564934369,0.7346458555,-0.01107356958,-0.5776310877,-0.3556897095
747,24900000000,0,0,0.93746011,-0.4888782755,0.8546452502,0.7357998646,-0.01432798759,-0.5745366702,-0.3581911257
748,24933333333,0,1,0.9431237904,-0.4870339955,0.8535158264,0.7362246511,-0.01634119506,-0.5728116365,-0.3599903575
749,24966666667,0,0,0.948866644,-0.4853872775,0.852450581,0.7360757195,-0.01639061466,-0.5715315453,-0.3623197147
750,25000000000,0,0,0.954341162,-0.4838593882,0.8515241862,0.7367806267,-0.01677278434,-0.5694118439,-0.3642020508
751,25033333333,0,0,0.9593430157,-0.482319353,0.8504249309,0.7381251188,-0.01731569476,-0.5668256821,-0.3654861444
752,25066666667,0,0,0.9643019485,-0.4812269402,0.8499784464,0.7392408352,-0.01826609363,-0.5644635205,-0.3668382087
753,25100000000,0,0,0.9689978638,-0.4799001495,0.8489805802,0.7407591725,-0.02016210055,-0.562263124,-0.3670551966
754,25133333333,0,0,0.9739055309,-0.4783983742,0.8487846563,0.741709136,-0.02206538379,-0.5609458622,-0.3670427987
755,25166666667,0,0,0.9780849935,-0.4778010191,0.848036291,0.7411493175,-0.02281331301,-0.56009757,-0.3694156926
756,25200000000,0,0,0.9823418345,-0.4773351632,0.848410563,0.7399752641,-0.02260852995,-0.5599196767,-0.3720422267
757,25233333333,0,1,0.9856861092,-0.4759212624,0.8491229366,0.7398978947,-0.02267164966,-0.5597888528,-0.3723889661
758,25266666667,0,0,0.9910726189,-0.4748276386,0.8488451272,0.7401118594,-0.02381609091,-0.5599625874,-0.3716303677
759,25300000000,0,0,0.9957142706,-0.4737142328,0.8501483639,0.7394862252,-0.02616533802,-0.5606774025,-0.3716400789
760,25333333333,0,0,0.9995279587,-0.4740566671,0.8524769731,0.7386756679,-0.02825243831,-0.5613563552,-0.3720740517
761,25366666667,0,0,1.003682372,-0.4742647132,0.8559874514,0.738737538,-0.02951452845,-0.5614629845,-0.3716921571
762,25400000000,0,0,1.008091968,-0.4747076615,0.8593820015,0.739819675,-0.0299794185,-0.5603556015,-0.3711733864
763,25433333333,0,0,1.011788175,-0.475706405,0.8629876809,0.7411684739,-0.02996220161,-0.5583728098,-0.37147189
764,25466666667,0,0,1.015885268,-0.4764938039,0.8656496106,0.7431759266,-0.0289791773,-0.5560340717,-0.3710469787
765,25500000000,0,0,1.020392971,-0.4771710409,0.8680578132,0.7452242434,-0.02880091436,-0.5540242353,-0.3699574045
766,25533333333,0,1,1.024457994,-0.4776691728,0.8707473338,0.7464972512,-0.02887471771,-0.5528153829,-0.36919271
767,25566666667,0,0,1.028733947,-0.4791228332,0.8741922543,0.7469512594,-0.02972286257,-0.5523992054,-0.3688298867
768,25600000000,0,0,1.03278895,-0.4808290648,0.878717179,0.7469280498,-0.03024716031,-0.5522794393,-0.3690135752
769,25633333333,0,0,1.036303472,-0.4832579657,0.883764464,0.7469915687,-0.03022261318,-0.5519299552,-0.3694096837
770,25666666667,0,0,1.040142484,-0.4858501545,0.887831561,0.7477208311,-0.02932913324,-0.5511518663,-0.3691679576
771,25700000000,0,0,1.044640436,-0.4882708759,0.8906631431,0.7485056217,-0.02851785136,-0.5502609772,-0.3689700848
772,25733333333,0,0,1.049916482,-0.490736278,0.8929429752,0.7489415749,-0.02860182855,-0.5499703378,-0.3685119813
773,25766666667,0,0,1.054890736,-0.4926328404,0.8961653581,0.7486151431,-0.02934930054,-0.5507832623,-0.3679018674
774,25800000000,0,0,1.058765387,-0.495076517,0.8999154492,0.7481737136,-0.03054916649,-0.5517358238,-0.3672743163
775,25833333333,0,0,1.062529528,-0.4975816467,0.9043718087,0.7476408616,-0.03048981094,-0.5525432379,-0.367150492
776,25866666667,0,1,1.06649986,-0.5000739553,0.9082345116,0.7476860936,-0.02877493862,-0.5523771419,-0.3674465967
777,25900000000,0,0,1.07125226,-0.5021054065,0.9116988691,0.7486213486,-0.02730503615,-0.551553099,-0.3668919329
778,25933333333,0,0,1.075510541,-0.5041818288,0.9148236355,0.7499898589,-0.02664037813,-0.5501626572,-0.3662329209
779,25966666667,0,0,1.079512088,-0.5064840831,0.9174296776,0.7509729512,-0.0259937923,-0.5490683424,-0.3659069618
780,26000000000,0,0,1.083460084,-0.5085292034,0.9202114069,0.7513008416,-0.02555819601,-0.5487732229,-0.3657072242
781,26033333333,0,0,1.087596338,-0.5104639354,0.9224628,0.7515415133,-0.02584947637,-0.5489067088,-0.36499121
782,26066666667,0,0,1.091741007,-0.512095539,0.9254006172,0.7514795538,-0.02628131492,-0.5496190685,-0.3640146321
783,26100000000,0,0,1.094535997,-0.5141389382,0.9299492854,0.7512103957,-0.0263355487,-0.5503073184,-0.3635261139
784,26133333333,0,0,1.097932167,-0.5154298366,0.9348451718,0.7517288428,-0.02535498038,-0.550428007,-0.3623394553
785,26166666667,0,1,1.102553643,-0.5177209436,0.9383157186,0.7528610528,-0.02483428061,-0.549280726,-0.3617653629
786,26200000000,0,0,1.105577777,-0.5194016374,0.9416736609,0.753888758,-0.02490423889,-0.547645732,-0.3620989806
787,26233333333,0,0,1.107078671,-0.5219839995,0.9444972028,0.7546598088,-0.02460109998,-0.5462448739,-0.3626291447
788,26266666667,0,0,1.109805303,-0.5236968423,0.9450998915,0.7555512406,-0.02357761148,-0.5452645826,-0.3623160968
789,26300000000,0,0,1.112363845,-0.5248443132,0.946477039,0.7555087069,-0.02271849025,-0.5453189379,-0.362377869
790,26333333333,0,0,1.114358243,-0.5263986879,0.9479068905,0.7551116026,-0.02181000006,-0.5459648935,-0.3622887336
791,26366666667,0,0,1.11623771,-0.5274897849,0.949371124,0.7551002201,-0.0212777702,-0.5467355967,-0.3611801509
792,26400000000,0,0,1.118495741,-0.5291742264,0.9499052181,0.755267592,-0.02125652402,-0.5477110187,-0.3593489455
793,26433333333,0,0,1.121124433,-0.5296919563,0.9509668846,0.7550552994,-0.02136862431,-0.5489575944,-0.3578832718
794,26466666667,0,0,1.123382349,-0.5301075585,0.9523122899,0.7547908936,-0.02187153211,-0.5501343884,-0.3566013148
795,26500000000,0,0,1.125621904,-0.5297199724,0.954248098,0.7544149739,-0.02227920148,-0.5510983177,-0.3558824646
796,26533333333,0,0,1.12694008,-0.5304477148,0.9572506772,0.7537975136,-0.02277614239,-0.5517324591,-0.356176711
797,26566666667,0,0,1.129066026,-0.5299556593,0.9590683147,0.7539980407,-0.02269418567,-0.5513006946,-0.3564259709
798,26600000000,0,0,1.131081344,-0.530091338,0.9604454915,0.7544324122,-0.02387146346,-0.5502341341,-0.3570774234
799,26633333333,0,0,1.132243026,-0.5299003924,0.9625725339,0.7547787975,-0.02559984693,-0.549324886,-0.357625201
800,26666666667,0,0,1.132888237,-0.5304230487,0.9647701556,0.7548048137,-0.02767984834,-0.5487328185,-0.3583236151
801,26700000000,0,0,1.133529687,-0.5304855103,0.9670222169,0.75458221,-0.02872347183,-0.5483977685,-0.359222129
802,26733333333,0,0,1.133397295,-0.5318904012,0.969350351,0.7540654149,-0.029592606,-0.5482259571,-0.3604967789
803,26766666667,0,0,1.133923672,-0.5327436678,0.9707464952,0.754037175,-0.02967053411,-0.5480487919,-0.3608186799
804,26800000000,0,0,1.134810925,-0.5333322881,0.9712167721,0.7539693338,-0.02962728757,-0.5478452837,-0.3612727675
805,26833333333,0,1,1.133802372,-0.5346436208,0.9725683896,0.7532811078,-0.02945875994,-0.5483021223,-0.3620283645
806,26866666667,0,0,1.134392511,-0.535754604,0.9731255017,0.7531916883,-0.02889981217,-0.5485151828,-0.3619367013
807,26900000000,0,0,1.134970896,-0.5369950713,0.9741095872,0.7531398424,-0.02847707311,-0.5489425927,-0.3614297498
808,26933333333,0,0,1.135551461,-0.5379136772,0.9745260315,0.7530629166,-0.0273887147,-0.5492887225,-0.3611481708
809,26966666667,0,0,1.136506915,-0.5389730356,0.975238312,0.7527859461,-0.02586796422,-0.5496926872,-0.3612230855
810,27000000000,0,0,1.136938918,-0.5401684805,0.9757650195,0.7529926983,-0.02504144829,-0.5496440277,-0.3609243203
811,27033333333,0,0,1.137819216,-0.5412664131,0.9764938942,0.7533434483,-0.02459754733,-0.5496234222,-0.3602536652
812,27066666667,0,0,1.13810434,-0.5428723049,0.9772378984,0.7531948457,-0.0238569895,-0.5497412731,-0.3604343229
813,27100000000,0,0,1.138562762,-0.5442671144,0.97843909,0.7528025616,-0.02256634403,-0.5500125685,-0.3609227589
814,27133333333,0,0,1.139490831,-0.5455975759,0.9790750313,0.7530248734,-0.0219111241,-0.5498098005,-0.3608082952
815,27166666667,0,0,1.140326541,-0.5467026612,0.9797315441,0.7531076575,-0.021196659,-0.5497403435,-0.3607840248
816,27200000000,0,0,1.141016521,-0.5473445532,0.9810697046,0.7530610231,-0.02014610562,-0.5495097288,-0.361292524
817,27233333333,0,0,1.140756977,-0.5486958595,0.9832845116,0.7528013375,-0.01914005674,-0.549009218,-0.3626467745
818,27266666667,0,0,1.139719199,-0.5506890289,0.985141536,0.7529160532,-0.0176061238,-0.5483724509,-0.363448891
819,27300000000,0,0,1.140876151,-0.5521046068,0.9844711597,0.7538430801,-0.01645620899,-0.5474695705,-0.3629419693
820,27333333333,0,0,1.140750273,-0.5530850491,0.9855479198,0.7545337044,-0.01762178572,-0.5469200597,-0.3622800158
821,27366666667,0,0,1.139785943,-0.5544548571,0.9866079776,0.7551708754,-0.01937827448,-0.5466391523,-0.3612853007
822,27400000000,0,0,1.138337851,-0.5558146157,0.9884133486,0.755408387,-0.02041000463,-0.5465863381,-0.3608115512
823,27433333333,0,0,1.137426001,-0.5574039195,0.9894608784,0.7556798326,-0.02042220712,-0.5463765968,-0.3605600346
824,27466666667,0,0,1.136787341,-0.5579076033,0.9899574196,0.7561828158,-0.02028659655,-0.5458538737,-0.3603048039
825,27500000000,0,1,1.13453212,-0.5593828456,0.9928554668,0.7558475246,-0.02035458182,-0.5463879957,-0.3601949037
826,27533333333,0,0,1.133772219,-0.5601065889,0.9935524023,0.7561839887,-0.02022580132,-0.5460148536,-0.360061761
827,27566666667,0,0,1.132058945,-0.5612530943,0.9949695864,0.7570282328,-0.02133289639,-0.5454090695,-0.3591407929
828,27600000000,0,0,1.130504231,-0.5622319015,0.9963529428,0.7578618934,-0.02198085433,-0.5445151969,-0.3586995858
829,27633333333,0,0,1.128126812,-0.5633900911,0.9979551604,0.7583963418,-0.02187516574,-0.5436005669,-0.3589636325
830,27666666667,0,0,1.126590284,-0.5640636244,0.9987495008,0.7589681046,-0.02138462705,-0.5425703898,-0.3593431314
831,27700000000,0,0,1.123931222,-0.5647251252,0.9997220247,0.7595187593,-0.02115484242,-0.541560002,-0.3597172378
832,27733333333,0,0,1.121397484,-0.5653749826,1.000277437,0.75992012,-0.02101710035,-0.5408842781,-0.3598942767
833,27766666667,0,0,1.118468777,-0.5662201183,1.001311526,0.7601723612,-0.02088856241,-0.5404189111,-0.3600681182
834,27800000000,0,0,1.115985397,-0.5672468619,1.00203991,0.7606647272,-0.02087113433,-0.5398847509,-0.3598305493
835,27833333333,0,0,1.113527452,-0.5679575217,1.00258595,0.761392608,-0.0214404701,-0.5391271037,-0.3593933343
836,27866666667,0,0,1.110549443,-0.5686851224,1.003617159,0.7624054384,-0.02188048748,-0.5378324455,-0.359159369
837,27900000000,0,0,1.107012489,-0.5704720619,1.004895854,0.7637548129,-0.02227478346,-0.5362093252,-0.3586948275
838,27933333333,0,0,1.103204295,-0.5721234575,1.00505905,0.7650961557,-0.02222382863,-0.5346831724,-0.3581171304
839,27966666667,0,0,1.099771009,-0.573531322,1.004659423,0.765492641,-0.02060882407,-0.5341216501,-0.3582043492
840,28000000000,0,0,1.096478479,-0.5751291211,1.004130429,0.7650461587,-0.01807354361,-0.534042444,-0.3594111713
841,28033333333,0,0,1.093230047,-0.577013038,1.004359182,0.7648132621,-0.01627730252,-0.5341752004,-0.3597951901
842,28066666667,0,1,1.090582983,-0.5790734436,1.003288044,0.765991773,-0.01586494638,-0.5335712844,-0.358199095
843,28100000000,0,0,1.086813998,-0.5806279097,1.003285006,0.7671987447,-0.01558570729,-0.5331300703,-0.3562800865
844,28133333333,0,0,1.0826245,-0.582390789,1.003564417,0.7681811628,-0.01464521298,-0.5325869473,-0.3550131864
845,28166666667,0,0,1.078598914,-0.5840125503,1.002583431,0.7692850343,-0.01340581861,-0.5318561355,-0.3537652768
846,28200000000,0,0,1.074629639,-0.5851734936,1.001336697,0.7696482625,-0.01259114515,-0.5320265508,-0.3527474513
847,28233333333,0,0,1.070928311,-0.5861172078,1.000212148,0.7689629359,-0.01218085249,-0.5331342138,-0.3525840893
848,28266666667,0,0,1.066484047,-0.5869486205,0.999699812,0.7676122525,-0.01215904114,-0.5348851054,-0.3528760569
849,28300000000,0,0,1.062316931,-0.5879921455,1.000073158,0.7661172205,-0.0114087717,-0.5368009591,-0.3532406753
850,28333333333,0,0,1.058638979,-0.5889529375,0.9995405393,0.7655275554,-0.01076387476,-0.5377203696,-0.3531409139
851,28366666667,0,0,1.055381825,-0.5896088129,0.9987447784,0.7654467903,-0.0108724947,-0.5382628235,-0.3524856491
852,28400000000,0,0,1.051109143,-0.5907191209,0.9982327735,0.765176574,-0.0108453406,-0.5389134526,-0.3520787976
853,28433333333,0,0,1.047561597,-0.5914517178,0.9974306939,0.764476915,-0.01008205088,-0.5401369151,-0.3517463739
854,28466666667,0,0,1.044476122,-0.5926078039,0.9973686884,0.7633988235,-0.008846543868,-0.5418322377,-0.351513586
855,28500000000,0,0,1.042297564,-0.5931584873,0.9970958118,0.7629116307,-0.007189439975,-0.5429813397,-0.350835318
856,28533333333,0,0,1.039239589,-0.5945088946,0.996313489,0.7624971038,-0.006022315362,-0.544005019,-0.3501720117
857,28566666667,0,0,1.037479601,-0.5954760594,0.9952356372,0.7618477572,-0.004282730379,-0.5452111354,-0.349734858
858,28600000000,0,1,1.03539937,-0.5971549461,0.9948463235,0.7605974321,-0.004234034797,-0.5468886504,-0.34983771
859,28633333333,0,0,1.033611803,-0.598573037,0.9941785544,0.7594378129,-0.004351778937,-0.5485044171,-0.3498259207
860,28666666667,0,0,1.03134406,-0.6004097572,0.9938452923,0.7578655001,-0.004077919093,-0.5502946649,-0.350426934
861,28700000000,0,0,1.029255274,-0.6025087149,0.993736298,0.7559256413,-0.002926224519,-0.5520756134,-0.3518243583
862,28733333333,0,0,1.027193296,-0.6044806843,0.993082765,0.7541004943,-0.0007540456047,-0.5537785724,-0.3530738855
863,28766666667,0,0,1.025925497,-0.6060033626,0.9927864211,0.7522088239,0.0007970852863,-0.5556701419,-0.3541354871
864,28800000000,0,0,1.024039586,-0.6081557782,0.9926741565,0.750589981,0.001065693772,-0.5576373573,-0.3544772525
865,28833333333,0,1,1.023208395,-0.6083846767,0.9899546428,0.7490023966,-0.0006198994278,-0.5602027088,-0.353790829
866,28866666667,0,0,1.022448604,-0.6091444636,0.9885041362,0.745100227,-0.004723810277,-0.5647608141,-0.3547514063
867,28900000000,0,0,1.020621689,-0.6113399237,0.990832414,0.7397636176,-0.00933800334,-0.5698266191,-0.3577152721
868,28933333333,0,0,1.017127185,-0.6142055764,0.9936973575,0.7357247288,-0.01212121511,-0.5734841504,-0.360108496
869,28966666667,0,0,1.015210472,-0.6168627333,0.9944187595,0.7329357976,-0.01282884247,-0.5761135052,-0.3615712469
870,29000000000,0,0,1.014253504,-0.6190857115,0.9953112075,0.7297164921,-0.01294751072,-0.5784318676,-0.3643662685
871,29033333333,0,0,1.010492481,-0.6230276163,0.9963317212,0.7269837094,-0.01325776771,-0.5801088219,-0.3671412161
872,29066666667,0,0,1.009582347,-0.6249905418,0.9960291154,0.7245563318,-0.01114058557,-0.5821646432,-0.368752407
873,29100000000,0,0,1.007699697,-0.6277053838,0.9972082731,0.7213836332,-0.009453625141,-0.5841437517,-0.3718768076
874,29133333333,0,0,1.004622027,-0.6318029362,0.9970319077,0.7187637401,-0.006949476953,-0.5855899161,-0.3747196831
875,29166666667,0,0,1.003650082,-0.635502978,0.9966381453,0.7160006906,-0.002235442312,-0.587567803,-0.3769643096
876,29200000000,0,0,1.003241162,-0.6385393467,0.9967917245,0.7136034902,0.002983263862,-0.589238903,-0.3788913751
877,29233333333,0,0,1.002761786,-0.6409846224,0.9955938116,0.7121914092,0.006719610018,-0.5900429565,-0.3802467
878,29266666667,0,1,1.001412126,-0.6443457879,0.9925747518,0.7107354231,0.009599271981,-0.5903959993,-0.3823553013
879,29300000000,0,0,1.000081017,-0.6473809939,0.9922695465,0.7089106237,0.01194535889,-0.5921972359,-0.3828909372
880,29333333333,0,0,0.9993478577,-0.6496795169,0.9921195044,0.7073128866,0.01400174633,-0.594118986,-0.3827989838
881,29366666667,0,0,0.997772437,-0.6528613996,0.9926017001,0.7056991945,0.01561551484,-0.5962105631,-0.3824627655
882,29400000000,0,0,0.9968420311,-0.6551605528,0.9924586395,0.7044075133,0.01852756113,-0.5978275338,-0.3821897755
883,29433333333,0,0,0.9959737276,-0.6582214542,0.9930822604,0.7031807318,0.02073698633,-0.5991627776,-0.3822444266
884,29466666667,0,0,0.9944838054,-0.6615229064,0.9932823078,0.7030179653,0.02337215579,-0.5997838736,-0.3814168163
885,29500000000,0,0,0.9937133101,-0.6638346024,0.9936514862,0.7037810355,0.02632900065,-0.5997936017,-0.3797982007
886,29533333333,0,0,0.9929285579,-0.6660514435,0.9927327663,0.7048512442,0.02820139548,-0.599592696,-0.3779920684
887,29566666667,0,0,0.9920878788,-0.6678128353,0.991627892,0.7052802329,0.02956951924,-0.6004308449,-0.3757502323
888,29600000000,0,0,0.9924237554,-0.6695556895,0.9908798958,0.7042630485,0.03029389186,-0.6020223646,-0.3750532111
889,29633333333,0,0,0.9919642101,-0.6718031366,0.9912295844,0.7030855839,0.03021748566,-0.6036570477,-0.3746408067
890,29666666667,0,0,0.991964958,-0.6734953298,0.9913098584,0.7023525272,0.02987299997,-0.6047070474,-0.3743499942
891,29700000000,0,1,0.9916674868,-0.6754842311,0.9896193409,0.7016606145,0.02970937345,-0.6048257246,-0.3754671465
892,29733333333,0,0,0.9922667726,-0.6767725949,0.9901651858,0.7010521129,0.02974401168,-0.6051669419,-0.376050796
893,29766666667,0,0,0.9928867882,-0.6775175128,0.9904207876,0.701210541,0.02890278623,-0.6038860883,-0.377875639
894,29800000000,0,0,0.9907166019,-0.6792034733,0.9892684837,0.7014661816,0.02622908338,-0.6022712089,-0.3801665716
895,29833333333,0,0,0.9881519049,-0.6817174085,0.9873486436,0.7007049689,0.02483242282,-0.6026032249,-0.3811367874
896,29866666667,0,0,0.988527747,-0.6828303693,0.987630481,0.6986523373,0.02514541184,-0.6044233134,-0.382001411
897,29900000000,0,0,0.9871132006,-0.6849436648,0.9881139367,0.697343088,0.02454220909,-0.6051464893,-0.3832858256
898,29933333333,0,0,0.9848661397,-0.6880790999,0.9870402097,0.6972314355,0.02452854922,-0.6057161874,-0.3825893045
899,29966666667,0,0,0.9847520059,-0.6901604511,0.9864003497,0.697463384,0.02543579533,-0.6065143205,-0.3808388469
900,30000000000,0,0,0.9836879856,-0.6928682591,0.9863258226,0.6978455452,0.02644511217,-0.6069959751,-0.3792995352
901,30033333333,0,0,0.9833472117,-0.6947941433,0.9854972173,0.6989498773,0.02768343416,-0.6071089763,-0.3769899036
902,30066666667,0,0,0.9828987121,-0.6968191197,0.9847260892,0.6997364858,0.02842828362,-0.6074729285,-0.3748830809
903,30100000000,0,1,0.9822203335,-0.6997105703,0.9853103612,0.6995414463,0.02987251103,-0.6081237204,-0.3740787867
904,30133333333,0,0,0.9813464035,-0.7025944098,0.9844185688,0.7001604865,0.03180094647,-0.6078808849,-0.3731552261
905,30166666667,0,0,0.981025145,-0.7041582532,0.983962354,0.7011394418,0.03433827776,-0.6077029679,-0.3713777978
906,30200000000,0,0,0.9811490369,-0.705749288,0.9832221046,0.7019197686,0.03643952739,-0.6073966353,-0.3702028183
907,30233333333,0,0,0.9806203115,-0.7076582628,0.9823161911,0.7025784973,0.03789487176,-0.6072202994,-0.36909476
908,30266666667,0,0,0.9799799429,-0.7092469664,0.9816853055,0.7030473087,0.0392827828,-0.6073200774,-0.3678908374
909,30300000000,0,0,0.980039796,-0.7104946965,0.9809703887,0.7032018543,0.04047187797,-0.6078529276,-0.3665842299
910,30333333333,0,0,0.9803213157,-0.7114159617,0.9805588818,0.7031544416,0.04078257455,-0.6086906467,-0.3652482848
911,30366666667,0,0,0.9798776284,-0.7119705482,0.9799254504,0.7030869303,0.04022723659,-0.6098782893,-0.3634542751
912,30400000000,0,0,0.9795887197,-0.712766516,0.9793688147,0.7022300779,0.03865717155,-0.6120036053,-0.3617044759
913,30433333333,0,0,0.9803733076,-0.7136397029,0.9796126434,0.7002096871,0.03681893217,-0.6150080396,-0.3607157767
914,30466666667,0,0,0.979500828,-0.7160687561,0.9805386061,0.6981112777,0.03472990402,-0.6176799461,-0.3604246966
915,30500000000,0,0,0.9797809085,-0.71892466,0.9815561209,0.6968374093,0.03468911263,-0.6197615959,-0.3593185979
916,30533333333,0,0,0.9806214676,-0.7206180485,0.983090986,0.6965272382,0.0358243586,-0.6205291011,-0.3584829933
917,30566666667,0,0,0.9808235545,-0.7227901155,0.9843168723,0.6969834917,0.03723438485,-0.6203428547,-0.3577741683
918,30600000000,0,0,0.9814202844,-0.7245721452,0.9850479179,0.6983504057,0.03864206366,-0.6199903993,-0.3555635056
919,30633333333,0,0,0.983285144,-0.7246779332,0.9859198558,0.6992422739,0.04011013605,-0.6200199044,-0.3535912013
920,30666666667,0,0,0.9842110393,-0.7267218497,0.9870947652,0.6992506576,0.04002483155,-0.6202698812,-0.3531455864
921,30700000000,0,1,0.9861654793,-0.7289670108,0.9880525711,0.6994220196,0.04078772034,-0.6203693365,-0.3525437373
922,30733333333,0,0,0.9882143549,-0.7297057039,0.9903803438,0.6997129287,0.0417868538,-0.6203255446,-0.3519259794
923,30766666667,0,0,0.9890598184,-0.7317886786,0.9930371197,0.700094872,0.04264651676,-0.6196271028,-0.3522934832
924,30800000000,0,0,0.9907464237,-0.7337118917,0.9943826234,0.7009459916,0.04493549093,-0.6182655669,-0.3527083885
925,30833333333,0,0,0.9930242106,-0.7347245878,0.9963826551,0.7019138443,0.0471843764,-0.6171665476,-0.3524145888
926,30866666667,0,0,0.9948469609,-0.7363642807,0.9985982522,0.7031630695,0.04790284258,-0.6160494796,-0.3517812588
927,30900000000,0,0,0.996387458,-0.7379784744,1.000457554,0.704026663,0.0490320995,-0.6153647773,-0.3510961433
928,30933333333,0,0,0.9997406397,-0.7384378742,1.002772055,0.7045352841,0.05029168641,-0.6151611974,-0.3502534525
929,30966666667,0,0,1.001830932,-0.7395164016,1.0057387,0.7050083659,0.0500746225,-0.6149323488,-0.3497341028
930,31000000000,0,0,1.004074356,-0.7411782929,1.008791431,0.705679094,0.0498886175,-0.614644065,-0.3489137651
931,31033333333,0,0,1.006800173,-0.7422939463,1.01212489,0.7062524523,0.05022668349,-0.6142670796,-0.3483686393
932,31066666667,0,0,1.009638775,-0.7442303283,1.015974444,0.7067507804,0.05100180852,-0.6133626152,-0.3488387195
933,31100000000,0,0,1.012446232,-0.7455863151,1.019337546,0.7077460544,0.05286620917,-0.6115458544,-0.349731832
934,31133333333,0,0,1.015745613,-0.7463585493,1.022373652,0.7095868531,0.0546488595,-0.6090142976,-0.3501450919
935,31166666667,0,0,1.018307139,-0.7464751959,1.024604354,0.7118828843,0.05566200871,-0.6061103237,-0.3503637758
936,31200000000,0,0,1.021867988,-0.745931102,1.026957563,0.71345628,0.05507409898,-0.604510987,-0.3500192092
937,31233333333,0,1,1.025061814,-0.7459702891,1.029960172,0.7138796185,0.05295248939,-0.6037672914,-0.3507662783
938,31266666667,0,0,1.028046351,-0.746042208,1.033272988,0.7139909131,0.05116109367,-0.6028922956,-0.3523072501
939,31300000000,0,0,1.031325033,-0.7454435393,1.037148091,0.7140617053,0.04906198971,-0.601708226,-0.354479919
940,31333333333,0,0,1.033367448,-0.7459877888,1.040642361,0.7142169712,0.0472878944,-0.600163649,-0.357017601
941,31366666667,0,0,1.0364196,-0.7460091847,1.043979104,0.7145807293,0.04614155638,-0.5985311891,-0.3591737098
942,31400000000,0,0,1.037983998,-0.7462414342,1.048044689,0.7154413256,0.04535738506,-0.5966275382,-0.3607242684
943,31433333333,0,0,1.040222188,-0.7463067938,1.051678223,0.7172243333,0.04551964959,-0.5943275391,-0.3609598224
944,31466666667,0,0,1.04251245,-0.7465036538,1.05503156,0.7197888212,0.04645796175,-0.5913564333,-0.3606151403
945,31500000000,0,0,1.045644595,-0.7461400376,1.057224804,0.7232260943,0.04796296295,-0.5880129313,-0.3590046842
946,31533333333,0,0,1.049017008,-0.7448161232,1.059072056,0.7266239561,0.04885270943,-0.5850269518,-0.3568956498
947,31566666667,0,0,1.053166053,-0.7424850024,1.059798317,0.7294634764,0.04896171375,-0.58257893,-0.3550881264
948,31600000000,0,0,1.057509554,-0.7399684972,1.059487902,0.7309788845,0.04690255047,-0.5815630474,-0.3539130446
949,31633333333,0,1,1.061407551,-0.7368367668,1.061923745,0.7308178211,0.04332682384,-0.5823640678,-0.3533839148
950,31666666667,0,0,1.064794983,-0.7363505309,1.063332197,0.7306056896,0.03891901735,-0.5820789825,-0.3548023317
951,31700000000,0,0,1.068053242,-0.7359332086,1.064839864,0.7312050218,0.03577864998,-0.5811304369,-0.3554525561
952,31733333333,0,0,1.070836082,-0.7348425624,1.066283616,0.7326367167,0.03327320491,-0.5792966423,-0.3557411073
953,31766666667,0,0,1.074411978,-0.7336472563,1.067182151,0.734699383,0.03164246517,-0.5768533731,-0.3556061822
954,31800000000,0,0,1.077432167,-0.7324574055,1.068147227,0.7371741229,0.02967303093,-0.5740004615,-0.3552707332
955,31833333333,0,0,1.08022361,-0.7314121386,1.068398361,0.7399817036,0.02876349229,-0.5707097287,-0.3548100132
956,31866666667,0,0,1.084275458,-0.7295825806,1.068109158,0.7424532284,0.0287412978,-0.56808131,-0.3538654642
957,31900000000,0,0,1.087746185,-0.727877555,1.068215669,0.7444622485,0.02743178046,-0.5658950013,-0.3532510517
958,31933333333,0,0,1.091210027,-0.7266214237,1.06802125,0.7469574066,0.02519612607,-0.5640660369,-0.3510687881
959,31966666667,0,0,1.094852464,-0.7249412617,1.067436054,0.7497473713,0.02198361254,-0.5621846502,-0.3483446843
960,32000000000,0,0,1.098712042,-0.7231579697,1.067463059,0.752070035,0.01864508067,-0.5607876732,-0.3457747952
961,32033333333,0,0,1.101832653,-0.7214472875,1.066820215,0.7541125881,0.01558792394,-0.5591318381,-0.3441552102
962,32066666667,0,0,1.105905544,-0.7193533055,1.06707218,0.7557536592,0.01311071024,-0.5577538174,-0.3428923959
963,32100000000,0,1,1.109923151,-0.7176947839,1.067031189,0.7574698187,0.01080800092,-0.5557920473,-0.3423709405
964,32133333333,0,0,1.113270453,-0.7159880964,1.06715126,0.7591229372,0.007106820337,-0.5540775468,-0.3415844425
965,32166666667,0,0,1.115859225,-0.7143559867,1.067706035,0.7609515353,0.003172845652,-0.5523988003,-0.340291433
966,32200000000,0,0,1.119843996,-0.7121874186,1.068161427,0.7629306681,-0.001091296181,-0.5508519433,-0.3383751488
967,32233333333,0,0,1.12243321,-0.7109694739,1.06928305,0.7642194026,-0.005742229261,-0.5492100391,-0.3380888411
968,32266666667,0,0,1.125631369,-0.7099903672,1.070555906,0.766047546,-0.009684274358,-0.5473605956,-0.3368586506
969,32300000000,0,0,1.128541312,-0.709045988,1.071304555,0.767839114,-0.01370972239,-0.5454161919,-0.3357920727
970,32333333333,0,0,1.131213204,-0.7089999505,1.072974913,0.7692488941,-0.01616845207,-0.5435419331,-0.3354949881
971,32366666667,0,1,1.134135234,-0.708695776,1.074516582,0.7713937609,-0.01627177291,-0.5411025446,-0.3345069974
972,32400000000,0,0,1.137923852,-0.7082830162,1.076556242,0.7739029304,-0.01635089582,-0.5384656029,-0.3329590022
973,32433333333,0,0,1.141734585,-0.7082175682,1.078327975,0.7761296164,-0.0173599981,-0.5356129689,-0.3323254378
974,32466666667,0,0,1.144124763,-0.7089009648,1.080357396,0.7776111073,-0.01771993098,-0.5332723108,-0.3326072945
975,32500000000,0,0,1.146998269,-0.7096553499,1.083018201,0.778693415,-0.01692958281,-0.5315749444,-0.3328333415
976,32533333333,0,0,1.150660343,-0.7109329085,1.085241898,0.780271985,-0.01687687839,-0.5299565855,-0.3317179795
977,32566666667,0,0,1.153549996,-0.7123518918,1.087492458,0.78143487,-0.01710118458,-0.5290382039,-0.3304325532
978,32600000000,0,0,1.157885851,-0.7134639772,1.090245607,0.7813697943,-0.01629527251,-0.5293153915,-0.3301831687
979,32633333333,0,0,1.160441692,-0.7150877083,1.092753621,0.7804118578,-0.01517933721,-0.5298099883,-0.3317051346
980,32666666667,0,0,1.164512778,-0.716297253,1.095818844,0.7792351895,-0.01388735853,-0.5312317019,-0.3322537279
981,32700000000,0,0,1.168142802,-0.7175548456,1.099166823,0.7779051908,-0.01358276041,-0.5324648248,-0.3334070082
982,32733333333,0,0,1.172690138,-0.7188823662,1.103182997,0.7760565553,-0.01351148284,-0.5337277924,-0.3356907898
983,32766666667,0,1,1.174443305,-0.7200747562,1.109203358,0.773523565,-0.01335425661,-0.5352263407,-0.3391396798
984,32800000000,0,0,1.177334038,-0.7212831853,1.113158076,0.7721284117,-0.01392887423,-0.5352455551,-0.3422512208
985,32833333333,0,0,1.179422966,-0.7228295151,1.116945283,0.7699346308,-0.01450748011,-0.5358257321,-0.3462383314
986,32866666667,0,0,1.181735577,-0.7243842561,1.121154316,0.766932031,-0.01469550985,-0.5372778251,-0.3506163723
987,32900000000,0,0,1.183832289,-0.7262926419,1.124848145,0.7640538629,-0.01572552704,-0.5389432574,-0.3542803517
988,32933333333,0,0,1.186861676,-0.7281233435,1.128523288,0.7605724272,-0.01607724302,-0.5411369217,-0.3583879704
989,32966666667,0,0,1.189211302,-0.7302048757,1.132941833,0.7565408718,-0.01577494444,-0.5433469012,-0.3635535797
990,33000000000,0,0,1.191669477,-0.7318740685,1.137801645,0.7535193258,-0.01509266805,-0.5448297073,-0.3676158689
991,33033333333,0,0,1.194535513,-0.7340356248,1.142352273,0.7514142519,-0.01477233523,-0.5454807936,-0.3709570109
992,33066666667,0,0,1.197457213,-0.7356422768,1.146564295,0.7496252743,-0.01485136376,-0.5460455456,-0.3737320528
993,33100000000,0,1,1.199312517,-0.7353009542,1.151597843,0.7472620651,-0.01476817892,-0.5475281486,-0.376290092
994,33133333333,0,0,1.202022158,-0.7370409831,1.156233767,0.7448343944,-0.01591017018,-0.548903094,-0.3790435131
995,33166666667,0,0,1.203540361,-0.7384640699,1.16149658,0.743291395,-0.01810463638,-0.5498174529,-0.3806453636
996,33200000000,0,0,1.206083166,-0.7406921287,1.166344124,0.7425376874,-0.02097651946,-0.5503218586,-0.381239584
997,33233333333,0,0,1.207471819,-0.7418154205,1.170853059,0.7419841126,-0.02361784122,-0.5504629127,-0.3819585788
998,33266666667,0,0,1.209838993,-0.7429082724,1.174932718,0.7410237114,-0.02565078895,-0.5509197937,-0.383031692
999,33300000000,0,0,1.21179041,-0.743756795,1.179301066,0.7395206466,-0.02736377715,-0.5514953421,-0.384984837
1000,33333333333,0,0,1.21387831,-0.7447471393,1.183262522,0.7383429417,-0.02883892926,-0.5516796384,-0.3868689613
1001,33366666667,0,0,1.215401258,-0.7456200128,1.187341694,0.7373132181,-0.02989403123,-0.5515348492,-0.3889535646
1002,33400000000,0,0,1.216612682,-0.7459469538,1.19146236,0.7361584336,-0.03020405155,-0.5517513412,-0.390805493
1003,33433333333,0,1,1.21738592,-0.7463598115,1.194823623,0.7357164893,-0.03141569992,-0.5517130905,-0.3915954123
1004,33466666667,0,0,1.218529352,-0.7468650092,1.198274563,0.7362699857,-0.03412918342,-0.5517303976,-0.3903015184
1005,33500000000,0,0,1.220456707,-0.7469899566,1.201463665,0.7360031153,-0.03709386912,-0.5522025584,-0.3898663793
1006,33533333333,0,0,1.221547389,-0.7475831082,1.204814539,0.7357773187,-0.04050278116,-0.55248038,-0.3895596126
1007,33566666667,0,0,1.223003002,-0.7480306862,1.208529571,0.7357551894,-0.04381703117,-0.552253196,-0.3895648553
1008,33600000000,0,0,1.222307243,-0.7483131154,1.211957408,0.7360542772,-0.04541623103,-0.550960805,-0.3906451822
1009,33633333333,0,0,1.222125859,-0.7488218743,1.21526476,0.7366462313,-0.04484569881,-0.5494089141,-0.3917793236
1010,33666666667,0,0,1.22292501,-0.7496191403,1.217930333,0.7376044916,-0.04400989647,-0.5475589173,-0.3926601266
1011,33700000000,0,0,1.222428026,-0.7505813909,1.220307606,0.7390419412,-0.04358026264,-0.5458326283,-0.392408603
1012,33733333333,0,0,1.223224146,-0.7515685862,1.222617713,0.7399438527,-0.04401036225,-0.5452133592,-0.3915208498
1013,33766666667,0,0,1.223272464,-0.752795285,1.224762282,0.740144359,-0.04491332922,-0.5450243313,-0.3913024393
1014,33800000000,0,1,1.22251161,-0.7524279196,1.227752686,0.7401873524,-0.04531864687,-0.545511141,-0.3904951967
1015,33833333333,0,0,1.222430055,-0.7531800386,1.230297671,0.7404734299,-0.04521914471,-0.5454025449,-0.3901158706
1016,33866666667,0,0,1.222004317,-0.75395242,1.23348111,0.7414763943,-0.04473464221,-0.5445636027,-0.3894381223
1017,33900000000,0,0,1.221804378,-0.754967673,1.23621413,0.7434493247,-0.04469952716,-0.5429689752,-0.3879042998
1018,33933333333,0,0,1.221750594,-0.7554717035,1.238729311,0.7454678254,-0.04553892523,-0.541439445,-0.3860663866
1019,33966666667,0,0,1.221691891,-0.7560002526,1.241060256,0.7462107619,-0.04747925911,-0.5409967887,-0.3850164846
1020,34000000000,0,0,1.22043056,-0.7567766271,1.243510055,0.7457331617,-0.05000064714,-0.5411793747,-0.3853658927
1021,34033333333,0,0,1.218171172,-0.7577436879,1.24698135,0.7447557583,-0.05153525724,-0.5416720747,-0.3863603775
1022,34066666667,0,0,1.215508429,-0.7585547445,1.250366831,0.7446289804,-0.05166476361,-0.5417834802,-0.3864312286
1023,34100000000,0,0,1.214534583,-0.7603737409,1.253562231,0.7447221797,-0.05157647326,-0.5415932026,-0.3865301352
1024,34133333333,0,0,1.211974299,-0.7619381287,1.256346918,0.7446699331,-0.05059690544,-0.5410751466,-0.3874846185
1025,34166666667,0,0,1.210296315,-0.7633624337,1.258396745,0.7443572335,-0.04926256759,-0.5406653135,-0.3888271173
1026,34200000000,0,0,1.208473448,-0.7646656368,1.261015245,0.7436013865,-0.04855267233,-0.5405943477,-0.3904578943
1027,34233333333,0,0,1.205097815,-0.76591878,1.263248475,0.7428497539,-0.047537093,-0.5404962936,-0.3921456674
1028,34266666667,0,0,1.203568636,-0.7672447493,1.264972837,0.7417703452,-0.04698722279,-0.5408723576,-0.3937334743
1029,34300000000,0,1,1.202787699,-0.7695554567,1.265298257,0.7404740672,-0.04731797177,-0.5412841357,-0.3955637115
1030,34333333333,0,0,1.200263006,-0.7708883432,1.266906451,0.7394387239,-0.04833977672,-0.5416368295,-0.3968919054
1031,34366666667,0,0,1.197879106,-0.7723244935,1.268623792,0.7383047809,-0.04968330707,-0.5424070965,-0.3977840635
1032,34400000000,0,0,1.1960062,-0.7743174393,1.270386198,0.7365500259,-0.05142866212,-0.5434180811,-0.3994320233
1033,34433333333,0,0,1.192321205,-0.7752961678,1.272364497,0.7343734898,-0.05151392455,-0.5445178533,-0.4019231276
1034,34466666667,0,0,1.190747077,-0.7770314052,1.274438015,0.7320567242,-0.05024271406,-0.5457205075,-0.4046699272
1035,34500000000,0,0,1.186738767,-0.7780975989,1.276337767,0.7299923467,-0.04857951557,-0.5466143458,-0.4073867468
1036,34533333333,0,0,1.184829358,-0.7797838484,1.278023419,0.7284986603,-0.04709714369,-0.5479522125,-0.4084359605
1037,34566666667,0,0,1.182822222,-0.7809066854,1.280015347,0.727153863,-0.04656286881,-0.5497194034,-0.4085189545
1038,34600000000,0,0,1.181391803,-0.7831448149,1.282100441,0.725778911,-0.04667673742,-0.5513680898,-0.4087291084
1039,34633333333,0,0,1.178764613,-0.7849147025,1.284480212,0.7247269572,-0.04657990676,-0.5522993789,-0.4093489292
1040,34666666667,0,0,1.177313066,-0.7871620351,1.286880001,0.7236776233,-0.04604594807,-0.5529785318,-0.4103476716
1041,34700000000,0,0,1.175233791,-0.7884717115,1.28935394,0.7228271546,-0.04533972057,-0.5530722562,-0.4117964227
1042,34733333333,0,0,1.171898077,-0.7890037052,1.291701289,0.7227927959,-0.04473578961,-0.5529517499,-0.4120845128
1043,34766666667,0,0,1.169832121,-0.790185012,1.293518242,0.7227051567,-0.04487528887,-0.553505944,-0.4114785959
1044,34800000000,0,0,1.167906028,-0.7909473789,1.295181058,0.7218267019,-0.04564265049,-0.5550021619,-0.4109203829
1045,34833333333,0,0,1.167011534,-0.7923352555,1.297505115,0.7204217465,-0.04717536527,-0.5567670886,-0.4108252685
1046,34866666667,0,0,1.164914449,-0.7929735349,1.299618469,0.7197122799,-0.04861904661,-0.5578652486,-0.4104105102
1047,34900000000,0,0,1.163859071,-0.7944633894,1.301374777,0.7192788686,-0.05006654085,-0.5585102788,-0.4101189086
1048,34933333333,0,0,1.161909131,-0.7953439179,1.303181586,0.7185702199,-0.05022160817,-0.5588606625,-0.4108641977
1049,34966666667,0,1,1.161636147,-0.7953213326,1.30459256,0.717565722,-0.0487617702,-0.559557188,-0.4118464249
1050,35000000000,0,0,1.159539014,-0.7964114778,1.306216299,0.7173251705,-0.04869857414,-0.5600448833,-0.411609982
1051,35033333333,0,0,1.158467189,-0.7972911262,1.307918328,0.7170759004,-0.04983854762,-0.5610469767,-0.410541791
1052,35066666667,0,0,1.156859339,-0.797854251,1.309657927,0.7161832415,-0.05183044466,-0.5625361365,-0.4098149152
1053,35100000000,0,0,1.154560682,-0.7985602165,1.311044309,0.715190453,-0.05314030602,-0.564102725,-0.4092271246
1054,35133333333,0,0,1.153263215,-0.8000535281,1.312486329,0.7136523903,-0.0535657127,-0.5658911959,-0.4093875116
1055,35166666667,0,0,1.151436552,-0.8007698089,1.313921323,0.7118935469,-0.05317319302,-0.5675704709,-0.4101755111
1056,35200000000,0,0,1.150464077,-0.8020266377,1.315716024,0.7096915344,-0.05277133762,-0.5697935054,-0.4109604277
1057,35233333333,0,0,1.149713164,-0.8025664583,1.317405467,0.7069303213,-0.05291353353,-0.5723887998,-0.4120931213
1058,35266666667,0,0,1.14798675,-0.8034962504,1.319050245,0.703306019,-0.05323318083,-0.5753346138,-0.4141460543
1059,35300000000,0,0,1.146844056,-0.80475387,1.321197757,0.6991539564,-0.05349926049,-0.5787394325,-0.4163919351
1060,35333333333,0,0,1.145171539,-0.8059812904,1.323471852,0.6953508584,-0.05328410844,-0.5816135572,-0.4187763814
1061,35366666667,0,0,1.144322947,-0.8078425483,1.325873302,0.6924748814,-0.05324741398,-0.5839068479,-0.4203522862
1062,35400000000,0,0,1.143113962,-0.8098929564,1.328525217,0.6898940293,-0.05377307144,-0.5857318615,-0.4219868144
1063,35433333333,0,0,1.141729011,-0.8116523195,1.331299361,0.6871281556,-0.05397732921,-0.587698796,-0.4237351424
1064,35466666667,0,0,1.140737734,-0.8138150052,1.333916121,0.6837617854,-0.05395652888,-0.5899205679,-0.426089471
1065,35500000000,0,0,1.138260727,-0.8157352753,1.336824348,0.6798002028,-0.05264168509,-0.5924917833,-0.4290151791
1066,35533333333,0,0,1.137544487,-0.8184075958,1.339470692,0.6756628439,-0.05036297732,-0.5951768543,-0.4320969845
1067,35566666667,0,1,1.137131429,-0.8192372754,1.341624333,0.6728844919,-0.04782387866,-0.5972866732,-0.4338063706
1068,35600000000,0,0,1.136611519,-0.8220972093,1.34462285,0.6704082689,-0.04607067201,-0.5996774858,-0.4345309646
1069,35633333333,0,0,1.137085766,-0.8253703467,1.34788016,0.6674092517,-0.04578727276,-0.6025895099,-0.4351485941
1070,35666666667,0,0,1.137724295,-0.8292247523,1.351744458,0.6635465963,-0.04717273439,-0.6056750694,-0.4366215272
1071,35700000000,0,0,1.136262645,-0.832342377,1.355343084,0.6597299769,-0.04859554291,-0.6080307083,-0.4389686646
1072,35733333333,0,0,1.135694374,-0.8358044294,1.359383538,0.6558570003,-0.04778154077,-0.6101325519,-0.4419352765
1073,35766666667,0,0,1.135000677,-0.8394498614,1.363628092,0.6519864336,-0.04457194634,-0.6114634821,-0.4461383665
1074,35800000000,0,0,1.134900966,-0.842642253,1.367698236,0.6495983847,-0.04113075686,-0.6119632298,-0.4492562797
1075,35833333333,0,0,1.135370167,-0.8459128678,1.371883834,0.6483259118,-0.039720954,-0.6125571916,-0.4504103073
1076,35866666667,0,0,1.135838712,-0.8495291449,1.37632913,0.6462674319,-0.04024304471,-0.6138507892,-0.4515596443
1077,35900000000,0,0,1.136079386,-0.8526617949,1.380715051,0.6431533934,-0.04075796213,-0.615631357,-0.4535311823
1078,35933333333,0,1,1.136545164,-0.8545684348,1.382909301,0.6403752774,-0.04093506473,-0.6166455399,-0.456061512
1079,35966666667,0,0,1.136311071,-0.8575130404,1.387260059,0.6379905013,-0.04081024823,-0.6177181109,-0.4579595827
1080,36000000000,0,0,1.136883897,-0.8608886182,1.391602019,0.6359831803,-0.04024172004,-0.6183634067,-0.4599268372
1081,36033333333,0,0,1.137583056,-0.8635487573,1.395948566,0.6341117789,-0.03982903828,-0.6188730505,-0.4618571717
1082,36066666667,0,0,1.138377575,-0.866460239,1.39975679,0.6322236093,-0.04081457638,-0.6193886313,-0.463664967
1083,36100000000,0,0,1.138938663,-0.8684639643,1.404450289,0.6298165277,-0.04288906035,-0.6205081771,-0.4652539866
1084,36133333333,0,0,1.138900045,-0.8711933451,1.408465046,0.6269871455,-0.0443788694,-0.6216792321,-0.4673677007
1085,36166666667,0,0,1.138865883,-0.8735363721,1.412641481,0.6243731865,-0.04404943711,-0.6225191853,-0.4697740255
1086,36200000000,0,0,1.139226405,-0.8759998172,1.416519678,0.6229262706,-0.04259172608,-0.6225860851,-0.4717365503
1087,36233333333,0,0,1.139638945,-0.8782744344,1.420290243,0.6226027215,-0.04154179039,-0.6222534918,-0.472695169
1088,36266666667,0,1,1.14041337,-0.8793289335,1.424259009,0.6229353791,-0.04212104172,-0.6226646475,-0.4716630874
1089,36300000000,0,0,1.141402799,-0.8814737042,1.427882441,0.622092418,-0.04324405104,-0.6236596078,-0.4713593842
1090,36333333333,0,0,1.1422433,-0.8835882298,1.431509477,0.6207943524,-0.04451066393,-0.6246236992,-0.4716761677
1091,36366666667,0,0,1.142213884,-0.885322813,1.434684679,0.6199713306,-0.04518418365,-0.6253742052,-0.4717001613
1092,36400000000,0,0,1.14340335,-0.8874360817,1.438092351,0.6192589609,-0.04538446231,-0.6259665447,-0.4718309813
1093,36433333333,0,0,1.143689192,-0.8891757688,1.441068551,0.6185968447,-0.04540652572,-0.62628272,-0.4722776151
1094,36466666667,0,0,1.144224876,-0.8907915103,1.444063119,0.6181222753,-0.04594617412,-0.6266915723,-0.4723044306
1095,36500000000,0,0,1.14457097,-0.8921731776,1.446590616,0.6174483566,-0.04632631814,-0.6273526815,-0.4722711215
1096,36533333333,0,0,1.144644023,-0.8933545779,1.448632691,0.6163909079,-0.04631159719,-0.6282254239,-0.4724937051
1097,36566666667,0,0,1.145106669,-0.8947206229,1.45082233,0.6153786695,-0.04643889783,-0.6294349159,-0.4721908603
1098,36600000000,0,0,1.145631783,-0.8962945008,1.453133213,0.6143735521,-0.04708140291,-0.6307583818,-0.4716697402
1099,36633333333,0,0,1.145907986,-0.8978545473,1.45555637,0.6130730568,-0.04776562298,-0.6321123513,-0.4714804849
1100,36666666667,0,0,1.145508703,-0.8988521329,1.457246759,0.6122657797,-0.04806342608,-0.6328743492,-0.4714770198
1101,36700000000,0,0,1.145659578,-0.9005657378,1.459378132,0.6122650247,-0.04838127229,-0.6332411285,-0.4709527209
1102,36733333333,0,0,1.145084626,-0.9014586124,1.461179162,0.6132186785,-0.04896094262,-0.6328950305,-0.4701165374
1103,36766666667,0,0,1.144171327,-0.9024971342,1.46285765,0.6136140924,-0.04893426472,-0.6330010969,-0.4694601098
1104,36800000000,0,0,1.143771991,-0.9030333794,1.464180688,0.612877028,-0.0479245871,-0.6337790366,-0.4694774918
1105,36833333333,0,0,1.144053074,-0.9041793864,1.465840625,0.6117754904,-0.0472704567,-0.6351451045,-0.4691342554
1106,36866666667,0,0,1.143849301,-0.9059699332,1.467256071,0.6111754161,-0.04782353927,-0.6357526327,-0.469037429
1107,36900000000,0,0,1.142650136,-0.9069238199,1.469167289,0.6112651635,-0.04804489757,-0.6357318484,-0.468926012
1108,36933333333,0,1,1.141556387,-0.907673479,1.47036536,0.6114325362,-0.04812151549,-0.6354971342,-0.4690180869
1109,36966666667,0,0,1.140063498,-0.9083347284,1.471990994,0.6122160502,-0.04906982477,-0.6348565978,-0.4687651441
1110,37000000000,0,0,1.138788628,-0.9091743428,1.473420674,0.6128769646,-0.04950988368,-0.6343173135,-0.4685852575
1111,37033333333,0,0,1.13720973,-0.909365023,1.474677816,0.61305466,-0.0492142085,-0.6340256421,-0.4687786585
1112,37066666667,0,0,1.135900313,-0.9101344389,1.47575061,0.6130856132,-0.04868096907,-0.6337795177,-0.4691265469
1113,37100000000,0,0,1.134770741,-0.9106466486,1.476775953,0.613455651,-0.04811262145,-0.6336651511,-0.4688558587
1114,37133333333,0,0,1.134175921,-0.9112923336,1.477619956,0.6138676191,-0.04856438694,-0.633497363,-0.4684966784
1115,37166666667,0,0,1.133210606,-0.9117638461,1.478468653,0.6136713588,-0.04902178881,-0.6336978005,-0.4684350811
1116,37200000000,0,0,1.131836046,-0.9120434342,1.479354807,0.6128210013,-0.04894158693,-0.6340976931,-0.4690151992
1117,37233333333,0,0,1.130347858,-0.9127005128,1.480038439,0.612062981,-0.04790158396,-0.6342437833,-0.4699140016
1118,37266666667,0,0,1.128305306,-0.9128869124,1.480891454,0.6114979083,-0.04616198105,-0.6344568653,-0.4705357221
1119,37300000000,0,0,1.127517471,-0.9134496413,1.482035163,0.6110874349,-0.04474840776,-0.6350490018,-0.4704067305
1120,37333333333,0,0,1.126632158,-0.9140978211,1.483323816,0.6107582791,-0.04469360752,-0.6357296203,-0.4699198398
1121,37366666667,0,0,1.125535509,-0.9149017641,1.484194539,0.6104188868,-0.04542381259,-0.6361612061,-0.4697066954
1122,37400000000,0,0,1.124750684,-0.9159881834,1.485538472,0.6097011224,-0.04615867647,-0.6365009769,-0.4701068223
1123,37433333333,0,0,1.122953464,-0.9162587434,1.487076063,0.6090593225,-0.04665723744,-0.6364591209,-0.4709454654
1124,37466666667,0,0,1.121784683,-0.9174268873,1.488400439,0.6082136507,-0.04739873381,-0.6364009579,-0.4720416675
1125,37500000000,0,0,1.120143401,-0.917837713,1.489936598,0.6066775395,-0.04718588097,-0.6362899053,-0.4741845759
1126,37533333333,0,0,1.118957457,-0.918812126,1.491447317,0.6050558573,-0.04630655701,-0.6358772883,-0.4768890715
1127,37566666667,0,0,1.117260048,-0.9190719984,1.492930606,0.6042349429,-0.04568670483,-0.6352359904,-0.4788403652
1128,37600000000,0,1,1.115819552,-0.9191210119,1.493686994,0.6036122893,-0.04494583662,-0.6344965282,-0.4806726866
1129,37633333333,0,0,1.114710469,-0.9201589454,1.49580373,0.6028516438,-0.04450462196,-0.6341092633,-0.4821770176
1130,37666666667,0,0,1.112795253,-0.9206792299,1.497535157,0.6023659604,-0.04433540647,-0.6335232041,-0.4835679594
1131,37700000000,0,0,1.111986419,-0.92190151,1.49977917,0.6019747088,-0.04473303452,-0.6333931349,-0.4841885401
1132,37733333333,0,0,1.111060724,-0.9231786343,1.501589253,0.6011288359,-0.04583207667,-0.6333086074,-0.4852460728
1133,37766666667,0,0,1.11007558,-0.9241987304,1.50383485,0.5996179518,-0.0471521807,-0.6334142466,-0.4868484117
1134,37800000000,0,0,1.108614859,-0.9253106066,1.505505938,0.5976485021,-0.04740693744,-0.6332495608,-0.4894525963
1135,37833333333,0,0,1.107244775,-0.9260105152,1.507820282,0.5954896053,-0.04663163927,-0.6333432203,-0.4920304721
1136,37866666667,0,0,1.107845897,-0.9285448067,1.510811676,0.5926391473,-0.04688060211,-0.6338373386,-0.494804283
1137,37900000000,0,0,1.105480336,-0.9287246334,1.512791973,0.5898666823,-0.04734666953,-0.6335287165,-0.4984545671
1138,37933333333,0,0,1.103410962,-0.9294903858,1.515204769,0.5878496656,-0.0478755335,-0.6334012408,-0.5009426834
1139,37966666667,0,0,1.101938765,-0.9307781534,1.518042514,0.5866247662,-0.04878193023,-0.6334457912,-0.5022331496
1140,38000000000,0,0,1.099275862,-0.9316195223,1.520371167,0.5864857648,-0.04986782164,-0.6330155575,-0.5028309379
1141,38033333333,0,0,1.097523911,-0.93324793,1.523287426,0.586341749,-0.05030538168,-0.6332763521,-0.5026268833
1142,38066666667,0,1,1.095799863,-0.9349816039,1.524736311,0.585533975,-0.05011183608,-0.6332842678,-0.5035770093
1143,38100000000,0,0,1.09487215,-0.9376955463,1.527727432,0.5840348849,-0.04898647249,-0.6339198395,-0.5046277994
1144,38133333333,0,0,1.093877645,-0.9407962091,1.530900602,0.582674515,-0.0481012591,-0.6338754617,-0.5063384021
1145,38166666667,0,0,1.091251616,-0.9432325808,1.533724996,0.5822074162,-0.04593842965,-0.6327129483,-0.5085258207
1146,38200000000,0,0,1.090113479,-0.9456146656,1.536948496,0.5831696128,-0.04309919169,-0.6315109433,-0.5091655829
1147,38233333333,0,0,1.088262265,-0.947758274,1.53946396,0.5847986513,-0.0416913877,-0.6303246453,-0.5088842768
1148,38266666667,0,0,1.086974175,-0.9506360008,1.542539945,0.5851064194,-0.04176393488,-0.6305305767,-0.5082690661
1149,38300000000,0,0,1.084740069,-0.9532195947,1.545050917,0.5840383675,-0.04199264283,-0.6312546052,-0.5085798135
1150,38333333333,0,0,1.082962535,-0.9560675068,1.547072083,0.5828942425,-0.04085119801,-0.6319994505,-0.5090600911
1151,38366666667,0,0,1.080515556,-0.9584883561,1.549258111,0.5821225568,-0.03825347853,-0.6322956502,-0.5097766284
1152,38400000000,0,1,1.078629006,-0.9607775374,1.550668121,0.582678961,-0.03427352074,-0.6322367427,-0.5094970611
1153,38433333333,0,0,1.076376267,-0.9632398889,1.552733456,0.5833470837,-0.03064082891,-0.6324968552,-0.5086403914
1154,38466666667,0,0,1.075262944,-0.966129963,1.554947514,0.5839003644,-0.02866323075,-0.6336615998,-0.5066673076
1155,38500000000,0,0,1.074281503,-0.9681776636,1.556760419,0.583987051,-0.02870196035,-0.6350821516,-0.5047831043
1156,38533333333,0,0,1.072088919,-0.9702954359,1.55725881,0.5825996908,-0.02840233657,-0.6369404366,-0.5040612936
1157,38566666667,0,0,1.069817905,-0.9719097289,1.557780972,0.5800002892,-0.02662962933,-0.6395820895,-0.5038107563
1158,38600000000,0,0,1.068405535,-0.9739273386,1.558122443,0.5771820668,-0.02402302447,-0.642226599,-0.5038142035
1159,38633333333,0,0,1.066759707,-0.9753947791,1.557533024,0.5754000609,-0.02164440048,-0.6441820861,-0.5034637323
1160,38666666667,0,0,1.064892542,-0.9759755162,1.556990016,0.5748734266,-0.01973859724,-0.6458323928,-0.5020273415
1161,38700000000,0,0,1.064844842,-0.9786120444,1.557165402,0.5735869883,-0.0192921945,-0.6482221091,-0.5004336873
1162,38733333333,0,0,1.063336748,-0.9774510188,1.555812819,0.5721133183,-0.02083502802,-0.6502577426,-0.4994167807
1163,38766666667,0,1,1.062450806,-0.9748484364,1.553967927,0.5695064636,-0.02364741501,-0.6544876649,-0.4967384465
1164,38800000000,0,0,1.061324041,-0.9763482649,1.552321403,0.5640530454,-0.02866029676,-0.6597336501,-0.4957562508
1165,38833333333,0,0,1.057497045,-0.9787970556,1.549573843,0.5585264591,-0.03131766718,-0.6642687054,-0.4957968185
1166,38866666667,0,0,1.055395309,-0.9830104026,1.547856857,0.5550925981,-0.03177526581,-0.6679932071,-0.4946186565
1167,38900000000,0,0,1.053224427,-0.9864329063,1.545880917,0.5530822678,-0.0306116153,-0.6705162764,-0.493528983
1168,38933333333,0,0,1.050532038,-0.9892743896,1.542985137,0.5514282178,-0.02760953817,-0.6727743511,-0.4924827983
1169,38966666667,0,0,1.048929787,-0.992512739,1.540939961,0.5493798784,-0.02337203256,-0.6751787688,-0.4917002415
1170,39000000000,0,1,1.047615852,-0.995796924,1.53921285,0.5470661264,-0.0179832954,-0.6777822834,-0.490924058
1171,39033333333,0,0,1.046479471,-0.9994378471,1.536789155,0.5451985602,-0.01372822754,-0.6802148741,-0.4897732034
1172,39066666667,0,0,1.046598254,-1.003356062,1.535397321,0.5418402055,-0.01099560524,-0.6829384504,-0.4897788903
1173,39100000000,0,0,1.04547653,-1.006375192,1.533505534,0.5370302176,-0.01017449081,-0.6853605345,-0.4917071923
1174,39133333333,0,0,1.042929523,-1.006867913,1.530836101,0.5328512456,-0.01160670051,-0.687762654,-0.4928664793
1175,39166666667,0,0,1.039936341,-1.010283431,1.528110278,0.5276729203,-0.0140074731,-0.6911414426,-0.4936482413
1176,39200000000,0,0,1.037200787,-1.015136748,1.525945089,0.522114554,-0.01362257363,-0.6937699987,-0.4958770079
1177,39233333333,0,0,1.035113854,-1.019109552,1.524974935,0.5183234315,-0.01234098666,-0.695388245,-0.4976180354
1178,39266666667,0,0,1.030760043,-1.019942815,1.523047379,0.5176603526,-0.01177190109,-0.6960392551,-0.4974118385
1179,39300000000,0,0,1.028197434,-1.023315515,1.521934335,0.5175472051,-0.01128467095,-0.6975566931,-0.495411149
1180,39333333333,0,0,1.026878535,-1.027962674,1.522074566,0.5146941085,-0.01011801837,-0.699176378,-0.496124977
1181,39366666667,0,0,1.02381443,-1.031274618,1.520869986,0.5118715358,-0.009534589834,-0.6996640217,-0.4983642034
1182,39400000000,0,0,1.020724129,-1.033401489,1.520344577,0.5097167639,-0.01048931444,-0.7007632917,-0.4990086211
1183,39433333333,0,1,1.022332681,-1.034654804,1.523210874,0.5063303108,-0.01207698251,-0.7030389716,-0.4992193579
1184,39466666667,0,0,1.021612559,-1.042572556,1.524192112,-0.4998529985,0.01580301256,0.7033411818,0.505181578
1185,39500000000,0,0,1.016482013,-1.045394042,1.522486282,-0.493029198,0.01692061372,0.701237181,0.5146866219
1186,39533333333,0,0,1.007476618,-1.044285852,1.519692614,-0.4892034082,0.01629734181,0.7005256116,0.5193055839
1187,39566666667,0,0,1.002957552,-1.049926264,1.518590877,-0.4872067912,0.01581003478,0.7017562818,0.5195360491
1188,39600000000,0,0,0.9986808975,-1.055108096,1.517939615,-0.48620449,0.01369510426,0.702336807,0.5197505628
1189,39633333333,0,1,0.9938899163,-1.056534469,1.513964058,-0.4872840513,0.009808552923,0.702587836,0.5184866231
1190,39666666667,0,0,0.9937722932,-1.062937202,1.514173172,-0.4863917788,0.007741159437,0.7051118029,0.5159267946
1191,39700000000,0,0,0.9906056281,-1.068329142,1.513810562,-0.4833254531,0.005883060056,0.7064386322,0.517016784
1192,39733333333,0,0,0.9857407178,-1.071354188,1.512252495,-0.481233103,0.004536151338,0.7078830929,0.517006432
1193,39766666667,0,0,0.98391041,-1.077600744,1.512253342,-0.4781793462,0.004909015563,0.7103474501,0.516456111
1194,39800000000,0,0,0.9786272806,-1.081953223,1.511048609,-0.4753533622,0.005830269824,0.7121339843,0.5165949839
1195,39833333333,0,0,0.9756125126,-1.087616266,1.510428416,-0.4740228912,0.006125077584,0.7138114116,0.5154978668
1196,39866666667,0,1,0.9733540003,-1.09450302,1.511173693,-0.4729616268,0.006176367144,0.7150615876,0.5147388444
1197,39900000000,0,0,0.9710707471,-1.099711372,1.511540262,-0.4717524885,0.005990695508,0.7156289777,0.5150620034
1198,39933333333,0,0,0.9688582975,-1.104026034,1.511199979,-0.4694423215,0.006510376326,0.7159883363,0.5166645179
1199,39966666667,0,0,0.9659303122,-1.108121722,1.511260653,-0.4661235415,0.006806469503,0.7160724845,0.5195408675
1200,40000000000,0,0,0.9631323614,-1.111657227,1.510544609,-0.4632076615,0.008231544422,0.7159970158,0.5222252171
1201,40033333333,0,0,0.9593874523,-1.113990979,1.510009086,-0.4602203383,0.01029069593,0.7164467547,0.5242092992
1202,40066666667,0,0,0.9582682908,-1.120165824,1.510611465,-0.4562368223,0.01228431117,0.7171875101,0.5266299774
1203,40100000000,0,0,0.9541892265,-1.122035135,1.510300414,-0.4525663013,0.01318943562,0.7164401647,0.5307761036
1204,40133333333,0,0,0.9497438168,-1.124038461,1.50929535,-0.4497658376,0.01191093832,0.7165264346,0.5330653707
1205,40166666667,0,0,0.9476053074,-1.129019054,1.509572928,-0.44828115,0.009796182956,0.7163918568,0.5345378873
1206,40200000000,0,0,0.9434903441,-1.131361335,1.509141161,-0.449556711,0.007648791147,0.7157917955,0.5343054979
1207,40233333333,0,1,0.9419194862,-1.135070763,1.507784876,-0.4514274035,0.004612061253,0.7153200242,0.5333941237
1208,40266666667,0,0,0.9404909658,-1.139144078,1.507696375,-0.4529261205,0.00181497652,0.7148421897,0.5327807045
1209,40300000000,0,0,0.9398541042,-1.143691788,1.507427594,-0.4536366539,-0.001587700888,0.7143575879,0.5328268969
1210,40333333333,0,0,0.9392351771,-1.14803546,1.507372685,-0.4531563895,-0.003965798749,0.7138397058,0.5339161297
1211,40366666667,0,0,0.9376573311,-1.15099324,1.506887188,-0.4523182028,-0.004996267494,0.7137115348,0.534788861
1212,40400000000,0,0,0.9361651544,-1.154810171,1.506527619,-0.4515846037,-0.003818670562,0.7139496811,0.5351005666
1213,40433333333,0,0,0.9359119447,-1.156754984,1.506474006,-0.4511936092,-0.001711667553,0.7148305948,0.5342645581
1214,40466666667,0,1,0.9378620207,-1.158544689,1.507397573,-0.4488576446,0.003201116427,0.7166667982,0.5337651807
1215,40500000000,0,0,0.9349131128,-1.15967435,1.506423479,-0.4432032368,0.008050008823,0.7188002067,0.535567317
1216,40533333333,0,0,0.9328715132,-1.164496346,1.506097639,-0.4372194323,0.01116471124,0.7215997386,0.5366640797
1217,40566666667,0,0,0.9287799126,-1.171277332,1.505472647,-0.4327244838,0.01218225504,0.7228802495,0.5385585007
1218,40600000000,0,0,0.9245755371,-1.177787164,1.504160674,-0.4330297057,0.009472891469,0.7225859013,0.5387626134
1219,40633333333,0,0,0.9223485234,-1.183594919,1.503496304,-0.4372360399,0.005783052263,0.7217469297,0.5365375767
1220,40666666667,0,1,0.9194333914,-1.187094463,1.503201354,-0.4421604627,0.003457119364,0.7207030208,0.5339188415
1221,40700000000,0,0,0.9181886586,-1.190158026,1.502143734,-0.4466807347,0.001137616282,0.7196527999,0.5315777221
1222,40733333333,0,0,0.9182716645,-1.19284648,1.501337398,-0.4495867983,-0.0006452116681,0.7201129446,0.5284965861
1223,40766666667,0,0,0.9180904586,-1.195869346,1.501295142,-0.4501326775,-0.001694807421,0.7210566116,0.5267400337
1224,40800000000,0,0,0.9162802198,-1.198122765,1.499943236,-0.4498897473,-0.002816031083,0.7218687126,0.5258296749
1225,40833333333,0,0,0.9148636084,-1.2025308,1.499729994,-0.4495964622,-0.003661930119,0.7231780492,0.5242738985
1226,40866666667,0,0,0.9142199357,-1.206231838,1.499467173,-0.450003377,-0.005476830479,0.7236985739,0.5231895824
1227,40900000000,0,0,0.9135803568,-1.208977649,1.499043942,-0.4501304078,-0.007778619859,0.7241879453,0.5223733617
1228,40933333333,0,0,0.9118377111,-1.211028437,1.497984838,-0.4503455364,-0.01083289532,0.7246422193,0.5215028286
1229,40966666667,0,0,0.9122477046,-1.213265088,1.497614003,-0.4513810196,-0.01348080651,0.7256507191,0.5191382059
1230,41000000000,0,0,0.9122925042,-1.212910337,1.49682216,-0.4513862049,-0.01521911241,0.7270538762,0.517118491
1231,41033333333,0,1,0.9127277344,-1.216841783,1.495401783,-0.4497521667,-0.01558815798,0.7293627621,0.5152765851
1232,41066666667,0,0,0.911850832,-1.218436647,1.494829905,-0.447605851,-0.01481901974,0.7322062571,0.5131309733
1233,41100000000,0,0,0.910183621,-1.220911516,1.493694353,-0.4458682126,-0.01467954313,0.7355762005,0.5098173214
1234,41133333333,0,0,0.9094062322,-1.222982363,1.492649758,-0.4443877085,-0.01564550422,0.7396078414,0.5052276948
1235,41166666667,0,0,0.9086478828,-1.22666343,1.491412176,-0.4429181054,-0.01618126642,0.7440155994,0.5000025063
1236,41200000000,0,0,0.9081422791,-1.230371972,1.491181511,-0.4421180935,-0.01724238393,0.7484657546,0.493997273
1237,41233333333,0,0,0.9098487008,-1.233792288,1.492284835,-0.441820072,-0.01843517608,0.7520640361,0.4887277913
1238,41266666667,0,0,0.9103281387,-1.237209417,1.492905045,-0.4411614385,-0.0193150071,0.7541513069,0.4860651418
1239,41300000000,0,1,0.9074947172,-1.239739855,1.491685064,-0.4408012951,-0.02139685785,0.7548873526,0.4851612902
1240,41333333333,0,0,0.9067493383,-1.242119684,1.490616864,-0.4427069558,-0.02413212887,0.7550915755,0.4829750555
1241,41366666667,0,0,0.9080732395,-1.242626626,1.490762543,-0.4456297473,-0.02535451435,0.7550518131,0.4802791235
1242,41400000000,0,0,0.9072981722,-1.243083206,1.489631857,-0.4469725949,-0.02624679837,0.7547551971,0.4794488475
1243,41433333333,0,0,0.906883847,-1.243931685,1.489166849,-0.4479784637,-0.0273957543,0.7547409179,0.4784672565
1244,41466666667,0,0,0.9053900957,-1.244555216,1.488000532,-0.449461591,-0.02815705446,0.7541483607,0.4779662211
1245,41500000000,0,0,0.904213201,-1.245414655,1.486217742,-0.4513497136,-0.0289275207,0.7542663796,0.475950484
1246,41533333333,0,0,0.903828653,-1.246534095,1.485562304,-0.4526618512,-0.02922815158,0.7548693559,0.473724835
1247,41566666667,0,0,0.9025864464,-1.247136004,1.484681833,-0.453292462,-0.03062796782,0.7557117468,0.4716859412
1248,41600000000,0,0,0.9022655279,-1.247878129,1.483876401,-0.4535968823,-0.03273539835,0.7561499876,0.4705480404
1249,41633333333,0,0,0.9006961608,-1.249337923,1.482121906,-0.45363367,-0.0344073881,0.7566278539,0.4696242282
1250,41666666667,0,0,0.8991732518,-1.251388949,1.480981502,-0.4540937136,-0.03640215464,0.7573185739,0.4679127697
1251,41700000000,0,0,0.8977611287,-1.252834107,1.479061686,-0.4554955149,-0.03777348347,0.7574476573,0.4662296068
1252,41733333333,0,0,0.8970105773,-1.25427086,1.477003671,-0.4569699252,-0.03796628733,0.7585762793,0.462924483
1253,41766666667,0,0,0.8964130044,-1.256338402,1.475072924,-0.4577029207,-0.03728481755,0.7603507243,0.4593306595
1254,41800000000,0,0,0.8942146153,-1.259616905,1.474230368,-0.4574306272,-0.03783176617,0.7621269333,0.4566054273
1255,41833333333,0,1,0.8913776416,-1.263836427,1.472614796,-0.4588456122,-0.04050179134,0.7624342935,0.4544383976
1256,41866666667,0,0,0.8911369447,-1.26493352,1.473133143,-0.4623719913,-0.04292706156,0.7620291757,0.451310253
1257,41900000000,0,0,0.8902990986,-1.265954541,1.472970589,-0.4651741388,-0.0463427034,0.7608916919,0.4500102307
1258,41933333333,0,0,0.8901608785,-1.265507367,1.47098718,-0.467930181,-0.04925420371,0.7595684586,0.4490780844
1259,41966666667,0,0,0.8901359561,-1.26451375,1.471202912,-0.4692083997,-0.05028853684,0.7596805417,0.4474371635
1260,42000000000,0,0,0.8902410851,-1.263461838,1.471669663,-0.4694199254,-0.0502369609,0.7595539386,0.4474360242
1261,42033333333,0,0,0.8884153453,-1.262965338,1.471487425,-0.4693224194,-0.05033969507,0.7588429747,0.4487312352
1262,42066666667,0,0,0.8871687641,-1.261049123,1.471763598,-0.4700677511,-0.05103297842,0.757907839,0.4494526139
1263,42100000000,0,0,0.8875883697,-1.258981424,1.472156034,-0.4705567112,-0.05049197985,0.7572421888,0.4501235485
1264,42133333333,0,0,0.8877719557,-1.25527671,1.474051507,-0.470238875,-0.0477496522,0.7573312712,0.4506048345
1265,42166666667,0,0,0.8868183331,-1.253454011,1.475427309,-0.4677185108,-0.04616894015,0.757487268,0.4531234517
1266,42200000000,0,0,0.8861287957,-1.251376195,1.476797065,-0.4652358581,-0.04688438206,0.7565517936,0.4571507789
1267,42233333333,0,0,0.8838847126,-1.249771581,1.477621134,-0.4634401348,-0.04843884871,0.7551737391,0.4610743359
1268,42266666667,0,0,0.8835299169,-1.247908063,1.479641876,-0.4624466325,-0.05124429296,0.7534013573,0.4646542041
1269,42300000000,0,0,0.8818032611,-1.245741706,1.480561674,-0.4621952909,-0.05423434585,0.7510062298,0.468426933
1270,42333333333,0,0,0.8816660973,-1.242394551,1.482271151,-0.4621012039,-0.05744453807,0.7495732909,0.4704279796
1271,42366666667,0,0,0.8825374491,-1.239110699,1.484468754,-0.4610918693,-0.05824919911,0.7491330881,0.4720179394
1272,42400000000,0,0,0.8817078157,-1.236536356,1.486675724,-0.4590286166,-0.05662853172,0.7491790485,0.4741483859
1273,42433333333,0,0,0.8808542786,-1.234399459,1.489167442,-0.4560011623,-0.05515986531,0.749896966,0.4761038433
1274,42466666667,0,0,0.8790662946,-1.233738431,1.491828027,-0.4527125893,-0.05455033757,0.7503305094,0.4786227104
1275,42500000000,0,1,0.8794256846,-1.235178771,1.494744271,-0.45075968,-0.05512607869,0.7504265292,0.480246656
1276,42533333333,0,0,0.8779166029,-1.234543328,1.498116534,-0.4494667824,-0.05521391527,0.750124939,0.4819166016
1277,42566666667,0,0,0.8776229979,-1.23296767,1.50104701,-0.4486175291,-0.0558480641,0.7504535218,0.4821232394
1278,42600000000,0,0,0.8788091386,-1.230846757,1.505946547,-0.4463965228,-0.05536125242,0.7510557895,0.483301642
1279,42633333333,0,0,0.8770393773,-1.230221405,1.509208842,-0.4429833832,-0.05448005225,0.7513517319,0.4860742958
1280,42666666667,0,0,0.8745380492,-1.230695959,1.512299854,-0.4403780494,-0.05425524675,0.7511970887,0.4886987577
1281,42700000000,0,0,0.8727041659,-1.231140431,1.515279874,-0.439494326,-0.05595027917,0.7507902742,0.4899267984
1282,42733333333,0,0,0.873308308,-1.230425824,1.519456303,-0.4383033285,-0.05776645334,0.7509266436,0.4905735469
1283,42766666667,0,0,0.8733039872,-1.230409376,1.523424741,-0.4356857348,-0.05833013206,0.7513562695,0.4921781106
1284,42800000000,0,0,0.8729191831,-1.230586378,1.527084562,-0.4326493331,-0.05839976797,0.7519217107,0.4939815407
1285,42833333333,0,0,0.8717996316,-1.23068624,1.531248582,-0.4294919785,-0.05840285681,0.7526136727,0.4956797417
1286,42866666667,0,0,0.871587107,-1.230538141,1.535403987,-0.4268673537,-0.05803373071,0.7533588961,0.4968568426
1287,42900000000,0,0,0.8709259586,-1.231091415,1.539308282,-0.4241822233,-0.05654978439,0.754027656,0.4983110046
1288,42933333333,0,0,0.8696507801,-1.231579759,1.542732069,-0.4218508941,-0.05485197019,0.7546433544,0.4995462864
1289,42966666667,0,0,0.8688625182,-1.231873858,1.5474115,-0.4199169702,-0.0522391354,0.7554968336,0.500165318
1290,43000000000,0,0,0.8675796573,-1.232549595,1.550599835,-0.4177591269,-0.0499276497,0.7561223062,0.501262007
1291,43033333333,0,1,0.8652386561,-1.231899409,1.558565681,-0.4147187652,-0.04664759328,0.7584214048,0.500628925
1292,43066666667,0,0,0.8627485633,-1.232595353,1.563099245,-0.4135041816,-0.04281741607,0.7586361298,0.5016494626
1293,43100000000,0,0,0.8595653768,-1.233359378,1.567003987,-0.413370254,-0.04050984454,0.7584180647,0.5022808226
1294,43133333333,0,0,0.8579957201,-1.233814522,1.572695121,-0.4137549126,-0.04041533791,0.7583600057,0.5020593337
1295,43166666667,0,0,0.856373156,-1.233880356,1.576484551,-0.4144067871,-0.04134097992,0.7571609797,0.5032545965
1296,43200000000,0,0,0.8554415263,-1.234061534,1.580831309,-0.4156209595,-0.0416224861,0.7564105868,0.5033585311
1297,43233333333,0,0,0.8546132407,-1.23341586,1.585550414,-0.4164611091,-0.04113740434,0.7557868729,0.5036408059
1298,43266666667,0,0,0.8542785926,-1.232735234,1.590302,-0.4166460165,-0.04053654764,0.755438323,0.5040593471
1299,43300000000,0,0,0.8529511431,-1.232337941,1.594694119,-0.4161183242,-0.03984490005,0.7547764489,0.5055397475
1300,43333333333,0,0,0.8509561242,-1.232067177,1.59863712,-0.4160006681,-0.03962313827,0.7539706993,0.5068546494
1301,43366666667,0,0,0.849922138,-1.232088408,1.603599839,-0.4160585225,-0.03996378133,0.7530121822,0.5082035571
1302,43400000000,0,0,0.8484963181,-1.230880106,1.606493943,-0.4167968762,-0.040745697,0.7514460783,0.509851884
1303,43433333333,0,1,0.8462117731,-1.228802745,1.612745599,-0.4166168531,-0.04018821463,0.751678335,0.5097008788
1304,43466666667,0,0,0.8444873767,-1.228584435,1.617181828,-0.4174618855,-0.03921286257,0.7508418275,0.5103180142
1305,43500000000,0,0,0.8432678806,-1.229042181,1.620927908,-0.4188192459,-0.03977666172,0.7492250225,0.5115370192
1306,43533333333,0,0,0.8423359233,-1.228779754,1.624891846,-0.4200754849,-0.04041584394,0.7478343866,0.5124908553
1307,43566666667,0,0,0.8421271139,-1.228448117,1.628603272,-0.4213756593,-0.04138677569,0.7463878234,0.5134538982
1308,43600000000,0,0,0.8418936641,-1.227100197,1.631531371,-0.4225547206,-0.04168869244,0.7451224496,0.5142976727
1309,43633333333,0,0,0.8417315959,-1.227181856,1.635558821,-0.422935529,-0.04134594229,0.7445000974,0.5149132513
1310,43666666667,0,0,0.8415178541,-1.22710674,1.639323554,-0.4233168027,-0.04129238784,0.7436454081,0.515838473
1311,43700000000,0,0,0.8419713213,-1.226303832,1.643228584,-0.4232750766,-0.04171266816,0.7427712977,0.5170967628
1312,43733333333,0,0,0.8418445609,-1.225620011,1.646683008,-0.4229037344,-0.04258634626,0.7415645328,0.5190576829
1313,43766666667,0,0,0.8422250761,-1.225303506,1.651308911,-0.4224371167,-0.04388660652,0.7404824037,0.520871057
1314,43800000000,0,1,0.841893219,-1.224539901,1.656520802,-0.4215597442,-0.04579905423,0.7393843189,0.5229729034
1315,43833333333,0,0,0.8417620503,-1.223836918,1.659808474,-0.4220549264,-0.04732134757,0.7376815827,0.5248392247
1316,43866666667,0,0,0.8426967216,-1.223169946,1.664149558,-0.4227744364,-0.0480383018,0.7363049524,0.5261265195
1317,43900000000,0,0,0.8431327907,-1.222025645,1.668143717,-0.423263494,-0.04846062004,0.734942534,0.5275974362
1318,43933333333,0,0,0.8438404218,-1.220590435,1.671857418,-0.4233400266,-0.04807140673,0.7341891114,0.5286196274
1319,43966666667,0,0,0.8446922642,-1.220420729,1.675822581,-0.4228248308,-0.04689629864,0.7337874029,0.5296942014
1320,44000000000,0,0,0.8451477112,-1.220174704,1.680342821,-0.4218337642,-0.04494210937,0.7339268029,0.5304601117
1321,44033333333,0,0,0.8446398236,-1.220504981,1.684287005,-0.4209816904,-0.04279071908,0.7337310492,0.5315845353
1322,44066666667,0,0,0.8447105459,-1.22066325,1.689286853,-0.4206929738,-0.04070469381,0.7335366443,0.5322448133
1323,44100000000,0,0,0.8436434632,-1.220802292,1.693117184,-0.4206167156,-0.0386611114,0.7328609055,0.5333870923
1324,44133333333,0,0,0.8424446007,-1.221011041,1.696852249,-0.4210294501,-0.03734636005,0.732168486,0.5341055697
1325,44166666667,0,0,0.8419438348,-1.221029663,1.700372381,-0.4212628054,-0.03684432378,0.7320042351,0.5341815651
1326,44200000000,0,1,0.8409765728,-1.221477488,1.705795199,-0.4202146057,-0.03721597689,0.7329822291,0.5336400548
1327,44233333333,0,0,0.8413719572,-1.221688975,1.711292787,-0.4200779308,-0.03611771777,0.7338189695,0.5326722843
1328,44266666667,0,0,0.8411442143,-1.222330109,1.71689355,-0.419289171,-0.03369284947,0.7339706921,0.5332432899
1329,44300000000,0,0,0.8395808573,-1.222656532,1.7207518,-0.4190520902,-0.03059168258,0.7327397469,0.535305481
1330,44333333333,0,0,0.8381768068,-1.222334675,1.724758025,-0.4194663976,-0.02694397318,0.7316426598,0.536675863
1331,44366666667,0,0,0.8367141411,-1.221647583,1.728828364,-0.4191585319,-0.02458040845,0.7305683193,0.5384903523
1332,44400000000,0,0,0.835342342,-1.221203558,1.732924095,-0.4189419088,-0.02337059055,0.7288563237,0.5410267572
1333,44433333333,0,0,0.8336426747,-1.219838616,1.734871287,-0.4200445753,-0.02247639077,0.7263509616,0.5435730377
1334,44466666667,0,0,0.8328251673,-1.219161494,1.738504195,-0.4212293733,-0.02025852766,0.7249751728,0.544579109
1335,44500000000,0,1,0.8323095796,-1.217107876,1.743320181,-0.421029803,-0.01893815929,0.7239462785,0.5461474499
1336,44533333333,0,0,0.8305369284,-1.213886444,1.744206066,-0.4212701912,-0.01784478943,0.7221032542,0.548434025
1337,44566666667,0,0,0.8295346252,-1.212162682,1.74709755,-0.422318769,-0.01545615329,0.7213007436,0.5487560495
1338,44600000000,0,0,0.8282802848,-1.210285864,1.749566171,-0.4231641357,-0.01336764761,0.7204700446,0.5492507034
1339,44633333333,0,0,0.8268074856,-1.208793361,1.753391441,-0.4234400647,-0.01273942777,0.7194355254,0.5504077973
1340,44666666667,0,0,0.8250425706,-1.207062989,1.755628252,-0.4242754249,-0.01386244633,0.7179678309,0.5516524179
1341,44700000000,0,0,0.82371257,-1.205040749,1.759108229,-0.4258227659,-0.01396993022,0.7164489486,0.5524316402
1342,44733333333,0,0,0.822565438,-1.202938865,1.761920569,-0.4275309092,-0.01288604375,0.7147151251,0.553383738
1343,44766666667,0,0,0.8210118451,-1.199122278,1.764381978,-0.4290969066,-0.01187783042,0.7130982483,0.5542793972
1344,44800000000,0,1,0.8200591368,-1.197662247,1.768226398,-0.4285760136,-0.01104379789,0.7124049625,0.5555896008
1345,44833333333,0,0,0.8182136536,-1.194152503,1.769157142,-0.4277553874,-0.01049726869,0.710765303,0.5583259083
1346,44866666667,0,0,0.8154770007,-1.190123282,1.7693327,-0.427041902,-0.009885124676,0.7095542864,0.5604196757
1347,44900000000,0,0,0.8128475459,-1.18728401,1.769481658,-0.4263986705,-0.009452497843,0.7087122904,0.5619801718
1348,44933333333,0,0,0.8102636935,-1.185741816,1.77149703,-0.4257584135,-0.008626705831,0.7082229019,0.5630947296
1349,44966666667,0,0,0.8064590172,-1.18248328,1.771067173,-0.4269513371,-0.007419233763,0.7068149159,0.5639771143
1350,45000000000,0,0,0.8033826562,-1.180974487,1.774019108,-0.4289437924,-0.004572604502,0.7064220398,0.5629868702
1351,45033333333,0,0,0.8007037767,-1.178734595,1.777466375,-0.4306931746,-0.001745163648,0.7059112669,0.5623074133
1352,45066666667,0,0,0.7971539315,-1.175843401,1.780514497,-0.4313772323,0.0009351084464,0.7056103066,0.5621627026
1353,45100000000,0,0,0.7926298369,-1.172489913,1.780270932,-0.4318448167,0.002342460599,0.705106544,0.5624316214
1354,45133333333,0,0,0.7892034376,-1.169749687,1.781703178,-0.4321120801,0.003045006943,0.7059673399,0.5611416873
1355,45166666667,0,0,0.7858972787,-1.169703065,1.785074744,-0.4303065408,0.003660635664,0.7073478293,0.5607868839
1356,45200000000,0,1,0.7831380063,-1.167539929,1.784375674,-0.4288157577,0.002794916375,0.7076010276,0.5616137642
1357,45233333333,0,0,0.7800715278,-1.166334639,1.785829107,-0.4282284392,0.004310303857,0.7084450283,0.5609879384
1358,45266666667,0,0,0.7760642816,-1.165156115,1.787372058,-0.4272632632,0.007377600017,0.7091490776,0.5608023365
1359,45300000000,0,0,0.7724246634,-1.164006326,1.78811835,-0.4247469722,0.009410442885,0.7102001424,0.561353018
1360,45333333333,0,0,0.7681538988,-1.163731705,1.787971918,-0.4218131794,0.01083951499,0.7105927599,0.5630400307
1361,45366666667,0,0,0.763914272,-1.162162456,1.78671571,-0.4206299253,0.01069435825,0.7104266058,0.5641366274
1362,45400000000,0,0,0.7604193374,-1.162027783,1.78712841,-0.4195867745,0.009542668328,0.7106371769,0.5646686452
1363,45433333333,0,0,0.7569669508,-1.162243213,1.786618691,-0.4192199231,0.006546062615,0.7099384683,0.5658614462
1364,45466666667,0,0,0.7543909725,-1.161249014,1.787771872,-0.4200534924,0.003406421209,0.7091701825,0.5662341496
1365,45500000000,0,0,0.7521912225,-1.160008825,1.788835639,-0.4210323902,0.0005526825618,0.7084419175,0.5664286984
1366,45533333333,0,0,0.7502879877,-1.155471529,1.788717056,-0.4227141267,-0.002351596836,0.7080988946,0.565599852
1367,45566666667,0,0,0.7490637882,-1.155072969,1.791278263,-0.4221983511,-0.003584350333,0.7096399654,0.5640450552
1368,45600000000,0,0,0.7477376857,-1.153702934,1.792006737,-0.4211842852,-0.003587417765,0.7107582249,0.5633947764
1369,45633333333,0,0,0.7463790463,-1.150984927,1.792135637,-0.4207614571,-0.003052905988,0.7120648374,0.5620624016
1370,45666666667,0,1,0.7461695888,-1.15177203,1.792580872,-0.4193923956,-0.001830771103,0.7135715129,0.5611794391
1371,45700000000,0,0,0.7438709778,-1.150284664,1.792510657,-0.4179329802,-0.00210912837,0.7144088589,0.561201887
1372,45733333333,0,0,0.7420519861,-1.151021786,1.793777024,-0.4160997865,-0.002903779622,0.7153765242,0.5613278582
1373,45766666667,0,0,0.7400009463,-1.150394341,1.793746261,-0.4154274564,-0.004439881056,0.7150533106,0.5622268927
1374,45800000000,0,0,0.738953042,-1.147623722,1.793888217,-0.4157792784,-0.006522957899,0.7148579461,0.562194948
1375,45833333333,0,0,0.7384778142,-1.147137145,1.796057439,-0.4151965855,-0.007222815031,0.7156230261,0.5616434019
1376,45866666667,0,0,0.7375928276,-1.145483645,1.796857025,-0.4147504669,-0.007304997683,0.7155735851,0.5620348134
1377,45900000000,0,0,0.7367512563,-1.144334526,1.798507843,-0.4139507555,-0.006246270673,0.7159782739,0.562121755
1378,45933333333,0,0,0.7357275209,-1.143786101,1.799218511,-0.4126605779,-0.004681705046,0.7160880032,0.5629452023
1379,45966666667,0,0,0.7348409076,-1.143056158,1.801413744,-0.4107662548,-0.00305438629,0.7162170361,0.5641763127
1380,46000000000,0,0,0.7335073415,-1.141476245,1.801509856,-0.4095288953,-0.00177386682,0.7156837323,0.5657558949
1381,46033333333,0,0,0.7319250721,-1.141184391,1.802361108,-0.4085851299,-0.0008910422915,0.7150920271,0.5671867333
1382,46066666667,0,0,0.7310246093,-1.140362884,1.802581454,-0.4081096056,-0.0005001341844,0.7140225057,0.5688744686
1383,46100000000,0,0,0.7298823046,-1.137771728,1.801324173,-0.4083931723,-0.0008217075898,0.7130085708,0.5699413299
1384,46133333333,0,0,0.7292686145,-1.135798122,1.802064916,-0.4087087338,-0.000756956274,0.7133007362,0.5693493283
1385,46166666667,0,0,0.7286851731,-1.135411224,1.803312336,-0.4081079376,0.0007136501267,0.7144416363,0.5683489688
1386,46200000000,0,0,0.7279552687,-1.135371574,1.804262455,-0.4071597474,0.002948246485,0.7153929633,0.5678249343
1387,46233333333,0,0,0.7268551651,-1.135221042,1.804496861,-0.4061682973,0.005317789538,0.7161407799,0.5675750335
1388,46266666667,0,0,0.7253101559,-1.136398623,1.805369699,-0.4044689562,0.007114603804,0.7167606523,0.5679862791
1389,46300000000,0,0,0.7236045466,-1.136074806,1.80428446,-0.4029149671,0.006829842275,0.7167748499,0.5690753001
1390,46333333333,0,1,0.7233929062,-1.137508611,1.80385421,-0.401717687,0.005718804038,0.7170673339,0.5695653025
1391,46366666667,0,0,0.7222533994,-1.137567777,1.804083384,-0.4002769373,0.003772984097,0.7176235342,0.5698952546
1392,46400000000,0,0,0.7214195024,-1.137838895,1.804420884,-0.3984943205,0.001719908639,0.7185793967,0.5699499707
1393,46433333333,0,0,0.720446929,-1.138590249,1.805527979,-0.395885109,-1.423912254e-06,0.7199907341,0.5699897572
1394,46466666667,0,0,0.7194313287,-1.138709651,1.805688449,-0.3936324871,-0.00144365887,0.7212677676,0.5699334947
1395,46500000000,0,0,0.7183786141,-1.140025155,1.807278002,-0.3911623312,-0.002349303479,0.7231241981,0.5692784078
1396,46533333333,0,0,0.7170486564,-1.142475621,1.810001353,-0.3876162711,-0.002075383034,0.7249517445,0.5693806172
1397,46566666667,0,0,0.7153852948,-1.142489413,1.809530034,-0.3849957151,-0.002239380588,0.7256537984,0.5702629652
1398,46600000000,0,0,0.7132067245,-1.145243138,1.811827944,-0.3826235855,-0.001562250369,0.7267973966,0.5704053782
1399,46633333333,0,0,0.710371973,-1.147935314,1.813893327,-0.380172985,-0.001427951071,0.7270792503,0.5716836767
1400,46666666667,0,0,0.7075574242,-1.149066594,1.815155078,-0.3787212492,-0.003178646,0.726682001,0.573143421
1401,46700000000,0,0,0.7051454779,-1.150419904,1.81733627,-0.3777990355,-0.004742773083,0.7265433035,0.5739165646
1402,46733333333,0,0,0.7019855873,-1.151608222,1.819137953,-0.3765427432,-0.006160077057,0.7264418041,0.5748564353
1403,46766666667,0,0,0.6994949399,-1.153769817,1.822703444,-0.3751085871,-0.006626425265,0.7269602845,0.5751333611
1404,46800000000,0,0,0.6972908642,-1.153965006,1.825228571,-0.3743717972,-0.00612251467,0.7273069256,0.5751807613
1405,46833333333,0,0,0.6946609086,-1.156504894,1.828224146,-0.3732905255,-0.004792039434,0.7280188198,0.5749954939
1406,46866666667,0,0,0.691092949,-1.160488019,1.83252985,-0.3704815846,-0.00322791938,0.7286895082,0.5759727221
1407,46900000000,0,0,0.6880983952,-1.162851309,1.836053189,-0.3676056354,-0.003290180913,0.7290472793,0.5773606638
1408,46933333333,0,1,0.6858317527,-1.164777358,1.839472993,-0.3650947388,-0.004320241469,0.7291887707,0.5787667093
1409,46966666667,0,0,0.6823074906,-1.167332118,1.842450351,-0.3632188302,-0.006531851681,0.728800073,0.5804135336
1410,47000000000,0,0,0.6797807297,-1.169308442,1.84597895,-0.3631724338,-0.008081294761,0.728333714,0.5810081558
1411,47033333333,0,0,0.6766498193,-1.172510407,1.850428306,-0.3629149439,-0.007880679989,0.7283351695,0.5811699573
1412,47066666667,0,0,0.6733570076,-1.17523031,1.855223777,-0.3613257416,-0.007784890936,0.7286022378,0.581826334
1413,47100000000,0,0,0.6701441254,-1.177617871,1.858470323,-0.3595993823,-0.00826726171,0.7286729879,0.5827998055
1414,47133333333,0,0,0.6665399988,-1.180499239,1.861954403,-0.3575461126,-0.009241652605,0.7290191445,0.5836149897
1415,47166666667,0,0,0.6637825118,-1.183289911,1.865243939,-0.3559288525,-0.01058344092,0.729226826,0.5843208698
1416,47200000000,0,0,0.6614307248,-1.185359837,1.868813456,-0.3551114593,-0.0118739823,0.7294289535,0.5845410694
1417,47233333333,0,0,0.6592612223,-1.188109864,1.872933271,-0.3543352872,-0.01254131973,0.7298279909,0.5845000627
1418,47266666667,0,0,0.6566307282,-1.191251568,1.877904511,-0.352830123,-0.01211840977,0.730341297,0.5847782813
1419,47300000000,0,0,0.6545520861,-1.193706654,1.881678764,-0.3514563884,-0.01193937123,0.730362462,0.5855822167
1420,47333333333,0,1,0.6515832094,-1.196054762,1.884693284,-0.3494834106,-0.01111315345,0.7302907574,0.5868673216
1421,47366666667,0,0,0.6488216473,-1.198330895,1.887035845,-0.3485815784,-0.01162293799,0.7293463623,0.5885657774
1422,47400000000,0,0,0.6467439864,-1.200690073,1.890819087,-0.3485610824,-0.01218255214,0.7285879137,0.5895052241
1423,47433333333,0,0,0.6450271035,-1.201432495,1.893722534,-0.349625808,-0.01252537195,0.7277200311,0.5899393746
1424,47466666667,0,0,0.6431727517,-1.203345177,1.897246875,-0.3503845486,-0.01198677,0.7275121233,0.5897568108
1425,47500000000,0,0,0.6416093359,-1.206382837,1.902976374,-0.3497917278,-0.01082014417,0.7279773256,0.589557194
1426,47533333333,0,0,0.6393306861,-1.208395583,1.9056271,-0.349161207,-0.009814847814,0.7274375102,0.5906139087
1427,47566666667,0,0,0.6371624498,-1.210591598,1.908686633,-0.3492842449,-0.009102039802,0.727061525,0.5910154042
1428,47600000000,0,0,0.6352128699,-1.213195623,1.912636131,-0.3492579321,-0.009197745553,0.7267025874,0.5914707497
1429,47633333333,0,0,0.6325520102,-1.215510207,1.915366644,-0.3495991685,-0.009800507769,0.72557157,0.5926468327
1430,47666666667,0,0,0.6321016977,-1.215861579,1.91828995,-0.351461426,-0.01100532665,0.7246596399,0.5926399878
1431,47700000000,0,1,0.6290043757,-1.218901116,1.921487494,-0.35198823,-0.009747870703,0.7242434142,0.5928581129
1432,47733333333,0,0,0.6275167713,-1.221442285,1.925611908,-0.3520110096,-0.008992165622,0.723873672,0.5933079276
1433,47766666667,0,0,0.625649355,-1.222512896,1.927102752,-0.351623797,-0.009491235979,0.7228421749,0.5947855177
1434,47800000000,0,0,0.6237882456,-1.22353522,1.92848656,-0.3524699935,-0.01005331402,0.722174705,0.5950861534
1435,47833333333,0,0,0.6221720401,-1.225675377,1.932024431,-0.3535636236,-0.009694882413,0.7221284079,0.5944992311
1436,47866666667,0,0,0.6205510893,-1.227427394,1.934101411,-0.3535898391,-0.009754925752,0.7219742562,0.5946698583
1437,47900000000,0,0,0.6186755442,-1.229160077,1.936166612,-0.3530471214,-0.009932374316,0.7221967581,0.5947191947
1438,47933333333,0,0,0.6165256136,-1.23098675,1.938295436,-0.352630395,-0.01028580532,0.7224722945,0.5946257566
1439,47966666667,0,0,0.615216778,-1.233241743,1.939503557,-0.3525115147,-0.01139481961,0.7222761511,0.5949142388
1440,48000000000,0,0,0.6142957756,-1.233143029,1.940958107,-0.3540990136,-0.01222466998,0.7220425786,0.5942381347
1441,48033333333,0,0,0.6120542999,-1.234370245,1.942773572,-0.3565375474,-0.01106981772,0.7217307595,0.593180535
1442,48066666667,0,0,0.6097050727,-1.236587945,1.945159357,-0.358327623,-0.009971468131,0.7216580456,0.5922090421
1443,48100000000,0,0,0.6079821901,-1.236606136,1.943864662,-0.3604157943,-0.00995958066,0.7207731155,0.5920197445
1444,48133333333,0,0,0.6059878106,-1.238040131,1.945503566,-0.3617826819,-0.009715641199,0.7212811708,0.5905695303
1445,48166666667,0,0,0.6032464017,-1.240299465,1.947162929,-0.3618225327,-0.009851194954,0.7216893549,0.5900439677
1446,48200000000,0,0,0.6021245022,-1.240131747,1.946571617,-0.3630415173,-0.01097325505,0.7214135959,0.5896124728
1447,48233333333,0,1,0.6002008895,-1.241810662,1.946695977,-0.3647226305,-0.01089826736,0.721378526,0.5886184272
1448,48266666667,0,0,0.597965211,-1.243266346,1.948184238,-0.3667044507,-0.01036138184,0.7213160833,0.5874722084
1449,48300000000,0,0,0.5954123696,-1.243687266,1.947083292,-0.3681586856,-0.01075921469,0.7206034242,0.5874301036
1450,48333333333,0,0,0.5939282763,-1.244184602,1.947457695,-0.3693489644,-0.01133736957,0.7207604556,0.5864786204
1451,48366666667,0,0,0.5923115819,-1.245207284,1.948383267,-0.3700650884,-0.01206858232,0.7211205876,0.5855691913
1452,48400000000,0,0,0.5903066593,-1.246110947,1.948839397,-0.3705058018,-0.01275386729,0.7209966742,0.5854285485
1453,48433333333,0,0,0.5888418093,-1.246510193,1.948860199,-0.3713623363,-0.01350071387,0.7209588534,0.5849154449
1454,48466666667,0,0,0.5860416224,-1.247707828,1.949960228,-0.3713852143,-0.01383145961,0.7209690103,0.5848806711
1455,48500000000,0,0,0.5837479534,-1.248251946,1.949671065,-0.3716181316,-0.0151250247,0.7206473658,0.585097062
1456,48533333333,0,0,0.5819848218,-1.249279451,1.9499357,-0.3720607243,-0.01673650127,0.7202484887,0.5852630362
1457,48566666667,0,0,0.5793530261,-1.2484231,1.948761165,-0.3728555784,-0.01851962355,0.719624047,0.585471581
1458,48600000000,0,0,0.5773716674,-1.249226733,1.94959739,-0.3737097346,-0.01908926573,0.7200434001,0.5843921082
1459,48633333333,0,0,0.5747167937,-1.250034454,1.949898976,-0.3737144057,-0.01806752083,0.7201536301,0.5842857663
1460,48666666667,0,0,0.5721940065,-1.249964309,1.949547541,-0.3732341828,-0.01680045999,0.7206330468,0.5840393833
1461,48700000000,0,0,0.5684704802,-1.251263829,1.950080531,-0.3715253424,-0.01539007317,0.7213384339,0.5842969531
1462,48733333333,0,0,0.5649351319,-1.251948274,1.948850328,-0.3697393388,-0.01587055188,0.7215915088,0.5851039578
1463,48766666667,0,0,0.5618052666,-1.252236253,1.948330095,-0.3677684121,-0.01719329913,0.7222021325,0.585555177
1464,48800000000,0,0,0.5588157916,-1.251677209,1.946466953,-0.3658723263,-0.01935383263,0.7228503313,0.5858756426
1465,48833333333,0,0,0.5555539102,-1.251902246,1.945444084,-0.3636509083,-0.02046523545,0.7242708914,0.585466367
1466,48866666667,0,0,0.5532440648,-1.251957084,1.944339656,-0.3617096277,-0.02109842842,0.7257775419,0.5847802675
1467,48900000000,0,1,0.5481572336,-1.25262585,1.941592336,-0.3586038677,-0.02120936113,0.7272422948,0.5848692792
1468,48933333333,0,0,0.5441361935,-1.25458363,1.941216149,-0.355691488,-0.02222861286,0.729036042,0.5843765084
1469,48966666667,0,0,0.5413249308,-1.255005962,1.941424249,-0.3537196084,-0.02374846818,0.7305168646,0.5836639097
1470,49000000000,0,0,0.5388742015,-1.255821256,1.941948708,-0.3526076361,-0.0241339278,0.7313298738,0.5833026865
1471,49033333333,0,0,0.5361477885,-1.25583366,1.942468637,-0.3517924619,-0.02342102053,0.7317272722,0.5833255683
1472,49066666667,0,0,0.5319142675,-1.25682969,1.942266084,-0.3501131333,-0.02217715581,0.7319481811,0.5841068634
1473,49100000000,0,0,0.5274055636,-1.257821166,1.942073303,-0.3472998125,-0.02231558108,0.7321226038,0.5855607125
1474,49133333333,0,0,0.5236884329,-1.25839958,1.94179516,-0.3446263268,-0.02372452506,0.7319607158,0.5872847285
1475,49166666667,0,0,0.5209743235,-1.258200734,1.94091085,-0.3429386984,-0.02552081494,0.7315917353,0.5886554765
1476,49200000000,0,0,0.5172268594,-1.25859486,1.941051143,-0.3408344494,-0.02662345904,0.7316438027,0.5897630163
1477,49233333333,0,0,0.5138054838,-1.259158642,1.940486698,-0.3383778606,-0.02803721004,0.731635584,0.5911207242
1478,49266666667,0,0,0.5107765206,-1.258323546,1.938333306,-0.3366563605,-0.03017000021,0.7312322059,0.5924961832
1479,49300000000,0,0,0.5080227689,-1.25753468,1.937426511,-0.3358035575,-0.03203938056,0.7316736162,0.5923370394
1480,49333333333,0,0,0.505422349,-1.257566894,1.937750256,-0.3353094764,-0.03276218124,0.7325450059,0.5914997962
1481,49366666667,0,0,0.5030189938,-1.25695186,1.937501239,-0.3352776945,-0.0323272095,0.7334155432,0.5904620734
1482,49400000000,0,0,0.5002676494,-1.257155225,1.936957758,-0.3353173928,-0.02997038288,0.7342774323,0.5894918783
1483,49433333333,0,0,0.4969230759,-1.257752573,1.936496313,-0.3351978794,-0.02734769303,0.7352098343,0.5885244131
1484,49466666667,0,0,0.4933555283,-1.258565494,1.935577377,-0.3344321251,-0.02573460582,0.7359643444,0.5880895914
1485,49500000000,0,0,0.4900103459,-1.259861782,1.935295285,-0.333416191,-0.02537201275,0.7367691147,0.5876743794
1486,49533333333,0,0,0.4872928203,-1.260566613,1.934817634,-0.3329940915,-0.02567844612,0.7374051313,0.5871023972
1487,49566666667,0,1,0.4850403852,-1.260335626,1.934464128,-0.3320306397,-0.02627097771,0.7381438304,0.5866934256
1488,49600000000,0,0,0.4827210236,-1.260086585,1.933117387,-0.3308956236,-0.02797546654,0.7391549112,0.5859824884
1489,49633333333,0,0,0.4813997431,-1.260357827,1.932083544,-0.3290991091,-0.02873013292,0.7409910365,0.5846371863
1490,49666666667,0,0,0.4807299024,-1.261118358,1.932601811,-0.3264979591,-0.02851456812,0.7432637341,0.5832195331
1491,49700000000,0,0,0.4797792554,-1.261299325,1.932200669,-0.3253029856,-0.02665794085,0.744850081,0.5819498935
1492,49733333333,0,0,0.4779592879,-1.262108075,1.932761872,-0.3247765721,-0.02219000043,0.7463124294,0.5805562332
1493,49766666667,0,0,0.475813872,-1.263303646,1.932907013,-0.3237639611,-0.0177700824,0.7471232249,0.5802309958
1494,49800000000,0,0,0.4731902017,-1.26337796,1.933456033,-0.3219192723,-0.01295932893,0.748405269,0.5797323445
1495,49833333333,0,0,0.4703912709,-1.264595405,1.933580891,-0.3181282764,-0.01000383429,0.7496877648,0.5802263165
1496,49866666667,0,0,0.4686357162,-1.264203993,1.932082065,-0.3147780992,-0.01047142276,0.7505747826,0.580898092
1497,49900000000,0,0,0.4672756039,-1.264822104,1.930529501,-0.3135094765,-0.01158145755,0.7508460602,0.5812124154
1498,49933333333,0,0,0.4658334631,-1.264910896,1.930006482,-0.3143018043,-0.01250697551,0.7510519368,0.5804988713
1499,49966666667,0,0,0.4631783672,-1.265916174,1.930285983,-0.3143168973,-0.01272424602,0.7512461825,0.5802345689
1500,50000000000,0,0,0.4615796919,-1.266303862,1.930524198,-0.3136808415,-0.01240217557,0.751507494,0.5802473629
1501,50033333333,0,0,0.4601029468,-1.265573419,1.929965357,-0.3127631498,-0.01071589281,0.7520184939,0.5801142703
1502,50066666667,0,0,0.4573394476,-1.266441724,1.929546574,-0.3103108748,-0.009262787048,0.7530308443,0.5801430076
1503,50100000000,0,0,0.4540090146,-1.268307292,1.930431312,-0.306390022,-0.009611564591,0.7543060442,0.5805645217
1504,50133333333,0,0,0.4527439419,-1.268847719,1.930351274,-0.303577005,-0.01159323867,0.7548263659,0.581329301
1505,50166666667,0,0,0.4511851807,-1.268104992,1.92963385,-0.3022480886,-0.01370248772,0.7551101643,0.5816072339
1506,50200000000,0,0,0.4485023928,-1.269646442,1.930177171,-0.3003453507,-0.0142849006,0.7558108118,0.5816688307
1507,50233333333,0,1,0.4464992294,-1.269556666,1.933548639,-0.2962081802,-0.01457780689,0.7579479065,0.5810018696
1508,50266666667,0,0,0.4440712506,-1.270572988,1.933723184,-0.2917083213,-0.01462257955,0.7593229298,0.5814818344
1509,50300000000,0,0,0.4417041149,-1.270622187,1.933137361,-0.2876507115,-0.01462217857,0.7605663691,0.5818780441
1510,50333333333,0,0,0.4392311089,-1.271754695,1.932839541,-0.2839363413,-0.01480169596,0.7618269921,0.5820487076
1511,50366666667,0,0,0.4356007445,-1.272689205,1.932397069,-0.2799465168,-0.01489818454,0.7632291035,0.5821420165
1512,50400000000,0,0,0.4317191095,-1.274229175,1.932948969,-0.2746958537,-0.01619620126,0.7648896691,0.5824291074
1513,50433333333,0,0,0.4286059442,-1.275140391,1.932658584,-0.2691486596,-0.01832650696,0.7665358428,0.5827915064
1514,50466666667,0,0,0.4265562292,-1.274928947,1.932217466,-0.2640042963,-0.02104411758,0.768395868,0.5826033528
1515,50500000000,0,0,0.423496177,-1.277672342,1.931232319,-0.2590885656,-0.02139483994,0.7698598239,0.5828646735
1516,50533333333,0,0,0.4200260903,-1.279556757,1.931448826,-0.2541045069,-0.01995599021,0.7709484916,0.5836703533
1517,50566666667,0,0,0.4155510295,-1.281558044,1.931566503,-0.248357917,-0.01915204534,0.7716720756,0.5852125698
1518,50600000000,0,1,0.4132101458,-1.282047675,1.930160513,-0.2429345917,-0.02128351846,0.7716751342,0.587407255
1519,50633333333,0,0,0.4101555634,-1.28232028,1.929722477,-0.238181825,-0.02559435301,0.7719901011,0.588766194
1520,50666666667,0,0,0.4078867914,-1.283341862,1.929774671,-0.2352739924,-0.02991874149,0.7721851304,0.5894753105
1521,50700000000,0,0,0.4058918804,-1.283849998,1.928918487,-0.2335123445,-0.03248379891,0.7722475172,0.5899581002
1522,50733333333,0,0,0.4036877595,-1.284482978,1.928775048,-0.2312910865,-0.03359318593,0.7732386757,0.5894725453
1523,50766666667,0,0,0.3995800375,-1.28729614,1.928211367,-0.2268291198,-0.03401495799,0.7743988246,0.5896592181
1524,50800000000,0,0,0.3969985236,-1.288942247,1.927752174,-0.2221173332,-0.0355263373,0.7755215208,0.589888244
1525,50833333333,0,0,0.395012606,-1.290679028,1.927196154,-0.2184935955,-0.03716705939,0.7762686117,0.5901577763
1526,50866666667,0,0,0.3923109325,-1.291583709,1.925492893,-0.2155925109,-0.0387156539,0.7767450625,0.5904981585
1527,50900000000,0,0,0.3892766878,-1.294532725,1.924362861,-0.2126986694,-0.04039226275,0.7767580992,0.5914174469
1528,50933333333,0,0,0.3876949064,-1.293939855,1.923102197,-0.2113098866,-0.04194512979,0.7769689002,0.5915302749
1529,50966666667,0,0,0.38358711,-1.298094007,1.921024814,-0.2082432746,-0.04175157348,0.7769746829,0.5926228875
1530,51000000000,0,0,0.3823490292,-1.298496828,1.919482135,-0.2056476229,-0.0423905672,0.7766686639,0.5938837273
1531,51033333333,0,1,0.3813458942,-1.297960691,1.916191846,-0.2034508374,-0.04250706275,0.7767418061,0.5945360149
1532,51066666667,0,0,0.379315017,-1.299100442,1.914611713,-0.2010101187,-0.04213611845,0.7775453001,0.5943423138
1533,51100000000,0,0,0.3774496471,-1.299910108,1.912705274,-0.198429879,-0.0434441118,0.7782752887,0.5941597153
1534,51133333333,0,0,0.3767488219,-1.300622163,1.910024987,-0.1962626878,-0.04600307233,0.7791413358,0.5935515593
1535,51166666667,0,0,0.3756330133,-1.303077262,1.90679014,-0.1947692846,-0.04668189674,0.7796227241,0.5933583524
1536,51200000000,0,0,0.3743043457,-1.304702939,1.90348978,-0.1943782013,-0.04552583976,0.7799394155,0.5931601983
1537,51233333333,0,0,0.3729219281,-1.304005143,1.901539782,-0.1936099047,-0.04462021001,0.7814624276,0.5914733434
1538,51266666667,0,1,0.3704931109,-1.308592978,1.897364228,-0.1895519581,-0.04442291717,0.7831299852,0.5905963815
1539,51300000000,0,0,0.3690753285,-1.310254562,1.895314091,-0.1837641411,-0.04530066494,0.7850087402,0.5898642793
1540,51333333333,0,0,0.3687628185,-1.31224521,1.892175625,-0.1787362079,-0.04610794195,0.7861418387,0.5898376345
1541,51366666667,0,0,0.3680495247,-1.313377518,1.889612123,-0.175215336,-0.04645951523,0.7870527718,0.5896516208
1542,51400000000,0,0,0.3671541909,-1.313751063,1.887796582,-0.1721676246,-0.04747748043,0.7880477282,0.5891391821
1543,51433333333,0,0,0.3666424702,-1.315020054,1.885406796,-0.1686529598,-0.04921054818,0.7890314032,0.58869682
1544,51466666667,0,0,0.3665588107,-1.314948881,1.882540715,-0.1673495186,-0.05010940115,0.7897644138,0.5880096574
1545,51500000000,0,0,0.3649216099,-1.317565664,1.878932235,-0.1663273937,-0.0482836223,0.7903379217,0.5876817672
1546,51533333333,0,0,0.3641501984,-1.317968077,1.876461521,-0.1644577863,-0.04730056184,0.7911490123,0.5871963332
1547,51566666667,0,0,0.363129856,-1.320186796,1.872302164,-0.1621883375,-0.04655249455,0.7918550648,0.5869355713
1548,51600000000,0,0,0.3619680511,-1.321851516,1.869525405,-0.16037013,-0.0458977167,0.7924179287,0.5867270636
1549,51633333333,0,1,0.359600263,-1.323855419,1.866384297,-0.1589824389,-0.044993635,0.7924549687,0.587124586
1550,51666666667,0,0,0.3587667884,-1.325187627,1.863342119,-0.1584224593,-0.04404952974,0.7929354507,0.5866986743
1551,51700000000,0,0,0.3577704368,-1.327082357,1.859995463,-0.1577348603,-0.04407766527,0.7932709409,0.586428246
1552,51733333333,0,0,0.3566007161,-1.32774991,1.856697181,-0.1588542744,-0.04363448875,0.7937145956,0.5855582735
1553,51766666667,0,0,0.3552853324,-1.329224616,1.85381677,-0.1609473774,-0.0427522909,0.7948546544,0.5835017238
1554,51800000000,0,0,0.3530675445,-1.333098271,1.850558575,-0.1604391793,-0.04200656201,0.7957049288,0.582536166
1555,51833333333,0,0,0.3528225011,-1.334587559,1.848059314,-0.1595531626,-0.04168127165,0.7960497056,0.5823318007
1556,51866666667,0,1,0.3505561414,-1.336168326,1.842589283,-0.1592025158,-0.04019107632,0.7963502024,0.5821216294
1557,51900000000,0,0,0.3493895585,-1.339095674,1.840931687,-0.1586910134,-0.03928864248,0.797789923,0.5803488637
1558,51933333333,0,0,0.3478851638,-1.341241623,1.839732562,-0.1562819139,-0.03921684584,0.7985570584,0.5799522626
1559,51966666667,0,0,0.3459477976,-1.343115875,1.837654199,-0.15270126,-0.03897311191,0.7990534923,0.5802386907
1560,52000000000,0,0,0.3447137736,-1.345069256,1.835205299,-0.1501579987,-0.03812523269,0.7991326779,0.5808493826
1561,52033333333,0,0,0.3433511497,-1.345879309,1.83344223,-0.1499571586,-0.03737241764,0.7992519148,0.5807861307
1562,52066666667,0,0,0.3419935528,-1.346812591,1.831603398,-0.1514647604,-0.03797645134,0.7992567812,0.580348872
1563,52100000000,0,0,0.3402589512,-1.348258378,1.830436426,-0.1535790746,-0.03966269079,0.799563461,0.579256947
1564,52133333333,0,0,0.337789497,-1.349887585,1.828246668,-0.1556069834,-0.04037321383,0.7995286287,0.5787144738
1565,52166666667,0,0,0.3356458366,-1.351474285,1.825924985,-0.1574857325,-0.04079358168,0.7995191333,0.5781896603
1566,52200000000,0,0,0.3325867834,-1.353076823,1.823978742,-0.1587781287,-0.0395254317,0.7998605925,0.5774515379
1567,52233333333,0,1,0.3307862016,-1.356997262,1.821292176,-0.1591053106,-0.03707740052,0.8003379293,0.5768621719
1568,52266666667,0,0,0.3290520273,-1.358819908,1.819857485,-0.1582019138,-0.03564742872,0.8012015388,0.5760013104
1569,52300000000,0,0,0.3277588329,-1.360960365,1.817565029,-0.1564025524,-0.03387281613,0.8027568826,0.5744321208
1570,52333333333,0,0,0.3260398367,-1.36337276,1.81634215,-0.1539850306,-0.03199137243,0.8043516512,0.5729603682
1571,52366666667,0,0,0.3240793219,-1.364733513,1.814291791,-0.1532923854,-0.031079035,0.8061334362,0.570687674
1572,52400000000,0,0,0.3221479466,-1.367910586,1.813036283,-0.1536198907,-0.03042822003,0.8082452456,0.5676395649
1573,52433333333,0,0,0.3206939462,-1.370224178,1.812281295,-0.1535476531,-0.03071198113,0.8100745714,0.5650301595
1574,52466666667,0,0,0.3189577581,-1.372802039,1.810630631,-0.152513921,-0.03135211389,0.8114829764,0.563251212
1575,52500000000,0,0,0.3178859857,-1.375209736,1.809254985,-0.1517683246,-0.03231710941,0.8121219219,0.5624766343
1576,52533333333,0,1,0.3148591351,-1.376002143,1.807154468,-0.1514840203,-0.03366776656,0.8125055607,0.5619197335
1577,52566666667,0,0,0.3134859846,-1.378452152,1.805635287,-0.1526921275,-0.03498095392,0.8129848766,0.5608181858
1578,52600000000,0,0,0.3125419958,-1.380012424,1.80447577,-0.1544952023,-0.03512737328,0.8132037827,0.5599972393
1579,52633333333,0,0,0.3123868851,-1.382375767,1.803858549,-0.1550858966,-0.03595832414,0.8132951368,0.5596484469
1580,52666666667,0,0,0.3112195913,-1.384306422,1.803716719,-0.1551177769,-0.03708203867,0.8123149603,0.5609882378
1581,52700000000,0,0,0.309777039,-1.385132175,1.802170767,-0.1564245442,-0.03722489177,0.8105838129,0.5631159309
1582,52733333333,0,0,0.3086577207,-1.384972518,1.799360517,-0.1587497942,-0.03790643872,0.8098739548,0.5634410192
1583,52766666667,0,0,0.3078109068,-1.387156726,1.79740142,-0.1602457934,-0.03905115463,0.8104732097,0.5620760352
1584,52800000000,0,0,0.3066700308,-1.388084094,1.795989238,-0.1615518093,-0.04012961541,0.8114897091,0.5601562986
1585,52833333333,0,1,0.3053633997,-1.390516653,1.790485601,-0.1632107204,-0.04055370165,0.8128527261,0.5576630736
1586,52866666667,0,0,0.3063522907,-1.393322769,1.791464555,-0.1637076387,-0.0418445363,0.8154600449,0.5536007216
1587,52900000000,0,0,0.3060321943,-1.395286355,1.790663042,-0.1637888454,-0.04249816001,0.8169823385,0.551277588
1588,52933333333,0,0,0.3051695716,-1.397463555,1.789734188,-0.1647003204,-0.0424029803,0.8182634303,0.5491090514
1589,52966666667,0,0,0.3055941802,-1.399328202,1.789416884,-0.1658395326,-0.04271378734,0.8198700358,0.5463386369
1590,53000000000,0,0,0.3057950658,-1.400762339,1.789818195,-0.1658272585,-0.04341961653,0.8210384621,0.5445290636
1591,53033333333,0,0,0.3053949393,-1.40145349,1.789381696,-0.1649182074,-0.04495967155,0.8219659681,0.5432794494
1592,53066666667,0,0,0.3055888375,-1.402440467,1.789730587,-0.1639362021,-0.04753683637,0.8227212363,0.5422130007
1593,53100000000,0,0,0.3043713469,-1.402861619,1.788702456,-0.163644766,-0.04921735246,0.8225475598,0.5424145598
1594,53133333333,0,0,0.3042320206,-1.402850856,1.787895566,-0.1646085274,-0.04883755679,0.8225930205,0.5420882294
1595,53166666667,0,0,0.3040862328,-1.40236542,1.788109755,-0.1650645502,-0.04686420484,0.8224365488,0.5423611009
1596,53200000000,0,0,0.3041424204,-1.401541835,1.788612421,-0.1644129337,-0.04592813108,0.8221382812,0.5430908217
1597,53233333333,0,0,0.3024113764,-1.400857862,1.788020918,-0.163908085,-0.04543994979,0.8212885777,0.5445681066
1598,53266666667,0,0,0.3013390476,-1.399694792,1.787496713,-0.1647385595,-0.04487088755,0.8205033547,0.5455474823
1599,53300000000,0,0,0.3010184459,-1.39824424,1.786828448,-0.1655511066,-0.0446671411,0.8197487736,0.5464518514
1600,53333333333,0,0,0.3009333061,-1.396868272,1.785583351,-0.1657438327,-0.04498117366,0.8193807524,0.546919426
1601,53366666667,0,0,0.3012502572,-1.396082298,1.784743879,-0.1659584736,-0.04504425846,0.8191971793,0.5471241003
1602,53400000000,0,0,0.3014785689,-1.394493675,1.784464358,-0.1659664036,-0.04508904973,0.818725115,0.5478241658
1603,53433333333,0,0,0.3011998231,-1.393702226,1.784017768,-0.1659111168,-0.0455412875,0.8184501363,0.5482142527
1604,53466666667,0,0,0.3005262838,-1.391865392,1.783317311,-0.1661272749,-0.04700661567,0.8184452398,0.5480323859
1605,53500000000,0,1,0.3000981209,-1.390902188,1.782782355,-0.1665388423,-0.04917896334,0.8187927196,0.5471971545
1606,53533333333,0,0,0.30002626,-1.390128012,1.782252672,-0.1674762973,-0.05105200278,0.819291201,0.5459920428
1607,53566666667,0,0,0.3005949112,-1.38945036,1.781897615,-0.1686551562,-0.05238542014,0.8199066065,0.5445772329
1608,53600000000,0,0,0.3014514388,-1.388410326,1.781385822,-0.1694540839,-0.05236971471,0.8207341811,0.543082066
1609,53633333333,0,0,0.30309982,-1.38731649,1.7810083,-0.1695633871,-0.05129601301,0.8219639692,0.5412875485
1610,53666666667,0,0,0.304997967,-1.38633305,1.7824682,-0.167763143,-0.05114379395,0.8232577849,0.5398948599
1611,53700000000,0,0,0.3053095747,-1.384963577,1.781647449,-0.1658473079,-0.05134119088,0.82407692,0.539217936
1612,53733333333,0,0,0.3055082737,-1.383371263,1.78181909,-0.1648627911,-0.05146971689,0.8253173544,0.5376080291
1613,53766666667,0,0,0.3060595421,-1.381968259,1.782609414,-0.1643750871,-0.05174085224,0.8263253832,0.5361810105
1614,53800000000,0,0,0.3063767676,-1.380786474,1.784031429,-0.1637364743,-0.05189994173,0.8268173638,0.5356022871
1615,53833333333,0,0,0.3066616741,-1.378783139,1.784702545,-0.1638174746,-0.05144844868,0.8266959068,0.5358085197
1616,53866666667,0,0,0.3075563345,-1.376415655,1.78565921,-0.163611607,-0.04967485817,0.8265302934,0.5362940655
1617,53900000000,0,0,0.3077938826,-1.374977862,1.786839473,-0.1622903542,-0.04703918269,0.826257384,0.5373526697
1618,53933333333,0,0,0.3069120027,-1.373166228,1.787804527,-0.1607968937,-0.04474977987,0.8260210756,0.5383595442
1619,53966666667,0,0,0.3049784837,-1.37146164,1.789382518,-0.1599608917,-0.04328404128,0.8256017371,0.5393707228
1620,54000000000,0,0,0.3033375553,-1.369756603,1.790200761,-0.1597412253,-0.04291887747,0.8254110099,0.5397567745
1621,54033333333,0,0,0.3018346492,-1.368698255,1.792064805,-0.1598428092,-0.04297037292,0.8253401918,0.5398308913
1622,54066666667,0,0,0.2996156234,-1.367710996,1.792858573,-0.1608984445,-0.04204900208,0.8250969036,0.5399617317
1623,54100000000,0,0,0.2988726102,-1.36698545,1.795496268,-0.1624232213,-0.03993197218,0.8253198755,0.5393247982
1624,54133333333,0,0,0.2975983969,-1.365475197,1.797714261,-0.1626986231,-0.03822097212,0.8250269079,0.5398137795
1625,54166666667,0,1,0.2965666852,-1.364738819,1.801378115,-0.1622696203,-0.03781135132,0.8250951903,0.5398673902
1626,54200000000,0,0,0.293388801,-1.363422767,1.801702882,-0.1633387941,-0.03626391157,0.8249636071,0.539852215
1627,54233333333,0,0,0.2929235761,-1.363009047,1.804213349,-0.164112651,-0.036262955,0.8264358412,0.5373600621
1628,54266666667,0,0,0.2932266213,-1.362653449,1.807354789,-0.1628340159,-0.03767855611,0.8276543731,0.535773878
1629,54300000000,0,0,0.2924996849,-1.362432013,1.809108903,-0.1599622393,-0.03710812882,0.8286485467,0.5351417147
1630,54333333333,0,0,0.2922259357,-1.362271032,1.811472179,-0.1560013914,-0.03492692229,0.8299168515,0.5344919976
1631,54366666667,0,0,0.2903460398,-1.362200452,1.81347894,-0.1516394377,-0.03272828224,0.8312592678,0.5337999346
1632,54400000000,0,0,0.2886613276,-1.362577554,1.816509468,-0.1477081049,-0.03216388679,0.8326763078,0.5327269156
1633,54433333333,0,0,0.2860268722,-1.363103389,1.818832398,-0.1448502503,-0.03358133986,0.8333955493,0.5322993115
1634,54466666667,0,0,0.2839664304,-1.363912635,1.821536651,-0.1436032717,-0.03509330972,0.8337433019,0.5319949874
1635,54500000000,0,0,0.28143191,-1.363927592,1.825035785,-0.1426590337,-0.03714782488,0.833427415,0.5326041525
1636,54533333333,0,1,0.2794611127,-1.362703382,1.828900934,-0.1415613331,-0.04034583607,0.8328387191,0.5335843611
1637,54566666667,0,0,0.2770786652,-1.361806289,1.832147594,-0.1407710285,-0.0425351969,0.8310018757,0.5364794099
1638,54600000000,0,0,0.2744109394,-1.360124095,1.833601952,-0.1398044736,-0.04495810957,0.829536339,0.5387976799
1639,54633333333,0,0,0.2725715784,-1.358382187,1.836207472,-0.1381542166,-0.04898321129,0.8288588431,0.539913952
1640,54666666667,0,0,0.2698067924,-1.357255488,1.838708539,-0.1366283263,-0.05211195078,0.8284752804,0.5405975904
1641,54700000000,0,0,0.2672066317,-1.355066195,1.841530443,-0.1359089256,-0.0531873047,0.8285481785,0.540562476
1642,54733333333,0,0,0.2650998983,-1.352874305,1.844234308,-0.135534571,-0.05219035388,0.8289465313,0.5401427545
1643,54766666667,0,0,0.2630302901,-1.3504886,1.848274692,-0.1346212503,-0.05007854107,0.8294659222,0.5397736031
1644,54800000000,0,1,0.2607802543,-1.346892295,1.852036222,-0.1332946958,-0.04909842185,0.8301442483,0.5391496973
1645,54833333333,0,0,0.2580700683,-1.344095012,1.856507825,-0.1329583601,-0.04837686074,0.830515613,0.5387258768
1646,54866666667,0,0,0.2549917998,-1.341264937,1.860327176,-0.1337181232,-0.04643200728,0.8305646818,0.5386333091
1647,54900000000,0,0,0.2528153001,-1.338448389,1.864752767,-0.1350305612,-0.04402199977,0.8306892346,0.5383160843
1648,54933333333,0,0,0.2509102665,-1.334621237,1.869918634,-0.1354671402,-0.04230269574,0.8305309436,0.5385884214
1649,54966666667,0,0,0.2493298551,-1.331452898,1.874333037,-0.1351535555,-0.04118182647,0.8300727875,0.5394596751
1650,55000000000,0,0,0.2473478485,-1.327687032,1.879374707,-0.1339881185,-0.04011592784,0.8293324514,0.5409672648
1651,55033333333,0,1,0.2455315347,-1.323642234,1.882371789,-0.132253144,-0.03873123088,0.828332524,0.5430232291
1652,55066666667,0,0,0.2440508765,-1.320269244,1.885864265,-0.1303296194,-0.03476506304,0.8276326657,0.5448208433
1653,55100000000,0,0,0.2423499166,-1.316433014,1.890808629,-0.1271061204,-0.03055951189,0.8272336957,0.5464380689
1654,55133333333,0,0,0.2401095022,-1.312538555,1.895578467,-0.1229809106,-0.02705510785,0.8259882239,0.5494426001
1655,55166666667,0,0,0.2363634921,-1.309007138,1.898163511,-0.1196522771,-0.02348579796,0.8245707421,0.5524625246
1656,55200000000,0,0,0.2340167579,-1.306301298,1.902053777,-0.1180496741,-0.02052844718,0.8237340399,0.5541706315
1657,55233333333,0,1,0.2333212749,-1.30297878,1.905038421,-0.1168229377,-0.01928779746,0.8225344448,0.5562530623
1658,55266666667,0,0,0.2309596223,-1.300119275,1.907458458,-0.1159678071,-0.01665746035,0.8216043854,0.5578890846
1659,55300000000,0,0,0.2295865071,-1.297563429,1.909917801,-0.1154288127,-0.0117916325,0.8209300692,0.5591162384
1660,55333333333,0,0,0.2290463781,-1.294358575,1.912535679,-0.1135610264,-0.007738503522,0.8206797544,0.5599363799
1661,55366666667,0,0,0.229206083,-1.292437091,1.916860253,-0.1102896021,-0.006211772699,0.8208657417,0.5603365521
1662,55400000000,0,0,0.2278911908,-1.289745522,1.919193531,-0.1067831465,-0.006301189992,0.8207889889,0.561126626
1663,55433333333,0,0,0.2273242532,-1.287309212,1.921341297,-0.1041799633,-0.006387324281,0.8212766504,0.5609014181
1664,55466666667,0,1,0.2268869159,-1.286431645,1.923236106,-0.1026311943,-0.004635501077,0.8217008072,0.5605828517
1665,55500000000,0,0,0.2266753326,-1.284686815,1.926168505,-0.1008334166,-0.004135273708,0.8224477793,0.559817088
1666,55533333333,0,0,0.2270791812,-1.282613016,1.929656975,-0.09943231273,-0.002805078186,0.8227629736,0.5596127553
1667,55566666667,0,0,0.2270055413,-1.28035766,1.931587729,-0.09786012137,-0.0007366286575,0.8228996402,0.5596954852
1668,55600000000,0,0,0.2275231399,-1.278199478,1.93522252,-0.09582476229,0.001536016242,0.8232741986,0.5594951737
1669,55633333333,0,0,0.2269371902,-1.275504094,1.938111537,-0.0936479952,0.004072608242,0.8231906861,0.5599737147
1670,55666666667,0,0,0.2269538463,-1.273643969,1.942348446,-0.09210198153,0.006785801884,0.8227329962,0.5608757393
1671,55700000000,0,1,0.227673835,-1.271516309,1.945141339,-0.09020915914,0.008275281098,0.8211705326,0.5634472324
1672,55733333333,0,0,0.2272923698,-1.268565654,1.948259167,-0.0883286774,0.009329325791,0.8192543167,0.5665098173
1673,55766666667,0,0,0.227008402,-1.265751701,1.951055502,-0.08692522275,0.01028182336,0.8178266547,0.5687687163
1674,55800000000,0,0,0.226899675,-1.262993021,1.954408029,-0.08586761168,0.01116681025,0.8167927998,0.5703959834
1675,55833333333,0,0,0.2268404824,-1.261168279,1.958571758,-0.08492121416,0.01288722716,0.8153360235,0.5725814139
1676,55866666667,0,0,0.2264372709,-1.258210333,1.960843719,-0.0839817006,0.01478153401,0.8137756828,0.5748893096
1677,55900000000,0,0,0.2270491301,-1.256597238,1.965756857,-0.08243374257,0.01555997153,0.8133223261,0.5757337572
1678,55933333333,0,1,0.2266351459,-1.253711263,1.968193858,-0.08007401473,0.01541920045,0.8118186851,0.5781875326
1679,55966666667,0,0,0.2260825684,-1.251186316,1.970991908,-0.07798773098,0.01345183866,0.8111044273,0.5795227087
1680,56000000000,0,0,0.2259424795,-1.250054208,1.974940923,-0.07609818019,0.0118198836,0.8108530278,0.5801609472
1681,56033333333,0,0,0.2260941267,-1.248485282,1.979281762,-0.0738044964,0.01020219239,0.809947722,0.5817503754
1682,56066666667,0,0,0.2257293734,-1.246806341,1.983446616,-0.07142842707,0.008819897851,0.8086422619,0.5838817358
1683,56100000000,0,0,0.2253977553,-1.24532076,1.986417305,-0.0695280678,0.007814458522,0.8071982333,0.5861192662
1684,56133333333,0,1,0.2236580929,-1.244025488,1.988808289,-0.06723116592,0.007822652881,0.8055548312,0.5886426678
1685,56166666667,0,0,0.2232635934,-1.242815784,1.992350242,-0.06544856429,0.007999778452,0.8034892524,0.5916565814
1686,56200000000,0,0,0.2222588322,-1.241361507,1.995581847,-0.06423054592,0.008038034823,0.8009429016,0.5952312956
1687,56233333333,0,0,0.2217636198,-1.240023958,1.998652718,-0.06446139626,0.00814205167,0.7988086529,0.5980661932
1688,56266666667,0,0,0.2208823403,-1.238994323,2.001537124,-0.06431445205,0.007491197509,0.7964503912,0.6012273344
1689,56300000000,0,0,0.2199662943,-1.23764898,2.004253325,-0.06427379351,0.006172435262,0.7945882692,0.6037054439
1690,56333333333,0,0,0.219151736,-1.236856497,2.006821652,-0.06499976454,0.006191368282,0.7933795385,0.6052153381
1691,56366666667,0,1,0.2168523983,-1.238684548,2.009269822,-0.06416316082,0.008180844603,0.7918178905,0.6073224769
1692,56400000000,0,0,0.2160768866,-1.238366236,2.012009313,-0.06294485069,0.009559235281,0.7901365354,0.6096153068
1693,56433333333,0,0,0.2152596461,-1.237828469,2.014476719,-0.06245368283,0.01108878898,0.7889905118,0.611122368
1694,56466666667,0,0,0.2138630589,-1.238187261,2.017021367,-0.06242282255,0.01309392779,0.7880660776,0.6122775495
1695,56500000000,0,0,0.2121743641,-1.237885262,2.020648811,-0.06168904704,0.01374983738,0.7869703681,0.6137450963
1696,56533333333,0,0,0.2105807635,-1.236767719,2.023598164,-0.0612167046,0.0132175702,0.7864462989,0.6144754103
1697,56566666667,0,0,0.2093975824,-1.23678548,2.025789184,-0.06153160382,0.01209304733,0.7864716473,0.6144346735
1698,56600000000,0,0,0.2074185162,-1.237204593,2.028143715,-0.06095664504,0.01109745045,0.7864278387,0.61456683
1699,56633333333,0,0,0.206668621,-1.238244279,2.029310123,-0.06026279665,0.01026743824,0.7856398615,0.6156565464
1700,56666666667,0,0,0.2053360602,-1.238055175,2.031367544,-0.05898466425,0.009472554762,0.7854147076,0.6160802035
1701,56700000000,0,0,0.2048230951,-1.238715641,2.033378664,-0.05816373853,0.0092675307,0.7855754769,0.6159563803
1702,56733333333,0,1,0.2056778974,-1.237876485,2.036133489,-0.05813702039,0.009167094883,0.7856018644,0.6159267504
1703,56766666667,0,0,0.2049094164,-1.237523914,2.037480667,-0.05806440312,0.009164392653,0.7849667197,0.6167428864
1704,56800000000,0,0,0.2039133817,-1.237253948,2.039546305,-0.05845036124,0.009175398351,0.7852817941,0.6163050148
1705,56833333333,0,0,0.2031471883,-1.237885077,2.040852012,-0.05839703731,0.009141814579,0.7849713336,0.6167059418
1706,56866666667,0,0,0.2018461808,-1.236785407,2.043427301,-0.05780971323,0.008335173582,0.7854898015,0.6161122735
1707,56900000000,0,0,0.2011673154,-1.23754192,2.044592064,-0.05729287298,0.007254100507,0.7859952132,0.6155293897
1708,56933333333,0,0,0.200955715,-1.238518586,2.04585039,-0.05698057748,0.006366829478,0.7862926434,0.6151882283
1709,56966666667,0,0,0.2006356518,-1.238821829,2.047149814,-0.05650009409,0.005486374271,0.7859770566,0.6156441388
1710,57000000000,0,0,0.200054897,-1.238576644,2.048799929,-0.0561498094,0.00447248497,0.7863259873,0.6152386834
1711,57033333333,0,0,0.1992750603,-1.239179701,2.050044485,-0.05603502169,0.003055606006,0.7870362709,0.6143489627
1712,57066666667,0,0,0.1990877258,-1.241043988,2.051086293,-0.05626959337,0.002394399997,0.7874642572,0.6137817554
1713,57100000000,0,0,0.1985046758,-1.242526026,2.051385671,-0.05570186781,0.001879594419,0.7868676225,0.6145999623
1714,57133333333,0,0,0.1982209184,-1.241779027,2.053612946,-0.05549731629,0.0007357061046,0.7870763111,0.6143536336
1715,57166666667,0,0,0.1984436335,-1.243164402,2.054307109,-0.05644783674,0.0005040097193,0.7869435309,0.614437358
1716,57200000000,0,0,0.1984097238,-1.243641067,2.054933876,-0.05724242775,0.0008154750752,0.7863894061,0.615072631
1717,57233333333,0,0,0.1980330221,-1.244307007,2.056067556,-0.05814193732,0.00167817573,0.7863804523,0.6149979538
1718,57266666667,0,0,0.1963086857,-1.244559834,2.056588673,-0.05869669056,0.002916031684,0.786352597,0.6149762503
1719,57300000000,0,0,0.1958363751,-1.245213448,2.057667846,-0.05957994717,0.00346892517,0.7869197038,0.6141624999
1720,57333333333,0,0,0.195649183,-1.246572578,2.058283614,-0.06048888114,0.00389464849,0.7867521173,0.6142857909
1721,57366666667,0,0,0.1944483761,-1.24567873,2.059518633,-0.06192822701,0.004523755283,0.7872724547,0.6134708733
1722,57400000000,0,1,0.1939496425,-1.245349454,2.059302254,-0.06319039268,0.004959094132,0.7876918528,0.6128000707
1723,57433333333,0,0,0.1931824746,-1.24564322,2.05983283,-0.06429075573,0.004182628627,0.7874769417,0.6129675934
1724,57466666667,0,0,0.1929225131,-1.246332145,2.059624104,-0.06713355433,0.0042484975,0.7869370265,0.6133556493
1725,57500000000,0,0,0.1923577396,-1.247571734,2.059322687,-0.07029109664,0.005876059517,0.7859083545,0.6143066759
1726,57533333333,0,0,0.1907944563,-1.247719769,2.059495036,-0.07231156516,0.008219476903,0.7850189443,0.6151818713
1727,57566666667,0,0,0.1887914644,-1.247763534,2.059597009,-0.07249912988,0.009143641777,0.78520773,0.6149057576
1728,57600000000,0,0,0.1875026829,-1.248059481,2.060030052,-0.07194730681,0.008901909171,0.78585216,0.614150408
1729,57633333333,0,0,0.1872550709,-1.2477216,2.061079171,-0.0727926172,0.007726943236,0.7867235553,0.6129498974
1730,57666666667,0,0,0.1867260774,-1.249902126,2.06031682,-0.07407743541,0.006878850345,0.7866909105,0.6128479635
1731,57700000000,0,0,0.1858123734,-1.25093288,2.060581791,-0.07452616162,0.006854559292,0.7860523605,0.6136127059
1732,57733333333,0,0,0.1841832421,-1.249628354,2.060771244,-0.07500116989,0.007290374366,0.7860920224,0.6134989871
1733,57766666667,0,0,0.1823918872,-1.250228875,2.060868387,-0.07540341439,0.007661271203,0.7862923205,0.6131884023
1734,57800000000,0,0,0.1801107363,-1.249753928,2.061720744,-0.07584116364,0.006885853676,0.7863852108,0.6130244719
1735,57833333333,0,0,0.1776886798,-1.248965376,2.061228641,-0.07723980888,0.005785402326,0.7865346463,0.612669398
1736,57866666667,0,0,0.1762298613,-1.250490398,2.060435492,-0.07906420835,0.005953724877,0.7860885874,0.6130074525
1737,57900000000,0,0,0.1728026163,-1.250169757,2.060187011,-0.07882795906,0.006374062075,0.7854193147,0.6138908895
1738,57933333333,0,0,0.1710669252,-1.2494751,2.060157811,-0.07921733267,0.006181804819,0.7850983818,0.6142531484
1739,57966666667,0,1,0.1675608054,-1.251707965,2.058291146,-0.07927410303,0.00804211521,0.7837705648,0.6159177239
1740,58000000000,0,0,0.1649348138,-1.251038718,2.058104833,-0.07995588997,0.009470539063,0.7830918105,0.6166721826
1741,58033333333,0,0,0.1618078371,-1.250243138,2.057566239,-0.08023182597,0.01079875652,0.78279801,0.6169874525
1742,58066666667,0,0,0.158691074,-1.250542331,2.057504108,-0.08005403795,0.01180662819,0.7829575644,0.6167895969
1743,58100000000,0,0,0.1553903461,-1.250363148,2.056809728,-0.07865787035,0.01153865218,0.7827698196,0.61721245
1744,58133333333,0,0,0.1523907087,-1.250811772,2.055947617,-0.0763136649,0.0104838918,0.7827854022,0.61750573
1745,58166666667,0,0,0.1492179938,-1.250728279,2.055253931,-0.07285597327,0.009121787877,0.7828193082,0.617901878
1746,58200000000,0,0,0.1463569092,-1.250312679,2.054342295,-0.06912967975,0.007471085368,0.7830896996,0.6180095409
1747,58233333333,0,0,0.143903763,-1.251046079,2.053579463,-0.06542694332,0.00616224815,0.7832193684,0.6182626972
1748,58266666667,0,0,0.1415103239,-1.250705765,2.053334547,-0.06161127556,0.004621588807,0.7827722823,0.6192335954
1749,58300000000,0,0,0.1408174272,-1.251184812,2.053021201,-0.05997921207,0.00318012413,0.7822375416,0.6200780672
1750,58333333333,0,0,0.1379703855,-1.252248497,2.051797325,-0.05868937995,0.004423043407,0.7804975839,0.6223821294
1751,58366666667,0,1,0.1341291441,-1.250968225,2.050692482,-0.05631998825,0.006230625509,0.7792084205,0.6241982662
1752,58400000000,0,0,0.1301816791,-1.250460454,2.049843109,-0.05289460083,0.007022233914,0.7787198244,0.6250986198
1753,58433333333,0,0,0.1276569253,-1.249867131,2.050058641,-0.04932090274,0.006269823995,0.7788436219,0.6252445526
1754,58466666667,0,0,0.1261954591,-1.249745595,2.050512495,-0.04718188108,0.005077851231,0.7788094791,0.6254629332
1755,58500000000,0,0,0.1240445309,-1.249988993,2.050108263,-0.0466220082,0.00431967034,0.7778247296,0.6267347277
1756,58533333333,0,0,0.121267527,-1.249009977,2.049431489,-0.04664092352,0.003760812227,0.7769438356,0.6278286046
1757,58566666667,0,0,0.1182361882,-1.24851353,2.048168456,-0.04609631033,0.004127044747,0.7763932134,0.6285472742
1758,58600000000,0,0,0.1148209582,-1.249022859,2.046866011,-0.04348848367,0.00441707341,0.7766197523,0.6284512723
1759,58633333333,0,0,0.1122722027,-1.250271468,2.046373575,-0.03942197044,0.00379703109,0.776735112,0.6285809865
1760,58666666667,0,0,0.1109791542,-1.24887564,2.046270461,-0.03713114676,0.002967539596,0.7771550041,0.6282058351
1761,58700000000,0,0,0.1089220831,-1.24899175,2.045631124,-0.0366236654,0.002672142624,0.7781224373,0.6270383078
1762,58733333333,0,0,0.1058376518,-1.250984719,2.045262712,-0.03533319774,0.002591670377,0.7781559825,0.6270710607
1763,58766666667,0,0,0.1031435402,-1.249696101,2.043732868,-0.03389677002,0.002640934256,0.778132479,0.6271793041
1764,58800000000,0,0,0.1002225454,-1.250887314,2.043503344,-0.03169190044,0.002757160623,0.778777344,0.626493312
1765,58833333333,0,1,0.09809601585,-1.252788042,2.042783871,-0.02869414463,0.002973778424,0.7781147803,0.6274593146
1766,58866666667,0,0,0.09648238186,-1.25176974,2.042472837,-0.02679997692,0.00328258999,0.7777897953,0.6279442811
1767,58900000000,0,0,0.09436360357,-1.251411803,2.042560095,-0.02561102903,0.003598796831,0.7777902645,0.627991583
1768,58933333333,0,0,0.09212232482,-1.250657775,2.042837603,-0.02468311062,0.003328822214,0.7776463985,0.6282083587
1769,58966666667,0,0,0.0893015125,-1.249271095,2.042712392,-0.02383857987,0.002654184258,0.7776603687,0.6282268925
1770,59000000000,0,0,0.0867369457,-1.248560197,2.041894807,-0.02288672046,0.002029883921,0.7780421379,0.6277917722
1771,59033333333,0,0,0.08490614904,-1.248825711,2.0412815,-0.02158817618,0.001952733821,0.7783917683,0.6274044888
1772,59066666667,0,0,0.08289085922,-1.24857351,2.040859885,-0.02008676984,0.00257387855,0.7789067446,0.6268127153
1773,59100000000,0,0,0.08128681036,-1.248734051,2.040920468,-0.01913636426,0.003160534247,0.7793211461,0.6263244861
1774,59133333333,0,0,0.07998439796,-1.248860009,2.041379993,-0.01930466226,0.003368272997,0.7795996003,0.6259716032
1775,59166666667,0,0,0.07778518306,-1.248436951,2.040982193,-0.02099397058,0.003865691401,0.779176263,0.6264412668
1776,59200000000,0,0,0.07586554447,-1.247079144,2.039856735,-0.02314027816,0.00384248572,0.7799180047,0.6254419787
1777,59233333333,0,0,0.07385590533,-1.2498458,2.038797379,-0.02297893277,0.004157339236,0.7807957886,0.6243497592
1778,59266666667,0,0,0.07268591454,-1.250847934,2.037754625,-0.02149017451,0.00482681523,0.7809707049,0.6241791668
1779,59300000000,0,0,0.07280256118,-1.251101818,2.038419748,-0.02107740078,0.005459837911,0.7818832032,0.6230446131
1780,59333333333,0,0,0.07257269806,-1.252163687,2.038623344,-0.02148167499,0.006944206692,0.7822351123,0.6225741278
1781,59366666667,0,0,0.07136333043,-1.252408611,2.038626657,-0.02184886966,0.008524448159,0.7821645045,0.622630427
1782,59400000000,0,0,0.06929431699,-1.252640045,2.038799755,-0.02182985838,0.009858735766,0.782053932,0.622750279
1783,59433333333,0,0,0.06737718543,-1.252008415,2.038553552,-0.02142392066,0.01044076125,0.7819073063,0.6229389781
1784,59466666667,0,0,0.06596652717,-1.252236978,2.038609685,-0.02083351712,0.01086146808,0.7821634968,0.6226301128
1785,59500000000,0,1,0.06302871402,-1.254809193,2.037194343,-0.01940526363,0.01278570072,0.7815051428,0.6234658558
1786,59533333333,0,0,0.06179614168,-1.255273188,2.038071415,-0.01847062085,0.01497229676,0.7812902277,0.623714876
1787,59566666667,0,0,0.05974098025,-1.254405955,2.039282654,-0.01754300784,0.01661751935,0.7813068169,0.6236792114
1788,59600000000,0,0,0.05808459452,-1.253767885,2.039590833,-0.01840882545,0.0181603662,0.7817153946,0.6230989955
1789,59633333333,0,0,0.05555497714,-1.25414397,2.040037985,-0.01973868165,0.02000610859,0.7822656585,0.6223106777
1790,59666666667,0,0,0.05242947345,-1.255133557,2.040757409,-0.01981373581,0.02154782766,0.7827731388,0.6216183075
1791,59700000000,0,0,0.04904690797,-1.255674829,2.040656775,-0.01848944272,0.02285997715,0.7832025047,0.6210711703
1792,59733333333,0,0,0.04565324447,-1.257117046,2.041902727,-0.01641095529,0.02379959928,0.7838444767,0.6202838834
1793,59766666667,0,0,0.04259091666,-1.25747026,2.042695903,-0.01441372998,0.02381607497,0.7840007256,0.6201353894
1794,59800000000,0,0,0.03917332861,-1.25736475,2.043413803,-0.01242527029,0.02258121581,0.7843533174,0.6197786498
1795,59833333333,0,0,0.03625294488,-1.258369261,2.044475811,-0.0108832678,0.02069936028,0.7845432747,0.6196329083
1796,59866666667,0,0,0.03265025219,-1.258271183,2.043373736,-0.009557026047,0.01935681512,0.7842636925,0.6200519636
1797,59900000000,0,0,0.0276290546,-1.258765768,2.042771548,-0.006502959099,0.01860239063,0.7849140424,0.6192912147
1798,59933333333,0,0,0.02419532287,-1.259911809,2.042434377,-0.002226109208,0.01691649119,0.7858664283,0.6181608477
1799,59966666667,0,0,0.02101981668,-1.26031756,2.042190578,0.001014614232,0.01585451283,0.7870030559,0.6167445136
1800,60000000000,0,0,0.01767230599,-1.261356927,2.042646885,0.002708801805,0.01554507171,0.788459203,0.614884622
1801,60033333333,0,0,0.0148370125,-1.265003407,2.043902411,0.004010191503,0.01554741632,0.788704023,0.61456339
1802,60066666667,0,0,0.0106524744,-1.265953734,2.043198632,0.005600185437,0.01622055769,0.7878832542,0.6155855012
1803,60100000000,0,1,0.007198269659,-1.267379637,2.043775291,0.00700466649,0.01672686842,0.7876395794,0.6158693364
1804,60133333333,0,0,0.001641852789,-1.268273086,2.044369617,0.01061470341,0.01582913763,0.7873739522,0.6161810009
1805,60166666667,0,0,-0.002868400156,-1.268642023,2.045217283,0.01430836291,0.01306639827,0.7873678385,0.6161788919
1806,60200000000,0,0,-0.006253824232,-1.269175364,2.045852766,0.01597512767,0.01011852086,0.787594118,0.6159041452
1807,60233333333,0,0,-0.01002336467,-1.271177648,2.046207086,0.01615407146,0.008540432396,0.7876276266,0.6158805313
1808,60266666667,0,0,-0.01457107199,-1.272388734,2.045975104,0.0164076879,0.008677097589,0.7873886879,0.6161773689
1809,60300000000,0,0,-0.01997622788,-1.273688298,2.045833913,0.01762878044,0.009802398075,0.7872808669,0.6162645339
1810,60333333333,0,0,-0.02471014341,-1.275486275,2.04711378,0.01968096039,0.01012863249,0.7872840594,0.6161930545
1811,60366666667,0,0,-0.02860883587,-1.276292599,2.0484836,0.02080136257,0.009524898012,0.7869556117,0.6165853103
1812,60400000000,0,0,-0.03279922261,-1.275870307,2.049663549,0.02057206774,0.008626730476,0.7868240185,0.6167741348
1813,60433333333,0,0,-0.03773890778,-1.278066349,2.050727282,0.02054816498,0.007513555903,0.7866215643,0.6170476757
1814,60466666667,0,0,-0.04264077948,-1.278555168,2.049964319,0.02164018279,0.006547995762,0.7853775364,0.6186040346
1815,60500000000,0,1,-0.04898144703,-1.277377789,2.047326306,0.02422414039,0.005677684735,0.7846358957,0.6194573966
1816,60533333333,0,0,-0.05273641785,-1.278943297,2.047387388,0.02570651723,0.004246838057,0.7849429763,0.6190199216
1817,60566666667,0,0,-0.05669960097,-1.279550222,2.047333544,0.02739920688,0.003313958746,0.7851263842,0.6187203423
1818,60600000000,0,0,-0.06014298731,-1.280631204,2.047370543,0.02849474816,0.002334765924,0.7855906235,0.6180857306
1819,60633333333,0,0,-0.06391459646,-1.281368908,2.046847304,0.02914228741,0.00204865783,0.7860704237,0.6174462075
1820,60666666667,0,0,-0.06681719449,-1.282956889,2.047390986,0.02940000397,0.002063182972,0.786905629,0.6163691379
1821,60700000000,0,0,-0.07018310484,-1.284691242,2.046744753,0.03053055621,0.00226523166,0.7871723104,0.615972814
1822,60733333333,0,0,-0.07338073372,-1.285746458,2.046918781,0.03181648287,0.002388154831,0.7877840042,0.6151246792
1823,60766666667,0,0,-0.07615028108,-1.287554969,2.047492703,0.03276226133,0.002345102073,0.7883310579,0.614373891
1824,60800000000,0,0,-0.07889331838,-1.289050706,2.048342365,0.03323594169,0.002573310416,0.7884719508,0.6141666981
1825,60833333333,0,0,-0.08178840114,-1.290564249,2.049712044,0.03390101226,0.002580175925,0.7884519889,0.6141559454
1826,60866666667,0,0,-0.08550979552,-1.291012263,2.0506278,0.03522755777,0.002767216166,0.7881170415,0.6145102852
1827,60900000000,0,0,-0.08766539573,-1.291885989,2.051679927,0.03633326347,0.001916963506,0.7878398867,0.6148044666
1828,60933333333,0,1,-0.08939135979,-1.293455111,2.051442109,0.03755296385,0.0006251313501,0.7871258889,0.6156478044
1829,60966666667,0,0,-0.09190876708,-1.293859593,2.05268394,0.03865470761,-0.000244051382,0.7870011219,0.6157393832
1830,61000000000,0,0,-0.0939960409,-1.295487545,2.054127955,0.03928784953,-0.000512201231,0.7867720929,0.6159917827
1831,61033333333,0,0,-0.09640122949,-1.296097971,2.054669951,0.04000190561,3.452205709e-06,0.7861490199,0.616741085
1832,61066666667,0,0,-0.09954628706,-1.295952151,2.055933341,0.04101062595,0.0006131394678,0.786092471,0.616746609
1833,61100000000,0,0,-0.102254187,-1.296568197,2.056247997,0.04194019565,0.001080441524,0.7856953388,0.6171893447
1834,61133333333,0,0,-0.1048785732,-1.297173059,2.056866546,0.04307826006,0.001186366634,0.7856921248,0.6171148524
1835,61166666667,0,0,-0.1079278124,-1.297376447,2.057782757,0.04444312306,0.001104009771,0.7858215976,0.6168533106
1836,61200000000,0,0,-0.1097049303,-1.298604811,2.058234143,0.04523050223,0.0007933870316,0.7860287919,0.6165324894
1837,61233333333,0,0,-0.111589765,-1.299753643,2.059131381,0.04620863332,0.001158514002,0.7861408507,0.6163164633
1838,61266666667,0,0,-0.1139665891,-1.301054796,2.059933151,0.04764643929,0.002249708344,0.7860146978,0.616364868
1839,61300000000,0,0,-0.1158402852,-1.302074944,2.060529993,0.04926943408,0.003725077718,0.7856452628,0.6167010359
1840,61333333333,0,0,-0.1181966701,-1.302880906,2.062293336,0.05146904793,0.005230068475,0.7851837927,0.6170980434
1841,61366666667,0,0,-0.1211046556,-1.302134511,2.06271707,0.05384996074,0.006136046974,0.7844323612,0.6178417284
1842,61400000000,0,0,-0.1239459003,-1.301782388,2.06261315,0.05561248212,0.006682037846,0.7842917359,0.6178584589
1843,61433333333,0,0,-0.1257031586,-1.302770804,2.06414027,0.05719832191,0.007247485104,0.7842323329,0.6177827077
1844,61466666667,0,0,-0.1280287189,-1.302690405,2.064151159,0.05946954964,0.007654822785,0.7840473015,0.6177981914
1845,61500000000,0,1,-0.1296129342,-1.302663703,2.065617487,0.06138603954,0.007703082791,0.7842226788,0.6173874041
1846,61533333333,0,0,-0.1313272735,-1.302787533,2.066632308,0.06224364188,0.00774435833,0.7841288592,0.617420186
1847,61566666667,0,0,-0.1334695568,-1.302773715,2.067501484,0.0626784809,0.007704923919,0.7840644693,0.6174584603
1848,61600000000,0,0,-0.1360630401,-1.303101019,2.067122692,0.06300974903,0.008145279784,0.7838822539,0.6176504173
1849,61633333333,0,0,-0.1376760528,-1.303924389,2.06774878,0.06357833647,0.008226022747,0.7838704297,0.6176060858
1850,61666666667,0,0,-0.1403213684,-1.303769463,2.06743178,0.06599838622,0.008075717868,0.7836300431,0.6176592518
1851,61700000000,0,0,-0.1418308073,-1.304293609,2.068442276,0.0685525439,0.007039415292,0.7838688908,0.6170903965
1852,61733333333,0,0,-0.1429366389,-1.304412327,2.069657822,0.0695493683,0.005471651537,0.7839502627,0.6168913454
1853,61766666667,0,0,-0.1448058785,-1.304430965,2.070282663,0.06918074976,0.003840190479,0.7837179303,0.6172402146
1854,61800000000,0,0,-0.1466162876,-1.303742951,2.069726795,0.06705599947,0.002957475128,0.7835762617,0.6176592818
1855,61833333333,0,0,-0.149918251,-1.304332776,2.068040409,0.06576065426,0.003295061096,0.7832259642,0.6182408657
1856,61866666667,0,0,-0.1536585973,-1.303622888,2.06664611,0.06667649294,0.003298433685,0.7834503153,0.617858373
1857,61900000000,0,0,-0.1565536895,-1.303270451,2.066392795,0.06749187189,0.002089700014,0.7847639651,0.61610551
1858,61933333333,0,0,-0.1581238662,-1.304762514,2.068042267,0.06611761439,0.0004860293424,0.7860332863,0.6146380217
1859,61966666667,0,0,-0.1602636179,-1.305025816,2.066650351,0.06372532371,-0.0001662834861,0.78595039,0.6149967804
1860,62000000000,0,0,-0.1625735962,-1.306067541,2.065696861,0.06045722931,0.0007410293999,0.7859663776,0.6153058001
1861,62033333333,0,0,-0.1660241266,-1.306615915,2.064083468,0.05847138119,0.002816627795,0.785345188,0.6162841064
1862,62066666667,0,0,-0.1698574585,-1.305386562,2.062498734,0.05698287976,0.004521631342,0.7852527259,0.616531153
1863,62100000000,0,1,-0.174562474,-1.306017238,2.06028915,0.05562818748,0.006319163384,0.7848982229,0.6170902305
1864,62133333333,0,0,-0.1785097274,-1.30514528,2.057988325,0.05481643569,0.006804793679,0.7845998204,0.6175370232
1865,62166666667,0,0,-0.1822579665,-1.304937192,2.055854505,0.05406559673,0.007178672152,0.7847708696,0.6173816163
1866,62200000000,0,0,-0.1861609515,-1.305597151,2.053627897,0.05454871165,0.00801229957,0.7844693981,0.6177119106
1867,62233333333,0,0,-0.1903661893,-1.304195489,2.052173069,0.05575550622,0.007408155664,0.7846773923,0.6173474166
1868,62266666667,0,0,-0.1941353832,-1.303634448,2.050921164,0.05571725611,0.005506100234,0.7852559689,0.6166346841
1869,62300000000,0,0,-0.1977988396,-1.30335782,2.048065049,0.05450438021,0.004521069833,0.7852748134,0.6167270871
1870,62333333333,0,0,-0.2015101869,-1.305071876,2.045304911,0.05390608414,0.004411398481,0.784875495,0.6172885314
1871,62366666667,0,0,-0.2051359018,-1.30477802,2.042031957,0.05462553136,0.005638236506,0.7835297845,0.6189227241
1872,62400000000,0,0,-0.2092590811,-1.303699247,2.03797863,0.0557261171,0.008235777853,0.7824702851,0.6201346828
1873,62433333333,0,0,-0.21528366,-1.302226346,2.034724358,0.05858789193,0.01058996259,0.7820399116,0.6203780205
1874,62466666667,0,1,-0.2191271653,-1.301156906,2.032192135,0.06245835822,0.01030987987,0.7823142231,0.6196588708
1875,62500000000,0,0,-0.223718474,-1.299429365,2.028987252,0.06623883347,0.009509389671,0.7834649318,0.6178225385
1876,62533333333,0,0,-0.2276961587,-1.299325148,2.025664742,0.06867527787,0.008163277614,0.7847595568,0.6159297891
1877,62566666667,0,0,-0.2310101663,-1.30012674,2.022781603,0.06904244795,0.007519273776,0.7856161823,0.6148038833
1878,62600000000,0,0,-0.2353364771,-1.299894764,2.01925442,0.068648503,0.007983683685,0.786172235,0.6141309802
1879,62633333333,0,0,-0.2395557735,-1.299678459,2.016039373,0.06818798354,0.008442207667,0.7865592159,0.613680477
1880,62666666667,0,0,-0.2445519093,-1.299256818,2.012267558,0.06865258151,0.008631116756,0.7866995536,0.6134461176
1881,62700000000,0,1,-0.2512549883,-1.296966217,2.007711217,0.07060159591,0.00777655819,0.7870583552,0.6127757218
1882,62733333333,0,0,-0.255683346,-1.296808398,2.004745984,0.07203927706,0.004674617535,0.7879700133,0.6114668827
1883,62766666667,0,0,-0.2597873692,-1.295666956,2.000525701,0.07327132832,0.001460023996,0.7889773082,0.6100360547
1884,62800000000,0,0,-0.2628572699,-1.296545511,1.996309991,0.07375260092,0.0003780729046,0.7897314954,0.609002936
1885,62833333333,0,0,-0.2664168216,-1.295973249,1.992069741,0.07477070983,0.002756640298,0.7894223976,0.6092733541
1886,62866666667,0,0,-0.2704411682,-1.294873961,1.987234282,0.07615369009,0.007177250381,0.7892223213,0.6093252252
1887,62900000000,0,1,-0.2754614041,-1.293434514,1.987031777,0.0789096906,0.01047869411,0.790145956,0.6077275919
1888,62933333333,0,0,-0.2782573274,-1.291972658,1.985224451,0.08038037392,0.0120210741,0.7903594857,0.6072284353
1889,62966666667,0,0,-0.2815916569,-1.289961573,1.982587804,0.08007018024,0.01338291613,0.791160414,0.6061970497
1890,63000000000,0,0,-0.2852972024,-1.289883794,1.979788087,0.08053640668,0.01346150751,0.7919718901,0.6050728884
1891,63033333333,0,0,-0.2882267903,-1.289524919,1.977255797,0.08192450766,0.01318586931,0.7924378215,0.6042820591
1892,63066666667,0,0,-0.2910033366,-1.289202867,1.97422542,0.08377392985,0.01383464788,0.7924991924,0.603933408
1893,63100000000,0,0,-0.2942934377,-1.288647636,1.972172094,0.0864491849,0.01541830413,0.7924252501,0.6036149744
1894,63133333333,0,0,-0.296480301,-1.287806974,1.970268085,0.08852673752,0.01660275955,0.7921344958,0.6036640669
1895,63166666667,0,0,-0.2999182222,-1.286334359,1.967574466,0.09112625894,0.0177851941,0.7921504045,0.6032225364
1896,63200000000,0,0,-0.3029686832,-1.286053584,1.965945627,0.09439820447,0.01791903578,0.792401443,0.6023851263
1897,63233333333,0,1,-0.3049506404,-1.28616242,1.963315955,0.09764817724,0.01787328721,0.791900099,0.6025276859
1898,63266666667,0,0,-0.3079002139,-1.284846261,1.961441379,0.1008016167,0.0184868195,0.791632738,0.6023411655
1899,63300000000,0,0,-0.3110391885,-1.284861324,1.959986168,0.1050237704,0.01832055986,0.7914475122,0.601868092
1900,63333333333,0,0,-0.3139837467,-1.284049559,1.958471614,0.1101435367,0.01770309298,0.7910710975,0.6014661425
1901,63366666667,0,0,-0.3165514674,-1.283287059,1.957483003,0.1142549687,0.01794247804,0.7907373279,0.6011308908
1902,63400000000,0,0,-0.3201582774,-1.282904581,1.955680766,0.1186321645,0.01882989465,0.7902338992,0.6009178223
1903,63433333333,0,0,-0.3230201484,-1.283813122,1.954774535,0.1235064222,0.01929819993,0.7893267907,0.6011131013
1904,63466666667,0,0,-0.3263875701,-1.282569619,1.953187613,0.1290765951,0.01929580714,0.7881520074,0.6014842622
1905,63500000000,0,0,-0.3295298331,-1.281782566,1.951856932,0.1341118315,0.01898327903,0.7877531269,0.6009148549
1906,63533333333,0,0,-0.3335365774,-1.281398708,1.951008425,0.1401840994,0.01744973254,0.7874043747,0.6000318957
1907,63566666667,0,1,-0.3362855417,-1.280867007,1.951841412,0.1455332545,0.01551719297,0.7875940346,0.5985607115
1908,63600000000,0,0,-0.3401711916,-1.281336174,1.95054807,0.1508293929,0.0147620322,0.7869913237,0.5980612285
1909,63633333333,0,0,-0.3437931901,-1.2830702,1.950322549,0.1556010428,0.01504253238,0.7859793878,0.5981625528
1910,63666666667,0,0,-0.347731552,-1.283122458,1.949339652,0.1606435524,0.01597162756,0.7841848399,0.5991599895
1911,63700000000,0,0,-0.3521971886,-1.281939177,1.947780423,0.1660373449,0.01663455095,0.7829044666,0.5993458834
1912,63733333333,0,0,-0.3565080366,-1.282612891,1.947830218,0.1711511299,0.01594436516,0.782248362,0.5987825717
1913,63766666667,0,0,-0.3614425422,-1.281658614,1.94567597,0.1756389814,0.01556501823,0.781513033,0.5984530538
1914,63800000000,0,0,-0.3657460728,-1.282376722,1.944676373,0.1792281829,0.01501344761,0.7813291825,0.5976425047
1915,63833333333,0,0,-0.3707118138,-1.282435579,1.943052932,0.1836155473,0.01457097841,0.7811637357,0.5965368684
1916,63866666667,0,1,-0.3750983982,-1.285153346,1.941258016,0.1878733062,0.01424521965,0.7803065012,0.5963408914
1917,63900000000,0,0,-0.3795281569,-1.285078066,1.940232958,0.1919765565,0.01437597898,0.7797501781,0.5957583342
1918,63933333333,0,0,-0.3841157358,-1.286624057,1.940178151,0.1954821673,0.01474792607,0.7795152201,0.5949161644
1919,63966666667,0,0,-0.388746692,-1.287236974,1.940176138,0.1988903271,0.0148628633,0.779207001,0.594186993
1920,64000000000,0,0,-0.3931516407,-1.288984418,1.941507706,0.2009365662,0.01418731566,0.7791127479,0.5936383938
1921,64033333333,0,0,-0.3979246982,-1.288390316,1.940653153,0.2015558129,0.01475010776,0.7787648166,0.5938712395
1922,64066666667,0,0,-0.4026489469,-1.289421781,1.939553688,0.2018826141,0.01573390735,0.7782352025,0.5944289897
1923,64100000000,0,0,-0.4079692408,-1.290144483,1.938836557,0.2042149821,0.01596314378,0.7775204152,0.5945615385
1924,64133333333,0,0,-0.4124531163,-1.290250432,1.938363816,0.2077044193,0.01414193337,0.7769680139,0.5941208507
1925,64166666667,0,1,-0.41769379,-1.290005286,1.936452259,0.2109381253,0.01198541819,0.7767072641,0.5933694321
1926,64200000000,0,0,-0.4221794236,-1.29144537,1.938077192,0.2126729346,0.008829576271,0.7771665733,0.5922029878
1927,64233333333,0,0,-0.4265655136,-1.291946795,1.937578093,0.2131736519,0.006059197898,0.7769618588,0.5923263882
1928,64266666667,0,0,-0.4310583762,-1.292928265,1.935806522,0.2136262807,0.004150318264,0.7763873521,0.5929327673
1929,64300000000,0,0,-0.4355346817,-1.294385255,1.933988097,0.2159130724,0.00236180611,0.7754302821,0.5933665348
1930,64333333333,0,0,-0.439394441,-1.295712075,1.93323704,0.218488556,0.001382984462,0.7743180598,0.5938790959
1931,64366666667,0,0,-0.444022782,-1.294957157,1.93198481,0.2214443178,0.001708569317,0.7736425053,0.5936638518
1932,64400000000,0,1,-0.4479668425,-1.296101093,1.932381018,0.2235533538,0.001587582882,0.7733908604,0.5932014453
1933,64433333333,0,0,-0.4523463042,-1.29696374,1.93309475,0.2252001298,0.0006957843146,0.7730289258,0.593052019
1934,64466666667,0,0,-0.4565870673,-1.296621104,1.932015624,0.2261791975,0.0002108624707,0.7727218574,0.5930799754
1935,64500000000,0,0,-0.4611444367,-1.297216924,1.931744498,0.2273223092,-0.0007930336021,0.7725929743,0.5928102857
1936,64533333333,0,0,-0.4652069989,-1.297206628,1.932143767,0.2278914256,-0.002447211014,0.7728367983,0.5922691892
1937,64566666667,0,0,-0.4691977592,-1.296025149,1.93070435,0.2272690145,-0.002432037161,0.7728829089,0.5924482166
1938,64600000000,0,0,-0.472754992,-1.297200893,1.929577396,0.2257160683,-0.001148609091,0.7727555465,0.5932114316
1939,64633333333,0,0,-0.4759086577,-1.296330522,1.928573239,0.2246072852,0.0003559823815,0.7725837251,0.5938567407
1940,64666666667,0,0,-0.4792755545,-1.2941576,1.926429109,0.2228359206,0.002197946393,0.7728255096,0.5942053966
1941,64700000000,0,1,-0.4825869135,-1.294389002,1.923680923,0.220054908,0.00469457915,0.7734865475,0.5943671922
1942,64733333333,0,0,-0.4849226461,-1.293384731,1.920091364,0.2170820543,0.007236418084,0.7743691105,0.5942857029
1943,64766666667,0,0,-0.4877555033,-1.293269456,1.917334951,0.2159724566,0.009356210137,0.7754524941,0.5932468193
1944,64800000000,0,0,-0.4900802801,-1.294268442,1.915638154,0.2171610602,0.009155263332,0.7763342166,0.5916607468
1945,64833333333,0,0,-0.491838077,-1.292044378,1.913026772,0.2189558126,0.007481040952,0.7774571436,0.5895445497
1946,64866666667,0,0,-0.4926448002,-1.293348423,1.910951653,0.2180770798,0.006412515718,0.7793835006,0.5873351904
1947,64900000000,0,0,-0.4936662589,-1.297155177,1.910285893,0.2162139929,0.005610981061,0.7799047716,0.5873402536
1948,64933333333,0,1,-0.4948177289,-1.302133197,1.906965519,0.2147518983,0.004881722695,0.7772716583,0.5913599244
1949,64966666667,0,0,-0.4953174054,-1.298583907,1.901766495,0.2143769308,0.004464056472,0.7734263937,0.5965184132
1950,65000000000,0,0,-0.4947338162,-1.299102371,1.896365665,0.2131495919,0.006257044764,0.7702578137,0.601024959
1951,65033333333,0,0,-0.495322178,-1.301139549,1.89098615,0.214589129,0.009955929059,0.7648865312,0.6072898645
1952,65066666667,0,0,-0.4956994953,-1.293462627,1.882491956,0.2188400608,0.01332527462,0.7600956959,0.6117074447
1953,65100000000,0,0,-0.4958915213,-1.290068385,1.87846819,0.2209792737,0.01448866052,0.7592246275,0.6119936309
1954,65133333333,0,0,-0.4966311888,-1.287101671,1.874472408,0.2216730909,0.01392809488,0.7596702729,0.6112021969
1955,65166666667,0,1,-0.4966856822,-1.286537292,1.872870862,0.2210805599,0.01000270277,0.7620425766,0.608534669
1956,65200000000,0,0,-0.4959041203,-1.286910023,1.867106977,0.2187054996,0.006323359676,0.7630192194,0.608218374
1957,65233333333,0,0,-0.4947660235,-1.286857165,1.860994155,0.2157472776,0.005161788104,0.7630671731,0.6092248825
1958,65266666667,0,0,-0.4941934652,-1.286467003,1.854076027,0.2148918477,0.005489506982,0.7621677208,0.6106486096
1959,65300000000,0,0,-0.4934836842,-1.2859616,1.848930809,0.2162198038,0.004143905468,0.7616049989,0.6108925029
1960,65333333333,0,0,-0.4921562686,-1.284855824,1.841897459,0.2168675211,0.003300521652,0.7605153431,0.6120245074
1961,65366666667,0,1,-0.4920382176,-1.283611606,1.83201154,0.2172676729,0.004660401859,0.7591988475,0.6135064376
1962,65400000000,0,0,-0.4916378049,-1.282890053,1.827107692,0.2172724261,0.004901300825,0.759569313,0.6130441492
1963,65433333333,0,0,-0.4898716993,-1.282035773,1.818533321,0.2159883266,0.006174391632,0.7589192286,0.6142902605
1964,65466666667,0,0,-0.4888513868,-1.281365687,1.812100911,0.2157431338,0.008498115473,0.7589856034,0.6142666653
1965,65500000000,0,0,-0.4870196208,-1.280010934,1.805601321,0.2154892886,0.01011295855,0.7595953568,0.6135772067
1966,65533333333,0,0,-0.4857837446,-1.281647996,1.801450774,0.2150231678,0.01169363024,0.7604048736,0.6127093312
1967,65566666667,0,1,-0.4838480609,-1.281595521,1.79486396,0.21537857,0.01024332898,0.759919754,0.6132121275
1968,65600000000,0,0,-0.482090086,-1.280584616,1.787597879,0.2152601474,0.009799289411,0.7604406625,0.6126149211
1969,65633333333,0,0,-0.4810605604,-1.282830187,1.782934369,0.2151772922,0.009886943205,0.7603316632,0.6127778906
1970,65666666667,0,0,-0.4800852803,-1.280396325,1.778052093,0.2151073103,0.009364015782,0.7595439918,0.613786677
1971,65700000000,0,0,-0.478118186,-1.28038224,1.770414156,0.2136411711,0.01071510389,0.7588278009,0.6151609587
1972,65733333333,0,0,-0.4782265387,-1.280532554,1.767824082,0.2131866884,0.01020884376,0.758750346,0.6154227229
1973,65766666667,0,1,-0.477435164,-1.275738384,1.75790781,0.2119899713,0.008750804828,0.7577157467,0.6171308797
1974,65800000000,0,0,-0.476013239,-1.272763781,1.750600662,0.2085280449,0.008188781416,0.7604065206,0.6150048145
1975,65833333333,0,0,-0.4754366325,-1.276231469,1.745792975,0.2052679007,0.006101564788,0.7635478915,0.6122274718
1976,65866666667,0,0,-0.4746261255,-1.27669989,1.740119458,0.203062132,0.003659704771,0.7645347726,0.6117507324
1977,65900000000,0,0,-0.4732805286,-1.276470955,1.731175528,0.2025202305,0.002741388099,0.7648798955,0.6115037093
1978,65933333333,0,0,-0.4723357028,-1.279789885,1.727484172,0.2030708609,0.001405782347,0.7645024201,0.6117975963
1979,65966666667,0,1,-0.4720080485,-1.27695585,1.717472659,0.2031350292,0.004581011796,0.7616217844,0.6153433446
1980,66000000000,0,0,-0.471453058,-1.27841147,1.711666336,0.2041544108,0.007715114545,0.7596135885,0.6174533584
1981,66033333333,0,0,-0.471421327,-1.280232036,1.708165154,0.2057755671,0.00832191883,0.7566270283,0.6205664361
1982,66066666667,0,0,-0.4711943502,-1.278660286,1.700702625,0.2048134378,0.01281495906,0.751299197,0.627245366
1983,66100000000,0,0,-0.4713418319,-1.27429421,1.694305921,0.2030141741,0.02060610422,0.7477689155,0.6318245663
1984,66133333333,0,0,-0.4718383098,-1.271507292,1.691193322,0.1996543412,0.02666902218,0.7475007597,0.632984614
1985,66166666667,0,1,-0.4726762011,-1.269302423,1.686329205,0.1950272049,0.02935649267,0.7491474065,0.6323612488
1986,66200000000,0,0,-0.4747932411,-1.271480824,1.683067799,0.1892530466,0.02907877366,0.7522063495,0.630494502
1987,66233333333,0,0,-0.4759556867,-1.268481017,1.677385963,0.1845314445,0.02709946765,0.7530343506,0.6309936859
1988,66266666667,0,0,-0.4748889873,-1.266030056,1.665410392,0.1820033493,0.02861015841,0.7545521916,0.6298469892
1989,66300000000,0,0,-0.4757160627,-1.266626456,1.659543585,0.1824977382,0.02997074598,0.757202534,0.6264508381
1990,66333333333,0,0,-0.4756638628,-1.265842528,1.652084962,0.1831749456,0.03303977768,0.7597014299,0.6230642421
1991,66366666667,0,1,-0.476808348,-1.266027199,1.648688505,0.1869031346,0.03366017389,0.7630774026,0.617775921
1992,66400000000,0,0,-0.4780669703,-1.266209957,1.646950185,0.1891516877,0.03145503869,0.7656490978,0.6140143961
1993,66433333333,0,0,-0.479248175,-1.266563236,1.643352625,0.1901209451,0.02832407432,0.7670167823,0.6121576829
1994,66466666667,0,0,-0.4804764937,-1.267390431,1.639151772,0.1903204281,0.0252887185,0.7671663767,0.6120411471
1995,66500000000,0,0,-0.4816592814,-1.269650436,1.634992497,0.1905017656,0.02158180638,0.7652481043,0.6145231011
1996,66533333333,0,0,-0.4824517706,-1.265383528,1.628907449,0.1926938422,0.01706662532,0.7629388361,0.6168485599
1997,66566666667,0,1,-0.4831899379,-1.263045127,1.623953708,0.1944804504,0.01366634984,0.7628892907,0.6164337073
1998,66600000000,0,0,-0.4840568311,-1.261049364,1.618691773,0.1956251629,0.01120932498,0.7633190772,0.6155884446
1999,66633333333,0,0,-0.4856671253,-1.259945344,1.613373299,0.1965950296,0.008477195795,0.7646294969,0.6136939498
2000,66666666667,0,0,-0.4868376091,-1.259127566,1.60832386,0.1977208929,0.004442177665,0.7663334551,0.6112444283
2001,66700000000,0,0,-0.4876707008,-1.258125741,1.602334931,0.1979382542,0.001538008876,0.7687322808,0.6081683669
2002,66733333333,0,0,-0.4890115313,-1.260542048,1.596668687,0.1973486466,8.89010449e-05,0.7704768746,0.6061508801
2003,66766666667,0,1,-0.491031368,-1.266280674,1.596932899,0.1986666026,-0.003977882164,0.7706758764,0.6054539215
2004,66800000000,0,0,-0.4922877822,-1.266030361,1.593205814,0.2024717573,-0.01059185764,0.7676479448,0.6079552885
2005,66833333333,0,0,-0.4931705966,-1.264666995,1.587528163,0.2046082171,-0.01591638083,0.7643493278,0.611271013
2006,66866666667,0,0,-0.4940156403,-1.264039835,1.582524073,0.2036610719,-0.01892289994,0.7614529771,0.6151044264
2007,66900000000,0,0,-0.4935422548,-1.263850969,1.577766759,0.2030269815,-0.02239522026,0.7581832415,0.6192226346
2008,66933333333,0,0,-0.4934218951,-1.26310739,1.572692809,0.2047512122,-0.02705749026,0.7546418028,0.6227845397
2009,66966666667,0,1,-0.4939369059,-1.261929898,1.567481264,0.2069799422,-0.03067035067,0.750923834,0.6263641343
2010,67000000000,0,0,-0.4931059346,-1.26079105,1.563444561,0.2089991403,-0.03474908425,0.7473312497,0.6297681032
2011,67033333333,0,0,-0.4917000733,-1.2570703,1.558240261,0.2094053866,-0.03717890286,0.7445928537,0.6327310609
2012,67066666667,0,0,-0.4911812375,-1.25406877,1.552774944,0.2076137804,-0.03701687596,0.7440387077,0.6339816011
2013,67100000000,0,0,-0.4908632879,-1.255287963,1.548004728,0.2060803328,-0.03676241093,0.7439250203,0.6346298021
2014,67133333333,0,0,-0.4891797486,-1.25516937,1.543097329,0.2059111128,-0.03760435442,0.7430809382,0.6356235091
2015,67166666667,0,1,-0.4853406837,-1.253228181,1.536902225,0.2060848343,-0.03811654619,0.7426150633,0.6360809993
2016,67200000000,0,0,-0.4835395639,-1.253677432,1.532535983,0.2076721793,-0.03809405453,0.7426420861,0.6355342957
2017,67233333333,0,0,-0.481153339,-1.252865536,1.528003438,0.2097387392,-0.03888584181,0.7432857413,0.6340535146
2018,67266666667,0,0,-0.4793605613,-1.253636034,1.524005908,0.2116657065,-0.04095807962,0.7440810205,0.6323476096
2019,67300000000,0,0,-0.477523666,-1.25348411,1.521411946,0.2119556813,-0.04445379308,0.7445772153,0.6314296634
2020,67333333333,0,0,-0.4751873854,-1.252963423,1.516581317,0.2100378154,-0.0463118398,0.7444673634,0.6320661947
2021,67366666667,0,1,-0.4697949303,-1.255102099,1.509969782,0.2080629796,-0.04876005101,0.7439818069,0.633106093
2022,67400000000,0,0,-0.4681132305,-1.256537367,1.506598521,0.2074340225,-0.05037641289,0.7436661105,0.6335566742
2023,67433333333,0,0,-0.4655775989,-1.257233621,1.501779835,0.2054358632,-0.04977815778,0.742266205,0.6358923824
2024,67466666667,0,0,-0.4620735935,-1.258915684,1.497389827,0.2032553035,-0.04702411673,0.7404307186,0.6389353371
2025,67500000000,0,0,-0.459250295,-1.259079126,1.493427975,0.2035967685,-0.04460332121,0.738528437,0.6411978224
2026,67533333333,0,0,-0.4561379345,-1.259027134,1.489005525,0.2055898526,-0.04453907313,0.7376313905,0.6415987961
2027,67566666667,0,1,-0.4529608678,-1.260148802,1.485476267,0.207104759,-0.04606494075,0.7372180693,0.6414788838
2028,67600000000,0,0,-0.4504393852,-1.260768083,1.481912873,0.2080528858,-0.04815391099,0.736816966,0.6414795056
2029,67633333333,0,0,-0.4471094368,-1.261214499,1.477435412,0.208877704,-0.05062042274,0.7362850806,0.6416322605
2030,67666666667,0,0,-0.4443156315,-1.262648398,1.473957721,0.2106746846,-0.05279392095,0.7359468163,0.6412575635
2031,67700000000,0,0,-0.441196916,-1.263945577,1.470029591,0.212114352,-0.05417120275,0.7349683324,0.6417901003
2032,67733333333,0,0,-0.4378581496,-1.264575618,1.466772509,0.214036629,-0.05535026546,0.7338337057,0.642349408
2033,67766666667,0,1,-0.4360646132,-1.263687553,1.462575736,0.2161325296,-0.05598309239,0.7330467468,0.6424913151
2034,67800000000,0,0,-0.4329446875,-1.265009622,1.459163784,0.2159523972,-0.05591968009,0.7327600637,0.6428843136
2035,67833333333,0,0,-0.430327041,-1.265484809,1.455922315,0.2157528681,-0.0551072508,0.7318678627,0.6440367399
2036,67866666667,0,0,-0.4267072788,-1.264570268,1.451790107,0.2156841324,-0.05437103269,0.7311860231,0.6448962285
2037,67900000000,0,0,-0.4244475344,-1.265069184,1.448753613,0.2156680562,-0.05439922746,0.731123518,0.6449700885
2038,67933333333,0,0,-0.4212953168,-1.26613749,1.445673645,0.2149565638,-0.0535662453,0.7301867707,0.6463370737
2039,67966666667,0,1,-0.4171164754,-1.264260031,1.441965191,0.2144390991,-0.05393169699,0.7293041866,0.6474740522
2040,68000000000,0,0,-0.4146488872,-1.263570621,1.437957976,0.2127323805,-0.05381945018,0.7297558088,0.647537536
2041,68033333333,0,0,-0.4119940084,-1.263623903,1.434416129,0.2088947947,-0.05194494319,0.7306492085,0.6479324207
2042,68066666667,0,0,-0.4092570946,-1.263999135,1.43113066,0.2053034135,-0.05125272938,0.7320236378,0.6475840176
2043,68100000000,0,0,-0.4064676374,-1.264914053,1.427887084,0.2020757502,-0.05162463709,0.7331973723,0.6472417642
2044,68133333333,0,0,-0.4039243582,-1.26528052,1.424874785,0.1995267552,-0.05250121556,0.7344635717,0.6465260692
2045,68166666667,0,1,-0.40109023,-1.26623172,1.422848931,0.1964495575,-0.05269435852,0.7355634007,0.646202259
2046,68200000000,0,0,-0.3980905604,-1.267338501,1.420038505,0.1945704059,-0.05255584737,0.7359785347,0.6463093969
2047,68233333333,0,0,-0.3946901963,-1.26820002,1.416536095,0.1940961819,-0.0527934901,0.7367457998,0.6455580114
2048,68266666667,0,0,-0.3922852004,-1.27028586,1.41455824,0.1936753588,-0.0517735149,0.7372580063,0.6451821376
2049,68300000000,0,0,-0.3893682203,-1.270262186,1.411009952,0.1935782514,-0.05005258229,0.7374364349,0.6451431656
2050,68333333333,0,0,-0.3869874469,-1.271859786,1.408800256,0.1932030782,-0.04751855174,0.7384621501,0.6442733974
2051,68366666667,0,0,-0.3852456037,-1.272685485,1.406589406,0.193884712,-0.04568837996,0.7394344234,0.6430847719
2052,68400000000,0,0,-0.3834545561,-1.273328515,1.405737092,0.195034327,-0.04656729489,0.740695306,0.6412203693
2053,68433333333,0,1,-0.380740023,-1.27378214,1.404303326,0.1957219506,-0.04905635073,0.7419417614,0.6393815881
2054,68466666667,0,0,-0.3784807073,-1.275050476,1.403297264,0.1961880254,-0.05112751048,0.7436785415,0.6370545214
2055,68500000000,0,0,-0.3760566698,-1.276117634,1.402637991,0.1964466275,-0.0523495162,0.745132372,0.635173991
2056,68533333333,0,0,-0.3734896037,-1.277126741,1.401718852,0.1970556234,-0.05220675728,0.7464811442,0.6334109544
2057,68566666667,0,0,-0.371938604,-1.278306116,1.401394004,0.1983094478,-0.05081036901,0.7478348877,0.63153357
2058,68600000000,0,0,-0.3708410986,-1.279550169,1.401688389,0.1998406948,-0.04946712746,0.7486574468,0.6301815035
2059,68633333333,0,0,-0.3689960934,-1.280283072,1.401160384,0.2013727481,-0.04830897275,0.748615098,0.6298338627
2060,68666666667,0,0,-0.3674963566,-1.280835048,1.40081144,0.2041944669,-0.04699271675,0.7489215642,0.6286595223
2061,68700000000,0,0,-0.3666922154,-1.281680544,1.401758513,0.2073536384,-0.04634882082,0.7491546565,0.6273942589
2062,68733333333,0,0,-0.3666545488,-1.280888964,1.401384873,0.2104127505,-0.04673639188,0.7490533624,0.6264672732
2063,68766666667,0,0,-0.3664514149,-1.280550985,1.400588181,0.2115730915,-0.04746836568,0.7502346582,0.6246051063
2064,68800000000,0,0,-0.3665170164,-1.282014678,1.40130817,0.210918775,-0.04640597899,0.7522922827,0.6224275675
2065,68833333333,0,0,-0.3666873831,-1.283211739,1.402472465,0.2108380346,-0.04550595646,0.7531604848,0.6214706874
2066,68866666667,0,1,-0.3653644748,-1.2847796,1.402430205,0.21140349,-0.04494428286,0.7536267024,0.6207538717
2067,68900000000,0,0,-0.3669078877,-1.284974566,1.402970203,0.212641445,-0.04298140641,0.7544922667,0.6194171729
2068,68933333333,0,0,-0.367635035,-1.28561394,1.403937733,0.21213005,-0.03944585031,0.7551723881,0.6189988134
2069,68966666667,0,0,-0.368365317,-1.285843545,1.405413571,0.2129213785,-0.03541969085,0.7550822736,0.6190805216
2070,69000000000,0,0,-0.3695396114,-1.28580835,1.406683238,0.2165625727,-0.03278910182,0.7546919372,0.618438038
2071,69033333333,0,0,-0.3721740297,-1.285488901,1.409317044,0.2220378022,-0.03140595106,0.7544879835,0.6168150155
2072,69066666667,0,0,-0.375738261,-1.283201105,1.411480895,0.2261279974,-0.03130140608,0.7540944769,0.6158148023
2073,69100000000,0,0,-0.3785396943,-1.282184283,1.412514303,0.2274809475,-0.03141702064,0.7545968137,0.6146942639
2074,69133333333,0,0,-0.3827692959,-1.282112227,1.415518682,0.2284078558,-0.03220924653,0.7555338612,0.6131565872
2075,69166666667,0,0,-0.3858490528,-1.281389997,1.417840246,0.2280219494,-0.03313654267,0.7556854758,0.6130639623
2076,69200000000,0,0,-0.3887212781,-1.281052341,1.419319719,0.2275910234,-0.03332022409,0.7553249102,0.6136581856
2077,69233333333,0,0,-0.3926645368,-1.280469525,1.421551078,0.2281189526,-0.03330820717,0.7553014231,0.6134917008
2078,69266666667,0,0,-0.3964625707,-1.279649922,1.422937856,0.2293956652,-0.03374324888,0.754918919,0.6134626702
2079,69300000000,0,0,-0.4009879471,-1.279468669,1.425263222,0.2314730008,-0.03366595879,0.7549600696,0.6126354106
2080,69333333333,0,0,-0.4062042157,-1.27791275,1.42717091,0.2343330921,-0.03371942093,0.7545994735,0.6119890826
2081,69366666667,0,0,-0.4109563194,-1.277486605,1.429323836,0.2363252364,-0.03318210302,0.7547052023,0.6111214186
2082,69400000000,0,0,-0.4172330949,-1.276479906,1.432791147,0.2391012548,-0.03294692156,0.7543592013,0.610481192
2083,69433333333,0,0,-0.4220669846,-1.275414548,1.433829069,0.2406582071,-0.03214524495,0.7533467417,0.6111620058
2084,69466666667,0,1,-0.4286972616,-1.273841417,1.435154272,0.2431297905,-0.02983741843,0.7526673198,0.6111379051
2085,69500000000,0,0,-0.4342191919,-1.271796208,1.435747102,0.2453662781,-0.0291461185,0.7521212965,0.6109496286
2086,69533333333,0,0,-0.4409476002,-1.271710944,1.437620459,0.2467215896,-0.02954893851,0.7524081353,0.6100305857
2087,69566666667,0,0,-0.4467599193,-1.27073636,1.438506347,0.2458727012,-0.02933231221,0.7524974584,0.6102735496
2088,69600000000,0,0,-0.4521974461,-1.271143657,1.440345413,0.2449220768,-0.02911553482,0.7524791888,0.6106885722
2089,69633333333,0,0,-0.4574924334,-1.271257419,1.441090207,0.2451812284,-0.02870663853,0.752048288,0.6111345732
2090,69666666667,0,1,-0.4628454952,-1.270561863,1.441663068,0.2465703293,-0.02827505305,0.7518626892,0.6108241078
2091,69700000000,0,0,-0.4682604893,-1.271136847,1.442794312,0.248729207,-0.02949525848,0.7524147612,0.6092091911
2092,69733333333,0,0,-0.4738778632,-1.271664745,1.443089754,0.2504946439,-0.03124830971,0.7532172512,0.6074041068
2093,69766666667,0,0,-0.4793922131,-1.273109055,1.444054282,0.2520621901,-0.03341871593,0.7553144006,0.6040264878
2094,69800000000,0,0,-0.485020642,-1.275429138,1.446528034,0.2537501246,-0.03501309272,0.7571275846,0.6009515606
2095,69833333333,0,0,-0.4901151475,-1.277177969,1.44882425,0.256170866,-0.03574089812,0.7580474337,0.5987179335
2096,69866666667,0,1,-0.494815796,-1.279944199,1.451328625,0.2596877274,-0.03599230789,0.75880075,0.5962283622
2097,69900000000,0,0,-0.5004722869,-1.281411716,1.45427846,0.2639416331,-0.03664707127,0.7590585586,0.5939881405
2098,69933333333,0,0,-0.5054203827,-1.281714563,1.455556233,0.2680120999,-0.03828086506,0.7596495121,0.5913008612
2099,69966666667,0,0,-0.5114619454,-1.283426327,1.458698302,0.2714025716,-0.04005307434,0.7612201082,0.5876056009
2100,70000000000,0,0,-0.5170788645,-1.284736182,1.462025359,0.2741411092,-0.04162962165,0.7622248178,0.584916194
2101,70033333333,0,0,-0.5227372989,-1.286528061,1.465371259,0.2766692831,-0.04241222754,0.7626979737,0.5830498363
2102,70066666667,0,1,-0.5275131849,-1.286663197,1.468263819,0.2795480357,-0.04364023389,0.7626005722,0.5817119502
2103,70100000000,0,0,-0.5329051538,-1.287631484,1.471061985,0.2818935878,-0.04424002018,0.7624409602,0.5807431516
2104,70133333333,0,0,-0.5386634692,-1.28829858,1.473977186,0.2839073422,-0.04473049416,0.7620918307,0.5801825967
2105,70166666667,0,0,-0.5442850486,-1.288771207,1.476272972,0.285476879,-0.04512941152,0.7618577799,0.579688719
2106,70200000000,0,0,-0.5500147008,-1.288607579,1.479201224,0.2865859566,-0.04578283329,0.7619305887,0.5789941275
2107,70233333333,0,0,-0.5559559177,-1.289090939,1.481753995,0.2872827056,-0.04678161953,0.7617526821,0.5788030567
2108,70266666667,0,0,-0.5613727227,-1.289551746,1.48458178,0.287415882,-0.04712073671,0.7617246281,0.5787463502
2109,70300000000,0,1,-0.5659753443,-1.288427739,1.487027227,0.2880021678,-0.04769772945,0.7615357847,0.5786561385
2110,70333333333,0,0,-0.5715056377,-1.289199253,1.489962815,0.2884350106,-0.04763923869,0.7610507511,0.5790833289
2111,70366666667,0,0,-0.5767264176,-1.288548406,1.492204208,0.289050534,-0.04752843244,0.7603398712,0.5797189984
2112,70400000000,0,0,-0.5821153328,-1.288798208,1.495547858,0.2894404806,-0.04757398468,0.760316348,0.5795515293
2113,70433333333,0,0,-0.5876331154,-1.288332311,1.497361056,0.2899379202,-0.04756222664,0.759874766,0.5798828994
2114,70466666667,0,0,-0.5927163909,-1.288856994,1.500442624,0.2903449689,-0.04739971464,0.7600797024,0.5794237759
2115,70500000000,0,0,-0.597864744,-1.289082575,1.502660499,0.2909840655,-0.0470393732,0.7600391853,0.5791856419
2116,70533333333,0,1,-0.6025481887,-1.290202255,1.507472656,0.2917830262,-0.04735715169,0.7602032341,0.5785421409
2117,70566666667,0,0,-0.6072421914,-1.289289002,1.509799771,0.2924206834,-0.0473335517,0.7592226508,0.5795089691
2118,70600000000,0,0,-0.6124115558,-1.288942918,1.512651205,0.2932636524,-0.04703889,0.7586015576,0.5799202099
2119,70633333333,0,0,-0.6179439227,-1.288368518,1.515827108,0.2943091307,-0.04758376544,0.7579900434,0.5801456843
2120,70666666667,0,0,-0.6232521133,-1.287566541,1.518693238,0.2949962751,-0.04795336102,0.7570765541,0.5809584874
2121,70700000000,0,0,-0.6289016196,-1.286714216,1.520642902,0.2952141086,-0.04789084912,0.7560530086,0.5821846312
2122,70733333333,0,1,-0.6334119762,-1.285097306,1.522685674,0.295285612,-0.04807609708,0.7554260952,0.5829464048
2123,70766666667,0,0,-0.6383137613,-1.284761162,1.524331732,0.2950382231,-0.04768600151,0.7546522017,0.5841049107
2124,70800000000,0,0,-0.6437557397,-1.284545428,1.526676299,0.2948567778,-0.04619047245,0.7538660694,0.585330565
2125,70833333333,0,0,-0.6491325132,-1.283222012,1.528527783,0.2949346682,-0.04472194216,0.7527557227,0.5868324389
2126,70866666667,0,0,-0.6544936599,-1.281374632,1.530044046,0.2950720738,-0.04433729543,0.7519946017,0.5877676365
2127,70900000000,0,0,-0.6589722234,-1.280369716,1.531180444,0.2939850711,-0.043181561,0.7519224729,0.5884902085
2128,70933333333,0,1,-0.6632381931,-1.277600388,1.532877379,0.2930334597,-0.04071281514,0.7524416152,0.5884772501
2129,70966666667,0,0,-0.6681080622,-1.275965346,1.533722252,0.2926999378,-0.03952675766,0.7533275243,0.5875900127
2130,71000000000,0,0,-0.672797232,-1.274512065,1.534685942,0.2915900007,-0.03803541241,0.7547087527,0.5864667744
2131,71033333333,0,0,-0.6778869615,-1.27379735,1.536891953,0.2901544909,-0.03651681858,0.7561947713,0.585360027
2132,71066666667,0,0,-0.682735993,-1.272760794,1.539313978,0.2891179982,-0.03624058197,0.7567264968,0.5852028813
2133,71100000000,0,0,-0.6863347969,-1.27024864,1.539396463,0.2886071776,-0.03626751761,0.7568977052,0.5852319438
2134,71133333333,0,0,-0.691091473,-1.269912966,1.541450279,0.2882008567,-0.03590004304,0.7575130213,0.5846584265
2135,71166666667,0,1,-0.6947197479,-1.26646887,1.541515465,0.2882319066,-0.03606956691,0.7575956856,0.584525561
2136,71200000000,0,0,-0.698139021,-1.263131435,1.541015584,0.2869175222,-0.03657735525,0.7591265836,0.5831528638
2137,71233333333,0,0,-0.7023050305,-1.260194622,1.541578577,0.2844780535,-0.03767131654,0.7616276453,0.5810132863
2138,71266666667,0,0,-0.7065696277,-1.25814397,1.542031782,0.2812854679,-0.03948846137,0.7640871511,0.5792149622
2139,71300000000,0,0,-0.7100584354,-1.256355188,1.543097331,0.2781891464,-0.04113605825,0.7661340702,0.5778903097
2140,71333333333,0,0,-0.713157774,-1.256006704,1.544486566,0.2763615193,-0.04231148984,0.7677875032,0.5764862517
2141,71366666667,0,1,-0.717281973,-1.253241848,1.545749155,0.2768231803,-0.04282117363,0.7684035908,0.5754052446
2142,71400000000,0,0,-0.7203089319,-1.251718193,1.546711462,0.277429709,-0.04299698788,0.7681911606,0.5753836602
2143,71433333333,0,0,-0.7228217454,-1.250230771,1.548294508,0.2791964294,-0.04194000589,0.7675183154,0.5755050175
2144,71466666667,0,0,-0.7266341477,-1.24790954,1.549010614,0.2826157683,-0.04121291432,0.7659925032,0.5759212692
2145,71500000000,0,0,-0.7296769241,-1.243862425,1.548449354,0.2854234645,-0.04089691791,0.7645231933,0.5765112097
2146,71533333333,0,0,-0.7324088386,-1.24083928,1.547929333,0.2865185488,-0.03956719175,0.7640656967,0.5766672955
2147,71566666667,0,1,-0.7367067578,-1.237765792,1.549144779,0.2877713762,-0.03839906401,0.7637064159,0.57659835
2148,71600000000,0,0,-0.7393831297,-1.233806225,1.548178826,0.2884845998,-0.03770500002,0.7630401714,0.5771695293
2149,71633333333,0,0,-0.7412219552,-1.231292496,1.547383295,0.2888557324,-0.03549642292,0.7631514687,0.5769767809
2150,71666666667,0,0,-0.7449143766,-1.230351997,1.548280559,0.290848198,-0.03261764731,0.762932256,0.576435415
2151,71700000000,0,0,-0.7476509717,-1.227547026,1.547760658,0.2949664695,-0.03109086301,0.7615407252,0.576267181
2152,71733333333,0,0,-0.7506601067,-1.22302813,1.546454437,0.2990346982,-0.02961239165,0.7603721565,0.5757912288
2153,71766666667,0,1,-0.754562996,-1.22085215,1.546354886,0.3017723076,-0.0285620539,0.7597396896,0.5752506302
2154,71800000000,0,0,-0.7577294733,-1.217531533,1.545608729,0.303082546,-0.02661330867,0.7582490712,0.5766203673
2155,71833333333,0,0,-0.7598624484,-1.214469486,1.544190582,0.3043121445,-0.02410551718,0.7570553015,0.5776506845
2156,71866666667,0,0,-0.7641985256,-1.213748642,1.545206643,0.3073846916,-0.0224713354,0.7555611536,0.578045875
2157,71900000000,0,0,-0.7684761515,-1.210514824,1.545073639,0.3118708599,-0.0230520579,0.7525665551,0.5795245892
2158,71933333333,0,0,-0.7700830419,-1.204663943,1.54287259,0.3150127896,-0.02468847534,0.7503434186,0.5806394542
2159,71966666667,0,1,-0.7720018543,-1.201434615,1.540953661,0.3170825309,-0.02660516238,0.7497444743,0.5802017384
2160,72000000000,0,0,-0.7755051944,-1.198552612,1.540409351,0.3195286752,-0.02965381823,0.7498766066,0.5785388073
2161,72033333333,0,0,-0.7786825023,-1.194576331,1.539851402,0.320890529,-0.03241337489,0.7499026501,0.5776025077
2162,72066666667,0,0,-0.7820494041,-1.191809771,1.53992608,0.3209867543,-0.03321131164,0.7499904778,0.5773896392
2163,72100000000,0,0,-0.7849360566,-1.18829041,1.539630929,0.3209965965,-0.03298309914,0.7495470166,0.5779728109
2164,72133333333,0,0,-0.7872341059,-1.186165704,1.539329276,0.3215062574,-0.03127053061,0.7490417521,0.5784395681
2165,72166666667,0,1,-0.7880819337,-1.182379071,1.538157333,0.3238609093,-0.02962015003,0.7483073246,0.5781633905
2166,72200000000,0,0,-0.7906198831,-1.179963141,1.537743402,0.3258324908,-0.02691712022,0.7482658878,0.577240693
2167,72233333333,0,0,-0.7934126863,-1.177690125,1.537371984,0.3285702979,-0.02326322539,0.7479618386,0.5762408087
2168,72266666667,0,0,-0.7959503052,-1.174610952,1.537168601,0.3319493994,-0.0209544348,0.7477301793,0.574691297
2169,72300000000,0,0,-0.7974618457,-1.171525167,1.536164744,0.3348629013,-0.01869311368,0.7480046582,0.5727184615
2170,72333333333,0,0,-0.8010626079,-1.168781839,1.536570702,0.3373590069,-0.01679692759,0.7484713049,0.5706991058
2171,72366666667,0,0,-0.8031425217,-1.16591269,1.536153256,0.3388107904,-0.01517052715,0.7491599731,0.5689784162
2172,72400000000,0,0,-0.8065111307,-1.164390718,1.537513493,0.3398756107,-0.01341455492,0.7500334456,0.5672340342
2173,72433333333,0,1,-0.8087198865,-1.16467841,1.538654574,0.3406466522,-0.01275683796,0.7504460132,0.5662401457
2174,72466666667,0,0,-0.8117795367,-1.163479116,1.540079919,0.3427727006,-0.01188576009,0.7502166111,0.5652792592
2175,72500000000,0,0,-0.8152551333,-1.161403582,1.541918301,0.3459634033,-0.01082421099,0.7489473598,0.5650398324
2176,72533333333,0,0,-0.8176906905,-1.158667727,1.542567647,0.3490631929,-0.009786377877,0.7472270882,0.5654297417
2177,72566666667,0,0,-0.8210368343,-1.155651359,1.543384374,0.3516353694,-0.008602467432,0.7456471082,0.5659407694
2178,72600000000,0,0,-0.8235432838,-1.152112915,1.543699157,0.3525082186,-0.006306531004,0.7440154614,0.5675730585
2179,72633333333,0,0,-0.825197958,-1.147440122,1.543071466,0.352329186,-0.002992476674,0.7432505725,0.5687123844
2180,72666666667,0,1,-0.8267823512,-1.146686308,1.543103214,0.3524187176,-0.0007018125228,0.7432102023,0.568717109
2181,72700000000,0,0,-0.8305202853,-1.143808634,1.543739854,0.3540288662,0.0006523642666,0.7428191239,0.5682278465
2182,72733333333,0,0,-0.83340513,-1.14095963,1.543390061,0.3553821371,0.002533946981,0.7425131973,0.5677774806
2183,72766666667,0,0,-0.8378954079,-1.139594562,1.544465014,0.3569812738,0.005729048197,0.7421407153,0.5672377868
2184,72800000000,0,0,-0.8409204955,-1.135779986,1.544211049,0.3591393015,0.008407780149,0.7411794869,0.567098968
2185,72833333333,0,0,-0.844703161,-1.133086279,1.543056789,0.3615569167,0.01127852438,0.7409082014,0.5658660867
2186,72866666667,0,1,-0.8481420424,-1.131900273,1.542864593,0.3642236369,0.01306496249,0.740588044,0.5645350283
2187,72900000000,0,0,-0.8531154973,-1.129545328,1.54187989,0.3669634358,0.01428391348,0.7402302081,0.5631989397
2188,72933333333,0,0,-0.8579716065,-1.127357655,1.540995103,0.3694469952,0.01484911609,0.7398592931,0.5620468379
2189,72966666667,0,0,-0.8637603277,-1.126061719,1.540475196,0.3722402696,0.01454744814,0.7393590628,0.5608687277
2190,73000000000,0,0,-0.8692325469,-1.123815081,1.538980378,0.3752395941,0.01310531022,0.7378863888,0.5608450545
2191,73033333333,0,0,-0.8740279305,-1.120695132,1.53642985,0.3769212588,0.01243978755,0.7368269625,0.5611253369
2192,73066666667,0,1,-0.8807861586,-1.118688519,1.535106956,0.3790333201,0.0128693573,0.7361121528,0.5606309129
2193,73100000000,0,0,-0.8863399983,-1.116888296,1.533476099,0.3816103554,0.01207058864,0.7350493933,0.5602947679
2194,73133333333,0,0,-0.8918272748,-1.115467751,1.531448402,0.3850906567,0.01078417858,0.7338416985,0.5595223401
2195,73166666667,0,0,-0.8987626805,-1.11538085,1.530999619,0.3898249682,0.00883720574,0.7323664548,0.5582094355
2196,73200000000,0,0,-0.9045407649,-1.113076934,1.529105791,0.3952147697,0.00526134875,0.7300094279,0.5575516471
2197,73233333333,0,0,-0.909522594,-1.109387741,1.525708883,0.398906303,0.001942639413,0.7288870768,0.5564113737
2198,73266666667,0,1,-0.916135802,-1.108454693,1.524901316,0.4018612055,-0.001760262939,0.7290967904,0.5540057249
2199,73300000000,0,0,-0.9232965254,-1.107803177,1.523527813,0.4049788926,-0.006805496898,0.7288666811,0.5519956005
2200,73333333333,0,0,-0.9291153505,-1.106534475,1.522049614,0.4083335361,-0.01052626817,0.7281555046,0.5504021095
2201,73366666667,0,0,-0.9358830809,-1.106994714,1.521816145,0.4123380353,-0.01088850699,0.7268741768,0.5491017358
2202,73400000000,0,0,-0.9425447428,-1.105782385,1.52007822,0.4169813781,-0.008936677686,0.7238804152,0.5495851259
2203,73433333333,0,0,-0.9477878316,-1.102166776,1.517578925,0.4212871584,-0.006714596891,0.7213892508,0.5496085818
2204,73466666667,0,1,-0.9521552825,-1.1006273,1.515944878,0.424676416,-0.005751818924,0.7201050192,0.5486944684
2205,73500000000,0,0,-0.9586905037,-1.099256601,1.513706625,0.4275833542,-0.005046890705,0.7185217005,0.5485194345
2206,73533333333,0,0,-0.9654808575,-1.09838723,1.512580279,0.4294038577,-0.004457498233,0.7173175212,0.5486784409
2207,73566666667,0,0,-0.9712914024,-1.096228451,1.511238707,0.4305615569,-0.003638018103,0.7156919347,0.5498986862
2208,73600000000,0,0,-0.976663033,-1.094148829,1.50963041,0.4315070603,-0.003125253749,0.7144069405,0.5508308389
2209,73633333333,0,0,-0.9832988544,-1.093289119,1.508804749,0.4324702471,-0.002224993447,0.7129758829,0.5519328991
2210,73666666667,0,1,-0.9882474037,-1.089675571,1.508689464,0.4342777622,-0.001891777052,0.7111738935,0.5528389817
2211,73700000000,0,0,-0.9928238391,-1.08713546,1.507313956,0.4353476803,-0.001694887016,0.709450501,0.5542107101
2212,73733333333,0,0,-0.9978183658,-1.084657579,1.506524799,0.4361102423,-0.001395581373,0.7081994175,0.5552112157
2213,73766666667,0,0,-1.002237218,-1.083459116,1.505842724,0.4375363331,-0.001379691161,0.706912802,0.5557286604
2214,73800000000,0,0,-1.006446012,-1.080889333,1.504471168,0.4399768223,-0.001246732697,0.7054854252,0.5556160152
2215,73833333333,0,0,-1.011029991,-1.079396368,1.503552847,0.442264429,-0.001331204399,0.704183345,0.5554513655
2216,73866666667,0,1,-1.014175453,-1.077319881,1.502739695,0.4436235716,-0.0008696709699,0.7028447276,0.5560635389
2217,73900000000,0,0,-1.017277319,-1.074458987,1.50080309,0.4438890796,-4.103221525e-05,0.701953619,0.5569771988
2218,73933333333,0,0,-1.020311571,-1.072197354,1.499277358,0.4436011911,0.0002021427234,0.7018135215,0.5573829235
2219,73966666667,0,0,-1.02232354,-1.069930129,1.497666392,0.4428835556,-0.0004315172757,0.7023955738,0.5572202688
2220,74000000000,0,0,-1.02615642,-1.068590671,1.495697004,0.4428906749,-0.001068322698,0.7031742964,0.5562307234
2221,74033333333,0,0,-1.029556328,-1.067278624,1.494260569,0.4438941811,-0.001762792825,0.7032347601,0.5553518891
2222,74066666667,0,0,-1.030808971,-1.063916947,1.491834106,0.4447189208,-0.001260427322,0.703246651,0.5546779612
2223,74100000000,0,0,-1.034692625,-1.062958572,1.49097919,0.4450616566,0.0006195519358,0.7031939828,0.5544708834
2224,74133333333,0,1,-1.035374987,-1.061683669,1.490516624,0.4455865851,0.002623217096,0.7028168791,0.554521549
2225,74166666667,0,0,-1.038298379,-1.060318782,1.488787839,0.4465014873,0.004464088323,0.7018557861,0.5549909452
2226,74200000000,0,0,-1.040772013,-1.058320972,1.486849598,0.4470404056,0.006600251153,0.7004725963,0.556281812
2227,74233333333,0,0,-1.04185777,-1.054741748,1.484323185,0.4473685473,0.007057619383,0.6996273898,0.5570754781
2228,74266666667,0,0,-1.04499933,-1.051825619,1.482041076,0.4469184239,0.0051975239,0.6997262666,0.5573329884
2229,74300000000,0,0,-1.046638367,-1.048853902,1.47958861,0.4458671441,0.001567858531,0.7003069871,0.5574676273
2230,74333333333,0,1,-1.048051501,-1.046117437,1.47701187,0.445090842,-0.001632551931,0.7002053218,0.5582149984
2231,74366666667,0,0,-1.049742935,-1.043170984,1.474803207,0.4435686898,-0.003686509994,0.6995246272,0.560266475
2232,74400000000,0,0,-1.051087009,-1.039319591,1.472995763,0.4416651961,-0.004051375986,0.6988125881,0.5626512309
2233,74433333333,0,0,-1.053379824,-1.036199617,1.470507899,0.4393149768,-0.0032309847,0.6982195189,0.5652268707
2234,74466666667,0,0,-1.055010787,-1.031628701,1.467758411,0.4376992153,-0.002297316945,0.6975689427,0.5672844872
2235,74500000000,0,0,-1.057440096,-1.029324819,1.465296496,0.4372216231,-0.001574586895,0.6966871221,0.5687370455
2236,74533333333,0,0,-1.058601175,-1.024476432,1.462503692,0.4372520179,-0.0002729632008,0.6954125849,0.5702735616
2237,74566666667,0,1,-1.060333047,-1.022127662,1.460403852,0.4371041981,0.001277205688,0.6946708641,0.571288613
2238,74600000000,0,0,-1.062784628,-1.020907536,1.457087379,0.4368413054,0.002806427526,0.6935387913,0.5728575241
2239,74633333333,0,0,-1.063024465,-1.016751135,1.454919894,0.4384229013,0.002573093331,0.6923639434,0.573071469
2240,74666666667,0,0,-1.062664146,-1.012742079,1.45107297,0.4412957933,0.002531212641,0.6923546119,0.5708736351
2241,74700000000,0,0,-1.06416711,-1.010803431,1.447972068,0.4448536465,0.00089448759,0.69327019,0.5669928365
2242,74733333333,0,0,-1.065081054,-1.008602937,1.444965802,0.4489220193,-0.002996164421,0.6940563728,0.5628017368
2243,74766666667,0,0,-1.065582828,-1.006165991,1.442504977,0.4522257826,-0.006113017894,0.6952529074,0.5586392998
2244,74800000000,0,0,-1.068369123,-1.006223617,1.440968892,0.4541957766,-0.005594491261,0.6957526449,0.5564199451
2245,74833333333,0,1,-1.071460789,-1.004001501,1.438905776,0.4572010182,-0.002477639893,0.6935603777,0.5567181447
2246,74866666667,0,0,-1.072397191,-1.002342941,1.436103442,0.4609968117,0.000422916813,0.6906418699,0.5572212921
2247,74900000000,0,0,-1.073484782,-0.9996572994,1.434296931,0.4646338312,0.003368215475,0.687660854,0.5578768752
2248,74933333333,0,0,-1.074137124,-0.9969403882,1.432395241,0.4676069455,0.006010850101,0.6851600561,0.5584472327
2249,74966666667,0,0,-1.073903314,-0.9939920216,1.430449319,0.470359888,0.00812552718,0.6827588256,0.5590491371
2250,75000000000,0,0,-1.074213541,-0.9907441403,1.428906662,0.4729420807,0.009871925948,0.6810408984,0.5589379466
2251,75033333333,0,1,-1.075678381,-0.9882258356,1.427435846,0.4757538444,0.01188239838,0.6789550347,0.5590502205
2252,75066666667,0,0,-1.077078382,-0.9865353449,1.425873116,0.4772667405,0.01330027787,0.6766805669,0.5604845861
2253,75100000000,0,0,-1.077661366,-0.9839865962,1.424573892,0.4783435558,0.01422743035,0.6742537684,0.5624650022
2254,75133333333,0,0,-1.076937695,-0.9802891013,1.423098232,0.4794705374,0.01421037586,0.6726061965,0.5634775713
2255,75166666667,0,0,-1.077740077,-0.9767363157,1.421228268,0.4814823551,0.01365681144,0.671706794,0.5628483065
2256,75200000000,0,0,-1.078602873,-0.9747496418,1.419274313,0.4847206881,0.01123788919,0.6711934154,0.5607307406
2257,75233333333,0,1,-1.080257646,-0.9733026618,1.419700941,0.4882544839,0.008869719041,0.670538433,0.558486434
2258,75266666667,0,0,-1.081796802,-0.9712093569,1.418620136,0.4921183147,0.007611466703,0.6690111393,0.5569431976
2259,75300000000,0,0,-1.083229063,-0.9694673074,1.417858332,0.4948390124,0.007111021643,0.6669838285,0.5569706973
2260,75333333333,0,0,-1.084474783,-0.9675666977,1.416974145,0.4963962349,0.007935614331,0.6647782581,0.5582093438
2261,75366666667,0,0,-1.086059731,-0.9651759176,1.415680924,0.4990762945,0.007384384051,0.6623034169,0.5587687421
2262,75400000000,0,0,-1.087290852,-0.9618009881,1.41500866,0.5027341082,0.005259923082,0.6604809954,0.5576697987
2263,75433333333,0,1,-1.088512762,-0.9587118119,1.415536549,0.5061182854,0.003462037207,0.6597788162,0.5554495559
2264,75466666667,0,0,-1.091033417,-0.9571160133,1.414579536,0.5093441797,0.002942983648,0.6586944269,0.5537883147
2265,75500000000,0,0,-1.094934411,-0.9555288256,1.412873532,0.5131195665,0.004455327245,0.6562917551,0.5531451823
2266,75533333333,0,0,-1.097561171,-0.9534457774,1.411240846,0.5167820239,0.007352760545,0.6532541374,0.5533003784
2267,75566666667,0,0,-1.100724029,-0.9513931614,1.409201577,0.5205452401,0.01065877716,0.6502563505,0.5532501443
2268,75600000000,0,0,-1.104833227,-0.9501311932,1.406377905,0.5242791266,0.01218407505,0.6476716493,0.5527245067
2269,75633333333,0,0,-1.109098281,-0.9491797222,1.403128134,0.5280323669,0.01099352356,0.6451668258,0.5521057226
2270,75666666667,0,1,-1.112285613,-0.9460975782,1.399953604,0.5319135693,0.00810701503,0.6431245179,0.5508112977
2271,75700000000,0,0,-1.116377484,-0.9437538427,1.397827533,0.5335466191,0.004545254927,0.6428681068,0.5495706899
2272,75733333333,0,0,-1.121922262,-0.9410884377,1.394464765,0.5344070785,0.002868224801,0.6424257246,0.5492631756
2273,75766666667,0,0,-1.126977928,-0.9380970853,1.39099586,0.5355966668,0.0024519804,0.6416790511,0.5489792288
2274,75800000000,0,0,-1.133266287,-0.9356212403,1.386166822,0.538280145,0.002707171345,0.6400607095,0.5482421407
2275,75833333333,0,0,-1.138943234,-0.9340174536,1.383719617,0.5406020904,0.002744534173,0.638927597,0.5472781497
2276,75866666667,0,1,-1.14328469,-0.9315780089,1.38196634,0.5427395305,0.002924907084,0.6382951916,0.5458978799
2277,75900000000,0,0,-1.149850222,-0.9311546718,1.378478653,0.5456666726,0.00156476681,0.6367299355,0.5448122825
2278,75933333333,0,0,-1.154755549,-0.9303452781,1.37570031,0.5489260976,-0.002826113536,0.6350598864,0.5434805361
2279,75966666667,0,0,-1.158199751,-0.9264684669,1.374363636,0.5502858975,-0.006467088808,0.6349392341,0.542213774
2280,76000000000,0,0,-1.163406321,-0.9242390554,1.371357078,0.5508284175,-0.008771147298,0.6351889432,0.5413373512
2281,76033333333,0,0,-1.170305764,-0.9232930328,1.368650106,0.5526436582,-0.01169222229,0.6346392031,0.5400753289
2282,76066666667,0,1,-1.174318678,-0.9221535001,1.366205869,0.5556486577,-0.01586879248,0.6330806371,0.538712964
2283,76100000000,0,0,-1.178418951,-0.9191048204,1.365726411,0.5579140392,-0.02003610679,0.6326533041,0.5367311022
2284,76133333333,0,0,-1.183413773,-0.9170720635,1.364684176,0.5596434602,-0.02297336573,0.632506743,0.5349828427
2285,76166666667,0,0,-1.188615688,-0.91681689,1.364939437,0.5615957036,-0.02503610789,0.6316111056,0.5339015549
2286,76200000000,0,0,-1.192107143,-0.9144635777,1.364318351,0.5638854875,-0.02633215281,0.6302746975,0.5330042968
2287,76233333333,0,0,-1.196125495,-0.9135409622,1.364451709,0.5641174887,-0.02563511681,0.6297081198,0.5334622606
2288,76266666667,0,1,-1.199964944,-0.9122750716,1.365544887,0.5642966785,-0.02341108948,0.6282952576,0.5350385488
2289,76300000000,0,0,-1.203373638,-0.9111414645,1.365050133,0.5643830769,-0.02163299682,0.6262482027,0.5374169187
2290,76333333333,0,0,-1.205017359,-0.9083146516,1.364852597,0.564149153,-0.02010621626,0.6257529813,0.5382979468
2291,76366666667,0,0,-1.208676918,-0.9074383144,1.363023504,0.5637951324,-0.01831535312,0.6256056862,0.5389036296
2292,76400000000,0,0,-1.212804017,-0.9063054518,1.362364299,0.5642802778,-0.01770058916,0.6251809097,0.5389093498
2293,76433333333,0,0,-1.215279497,-0.9058089255,1.362244243,0.5644723301,-0.01783122149,0.6251360871,0.5387558898
2294,76466666667,0,0,-1.217818443,-0.90558348,1.361196828,0.5632148264,-0.01814016021,0.6254622235,0.5396823148
2295,76500000000,0,1,-1.219571997,-0.9045572224,1.360285692,0.561104497,-0.01808523871,0.626325325,0.5408800744
2296,76533333333,0,0,-1.222779866,-0.9063455639,1.35797453,0.5587813258,-0.01903614655,0.6260002649,0.543621857
2297,76566666667,0,0,-1.223559488,-0.9089058284,1.355123736,0.5568789705,-0.02219845613,0.6234337398,0.5483825424
2298,76600000000,0,0,-1.221909868,-0.9068419116,1.352669424,0.5549982338,-0.02521094763,0.6200671599,0.5539477285
2299,76633333333,0,0,-1.219751617,-0.9026858867,1.34907206,0.5541234541,-0.02614194277,0.6192808969,0.5556572389
2300,76666666667,0,0,-1.218531045,-0.902538793,1.344126154,0.5544623973,-0.02785972405,0.6185998776,0.5559941341
2301,76700000000,0,1,-1.214324969,-0.9013329671,1.339768365,0.5555979426,-0.02954196491,0.6184296094,0.554962176
2302,76733333333,0,0,-1.213065154,-0.9019326469,1.337573718,0.5549456082,-0.02891997942,0.6211960055,0.5525527391
2303,76766666667,0,0,-1.21205507,-0.9041306596,1.33255625,0.5548182779,-0.02824655465,0.6225912382,0.5511433215
2304,76800000000,0,0,-1.209543808,-0.9057536593,1.329124771,0.5544725275,-0.02826384662,0.6242604266,0.5496001192
2305,76833333333,0,0,-1.208748308,-0.9100269938,1.323433343,0.5541143032,-0.02846678986,0.6247741408,0.5493671395
2306,76866666667,0,0,-1.206985438,-0.9135202121,1.318700116,0.5540180826,-0.03111958486,0.623426469,0.55084932
2307,76900000000,0,1,-1.202243193,-0.9130726703,1.315049409,0.5519322302,-0.03140367491,0.6234712869,0.5528726589
2308,76933333333,0,0,-1.198104594,-0.9150087356,1.309296446,0.5488039648,-0.02934979112,0.6232341237,0.5563560237
2309,76966666667,0,0,-1.194035045,-0.9155149042,1.302577659,0.5484162022,-0.02740982959,0.6215408695,0.5587265144
2310,77000000000,0,0,-1.190683645,-0.9154716479,1.298023122,0.5493417892,-0.02597328838,0.6213850177,0.5580588201
2311,77033333333,0,0,-1.188281852,-0.9180693938,1.293197141,0.5494703492,-0.02467298519,0.6217788705,0.5575523432
2312,77066666667,0,0,-1.183954001,-0.9194119531,1.288600073,0.549426693,-0.02362811598,0.6218964216,0.5575095174
2313,77100000000,0,1,-1.176201633,-0.9230540937,1.281955971,0.54898856,-0.02325981875,0.6211921029,0.5587404702
2314,77133333333,0,0,-1.172551376,-0.9244016804,1.278188122,0.5485923686,-0.01988937322,0.6213200492,0.5591173601
2315,77166666667,0,0,-1.170359263,-0.926158246,1.273605955,0.547444027,-0.01647742355,0.621581217,0.5600627844
2316,77200000000,0,0,-1.167844871,-0.9278730044,1.268107261,0.546303145,-0.01468979619,0.6213037007,0.5615325415
2317,77233333333,0,0,-1.164484262,-0.9278594051,1.263361991,0.5455709212,-0.01424891044,0.6210408805,0.56254561
2318,77266666667,0,0,-1.16172016,-0.927572156,1.258792487,0.545574762,-0.0128550359,0.6216308561,0.5619234876
2319,77300000000,0,1,-1.161001256,-0.9269168302,1.252987899,0.546849708,-0.01124423448,0.6207970898,0.5616403987
2320,77333333333,0,0,-1.158282167,-0.9276026724,1.247928503,0.547756655,-0.009894284118,0.6196834841,0.562011681
2321,77366666667,0,0,-1.155848424,-0.9276056268,1.242453472,0.5500385496,-0.008485282442,0.6182053471,0.5614336494
2322,77400000000,0,0,-1.154099089,-0.9295896403,1.237762591,0.5525640938,-0.008530360784,0.6175235601,0.5597006413
2323,77433333333,0,0,-1.151621401,-0.9304221468,1.232600611,0.5554052737,-0.01040691064,0.6169061667,0.5575333709
2324,77466666667,0,0,-1.149896728,-0.9297572413,1.228460047,0.5581707903,-0.01220190468,0.6179082865,0.5536116254
2325,77500000000,0,1,-1.146946162,-0.9323470032,1.219784293,0.5618667229,-0.01597096918,0.617131453,0.550635527
2326,77533333333,0,0,-1.144343584,-0.931269251,1.21554487,0.5652914794,-0.01762591002,0.6181927576,0.5458686519
2327,77566666667,0,0,-1.144264699,-0.932516029,1.209419153,0.569097322,-0.01812120822,0.6185702072,0.5414524528
2328,77600000000,0,0,-1.143858652,-0.9330719721,1.204494178,0.5727097512,-0.01792805844,0.6174452215,0.5389281252
2329,77633333333,0,0,-1.142597972,-0.9337111832,1.199053432,0.5757427761,-0.01680652506,0.6155592711,0.5378890037
2330,77666666667,0,0,-1.142488911,-0.9352590051,1.19290449,0.5796265891,-0.01625246443,0.6126465996,0.5370596043
2331,77700000000,0,1,-1.143673648,-0.9343755736,1.188806045,0.5849443344,-0.01761691754,0.6094282618,0.5349083694
2332,77733333333,0,0,-1.14367219,-0.9343516692,1.185063177,0.5882854307,-0.01822678758,0.6071862359,0.5337723403
2333,77766666667,0,0,-1.144280117,-0.9336676974,1.180176823,0.5919400829,-0.01956966434,0.6052109219,0.5319245309
2334,77800000000,0,0,-1.144293362,-0.9335832636,1.176081995,0.5958781755,-0.02221979185,0.6041057873,0.5286697254
2335,77833333333,0,0,-1.144924775,-0.9333776514,1.172768925,0.5988244474,-0.02430513708,0.6041880718,0.5251431381
2336,77866666667,0,0,-1.146264163,-0.9344344021,1.167860833,0.6014729791,-0.02466353385,0.6037740219,0.5225695131
2337,77900000000,0,0,-1.147716787,-0.9357929407,1.163466262,0.6046945038,-0.02560368606,0.6017459667,0.5211437421
2338,77933333333,0,1,-1.147337541,-0.9355589665,1.158708932,0.6079457827,-0.02524812765,0.5989366869,0.520614351
2339,77966666667,0,0,-1.148869515,-0.9362977247,1.154996319,0.6104993328,-0.02244468609,0.5964804871,0.5205745185
2340,78000000000,0,0,-1.150499576,-0.9366672841,1.152330681,0.6132867645,-0.0195771662,0.5933402846,0.5210022895
2341,78033333333,0,0,-1.149882705,-0.9351738175,1.150476635,0.6159044642,-0.01703309188,0.5911385979,0.5205062178
2342,78066666667,0,0,-1.150486233,-0.9344773978,1.147517751,0.6190763192,-0.01537247149,0.5899454702,0.5181433588
2343,78100000000,0,0,-1.151571898,-0.9335504197,1.145413514,0.6232216097,-0.01658285584,0.5892633925,0.513895406
2344,78133333333,0,0,-1.151227383,-0.9319488644,1.142800863,0.6265653285,-0.01786226169,0.5894721143,0.5095286599
2345,78166666667,0,0,-1.153834334,-0.9331587671,1.140451434,0.6284711919,-0.01836258873,0.589158461,0.5075224961
2346,78200000000,0,1,-1.153490939,-0.9301809204,1.138410148,0.6302805517,-0.01635263774,0.5870105999,0.5078361674
2347,78233333333,0,0,-1.155027465,-0.9293321256,1.135875131,0.6327520989,-0.01249768642,0.5834131048,0.5090164422
2348,78266666667,0,0,-1.154898481,-0.9271868442,1.134626413,0.6365162562,-0.00956855003,0.5790526908,0.5093657622
2349,78300000000,0,0,-1.155617885,-0.9264849762,1.134144106,0.6407086541,-0.009284049118,0.5761281889,0.5074273711
2350,78333333333,0,0,-1.153434967,-0.9225634922,1.133416926,0.6428949469,-0.00912294394,0.575897632,0.5049205646
2351,78366666667,0,0,-1.153056353,-0.9201818862,1.132475102,0.6420587998,-0.00852778654,0.5799899247,0.5012977775
2352,78400000000,0,1,-1.153246655,-0.9198683267,1.127718354,0.6403457688,-0.008005856193,0.5830406276,0.4999568274
2353,78433333333,0,0,-1.155109101,-0.920376892,1.126009574,0.636803459,-0.007104244188,0.5874720687,0.4993069726
2354,78466666667,0,0,-1.15766473,-0.9212461039,1.123158677,0.6347230249,-0.007043796728,0.5894369816,0.4996409824
2355,78500000000,0,0,-1.156285899,-0.9181159386,1.122073443,0.6339186082,-0.007442040873,0.5902712789,0.4996715235
2356,78533333333,0,0,-1.157075846,-0.9170292503,1.120016515,0.6339536508,-0.007963173731,0.5920669534,0.4974897779
2357,78566666667,0,0,-1.158555201,-0.9153747802,1.119338232,0.6334297863,-0.009874575909,0.5935501976,0.4963540687
2358,78600000000,0,0,-1.156187891,-0.9122487606,1.118364001,0.6305744255,-0.008919558962,0.595637812,0.4975057108
2359,78633333333,0,0,-1.156678579,-0.9101116118,1.116021126,0.6283795965,-0.005793998201,0.5971586744,0.4985047942
2360,78666666667,0,0,-1.159314917,-0.9104365844,1.114188033,0.6271397358,-0.002742239698,0.5975825656,0.4995831354
2361,78700000000,0,0,-1.160344612,-0.9083360693,1.11334293,0.6260236108,-0.000236235357,0.5967492104,0.5019808392
2362,78733333333,0,0,-1.15983127,-0.9055730515,1.111810347,0.6242039782,0.002223343516,0.5966955417,0.5043003875
2363,78766666667,0,0,-1.160441651,-0.9035113155,1.109585085,0.6237499937,0.002619574809,0.5968496443,0.5046777044
2364,78800000000,0,0,-1.159532365,-0.8999170203,1.107503561,0.6245730218,0.001848934049,0.5975232868,0.5028628478
2365,78833333333,0,0,-1.160163914,-0.8986788136,1.10549249,0.6249718168,0.0009329188557,0.5993969321,0.5001326581
2366,78866666667,0,0,-1.161980961,-0.8988267969,1.102702809,0.6251262898,0.0007933567905,0.6002524307,0.4989123288
2367,78900000000,0,1,-1.164266634,-0.8954951438,1.097793817,0.6267350824,0.003225647297,0.5988897773,0.4985215807
2368,78933333333,0,0,-1.166602506,-0.8956257291,1.09518075,0.6286073835,0.005045485056,0.5972869118,0.4980719281
2369,78966666667,0,0,-1.166930642,-0.8934946975,1.093452512,0.6318504239,0.005799899584,0.5949387452,0.4967688521
2370,79000000000,0,0,-1.167065897,-0.8913694918,1.090648703,0.634893244,0.005922977695,0.593635942,0.4944409524
2371,79033333333,0,0,-1.169543328,-0.8904513476,1.087475257,0.6379439084,0.004141189291,0.5933331878,0.4908830294
2372,79066666667,0,0,-1.170298475,-0.8873580161,1.085180659,0.6398500522,0.001657707231,0.59388541,0.4877389491
2373,79100000000,0,0,-1.17201779,-0.8857438296,1.081757372,0.6406687191,-0.0004336538625,0.5950714995,0.48521471
2374,79133333333,0,0,-1.175693865,-0.8848125095,1.078101897,0.6422626943,-0.00216789838,0.5954218668,0.4826662742
2375,79166666667,0,1,-1.179371474,-0.8807217183,1.074478079,0.645683001,-0.001809613444,0.5933925147,0.4805991168
2376,79200000000,0,0,-1.182936226,-0.8798448966,1.071239737,0.6501286171,-0.00192564387,0.5900259269,0.4787467794
2377,79233333333,0,0,-1.188393107,-0.8795818463,1.066972338,0.6565389545,-0.002277696583,0.5845258791,0.4767398766
2378,79266666667,0,0,-1.191942374,-0.8766239088,1.06313048,0.6629934623,-0.003398053528,0.5780317311,0.4757178155
2379,79300000000,0,0,-1.194720548,-0.8730268159,1.059924569,0.6681571265,-0.004903211321,0.5726631494,0.4749725573
2380,79333333333,0,0,-1.197634061,-0.8690083534,1.055941715,0.6728141997,-0.008087391553,0.5685908357,0.4732442376
2381,79366666667,0,1,-1.199981263,-0.8623456686,1.050972043,0.6775255112,-0.0118521457,0.5653333277,0.470337046
2382,79400000000,0,0,-1.202469246,-0.8586183715,1.046682728,0.6790484106,-0.01618147368,0.5642062703,0.469364145
2383,79433333333,0,0,-1.206758123,-0.8554091736,1.042398354,0.678484709,-0.0181348393,0.5633025462,0.4711898436
2384,79466666667,0,0,-1.209886817,-0.8521100485,1.038495115,0.6781623996,-0.01907575506,0.5616269089,0.4736106952
2385,79500000000,0,0,-1.213643843,-0.8500776575,1.034311388,0.6803368588,-0.01985658762,0.5589468547,0.4736305396
2386,79533333333,0,0,-1.218863428,-0.8483079252,1.030526323,0.6845236875,-0.02049422982,0.55515985,0.472022085
2387,79566666667,0,1,-1.220271849,-0.8445258832,1.028423711,0.6892963206,-0.02087227978,0.5510187349,0.4699077401
2388,79600000000,0,0,-1.22452281,-0.8424780423,1.024529655,0.6941810511,-0.02034906006,0.545863119,0.468755842
2389,79633333333,0,0,-1.227145545,-0.8393440722,1.021249321,0.6986876405,-0.02009037699,0.5413504173,0.4673025609
2390,79666666667,0,0,-1.22940496,-0.8352628784,1.018736813,0.7023000678,-0.01952762916,0.537992425,0.465786901
2391,79700000000,0,0,-1.231269588,-0.8311058626,1.015650513,0.7047934322,-0.01729140577,0.5357455749,0.4646976482
2392,79733333333,0,0,-1.233561855,-0.8277490904,1.01274916,0.7068727143,-0.01414993271,0.5346340778,0.4629223997
2393,79766666667,0,0,-1.238160053,-0.8233454436,1.010427225,0.7094942455,-0.01225684683,0.5340125779,0.4596718961
2394,79800000000,0,1,-1.238379491,-0.8206858657,1.008889477,0.7118297709,-0.01190095902,0.5339060041,0.4561810203
2395,79833333333,0,0,-1.244300794,-0.8184525591,1.006634838,0.7137737466,-0.01093538124,0.5342804491,0.4527160897
2396,79866666667,0,0,-1.248882668,-0.8152534206,1.00547941,0.7162229911,-0.01069156052,0.5326953587,0.4507171757
2397,79900000000,0,0,-1.254871844,-0.8131912996,1.003471874,0.7200904102,-0.0105925379,0.5293012956,0.4485507082
2398,79933333333,0,0,-1.262011179,-0.8120001118,1.001276482,0.7251898953,-0.01281409208,0.5232277717,0.4474015129
2399,79966666667,0,0,-1.262541583,-0.8036799577,1.000943735,0.7288953221,-0.01473746244,0.5178721446,0.4475520735
2400,80000000000,0,1,-1.258435094,-0.7979446305,1.001284025,0.7295599114,-0.0152912165,0.5165619831,0.4479645432
2401,80033333333,0,0,-1.263249083,-0.7941350443,0.9990823581,0.7288822418,-0.01574007236,0.5175190779,0.4479474653
2402,80066666667,0,0,-1.263606478,-0.7879309571,0.9977605419,0.7274790282,-0.01724484183,0.5193834469,0.4480153056
2403,80100000000,0,0,-1.266779783,-0.7850292628,0.9953962889,0.7252907326,-0.01742477586,0.5224172663,0.4480289391
2404,80133333333,0,0,-1.270516607,-0.782167867,0.9934620612,0.7241628154,-0.01789213319,0.5243389859,0.4475898973
2405,80166666667,0,0,-1.272745417,-0.7783712658,0.9908929081,0.7243739777,-0.01856751989,0.5251547192,0.4462623763
2406,80200000000,0,0,-1.278534244,-0.7770800709,0.9888408783,0.7240344901,-0.01799074089,0.5257445143,0.4461424616
2407,80233333333,0,1,-1.281630118,-0.7762656739,0.9880973956,0.7244070277,-0.01835935125,0.5244986669,0.4469883006
2408,80266666667,0,0,-1.286376728,-0.7743406779,0.98609701,0.7266642992,-0.01731098081,0.5221090697,0.4461630258
2409,80300000000,0,0,-1.289450727,-0.7693412776,0.9846044018,0.7297328352,-0.01761920352,0.5183607851,0.4455127937
2410,80333333333,0,0,-1.290231627,-0.7617774161,0.9855424738,0.7302619525,-0.01783719026,0.5172129807,0.4459709049
2411,80366666667,0,0,-1.28817666,-0.7539760731,0.9848306845,0.728083223,-0.01693057842,0.5184276082,0.4481528655
2412,80400000000,0,0,-1.28922201,-0.749817554,0.9828977764,0.7242642355,-0.01614225641,0.5212905287,0.4510398313
2413,80433333333,0,1,-1.290374741,-0.7498429032,0.9816277307,0.7199454071,-0.01699303241,0.5230635294,0.4558447015
2414,80466666667,0,0,-1.286871831,-0.7434054757,0.9804554603,0.7166337457,-0.01785997375,0.5247310563,0.4591017474
2415,80500000000,0,0,-1.289401155,-0.7407525522,0.9779841504,0.7143498907,-0.01891715515,0.5273373351,0.4596321462
2416,80533333333,0,0,-1.290428888,-0.7371105082,0.9759597704,0.713499569,-0.02207979697,0.5283054116,0.4597001628
2417,80566666667,0,0,-1.289306527,-0.7324905192,0.9741533108,0.7132937731,-0.02493104286,0.5289434899,0.4591396528
2418,80600000000,0,0,-1.291844387,-0.7301214657,0.9721201301,0.7129618576,-0.0277057831,0.5295124351,0.458840234
2419,80633333333,0,0,-1.291884265,-0.7266365424,0.9708615816,0.7132063266,-0.03177648347,0.5284430608,0.4594289089
2420,80666666667,0,0,-1.289434202,-0.7205723358,0.9696140066,0.7143554905,-0.03517148342,0.5269030134,0.4591649098
2421,80700000000,0,0,-1.285590048,-0.7137308629,0.9682802668,0.715390169,-0.03673693343,0.5272278766,0.4570536839
2422,80733333333,0,1,-1.289361371,-0.7102997548,0.9663773772,0.7151952042,-0.03707312324,0.5290386172,0.4552357026
2423,80766666667,0,0,-1.28681393,-0.7053615222,0.9650803419,0.7132989159,-0.03818025792,0.5316814393,0.4550404065
2424,80800000000,0,0,-1.284341611,-0.7013813207,0.9621015118,0.7112963982,-0.03780355708,0.5348782336,0.4544596794
2425,80833333333,0,0,-1.284715636,-0.699833034,0.9585994277,0.7110092127,-0.03655647491,0.5364396551,0.4531688648
2426,80866666667,0,0,-1.287026927,-0.7003796392,0.9546688229,0.7121597902,-0.0341529915,0.5349065086,0.4533619233
2427,80900000000,0,0,-1.285989765,-0.6963548008,0.9518902588,0.7156399824,-0.03097392336,0.5307131618,0.4530381568
2428,80933333333,0,1,-1.284434847,-0.6897426492,0.9471011172,0.7205206784,-0.02754801651,0.5268640199,0.4500059593
2429,80966666667,0,0,-1.282139065,-0.686097816,0.9448313043,0.7230868416,-0.02534802501,0.5247425397,0.448495445
2430,81000000000,0,0,-1.280025224,-0.6824006004,0.9416048043,0.7248344954,-0.02305437476,0.5244095421,0.4461816695
2431,81033333333,0,0,-1.28093717,-0.6810879754,0.9367373637,0.7268479035,-0.02209576427,0.523744196,0.4437295567
2432,81066666667,0,0,-1.279582731,-0.6778655769,0.9327876581,0.7285843031,-0.02081848214,0.5219132021,0.4431005681
2433,81100000000,0,0,-1.277388725,-0.6730328521,0.9297412112,0.7299437308,-0.01704939496,0.5204721519,0.4427191063
2434,81133333333,0,0,-1.279389156,-0.670674263,0.9238521084,0.7325511985,-0.01240817736,0.5175270514,0.4420186984
2435,81166666667,0,1,-1.279550599,-0.6655993751,0.9227716377,0.7363300191,-0.009321961653,0.5137666822,0.4401988189
2436,81200000000,0,0,-1.279888571,-0.6617124415,0.9195922753,0.7391469438,-0.007191486726,0.511576829,0.4380630388
2437,81233333333,0,0,-1.2825299,-0.6602205804,0.9168099582,0.7391687902,-0.007390052844,0.5113286696,0.4383125351
2438,81266666667,0,0,-1.282563715,-0.6541074427,0.914956711,0.7371630673,-0.008655585887,0.512339208,0.4404818145
2439,81300000000,0,0,-1.281126962,-0.6482046848,0.9129261352,0.7337102218,-0.009617625088,0.5144964328,0.4437006112
2440,81333333333,0,0,-1.282017774,-0.6439592412,0.9098748021,0.7301030478,-0.008541844221,0.5163993811,0.4474463719
2441,81366666667,0,1,-1.281837025,-0.639268867,0.9050339339,0.7285133693,-0.005531720375,0.514628373,0.4521009938
2442,81400000000,0,0,-1.2826631,-0.6356061013,0.9002559523,0.7286161978,-0.002795252766,0.5109072229,0.4561627259
2443,81433333333,0,0,-1.283408401,-0.6303207305,0.8974370007,0.7305223931,-0.0003651568084,0.5064396548,0.4581001811
2444,81466666667,0,0,-1.285542509,-0.6264539313,0.8938840589,0.7320265246,0.001423671647,0.5023537254,0.4601911289
2445,81500000000,0,0,-1.286424945,-0.6222257242,0.8908068379,0.7336563876,0.001079598978,0.4983677122,0.4619272268
2446,81533333333,0,0,-1.286374826,-0.6176323872,0.8879014497,0.7349997345,-0.0006230372717,0.4958772094,0.4624724806
2447,81566666667,0,1,-1.287142801,-0.6122060607,0.884010404,0.7365669086,-0.001672442224,0.4941740725,0.4617990669
2448,81600000000,0,0,-1.290441748,-0.6092688642,0.8792461451,0.7383026569,-0.004684330265,0.4917102709,0.4616364948
2449,81633333333,0,0,-1.290863384,-0.6035857237,0.8771878353,0.740813408,-0.008337627348,0.4900962448,0.4592729572
2450,81666666667,0,0,-1.29451982,-0.6011768796,0.8724428828,0.7441498158,-0.0124935845,0.4874145868,0.4566311231
2451,81700000000,0,0,-1.296118559,-0.5973982418,0.8698929292,0.7472790504,-0.01594275294,0.4841757097,0.4548557261
2452,81733333333,0,0,-1.299625766,-0.5946123902,0.8671344721,0.7494996877,-0.01791008394,0.4814088496,0.4540649365
2453,81766666667,0,1,-1.30278759,-0.5907895944,0.863482588,0.7522852438,-0.01844710739,0.477145599,0.4539368827
2454,81800000000,0,0,-1.30603625,-0.5871176429,0.8607138341,0.7544686805,-0.02000687207,0.4736806933,0.4538759037
2455,81833333333,0,0,-1.308517503,-0.5828118867,0.8592971211,0.7555470572,-0.0212690988,0.4729304083,0.4528058068
2456,81866666667,0,0,-1.311943738,-0.5809142608,0.8551277798,0.7549600489,-0.02221848783,0.472873309,0.4537978591
2457,81900000000,0,0,-1.315323672,-0.5765493857,0.8511160562,0.7548227537,-0.0228098235,0.4731576865,0.4537004808
2458,81933333333,0,0,-1.318615572,-0.5731498578,0.8475461388,0.7552649727,-0.02470629691,0.4738969618,0.4520907978
2459,81966666667,0,0,-1.322886788,-0.5714866582,0.843679573,0.7555392468,-0.0253214486,0.4742647536,0.4512119394
2460,82000000000,0,1,-1.328361375,-0.5707534503,0.8403064825,0.756880719,-0.02590387356,0.4726094429,0.4506671511
2461,82033333333,0,0,-1.333119221,-0.568017216,0.8384024615,0.7582809616,-0.02654280183,0.4704743309,0.4505101184
2462,82066666667,0,0,-1.337771327,-0.5646306208,0.8363796511,0.758820761,-0.02735658474,0.4692557646,0.4508233548
2463,82100000000,0,0,-1.342331903,-0.5616320038,0.8342754027,0.7583509592,-0.02860951057,0.4692338493,0.4515583165
2464,82133333333,0,0,-1.345722378,-0.558276987,0.831699916,0.7578549456,-0.03028497625,0.4692126458,0.452303211
2465,82166666667,0,0,-1.350535003,-0.5563055832,0.8285712679,0.7575103356,-0.03136108272,0.4690885415,0.4529354415
2466,82200000000,0,1,-1.35448543,-0.5526179882,0.8253025447,0.7580159691,-0.03273109645,0.4682166159,0.4528947631
2467,82233333333,0,0,-1.357723019,-0.5492751315,0.8240821525,0.7574549293,-0.03443261331,0.4686950921,0.4532122416
2468,82266666667,0,0,-1.362847376,-0.5478502295,0.8211671343,0.7560990394,-0.03540748877,0.4692477572,0.4548264446
2469,82300000000,0,0,-1.367601636,-0.5450202079,0.8188269612,0.7551407009,-0.03676914292,0.4686063712,0.4569667613
2470,82333333333,0,0,-1.369850559,-0.5410548891,0.8178039686,0.7539787351,-0.03737605046,0.4689994336,0.4584306155
2471,82366666667,0,0,-1.374702848,-0.5389092378,0.8146321232,0.7526611868,-0.0375472872,0.4699427268,0.4596141562
2472,82400000000,0,1,-1.374915896,-0.5374148442,0.8114278914,0.7525802547,-0.0392949408,0.4697678299,0.4597793535
2473,82433333333,0,0,-1.378357608,-0.5346467837,0.8090037946,0.7527913512,-0.04020455481,0.470994377,0.4580972301
2474,82466666667,0,0,-1.382101649,-0.5336661471,0.8066293582,0.7520288871,-0.04116861462,0.47237857,0.4578386012
2475,82500000000,0,0,-1.384637666,-0.5324068261,0.8047976849,0.7502858394,-0.04146970537,0.4738925404,0.4591048713
2476,82533333333,0,0,-1.386317323,-0.5300756874,0.802583762,0.7488660037,-0.04108680583,0.4750971774,0.4602110981
2477,82566666667,0,0,-1.388023036,-0.5282699656,0.7992432208,0.74832443,-0.04097376165,0.475922305,0.4602495605
2478,82600000000,0,0,-1.389028249,-0.526193203,0.7969992647,0.7480374161,-0.04145113888,0.4771131569,0.459439727
2479,82633333333,0,0,-1.39113669,-0.5245620678,0.7954230294,0.7463356386,-0.04119446449,0.4789773459,0.4602899442
2480,82666666667,0,0,-1.39221826,-0.5222799958,0.7934135665,0.744494037,-0.04109707427,0.4805507679,0.4616390569
2481,82700000000,0,0,-1.391115279,-0.5208565024,0.7905458804,0.743046925,-0.04141849402,0.4817622521,0.4626779745
2482,82733333333,0,0,-1.389645475,-0.5198119415,0.7886697121,0.7414374724,-0.04127958954,0.4830743641,0.463902607
2483,82766666667,0,0,-1.38952174,-0.5201764346,0.7850622143,0.740032583,-0.04060624347,0.4835173297,0.4657401646
2484,82800000000,0,0,-1.386254714,-0.5194404204,0.7822262018,0.740471938,-0.04088114544,0.4824097954,0.4661660972
2485,82833333333,0,1,-1.383037648,-0.5227056661,0.7819898743,0.7409830685,-0.04106611481,0.4817632294,0.4660062845
2486,82866666667,0,0,-1.379967182,-0.5222303685,0.779939965,0.7414419802,-0.04064478057,0.4813677791,0.4657218622
2487,82900000000,0,0,-1.378751485,-0.5225260314,0.7773885638,0.7409325147,-0.03945537715,0.4814875927,0.4665104285
2488,82933333333,0,0,-1.375494049,-0.521891372,0.7735441032,0.7411546789,-0.03951669534,0.4803778123,0.467295763
2489,82966666667,0,0,-1.371220085,-0.5201322834,0.7705743423,0.7420157749,-0.04035470563,0.4800267162,0.4662171588
2490,83000000000,0,0,-1.368572517,-0.5198407338,0.768241506,0.7423472635,-0.041437628,0.4810723969,0.4645135222
2491,83033333333,0,0,-1.365316986,-0.5187741031,0.7658403155,0.7426990097,-0.04258011238,0.4816915281,0.4632044761
2492,83066666667,0,0,-1.360540549,-0.5188149463,0.7634294009,0.7429854912,-0.04369439635,0.4819279864,0.4623946102
2493,83100000000,0,0,-1.356504191,-0.5184125921,0.7609957341,0.7440337543,-0.04427953362,0.4812154913,0.4613943502
2494,83133333333,0,0,-1.349813736,-0.5167372999,0.7593423765,0.7453738592,-0.04461518724,0.4806825532,0.4597516484
2495,83166666667,0,0,-1.345557866,-0.5172614619,0.7574384972,0.7454303585,-0.04352738685,0.4810216814,0.4594095006
2496,83200000000,0,1,-1.341052247,-0.5152616109,0.75629744,0.7460561885,-0.04163772111,0.4799575544,0.4596816396
2497,83233333333,0,0,-1.335019415,-0.5153617793,0.7545707462,0.7465762133,-0.03937301373,0.4796134265,0.4593959997
2498,83266666667,0,0,-1.329927593,-0.5154506136,0.751643443,0.7470287038,-0.03675465738,0.478826527,0.459698127
2499,83300000000,0,0,-1.324342106,-0.515430709,0.7486988618,0.746912907,-0.03450576296,0.4780173913,0.4609011122
2500,83333333333,0,0,-1.318320412,-0.5149015456,0.7442739611,0.7473081833,-0.03280274716,0.4766692926,0.4617800823
2501,83366666667,0,0,-1.312220335,-0.5137851562,0.7401088723,0.7487582048,-0.03278084739,0.4753020728,0.4608410858
2502,83400000000,0,1,-1.30757113,-0.5126987152,0.7358949899,0.7504352757,-0.03383823377,0.4751418019,0.4581944337
2503,83433333333,0,0,-1.302184209,-0.5128857725,0.7325028856,0.7512864272,-0.03552962801,0.4761772387,0.4555892746
2504,83466666667,0,0,-1.29575577,-0.5128376058,0.7299428851,0.7517508748,-0.03741159087,0.4776202939,0.4531554368
2505,83500000000,0,0,-1.287961122,-0.512790777,0.7267996336,0.7521148281,-0.03890693636,0.4785076462,0.4514863987
2506,83533333333,0,0,-1.281815241,-0.5128359069,0.724237619,0.7524438269,-0.03891252883,0.4794625785,0.4499219247
2507,83566666667,0,0,-1.275598437,-0.512987799,0.7221723799,0.7524741803,-0.03846590461,0.4795435675,0.449823242
2508,83600000000,0,1,-1.270558729,-0.5101831632,0.7203599458,0.7528002865,-0.03676013917,0.4790363348,0.449960677
2509,83633333333,0,0,-1.264895414,-0.5100020304,0.71789958,0.7525880863,-0.03563307444,0.47866969,0.4507957234
2510,83666666667,0,0,-1.257439626,-0.5091232589,0.7160605371,0.753269394,-0.03414823209,0.4775037147,0.4510092247
2511,83700000000,0,0,-1.251732807,-0.5096818876,0.7130018962,0.7550287296,-0.03198441804,0.4755182014,0.4503232778
2512,83733333333,0,0,-1.247785961,-0.510101729,0.7105433907,0.7572251697,-0.03055290955,0.4726367065,0.4497678353
2513,83766666667,0,0,-1.242803062,-0.5101839028,0.7079527376,0.7593739505,-0.03055582585,0.4695486284,0.4493791611
2514,83800000000,0,1,-1.237845488,-0.5091544216,0.7075351261,0.7599694955,-0.03007873893,0.4680726988,0.4499439787
2515,83833333333,0,0,-1.233280081,-0.5101520604,0.7040032984,0.7597640685,-0.02798459121,0.4665406373,0.4520124519
2516,83866666667,0,0,-1.228046065,-0.5090738972,0.6994635356,0.7612398255,-0.02814372641,0.46300532,0.4531533211
2517,83900000000,0,0,-1.221878259,-0.505561329,0.6982026909,0.7633036734,-0.02877798916,0.4612274202,0.4514516545
2518,83933333333,0,0,-1.21764918,-0.5042766515,0.6951000578,0.7649348263,-0.02942026225,0.460951589,0.4489240384
2519,83966666667,0,0,-1.213185923,-0.5033895494,0.6907847688,0.7665422571,-0.0320309109,0.4595232503,0.4474654972
2520,84000000000,0,0,-1.207159878,-0.5020131863,0.688388773,0.7675548929,-0.03464998945,0.457915761,0.4471823124
2521,84033333333,0,1,-1.201178319,-0.5005435676,0.6874951665,0.7684753791,-0.03560804071,0.4561498306,0.4473309639
2522,84066666667,0,0,-1.195962299,-0.5009619896,0.6819968015,0.7699997486,-0.03640317957,0.4529934753,0.4478527739
2523,84100000000,0,0,-1.189518818,-0.4981249494,0.6801413324,0.7723209491,-0.03776791359,0.4489187343,0.447845851
2524,84133333333,0,0,-1.183307628,-0.4951656511,0.6772899459,0.7750743109,-0.03739001044,0.4456684694,0.4463646661
2525,84166666667,0,0,-1.178010039,-0.4935416767,0.6729531345,0.7782535064,-0.03782139325,0.4419312711,0.444508463
2526,84200000000,0,0,-1.172064951,-0.491119389,0.6704431358,0.7810669093,-0.03785135719,0.4395927318,0.4418823237
2527,84233333333,0,1,-1.168379421,-0.4886458354,0.6643632533,0.7850452867,-0.03899452023,0.4363189102,0.4379601966
2528,84266666667,0,0,-1.164425772,-0.4854896124,0.6618765389,0.7883140333,-0.04291130948,0.4356334779,0.4323691447
2529,84300000000,0,0,-1.158377273,-0.484963699,0.6590204547,0.7897505903,-0.0471451158,0.4377017131,0.42718679
2530,84333333333,0,0,-1.153792363,-0.4856349539,0.6494876708,0.792258228,-0.05198079871,0.4364597576,0.4232348954
2531,84366666667,0,0,-1.147575518,-0.485814236,0.6460738197,0.7946991947,-0.05809649876,0.4336276156,0.420767249
2532,84400000000,0,0,-1.140147991,-0.4845290238,0.6418523502,0.7972780629,-0.05993355173,0.4295140519,0.419849186
2533,84433333333,0,1,-1.134343138,-0.4878066475,0.6361403045,0.7998847735,-0.06247110532,0.422368467,0.4217660349
2534,84466666667,0,0,-1.12921563,-0.4865302554,0.6330505877,0.8022958443,-0.06302699027,0.4163120064,0.4231232563
2535,84500000000,0,0,-1.124340774,-0.4838928174,0.6298731311,0.8036772596,-0.06193192703,0.4119921344,0.4248879618
2536,84533333333,0,0,-1.120666861,-0.4818333271,0.625768994,0.8039963779,-0.06154395374,0.4106166861,0.4256713559
2537,84566666667,0,0,-1.116231311,-0.478712586,0.6226969654,0.8027132523,-0.06168601118,0.4132739642,0.4255007652
2538,84600000000,0,0,-1.112564832,-0.4774492425,0.6173272696,0.8010082981,-0.06282936593,0.4169219513,0.4249873688
2539,84633333333,0,1,-1.109469061,-0.4738553395,0.6119370445,0.8002127484,-0.0640584095,0.4199675563,0.4233005188
2540,84666666667,0,0,-1.1039681,-0.4735133349,0.6061923997,0.7990221586,-0.06521563287,0.4230525978,0.4222996695
2541,84700000000,0,0,-1.099593539,-0.4738876052,0.5994174488,0.7985727844,-0.06756286402,0.4235638227,0.4222682271
2542,84733333333,0,0,-1.094467678,-0.4710165835,0.5966631849,0.7981406674,-0.06934339357,0.4235029734,0.4228571866
2543,84766666667,0,0,-1.089135059,-0.4695530181,0.5920831354,0.7981178256,-0.07082456389,0.422807299,0.4233506887
2544,84800000000,0,0,-1.085084404,-0.467887569,0.5886880468,0.7986001282,-0.07293246074,0.4223362478,0.4225527012
2545,84833333333,0,0,-1.080836351,-0.4659589086,0.5899495927,0.7976462393,-0.07359428625,0.4242112894,0.4223613854
2546,84866666667,0,1,-1.075972667,-0.4668991526,0.5879064103,0.7964808242,-0.07326581977,0.4250191678,0.4238031658
2547,84900000000,0,0,-1.07272727,-0.4660283096,0.5856662868,0.7964889535,-0.07267947935,0.4252998137,0.4236072576
2548,84933333333,0,0,-1.067909519,-0.4657475032,0.5845497871,0.7968196399,-0.07220765644,0.4254921969,0.4228722102
2549,84966666667,0,0,-1.063300378,-0.4663318918,0.5824982613,0.7971523164,-0.0708905976,0.4258985068,0.4220582538
2550,85000000000,0,0,-1.059387424,-0.4675202336,0.5806811274,0.7971852485,-0.06978574322,0.4262926011,0.4217822279
2551,85033333333,0,0,-1.054871565,-0.4680151994,0.5794162746,0.7972629479,-0.06868411315,0.4265036539,0.4216027961
2552,85066666667,0,1,-1.049438309,-0.4683335215,0.5784032486,0.7975106758,-0.06717249471,0.4264249529,0.4214573971
2553,85100000000,0,0,-1.045019111,-0.4690660563,0.5766345591,0.7975119707,-0.06572965695,0.4272750633,0.4208209703
2554,85133333333,0,0,-1.040997989,-0.4687851823,0.5764412052,0.7973886032,-0.06491280705,0.4297471128,0.4186587656
2555,85166666667,0,0,-1.036138958,-0.4695673172,0.5750760309,0.7970629946,-0.06425641252,0.4330439965,0.4159742698
2556,85200000000,0,0,-1.031271801,-0.4721932145,0.5739745728,0.7966517251,-0.06379285054,0.4358653015,0.4138815531
2557,85233333333,0,0,-1.026397057,-0.4736518842,0.57253652,0.7962693167,-0.06253138605,0.4370711823,0.4135381271
2558,85266666667,0,1,-1.02150906,-0.4756474424,0.5709424067,0.7957673001,-0.06165272829,0.43630776,0.4154381828
2559,85300000000,0,0,-1.016070529,-0.4772416859,0.570181523,0.7964150815,-0.06207443123,0.4347620575,0.4157544181
2560,85333333333,0,0,-1.010832318,-0.4787879268,0.5700670527,0.7970150429,-0.06318979381,0.4329560139,0.4163209837
2561,85366666667,0,0,-1.005914234,-0.4780294823,0.5709144251,0.796941973,-0.06325480738,0.4321284031,0.4173096743
2562,85400000000,0,0,-1.00013004,-0.478875605,0.5704538916,0.7966429457,-0.06271350556,0.4322968942,0.4177875401
2563,85433333333,0,0,-0.9941652245,-0.4802362293,0.5707029464,0.7965321491,-0.06318598216,0.4332306707,0.416959534
2564,85466666667,0,1,-0.9888218173,-0.4819029198,0.5699176058,0.7962815757,-0.06346017437,0.4348107427,0.4157500168
2565,85500000000,0,0,-0.9829002592,-0.4836981579,0.5693129743,0.795274317,-0.06250742819,0.4368767664,0.4156564363
2566,85533333333,0,0,-0.9773340634,-0.4853705386,0.5691610569,0.7941510053,-0.06143701608,0.4388029021,0.4159347149
2567,85566666667,0,0,-0.9716072174,-0.4873376054,0.5696092279,0.7930002612,-0.06015187645,0.4410779988,0.415911693
2568,85600000000,0,0,-0.9656574028,-0.4902236022,0.569240032,0.7922697051,-0.0586221497,0.4431493588,0.415320122
2569,85633333333,0,0,-0.9603368925,-0.4923766374,0.5689902126,0.7920380394,-0.05763388682,0.4452936985,0.413603193
2570,85666666667,0,0,-0.9549248878,-0.4953907117,0.569157162,0.7913453798,-0.05736401771,0.4474177169,0.4126732921
2571,85700000000,0,1,-0.9500913789,-0.4975996193,0.5690890075,0.7909240572,-0.05737553231,0.4487608847,0.4120204513
2572,85733333333,0,0,-0.9443256963,-0.5005663829,0.5694226589,0.7911610658,-0.0573856011,0.4504929843,0.4096670989
2573,85766666667,0,0,-0.9390714721,-0.5033266379,0.5692394558,0.7914817176,-0.05722288082,0.4513748157,0.4080968125
2574,85800000000,0,0,-0.9330172206,-0.5063338675,0.5702988392,0.7913265632,-0.056346024,0.4507465702,0.4092125675
2575,85833333333,0,0,-0.9274008611,-0.5091172266,0.570270859,0.7918145196,-0.05445089599,0.4486168355,0.4108622656
2576,85866666667,0,0,-0.9224806613,-0.5113441767,0.5713065287,0.7927212937,-0.05296953147,0.4468208252,0.4112643061
2577,85900000000,0,0,-0.9177095901,-0.5134440853,0.5713675511,0.7933520415,-0.05086191477,0.4461271205,0.4110671433
2578,85933333333,0,1,-0.9139616463,-0.5154280489,0.5718220717,0.7931577044,-0.04875735869,0.4456875606,0.4121725056
2579,85966666667,0,0,-0.9098441309,-0.5168251435,0.5716632379,0.7932270805,-0.04620670007,0.4452408728,0.4128150977
2580,86000000000,0,0,-0.9054196848,-0.5187937006,0.5714198973,0.7939090479,-0.0453544255,0.4455997881,0.4112082545
2581,86033333333,0,0,-0.9014768764,-0.5212501433,0.5716368387,0.7944238918,-0.04488603017,0.4467052124,0.4090603595
2582,86066666667,0,0,-0.8972780374,-0.5240532302,0.5716751203,0.7943727829,-0.0442840074,0.4471469201,0.4087425111
2583,86100000000,0,0,-0.8932280948,-0.5269228213,0.5724808256,0.7948549504,-0.04384302797,0.4474706021,0.4074965729
2584,86133333333,0,0,-0.8894308531,-0.5299081528,0.5728511072,0.7962398569,-0.04451024688,0.4469385867,0.405298443
2585,86166666667,0,1,-0.8864814825,-0.531688262,0.5737634902,0.7974369667,-0.04346302116,0.4443485815,0.4059058857
2586,86200000000,0,0,-0.8828455458,-0.5338191175,0.5735367985,0.7980310112,-0.0405981139,0.4401704072,0.4095708863
2587,86233333333,0,0,-0.878955147,-0.5357822292,0.5727707738,0.7985355476,-0.03827852401,0.4372913591,0.4118883357
2588,86266666667,0,0,-0.8754406705,-0.5366824143,0.5714751813,0.7996312139,-0.03687017678,0.4364790922,0.4107511581
2589,86300000000,0,0,-0.8721435215,-0.5383827916,0.5702077397,0.7998033233,-0.03616257892,0.43795587,0.4089028831
2590,86333333333,0,0,-0.8691086002,-0.5409105662,0.5695883275,0.7987778883,-0.03461525941,0.4400156265,0.4088299371
2591,86366666667,0,0,-0.8669984716,-0.5434267087,0.570004377,0.7985478029,-0.03297131247,0.4413937077,0.4079287852
2592,86400000000,0,0,-0.8645906669,-0.5462871878,0.5697944239,0.7996772375,-0.03252969196,0.4412100642,0.4059455803
2593,86433333333,0,0,-0.8608444292,-0.5489781369,0.5681059916,0.8007736517,-0.03150730906,0.4402942707,0.4048577571
2594,86466666667,0,0,-0.859186496,-0.5503883714,0.5674799145,0.8014448253,-0.02869909857,0.4408341524,0.4031473724
2595,86500000000,0,0,-0.8586277199,-0.5505439443,0.5671323282,0.8019582511,-0.02713822905,0.4414692391,0.4015362884
2596,86533333333,0,1,-0.8572343249,-0.5528609059,0.5667164428,0.8022749176,-0.02853875214,0.4424144277,0.3997623924
2597,86566666667,0,0,-0.8544939339,-0.5558200026,0.5656668111,0.8025147889,-0.02789479346,0.4448846764,0.3965722115
2598,86600000000,0,0,-0.8569509547,-0.5566446036,0.5676966422,0.8033145191,-0.02501614427,0.4479436624,0.3916713562
2599,86633333333,0,0,-0.8581797064,-0.5568937883,0.5690755676,0.8052776349,-0.02407937543,0.4472926543,0.3884293962
2600,86666666667,0,0,-0.8585944298,-0.5568693567,0.5696957167,0.8078064466,-0.02357507105,0.4447590299,0.386111857
2601,86700000000,0,0,-0.8592911074,-0.5555723717,0.5693430734,0.8099906281,-0.02334971832,0.4414990274,0.3852902566
2602,86733333333,0,0,-0.8583064229,-0.5550868079,0.5677566784,0.8108711349,-0.02367846144,0.438977532,0.3862978895
2603,86766666667,0,0,-0.8584501158,-0.5531863824,0.5662590841,0.8105134632,-0.0229779804,0.4385419709,0.3875833822
2604,86800000000,0,0,-0.8588618715,-0.5516626019,0.5650888293,0.8099282373,-0.02390428135,0.4395347705,0.3876261359
2605,86833333333,0,0,-0.859613646,-0.5502601949,0.5650253072,0.8094156106,-0.02557498143,0.4418491082,0.3859555094
2606,86866666667,0,0,-0.8614005478,-0.54743169,0.564874604,0.8094177772,-0.02729888039,0.4435634532,0.383860777
2607,86900000000,0,0,-0.8619623942,-0.5459715922,0.5647544824,0.8097975257,-0.03001280231,0.4442692032,0.3820367445
2608,86933333333,0,0,-0.8630635684,-0.5438774862,0.5637787642,0.8106057786,-0.03156864724,0.4442931107,0.3801648643
2609,86966666667,0,0,-0.8646551558,-0.540171356,0.5627220704,0.8107089548,-0.03227531226,0.4442921836,0.3798864967
2610,87000000000,0,0,-0.8657681507,-0.5369202734,0.5617446272,0.8099097795,-0.03247961765,0.4446058848,0.3812044475
2611,87033333333,0,0,-0.8663895696,-0.5347921461,0.5609855972,0.8095315172,-0.03320522976,0.444667045,0.3818734798
2612,87066666667,0,0,-0.8672367433,-0.5314037647,0.559263553,0.8102110052,-0.03296440488,0.4440923995,0.3811212611
2613,87100000000,0,0,-0.8693251771,-0.527276811,0.5576558035,0.8106956029,-0.03298503732,0.4435422543,0.3807294254
2614,87133333333,0,0,-0.87096674,-0.5240991199,0.5561610631,0.8104524239,-0.03304652142,0.4427138214,0.3822031769
2615,87166666667,0,0,-0.8719711708,-0.5197927231,0.5527532593,0.8107253909,-0.03326862921,0.441047938,0.3835286889
2616,87200000000,0,1,-0.8727521415,-0.5194640072,0.5493158749,0.8102196006,-0.03306481886,0.4407182367,0.3849913667
2617,87233333333,0,0,-0.8745105849,-0.5164079938,0.5464112726,0.8095616572,-0.03134928204,0.4407866191,0.3864379667
2618,87266666667,0,0,-0.875943799,-0.5139713011,0.542932903,0.8097544924,-0.02965361396,0.4404466402,0.3865554065
2619,87300000000,0,0,-0.8793244439,-0.5094662916,0.5397635618,0.81096849,-0.02813535759,0.4399280472,0.3847100508
2620,87333333333,0,0,-0.8807725621,-0.5065223163,0.5356323597,0.8126757589,-0.02956478834,0.4388087694,0.382270713
2621,87366666667,0,0,-0.8822259439,-0.5027006589,0.5309654798,0.8144621429,-0.03063397542,0.4383420548,0.3789052919
2622,87400000000,0,0,-0.883656122,-0.4980272369,0.5258944888,0.8152233458,-0.03172792855,0.4390341947,0.376368451
2623,87433333333,0,0,-0.8855703305,-0.493927731,0.5222665279,0.8148369073,-0.03253165717,0.4397828145,0.37626265
2624,87466666667,0,0,-0.8865573319,-0.4915631494,0.5189432353,0.8145729795,-0.03370072024,0.4394698994,0.3770959162
2625,87500000000,0,1,-0.88751746,-0.4876617495,0.5156874795,0.8150709062,-0.0333656762,0.437748482,0.3780508114
2626,87533333333,0,0,-0.8879639196,-0.4836317305,0.5104698563,0.8161000303,-0.03437361389,0.4359352998,0.3778354267
2627,87566666667,0,0,-0.8889627555,-0.4795505077,0.5057427025,0.8170909405,-0.0351070403,0.4348745127,0.3768475141
2628,87600000000,0,0,-0.8887749231,-0.4756004718,0.4997108952,0.818242512,-0.03573282641,0.4335819305,0.3757779481
2629,87633333333,0,0,-0.8887960032,-0.4720969187,0.493387311,0.818803866,-0.03462830815,0.4339572406,0.3742221567
2630,87666666667,0,0,-0.8910155891,-0.4676014336,0.4877257444,0.819554723,-0.03379184086,0.4343215442,0.3722270326
2631,87700000000,0,0,-0.8923300603,-0.4641944871,0.4828236473,0.8205135178,-0.03459531743,0.4340820492,0.3703154138
2632,87733333333,0,0,-0.8936361308,-0.4612354789,0.4775478849,0.8217421693,-0.03470894112,0.4330743239,0.368757002
2633,87766666667,0,1,-0.8946426014,-0.458052265,0.4728054864,0.8237346641,-0.03429732704,0.430900399,0.3668920041
2634,87800000000,0,0,-0.8955122689,-0.453444664,0.4658394046,0.8260571054,-0.0352487069,0.4287980517,0.3640321664
2635,87833333333,0,0,-0.896177585,-0.4492311458,0.4596252845,0.8278039019,-0.03622854923,0.4283117186,0.3605235969
2636,87866666667,0,0,-0.8986114258,-0.4448590593,0.4539225925,0.8294355717,-0.03707136219,0.4286452973,0.3562661304
2637,87900000000,0,0,-0.8999391166,-0.4400149895,0.4481987755,0.8317120162,-0.03897243567,0.4284657862,0.3509321038
2638,87933333333,0,0,-0.9027490728,-0.4350708018,0.4424362345,0.8336917583,-0.04025696811,0.4289908642,0.3454044979
2639,87966666667,0,0,-0.9048933219,-0.4300141067,0.4370820266,0.8353063998,-0.04269568145,0.4287923927,0.3414342999
2640,88000000000,0,1,-0.9060863153,-0.4252468491,0.4343303152,0.8366732546,-0.04368840086,0.4282188486,0.3386706459
2641,88033333333,0,0,-0.9080342583,-0.4201243026,0.4298647698,0.8377932265,-0.04506363855,0.4263784183,0.3380432258
2642,88066666667,0,0,-0.909837339,-0.4145435513,0.4252195065,0.839136069,-0.04544947132,0.4234131673,0.3383877848
2643,88100000000,0,0,-0.9114048137,-0.4086183601,0.4201241584,0.840246695,-0.04569131399,0.4195889343,0.3403570502
2644,88133333333,0,0,-0.9116416804,-0.4030480626,0.41481178,0.8411674002,-0.04568548298,0.4159290757,0.3425685995
2645,88166666667,0,0,-0.9132148343,-0.3971446337,0.409329644,0.8421791725,-0.04461183419,0.4127935972,0.3440137669
2646,88200000000,0,1,-0.9136719158,-0.3917005102,0.4062126286,0.8432822834,-0.04497518318,0.4100075423,0.344595471
2647,88233333333,0,0,-0.9144432268,-0.3859098162,0.400910283,0.8434880753,-0.04574731488,0.4083494352,0.3459563395
2648,88266666667,0,0,-0.9152695656,-0.3801012086,0.3958519612,0.8433590232,-0.04692939592,0.4073310787,0.347310498
2649,88300000000,0,0,-0.9162439436,-0.374711949,0.3913781868,0.8433386963,-0.04887028563,0.4070199116,0.3474569469
2650,88333333333,0,0,-0.9172819936,-0.3696641652,0.3869700518,0.8432001417,-0.05084118485,0.4070153613,0.3475157416
2651,88366666667,0,0,-0.9184357037,-0.3650773308,0.3826451611,0.8427877426,-0.0518766097,0.4066453506,0.3487939179
2652,88400000000,0,1,-0.917976846,-0.3609726881,0.3801720309,0.8427635337,-0.05275064282,0.4050711269,0.3505486815
2653,88433333333,0,0,-0.918522341,-0.3565346647,0.3766711589,0.8427062262,-0.05395452595,0.4037121042,0.3520676958
2654,88466666667,0,0,-0.9190809489,-0.3518207556,0.3731525432,0.8428291355,-0.05509383907,0.4027336785,0.3527170274
2655,88500000000,0,0,-0.9187768102,-0.3469882782,0.3696282746,0.8422851107,-0.05538635205,0.4022160356,0.3545566317
2656,88533333333,0,0,-0.9193546581,-0.3430694471,0.3663603795,0.8415938588,-0.05554851244,0.402093487,0.3563074056
2657,88566666667,0,0,-0.9187398103,-0.3392386643,0.3634720689,0.8417045074,-0.05642602263,0.4013667515,0.3567272867
2658,88600000000,0,0,-0.9179198788,-0.3346571758,0.36009146,0.841582966,-0.05615744075,0.4011053437,0.3573499077
2659,88633333333,0,0,-0.917325274,-0.3313541491,0.3569295624,0.8411853407,-0.05602336406,0.4007143511,0.3587431033
2660,88666666667,0,0,-0.9161145144,-0.3270347621,0.3542227351,0.8413327501,-0.05607058997,0.399832197,0.3593737704
2661,88700000000,0,1,-0.9141557781,-0.324906877,0.3524044935,0.84107188,-0.05514568112,0.3997505419,0.3602173659
2662,88733333333,0,0,-0.9132840231,-0.3217165488,0.3493585497,0.8400326111,-0.05420228061,0.4003673038,0.3620957707
2663,88766666667,0,0,-0.9122626911,-0.3172604453,0.3461508669,0.839171489,-0.05414728365,0.4004246007,0.3640321729
2664,88800000000,0,0,-0.9107817476,-0.3137096218,0.3433647272,0.8378857897,-0.05528126559,0.4007199728,0.3664899569
2665,88833333333,0,0,-0.9092381758,-0.3101314371,0.3410647736,0.8371304961,-0.05649284088,0.401293248,0.3674028041
2666,88866666667,0,0,-0.9071797519,-0.3062638931,0.338125478,0.8373623381,-0.05878994484,0.4013228234,0.366480625
2667,88900000000,0,1,-0.9055561381,-0.3019862163,0.3351135205,0.837775758,-0.06111992218,0.4022020427,0.3641835406
2668,88933333333,0,0,-0.9034068905,-0.2977147075,0.3321930745,0.8367747457,-0.06291875874,0.404005888,0.3641819562
2669,88966666667,0,0,-0.9007967217,-0.2948818912,0.3292722607,0.8355965263,-0.06422138876,0.4052442651,0.3652822801
2670,89000000000,0,0,-0.8982385818,-0.2918831634,0.3262316707,0.8353892401,-0.06501759408,0.4055609905,0.3652640317
2671,89033333333,0,0,-0.8945473514,-0.2881583177,0.3233049387,0.8353279027,-0.06613195241,0.4054089068,0.3653730671
2672,89066666667,0,0,-0.8914125578,-0.2855256342,0.3199433431,0.8344341287,-0.06674441603,0.4060379985,0.3666033436
2673,89100000000,0,1,-0.8896829296,-0.2814982588,0.3171774451,0.8338906651,-0.0666571254,0.4054586758,0.3684921282
2674,89133333333,0,0,-0.8846702438,-0.2778866234,0.3147093146,0.8338212633,-0.0681834565,0.4048155492,0.3690765344
2675,89166666667,0,0,-0.880504664,-0.2751917354,0.3119879288,0.8340174948,-0.06887470882,0.4043757271,0.3689869431
2676,89200000000,0,0,-0.8758416608,-0.2713348875,0.3097322448,0.8348273285,-0.06852653042,0.4034829529,0.3681968943
2677,89233333333,0,0,-0.8718331477,-0.2684729332,0.3077075998,0.8357391772,-0.06735858164,0.4032035842,0.3666465858
2678,89266666667,0,0,-0.8675715585,-0.2652701687,0.3051051975,0.8362920358,-0.06412361517,0.4030074448,0.3661813652
2679,89300000000,0,1,-0.8678055938,-0.2641546516,0.3037114554,0.8367969047,-0.05969820184,0.402976341,0.3658102425
2680,89333333333,0,0,-0.8666585507,-0.2625497825,0.300491883,0.8381124502,-0.05745083468,0.400846682,0.3654980985
2681,89366666667,0,0,-0.8641420855,-0.2587075392,0.2985297826,0.8389005984,-0.05639365992,0.3989317598,0.3659494394
2682,89400000000,0,0,-0.8620478577,-0.2554170649,0.2960128352,0.83865162,-0.05526637207,0.3985261629,0.3671321096
2683,89433333333,0,0,-0.8589275037,-0.2513192119,0.2932805541,0.8382555398,-0.05485451104,0.3980154459,0.3686493421
2684,89466666667,0,0,-0.8560136144,-0.2482822082,0.2906342272,0.8380704582,-0.05465858794,0.3978874596,0.3692369366
2685,89500000000,0,0,-0.8538216078,-0.2458573893,0.2873027918,0.8384909391,-0.05497769307,0.3968325703,0.3693701525
2686,89533333333,0,0,-0.851106076,-0.2416640666,0.2848809028,0.8388988946,-0.05505848405,0.3950917523,0.3702967935
2687,89566666667,0,0,-0.8482833286,-0.2381017156,0.2823885437,0.8390324171,-0.05499356706,0.3936348498,0.3715533819
2688,89600000000,0,1,-0.8472207958,-0.2352956312,0.2789720031,0.8399909843,-0.05491168531,0.3920151981,0.371111759
2689,89633333333,0,0,-0.8448141091,-0.2314930287,0.27642648,0.8413554086,-0.05576905038,0.3912054698,0.368739976
2690,89666666667,0,0,-0.8425183786,-0.227705455,0.2742646373,0.8426784132,-0.05627566795,0.3910048812,0.3658433052
2691,89700000000,0,0,-0.8407277379,-0.224183142,0.271232072,0.8439357235,-0.05637924408,0.3906715663,0.3632762073
2692,89733333333,0,0,-0.8389234146,-0.220183103,0.268321612,0.8453384059,-0.05643502455,0.38979894,0.36093608
2693,89766666667,0,0,-0.8372897143,-0.2166035302,0.265304117,0.8471167061,-0.05647470821,0.3879983228,0.3586937345
2694,89800000000,0,1,-0.8365124211,-0.2134348219,0.2626887801,0.8492637057,-0.05639008104,0.3847285386,0.3571488043
2695,89833333333,0,0,-0.8341002137,-0.2087432026,0.2599426088,0.8512886617,-0.0560909056,0.3809556172,0.3564186338
2696,89866666667,0,0,-0.8326226956,-0.2052263806,0.2557532838,0.8533001259,-0.05531451688,0.3763914256,0.3565791555
2697,89900000000,0,0,-0.8310072597,-0.2005513185,0.2515807831,0.8558053138,-0.05524571205,0.3710033108,0.356232676
2698,89933333333,0,0,-0.8288334904,-0.196529634,0.2477374213,0.8582257107,-0.05574267432,0.3663353234,0.3551616738
2699,89966666667,0,0,-0.8270569124,-0.1928258598,0.2427774565,0.8601640709,-0.05631662607,0.3621839475,0.3546392489
2700,90000000000,0,1,-0.8252763377,-0.1877348947,0.2387553691,0.8627718304,-0.05717349941,0.3578087734,0.3526029513
2701,90033333333,0,0,-0.8230274753,-0.1834515635,0.2338140532,0.8654899934,-0.05943716449,0.3540198845,0.349376897
2702,90066666667,0,0,-0.820852429,-0.1786143216,0.2294178497,0.8683583532,-0.06140094431,0.3506957172,0.3452480389
2703,90100000000,0,0,-0.8198835162,-0.1753527255,0.224263894,0.8711594085,-0.06352341817,0.3471046163,0.3414153564
2704,90133333333,0,0,-0.8185461621,-0.1704724803,0.2196715678,0.8741194467,-0.0649979415,0.3423358543,0.3383734968
2705,90166666667,0,0,-0.8171964951,-0.167282828,0.2136143788,0.8765742274,-0.06676430074,0.3365364156,0.3374957673
2706,90200000000,0,1,-0.8178758233,-0.1635704947,0.2111661667,0.879152116,-0.06857377812,0.3315362524,0.3353698066
2707,90233333333,0,0,-0.8176081843,-0.1592398491,0.20621629,0.8813252396,-0.07087862572,0.3273870297,0.3332563206
2708,90266666667,0,0,-0.8164353323,-0.1533349104,0.2022200819,0.8830024773,-0.07297853801,0.3244638449,0.3312158985
2709,90300000000,0,0,-0.8148374428,-0.1485869382,0.1976901549,0.8841664846,-0.07480432254,0.3225929949,0.3295264792
2710,90333333333,0,0,-0.8142468831,-0.1440290082,0.1922996001,0.8851326059,-0.07636315927,0.3199971905,0.3291059646
2711,90366666667,0,0,-0.8134571424,-0.1391256211,0.1885603827,0.8860373972,-0.07763709092,0.316887545,0.329381992
2712,90400000000,0,1,-0.8116281005,-0.1374841976,0.1856794082,0.8870410125,-0.07920539776,0.3129182341,0.3301013873
2713,90433333333,0,0,-0.8098633563,-0.1314885114,0.1822789796,0.8885381445,-0.08004239584,0.3093092934,0.3292733539
2714,90466666667,0,0,-0.8091218241,-0.1268615855,0.1782696771,0.8895561045,-0.08074139808,0.3073656487,0.3281723963
2715,90500000000,0,0,-0.8091605002,-0.1226544754,0.1744732492,0.889715949,-0.08164466236,0.3062852823,0.3285255013
2716,90533333333,0,0,-0.807414294,-0.1180330661,0.170733225,0.8898027343,-0.08237600682,0.3047451853,0.3295385555
2717,90566666667,0,0,-0.8066980024,-0.1141938015,0.1664956877,0.8901148496,-0.08269099346,0.3027823394,0.3304248918
2718,90600000000,0,0,-0.8058380039,-0.1098555242,0.1628822117,0.8908214814,-0.08310574536,0.3004617123,0.3305348435
2719,90633333333,0,0,-0.8048779402,-0.1060799145,0.1591896991,0.8914446431,-0.08340745427,0.2984099429,0.3306374917
2720,90666666667,0,0,-0.8051373758,-0.1021051095,0.1560790372,0.892006768,-0.08346053755,0.2970506306,0.3303319351
2721,90700000000,0,1,-0.8033943407,-0.1017593018,0.1561191843,0.8924420384,-0.08392604895,0.2957236288,0.3302289535
2722,90733333333,0,0,-0.8027542133,-0.09880330136,0.1529509357,0.8929827867,-0.08305628177,0.2945955566,0.3299952345
2723,90766666667,0,0,-0.8040118527,-0.09585695566,0.1484739519,0.8937372969,-0.08254083286,0.2927191257,0.3297516771
2724,90800000000,0,0,-0.8031133379,-0.0918876222,0.1456190454,0.8947130775,-0.08242798155,0.2905154733,0.3290818995
2725,90833333333,0,0,-0.8028499164,-0.08943731847,0.1434515936,0.8952203932,-0.08219474857,0.2898152359,0.3283772222
2726,90866666667,0,0,-0.8029357998,-0.08667641145,0.1401985038,0.8957665313,-0.08205518349,0.2889881469,0.3276509105
2727,90900000000,0,0,-0.8024508223,-0.08329198624,0.1379398626,0.8961389002,-0.08157482368,0.2882896177,0.3273678604
2728,90933333333,0,0,-0.8022245819,-0.08157889062,0.1352066956,0.89626953,-0.08151185449,0.2874355694,0.3277766627
2729,90966666667,0,1,-0.8007927307,-0.08175649693,0.1349762894,0.8964392246,-0.08255897068,0.2863995502,0.3279573609
2730,91000000000,0,0,-0.8008894379,-0.07930326006,0.133035875,0.8963832148,-0.08186352042,0.2867322412,0.3279940824
2731,91033333333,0,0,-0.7988162097,-0.07618841578,0.1313571557,0.8963459844,-0.08107845071,0.2868416001,0.3281951515
2732,91066666667,0,0,-0.7972244586,-0.07406242909,0.1291959166,0.896512898,-0.07978936536,0.2869402885,0.3279688274
2733,91100000000,0,0,-0.7956220771,-0.07159383126,0.1278371002,0.8969728014,-0.07825241372,0.2865818481,0.3273945597
2734,91133333333,0,0,-0.7946161063,-0.07074179442,0.125731928,0.8971811581,-0.07653397844,0.2860495049,0.3276952859
2735,91166666667,0,0,-0.793305146,-0.06947650464,0.1231318687,0.8972817388,-0.07541146495,0.2850805793,0.3285234475
2736,91200000000,0,0,-0.7922052875,-0.06843435828,0.1207950732,0.8969545339,-0.07562382879,0.2843785916,0.3299733584
2737,91233333333,0,0,-0.7895977566,-0.06496984769,0.1199467097,0.8965771029,-0.07542626272,0.28461483,0.3308395018
2738,91266666667,0,0,-0.7879260455,-0.0643900945,0.1175981633,0.8959022268,-0.0764935026,0.2856340874,0.3315435298
2739,91300000000,0,1,-0.7856417028,-0.06374928406,0.1173199429,0.8961312076,-0.07836410382,0.2862477,0.3299548154
2740,91333333333,0,0,-0.7829142194,-0.06137918034,0.1162104092,0.8966550832,-0.07919009342,0.2866202191,0.3280052451
2741,91366666667,0,0,-0.7807557366,-0.05997455294,0.1140239856,0.8971235812,-0.07983025108,0.2865575889,0.3266208188
2742,91400000000,0,0,-0.7778899576,-0.05793547683,0.1120049996,0.8975679127,-0.08076732715,0.2859996498,0.3256573065
2743,91433333333,0,0,-0.7749249762,-0.05606393169,0.1097972121,0.897530615,-0.08176797098,0.2856742983,0.325795932
2744,91466666667,0,0,-0.7698340707,-0.05301249553,0.1088532485,0.8975200837,-0.08234276919,0.2851907009,0.3261037135
2745,91500000000,0,0,-0.7659505417,-0.05053146992,0.1069326681,0.89738415,-0.08214602043,0.2858537582,0.3259468477
2746,91533333333,0,0,-0.7613807961,-0.04888785186,0.1042109294,0.8969731122,-0.08208440519,0.2859541591,0.3270039837
2747,91566666667,0,0,-0.755911707,-0.04653751676,0.1021062655,0.8969261823,-0.08155649819,0.2847975728,0.3282716918
2748,91600000000,0,1,-0.7518669646,-0.04733863015,0.09987235824,0.8973944244,-0.08243568965,0.28248254,0.3287722901
2749,91633333333,0,0,-0.7471945,-0.04495520607,0.09845178273,0.8981060889,-0.08270294089,0.2812246581,0.3278389366
2750,91666666667,0,0,-0.741376002,-0.04366241585,0.0954450435,0.8990312996,-0.08348304364,0.2795167816,0.326563428
2751,91700000000,0,0,-0.7362930039,-0.04110038506,0.0935646484,0.9003789763,-0.08435987381,0.27842991,0.3235396357
2752,91733333333,0,0,-0.7298796396,-0.0393956393,0.0920402263,0.901663859,-0.08498381312,0.2784294046,0.3197766462
2753,91766666667,0,0,-0.7246686988,-0.03785512717,0.08937737257,0.9026015369,-0.08459214625,0.2787192978,0.3169703256
2754,91800000000,0,0,-0.7190351923,-0.03788896764,0.08565581076,0.9033611326,-0.08459754093,0.2781116886,0.3153344396
2755,91833333333,0,0,-0.7140797196,-0.03743610979,0.0816852295,0.9039555703,-0.08531435814,0.2766591348,0.3147149669
2756,91866666667,0,1,-0.7111724897,-0.03512022399,0.07996830918,0.9048857732,-0.08606595526,0.2751043919,0.3131963638
2757,91900000000,0,0,-0.7049614781,-0.03330499278,0.07889158237,0.9056640411,-0.08715100823,0.2750185595,0.310712308
2758,91933333333,0,0,-0.6993379059,-0.03197903005,0.07785704707,0.9062828672,-0.08694860459,0.2762500275,0.3078591027
2759,91966666667,0,0,-0.6934120779,-0.03095073995,0.07555869836,0.9069959351,-0.08565217142,0.2773776517,0.3050962432
2760,92000000000,0,0,-0.6880432798,-0.02991906582,0.07273881153,0.9081214735,-0.08422550773,0.2776425619,0.3018874972
2761,92033333333,0,0,-0.6829171772,-0.02910069119,0.07099766249,0.9087043532,-0.08209636828,0.2782409064,0.3001642598
2762,92066666667,0,0,-0.6786808155,-0.0285136989,0.06785440876,0.9087013476,-0.07941320673,0.2779778326,0.3011373906
2763,92100000000,0,1,-0.6743296318,-0.0286204815,0.0652833977,0.9092347934,-0.07758609741,0.2758703733,0.301940433
2764,92133333333,0,0,-0.6689689876,-0.02750304268,0.06331142035,0.9098480892,-0.07506913982,0.2745581101,0.30192536
2765,92166666667,0,0,-0.6640999149,-0.02681287678,0.05998200395,0.9102834493,-0.07263725504,0.2732493309,0.3023948979
2766,92200000000,0,0,-0.6589631451,-0.02507235702,0.05833068604,0.910700287,-0.07029662537,0.2728487068,0.3020545563
2767,92233333333,0,0,-0.6540754326,-0.02409677831,0.05578686824,0.9107991198,-0.06803944862,0.2735440629,0.3016442317
2768,92266666667,0,0,-0.6493176405,-0.02307070522,0.05319092299,0.9104872226,-0.06581257062,0.274721874,0.3020092961
2769,92300000000,0,0,-0.6440117462,-0.0224612153,0.05012742466,0.9103924121,-0.0648004478,0.2748389848,0.3024071599
2770,92333333333,0,0,-0.6381514375,-0.02110180725,0.0483493662,0.9109936767,-0.06399659346,0.2739004341,0.3016181514
2771,92366666667,0,1,-0.6343552485,-0.02056362689,0.04635615303,0.9120701905,-0.06322414072,0.2722648462,0.3000042153
2772,92400000000,0,0,-0.6293895073,-0.01947551726,0.04420825457,0.9131635669,-0.06224485374,0.2705455885,0.2984341849
2773,92433333333,0,0,-0.6238041144,-0.01899000997,0.04233388936,0.9149783718,-0.06163196731,0.2673540895,0.2958679952
2774,92466666667,0,0,-0.618973103,-0.0176993282,0.04105404732,0.9172697427,-0.06093155438,0.2635630036,0.2922979781
2775,92500000000,0,0,-0.6148194172,-0.01713255363,0.03800407688,0.919228668,-0.06072127963,0.2601174853,0.2892584934
2776,92533333333,0,0,-0.6103793448,-0.01638612171,0.0359218577,0.9206936703,-0.06095447186,0.2579030604,0.286520033
2777,92566666667,0,0,-0.6052046448,-0.01551379309,0.03377427116,0.9219734762,-0.06134688034,0.2564795113,0.2835837261
2778,92600000000,0,1,-0.602729276,-0.0144278745,0.03319828033,0.9228913707,-0.06116359982,0.2559778874,0.2810797984
2779,92633333333,0,0,-0.5969627873,-0.01390763664,0.03218693685,0.9239481004,-0.06012446092,0.2543100463,0.2793409338
2780,92666666667,0,0,-0.5924339153,-0.01342629059,0.02931561034,0.9258289729,-0.05916690076,0.2506988142,0.2765684279
2781,92700000000,0,0,-0.587868894,-0.01302339698,0.02810071459,0.9282265527,-0.05909685172,0.2468940312,0.2719308117
2782,92733333333,0,0,-0.583288993,-0.0131846242,0.02535835273,0.9303984481,-0.05857351147,0.2436505847,0.2675112411
2783,92766666667,0,0,-0.57954011,-0.01330590184,0.02185668568,0.9320803339,-0.05868688536,0.2410651401,0.2639501824
2784,92800000000,0,0,-0.5746858126,-0.01324855522,0.01910445645,0.9333863725,-0.05899705456,0.2389948929,0.2611334302
2785,92833333333,0,0,-0.5701756322,-0.01324374846,0.01435599024,0.9344871793,-0.05990815792,0.2363119264,0.2594251295
2786,92866666667,0,1,-0.5678256942,-0.01216215836,0.01173193765,0.9356547862,-0.06221266096,0.2335555054,0.2571605174
2787,92900000000,0,0,-0.5628638977,-0.01190019518,0.008841897825,0.9369413474,-0.06579159231,0.2311411489,0.2537442555
2788,92933333333,0,0,-0.5578050578,-0.01231566855,0.005358595915,0.9380099477,-0.06900549331,0.2295584542,0.2503567376
2789,92966666667,0,0,-0.5524692754,-0.01177166022,0.001244420217,0.9389933515,-0.07243638759,0.2268782753,0.2481344472
2790,93000000000,0,0,-0.5461069975,-0.01085392064,0.0007415812076,0.9401956664,-0.07500924563,0.2234923446,0.2458798362
2791,93033333333,0,0,-0.5395659874,-0.01129452728,-0.000232544254,0.9417065586,-0.07520347756,0.2191213383,0.24396523
2792,93066666667,0,0,-0.5348321031,-0.0123699931,-0.004647447823,0.9432640949,-0.0750402597,0.214735484,0.2418893932
2793,93100000000,0,0,-0.5300030348,-0.01223232043,-0.007619800825,0.9445875206,-0.07458773095,0.212044559,0.2392241446
2794,93133333333,0,1,-0.5270675898,-0.01303145062,-0.008986146187,0.9455076138,-0.07328055047,0.2103053589,0.2375225656
2795,93166666667,0,0,-0.5229802662,-0.01331151342,-0.0132294185,0.9470364791,-0.07235174111,0.2080215368,0.2336967545
2796,93200000000,0,0,-0.5182536055,-0.01367877379,-0.01553699965,0.948882325,-0.07190489339,0.2064274077,0.2276834316
2797,93233333333,0,0,-0.5137535976,-0.01407003115,-0.01861146823,0.9503748232,-0.07070053978,0.204245335,0.2237699091
2798,93266666667,0,0,-0.509357447,-0.01445328991,-0.02115060035,0.9517811052,-0.06943367337,0.2009263636,0.2211793145
2799,93300000000,0,0,-0.5052173465,-0.01492790212,-0.02508385404,0.9529509382,-0.06844451084,0.1969602089,0.2200148503
2800,93333333333,0,0,-0.5011987118,-0.01465706514,-0.02731284828,0.9538659021,-0.06842185899,0.1931469533,0.2194368805
2801,93366666667,0,0,-0.4963927446,-0.01579152425,-0.0277762256,0.9548247342,-0.06805134349,0.1910956049,0.2171663221
2802,93400000000,0,1,-0.4944315125,-0.01647217761,-0.02991933554,0.9558650921,-0.06719982295,0.1902378976,0.21357821
2803,93433333333,0,0,-0.49181796,-0.01713378323,-0.03088398285,0.9570508551,-0.06757855166,0.1908314051,0.2075335515
2804,93466666667,0,0,-0.487905184,-0.01973684928,-0.03249156172,0.9577414859,-0.06742238729,0.1925465469,0.2027592049
2805,93500000000,0,0,-0.4847082855,-0.02150517859,-0.03451629085,0.9581712092,-0.06679511301,0.1933628298,0.2001428561
2806,93533333333,0,0,-0.4812756425,-0.02342473615,-0.03647915984,0.9590159608,-0.06783848246,0.1915842013,0.197438145
2807,93566666667,0,0,-0.4770617698,-0.02628263598,-0.03608594149,0.9600919791,-0.06923743163,0.1880464895,0.1951104493
2808,93600000000,0,1,-0.477086211,-0.02547522282,-0.03662279685,0.9608957093,-0.07018388421,0.1833717039,0.1952651437
2809,93633333333,0,0,-0.4723338172,-0.0281240433,-0.03472882134,0.9618176445,-0.07388073116,0.1760025509,0.1961416793
2810,93666666667,0,0,-0.4675868956,-0.0308123859,-0.03053156786,0.963043561,-0.07525886367,0.1682962188,0.1963659485
2811,93700000000,0,0,-0.4634466493,-0.03432029951,-0.03079099729,0.9647300876,-0.07510211012,0.1595858251,0.1954172348
2812,93733333333,0,0,-0.4588904009,-0.03719797646,-0.03251612572,0.9663748749,-0.07612089281,0.1510560895,0.1936679341
2813,93766666667,0,0,-0.454717618,-0.03945259798,-0.0322495032,0.9674978746,-0.07802139869,0.1445796376,0.1922426916
2814,93800000000,0,0,-0.4500959193,-0.04232045453,-0.03227591609,0.9681264452,-0.08006251304,0.1407924514,0.1910462398
2815,93833333333,0,1,-0.4438225642,-0.04609541632,-0.03438202283,0.9683920389,-0.08343425475,0.1388255202,0.1896920109
2816,93866666667,0,0,-0.4386688024,-0.04909627638,-0.03439700254,0.9683640113,-0.08507224919,0.1413233276,0.187247353
2817,93900000000,0,0,-0.433520792,-0.05195568236,-0.0345149311,0.9680441274,-0.08734060784,0.1447840592,0.185201949
2818,93933333333,0,0,-0.429090772,-0.05406207866,-0.03260029732,0.9674786484,-0.09019515131,0.1470512333,0.1850022552
2819,93966666667,0,0,-0.423315399,-0.05713057316,-0.02799793563,0.9671835488,-0.09221039465,0.1468266929,0.1857286953
2820,94000000000,0,0,-0.4184803427,-0.06065961349,-0.02618849284,0.9674065501,-0.09261579135,0.1456663916,0.1852786669
2821,94033333333,0,0,-0.4136409647,-0.06470146899,-0.02475546363,0.9681336891,-0.09368584252,0.1446133355,0.1817336132
2822,94066666667,0,1,-0.4083275558,-0.07029540008,-0.02516362897,0.9688184878,-0.0952604993,0.1445893367,0.1772289441
2823,94100000000,0,0,-0.4037156864,-0.07454405543,-0.02393139871,0.9690701478,-0.0945188609,0.147672317,0.1736724511
2824,94133333333,0,0,-0.3989577657,-0.07911156261,-0.02267626631,0.9692922077,-0.09306689193,0.150836939,0.1704681423
2825,94166666667,0,0,-0.3933248009,-0.08344270276,-0.02117518055,0.9695128703,-0.09140373417,0.1535119084,0.1677028494
2826,94200000000,0,0,-0.3882018009,-0.08723584153,-0.01956516753,0.9693977305,-0.0880359819,0.1557756185,0.1680823091
2827,94233333333,0,0,-0.3836119342,-0.09010020088,-0.01846827678,0.9691972528,-0.08501816967,0.1555665332,0.1709609596
2828,94266666667,0,1,-0.3791221884,-0.09290433507,-0.01640549827,0.96920495,-0.08286927081,0.1536682285,0.1736678567
2829,94300000000,0,0,-0.3743873879,-0.09628587486,-0.01442712322,0.9693685638,-0.07796363932,0.1512371411,0.1771259034
2830,94333333333,0,0,-0.370035071,-0.09901452954,-0.01471589046,0.9697862064,-0.07446172311,0.1473011168,0.1796456143
2831,94366666667,0,0,-0.3656184443,-0.1016481087,-0.01381864719,0.9699465222,-0.0718834854,0.1435852716,0.182810772
2832,94400000000,0,0,-0.3609326791,-0.1042679414,-0.01327516309,0.9700915248,-0.07011543834,0.139421286,0.1859246184
2833,94433333333,0,0,-0.3555452745,-0.1082682866,-0.01232819199,0.9707006889,-0.06946323684,0.1367049052,0.1850048655
2834,94466666667,0,0,-0.3508305597,-0.1117512139,-0.01251105402,0.971303837,-0.06823811787,0.1362653717,0.1826038444
2835,94500000000,0,1,-0.3458365702,-0.1143252269,-0.01217745928,0.9717905673,-0.06805185591,0.1368668913,0.1796092766
2836,94533333333,0,0,-0.3417331086,-0.1160564322,-0.01104408946,0.9721361567,-0.06693173365,0.1386082891,0.1768026531
2837,94566666667,0,0,-0.3375044911,-0.1179801704,-0.007870262047,0.9725277205,-0.06529159456,0.1385007399,0.1753407698
2838,94600000000,0,0,-0.3338656077,-0.1185208607,-0.006573310549,0.9733413178,-0.06261490647,0.1364665125,0.173386688
2839,94633333333,0,0,-0.3275492728,-0.1208930946,-0.005870241203,0.9744369837,-0.06238108599,0.1334022381,0.1696614506
2840,94666666667,0,0,-0.3218394103,-0.1224253351,-0.006531394882,0.9753207496,-0.0616993881,0.1324681835,0.1655137493
2841,94700000000,0,0,-0.3168991644,-0.123164963,-0.00405401606,0.9759376093,-0.0615131651,0.1328609887,0.1615854913
2842,94733333333,0,0,-0.3125053781,-0.1242899779,-0.001099618122,0.9765115246,-0.06035595834,0.1326098317,0.1587357334
2843,94766666667,0,0,-0.3077056238,-0.1256930481,0.00206388975,0.9772277824,-0.05872073738,0.1309884535,0.1562682353
2844,94800000000,0,1,-0.303771069,-0.1291953341,0.002926334964,0.978272368,-0.0571062387,0.1277135743,0.1530074981
2845,94833333333,0,0,-0.2978422163,-0.1296165739,0.003286419861,0.9794275156,-0.05360666364,0.124312803,0.1496475671
2846,94866666667,0,0,-0.2919935865,-0.1307514103,0.003167366404,0.9803295383,-0.0506396225,0.1219419171,0.1466962639
2847,94900000000,0,0,-0.2863786894,-0.1298455852,0.002937358727,0.9809619429,-0.04905925865,0.1203155356,0.1443295797
2848,94933333333,0,0,-0.2816581712,-0.1299985099,0.004181551411,0.9815378714,-0.04877223065,0.1190762814,0.1415115394
2849,94966666667,0,0,-0.2765052824,-0.1300377103,0.005032543077,0.9822496746,-0.04895375806,0.1162568639,0.1388288438
2850,95000000000,0,0,-0.2692149108,-0.1318272308,0.005090911643,0.9830429464,-0.04927618648,0.1131258927,0.1356501214
2851,95033333333,0,0,-0.2613191729,-0.133196876,0.004526998972,0.9838077979,-0.04855953223,0.1119082737,0.1313039485
2852,95066666667,0,0,-0.2547417617,-0.1339663704,0.003201923884,0.9841829359,-0.04672330162,0.1135842331,0.12766951
2853,95100000000,0,0,-0.2489489389,-0.1336541476,0.002982272442,0.9842810641,-0.0450371701,0.1166428971,0.1247272011
2854,95133333333,0,0,-0.244982783,-0.1321713901,0.003323408348,0.9845246708,-0.04239433764,0.1196237643,0.1208472085
2855,95166666667,0,0,-0.2416661247,-0.1291865592,0.002696246963,0.9849568291,-0.04095017577,0.1207860623,0.1165926892
2856,95200000000,0,1,-0.2397784038,-0.1306543455,0.001305412312,0.9855529527,-0.04289734259,0.1204901494,0.1110284614
2857,95233333333,0,0,-0.235146561,-0.1300016578,0.0009065585893,0.9860074718,-0.04363485671,0.1205416971,0.1065596735
2858,95266666667,0,0,-0.2314292481,-0.1290558169,0.0007283610894,0.9861137054,-0.04442155255,0.1209974529,0.1047191581
2859,95300000000,0,0,-0.2284216939,-0.1274720838,0.001577970917,0.9860200888,-0.04481088006,0.1206418003,0.1058391492
2860,95333333333,0,0,-0.2248911613,-0.127329912,0.002671168363,0.9860071536,-0.04516689624,0.1188114092,0.1078596012
2861,95366666667,0,0,-0.2206960339,-0.1266911617,0.002000282092,0.9862794697,-0.0434823629,0.1159442606,0.109174265
2862,95400000000,0,0,-0.2164926134,-0.1251550683,0.000951256412,0.9866984777,-0.04203682593,0.1128689916,0.1091769666
2863,95433333333,0,0,-0.2123174202,-0.1247191322,0.0001830788618,0.9872528728,-0.04063149634,0.1107031408,0.1068908845
2864,95466666667,0,0,-0.2082481307,-0.1244722182,-0.001591642523,0.9877928547,-0.03853609034,0.1099207291,0.1034295861
2865,95500000000,0,0,-0.205457674,-0.1227213519,-0.003643171763,0.9879505449,-0.03669309288,0.1108536587,0.1015815149
2866,95533333333,0,0,-0.2036739448,-0.1212734253,-0.003748920842,0.9877229217,-0.03606309844,0.1124340345,0.1022813316
2867,95566666667,0,0,-0.2037186532,-0.1208914813,-0.002696362037,0.9874998309,-0.03510893514,0.113385102,0.1037075952
2868,95600000000,0,0,-0.203711223,-0.1177423524,-0.002966281585,0.9875506953,-0.03275174737,0.1119596432,0.1055271793
2869,95633333333,0,0,-0.2021938523,-0.1162167326,-0.003447659643,0.987724492,-0.03318508001,0.1088861783,0.106971391
2870,95666666667,0,0,-0.2004311645,-0.1164135468,-0.003668894936,0.9880494421,-0.03341502475,0.106257093,0.1065418522
2871,95700000000,0,0,-0.1990787992,-0.1145917607,-0.005440756007,0.9882765817,-0.03328781509,0.1049392239,0.1057784419
2872,95733333333,0,0,-0.1981555237,-0.1133052345,-0.005521507927,0.9881977576,-0.03425869965,0.1051776979,0.1059678498
2873,95766666667,0,0,-0.1980257265,-0.1122648035,-0.005255700604,0.988093001,-0.03547684493,0.1061913148,0.105532078
2874,95800000000,0,0,-0.1991329874,-0.1093520153,-0.004770101367,0.9878542532,-0.03658704146,0.1075031706,0.106058621
2875,95833333333,0,1,-0.2013184165,-0.1104011657,-0.004162928671,0.9875279638,-0.03961928841,0.1075616236,0.1079320616
2876,95866666667,0,0,-0.2025373326,-0.1099621156,-0.002817708326,0.9871832799,-0.04168866146,0.1071845071,0.1106467753
2877,95900000000,0,0,-0.2036166957,-0.1096288708,-0.001448018873,0.9870141719,-0.0431634706,0.1063107362,0.1124187117
2878,95933333333,0,0,-0.204794779,-0.1092729189,-0.0004596999141,0.9869611676,-0.04400081097,0.1052723481,0.1135311187
2879,95966666667,0,0,-0.2074739606,-0.1088893057,0.001118604689,0.9867478992,-0.0448587223,0.1041566212,0.1160503196
2880,96000000000,0,0,-0.2093366771,-0.1101081806,0.002655075901,0.986624334,-0.04537183002,0.1017153962,0.1190285629
2881,96033333333,0,0,-0.2102277826,-0.11012266,0.002675206865,0.9868246354,-0.04418600073,0.0992868268,0.1198618465
2882,96066666667,0,0,-0.2115201619,-0.1104951392,0.002542021757,0.9871683233,-0.04428618141,0.09803120691,0.1180140591
2883,96100000000,0,0,-0.2132785868,-0.1112476623,0.00327703525,0.98748283,-0.04431314546,0.09804997007,0.1153265316
2884,96133333333,0,0,-0.2162030229,-0.1117246735,0.004468425466,0.9875893538,-0.04386559106,0.09892199556,0.1138310898
2885,96166666667,0,0,-0.2191103184,-0.1115032397,0.005639594018,0.9876151205,-0.04303145621,0.09902323178,0.1138378984
2886,96200000000,0,0,-0.2221841985,-0.1119088244,0.007535330665,0.9876488915,-0.04276057892,0.09810992661,0.1144361935
2887,96233333333,0,0,-0.2250890547,-0.1121126984,0.009021080452,0.987781353,-0.04207122858,0.09596236092,0.1153656608
2888,96266666667,0,0,-0.2271246028,-0.1125286774,0.01025554457,0.9880928079,-0.04199118812,0.09293962729,0.1152022952
2889,96300000000,0,0,-0.2281574314,-0.1132638565,0.0108850109,0.9885067985,-0.04265416468,0.09013655136,0.1136236496
2890,96333333333,0,0,-0.2292141436,-0.1141258071,0.01170492528,0.9887479804,-0.04365427843,0.08871835349,0.1122532359
2891,96366666667,0,0,-0.2308392144,-0.1150794202,0.01331860347,0.9887237759,-0.04468167318,0.08837194625,0.1123354003
2892,96400000000,0,0,-0.2329227412,-0.1156552948,0.01483521081,0.9886607637,-0.04487022677,0.08822276906,0.1129305102
2893,96433333333,0,0,-0.2348794049,-0.1156663119,0.01630660376,0.9886865605,-0.04475423906,0.08729358935,0.1134714613
2894,96466666667,0,0,-0.2369507658,-0.115422009,0.01766778942,0.9888107786,-0.04441759432,0.08572670772,0.1137156675
2895,96500000000,0,1,-0.2369463668,-0.1152113021,0.0170374797,0.9889177722,-0.04507303384,0.08398302039,0.1138284402
2896,96533333333,0,0,-0.2373134773,-0.1164884199,0.01805428631,0.9891026634,-0.04618973697,0.08253657954,0.1128279332
2897,96566666667,0,0,-0.2378244512,-0.1170046232,0.01810547816,0.9891975784,-0.04643242772,0.08215147171,0.1121753818
2898,96600000000,0,0,-0.2388824692,-0.11789132,0.01846576673,0.989116531,-0.04663481059,0.08256291709,0.1125035436
2899,96633333333,0,0,-0.2407269144,-0.117891082,0.01909280723,0.9890590098,-0.04615598698,0.08262274467,0.1131608683
2900,96666666667,0,0,-0.2416249458,-0.1182256346,0.01937790527,0.9892109083,-0.04610243996,0.08154185568,0.1126377808
2901,96700000000,0,0,-0.2421466993,-0.1185143819,0.0192458175,0.989475658,-0.0461010829,0.08056583538,0.1110034172
2902,96733333333,0,0,-0.2428181704,-0.1189828597,0.01894067239,0.9896770128,-0.04616797152,0.08031448763,0.1093504084
2903,96766666667,0,0,-0.2430748481,-0.1189198437,0.01884299174,0.9898017744,-0.04633338272,0.08046066956,0.1080358536
2904,96800000000,0,0,-0.2433821175,-0.1195479713,0.01912271212,0.9898682759,-0.04698412906,0.08143639104,0.1064020776
2905,96833333333,0,0,-0.2443413439,-0.1194572364,0.01939412124,0.989774925,-0.04737465217,0.08276393371,0.1060724823
2906,96866666667,0,0,-0.2450277076,-0.1202209515,0.02039064133,0.9895563545,-0.0480106445,0.08375259835,0.1070453245
2907,96900000000,0,0,-0.2463908928,-0.1206255444,0.02118831258,0.9894273993,-0.04745311943,0.08419914326,0.10813014
2908,96933333333,0,0,-0.2474337758,-0.1199170946,0.02175940654,0.9896159006,-0.0465565489,0.08289184655,0.1078044473
2909,96966666667,0,0,-0.2474632489,-0.1193798778,0.02146221102,0.9899451136,-0.04636703754,0.0802972557,0.106822847
2910,97000000000,0,0,-0.2473696994,-0.1201696645,0.02161471294,0.9900589307,-0.04733732346,0.07856760857,0.1066284314
2911,97033333333,0,0,-0.246784643,-0.1209973472,0.02142037746,0.9899806856,-0.04765498818,0.07784980934,0.1077341706
2912,97066666667,0,0,-0.2461872827,-0.1214046736,0.02150055074,0.9898056463,-0.04753102855,0.07804671401,0.1092441956
2913,97100000000,0,0,-0.246338128,-0.1211582149,0.02155913597,0.9896899163,-0.04670180152,0.07860461558,0.1102457513
2914,97133333333,0,0,-0.2468713603,-0.1211132529,0.02195695971,0.9897519574,-0.0462566475,0.07848358931,0.1099623189
2915,97166666667,0,1,-0.2468979584,-0.1204219655,0.02193007972,0.9899620523,-0.04589309956,0.0776604146,0.1088017392
2916,97200000000,0,0,-0.2461953755,-0.1208292411,0.02129630423,0.9901289712,-0.04617431908,0.07660049915,0.1079116125
2917,97233333333,0,0,-0.2458538167,-0.1206287359,0.02116610122,0.9901126925,-0.04642190926,0.07659811017,0.1079564358
2918,97266666667,0,0,-0.2462318977,-0.1207860024,0.02120549304,0.9899972276,-0.04728342825,0.07732447463,0.1081235056
2919,97300000000,0,0,-0.2465059081,-0.1208945462,0.02201134512,0.9899489336,-0.04782757471,0.07790917493,0.1079064058
2920,97333333333,0,0,-0.2474002078,-0.1201166535,0.02260887981,0.99000186,-0.04833615899,0.07795029154,0.107161957
2921,97366666667,0,0,-0.247705271,-0.1204517767,0.02324107603,0.9900769791,-0.04928532428,0.07733685895,0.1064778971
2922,97400000000,0,0,-0.2478125152,-0.1201311858,0.02305365081,0.9902094074,-0.04983303647,0.07654442696,0.1055601664
2923,97433333333,0,0,-0.2474234294,-0.1206338267,0.02314036973,0.9902497651,-0.05079278111,0.07631158739,0.1048905993
2924,97466666667,0,0,-0.2472905293,-0.1196577049,0.02298464734,0.9901858278,-0.05106425616,0.076527559,0.105204567
2925,97500000000,0,0,-0.2474167995,-0.1197655739,0.02361004446,0.9900354443,-0.05228356185,0.07684226357,0.1057899555
2926,97533333333,0,0,-0.2475268218,-0.1199384257,0.02392136166,0.9899564272,-0.05313428987,0.07698150793,0.1060040889
2927,97566666667,0,0,-0.2475165149,-0.1203926803,0.02449234803,0.9899369941,-0.05366396907,0.07692643835,0.1059587145
2928,97600000000,0,0,-0.2481545273,-0.1201928927,0.02444701613,0.9899665728,-0.05340420905,0.07670576432,0.1059735862
2929,97633333333,0,0,-0.2481241815,-0.1202961206,0.02464721385,0.9900235292,-0.05364784875,0.07573554764,0.1060162575
2930,97666666667,0,0,-0.2476085651,-0.1207646586,0.02404439807,0.9901452711,-0.053436434,0.07486590508,0.1056029637
2931,97700000000,0,0,-0.2471541365,-0.1208993511,0.02373387804,0.9901738477,-0.05333457584,0.0746482891,0.1055405481
2932,97733333333,0,0,-0.2471020066,-0.1209230094,0.0236279972,0.9901148804,-0.05272218003,0.07521928413,0.1059950691
2933,97766666667,0,0,-0.2470351173,-0.1202566731,0.02347467761,0.9900838503,-0.05234706034,0.07546285911,0.1062972795
2934,97800000000,0,0,-0.2471199399,-0.1205128173,0.02339819031,0.9901028758,-0.05246202363,0.07569358044,0.105898599
2935,97833333333,0,1,-0.2468472832,-0.120520208,0.02319365392,0.9901087516,-0.05263795825,0.07594365646,0.1055768269
2936,97866666667,0,0,-0.2466989251,-0.1209283089,0.02312392608,0.990030141,-0.05271540672,0.07664570429,0.1057678672
2937,97900000000,0,0,-0.2468357684,-0.121519466,0.02305730783,0.9899256512,-0.0522839348,0.07759650477,0.1062655999
2938,97933333333,0,0,-0.2472900723,-0.120119011,0.02267652464,0.98984798,-0.05191268801,0.07786823509,0.1069700301
2939,97966666667,0,0,-0.2476186732,-0.1206352621,0.02402874577,0.9898348255,-0.05247290826,0.07743178519,0.1071351052
2940,98000000000,0,0,-0.2482585467,-0.1207597189,0.02401586307,0.9898489757,-0.05202890722,0.07642340085,0.1079419382
2941,98033333333,0,0,-0.247692646,-0.1210510906,0.02351341472,0.9898485442,-0.05216226052,0.07538316857,0.108610939
2942,98066666667,0,0,-0.2470358389,-0.1214069453,0.02320583272,0.9899166645,-0.05234645715,0.07530579656,0.1079531508
2943,98100000000,0,0,-0.2470678413,-0.1217672832,0.02319009548,0.9899375257,-0.05236950846,0.07618181751,0.1071329101
2944,98133333333,0,0,-0.2473005401,-0.1212700149,0.02312771163,0.9898375317,-0.05222140295,0.07713949093,0.1074434027
2945,98166666667,0,0,-0.2477284027,-0.12136435,0.02364231308,0.9897070791,-0.05221917941,0.07786513122,0.1081206554
2946,98200000000,0,0,-0.2477985156,-0.1213158335,0.02375918942,0.9896688214,-0.05216243289,0.07795706981,0.108431544
2947,98233333333,0,0,-0.2474950358,-0.1217100547,0.02370293401,0.9896700889,-0.05198865612,0.0780977254,0.1084022146
2948,98266666667,0,0,-0.2473904301,-0.1218945361,0.0235232069,0.9896189544,-0.05182443387,0.07828575188,0.1088112784
2949,98300000000,0,0,-0.2472549017,-0.1217121126,0.0231860803,0.9895188056,-0.05103270373,0.07848292162,0.1099482944
2950,98333333333,0,0,-0.2469407208,-0.1219783986,0.02336762693,0.9894980491,-0.05099684378,0.07860264264,0.11006615
2951,98366666667,0,0,-0.2471301692,-0.1217891268,0.02300676884,0.989552828,-0.05049627581,0.07886106303,0.1096187003
2952,98400000000,0,0,-0.2473962439,-0.1216692534,0.02271624616,0.9895363767,-0.05055277307,0.07894943508,0.1096775411
2953,98433333333,0,0,-0.2474982779,-0.1215150098,0.02299224387,0.9894997566,-0.05054789184,0.07893947654,0.1100168231
2954,98466666667,0,0,-0.247431679,-0.1216122872,0.0231133056,0.9894654124,-0.05083325661,0.07870048957,0.1103648979
2955,98500000000,0,1,-0.2474251752,-0.121339242,0.02318717704,0.9895065914,-0.05055097865,0.07851716301,0.1102558805
2956,98533333333,0,0,-0.2473645311,-0.1212593585,0.02299074686,0.9895190434,-0.05052092614,0.07815524667,0.1104149276
2957,98566666667,0,0,-0.2472462003,-0.1211809443,0.0227719443,0.9894882678,-0.05076498472,0.07780418346,0.110825959
2958,98600000000,0,0,-0.2473257649,-0.1212452681,0.02301101148,0.9894493684,-0.05090923835,0.07785113253,0.1110738401
2959,98633333333,0,0,-0.2472595706,-0.1212499031,0.02283813861,0.9894364349,-0.0509001736,0.07789234613,0.111164275
2960,98666666667,0,0,-0.2472387905,-0.121288393,0.02278482982,0.989471903,-0.05091699734,0.0780093948,0.1107580553
2961,98700000000,0,0,-0.2471811209,-0.1211954979,0.02258673052,0.9895131201,-0.05084432223,0.07788607226,0.1105097268
2962,98733333333,0,0,-0.2472178878,-0.121178387,0.02266736672,0.9895210045,-0.05121299342,0.07766947254,0.1104213018
2963,98766666667,0,0,-0.2471017621,-0.1211623138,0.02243758939,0.9894774045,-0.05174464852,0.07754640575,0.1106504054
2964,98800000000,0,0,-0.2470900812,-0.121235797,0.02247109733,0.98940398,-0.05251328354,0.07773220557,0.1108143655
