frame_index,timestamp_ns,segment,keyframe,cx,cy,cz,qw,qx,qy,qz
300,10000000000,0,1,0,0,0,1,0,0,0
305,10166666667,0,1,-0.02781682326,0.01286760264,0.0164301507,0.9933558458,0.04179384548,0.1027411876,0.03068691041
306,10200000000,0,0,-0.03342256481,0.01718856513,0.01930914817,0.9904929532,0.04749128329,0.1234465131,0.03780536975
307,10233333333,0,0,-0.0380454143,0.02068467781,0.0254617523,0.9872863505,0.05308228038,0.1434247275,0.04332760214
308,10266666667,0,0,-0.04078074545,0.02201253787,0.02896266435,0.9841121505,0.05662032549,0.1618684502,0.04600020422
309,10300000000,0,0,-0.04556452173,0.02284920185,0.03429889748,0.9808198487,0.05738809563,0.1800668753,0.04769644922
310,10333333333,0,1,-0.03840607385,0.02812259775,0.03509457958,0.9787392685,0.05931458407,0.1902469695,0.04855218784
311,10366666667,0,0,-0.04215168333,0.02905875158,0.04094575501,0.975641413,0.05630498758,0.2060278156,0.05006117104
312,10400000000,0,0,-0.04628314812,0.03281469135,0.045660521,0.9719512911,0.05346019009,0.2232283564,0.05120348246
313,10433333333,0,0,-0.04756982682,0.04187346453,0.05023485665,0.9681713197,0.05651719495,0.2389290414,0.04861085917
314,10466666667,0,0,-0.05205032091,0.04594534712,0.0561445235,0.9635275031,0.06060385029,0.2564015489,0.04690596729
315,10500000000,0,1,-0.04679390849,0.04843611278,0.05411373703,0.9605861836,0.0648283283,0.2659740058,0.04826282191
316,10533333333,0,0,-0.04774919119,0.05070575218,0.05547448171,0.9575804885,0.06861360163,0.2756268544,0.04859649031
317,10566666667,0,0,-0.0490866938,0.05419961957,0.0586582253,0.954308048,0.07312969293,0.2850088379,0.05213597426
318,10600000000,0,0,-0.05119822938,0.0565964924,0.06265315151,0.9511709608,0.07736412248,0.2934082422,0.05657030341
319,10633333333,0,0,-0.05827159843,0.05975215341,0.06946895302,0.9463990474,0.08232292401,0.3064412451,0.06037832788
320,10666666667,0,0,-0.06075158524,0.0617481356,0.07363110411,0.9417534673,0.08658014749,0.3183069249,0.06545980708
321,10700000000,0,1,-0.05815044226,0.05744386412,0.07322314028,0.9381820513,0.08730264705,0.3268525656,0.07321261348
322,10733333333,0,0,-0.06128894653,0.05953029815,0.07778987236,0.9322149534,0.09155077396,0.3408826967,0.07995450935
323,10766666667,0,0,-0.06589173415,0.0617225557,0.0833887109,0.924836059,0.09513303297,0.3582202973,0.08547624585
324,10800000000,0,0,-0.06424112213,0.06584792582,0.08860399916,0.9172440431,0.1029299735,0.3746059298,0.08797262794
325,10833333333,0,0,-0.06920749545,0.06389931376,0.0889112925,0.9091766275,0.1063074747,0.3918384463,0.09251601374
326,10866666667,0,1,-0.06868120748,0.0619150542,0.08915826323,0.9022501332,0.1032654027,0.4070207138,0.09805657724
327,10900000000,0,0,-0.07139982865,0.06567255779,0.09542518253,0.8911860922,0.106015286,0.4280573915,0.1063718838
328,10933333333,0,0,-0.06781681217,0.06685664771,0.09996153301,0.880136217,0.1066112031,0.448903369,0.1117141718
329,10966666667,0,0,-0.06465006899,0.06589711907,0.1031233159,0.868080841,0.1039487334,0.4706615287,0.1187772691
330,11000000000,0,1,-0.0603165776,0.06428757783,0.1084827121,0.8565013473,0.1007845442,0.4899057171,0.1274374596
331,11033333333,0,0,-0.05570587859,0.06672373873,0.107705945,0.8485912745,0.09948669682,0.5020292243,0.134022028
332,11066666667,0,0,-0.05094920716,0.06828381997,0.1087186234,0.8427426341,0.09729321975,0.5102903467,0.1411475971
333,11100000000,0,0,-0.04869395881,0.07194463637,0.111474566,0.838108798,0.09961959308,0.5163870588,0.1448930118
334,11133333333,0,0,-0.04591812755,0.06651768948,0.1155630341,0.8329595441,0.09401829572,0.5247640374,0.1481946794
335,11166666667,0,0,-0.04336196108,0.06838815139,0.1210720921,0.82609518,0.09258818308,0.5338404368,0.1549469909
336,11200000000,0,1,-0.03531653746,0.06655281635,0.1261847028,0.8183951209,0.09224354021,0.5438606088,0.161047178
337,11233333333,0,0,-0.03245467749,0.06632507004,0.1277587992,0.8092525674,0.09138637639,0.5554693652,0.1679660579
338,11266666667,0,0,-0.02922560962,0.06772891322,0.1289899448,0.8011444784,0.08988497992,0.5654625972,0.1741845754
339,11300000000,0,0,-0.02608913725,0.06875394928,0.1310737653,0.7932207026,0.08959862209,0.5742583906,0.1816598603
340,11333333333,0,0,-0.02292811551,0.06934593881,0.1324681016,0.7866901658,0.09004700023,0.5812031533,0.1876513131
341,11366666667,0,0,-0.02002883917,0.07003165325,0.1339831937,0.7803342711,0.08993662422,0.588029368,0.1929022845
342,11400000000,0,1,-0.01584382178,0.07013965121,0.1373805933,0.7728125633,0.08884951596,0.5957045964,0.2000063483
343,11433333333,0,0,-0.01333052899,0.07080009184,0.1393209083,0.7667048402,0.08800062605,0.6017147432,0.2058128897
344,11466666667,0,0,-0.01125713762,0.07095906458,0.1394415208,0.7613773244,0.08626237555,0.6074992712,0.2093036263
345,11500000000,0,0,-0.009579902655,0.0713255452,0.1397898949,0.7552617876,0.08354444754,0.6134124875,0.215232613
346,11533333333,0,0,-0.007881469281,0.07109216348,0.1404038582,0.7492752865,0.07780678975,0.6198058363,0.2199394778
347,11566666667,0,0,-0.00583218018,0.07190615277,0.1411752519,0.7427781895,0.07159374271,0.626404207,0.2253279091
348,11600000000,0,1,-0.00313265326,0.06414078384,0.1550793597,0.7329258961,0.06248756019,0.637357395,0.2295440846
349,11633333333,0,0,-0.002941291184,0.06424625874,0.1550957418,0.7281110743,0.05814517427,0.6415949364,0.2341566566
350,11666666667,0,0,-0.0005949233568,0.06503379866,0.1564466573,0.721539709,0.0516651413,0.6468248182,0.2415135942
351,11700000000,0,0,0.002260593354,0.06467323118,0.1578121058,0.7164402292,0.04692234889,0.6507507627,0.247052901
352,11733333333,0,0,0.004454685103,0.06585241795,0.1591061848,0.7115725422,0.04395311209,0.6544862489,0.2517546248
353,11766666667,0,0,0.006914921532,0.06633731259,0.1609092449,0.7062140257,0.04012381201,0.6574356852,0.2596731589
354,11800000000,0,1,0.00674966344,0.06422048227,0.1634509048,0.7016793128,0.03382121813,0.6618517196,0.2616382395
355,11833333333,0,0,0.00755930043,0.06421056329,0.1637425412,0.6959363602,0.02714959087,0.6666073938,0.2656502677
356,11866666667,0,0,0.01091390819,0.06426889193,0.1656256167,0.6906143348,0.02298357417,0.6706054404,0.269836875
357,11900000000,0,0,0.009771695027,0.06417216098,0.1648534533,0.6864549116,0.01871560239,0.6741280696,0.2719939823
358,11933333333,0,0,0.01123837335,0.06454280693,0.163846652,0.6793700125,0.01397856494,0.6797488095,0.2760480789
359,11966666667,0,0,0.01393133627,0.06318044023,0.1652361108,0.6718589114,0.01340555401,0.6859456103,0.2791138012
360,12000000000,0,1,0.01998533733,0.05748133299,0.1743305222,0.6605577081,0.0131783032,0.6953548941,0.2827921812
361,12033333333,0,0,0.02028468812,0.05753713136,0.1743436418,0.6526173047,0.01592854034,0.7013447322,0.2862734737
362,12066666667,0,0,0.02057020803,0.05723923874,0.1748937957,0.644808434,0.01695244349,0.7077565685,0.2881238239
363,12100000000,0,0,0.02173988078,0.05716811749,0.1751677153,0.635762679,0.01771684217,0.7151421326,0.2899373374
364,12133333333,0,0,0.02140035516,0.05880059783,0.1741529475,0.6279416815,0.02107605461,0.7215004248,0.2910020301
365,12166666667,0,0,0.01999055145,0.0609150381,0.1743276104,0.6208670475,0.02252372133,0.7269789334,0.2924353291
366,12200000000,0,1,0.01944063997,0.06809802541,0.1737833745,0.6163758671,0.02681219138,0.729747676,0.29466969
367,12233333333,0,0,0.01854308131,0.06909615797,0.1723414089,0.6130249472,0.02729746422,0.7314005258,0.2975038376
368,12266666667,0,0,0.01882371254,0.07012792997,0.1716890778,0.6073457457,0.02681251425,0.7345916296,0.301309429
369,12300000000,0,0,0.0199446473,0.06957030773,0.172583828,0.6017366134,0.02823589131,0.7374718909,0.3053702551
370,12333333333,0,0,0.01662930518,0.07191972994,0.1693733202,0.5986653545,0.02961885569,0.739151574,0.3072091589
371,12366666667,0,0,0.01724050726,0.07242251246,0.1689915226,0.5919848654,0.02760452468,0.7433111455,0.3102909125
372,12400000000,0,1,0.01720196347,0.07479057256,0.1628203676,0.5886043496,0.02775579029,0.7460933307,0.3100310915
373,12433333333,0,0,0.01687954381,0.07543346848,0.1620074866,0.5821565352,0.02983761893,0.7530596396,0.3051305691
374,12466666667,0,0,0.01460813739,0.07526858136,0.1627897847,0.573461211,0.0312319893,0.7604911973,0.3030180543
375,12500000000,0,0,0.01128991749,0.07507314935,0.1632842569,0.5639689611,0.03130392531,0.7652173413,0.3088713256
376,12533333333,0,0,0.01118144893,0.07703720071,0.1625261624,0.5552670853,0.03333151576,0.7684709517,0.3162591824
377,12566666667,0,0,0.009864919587,0.07688974988,0.1619837527,0.5476204066,0.03504543997,0.7713766775,0.3222758583
378,12600000000,0,1,-0.00270548898,0.0875912117,0.1536413773,0.5451018358,0.04022615627,0.7712108587,0.326312207
379,12633333333,0,0,-0.005118327537,0.09020917188,0.1529787908,0.5372634742,0.04035558343,0.7725895764,0.3358939306
380,12666666667,0,0,-0.008020469501,0.08998693656,0.1498619174,0.5285595159,0.04061767383,0.7749304359,0.3441770797
381,12700000000,0,0,-0.01151748564,0.09025294458,0.1488828076,0.518483256,0.04225259013,0.7788597545,0.3503816701
382,12733333333,0,0,-0.008597213971,0.08799710869,0.1483747434,0.5089780144,0.04291328201,0.7843497546,0.3519876326
383,12766666667,0,0,-0.01402554208,0.08752895373,0.148094265,0.5014008942,0.04947726719,0.789665486,0.3501107876
384,12800000000,0,1,-0.02955597931,0.09863426977,0.1369562664,0.5018865307,0.05892587212,0.7895984359,0.3480976326
385,12833333333,0,0,-0.03513787773,0.09869485069,0.1363757412,0.4974560807,0.06388919832,0.7925440035,0.3468856015
386,12866666667,0,0,-0.04258298376,0.0975958738,0.1372354381,0.4920019932,0.06806519684,0.7946343263,0.349080872
387,12900000000,0,0,-0.04729127283,0.09789296219,0.1356784344,0.4869138768,0.07320071391,0.7960320138,0.3519794951
388,12933333333,0,0,-0.05577933747,0.09740334854,0.1363979698,0.4822951111,0.07691898655,0.7985187877,0.3519128315
389,12966666667,0,0,-0.06212379594,0.09772854134,0.1365187841,0.4784831022,0.07818436158,0.7995087917,0.3545797774
390,13000000000,0,1,-0.0828726452,0.1101174791,0.1250393066,0.4821027914,0.08339356057,0.7980850304,0.3516855084
391,13033333333,0,0,-0.09279401384,0.1101321249,0.1264360124,0.4788772157,0.08021535198,0.8000581647,0.3523479
392,13066666667,0,0,-0.09866112331,0.1137118539,0.122916427,0.4768306684,0.08084676527,0.8009810166,0.3528820274
393,13100000000,0,0,-0.1077276451,0.1147977364,0.1224936303,0.4762263635,0.08247999541,0.803480809,0.3475975987
394,13133333333,0,0,-0.1175097221,0.1158254975,0.1238533098,0.4759748008,0.08015471615,0.8067594422,0.3408260741
395,13166666667,0,0,-0.1289615706,0.1161815983,0.1266797725,0.4747718867,0.07684682384,0.8102919607,0.3348330325
396,13200000000,0,1,-0.14627548,0.1209027877,0.1251869799,0.4757184269,0.07202966001,0.8097444634,0.3358833284
397,13233333333,0,0,-0.1516173713,0.1265384666,0.1199314728,0.475043392,0.06943474629,0.8096563993,0.3375931083
398,13266666667,0,0,-0.1621997343,0.1300209594,0.1206077669,0.47197738,0.07017856217,0.8144180706,0.3302052823
399,13300000000,0,0,-0.1764414783,0.1293275673,0.1255305717,0.4666530747,0.06899078602,0.8164666733,0.3329524752
400,13333333333,0,0,-0.1820172031,0.1352154745,0.1220355676,0.4656391783,0.06722452858,0.8151429628,0.3379392972
401,13366666667,0,0,-0.1907261999,0.1395027761,0.12075867,0.4665405975,0.06671933695,0.8159547737,0.334822652
402,13400000000,0,1,-0.2041579012,0.1445566887,0.1241278925,0.4679424331,0.0658637204,0.8155794572,0.3339490958
403,13433333333,0,0,-0.210166125,0.1493795105,0.1209907641,0.4723262999,0.06514037908,0.81274905,0.3348187258
404,13466666667,0,0,-0.2218582797,0.1528287779,0.1220772205,0.4773857413,0.06477502333,0.8114154879,0.3309259077
405,13500000000,0,0,-0.2304301318,0.157900923,0.1207866672,0.4812220153,0.0648763885,0.8093989836,0.3302873168
406,13533333333,0,0,-0.2423883964,0.1605094276,0.1226865358,0.4833809417,0.06580424978,0.8079466157,0.3305070832
407,13566666667,0,0,-0.2513495098,0.1641804769,0.1217793526,0.4863739218,0.0659119349,0.805303341,0.3325395525
408,13600000000,0,1,-0.2590114625,0.167813872,0.1256976411,0.4908843457,0.06531322402,0.8041792112,0.3287286696
409,13633333333,0,0,-0.2694199539,0.1699689096,0.1272389514,0.497097702,0.06613449525,0.8007595438,0.3275732837
410,13666666667,0,0,-0.2783837347,0.1735971552,0.1277056163,0.5026862322,0.06715004475,0.7972695897,0.32735092
411,13700000000,0,0,-0.2859256007,0.1762647456,0.1286089245,0.5075255378,0.0680501118,0.7952255742,0.3246587392
412,13733333333,0,0,-0.2950300295,0.1774722465,0.1297239906,0.5141144498,0.07052786135,0.7923691903,0.320722964
413,13766666667,0,0,-0.3025822362,0.1793509827,0.1307857667,0.5211628537,0.07514034354,0.788294976,0.3183303936
414,13800000000,0,1,-0.3094214883,0.1807844676,0.1336839371,0.529843904,0.08118698877,0.7844901279,0.3118482796
415,13833333333,0,0,-0.3188038088,0.1829289007,0.133930374,0.5370868235,0.08660958231,0.781141761,0.306356122
416,13866666667,0,0,-0.324195365,0.1857340293,0.1339386239,0.5399696383,0.09379150692,0.7798668616,0.3023964635
417,13900000000,0,0,-0.333708216,0.1883188988,0.135741162,0.5435597635,0.1010615448,0.7787691953,0.2963914442
418,13933333333,0,0,-0.3396097448,0.1921810348,0.1363190874,0.5469184371,0.1059768808,0.7776130035,0.2914912361
419,13966666667,0,0,-0.3478419101,0.195785176,0.1373424834,0.5499968584,0.1110450187,0.7769750212,0.2854510047
420,14000000000,0,1,-0.3552171748,0.203203961,0.1371899142,0.552030521,0.1140083443,0.776623405,0.2812836435
421,14033333333,0,0,-0.3607481318,0.2070345537,0.138141037,0.5508897002,0.1152126715,0.7774195619,0.2808298477
422,14066666667,0,0,-0.3680383207,0.2114322993,0.1406123662,0.5498484912,0.1165153814,0.7788562642,0.2783410179
423,14100000000,0,0,-0.3763734363,0.2158398836,0.1452765629,0.5491273585,0.1153058872,0.7793432479,0.2789046404
424,14133333333,0,0,-0.3812940769,0.2184989188,0.1473423134,0.5508711737,0.1137953168,0.7767226976,0.283360948
425,14166666667,0,0,-0.3856948624,0.2224120916,0.1496322049,0.5548362886,0.114223316,0.7743964976,0.2818151723
426,14200000000,0,1,-0.391992577,0.2271153551,0.1529630477,0.5581569833,0.1152067378,0.772766459,0.2793209434
427,14233333333,0,0,-0.3968412826,0.2307076171,0.1552617975,0.5611491023,0.1162011156,0.7715896435,0.2761492492
428,14266666667,0,0,-0.4022070549,0.2340850024,0.1580532149,0.5629736237,0.1179072128,0.7714518551,0.2720673142
429,14300000000,0,0,-0.4079591546,0.2371274104,0.1607153435,0.5634993466,0.1199478968,0.7728704593,0.2659929352
430,14333333333,0,0,-0.4182812082,0.2405204894,0.1658970069,0.5643877497,0.1212215185,0.7732322088,0.2624571635
431,14366666667,0,0,-0.4256881806,0.243605271,0.1696141615,0.5658421736,0.1208424448,0.7704150267,0.2677320019
432,14400000000,0,1,-0.4277079916,0.2443673874,0.1720480705,0.5676807206,0.120504439,0.768094127,0.2706449552
433,14433333333,0,0,-0.4336768529,0.2469648038,0.1745572608,0.5710143075,0.1219386277,0.7664713396,0.2675730129
434,14466666667,0,0,-0.4424524842,0.2499772295,0.1793712562,0.5743901094,0.1213513916,0.7645825365,0.2660138847
435,14500000000,0,0,-0.4479780293,0.2527825519,0.1828324947,0.5790840963,0.1183521524,0.7618509504,0.2650235968
436,14533333333,0,0,-0.4550649004,0.2563300568,0.1866018962,0.582558046,0.1146494953,0.7603810859,0.2632531489
437,14566666667,0,0,-0.4620963914,0.2607816934,0.1906574202,0.58487313,0.1104725882,0.7588655651,0.2642769061
438,14600000000,0,1,-0.466814625,0.2650948928,0.1932087066,0.5883803391,0.1041181236,0.7571907453,0.2638752889
439,14633333333,0,0,-0.4723411749,0.269446712,0.1958121174,0.5910285582,0.09939105604,0.7563273319,0.2622510788
440,14666666667,0,0,-0.47728727,0.2734390097,0.1984889937,0.5932750693,0.09847311112,0.7555240553,0.2598290599
441,14700000000,0,0,-0.4847900293,0.2791414306,0.1981989184,0.593786844,0.09899524762,0.7563062873,0.2561599589
442,14733333333,0,0,-0.492531592,0.2846289341,0.1986043833,0.5894142408,0.1016531848,0.7602235177,0.2536093173
443,14766666667,0,0,-0.5001001311,0.2914770966,0.2011183293,0.5828442642,0.1064828518,0.7655510112,0.2507700446
444,14800000000,0,1,-0.5045219714,0.2945594384,0.1997871395,0.5761438378,0.1101960415,0.7692384761,0.2533520822
445,14833333333,0,0,-0.5133733867,0.3011571355,0.2007685915,0.5700110743,0.1133527142,0.7731794213,0.2538348281
446,14866666667,0,0,-0.5221508055,0.3079084781,0.2022537167,0.5641135836,0.1142893018,0.7767769498,0.2556000597
447,14900000000,0,0,-0.5293579935,0.3128916069,0.2028107541,0.5602435392,0.1152351194,0.7775476143,0.261280982
448,14933333333,0,0,-0.5346713668,0.3189531533,0.2025295469,0.5598550462,0.1163138965,0.7766654465,0.2642426705
449,14966666667,0,0,-0.5411438859,0.325956605,0.2016761263,0.5609297416,0.1159120727,0.7755645,0.2653712922
450,15000000000,0,1,-0.5485321937,0.3315161516,0.2014821185,0.5594578586,0.1163239727,0.7743256443,0.2718371468
451,15033333333,0,0,-0.5548607875,0.3386045425,0.1994170676,0.5577374352,0.1134167813,0.7737600584,0.2781383812
452,15066666667,0,0,-0.5614795535,0.3465218847,0.1987660313,0.5543045354,0.1099432516,0.7736332227,0.28661926
453,15100000000,0,0,-0.5649365948,0.3529412858,0.1972064212,0.5508212844,0.1046743833,0.7735712627,0.2953416457
454,15133333333,0,0,-0.5716686739,0.3587919065,0.1955614232,0.5465198956,0.1015524849,0.7735885268,0.3042431391
455,15166666667,0,0,-0.5764872022,0.3634139615,0.1961139218,0.5413879238,0.100403663,0.7733736391,0.3141837596
456,15200000000,0,1,-0.584175764,0.3659808997,0.1969488572,0.5379352585,0.09814781852,0.7716614507,0.3248557662
457,15233333333,0,0,-0.5879579606,0.3697627981,0.1957253484,0.5357236022,0.09639032801,0.7695804874,0.3338487682
458,15266666667,0,0,-0.5951143091,0.3742847612,0.1945626725,0.5339810308,0.09762558575,0.7677560823,0.3404175405
459,15300000000,0,0,-0.6036972468,0.3801729497,0.1934940567,0.5321847141,0.09761818573,0.7665429195,0.3459220613
460,15333333333,0,0,-0.6092826696,0.3850897617,0.1930605084,0.5288101896,0.09523696119,0.7676353217,0.3493217964
461,15366666667,0,0,-0.6188613979,0.3901167964,0.1928966258,0.525203241,0.09365255416,0.7694893452,0.3511081064
462,15400000000,0,1,-0.6251647729,0.3938929582,0.1959705615,0.5192462602,0.08856790109,0.7726635585,0.3543022349
463,15433333333,0,0,-0.6314487579,0.3959135533,0.1952943591,0.5127017315,0.08746117787,0.7756440472,0.357580465
464,15466666667,0,0,-0.6420845149,0.4000974657,0.1972150039,0.5067834092,0.08642317734,0.7789645206,0.3590485847
465,15500000000,0,0,-0.6506810429,0.4043185984,0.1972906199,0.5017033733,0.08329245562,0.7812642118,0.3619148013
466,15533333333,0,0,-0.6591810136,0.4071391932,0.1972331545,0.4954883988,0.08034083989,0.7849081167,0.3632572703
467,15566666667,0,0,-0.6685860008,0.4098568735,0.1974108802,0.48688426,0.077776697,0.7893528704,0.3658094434
468,15600000000,0,1,-0.6754782877,0.4138306872,0.1968300784,0.4776633319,0.07627898989,0.7939754396,0.3682692743
469,15633333333,0,0,-0.6841361568,0.4141077074,0.1973971196,0.4684474913,0.07584697307,0.7982379456,0.3709721913
470,15666666667,0,0,-0.6932725332,0.4144514743,0.1986107166,0.4594449723,0.07531343544,0.8019444276,0.374330521
471,15700000000,0,0,-0.7006175102,0.4155857857,0.1981042727,0.4506263117,0.07521305035,0.8051547539,0.3781596839
472,15733333333,0,0,-0.7070001457,0.4161773221,0.1981488953,0.4402146614,0.07694465295,0.8095499016,0.3806829772
473,15766666667,0,0,-0.7159606607,0.4149524598,0.2002185442,0.4287865512,0.07888853356,0.8142985722,0.3831925469
474,15800000000,0,1,-0.723197922,0.4122101065,0.2004281891,0.4169558195,0.08228745248,0.8176930647,0.3882713892
475,15833333333,0,0,-0.7305591965,0.410428715,0.2025678826,0.4056992911,0.08550291284,0.8209129797,0.3926820811
476,15866666667,0,0,-0.7373557028,0.4080882122,0.2044800128,0.3940424762,0.08903960644,0.8232499555,0.3988257593
477,15900000000,0,0,-0.7430083717,0.4077920627,0.2065876226,0.382388733,0.09289597225,0.8255151321,0.4045663874
478,15933333333,0,0,-0.7470388458,0.408325972,0.2087015075,0.3701447237,0.09388260008,0.8291908582,0.4081929221
479,15966666667,0,0,-0.7509385815,0.4060267405,0.2127821852,0.3547609018,0.09126292092,0.8341604215,0.4123010708
480,16000000000,0,1,-0.7522029801,0.4053774515,0.213142233,0.3370373125,0.09143986814,0.8374708787,0.42034168
481,16033333333,0,0,-0.754753376,0.4047540429,0.2142599533,0.3194195207,0.09240182911,0.8403025994,0.4281642362
482,16066666667,0,0,-0.7547690918,0.4020505916,0.2181758402,0.297682252,0.09308190429,0.8439746029,0.4363804597
483,16100000000,0,0,-0.759751344,0.4044527131,0.2199001198,0.2768005832,0.09551012403,0.846565289,0.4445069907
484,16133333333,0,0,-0.7553470574,0.4011291196,0.2184484682,0.2498968836,0.09601637755,0.848367319,0.4567332864
485,16166666667,0,1,-0.7636792857,0.4056500949,0.2170192053,0.2280567829,0.09726668233,0.8505417866,0.4637973324
486,16200000000,0,0,-0.764693679,0.4041241595,0.2167005205,0.2036499166,0.09438063754,0.8514771324,0.4739258378
487,16233333333,0,0,-0.7645561687,0.4007406166,0.2186987462,0.1796366836,0.09047564939,0.8511432872,0.484871038
488,16266666667,0,0,-0.7652990205,0.4023483977,0.2193134315,0.1567204345,0.08934973256,0.8504128539,0.494219899
489,16300000000,0,1,-0.7645456318,0.400630019,0.2194928604,0.1335149534,0.08716615151,0.8489958896,0.5037676038
490,16333333333,0,0,-0.7646140519,0.3999281765,0.2197551939,0.1129859166,0.0876542807,0.845241949,0.5148950936
491,16366666667,0,0,-0.7647128405,0.3998515876,0.2198229704,0.09487258494,0.08508692537,0.8414818579,0.5250406561
492,16400000000,0,0,-0.7646449188,0.4000407682,0.2197703063,0.07536872241,0.08394401201,0.8365990165,0.5360737301
493,16433333333,0,1,-0.764345521,0.4003491005,0.2194555738,0.05813323031,0.08162129515,0.8303680603,0.548130802
494,16466666667,0,0,-0.7643368335,0.4003615502,0.2194530684,0.04696339285,0.07941864061,0.8214921891,0.5627056979
495,16500000000,0,0,-0.7642898259,0.4004310059,0.219437928,0.03720719222,0.0789123869,0.813126163,0.5755122093
496,16533333333,0,0,-0.7642539416,0.4004557313,0.2193423506,0.02665406404,0.07759945352,0.805102288,0.5874335635
497,16566666667,0,1,-0.7643167237,0.4005803378,0.2192529749,0.01489321353,0.08009100002,0.7972805985,0.5980863408
498,16600000000,0,0,-0.7643024617,0.4006175818,0.2192474174,0.001573199875,0.07892621611,0.7904876756,0.6073692552
499,16633333333,0,0,-0.7642840854,0.4006362716,0.2192223228,-0.01160660432,0.07707491406,0.7832095372,0.6168529527
500,16666666667,0,0,-0.7642771253,0.4006618546,0.2192055088,-0.02248066147,0.07644149012,0.7769609506,0.6244861885
501,16700000000,0,0,-0.7642651823,0.4006865936,0.219190814,-0.03059891617,0.07416562265,0.7702941243,0.6326216317
502,16733333333,0,0,-0.7642530691,0.4007141388,0.2191663379,-0.03740178451,0.07129471294,0.7636396057,0.6406034054
503,16766666667,0,1,-0.7642589855,0.4008666779,0.2190740479,-0.04233348103,0.06990794154,0.7584651758,0.6465688929
504,16800000000,0,0,-0.7642471136,0.400873681,0.2190656507,-0.04448560155,0.0659940116,0.7538690281,0.6521865609
505,16833333333,0,0,-0.7642267352,0.400878918,0.2190625222,-0.04355920102,0.05990498507,0.7481633994,0.6593675125
506,16866666667,0,0,-0.7642276522,0.4009200682,0.2190398169,-0.04154140356,0.05546262314,0.741911244,0.6669077261
507,16900000000,0,0,-0.7642330189,0.4009524265,0.219022296,-0.03540263155,0.04947829907,0.7387142676,0.6712672958
508,16933333333,0,0,-0.7642242491,0.4009757382,0.2190248902,-0.02772978124,0.03982599966,0.7354605025,0.6758274915
509,16966666667,0,1,-0.7642034149,0.401078636,0.2189869913,-0.02332710615,0.03327783057,0.7318567145,0.6802456773
510,17000000000,0,0,-0.7641939446,0.4011055141,0.2189834741,-0.01790960105,0.02566404459,0.7288024225,0.6840085029
511,17033333333,0,0,-0.764189552,0.4011411723,0.2189783978,-0.01517000486,0.01996858209,0.7269289494,0.6862546388
512,17066666667,0,0,-0.7641730606,0.4011488135,0.2189750694,-0.01458212467,0.01495292392,0.7247690842,0.688675211
513,17100000000,0,0,-0.7641701533,0.4011835629,0.2189664543,-0.01587669916,0.01128069468,0.721432975,0.6922103285
514,17133333333,0,0,-0.7641579663,0.4012181056,0.2189658131,-0.01775212575,0.006454937499,0.7204029463,0.6932984861
515,17166666667,0,1,-0.7641266844,0.4012731547,0.2189553055,-0.02054347585,0.002371793317,0.7204200234,0.6932296373
516,17200000000,0,0,-0.764114294,0.4012943653,0.2189443682,-0.02306936741,-0.0002096898357,0.7183742165,0.6952742231
517,17233333333,0,0,-0.7640994159,0.4013246997,0.2189449544,-0.02652982767,-0.003942140059,0.7170961881,0.6964579563
518,17266666667,0,0,-0.7640846568,0.401326742,0.2189345417,-0.03050641177,-0.007136399429,0.715671426,0.6977340759
519,17300000000,0,0,-0.764066955,0.4013531818,0.2189382228,-0.03534202762,-0.01161222026,0.7124534512,0.7007326004
520,17333333333,0,0,-0.7640645559,0.4013723604,0.2189356389,-0.03989635233,-0.01442170763,0.7100348075,0.7028875212
521,17366666667,0,1,-0.7640258297,0.4014055675,0.2189215588,-0.04646335504,-0.01822887925,0.7077920558,0.7046554267
522,17400000000,0,0,-0.7640194236,0.401408134,0.2189202556,-0.05252759759,-0.02375497662,0.7062112816,0.7056501813
523,17433333333,0,0,-0.7640100754,0.401417528,0.2189172257,-0.06067054208,-0.03058183039,0.7053925111,0.7055531463
524,17466666667,0,0,-0.7639947807,0.4014143322,0.218910116,-0.07152312326,-0.03626828325,0.7035374487,0.70611905
525,17500000000,0,0,-0.7639860975,0.4014174276,0.2189235604,-0.08243488165,-0.04133929261,0.7018407343,0.7063392506
526,17533333333,0,0,-0.7639662671,0.4014181757,0.2189191716,-0.09416243633,-0.04413657823,0.7009410186,0.7055969717
527,17566666667,0,1,-0.7639432237,0.4014141415,0.2189231419,-0.106607104,-0.04585345096,0.7001033505,0.7045478586
528,17600000000,0,0,-0.7639317669,0.4014162522,0.2189257298,-0.1205684054,-0.04641515712,0.6997073125,0.7026511009
529,17633333333,0,0,-0.7639215198,0.4014063831,0.2189330258,-0.1350009963,-0.04709306683,0.7001924574,0.6994908839
530,17666666667,0,0,-0.7638950517,0.4014005279,0.2189384514,-0.1547556757,-0.04708212666,0.7008589713,0.6947162418
531,17700000000,0,0,-0.7638786554,0.4013967078,0.2189353964,-0.1759391221,-0.04733239036,0.7013206387,0.6891693782
532,17733333333,0,0,-0.7638682153,0.4013791006,0.218938346,-0.1979868122,-0.04461314413,0.7024406439,0.6821935439
533,17766666667,0,1,-0.763871062,0.4014045212,0.2189470004,-0.2169557639,-0.04253657985,0.7059104788,0.6729124993
534,17800000000,0,0,-0.7638514427,0.4013932935,0.218950191,-0.2344568384,-0.0429030656,0.70854079,0.6641982135
535,17833333333,0,0,-0.7638503895,0.4013881181,0.2189524085,-0.2532221271,-0.04382231131,0.7114972633,0.6540105532
536,17866666667,0,0,-0.7638213137,0.4013638059,0.2189724727,-0.2692867723,-0.05002535682,0.7168496395,0.6411775825
537,17900000000,0,0,-0.7638132298,0.4013608277,0.2189776461,-0.2840149073,-0.05663507018,0.722139717,0.6282055638
538,17933333333,0,0,-0.7638109738,0.4013336714,0.2189694423,-0.2966432898,-0.06138446986,0.726665636,0.6165969177
539,17966666667,0,1,-0.7637894844,0.4013341449,0.2189706175,-0.3111484674,-0.06673733715,0.7311974082,0.6033929974
540,18000000000,0,0,-0.7637955148,0.4013210332,0.2189768021,-0.3223100483,-0.07112775771,0.7362193276,0.5907945298
541,18033333333,0,0,-0.7637656095,0.4012982747,0.2189877024,-0.3323243627,-0.07817272422,0.7422229942,0.576675446
542,18066666667,0,0,-0.7637671431,0.4012849718,0.2189806132,-0.3431415935,-0.08232875569,0.7473846879,0.5629315687
543,18100000000,0,0,-0.7637664743,0.4012852963,0.2189847583,-0.3536173847,-0.08645714218,0.753037027,0.5481013992
544,18133333333,0,0,-0.7637683146,0.4012837307,0.2189866492,-0.3625306958,-0.09281222577,0.7586809652,0.5332547031
545,18166666667,0,1,-0.76375018,0.4012696298,0.2189896466,-0.373595219,-0.09823593296,0.7646962564,0.5157673402
546,18200000000,0,0,-0.7637468651,0.4012616273,0.2189896883,-0.3814073595,-0.107548905,0.7712058562,0.4981999463
547,18233333333,0,0,-0.7637411509,0.4012549168,0.2189845471,-0.3924737144,-0.1154999234,0.7747155733,0.4821202461
548,18266666667,0,0,-0.7637313018,0.4012401984,0.2189938353,-0.4010235724,-0.1250910851,0.7793448499,0.4649235633
549,18300000000,0,1,-0.7637339851,0.4012405926,0.2189841303,-0.4107996021,-0.1363993933,0.7827858554,0.4470852235
550,18333333333,0,0,-0.7637310532,0.4012340206,0.2189834836,-0.420590383,-0.1471832808,0.785037827,0.4302980616
551,18366666667,0,0,-0.7637264548,0.4012290447,0.2189835272,-0.4306604157,-0.156613404,0.7878753712,0.4114076414
552,18400000000,0,0,-0.763723731,0.4012215128,0.2189823043,-0.4395399388,-0.1646592032,0.7901259687,0.3941991155
553,18433333333,0,1,-0.7637210697,0.4012078953,0.218973488,-0.4501718046,-0.1692001078,0.7910269341,0.378144231
554,18466666667,0,0,-0.7637186929,0.4012032789,0.218971767,-0.4599222349,-0.1745132452,0.7933622717,0.358598621
555,18500000000,0,0,-0.763713845,0.4011958284,0.2189696595,-0.4682496991,-0.1800450516,0.7959965126,0.3386968419
556,18533333333,0,0,-0.7637075448,0.4011875834,0.2189730314,-0.4758689217,-0.1861214695,0.7976188514,0.3204867171
557,18566666667,0,0,-0.7637008294,0.4011816016,0.2189681825,-0.4839733973,-0.1911665706,0.7977593634,0.3046392801
558,18600000000,0,1,-0.7636932672,0.4011766167,0.2189652459,-0.4902763434,-0.1939758875,0.799674896,0.2872673369
559,18633333333,0,0,-0.7636865453,0.4011715409,0.2189658678,-0.4936398861,-0.195957117,0.8020865725,0.273088999
560,18666666667,0,0,-0.763681131,0.401167333,0.2189636139,-0.4961073149,-0.1988710443,0.804555003,0.2588804493
561,18700000000,0,0,-0.7636713318,0.4011628078,0.2189634995,-0.4987947155,-0.2028921668,0.8059612922,0.2458963112
562,18733333333,0,0,-0.7636666621,0.4011596455,0.2189657369,0.5002960151,0.2057500641,-0.808141441,-0.2329768654
563,18766666667,0,0,-0.7636592801,0.4011554544,0.2189663831,0.5021568339,0.2090582049,-0.8097462176,-0.2201005322
564,18800000000,0,1,-0.7636526883,0.4011476186,0.2189727751,0.5015124737,0.2146693058,-0.8114874518,-0.2095004619
565,18833333333,0,0,-0.7636462357,0.4011435429,0.2189729563,0.5011201567,0.2204321457,-0.812939538,-0.1985385738
566,18866666667,0,0,-0.7636381398,0.4011393692,0.2189747083,0.5007959418,0.2274119645,-0.8138131634,-0.1876042592
567,18900000000,0,0,-0.7636311942,0.4011373798,0.2189760155,-0.4999708517,-0.234738843,0.8146381178,0.1768942058
568,18933333333,0,0,-0.7636238071,0.4011347381,0.2189815037,-0.4979026841,-0.2412632159,0.816312765,0.1658868515
569,18966666667,0,0,-0.7636151339,0.4011306792,0.2189850016,-0.4946025986,-0.2461450931,0.8185363907,0.1574135944
570,19000000000,0,1,-0.7636057236,0.40111739,0.2189891049,-0.488126279,-0.250636602,0.8216926157,0.1540625679
571,19033333333,0,0,-0.7635993967,0.4011154118,0.2189889972,-0.4824329628,-0.2539169608,0.8255556374,0.1457480805
572,19066666667,0,0,-0.7635918777,0.4011120464,0.2189909912,-0.4769428087,-0.2569809658,0.8289044541,0.1392973309
573,19100000000,0,0,-0.7635862416,0.4011091962,0.2189920706,-0.4710921247,-0.2600661367,0.8321614155,0.1339596697
574,19133333333,0,0,-0.7635803975,0.401107682,0.2189936194,-0.4658651323,-0.2625465386,0.8352564762,0.1280062987
575,19166666667,0,0,-0.7635727229,0.4011061451,0.2189921806,-0.46344019,-0.2654023164,0.836396555,0.1233920721
576,19200000000,0,1,-0.7635565926,0.4010889631,0.2189641553,-0.467393604,-0.2674588895,0.8332014888,0.1256353467
577,19233333333,0,0,-0.7635494794,0.4010865402,0.2189627295,-0.4699836554,-0.2684663339,0.8319363236,0.1221603235
578,19266666667,0,0,-0.7635436412,0.4010820131,0.2189637006,-0.4737115768,-0.2670193003,0.8306237899,0.1198422082
579,19300000000,0,0,-0.7635400135,0.4010778683,0.2189641683,-0.4780185852,-0.2644300155,0.8290726101,0.1192208302
580,19333333333,0,0,-0.7635362047,0.4010737194,0.2189662267,-0.4819021234,-0.2628954312,0.8270523754,0.1209987769
581,19366666667,0,0,-0.763532394,0.4010728867,0.2189621539,-0.4882892354,-0.2629425661,0.8227841534,0.1243425365
582,19400000000,0,1,-0.7635276329,0.4010608686,0.2189468141,-0.4982724322,-0.2627853085,0.816061124,0.1292776347
583,19433333333,0,0,-0.7635230069,0.4010565739,0.2189474237,0.5080979794,0.2630197958,-0.8095492048,-0.1314804754
584,19466666667,0,0,-0.763520431,0.4010563684,0.2189498679,0.5184023414,0.2639342654,-0.8021573528,-0.1346896334
585,19500000000,0,0,-0.7635198998,0.4010584899,0.2189474904,0.5303151199,0.2647428392,-0.7938085999,-0.1361800626
586,19533333333,0,0,-0.7635161548,0.4010514518,0.2189482749,0.5421857608,0.262478091,-0.7857867109,-0.1402822069
587,19566666667,0,0,-0.7635145351,0.4010544217,0.2189473797,0.5546688525,0.2615198536,-0.7765839288,-0.1444549474
588,19600000000,0,1,-0.7635080736,0.4010502987,0.2189297327,0.5705521075,0.2593867078,-0.7646859785,-0.1498138269
589,19633333333,0,0,-0.7635067812,0.4010467999,0.2189308096,0.5825503473,0.2564687241,-0.7557901281,-0.1537535975
590,19666666667,0,0,-0.7635033432,0.4010468267,0.2189340754,0.5936167397,0.2538512385,-0.7469338836,-0.1589606513
591,19700000000,0,0,-0.7634978663,0.4010440225,0.2189378367,0.6041345797,0.2485442345,-0.7387232991,-0.1659369174
592,19733333333,0,0,-0.763494919,0.4010456606,0.2189409191,0.614312152,0.2405613619,-0.7313171271,-0.1729915334
593,19766666667,0,0,-0.7634990655,0.4010486086,0.2189472983,0.6225673067,0.2340644854,-0.7246604025,-0.1802527845
594,19800000000,0,1,-0.7635026175,0.4010527574,0.2189491362,0.6307823247,0.2276540325,-0.7182695385,-0.1854081186
595,19833333333,0,0,-0.763495271,0.4010525519,0.218952119,0.6398522356,0.2221147305,-0.7095825521,-0.1942852667
596,19866666667,0,0,-0.7634956701,0.4010531432,0.2189512375,0.6474218382,0.2146953605,-0.7017914433,-0.2055228352
597,19900000000,0,0,-0.7634998852,0.40105328,0.2189521624,0.6524985829,0.2060287002,-0.6960802669,-0.2174167338
598,19933333333,0,0,-0.7635060552,0.4010546941,0.2189562589,0.6552321187,0.1960251542,-0.6929712701,-0.2281136304
599,19966666667,0,0,-0.7635015021,0.4010527699,0.2189547372,0.6578001083,0.1856005362,-0.6893892754,-0.2399872611
600,20000000000,0,1,-0.76349982,0.4010586197,0.2189521574,0.6608758616,0.176083072,-0.6851082816,-0.2507279199
601,20033333333,0,0,-0.7635003562,0.4010582384,0.218952494,0.6633643423,0.1668206217,-0.6812550503,-0.2607876261
602,20066666667,0,0,-0.7634997743,0.4010582549,0.2189537415,0.6662268889,0.1595491682,-0.6773212039,-0.2681823673
603,20100000000,0,0,-0.7634983777,0.4010579165,0.2189539901,0.6699069479,0.1534360215,-0.6715477842,-0.2769578345
604,20133333333,0,0,-0.7634963618,0.4010583847,0.2189545447,0.6738424464,0.1466265176,-0.6656800371,-0.2851440162
605,20166666667,0,0,-0.7634965219,0.4010574485,0.218954184,0.6778085864,0.1388614168,-0.6599490872,-0.2928484753
606,20200000000,0,1,-0.7635020298,0.4010595102,0.2189583606,0.6809374125,0.1330222849,-0.6543054209,-0.3008549953
607,20233333333,0,0,-0.7635019901,0.401059843,0.2189588504,0.6855576643,0.124030293,-0.6473190772,-0.3092008855
608,20266666667,0,0,-0.7635030034,0.401059671,0.2189592876,0.6897533131,0.1150553692,-0.6399962799,-0.3184452714
609,20300000000,0,0,-0.7635035798,0.4010599055,0.2189598764,0.6946389374,0.1058535709,-0.631887494,-0.3270932024
610,20333333333,0,0,-0.7635043522,0.4010598062,0.2189601996,0.7002921168,0.0948444147,-0.6234628495,-0.3344989739
611,20366666667,0,0,-0.7635050953,0.4010599449,0.21896104,0.7060220086,0.08555516245,-0.6148895363,-0.3407698573
612,20400000000,0,1,-0.7635067133,0.4010614155,0.218966279,0.7126816893,0.07738524798,-0.6051094978,-0.3463218573
613,20433333333,0,0,-0.7635071881,0.4010617697,0.218966888,0.7218173493,0.06934006383,-0.5918097346,-0.3520410599
614,20466666667,0,0,-0.763507981,0.4010619968,0.2189675054,0.731463584,0.06139189574,-0.5766263362,-0.3587396393
615,20500000000,0,0,-0.7635087057,0.4010618224,0.2189680048,0.7416098107,0.05269544632,-0.5618641159,-0.3626938018
616,20533333333,0,1,-0.7635127761,0.4010621801,0.2189726254,0.7506202399,0.04585826991,-0.5482656232,-0.3658839721
617,20566666667,0,0,-0.7635134362,0.4010622164,0.218973065,0.7615798979,0.04052779902,-0.5326851583,-0.3668788337
618,20600000000,0,0,-0.763513658,0.4010623067,0.2189732,0.7727337485,0.03486491096,-0.5176020653,-0.3657254352
619,20633333333,0,0,-0.7635139759,0.4010623798,0.2189726958,0.7832834875,0.02764941806,-0.5037056998,-0.3632947232
620,20666666667,0,0,-0.7635145512,0.4010623385,0.218972896,0.7922965027,0.0213994959,-0.4917369616,-0.3605593903
621,20700000000,0,1,-0.7635203123,0.4010664917,0.2189725423,0.802009582,0.01941080359,-0.4797785143,-0.3552695151
622,20733333333,0,0,-0.7635209033,0.4010669162,0.2189730068,0.809537109,0.01506358073,-0.4703022884,-0.3510534364
623,20766666667,0,0,-0.7635219843,0.4010672144,0.2189732573,0.8175518864,0.007911412138,-0.4603722319,-0.3458377229
624,20800000000,0,0,-0.7635235878,0.4010676364,0.2189738176,0.8247817677,0.003071858185,-0.4535665788,-0.3376432408
625,20833333333,0,0,-0.763524033,0.4010679053,0.2189738772,0.8300548923,0.0007621388173,-0.448181345,-0.3318761471
626,20866666667,0,0,-0.7635250101,0.4010684023,0.218974016,0.8343206788,-0.001703752696,-0.4430758128,-0.3280090338
627,20900000000,0,1,-0.7635322324,0.4010717238,0.2189748325,0.8386578129,-0.001376097507,-0.437415023,-0.3245293159
628,20933333333,0,0,-0.7635334149,0.4010725404,0.2189753138,0.8422414095,-0.001534590191,-0.4323797366,-0.3219857396
629,20966666667,0,0,-0.7635347968,0.4010733403,0.2189756554,0.8448110099,-0.002325164697,-0.4282752073,-0.3207324399
630,21000000000,0,0,-0.7635359078,0.4010741941,0.2189762182,0.8460267938,-0.004551516296,-0.4251178427,-0.3217029183
631,21033333333,0,0,-0.7635374859,0.401074836,0.2189767845,0.8478431423,-0.01036680565,-0.4229364182,-0.319655004
632,21066666667,0,0,-0.7635384148,0.4010757856,0.2189771436,0.8502123347,-0.01658302505,-0.420634208,-0.3161184148
633,21100000000,0,1,-0.7635429741,0.4010831326,0.2189715141,0.8577184463,-0.02240465037,-0.4097880822,-0.3096624391
634,21133333333,0,0,-0.7635453333,0.4010843583,0.2189723067,0.8599103143,-0.02963298863,-0.4079072708,-0.3054305088
635,21166666667,0,0,-0.7635470773,0.4010851446,0.218972834,0.8618711514,-0.03358944333,-0.4072342268,-0.3003500495
636,21200000000,0,0,-0.7635491321,0.4010862324,0.2189735667,0.8631079802,-0.03789163646,-0.407287151,-0.2961857779
637,21233333333,0,0,-0.763550972,0.4010871912,0.2189741611,0.8648288804,-0.03993764755,-0.4068534422,-0.2914554314
638,21266666667,0,0,-0.7635527266,0.4010880205,0.2189747268,0.8673618793,-0.04281891353,-0.4059045537,-0.2847655252
639,21300000000,0,1,-0.7635558266,0.4010911099,0.2189759275,0.8695499267,-0.04311992786,-0.4060309753,-0.277781288
640,21333333333,0,0,-0.7635572662,0.4010918204,0.2189764121,0.8712326177,-0.04753871139,-0.4049632128,-0.2733104335
641,21366666667,0,0,-0.7635599966,0.4010920866,0.2189757495,0.8714629803,-0.05365750108,-0.4068997344,-0.2685251437
642,21400000000,0,0,-0.7635614683,0.4010932787,0.218975831,0.8681665586,-0.05659486111,-0.4137890114,-0.2680718228
643,21433333333,0,0,-0.7635636042,0.4010935007,0.218976212,0.8635766166,-0.06014406127,-0.4212214479,-0.2705376333
644,21466666667,0,0,-0.7635658237,0.4010939093,0.218976737,0.8579081987,-0.06159357335,-0.4303046076,-0.2739300988
645,21500000000,0,1,-0.7635703304,0.4010942846,0.2189748726,0.8537694052,-0.06374523608,-0.4362127848,-0.2770067761
646,21533333333,0,0,-0.7635724954,0.4010947138,0.2189757394,0.8481988204,-0.06082068247,-0.444701381,-0.281247733
647,21566666667,0,0,-0.7635748745,0.4010948921,0.2189761457,0.8445210848,-0.05917745671,-0.4506806265,-0.2831415526
648,21600000000,0,0,-0.7635778412,0.4010946191,0.2189762455,0.8403076491,-0.05689326139,-0.4579445732,-0.2844872223
649,21633333333,0,0,-0.7635798161,0.4010944783,0.2189761416,0.835002524,-0.0535178087,-0.4670117282,-0.2860186616
650,21666666667,0,0,-0.7635815966,0.4010945512,0.2189762608,0.8295531126,-0.05206031803,-0.4761555668,-0.2870666001
651,21700000000,0,1,-0.7635862298,0.4010931182,0.2189741704,0.825578272,-0.05546167289,-0.482643511,-0.2870535856
652,21733333333,0,0,-0.76358827,0.4010931174,0.2189738621,0.8190318872,-0.05366355823,-0.4916957582,-0.2907615374
653,21766666667,0,0,-0.7635910773,0.401092859,0.2189746237,0.812276175,-0.05235987417,-0.5011780555,-0.293745495
654,21800000000,0,0,-0.7635935685,0.4010929488,0.218974645,0.8051173269,-0.0485582788,-0.5110072229,-0.2971528252
655,21833333333,0,0,-0.7635956125,0.4010927431,0.2189739318,0.7963526195,-0.0448087123,-0.5218908823,-0.3023980683
656,21866666667,0,0,-0.7635978468,0.4010922875,0.218974113,0.785862411,-0.04036292686,-0.5344154169,-0.3085308208
657,21900000000,0,1,-0.7636025201,0.4010907186,0.2189713351,0.7785153998,-0.03893015978,-0.5424242158,-0.3133276003
658,21933333333,0,0,-0.7636050116,0.401090068,0.2189704551,0.7689185353,-0.0340640689,-0.5532400669,-0.3186367112
659,21966666667,0,0,-0.7636072743,0.4010893128,0.2189698555,0.7594591815,-0.02778634073,-0.5636101008,-0.3237179716
660,22000000000,0,0,-0.7636100853,0.4010888379,0.218968427,0.7513936939,-0.02276547836,-0.573555355,-0.3254589137
661,22033333333,0,0,-0.7636115842,0.4010884022,0.2189681927,0.7416191715,-0.01569343422,-0.5858234886,-0.3264438095
662,22066666667,0,0,-0.7636139738,0.4010875555,0.2189678667,0.7328815228,-0.009037472177,-0.5958717514,-0.3282374955
663,22100000000,0,1,-0.7636177407,0.4010898489,0.2189661951,0.7275970989,0.00056855205,-0.6024309226,-0.328144971
664,22133333333,0,0,-0.7636195006,0.4010890975,0.2189653278,0.7205579494,0.01118422503,-0.6115471988,-0.3266208479
665,22166666667,0,0,-0.7636203357,0.4010873756,0.2189641715,0.7133743582,0.0166457865,-0.6195949633,-0.3269893337
666,22200000000,0,0,-0.7636228807,0.4010877361,0.2189638527,0.7069587265,0.02272748188,-0.6252686784,-0.3297452051
667,22233333333,0,0,-0.7636253669,0.4010869332,0.2189636196,0.702934738,0.03089674085,-0.6290183785,-0.3305510929
668,22266666667,0,1,-0.7636267826,0.4010880656,0.2189632241,0.7021823448,0.03994152508,-0.6304094674,-0.3285247825
669,22300000000,0,0,-0.7636276823,0.4010867741,0.2189631267,0.7023473422,0.04353250195,-0.6298903361,-0.3287115706
670,22333333333,0,0,-0.7636302569,0.4010878458,0.2189629021,0.7059590072,0.04739446549,-0.6273480361,-0.3252846237
671,22366666667,0,0,-0.763631401,0.4010873314,0.2189625324,0.7126915124,0.05449594656,-0.6224378036,-0.3188607543
672,22400000000,0,0,-0.7636323857,0.4010871664,0.2189632949,0.7209801391,0.05855053642,-0.6161226571,-0.3116927094
673,22433333333,0,0,-0.7636334597,0.401087284,0.2189634567,0.7294042762,0.06207233771,-0.6089756551,-0.3053933174
674,22466666667,0,1,-0.7636347497,0.4010875538,0.218962581,0.7365028014,0.06574213754,-0.6020923075,-0.3012083135
675,22500000000,0,0,-0.7636355721,0.4010876715,0.218962833,0.7413634263,0.07029110445,-0.5976775398,-0.2970201831
676,22533333333,0,0,-0.763635424,0.4010872168,0.2189627311,0.7467863073,0.07252572573,-0.5928681998,-0.2925021846
677,22566666667,0,0,-0.7636356479,0.401087131,0.2189628674,0.7524258387,0.07165830055,-0.5878522467,-0.2883577314
678,22600000000,0,0,-0.7636362064,0.4010872806,0.2189628686,0.7580226045,0.07177088927,-0.5825384929,-0.2844285054
679,22633333333,0,0,-0.7636361515,0.4010870162,0.2189629683,0.763460984,0.07100377879,-0.5777506726,-0.2798034124
680,22666666667,0,1,-0.7636360243,0.4010871288,0.2189634443,0.7692333211,0.06726548453,-0.5724452158,-0.2757932688
681,22700000000,0,0,-0.7636363683,0.4010872239,0.2189635386,0.7751083144,0.06572487071,-0.5665856422,-0.2717867774
682,22733333333,0,0,-0.7636363904,0.4010871706,0.2189636173,0.7810779935,0.06552692793,-0.5605090955,-0.2673068342
683,22766666667,0,0,-0.7636364807,0.4010872534,0.2189635523,0.7878970025,0.06546338928,-0.5525455201,-0.2638679716
684,22800000000,0,0,-0.7636366108,0.4010873375,0.218963466,0.795820517,0.06511726761,-0.5438984609,-0.2580773344
685,22833333333,0,0,-0.7636361057,0.401087067,0.2189639034,0.8041145473,0.06484058713,-0.535089657,-0.250747985
686,22866666667,0,1,-0.7636359982,0.4010875247,0.218965742,0.8130965001,0.06499242455,-0.5253608046,-0.2421695504
687,22900000000,0,0,-0.7636358977,0.4010875523,0.218965679,0.8239775188,0.06409588975,-0.5120984023,-0.2338973961
688,22933333333,0,0,-0.7636358489,0.4010875561,0.2189656631,0.834925067,0.06223599446,-0.4985103721,-0.2247536926
689,22966666667,0,0,-0.7636357863,0.4010875398,0.2189656453,0.8451350869,0.05942149691,-0.4853096772,-0.2160793553
690,23000000000,0,0,-0.7636358085,0.4010875609,0.2189656743,0.8544031305,0.05741216389,-0.4725732457,-0.2082634424
691,23033333333,0,0,-0.763635758,0.4010875538,0.218965672,0.8629389026,0.05662329574,-0.459703679,-0.2019969807
692,23066666667,0,1,-0.7636320067,0.4010872249,0.2189638249,0.8715584415,0.05381308262,-0.4461300891,-0.1961070595
693,23100000000,0,0,-0.7636317012,0.4010872059,0.2189637006,0.8788535663,0.05016210504,-0.43373909,-0.1922773361
694,23133333333,0,0,-0.7636313699,0.4010871282,0.2189636182,0.8850617461,0.04617997175,-0.4226151235,-0.1895509777
695,23166666667,0,0,-0.7636309455,0.4010870973,0.2189634013,0.8906302553,0.04304255581,-0.411837133,-0.1879235553
696,23200000000,0,0,-0.7636304651,0.4010870164,0.2189631228,0.8956359189,0.03800664271,-0.4023914815,-0.1856687685
697,23233333333,0,0,-0.7636300793,0.4010869654,0.2189629698,0.8994415739,0.03296948674,-0.3946580261,-0.1848321147
698,23266666667,0,1,-0.7636264892,0.4010871526,0.218961936,0.9023981956,0.03067055354,-0.3877911068,-0.1853506712
699,23300000000,0,0,-0.763625318,0.4010871281,0.2189612695,0.9060454153,0.02744839809,-0.3790265278,-0.1861912513
700,23333333333,0,0,-0.7636240814,0.4010871715,0.2189605628,0.9101323163,0.0239865034,-0.369321599,-0.1862400896
701,23366666667,0,0,-0.7636230408,0.4010871463,0.2189599592,0.9146465414,0.02030677193,-0.3584247482,-0.1858521973
702,23400000000,0,0,-0.7636218734,0.4010870316,0.2189590903,0.9187300577,0.01775918175,-0.348126181,-0.1855474457
703,23433333333,0,0,-0.7636204134,0.401087009,0.2189581935,0.9224343508,0.0149680451,-0.3380674733,-0.1860140039
704,23466666667,0,1,-0.7636175495,0.401088153,0.218958875,0.9253807387,0.01547146375,-0.3313890358,-0.1833369278
705,23500000000,0,0,-0.7636160825,0.4010877865,0.2189581239,0.9284505078,0.01225566307,-0.3239932162,-0.1812673416
706,23533333333,0,0,-0.7636142758,0.4010875905,0.2189571026,0.9305907142,0.008595169044,-0.3177599929,-0.1815368632
707,23566666667,0,0,-0.7636129106,0.401087009,0.2189565829,0.932008124,0.002242285404,-0.3131271733,-0.1825026093
708,23600000000,0,0,-0.7636112712,0.4010865152,0.2189557771,0.9324044194,-0.0007330938348,-0.3107495825,-0.1845431067
709,23633333333,0,0,-0.763609475,0.4010861462,0.2189548241,0.9320237304,-0.002707593113,-0.3095552886,-0.1884143257
710,23666666667,0,1,-0.7636078387,0.4010860111,0.2189593041,0.9281696879,-0.0002316407646,-0.3172904304,-0.1944935976
711,23700000000,0,0,-0.7636059206,0.4010855105,0.2189584783,0.9260632905,0.004687855581,-0.3179666893,-0.2031796999
712,23733333333,0,0,-0.7636035978,0.4010851729,0.2189573066,0.9245956872,0.009314370404,-0.3153263244,-0.213554131
713,23766666667,0,0,-0.7636017568,0.4010848348,0.2189567087,0.9243754157,0.01335001245,-0.3117231359,-0.2195006936
714,23800000000,0,0,-0.7635996122,0.4010842551,0.2189558278,0.9243653155,0.01780596005,-0.3093938433,-0.222502047
715,23833333333,0,0,-0.7635975511,0.4010831747,0.2189548515,0.924280146,0.01915119272,-0.3071133889,-0.225877865
716,23866666667,0,1,-0.7635956754,0.4010816226,0.2189606182,0.9201245081,0.01897261703,-0.3173740739,-0.2286583185
717,23900000000,0,0,-0.7635934,0.4010809627,0.2189597537,0.9182336058,0.02463628189,-0.3185317723,-0.2340461679
718,23933333333,0,0,-0.7635907093,0.4010799057,0.2189587963,0.9167966875,0.02875880759,-0.3181636354,-0.2396427881
719,23966666667,0,0,-0.7635887932,0.4010788078,0.2189585164,0.9148580704,0.03150729306,-0.3192862976,-0.2451494682
720,24000000000,0,0,-0.7635860877,0.4010777982,0.2189574843,0.9120332474,0.03654822583,-0.3213024542,-0.2522386088
721,24033333333,0,0,-0.763583438,0.401076863,0.2189567581,0.9096913547,0.04072696413,-0.3224542627,-0.2585076442
722,24066666667,0,1,-0.7635837724,0.4010753234,0.2189637496,0.9041329842,0.04201119117,-0.3350029476,-0.2618236654
723,24100000000,0,0,-0.7635812422,0.4010741533,0.2189632292,0.9007315015,0.0479495036,-0.3378120177,-0.2688245673
724,24133333333,0,0,-0.7635791003,0.4010728073,0.2189631844,0.8969713622,0.05231507611,-0.3417931192,-0.2754686403
725,24166666667,0,0,-0.7635764565,0.4010715405,0.2189627837,0.8925754175,0.06021510116,-0.3465278769,-0.2821377256
726,24200000000,0,0,-0.763573734,0.4010696901,0.2189621567,0.8883147013,0.06880237585,-0.350223541,-0.2889752512
727,24233333333,0,0,-0.7635712781,0.4010677552,0.2189614346,0.8836252828,0.07922949769,-0.3535858104,-0.2964896641
728,24266666667,0,1,-0.7635715444,0.401066257,0.2189675926,0.8782448258,0.08452121893,-0.3659203686,-0.2960480929
729,24300000000,0,0,-0.7635693424,0.4010646649,0.2189674575,0.8749442631,0.09179034596,-0.3714219083,-0.2968043713
730,24333333333,0,0,-0.7635662786,0.4010626142,0.2189669902,0.8723251729,0.09613849786,-0.3753246246,-0.2982240903
731,24366666667,0,0,-0.7635642221,0.4010607513,0.2189669468,0.8711561632,0.09888506056,-0.375922861,-0.2999844775
732,24400000000,0,0,-0.763562663,0.40105912,0.2189670867,0.8697964269,0.1029037343,-0.3778290691,-0.3001835966
733,24433333333,0,0,-0.7635609301,0.4010575488,0.2189673623,0.8689157762,0.104964729,-0.3808393074,-0.2982099956
734,24466666667,0,1,-0.7635611848,0.4010567463,0.2189722613,0.8665995854,0.1025347722,-0.3910905997,-0.2924720873
735,24500000000,0,0,-0.7635598099,0.4010548987,0.218972606,0.86570575,0.1005336586,-0.3950074385,-0.2905437342
736,24533333333,0,0,-0.7635576818,0.4010525941,0.2189727314,0.8655252273,0.09945520653,-0.3965130576,-0.2893996165
737,24566666667,0,0,-0.7635565663,0.4010503842,0.218972817,0.8674301792,0.0988084193,-0.3944591704,-0.2867119519
738,24600000000,0,0,-0.7635548347,0.4010483979,0.2189732457,0.8705384128,0.09749892626,-0.3920015814,-0.2810544277
739,24633333333,0,0,-0.7635538082,0.4010462201,0.2189733587,0.8751493289,0.09489994165,-0.3875132744,-0.2737537495
740,24666666667,0,1,-0.7635535847,0.4010458542,0.21897727,0.8790716307,0.09244970735,-0.3887344851,-0.2599454169
741,24700000000,0,0,-0.7635525717,0.401043814,0.2189777945,0.8828187162,0.09032280775,-0.3864861428,-0.2511998531
742,24733333333,0,0,-0.7635521044,0.4010413134,0.2189782151,0.8861700735,0.09176579876,-0.3835131005,-0.2433091463
743,24766666667,0,0,-0.763551256,0.4010393079,0.2189786306,0.8892121595,0.09544061683,-0.3816844757,-0.2334733069
744,24800000000,0,0,-0.7635500232,0.4010365433,0.2189788702,0.8920799998,0.1004908655,-0.3793501037,-0.2240275847
745,24833333333,0,1,-0.763549516,0.4010338673,0.2189817676,0.895760309,0.1060256493,-0.3772077696,-0.2099674477
746,24866666667,0,0,-0.7635485453,0.4010311342,0.2189819452,0.8995032531,0.117749014,-0.3707005676,-0.1990230053
747,24900000000,0,0,-0.7635466209,0.4010287471,0.2189820041,0.9031243896,0.1337714233,-0.3621426471,-0.1879474564
748,24933333333,0,1,-0.7635445332,0.4010259293,0.2189831054,0.9064262519,0.149644302,-0.3522785951,-0.1785996197
749,24966666667,0,0,-0.7635423031,0.4010232301,0.2189830712,0.9103259847,0.168979715,-0.3369010697,-0.1710266842
750,25000000000,0,0,-0.7635397563,0.4010211044,0.218983011,0.9146233246,0.1879881922,-0.3195121373,-0.1613586308
751,25033333333,0,0,-0.7635394711,0.4010204103,0.2189838721,0.9184473697,0.2036598026,-0.3028201956,-0.1525681583
752,25066666667,0,1,-0.7635417768,0.4010215108,0.2189830407,0.9209913613,0.218190457,-0.2870272165,-0.1475913749
753,25100000000,0,0,-0.7635412255,0.4010205892,0.2189834155,0.9228608377,0.2292591092,-0.2761182981,-0.1397384005
754,25133333333,0,0,-0.763541588,0.4010195443,0.2189837566,0.9240095735,0.2393383905,-0.2664321566,-0.1339303877
755,25166666667,0,0,-0.7635418873,0.4010189555,0.2189845633,0.9233755767,0.2523059986,-0.2580677514,-0.1308444236
756,25200000000,0,0,-0.7635416132,0.4010182845,0.2189844826,0.9219584909,0.2649594805,-0.2512115106,-0.1291580104
757,25233333333,0,0,-0.7635416149,0.4010173507,0.2189849357,0.9202031714,0.2774410756,-0.2448010748,-0.1277693496
758,25266666667,0,1,-0.7635409967,0.4010169623,0.218986013,0.9183440984,0.2893690882,-0.2391505062,-0.1253661961
759,25300000000,0,0,-0.7635407228,0.4010167705,0.2189858824,0.9174128824,0.2993976583,-0.2320179362,-0.1219931253
760,25333333333,0,0,-0.7635408397,0.4010162601,0.2189868268,0.9166495361,0.3092188137,-0.2242424635,-0.1176973694
761,25366666667,0,0,-0.7635406334,0.401015985,0.2189865159,0.9168134066,0.3164549425,-0.2171398827,-0.1102711125
762,25400000000,0,0,-0.763540536,0.4010156694,0.2189869342,0.9172208724,0.3210620536,-0.2115520382,-0.1042629562
763,25433333333,0,0,-0.763540791,0.4010156801,0.218988034,0.9165502881,0.3290324413,-0.2052250254,-0.09775433917
764,25466666667,0,1,-0.7635411474,0.4010155521,0.2189875501,0.9165374692,0.335856443,-0.198610194,-0.08782657931
765,25500000000,0,0,-0.7635411722,0.4010155649,0.2189875255,0.916034019,0.3427376303,-0.1922921256,-0.0802267486
766,25533333333,0,0,-0.763541189,0.4010153825,0.218987833,0.9154576894,0.3489613815,-0.1880302017,-0.06933841935
767,25566666667,0,0,-0.7635411939,0.4010153404,0.2189878616,0.9147192026,0.3545481234,-0.185623753,-0.05593059065
768,25600000000,0,0,-0.7635412116,0.4010152628,0.2189879729,0.9140069103,0.3593338466,-0.1830814643,-0.04417841186
769,25633333333,0,0,-0.7635412223,0.4010152287,0.218988013,0.9135505499,0.363827894,-0.1786996611,-0.03348264352
770,25666666667,0,1,-0.7635411747,0.4010144573,0.2189887174,0.9131075291,0.3671066276,-0.1757192793,-0.02429195622
771,25700000000,0,0,-0.763541165,0.4010143194,0.218988881,0.9121529908,0.3713789894,-0.1725632539,-0.01662801631
772,25733333333,0,0,-0.7635411682,0.4010142212,0.2189889964,0.9107679922,0.3761155001,-0.1701505905,-0.009357970186
773,25766666667,0,0,-0.763541174,0.4010141299,0.2189890485,0.9096004356,0.3800095623,-0.1679206139,-0.004737892268
774,25800000000,0,0,-0.7635412041,0.4010140677,0.2189891253,0.9084485983,0.3827995801,-0.1678851505,0.0004494206854
775,25833333333,0,0,-0.7635412231,0.401013985,0.2189892194,0.90721643,0.3850587108,-0.1692733046,0.005889539502
776,25866666667,0,1,-0.7635413078,0.4010134121,0.218989913,0.9070910457,0.385401896,-0.1690262033,0.009019754475
777,25900000000,0,0,-0.7635412883,0.4010132132,0.2189903252,0.9067420862,0.3879300965,-0.165033127,0.009648647132
778,25933333333,0,0,-0.7635413025,0.4010131115,0.2189904679,0.9064649864,0.3903677449,-0.1604037812,0.01431359993
779,25966666667,0,0,-0.7635413676,0.4010131455,0.2189903421,0.9077050289,0.387866486,-0.1589826703,0.01885948362
780,26000000000,0,0,-0.7635413499,0.4010129273,0.2189907343,0.9092792101,0.3847655429,-0.1576074434,0.01807453857
781,26033333333,0,0,-0.7635414049,0.4010129,0.2189907672,0.9113725699,0.3797542693,-0.1573243058,0.02087574097
782,26066666667,0,1,-0.7635415756,0.4010124372,0.2189914995,0.9145498819,0.3709140173,-0.1595471651,0.02379090972
783,26100000000,0,0,-0.7635415983,0.4010122731,0.2189917544,0.9188655341,0.3594252385,-0.1613335231,0.021705354
784,26133333333,0,0,-0.7635416316,0.4010120868,0.2189919836,0.9231358919,0.3465680476,-0.165270436,0.01990970722
785,26166666667,0,0,-0.7635416656,0.4010119939,0.2189922765,0.9277872166,0.3332394863,-0.1672646222,0.01359675392
786,26200000000,0,0,-0.7635416573,0.4010117339,0.2189926377,0.9331781407,0.3171906407,-0.1688277882,0.008113760685
787,26233333333,0,1,-0.7635415585,0.4010108931,0.2189936506,0.9373820342,0.302159869,-0.1731486856,0.005819633477
788,26266666667,0,0,-0.7635415966,0.4010107609,0.2189938343,0.9408544647,0.2886069156,-0.1774788188,0.0004398700346
789,26300000000,0,0,-0.7635416569,0.4010105772,0.2189941528,0.944367199,0.2721906544,-0.1845760739,-0.003809741653
790,26333333333,0,0,-0.7635416621,0.4010103464,0.218994652,0.9466611217,0.2593906899,-0.1909640633,-0.009050813815
791,26366666667,0,0,-0.7635416913,0.4010103492,0.2189948236,0.9491233808,0.2473106018,-0.1945082811,-0.01299241197
792,26400000000,0,1,-0.7635415151,0.4010101346,0.2189957376,0.9515389939,0.2337217853,-0.1991809494,-0.01657164841
793,26433333333,0,0,-0.7635415293,0.4010099095,0.2189960967,0.9545065219,0.2181091214,-0.2024804365,-0.01863822924
794,26466666667,0,0,-0.7635415512,0.4010098138,0.218996367,0.9569906585,0.2015254996,-0.2077553151,-0.01985148694
795,26500000000,0,0,-0.7635416254,0.4010098287,0.2189965721,0.9597791926,0.1846225975,-0.210484266,-0.02085117952
796,26533333333,0,0,-0.7635416399,0.4010096676,0.2189969818,0.962237351,0.1673549531,-0.2137666766,-0.01988487026
797,26566666667,0,0,-0.7635417482,0.4010096271,0.2189972743,0.964463019,0.1505573453,-0.216205094,-0.01997318354
798,26600000000,0,1,-0.7635417079,0.4010102244,0.2189982634,0.9658136349,0.1431254232,-0.2146797889,-0.02513412342
799,26633333333,0,0,-0.7635417009,0.4010101553,0.2189986671,0.9682337496,0.1303040572,-0.2119465062,-0.02495871031
800,26666666667,0,0,-0.7635417291,0.4010100311,0.2189988572,0.9702337315,0.1157449988,-0.2111459427,-0.02582619572
801,26700000000,0,0,-0.7635417782,0.4010100746,0.218999241,0.9716155028,0.1023995387,-0.2111248393,-0.03006578532
802,26733333333,0,0,-0.7635418781,0.4010100839,0.2189993901,0.9732600757,0.08632182712,-0.2101873142,-0.033684718
803,26766666667,0,0,-0.7635419878,0.4010101702,0.2189996541,0.9749406088,0.06908610119,-0.20795842,-0.03835642695
804,26800000000,0,1,-0.7635420108,0.4010104143,0.2189999991,0.9760063919,0.05229811165,-0.2075067389,-0.04021671145
805,26833333333,0,0,-0.7635420459,0.4010104463,0.2190004476,0.9771130396,0.03504994235,-0.2052666806,-0.04344190597
806,26866666667,0,0,-0.7635421033,0.4010105171,0.2190007856,0.9784170607,0.02042210848,-0.2003908742,-0.04611388518
807,26900000000,0,0,-0.763542124,0.4010105533,0.2190011274,0.9796761642,0.004072494374,-0.1949837052,-0.04689757711
808,26933333333,0,0,-0.7635421519,0.4010105143,0.2190014491,0.9808581533,-0.009943764369,-0.1888649796,-0.04635109703
809,26966666667,0,0,-0.7635422187,0.4010104899,0.2190015987,0.9818087829,-0.02236686262,-0.18282278,-0.0461201511
810,27000000000,0,1,-0.7635415578,0.4010113262,0.2190037239,0.9811905629,-0.02429547283,-0.1840637428,-0.05287104888
811,27033333333,0,0,-0.7635415995,0.4010113141,0.219004063,0.9823100467,-0.03134688432,-0.1766927562,-0.05351649148
812,27066666667,0,0,-0.7635416272,0.4010113242,0.2190042051,0.9834711829,-0.03953356732,-0.1684801185,-0.05325391182
813,27100000000,0,0,-0.7635416188,0.4010113084,0.2190046024,0.9845842492,-0.04837130945,-0.1604754777,-0.05001693493
814,27133333333,0,0,-0.7635416509,0.4010113152,0.2190047707,0.9859993052,-0.05561560689,-0.1499578423,-0.04716905778
815,27166666667,0,0,-0.7635416652,0.4010113186,0.2190049383,0.9875422241,-0.06458930047,-0.1372566719,-0.0418232463
816,27200000000,0,1,-0.7635410711,0.4010119176,0.2190063455,0.988562115,-0.067438962,-0.1290488057,-0.03928532713
817,27233333333,0,0,-0.7635410457,0.4010119223,0.2190065628,0.9898707911,-0.0743151705,-0.1161390197,-0.03383490046
818,27266666667,0,0,-0.7635411093,0.4010118899,0.2190070006,0.9909471567,-0.08146513072,-0.1030484321,-0.02771616276
819,27300000000,0,0,-0.7635410786,0.4010119592,0.2190071811,0.9921075342,-0.08470238039,-0.08975468749,-0.02218655748
820,27333333333,0,0,-0.7635410625,0.4010119497,0.2190071931,0.9927854701,-0.09041144769,-0.07684709549,-0.01724251496
821,27366666667,0,0,-0.7635410952,0.4010119516,0.2190074509,0.9931848884,-0.09799031146,-0.06246785699,-0.008913088226
822,27400000000,0,1,-0.7635402252,0.4010119083,0.2190085637,0.9927064356,-0.1068318558,-0.0558644632,0.0002212955848
823,27433333333,0,0,-0.7635402444,0.401011932,0.2190087428,0.9921438136,-0.1165303787,-0.04455557584,0.009280339693
824,27466666667,0,0,-0.763540218,0.401011927,0.2190090181,0.9915881993,-0.1240254242,-0.0325189805,0.0176933052
825,27500000000,0,0,-0.7635402686,0.4010119772,0.2190092511,0.9911824029,-0.128355867,-0.01841749425,0.02725823703
826,27533333333,0,0,-0.7635402377,0.4010120397,0.21900951,0.9909179723,-0.1296430679,-0.004045581813,0.03546660856
827,27566666667,0,0,-0.7635403357,0.4010120435,0.2190096442,0.990532351,-0.1304615851,0.01092796201,0.04130394701
828,27600000000,0,1,-0.7635381698,0.401011774,0.2190111823,0.9896089584,-0.1352919488,0.009070342905,0.04783227948
829,27633333333,0,0,-0.7635380738,0.4010117804,0.2190113317,0.9893701819,-0.1343975536,0.02187699811,0.05104250805
830,27666666667,0,0,-0.7635380511,0.4010118238,0.2190114947,0.989066627,-0.1312183594,0.03584258907,0.05695839096
831,27700000000,0,0,-0.7635380541,0.4010117303,0.2190114481,0.9886283952,-0.1276908087,0.04904947972,0.06247481218
832,27733333333,0,0,-0.7635379582,0.4010116693,0.2190116325,0.9882264259,-0.1251289868,0.05962315891,0.06477921555
833,27766666667,0,1,-0.7635375161,0.4010112605,0.2190119411,0.9879003652,-0.1214192272,0.06908224621,0.0673638103
834,27800000000,0,0,-0.7635374538,0.4010112078,0.2190117681,0.9881948268,-0.11177269,0.08123918614,0.0661667939
835,27833333333,0,0,-0.7635374698,0.4010110981,0.219011701,0.9881330981,-0.1035141067,0.09311750835,0.06486092638
836,27866666667,0,0,-0.7635372739,0.4010111938,0.2190118324,0.9883892256,-0.09111501266,0.1037675925,0.06338043839
837,27900000000,0,0,-0.763537259,0.4010110563,0.219011492,0.9882819561,-0.07866850195,0.1147678208,0.06275658796
838,27933333333,0,1,-0.7635366897,0.4010101815,0.2190113695,0.9879986623,-0.07154762569,0.1219103195,0.0622692096
839,27966666667,0,0,-0.7635367226,0.4010100935,0.2190111328,0.9876473018,-0.05520129259,0.1340589844,0.05944588538
840,28000000000,0,0,-0.7635365102,0.4010098838,0.2190107321,0.9871614757,-0.04067331489,0.1440079559,0.05585347722
841,28033333333,0,1,-0.7635365178,0.4010095682,0.2190105506,0.9862095551,-0.02435033276,0.1557305347,0.05045567572
842,28066666667,0,0,-0.763536574,0.4010093762,0.2190102629,0.9846466571,-0.007709432804,0.1681878453,0.04609093244
843,28100000000,0,0,-0.7635364169,0.4010091872,0.2190097742,0.9830678211,0.009370061277,0.1785544638,0.04010192564
844,28133333333,0,1,-0.7635361062,0.4010087521,0.2190093063,0.9809230307,0.02460601525,0.1890414352,0.03805111922
845,28166666667,0,0,-0.7635361967,0.4010083169,0.2190090808,0.9780781265,0.03946129257,0.2009166159,0.0379275389
846,28200000000,0,0,-0.7635362329,0.4010080559,0.2190080789,0.9754003622,0.05373940058,0.2096347159,0.0419463488
847,28233333333,0,1,-0.7635361063,0.4010076509,0.2190070345,0.973427158,0.06599109642,0.2152249185,0.04198782794
848,28266666667,0,0,-0.7635360815,0.4010075936,0.2190063286,0.9712936757,0.07944379669,0.2204306866,0.04108030078
849,28300000000,0,0,-0.7635359889,0.4010072228,0.2190055479,0.9692446111,0.09064255873,0.2246980406,0.04312308954
850,28333333333,0,0,-0.7635359922,0.4010072006,0.2190050824,0.9667592937,0.1055912937,0.2282426546,0.04617615494
851,28366666667,0,0,-0.7635360392,0.401006698,0.219004103,0.9642600183,0.1175939563,0.2327965951,0.04669072653
852,28400000000,0,0,-0.7635359163,0.4010064943,0.2190036005,0.9615489398,0.1335011804,0.2357010683,0.04523358873
853,28433333333,1,1,0,0,0,1,0,0,0
856,28533333333,1,1,0.007608510861,-0.02343743848,-0.01837159489,0.9987532658,0.04869873263,0.01066248219,0.00258048036
857,28566666667,1,0,0.008849866384,-0.02489425616,-0.02380422607,0.9973851035,0.07040811568,0.01593754075,0.003412822174
858,28600000000,1,0,0.01042106294,-0.03041233329,-0.03021165849,0.9953430695,0.09407379515,0.02090836892,0.002266087932
859,28633333333,1,0,0.01280715357,-0.03126884659,-0.03548797686,0.9929908837,0.1156816876,0.02388246541,0.004059539133
860,28666666667,1,0,0.01490013509,-0.02655682649,-0.04241540875,0.9905516923,0.1345760839,0.0251422812,0.008030454768
861,28700000000,1,1,0.02428669729,-0.06415952069,-0.04898525985,0.9909260375,0.1324993559,0.02198777143,0.005103613046
862,28733333333,1,0,0.02510503536,-0.06849661819,-0.05403233823,0.9894681731,0.1429848375,0.02131377147,0.007334430348
863,28766666667,1,0,0.02022558174,-0.06852651746,-0.06009184955,0.9876906447,0.1539607527,0.02539556821,0.01087851796
864,28800000000,1,0,0.02343379308,-0.06991117268,-0.06410958915,0.9860543216,0.163569985,0.02778310414,0.01303203822
865,28833333333,1,0,0.02446863103,-0.0750154345,-0.07127242167,0.9849166688,0.1695197751,0.03120190298,0.01512093016
866,28866666667,1,0,0.02578646071,-0.07500641403,-0.07690743613,0.9836356558,0.1758760505,0.03445607588,0.01847404469
867,28900000000,1,1,0.03657309216,-0.09143838919,-0.08899962393,0.9841938158,0.1729804104,0.03375251179,0.0173516141
868,28933333333,1,0,0.0378156049,-0.09638679574,-0.09404606873,0.984202548,0.1717696228,0.03727847335,0.02123338325
869,28966666667,1,0,0.03853126448,-0.09739923751,-0.09588075955,0.9838059551,0.1720516295,0.04283842474,0.02624783427
870,29000000000,1,0,0.04026775194,-0.1019846353,-0.09977140587,0.9837122003,0.1701809738,0.04902800696,0.03074081597
871,29033333333,1,0,0.03812253551,-0.1052687775,-0.102798755,0.9834542698,0.167308519,0.05988008795,0.03521269433
872,29066666667,1,0,0.03809416569,-0.1046818525,-0.1036410133,0.9827236887,0.1652335321,0.07254360831,0.04110299906
873,29100000000,1,1,0.05449655045,-0.1029535622,-0.1164159246,0.9825326307,0.162367038,0.0793475785,0.04439072475
874,29133333333,1,0,0.05841498466,-0.1017444017,-0.1206467202,0.9817802789,0.1587616459,0.09148802777,0.05032061728
875,29166666667,1,0,0.06340200305,-0.09859788419,-0.1287542346,0.9815235239,0.1511141724,0.1029304352,0.05640394065
876,29200000000,1,0,0.06863895436,-0.09682693618,-0.1290917638,0.9815838441,0.1398119427,0.1148562354,0.06126844858
877,29233333333,1,0,0.07178352515,-0.1014757334,-0.1234950505,0.981378596,0.1256558382,0.1295916172,0.06567095516
878,29266666667,1,1,0.07971301367,-0.09578215228,-0.1201311723,0.9802517251,0.1161627502,0.1423622639,0.0731146821
879,29300000000,1,0,0.0780896395,-0.09967686091,-0.1085541484,0.9784039972,0.1059474444,0.1607106829,0.07531821566
880,29333333333,1,0,0.07934937048,-0.1003622429,-0.09674518671,0.9757173221,0.1013895563,0.1786130596,0.07611333774
881,29366666667,1,0,0.0821733798,-0.1002708228,-0.08725611326,0.9728251247,0.0985667072,0.1946225917,0.07757530371
882,29400000000,1,0,0.08226315059,-0.09886571184,-0.07745667864,0.9695962872,0.09737429698,0.209546081,0.08057124791
883,29433333333,1,0,0.08578844455,-0.09602031243,-0.07329545099,0.9669931157,0.09643142393,0.219802431,0.08551132082
884,29466666667,1,1,0.0932333485,-0.09747058767,-0.06043277758,0.964851289,0.09291888814,0.2283136935,0.0911094275
885,29500000000,1,0,0.09586218244,-0.09927444023,-0.05425384554,0.962026431,0.08803309654,0.238885477,0.0984329667
886,29533333333,1,0,0.1002282506,-0.1015608638,-0.04431308082,0.9581273968,0.08317164627,0.2520122028,0.1075370562
887,29566666667,1,0,0.1056967023,-0.1019767167,-0.04471703155,0.9538189315,0.07712930527,0.2669135007,0.114182745
888,29600000000,1,1,0.1126067653,-0.1004291976,-0.05111761671,0.9490812922,0.06658618404,0.2815944715,0.1245613685
889,29633333333,1,0,0.1186077569,-0.1005489324,-0.04376932326,0.9428789475,0.05539909891,0.2987725475,0.1365474099
890,29666666667,1,0,0.1220722835,-0.1004966464,-0.03132462225,0.9355135349,0.04604533697,0.3163690394,0.1503492067
891,29700000000,1,0,0.1226282814,-0.09850090819,-0.0241951987,0.928234684,0.03723863593,0.3313316708,0.1649635695
892,29733333333,1,1,0.1261360121,-0.09367749946,0.01764503635,0.9204518618,0.03196071266,0.3483936553,0.1742663017
893,29766666667,1,0,0.1283686832,-0.0908097987,0.02609035995,0.9148277669,0.02679187305,0.3594431123,0.1821345695
894,29800000000,1,0,0.131784246,-0.08864931698,0.03283044045,0.9102362789,0.02006545586,0.3680847032,0.1886291209
895,29833333333,1,0,0.1393498782,-0.09424445154,0.04660962676,0.905890388,0.01260232068,0.3774220435,0.1917195542
896,29866666667,1,0,0.144603947,-0.09719340876,0.05290297962,0.9006515816,0.00869975991,0.3892602984,0.1929441963
897,29900000000,1,0,0.143329913,-0.08602607811,0.05315447587,0.8948458726,0.006795525811,0.4002623876,0.1974707727
898,29933333333,1,1,0.1485606907,-0.08095598586,0.07953877441,0.8892715268,0.002558290356,0.4125642415,0.1974344281
899,29966666667,1,0,0.1522633644,-0.07910092354,0.08734751671,0.884301146,-0.002141336132,0.4223758794,0.1990113421
900,30000000000,1,0,0.1581911701,-0.07644490613,0.0941737964,0.8796444604,-0.006908775476,0.4304750567,0.2021611183
901,30033333333,1,0,0.1637065261,-0.07184130196,0.09833152464,0.8755413334,-0.01324584965,0.4375034169,0.2045548367
902,30066666667,1,0,0.1712337505,-0.06815913443,0.1073209959,0.8716945215,-0.02024758584,0.4440375655,0.2063233793
903,30100000000,1,0,0.1778364455,-0.06397654641,0.1156539169,0.8685595758,-0.0291944919,0.4492665094,0.2071510283
904,30133333333,1,1,0.1829377235,-0.05656613963,0.114085808,0.8659191247,-0.03874251598,0.4534275694,0.2075729419
905,30166666667,1,0,0.1916941563,-0.05170660599,0.1241483977,0.8623859039,-0.0489615437,0.4587204088,0.2084919819
906,30200000000,1,0,0.2020271539,-0.04543087872,0.1317924565,0.8589636814,-0.05829166888,0.46346839,0.2097153473
907,30233333333,1,0,0.214356036,-0.042223748,0.1464869479,0.8551707056,-0.06800032969,0.4687733799,0.2105006833
908,30266666667,1,0,0.2262555694,-0.03862271775,0.1581729626,0.852405425,-0.07599287851,0.4729237315,0.2096979208
909,30300000000,1,0,0.2395923472,-0.03763864405,0.1667950314,0.8499781856,-0.08292232607,0.4752781332,0.2115931662
910,30333333333,1,1,0.2478124196,-0.03139656176,0.1853243392,0.8470264251,-0.08927888969,0.4796887406,0.2108891348
911,30366666667,1,0,0.2625618459,-0.02601633382,0.1956630248,0.8439624874,-0.09502963196,0.4832239041,0.2125825662
912,30400000000,1,0,0.2773589918,-0.02346707529,0.2094441334,0.8394173045,-0.09950424342,0.4881322816,0.2172656673
913,30433333333,1,0,0.296240682,-0.01747949289,0.2232029768,0.834924912,-0.1013173248,0.4938467944,0.2207952322
914,30466666667,1,0,0.3103295919,-0.01195275423,0.2329181578,0.8296821359,-0.1031826557,0.5009639311,0.2236426451
915,30500000000,1,0,0.3256265167,-0.009957328549,0.2430227221,0.8236662161,-0.1053224027,0.508289265,0.2283050132
916,30533333333,1,1,0.3396776641,-0.01714667621,0.2610041391,0.8155006906,-0.1083017969,0.5186696992,0.2328327458
917,30566666667,1,0,0.3501769203,-0.01393046544,0.2774050974,0.8068948123,-0.107678722,0.5296575736,0.2383042371
918,30600000000,1,0,0.3584149663,-0.009836336541,0.2883252774,0.7991706131,-0.1058120956,0.5374176125,0.2476134917
919,30633333333,1,0,0.3680403289,-0.007636904654,0.2980369056,0.7921319714,-0.1044079095,0.5421535954,0.2601834108
920,30666666667,1,0,0.3834190469,-0.009261091863,0.3179646087,0.783352678,-0.1026136706,0.5475545096,0.275704689
921,30700000000,1,0,0.3958486429,-0.006045637339,0.3315499654,0.7758290279,-0.09568431877,0.5513658794,0.291426659
922,30733333333,1,1,0.4008125657,-0.002400042881,0.3323685056,0.7693636817,-0.09161256646,0.5544199054,0.3038177602
923,30766666667,1,0,0.423221736,0.003436070527,0.3347475932,0.7638837274,-0.09234524448,0.558138995,0.3105396418
924,30800000000,1,0,0.4393366589,0.01297701169,0.3363613079,0.7565167712,-0.09277921815,0.5659745982,0.3142405858
925,30833333333,1,0,0.4424476001,0.01632776626,0.3460246917,0.7459096768,-0.09527348298,0.577080871,0.3186210693
926,30866666667,1,0,0.4472680058,0.01950973313,0.3583697759,0.7351369959,-0.1005578995,0.5869803937,0.3239069674
927,30900000000,1,0,0.4684631034,0.01857229117,0.3680486106,0.724033732,-0.1050114529,0.5949483825,0.3328425633
928,30933333333,1,1,0.4837043207,0.01228411573,0.369964796,0.7147993509,-0.1065618785,0.6025688219,0.3385517225
929,30966666667,1,0,0.4856319907,0.01346526668,0.3834016076,0.7074028987,-0.1081815333,0.6112258287,0.3380545535
930,31000000000,1,0,0.4951676836,0.0170507259,0.3924231522,0.7016769641,-0.1117685152,0.6168112377,0.3386755588
931,31033333333,1,0,0.5078709336,0.02141722254,0.4025931687,0.6979569409,-0.1153643151,0.621539305,0.3365056846
932,31066666667,1,0,0.5190387226,0.02149768535,0.4182108336,0.6937507514,-0.1176740768,0.6274566031,0.333408035
933,31100000000,1,0,0.5297090878,0.02671697136,0.4275395159,0.6914266213,-0.1176608636,0.6313894508,0.3308058493
934,31133333333,1,1,0.5463007539,0.01867316927,0.4351465489,0.6877987621,-0.117662104,0.6364437838,0.3286758315
935,31166666667,1,0,0.5519259386,0.02079958583,0.4512818925,0.6850237227,-0.1143973507,0.6427398742,0.3233283155
936,31200000000,1,0,0.5648013209,0.02448145287,0.4637657082,0.6821796752,-0.1101397512,0.6480276329,0.3202503911
937,31233333333,1,0,0.5670529385,0.02476118999,0.4818380954,0.6789036832,-0.1057624195,0.654320895,0.3158611497
938,31266666667,1,0,0.5772050873,0.02371942595,0.4992648332,0.6775280736,-0.1020220891,0.6575337068,0.3133634107
939,31300000000,1,0,0.5705585341,0.02872477776,0.5155237937,0.6794497231,-0.09777503921,0.6589528603,0.3075211268
940,31333333333,1,1,0.554225979,0.02077734454,0.5411661317,0.6769145643,-0.1057523207,0.6607335656,0.3066500849
941,31366666667,1,0,0.5732550208,0.02863110886,0.5422206314,0.677549365,-0.1124283822,0.6568837729,0.311111597
942,31400000000,1,0,0.5810184995,0.03129736145,0.5490382192,0.6773625901,-0.1163119214,0.6570120147,0.3098171576
943,31433333333,1,0,0.5786221224,0.03555112746,0.5694168121,0.6746856569,-0.1224651494,0.6588752441,0.3093298632
944,31466666667,1,0,0.5959076499,0.04389959017,0.5675147558,0.6744887564,-0.1277892476,0.6568527066,0.3118963729
945,31500000000,1,0,0.5891586208,0.04238017238,0.5904649124,0.6693034766,-0.1334111122,0.6610271298,0.3118933551
946,31533333333,1,1,0.5956334097,0.04979022063,0.6169407811,0.6628898882,-0.1399137019,0.6630239695,0.3184342445
947,31566666667,1,0,0.6044797044,0.05381887846,0.6257517813,0.6603401804,-0.1439662657,0.6616718877,0.3246765675
948,31600000000,1,0,0.6072028406,0.05648843601,0.6387561388,0.6572805366,-0.1481785416,0.6600217063,0.3322600836
949,31633333333,1,0,0.6200130154,0.06495088919,0.6441019626,0.6584401806,-0.1525613478,0.6549635782,0.33794123
950,31666666667,1,0,0.6411583549,0.0735177814,0.6427393663,0.6621228507,-0.1544639322,0.6499546315,0.3395485254
951,31700000000,1,0,0.6502035267,0.07586540381,0.6485013814,0.6636667552,-0.1548814557,0.6500308786,0.3361815427
952,31733333333,1,1,0.6490745371,0.07971343647,0.6607059305,0.6628328651,-0.1543691783,0.6514787129,0.3352584621
953,31766666667,1,0,0.6620441167,0.08275749818,0.6670047046,0.6637989908,-0.1530677568,0.6502042396,0.3364158267
954,31800000000,1,0,0.6673405448,0.08458185765,0.672244147,0.6672307441,-0.1512848172,0.6482491373,0.3341991835
955,31833333333,1,0,0.674578924,0.08900447992,0.6757789189,0.6711894433,-0.1497932175,0.645014174,0.3332017986
956,31866666667,1,0,0.6799727394,0.09355394473,0.6777361359,0.6751226214,-0.1492190889,0.6418226241,0.3316727738
957,31900000000,1,0,0.6811828206,0.09542239355,0.6856773615,0.6783097568,-0.1516093146,0.6380439129,0.3313766056
958,31933333333,1,1,0.6956060956,0.09957912792,0.684901555,0.6838088233,-0.1575631104,0.6304507862,0.3318300251
959,31966666667,1,0,0.7039612791,0.1040730286,0.6857901777,0.687284936,-0.1625820794,0.6259392993,0.3307665004
960,32000000000,1,0,0.7159597532,0.1101137968,0.6883151734,0.688298167,-0.1655386631,0.6233291299,0.3321195267
961,32033333333,1,0,0.7294071559,0.1128163191,0.6868370551,0.6893648567,-0.1687767831,0.6216029023,0.3315121772
962,32066666667,1,0,0.7349526115,0.1155647299,0.6931756206,0.6889214797,-0.1707583302,0.6217083059,0.3312213306
963,32100000000,1,0,0.7451872792,0.1196455726,0.6956621612,0.6912083339,-0.1710424081,0.6185734267,0.3321783401
964,32133333333,1,1,0.7522535986,0.1202308637,0.7026979388,0.692985999,-0.1733699138,0.6157494364,0.3325145256
965,32166666667,1,0,0.7637603828,0.1256210271,0.703980928,0.6955944028,-0.1747961872,0.6120394373,0.3331702973
966,32200000000,1,0,0.7759106071,0.1263022192,0.6978489611,0.6980663599,-0.1765593141,0.6092229634,0.3322311645
967,32233333333,1,0,0.7855306487,0.1280878812,0.700780849,0.6987571738,-0.1775076723,0.6087378912,0.3311610156
968,32266666667,1,0,0.7943384025,0.1281947467,0.7008709148,0.7030295778,-0.1769526838,0.6057972824,0.3277908069
969,32300000000,1,0,0.8003303791,0.1282757071,0.6985075836,0.7071566502,-0.1774999398,0.6017914387,0.3259912694
970,32333333333,1,0,0.8127317438,0.1298281328,0.695158766,0.7098730219,-0.1791365964,0.597936429,0.3262857636
971,32366666667,1,1,0.8287476435,0.1213716986,0.6878296758,0.7110205124,-0.1807347005,0.5947711623,0.3286823139
972,32400000000,1,0,0.8394875125,0.1207816958,0.6822606969,0.7112702191,-0.1787963698,0.5938517553,0.3308574108
973,32433333333,1,0,0.8536981407,0.119344699,0.673627109,0.7121302963,-0.1777962768,0.5922292328,0.3324506893
974,32466666667,1,0,0.864692637,0.1187860339,0.6666631553,0.712637879,-0.1762491366,0.5920701366,0.332470222
975,32500000000,1,0,0.8809914639,0.1144519853,0.6600443663,0.7123199733,-0.174849298,0.5919073363,0.3341761271
976,32533333333,1,0,0.8968004202,0.1103760156,0.6521866317,0.7140216356,-0.171061275,0.5917406689,0.3327974233
977,32566666667,1,1,0.9113145578,0.1013137346,0.6395406282,0.7168530519,-0.1670345908,0.5909557857,0.3301399805
978,32600000000,1,0,0.9226443227,0.09473277779,0.6297897592,0.7187415315,-0.1608697437,0.5922005144,0.3268487222
979,32633333333,1,0,0.9350080292,0.08820073156,0.6203121243,0.7199623079,-0.1543628371,0.5934495138,0.3250293284
980,32666666667,1,0,0.9467146201,0.08094514613,0.6048333391,0.7227149864,-0.1468855207,0.5940392803,0.3212865166
981,32700000000,1,0,0.9521103738,0.07314196856,0.5959934398,0.7239000984,-0.1421938849,0.5963884142,0.3163390682
982,32733333333,1,0,0.962341172,0.06640128076,0.5886588583,0.7235740425,-0.1382774264,0.598884411,0.3140977883
983,32766666667,1,1,0.9734641424,0.05741510636,0.57689194,0.7252192977,-0.1347342622,0.6000537948,0.3095788948
984,32800000000,1,0,0.9768044283,0.04888119371,0.5719703937,0.7241460488,-0.1304642546,0.6036801925,0.3068579534
985,32833333333,1,0,0.9772506488,0.04151238658,0.5630217375,0.7232625289,-0.1280264897,0.6049778212,0.3074123746
986,32866666667,1,0,0.9882175967,0.03183501085,0.5527609593,0.722231293,-0.1309461026,0.604950263,0.3086588033
987,32900000000,1,0,1.002553787,0.0279684867,0.5422930632,0.7222745881,-0.129479618,0.6072011266,0.3047314222
988,32933333333,1,1,1.013843661,0.0164002325,0.532282571,0.7232514425,-0.1244076847,0.6103444733,0.2981773011
989,32966666667,1,0,1.010538966,0.01064166738,0.5299212722,0.7241308559,-0.1174122084,0.6155494989,0.2880064085
990,33000000000,1,0,1.013879068,0.002116695114,0.5260739253,0.7251588103,-0.114722694,0.6178023819,0.2816089846
991,33033333333,1,0,1.019694035,-0.007051723933,0.5214822158,0.7269074236,-0.1125326069,0.6187490491,0.2758471028
992,33066666667,1,0,1.025103889,-0.01432965929,0.5175226479,0.7287858392,-0.1106607251,0.6192034418,0.2705780887
993,33100000000,1,0,1.034894539,-0.03194475159,0.5150613225,0.7311757017,-0.1084898677,0.6194749386,0.2643158003
994,33133333333,1,1,1.040619072,-0.03506564776,0.5042707585,0.7359098476,-0.1009959979,0.618464261,0.2563951296
995,33166666667,1,0,1.048515225,-0.05047404291,0.5024341526,0.7382236768,-0.09639594005,0.6182196417,0.2520676504
996,33200000000,1,0,1.053647173,-0.05727986593,0.4943694661,0.7419477275,-0.08511114639,0.6191801769,0.2426634933
997,33233333333,1,0,1.051661861,-0.05239841115,0.4876114034,0.7421532506,-0.07583062847,0.6230843096,0.2349983224
998,33266666667,1,0,1.059868367,-0.06230391838,0.4775597056,0.7383670575,-0.06836112206,0.6293165442,0.2325973616
999,33300000000,1,1,1.054031567,-0.06537139417,0.4704805957,0.7341552985,-0.06013324209,0.6380956424,0.2241292977
1000,33333333333,1,0,1.052156032,-0.06946737605,0.4739035294,0.7265421822,-0.05204759271,0.6492697024,0.2188066709
1001,33366666667,1,0,1.048897948,-0.07153939337,0.4753938908,0.7202866053,-0.04258293275,0.6581147128,0.2150788807
1002,33400000000,1,0,1.045614126,-0.0734975988,0.4754096575,0.7157096176,-0.03500361392,0.6644508712,0.2122251871
1003,33433333333,1,0,1.040056024,-0.07039101163,0.4765955887,0.7118370066,-0.02805315288,0.6698314288,0.20934888
1004,33466666667,1,0,1.034237498,-0.07287055101,0.4748382188,0.708701877,-0.02324617421,0.6733795605,0.2091918554
1005,33500000000,1,1,1.032826961,-0.07466990852,0.4674067534,0.7049367194,-0.02004805657,0.6770546558,0.2103789203
1006,33533333333,1,0,1.029078334,-0.07644918651,0.467669182,0.6983067378,-0.01673171459,0.6835566416,0.2117500115
1007,33566666667,1,0,1.024025274,-0.07883600619,0.4679681092,0.6905088927,-0.01472532652,0.6912361074,0.2125400611
1008,33600000000,1,0,1.020123971,-0.08073271095,0.468223555,0.6815232849,-0.01182982006,0.6988938786,0.2166412103
1009,33633333333,1,0,1.013353668,-0.08398093949,0.4686844772,0.6714878253,-0.009177331122,0.7067864789,0.2224247071
1010,33666666667,1,0,1.005616574,-0.08763858159,0.4690814508,0.6584391392,-0.009650934449,0.7162840279,0.2308721526
1011,33700000000,1,1,1.002854319,-0.08749891741,0.4635712981,0.6447425325,-0.008359183442,0.7252757255,0.2412722794
1012,33733333333,1,0,0.9979248596,-0.08939133503,0.4615263202,0.6295025317,-0.007889201357,0.7367888262,0.2465898389
1013,33766666667,1,0,0.9932912233,-0.09183736894,0.4604184909,0.6155500956,-0.01141303534,0.7464832052,0.2524492956
1014,33800000000,1,0,0.9879690627,-0.0918125526,0.4609447136,0.6042756163,-0.0139063942,0.753544517,0.2585116102
1015,33833333333,1,0,0.9816749319,-0.09213173229,0.4605171291,0.5943910768,-0.01940190785,0.7591501571,0.2646013092
1016,33866666667,1,0,0.9760564175,-0.09156739081,0.4570365711,0.5850109348,-0.02528910687,0.7637719699,0.2716156202
1017,33900000000,1,1,0.9636198265,-0.09268407171,0.4523794075,0.5753415513,-0.03287208814,0.7685811512,0.2778210561
1018,33933333333,1,0,0.9587550131,-0.09491551211,0.452318476,0.5616101225,-0.04432747903,0.7749238745,0.2865695966
1019,33966666667,1,0,0.9676675256,-0.101173461,0.4491933394,0.5462005056,-0.05239604062,0.7821542342,0.2952192686
1020,34000000000,1,0,0.9629561969,-0.09737385443,0.4533122203,0.5324490433,-0.05676761429,0.7909453268,0.2961096829
1021,34033333333,1,0,0.9595391086,-0.1004123464,0.4519726411,0.5217833115,-0.06363633933,0.7960778396,0.2999210987
1022,34066666667,1,0,0.9551675774,-0.1002989861,0.4495020695,0.5137739639,-0.06843859396,0.7987372214,0.3055672168
1023,34100000000,1,1,0.9548663253,-0.09110431148,0.4410369009,0.5073041399,-0.0701068303,0.8004827107,0.3113759333
1024,34133333333,1,0,0.9530217095,-0.09070378285,0.4399989362,0.4996075621,-0.07398191314,0.8040148609,0.3138137409
1025,34166666667,1,0,0.9522724527,-0.08875990104,0.437796511,0.4916448638,-0.08024604711,0.8071441792,0.3168030522
1026,34200000000,1,0,0.9565618983,-0.08558610342,0.428394078,0.4841963007,-0.08053739006,0.8106446143,0.3192537869
1027,34233333333,1,1,0.958509658,-0.1005686096,0.417226379,0.4763175296,-0.07132771699,0.8164432294,0.3185191062
1028,34266666667,1,0,0.9566838807,-0.1045186035,0.41550722,0.4708509218,-0.05774960577,0.8256868263,0.3052960159
1029,34300000000,1,0,0.9539327328,-0.1071898064,0.4184853657,0.4682964258,-0.04561577425,0.8325828991,0.2922727746
1030,34333333333,1,0,0.9540351491,-0.1146662189,0.4068506953,0.4697781224,-0.03098661507,0.8358452219,0.2823315612
1031,34366666667,1,0,0.9492530403,-0.1155246607,0.4075575512,0.4709865842,-0.01784553523,0.8419190933,0.2627268822
1032,34400000000,1,1,0.9402958339,-0.1249262495,0.4058975688,0.4743534441,-0.009568364209,0.845055358,0.2465333617
1033,34433333333,1,0,0.9358836019,-0.1204310193,0.4013183775,0.4780245618,-0.002327034452,0.8481329913,0.2283802365
1034,34466666667,1,0,0.9331546588,-0.1125660519,0.4012651611,0.4775763765,-0.004140449822,0.8523694719,0.2130022174
1035,34500000000,1,0,0.9283526762,-0.1128781006,0.4008763844,0.4747232926,-0.005417108696,0.8559091128,0.2050074171
1036,34533333333,1,0,0.9301234201,-0.1254775091,0.3962070993,0.4727035886,-0.003453133403,0.8580009141,0.2009323882
1037,34566666667,1,0,0.9275742326,-0.1272245244,0.3944232951,0.4741847988,0.003795876778,0.8595665301,0.1904724342
1038,34600000000,1,1,0.9144063931,-0.1373932893,0.3971089039,0.4771662991,0.008048242389,0.8592941774,0.1840137645
1039,34633333333,1,0,0.9142018982,-0.1395001138,0.3930470101,0.4814042458,0.01581386154,0.8581533543,0.1776870686
1040,34666666667,1,0,0.9141243986,-0.1388615684,0.3849056865,0.4861681995,0.02465037864,0.8577397185,0.1652737606
1041,34700000000,1,0,0.9081082922,-0.1341941916,0.387131715,0.4892045864,0.0261201443,0.8586670366,0.1506238061
1042,34733333333,1,0,0.9063989794,-0.1301679309,0.3798290055,0.4908970542,0.02549995944,0.8589812507,0.1432516847
1043,34766666667,1,1,0.8749444773,-0.1529515264,0.3466603856,0.4920161301,0.02777260753,0.8588641574,0.1396465867
1044,34800000000,1,0,0.867869386,-0.1454294634,0.3484271519,0.4848457407,0.02863534278,0.8644723228,0.1295848294
1045,34833333333,1,0,0.8664628378,-0.1446562108,0.3452606506,0.4776720761,0.02725034327,0.8683560453,0.130554912
1046,34866666667,1,0,0.864581898,-0.1430131234,0.3410220675,0.4739517483,0.02539605615,0.8702485172,0.1318798656
1047,34900000000,1,0,0.8609233181,-0.1392171967,0.3387026474,0.4712841063,0.02174986737,0.871403952,0.134437297
1048,34933333333,1,0,0.8595014778,-0.135141199,0.3354174791,0.4680806089,0.01650301503,0.8724022019,0.1397948219
1049,34966666667,1,1,0.8211899928,-0.1139958427,0.3031760673,0.4685766562,0.02052917559,0.8711588047,0.1452474
1050,35000000000,1,0,0.8138334234,-0.1059617662,0.3015914387,0.4620842458,0.01469150679,0.8735644297,0.1521430134
1051,35033333333,1,0,0.8101228576,-0.1055456822,0.3011612888,0.4556016365,0.006872461423,0.874887965,0.164167496
1052,35066666667,1,0,0.8038432792,-0.1003993125,0.2965945384,0.4505312317,0.0006656978715,0.8752026218,0.1761860859
1053,35100000000,1,1,0.7715609634,-0.07697797032,0.2852382802,0.4473043294,-0.002922642651,0.8740338927,0.1896708975
1054,35133333333,1,0,0.7662619473,-0.07646360034,0.2802844791,0.4402865372,-0.0112530977,0.8726663865,0.2108898074
1055,35166666667,1,0,0.767291356,-0.07450311254,0.274403181,0.431104316,-0.0217463839,0.8726519964,0.2283739406
1056,35200000000,1,0,0.763549141,-0.06748256754,0.2697914749,0.4200138395,-0.03030625498,0.8733793453,0.2447006841
1057,35233333333,1,1,0.7455411307,-0.0410959682,0.2498328704,0.4109241278,-0.03628981081,0.872932909,0.2604084238
1058,35266666667,1,0,0.7416332634,-0.03973623628,0.2463894768,0.3974010275,-0.04397662109,0.8732668208,0.278466407
1059,35300000000,1,0,0.7373973792,-0.04323019538,0.2406921308,0.3854138089,-0.04950405147,0.8734878447,0.2932993863
1060,35333333333,1,0,0.7301531816,-0.04373860754,0.2389044369,0.3736574711,-0.05284680645,0.8742929312,0.3052854071
1061,35366666667,1,1,0.7242694133,-0.04240954986,0.2207727837,0.367918043,-0.05764202408,0.8734938457,0.3135637293
1062,35400000000,1,0,0.7146180222,-0.04315748674,0.2219448496,0.3618410579,-0.06177877067,0.8744099414,0.3172722595
1063,35433333333,1,0,0.7043565456,-0.04346456065,0.2253851134,0.3551671994,-0.06507805585,0.8747687473,0.3231110427
1064,35466666667,1,0,0.6944170726,-0.04409313953,0.2289213118,0.3500982298,-0.06636722048,0.8736922699,0.3311924502
1065,35500000000,1,0,0.6847683729,-0.04606543834,0.2371468601,0.3490656125,-0.06845061612,0.8712614884,0.3381880101
1066,35533333333,1,1,0.6756982952,-0.02777785896,0.2488136508,0.3549624078,-0.07326794876,0.867745086,0.3400764068
1067,35566666667,1,0,0.6609564429,-0.03382528992,0.2540361264,0.3603598572,-0.07729309941,0.8619745003,0.3480898031
1068,35600000000,1,0,0.6433867036,-0.04098048441,0.2630770472,0.3633444957,-0.080791567,0.857467989,0.3552494166
1069,35633333333,1,0,0.6311237572,-0.05150034904,0.2717915219,0.3657033535,-0.0860258476,0.8529210228,0.3624725364
1070,35666666667,1,0,0.614780335,-0.06198827246,0.2802039715,0.368210678,-0.08677410163,0.8494616821,0.3678396426
1071,35700000000,1,0,0.595256533,-0.06847565441,0.292868563,0.3704501614,-0.08560660762,0.8470390194,0.3714338248
1072,35733333333,1,1,0.573102179,-0.04993441302,0.3068326297,0.3757195241,-0.08548984237,0.8460047093,0.3685137146
1073,35766666667,1,0,0.5521784547,-0.0574692665,0.316636809,0.3764962984,-0.08546628499,0.8444334897,0.3713194485
1074,35800000000,1,0,0.5296008246,-0.06597330916,0.3264567581,0.3751292248,-0.08437449386,0.8440882828,0.3737298225
1075,35833333333,1,0,0.5066460537,-0.07306132504,0.3371166643,0.3714510532,-0.08360943669,0.8446574341,0.3762810069
1076,35866666667,1,0,0.4860627655,-0.08226067645,0.3459729343,0.3671025611,-0.08423031347,0.845939788,0.3775272691
1077,35900000000,1,0,0.4664994619,-0.09052823069,0.3589831983,0.3620791942,-0.08594729556,0.8478431586,0.3777217201
1078,35933333333,1,1,0.4529620817,-0.08561796782,0.3717026409,0.3585349464,-0.08989213195,0.8508455245,0.3734086104
1079,35966666667,1,0,0.4340300901,-0.09229391652,0.3888032278,0.3551757413,-0.09298186391,0.8518904734,0.373479835
1080,36000000000,1,0,0.4132790325,-0.0981751689,0.4003975289,0.353348851,-0.09621326321,0.8512338858,0.3758835847
1081,36033333333,1,0,0.3950304744,-0.1080124665,0.408847748,0.3497330481,-0.09956929689,0.8505995768,0.3798066746
1082,36066666667,1,0,0.3783288839,-0.1177529448,0.419604266,0.3460626374,-0.1011242508,0.8504452068,0.3830893985
1083,36100000000,1,0,0.3651499425,-0.130956076,0.4298782235,0.3443825881,-0.1032832001,0.850268006,0.3844184328
1084,36133333333,1,0,0.3526839595,-0.1399039587,0.4454340378,0.3449922544,-0.1027023974,0.8503886588,0.3837599393
1085,36166666667,1,0,0.3321080604,-0.1443510207,0.4560316731,0.3488935726,-0.1000251213,0.8488424208,0.3843628426
1086,36200000000,1,1,0.318750373,-0.1397750744,0.4583350593,0.352127395,-0.100525683,0.8466259902,0.3861674733
1087,36233333333,1,0,0.3068553128,-0.1489775164,0.4642097432,0.3540762928,-0.1025733981,0.8433098634,0.391071798
1088,36266666667,1,0,0.2872630833,-0.1549410859,0.4644200022,0.3583364356,-0.1022325066,0.8402786738,0.3937959673
1089,36300000000,1,0,0.2677589616,-0.1618632869,0.4625855935,0.3593837332,-0.102542002,0.8387790942,0.3959521451
1090,36333333333,1,0,0.2519727082,-0.1702219571,0.4604936519,0.3604988982,-0.1052072655,0.8387646889,0.3942661185
1091,36366666667,1,0,0.2275943013,-0.1655603913,0.4592457096,0.3607460552,-0.1070741324,0.8400220814,0.390845643
1092,36400000000,1,0,0.2124103838,-0.1666817164,0.4584306142,0.3566096443,-0.1077140964,0.8408219955,0.392741145
1093,36433333333,1,0,0.2011191635,-0.1697971736,0.4543927817,0.3551834473,-0.1079313672,0.840733876,0.3941599782
1094,36466666667,1,1,0.1958018591,-0.1575653638,0.448144912,0.3565381757,-0.108633188,0.8409086869,0.3923670985
1095,36500000000,1,0,0.1815270183,-0.1541501821,0.4450291665,0.3603205225,-0.112415637,0.8389122993,0.3921198792
1096,36533333333,1,0,0.1626475282,-0.1442313971,0.4379250076,0.3647014596,-0.1161209777,0.8350717641,0.3951757997
1097,36566666667,1,0,0.1559939063,-0.1439246333,0.4237191426,0.3679687028,-0.1216094726,0.8300034664,0.4011289265
1098,36600000000,1,0,0.1458626291,-0.1434293676,0.4088650169,0.375483841,-0.1289116488,0.8254011047,0.4013809765
1099,36633333333,1,0,0.131155885,-0.1367796726,0.3958616053,0.3831388972,-0.1334360878,0.8222115684,0.3992086331
1100,36666666667,1,1,0.1278962348,-0.1286714646,0.3815233995,0.3887642217,-0.1332714162,0.8194666808,0.3994689833
1101,36700000000,1,0,0.1211673097,-0.133067337,0.3623193939,0.3964411462,-0.1316514015,0.8172211066,0.3970541385
1102,36733333333,1,0,0.1081219511,-0.1279060908,0.3497906874,0.4077224609,-0.1305515343,0.8154976665,0.3894640518
1103,36766666667,1,0,0.08907513697,-0.1187062842,0.3385067435,0.4200574051,-0.1291104412,0.8124826923,0.3830850363
1104,36800000000,1,0,0.07923188389,-0.1188386089,0.322830923,0.4322820803,-0.1287885831,0.8064128792,0.3824185823
1105,36833333333,1,0,0.0599161557,-0.1124690809,0.3017314893,0.4497658401,-0.1324074651,0.799017162,0.3764977118
1106,36866666667,1,1,0.04951594469,-0.1083199006,0.2867881616,0.4617586325,-0.1364822781,0.7947045727,0.3695892249
1107,36900000000,1,0,0.03807744022,-0.108553235,0.2718875683,0.4739649022,-0.1365482396,0.7904165822,0.3632540108
1108,36933333333,1,0,0.02150527416,-0.1055544776,0.2497407803,0.4915609633,-0.1368822626,0.783955179,0.3536175093
1109,36966666667,1,0,0.0007204044835,-0.09693649526,0.2317616875,0.508469042,-0.1388417464,0.778541696,0.3406685051
1110,37000000000,1,0,-0.01869705722,-0.09073414103,0.2115298044,0.5237653284,-0.1396796011,0.7739625928,0.3273246016
1111,37033333333,1,0,-0.04579396485,-0.07645361623,0.1962518125,0.5340697355,-0.1397392365,0.7713250882,0.3167018656
1112,37066666667,1,1,-0.04632129589,-0.0862668118,0.1828038918,0.539966723,-0.1440632083,0.7675333385,0.313965451
1113,37100000000,1,0,-0.06823794974,-0.07592937064,0.1697889856,0.5518958148,-0.1458335647,0.7636850468,0.3015439111
1114,37133333333,1,0,-0.07937454352,-0.06990774464,0.1539811385,0.5606095161,-0.1498223581,0.7583054948,0.2970572472
1115,37166666667,1,0,-0.09283030058,-0.06294301266,0.1398527989,0.5709361059,-0.151572679,0.7528441016,0.2903161116
1116,37200000000,1,0,-0.1090594833,-0.051603032,0.1240210069,0.5796235502,-0.1539908654,0.7471230417,0.2865842179
1117,37233333333,1,0,-0.114766142,-0.05073563075,0.107996654,0.5853989265,-0.1579447966,0.7414543404,0.2874143338
1118,37266666667,1,1,-0.1201680548,-0.05340846533,0.09109275837,0.5897734689,-0.1587292136,0.7377255205,0.2876340531
1119,37300000000,1,0,-0.1304075409,-0.04653550586,0.07266222524,0.5936618584,-0.1574718734,0.7362466597,0.2840934056
1120,37333333333,1,0,-0.1354073443,-0.04410457158,0.05972118729,0.5961589056,-0.1567965641,0.7350920904,0.2822215713
1121,37366666667,1,0,-0.1409755256,-0.03844961054,0.04539553945,0.6009378152,-0.1551808304,0.7319900653,0.2810394928
1122,37400000000,1,0,-0.1424222469,-0.03548318164,0.02796262214,0.6076384588,-0.1545104473,0.7273776851,0.2789690455
1123,37433333333,1,0,-0.1479891244,-0.02724056219,0.0104646768,0.6157851229,-0.1545638033,0.7224264286,0.2738955429
1124,37466666667,1,1,-0.1547658512,-0.02780907008,-0.006329460736,0.6221833203,-0.1554155515,0.71736643,0.27224865
1125,37500000000,1,0,-0.1550179503,-0.02060789798,-0.02490400358,0.6292380933,-0.154751523,0.7115486946,0.2716796705
1126,37533333333,1,0,-0.1592000215,-0.008977666835,-0.04851331812,0.6361173406,-0.1517428785,0.7062380807,0.2712132025
1127,37566666667,1,0,-0.1659394606,0.00581083561,-0.07654142154,0.6395552966,-0.1502954753,0.7031505829,0.2719550522
1128,37600000000,1,0,-0.160393404,0.008909016811,-0.1022207418,0.638288956,-0.1526131636,0.7019407099,0.2767230939
1129,37633333333,1,0,-0.1602718787,0.01855673625,-0.1276778847,0.6380078572,-0.1537778488,0.701803837,0.2770734953
1130,37666666667,1,1,-0.1645678202,0.02830769355,-0.1544125875,0.6359791989,-0.1573756104,0.7015297019,0.2803916068
1131,37700000000,1,0,-0.1549064039,0.03074176195,-0.1771070022,0.6329605143,-0.1617389491,0.7004643026,0.2873173516
1132,37733333333,1,0,-0.1507251008,0.03827430387,-0.203701621,0.6327301556,-0.1642956476,0.6984870788,0.2911619673
1133,37766666667,1,0,-0.146741234,0.04668037602,-0.2321004899,0.6318040456,-0.1683994564,0.6969972063,0.2943809868
1134,37800000000,1,0,-0.1390588886,0.04974762801,-0.2591319124,0.6294094858,-0.1733053153,0.6969413544,0.2967856388
1135,37833333333,1,0,-0.1381815805,0.05880757735,-0.2819286012,0.627936486,-0.1779906368,0.6978997367,0.2948746518
1136,37866666667,1,1,-0.132456306,0.06024722051,-0.3139239873,0.6268898879,-0.185631355,0.6961781446,0.2964558307
1137,37900000000,1,0,-0.1285056153,0.06428241525,-0.3387960991,0.625866691,-0.1914161151,0.6960457905,0.2952473767
1138,37933333333,1,0,-0.1305418946,0.07433623152,-0.3627882627,0.6243566603,-0.1983653473,0.6966888626,0.2923261509
1139,37966666667,1,0,-0.1253028801,0.07529602725,-0.3816767865,0.6191723318,-0.2059147596,0.6983148549,0.294246663
1140,38000000000,1,0,-0.1248156135,0.08490865984,-0.4015926772,0.6159527866,-0.2078741589,0.6997107816,0.296302752
1141,38033333333,1,0,-0.1242090952,0.092522894,-0.4243026521,0.6119097262,-0.2112893844,0.7002184589,0.3010272294
1142,38066666667,1,1,-0.1252098424,0.1011217749,-0.4541405418,0.6089218046,-0.2133177862,0.6992824483,0.3077560974
1143,38100000000,1,0,-0.127491986,0.1140044291,-0.4739834883,0.6037149431,-0.2166075731,0.6991049769,0.3160089524
1144,38133333333,1,0,-0.1216623274,0.1192261833,-0.4926354666,0.5965801191,-0.2223194048,0.6973073513,0.329285137
1145,38166666667,1,0,-0.1197721297,0.1274350417,-0.5100231496,0.5920327452,-0.2246875159,0.6949387352,0.340694736
1146,38200000000,1,1,-0.1222828504,0.1495175291,-0.5327016986,0.5922547351,-0.227788253,0.6888985274,0.350379308
1147,38233333333,1,0,-0.1189422068,0.1612587981,-0.551781893,0.5906302093,-0.2363179154,0.6803126206,0.3639842537
1148,38266666667,1,0,-0.1157085801,0.1729333965,-0.5723331127,0.5877944969,-0.2451675129,0.672886919,0.3763159766
1149,38300000000,1,0,-0.1102418614,0.1812309144,-0.586722926,0.5819068447,-0.2571134122,0.6662708388,0.3890504938
1150,38333333333,1,0,-0.1067826582,0.1935140393,-0.596381835,0.5793599489,-0.2650077143,0.6596816931,0.3986640499
1151,38366666667,1,0,-0.1027146271,0.2036644991,-0.6102209501,0.5802130881,-0.2739166689,0.6483246777,0.4098750336
1152,38400000000,1,1,-0.09935851477,0.226882943,-0.6252435573,0.5861957273,-0.2777594678,0.6376559146,0.4154746465
1153,38433333333,1,0,-0.09902063865,0.2376860389,-0.6364007138,0.5920336589,-0.2835580865,0.6263936578,0.4203830917
1154,38466666667,1,0,-0.09671246993,0.2462214018,-0.6522127407,0.6002262537,-0.2910368398,0.6118969429,0.4249801566
1155,38500000000,1,0,-0.09512048098,0.2543786978,-0.6670007135,0.6080692839,-0.2971675524,0.5989505946,0.4280202997
1156,38533333333,1,0,-0.09170062318,0.2599598055,-0.6851001024,0.6166005701,-0.302149139,0.5867075312,0.4292830158
1157,38566666667,1,0,-0.0943489176,0.2670343572,-0.7013667502,0.6254315384,-0.3055431513,0.5778139174,0.4261570723
1158,38600000000,1,1,-0.091971521,0.2839296711,-0.7203587881,0.6353316078,-0.3115234868,0.5667080655,0.4220768102
1159,38633333333,1,0,-0.0859119407,0.282594578,-0.7391422893,0.6399693046,-0.3235055965,0.5565894141,0.4195135781
1160,38666666667,1,0,-0.08220958431,0.2807867182,-0.7552003694,0.6457524276,-0.3291762008,0.5514004834,0.4130427799
1161,38700000000,1,0,-0.08383126959,0.282071858,-0.7713807077,0.6534639913,-0.3308806975,0.5461648392,0.4064563255
1162,38733333333,1,0,-0.08138746917,0.2783078054,-0.7871027907,0.6595913455,-0.3336571028,0.5394744269,0.4032115294
1163,38766666667,1,0,-0.07684367697,0.2713269456,-0.8038081353,0.6662342612,-0.3338693593,0.5334605097,0.4001037923
1164,38800000000,1,1,-0.07019243911,0.272783992,-0.8195906028,0.676685068,-0.3270476681,0.5289548055,0.3941369753
1165,38833333333,1,0,-0.07043321243,0.2682466153,-0.8357119081,0.688087997,-0.3218197894,0.525261072,0.3834941171
1166,38866666667,1,0,-0.06481009784,0.258533281,-0.8496174984,0.6970947747,-0.3182304235,0.5223605144,0.374069199
1167,38900000000,1,0,-0.05832215362,0.2460111707,-0.862779018,0.7060351485,-0.3108324361,0.5221031277,0.3637387659
1168,38933333333,1,0,-0.06162149286,0.2422069544,-0.8776205072,0.7160443719,-0.2994926002,0.5249528108,0.3492981338
1169,38966666667,1,0,-0.05510781081,0.2302230779,-0.8884384856,0.7209541652,-0.293235112,0.5276412676,0.3403424064
1170,39000000000,1,1,-0.04478180462,0.2216878835,-0.9010807878,0.7260258908,-0.2816617179,0.5307820262,0.334400244
1171,39033333333,1,0,-0.03978915651,0.2100367772,-0.9116881752,0.731622473,-0.2704617005,0.5357466223,0.32334901
1172,39066666667,1,0,-0.0377009557,0.2006355024,-0.9202767901,0.737316009,-0.2587758582,0.5415841369,0.309978678
1173,39100000000,1,0,-0.02840336945,0.1856898327,-0.9269828041,0.742112625,-0.2484689726,0.545855095,0.2992895534
1174,39133333333,1,0,-0.02478849684,0.1767017385,-0.9407739946,0.7485718501,-0.2322062199,0.5512373794,0.2861080358
1175,39166666667,1,0,-0.02212624721,0.1668198762,-0.9549573755,0.7527259429,-0.2197580712,0.5576910574,0.2721961232
1176,39200000000,1,1,-0.02135004552,0.1561683139,-0.9658337622,0.7532159898,-0.2083365138,0.5675326757,0.2591683463
1177,39233333333,1,0,-0.01560457525,0.1463155188,-0.9751475019,0.7514036941,-0.1963872372,0.5786464526,0.2489835827
1178,39266666667,1,0,-0.008862693265,0.1353872151,-0.9848671035,0.748168986,-0.1825848196,0.5908743632,0.2403610594
1179,39300000000,1,0,-0.00255073597,0.1248764482,-0.9951593407,0.7440000723,-0.1674893225,0.6034037596,0.2330560494
1180,39333333333,1,1,0.009369869753,0.1083504177,-1.014150896,0.7411772517,-0.1510720849,0.613200581,0.227636891
1181,39366666667,1,0,0.02978356018,0.08339598092,-1.028373614,0.7374435863,-0.1309529747,0.6246845433,0.2209015547
1182,39400000000,1,0,0.02873783188,0.08177548773,-1.034932702,0.7342805801,-0.1015308397,0.6392964241,0.2045081917
1183,39433333333,1,1,0.03836751601,0.06381713843,-1.052863261,0.7307973005,-0.07906444469,0.6501847865,0.192207863
1184,39466666667,1,0,0.03977805942,0.06339692751,-1.058252542,0.7262358142,-0.05511545577,0.663101911,0.1727416692
1185,39500000000,1,1,0.04085152704,0.05441305217,-1.062611858,0.7218713725,-0.03897938532,0.6728608473,0.1569732757
1186,39533333333,1,0,0.03819900166,0.05334963916,-1.064793006,0.717231777,-0.02562915154,0.6817985572,0.1416772814
1187,39566666667,1,0,0.04154101958,0.05160275763,-1.066678394,0.7133420699,-0.01363247058,0.6890154685,0.1273378625
1188,39600000000,1,0,0.04329498561,0.05052313809,-1.066675446,0.7105100347,-7.080796484e-05,0.6947638753,0.1117078473
1189,39633333333,1,1,0.05291290602,0.03700901925,-1.07435613,0.7107230657,0.00853821531,0.6963754856,0.09930259712
1190,39666666667,1,0,0.05693411371,0.03634292707,-1.07554819,0.7115446008,0.02044966776,0.6971333763,0.08538821845
1191,39700000000,1,0,0.05427352931,0.03628668473,-1.075245884,0.7129099688,0.03141073096,0.6967989051,0.07241566338
1192,39733333333,1,1,0.05482228162,0.03297487427,-1.075922161,0.713817263,0.03812378342,0.6964418611,0.06308903454
1193,39766666667,1,0,0.05276963971,0.03110631378,-1.07550176,0.7132512472,0.04316112007,0.6970221107,0.05974908606
1194,39800000000,1,0,0.0531686747,0.02891391985,-1.073815531,0.7109954024,0.04465582673,0.6991998601,0.0600911856
1195,39833333333,1,0,0.05410109828,0.02704352347,-1.074001659,0.7079001194,0.0451140651,0.7018892312,0.06475839088
1196,39866666667,1,0,0.05575419904,0.0250099018,-1.074770086,0.7054985771,0.04294304508,0.7036707541,0.07263003842
1197,39900000000,1,1,0.05592635411,0.02532086841,-1.077975528,0.7064013534,0.03604903246,0.7023713495,0.07982532591
1198,39933333333,1,0,0.05606072941,0.02495631812,-1.078433842,0.7075304818,0.02883782837,0.7004428777,0.08915588669
1199,39966666667,1,0,0.05580561719,0.02344527218,-1.079256146,0.7102817312,0.01717650479,0.6964870274,0.1005517311
1200,40000000000,1,1,0.05585817812,0.02066144478,-1.079292111,0.7130530107,0.002831394567,0.691616542,0.1149519289
1201,40033333333,1,0,0.05587421084,0.02055095804,-1.079103512,0.7157706615,-0.00991165571,0.6862862492,0.1287839404
1202,40066666667,1,0,0.05556253745,0.01966433552,-1.078806586,0.716710926,-0.02504186112,0.6820122484,0.1433793804
1203,40100000000,1,0,0.05656114393,0.02024013501,-1.079012761,0.71757477,-0.03764515874,0.6772931193,0.1579345501
1204,40133333333,1,1,0.05802329711,0.0221697274,-1.078772077,0.7183709754,-0.04854897676,0.6726012064,0.1708618026
1205,40166666667,1,0,0.05823839457,0.02229406906,-1.078686972,0.7186364922,-0.06035862552,0.6675999996,0.1850099157
1206,40200000000,1,0,0.05925635039,0.02311258985,-1.078261318,0.7195393087,-0.07026657536,0.6621975931,0.1970282704
1207,40233333333,1,1,0.05966177832,0.02343281159,-1.078527996,0.7211072584,-0.07990958221,0.6569974427,0.2048734753
1208,40266666667,1,0,0.05983235523,0.02365901524,-1.078443587,0.7229239612,-0.08724542311,0.6528389805,0.208735354
1209,40300000000,1,0,0.05926906559,0.02363642325,-1.078952122,0.7246137704,-0.09568810689,0.6486382572,0.212242977
1210,40333333333,1,0,0.05951761042,0.02393892835,-1.078697189,0.7256397354,-0.1066335034,0.6443228488,0.2166202597
1211,40366666667,1,0,0.05893308284,0.02377670086,-1.079201697,0.7279071278,-0.1148267595,0.6382970654,0.2225823102
1212,40400000000,1,0,0.05755416622,0.02323811236,-1.080262593,0.7315958322,-0.1238909283,0.6307790729,0.2270161612
1213,40433333333,1,1,0.05691438616,0.02315566262,-1.080239241,0.7357901677,-0.1398647475,0.62176384,0.2290423732
1214,40466666667,1,0,0.05663829124,0.02321751174,-1.080519213,0.7409463412,-0.15602965,0.6093627235,0.2352240186
1215,40500000000,1,0,0.0565433402,0.02313821491,-1.080784675,0.7448305375,-0.1738310025,0.5988240893,0.2375288679
1216,40533333333,1,0,0.05637965551,0.02311805222,-1.080999078,0.74881864,-0.1882246669,0.5903145703,0.2353100661
1217,40566666667,1,1,0.05598158769,0.02399239325,-1.082103107,0.7561710072,-0.197594413,0.5788384564,0.2326110429
1218,40600000000,1,0,0.05576919526,0.02401258481,-1.082415909,0.7575478476,-0.2144461728,0.5708301563,0.232995773
1219,40633333333,1,0,0.0554995685,0.02399370644,-1.082798888,0.7588976028,-0.2280801902,0.5640189936,0.2322421802
1220,40666666667,1,0,0.05519624034,0.02406699094,-1.083237869,0.7578483658,-0.2409948136,0.5597246659,0.2330142758
1221,40700000000,1,1,0.05506351256,0.02485775377,-1.084521179,0.7595931487,-0.2481286527,0.5532173044,0.2353742429
1222,40733333333,1,0,0.05483829436,0.02493624446,-1.084982517,0.7555611213,-0.2568509977,0.5518907216,0.2420156777
1223,40766666667,1,0,0.05474810649,0.02499125564,-1.085418516,0.7494799424,-0.2661450554,0.5520207829,0.2504389759
1224,40800000000,1,0,0.05458221483,0.02508980627,-1.085854829,0.7424548745,-0.272588141,0.5542256299,0.2594039627
1225,40833333333,1,0,0.05449914233,0.02518922801,-1.086246857,0.7361770245,-0.2790111659,0.5555721864,0.2674615926
1226,40866666667,1,1,0.05465579766,0.02640050013,-1.087781077,0.7398473396,-0.2792728435,0.5494671584,0.2696635585
1227,40900000000,1,0,0.05466446672,0.02660413342,-1.088349909,0.7338004481,-0.2889248997,0.5502674892,0.2743446647
1228,40933333333,1,0,0.05470483338,0.02684222311,-1.08880574,0.726804467,-0.2974936372,0.5517986351,0.2806618407
1229,40966666667,1,0,0.05472677719,0.02706722637,-1.08932902,0.7195026959,-0.3060801343,0.5519159883,0.2898612837
1230,41000000000,1,0,0.05493745688,0.02730877578,-1.089758325,0.7111072212,-0.3159084975,0.5519589149,0.2997827504
1231,41033333333,1,1,0.05529527983,0.02851236617,-1.090945078,0.7118427304,-0.3170398037,0.5480038175,0.3040682589
1232,41066666667,1,0,0.05543058005,0.02884235877,-1.091487024,0.7040917977,-0.3245615052,0.5498858071,0.3107091387
1233,41100000000,1,0,0.05565258914,0.02910187839,-1.091899183,0.6947937517,-0.3341733787,0.5517154385,0.3181192707
1234,41133333333,1,0,0.05592728293,0.02936964507,-1.092372567,0.6870127224,-0.3411959379,0.5528651627,0.3254826617
1235,41166666667,1,0,0.05611688914,0.02964138885,-1.092867815,0.680275878,-0.3468121236,0.5546062578,0.3306931803
1236,41200000000,1,1,0.05645425066,0.03074172327,-1.093805433,0.6818708371,-0.3426551916,0.5523233215,0.3355272414
1237,41233333333,1,0,0.05670983131,0.03105750937,-1.094261402,0.6803218541,-0.3435018606,0.549550552,0.3422905746
1238,41266666667,1,0,0.05703152055,0.03123698413,-1.09468793,0.6812346603,-0.3450103672,0.5449344526,0.3463143462
1239,41300000000,1,0,0.05734262547,0.03144102082,-1.095116298,0.6854143804,-0.3443223542,0.5405575059,0.3456108019
1240,41333333333,1,0,0.05769903257,0.03154631028,-1.095514657,0.691221919,-0.3430908706,0.5361948138,0.3420468314
1241,41366666667,1,0,0.05784096424,0.03175664456,-1.095865391,0.7010312014,-0.3391488381,0.5307673821,0.3343939389
1242,41400000000,1,1,0.05810330131,0.0324946737,-1.096585705,0.7178935807,-0.3305492408,0.5165505443,0.3294564332
1243,41433333333,1,0,0.05844480624,0.03266378475,-1.096961055,0.7298030648,-0.3315947308,0.5024106996,0.3240615839
1244,41466666667,1,0,0.05889131011,0.03268643586,-1.097307123,0.7429026095,-0.3346116728,0.4878329964,0.3132885394
1245,41500000000,1,0,0.05908098606,0.03282828059,-1.097743298,0.756072167,-0.3331529156,0.4749493014,0.3029639818
1246,41533333333,1,0,0.05960526479,0.03285559339,-1.098218776,0.765720503,-0.3367012061,0.4604834058,0.297084907
1247,41566666667,1,0,0.06009056583,0.03274899398,-1.098614959,0.7734293581,-0.3392533608,0.4527016164,0.2859640392
1248,41600000000,1,1,0.06058600534,0.03275101509,-1.099282062,0.7787180774,-0.3373263666,0.4474507276,0.2821292695
1249,41633333333,1,0,0.06106464223,0.03274142923,-1.099640083,0.7782542473,-0.337830048,0.4481712824,0.2816623633
1250,41666666667,1,0,0.06145825512,0.03282795742,-1.099972772,0.7773252292,-0.3340408578,0.4515742653,0.2833070355
1251,41700000000,1,0,0.06186189385,0.03292413698,-1.10025119,0.776677654,-0.3307105503,0.4543785803,0.284503883
1252,41733333333,1,0,0.06224832588,0.03296534357,-1.100574078,0.7769859093,-0.3275230871,0.4562726343,0.2843181446
1253,41766666667,1,0,0.06267324883,0.03299965853,-1.100827659,0.7768953117,-0.3255438487,0.4583731571,0.2834588612
1254,41800000000,1,1,0.06319639841,0.0330034986,-1.101109128,0.778360205,-0.321936865,0.4595211652,0.2816954826
1255,41833333333,1,0,0.06346294495,0.03306409932,-1.101334703,0.7802885936,-0.3157207392,0.4620793295,0.2792003201
1256,41866666667,1,0,0.06376880339,0.03315691699,-1.101457766,0.7824224485,-0.3094298319,0.4639892027,0.2770962124
1257,41900000000,1,0,0.06406100902,0.03322678733,-1.101558424,0.7858692334,-0.3009425472,0.4656568222,0.2738737943
1258,41933333333,1,0,0.06426804047,0.03333972852,-1.101679247,0.7905552582,-0.2883167514,0.4668025852,0.2720132001
1259,41966666667,1,0,0.06444000698,0.03337919533,-1.101768696,0.7964685213,-0.275632862,0.4661067422,0.2690890648
1260,42000000000,1,1,0.06466416812,0.03339471277,-1.101753815,0.8037892038,-0.2661783931,0.4610808448,0.2654739788
1261,42033333333,1,0,0.06491502722,0.03335287399,-1.101702998,0.8130206002,-0.2545194333,0.453749129,0.2613983353
1262,42066666667,1,0,0.06507489811,0.03329948789,-1.101778563,0.8242031283,-0.2396496481,0.4448675131,0.2556367447
1263,42100000000,1,0,0.06520271398,0.03330573544,-1.101868897,0.8348060939,-0.2263879766,0.434883065,0.2504475782
1264,42133333333,1,1,0.06566962555,0.03310176943,-1.101985764,0.8458016954,-0.2135920954,0.4230514241,0.2450008193
1265,42166666667,1,0,0.0655036751,0.03329634139,-1.102256885,0.8583086552,-0.1947549858,0.4144671514,0.2315031926
1266,42200000000,1,0,0.06552538818,0.03338534831,-1.102509478,0.8680659543,-0.1863308754,0.4012149945,0.2253194002
1267,42233333333,1,0,0.06606023968,0.03324483208,-1.102729688,0.8757380717,-0.179307774,0.3879919734,0.2244855907
1268,42266666667,1,0,0.06628091555,0.0333276108,-1.103036004,0.8830999837,-0.1703530694,0.3795105085,0.2169931438
1269,42300000000,1,0,0.06654846576,0.03321653122,-1.103290221,0.8880743869,-0.1669280789,0.3724554931,0.2115084051
1270,42333333333,1,1,0.06665214516,0.03304360088,-1.103416768,0.8916632728,-0.1646337115,0.3678263556,0.2062428691
1271,42366666667,1,0,0.0669142182,0.03296651244,-1.10364283,0.8957699429,-0.161755772,0.3608696094,0.2029886811
1272,42400000000,1,0,0.06711202036,0.03281850058,-1.103788685,0.8991826453,-0.1595148294,0.3567000994,0.1969533669
1273,42433333333,1,0,0.067252025,0.03265331133,-1.10391202,0.9028065241,-0.1580190797,0.3522165266,0.1895095485
1274,42466666667,1,0,0.06735582519,0.03246746776,-1.103984996,0.9069317833,-0.1561925389,0.3467804585,0.1811682775
1275,42500000000,1,0,0.0674844501,0.03232743062,-1.104030184,0.9114263932,-0.153939237,0.3395796845,0.1740410268
1276,42533333333,1,1,0.06754293457,0.03220181265,-1.10415653,0.9149429411,-0.1493862514,0.3353011099,0.167738869
1277,42566666667,1,0,0.06755942137,0.0319766211,-1.104152993,0.9179791853,-0.1458610405,0.3318690738,0.1609400202
1278,42600000000,1,0,0.067538109,0.03173562762,-1.104151678,0.9210379254,-0.1408468339,0.3275720967,0.156677474
1279,42633333333,1,0,0.0673848818,0.03153826471,-1.104100927,0.9240922293,-0.1349974613,0.3229762561,0.1533478895
1280,42666666667,1,0,0.06721289067,0.03146506073,-1.10410907,0.9273393332,-0.1298716496,0.3160912623,0.1525169816
1281,42700000000,1,0,0.0671976789,0.03124283528,-1.104122683,0.929025988,-0.1287159689,0.3098573302,0.1559850889
1282,42733333333,1,1,0.067055946,0.0309025938,-1.104065056,0.9299096689,-0.1269078466,0.3057474052,0.160252708
1283,42766666667,1,0,0.06671430568,0.03090774725,-1.104071038,0.9310623796,-0.1245241362,0.3014966955,0.1634513
1284,42800000000,1,0,0.06668386215,0.03067222467,-1.104073126,0.931471143,-0.1287010383,0.2964601324,0.1670596974
1285,42833333333,1,0,0.06638723396,0.03065184449,-1.104066945,0.9312532808,-0.1312473635,0.2954310566,0.1681129006
1286,42866666667,1,0,0.06606246391,0.03057315451,-1.103991382,0.9293515242,-0.1376928428,0.2947388397,0.1745721682
1287,42900000000,1,0,0.06607960972,0.03028538964,-1.10390103,0.9263628357,-0.1432530742,0.2951588375,0.1849640883
1288,42933333333,1,0,0.06580682555,0.03024033594,-1.103881987,0.9233028395,-0.1442869428,0.2992865023,0.192667419
1289,42966666667,1,1,0.06543794181,0.03031488088,-1.103898393,0.9208865443,-0.1478809482,0.3010800674,0.1986202172
1290,43000000000,1,0,0.06536478636,0.03017301067,-1.103809635,0.9175792985,-0.1529655177,0.3025120478,0.2076926629
1291,43033333333,1,0,0.06511613227,0.03024784769,-1.103810166,0.9136919568,-0.153182106,0.3069509213,0.2179068205
1292,43066666667,1,0,0.06486189579,0.03037850528,-1.103804431,0.9079643841,-0.1581756855,0.3131127366,0.2292194231
1293,43100000000,1,0,0.06480215071,0.03030964268,-1.103709085,0.9010844975,-0.1634615891,0.3214254893,0.2408582407
1294,43133333333,1,0,0.06451526962,0.03048095597,-1.103731952,0.8941553644,-0.1665800837,0.3327569144,0.2490182642
1295,43166666667,1,1,0.0643294797,0.03036194377,-1.103703036,0.884777697,-0.1773429528,0.3450851366,0.2581359186
1296,43200000000,1,0,0.06426352377,0.03031742145,-1.103586934,0.8764043183,-0.1853789106,0.358643469,0.2625356975
1297,43233333333,1,0,0.06396824452,0.03031055356,-1.103549738,0.8683183428,-0.1918950463,0.3750490319,0.2617971932
1298,43266666667,1,0,0.06359011214,0.03010825845,-1.103411736,0.858705548,-0.2042338914,0.3909569945,0.2608944765
1299,43300000000,1,0,0.06340386986,0.02985895839,-1.103182441,0.8500892212,-0.2156829339,0.4034707208,0.2608458653
1300,43333333333,1,0,0.06324906237,0.02971050587,-1.10310395,0.8428180859,-0.2232833545,0.4149817577,0.2599853042
1301,43366666667,1,1,0.0630251585,0.02964154277,-1.102806711,0.8353742713,-0.2305166303,0.4283919959,0.2559144542
1302,43400000000,1,0,0.06275950655,0.02928570925,-1.102637157,0.8271092579,-0.23701668,0.4409387689,0.2555119784
1303,43433333333,1,0,0.06256407301,0.0288954226,-1.102459468,0.8199144161,-0.2411605655,0.4522244309,0.2550980125
1304,43466666667,1,0,0.0622945913,0.02842342293,-1.102174714,0.8138764649,-0.2437625172,0.463271721,0.2521195106
1305,43500000000,1,0,0.06192332845,0.0279906463,-1.101905274,0.8097523582,-0.2423707908,0.4729499878,0.2487485221
1306,43533333333,1,0,0.06143818208,0.02768763821,-1.101725072,0.8063281873,-0.2390859695,0.4815634469,0.2465145027
1307,43566666667,1,1,0.06097894726,0.02761186812,-1.101075052,0.8027465997,-0.2392711078,0.4895604477,0.2422350133
1308,43600000000,1,0,0.06058585027,0.02720237392,-1.100693795,0.798799068,-0.2412609831,0.494753698,0.2427590683
1309,43633333333,1,0,0.06030772883,0.02676053508,-1.100350732,0.7967914057,-0.2441440866,0.4975405681,0.2407706456
1310,43666666667,1,0,0.05980254686,0.02651952126,-1.100074054,0.7945907968,-0.2451577487,0.5023278635,0.2370440073
1311,43700000000,1,0,0.05932236827,0.02619972279,-1.09961637,0.7892119083,-0.2482869233,0.5082887039,0.2390413375
1312,43733333333,1,0,0.05896781328,0.02584866415,-1.099123767,0.7830888056,-0.2504695003,0.5141312961,0.2443480354
1313,43766666667,1,1,0.05858958065,0.02587954604,-1.098898706,0.7796222339,-0.248967007,0.5183266288,0.248076818
1314,43800000000,1,0,0.0581925753,0.02561649301,-1.098429942,0.7714568371,-0.2524357523,0.525480384,0.2549527513
1315,43833333333,1,0,0.05816299856,0.02496319358,-1.097755084,0.762935034,-0.2541369834,0.5326383081,0.2638957374
1316,43866666667,1,0,0.05797590633,0.02447101435,-1.097334448,0.7598834224,-0.2492022467,0.5392962911,0.2638843213
1317,43900000000,1,0,0.05731421346,0.02432073983,-1.09671868,0.7581029323,-0.2424847068,0.5475478687,0.2582100743
1318,43933333333,1,0,0.05678350124,0.02419920912,-1.096168755,0.7584725371,-0.2382818182,0.5500399141,0.2557289159
1319,43966666667,1,1,0.05660185172,0.02421720627,-1.095874533,0.7608124387,-0.2364935181,0.548497149,0.253744215
1320,44000000000,1,0,0.05637999965,0.02395059545,-1.095326393,0.7617011172,-0.2360715629,0.5489459404,0.2504794998
1321,44033333333,1,0,0.05603064518,0.02380234115,-1.095049769,0.7627666926,-0.232860626,0.5496568679,0.2486769571
1322,44066666667,1,0,0.05578015305,0.02364062689,-1.094644751,0.7605777949,-0.2327884744,0.5524330862,0.2492962682
1323,44100000000,1,0,0.05563558996,0.02340213821,-1.0943449,0.7591894383,-0.2323137925,0.5550018963,0.2482631541
1324,44133333333,1,0,0.05522913824,0.02348200538,-1.094106768,0.7554179445,-0.2296532848,0.5608632231,0.2490693535
1325,44166666667,1,0,0.05511770905,0.02322989607,-1.09357063,0.7494604691,-0.2315932152,0.5662525534,0.2530447269
1326,44200000000,1,0,0.0548799644,0.02318304792,-1.093416211,0.7475730005,-0.2313181054,0.5688793021,0.2529879101
1327,44233333333,1,0,0.05467437582,0.02314197353,-1.093078075,0.7434590794,-0.2338622053,0.5732110534,0.2529943762
1328,44266666667,1,1,0.05444898929,0.02309259579,-1.092628043,0.7397406313,-0.2359430683,0.5770741566,0.2531799452
1329,44300000000,1,0,0.05414391072,0.02322586417,-1.092413004,0.7370745345,-0.23817427,0.5795298165,0.253257457
1330,44333333333,1,0,0.05401834236,0.02325745556,-1.091984128,0.7327192269,-0.2429741113,0.5816850153,0.2563760105
1331,44366666667,1,0,0.05384233787,0.02335332091,-1.091715425,0.7310231217,-0.2461770943,0.5815333073,0.2584976717
1332,44400000000,1,0,0.05366000042,0.02352552682,-1.091456444,0.7287281749,-0.2502003858,0.581331454,0.2615506731
1333,44433333333,1,0,0.05363666038,0.02357534337,-1.091140344,0.7266760612,-0.255294508,0.5797030795,0.2659153171
1334,44466666667,1,0,0.0536003885,0.02359800438,-1.091009696,0.7267841374,-0.2606780319,0.5768272909,0.266649691
1335,44500000000,1,0,0.05352537389,0.02368127854,-1.090837789,0.7250842706,-0.2657608506,0.5761534818,0.2677146544
1336,44533333333,1,0,0.05357707079,0.02369687409,-1.090617684,0.7227169767,-0.2699329878,0.5756970867,0.2709044447
1337,44566666667,1,0,0.05354367524,0.02374743577,-1.090584661,0.7211642621,-0.2712738694,0.5759421396,0.2731725583
1338,44600000000,1,0,0.05353959424,0.02380733722,-1.090475869,0.7175333885,-0.2733865601,0.5775180609,0.2772697504
1339,44633333333,1,0,0.053586596,0.02381875002,-1.090401897,0.7141039522,-0.2738871809,0.579463422,0.281537742
1340,44666666667,1,1,0.05361019882,0.02384960328,-1.090332976,0.710339094,-0.2743064578,0.5816285025,0.2861514002
1341,44700000000,1,0,0.05365000339,0.02382888596,-1.090216207,0.7077514711,-0.2754086638,0.5830558892,0.2885892463
1342,44733333333,1,0,0.05358797539,0.02389162789,-1.090223002,0.7069548501,-0.2756951226,0.583389126,0.289593106
1343,44766666667,1,0,0.0536389506,0.02387178563,-1.090127499,0.7046455316,-0.2765795474,0.584144314,0.2928375815
1344,44800000000,1,0,0.05373189176,0.02376918104,-1.090111832,0.70450744,-0.2764409798,0.5839442466,0.2936984313
1345,44833333333,1,0,0.05365195355,0.02381343257,-1.090170306,0.7047344374,-0.2755519315,0.5846081164,0.2926668004
1346,44866666667,1,0,0.0536198378,0.02382475707,-1.090103749,0.7037224361,-0.2741131272,0.5859032231,0.2938607486
1347,44900000000,1,0,0.05359163945,0.02382468217,-1.090123849,0.703857633,-0.2731177737,0.585527729,0.2952090662
1348,44933333333,1,0,0.05362995665,0.02378150377,-1.090176582,0.7035436053,-0.2728786698,0.5854879488,0.2962557828
1349,44966666667,1,0,0.05362487766,0.02376586177,-1.090159023,0.7027803315,-0.2714471669,0.5867222588,0.2969397789
1350,45000000000,1,0,0.05360518631,0.023750513,-1.090203644,0.7025861652,-0.2698755407,0.5871954852,0.297894839
1351,45033333333,1,0,0.0536074535,0.02371403569,-1.090233062,0.7019299377,-0.2681616904,0.5881953519,0.2990148799
1352,45066666667,1,0,0.05355972162,0.02370867847,-1.090231147,0.7014475999,-0.2670625738,0.5891450887,0.2992606067
1353,45100000000,1,0,0.05358273614,0.02366185613,-1.090253288,0.701300952,-0.265711375,0.589602417,0.2999057015
1354,45133333333,1,0,0.05346110295,0.02371526282,-1.090305975,0.7010882311,-0.263366358,0.5904562388,0.3007904317
1355,45166666667,1,0,0.05349545847,0.02363712111,-1.090261687,0.7004636133,-0.263531194,0.5903901793,0.3022275176
1356,45200000000,1,0,0.05350362702,0.02357929926,-1.090302664,0.7012724977,-0.262370033,0.5897711831,0.3025703246
1357,45233333333,1,0,0.05346076878,0.02355442678,-1.090425635,0.7014844262,-0.260955343,0.5902160038,0.3024350799
1358,45266666667,1,0,0.05345731832,0.02350306827,-1.090413506,0.7002388895,-0.2605581177,0.5919548842,0.3022654132
1359,45300000000,1,0,0.05344592136,0.02346877133,-1.090392508,0.6999514951,-0.2589430956,0.5931498398,0.301976233
1360,45333333333,1,1,0.05338134535,0.02346185744,-1.090494641,0.6999433835,-0.2567591489,0.5943349917,0.301529297
1361,45366666667,1,0,0.05333946232,0.02346504886,-1.090485138,0.6985910267,-0.2568683613,0.5959109958,0.3014619501
