frame_index,timestamp_ns,segment,keyframe,cx,cy,cz,qw,qx,qy,qz
0,0,0,1,0,0,0,1,0,0,0
27,900000000,0,1,-0.02889291528,0.002454080351,-0.008141472197,0.9999124851,0.005451027398,0.0110251191,0.004873921916
28,933333333,0,0,-0.02944564512,0.003965956618,-0.009668336172,0.9999177966,0.004756550373,0.01083987327,0.004926708708
29,966666667,0,0,-0.03256096648,0.002430839626,-0.008805184818,0.999908919,0.003890967432,0.01222062324,0.004203617821
30,1000000000,0,0,-0.03425946448,0.004840909734,-0.01073907262,0.9998975555,0.004372764268,0.01262673952,0.005130593144
31,1033333333,0,0,-0.03683894856,0.005212824803,-0.01072899408,0.9998976079,0.003202926659,0.01296977954,0.005128338092
32,1066666667,0,0,-0.03849835977,0.005787219631,-0.01241425753,0.9999014124,0.002101935767,0.01302004721,0.004819300156
33,1100000000,0,0,-0.03998235751,0.006504841795,-0.0125393,0.9999007763,0.0004681010182,0.01329626779,0.004629011047
34,1133333333,0,0,-0.04494387402,0.005389179043,-0.01081572373,0.9998876274,-0.0001591198679,0.01454708494,0.003617938157
35,1166666667,0,0,-0.04445103235,0.008631344291,-0.01416830403,0.9999136775,0.0007554858093,0.01241440108,0.004236679871
36,1200000000,0,0,-0.04518769484,0.009223982956,-0.01367259591,0.9999269702,-0.002104268284,0.01108948304,0.004318518497
37,1233333333,0,0,-0.04835363635,0.007650958574,-0.01260254142,0.99991636,-0.003765176115,0.01166036859,0.004139123473
38,1266666667,0,0,-0.04985249891,0.007616546341,-0.0124404951,0.999919538,-0.003691010086,0.01162063529,0.003500689253
39,1300000000,0,0,-0.05212577666,0.006905701052,-0.01188894248,0.9999254042,-0.003163817615,0.01163992124,0.001920554895
40,1333333333,0,0,-0.05354356849,0.006658491962,-0.01185932291,0.9999365875,-0.001768523654,0.01109164377,0.0008177811604
41,1366666667,0,0,-0.05452144864,0.008172417509,-0.01353440158,0.9999463256,-0.0004245696218,0.01035189137,-6.27096049e-05
42,1400000000,0,1,-0.06656785963,0.006597393705,-0.009465420634,0.9998953661,0.0005724021492,0.01443140905,-0.0008145914123
43,1433333333,0,0,-0.06499331034,0.008826089987,-0.01328881081,0.9999236787,0.004618759905,0.01144476876,0.0005666776309
44,1466666667,0,0,-0.06210270167,0.009562369119,-0.01693204928,0.9999483808,0.003515144426,0.009420197468,0.001462662442
45,1500000000,0,0,-0.06383211459,0.006716077706,-0.01501727816,0.9999290719,0.0008976720957,0.01184167562,0.0009056263149
46,1533333333,0,0,-0.06529627486,0.005151789668,-0.0146080028,0.9998978158,0.001415662808,0.01422457312,-0.0001239415852
47,1566666667,0,0,-0.0662993661,0.006006154649,-0.01488752587,0.9998616162,0.002224806923,0.01646500505,-0.000838060103
48,1600000000,0,0,-0.07150217994,0.004922890093,-0.01213976943,0.999798773,0.003695181969,0.01966747779,0.001396229685
49,1633333333,0,0,-0.07465375507,0.00580595312,-0.0118015498,0.9997738136,0.007021163961,0.01939469323,0.005183706951
50,1666666667,0,0,-0.07415969593,0.005497493401,-0.0134782602,0.9997950811,0.009066297309,0.01664759349,0.007103213617
51,1700000000,0,0,-0.07272912961,0.0032771307,-0.01530359322,0.9998016191,0.00897799446,0.01603201513,0.007687167117
52,1733333333,0,0,-0.07211670706,0.001989027503,-0.01659694263,0.9997553643,0.009063600551,0.01833452348,0.008420686042
53,1766666667,0,0,-0.07209764745,0.004043408881,-0.01798391523,0.9997009121,0.009710977029,0.02056781465,0.008985999329
54,1800000000,0,0,-0.07567593191,0.00374547717,-0.01639228856,0.9996502038,0.008268078533,0.02325114477,0.009512795006
55,1833333333,0,0,-0.07484133488,0.004913234515,-0.01751603869,0.9996313526,0.007233040671,0.02387777506,0.01070952185
56,1866666667,0,0,-0.07632161122,0.003217993831,-0.01594447264,0.9995658068,0.003844672473,0.0266068558,0.01206198779
57,1900000000,0,0,-0.07957414961,0.002376876424,-0.01477132327,0.999476296,0.00279056269,0.0299365319,0.01196455113
58,1933333333,0,0,-0.08065129369,0.003261445732,-0.01481870103,0.9994019382,0.001991661258,0.03220736665,0.0124291851
59,1966666667,0,0,-0.08126308672,0.001768254402,-0.01488389252,0.9993120407,-0.0001314119595,0.0348887434,0.01257790449
60,2000000000,0,1,-0.09392921991,0.002778242762,-0.01254620394,0.9989666135,-0.0003369587692,0.04343374338,0.01338288127
61,2033333333,0,0,-0.09822271681,0.002579437058,-0.01131916395,0.9988099993,0.0001309640441,0.04648511622,0.01475473026
62,2066666667,0,0,-0.1015246708,0.00296952589,-0.01097327601,0.9986887655,0.0005108565629,0.04849580458,0.01639041171
63,2100000000,0,0,-0.1064839278,0.001549965138,-0.008892660982,0.9985720356,0.001112389375,0.0507588717,0.01661894111
64,2133333333,0,0,-0.1114819547,0.001409389264,-0.00766207772,0.9984702263,0.003766268115,0.05218083446,0.01789365784
65,2166666667,0,0,-0.1150493162,0.003982671716,-0.009027238834,0.9984611494,0.006558971317,0.05132900979,0.0199410568
66,2200000000,0,0,-0.1184870192,0.006014921929,-0.009997731078,0.9985282291,0.006428853891,0.04905089171,0.02222736021
67,2233333333,0,0,-0.1210131307,0.003511318695,-0.01055956153,0.9986241764,0.003820155858,0.04743665214,0.02202100732
68,2266666667,0,0,-0.1231852427,0.003016540644,-0.01137028996,0.9986143711,0.00256110933,0.04827939674,0.02078168417
69,2300000000,0,0,-0.1294397695,0.00462938274,-0.01018207891,0.9984865441,0.001980306732,0.05083796209,0.0208854299
70,2333333333,0,1,-0.1422246182,0.0034948469,-0.01030271776,0.9982750509,0.0002490438233,0.05469549282,0.02133691142
71,2366666667,0,0,-0.1458748028,0.002209810197,-0.009260686031,0.998267746,-0.001226993293,0.05448383137,0.02217011417
72,2400000000,0,0,-0.1510068521,0.000540673784,-0.007742872121,0.998221923,-0.001229060041,0.05494097178,0.02308617382
73,2433333333,0,0,-0.1562733581,0.0007492208092,-0.008353420066,0.9982189357,0.0001864486985,0.05445513092,0.02436309601
74,2466666667,0,0,-0.1596946777,0.001790014812,-0.009051887256,0.9982792586,0.000719420841,0.05275598534,0.0255892614
75,2500000000,0,0,-0.1620136391,0.001789813725,-0.01046585356,0.9983170981,-0.0001242249727,0.05167600508,0.02631628297
76,2533333333,0,0,-0.1647048956,0.002778346129,-0.01164539888,0.9983055624,-0.001987756689,0.05217246562,0.02569215408
77,2566666667,0,0,-0.1677746908,0.001417760711,-0.01056490521,0.9982316918,-0.005059166445,0.05387128428,0.02461257978
78,2600000000,0,0,-0.171986176,-0.001078538843,-0.009774978163,0.9980842012,-0.007324435546,0.05678698638,0.02344180454
79,2633333333,0,0,-0.1780781335,-0.00200239821,-0.006820512705,0.9978742104,-0.007339776792,0.06060667987,0.02280390809
80,2666666667,0,1,-0.1864722292,0.0004327012469,-0.006460700115,0.9976977934,-0.004918806957,0.06295764944,0.02472352444
81,2700000000,0,0,-0.1907075879,0.001738302781,-0.007222065855,0.9976914402,-0.005485167843,0.06169820383,0.02783944641
82,2733333333,0,0,-0.192787753,-0.002930653243,-0.006178079445,0.9977551209,-0.008002228731,0.06097940318,0.02649896917
83,2766666667,0,0,-0.1958507416,-0.005486719931,-0.008617197957,0.9976825353,-0.007607754681,0.06351176193,0.023193467
84,2800000000,0,0,-0.20050624,-0.003129095444,-0.009599666401,0.9974385321,-0.006160483113,0.06769746332,0.02225930231
85,2833333333,0,0,-0.2086566419,-0.002786201027,-0.007618719805,0.9971634013,-0.006337536082,0.07149828536,0.02264910601
86,2866666667,0,0,-0.2140161218,-0.004530898294,-0.006875039595,0.997087224,-0.006016119811,0.07243996621,0.0230938377
87,2900000000,0,0,-0.2186141393,-0.004220589403,-0.008705193913,0.9970136652,-0.004458539233,0.07352655669,0.02318875242
88,2933333333,0,0,-0.2246811432,-0.005816018003,-0.008175219146,0.9968457322,-0.003043604289,0.07586596294,0.02310147996
89,2966666667,0,0,-0.2311882909,-0.003497849962,-0.009937331305,0.9967153763,0.0008968652415,0.07690787186,0.0253541636
90,3000000000,0,1,-0.2364679406,-0.001870667495,-0.01066546921,0.9966991998,0.002613585038,0.0763817766,0.02738062342
91,3033333333,0,0,-0.2422383999,-0.002362671327,-0.01137508658,0.9966570639,0.003495150791,0.07645831876,0.02857632506
92,3066666667,0,0,-0.2481567219,-0.004266195203,-0.01200412839,0.9965484565,0.004339410495,0.07810617717,0.02778071999
93,3100000000,0,0,-0.255838232,-0.00275897296,-0.01156293801,0.9963569461,0.008756502106,0.07998030139,0.02827208893
94,3133333333,0,0,-0.2626583146,0.0008012046856,-0.01467494818,0.9963117641,0.01135909618,0.07891773464,0.03171483709
95,3166666667,0,0,-0.2691357684,0.0006076191571,-0.0132670911,0.9963569106,0.01172455947,0.077188469,0.03431299542
96,3200000000,0,0,-0.2727546948,0.001494225852,-0.01758466059,0.9964716637,0.01174829279,0.07531129399,0.03513417256
97,3233333333,0,0,-0.2771324809,0.0005207965552,-0.01855410313,0.9964307478,0.009578763396,0.07671282558,0.03389918079
98,3266666667,0,1,-0.2831890531,0.00282630326,-0.01736741673,0.9962413762,0.009516812191,0.07924092802,0.03366639103
99,3300000000,0,0,-0.2878587675,0.004191858617,-0.01774217015,0.996085394,0.008430729345,0.08138180186,0.0334636058
100,3333333333,0,0,-0.2936567443,0.006037525203,-0.01912965834,0.995896202,0.006333547232,0.08421981532,0.03252174212
101,3366666667,0,0,-0.3001064465,0.007566468892,-0.01612726166,0.9956846961,0.002690847586,0.08728723873,0.0313955932
102,3400000000,0,0,-0.3059641383,0.007648236853,-0.01338198526,0.9955656101,0.001907887741,0.08907386698,0.03018811257
103,3433333333,0,0,-0.3099575068,0.01158035573,-0.01818289339,0.9956119005,0.000884907474,0.08893661317,0.02909363176
104,3466666667,0,1,-0.3172786583,0.01100075262,-0.01163730526,0.9954040339,-0.003849421717,0.09152593859,0.02791045961
105,3500000000,0,0,-0.3247231464,0.01125608641,-0.008719681089,0.9953823365,-0.004800287615,0.09142775664,0.02884314072
106,3533333333,0,0,-0.3288730089,0.01356360635,-0.008782120352,0.9954987409,-0.006132661438,0.08982037032,0.02961331392
107,3566666667,0,0,-0.3325720534,0.0135714084,-0.006510720937,0.9954974619,-0.008770561642,0.08970741894,0.02933359282
108,3600000000,0,0,-0.3380806378,0.01474711663,-0.002650489627,0.9954468487,-0.01002724324,0.09004228827,0.02962114468
109,3633333333,0,0,-0.3438403208,0.01610394887,-0.000629864391,0.995474566,-0.01089876463,0.0890280007,0.03139459277
110,3666666667,0,1,-0.3475147248,0.01482755765,0.002593828722,0.9955622621,-0.0138536536,0.08703737177,0.03299021758
111,3700000000,0,0,-0.3520911526,0.01356113839,0.007813498281,0.9954775358,-0.01571238225,0.08740419939,0.03373577708
112,3733333333,0,0,-0.356601162,0.01276121801,0.01109171046,0.9954355095,-0.01573673587,0.08800694023,0.03339580998
113,3766666667,0,0,-0.3610879344,0.01196762858,0.01489729051,0.9953569384,-0.01669558707,0.08898100331,0.03268338456
114,3800000000,0,0,-0.3639707046,0.01074051257,0.01659512226,0.9951983911,-0.01730686207,0.09056068182,0.0328541897
115,3833333333,0,0,-0.3678734942,0.01056722422,0.02202918605,0.9948546261,-0.01864693662,0.09373931355,0.03360812087
116,3866666667,0,0,-0.3742058948,0.00946460518,0.03184934646,0.9947333829,-0.01744404247,0.09544821935,0.03302786234
117,3900000000,0,0,-0.3788016474,0.007322891367,0.03442798546,0.9948213546,-0.01521631866,0.09450532297,0.03417133281
118,3933333333,0,0,-0.3822320081,0.006720820459,0.03763909388,0.9948090705,-0.01443113061,0.09435285877,0.03527313007
119,3966666667,0,1,-0.3833647416,0.005711255677,0.04653082925,0.9949108371,-0.01266136308,0.09345440299,0.03547380178
120,4000000000,0,0,-0.3855285759,0.003605984365,0.0493544354,0.9950894296,-0.01011447345,0.09202359515,0.03501974324
121,4033333333,0,0,-0.3885069223,0.001804773961,0.05261546461,0.9950349872,-0.009768586691,0.09234335274,0.03581416051
122,4066666667,0,0,-0.3928475321,-9.13997274e-05,0.06070809877,0.9948351349,-0.008825315282,0.09380219181,0.03776661337
123,4100000000,0,0,-0.3961121912,-0.003110044829,0.06724063556,0.9947434895,-0.00630530377,0.09445360371,0.03904036404
124,4133333333,0,0,-0.3991716931,-0.004293380655,0.06988458295,0.9946583484,-0.003946359564,0.09474176029,0.04078228972
125,4166666667,0,0,-0.4019412607,-0.004696799461,0.07366310336,0.9945697441,-0.003337532562,0.09428078811,0.04394334877
126,4200000000,0,1,-0.4047494872,-0.005748990728,0.07993069735,0.9945096711,-0.003821353756,0.09290120028,0.04801331337
127,4233333333,0,0,-0.405875134,-0.007500199206,0.08403365846,0.9945911317,-0.004892072126,0.09063480192,0.05049634724
128,4266666667,0,0,-0.4066878629,-0.01180413443,0.08677983798,0.9945406655,-0.008536165854,0.09040570351,0.05140824188
129,4300000000,0,0,-0.4078632656,-0.01516102707,0.09228013011,0.9942233841,-0.01196405042,0.09339122966,0.05152477227
130,4333333333,0,0,-0.4107761664,-0.01718118945,0.09880300391,0.9938230968,-0.01263939134,0.09759610036,0.05129229219
131,4366666667,0,0,-0.4120611395,-0.01938804736,0.1035258943,0.9934636818,-0.01385699667,0.1002030103,0.05288906695
132,4400000000,0,0,-0.4138209692,-0.02340506846,0.1083354308,0.993075285,-0.01530542877,0.1029986244,0.05439214577
133,4433333333,0,0,-0.4155714833,-0.02570754723,0.1142755763,0.9926614392,-0.01542461392,0.1064711993,0.05521985242
134,4466666667,0,1,-0.4182587168,-0.0269302568,0.1219742824,0.9922744736,-0.01319375987,0.1098822904,0.05606403461
135,4500000000,0,0,-0.4187056065,-0.02951390338,0.1236444064,0.9920052366,-0.0129843776,0.1120499129,0.05658474642
136,4533333333,0,0,-0.4205574002,-0.03269684088,0.1295098591,0.9915727908,-0.01369523681,0.1157225039,0.05660515044
137,4566666667,0,0,-0.42246288,-0.03478048865,0.1350095738,0.9912255337,-0.01164043926,0.1189421221,0.05647311812
138,4600000000,0,0,-0.4239234661,-0.03516401512,0.1369131114,0.9910474118,-0.01000301961,0.1203604425,0.05690633635
139,4633333333,0,0,-0.4252661521,-0.03746516555,0.1403937599,0.9908777497,-0.01144574142,0.1216156418,0.05692025767
140,4666666667,0,0,-0.4274665196,-0.04016865177,0.1471135607,0.9904024868,-0.0120590808,0.1251291378,0.05744729416
141,4700000000,0,0,-0.4297418026,-0.04237636248,0.1520326523,0.9900512683,-0.01106323057,0.127925521,0.05754261155
142,4733333333,0,1,-0.4313514046,-0.04273238471,0.1555476062,0.9898047765,-0.009880987306,0.1293261448,0.05885251675
143,4766666667,0,0,-0.4325084755,-0.04571273277,0.1597055006,0.9895520931,-0.01118848217,0.1309107851,0.05936193439
144,4800000000,0,0,-0.434303407,-0.04787420329,0.1653222651,0.9890588802,-0.0117142859,0.1341607076,0.0602180341
145,4833333333,0,0,-0.4368448887,-0.05015388563,0.172924651,0.9884923335,-0.01082546037,0.1379581631,0.0611004199
146,4866666667,0,0,-0.4387033587,-0.05144557276,0.1772108284,0.9881430592,-0.008695348419,0.1398674947,0.06272774019
147,4900000000,0,0,-0.4408184554,-0.05401789312,0.1836486287,0.987645455,-0.006927204156,0.1425986553,0.06460721749
148,4933333333,0,0,-0.4426267211,-0.05638046918,0.1885452338,0.9871572745,-0.004516351166,0.1449608654,0.06698108294
149,4966666667,0,1,-0.445505561,-0.05846917135,0.1947969342,0.9866791139,-0.0007427505618,0.1468534992,0.06998445761
150,5000000000,0,0,-0.4473053443,-0.06150801312,0.1978390771,0.9863357358,0.002303403853,0.1479259253,0.07248745609
151,5033333333,0,0,-0.4496595858,-0.06425467635,0.2035541206,0.9857754985,0.005064443172,0.1507610052,0.07410895521
152,5066666667,0,0,-0.4528867982,-0.06605804797,0.2111599063,0.9850023045,0.0122823668,0.1540060289,0.07682282703
153,5100000000,0,0,-0.4551220627,-0.06741350345,0.2111400163,0.9845196443,0.01932823236,0.1545177625,0.08044719063
154,5133333333,0,0,-0.4566923121,-0.07026010553,0.210131112,0.9843060906,0.01803392199,0.1542114628,0.0838756362
155,5166666667,0,1,-0.4596811837,-0.07424853522,0.2157578451,0.9835751538,0.01480421521,0.1576617195,0.0866229432
156,5200000000,0,0,-0.4611967879,-0.07815549371,0.2214874741,0.9828600925,0.01351798099,0.1627022669,0.08562286565
157,5233333333,0,0,-0.4631988581,-0.07879664395,0.2258062582,0.9820196397,0.01526392039,0.1673605564,0.08599351228
158,5266666667,0,0,-0.4649122355,-0.0794560646,0.2292362673,0.9813836548,0.01668440586,0.1696706934,0.08842855005
159,5300000000,0,0,-0.4659570673,-0.08113113373,0.233380957,0.9809223191,0.01645579551,0.1707699797,0.09142332726
160,5333333333,0,0,-0.4672484532,-0.08398525385,0.2377609642,0.9805764498,0.0161799865,0.1721169576,0.09264872889
161,5366666667,0,1,-0.470552017,-0.08937307673,0.2407947235,0.9799376645,0.01328332092,0.1760176847,0.0925391905
162,5400000000,0,0,-0.4719976515,-0.09197477388,0.2451340268,0.979076504,0.01066025008,0.1805906891,0.09318026308
163,5433333333,0,0,-0.4727585319,-0.09291967331,0.2525789347,0.9782149837,0.01113695588,0.1848360813,0.09384581418
164,5466666667,0,0,-0.4740926193,-0.09483742847,0.2566303588,0.9775684934,0.01336603596,0.1877097541,0.0945845551
165,5500000000,0,0,-0.4752531984,-0.09716493189,0.2605332171,0.9768565559,0.01468706188,0.1903048697,0.09653815841
166,5533333333,0,0,-0.4762547937,-0.0997336388,0.2657681641,0.9760587561,0.01609120775,0.193625636,0.09777264813
167,5566666667,0,1,-0.4773102325,-0.1053707401,0.270690581,0.9752451622,0.01657800046,0.197235663,0.09859075349
168,5600000000,0,0,-0.477773894,-0.106995946,0.2739534807,0.9744186096,0.01917343705,0.1999997236,0.1007018529
169,5633333333,0,0,-0.4783267435,-0.1092250497,0.278126926,0.9736551067,0.01935031288,0.2027190525,0.1025976825
170,5666666667,0,0,-0.4789633686,-0.1114210012,0.2831187859,0.9728749891,0.01933489195,0.2057333894,0.1039912981
171,5700000000,0,0,-0.4793924412,-0.1138568366,0.2873127232,0.9721009193,0.01840150631,0.2090318931,0.1048181996
172,5733333333,0,0,-0.4797321302,-0.1152412255,0.2941176085,0.9712786207,0.01842964642,0.2120485775,0.1063653599
173,5766666667,0,0,-0.4803711069,-0.118152294,0.2990686562,0.9707013257,0.01884955158,0.2140405242,0.1075652577
174,5800000000,0,1,-0.4834489692,-0.1221371636,0.3043556714,0.9698333266,0.01735524977,0.2174747048,0.1087513989
175,5833333333,0,0,-0.4835617731,-0.1246726867,0.310547276,0.9690968288,0.01583550225,0.2208128518,0.1088221379
176,5866666667,0,0,-0.4840623916,-0.1273087509,0.3175019754,0.9681263325,0.01705171402,0.2245710673,0.1095832062
177,5900000000,0,0,-0.4843919592,-0.1276590874,0.3204858389,0.9674430574,0.01923265869,0.2259484163,0.1123892733
178,5933333333,0,0,-0.4850855817,-0.1291454671,0.3261555481,0.9666570135,0.01992741604,0.2269863577,0.1168516572
179,5966666667,0,0,-0.4852827164,-0.1318614013,0.3305460141,0.9660019924,0.02014796891,0.2270421179,0.1220085517
180,6000000000,0,0,-0.4856846913,-0.1344802558,0.3336563173,0.9655652514,0.01865542911,0.2269817322,0.1257577574
181,6033333333,0,1,-0.4893378436,-0.1385774318,0.3401470826,0.9642918373,0.01441761845,0.2312660153,0.1282552728
182,6066666667,0,0,-0.4898416739,-0.1410289808,0.3470727145,0.9632215289,0.01214363574,0.2348073688,0.1300858099
183,6100000000,0,0,-0.4901532536,-0.1414754123,0.3514328247,0.9626287778,0.01253050687,0.2359949098,0.1322695169
184,6133333333,0,0,-0.4904436971,-0.1412621583,0.3544643939,0.9623472037,0.01212130694,0.2352813597,0.1355861914
185,6166666667,0,0,-0.4914289692,-0.1431048143,0.359443322,0.9616864113,0.01025459461,0.2360424119,0.139061387
186,6200000000,0,0,-0.4918681096,-0.146425737,0.3647545374,0.9610477838,0.007585497866,0.2379330902,0.1404188803
187,6233333333,0,0,-0.4925446293,-0.1480135657,0.3704542747,0.9602006579,0.006617003039,0.2406947583,0.141551917
188,6266666667,0,0,-0.4931075259,-0.1490441205,0.374144431,0.9594008571,0.006823880597,0.2424406339,0.143965166
189,6300000000,0,1,-0.4942830681,-0.1538960112,0.3787772068,0.958740119,0.002772229527,0.2439673437,0.1459096784
190,6333333333,0,0,-0.495165469,-0.1564453584,0.3838235373,0.9581006113,0.0003813654855,0.2455502839,0.1474724761
191,6366666667,0,0,-0.4952819877,-0.1594839317,0.3887444659,0.9573034256,-0.001570978081,0.2490362687,0.1467944831
192,6400000000,0,0,-0.4958381886,-0.1620535102,0.3913789596,0.9564265072,-0.004018066354,0.2535501063,0.1447222689
193,6433333333,0,0,-0.4966856359,-0.1618674761,0.3968044771,0.9549421732,-0.005056322729,0.2590183559,0.1448080481
194,6466666667,0,0,-0.497363306,-0.161423211,0.4011588107,0.9537839009,-0.004994608604,0.2621550824,0.1467856838
195,6500000000,0,1,-0.4991769813,-0.1673043858,0.4080609941,0.9523754816,-0.009180390476,0.2667523378,0.1474444054
196,6533333333,0,0,-0.4998069045,-0.1705805659,0.412121122,0.9511234761,-0.01144461044,0.2716122224,0.1464921664
197,6566666667,0,0,-0.5006330362,-0.1714211456,0.4162004281,0.949522608,-0.01112467876,0.2779353279,0.1450345198
198,6600000000,0,0,-0.5017470345,-0.1723983742,0.4222860758,0.9480215944,-0.009538390599,0.2842749704,0.1426597941
199,6633333333,0,0,-0.5029842692,-0.174168406,0.4263787215,0.9466222179,-0.006623196479,0.29023722,0.1400887786
200,6666666667,0,0,-0.5048107251,-0.1743618918,0.4291216789,0.9449887073,-0.00371599684,0.2963718263,0.1383700651
201,6700000000,0,1,-0.5084217718,-0.1747604231,0.4365237925,0.9426386981,-0.0002510342104,0.303710796,0.1385351009
202,6733333333,0,0,-0.5102315536,-0.1745394056,0.440827142,0.941264205,0.00578138507,0.3071183763,0.1402375663
203,6766666667,0,0,-0.5123334975,-0.1734180463,0.4391641058,0.9405526982,0.00689310576,0.308009505,0.1429798999
204,6800000000,0,0,-0.5136798033,-0.1762678321,0.4483595299,0.9383110223,0.005211277784,0.3141377807,0.144439339
205,6833333333,0,0,-0.5158644111,-0.1751067727,0.4525948884,0.9363285753,0.01064344883,0.3188342266,0.1466978255
206,6866666667,0,0,-0.5181886958,-0.1728277852,0.4545414282,0.9348870509,0.01411297061,0.3208959936,0.1510390263
207,6900000000,0,0,-0.5199998957,-0.1735273801,0.4597342382,0.9335476278,0.01337133995,0.3234980944,0.1538148785
208,6933333333,0,0,-0.5216503838,-0.1728611712,0.4642794648,0.9325757531,0.01406387283,0.3253266853,0.1557793956
209,6966666667,0,1,-0.5250796056,-0.1726584665,0.4726928553,0.9315037744,0.01514348826,0.3275040379,0.1575198341
210,7000000000,0,0,-0.5269469544,-0.1729174911,0.4760555302,0.9306166629,0.01622432359,0.3280813487,0.1614064025
211,7033333333,0,0,-0.5288214025,-0.1723598411,0.4809122103,0.9297415169,0.017273705,0.3285598395,0.1653201824
212,7066666667,0,0,-0.530669417,-0.1729022158,0.4857526303,0.9290775367,0.01825368579,0.3285709448,0.1688871455
213,7100000000,0,0,-0.5327390605,-0.1738354966,0.4901399457,0.9288535391,0.01795667344,0.3283181393,0.1706337017
214,7133333333,0,0,-0.5350229247,-0.1737304106,0.494817111,0.9282812704,0.02005901124,0.328756278,0.1726581269
215,7166666667,0,0,-0.5369183548,-0.1748869799,0.4999432191,0.9283042029,0.02139864391,0.3282693466,0.1732992814
216,7200000000,0,0,-0.538956143,-0.1774979053,0.5038117887,0.9285767356,0.02187855446,0.3288957874,0.1705700323
217,7233333333,0,1,-0.5415922872,-0.1785087881,0.507180033,0.9286403646,0.02312476028,0.3297950198,0.168307943
218,7266666667,0,0,-0.5432524743,-0.1807827469,0.5120865527,0.9285492799,0.02321855826,0.3316854317,0.1650512275
219,7300000000,0,0,-0.5455519838,-0.1809468166,0.5168381175,0.9284821018,0.02713372672,0.3332427516,0.1616601871
220,7333333333,0,0,-0.5474258151,-0.1827418045,0.5191951591,0.9290459174,0.02832088756,0.3338778703,0.1568348765
221,7366666667,0,0,-0.5491329095,-0.1838273412,0.5229010922,0.9286225078,0.02928308623,0.3366056702,0.1532950154
222,7400000000,0,0,-0.5518012621,-0.181479923,0.525765537,0.9279018151,0.03426793798,0.3379014805,0.1537742483
223,7433333333,0,1,-0.5539687989,-0.1795271443,0.5279853816,0.9279978761,0.03558137162,0.3357839526,0.1574898257
224,7466666667,0,0,-0.5544555774,-0.1825638213,0.5319456744,0.9280083469,0.03120830168,0.3353233026,0.1593261834
225,7500000000,0,0,-0.554928423,-0.1844676614,0.5361405164,0.9273253508,0.02986335509,0.337431134,0.1591103502
226,7533333333,0,0,-0.5566354813,-0.1826818316,0.5382494175,0.9266184631,0.03172613086,0.3387068204,0.1601541954
227,7566666667,0,0,-0.5579243212,-0.1818208019,0.5414126984,0.9260308442,0.03059929217,0.3387192036,0.1637066277
228,7600000000,0,0,-0.5582403234,-0.1835478244,0.5455468207,0.9253776264,0.02826684783,0.3396851211,0.1658048622
229,7633333333,0,0,-0.5596477311,-0.1820326624,0.5491158553,0.924376464,0.03072201624,0.3403249008,0.1695973835
230,7666666667,0,0,-0.5604386785,-0.1832064453,0.5522162093,0.9240602341,0.02968378871,0.3397140848,0.1727017575
231,7700000000,0,0,-0.56106907,-0.1855487641,0.5549546687,0.9235194349,0.02862381222,0.341970249,0.1713151469
232,7733333333,0,0,-0.5633736239,-0.1837707943,0.5560024667,0.9223849153,0.03102360041,0.3445453476,0.1718490842
233,7766666667,0,0,-0.5656466844,-0.1810467363,0.5579694856,0.9212410249,0.03289515708,0.3451673423,0.176330339
234,7800000000,0,0,-0.566982794,-0.1819524212,0.5603583616,0.9213791182,0.0302340984,0.3439843924,0.1783848583
235,7833333333,0,0,-0.5686342412,-0.1834426214,0.561431425,0.9214044799,0.02640519548,0.3447040624,0.177470165
236,7866666667,0,0,-0.5700772345,-0.1840823956,0.5637102971,0.9208397318,0.02289427801,0.3473526238,0.1757162344
237,7900000000,0,1,-0.5709878523,-0.1834152318,0.5664992763,0.9204349447,0.02219940558,0.3487670182,0.1751235735
238,7933333333,0,0,-0.5732229052,-0.183701305,0.5678174675,0.919932639,0.02057014595,0.3501391989,0.1752237148
239,7966666667,0,0,-0.5752687427,-0.18407905,0.5700029094,0.918858089,0.02025141809,0.3518869011,0.1773846137
240,8000000000,0,0,-0.5775555996,-0.1842075899,0.5720173367,0.9178401915,0.02148661056,0.35240202,0.1814401411
241,8033333333,0,0,-0.580071293,-0.1862127923,0.5728547024,0.9173211524,0.0212359529,0.3527263932,0.183453071
242,8066666667,0,0,-0.5831741113,-0.1873783102,0.5722307644,0.9165967619,0.01987752028,0.3539255126,0.1849107673
243,8100000000,0,0,-0.5854986857,-0.189529557,0.57417062,0.9154234883,0.01663381491,0.3570259489,0.1850827519
244,8133333333,0,0,-0.5925655106,-0.1900182911,0.5754154774,0.9132292095,0.01701007875,0.361057515,0.1880439818
245,8166666667,0,0,-0.5959089764,-0.1910597428,0.5767062518,0.9120485529,0.01524890587,0.3627806077,0.1905915492
246,8200000000,0,0,-0.5993110709,-0.1917992516,0.5786316127,0.9109951085,0.01542553544,0.3639006966,0.1934586471
247,8233333333,0,1,-0.6025787077,-0.1923769419,0.5788643947,0.9107035678,0.01439751074,0.3632979452,0.1960263411
248,8266666667,0,0,-0.6055551627,-0.1959502375,0.5813805464,0.9102108106,0.01011629962,0.3649275724,0.195555127
249,8300000000,0,0,-0.6083772884,-0.1981657623,0.5850389048,0.9097965955,0.01084692543,0.3668384874,0.1938608348
250,8333333333,0,0,-0.6133137373,-0.1998799371,0.5851700857,0.9098167538,0.01425836003,0.3663477006,0.1944724553
251,8366666667,0,0,-0.6173324532,-0.2023529458,0.5863802657,0.9095936017,0.01652813601,0.3663112382,0.1954031147
252,8400000000,0,0,-0.6219599683,-0.2035077224,0.5876330481,0.9099025136,0.02035743511,0.3649805891,0.1960922237
253,8433333333,0,1,-0.6258125023,-0.2053365403,0.5883591784,0.910888877,0.02283464664,0.3620636379,0.1966467766
254,8466666667,0,0,-0.6302780703,-0.2086113485,0.5888255383,0.9118431649,0.02240279929,0.3608037764,0.1945784986
255,8500000000,0,0,-0.6351339225,-0.2102059945,0.5895017137,0.9131488206,0.02201132669,0.359548579,0.190786667
256,8533333333,0,0,-0.6401851405,-0.2122364544,0.5897779982,0.9145609186,0.02013332278,0.3581406892,0.186837422
257,8566666667,0,0,-0.6443067348,-0.2155308528,0.5902389368,0.9159513204,0.01524812883,0.3577452034,0.1811602679
258,8600000000,0,0,-0.6476926454,-0.2184960011,0.5917776828,0.9164027369,0.01134089961,0.3594611642,0.1756846013
259,8633333333,0,1,-0.6507184035,-0.2185535317,0.5935616052,0.9167164983,0.01415934814,0.3600198545,0.1726733299
260,8666666667,0,0,-0.6565396908,-0.2200210307,0.5909046518,0.9174200432,0.01356941359,0.3591610265,0.1707620931
261,8700000000,0,0,-0.6595674269,-0.2223154511,0.5920356189,0.9169999529,0.010519654,0.3603620272,0.1707033465
262,8733333333,0,0,-0.6626015763,-0.2229132086,0.5936853997,0.9166818121,0.01233388763,0.360316475,0.1723785612
263,8766666667,0,0,-0.6672796866,-0.2256585039,0.5916297651,0.9171272609,0.0106881865,0.3593492639,0.1721378995
264,8800000000,0,0,-0.669260849,-0.2292469453,0.5931951487,0.9164487031,0.006742945663,0.3618726778,0.170658936
265,8833333333,0,0,-0.6725213371,-0.2310225401,0.5935582977,0.9156399894,0.007714221475,0.3654078252,0.1673948083
266,8866666667,0,0,-0.6778863156,-0.2303361466,0.5922623428,0.9146584015,0.009355506476,0.3678467946,0.167335647
267,8900000000,0,0,-0.6802807804,-0.2316533772,0.5941440047,0.9139811251,0.007653528382,0.3693924374,0.1677174817
268,8933333333,0,0,-0.684246549,-0.2331507056,0.5939730806,0.9133737347,0.006598758678,0.3715639876,0.1662680976
269,8966666667,0,0,-0.6893050728,-0.2332574722,0.5934007239,0.9124611466,0.006258004548,0.3736830039,0.1665428052
270,9000000000,0,1,-0.69217599,-0.2338547783,0.5957601096,0.9114804324,0.005219434395,0.3756565888,0.1675061376
271,9033333333,0,0,-0.6961911062,-0.235166478,0.5964797887,0.9107290136,0.004539565686,0.3770698683,0.1684350633
272,9066666667,0,0,-0.6996870978,-0.2374829196,0.5982925454,0.9099111497,0.0038106587,0.3798634318,0.166586169
273,9100000000,0,0,-0.7061438392,-0.2368029705,0.5970547008,0.9089722241,0.007158865416,0.3817831201,0.1672121276
274,9133333333,0,0,-0.7114901471,-0.2361920971,0.5973981624,0.9084083815,0.01007254109,0.381144561,0.171527199
275,9166666667,0,0,-0.7158935448,-0.2391570697,0.5985966591,0.9086104019,0.009531461325,0.3803298491,0.1722947899
276,9200000000,0,0,-0.7214329467,-0.2414260595,0.5979064001,0.9082471015,0.00862417017,0.3816687386,0.1712944843
277,9233333333,0,0,-0.7264366225,-0.241743438,0.5989237461,0.9073308995,0.00924892076,0.383871788,0.1711944701
278,9266666667,0,1,-0.7316188575,-0.2425092559,0.600570076,0.9071594346,0.01053219728,0.3845500091,0.1705054942
279,9300000000,0,0,-0.7376537713,-0.2442038586,0.5998865145,0.9070635624,0.01028260793,0.384828566,0.1704022786
280,9333333333,0,0,-0.7419381828,-0.245111121,0.6012947446,0.906419112,0.01084386042,0.3859703035,0.1712125254
281,9366666667,0,0,-0.7472435181,-0.2449583929,0.6019332366,0.9063832341,0.01453508448,0.3853205189,0.1725869695
282,9400000000,0,0,-0.7531204438,-0.2462090924,0.6014681909,0.9070041322,0.01669023508,0.3832161304,0.1738112129
283,9433333333,0,0,-0.7591727101,-0.2478447319,0.6005717469,0.9071523868,0.01611278598,0.3822875008,0.1751319275
284,9466666667,0,0,-0.7626270329,-0.24851301,0.6029879917,0.9069693611,0.01764795597,0.3822133998,0.1760910127
285,9500000000,0,0,-0.7693410139,-0.249528776,0.6018122612,0.9075432915,0.01865058856,0.3811093705,0.1754222827
286,9533333333,0,0,-0.7739503251,-0.2508171317,0.6026373882,0.9074947472,0.01674036297,0.381345256,0.175353471
287,9566666667,0,1,-0.7784493476,-0.2509555097,0.6040900353,0.9073863097,0.0175260195,0.3815084431,0.1754828525
288,9600000000,0,0,-0.7846024256,-0.2512367968,0.6035429316,0.9078563459,0.0176898183,0.3803960674,0.1754501565
289,9633333333,0,0,-0.7883589068,-0.2518963648,0.6048036898,0.9075173032,0.01519090938,0.3802157564,0.1778132708
290,9666666667,0,0,-0.7906017749,-0.252966535,0.6075318856,0.9075430554,0.0146868377,0.3801788094,0.1778031841
291,9700000000,0,0,-0.7963211125,-0.2532988294,0.606492136,0.9076172317,0.01444800046,0.3801783984,0.1774446432
292,9733333333,0,0,-0.7999081373,-0.2538160304,0.6074891048,0.9065329664,0.01290708193,0.3813226959,0.1806222293
293,9766666667,0,0,-0.8025463136,-0.2538272441,0.6095989489,0.9058880872,0.01391438183,0.3812343976,0.1839388418
294,9800000000,0,0,-0.8065656619,-0.2553574587,0.6096664736,0.9057696247,0.01300619753,0.3813440007,0.1843610015
295,9833333333,0,1,-0.8109868685,-0.2557109305,0.6102337297,0.9046558861,0.01183112422,0.3835871999,0.1852528336
296,9866666667,0,0,-0.8146202944,-0.2553835407,0.611570757,0.9032590895,0.01246361594,0.3855688692,0.1878944455
297,9900000000,0,0,-0.8187395344,-0.2555175537,0.6121648745,0.9025180775,0.01440921964,0.38549987,0.1914245137
298,9933333333,0,0,-0.82305883,-0.2566318028,0.6117557349,0.901794973,0.01392013679,0.3851389013,0.1955507178
299,9966666667,0,0,-0.8245075381,-0.2580223354,0.6152022258,0.9006675519,0.01314024504,0.3862411259,0.1986028389
300,10000000000,0,0,-0.8275784939,-0.2592250272,0.616017601,0.8997266357,0.01463911104,0.3882879858,0.1987715209
301,10033333333,0,0,-0.8322326822,-0.2593799231,0.61577872,0.8986764115,0.01507133519,0.3898543522,0.2004174305
302,10066666667,0,0,-0.8341966895,-0.260532391,0.6180938225,0.8977039699,0.01377380293,0.3914800836,0.2016958326
303,10100000000,0,1,-0.8367735445,-0.2621033458,0.6199953432,0.8966460715,0.01318585146,0.3938491815,0.2018285857
304,10133333333,0,0,-0.8398768226,-0.2634022318,0.6208346083,0.8956321252,0.0115371101,0.3962603327,0.2017120228
305,10166666667,0,0,-0.841672807,-0.2644439508,0.6234870102,0.8943069831,0.01032442653,0.3991772941,0.2019057058
306,10200000000,0,0,-0.8444874998,-0.2653579856,0.6251861057,0.8933985522,0.0117369067,0.4011591553,0.2019222725
307,10233333333,0,0,-0.8475337097,-0.2670434271,0.6260521249,0.8923727984,0.01174980756,0.4029613203,0.2028667173
308,10266666667,0,0,-0.8493653402,-0.2683103939,0.6285229819,0.8909716055,0.01228503006,0.4050371218,0.2048502042
309,10300000000,0,0,-0.85215801,-0.2698795227,0.6301853699,0.889823048,0.01399241569,0.4064532525,0.2069176385
310,10333333333,0,0,-0.8545760816,-0.2717296416,0.632089068,0.8890176289,0.01369503975,0.4079525021,0.2074484454
311,10366666667,0,0,-0.8568720878,-0.2730816396,0.6347913699,0.8876634522,0.0137569066,0.4104122448,0.2083893772
312,10400000000,0,1,-0.8597077504,-0.2754613068,0.6386086378,0.8863368166,0.01460335295,0.4131882185,0.2084928912
313,10433333333,0,0,-0.8638169152,-0.2768324374,0.6406996407,0.8856157662,0.01523908894,0.4149450237,0.2080219031
314,10466666667,0,0,-0.8660069722,-0.2786153445,0.6441936331,0.884239808,0.01517019663,0.4175222081,0.2087223822
315,10500000000,0,0,-0.8699288272,-0.2790108519,0.6468716288,0.8827275596,0.01866837908,0.419624899,0.2106145563
316,10533333333,0,0,-0.8757499581,-0.2786374777,0.6477914223,0.8822667505,0.02312273652,0.4180830384,0.2151215772
317,10566666667,0,0,-0.8792311009,-0.2807399591,0.649938224,0.8816051614,0.02263798391,0.4161137679,0.2216059412
318,10600000000,0,0,-0.8798771379,-0.2834996893,0.6540611584,0.8804251986,0.01932465005,0.4170037732,0.2249130513
319,10633333333,0,0,-0.8823207806,-0.2851343006,0.6569322666,0.8792505875,0.01705774201,0.4193506458,0.2253274808
320,10666666667,0,1,-0.885722748,-0.2867767219,0.6599682652,0.8774712707,0.01511617706,0.4226267645,0.2262792263
321,10700000000,0,0,-0.8881875834,-0.2882315548,0.6628854705,0.8756162161,0.01443797258,0.4253513889,0.2283943584
322,10733333333,0,0,-0.8909700306,-0.289512555,0.6650234548,0.8739649925,0.01513017626,0.4269522829,0.2316635876
323,10766666667,0,0,-0.893439163,-0.2910880726,0.6666636489,0.8718685198,0.01560973505,0.4284387727,0.2367315744
324,10800000000,0,0,-0.894190666,-0.2928247898,0.6685713956,0.8696307492,0.01594748743,0.4303913208,0.2413531616
325,10833333333,0,0,-0.8946698933,-0.2949715029,0.6702071467,0.8667265828,0.01694381569,0.4339735666,0.2452853058
326,10866666667,0,1,-0.8957303048,-0.2971112279,0.6713054279,0.8635020949,0.01693358215,0.4393312732,0.2471141806
327,10900000000,0,0,-0.8981348584,-0.298293556,0.6724750899,0.8607378845,0.01808143473,0.4439869886,0.2483523905
328,10933333333,0,0,-0.900978955,-0.2990112999,0.673121188,0.8585469865,0.01939536216,0.4465051635,0.2513046574
329,10966666667,0,0,-0.9017327333,-0.3015533143,0.6747392817,0.856291276,0.01802838318,0.4492067458,0.2542705794
330,11000000000,0,0,-0.9010295721,-0.3039620973,0.6775151178,0.8541637081,0.01659854894,0.4529185216,0.254938543
331,11033333333,0,0,-0.9020862109,-0.3062856325,0.6787975426,0.852267246,0.01659836665,0.4574565846,0.253176833
332,11066666667,0,0,-0.9060343755,-0.3072455735,0.6792647561,0.8500295446,0.01720380367,0.4612572146,0.2537628506
333,11100000000,0,0,-0.9074356556,-0.3086783726,0.6816566677,0.8482789813,0.01820907189,0.4631014805,0.2561800505
334,11133333333,0,0,-0.908707854,-0.3117210342,0.6835102664,0.8472686892,0.01759232264,0.4649004557,0.2563081051
335,11166666667,0,0,-0.9096367749,-0.3142903778,0.6856436944,0.8460916713,0.01575619322,0.468011335,0.25464881
336,11200000000,0,0,-0.9117357881,-0.3158640337,0.6877073469,0.8441855396,0.01538616766,0.4718839951,0.2538494351
337,11233333333,0,1,-0.9157772696,-0.3185128446,0.6902816142,0.8426602866,0.01411856577,0.4750057862,0.2531675543
338,11266666667,0,0,-0.9170864475,-0.3207437441,0.6936112938,0.8418212338,0.01296134493,0.4763794734,0.2534395613
339,11300000000,0,0,-0.9191914421,-0.3228700397,0.6962563412,0.840669439,0.01206692812,0.4786995162,0.2529348864
340,11333333333,0,0,-0.9218696169,-0.32454902,0.6991676834,0.8390637746,0.01230334631,0.4813680273,0.2531905056
341,11366666667,0,0,-0.9257268304,-0.3260489166,0.7015366374,0.8379715089,0.01282785411,0.4828817584,0.2538984123
342,11400000000,0,0,-0.9273029608,-0.3282808945,0.7052181323,0.8366457436,0.01272254369,0.4845423854,0.2551092185
343,11433333333,0,0,-0.9302809179,-0.3304261681,0.7078371257,0.834784815,0.01247659882,0.4878746364,0.2548666046
344,11466666667,0,0,-0.9330019107,-0.3322757066,0.711272326,0.8324423594,0.01221608758,0.4917712696,0.2550519629
345,11500000000,0,1,-0.9362839204,-0.3343281282,0.7140673384,0.8302775669,0.01314324488,0.4949283782,0.2559537408
346,11533333333,0,0,-0.9401496015,-0.3358620158,0.7164410998,0.8283094989,0.01388911318,0.4973606562,0.257571047
347,11566666667,0,0,-0.9432568012,-0.3378069441,0.7195202857,0.8261029834,0.01450623624,0.4996879182,0.2601065441
348,11600000000,0,0,-0.946024876,-0.339927961,0.7225109425,0.8236432926,0.01608749161,0.502225226,0.2629120415
349,11633333333,0,0,-0.950576596,-0.3417558775,0.724865799,0.8214491294,0.0171172841,0.5046855984,0.2649920245
350,11666666667,0,0,-0.9540168386,-0.3436626725,0.7278898538,0.8190740123,0.01777152829,0.50676544,0.2683108719
351,11700000000,0,0,-0.9570405064,-0.3460064414,0.7311066752,0.8172671785,0.01854814784,0.5086118236,0.2702671603
352,11733333333,0,0,-0.9615152873,-0.3480156599,0.7337405817,0.81599451,0.0188722241,0.5104754222,0.2705764997
353,11766666667,0,1,-0.9655444339,-0.3495830734,0.7371485516,0.8147607938,0.01801472666,0.5120357251,0.2714032696
354,11800000000,0,0,-0.9689478583,-0.3515942085,0.7407163628,0.8134184679,0.01704881351,0.5135754119,0.272580319
355,11833333333,0,0,-0.9729697769,-0.3535181386,0.7440562042,0.8120522133,0.01651083496,0.5147970411,0.2743767513
356,11866666667,0,0,-0.975146843,-0.3559813468,0.7476403705,0.8112036623,0.01543375928,0.5157852335,0.2750927304
357,11900000000,0,0,-0.9778980338,-0.3579612026,0.7510122086,0.8100306446,0.01576758614,0.5179042808,0.2745485277
358,11933333333,0,0,-0.9832747331,-0.3592788742,0.7537136942,0.8086044787,0.01699444892,0.5196404188,0.2753975688
359,11966666667,0,0,-0.9863452833,-0.3613211149,0.7570974563,0.8079919174,0.01696512281,0.5199012176,0.2767019516
360,12000000000,0,0,-0.9886575884,-0.3630466845,0.7594827772,0.8077858975,0.01582169985,0.5206478798,0.2759663075
361,12033333333,0,0,-0.9921868223,-0.3641162716,0.7621394788,0.8066826489,0.01396895733,0.5226405426,0.2755264695
362,12066666667,0,0,-0.9942980792,-0.3655939761,0.7653183516,0.805303907,0.01186210852,0.5241256705,0.2768342271
363,12100000000,0,1,-0.9949346178,-0.3672719313,0.7686092006,0.8046582097,0.01103598788,0.5245286768,0.2779802865
364,12133333333,0,0,-0.9964419202,-0.3684980039,0.7714862786,0.8037556761,0.01020840746,0.5257955312,0.2782295113
365,12166666667,0,0,-0.997422602,-0.3705506795,0.7749713497,0.8020641792,0.01012113145,0.5278206138,0.2792776661
366,12200000000,0,0,-1.001059251,-0.371880197,0.7779684113,0.8009638844,0.0108863747,0.529176649,0.2798399845
367,12233333333,0,0,-1.002225827,-0.3734167349,0.7815852014,0.8000375085,0.009921938803,0.530022978,0.2809220228
368,12266666667,0,0,-1.004383188,-0.3748923782,0.7848902484,0.7990826572,0.008849385448,0.5315122636,0.2808617257
369,12300000000,0,0,-1.006075021,-0.3762803572,0.7883888213,0.7981613911,0.006728969201,0.5330482969,0.2806289862
370,12333333333,0,0,-1.00661129,-0.3779309413,0.792314413,0.7969417596,0.004608626245,0.5349997913,0.2804243492
371,12366666667,0,1,-1.005975275,-0.3797597059,0.7954132448,0.795362353,0.00405907865,0.5372369638,0.2806397976
372,12400000000,0,0,-1.007897594,-0.3819457472,0.7991149317,0.7931161319,0.006310202543,0.5398010806,0.2820315162
373,12433333333,0,0,-1.009963521,-0.3841104582,0.8028614942,0.7916193161,0.009084250341,0.5409159321,0.2840181142
374,12466666667,0,0,-1.010337993,-0.386560168,0.806275725,0.79041997,0.01111411806,0.5417161942,0.2857556865
375,12500000000,0,0,-1.011642129,-0.3885882677,0.8094019629,0.7887062411,0.01267810662,0.5440022328,0.2860826831
376,12533333333,0,0,-1.014090324,-0.3905133329,0.813191972,0.7867857567,0.01310608945,0.5464929277,0.2866040534
377,12566666667,0,0,-1.014059339,-0.3925396539,0.8175806891,0.7849297238,0.01254616342,0.548848233,0.2872168862
378,12600000000,0,0,-1.014746012,-0.3945019033,0.8219777413,0.7826235695,0.01194741899,0.5519089038,0.2876702444
379,12633333333,0,1,-1.014812323,-0.3960446179,0.8256598127,0.780748775,0.01272247412,0.5540629947,0.2885891318
380,12666666667,0,0,-1.016447519,-0.3982361094,0.8301475827,0.778514479,0.01437708727,0.5561077307,0.2906074623
381,12700000000,0,0,-1.018823623,-0.3998867374,0.8341463929,0.7766959545,0.01624047561,0.5570913912,0.2934771252
382,12733333333,0,0,-1.02059551,-0.4019269312,0.8386506936,0.774678951,0.01652584659,0.5577179896,0.2975736267
383,12766666667,0,0,-1.02197944,-0.40392939,0.8434391946,0.7735103777,0.01599648652,0.5578552239,0.3003720313
384,12800000000,0,0,-1.022628752,-0.4058679925,0.8481528018,0.7726122369,0.01428767875,0.5581568518,0.3022037764
385,12833333333,0,1,-1.025700472,-0.4072202396,0.850596692,0.7720515597,0.01180286187,0.557697626,0.3045824018
386,12866666667,0,0,-1.025276407,-0.4092023988,0.8555333947,0.7713628287,0.00733382788,0.5573589204,0.3070775722
387,12900000000,0,0,-1.022022565,-0.4120026607,0.8602227297,0.7705317954,0.00325214926,0.5585682092,0.3070370196
388,12933333333,0,0,-1.022318447,-0.4141723345,0.864284395,0.7684811749,0.0006513960289,0.5623571417,0.3052715263
389,12966666667,0,0,-1.024385617,-0.4158278663,0.8684822864,0.7664715088,0.0001054248901,0.5649222038,0.3055884795
390,13000000000,0,0,-1.025733007,-0.4183643001,0.8725420363,0.765807971,-7.135252852e-07,0.5651571711,0.3068151291
391,13033333333,0,0,-1.026299855,-0.4210427323,0.8761134266,0.7654649925,-0.002000434695,0.565652676,0.3067513548
392,13066666667,0,0,-1.025615929,-0.4232028791,0.8802799209,0.764319414,-0.004778922811,0.5671827445,0.3067519024
393,13100000000,0,1,-1.025190314,-0.4254106498,0.8826846638,0.7637029803,-0.003938384026,0.5678614182,0.3070434118
394,13133333333,0,0,-1.027319342,-0.4278746829,0.8848412651,0.763482788,-0.005390270106,0.5686338946,0.3061379938
395,13166666667,0,0,-1.024726657,-0.4306626626,0.8880341096,0.7616477812,-0.009154104426,0.5712924734,0.3056693796
396,13200000000,0,0,-1.024399959,-0.433665427,0.8911639708,0.7591129125,-0.007646834944,0.5748470778,0.3053521723
397,13233333333,0,0,-1.02748067,-0.4362276372,0.8935340848,0.7578503727,-0.00578982751,0.5767941136,0.304857083
398,13266666667,0,0,-1.026737122,-0.4383316158,0.8964072982,0.7561267429,-0.005884488669,0.5785795083,0.3057506731
399,13300000000,0,1,-1.025930602,-0.4407356989,0.8995808608,0.7544070916,-0.004311644789,0.5811436414,0.3051612983
400,13333333333,0,0,-1.02870689,-0.443039492,0.901803337,0.7527675521,-0.001636768055,0.5835338081,0.3046746271
401,13366666667,0,0,-1.030044463,-0.4449471415,0.9049037723,0.7504676981,0.0003180370368,0.5853216681,0.3069147731
402,13400000000,0,0,-1.029012938,-0.4478806875,0.9086735469,0.7481329286,0.004335727913,0.5872009939,0.3089875651
403,13433333333,0,0,-1.032632266,-0.4510883428,0.9107492982,0.7466474592,0.006969983472,0.5895428834,0.308071712
404,13466666667,0,0,-1.034510486,-0.4531793257,0.9139948387,0.7447957045,0.006607081951,0.5917485245,0.308333243
405,13500000000,0,1,-1.034403634,-0.4569086218,0.9176006647,0.7422962711,0.008071163966,0.5944007105,0.3092230547
406,13533333333,0,0,-1.037983273,-0.4595423238,0.9212847352,0.7406844292,0.01049212223,0.5970253706,0.3079564879
407,13566666667,0,0,-1.039786166,-0.4622260623,0.9251463129,0.738875541,0.01207515676,0.5988350932,0.3087290989
408,13600000000,0,0,-1.041586168,-0.4651082611,0.9294300631,0.7369028425,0.01525651867,0.6003836223,0.3102917102
409,13633333333,0,0,-1.04483254,-0.4682471014,0.9335283931,0.7355869778,0.01771619764,0.6015691204,0.3109863787
410,13666666667,0,0,-1.04685725,-0.4708213966,0.9382144787,0.7340587158,0.01850623748,0.6028719973,0.312026723
411,13700000000,0,1,-1.049066447,-0.4745452025,0.9429574899,0.7318310642,0.02011236653,0.6046146248,0.3137832719
412,13733333333,0,0,-1.052747204,-0.4769713813,0.9472807431,0.730059129,0.02183762478,0.6059683857,0.3151810621
413,13766666667,0,0,-1.054917007,-0.4792727547,0.9517452072,0.7280155507,0.02066392826,0.6072858875,0.3174432403
414,13800000000,0,0,-1.055382063,-0.4814862979,0.9568562009,0.725812763,0.0200085971,0.6087765933,0.3196663081
415,13833333333,0,0,-1.057838216,-0.4844074906,0.9615578731,0.7243000859,0.02026599993,0.6100214552,0.3207062504
416,13866666667,0,0,-1.060601,-0.4860628409,0.9657796496,0.7229123078,0.01845847015,0.610961383,0.3221541068
417,13900000000,0,1,-1.062235187,-0.4907548085,0.9752676143,0.7184652782,0.01713250019,0.6156548008,0.3232387473
418,13933333333,0,0,-1.066894804,-0.4921463629,0.9792868683,0.7156909181,0.01628977107,0.6188455807,0.323343935
419,13966666667,0,0,-1.069534523,-0.4932915932,0.9834935411,0.7125445932,0.0123038616,0.6197811107,0.3286338274
420,14000000000,0,0,-1.06833193,-0.4970411825,0.9876132686,0.7109457479,0.00980477294,0.6194538944,0.3327715172
421,14033333333,0,0,-1.070257106,-0.4985252453,0.9919233695,0.709711426,0.009147165493,0.6200914802,0.334234315
422,14066666667,0,0,-1.071544627,-0.49966947,0.9961959184,0.7083135848,0.00593531542,0.6218117424,0.3340760314
423,14100000000,0,1,-1.070138962,-0.5010893036,1.000799696,0.7056390459,0.004130958083,0.6242417022,0.335229428
424,14133333333,0,0,-1.071289354,-0.5029702992,1.004270079,0.7028341056,0.005415067075,0.6267358928,0.3364476448
425,14166666667,0,0,-1.073089958,-0.5044994732,1.007533814,0.6993588553,0.005233616105,0.6292519277,0.3389864485
426,14200000000,0,0,-1.070569191,-0.5060786162,1.010825219,0.6961967791,0.005621351732,0.6315181853,0.34126709
427,14233333333,0,0,-1.071401568,-0.5076828302,1.014015723,0.6928014617,0.007675875206,0.6351528897,0.3413913038
428,14266666667,0,0,-1.073550912,-0.5096165743,1.01692315,0.6892523239,0.007567467431,0.638515454,0.3423039328
429,14300000000,0,0,-1.072052682,-0.5112273798,1.020206161,0.6863366832,0.008592511027,0.64097378,0.3435414669
430,14333333333,0,1,-1.074021454,-0.5136494805,1.022794503,0.6841929794,0.01018249863,0.6435985151,0.3428662058
431,14366666667,0,0,-1.076270352,-0.5156429272,1.025547174,0.6819163337,0.01033582785,0.6457959093,0.3432650987
432,14400000000,0,0,-1.074635254,-0.517613629,1.028670057,0.6798746173,0.01061647695,0.647156753,0.3447403838
433,14433333333,0,0,-1.074722905,-0.519920825,1.031420987,0.6773131169,0.0133745364,0.649471944,0.3453320974
434,14466666667,0,0,-1.078286118,-0.5220402963,1.033934779,0.6756476833,0.01340721351,0.6510805489,0.3455641382
435,14500000000,0,0,-1.076445557,-0.5231182498,1.037539385,0.6736375864,0.01198551674,0.6527320841,0.3464239829
436,14533333333,0,1,-1.077584037,-0.525562064,1.041455483,0.6722406585,0.01171467608,0.6546216493,0.3455803231
437,14566666667,0,0,-1.078616967,-0.5274030807,1.045079703,0.6710720512,0.01075124631,0.6556881517,0.3458608977
438,14600000000,0,0,-1.076651282,-0.5289629191,1.048432762,0.669539053,0.009887552193,0.6570395525,0.3462928231
439,14633333333,0,0,-1.076661221,-0.5311298212,1.052169858,0.6680921637,0.01165106824,0.6582826181,0.34667147
440,14666666667,0,0,-1.077490258,-0.5337996738,1.055796079,0.6676691914,0.01450470747,0.6576258123,0.3486197862
441,14700000000,0,0,-1.078661344,-0.5353706379,1.059069944,0.6663639973,0.01779451779,0.6564303356,0.3531877585
442,14733333333,0,1,-1.078983407,-0.5359775603,1.063472577,0.6655916412,0.01927186039,0.6551341261,0.3569532734
443,14766666667,0,0,-1.077868668,-0.5368216961,1.066580731,0.6648859986,0.01848084645,0.6544648536,0.3595286116
444,14800000000,0,0,-1.076983377,-0.5378570056,1.069952547,0.6632870486,0.01637888996,0.6551084119,0.3614069616
445,14833333333,0,0,-1.076096435,-0.5392860514,1.073290432,0.6606525866,0.01448378137,0.6559931159,0.3646935862
446,14866666667,0,0,-1.073041998,-0.5406273729,1.076263871,0.6589891953,0.01413949545,0.6560587151,0.3675871019
447,14900000000,0,0,-1.07316606,-0.5419840498,1.079304377,0.6580838921,0.01428566472,0.6566245632,0.3681924683
448,14933333333,0,0,-1.072224501,-0.5426539504,1.082204147,0.6562723798,0.01384886448,0.6576592864,0.3695930674
449,14966666667,0,0,-1.070731577,-0.5441461812,1.084695768,0.655170096,0.01392154327,0.6584281314,0.3701766223
450,15000000000,0,0,-1.071648861,-0.5454477608,1.087232072,0.6544461913,0.01434942688,0.6594974694,0.3695366889
451,15033333333,0,0,-1.073021796,-0.5464295405,1.08975867,0.6531010261,0.01223167445,0.6609988945,0.3693100288
452,15066666667,0,0,-1.069253137,-0.5474581183,1.091277341,0.6511179927,0.01122251005,0.6622435465,0.3706115216
453,15100000000,0,1,-1.069170425,-0.5478811832,1.091726812,0.6494101474,0.01292164537,0.6638258962,0.3707218243
454,15133333333,0,0,-1.070301904,-0.5487732352,1.093304679,0.647451708,0.01130058659,0.6659151299,0.370453266
455,15166666667,0,0,-1.067333978,-0.5502294795,1.094433984,0.6450916923,0.01035068105,0.6677008369,0.3713827733
456,15200000000,0,0,-1.067531198,-0.551938464,1.095693016,0.6430705116,0.01258758317,0.6698328264,0.3709795878
457,15233333333,0,0,-1.069516902,-0.5528838399,1.097052181,0.641771382,0.01305271075,0.6716508253,0.369924707
458,15266666667,0,0,-1.067348195,-0.5539055244,1.098147898,0.6393304875,0.0123677004,0.6738429083,0.370188199
459,15300000000,0,0,-1.067083925,-0.5551811787,1.099503369,0.6362157326,0.01443264227,0.677210827,0.3693328259
460,15333333333,0,0,-1.070358534,-0.5560615534,1.100911534,0.6348429961,0.01455923387,0.679769266,0.3669824846
461,15366666667,0,0,-1.070486055,-0.5571400819,1.10241922,0.6326220297,0.01330463915,0.6816343489,0.3674057274
462,15400000000,0,0,-1.070432703,-0.5583380056,1.104122205,0.6299866619,0.01411108109,0.6829392112,0.3694749207
463,15433333333,0,0,-1.070630043,-0.559019252,1.105822529,0.6283963551,0.01506267881,0.6839327581,0.3703067905
464,15466666667,0,0,-1.071649017,-0.5597218788,1.107382315,0.6264349808,0.01504981163,0.6855011671,0.3707301821
465,15500000000,0,0,-1.071162764,-0.5604127935,1.109159748,0.6238071081,0.01434882631,0.6874675975,0.3715469087
466,15533333333,0,0,-1.07081812,-0.5619543813,1.11089963,0.6206747951,0.01577413053,0.6894612051,0.3730378294
467,15566666667,0,0,-1.072885509,-0.5629974031,1.112964631,0.6179693379,0.01693582307,0.6913419506,0.3739965008
468,15600000000,0,1,-1.071291959,-0.5631541838,1.114495154,0.6160545149,0.01699319233,0.6923530129,0.3752803908
469,15633333333,0,0,-1.070744148,-0.5646953976,1.116536825,0.6137480498,0.01968096105,0.6939470285,0.3759833943
470,15666666667,0,0,-1.074343388,-0.5659991015,1.119390009,0.6118277678,0.02148676153,0.6958326767,0.3755289437
471,15700000000,0,0,-1.075947072,-0.5670905715,1.122687828,0.6102557346,0.02010444672,0.6966025996,0.3767340811
472,15733333333,0,0,-1.074573185,-0.5682458383,1.125413341,0.6085171261,0.02024525828,0.6974106936,0.3780414808
473,15766666667,0,0,-1.079370436,-0.569808687,1.128909523,0.6070091287,0.01988778633,0.698279149,0.3788807512
474,15800000000,0,1,-1.078428961,-0.5693584408,1.131839487,0.606100287,0.01651498385,0.6979234236,0.3811464183
475,15833333333,0,0,-1.076950608,-0.5694005002,1.134144004,0.6033608401,0.01478505607,0.6999601128,0.381828416
476,15866666667,0,0,-1.080726035,-0.5700673433,1.137873231,0.5996881503,0.01065803954,0.7033677654,0.3814896004
477,15900000000,0,0,-1.077915655,-0.5712380654,1.14135122,0.5962427635,0.006162256739,0.7052888389,0.3834374099
478,15933333333,0,0,-1.078139333,-0.5728641025,1.144620414,0.5927645313,0.006640260314,0.7069725322,0.3857148637
479,15966666667,0,0,-1.080187151,-0.5746909875,1.148499906,0.5899618214,0.00677633259,0.7084054188,0.3873769394
480,16000000000,0,0,-1.080081422,-0.5763909707,1.152290544,0.5882385428,0.007042248095,0.7086778645,0.3894887777
481,16033333333,0,0,-1.079949107,-0.5785738496,1.156091701,0.5869248483,0.009281883406,0.7092575793,0.3903674619
482,16066666667,0,1,-1.081119155,-0.5801369362,1.160002521,0.586051109,0.01165452957,0.7093915164,0.391371877
483,16100000000,0,0,-1.080321261,-0.5823934517,1.163513924,0.5853119537,0.01353247212,0.7097088764,0.3918419321
484,16133333333,0,0,-1.083155436,-0.5848726145,1.168101456,0.5844016369,0.01566902334,0.7110314037,0.3907218338
485,16166666667,0,0,-1.084280099,-0.5873070081,1.172540044,0.5840266693,0.01609051496,0.7114306527,0.3905385655
486,16200000000,0,0,-1.085350071,-0.5900054832,1.177195086,0.5835737467,0.01743714579,0.7119353816,0.390237928
487,16233333333,0,0,-1.087280438,-0.5920601383,1.181992758,0.5836853684,0.01722809516,0.712452942,0.3891341529
488,16266666667,0,0,-1.087304487,-0.5945083076,1.186469106,0.5838130758,0.01596829183,0.7129246611,0.3881310781
489,16300000000,0,0,-1.087672158,-0.5968967583,1.191191638,0.5844322998,0.01587907918,0.7134615272,0.3862115884
490,16333333333,0,1,-1.090420508,-0.598596121,1.194620312,0.5854012697,0.01579746902,0.7132247937,0.3851833161
491,16366666667,0,0,-1.090754417,-0.6001617181,1.198815631,0.5853572097,0.01451629408,0.7132793697,0.3851996301
492,16400000000,0,0,-1.090687209,-0.6023640709,1.202713647,0.5848674947,0.01383277639,0.7131845393,0.3861430834
493,16433333333,0,0,-1.090750959,-0.6041080605,1.206005485,0.5845859308,0.01274217067,0.7133127864,0.3863700239
494,16466666667,0,0,-1.088642367,-0.6058066546,1.208223073,0.5831750866,0.0117636185,0.7144938451,0.3863508521
495,16500000000,0,0,-1.08941146,-0.6081701702,1.211901092,0.5808729111,0.01190895512,0.7168574026,0.3854352115
496,16533333333,0,0,-1.08820475,-0.6104921334,1.214825782,0.5786890526,0.01138582428,0.7185709856,0.385545175
497,16566666667,0,1,-1.084793425,-0.612729156,1.215960103,0.5770983198,0.01256322409,0.7200965978,0.385046211
498,16600000000,0,0,-1.087078202,-0.6149105352,1.21925167,0.5743772496,0.01378655883,0.723312349,0.3830404048
499,16633333333,0,0,-1.086006386,-0.6170376994,1.222640507,0.5711920756,0.01299401422,0.7256617193,0.3833873206
500,16666666667,0,0,-1.083479923,-0.6197780898,1.225578965,0.5690326,0.01266319304,0.7274913234,0.3831421643
501,16700000000,0,0,-1.082893176,-0.6218605405,1.228529322,0.5673203223,0.01241957643,0.7296487975,0.381583593
502,16733333333,0,0,-1.081525595,-0.6243603404,1.232099004,0.5645550283,0.01075554406,0.7325676489,0.3801402085
503,16766666667,0,0,-1.078553738,-0.6277118564,1.235641472,0.5620599882,0.0103511958,0.7348006039,0.379538529
504,16800000000,0,1,-1.077247516,-0.6317744171,1.239798038,0.5610663537,0.01215778562,0.7360901122,0.3784548609
505,16833333333,0,0,-1.076016012,-0.63394768,1.243558678,0.5604524226,0.01338035723,0.7372504163,0.377062159
506,16866666667,0,0,-1.073273845,-0.6361230943,1.247120799,0.5585433352,0.01367829608,0.7396132397,0.3752525852
507,16900000000,0,0,-1.071297301,-0.6392351168,1.251776278,0.5562922746,0.01494599674,0.7422038491,0.3734286661
508,16933333333,0,0,-1.069583479,-0.6419595846,1.25619647,0.5549379626,0.01641169959,0.7434373257,0.372928219
509,16966666667,0,0,-1.06831061,-0.6447730385,1.260232555,0.5533349946,0.01873318897,0.7442735786,0.3735321827
510,17000000000,0,0,-1.066996701,-0.6469947728,1.264933039,0.5504403734,0.02055364277,0.7453423994,0.3755764246
511,17033333333,0,1,-1.064138866,-0.6508008091,1.269529883,0.5479330555,0.02165153858,0.7458900294,0.3780854952
512,17066666667,0,0,-1.062401547,-0.6536892125,1.273909549,0.5457831445,0.02373686851,0.7462151578,0.3804211595
513,17100000000,0,0,-1.059826418,-0.6561156848,1.277385166,0.5448130121,0.02485507356,0.7458824363,0.3823877592
514,17133333333,0,0,-1.056787881,-0.6581595913,1.280867139,0.5435651359,0.02633339688,0.7463309956,0.3831886483
515,17166666667,0,0,-1.055078233,-0.6610494818,1.284998171,0.5422929368,0.02761385301,0.7467877566,0.3840102766
516,17200000000,0,0,-1.053619646,-0.6642809225,1.289501254,0.542381341,0.02932095489,0.7459251903,0.3854327088
517,17233333333,0,0,-1.052621053,-0.6662810133,1.293850621,0.5435373242,0.03099148942,0.744043604,0.3873058484
518,17266666667,0,1,-1.050255238,-0.6686666518,1.298945818,0.5431915863,0.03025296423,0.7437003652,0.3885066608
519,17300000000,0,0,-1.047530617,-0.6712848571,1.302495902,0.5442438707,0.02810730351,0.7430938098,0.3883557371
520,17333333333,0,0,-1.043456363,-0.6753620254,1.309574787,0.5454094558,0.02524550731,0.7426738165,0.3877199919
521,17366666667,0,0,-1.03963633,-0.6782383726,1.312938446,0.5468591015,0.02405713346,0.7420582247,0.386931478
522,17400000000,0,0,-1.03935721,-0.680539019,1.316833107,0.5482278042,0.02451666853,0.7415460192,0.3859465106
523,17433333333,0,0,-1.038031883,-0.6824403153,1.321303561,0.5491942,0.02339906806,0.7406505433,0.3863612131
524,17466666667,0,1,-1.034643119,-0.6861856458,1.326757117,0.5504998475,0.02198139488,0.7395590796,0.3866770021
525,17500000000,0,0,-1.034172771,-0.6870453439,1.33061099,0.5524153838,0.02001235154,0.7392533308,0.3846313332
526,17533333333,0,0,-1.032551707,-0.6896286058,1.335827877,0.5535078832,0.0161388494,0.7390538933,0.383624691
527,17566666667,0,0,-1.030161712,-0.6919012687,1.340138703,0.5554581088,0.01452447974,0.7374726526,0.3839132917
528,17600000000,0,0,-1.029602571,-0.6934612252,1.345062667,0.5570399915,0.01267392769,0.7366279079,0.383308159
529,17633333333,0,0,-1.02689851,-0.6955489846,1.349110807,0.5584329259,0.009370814371,0.7359968922,0.3825878066
530,17666666667,0,0,-1.025712031,-0.6981503775,1.353724542,0.5589697388,0.007811219134,0.7357926158,0.3822316606
531,17700000000,0,0,-1.024634564,-0.7005108422,1.358873112,0.5597315146,0.006610594737,0.7353235326,0.3820421888
532,17733333333,0,1,-1.023967159,-0.7035921843,1.367907392,0.5579721309,0.004004602463,0.7367876994,0.3818310493
533,17766666667,0,0,-1.021241423,-0.7061984137,1.372050617,0.5569134062,0.001457626227,0.7369711089,0.3830390554
534,17800000000,0,0,-1.019315668,-0.7092009581,1.37682575,0.5562923406,0.002428727288,0.7371190597,0.3836514367
535,17833333333,0,0,-1.020620828,-0.7113802025,1.383034178,0.556300414,0.003136011918,0.7370517963,0.3837638134
536,17866666667,0,0,-1.01856684,-0.7127154334,1.387265388,0.5558479917,0.002573950701,0.7366122436,0.3852645681
537,17900000000,0,0,-1.01816252,-0.7144000224,1.391970318,0.5540000896,0.003111893823,0.7380544827,0.3851620405
538,17933333333,0,0,-1.01800826,-0.7167325902,1.398414824,0.55241566,0.001104071967,0.7396482314,0.3843907041
539,17966666667,0,1,-1.015249112,-0.7205701984,1.407087669,0.5500706139,0.0001270686972,0.7407937332,0.3855475956
540,18000000000,0,0,-1.01528634,-0.7228207042,1.413047789,0.5491046838,0.001661879517,0.739870032,0.3886819011
541,18033333333,0,0,-1.014645964,-0.7235583456,1.418139063,0.548321117,0.001602066329,0.7388070955,0.3917977305
542,18066666667,0,0,-1.012066983,-0.7254795739,1.422678421,0.5485098268,0.0001783546627,0.7376235401,0.393761922
543,18100000000,0,0,-1.011819718,-0.7265196414,1.426841247,0.5481989332,0.000181753085,0.7373341191,0.394735726
544,18133333333,0,0,-1.011257777,-0.7281792467,1.432268649,0.5464181397,-0.000164373358,0.7378511517,0.3962358736
545,18166666667,0,0,-1.010249956,-0.7303457117,1.43747577,0.5465154897,-0.002319045425,0.7367064499,0.3982198491
546,18200000000,0,1,-1.007035975,-0.7321466323,1.44377644,0.5449236932,-0.003355113813,0.7370718473,0.399714903
547,18233333333,0,0,-1.006347994,-0.7327119159,1.447364811,0.5428965411,-0.003973919817,0.738176929,0.4004277402
548,18266666667,0,0,-1.003453407,-0.7338175381,1.450709088,0.5394514822,-0.004462611579,0.7401609439,0.4014149482
549,18300000000,0,0,-1.000868679,-0.7352019527,1.453927692,0.5368548565,-0.00474739312,0.7427985549,0.4000182898
550,18333333333,0,0,-0.9999817648,-0.7373606046,1.456442752,0.5332306026,-0.003668997832,0.7462060915,0.398532473
551,18366666667,0,0,-0.9984495193,-0.7397638579,1.460543108,0.5275291931,-0.0002429770198,0.7500392349,0.3989411454
552,18400000000,0,0,-0.9967197384,-0.7431281861,1.46503973,0.5239618533,0.004249952633,0.7514314356,0.400994653
553,18433333333,0,0,-0.9955289997,-0.7443354257,1.467243645,0.522116375,0.009204638172,0.7518897323,0.4024569492
554,18466666667,0,0,-0.9952293579,-0.7455254222,1.471032099,0.5185113684,0.01199943818,0.7542762666,0.4025783004
555,18500000000,0,1,-0.9911011076,-0.7469374975,1.475126425,0.5136376122,0.0122146852,0.7576215993,0.4025378455
556,18533333333,0,0,-0.9885888987,-0.748475767,1.477356959,0.5093880162,0.01342194901,0.7608838951,0.4017454398
557,18566666667,0,0,-0.9885409843,-0.7497231993,1.479757358,0.5046798279,0.01460022178,0.7644706194,0.4008363468
558,18600000000,0,0,-0.9853028806,-0.7510368917,1.481844677,0.4960144255,0.0180740356,0.7681243528,0.4045095766
559,18633333333,0,0,-0.9818013728,-0.7533181762,1.484391926,0.4901077813,0.02237525443,0.7700977217,0.407729334
560,18666666667,0,0,-0.9801619429,-0.7536031496,1.487463641,0.4863322869,0.02421588067,0.7722058949,0.408157511
561,18700000000,0,1,-0.9772693539,-0.7555274087,1.491073841,0.480667388,0.0232208145,0.775343896,0.4089761592
562,18733333333,0,0,-0.9711028404,-0.7566905265,1.491085201,0.4755919823,0.02431400992,0.7774053431,0.4109282514
563,18766666667,0,0,-0.9695136414,-0.7583767837,1.495106069,0.4711448592,0.02621883882,0.7801598669,0.4107136183
564,18800000000,0,0,-0.9656819893,-0.7585943858,1.49753241,0.4675296485,0.02546643226,0.7819031304,0.4115762181
565,18833333333,0,0,-0.9593785419,-0.7584760165,1.497172039,0.4636406272,0.02670866326,0.7836073766,0.4126542082
566,18866666667,0,0,-0.9562477605,-0.7596703486,1.500009159,0.4589898115,0.02887411106,0.7864826222,0.4122374603
567,18900000000,0,0,-0.9536320702,-0.7606698677,1.503269674,0.4548457226,0.02964595839,0.7884603199,0.4129973483
568,18933333333,0,1,-0.9506795541,-0.7623528029,1.506854346,0.4483588484,0.03066509527,0.7908029625,0.4155293846
569,18966666667,0,0,-0.9468426889,-0.7628285875,1.509035793,0.4416394758,0.03273509621,0.7921926504,0.4198973583
570,19000000000,0,0,-0.94296136,-0.7622593876,1.510781238,0.4363278265,0.03373417034,0.7928206365,0.4241644397
571,19033333333,0,0,-0.9391675965,-0.7614402485,1.512406172,0.4306525401,0.03370452974,0.7937757241,0.4281617617
572,19066666667,0,0,-0.9338745195,-0.761111604,1.512780439,0.4247391373,0.03415172924,0.7939814699,0.4336170546
573,19100000000,0,0,-0.9290314002,-0.7607235039,1.513113624,0.4206346255,0.03477165703,0.7942996015,0.4369732106
574,19133333333,0,1,-0.9276015012,-0.76063911,1.516436295,0.416895907,0.03288762766,0.7954187808,0.4386629343
575,19166666667,0,0,-0.9234484049,-0.7596828368,1.516480559,0.4120509685,0.03112534452,0.7956936223,0.4428508458
576,19200000000,0,0,-0.9194658664,-0.7592477929,1.517141717,0.4065444718,0.02924547133,0.7968971796,0.4458936869
577,19233333333,0,0,-0.9160760869,-0.7590893352,1.518825156,0.4012540653,0.02619457725,0.7981070319,0.4487027801
578,19266666667,0,0,-0.9105605672,-0.7588124106,1.517987453,0.3970011878,0.02424821233,0.7981974732,0.4524189152
579,19300000000,0,0,-0.9074972496,-0.7590418728,1.518983478,0.3929758988,0.02361991673,0.7986910436,0.4550875294
580,19333333333,0,1,-0.9037485821,-0.7575992674,1.518159754,0.3905614559,0.02151436622,0.7985565009,0.4575001598
581,19366666667,0,0,-0.9000226696,-0.7570307915,1.518251636,0.3865403855,0.02096763413,0.7993385819,0.4595701472
582,19400000000,0,0,-0.8970518193,-0.7577805551,1.520009749,0.3826241065,0.02034836128,0.7997189291,0.4622059842
583,19433333333,0,0,-0.892582054,-0.7567196877,1.520249195,0.3806271821,0.01952487825,0.7989237026,0.4652554619
584,19466666667,0,0,-0.888214679,-0.7558543535,1.519509856,0.3780772333,0.01923322003,0.7991448617,0.4669637876
585,19500000000,0,0,-0.8858649368,-0.7560529442,1.520933005,0.3749173301,0.01960290271,0.7998646041,0.4682620387
586,19533333333,0,0,-0.8820770399,-0.754589083,1.521249685,0.3730615109,0.01834547495,0.8000090181,0.4695467214
587,19566666667,0,0,-0.8776811336,-0.7529675528,1.520441121,0.3705061577,0.01713157762,0.8011106723,0.4697375723
588,19600000000,0,1,-0.8741240194,-0.7537432277,1.520354447,0.3679854644,0.01696145121,0.8021286345,0.4699879369
589,19633333333,0,0,-0.8702117347,-0.7530453286,1.520023622,0.3666604288,0.01739101035,0.8027067216,0.4700208526
590,19666666667,0,0,-0.8664427386,-0.7529179913,1.519361916,0.3634818414,0.01773924337,0.8042918856,0.4697667858
591,19700000000,0,0,-0.8621996533,-0.7527032951,1.520032618,0.3600839828,0.01815718573,0.8063863287,0.4687759921
592,19733333333,0,0,-0.8578465051,-0.7525261753,1.519947263,0.3568981567,0.01879011807,0.8084559449,0.4676212381
593,19766666667,0,0,-0.8543722767,-0.7532321099,1.52059251,0.352000846,0.01993392408,0.810690481,0.4674173586
594,19800000000,0,1,-0.850458154,-0.7530467907,1.519468557,0.3487083918,0.02097217764,0.8118419763,0.4678410315
595,19833333333,0,0,-0.8455525744,-0.7536255784,1.519369927,0.344745175,0.02253412403,0.8134753591,0.4678683765
596,19866666667,0,0,-0.8413933637,-0.7546479531,1.520319029,0.3405569021,0.02527057702,0.8150912006,0.4679836846
597,19900000000,0,0,-0.8364215209,-0.7543626794,1.520439854,0.3376508212,0.02749273982,0.8162919818,0.4678712137
598,19933333333,0,0,-0.8324505071,-0.7560104019,1.521033238,0.3335971181,0.028755328,0.8184847809,0.4668712429
599,19966666667,0,0,-0.8282462078,-0.7574967184,1.522252595,0.3288700736,0.03019090161,0.8200047431,0.4674667961
600,20000000000,0,1,-0.825249937,-0.7562796404,1.523055913,0.3272094637,0.0336317609,0.820213096,0.4680313544
601,20033333333,0,0,-0.8208354957,-0.7568009816,1.52376372,0.325085535,0.03430091295,0.8208994169,0.4682595324
602,20066666667,0,0,-0.8156862058,-0.7572873318,1.524505789,0.3229035244,0.03383776823,0.8220643655,0.4677590174
603,20100000000,0,0,-0.8110695671,-0.7583113333,1.525258185,0.3200073365,0.03510779904,0.8228430504,0.4682863029
604,20133333333,0,0,-0.8062372716,-0.7590291648,1.526132961,0.3174581876,0.03688733555,0.8231058273,0.4694213679
605,20166666667,0,0,-0.8014093827,-0.759702628,1.526902933,0.3151346951,0.03822439662,0.8233976063,0.4703673047
606,20200000000,0,1,-0.7975879341,-0.7569070125,1.526558286,0.3129837987,0.04072034684,0.8241837682,0.4702170897
607,20233333333,0,0,-0.7890208297,-0.7567255664,1.529426953,0.3077509252,0.039055857,0.8269974253,0.4688702023
608,20266666667,0,0,-0.7841935291,-0.7559952158,1.530496919,0.3046346044,0.03543838677,0.8289154705,0.4678044691
609,20300000000,0,0,-0.7792859432,-0.7551185056,1.53125282,0.302049402,0.03182800373,0.8306041987,0.466743829
610,20333333333,0,0,-0.7750146489,-0.754843695,1.531866138,0.2979961981,0.0299853527,0.8323072942,0.4664372546
611,20366666667,0,0,-0.7708656213,-0.7531047701,1.53233433,0.2929232238,0.02875030597,0.8343940433,0.4659999843
612,20400000000,0,1,-0.7669757508,-0.7518909701,1.531163765,0.2879994677,0.0266868034,0.8359212089,0.4664545568
613,20433333333,0,0,-0.762701386,-0.7506769148,1.530208159,0.2834930978,0.02418710961,0.8374432662,0.4666212845
614,20466666667,0,0,-0.7583230064,-0.7497290908,1.529603045,0.2768864696,0.02415249875,0.8392758358,0.4672971337
615,20500000000,0,0,-0.755043027,-0.7493465362,1.529963472,0.2705930268,0.02255217588,0.8412109129,0.4675842312
616,20533333333,0,0,-0.750867777,-0.7468359727,1.52879244,0.264873327,0.01886716446,0.8425995217,0.4685212874
617,20566666667,0,0,-0.7461260952,-0.7447472054,1.526554203,0.2591722031,0.01731580327,0.8444378237,0.4684599171
618,20600000000,0,1,-0.7428836308,-0.7436553053,1.525853019,0.2510916526,0.01753613257,0.8478480089,0.4666896398
619,20633333333,0,0,-0.7402733741,-0.7433041796,1.525230735,0.2428594594,0.01539141954,0.8496477239,0.4678473389
620,20666666667,0,0,-0.7351906145,-0.7399118751,1.523732557,0.2360586701,0.01468517891,0.8514735997,0.4680313651
621,20700000000,0,0,-0.7320384127,-0.7386755221,1.522234224,0.2311179058,0.01584462136,0.8536035268,0.4665774111
622,20733333333,0,0,-0.7289268034,-0.7394266303,1.521479472,0.2261588861,0.01493006789,0.8548355415,0.4667820137
623,20766666667,0,0,-0.725182066,-0.7365080283,1.52019251,0.2216591178,0.01412769844,0.8560754619,0.4666930974
624,20800000000,0,1,-0.7217177868,-0.7356331118,1.518686302,0.2173333761,0.01592253522,0.858308586,0.4645632871
625,20833333333,0,0,-0.7193424586,-0.736885346,1.517605056,0.2122278226,0.01665427531,0.8593683129,0.4649388016
626,20866666667,0,0,-0.7158400316,-0.7355086486,1.51643613,0.2057864993,0.01581906223,0.8597391281,0.4671726721
627,20900000000,0,0,-0.7112082503,-0.7328729495,1.515288767,0.2010540248,0.01722079064,0.8613074938,0.4662940324
628,20933333333,0,0,-0.7078082052,-0.7349393859,1.51346966,0.1970419154,0.01508786489,0.8617851059,0.4671972508
629,20966666667,0,0,-0.7047715709,-0.7324036008,1.513605533,0.19140053,0.01659229305,0.8621058067,0.4688966955
630,21000000000,0,1,-0.7000722756,-0.7319292966,1.511666591,0.1877169271,0.02001061744,0.8624463272,0.4696256629
631,21033333333,0,0,-0.6969625943,-0.7331062045,1.510621574,0.1831037989,0.02209402357,0.862969283,0.4703922507
632,21066666667,0,0,-0.6933077812,-0.7316740413,1.509188716,0.1788223987,0.02409556981,0.8629247065,0.4720200251
633,21100000000,0,0,-0.689123052,-0.7303979683,1.506480093,0.1738319192,0.02588892002,0.8636375781,0.4724853029
634,21133333333,0,0,-0.6861439893,-0.7295304105,1.506048063,0.1710438968,0.02812803439,0.8644188024,0.4719459005
635,21166666667,0,0,-0.6816110133,-0.7294405776,1.503668474,0.1684907236,0.02702754561,0.8644460509,0.4728777991
636,21200000000,0,1,-0.6775744664,-0.72861561,1.5019465,0.1629121094,0.02705653254,0.8647546849,0.4742646134
637,21233333333,0,0,-0.6739977729,-0.7277265514,1.50141643,0.1585961389,0.02876311041,0.8653422495,0.4745553071
638,21266666667,0,0,-0.6702807443,-0.726786345,1.499691759,0.1558950917,0.02841194653,0.86557554,0.4750457518
639,21300000000,0,0,-0.6667947393,-0.726022114,1.498531544,0.1522032909,0.0249482182,0.865905982,0.4758346089
640,21333333333,0,0,-0.6636341431,-0.7241245586,1.498596408,0.148670982,0.02355313672,0.8661493808,0.4765788907
641,21366666667,0,0,-0.6597916778,-0.7221728402,1.496699781,0.1443922343,0.02211166895,0.8657997169,0.4785946166
642,21400000000,0,1,-0.6564495796,-0.7214727059,1.496223959,0.1390502908,0.02006709056,0.8653821417,0.4810156727
643,21433333333,0,0,-0.6526040663,-0.7181016202,1.495259063,0.1356173324,0.02183746692,0.8652962344,0.4820720806
644,21466666667,0,0,-0.649046191,-0.7175801933,1.492870643,0.1328345467,0.02016396649,0.8655793333,0.4824114587
645,21500000000,0,0,-0.6473717011,-0.7166255869,1.494557995,0.1294091869,0.01968183004,0.8654667075,0.4835630942
646,21533333333,0,0,-0.6435251011,-0.7132519892,1.492570093,0.1273106951,0.02003303404,0.8649440078,0.485038687
647,21566666667,0,0,-0.6408546583,-0.7127911801,1.491159741,0.1239544258,0.01848701285,0.8646352773,0.4865175927
648,21600000000,0,1,-0.6372772674,-0.7107159981,1.49082807,0.121515631,0.01495690968,0.8636427744,0.4890106344
649,21633333333,0,0,-0.6335789592,-0.7075502655,1.489857829,0.1198786136,0.0140721207,0.8631685268,0.4902766441
650,21666666667,0,0,-0.630282259,-0.706068698,1.488584108,0.1184042162,0.01110651369,0.8629360812,0.4911195442
651,21700000000,0,0,-0.6284857946,-0.7053059056,1.490470255,0.1169757846,0.009364897986,0.8621216922,0.4929250982
652,21733333333,0,0,-0.6238612959,-0.7007670099,1.489655629,0.1160754128,0.009788930483,0.8612814909,0.4945956619
653,21766666667,0,0,-0.6208523633,-0.7005922996,1.488459742,0.1157368769,0.007647735774,0.8603529026,0.4963258711
654,21800000000,0,1,-0.6171831425,-0.6981218134,1.488352286,0.1144214307,0.005264518118,0.8587547512,0.499419962
655,21833333333,0,0,-0.6130449811,-0.694436352,1.487671215,0.112269815,0.00770284081,0.858514895,0.5002882468
656,21866666667,0,0,-0.6100055511,-0.6938545696,1.48879631,0.112810611,0.01014970795,0.8595844731,0.4982823327
657,21900000000,0,0,-0.6059975939,-0.6933548436,1.4880936,0.1140784399,0.01016003134,0.8596178357,0.4979357989
658,21933333333,0,0,-0.6024908261,-0.6918011332,1.488422848,0.114227139,0.01253556877,0.8601799789,0.4968756627
659,21966666667,0,0,-0.599703595,-0.6916959154,1.490606996,0.1187318746,0.01442002081,0.8612125759,0.4939713596
660,22000000000,0,1,-0.5934555214,-0.690494074,1.48741876,0.1240456792,0.01014435861,0.8600557139,0.4947867524
661,22033333333,0,0,-0.5888777661,-0.6883604025,1.485739123,0.1253589791,0.009327183289,0.8602931625,0.4940585031
662,22066666667,0,0,-0.5856655188,-0.6883802382,1.486340792,0.1265655185,0.01066117452,0.861901217,0.4909111946
663,22100000000,0,0,-0.5827497163,-0.6892694573,1.487486698,0.129759442,0.009424417362,0.8621252255,0.4897078344
664,22133333333,0,0,-0.5777869593,-0.6872174063,1.486005006,0.1312277094,0.007751958118,0.8612971571,0.4908017956
665,22166666667,0,0,-0.5743716105,-0.6863336063,1.485209188,0.1318985682,0.005981992934,0.8620416089,0.4893375604
666,22200000000,0,1,-0.5705473546,-0.6863037772,1.485347819,0.13358561,0.0009461871464,0.8621649303,0.4886978846
667,22233333333,0,0,-0.5665762922,-0.6841466881,1.483238702,0.1331593513,-0.00200998966,0.8621923868,0.4887625552
668,22266666667,0,0,-0.563975872,-0.684337231,1.4853512,0.1315867488,-0.002950256017,0.8632844089,0.4872537869
669,22300000000,0,0,-0.5602920128,-0.6826962664,1.485031502,0.1342845411,-0.004570977306,0.8632443388,0.4865757698
670,22333333333,0,0,-0.556463849,-0.6818856902,1.484635602,0.1352583068,-0.007961115259,0.8633617994,0.4860537155
671,22366666667,0,0,-0.5527804185,-0.6800265487,1.48462055,0.1371115709,-0.009350956619,0.8638714091,0.4846020691
672,22400000000,0,1,-0.5480127036,-0.6790563859,1.484278278,0.1403853028,-0.01429899911,0.8647536419,0.4819633225
673,22433333333,0,0,-0.5442983945,-0.6782666643,1.485991859,0.1447737825,-0.01616334017,0.8652110612,0.4797802808
674,22466666667,0,0,-0.5399148084,-0.6765775385,1.48568084,0.1496876453,-0.01616942068,0.8646484069,0.4792862309
675,22500000000,0,0,-0.5358187809,-0.6762009176,1.48664448,0.1552771779,-0.01570408561,0.8642174238,0.478299722
676,22533333333,0,0,-0.5315269734,-0.6752056856,1.48647997,0.1642925937,-0.01835748638,0.8627989631,0.4777540116
677,22566666667,0,0,-0.5276419677,-0.6728959946,1.485183587,0.1691253097,-0.019192189,0.8618759181,0.4777009434
678,22600000000,0,1,-0.5236301722,-0.6728342616,1.48574676,0.1729210423,-0.0183776358,0.8616035884,0.4768645847
679,22633333333,0,0,-0.5200341116,-0.6717975282,1.48499743,0.1802430646,-0.0178678677,0.8607949865,0.4756313365
680,22666666667,0,0,-0.516711986,-0.6703991011,1.484371045,0.1869940784,-0.01830550231,0.8599023607,0.474622011
681,22700000000,0,0,-0.5133284592,-0.6691036451,1.482703263,0.1923322254,-0.01905913552,0.859522367,0.473145184
682,22733333333,0,0,-0.50921245,-0.6687619933,1.482029766,0.1977382369,-0.02245746155,0.859309525,0.4711500742
683,22766666667,0,0,-0.5073197212,-0.6667549938,1.48232442,0.2045890137,-0.0245235135,0.8587867586,0.4690706087
684,22800000000,0,1,-0.5022409313,-0.6655783815,1.480492418,0.2071363861,-0.02314705493,0.8577015504,0.4700072147
685,22833333333,0,0,-0.4993729894,-0.6644030031,1.47962008,0.213053158,-0.0236035799,0.8565064659,0.4695187927
686,22866666667,0,0,-0.4969724532,-0.6615696215,1.477041126,0.2182317207,-0.02456515791,0.8550883236,0.4696758755
687,22900000000,0,0,-0.4936003705,-0.6598821705,1.475589575,0.2203117254,-0.02652037251,0.855004786,0.4687496447
688,22933333333,0,0,-0.4899164727,-0.6592966536,1.47474045,0.2244455154,-0.02672328368,0.8542180916,0.4682109874
689,22966666667,0,0,-0.4879706641,-0.6549902222,1.475428431,0.2300476748,-0.02709461477,0.8544922836,0.4649590159
690,23000000000,0,1,-0.4847210503,-0.6529998125,1.471957458,0.2317834946,-0.02611587942,0.852991589,0.4669044031
691,23033333333,0,0,-0.4818204756,-0.65102294,1.469612657,0.2370036105,-0.02434595966,0.8524221273,0.465417103
692,23066666667,0,0,-0.4789927502,-0.6484314671,1.469314726,0.2398532562,-0.02592629003,0.8524439175,0.4638292902
693,23100000000,0,0,-0.4751268825,-0.6471687004,1.465846587,0.241533979,-0.02507147631,0.8504591246,0.4666390848
694,23133333333,0,0,-0.4718061416,-0.6451390692,1.463776337,0.2461371287,-0.02448272235,0.8499025411,0.4652771012
695,23166666667,0,0,-0.4685184867,-0.6432403373,1.462061645,0.2501630088,-0.02430621638,0.8488960215,0.4649765816
696,23200000000,0,1,-0.4648691597,-0.6418306762,1.459068262,0.2531914107,-0.02120826457,0.8470289216,0.4668900566
697,23233333333,0,0,-0.4616114214,-0.6395795239,1.457065448,0.2580909996,-0.02216994303,0.8452966659,0.4673019111
698,23266666667,0,0,-0.4588133178,-0.6365006706,1.454847383,0.2638457963,-0.024009295,0.8439596693,0.4664129353
699,23300000000,0,0,-0.4545126571,-0.6357074714,1.453484053,0.2669873917,-0.02508615269,0.8425961437,0.4670333567
700,23333333333,0,0,-0.4509200249,-0.6339320998,1.452625951,0.2739532817,-0.026166893,0.8402939919,0.4670876794
701,23366666667,0,0,-0.447639051,-0.6310307635,1.4514966,0.2812070041,-0.02736165607,0.8383512994,0.4661985192
702,23400000000,0,1,-0.4440664419,-0.6279493136,1.451083186,0.286672195,-0.02977939882,0.8370379061,0.4650804056
703,23433333333,0,0,-0.4407760739,-0.6260568297,1.449553359,0.2935919913,-0.03218921057,0.8345115463,0.465143071
704,23466666667,0,0,-0.4373285886,-0.6238986164,1.449496945,0.29958254,-0.03493210475,0.8327529711,0.4642763605
705,23500000000,0,0,-0.4338516375,-0.6219082935,1.449008684,0.3049503723,-0.03753733977,0.8304450582,0.4647119795
706,23533333333,0,0,-0.4301405336,-0.6206307316,1.449160293,0.3088294632,-0.03943409401,0.8282799811,0.4658557586
707,23566666667,0,0,-0.4276659734,-0.6184736023,1.447921985,0.3146383882,-0.03887401278,0.8248537155,0.4680895682
708,23600000000,0,1,-0.4250702121,-0.6162227275,1.449089846,0.3178950821,-0.04102349475,0.8231373828,0.4687266141
709,23633333333,0,0,-0.4218988147,-0.6143572415,1.447507232,0.3221682914,-0.04210406224,0.8203005732,0.470682281
710,23666666667,0,0,-0.4197503176,-0.6129141628,1.44929339,0.3254632912,-0.04451541544,0.8191439616,0.4702076074
711,23700000000,0,0,-0.4170352184,-0.6110752907,1.448553014,0.3283135822,-0.04609054753,0.8157901014,0.4738906664
712,23733333333,0,0,-0.4148568288,-0.6088105445,1.447144453,0.3334127118,-0.04568767084,0.8129420696,0.475261814
713,23766666667,0,0,-0.4131108674,-0.6072801092,1.448305513,0.3375332539,-0.0484176008,0.8119084591,0.4738477524
714,23800000000,0,1,-0.4099705396,-0.6065284838,1.448036824,0.3392951667,-0.05127230222,0.8093508368,0.4766562324
715,23833333333,0,0,-0.4077995943,-0.6056341802,1.446775734,0.3427015119,-0.04985823794,0.8067558878,0.4787637908
716,23866666667,0,0,-0.4069125046,-0.604082121,1.44751028,0.346997551,-0.05060351676,0.8051553612,0.4782852998
717,23900000000,0,0,-0.404900347,-0.6032125782,1.446927647,0.349175989,-0.05148435217,0.8031997058,0.4798913656
718,23933333333,0,0,-0.4035519916,-0.602334498,1.447048397,0.3526256631,-0.05171054634,0.8015653675,0.4800772049
719,23966666667,0,0,-0.4020375615,-0.6017800919,1.446685873,0.3560426967,-0.05138653753,0.7994876747,0.4810535104
720,24000000000,0,0,-0.4015106098,-0.6007552717,1.446772145,0.3600175564,-0.05064098028,0.7974097792,0.4816227717
721,24033333333,0,1,-0.3992050765,-0.5999001782,1.448646575,0.3621583631,-0.05385238522,0.7973655163,0.4797389644
722,24066666667,0,0,-0.3980205145,-0.5991911614,1.448622416,0.3661506137,-0.05478609451,0.7963748374,0.478246098
723,24100000000,0,0,-0.3977175108,-0.5990044841,1.44861581,0.3691118722,-0.05451063112,0.7949984867,0.4782911488
724,24133333333,0,0,-0.3961158908,-0.5980475851,1.448579551,0.3718589333,-0.05439303879,0.7928451958,0.4797487118
725,24166666667,0,0,-0.3952930863,-0.5975466195,1.448561194,0.3763002751,-0.05086246903,0.7911588287,0.4794567967
726,24200000000,0,0,-0.3950370266,-0.5974055175,1.448546934,0.3806378019,-0.05047305535,0.7893877884,0.4789929582
727,24233333333,0,0,-0.393936904,-0.5967581151,1.448522328,0.3832538409,-0.05114651089,0.7882747172,0.4786684637
728,24266666667,0,1,-0.3901420336,-0.5971774838,1.451619863,0.3846182125,-0.05492450844,0.78912509,0.4757454375
729,24300000000,0,0,-0.3902552891,-0.5972445733,1.451622636,0.39012766,-0.05393106613,0.787056265,0.4747992047
730,24333333333,0,0,-0.3896545273,-0.5968867805,1.45160432,0.3929277316,-0.05417811322,0.7850351555,0.4758070348
731,24366666667,0,0,-0.3857361139,-0.5978562221,1.454091226,0.3946807213,-0.05660247181,0.7849333099,0.4742393779
732,24400000000,0,0,-0.3856447386,-0.5968913107,1.454485394,0.4004749184,-0.05350294215,0.7830156724,0.4729098558
733,24433333333,0,0,-0.3851927299,-0.5962992582,1.455330511,0.403806174,-0.05352322574,0.7812493452,0.4729960875
734,24466666667,0,1,-0.3819555647,-0.5958148151,1.455506113,0.4061020442,-0.05501775723,0.7798116934,0.4732313377
735,24500000000,0,0,-0.3816213106,-0.5955439051,1.457124812,0.4101211053,-0.05350693504,0.7786671241,0.4718211491
736,24533333333,0,0,-0.3802355677,-0.5950482008,1.456494212,0.413483373,-0.05397928381,0.77578642,0.4735748809
737,24566666667,0,0,-0.3780204116,-0.5953122661,1.456904436,0.4165971532,-0.05478619023,0.7744211961,0.4729874167
738,24600000000,0,0,-0.3769746077,-0.5947547632,1.457486957,0.4204463939,-0.05450881757,0.7730504507,0.4718544472
739,24633333333,0,0,-0.375630714,-0.5950477808,1.457647162,0.4238958872,-0.05463648817,0.7713641048,0.4715130419
740,24666666667,0,0,-0.3737703362,-0.5955790797,1.458521265,0.4268154838,-0.05588565206,0.7703570276,0.470377919
741,24700000000,0,1,-0.3709558301,-0.5961554606,1.459591342,0.4295847982,-0.05667075503,0.7695225706,0.4691272109
742,24733333333,0,0,-0.370798296,-0.5960890473,1.459994678,0.434409934,-0.05567901591,0.7684650514,0.4665290143
743,24766666667,0,0,-0.3687743634,-0.5965354852,1.460167804,0.4371503788,-0.05647379432,0.7677248244,0.4650901536
744,24800000000,0,0,-0.3662496095,-0.5973995833,1.46167854,0.4398479461,-0.05532553853,0.7672054015,0.4635393629
745,24833333333,0,0,-0.3664431504,-0.5979118312,1.46276888,0.4443920204,-0.05340468935,0.7656382712,0.4620191653
746,24866666667,0,0,-0.3649823106,-0.5978916357,1.462792221,0.4478066312,-0.05352114666,0.7639155349,0.4615601406
747,24900000000,0,1,-0.3617308751,-0.6000469735,1.463885783,0.4488841108,-0.05395695108,0.7635594468,0.461051704
748,24933333333,0,0,-0.3617239101,-0.6004123999,1.465904824,0.4528018822,-0.05229160471,0.7628850494,0.4585220222
749,24966666667,0,0,-0.3605045094,-0.6002743636,1.466278852,0.4563295861,-0.05279232693,0.7613179447,0.4575710504
750,25000000000,0,0,-0.3580512359,-0.6011861816,1.466504595,0.4586551485,-0.05226934355,0.7603603389,0.4568977189
751,25033333333,0,0,-0.3566312149,-0.6023731295,1.467766979,0.4631306735,-0.05040254134,0.7596756294,0.4537207305
752,25066666667,0,0,-0.3570369603,-0.601954079,1.468297296,0.468102239,-0.04896908319,0.7583555988,0.4509757294
753,25100000000,0,1,-0.3536991749,-0.603037082,1.467322488,0.470285801,-0.04911914936,0.7574852281,0.4501496459
754,25133333333,0,0,-0.3527224128,-0.603636955,1.468973484,0.4733045791,-0.04633055806,0.7589058382,0.4448574867
755,25166666667,0,0,-0.3521006241,-0.6039078353,1.470747924,0.4759801453,-0.04211553891,0.7590452915,0.4421757887
756,25200000000,0,0,-0.3506799515,-0.6038396377,1.471330116,0.4789429104,-0.03878972853,0.7582109994,0.4407097979
757,25233333333,0,0,-0.3485582102,-0.6047528309,1.471281556,0.4830531399,-0.03637805885,0.7569271583,0.4386314829
758,25266666667,0,0,-0.3486674733,-0.6046083054,1.472515972,0.4869731541,-0.03383422248,0.7568644402,0.4345901653
759,25300000000,0,0,-0.3465732149,-0.6044973256,1.473973951,0.4892653099,-0.03172993181,0.7562783121,0.4331925468
760,25333333333,0,1,-0.3451858077,-0.6083660033,1.475098237,0.4923517379,-0.02973987889,0.7542111392,0.4334407263
761,25366666667,0,0,-0.3459058417,-0.606613673,1.476847671,0.4976460629,-0.02993546265,0.7533498998,0.4288545122
762,25400000000,0,0,-0.343369092,-0.607134398,1.477264635,0.4983270215,-0.03121057113,0.7525565319,0.4293655159
763,25433333333,0,0,-0.3413324692,-0.6087640193,1.478683071,0.4999498625,-0.02994650369,0.7516823755,0.429100161
764,25466666667,0,0,-0.3411498523,-0.6084218452,1.4803915,0.5027936642,-0.02933676701,0.7503967001,0.4280685433
765,25500000000,0,0,-0.3383342606,-0.608225713,1.480665168,0.503733367,-0.02935826446,0.7489081134,0.4295665549
766,25533333333,0,1,-0.3357464845,-0.6101439266,1.481680829,0.5047857405,-0.02921519166,0.7482054328,0.4295654306
767,25566666667,0,0,-0.335324269,-0.6106490807,1.48422582,0.5058828858,-0.02924650102,0.7485766667,0.4276214705
768,25600000000,0,0,-0.3330038425,-0.6115166406,1.485169823,0.5059132428,-0.0294007256,0.7478836285,0.4287860378
769,25633333333,0,0,-0.3303903551,-0.6128655305,1.485858747,0.5065819197,-0.02791238526,0.7475365462,0.4287012589
770,25666666667,0,0,-0.3305370847,-0.6137090171,1.489002311,0.5077170136,-0.02828226377,0.7481407634,0.4262733228
771,25700000000,0,0,-0.3273820238,-0.6147087846,1.489579587,0.5068279906,-0.02910939493,0.7477677313,0.4279269227
772,25733333333,0,0,-0.3253632997,-0.6165423308,1.491482381,0.5062216675,-0.02741649432,0.7485285779,0.4274259319
773,25766666667,0,1,-0.3236636583,-0.6180315274,1.493387817,0.505712053,-0.02592227843,0.748604719,0.4279887027
774,25800000000,0,0,-0.3219366308,-0.6196849813,1.494980536,0.5050781838,-0.02415478316,0.7489834319,0.4281779928
775,25833333333,0,0,-0.3200841547,-0.6208133911,1.496523379,0.5039967731,-0.02288449713,0.7494601568,0.428687562
776,25866666667,0,0,-0.3179959899,-0.6232002857,1.497882703,0.5026510553,-0.02094803889,0.7501989757,0.4290741114
777,25900000000,0,0,-0.3168662335,-0.6245055293,1.500008712,0.5015715966,-0.01971058299,0.7515491006,0.4280319797
778,25933333333,0,0,-0.3148170067,-0.6265674755,1.501306011,0.4994865063,-0.01878023848,0.7531445795,0.4277075812
779,25966666667,0,0,-0.3139755023,-0.6286961152,1.504113815,0.4962372664,-0.01754834322,0.7558220409,0.4268180803
780,26000000000,0,0,-0.3121650419,-0.6314819027,1.506302237,0.4921417908,-0.01520001192,0.7575077021,0.4286577873
781,26033333333,0,1,-0.3120175372,-0.6324091148,1.509122964,0.4891426298,-0.01242074402,0.7594958831,0.4286621238
782,26066666667,0,0,-0.3114293028,-0.6337740323,1.511588738,0.4852189691,-0.01183419219,0.7612895763,0.4299542825
783,26100000000,0,0,-0.3095666719,-0.6362569376,1.513526203,0.4804551869,-0.01222616207,0.7630893198,0.4320972394
784,26133333333,0,0,-0.3080735019,-0.6393523031,1.516164149,0.4762505798,-0.01175955301,0.7650877602,0.4332295205
785,26166666667,0,0,-0.3078250602,-0.6414090163,1.519629211,0.4724287362,-0.01143599551,0.7669533248,0.4341231446
786,26200000000,0,0,-0.3063803252,-0.6435707166,1.521895528,0.4681212214,-0.01117513086,0.7681303665,0.436707429
787,26233333333,0,0,-0.3048760454,-0.6471783783,1.525092903,0.4634794205,-0.009502123058,0.7694902185,0.4392964148
788,26266666667,0,1,-0.3054868538,-0.6475261497,1.528566315,0.4619670907,-0.00782695616,0.7699486583,0.440118404
789,26300000000,0,0,-0.3035599502,-0.6498064825,1.528944524,0.4595378112,-0.006317703989,0.7695124434,0.4434362256
790,26333333333,0,0,-0.302664352,-0.6520319837,1.531508852,0.4572858521,-0.005322092015,0.7712641748,0.4427334383
791,26366666667,0,0,-0.3012861465,-0.6547820638,1.533914645,0.4557937778,-0.006242037396,0.7728740196,0.4414508114
792,26400000000,0,0,-0.3001942742,-0.6576795839,1.537126199,0.4543100541,-0.005982101293,0.7743689021,0.4403627968
793,26433333333,0,0,-0.2981990629,-0.6608239507,1.538955016,0.453589138,-0.004642952013,0.7748332475,0.4403053207
794,26466666667,0,0,-0.298644734,-0.6623508551,1.543702549,0.4530178889,-0.004446357123,0.7767913736,0.4374359201
795,26500000000,0,0,-0.2973048457,-0.6646525664,1.546587127,0.4496904655,-0.005336543462,0.7777678158,0.4391209757
796,26533333333,0,1,-0.2948122766,-0.6671524312,1.547638049,0.4483186172,-0.004110230027,0.7775670791,0.4408888307
797,26566666667,0,0,-0.2947533871,-0.6683884651,1.551203937,0.4481964406,-0.003264326763,0.778383624,0.4395773297
798,26600000000,0,0,-0.2936218071,-0.6684164143,1.552640119,0.4460823981,-0.005363469075,0.779836439,0.4391319343
799,26633333333,0,0,-0.2905083151,-0.6727511102,1.554551897,0.441035734,-0.006307219533,0.7818171601,0.4406922151
800,26666666667,0,0,-0.2901812524,-0.6752405525,1.559280502,0.4362708252,-0.003398518321,0.783372686,0.442700183
801,26700000000,0,0,-0.28832855,-0.6761704176,1.560460218,0.4305026864,-0.0009704631754,0.7827291528,0.449445846
802,26733333333,0,1,-0.2839648473,-0.6782027005,1.556373208,0.4268822647,0.001446889795,0.7818856777,0.4543393287
803,26766666667,0,0,-0.2837540909,-0.6800785277,1.561323246,0.4230123481,0.002597284049,0.7866455044,0.4497139733
804,26800000000,0,0,-0.2822788499,-0.681423731,1.565235443,0.4182703594,0.0009390265021,0.7888203775,0.4503459078
805,26833333333,0,0,-0.2786303185,-0.6842612758,1.565769389,0.4129605957,0.002185101257,0.7891614646,0.4546239705
806,26866666667,0,0,-0.2772007543,-0.6841900405,1.568782851,0.4087364445,0.002738820932,0.7915697346,0.4542514425
807,26900000000,0,0,-0.2766822128,-0.6834869568,1.571584573,0.4028642987,9.533169359e-05,0.7943883425,0.4545849855
808,26933333333,0,1,-0.272471268,-0.6902471605,1.570640825,0.393841871,0.00160683022,0.7943886698,0.4624204148
809,26966666667,0,0,-0.2700496169,-0.6933451947,1.573455684,0.3907591662,0.006234692928,0.795070529,0.4638224407
810,27000000000,0,0,-0.2698057069,-0.6919960643,1.57728779,0.3878630171,0.008338445198,0.7970389064,0.4628409359
811,27033333333,0,0,-0.2666757057,-0.6940484932,1.578968132,0.3812525451,0.007819918453,0.7982374995,0.4662641312
812,27066666667,0,0,-0.2632904036,-0.6967598755,1.581465056,0.3764122261,0.007847014979,0.7993636931,0.4682626896
813,27100000000,0,0,-0.2611801934,-0.6969612105,1.584045918,0.3730146985,0.007742535407,0.8004744917,0.4690849348
814,27133333333,0,0,-0.2578139289,-0.6977477728,1.585083875,0.3682369624,0.006678525304,0.8019857028,0.4702933864
815,27166666667,0,1,-0.2568805608,-0.7007377147,1.586792406,0.3649809559,0.007024560089,0.8028353811,0.471375549
816,27200000000,0,0,-0.2538945797,-0.7025309937,1.589809966,0.3595862581,0.008590814695,0.8039402919,0.4736073563
817,27233333333,0,0,-0.2512620239,-0.7030774205,1.593057409,0.3551446559,0.0093324736,0.804663936,0.4757111818
818,27266666667,0,0,-0.2481119629,-0.703965825,1.59475272,0.3503212729,0.009152674038,0.8048856742,0.4789052994
819,27300000000,0,0,-0.2449656565,-0.7053497157,1.59704963,0.3451770163,0.009211414053,0.8054231202,0.4817276977
820,27333333333,0,0,-0.2412890674,-0.7071618908,1.599030032,0.3406292215,0.009305499465,0.8056951525,0.4845002192
821,27366666667,0,1,-0.2403259279,-0.7076160347,1.600337813,0.3388231957,0.00938312706,0.8057491921,0.4856737984
822,27400000000,0,0,-0.2370406692,-0.709136861,1.60142311,0.33388023,0.009109376528,0.8065014452,0.4878487779
823,27433333333,0,0,-0.2336218639,-0.711901703,1.603251379,0.3293367833,0.01031322522,0.8072497567,0.489672085
824,27466666667,0,0,-0.2314977156,-0.7129743635,1.606371748,0.3255346375,0.01151380911,0.8083938515,0.4902999213
825,27500000000,0,0,-0.2290741846,-0.7135380297,1.607137101,0.3212272315,0.01227285541,0.8089255303,0.4922417386
826,27533333333,0,0,-0.2255536548,-0.7169918826,1.608042811,0.3155828213,0.01386637313,0.8097482176,0.4944927003
827,27566666667,0,0,-0.2232009119,-0.7191312637,1.611432278,0.3122456516,0.01610302943,0.8106752804,0.4950241764
828,27600000000,0,0,-0.22119225,-0.7202373416,1.612941823,0.3080608373,0.01816247968,0.81082727,0.4973206039
829,27633333333,0,1,-0.2193977479,-0.7224805899,1.612675619,0.3046666363,0.02041207568,0.8107716443,0.4994105813
830,27666666667,0,0,-0.2171882462,-0.7241707418,1.61515009,0.3013396525,0.02144425921,0.8119427745,0.4994832216
831,27700000000,0,0,-0.2149174182,-0.7244683248,1.615213091,0.2979646626,0.02184188475,0.8128989018,0.4999353632
832,27733333333,0,0,-0.2122146935,-0.7273601376,1.617358411,0.2933223892,0.0213173983,0.8148044418,0.4996011071
833,27766666667,0,0,-0.2098024712,-0.728676093,1.61900306,0.2912427111,0.02012670073,0.8156079353,0.4995560979
834,27800000000,0,0,-0.2073222376,-0.7299317679,1.619292858,0.2885163733,0.0190493579,0.8166339829,0.4995041164
835,27833333333,0,0,-0.204854731,-0.7317105109,1.622101263,0.2853314886,0.01704065229,0.8183595491,0.4985811932
836,27866666667,0,0,-0.2023753541,-0.7335626275,1.623324646,0.2817444897,0.01688489076,0.8187121774,0.5000453116
837,27900000000,0,1,-0.2009578978,-0.7340585355,1.62415626,0.279021894,0.01799245013,0.8190960487,0.5009039005
838,27933333333,0,0,-0.1994077779,-0.7337710794,1.625119163,0.27546788,0.01680351703,0.8205280557,0.5005684755
839,27966666667,0,0,-0.1961855218,-0.7369062964,1.626233394,0.2707675009,0.01525684151,0.8213216116,0.5018794672
840,28000000000,0,0,-0.1930195418,-0.7390547083,1.628584153,0.2676100463,0.0157395854,0.8218700148,0.5026597331
841,28033333333,0,0,-0.1914940544,-0.7387074569,1.632340339,0.2652258781,0.0145994307,0.8228128551,0.5024152621
842,28066666667,0,0,-0.1887381104,-0.7390224679,1.631849792,0.2617220203,0.01376859069,0.8224277631,0.5049005689
843,28100000000,0,0,-0.1859323299,-0.7393334598,1.633245079,0.2580524682,0.01319541717,0.8241165859,0.5040502529
844,28133333333,0,1,-0.1848400147,-0.7376318152,1.6345081,0.2550431027,0.01040455886,0.8263652259,0.5019614272
845,28166666667,0,0,-0.1819903724,-0.7387997126,1.635421435,0.2480611058,0.009094944781,0.82852705,0.5019222024
846,28200000000,0,0,-0.1794740987,-0.7409766696,1.638562993,0.2393553843,0.01020913925,0.8297274204,0.5041400414
847,28233333333,0,0,-0.1768489215,-0.7406514183,1.63987493,0.2317352807,0.01277232172,0.8290941792,0.5086634147
848,28266666667,0,0,-0.1745614621,-0.7391404232,1.640952837,0.2244471325,0.01332619663,0.8296547322,0.5109979672
849,28300000000,0,0,-0.1724887106,-0.739173699,1.641763725,0.2167085901,0.01166742286,0.8308938176,0.5123638572
850,28333333333,0,1,-0.1686824947,-0.7403274584,1.643260374,0.2091748627,0.01089167885,0.831147768,0.515092842
851,28366666667,0,0,-0.1667633052,-0.7395744914,1.644923245,0.2047550026,0.01178889112,0.8317150501,0.5159326374
852,28400000000,0,0,-0.164398033,-0.7392518903,1.647017003,0.1989466312,0.0109468105,0.831996941,0.5177658693
853,28433333333,0,0,-0.1611832116,-0.7397114658,1.647003427,0.194417968,0.01103845148,0.83171651,0.519930239
854,28466666667,0,0,-0.1590734424,-0.7394226492,1.649566116,0.1908400488,0.01076733692,0.8324072471,0.5201560489
855,28500000000,0,0,-0.1556653555,-0.7392408102,1.649725137,0.1878909533,0.009921726165,0.8315411679,0.5226259035
856,28533333333,0,1,-0.1523065803,-0.7381212009,1.649682532,0.1863054918,0.009038891397,0.8322376894,0.522100556
857,28566666667,0,0,-0.149659298,-0.7381451315,1.652529609,0.1844653017,0.007568159813,0.8331937321,0.5212518395
858,28600000000,0,0,-0.1459150501,-0.7375845991,1.651854065,0.1832894852,0.006671432569,0.8326030881,0.5226208514
859,28633333333,0,0,-0.1422287982,-0.7375333507,1.651757127,0.1834981277,0.00599973127,0.8335176055,0.5210958086
860,28666666667,0,0,-0.1390941996,-0.7369818069,1.653916758,0.1843314734,0.003705854827,0.8351279188,0.5182369476
861,28700000000,0,0,-0.1355787409,-0.7362633652,1.654454616,0.1845223116,0.00164797332,0.8356905521,0.5172717872
862,28733333333,0,1,-0.1304880857,-0.7358836942,1.653099791,0.1840608381,0.001523544724,0.8359218916,0.5170627407
863,28766666667,0,0,-0.1271379244,-0.7352104743,1.654917928,0.1854954851,0.001347383048,0.8373668263,0.514204636
864,28800000000,0,0,-0.1241045988,-0.7345720314,1.655923165,0.1852086379,0.00127104373,0.8375930817,0.5139396602
865,28833333333,0,0,-0.1197119525,-0.7347219334,1.654859735,0.1834504911,0.003799928118,0.8363730394,0.5165381078
866,28866666667,0,0,-0.1168293897,-0.7328291537,1.655186753,0.1849791143,0.004733562746,0.8366865641,0.5154763953
867,28900000000,0,0,-0.1139145963,-0.7307616408,1.655599611,0.1853209579,0.002944227264,0.8367660689,0.5152378286
868,28933333333,0,0,-0.1100951313,-0.7304601983,1.652835234,0.1847108108,0.002387697655,0.8360463385,0.5166263013
869,28966666667,0,1,-0.1049727398,-0.7293952367,1.651897084,0.1856233819,0.00210840879,0.8366158265,0.5153770208
870,29000000000,0,0,-0.1033817646,-0.7274087479,1.652768776,0.1869540064,0.002715331453,0.8373578769,0.5136853243
871,29033333333,0,0,-0.1006367026,-0.7251849922,1.650730639,0.1859178606,0.003300072202,0.8368395888,0.514901118
872,29066666667,0,0,-0.09703529968,-0.7237318006,1.648931208,0.185041894,0.002827705094,0.8367945194,0.5152925711
873,29100000000,0,0,-0.09461247626,-0.7213784479,1.647938084,0.1837236329,0.00249593027,0.8369771785,0.5154693005
874,29133333333,0,0,-0.09043841001,-0.7198944323,1.645552123,0.1805820682,0.001930924229,0.8356737819,0.5186865319
875,29166666667,0,0,-0.08784320341,-0.7174859566,1.640885721,0.1795570609,0.002921524391,0.8347624208,0.5205020916
876,29200000000,0,1,-0.08583354876,-0.7150329947,1.637859611,0.1783413398,0.003378529846,0.8353174041,0.5200267171
877,29233333333,0,0,-0.08290652018,-0.7133314649,1.634495336,0.1755369352,0.003521857304,0.8351494365,0.521248309
878,29266666667,0,0,-0.08015992137,-0.71163207,1.631332161,0.1732413346,0.004770136736,0.835054122,0.5221583085
879,29300000000,0,0,-0.07732422881,-0.7094742397,1.627653909,0.1704020137,0.005567313656,0.8345557033,0.5238787425
880,29333333333,0,0,-0.07518632244,-0.7075930037,1.623775525,0.1688625042,0.005742779999,0.8344798483,0.5244958131
881,29366666667,0,0,-0.07237084545,-0.7063446184,1.620771192,0.1658639842,0.006249192067,0.8345185333,0.5253845295
882,29400000000,0,1,-0.07045164742,-0.705051562,1.616727908,0.1641221826,0.006939320295,0.8331247767,0.5281276943
883,29433333333,0,0,-0.06883707446,-0.7034364321,1.612347543,0.1618780381,0.006874440723,0.8326389071,0.5295853976
884,29466666667,0,0,-0.06733698048,-0.7020112421,1.609111781,0.1589828266,0.007195949358,0.8330084649,0.5298769447
885,29500000000,0,0,-0.06556174345,-0.7004272865,1.608089355,0.1548396906,0.007167007983,0.8331914899,0.5308156416
886,29533333333,0,0,-0.06310010101,-0.6998463512,1.601635391,0.1518228257,0.007501766755,0.8308906194,0.5352703352
887,29566666667,0,0,-0.06296840719,-0.6979957695,1.600815171,0.149895558,0.007552307908,0.8328850756,0.5327069882
888,29600000000,0,1,-0.06117249872,-0.6970201303,1.598208358,0.1454571815,0.005886627284,0.8320772021,0.5352149902
889,29633333333,0,0,-0.05853638952,-0.696950148,1.59268983,0.1419190941,0.00663975599,0.8308293791,0.5380868212
890,29666666667,0,0,-0.05927489931,-0.6947626547,1.592816497,0.1413129739,0.007434463147,0.832647141,0.5354195651
891,29700000000,0,0,-0.05830005442,-0.6941054687,1.590514239,0.1378889415,0.006176386054,0.832355027,0.5367807756
892,29733333333,0,0,-0.05733181164,-0.693957347,1.58651812,0.1348959703,0.005644967779,0.831453825,0.5389394663
893,29766666667,0,0,-0.05719480567,-0.6938798895,1.582403231,0.1315015518,0.006701993432,0.8315792132,0.5395724579
894,29800000000,0,1,-0.05610780028,-0.6941553221,1.580428304,0.1267061535,0.007844977027,0.8330261368,0.5384714127
895,29833333333,0,0,-0.05522243155,-0.693386772,1.578812602,0.1227169969,0.008032679948,0.8336206109,0.5384725543
896,29866666667,0,0,-0.05442150135,-0.6929194945,1.576031986,0.1193137409,0.009715328615,0.8340441998,0.5385537266
897,29900000000,0,0,-0.05536116978,-0.6917920931,1.575346359,0.1176591485,0.01027312568,0.8351626956,0.5371722811
898,29933333333,0,0,-0.05391061721,-0.6912360711,1.573329483,0.1133349532,0.009242914994,0.8355751735,0.5374791961
899,29966666667,0,0,-0.05335176634,-0.6902635286,1.572154113,0.1109367169,0.009722672221,0.8363542266,0.536758905
900,30000000000,0,0,-0.05226670163,-0.6894527969,1.57183651,0.1088976777,0.01001117607,0.8367194127,0.5366019908
901,30033333333,0,0,-0.05245847632,-0.6888864872,1.5695417,0.1071549669,0.01106275676,0.8361964065,0.5377462211
902,30066666667,0,0,-0.0515563712,-0.6882037494,1.568445575,0.1041749994,0.01152607297,0.836757785,0.5374487216
903,30100000000,0,0,-0.05075553146,-0.6870768294,1.568335097,0.1016945118,0.01182472767,0.8374954749,0.5367678564
904,30133333333,0,1,-0.04867765315,-0.6885337654,1.566173852,0.09770976213,0.01291986393,0.8364337558,0.5391330556
905,30166666667,0,0,-0.04844694665,-0.6878712426,1.566400564,0.0960863638,0.01318914845,0.8366884882,0.5390230336
906,30200000000,0,0,-0.04913010467,-0.6875708157,1.564063107,0.09457283849,0.01155864046,0.8354518702,0.541241673
907,30233333333,0,0,-0.0470593607,-0.6872471493,1.562330757,0.09016291342,0.009032731226,0.8360071974,0.5411848341
908,30266666667,0,0,-0.04647769388,-0.6859154482,1.562564576,0.08729719904,0.008302959662,0.8372176603,0.5397933393
909,30300000000,0,0,-0.04514882652,-0.6856455213,1.56057434,0.08220125761,0.008017351253,0.837182817,0.5406510948
910,30333333333,0,0,-0.04355307007,-0.6854585482,1.558303234,0.07784749145,0.008844680638,0.8376646535,0.5405362781
911,30366666667,0,0,-0.04322025239,-0.6842202043,1.560083023,0.07432217561,0.009723850421,0.8396653785,0.5379067885
912,30400000000,0,0,-0.04144833552,-0.6840352269,1.557265491,0.06931396042,0.009872467225,0.8383237523,0.5406582984
913,30433333333,0,0,-0.04168548519,-0.6833227845,1.556143499,0.06575085954,0.01120444781,0.8393727616,0.53944847
914,30466666667,0,1,-0.04222899115,-0.681981846,1.555734807,0.0615913849,0.01204722138,0.8397861223,0.5392778824
915,30500000000,0,0,-0.04039089791,-0.6808394583,1.554724913,0.05573736367,0.01222908764,0.8392240327,0.5407835228
916,30533333333,0,0,-0.03973743679,-0.6801320349,1.552198228,0.05196285036,0.01386218523,0.8385154481,0.5422172492
917,30566666667,0,0,-0.04029025894,-0.6790327658,1.552567396,0.05050190455,0.01320404841,0.8394088783,0.5409879349
918,30600000000,0,0,-0.03909194994,-0.6775529691,1.551913151,0.04556309501,0.01194384429,0.8390956069,0.5419408745
919,30633333333,0,0,-0.03807360212,-0.6765646889,1.54989672,0.04199175739,0.01329624663,0.8384369622,0.5432157606
920,30666666667,0,0,-0.03826826836,-0.6755271759,1.550453405,0.04016161284,0.01341853735,0.8386551044,0.5430143678
921,30700000000,0,0,-0.03922411611,-0.6742394293,1.54852745,0.03716930142,0.01240216823,0.8374663216,0.5450823694
922,30733333333,0,0,-0.03821115099,-0.6723836445,1.546891545,0.03272303748,0.01051426896,0.8367539244,0.5464993348
923,30766666667,0,1,-0.03709609592,-0.6711887988,1.544889775,0.02802539495,0.01045874149,0.835794873,0.5482263421
924,30800000000,0,0,-0.03766095951,-0.6692081721,1.543087652,0.02375520821,0.01182232021,0.834810787,0.5498971475
925,30833333333,0,0,-0.03697019622,-0.667834021,1.540191299,0.01861004042,0.01356037842,0.8338291189,0.5515421861
926,30866666667,0,0,-0.03759425495,-0.6661669032,1.539999925,0.01620539219,0.01464884475,0.8343008571,0.5508764621
927,30900000000,0,0,-0.037006302,-0.6649461631,1.537467033,0.01245084579,0.01522511043,0.8329030147,0.5530693813
928,30933333333,0,0,-0.03774822504,-0.6639450604,1.534516864,0.01047082974,0.01665679463,0.8323629865,0.5538815502
929,30966666667,0,0,-0.03880850352,-0.6615817782,1.534848894,0.00977303536,0.01530359076,0.8335338555,0.552169901
930,31000000000,0,1,-0.03855472566,-0.6605732868,1.531549453,0.008040951684,0.01320984179,0.8316623031,0.5550663535
931,31033333333,0,0,-0.03888722394,-0.6585472837,1.529367125,0.007076500752,0.01203938741,0.8309838244,0.5561212637
932,31066666667,0,0,-0.03913826422,-0.6563153647,1.526788433,0.005933690484,0.009971207546,0.8303571985,0.5571106616
933,31100000000,0,0,-0.03901216365,-0.6540735123,1.523549827,0.004672631216,0.008450037613,0.8296980221,0.5581289775
934,31133333333,0,0,-0.03841487166,-0.6515061291,1.521488879,0.00413254935,0.008192090054,0.8296099879,0.5582679283
935,31166666667,0,0,-0.03843085827,-0.6493270711,1.518932283,0.005889179378,0.008541727001,0.8286516151,0.5596685244
936,31200000000,0,0,-0.03858961602,-0.646600111,1.516233854,0.007269744962,0.008075361622,0.8274926115,0.561371461
937,31233333333,0,1,-0.0386629917,-0.6445065913,1.512216015,0.009701625933,0.007290431239,0.8258572209,0.563748684
938,31266666667,0,0,-0.03907008836,-0.6417330226,1.510659768,0.0128097129,0.005041917304,0.8255921125,0.5640994186
939,31300000000,0,0,-0.03939497154,-0.6391546223,1.506712482,0.01573644008,0.00171858299,0.8238623655,0.5665688075
940,31333333333,0,0,-0.03904517487,-0.6362509028,1.504109494,0.01825326989,-0.002377737004,0.8238632939,0.5664895741
941,31366666667,0,0,-0.03877684926,-0.6334168539,1.50269194,0.0208174362,-0.005197478012,0.823530477,0.5668660989
942,31400000000,0,0,-0.03844928805,-0.6309599759,1.498295338,0.02319557889,-0.007973655739,0.8209548762,0.5704660176
943,31433333333,0,1,-0.03857952184,-0.6291622619,1.493184702,0.02488524542,-0.009430444592,0.8192741055,0.5727841926
944,31466666667,0,0,-0.03832262171,-0.6264001177,1.491400174,0.02675740258,-0.01193266362,0.8196682537,0.5720888103
945,31500000000,0,0,-0.03756119167,-0.6239667637,1.488376895,0.02855142242,-0.01412048337,0.8182937222,0.5739170781
946,31533333333,0,0,-0.03712894775,-0.6222278534,1.483096184,0.03191860535,-0.0151425849,0.8164370878,0.576352658
947,31566666667,0,0,-0.03708917806,-0.619902531,1.482520521,0.03629503434,-0.01888832086,0.8180125427,0.5737433065
948,31600000000,0,0,-0.03579913098,-0.6180244247,1.479477809,0.03873094696,-0.02279825295,0.8169485334,0.574956735
949,31633333333,0,1,-0.03298354756,-0.6161147688,1.477603307,0.04068669208,-0.02521564477,0.817065151,0.5745548742
950,31666666667,0,0,-0.03306648597,-0.6140164965,1.476236999,0.04669513043,-0.02635565971,0.8168179555,0.5743982692
951,31700000000,0,0,-0.0325189079,-0.6121397493,1.474110153,0.05201032902,-0.03041010656,0.8161184905,0.5747353831
952,31733333333,0,0,-0.03012291487,-0.6105445112,1.471719677,0.05555130588,-0.03391983636,0.8152915897,0.5753808485
953,31766666667,0,0,-0.02854994113,-0.6086042673,1.471013957,0.06156038398,-0.03457956701,0.8154112763,0.5745598516
954,31800000000,0,0,-0.02911398243,-0.6075786674,1.468088784,0.07138926228,-0.03668153335,0.8133223694,0.5762506067
955,31833333333,0,1,-0.02848545003,-0.6065994444,1.463776642,0.07874520141,-0.04102860005,0.8123918697,0.5763118055
956,31866666667,0,0,-0.02730814228,-0.6050330447,1.465096463,0.08436455966,-0.0454773347,0.8152711795,0.5710931072
957,31900000000,0,0,-0.02655969869,-0.6033753749,1.464099146,0.09110300043,-0.04806796003,0.8150454556,0.5701671858
958,31933333333,0,0,-0.02698960828,-0.6021793463,1.462072836,0.09856060593,-0.05110364281,0.8147932089,0.5690221888
959,31966666667,0,0,-0.02587348048,-0.6007913892,1.463020729,0.1033700104,-0.05582385152,0.816245695,0.5656335422
960,32000000000,0,0,-0.02412962614,-0.599161205,1.463067579,0.1083984231,-0.05861771906,0.8158949865,0.5649151405
961,32033333333,0,1,-0.02336252067,-0.5978583048,1.46114893,0.1144151033,-0.05955281421,0.8146942495,0.5653635346
962,32066666667,0,0,-0.02271710092,-0.5966418322,1.461150898,0.1211735565,-0.06083837435,0.8153537995,0.5628621883
963,32100000000,0,0,-0.02170311849,-0.5955092713,1.462178727,0.1273074392,-0.06140106777,0.8155314217,0.5611873351
964,32133333333,0,0,-0.02005056989,-0.5945550399,1.461898721,0.1333878713,-0.06024521676,0.8143306374,0.5616438396
965,32166666667,0,0,-0.02004563714,-0.5936329605,1.461938933,0.1415164844,-0.05678511014,0.8130233322,0.5619088869
966,32200000000,0,0,-0.01985967219,-0.5930813235,1.461695266,0.1480254464,-0.05596657971,0.8116783903,0.5622583036
967,32233333333,0,1,-0.01664898035,-0.5929695715,1.463153492,0.1522050325,-0.05777582572,0.8105305654,0.5626151301
968,32266666667,0,0,-0.01775320304,-0.5919844063,1.462296846,0.1618362797,-0.05417475812,0.8076161188,0.5644734881
969,32300000000,0,0,-0.01813216175,-0.5912307879,1.462033244,0.1696097229,-0.05554418194,0.8061532901,0.5641491457
970,32333333333,0,0,-0.01574701788,-0.5904840123,1.463584947,0.1749664304,-0.0603589468,0.80570722,0.562653909
971,32366666667,0,0,-0.01371957832,-0.5893972494,1.46648347,0.1804562633,-0.06197083008,0.8051413717,0.5615536705
972,32400000000,0,0,-0.01183100858,-0.5885235505,1.467977549,0.1878955256,-0.06139237127,0.8020089441,0.5636558363
973,32433333333,0,1,-0.01090909326,-0.58925833,1.465172057,0.1979468372,-0.06192145062,0.7958600929,0.5688492736
974,32466666667,0,0,-0.01005156772,-0.5888472353,1.464912357,0.205913429,-0.0649828121,0.794378788,0.5677492714
975,32500000000,0,0,-0.00804036051,-0.5880811465,1.466644456,0.213257942,-0.06940438593,0.7942377363,0.5647039045
976,32533333333,0,0,-0.004906170104,-0.5883178768,1.46767273,0.220707073,-0.07239376829,0.7925811267,0.563793125
977,32566666667,0,0,-0.004911526785,-0.588438394,1.468880787,0.2305651093,-0.07146540623,0.7913767874,0.5616539917
978,32600000000,0,0,-0.00279509233,-0.5879562226,1.469222817,0.237028187,-0.0724708668,0.7893152624,0.5617357285
979,32633333333,0,1,0.0009987237705,-0.5905863656,1.467154055,0.2448736792,-0.0744166472,0.7857489418,0.5631142374
980,32666666667,0,0,0.001195725154,-0.5907154129,1.467574647,0.2544794994,-0.07436927746,0.7861728069,0.558248791
981,32700000000,0,0,0.003013352151,-0.5911152237,1.467972708,0.2616135234,-0.0760437145,0.7863199785,0.5545057342
982,32733333333,0,0,0.00411421133,-0.590932139,1.46969777,0.2682181906,-0.07552514096,0.7877351179,0.5493890601
983,32766666667,0,0,0.004565495291,-0.5892558466,1.472242104,0.2753126266,-0.07450215157,0.7886819692,0.5446403754
984,32800000000,0,0,0.005261604796,-0.5893578431,1.471839289,0.2826610044,-0.07387412127,0.7862101027,0.5445356234
985,32833333333,0,1,0.008226789212,-0.5900603641,1.470394809,0.2877873081,-0.07596506747,0.7840510727,0.5446757652
986,32866666667,0,0,0.008543571871,-0.5892511014,1.472275858,0.294603778,-0.07686194093,0.7847728325,0.5398448456
987,32900000000,0,0,0.01054059387,-0.5886948797,1.473683716,0.2999210712,-0.07859186672,0.7834602747,0.5385728061
988,32933333333,0,0,0.012116907,-0.5880164087,1.473998667,0.3060284207,-0.07800208976,0.7817369581,0.5377263319
989,32966666667,0,0,0.01391926752,-0.5874456555,1.474418317,0.3119134606,-0.07791294646,0.780150701,0.5366604603
990,33000000000,0,0,0.01644704348,-0.5866840865,1.475551865,0.3188939638,-0.07842645667,0.778276998,0.5352016864
991,33033333333,0,1,0.01820031687,-0.5880226938,1.474541942,0.3280818988,-0.08047894544,0.7737753895,0.5358703702
992,33066666667,0,0,0.01996188409,-0.5872325961,1.474806506,0.3354345478,-0.08481496235,0.7715683148,0.5338280826
993,33100000000,0,0,0.02356694018,-0.5865429261,1.476107966,0.3411954463,-0.08896741444,0.7698535853,0.531973612
994,33133333333,0,0,0.02613349079,-0.5857043961,1.477421988,0.3483967896,-0.09052982321,0.7669408345,0.5312492678
995,33166666667,0,0,0.02905115839,-0.5849069793,1.476429795,0.3565975961,-0.09303650891,0.762628614,0.5315825049
996,33200000000,0,0,0.03396172057,-0.5853146141,1.477697758,0.3626217719,-0.09568143658,0.7615122085,0.5286299931
997,33233333333,0,1,0.03692669102,-0.5854068108,1.479849761,0.3711729722,-0.09691340312,0.7590346586,0.5260273796
998,33266666667,0,0,0.04116507251,-0.5850712282,1.48021376,0.377332445,-0.09685774311,0.7561078036,0.5258705096
999,33300000000,0,0,0.04451927231,-0.5845154505,1.482222633,0.3850972125,-0.09640332832,0.7543365096,0.522860369
1000,33333333333,0,0,0.04741782677,-0.5836998227,1.483588033,0.3959014082,-0.09676027347,0.7506953799,0.5199576627
1001,33366666667,0,0,0.05095758911,-0.5830699209,1.48396092,0.40514053,-0.09839537701,0.7475750992,0.5170212489
1002,33400000000,0,0,0.05493897934,-0.5827742176,1.486494367,0.4135058129,-0.09954186808,0.7459741311,0.5124714187
1003,33433333333,0,1,0.05883858673,-0.5840083174,1.487290711,0.4234434184,-0.1009173911,0.7423502043,0.5093402848
1004,33466666667,0,0,0.06135590952,-0.5838995835,1.490052913,0.4335355628,-0.1020731068,0.7404818259,0.5033037473
1005,33500000000,0,0,0.06541867654,-0.584276042,1.489166353,0.4440706652,-0.1029340754,0.7354145455,0.5013693915
1006,33533333333,0,0,0.06833344676,-0.5845137513,1.49141709,0.4523559022,-0.1030856686,0.7354917398,0.4937604514
1007,33566666667,0,0,0.0705439518,-0.5847950669,1.49480772,0.4604714987,-0.1016704717,0.7340333577,0.4886963719
1008,33600000000,0,0,0.07270281373,-0.5847598617,1.494032662,0.4691644717,-0.09730553355,0.7294394327,0.4881950897
1009,33633333333,0,1,0.07884154415,-0.5865378606,1.496192885,0.4738228214,-0.09904129748,0.7280830658,0.4853635798
1010,33666666667,0,0,0.08103619565,-0.5868576842,1.49615467,0.4824615807,-0.09684995069,0.7259210285,0.4805096988
1011,33700000000,0,0,0.08382806001,-0.5869161268,1.49748783,0.4879364118,-0.09506555487,0.7259855281,0.4752111228
1012,33733333333,0,0,0.0880393244,-0.5883783406,1.501610292,0.4917488936,-0.09280080656,0.7259631311,0.4717505361
1013,33766666667,0,0,0.08967179357,-0.5885352387,1.501277462,0.4992303467,-0.08654520499,0.7218455861,0.471399977
1014,33800000000,0,0,0.09300617043,-0.5889229144,1.502154717,0.504688579,-0.08373559137,0.7192853535,0.4700067756
1015,33833333333,0,1,0.09939084992,-0.5904259261,1.506291954,0.5081415405,-0.08451919373,0.7183926854,0.4675046847
1016,33866666667,0,0,0.09951599451,-0.5895943496,1.505945075,0.5170466795,-0.07985392774,0.7146588073,0.4642724099
1017,33900000000,0,0,0.1020319169,-0.589148278,1.50807515,0.5207714901,-0.07806544669,0.7124759002,0.4637681886
1018,33933333333,0,0,0.1051314501,-0.5884893636,1.509693131,0.526091134,-0.07610069979,0.7086591714,0.463938553
1019,33966666667,0,1,0.1023723514,-0.5855816157,1.506282481,0.5360293616,-0.07096214379,0.7014127507,0.4643889004
1020,34000000000,0,0,0.1038657213,-0.5838910422,1.50710768,0.5403916169,-0.07600377957,0.6965747594,0.4658153394
1021,34033333333,0,0,0.106589668,-0.5824890439,1.507415667,0.5458463401,-0.08297278776,0.6916880157,0.4655480409
1022,34066666667,0,0,0.1087255264,-0.581468583,1.508501788,0.551123857,-0.09026556943,0.6880634432,0.4633393135
1023,34100000000,0,0,0.109418878,-0.5804825213,1.509522609,0.5553621006,-0.09390640662,0.6847086276,0.4625241825
1024,34133333333,0,0,0.1124666976,-0.5792792205,1.51033319,0.5588206705,-0.09629146649,0.6804146042,0.4642018721
1025,34166666667,0,1,0.1174984705,-0.5782014538,1.51137955,0.5635167905,-0.09939042843,0.6757354333,0.4647063522
1026,34200000000,0,0,0.1195386029,-0.5772139483,1.511380949,0.5693872635,-0.1022741345,0.671586687,0.4629357055
1027,34233333333,0,0,0.1217550217,-0.5762228421,1.512732184,0.5745140531,-0.10287621,0.6682462898,0.4612992353
1028,34266666667,0,0,0.1231055197,-0.5751981105,1.513104499,0.5828135895,-0.1003303437,0.6630427794,0.4589514295
1029,34300000000,0,0,0.1243922583,-0.5742639754,1.513032408,0.5906716627,-0.09943665973,0.6577289995,0.4567405181
1030,34333333333,0,0,0.1264110989,-0.5735764037,1.51364403,0.5972100328,-0.09752745239,0.6522899989,0.4564497016
1031,34366666667,0,1,0.1276854774,-0.5729667752,1.513388676,0.6055207186,-0.09468600005,0.6457933427,0.4553352384
1032,34400000000,0,0,0.1287952662,-0.5727207336,1.513252133,0.6130636204,-0.09422351253,0.6397491337,0.4538677924
1033,34433333333,0,0,0.130385754,-0.5720226769,1.513694633,0.6212788954,-0.09392426784,0.6338906066,0.4509694722
1034,34466666667,0,0,0.1317878202,-0.571794881,1.513570911,0.6299955348,-0.09395031697,0.6284336285,0.4464864372
1035,34500000000,0,0,0.1302213405,-0.5713742813,1.513378267,0.6384696169,-0.08964164582,0.6223362287,0.4438677078
1036,34533333333,0,0,0.1326617963,-0.5708299954,1.514298783,0.6460320072,-0.09036381848,0.615135446,0.4428153217
1037,34566666667,0,1,0.1350792944,-0.57100613,1.513144568,0.6566668318,-0.09355911018,0.60734206,0.4372310453
1038,34600000000,0,0,0.1351354827,-0.5712302806,1.513102854,0.6657972121,-0.09482219431,0.6011060086,0.4317341662
1039,34633333333,0,0,0.1368254956,-0.5706013115,1.514048605,0.672886755,-0.0957974888,0.5956068587,0.4281340047
1040,34666666667,0,0,0.1373775631,-0.5698375797,1.514616071,0.6808361338,-0.09269743726,0.5916001464,0.4217565776
1041,34700000000,0,0,0.1368992872,-0.5699318548,1.513960033,0.688764323,-0.08893818373,0.585988331,0.4175061469
1042,34733333333,0,0,0.1380722729,-0.5699137592,1.515028442,0.6951947237,-0.08644230248,0.581359887,0.4138269037
1043,34766666667,0,1,0.1412702775,-0.5737025354,1.517272675,0.6977884646,-0.0913112052,0.5799060398,0.4104418441
1044,34800000000,0,0,0.1407289974,-0.573883381,1.517020879,0.7040276987,-0.08818299026,0.5756521952,0.4064397985
1045,34833333333,0,0,0.1410736622,-0.5740291714,1.517125762,0.7107222045,-0.08734872357,0.5716487861,0.4005768514
1046,34866666667,0,0,0.1414689343,-0.574000686,1.517380236,0.7160912095,-0.08833023816,0.5694509503,0.3938740457
1047,34900000000,0,0,0.14124812,-0.5740038747,1.517495598,0.7224561411,-0.08592401912,0.5673826321,0.3856826882
1048,34933333333,0,0,0.1401843674,-0.5746296113,1.517115543,0.7279400298,-0.08251338281,0.5645017867,0.380305913
1049,34966666667,0,1,0.1395644407,-0.5750946097,1.517090528,0.732795222,-0.07951032912,0.5609726807,0.376827443
1050,35000000000,0,0,0.139497594,-0.5748223965,1.517046436,0.7379410251,-0.07631591536,0.5586490218,0.3708506369
1051,35033333333,0,0,0.138822888,-0.5757146217,1.517057165,0.7419724798,-0.07490380114,0.5568782289,0.3657224331
1052,35066666667,0,0,0.1382969958,-0.5764209336,1.517073214,0.7446905926,-0.07592252768,0.5542300433,0.3640065248
1053,35100000000,0,0,0.1383976224,-0.5761385837,1.517034811,0.7474436733,-0.07736459306,0.5525040126,0.3606688109
1054,35133333333,0,0,0.1379780985,-0.5767545523,1.517105826,0.7490947466,-0.07958399319,0.5514388698,0.3583833443
1055,35166666667,0,1,0.1374253623,-0.5776883101,1.517098666,0.7501564005,-0.08144851519,0.5497191179,0.3583858334
1056,35200000000,0,0,0.1376059332,-0.5772487301,1.517075885,0.7519465632,-0.08061752864,0.5485635199,0.3565883408
1057,35233333333,0,0,0.1369536591,-0.5783718564,1.517190073,0.7512509973,-0.08270379766,0.5497871449,0.3556910405
1058,35266666667,0,0,0.1370086181,-0.5786039725,1.517237243,0.7482599022,-0.08487887235,0.5510331593,0.3595346342
1059,35300000000,0,0,0.1374130424,-0.5777664533,1.517160001,0.7473452446,-0.08030181115,0.5519904137,0.3610170186
1060,35333333333,0,0,0.1364960684,-0.5795500034,1.517217407,0.7443335674,-0.07854978084,0.5534010104,0.3654378114
1061,35366666667,0,1,0.1361811819,-0.5802551532,1.517168909,0.7425728085,-0.07625545044,0.5532516823,0.3697070549
1062,35400000000,0,0,0.1359668434,-0.5806752055,1.517131655,0.7408918055,-0.07266418969,0.5540815805,0.3725491245
1063,35433333333,0,0,0.1357259251,-0.580908435,1.517091342,0.7408150199,-0.06840271162,0.5543680262,0.3730821182
1064,35466666667,0,0,0.1350987922,-0.5818793573,1.51718481,0.7399332119,-0.0672319958,0.5557908898,0.3729278582
1065,35500000000,0,0,0.1337985127,-0.5812879847,1.518456266,0.7375608075,-0.06009517241,0.5592257477,0.3737100327
1066,35533333333,0,0,0.1325725876,-0.5827600087,1.518778003,0.7380061298,-0.05645818982,0.5586566715,0.3742487791
1067,35566666667,0,1,0.1310104278,-0.5856472308,1.52326323,0.7326214936,-0.05703788114,0.5647793067,0.3755486146
1068,35600000000,0,0,0.1309296702,-0.5855798761,1.523998589,0.7320615141,-0.05001200087,0.5634345563,0.3796396188
1069,35633333333,0,0,0.1290238576,-0.5875684391,1.524133685,0.733613182,-0.04781217931,0.5608848972,0.3807017556
1070,35666666667,0,0,0.128342096,-0.5880180541,1.526213189,0.7350423239,-0.04493964922,0.5603868701,0.3790247563
1071,35700000000,0,0,0.1259563261,-0.5911480365,1.526525176,0.7356429605,-0.04534946643,0.560029944,0.3783375773
1072,35733333333,0,1,0.1242569953,-0.5936592449,1.533073793,0.7310149498,-0.04751299542,0.566174095,0.3778975425
1073,35766666667,0,0,0.1235335978,-0.5949978132,1.534471607,0.7320974331,-0.04700703603,0.5648000888,0.3779213499
1074,35800000000,0,0,0.1215988489,-0.5971899477,1.535455372,0.7321286859,-0.04785209428,0.5639811888,0.3789762303
1075,35833333333,0,0,0.1204773304,-0.5983598473,1.536591584,0.7321490384,-0.04678444123,0.5618864861,0.3821682592
1076,35866666667,0,0,0.1188265304,-0.5996736359,1.538680723,0.7324570386,-0.04683101488,0.5617573001,0.3817620704
1077,35900000000,0,0,0.1168704572,-0.6019805907,1.539777836,0.7321427983,-0.0493852313,0.5618885109,0.3818498699
1078,35933333333,0,1,0.1137569548,-0.6028939999,1.545358553,0.7276880256,-0.04845214776,0.5685375798,0.3806409689
1079,35966666667,0,0,0.1120693912,-0.605264795,1.546594458,0.7267412682,-0.04901472102,0.5686036466,0.3822755279
1080,36000000000,0,0,0.1102068797,-0.6066114429,1.547911456,0.724956497,-0.05010157294,0.5701716188,0.3831869451
1081,36033333333,0,0,0.1088632262,-0.6081586169,1.549491165,0.7221528843,-0.05081060847,0.5732402867,0.3838086339
1082,36066666667,0,0,0.106023299,-0.6100161496,1.550212373,0.7187178332,-0.04935567956,0.5763081037,0.385846683
1083,36100000000,0,0,0.1042014628,-0.6119731304,1.551315969,0.7149430889,-0.04869092435,0.5791982055,0.3886065006
1084,36133333333,0,1,0.1024153355,-0.6134654101,1.55432684,0.7090951162,-0.04637127944,0.5861567912,0.3891709609
1085,36166666667,0,0,0.09912051853,-0.6161284258,1.554714613,0.705650859,-0.04480628172,0.5900953344,0.3896623649
1086,36200000000,0,0,0.09670900075,-0.617308754,1.556653011,0.7007590365,-0.04081161293,0.5947650888,0.3918235244
1087,36233333333,0,0,0.09814971702,-0.6176881697,1.558988657,0.697866031,-0.03703891528,0.5992617403,0.3905079873
1088,36266666667,0,0,0.09201225904,-0.6221614821,1.55839768,0.6955572135,-0.03196169728,0.6038566151,0.3879894341
1089,36300000000,0,0,0.08870600217,-0.6242765691,1.559309879,0.690478541,-0.0302355154,0.6082203851,0.3903756668
1090,36333333333,0,1,0.08610113534,-0.6253694684,1.560668623,0.6856676664,-0.02357741505,0.6129920266,0.3918478431
1091,36366666667,0,0,0.08092984085,-0.6274867116,1.560594473,0.6833404195,-0.02109564946,0.614669352,0.3934239854
1092,36400000000,0,0,0.08056048028,-0.6287461505,1.561967287,0.6795517226,-0.02100934499,0.6179565513,0.3948389095
1093,36433333333,0,0,0.07771579574,-0.6303029744,1.56258659,0.6773807642,-0.020210252,0.6211996219,0.3935198542
1094,36466666667,0,0,0.07459626354,-0.6319126348,1.563110088,0.6740555633,-0.01885994118,0.6249566677,0.3933478914
1095,36500000000,0,0,0.07340963199,-0.6327731204,1.564109843,0.6707581249,-0.01799871506,0.6277630083,0.394554419
1096,36533333333,0,1,0.07149883105,-0.6345737958,1.565136862,0.6677548725,-0.01642126515,0.6318282092,0.3932262534
1097,36566666667,0,0,0.06912527478,-0.635452517,1.56575386,0.6641876932,-0.01454027187,0.6347944057,0.3945622272
1098,36600000000,0,0,0.07069420376,-0.6362924854,1.566999917,0.661518291,-0.01331038066,0.6384843766,0.3931336736
1099,36633333333,0,0,0.06527623537,-0.6385234937,1.566743338,0.6589172405,-0.00794938254,0.641667947,0.3924628942
1100,36666666667,0,0,0.06575480185,-0.6387665391,1.567649204,0.6558136909,-0.004746956345,0.6433919076,0.3948831757
1101,36700000000,0,0,0.06456067093,-0.6406789851,1.56799225,0.6547231904,-0.001522098628,0.6454784302,0.3933100855
1102,36733333333,0,1,0.06105777691,-0.6422239469,1.569122719,0.6527094411,0.001102289325,0.6489149093,0.3909969449
1103,36766666667,0,0,0.0595939354,-0.64304868,1.570304867,0.6507220225,0.003113555035,0.6506371685,0.3914363679
1104,36800000000,0,0,0.05764243983,-0.6443941564,1.570957508,0.6497117055,0.004485134299,0.6516596123,0.3914004765
1105,36833333333,0,0,0.05485321048,-0.6457207384,1.571519917,0.6485458128,0.003978060389,0.6528684089,0.3913251134
1106,36866666667,0,0,0.05574633203,-0.6462439265,1.573009391,0.646503228,0.001979898924,0.6547459838,0.3915831368
1107,36900000000,0,0,0.05199650815,-0.6476529483,1.573797097,0.6450691581,0.004222060083,0.6561354081,0.391604752
1108,36933333333,0,0,0.05140496214,-0.647976617,1.57467908,0.6432174386,0.002625785762,0.6564725209,0.3940916915
1109,36966666667,0,0,0.05205750205,-0.6488974251,1.57568657,0.6407872043,3.250777359e-05,0.6589238538,0.3939684156
1110,37000000000,0,1,0.04937728844,-0.6499830724,1.576850966,0.637949,-0.0001055548205,0.6620083083,0.3934031799
1111,37033333333,0,0,0.04844583695,-0.6506176026,1.578028531,0.6339890307,0.001355420908,0.6632221448,0.3977341555
1112,37066666667,0,0,0.04965219423,-0.651324706,1.57921891,0.6309145472,0.0023897122,0.6645402112,0.4004090796
1113,37100000000,0,0,0.04784365486,-0.6526255771,1.580571851,0.6279970306,0.001938443461,0.6675128316,0.400053236
1114,37133333333,0,0,0.04846194542,-0.6533842857,1.582083457,0.6244139369,0.0007023935221,0.6699365118,0.4016115189
1115,37166666667,0,0,0.04775912987,-0.6551770696,1.583810824,0.6206600511,0.002609065776,0.6719354998,0.4040754605
1116,37200000000,0,1,0.04777772169,-0.6563747978,1.586669817,0.6176743162,0.002334205562,0.6736570535,0.4057821643
1117,37233333333,0,0,0.048425216,-0.6574328508,1.588134316,0.6145566475,0.0005227659087,0.6754548527,0.4075298708
1118,37266666667,0,0,0.04954914919,-0.6591062415,1.590586208,0.6104550479,-0.001750700111,0.6796116953,0.4067794404
1119,37300000000,0,0,0.04782164942,-0.6609256995,1.593129772,0.6069519778,-0.0001041268529,0.6823954856,0.4073643172
1120,37333333333,0,0,0.04657580455,-0.6629641461,1.595645137,0.6020521966,0.004079551239,0.6832568309,0.4131302613
1121,37366666667,0,0,0.04748270987,-0.6642252586,1.598759631,0.5975978856,0.00657661876,0.6841084573,0.4181257394
1122,37400000000,0,1,0.04759438287,-0.6658296031,1.601420195,0.5942016721,0.006456038049,0.6862788308,0.4194091784
1123,37433333333,0,0,0.0467927282,-0.6677910967,1.605032646,0.5894228964,0.007604028264,0.6894238234,0.4209722315
1124,37466666667,0,0,0.04631793488,-0.669153406,1.608695173,0.5855613209,0.008171548413,0.6915494931,0.4228598631
1125,37500000000,0,0,0.04713204968,-0.671003569,1.611459664,0.5824157587,0.007258468272,0.6936702346,0.4237461555
1126,37533333333,0,0,0.04529149098,-0.6730072982,1.615159005,0.5776667696,0.007390622255,0.6974330824,0.4240678926
1127,37566666667,0,0,0.04535240459,-0.6752711616,1.619326473,0.5736204445,0.007225137698,0.6993064935,0.4264713485
1128,37600000000,0,1,0.0447315089,-0.6770840394,1.622937633,0.5704927687,0.006675693485,0.7005916099,0.4285613516
1129,37633333333,0,0,0.04630125823,-0.6791777557,1.625911806,0.5671266037,0.004442882141,0.7024854129,0.4299557196
1130,37666666667,0,0,0.04533135059,-0.6822080077,1.629931972,0.564532549,0.003631210205,0.7049106398,0.429407505
1131,37700000000,0,0,0.04556412182,-0.6848978916,1.633731244,0.562426515,0.003342858718,0.7060328136,0.4303288354
1132,37733333333,0,0,0.0470347248,-0.6867083773,1.636195385,0.5611542145,0.002859347868,0.70736946,0.4297978813
1133,37766666667,0,0,0.04625075683,-0.6901094004,1.639350337,0.5593904038,0.003522612654,0.7101518137,0.4274977998
1134,37800000000,0,1,0.04479949609,-0.6932010859,1.643359583,0.5570419198,0.005502494166,0.7120343682,0.4274120736
1135,37833333333,0,0,0.04582069354,-0.6958103268,1.64634699,0.5547056392,0.008581572402,0.7119958823,0.4304531031
1136,37866666667,0,0,0.04418351852,-0.6986261356,1.648330767,0.5542175693,0.0103566979,0.7123650465,0.4304319519
1137,37900000000,0,0,0.04389641595,-0.7005636087,1.651169364,0.5519227534,0.008918469283,0.7140145006,0.430679728
1138,37933333333,0,0,0.04298467157,-0.7057834937,1.65575937,0.5490522562,0.009199590766,0.7171569186,0.4291187967
1139,37966666667,0,0,0.04267836941,-0.7079467326,1.65780553,0.5464970455,0.007860206505,0.718835933,0.4295975999
1140,38000000000,0,1,0.04277915831,-0.7099620957,1.660412963,0.5431652009,0.007176234681,0.7211345252,0.4299826307
1141,38033333333,0,0,0.04113876194,-0.7126195727,1.66364138,0.5395492286,0.007831227738,0.7230874712,0.4312421719
1142,38066666667,0,0,0.04013405894,-0.7147373098,1.665989317,0.5356155011,0.007375229687,0.7246681,0.433494851
1143,38100000000,0,0,0.0410486068,-0.7165274584,1.66822882,0.5308928795,0.005586174865,0.7273192229,0.4348888285
1144,38133333333,0,0,0.04004835054,-0.7190558184,1.671917718,0.5270042145,0.005088191325,0.730431508,0.4344081954
1145,38166666667,0,0,0.03750183838,-0.7216296615,1.675945891,0.522643184,0.004492600867,0.7327041358,0.435853838
1146,38200000000,0,1,0.03991516637,-0.7229232656,1.679025239,0.5174771488,0.002084318634,0.7350895673,0.4380141368
1147,38233333333,0,0,0.03803215369,-0.7259128154,1.682957599,0.5135407715,0.002089898405,0.7382878211,0.4372671969
1148,38266666667,0,0,0.03637476766,-0.7284649651,1.687633173,0.5086041282,0.0004015827925,0.7409893594,0.4384705791
1149,38300000000,0,0,0.03772937032,-0.7308933117,1.690855797,0.5042680506,-0.0004141076504,0.7431120723,0.4398840867
1150,38333333333,0,0,0.03538124241,-0.7338673772,1.694885274,0.5010576677,-0.0011845554,0.7463286809,0.4381019408
1151,38366666667,0,0,0.03607653487,-0.7360750547,1.699639964,0.4957724804,-0.001749625952,0.7499198048,0.437980448
1152,38400000000,0,1,0.0351069307,-0.7411303501,1.705893834,0.4904923105,0.0009679654716,0.7531412992,0.438399977
1153,38433333333,0,0,0.03377905287,-0.7437769948,1.711315793,0.4862966529,0.003379016871,0.7547674101,0.4402616315
1154,38466666667,0,0,0.03479256116,-0.7462180058,1.714745895,0.4837203989,0.003882829611,0.7556878396,0.441514879
1155,38500000000,0,0,0.03312129715,-0.7487710432,1.720062865,0.4805640146,0.00408293218,0.7583135378,0.4404567355
1156,38533333333,0,0,0.03294357861,-0.7524376666,1.725851924,0.4768109323,0.004301225667,0.7594825904,0.4425144394
1157,38566666667,0,0,0.03320992695,-0.754031372,1.729640857,0.4753581751,0.005100667845,0.7591924454,0.4445620534
1158,38600000000,0,1,0.03315462379,-0.7564145112,1.733965485,0.4718665763,0.003699838128,0.7613114439,0.4446719361
1159,38633333333,0,0,0.03413195599,-0.7585615795,1.737794113,0.4680420046,0.002108281277,0.7636738475,0.4446734665
1160,38666666667,0,0,0.03346764127,-0.761621714,1.742244806,0.4649829013,0.002696205588,0.7650475423,0.445517553
1161,38700000000,0,0,0.03345717184,-0.7636238839,1.745041742,0.4617584523,0.003497344344,0.7662852056,0.4467369294
1162,38733333333,0,0,0.03389170443,-0.765148851,1.747516632,0.4577841936,0.003632191629,0.7684022149,0.4471895296
1163,38766666667,0,0,0.03372158489,-0.7677617849,1.750937955,0.4531828591,0.005036283078,0.7708013227,0.447733462
1164,38800000000,0,1,0.03383301023,-0.7697002873,1.754637058,0.4477489691,0.007189897658,0.7725709275,0.4501147942
1165,38833333333,0,0,0.03453352452,-0.7706589252,1.75634368,0.4426650382,0.008835450403,0.7738939072,0.452833103
1166,38866666667,0,0,0.03555481951,-0.7710680743,1.757741583,0.4373042519,0.009031771111,0.77643242,0.4536916525
1167,38900000000,0,0,0.03600786809,-0.7727936258,1.760955809,0.4314875099,0.007998291578,0.7797890651,0.4535235056
1168,38933333333,0,0,0.03716619623,-0.7749476361,1.764150718,0.4257799565,0.008903449682,0.7815617599,0.4558435836
1169,38966666667,0,0,0.03768881123,-0.7760534165,1.766217633,0.4216991596,0.01098040005,0.7828218756,0.4574266725
1170,39000000000,0,1,0.03856666125,-0.7759212651,1.767842249,0.41735937,0.009338408765,0.7852400918,0.4572985333
1171,39033333333,0,0,0.04000046279,-0.7784568082,1.770434366,0.4119402349,0.007484286142,0.7882587555,0.4570529101
1172,39066666667,0,0,0.04042021512,-0.7803931841,1.77360923,0.4074851015,0.007347113419,0.7905468678,0.4570968845
1173,39100000000,0,0,0.0417844171,-0.7812005163,1.775679159,0.4022237104,0.006842521509,0.7926184503,0.4581760131
1174,39133333333,0,0,0.04413506208,-0.7829555074,1.776978999,0.3968432123,0.006321453834,0.7951014145,0.4585730527
1175,39166666667,0,0,0.045047543,-0.7849742843,1.779772863,0.3917426598,0.00676741517,0.7979245575,0.4580483502
1176,39200000000,0,1,0.0462901862,-0.7863617296,1.782519143,0.3862937028,0.007382082807,0.8002140667,0.4586721352
1177,39233333333,0,0,0.04921646603,-0.7872888747,1.783873106,0.380396969,0.008465987249,0.802537378,0.4595217404
1178,39266666667,0,0,0.05084962238,-0.7889491594,1.786789944,0.3745596198,0.009670916297,0.8056827429,0.4587884942
1179,39300000000,0,0,0.05313106804,-0.7902846291,1.78850969,0.369323008,0.009125042369,0.8084894197,0.4581070918
1180,39333333333,0,0,0.05635747349,-0.7912130825,1.789745454,0.3631222505,0.009264571914,0.8122628408,0.4563830369
1181,39366666667,0,0,0.05720393092,-0.7944378628,1.793731867,0.3565051721,0.01160557885,0.8161204311,0.4546612088
1182,39400000000,0,1,0.05841325171,-0.7963791583,1.796875949,0.3498835858,0.01445300572,0.8182260709,0.4559371491
1183,39433333333,0,0,0.06122911556,-0.7975261807,1.799322918,0.3436304602,0.01708722684,0.8200298217,0.4573589673
1184,39466666667,0,0,0.06193698424,-0.7999162526,1.803459622,0.3379198151,0.01848405746,0.8218050164,0.4583721775
1185,39500000000,0,0,0.0645597899,-0.8015344677,1.806459779,0.3313259815,0.02032125307,0.8220989795,0.462561789
1186,39533333333,0,0,0.06861551823,-0.8016886939,1.807777432,0.3267439066,0.02149791838,0.8227158113,0.4646664963
1187,39566666667,0,0,0.06842934011,-0.8042468885,1.811484742,0.323345178,0.02037874555,0.8244150784,0.4640822999
1188,39600000000,0,1,0.0711233698,-0.8052272342,1.813670277,0.3187188191,0.01885051397,0.8247631239,0.4667212894
1189,39633333333,0,0,0.0747393379,-0.8069209875,1.814849669,0.3149602092,0.02157424446,0.8243280393,0.4699126539
1190,39666666667,0,0,0.07546402977,-0.8084552575,1.817961972,0.3126389875,0.02211725843,0.8247621529,0.4706751337
1191,39700000000,0,0,0.07899429566,-0.8093834783,1.818789535,0.3087995507,0.02087588708,0.8251794284,0.472531423
1192,39733333333,0,0,0.08193727392,-0.8115613254,1.819855348,0.3063225433,0.02099929036,0.8259952738,0.4727127426
1193,39766666667,0,0,0.08295461779,-0.8147673261,1.82365329,0.3030329966,0.02249110929,0.8267755996,0.473399684
1194,39800000000,0,1,0.08601266545,-0.8138976282,1.823712097,0.3005200953,0.02306999981,0.8266815731,0.4751347431
1195,39833333333,0,0,0.08866715533,-0.8154143874,1.824278529,0.297810208,0.02261902414,0.8280956988,0.4743995925
1196,39866666667,0,0,0.09005374997,-0.8179836794,1.827552493,0.2948331982,0.02221181409,0.8296632186,0.4735387675
1197,39900000000,0,0,0.0926328937,-0.8193247479,1.829851227,0.2904907285,0.02277588148,0.8302154559,0.4752248864
1198,39933333333,0,0,0.09623586112,-0.8201952115,1.830587144,0.2865822606,0.02384051088,0.8306716162,0.4767461631
1199,39966666667,0,0,0.0974624626,-0.8206668842,1.83228035,0.2839670978,0.02293325189,0.8318594365,0.4762841917
1200,40000000000,0,1,0.1005147446,-0.8220943043,1.833547384,0.2791940711,0.02144267839,0.8330467009,0.4770996503
1201,40033333333,0,0,0.1038293052,-0.8239750907,1.834797184,0.2751324758,0.02177494066,0.8338446517,0.4780492333
1202,40066666667,0,0,0.1063962916,-0.8246797121,1.838000539,0.270825891,0.02228644929,0.8351406505,0.4782224847
1203,40100000000,0,0,0.1096630426,-0.8244415411,1.837728827,0.2667176024,0.02039329535,0.8367096127,0.4778732657
1204,40133333333,0,0,0.1132017326,-0.8264618617,1.840541523,0.2603268006,0.01978211499,0.8394723047,0.4765762
1205,40166666667,0,0,0.1168723126,-0.8277477047,1.842244867,0.2549739791,0.02096417127,0.8413425219,0.4761213442
1206,40200000000,0,1,0.1213799604,-0.8278698247,1.843854336,0.2484489898,0.02108775042,0.8443889971,0.4741683539
1207,40233333333,0,0,0.1250850741,-0.8295642552,1.845544777,0.2415892261,0.02072984049,0.8484472348,0.4704702003
1208,40266666667,0,0,0.127643899,-0.8328948785,1.848948309,0.2336469511,0.02345328626,0.8516809986,0.468506694
1209,40300000000,0,0,0.1320738614,-0.8335167166,1.850009183,0.2256305976,0.0275098039,0.8540938074,0.4678224154
1210,40333333333,0,0,0.1347811224,-0.836619582,1.852280808,0.2188009371,0.0309076516,0.856853334,0.4658038546
1211,40366666667,0,0,0.1382963113,-0.8399471895,1.855377378,0.2119054383,0.03364904332,0.8587666488,0.4652780566
1212,40400000000,0,1,0.1434777441,-0.8426106822,1.859697766,0.2053945963,0.03529885773,0.8603349261,0.4651783156
1213,40433333333,0,0,0.1504575973,-0.8446356467,1.864028302,0.1990772851,0.02953793948,0.863211544,0.4629919817
1214,40466666667,0,0,0.1543272222,-0.8458864139,1.866281164,0.1951686832,0.02437150312,0.8646780288,0.4622197761
1215,40500000000,0,0,0.1590312441,-0.8475344713,1.867202328,0.1911407625,0.02250522981,0.8656597327,0.4621600921
1216,40533333333,0,0,0.1621703604,-0.8497914659,1.870935122,0.1878698597,0.02291468826,0.8665197334,0.4618694454
1217,40566666667,0,0,0.1654495962,-0.8504374331,1.872382517,0.1837111417,0.0235301754,0.8664416363,0.4636544383
1218,40600000000,0,1,0.1712396471,-0.8512314689,1.873171775,0.1779253848,0.02358831789,0.8670678209,0.4647359924
1219,40633333333,0,0,0.1740096729,-0.8515940571,1.875596923,0.1741206339,0.02230169723,0.8675995349,0.4652479836
1220,40666666667,0,0,0.1781805672,-0.8515387019,1.875108149,0.1692054879,0.01940597646,0.8678648815,0.4666941808
1221,40700000000,0,0,0.1829061967,-0.8528579537,1.875786636,0.164514618,0.01846761338,0.8688007869,0.4666680624
1222,40733333333,0,0,0.186938344,-0.8534881381,1.876516306,0.1613491594,0.01782819182,0.8695096705,0.4664777993
1223,40766666667,0,0,0.1914333623,-0.8530287327,1.876256737,0.1577512412,0.01668627663,0.8707238158,0.4654848555
1224,40800000000,0,1,0.1975727734,-0.8536860483,1.877103163,0.1528583226,0.01531720956,0.8726700579,0.4635155729
1225,40833333333,0,0,0.2016888418,-0.854638076,1.878219922,0.1495819479,0.0139564318,0.8740204827,0.462080788
1226,40866666667,0,0,0.2061401421,-0.8550721209,1.878026965,0.1452311669,0.01336954759,0.8749971785,0.4616374128
1227,40900000000,0,0,0.2104029925,-0.8552936468,1.878403167,0.1411171643,0.01306578549,0.8760995727,0.4608305218
1228,40933333333,0,0,0.2146360582,-0.8550522043,1.877979484,0.1366266142,0.01116943966,0.8770232828,0.4604764633
1229,40966666667,0,0,0.2202692272,-0.8545827202,1.87703526,0.1315013788,0.01008985427,0.8782252525,0.4597020645
1230,41000000000,0,1,0.2251975445,-0.8556685478,1.876173213,0.1265224126,0.009592368318,0.8794547392,0.458758572
1231,41033333333,0,0,0.230035066,-0.8548783578,1.875161636,0.1216122987,0.008619887359,0.8808772309,0.4573745188
1232,41066666667,0,0,0.2341822108,-0.8550731002,1.872878672,0.1155438909,0.00892670314,0.8826620879,0.4554970492
1233,41100000000,0,0,0.2386835502,-0.8568200558,1.873945771,0.1085723594,0.01173948175,0.8840941893,0.4543695542
1234,41133333333,0,0,0.2436711642,-0.8560183677,1.872122009,0.1016652505,0.01664047048,0.884423896,0.4551721034
1235,41166666667,0,0,0.2468242676,-0.8550897225,1.869101313,0.09631342559,0.01845490023,0.8858287532,0.4535312126
1236,41200000000,0,1,0.2505266467,-0.8592220033,1.869339645,0.08881302797,0.01944147018,0.8869331116,0.4528619335
1237,41233333333,0,0,0.2556757226,-0.8594771512,1.866125104,0.08240786644,0.02204881381,0.8873265616,0.453182487
1238,41266666667,0,0,0.2587945578,-0.8598325562,1.863820231,0.0783840538,0.02352728693,0.8890385153,0.450458572
1239,41300000000,0,0,0.262266197,-0.8610123698,1.863441838,0.07310145003,0.02251332431,0.8905859372,0.4483369455
1240,41333333333,0,0,0.2672621282,-0.8627745549,1.861609276,0.06687945726,0.02395280066,0.8910317035,0.4483479729
1241,41366666667,0,0,0.2712790887,-0.8638239984,1.859273573,0.06282650428,0.02628056743,0.8917100843,0.4474542298
1242,41400000000,0,1,0.272178146,-0.8634119143,1.858606445,0.05970264656,0.02647927089,0.8928802327,0.4455326388
1243,41433333333,0,0,0.2764726579,-0.8650155885,1.85610363,0.05308827381,0.02552581522,0.8932186959,0.4457470462
1244,41466666667,0,0,0.2807759444,-0.8662577793,1.853456896,0.04823700455,0.02737533904,0.8944226395,0.4437701253
1245,41500000000,0,0,0.2823377639,-0.8675852677,1.854817476,0.04392553631,0.0284071675,0.8950691137,0.4428485765
1246,41533333333,0,0,0.285845863,-0.867520544,1.852320433,0.03590732681,0.0280967414,0.8939552918,0.4458308797
1247,41566666667,0,0,0.2914736124,-0.8671890892,1.848594278,0.02885659137,0.02860739341,0.8937902438,0.4466406994
1248,41600000000,0,1,0.2922019064,-0.8682154277,1.851384473,0.02563457611,0.02930469683,0.8939877671,0.4463966571
1249,41633333333,0,0,0.2950101613,-0.8671479766,1.849461937,0.01706919139,0.02689178064,0.8919926975,0.4509262716
1250,41666666667,0,0,0.3009046359,-0.8660426649,1.845940653,0.009803182555,0.02575111432,0.8913965954,0.4523857729
1251,41700000000,0,0,0.3019229109,-0.866769969,1.847800429,0.006045581185,0.02446858284,0.8910492256,0.4532063735
1252,41733333333,0,1,0.3045527072,-0.8663157104,1.847343666,-0.005314349343,0.02131472109,0.886499208,0.4622083887
1253,41766666667,0,1,0.3135246816,-0.8568838477,1.833765466,-0.01660683471,0.01456430921,0.8842705147,0.4664523027
1254,41800000000,0,0,0.3135028979,-0.8591398968,1.836914403,-0.02116081717,0.008293141859,0.8879494327,0.4593791992
1255,41833333333,0,0,0.3139070596,-0.8593783259,1.840250995,-0.03088655495,0.006622402656,0.8868318123,0.4610113894
1256,41866666667,0,0,0.3225665553,-0.859333194,1.835647478,-0.04544749715,0.009810385372,0.8836710305,0.4657937218
1257,41900000000,0,0,0.3274673361,-0.8581585851,1.833155957,-0.05274427296,0.01338875155,0.8836583483,0.4649588224
1258,41933333333,0,1,0.3327695933,-0.8570273736,1.831954425,-0.0612711114,0.009919624138,0.8826162787,0.4659784936
1259,41966666667,0,0,0.3381294217,-0.8542633189,1.826898986,-0.07184684046,0.00968192987,0.8810352136,0.467462559
1260,42000000000,0,0,0.3423161917,-0.8548349827,1.829160382,-0.0795794683,0.01114721369,0.8815676835,0.465167999
1261,42033333333,0,0,0.3454138317,-0.8565183427,1.830502764,-0.08688518166,0.01364326822,0.8786362857,0.4693219618
1262,42066666667,0,0,0.3501327249,-0.8543758288,1.828041719,-0.09544128739,0.01552273991,0.8749587473,0.4744440912
1263,42100000000,0,0,0.35522913,-0.8506731716,1.826496822,-0.1017889485,0.01247162376,0.872828536,0.4771308157
1264,42133333333,0,1,0.3585495324,-0.8491953289,1.824739955,-0.1049158951,0.004694560031,0.8703268131,0.481146396
1265,42166666667,0,0,0.3635186776,-0.8468023835,1.823563412,-0.1128064492,0.0007067434788,0.8679691358,0.4836360045
1266,42200000000,0,0,0.3680195886,-0.8454310454,1.822144773,-0.1176014801,-0.001024041276,0.8663051659,0.4854731742
1267,42233333333,0,0,0.3711380083,-0.8449638002,1.821593415,-0.1219195457,-0.0009393745248,0.8644369177,0.48773308
1268,42266666667,0,0,0.3744529681,-0.8428191911,1.819901479,-0.1282463729,0.0007173297579,0.861976223,0.4904583002
1269,42300000000,0,0,0.3787659979,-0.8396492082,1.817419606,-0.1338940885,0.002024969918,0.8606091425,0.4913452721
1270,42333333333,0,1,0.3809002853,-0.8374998977,1.814479396,-0.1364871758,3.757444815e-05,0.8595639569,0.4924642662
1271,42366666667,0,0,0.3843557483,-0.8353361287,1.812083173,-0.1428513218,-0.002870594608,0.8586987495,0.4921602556
1272,42400000000,0,0,0.3883987698,-0.8331762999,1.809324671,-0.1478337405,-0.003469432315,0.8585658037,0.4909153786
1273,42433333333,0,0,0.3904535651,-0.8333934144,1.807288813,-0.1514375364,-0.002128469047,0.8584400284,0.4900437326
1274,42466666667,0,0,0.3930183604,-0.8323055295,1.805199701,-0.1566570425,-0.002897629083,0.8582966348,0.488648198
1275,42500000000,0,0,0.3957162648,-0.830534927,1.802671757,-0.162608231,-0.002844374172,0.8579453864,0.4873193887
1276,42533333333,0,1,0.3997262565,-0.8274936303,1.799278618,-0.1680918428,-0.001596749067,0.8581764274,0.4850523706
1277,42566666667,0,0,0.4010410912,-0.8270710194,1.797742455,-0.1713495505,-0.0006637203312,0.8576774705,0.48479712
1278,42600000000,0,0,0.4024716368,-0.8253747833,1.792715951,-0.1761051701,-0.002310952952,0.8562199487,0.4856634926
1279,42633333333,0,0,0.4056288901,-0.8236595231,1.790788853,-0.1815937067,-0.004296896289,0.8563675507,0.4833630938
1280,42666666667,0,0,0.4076281078,-0.822077773,1.787357404,-0.185836792,-0.004489061663,0.855177818,0.4838547661
1281,42700000000,0,0,0.4094756533,-0.8206653937,1.782998975,-0.1906774677,-0.0049214168,0.8540269827,0.483999789
1282,42733333333,0,1,0.4114458255,-0.8178666389,1.777378462,-0.1955304493,-0.00563624698,0.853584178,0.4828355073
1283,42766666667,0,0,0.412800663,-0.8168579374,1.774029828,-0.2008700342,-0.005408106624,0.8536068426,0.4806010196
1284,42800000000,0,0,0.4148130048,-0.8158600371,1.772160759,-0.2077291848,-0.001940366104,0.8527459374,0.4792381318
1285,42833333333,0,0,0.4167930173,-0.8134415715,1.767874152,-0.214375649,0.0035403685,0.8506540304,0.4800190281
1286,42866666667,0,0,0.4186590781,-0.8114206895,1.762614226,-0.2184527714,0.006057266908,0.8496392922,0.4799528825
1287,42900000000,0,0,0.4195702748,-0.8111236199,1.760008639,-0.2221491224,0.00852332671,0.8493989978,0.4786423121
1288,42933333333,0,1,0.4217962876,-0.8099847795,1.756751321,-0.2281006335,0.01206848037,0.8477223103,0.4787393209
1289,42966666667,0,0,0.4235389146,-0.8072667116,1.75202961,-0.2326465362,0.01469374556,0.8463035209,0.4789885527
1290,43000000000,0,0,0.4237251413,-0.8073759146,1.748530475,-0.2348457199,0.01641535393,0.8461776374,0.4780809867
1291,43033333333,0,0,0.4245999971,-0.8063265216,1.747409336,-0.2396012845,0.01639839534,0.8445017823,0.4786847154
1292,43066666667,0,0,0.4265043462,-0.8032965885,1.742001618,-0.2461277313,0.01723499556,0.8416110723,0.4804319907
1293,43100000000,0,0,0.427818269,-0.8024211122,1.740352694,-0.2490687545,0.01872636683,0.8410852416,0.4797808824
1294,43133333333,0,1,0.4278010772,-0.8019644934,1.737672717,-0.2518523903,0.01859327886,0.8384852866,0.4828737802
1295,43166666667,0,0,0.4290058338,-0.7994309159,1.733181754,-0.2565265929,0.01646511913,0.8361688372,0.4845045745
1296,43200000000,0,0,0.4301216839,-0.798077899,1.730572978,-0.260258595,0.01491904899,0.8353481833,0.4839796467
1297,43233333333,0,0,0.4318657876,-0.7961101226,1.728691797,-0.264717214,0.01491204168,0.8339877221,0.483907953
1298,43266666667,0,0,0.433026346,-0.7938753337,1.72508491,-0.2682789587,0.01468658189,0.8320735698,0.4852466168
1299,43300000000,0,0,0.434234641,-0.7932358965,1.723643388,-0.2721301329,0.01445277963,0.8305906823,0.4856494893
1300,43333333333,0,1,0.4368053571,-0.7893080377,1.720857028,-0.2771827629,0.01268812255,0.8283664347,0.4866392682
1301,43366666667,0,0,0.4387874493,-0.7868705114,1.717641166,-0.2804022544,0.0121920609,0.8266854659,0.4876649155
1302,43400000000,0,0,0.440355529,-0.7859929584,1.716476816,-0.2832544414,0.01228415822,0.8255966851,0.4878587238
1303,43433333333,0,0,0.4425276989,-0.7839547836,1.714059381,-0.2877428227,0.01082408932,0.8228630594,0.4898808963
1304,43466666667,0,0,0.4448311386,-0.7810068336,1.710786911,-0.2924602293,0.01025170175,0.8209268954,0.4903477841
1305,43500000000,0,0,0.447392064,-0.78016511,1.710044369,-0.2964051299,0.01148881267,0.8198042197,0.4898296107
1306,43533333333,0,1,0.4492780971,-0.7767550754,1.707622419,-0.3003364057,0.01194160417,0.8171308469,0.4918867964
1307,43566666667,0,0,0.4516250692,-0.7741909271,1.703379827,-0.3045577214,0.01183031477,0.8151581246,0.4925666148
1308,43600000000,0,0,0.4543900544,-0.7735585903,1.702620922,-0.3081642872,0.01117768253,0.8146608234,0.4911594185
1309,43633333333,0,0,0.458062523,-0.7707358818,1.700098823,-0.3129639495,0.01072102483,0.8129092165,0.4910368944
1310,43666666667,0,0,0.4615896943,-0.7689655397,1.697215465,-0.317240515,0.01314903651,0.8121824414,0.4894335914
1311,43700000000,0,0,0.4652622255,-0.7684707077,1.696477665,-0.3203650811,0.01622959978,0.811996585,0.4876108704
1312,43733333333,0,1,0.4680342882,-0.7657162369,1.694048231,-0.3245184318,0.01808190609,0.8109815443,0.4864871702
1313,43766666667,0,0,0.4722337296,-0.7646495279,1.692406654,-0.3278531732,0.02051871233,0.8108540614,0.484362437
1314,43800000000,0,0,0.4761386752,-0.7646070039,1.692650122,-0.3305907709,0.02334079802,0.8100534752,0.483713052
1315,43833333333,0,0,0.4796526189,-0.76199663,1.689577022,-0.3349501112,0.02499821009,0.8071657552,0.4854554111
1316,43866666667,0,0,0.483296452,-0.760598701,1.687448791,-0.3376886043,0.02413384583,0.8063946365,0.4848831347
1317,43900000000,0,0,0.4873147311,-0.7598815629,1.68700084,-0.3410554054,0.02213275077,0.8049811503,0.4849708233
1318,43933333333,0,1,0.4898575146,-0.7571000315,1.685224307,-0.3446616184,0.02253947055,0.8032501422,0.4852726555
1319,43966666667,0,0,0.493956555,-0.755479817,1.683433673,-0.3483107751,0.02469118887,0.8027528292,0.4833816757
1320,44000000000,0,0,0.497565121,-0.7549704959,1.683079262,-0.351136537,0.02662337627,0.8015768839,0.4831861209
1321,44033333333,0,0,0.5006650025,-0.753080653,1.680150163,-0.3557072383,0.02757252954,0.7991678236,0.4837798114
1322,44066666667,0,0,0.5045536065,-0.7512489733,1.677987141,-0.3589019322,0.0285996868,0.7988361471,0.4819048361
1323,44100000000,0,0,0.5076759754,-0.7505519719,1.677199787,-0.3606220174,0.02952124163,0.7983079451,0.481440216
1324,44133333333,0,1,0.5091654773,-0.749454983,1.675056869,-0.3622370225,0.02879445243,0.7969378174,0.4825405002
1325,44166666667,0,0,0.5126297815,-0.7480288461,1.673066407,-0.3646550756,0.02805792333,0.7965919595,0.4813321918
1326,44200000000,0,0,0.5158390541,-0.7475144939,1.672171205,-0.3667820695,0.0298251268,0.7959100144,0.4807375835
1327,44233333333,0,0,0.5177258676,-0.7467646323,1.669568433,-0.3687898118,0.02994957226,0.7939561326,0.4824217629
1328,44266666667,0,0,0.5199509387,-0.7455740621,1.667042291,-0.3716279854,0.02742989924,0.7928277312,0.4822493439
1329,44300000000,0,0,0.5227211452,-0.7448850299,1.665760326,-0.3738558632,0.02585629197,0.7921519728,0.4817245039
1330,44333333333,0,1,0.5241567113,-0.7438040395,1.664532213,-0.3756579642,0.02660317426,0.7909613815,0.4822379683
1331,44366666667,0,0,0.5260455867,-0.7426701789,1.662422395,-0.3781519113,0.02626747472,0.7897413251,0.4823067398
1332,44400000000,0,0,0.5281924729,-0.7414306089,1.660824578,-0.3805009133,0.0251089436,0.7887539293,0.4821367388
1333,44433333333,0,0,0.5307014069,-0.7400686114,1.659270281,-0.3831654371,0.02522322002,0.7876307992,0.4818565774
1334,44466666667,0,0,0.5324102051,-0.7388500763,1.657421498,-0.3854926146,0.02618452304,0.7863440259,0.4820507107
1335,44500000000,0,0,0.534424697,-0.7377358038,1.656440076,-0.3884688858,0.02577316582,0.7848767804,0.4820747953
1336,44533333333,0,1,0.5350535771,-0.7361589656,1.654606574,-0.3901530548,0.02440900846,0.7831667015,0.483564589
1337,44566666667,0,0,0.5366319403,-0.7349303391,1.652264232,-0.3922991281,0.02353619319,0.7824807273,0.4829817317
1338,44600000000,0,0,0.5388657496,-0.7338199565,1.651359801,-0.3951210958,0.02435645034,0.7820228097,0.4813796923
1339,44633333333,0,0,0.5404393507,-0.7318678105,1.648834655,-0.3980500549,0.02580103039,0.7805400641,0.4812979005
1340,44666666667,0,0,0.5424096793,-0.7309230723,1.646846982,-0.4003495634,0.02732864892,0.7802836516,0.4797194961
1341,44700000000,0,0,0.5444703183,-0.7300254937,1.645796536,-0.4028625633,0.02949664057,0.7796172607,0.4785693576
1342,44733333333,0,1,0.5452194603,-0.7285090576,1.643821118,-0.4051223968,0.03097442946,0.7782660265,0.4787676058
1343,44766666667,0,0,0.5473826737,-0.7271980334,1.642189971,-0.4078457718,0.03185990738,0.7776602007,0.4773797073
1344,44800000000,0,0,0.5494981198,-0.7254931007,1.64084987,-0.4107670403,0.03333433342,0.776054604,0.4773871725
1345,44833333333,0,0,0.5508299893,-0.7232222707,1.637750796,-0.4140822718,0.03482072946,0.7740600628,0.4776551142
1346,44866666667,0,0,0.5527524143,-0.7219439779,1.635776878,-0.4169750757,0.03573906099,0.7736413749,0.4757452352
1347,44900000000,0,0,0.5553901573,-0.7209987656,1.635092843,-0.4205715994,0.0376068367,0.772182969,0.4748038732
1348,44933333333,0,1,0.5568545215,-0.7179843901,1.632039184,-0.4244297137,0.0407169348,0.7701910255,0.4743493793
1349,44966666667,0,0,0.5593243999,-0.7170455398,1.63055413,-0.426826787,0.04388443253,0.7697959233,0.4725540044
1350,45000000000,0,0,0.5612864635,-0.7156438943,1.629290578,-0.4299336314,0.04553704988,0.7676162798,0.4731265123
1351,45033333333,0,0,0.5631383563,-0.7136355802,1.626688247,-0.4338490566,0.04763541482,0.7650956014,0.4734285417
1352,45066666667,0,0,0.5661406101,-0.712036889,1.625925345,-0.4368339757,0.05144306337,0.7642922085,0.4715793771
1353,45100000000,0,0,0.5672051538,-0.7104463226,1.623848691,-0.439525817,0.05491641581,0.7612208711,0.47364969
1354,45133333333,0,1,0.5682434576,-0.7088092235,1.621443397,-0.4425168418,0.05530692409,0.7594254229,0.4737013995
1355,45166666667,0,0,0.5705860327,-0.707455195,1.619921281,-0.4451695162,0.05560706852,0.758759241,0.4722460906
1356,45200000000,0,0,0.5724903516,-0.7058084399,1.618269308,-0.4478537481,0.05746117556,0.7576256715,0.4713051829
1357,45233333333,0,0,0.5739401669,-0.7045173097,1.615988525,-0.4506886669,0.05938426391,0.7567521822,0.469765228
1358,45266666667,0,0,0.5756113023,-0.7031756631,1.61471061,-0.4529377532,0.06013315631,0.7567251085,0.4675451908
1359,45300000000,0,0,0.5773602415,-0.7020412174,1.61300256,-0.4559143381,0.06038191563,0.7556803536,0.4663082069
1360,45333333333,0,0,0.5792878037,-0.7009275721,1.610830057,-0.4588858268,0.06003448488,0.7549040647,0.464692922
1361,45366666667,0,1,0.581228421,-0.6994410327,1.608799654,-0.4604904931,0.0583530992,0.7548630584,0.463384489
1362,45400000000,0,0,0.5833250356,-0.6985001818,1.607424451,-0.4615275703,0.05663881092,0.7546932825,0.4628416536
1363,45433333333,0,0,0.5856066886,-0.6969453756,1.605270161,-0.4638816505,0.05622365464,0.7536300839,0.4622709288
1364,45466666667,0,0,0.5875992509,-0.6959155959,1.6029963,-0.4651675353,0.05637739541,0.7533188236,0.4614666872
1365,45500000000,0,0,0.5900405627,-0.6949146075,1.601124845,-0.4656211019,0.05537827897,0.7535397136,0.4607690698
1366,45533333333,0,0,0.5929606056,-0.6937329024,1.59956486,-0.466389721,0.0542226481,0.75345046,0.4602748493
1367,45566666667,0,1,0.5961785621,-0.6919594126,1.597147938,-0.4675292947,0.05413531975,0.75243905,0.4607832483
1368,45600000000,0,0,0.599126219,-0.6905783563,1.595278082,-0.4678758279,0.05469289925,0.7517067348,0.4615602683
1369,45633333333,0,0,0.6022136516,-0.6893262747,1.593290997,-0.4672251367,0.05379520104,0.7512909933,0.4629995587
1370,45666666667,0,0,0.6056013866,-0.6879274085,1.59165802,-0.4674638966,0.052454347,0.7506387243,0.4639693443
1371,45700000000,0,0,0.6094034632,-0.6861092575,1.589389197,-0.4676801499,0.05116571317,0.7497967873,0.4652549033
1372,45733333333,0,0,0.613196708,-0.6851044669,1.587306353,-0.4671004043,0.05107729804,0.7498514693,0.4657586241
1373,45766666667,0,1,0.6179040452,-0.6833144491,1.585783007,-0.4672788197,0.05059117713,0.7497828251,0.4657432261
1374,45800000000,0,0,0.6212007225,-0.6821083213,1.584402652,-0.466999678,0.0504014816,0.7493317606,0.4667685765
1375,45833333333,0,0,0.6259241077,-0.6810907079,1.582258473,-0.4683835296,0.05074460591,0.7489933793,0.4658870807
1376,45866666667,0,0,0.6307573634,-0.6803199279,1.581689444,-0.4683409517,0.05126268427,0.749166778,0.465594275
1377,45900000000,0,0,0.6338167463,-0.6793942178,1.580024913,-0.4702366668,0.05287418892,0.7476256434,0.4659803587
1378,45933333333,0,0,0.6381250429,-0.6790399442,1.577871177,-0.4719577185,0.05274708523,0.747916156,0.4637834414
1379,45966666667,0,1,0.6427119254,-0.6770519917,1.577317594,-0.4734147862,0.05162270616,0.7486546537,0.46122635
1380,46000000000,0,0,0.6468232887,-0.6764062139,1.576266934,-0.4753084288,0.05182392009,0.7481028514,0.4601503043
1381,46033333333,0,0,0.6511266279,-0.6758772049,1.574749236,-0.4777303712,0.05231175199,0.7474429253,0.4586570031
1382,46066666667,0,0,0.6556321373,-0.6757606124,1.573825372,-0.4784970579,0.05236328027,0.7476094537,0.457579236
1383,46100000000,0,0,0.6599413902,-0.6751951948,1.572606688,-0.4801718381,0.05241572208,0.7473047115,0.4563148761
1384,46133333333,0,0,0.664505906,-0.6749065994,1.571252906,-0.4813854725,0.05308573064,0.7475931444,0.4544825876
1385,46166666667,0,1,0.6682614995,-0.6730078738,1.569632113,-0.4825503135,0.05356614653,0.7487710079,0.4512403358
1386,46200000000,0,0,0.6729302577,-0.6724209589,1.568529141,-0.4822863887,0.05297165023,0.7502427367,0.4491432728
1387,46233333333,0,0,0.6771404708,-0.6720321553,1.566595512,-0.4818881123,0.05269930689,0.7516883173,0.4471815111
1388,46266666667,0,0,0.681529143,-0.6716731083,1.565516919,-0.4802865521,0.05161822225,0.7543021592,0.4446219063
1389,46300000000,0,0,0.6861729375,-0.6713757595,1.564017953,-0.4785941525,0.05097515646,0.7564065711,0.4429427388
1390,46333333333,0,0,0.6901055133,-0.6707031512,1.56252492,-0.4763352889,0.05050267321,0.7587279536,0.4414590184
1391,46366666667,0,1,0.693559811,-0.6693993132,1.561110549,-0.4748504288,0.04908716134,0.7607181586,0.4397901818
1392,46400000000,0,0,0.6970120474,-0.668849874,1.560054018,-0.4732239748,0.04816652577,0.762187594,0.439100361
1393,46433333333,0,0,0.7002385664,-0.6682688257,1.55810569,-0.4720131696,0.04813892531,0.7632586637,0.4385458059
1394,46466666667,0,0,0.7038162331,-0.6677929117,1.556862786,-0.4702484722,0.04718525974,0.7641820717,0.4389369965
1395,46500000000,0,0,0.7063636178,-0.6666262191,1.555132857,-0.4700459074,0.04777601429,0.7642000341,0.439058772
1396,46533333333,0,0,0.7090186368,-0.6658412497,1.552928476,-0.4689646531,0.04757454213,0.7646260299,0.439494996
1397,46566666667,0,1,0.7111850265,-0.6636591549,1.550652872,-0.4674047209,0.04584474111,0.7657594676,0.4393671863
1398,46600000000,0,0,0.7140858784,-0.6627905938,1.548983396,-0.4658595473,0.04477919621,0.7665936514,0.4396633706
1399,46633333333,0,0,0.7166161152,-0.6609905165,1.546863982,-0.464571844,0.04446713464,0.7667540114,0.4407765439
1400,46666666667,0,0,0.7182794254,-0.6595211204,1.54446233,-0.462333374,0.04396774018,0.7673216912,0.4421901302
1401,46700000000,0,0,0.7208319614,-0.6585124405,1.542352952,-0.4600694745,0.04233615763,0.7682719294,0.4430597825
1402,46733333333,0,0,0.7228151094,-0.6568878904,1.540578074,-0.458244789,0.0409772976,0.768452879,0.4447614497
1403,46766666667,0,1,0.7238706251,-0.6546248196,1.536861874,-0.4567574089,0.03928136823,0.76899643,0.4455043593
1404,46800000000,0,0,0.7261581399,-0.6541973813,1.53549142,-0.4540070672,0.0374076134,0.7708994975,0.4451878458
1405,46833333333,0,0,0.7277227818,-0.6528302415,1.533163463,-0.4531962575,0.03640569878,0.771375419,0.4452726582
1406,46866666667,0,0,0.7293841232,-0.6510547227,1.529834853,-0.4525603263,0.03657798673,0.7726138302,0.4437556437
1407,46900000000,0,0,0.7316970852,-0.6505303393,1.527996587,-0.4507129888,0.03737574262,0.7745082807,0.4422643765
1408,46933333333,0,0,0.7320230595,-0.6500833116,1.52583264,-0.4501608292,0.0383495148,0.775005826,0.4418716015
1409,46966666667,0,1,0.733258467,-0.6483849264,1.520981945,-0.4516046741,0.0382536227,0.7754503404,0.4396210281
1410,47000000000,0,0,0.7363246611,-0.6456257484,1.516976722,-0.4523077711,0.03895039047,0.7764378495,0.4370867342
1411,47033333333,0,0,0.7371173696,-0.6445241159,1.513338086,-0.4531116318,0.03964576042,0.7765911244,0.4359177541
1412,47066666667,0,0,0.7383335923,-0.6436276272,1.511675689,-0.4534917636,0.03928888404,0.7773109291,0.4342687226
1413,47100000000,0,0,0.7394306761,-0.6418653243,1.508113774,-0.4554494817,0.03916555687,0.7765680288,0.4335595985
1414,47133333333,0,0,0.7405407518,-0.6401436791,1.505392817,-0.4569478284,0.04022645635,0.7766934206,0.4316570916
1415,47166666667,0,1,0.7431005293,-0.6394810375,1.500093226,-0.45930757,0.04008621561,0.7756354386,0.4310676487
1416,47200000000,0,0,0.744048294,-0.6385530825,1.497137722,-0.4608020993,0.03996153823,0.7752999379,0.4300866274
1417,47233333333,0,0,0.746257285,-0.6366259765,1.494281446,-0.4624381066,0.04018018381,0.775683732,0.4276111531
1418,47266666667,0,0,0.7488203706,-0.6346987592,1.492121097,-0.4634381671,0.04267612114,0.7758639483,0.4259565092
1419,47300000000,0,0,0.7499850106,-0.6334050699,1.487557465,-0.4639645742,0.04470770719,0.7749121065,0.4269066901
1420,47333333333,0,0,0.7520266222,-0.632233981,1.485054921,-0.4637235417,0.04381692211,0.7755921802,0.4260250278
1421,47366666667,0,1,0.756732208,-0.6306621041,1.479886544,-0.4653908705,0.04285524186,0.7738670606,0.4274395143
1422,47400000000,0,0,0.7581540269,-0.6294272877,1.475895008,-0.4648508543,0.04404966531,0.773486416,0.428593134
1423,47433333333,0,0,0.7624783715,-0.6269206737,1.470067835,-0.4644466015,0.04477316789,0.7739023239,0.428205454
1424,47466666667,0,0,0.7640093002,-0.6249749297,1.466556937,-0.4652530256,0.04588960262,0.7736330366,0.427698131
1425,47500000000,0,0,0.7659597337,-0.6239777282,1.462873659,-0.4649685592,0.04649126944,0.774011245,0.427257994
1426,47533333333,0,0,0.7675696426,-0.6225617352,1.460356737,-0.4644479883,0.04620897594,0.7744549597,0.4270507137
1427,47566666667,0,1,0.7706469119,-0.6200334243,1.454998644,-0.4661350293,0.04544755447,0.7737273455,0.4266129968
1428,47600000000,0,0,0.773532028,-0.6183828257,1.452790324,-0.4657219405,0.04642912606,0.7743484981,0.4258307338
1429,47633333333,0,0,0.7754866439,-0.6171688788,1.450370558,-0.4652668534,0.0484363081,0.773983885,0.4267664758
1430,47666666667,0,0,0.7771271896,-0.6158821152,1.447065212,-0.46511544,0.04987124368,0.773200907,0.4281831897
1431,47700000000,0,0,0.7783876666,-0.6146940712,1.443458278,-0.4647557617,0.05029454555,0.7725975081,0.4296110231
1432,47733333333,0,0,0.7796338712,-0.614523779,1.440181911,-0.4640616354,0.04884710382,0.7721144963,0.43139305
1433,47766666667,0,1,0.7813991428,-0.6122900306,1.436271355,-0.4655699411,0.04643109411,0.7712451303,0.4315897732
1434,47800000000,0,0,0.7833934832,-0.610643796,1.434256316,-0.4662733542,0.04536238413,0.7712697533,0.4308995022
1435,47833333333,0,0,0.7849399642,-0.6091036182,1.432111011,-0.4668213061,0.04624037546,0.7709280473,0.4308243747
1436,47866666667,0,0,0.7862375555,-0.6081690119,1.429977049,-0.4671189733,0.04636733308,0.7699122669,0.4323020199
1437,47900000000,0,0,0.7878643561,-0.6067552962,1.427602521,-0.4682475912,0.04545106351,0.7684200903,0.4338305647
1438,47933333333,0,0,0.7897006325,-0.6051316267,1.424810915,-0.4692147443,0.04455452724,0.76719158,0.4350511433
1439,47966666667,0,0,0.7911562919,-0.6041807567,1.422654683,-0.4692865971,0.04342665892,0.7664376686,0.4364143848
1440,48000000000,0,1,0.7940398935,-0.6028920869,1.419578077,-0.471397661,0.04041720661,0.764689396,0.4374937969
1441,48033333333,0,0,0.7963753778,-0.6009448503,1.417977132,-0.473734474,0.0389711642,0.7632835986,0.4375557617
1442,48066666667,0,0,0.7981114158,-0.5988240544,1.414622535,-0.4758517625,0.03978124694,0.7624650026,0.4366115807
1443,48100000000,0,0,0.8006880568,-0.5992322671,1.413430996,-0.4762794103,0.04018963803,0.7625090121,0.4360306444
1444,48133333333,0,0,0.8030771325,-0.5975168047,1.411307168,-0.478904864,0.03933557158,0.7609043637,0.436036
1445,48166666667,0,0,0.8055989781,-0.5961011676,1.408976204,-0.4814682877,0.03942517957,0.7602110637,0.4344111898
1446,48200000000,0,0,0.8083497948,-0.5956104278,1.406775309,-0.4831351454,0.03906607334,0.7594090287,0.4339956224
1447,48233333333,0,1,0.811917871,-0.5945736112,1.402745271,-0.487206909,0.03714623249,0.7569321724,0.4339392488
1448,48266666667,0,0,0.815205519,-0.5928663291,1.400083015,-0.4908051248,0.03703627204,0.7560690733,0.4313910063
1449,48300000000,0,0,0.8190682848,-0.5921405898,1.398170035,-0.4928012619,0.03816266503,0.7560391538,0.4290633115
1450,48333333333,0,0,0.8224240349,-0.591824909,1.396547192,-0.4958491167,0.03969596312,0.754603059,0.4279393734
1451,48366666667,0,0,0.825405561,-0.5905784755,1.393300128,0.5000240941,-0.04057835101,-0.7524648418,-0.4267621873
1452,48400000000,0,0,0.828993386,-0.5893617601,1.391833392,0.5023612166,-0.04065405376,-0.7522025337,-0.4244664937
1453,48433333333,0,1,0.8336036453,-0.5880908426,1.389520423,0.5065860035,-0.04034191771,-0.7495147418,-0.4242296579
1454,48466666667,0,0,0.8362630752,-0.5863201885,1.386581781,0.5103691777,-0.04080640987,-0.7471853049,-0.4237596718
1455,48500000000,0,0,0.8400703439,-0.5854078899,1.38484582,0.5128482685,-0.04114925663,-0.7465697022,-0.4218140252
1456,48533333333,0,0,0.843820967,-0.5842707322,1.383435515,0.5158228165,-0.0416734431,-0.744728223,-0.4213905789
1457,48566666667,0,0,0.846739038,-0.5833657573,1.381500396,0.5188440552,-0.04219482132,-0.7427818612,-0.4210647814
1458,48600000000,0,0,0.8503767398,-0.5819080642,1.37949084,0.5222102905,-0.04306563941,-0.7412524862,-0.4195074671
1459,48633333333,0,1,0.8542305176,-0.5801575813,1.377800182,0.5252430025,-0.04352331721,-0.73942731,-0.4188946912
1460,48666666667,0,0,0.8568454502,-0.5783586598,1.376061557,0.5284752992,-0.0441388331,-0.7372361614,-0.4186268791
1461,48700000000,0,0,0.8601914638,-0.577176238,1.374191104,0.5314601552,-0.04413991634,-0.7356073359,-0.4177123635
1462,48733333333,0,0,0.863863883,-0.575922075,1.373022561,0.5339651679,-0.0447724585,-0.7340059745,-0.4172671277
1463,48766666667,0,0,0.8661674454,-0.5749153704,1.371214811,0.5360180513,-0.04517350952,-0.7322114157,-0.4177444738
1464,48800000000,0,0,0.8687402613,-0.5735962911,1.369271777,0.5385936509,-0.04494022534,-0.7306394603,-0.4172088618
1465,48833333333,0,1,0.8709275249,-0.5714905012,1.367806137,0.5409838549,-0.04402571355,-0.7292590587,-0.4166286484
1466,48866666667,0,0,0.8731258823,-0.5702375806,1.366138965,0.5436303424,-0.04460323132,-0.7273197618,-0.4165123847
1467,48900000000,0,0,0.8751119724,-0.5688787322,1.364641772,0.5460718306,-0.04467468577,-0.7257265168,-0.4160898353
1468,48933333333,0,0,0.8769340747,-0.5679132331,1.362812127,0.5492689263,-0.04421403791,-0.7231820009,-0.4163610922
1469,48966666667,0,0,0.8787703691,-0.566081058,1.361328559,0.5526274883,-0.04298763427,-0.7208286898,-0.4161260896
1470,49000000000,0,0,0.8808412005,-0.5644521071,1.359134653,0.5561236424,-0.0432951989,-0.7181437184,-0.4160788626
1471,49033333333,0,0,0.8827736203,-0.563544526,1.357574334,0.5583378921,-0.04342445027,-0.7162864748,-0.4163013348
1472,49066666667,0,1,0.8834848261,-0.5614353351,1.355784896,0.56189571,-0.04336655197,-0.7129015266,-0.4173295659
1473,49100000000,0,0,0.8848176238,-0.5601453671,1.35277177,0.5655339142,-0.04335059849,-0.7100537823,-0.4172717863
1474,49133333333,0,0,0.8871406785,-0.558245489,1.351580436,0.5682001938,-0.04262413642,-0.7080335039,-0.4171573806
1475,49166666667,0,0,0.8878132834,-0.5564832199,1.348754436,0.5714953575,-0.0433993248,-0.7054895512,-0.4168861333
1476,49200000000,0,0,0.8904856695,-0.5549257129,1.347469168,0.5732301492,-0.04268721532,-0.7041902647,-0.4167746018
1477,49233333333,0,0,0.8911358501,-0.5530010184,1.345151069,0.5756873305,-0.04294090028,-0.7019522769,-0.417136881
1478,49266666667,0,1,0.8910021373,-0.5514356384,1.343189329,0.5780813882,-0.04303463034,-0.7003783108,-0.4164614639
1479,49300000000,0,0,0.8927767098,-0.5498843226,1.340701018,0.5812451602,-0.04304456654,-0.698431036,-0.4153255554
1480,49333333333,0,0,0.8944155957,-0.5479620764,1.33841198,0.5847131914,-0.04403507393,-0.6962050584,-0.414089257
1481,49366666667,0,0,0.8954694925,-0.5461103318,1.33553914,0.5879611708,-0.04566224152,-0.6947858761,-0.4116906699
1482,49400000000,0,0,0.8971968377,-0.5444728117,1.33272257,0.5905897376,-0.04672154066,-0.6940220247,-0.4090895851
1483,49433333333,0,0,0.898693582,-0.542746317,1.330189524,0.5935306993,-0.04715023176,-0.6924247952,-0.407487506
1484,49466666667,0,1,0.8986658142,-0.5420103911,1.328286354,0.5964024921,-0.04821087933,-0.6911310427,-0.405361148
1485,49500000000,0,0,0.9005326145,-0.5404953294,1.325394397,0.6001528573,-0.04745206114,-0.6894942065,-0.4026941631
1486,49533333333,0,0,0.9022239641,-0.5386664181,1.322150901,0.6038392633,-0.04735803069,-0.6878396324,-0.4000150012
1487,49566666667,0,0,0.9049825053,-0.5368849031,1.319849603,0.607586842,-0.04852169725,-0.6869232467,-0.3957528617
1488,49600000000,0,0,0.9074110738,-0.53544683,1.316380245,0.6121828109,-0.05290586601,-0.6845598662,-0.3921874106
1489,49633333333,0,0,0.9084767966,-0.5336072979,1.312481524,0.6156281186,-0.05640340226,-0.6832023955,-0.3886581565
1490,49666666667,0,1,0.9092541979,-0.5343424415,1.310493037,0.6170767349,-0.05689602988,-0.6832396566,-0.3862158939
1491,49700000000,0,0,0.9115701802,-0.532851755,1.307395871,0.6215575179,-0.05627665221,-0.6812978264,-0.3825342626
1492,49733333333,0,0,0.9143391451,-0.530122227,1.303673289,0.62471077,-0.05744774481,-0.6806373652,-0.37837678
1493,49766666667,0,0,0.9165068729,-0.5292438188,1.300668045,0.6262715018,-0.06057990304,-0.681127592,-0.3744052414
1494,49800000000,0,0,0.9189971531,-0.5280032673,1.297182803,0.6292191486,-0.06284869255,-0.6797704504,-0.3715446672
1495,49833333333,0,0,0.9204078295,-0.5258049224,1.292746867,0.6310856772,-0.06390148237,-0.67891591,-0.3697575635
1496,49866666667,0,1,0.9226433454,-0.5261219335,1.290963084,0.6299824512,-0.06614299566,-0.6805888512,-0.3681657656
1497,49900000000,0,0,0.924725173,-0.5252037583,1.287553839,0.6311304064,-0.06745617771,-0.6797955686,-0.3674262635
1498,49933333333,0,0,0.9258441675,-0.523394216,1.284154042,0.6323232477,-0.06868814785,-0.6787193534,-0.3671366068
1499,49966666667,0,0,0.9280866185,-0.5220895002,1.281231519,0.6328787118,-0.06994938204,-0.678744729,-0.3658923516
1500,50000000000,0,0,0.9304406632,-0.5203378748,1.278557584,0.633839792,-0.07258686384,-0.6776799822,-0.3656885382
1501,50033333333,0,0,0.9299317026,-0.519590654,1.274889079,0.6345796851,-0.07442608073,-0.6761782529,-0.3668137838
1502,50066666667,0,1,0.9315897921,-0.5197920475,1.27339457,0.6348764242,-0.07419068037,-0.6764663132,-0.3658155219
1503,50100000000,0,0,0.9332004702,-0.5192422526,1.271335039,0.6359909224,-0.07287707535,-0.6756717559,-0.3656120305
1504,50133333333,0,0,0.9342122631,-0.5183774065,1.268965408,0.637682248,-0.0721640539,-0.6744309948,-0.3650979775
1505,50166666667,0,0,0.9356516301,-0.5180142903,1.266718103,0.6391736547,-0.07091812059,-0.6737028653,-0.3640770641
1506,50200000000,0,0,0.9372215995,-0.5175082968,1.264964751,0.6407074026,-0.06911303407,-0.6719450107,-0.3649757738
1507,50233333333,0,0,0.9378461845,-0.5167794317,1.262929859,0.643013588,-0.0678873146,-0.6700629464,-0.3646100465
1508,50266666667,0,1,0.9406021397,-0.5161249596,1.26096612,0.6456688966,-0.06709242111,-0.6686565458,-0.3626412921
1509,50300000000,0,0,0.9421768399,-0.5153425328,1.259638659,0.6485083975,-0.0672117329,-0.6661576828,-0.36215105
1510,50333333333,0,0,0.9433009579,-0.5147161864,1.257370283,0.6509494442,-0.06693471928,-0.6643428465,-0.3611552946
1511,50366666667,0,0,0.9451437562,-0.5139019018,1.255775135,0.653064451,-0.06566165872,-0.6629830221,-0.360067885
1512,50400000000,0,0,0.94687896,-0.513328432,1.254211864,0.6556219628,-0.06495599414,-0.6609725781,-0.359243388
1513,50433333333,0,0,0.947529758,-0.5128783171,1.251752774,0.6581261216,-0.06357057126,-0.6594634967,-0.3576823829
1514,50466666667,0,1,0.950774319,-0.512516942,1.249861366,0.6606937002,-0.06097976215,-0.6583609078,-0.3554239978
1515,50500000000,0,0,0.953488642,-0.5116834386,1.248871884,0.6637349957,-0.0608228379,-0.6562437613,-0.3536955805
1516,50533333333,0,0,0.954730114,-0.511027476,1.246869842,0.6675555521,-0.06210441165,-0.6538487186,-0.3507056886
1517,50566666667,0,0,0.9568898211,-0.5111499485,1.245348281,0.6707780135,-0.06187352885,-0.6517375218,-0.3485207679
1518,50600000000,0,0,0.9586365352,-0.5100287421,1.24372226,0.6739267131,-0.06001913455,-0.6495076499,-0.3469298223
1519,50633333333,0,0,0.961556606,-0.5097580384,1.241686318,0.6771654932,-0.06025334441,-0.6479528536,-0.3434727483
1520,50666666667,0,0,0.9643808083,-0.5090084026,1.240357321,0.6791707401,-0.06087411025,-0.6466567238,-0.3418428441
1521,50700000000,0,0,0.9654770982,-0.5081581493,1.238254862,0.6820482854,-0.05966127388,-0.644018169,-0.3413081699
1522,50733333333,0,1,0.9682185498,-0.5062330847,1.234564481,0.6851862726,-0.05673431909,-0.641805208,-0.3396867142
1523,50766666667,0,0,0.9718794902,-0.5051694245,1.232843181,0.687327898,-0.05662963517,-0.6403049751,-0.3382055349
1524,50800000000,0,0,0.9736502619,-0.5039646034,1.230480367,0.6889260296,-0.05743249547,-0.6391638922,-0.3369747069
1525,50833333333,0,0,0.9764898644,-0.5033376918,1.228351213,0.6892868664,-0.05672405147,-0.6390053117,-0.3366574068
1526,50866666667,0,0,0.9792404578,-0.5020601618,1.226720639,0.6907489303,-0.05637338438,-0.6375415328,-0.3364948005
1527,50900000000,0,0,0.9811983584,-0.500490154,1.224409081,0.6917387495,-0.05668458324,-0.6369890038,-0.3354539753
1528,50933333333,0,1,0.9839989058,-0.4985355942,1.221724993,0.692736026,-0.05611748116,-0.6363666574,-0.3346716359
1529,50966666667,0,0,0.9861256404,-0.497250135,1.220189358,0.6941014226,-0.05620925784,-0.6344854503,-0.3353981929
1530,51000000000,0,0,0.9872861091,-0.4961063558,1.217818739,0.6950829358,-0.05582622545,-0.6337384687,-0.334841303
1531,51033333333,0,0,0.9908623547,-0.4951592847,1.21649971,0.695875407,-0.05483654746,-0.6334726348,-0.3338604378
1532,51066666667,0,0,0.9918489935,-0.4940287879,1.214722658,0.6976589932,-0.05525586931,-0.6311112456,-0.3345404517
1533,51100000000,0,0,0.9933024293,-0.4937206356,1.21288662,0.6992541392,-0.05413178651,-0.6302765138,-0.3329638338
1534,51133333333,0,0,0.9963393298,-0.4927836554,1.211465756,0.7007189962,-0.05303593074,-0.6296873577,-0.3311705148
1535,51166666667,0,1,0.997892614,-0.4913371827,1.209088456,0.7020431603,-0.05229357989,-0.6287031088,-0.3303531196
1536,51200000000,0,0,1.00002209,-0.4905431183,1.206939243,0.7028296105,-0.05209151425,-0.6284817682,-0.3291317058
1537,51233333333,0,0,1.002118779,-0.4897763446,1.205167101,0.703991048,-0.05192480898,-0.6280445697,-0.3275063923
1538,51266666667,0,0,1.003868814,-0.4887059642,1.202956899,0.7051320876,-0.05158553868,-0.6273096745,-0.326512241
1539,51300000000,0,0,1.005454887,-0.4882693542,1.200406659,0.7048135237,-0.05057152593,-0.6285102403,-0.3250466049
1540,51333333333,0,0,1.007469452,-0.4876273887,1.198050835,0.7049820637,-0.04890185916,-0.6295311906,-0.3229541424
1541,51366666667,0,0,1.009486852,-0.4868943132,1.195553423,0.7056815322,-0.04657554005,-0.6295217318,-0.3217867048
1542,51400000000,0,1,1.010697223,-0.4857271876,1.191477345,0.7063049223,-0.04467570887,-0.6294655377,-0.3207967808
1543,51433333333,0,0,1.013519128,-0.4851412526,1.18861893,0.7066635503,-0.0448174423,-0.6299667288,-0.318998345
1544,51466666667,0,0,1.015270019,-0.4837061119,1.186176134,0.7068190157,-0.04519359542,-0.6295708603,-0.3193821376
1545,51500000000,0,0,1.015711675,-0.4824863356,1.182776177,0.7070437549,-0.0448007596,-0.6294897733,-0.3190997429
1546,51533333333,0,0,1.018555015,-0.4813734547,1.179537488,0.7063271304,-0.04391504103,-0.6307832955,-0.3182544393
1547,51566666667,0,0,1.019582033,-0.4798581232,1.176878803,0.706655282,-0.04495669601,-0.6302971609,-0.3183436772
1548,51600000000,0,1,1.020569719,-0.4786629932,1.173799244,0.7074983291,-0.04594518523,-0.6299528634,-0.3170087446
1549,51633333333,0,0,1.022169431,-0.4770020681,1.171394803,0.7081067658,-0.0454989536,-0.6294882958,-0.3166372355
1550,51666666667,0,0,1.022257648,-0.4751065848,1.169022473,0.7087978106,-0.04523458534,-0.6281129947,-0.3178577697
1551,51700000000,0,0,1.022063295,-0.4737624275,1.165997868,0.710249385,-0.04509730369,-0.626798279,-0.3172317162
1552,51733333333,0,0,1.022435352,-0.4720084766,1.162910135,0.7116662222,-0.04482296522,-0.6259743843,-0.3157184824
1553,51766666667,0,0,1.022190409,-0.4709946551,1.160927434,0.7127385945,-0.04383739892,-0.6251293153,-0.3151115953
1554,51800000000,0,0,1.021886062,-0.4695529838,1.157981302,0.7150966096,-0.0421179889,-0.6233130367,-0.3135981062
1555,51833333333,0,1,1.023468015,-0.4686515937,1.153851681,0.7174889153,-0.04187627888,-0.6219930707,-0.3107742809
1556,51866666667,0,0,1.024942693,-0.4669931458,1.151603238,0.7194548009,-0.04401876667,-0.6208145575,-0.3082797803
1557,51900000000,0,0,1.024389008,-0.465485783,1.149243885,0.721585675,-0.04662424991,-0.618841365,-0.3068805271
1558,51933333333,0,0,1.023967627,-0.4644025019,1.146337078,0.7239715368,-0.04694690117,-0.6166440148,-0.3056327232
1559,51966666667,0,0,1.025448533,-0.4630673389,1.143742358,0.7256566721,-0.04633212568,-0.6148887586,-0.3052663476
1560,52000000000,0,0,1.025171505,-0.4615175452,1.141299541,0.7278402539,-0.04726481617,-0.6123162945,-0.3050956529
1561,52033333333,0,0,1.025705271,-0.4602141096,1.138337314,0.730219531,-0.04810601081,-0.6102199841,-0.3034745776
1562,52066666667,0,1,1.026900371,-0.4582676988,1.135279897,0.7318300007,-0.04808096102,-0.6080138839,-0.3040266241
1563,52100000000,0,0,1.025630073,-0.4571319343,1.132581157,0.7331012245,-0.04824553996,-0.6062980021,-0.3043644119
1564,52133333333,0,0,1.026455347,-0.4557420094,1.129827126,0.7343155441,-0.04785478405,-0.6056822723,-0.3027203104
1565,52166666667,0,0,1.026953215,-0.4543675693,1.127621437,0.7356588922,-0.04847827798,-0.604282773,-0.3021558889
1566,52200000000,0,0,1.026680256,-0.4530201044,1.12519837,0.7368775685,-0.04873002095,-0.6029987055,-0.3017107808
1567,52233333333,0,0,1.026908738,-0.4518856959,1.122551404,0.7377021876,-0.04887767644,-0.6027186942,-0.3002276317
1568,52266666667,0,0,1.028041514,-0.4511080955,1.120943937,0.7389687327,-0.04949314078,-0.6018310484,-0.298789274
1569,52300000000,0,1,1.02753336,-0.4504008738,1.118928503,0.7409114488,-0.05137477881,-0.5998800583,-0.2975815399
1570,52333333333,0,0,1.027506079,-0.4497139579,1.115951318,0.7419505546,-0.05244141256,-0.5992381094,-0.2960962024
1571,52366666667,0,0,1.028379454,-0.4488968054,1.114212309,0.7427216437,-0.05260376584,-0.5986123172,-0.295399217
1572,52400000000,0,0,1.02836695,-0.4482225681,1.11147135,0.744432664,-0.05388499741,-0.5967797465,-0.2945680735
1573,52433333333,0,0,1.027851027,-0.4477988914,1.108460044,0.7452721005,-0.05481040552,-0.5965805831,-0.2926720411
1574,52466666667,0,0,1.029085993,-0.4469599569,1.106566252,0.7456138863,-0.05352854686,-0.5967657233,-0.2916595596
1575,52500000000,0,0,1.02946287,-0.4459401482,1.104757208,0.7475058145,-0.05338502981,-0.5946629645,-0.2911375183
1576,52533333333,0,1,1.029887622,-0.4455689803,1.102158545,0.7491503309,-0.05453387082,-0.5933479851,-0.2893752016
1577,52566666667,0,0,1.031001359,-0.4447862303,1.100505158,0.7500011586,-0.05530292799,-0.5927844568,-0.2881777856
1578,52600000000,0,0,1.030754022,-0.4438107732,1.099379579,0.7524694874,-0.05532004663,-0.5901834172,-0.2870764654
1579,52633333333,0,0,1.030572457,-0.4430618715,1.097788074,0.7559738908,-0.05276031614,-0.5867907795,-0.2853005548
1580,52666666667,0,0,1.031045812,-0.4429290364,1.096161971,0.7590736303,-0.04945873937,-0.5841340391,-0.283105071
1581,52700000000,0,0,1.032009393,-0.4427329514,1.094660924,0.7627361119,-0.04611929973,-0.5808188657,-0.2806351352
1582,52733333333,0,1,1.033976236,-0.4423421797,1.092749331,0.7676431252,-0.04377609809,-0.5760984771,-0.2773413606
1583,52766666667,0,0,1.03501268,-0.4424414429,1.09119401,0.7709677107,-0.04485848267,-0.5734962448,-0.2733103781
1584,52800000000,0,0,1.03511597,-0.4418395539,1.089644957,0.7736781283,-0.04454636398,-0.5718200421,-0.2691832365
1585,52833333333,0,0,1.037009344,-0.4418887586,1.088627832,0.7786966907,-0.04182110937,-0.5670289701,-0.2652557367
1586,52866666667,0,0,1.038699092,-0.4418080602,1.086966474,0.7822137064,-0.03955370115,-0.5634115448,-0.2629537098
1587,52900000000,0,0,1.040843144,-0.4416423941,1.084984915,0.7846097462,-0.03944666492,-0.561674683,-0.2595246759
1588,52933333333,0,1,1.042398185,-0.4405167562,1.083046386,0.7883164336,-0.04068808187,-0.5579980123,-0.2560076149
1589,52966666667,0,0,1.042807526,-0.4404144448,1.08152304,0.7911201567,-0.0408494864,-0.5551994242,-0.2534044523
1590,53000000000,0,0,1.044813622,-0.4400739221,1.079521047,0.7933787749,-0.03949630889,-0.553445296,-0.2503766471
1591,53033333333,0,0,1.046859208,-0.439694923,1.077287128,0.7960814516,-0.04033181088,-0.5508605772,-0.2473465016
1592,53066666667,0,0,1.048857543,-0.4388888447,1.074868323,0.7979108975,-0.04134540713,-0.5495280559,-0.2442287304
1593,53100000000,0,0,1.050947007,-0.4381962898,1.072497737,0.7992465015,-0.04153539499,-0.5482433367,-0.2427119372
1594,53133333333,0,0,1.05274048,-0.4367433416,1.070070543,0.8009871498,-0.04177672744,-0.5462001409,-0.2415361194
1595,53166666667,0,1,1.05349532,-0.4346140866,1.06605345,0.8022934201,-0.0408487011,-0.5446687233,-0.2408165972
1596,53200000000,0,0,1.055814911,-0.4332275652,1.063238591,0.8022514356,-0.03945282012,-0.5447575415,-0.2409882363
1597,53233333333,0,0,1.058098073,-0.4310962294,1.060669078,0.8028592363,-0.03865482079,-0.5438171269,-0.2412172962
1598,53266666667,0,0,1.060420927,-0.4295617947,1.057460954,0.8028141037,-0.0395667296,-0.5436694905,-0.2415522176
1599,53300000000,0,0,1.064512346,-0.4252379491,1.052348176,0.8028461588,-0.04202184256,-0.5425052186,-0.2436396885
1600,53333333333,0,0,1.065859867,-0.4227762108,1.049402225,0.803967978,-0.04254655719,-0.5406875214,-0.2438899035
1601,53366666667,0,1,1.067654518,-0.4198497754,1.044870573,0.8047772498,-0.0426137556,-0.5395330387,-0.2437657608
1602,53400000000,0,0,1.069775141,-0.4173862793,1.042225339,0.8045292116,-0.04379274875,-0.5396157446,-0.2441921191
1603,53433333333,0,0,1.070943004,-0.4152068406,1.040328338,0.8051192121,-0.04547658424,-0.5385728557,-0.2442421209
1604,53466666667,0,0,1.072254035,-0.413483707,1.037543017,0.805623216,-0.04562086125,-0.5378796579,-0.2440808152
1605,53500000000,0,0,1.074326418,-0.411097895,1.035444814,0.8050462122,-0.0450358079,-0.5380603778,-0.2456896459
1606,53533333333,0,0,1.075187044,-0.4093149832,1.03397506,0.805841418,-0.0461072715,-0.536750263,-0.2457496361
1607,53566666667,0,0,1.076017709,-0.4075798433,1.032281918,0.8065948475,-0.04655567174,-0.5354697833,-0.2459866514
1608,53600000000,0,0,1.076428864,-0.4062728272,1.030642607,0.8074547333,-0.04663065287,-0.533676147,-0.2470469713
1609,53633333333,0,1,1.077607625,-0.4040189741,1.027453467,0.8093569886,-0.04649145566,-0.5309829101,-0.2466514925
1610,53666666667,0,0,1.078117086,-0.4030635216,1.025832117,0.8103845122,-0.04773238715,-0.5292357578,-0.2467956123
1611,53700000000,0,0,1.078387038,-0.4012063151,1.024049071,0.8112050099,-0.04873059644,-0.5280289591,-0.2464897142
1612,53733333333,0,0,1.078575254,-0.4001776619,1.02257856,0.8117414182,-0.04845999047,-0.5272675384,-0.2464070662
1613,53766666667,0,0,1.07987452,-0.3982959294,1.020457023,0.8126455894,-0.04824506478,-0.5255171024,-0.2472070688
1614,53800000000,0,0,1.080173357,-0.3966263886,1.018106925,0.8132607983,-0.04998664226,-0.5242648842,-0.2474965469
1615,53833333333,0,0,1.07931169,-0.3945478451,1.016227205,0.8133294124,-0.05024556013,-0.5241059921,-0.247555165
1616,53866666667,0,0,1.079653738,-0.3927754291,1.014572815,0.8144300149,-0.04963566937,-0.5224092723,-0.2476461252
1617,53900000000,0,1,1.079458463,-0.3895331155,1.010849253,0.8156240984,-0.04877317962,-0.5207795119,-0.2473200498
1618,53933333333,0,0,1.078720675,-0.3883549756,1.00872284,0.8157195008,-0.04902595453,-0.5211746916,-0.2461200778
1619,53966666667,0,0,1.079016344,-0.3874343624,1.006544278,0.8166441878,-0.04918400844,-0.5206214844,-0.2441853267
1620,54000000000,0,0,1.078875519,-0.3863725365,1.003451341,0.8173353097,-0.0493926126,-0.5202062733,-0.2427113401
1621,54033333333,0,0,1.079635305,-0.3845507126,0.99830453,0.818760262,-0.05036170493,-0.5200052703,-0.2380963059
1622,54066666667,0,0,1.077984347,-0.3832139247,0.9952212065,0.8195705149,-0.05073550482,-0.5193021612,-0.2367601003
1623,54100000000,0,0,1.078429752,-0.38179152,0.9921764719,0.8204011788,-0.05074801879,-0.5194879242,-0.2334498684
1624,54133333333,0,1,1.078371445,-0.3796883408,0.9892285699,0.8213377384,-0.05208818061,-0.5188977899,-0.2311627666
1625,54166666667,0,0,1.076295134,-0.3784126281,0.9868843567,0.8227108328,-0.05439283514,-0.5180611137,-0.2275983031
1626,54200000000,0,0,1.075773796,-0.3776158279,0.9838484187,0.8237405198,-0.0537378313,-0.5177925751,-0.2246211271
1627,54233333333,0,0,1.076535059,-0.3760057672,0.9809411544,0.8253329177,-0.05321502326,-0.5161090888,-0.2227670187
1628,54266666667,0,0,1.075980196,-0.3745055274,0.9782402091,0.8274382929,-0.05517077006,-0.5138320669,-0.2197240647
1629,54300000000,0,0,1.076125965,-0.3730279251,0.9753217538,0.8291156082,-0.05728960757,-0.5122026772,-0.2166417008
1630,54333333333,0,1,1.075465055,-0.3713868288,0.9727970629,0.8317780506,-0.05993277285,-0.5082172678,-0.2151012458
1631,54366666667,0,0,1.07340847,-0.3702176589,0.9701987417,0.8336622247,-0.06147355746,-0.5056763573,-0.2133535058
1632,54400000000,0,0,1.07368835,-0.3690226722,0.9677996473,0.8348730229,-0.06125593133,-0.5041363527,-0.2123235369
1633,54433333333,0,0,1.072580158,-0.3673403153,0.9654536376,0.8372624943,-0.06196586536,-0.5004412814,-0.2114480337
1634,54466666667,0,0,1.071099111,-0.3669366584,0.9621741707,0.8391946309,-0.06287926927,-0.4980951591,-0.2090449271
1635,54500000000,0,0,1.07131159,-0.3662213459,0.9593192262,0.8400665066,-0.06403060466,-0.4976790682,-0.2061647187
1636,54533333333,0,0,1.070102354,-0.3647341224,0.9569907485,0.8411619195,-0.06520963724,-0.4967260646,-0.20361126
1637,54566666667,0,1,1.068569481,-0.3634583596,0.9539320761,0.8419583492,-0.06589501693,-0.4965216602,-0.200574739
1638,54600000000,0,0,1.069334839,-0.3621859264,0.9509105584,0.8421428051,-0.0674620279,-0.4972714065,-0.1973968562
1639,54633333333,0,0,1.069062443,-0.3602093109,0.9482646337,0.8427023236,-0.07038754246,-0.4967535691,-0.1952800022
1640,54666666667,0,0,1.067175371,-0.3588729186,0.9458810581,0.8433936138,-0.07238181303,-0.4958735407,-0.1937976187
1641,54700000000,0,0,1.067187275,-0.3580629346,0.9436344712,0.8440457893,-0.07238516789,-0.4949944722,-0.1932034304
1642,54733333333,0,0,1.066829112,-0.3565142929,0.9410423675,0.8449619795,-0.07254097933,-0.4928300815,-0.1946678462
1643,54766666667,0,0,1.064721572,-0.3550792315,0.9386081551,0.8460933102,-0.07364560339,-0.4906299716,-0.1948965536
1644,54800000000,0,0,1.063951866,-0.3545455556,0.9360341554,0.846881853,-0.07378183445,-0.4895628782,-0.1941019222
1645,54833333333,0,0,1.063892641,-0.3530543799,0.934005479,0.8475623777,-0.07311423944,-0.4883651989,-0.1944010195
1646,54866666667,0,1,1.062292352,-0.3527152223,0.9321160942,0.8479122743,-0.07213418403,-0.4872828381,-0.1959511936
1647,54900000000,0,0,1.06194448,-0.3510403943,0.9301649906,0.8493059727,-0.06945780607,-0.4849359635,-0.1967030483
1648,54933333333,0,0,1.061737732,-0.3503104009,0.926966182,0.8509176312,-0.06896445295,-0.4819054678,-0.1973580736
1649,54966666667,0,0,1.060330994,-0.3489206884,0.9240110562,0.8515577085,-0.06930534166,-0.4807317267,-0.1973404308
1650,55000000000,0,0,1.059519643,-0.3471228126,0.9212758444,0.8523491815,-0.06909738341,-0.4799095174,-0.1959930598
1651,55033333333,0,0,1.059039919,-0.3459356418,0.919057983,0.8537756178,-0.06850086999,-0.4775693362,-0.1957098729
1652,55066666667,0,0,1.057882974,-0.3440558744,0.9160776939,0.8549422582,-0.0676565378,-0.4757759623,-0.1952781651
1653,55100000000,0,0,1.057770251,-0.3427290327,0.9125876972,0.8550147734,-0.06644142403,-0.4758122414,-0.195289491
1654,55133333333,0,0,1.056169452,-0.3409117302,0.9097549589,0.8556883755,-0.06556514017,-0.474881763,-0.1948997885
1655,55166666667,0,1,1.055541315,-0.3397339989,0.9063401486,0.856603423,-0.06410266132,-0.4738479924,-0.1938801296
1656,55200000000,0,0,1.054864828,-0.3378520773,0.9039418458,0.8577730235,-0.06280313578,-0.4726652555,-0.1920124018
1657,55233333333,0,0,1.053842899,-0.3366843613,0.9002290432,0.8596521805,-0.06319584124,-0.4704837388,-0.1888106613
1658,55266666667,0,0,1.052188578,-0.3351540335,0.8968849614,0.8609407576,-0.06206739596,-0.4695341137,-0.1856511955
1659,55300000000,0,0,1.051543494,-0.3339109684,0.892820659,0.8621992626,-0.05950100969,-0.4684338358,-0.1834170193
1660,55333333333,0,0,1.052028155,-0.3321875201,0.8884697325,0.8637783367,-0.05814573589,-0.4669665567,-0.1801340983
1661,55366666667,0,0,1.050792801,-0.330633721,0.8843801336,0.8652560227,-0.058008703,-0.4654823874,-0.176898707
1662,55400000000,0,1,1.051597044,-0.3299789242,0.8797293434,0.866468627,-0.0559342649,-0.4644263572,-0.1743893207
1663,55433333333,0,0,1.052890237,-0.3283482711,0.8752775014,0.8681193218,-0.0544097345,-0.462021861,-0.1730439943
1664,55466666667,0,0,1.051851546,-0.3270211925,0.870910021,0.8700813235,-0.05533386391,-0.4591867129,-0.1704236387
1665,55500000000,0,0,1.051785312,-0.32541052,0.866494013,0.871678903,-0.05630454117,-0.4574398592,-0.1665967103
1666,55533333333,0,0,1.050337826,-0.3234399186,0.8631507636,0.872985991,-0.05525139915,-0.4557966244,-0.1645970216
1667,55566666667,0,0,1.050202643,-0.3219672894,0.8587869381,0.8741127724,-0.05219130222,-0.4542955973,-0.1637633639
1668,55600000000,0,0,1.050809614,-0.3200489998,0.8542871815,0.8756561867,-0.05112067888,-0.4523166977,-0.1613149833
1669,55633333333,0,0,1.049550766,-0.3181599084,0.8497358928,0.8765595267,-0.04913667783,-0.4511089364,-0.1604048336
1670,55666666667,0,0,1.048547601,-0.316230605,0.8463489518,0.8769538656,-0.04527235147,-0.4509209809,-0.1599143546
1671,55700000000,0,1,1.049309449,-0.3148676467,0.8392412891,0.878250951,-0.04245423186,-0.4494001722,-0.1578365944
1672,55733333333,0,0,1.048651861,-0.3130595663,0.8350293853,0.8785634889,-0.04128505861,-0.449602427,-0.1558184763
1673,55766666667,0,0,1.045948038,-0.3126123336,0.8315816363,0.8788395178,-0.03848288684,-0.4499943624,-0.1538351168
1674,55800000000,0,0,1.046015433,-0.3115729451,0.8262541673,0.8773675522,-0.03062961341,-0.4540033468,-0.1522135546
1675,55833333333,0,0,1.047511707,-0.3092106272,0.821699493,0.8770567398,-0.02749886836,-0.455858176,-0.1490255372
1676,55866666667,0,0,1.045119566,-0.3066491225,0.817772258,0.8764801367,-0.02399888292,-0.4580803708,-0.1461813859
1677,55900000000,0,1,1.046821169,-0.3057954784,0.8108909318,0.8746487079,-0.01861140876,-0.4616661779,-0.1466546741
1678,55933333333,0,0,1.047599899,-0.3034716418,0.8072365128,0.8747540429,-0.01762574492,-0.4615229696,-0.1465989292
1679,55966666667,0,0,1.044878674,-0.3026134853,0.8036579929,0.8749251825,-0.01725451341,-0.461305038,-0.1463074457
1680,56000000000,0,0,1.044101362,-0.3011774244,0.8000584327,0.8741027124,-0.0133779813,-0.4625009095,-0.1478458199
1681,56033333333,0,0,1.043730999,-0.2991386212,0.7962282836,0.8742256447,-0.0106381076,-0.4620219721,-0.1488356479
1682,56066666667,0,0,1.042718426,-0.297313612,0.791736241,0.8744219224,-0.009614920898,-0.4616959982,-0.148763773
1683,56100000000,0,0,1.040892339,-0.2953859508,0.7883004423,0.8737049991,-0.008171646502,-0.462769149,-0.1497247925
1684,56133333333,0,1,1.041149638,-0.2939177489,0.7816056552,0.8746171781,-0.007570575662,-0.4608181703,-0.1504463097
1685,56166666667,0,0,1.038957046,-0.2921153949,0.7785014227,0.8751583593,-0.00730313796,-0.4592601996,-0.1520676799
1686,56200000000,0,0,1.037329813,-0.2906127799,0.7752248497,0.8751321878,-0.006360277701,-0.4591553717,-0.1525763591
1687,56233333333,0,0,1.036544691,-0.2882326454,0.7726051309,0.87570605,-0.005968077327,-0.4577056513,-0.1536516609
1688,56266666667,0,0,1.033827206,-0.2875131557,0.7701721332,0.8769451574,-0.005718956251,-0.4548007785,-0.155211908
1689,56300000000,0,0,1.031506671,-0.2857701037,0.7677306884,0.8776714546,-0.004178622691,-0.4531504774,-0.1559807737
1690,56333333333,0,0,1.029962229,-0.2843936446,0.7645969037,0.879061183,-0.003873829064,-0.4507075179,-0.1552390523
1691,56366666667,0,0,1.028039529,-0.282363067,0.7616123568,0.8805166121,-0.004448489685,-0.4481737326,-0.1543081727
1692,56400000000,0,0,1.024157964,-0.2811561912,0.7603599684,0.8814757144,-0.004107605515,-0.4466114604,-0.1533684972
1693,56433333333,0,1,1.022598845,-0.2776777725,0.7533094927,0.8837119957,-0.002372782793,-0.442970758,-0.1510774178
1694,56466666667,0,0,1.021443073,-0.2749293342,0.7500673349,0.8856015427,-0.005677270063,-0.4399680187,-0.1486802566
1695,56500000000,0,0,1.0180512,-0.2735676325,0.748316558,0.8873211405,-0.009814492366,-0.4369342321,-0.1471507603
1696,56533333333,0,0,1.016041041,-0.2718196494,0.7456315597,0.8895720045,-0.01205392127,-0.4325813558,-0.1462522563
1697,56566666667,0,0,1.013762864,-0.2692176434,0.7426383131,0.8915682796,-0.01491606958,-0.4284826434,-0.1458976974
1698,56600000000,0,0,1.010220518,-0.2677990032,0.7403498352,0.8929098261,-0.01759489133,-0.4257504188,-0.1453927201
1699,56633333333,0,0,1.008668213,-0.265843165,0.7375436989,0.8942570512,-0.01863827973,-0.4228419281,-0.1454704255
1700,56666666667,0,1,1.00644194,-0.2622594721,0.7350673509,0.896379273,-0.020585036,-0.4182715356,-0.1453594776
1701,56700000000,0,0,1.003301037,-0.2610152699,0.7326177031,0.8982672013,-0.02407538101,-0.4142539944,-0.1446721787
1702,56733333333,0,0,1.000405617,-0.259518529,0.7305215617,0.8994245818,-0.02547320259,-0.4116823145,-0.1445828812
1703,56766666667,0,0,0.9987682556,-0.2575148418,0.7280408488,0.9007240532,-0.02575066927,-0.4084399991,-0.1456360193
1704,56800000000,0,0,0.996167228,-0.2560062794,0.7256044954,0.9023864412,-0.02776074261,-0.4050215463,-0.1445185075
1705,56833333333,0,0,0.9928531741,-0.2549470474,0.7234232722,0.9032593019,-0.02868542321,-0.4035171206,-0.1430863845
1706,56866666667,0,0,0.9916271182,-0.2535433739,0.720976033,0.9040892276,-0.02784555204,-0.401734789,-0.1430260571
1707,56900000000,0,0,0.9897315319,-0.2517154914,0.7177597303,0.905152835,-0.02785706084,-0.3991422309,-0.1435542025
1708,56933333333,0,1,0.985552913,-0.2503240063,0.7164582552,0.9060912102,-0.02796312589,-0.3972103337,-0.1429710919
1709,56966666667,0,0,0.98450563,-0.2489027257,0.7139122242,0.9070559419,-0.02597848265,-0.3949283036,-0.1435488477
1710,57000000000,0,0,0.9815383901,-0.2482147089,0.7103546795,0.9079715988,-0.02513596723,-0.3922709284,-0.1451870436
1711,57033333333,0,0,0.979693757,-0.2470567347,0.7073510102,0.9084799342,-0.02465668739,-0.3918397312,-0.1432406437
1712,57066666667,0,0,0.9785995196,-0.2454505932,0.7049845073,0.9092159174,-0.02479149886,-0.3904676123,-0.142291394
1713,57100000000,0,0,0.974858663,-0.2452668255,0.7033185593,0.9099802664,-0.02431868802,-0.388470195,-0.1429525229
1714,57133333333,0,0,0.9720862401,-0.2453825199,0.7004450892,0.9104840237,-0.02137810397,-0.387995567,-0.1414964992
1715,57166666667,0,0,0.9723853362,-0.2427437954,0.6969477721,0.9112121299,-0.01744226395,-0.3868378099,-0.1405159443
1716,57200000000,0,1,0.9701949042,-0.2412677017,0.6928292238,0.9116914725,-0.01586356913,-0.3854258255,-0.1414706298
1717,57233333333,0,0,0.9688497485,-0.2398304685,0.6887151733,0.9116095191,-0.01442992811,-0.3859416293,-0.1407441677
1718,57266666667,0,0,0.9687302202,-0.2372307339,0.6850309921,0.9118302679,-0.01360267013,-0.385398251,-0.1408854786
1719,57300000000,0,0,0.9651727633,-0.2363802064,0.6827090633,0.9119670359,-0.01391014728,-0.3847964051,-0.1416134167
1720,57333333333,0,0,0.9641666783,-0.2349343379,0.6797012131,0.911875572,-0.01091934987,-0.3849683703,-0.1419967004
1721,57366666667,0,0,0.964169887,-0.2322432418,0.6750773003,0.9127138384,-0.009559895941,-0.3832076201,-0.1414707655
1722,57400000000,0,0,0.9622220625,-0.2299990491,0.6707366674,0.9130553001,-0.01100986806,-0.3828040226,-0.1402493564
1723,57433333333,0,1,0.9596879888,-0.2289521424,0.6676520649,0.9135039175,-0.011154102,-0.3824393439,-0.1382979644
1724,57466666667,0,0,0.9610230613,-0.2260038975,0.664191139,0.9146250826,-0.008778524227,-0.380203196,-0.1372203539
1725,57500000000,0,0,0.9595802103,-0.2237105174,0.6594070962,0.9161802738,-0.01039514461,-0.3769949111,-0.1355746428
1726,57533333333,0,0,0.9577768643,-0.2225087502,0.6558655219,0.9169237296,-0.01214934749,-0.3763812557,-0.1320621737
1727,57566666667,0,0,0.9598067736,-0.2190264151,0.6518197514,0.9183188832,-0.01210932804,-0.3737854011,-0.1297238098
1728,57600000000,0,0,0.9577993924,-0.2166491536,0.6491410791,0.9201112311,-0.01359607054,-0.3691026294,-0.1302832228
1729,57633333333,0,0,0.9549532793,-0.2163387303,0.6463779033,0.9214735529,-0.01373059303,-0.3664512519,-0.128107151
1730,57666666667,0,0,0.9565518755,-0.2133813168,0.6412642596,0.922699994,-0.01312373872,-0.3642238409,-0.1256721219
1731,57700000000,0,1,0.9548552099,-0.2113445959,0.6363782403,0.923804306,-0.01417500992,-0.3616956615,-0.1247434236
1732,57733333333,0,0,0.9545898149,-0.2101001306,0.6338528473,0.9244193872,-0.01386766526,-0.3610233466,-0.1221418341
1733,57766666667,0,0,0.9556546256,-0.206906937,0.6294353796,0.9256339848,-0.01400466092,-0.3584210656,-0.1205816544
1734,57800000000,0,0,0.9527661103,-0.2063128122,0.6269325639,0.9264494175,-0.01510747584,-0.3564491766,-0.120030102
1735,57833333333,0,0,0.9525750219,-0.2050525492,0.6230663699,0.9269978419,-0.01350814947,-0.3557073172,-0.1181729047
1736,57866666667,0,0,0.9542326357,-0.201793644,0.6188370119,0.9277811689,-0.01255456138,-0.353913406,-0.1175150489
1737,57900000000,0,0,0.9519962387,-0.2007726624,0.6162797564,0.9284898143,-0.01425435943,-0.3523281183,-0.1164833678
1738,57933333333,0,0,0.951741504,-0.1993303734,0.6131042339,0.9289582114,-0.01395709377,-0.3516981759,-0.1146744702
1739,57966666667,0,0,0.9524583705,-0.1965855661,0.6102689223,0.9293323944,-0.0131897947,-0.3506123222,-0.1150579398
1740,58000000000,0,0,0.9511015695,-0.1951165527,0.607346782,0.9301940354,-0.01362300163,-0.3481276013,-0.11558825
1741,58033333333,0,1,0.9512747453,-0.1928065345,0.6032757015,0.9307383786,-0.0135942857,-0.3467258593,-0.1154228942
1742,58066666667,0,0,0.9505431178,-0.1913851549,0.601466151,0.9312007881,-0.01443412039,-0.3452122879,-0.1161259003
1743,58100000000,0,0,0.9481630862,-0.1902358683,0.6004616854,0.9319537587,-0.0144861614,-0.3428865853,-0.116966373
1744,58133333333,0,0,0.9464916678,-0.1889806533,0.5968143108,0.9328795429,-0.01323356176,-0.3402903462,-0.1173162883
1745,58166666667,0,0,0.9448918406,-0.1880693727,0.5933618557,0.9332128981,-0.01347278696,-0.3392937402,-0.1175241622
1746,58200000000,0,0,0.9432962072,-0.1864313665,0.5918276119,0.9332937141,-0.01279717559,-0.3389946925,-0.117820516
1747,58233333333,0,0,0.9416198462,-0.1845113733,0.5902155763,0.934198625,-0.01104775603,-0.33628073,-0.1186007874
1748,58266666667,0,0,0.9389768855,-0.18416238,0.5862691875,0.9347885841,-0.009841122673,-0.3343214702,-0.1195935194
1749,58300000000,0,0,0.9379554847,-0.1817352101,0.5834430662,0.9347998957,-0.009315925862,-0.3345667735,-0.1188589191
1750,58333333333,0,0,0.9365276303,-0.1798733833,0.5826045521,0.935216362,-0.008996438646,-0.33322589,-0.1193730562
1751,58366666667,0,0,0.9331210613,-0.1791740947,0.5809528605,0.9360848595,-0.007764719284,-0.3302640408,-0.1208739354
1752,58400000000,0,1,0.9303842391,-0.1771708702,0.5770187176,0.9367100199,-0.005415984679,-0.3284715872,-0.121043059
1753,58433333333,0,0,0.9289168679,-0.1748210716,0.5746634633,0.9374653089,-0.004603714201,-0.3264630439,-0.1206626764
1754,58466666667,0,0,0.9253514557,-0.1742420283,0.5735152377,0.938291198,-0.00462984527,-0.3242921419,-0.1200949587
1755,58500000000,0,0,0.923289283,-0.1729019602,0.5707827766,0.9389811189,-0.003136115015,-0.3229765668,-0.1182825447
1756,58533333333,0,0,0.9220012687,-0.1708043135,0.5672678719,0.9399485631,-0.003974599054,-0.3210442326,-0.1158080392
1757,58566666667,0,0,0.9178890104,-0.1701352573,0.5659074737,0.9406570551,-0.006546060909,-0.319704892,-0.1136232188
1758,58600000000,0,0,0.9148572405,-0.1690942186,0.5639596833,0.9411440194,-0.005973416105,-0.3190810297,-0.1113532642
1759,58633333333,0,0,0.9140940164,-0.1655363066,0.5609119418,0.941967687,-0.006056966599,-0.3172415806,-0.109626499
1760,58666666667,0,0,0.9107652746,-0.1644415413,0.5592677232,0.9429584116,-0.009484080157,-0.3149370368,-0.1074902277
1761,58700000000,0,1,0.9070074472,-0.1612747485,0.5559448535,0.9444088665,-0.01145307092,-0.311288668,-0.1051669397
1762,58733333333,0,0,0.9046585022,-0.1601005549,0.5540597684,0.9457086176,-0.01300297552,-0.3074263955,-0.1046668263
1763,58766666667,0,0,0.90219839,-0.1586017956,0.5505612343,0.946669778,-0.01489676359,-0.3043675417,-0.1046652637
1764,58800000000,0,0,0.8994831815,-0.1569817393,0.5490098667,0.9475497801,-0.01844002946,-0.302127586,-0.1026075109
1765,58833333333,0,0,0.8965165148,-0.1555797184,0.5473133047,0.9487755448,-0.02123693644,-0.2985206791,-0.1012885103
1766,58866666667,0,0,0.8917274065,-0.1556077978,0.5468466878,0.9499893117,-0.02246412249,-0.294806819,-0.1005216913
1767,58900000000,0,0,0.8900154402,-0.154982136,0.5434654753,0.9508608129,-0.02165406652,-0.2929517395,-0.09784730042
1768,58933333333,0,0,0.888831711,-0.1537985563,0.5395298905,0.9518011367,-0.02445887336,-0.2908434655,-0.09426790736
1769,58966666667,0,0,0.8847038373,-0.153122751,0.5404333594,0.9525379754,-0.02658151227,-0.2890395063,-0.09176596494
1770,59000000000,0,1,0.8782720571,-0.1532143914,0.5365162448,0.9540943308,-0.02525863004,-0.2850523686,-0.08838074895
1771,59033333333,0,0,0.8769664661,-0.1519834176,0.5326562872,0.9548529677,-0.02440762271,-0.2837131777,-0.08465760911
1772,59066666667,0,0,0.8740984016,-0.1512082903,0.5309459237,0.9554162924,-0.02466783483,-0.282791164,-0.0812426227
1773,59100000000,0,0,0.8710198981,-0.151085077,0.5288324732,0.9559596348,-0.02312243494,-0.2814866314,-0.07982359255
1774,59133333333,0,0,0.869279747,-0.1507645793,0.5244074725,0.9564051696,-0.02124735056,-0.280277568,-0.07926024532
1775,59166666667,0,0,0.8677027934,-0.1496881416,0.5216341229,0.9567997482,-0.02133086613,-0.2790943899,-0.07864831497
1776,59200000000,0,0,0.8646553555,-0.1500651473,0.5208081372,0.9572471345,-0.02229403,-0.2779284773,-0.0770497325
1777,59233333333,0,0,0.8633372592,-0.148110594,0.5193621401,0.9578739361,-0.01943822957,-0.2759495387,-0.07714615926
1778,59266666667,0,1,0.8590156708,-0.1485042482,0.5166915531,0.9596599368,-0.01892083703,-0.2700748184,-0.07585776182
1779,59300000000,0,0,0.8572837189,-0.1484999137,0.517537963,0.9613486913,-0.01493159017,-0.2645823136,-0.07471238617
1780,59333333333,0,0,0.8536175198,-0.1485272196,0.514673461,0.9638369857,-0.01108414204,-0.2559875511,-0.07325148781
1781,59366666667,0,0,0.8512060996,-0.1475716217,0.5116226704,0.9655274301,-0.007163728531,-0.249962141,-0.07227994738
1782,59400000000,0,0,0.8495990774,-0.146273529,0.5094083105,0.9675203156,-0.006326389828,-0.2427306995,-0.07032939099
1783,59433333333,0,0,0.8454112337,-0.1465732107,0.5080672872,0.9688987175,-0.005532843954,-0.2375424725,-0.06912479087
1784,59466666667,0,1,0.8435512644,-0.1450167207,0.5051561372,0.9702883957,-0.002582451238,-0.2321676852,-0.06805825448
1785,59500000000,0,0,0.8415037742,-0.1445587523,0.5021904001,0.9717941001,-0.003143950936,-0.2266280718,-0.06516179652
1786,59533333333,0,0,0.837913903,-0.143714972,0.5024450442,0.9728020503,-0.002858184685,-0.2231229187,-0.06216240629
1787,59566666667,0,0,0.8375431909,-0.1422303431,0.4997165572,0.9741684437,-0.002495778074,-0.2179827571,-0.05893328399
1788,59600000000,0,0,0.8338916803,-0.1407298643,0.497787688,0.97538939,-0.005248872265,-0.2136466049,-0.05425048766
1789,59633333333,0,0,0.8308191706,-0.1401966362,0.4984507,0.9759770536,-0.006502287617,-0.212175153,-0.04907357258
1790,59666666667,0,1,0.8320753304,-0.1369636703,0.4949820024,0.9771699224,-0.006350343229,-0.2073107734,-0.0460527857
1791,59700000000,0,0,0.8287644586,-0.1350115588,0.4948609747,0.9783609385,-0.01063544498,-0.2022518303,-0.04231971618
1792,59733333333,0,0,0.8256831434,-0.1327955508,0.4929508771,0.9798577528,-0.01676167304,-0.1964431082,-0.03174800656
1793,59766666667,0,0,0.8218497055,-0.1315651346,0.49199608,0.9806053688,-0.01944259967,-0.192762717,-0.02962483507
1794,59800000000,0,0,0.8209712718,-0.1308412355,0.4904994417,0.9809673202,-0.02119900794,-0.1911197874,-0.02696193051
1795,59833333333,0,0,0.8190156925,-0.12888865,0.488693971,0.981522728,-0.02475458689,-0.1880199554,-0.02547236039
1796,59866666667,0,1,0.8103242802,-0.1267912181,0.4896041447,0.9824133053,-0.02558276205,-0.1834671109,-0.02344011694
1797,59900000000,0,0,0.8097134248,-0.1259103045,0.4874125073,0.9829386454,-0.02454487736,-0.1809083275,-0.02239074362
1798,59933333333,0,0,0.8067593018,-0.1242518572,0.4877179992,0.9835514755,-0.02501407996,-0.1773606689,-0.02332346492
1799,59966666667,0,0,0.8035322516,-0.1240363949,0.4881604042,0.9843598638,-0.02553051315,-0.1731264476,-0.02027521963
1800,60000000000,0,0,0.802740133,-0.1225819841,0.4839089554,0.985014395,-0.0263846594,-0.1694172501,-0.01866244213
1801,60033333333,0,0,0.7987987344,-0.1211707732,0.4857502124,0.9854499552,-0.02966080929,-0.1662947741,-0.01883269428
1802,60066666667,0,0,0.7947099105,-0.1212443822,0.4885681511,0.9861731963,-0.03141595208,-0.1618075569,-0.01713999297
1803,60100000000,0,0,0.7927587102,-0.1206535735,0.487475843,0.9870484422,-0.03110230573,-0.1563994951,-0.01752761354
1804,60133333333,0,1,0.7867913967,-0.1194058595,0.4864562012,0.9879138154,-0.03132229871,-0.1506994098,-0.01830013058
1805,60166666667,0,0,0.7829359698,-0.119487853,0.486868512,0.9884710444,-0.03129403063,-0.1471465482,-0.01713392595
1806,60200000000,0,0,0.7791598319,-0.1182641953,0.4853423821,0.9889873473,-0.03094250712,-0.143823095,-0.01617113264
1807,60233333333,0,0,0.7738754094,-0.1182400774,0.4872417427,0.9893405398,-0.03041210837,-0.141630499,-0.01487285121
1808,60266666667,0,0,0.7703928625,-0.1175742568,0.4856316428,0.9898131923,-0.02933733978,-0.1387733905,-0.01229271812
1809,60300000000,0,0,0.7653332354,-0.1169158271,0.4861231977,0.9901599112,-0.02937788892,-0.1365511194,-0.008607078053
1810,60333333333,0,0,0.7610435473,-0.1170569092,0.4861252116,0.9903745484,-0.0286468939,-0.1353221365,-0.005052599377
1811,60366666667,0,0,0.7565281635,-0.1168361909,0.4849653003,0.9904932217,-0.02773621862,-0.1347314619,-0.001145884062
1812,60400000000,0,1,0.751100214,-0.1172815389,0.4832652061,0.9906960475,-0.02756364033,-0.1332703784,0.0007704185061
1813,60433333333,0,0,0.7456053316,-0.1179419635,0.484704538,0.9909444082,-0.02854934522,-0.1311500558,0.00371180692
1814,60466666667,0,0,0.7399452065,-0.1199074932,0.4857985917,0.9912098161,-0.026994135,-0.1293414917,0.006722779031
1815,60500000000,0,0,0.7384215534,-0.1192052047,0.4828393259,0.991393825,-0.02471981986,-0.1281764415,0.009900210476
1816,60533333333,0,0,0.7339160426,-0.118194074,0.4829353902,0.991525561,-0.02646240691,-0.1264747976,0.01345096521
1817,60566666667,0,0,0.7279118846,-0.1217684503,0.4864144576,0.9916518624,-0.02844466932,-0.1244990381,0.01781780025
1818,60600000000,0,1,0.7247855778,-0.1224052654,0.4835122478,0.9920140768,-0.0261931387,-0.1218853005,0.01913019583
1819,60633333333,0,0,0.7206929388,-0.1209632456,0.483136064,0.9922673108,-0.02719982586,-0.1192384416,0.02116477116
1820,60666666667,0,0,0.7148242177,-0.1240154262,0.4864315081,0.9923411595,-0.02948022992,-0.1173077695,0.02507641238
1821,60700000000,0,0,0.7118944182,-0.1248446219,0.4848814939,0.9926665037,-0.02819518443,-0.1147496631,0.02550997427
1822,60733333333,0,0,0.7078816803,-0.1247645978,0.4856466014,0.9931090648,-0.02821233837,-0.1110261551,0.02473140402
1823,60766666667,0,0,0.7031525039,-0.1256543597,0.4868925827,0.9933961621,-0.0293051254,-0.1074782643,0.02745355028
1824,60800000000,0,0,0.7002354713,-0.1258588825,0.4867123417,0.9937008208,-0.02891479506,-0.1048020223,0.02718730273
1825,60833333333,0,1,0.6950472949,-0.1263260616,0.4864659781,0.9943778973,-0.0300199652,-0.0984198676,0.02499857479
1826,60866666667,0,0,0.6902635776,-0.1263362977,0.4879578679,0.9946915168,-0.03033644639,-0.09462320346,0.02673828398
1827,60900000000,0,0,0.6869444593,-0.1250581239,0.4852509442,0.9948265276,-0.03108372014,-0.09183415017,0.030339267
1828,60933333333,0,0,0.6824060071,-0.1254746476,0.4876874644,0.9949491004,-0.03415333179,-0.08891430043,0.03168729674
1829,60966666667,0,0,0.6780031282,-0.1266110952,0.4901478666,0.9951934666,-0.03549436001,-0.08478303374,0.03379277395
1830,61000000000,0,0,0.6752679287,-0.1252704529,0.4888784592,0.9954025707,-0.03475543354,-0.08095977545,0.03756723078
1831,61033333333,0,1,0.6699181793,-0.1223118113,0.4876503171,0.9956964915,-0.03598767463,-0.07563992491,0.03964827609
1832,61066666667,0,0,0.6643503464,-0.1233571979,0.4921367142,0.9958223705,-0.03865594165,-0.07091466038,0.04259853987
1833,61100000000,0,0,0.6609630108,-0.123377461,0.4911669852,0.9960748106,-0.03785072007,-0.06554307394,0.04589553415
1834,61133333333,0,0,0.6570795852,-0.1211768643,0.4905418434,0.9962604818,-0.03806520411,-0.06074870451,0.04822538278
1835,61166666667,0,0,0.6510888822,-0.1219648758,0.494749618,0.9962472717,-0.03890830832,-0.05618445885,0.05311142802
1836,61200000000,0,0,0.6478647611,-0.1215540242,0.4924027087,0.9964263228,-0.03577975172,-0.05211661354,0.05602009545
1837,61233333333,0,1,0.6439844434,-0.1203352854,0.4925646645,0.9965961053,-0.03518164468,-0.04693970008,0.05792339187
1838,61266666667,0,0,0.6393555221,-0.1196111747,0.4930824796,0.9963861103,-0.03499648251,-0.04208075551,0.06495517983
1839,61300000000,0,0,0.6372877485,-0.1183458869,0.4907682416,0.9961724595,-0.03496484034,-0.03881130677,0.07008261767
1840,61333333333,0,0,0.6347281089,-0.1181145871,0.4911547078,0.9961776363,-0.03650419642,-0.03380619435,0.0717962519
1841,61366666667,0,0,0.6301426612,-0.1179732934,0.492904296,0.9961624947,-0.03757728413,-0.02710905421,0.07425180854
1842,61400000000,0,0,0.6270619126,-0.1169282263,0.4914214625,0.9959915835,-0.03828243515,-0.02131845224,0.07797912786
1843,61433333333,0,1,0.6237491194,-0.1169229471,0.4910015903,0.9959146198,-0.03987874464,-0.01669656003,0.07927787027
1844,61466666667,0,0,0.619234831,-0.1171322258,0.4928409016,0.9958390054,-0.04020985538,-0.01229970887,0.08084899461
1845,61500000000,0,0,0.6164563403,-0.1170868471,0.4921556702,0.995777705,-0.0384943334,-0.007859712811,0.08296489308
1846,61533333333,0,0,0.612988635,-0.1155086464,0.4907288396,0.9955953868,-0.03758876927,-0.004178579082,0.08578723454
1847,61566666667,0,0,0.6100633983,-0.114714768,0.4904418806,0.9952262301,-0.0382441332,-0.001493638293,0.08977698053
1848,61600000000,0,0,0.6072444857,-0.1152001053,0.4902011743,0.9949536431,-0.03976829812,0.002279758829,0.09208981105
1849,61633333333,0,1,0.6037150888,-0.1151677914,0.4918980666,0.9949556646,-0.04061866897,0.00594318326,0.0915315673
1850,61666666667,0,0,0.6001839867,-0.1151191485,0.4921123383,0.9947474424,-0.04086515505,0.009366868733,0.09338001277
1851,61700000000,0,0,0.5968545888,-0.1142122749,0.4917226207,0.994513308,-0.04152579983,0.01283554572,0.09515322869
1852,61733333333,0,0,0.5915726502,-0.1146531921,0.4946596973,0.9944850846,-0.04207538671,0.0160270638,0.09472175817
1853,61766666667,0,0,0.5881706099,-0.1166347358,0.496486048,0.9944832802,-0.04079189615,0.0190596003,0.0947404779
1854,61800000000,0,0,0.5858166212,-0.1150163426,0.4937870597,0.9942390231,-0.03904694723,0.02230173391,0.09729714023
1855,61833333333,0,1,0.5809761853,-0.1160261139,0.4960983999,0.9940859569,-0.03957643412,0.02560036307,0.0978337242
1856,61866666667,0,0,0.5765550601,-0.1173696524,0.4973536514,0.9938971324,-0.03874443035,0.02958169637,0.09895596295
1857,61900000000,0,0,0.5730300721,-0.1160098995,0.496566659,0.9937296934,-0.03686100585,0.03228962841,0.1004984702
1858,61933333333,0,0,0.5683086056,-0.1170004284,0.4987179423,0.9936010817,-0.0368523269,0.0336110498,0.1013365368
1859,61966666667,0,0,0.5655294518,-0.1180401854,0.49904724,0.9934925463,-0.03653748769,0.03466011661,0.1021579598
1860,62000000000,0,0,0.561476911,-0.119278879,0.5005691709,0.993220455,-0.03720738264,0.03799860995,0.1033675191
1861,62033333333,0,1,0.5549191724,-0.1195898987,0.5031441717,0.9927479285,-0.03651981526,0.0422996409,0.1064358673
1862,62066666667,0,0,0.5510121431,-0.1208809955,0.5039712026,0.9925599681,-0.03514881876,0.04236966573,0.1086005603
1863,62100000000,0,0,0.548206432,-0.1209358254,0.50496715,0.9921617744,-0.03514026768,0.04407198744,0.1115250414
1864,62133333333,0,0,0.5433047434,-0.1216791797,0.5066529696,0.9918199823,-0.03602123439,0.04583850267,0.1135536219
1865,62166666667,0,0,0.5390005227,-0.1224567281,0.5084736517,0.9915445859,-0.03749753065,0.04697826087,0.1150057061
1866,62200000000,0,0,0.5350469767,-0.1240576763,0.5116375147,0.9911773444,-0.03923757562,0.04900440383,0.1167323988
1867,62233333333,0,1,0.5295680497,-0.125891957,0.5137695823,0.9909032965,-0.04009416393,0.05221129179,0.1173758749
1868,62266666667,0,0,0.5264416489,-0.1255782022,0.5151286724,0.99068951,-0.03980983402,0.05288485689,0.1189649687
1869,62300000000,0,0,0.5229160074,-0.1264972531,0.5177218392,0.9900765557,-0.04260894138,0.05492900788,0.1221298325
1870,62333333333,0,0,0.5183969078,-0.1289990739,0.5220257128,0.9895516905,-0.04484074535,0.05762841873,0.1243210551
1871,62366666667,0,0,0.5149455848,-0.1326800015,0.5252212249,0.9894910942,-0.04462373901,0.05980134302,0.1238543331
1872,62400000000,0,0,0.5122802924,-0.13193855,0.5252060681,0.9894124025,-0.04213612041,0.06191834989,0.1243131656
1873,62433333333,0,1,0.505792568,-0.1316872061,0.5286124223,0.9888435753,-0.04270896424,0.06482308382,0.1271310183
1874,62466666667,0,0,0.50241039,-0.1344581196,0.5316466849,0.9887645896,-0.04331017689,0.06523028675,0.1273335173
1875,62500000000,0,0,0.5008032546,-0.1352070709,0.5315581191,0.9888517885,-0.04356283428,0.06685225223,0.1257187188
1876,62533333333,0,0,0.4969945885,-0.135808979,0.5352446641,0.9887007845,-0.0448322324,0.06917323352,0.1252034086
1877,62566666667,0,0,0.4929760355,-0.1391355773,0.5388099707,0.9885181592,-0.04490791369,0.06999639116,0.1261571777
1878,62600000000,0,0,0.4921938696,-0.1386469441,0.5365290281,0.9887581388,-0.04292680152,0.06953328898,0.1252188262
1879,62633333333,0,1,0.4852087123,-0.1396712505,0.5394280321,0.9882585298,-0.04570125856,0.07280799964,0.1263149574
1880,62666666667,0,0,0.4820992205,-0.1417848826,0.5429063624,0.9880410525,-0.04584219549,0.07247516258,0.1281433673
1881,62700000000,0,0,0.4809103993,-0.1419810461,0.542964815,0.9880749541,-0.045736418,0.07282198932,0.1277224449
1882,62733333333,0,0,0.4785768026,-0.1435461257,0.5462947962,0.9878668092,-0.04729163518,0.07529229017,0.1273331829
1883,62766666667,0,0,0.4755514801,-0.1441935423,0.5480297883,0.9875742739,-0.04684304348,0.0767173133,0.1289078609
1884,62800000000,0,0,0.4739017163,-0.1440755699,0.5486891288,0.9874456685,-0.0466156038,0.0775651961,0.129466898
1885,62833333333,0,0,0.4707070765,-0.1455770728,0.5508254832,0.9870498492,-0.0485332016,0.08045800928,0.1300139698
1886,62866666667,0,1,0.4664253178,-0.1467663033,0.5538418485,0.9865086016,-0.0487705656,0.08384566326,0.1318791706
1887,62900000000,0,0,0.4645587169,-0.1465786548,0.5553525245,0.9861486056,-0.0483090756,0.08516738852,0.133879337
1888,62933333333,0,0,0.4626104039,-0.1474186305,0.5567709995,0.9855044954,-0.05000664242,0.08772996613,0.1363219654
1889,62966666667,0,0,0.4606022178,-0.1488996926,0.5595797914,0.9846153149,-0.0512897501,0.09136754749,0.1398356693
1890,63000000000,0,0,0.4584027704,-0.1483419312,0.5617403305,0.9837958274,-0.05052427663,0.09487544594,0.1434981434
1891,63033333333,0,0,0.4568486155,-0.1481609427,0.5637494526,0.9828410727,-0.05069365158,0.09928817246,0.1469538645
1892,63066666667,0,1,0.4547792537,-0.1495420742,0.5661198967,0.9815965672,-0.05186946126,0.1047383287,0.1510219216
1893,63100000000,0,0,0.4527893807,-0.1505346597,0.5684463022,0.9805570302,-0.05208612511,0.1092432751,0.1544695859
1894,63133333333,0,0,0.4511530782,-0.1505246634,0.5708384596,0.9794363817,-0.05118483065,0.1133444109,0.1588632491
1895,63166666667,0,0,0.4484668017,-0.1495162716,0.5724892387,0.9779516959,-0.05068184952,0.1182198984,0.1645171306
1896,63200000000,0,0,0.444010765,-0.1517754749,0.5777054145,0.9756362561,-0.05036081275,0.1254328291,0.172812875
1897,63233333333,0,0,0.441273845,-0.1523308229,0.5797301599,0.9744799946,-0.0491567574,0.1299221014,0.1763309414
1898,63266666667,0,1,0.4379233831,-0.1544623849,0.5817195413,0.9735975991,-0.04822269154,0.1343114745,0.1781648528
1899,63300000000,0,0,0.4357734641,-0.1531397378,0.5815484529,0.9732574977,-0.04569230438,0.1362249387,0.1792339885
1900,63333333333,0,0,0.4329873176,-0.1540579243,0.5841124488,0.9723269637,-0.04666847812,0.1398118712,0.1812593981
1901,63366666667,0,0,0.4288885464,-0.1559924548,0.5868107641,0.9710943629,-0.04476789503,0.1433947257,0.18549805
1902,63400000000,0,0,0.425804969,-0.1550160845,0.5869586756,0.9705585438,-0.04133923275,0.143868664,0.1887034405
1903,63433333333,0,0,0.4231912979,-0.1553654024,0.5880587382,0.9700207766,-0.04060464685,0.1450322257,0.1907265295
1904,63466666667,0,1,0.4195883251,-0.1569943376,0.589250112,0.9691065441,-0.04103382748,0.1462713429,0.1943024074
1905,63500000000,0,0,0.4173096746,-0.1559130359,0.5891302881,0.9690742705,-0.03998941592,0.1446222422,0.1959089379
1906,63533333333,0,0,0.4146922521,-0.1563936156,0.5903138309,0.968653763,-0.04328526724,0.1448357015,0.1971265904
1907,63566666667,0,0,0.4124687001,-0.1575741189,0.5940857609,0.9682246358,-0.04566065838,0.1455579689,0.198164166
1908,63600000000,0,0,0.4110368762,-0.1570863094,0.5950976641,0.9681179138,-0.04528331859,0.1467724303,0.1978761726
1909,63633333333,0,0,0.4083703886,-0.1577732713,0.5976148659,0.9675935919,-0.04808639717,0.1492524532,0.1979243403
1910,63666666667,0,0,0.4051208041,-0.1604417002,0.6022604965,0.9669015293,-0.04995551373,0.150974883,0.1995306094
1911,63700000000,0,0,0.4042103456,-0.1605248782,0.6028788782,0.9671905666,-0.04870294648,0.1508102487,0.1985615768
1912,63733333333,0,0,0.40159966,-0.1633233274,0.6054686334,0.9669964452,-0.05148281816,0.1536130903,0.1966479417
1913,63766666667,0,0,0.3984643812,-0.1647238206,0.6086375464,0.9664600198,-0.05071055663,0.1551487994,0.1982733456
1914,63800000000,0,1,0.3968565112,-0.1626712394,0.609268683,0.9668037194,-0.04851190645,0.1540783422,0.1979823921
1915,63833333333,0,0,0.395051569,-0.164569725,0.6130700433,0.9669017,-0.05119012097,0.1552217019,0.1959257443
1916,63866666667,0,0,0.3930215958,-0.1660678509,0.617029547,0.9667090094,-0.05092482872,0.1564750965,0.1959487106
1917,63900000000,0,0,0.3891040282,-0.1655148234,0.6185993329,0.9666838217,-0.04918100299,0.1568042754,0.1962550307
1918,63933333333,0,0,0.385918154,-0.1665757896,0.6220478556,0.9666833501,-0.0517801638,0.1559291069,0.1962860896
1919,63966666667,0,0,0.3840855399,-0.1691606621,0.6264272762,0.9669129679,-0.05400134095,0.1544570141,0.1957196937
1920,64000000000,0,0,0.3826757611,-0.1699251985,0.6294284709,0.9673736426,-0.05351474533,0.1538200503,0.1940716358
1921,64033333333,0,1,0.3811368345,-0.1728075616,0.6328933177,0.967551094,-0.05462667566,0.1543301401,0.1924656192
1922,64066666667,0,0,0.3778387499,-0.1734525043,0.635785288,0.9676048243,-0.0522923949,0.1543226216,0.1928495215
1923,64100000000,0,0,0.3762310077,-0.1732392738,0.6386593732,0.9681296058,-0.05162103926,0.151285068,0.1928034306
1924,64133333333,0,0,0.3740179401,-0.1753858565,0.6414669406,0.9683367077,-0.05372996189,0.1504555172,0.19183391
1925,64166666667,0,0,0.37250814,-0.1772544873,0.6452191022,0.968722967,-0.05550043811,0.1493388213,0.1902457125
1926,64200000000,0,0,0.3695922339,-0.1783647879,0.6496147128,0.9693132934,-0.05430554134,0.14789125,0.1887083082
1927,64233333333,0,1,0.3675428339,-0.1779708122,0.651764728,0.9698639444,-0.05333822781,0.1463198398,0.1873752043
1928,64266666667,0,0,0.3652976339,-0.1796774907,0.6559603658,0.9700503437,-0.05609653506,0.1456678968,0.1861084985
1929,64300000000,0,0,0.3632634181,-0.1822569597,0.660901581,0.9705435334,-0.05680335014,0.1434121336,0.1850718485
1930,64333333333,0,0,0.3619596982,-0.1809316829,0.6627003621,0.9716375181,-0.05324057189,0.1399497841,0.1830301417
1931,64366666667,0,0,0.3590435201,-0.1803806946,0.6651198685,0.9721315163,-0.05421016958,0.1397278267,0.1802712038
1932,64400000000,0,0,0.3561098636,-0.1842907326,0.6708639506,0.9718160939,-0.05890861183,0.1396516532,0.1805565588
1933,64433333333,0,1,0.3547205953,-0.1866233646,0.6727031219,0.9729780517,-0.05767924716,0.1339305788,0.1790235052
1934,64466666667,0,0,0.3531988615,-0.1842653644,0.6745316862,0.9744409874,-0.05452166261,0.130004166,0.1749030224
1935,64500000000,0,0,0.35031143,-0.1868306382,0.6780185577,0.9749038615,-0.05738992309,0.1288940637,0.1722067885
1936,64533333333,0,0,0.3470120171,-0.1882090527,0.6808544268,0.9758569717,-0.05650397198,0.1252577336,0.1697674062
1937,64566666667,0,0,0.3453338225,-0.1846447759,0.6826154954,0.9774998341,-0.05224240875,0.119138906,0.1660443501
1938,64600000000,0,0,0.3437600474,-0.1843555827,0.6850250349,0.9781473474,-0.05469887975,0.1169280269,0.1629835445
1939,64633333333,0,1,0.3402511788,-0.1887193992,0.688851501,0.9781003119,-0.05858705505,0.1177378909,0.1613230484
1940,64666666667,0,0,0.3379068021,-0.1861621633,0.6893610373,0.9795826527,-0.05397410209,0.1143752529,0.1562783555
1941,64700000000,0,0,0.3352385744,-0.1852248691,0.6902678039,0.9802186924,-0.0559529182,0.1126885469,0.1527804877
1942,64733333333,0,0,0.332999078,-0.1870365287,0.6932731819,0.9806770002,-0.05968503442,0.1095041971,0.1507287256
1943,64766666667,0,0,0.3311099546,-0.1861413419,0.6942162421,0.9817352223,-0.0585951312,0.1051103082,0.1473580234
1944,64800000000,0,0,0.3293700657,-0.1855247374,0.6956084013,0.9825297114,-0.05984261292,0.1025256175,0.1433273378
1945,64833333333,0,1,0.3212192075,-0.1872884949,0.6976055791,0.9821687653,-0.06187084475,0.1078239056,0.1410337566
1946,64866666667,0,0,0.318775513,-0.1865941711,0.6985968968,0.982875762,-0.06121478226,0.104405842,0.138951096
1947,64900000000,0,0,0.3165907272,-0.18286371,0.6992264198,0.983610121,-0.05955237339,0.1025808772,0.1358006199
1948,64933333333,0,0,0.3132687475,-0.1854363397,0.7007200945,0.9832809654,-0.06510660223,0.1033219928,0.1350712373
1949,64966666667,0,0,0.3105356114,-0.1844409438,0.7009493522,0.9838981071,-0.06449232692,0.1005373784,0.1329567227
1950,65000000000,0,0,0.3080158774,-0.1828707156,0.701085404,0.9844715716,-0.06540535537,0.09857778966,0.1296930362
1951,65033333333,0,0,0.3048490451,-0.1847627547,0.7016926835,0.984444177,-0.0691623665,0.09807154232,0.1283284923
1952,65066666667,0,1,0.2992616303,-0.1836237998,0.7023889224,0.9849309829,-0.06597392725,0.09768925697,0.126551211
1953,65100000000,0,0,0.2969528084,-0.1806667921,0.7011519382,0.9857748495,-0.062980167,0.09497914169,0.1235330209
1954,65133333333,0,0,0.2923284531,-0.1827654176,0.701036449,0.9855266606,-0.06599756063,0.09561283166,0.1234492189
1955,65166666667,0,0,0.2894613055,-0.1818852539,0.7000493749,0.9861943917,-0.06322603731,0.09080466663,0.1231974124
1956,65200000000,0,0,0.2869024021,-0.179504643,0.6986739077,0.9867982075,-0.06082333793,0.08738390438,0.1220404545
1957,65233333333,0,0,0.2834795388,-0.1797060772,0.69795215,0.9868991288,-0.06129964772,0.08676079661,0.1214291027
1958,65266666667,0,1,0.2775788241,-0.178587895,0.6972534399,0.9870694298,-0.058691259,0.08785211682,0.1205457688
1959,65300000000,0,0,0.2748489153,-0.1757814772,0.6956732736,0.9876889883,-0.05575984459,0.08553955083,0.1185085963
1960,65333333333,0,0,0.2719716535,-0.1755141036,0.694654368,0.9876271598,-0.05735735994,0.08574553095,0.1181119404
1961,65366666667,0,0,0.2684387011,-0.1750416496,0.6932166265,0.9876577888,-0.05727863613,0.08575567161,0.1178864492
1962,65400000000,0,0,0.2648450115,-0.1728572262,0.6918604367,0.9877909691,-0.05593529684,0.08570251783,0.1174534903
1963,65433333333,0,0,0.2616594916,-0.1727458016,0.6906036216,0.9876981529,-0.05696095948,0.08568289157,0.1177550425
1964,65466666667,0,0,0.2584256178,-0.1713389852,0.6890229651,0.9878415217,-0.05623807598,0.08485579769,0.1174985125
1965,65500000000,0,1,0.2518934962,-0.1673584837,0.688148586,0.9877288783,-0.05372292345,0.08808674293,0.1172443438
1966,65533333333,0,0,0.2483291126,-0.1683001331,0.6871047717,0.9875520237,-0.05653191367,0.08818149246,0.1173420967
1967,65566666667,0,0,0.2449964514,-0.1658500024,0.6853241648,0.9879416004,-0.05474550711,0.086833605,0.1159062065
1968,65600000000,0,0,0.2413440069,-0.1638950683,0.6837280502,0.9878867393,-0.05636955348,0.08661214132,0.1157609642
1969,65633333333,0,0,0.2383019591,-0.1645859971,0.6825403932,0.9878385757,-0.05933895848,0.08558753386,0.1154496013
1970,65666666667,0,0,0.234321838,-0.1636060375,0.6814493612,0.9880755847,-0.05896518284,0.08530948476,0.1138070209
1971,65700000000,0,0,0.2297220333,-0.1614564426,0.6797573553,0.9884482099,-0.05783972893,0.08496025884,0.1113842743
1972,65733333333,0,1,0.2236130815,-0.1590105572,0.6796895124,0.9884130419,-0.05706370478,0.0855740335,0.111626507
1973,65766666667,0,0,0.2205140509,-0.15801231,0.6783664698,0.9887326396,-0.05724496107,0.082076226,0.1113295781
1974,65800000000,0,0,0.2170196548,-0.1577025893,0.6768945709,0.989071159,-0.05754021315,0.08090650135,0.1090023132
1975,65833333333,0,0,0.2119383646,-0.1567748953,0.6755086263,0.9893075864,-0.05668536318,0.08063816118,0.1074930511
1976,65866666667,0,0,0.2073253351,-0.1568443526,0.6739611445,0.9895400201,-0.05643460688,0.07745559744,0.1078253877
1977,65900000000,0,0,0.2049356347,-0.156705304,0.6717351523,0.9900749703,-0.05636377493,0.07321394742,0.1058980456
1978,65933333333,0,0,0.201091547,-0.1571085694,0.6700186739,0.9904672089,-0.05546203453,0.07138716599,0.1039352846
1979,65966666667,0,0,0.1965217336,-0.1550561845,0.6680347561,0.9908455855,-0.05271072436,0.06951396236,0.1030262798
1980,66000000000,0,1,0.191530189,-0.1533925711,0.667599172,0.9910744679,-0.05213783017,0.06854063384,0.1017606373
1981,66033333333,0,0,0.1879737019,-0.1548938152,0.6664904349,0.9912483029,-0.05354750634,0.0665654655,0.100640476
1982,66066666667,0,0,0.1854189083,-0.1538001967,0.6648175328,0.9916921076,-0.05156327167,0.0636966761,0.09915001814
1983,66100000000,0,0,0.182441194,-0.1532353019,0.6636779427,0.9918838709,-0.051621432,0.06348635986,0.09731955834
1984,66133333333,0,0,0.1755746423,-0.1559680372,0.6639489989,0.9916573586,-0.05297284369,0.06604753583,0.09719713979
1985,66166666667,0,0,0.1744051664,-0.1531723989,0.6619334553,0.9923572266,-0.04851935914,0.05989719789,0.0963604294
1986,66200000000,0,1,0.1700035221,-0.1523218355,0.6619087985,0.992270442,-0.04872092605,0.06118530552,0.09634313487
1987,66233333333,0,0,0.1665696119,-0.1520816929,0.6614374153,0.9923482238,-0.04900632271,0.06115868122,0.09540963636
1988,66266666667,0,0,0.1617427574,-0.1525554209,0.6608225894,0.9922963436,-0.04959805707,0.06185112231,0.09519683752
1989,66300000000,0,0,0.1594375178,-0.1521052886,0.6600886366,0.9925896705,-0.04936342734,0.05951289972,0.09374013406
1990,66333333333,0,0,0.1565162517,-0.1519832755,0.6597711047,0.9925974654,-0.05041572389,0.06086557771,0.09221663612
1991,66366666667,0,0,0.1515302387,-0.1537887568,0.6600130693,0.9924105641,-0.05166722644,0.06350082974,0.09175736857
1992,66400000000,0,0,0.1478014807,-0.1532701403,0.6592205746,0.9925420098,-0.04945852379,0.06306074254,0.09185617013
1993,66433333333,0,1,0.1446169301,-0.1508841926,0.6593125767,0.9926811435,-0.0474143037,0.06293355055,0.09151720833
1994,66466666667,0,0,0.1410730449,-0.1534318821,0.6597693372,0.9924075425,-0.04998580676,0.06534823709,0.09142372018
1995,66500000000,0,0,0.1355586483,-0.1543282234,0.6589480582,0.9923993699,-0.04816477141,0.06666829924,0.09153678675
1996,66533333333,0,0,0.1336811871,-0.1514753406,0.658580821,0.9927654008,-0.04509779447,0.06434563157,0.09078924805
1997,66566666667,0,0,0.1299781331,-0.1526749861,0.6583163549,0.992503529,-0.04724691132,0.0668891591,0.09072108199
1998,66600000000,0,0,0.1247929726,-0.1547048013,0.6585369382,0.9922075803,-0.04856465306,0.06958113176,0.09123627642
1999,66633333333,0,0,0.1228612305,-0.1530305807,0.6579875735,0.9923261315,-0.04584827492,0.06824986293,0.0923511814
2000,66666666667,0,0,0.1200715336,-0.1535486267,0.6577179781,0.9920953254,-0.04647658693,0.0708201214,0.09258132916
2001,66700000000,0,1,0.1141269569,-0.1561768043,0.6590492436,0.9916477697,-0.0476125559,0.07542721369,0.09315836422
2002,66733333333,0,0,0.112416117,-0.1559256827,0.6585356696,0.9916700522,-0.04361277796,0.07467260054,0.09545907994
2003,66766666667,0,0,0.1100521772,-0.1539939507,0.6572805075,0.9917255962,-0.04081361763,0.07647981164,0.0946859485
2004,66800000000,0,0,0.1044785493,-0.155572256,0.6577754088,0.9912575535,-0.04262891962,0.08122128325,0.09483849941
2005,66833333333,0,0,0.1018594081,-0.1565202651,0.657203423,0.9910481551,-0.04167567384,0.08217976665,0.09660837707
2006,66866666667,0,0,0.09918030657,-0.1560455258,0.6561306883,0.9912298782,-0.03992565105,0.08385279371,0.09401053127
2007,66900000000,0,0,0.09439077266,-0.157623465,0.6563812993,0.9910250956,-0.03953379957,0.08777257264,0.09274866063
2008,66933333333,0,0,0.09057872776,-0.1565784932,0.6551026425,0.9909879919,-0.03513219718,0.08956122806,0.09320576696
2009,66966666667,0,1,0.08787967933,-0.1559379426,0.6532178748,0.9909839131,-0.03446126921,0.08958690847,0.09347454629
2010,67000000000,0,0,0.08460939861,-0.1589434799,0.6538644125,0.9907219469,-0.03604782389,0.09100095113,0.09428364192
2011,67033333333,0,0,0.08138318384,-0.1604348266,0.6532009772,0.9906627672,-0.03338336588,0.09242254439,0.09450347009
2012,67066666667,0,0,0.07783993453,-0.1590745321,0.6516360996,0.9907826013,-0.02873039108,0.09275163077,0.09445388589
2013,67100000000,0,0,0.07540919571,-0.1602758096,0.6513315646,0.9907466626,-0.02785400916,0.09246429143,0.09537064288
2014,67133333333,0,0,0.07245621533,-0.1621883118,0.6507694439,0.990530198,-0.02554195239,0.09410426691,0.09665362148
2015,67166666667,0,0,0.0696346836,-0.1597715336,0.6492486016,0.9907474791,-0.01943486806,0.09369639049,0.09624294773
2016,67200000000,0,0,0.06724623915,-0.1608997967,0.6488477244,0.990603068,-0.0186302455,0.09378113399,0.09779353051
2017,67233333333,0,0,0.06500542507,-0.1622895548,0.6480262209,0.9904853639,-0.01676018643,0.09435985181,0.09876263715
2018,67266666667,0,1,0.06286852031,-0.1621795324,0.6467412919,0.9905706637,-0.01407038706,0.09444797731,0.09824135542
2019,67300000000,0,0,0.05912626899,-0.1639766345,0.646925494,0.9904368003,-0.0127354226,0.09601313122,0.09825595311
2020,67333333333,0,0,0.05716853958,-0.1632902174,0.6455653749,0.9907924112,-0.008700946688,0.0946113973,0.09645400425
2021,67366666667,0,0,0.05414907311,-0.1645247416,0.6449511746,0.990908482,-0.007228938501,0.09534590905,0.09464290972
2022,67400000000,0,0,0.05025972895,-0.1647575643,0.6439230213,0.9911767722,-0.003381133233,0.09531026895,0.09204958938
2023,67433333333,0,0,0.04705532479,-0.1646434864,0.6428965468,0.9914742138,0.0001547941889,0.09387322696,0.09036966716
2024,67466666667,0,1,0.04397302055,-0.1674150117,0.641797623,0.9916634115,0.001018218849,0.09292901966,0.08925715027
2025,67500000000,0,0,0.04208310348,-0.1686404067,0.6410367495,0.9920677537,0.004568518173,0.09146910501,0.0861051892
2026,67533333333,0,0,0.03954549835,-0.1678681333,0.6389805559,0.99235694,0.0100012612,0.09136121118,0.08234565891
2027,67566666667,0,0,0.03461743839,-0.165623409,0.6378896434,0.9922357694,0.01460556758,0.09195293744,0.08245915691
2028,67600000000,0,0,0.03199487591,-0.1671592148,0.6369341907,0.9924616456,0.01495334834,0.08932864026,0.08256314832
2029,67633333333,0,0,0.03096592493,-0.1677775523,0.6354407808,0.9927384673,0.01618110108,0.08789662661,0.0805151575
2030,67666666667,0,0,0.02676275518,-0.1668009397,0.6345336177,0.9927420168,0.01963975706,0.08938252385,0.07802776725
2031,67700000000,0,1,0.02260830077,-0.1661833624,0.6317092228,0.9928430546,0.02112797444,0.08846037019,0.07740181234
2032,67733333333,0,0,0.02008284168,-0.1669484412,0.630544981,0.9930679801,0.01982681266,0.08657323072,0.07699324693
2033,67766666667,0,0,0.01751795519,-0.1677881634,0.629668026,0.9931881303,0.02005479814,0.08712469145,0.07472905151
2034,67800000000,0,0,0.01321633345,-0.166445143,0.6279077479,0.9930417979,0.02217871675,0.08899259253,0.07386752133
2035,67833333333,0,0,0.009174671469,-0.1642625309,0.6265047974,0.992886822,0.0239652908,0.08897384523,0.07539945868
2036,67866666667,0,0,0.006301924651,-0.167747874,0.6262249567,0.9927846771,0.02091055495,0.08920609579,0.07735377286
2037,67900000000,0,0,0.004550536447,-0.1660141848,0.6236960581,0.9927277551,0.02479376076,0.08879056527,0.07741517419
2038,67933333333,0,0,0.0006935362144,-0.1636042431,0.6213915946,0.9923775637,0.02675203633,0.09081481013,0.07889087369
2039,67966666667,0,0,-0.004877571656,-0.165709992,0.6220409485,0.9917854682,0.02602395408,0.09387930219,0.08289158915
2040,68000000000,0,1,-0.005412075058,-0.1641799628,0.6173440593,0.9920167438,0.02831731103,0.09078694382,0.08281691155
2041,68033333333,0,0,-0.009638299703,-0.1629787212,0.6158185236,0.9916244686,0.02843797321,0.09378290569,0.08412467828
2042,68066666667,0,0,-0.01550003369,-0.1620054992,0.6155625962,0.9912306998,0.02949990733,0.0951304546,0.08684268453
2043,68100000000,0,0,-0.0173717913,-0.1619759691,0.6130248101,0.9914296971,0.02915923137,0.09205321549,0.08799488918
2044,68133333333,0,0,-0.02071129128,-0.16003254,0.6103704547,0.9914776941,0.02972479203,0.09265319553,0.08662450158
2045,68166666667,0,0,-0.02739837133,-0.1574455256,0.6097743863,0.9912649169,0.03086174066,0.09458100753,0.08657858045
2046,68200000000,0,1,-0.03352973146,-0.1563229897,0.6090977415,0.991326045,0.03059956835,0.09305256057,0.08762168621
2047,68233333333,0,0,-0.03490585878,-0.154949823,0.6061053225,0.9920690759,0.02932370411,0.08770262118,0.08513118877
2048,68266666667,0,0,-0.04016666458,-0.1555906548,0.6045617253,0.9921912956,0.027018101,0.08894533716,0.08315757438
2049,68300000000,0,0,-0.04636685349,-0.1523948456,0.6041421933,0.9922148648,0.02959449997,0.08798711758,0.08301864089
2050,68333333333,0,0,-0.04883569611,-0.1497168641,0.6006049337,0.9927233494,0.02882027775,0.08277779037,0.08256864122
2051,68366666667,0,0,-0.05298169416,-0.1528884732,0.6002124619,0.9930700586,0.02330677487,0.08227876126,0.08061549712
2052,68400000000,0,1,-0.05741193528,-0.1547893961,0.5997929926,0.993329333,0.02234054966,0.08242163935,0.07748812437
2053,68433333333,0,0,-0.06118588635,-0.1503530494,0.597087402,0.9935953961,0.02617082549,0.07896822513,0.07646761552
2054,68466666667,0,0,-0.06458527604,-0.1484522504,0.5956174037,0.9938728064,0.02548049501,0.07591932262,0.07618297391
2055,68500000000,0,0,-0.06880747774,-0.1506204744,0.595784555,0.994152629,0.02241878186,0.07405253544,0.07532709033
2056,68533333333,0,0,-0.07137463747,-0.1496443463,0.5940944668,0.9946006087,0.02346787552,0.07048912881,0.07245806169
2057,68566666667,0,0,-0.07493480041,-0.1466610529,0.5919464606,0.9947753531,0.02474260937,0.06889015574,0.0711614121
2058,68600000000,0,1,-0.08034698762,-0.1476715531,0.5934481691,0.994989796,0.02282741193,0.06769848676,0.06993661395
2059,68633333333,0,0,-0.08066125605,-0.1461993048,0.5909578775,0.9955944846,0.02275626505,0.06237158434,0.0662084593
2060,68666666667,0,0,-0.08561203577,-0.1457264131,0.591470729,0.995772914,0.02107631412,0.06335995261,0.06306829019
2061,68700000000,0,0,-0.09042373276,-0.1444984772,0.5920852426,0.9960469441,0.02168954764,0.06105988694,0.06075968162
2062,68733333333,0,0,-0.09242228765,-0.1441526833,0.5903322763,0.9964701806,0.02061897863,0.05674088283,0.05833103034
2063,68766666667,0,0,-0.09606708044,-0.1441214007,0.590338418,0.9967658166,0.01893709198,0.05599009269,0.05444633041
2064,68800000000,0,1,-0.1012841508,-0.1449739427,0.5911417774,0.997026646,0.01807861444,0.05475777731,0.05111376318
2065,68833333333,0,0,-0.103347441,-0.142529912,0.5896282868,0.9973002018,0.0195849198,0.05020047225,0.0498863813
2066,68866666667,0,0,-0.1062364367,-0.1421750733,0.5890760602,0.9976410084,0.0177908081,0.04699886202,0.04676550512
2067,68900000000,0,0,-0.1109767105,-0.1437584243,0.5895202004,0.997849185,0.01551463801,0.04565783641,0.04440340138
2068,68933333333,0,0,-0.1132302361,-0.1426968346,0.5888448389,0.9981126252,0.01655955892,0.04155219663,0.04207592513
2069,68966666667,0,0,-0.1163194925,-0.1435655748,0.5888425654,0.9984168325,0.01576509548,0.03885297224,0.03749315836
2070,69000000000,0,1,-0.1192973385,-0.1427679799,0.5889574562,0.9985700876,0.01748849594,0.03691955094,0.03448013013
2071,69033333333,0,0,-0.1230823037,-0.1408878318,0.5884221514,0.9986774796,0.01955910051,0.03419162988,0.03304036432
2072,69066666667,0,0,-0.1263263276,-0.1394183975,0.5876615263,0.9988760391,0.01989421958,0.02956044549,0.03125793653
2073,69100000000,0,0,-0.1299899749,-0.1436987111,0.5878528367,0.9991307661,0.01574515971,0.0271924936,0.02739289038
2074,69133333333,0,0,-0.1332870296,-0.1419131731,0.587287721,0.9992147149,0.0191684795,0.0245238207,0.0245174459
2075,69166666667,0,0,-0.1366710022,-0.1414321403,0.5864200361,0.9993396055,0.01963857814,0.02071040905,0.02248906803
2076,69200000000,0,1,-0.1398661438,-0.1410441396,0.5867483987,0.9994065608,0.02005288301,0.01694752963,0.02229774245
2077,69233333333,0,0,-0.1429676426,-0.1408513585,0.5865207931,0.9995027127,0.01952167754,0.0122701094,0.0215099011
2078,69266666667,0,0,-0.1464803426,-0.1428521754,0.5865904034,0.9996220456,0.01816177467,0.0084598512,0.01882409934
2079,69300000000,0,0,-0.1484554826,-0.1417159175,0.5849646626,0.9996628671,0.01990864656,0.003739831777,0.01624227743
2080,69333333333,0,0,-0.1526207645,-0.1404254325,0.5849308694,0.9997002903,0.02007283565,0.001281383072,0.01395596626
2081,69366666667,0,0,-0.1568572255,-0.1425569217,0.5860398623,0.9997682797,0.01824778168,-0.002259844813,0.01119368393
2082,69400000000,0,1,-0.1577605053,-0.1421067426,0.585175263,0.9997476672,0.0199940852,-0.006953129008,0.007516147669
2083,69433333333,0,0,-0.1622291734,-0.141160924,0.585474535,0.9997294632,0.02119229943,-0.008419940781,0.004581633761
2084,69466666667,0,0,-0.1667349209,-0.1416971479,0.5858977017,0.9997007911,0.02176166193,-0.01081447261,0.002793850681
2085,69500000000,0,0,-0.1687398545,-0.140246699,0.5845695879,0.9995969769,0.02395772876,-0.01509926021,0.001980721764
2086,69533333333,0,0,-0.1718955643,-0.1408679837,0.5847263362,0.9995582023,0.02363581356,-0.01801845617,-0.0002894263516
2087,69566666667,0,0,-0.1750279015,-0.1412632415,0.5843926494,0.9994790698,0.02469853355,-0.02068916659,-0.001878799018
2088,69600000000,0,1,-0.1756021116,-0.140430441,0.5833600681,0.9993219506,0.026421225,-0.02535102795,-0.003857898359
2089,69633333333,0,0,-0.1788623239,-0.1398231651,0.5831328565,0.9992764136,0.02692480866,-0.02659386213,-0.003803984806
2090,69666666667,0,0,-0.1818911861,-0.1400220331,0.5837854249,0.9991995647,0.02733581684,-0.02908348505,-0.002670926294
2091,69700000000,0,0,-0.183371513,-0.140345731,0.5836956094,0.9990143149,0.02909419823,-0.03328529838,-0.004001906181
2092,69733333333,0,0,-0.1852676179,-0.1421216239,0.5837526607,0.9988833075,0.03013455544,-0.03563538851,-0.007359726632
2093,69766666667,0,0,-0.1871831056,-0.1423635119,0.5831268589,0.9987015484,0.03363196834,-0.037038392,-0.009605486672
2094,69800000000,0,1,-0.1883308265,-0.1411091289,0.5832945668,0.9983814964,0.03856140089,-0.04039868728,-0.01074020763
2095,69833333333,0,0,-0.1886416829,-0.1412595385,0.5813315643,0.9979939769,0.04110182296,-0.04618000545,-0.01364072223
2096,69866666667,0,0,-0.1890219535,-0.1416976551,0.5802531701,0.9977960942,0.04212545761,-0.04884759416,-0.01556639593
2097,69900000000,0,0,-0.1908477675,-0.1408550062,0.5803388684,0.9975396689,0.0448325508,-0.05101427675,-0.0173837537
2098,69933333333,0,0,-0.1905939532,-0.1403051276,0.5791744675,0.9971551129,0.04669119288,-0.05564491893,-0.0201309786
2099,69966666667,0,0,-0.190557272,-0.1394914809,0.5785577884,0.9967534507,0.04754057183,-0.06046853241,-0.02379094656
2100,70000000000,0,1,-0.1935650914,-0.1410294725,0.5810137642,0.9964146306,0.04786295638,-0.06299847186,-0.02997021731
2101,70033333333,0,0,-0.1927687347,-0.1404792347,0.5786367277,0.995563315,0.05237019553,-0.06837857519,-0.03788692153
2102,70066666667,0,0,-0.1940356435,-0.1386964914,0.5778584018,0.9949200384,0.05524674168,-0.07199748975,-0.04356921097
2103,70100000000,0,0,-0.1960761535,-0.1398501876,0.5799202404,0.9939450134,0.05743411778,-0.07812659205,-0.05168044263
2104,70133333333,0,0,-0.1951728831,-0.1386500792,0.5746925566,0.9929907369,0.06187172661,-0.08364006106,-0.05608588091
2105,70166666667,0,0,-0.1981938036,-0.1351924303,0.5737368306,0.9924129388,0.06368019968,-0.08689342448,-0.05925304861
2106,70200000000,0,1,-0.1988108096,-0.1357957305,0.5751216516,0.9913240537,0.06390513992,-0.09435924654,-0.06549111513
2107,70233333333,0,0,-0.198109693,-0.1332755003,0.5726531391,0.9903257725,0.06716922807,-0.09953449277,-0.06954166958
2108,70266666667,0,0,-0.1979983727,-0.1336467781,0.5733552693,0.9892877228,0.06684300064,-0.1033861627,-0.07844180109
2109,70300000000,0,0,-0.19843561,-0.1331801466,0.5748062536,0.9879129077,0.07168459012,-0.1061513001,-0.08730010211
2110,70333333333,0,0,-0.1969405923,-0.130031699,0.5690883271,0.986865126,0.07572673845,-0.1078007612,-0.09349695191
2111,70366666667,0,0,-0.1983526491,-0.1285089066,0.5685599231,0.9864988216,0.07262659715,-0.1086432088,-0.09870210547
2112,70400000000,0,1,-0.1965039597,-0.1285914751,0.5697245924,0.9852921621,0.07161982871,-0.1145667915,-0.1046155134
2113,70433333333,0,0,-0.1949980165,-0.126150756,0.5658233832,0.9848511249,0.07088982948,-0.1140877368,-0.1096671428
2114,70466666667,0,0,-0.1947414857,-0.1267958915,0.5671835214,0.9849543812,0.06584608421,-0.1131130805,-0.1128476459
2115,70500000000,0,0,-0.1939608674,-0.1270717469,0.5679848243,0.9846528513,0.06575198991,-0.1127375289,-0.1158692704
2116,70533333333,0,0,-0.1890363087,-0.1254908158,0.5640006064,0.9840737309,0.06672951502,-0.1132925277,-0.1196280365
2117,70566666667,0,0,-0.1887089193,-0.1255569116,0.5648338458,0.9844141991,0.06425445357,-0.1081440309,-0.122902068
2118,70600000000,0,1,-0.1862836009,-0.1256411245,0.565143978,0.9840382016,0.06514715487,-0.1091194401,-0.1245697145
2119,70633333333,0,0,-0.1834958802,-0.1224193348,0.5602290841,0.9834756822,0.06641453076,-0.1071923136,-0.1299018881
2120,70666666667,0,0,-0.1833293247,-0.1235005286,0.5615716915,0.9839110672,0.06222855844,-0.1032026192,-0.1318932817
2121,70700000000,0,0,-0.1814351648,-0.1225802976,0.5605851215,0.9834799655,0.06349334196,-0.1015804732,-0.1357098391
2122,70733333333,0,0,-0.1792033194,-0.1209561913,0.5545154712,0.983210616,0.06222255791,-0.09784889386,-0.1408929802
2123,70766666667,0,0,-0.1769737008,-0.1194759355,0.5562334874,0.9834883431,0.05984108442,-0.09684365921,-0.1406805933
2124,70800000000,0,1,-0.1722721794,-0.1174432832,0.5579090797,0.9827813895,0.06295510505,-0.09863390117,-0.1429991216
2125,70833333333,0,0,-0.1692931752,-0.1156494582,0.5543071079,0.9826477629,0.06380746695,-0.0953784148,-0.1457221299
2126,70866666667,0,0,-0.1688878191,-0.1153566341,0.552608554,0.9835331017,0.06060852622,-0.09153863218,-0.1435615663
2127,70900000000,0,0,-0.1669311472,-0.1155361666,0.5538004613,0.9830051769,0.06127543014,-0.09264378519,-0.146161804
2128,70933333333,0,0,-0.1642568408,-0.1152756356,0.5497113264,0.9828665679,0.06224233674,-0.08923680744,-0.148781697
2129,70966666667,0,0,-0.163033425,-0.1134729066,0.5499459467,0.9831321207,0.06433193992,-0.08584760848,-0.1481311003
2130,71000000000,0,1,-0.1593596939,-0.1127663144,0.5456637527,0.9825694246,0.06578244431,-0.08694860525,-0.1505653878
2131,71033333333,0,0,-0.1549794919,-0.110890274,0.5411576042,0.9822892396,0.06497408102,-0.08568186605,-0.1534432679
2132,71066666667,0,0,-0.1549641397,-0.1111644071,0.5428166345,0.9821518704,0.0628198874,-0.08099876484,-0.1577040433
2133,71100000000,0,0,-0.1533138669,-0.1099113769,0.5413341735,0.9812345268,0.06575192293,-0.07967246309,-0.1628121209
2134,71133333333,0,0,-0.1495277076,-0.1089364525,0.5372063886,0.9804558437,0.06637012123,-0.07871366505,-0.1676469637
2135,71166666667,0,0,-0.1481466384,-0.1079406587,0.5349898799,0.9804659632,0.06521693606,-0.07513204354,-0.1696715129
2136,71200000000,0,1,-0.1440622371,-0.1047992584,0.5335937826,0.980734953,0.06653783422,-0.07729063681,-0.1666068009
2137,71233333333,0,0,-0.1395155834,-0.1034437499,0.5290664325,0.9809929893,0.06427552918,-0.07854110651,-0.1653865347
2138,71266666667,0,0,-0.1385398479,-0.1046586276,0.5288752876,0.9817070075,0.05892146139,-0.07404549949,-0.1652176648
2139,71300000000,0,0,-0.137536619,-0.1064223702,0.5296751204,0.9812220341,0.06004827423,-0.07027151516,-0.1692909881
2140,71333333333,0,0,-0.1320984819,-0.1035222612,0.5236299911,0.9808764111,0.06452501235,-0.06699608199,-0.1709664116
2141,71366666667,0,0,-0.1294334626,-0.1021415807,0.5203383409,0.9814076524,0.06268787006,-0.06185917631,-0.1705364861
2142,71400000000,0,1,-0.1262062217,-0.1019923001,0.5218704517,0.9819070985,0.06278033219,-0.06059837,-0.1680622425
2143,71433333333,0,0,-0.122350579,-0.1008168722,0.5171114367,0.9821278306,0.06345500154,-0.05781964659,-0.1674970915
2144,71466666667,0,0,-0.1190634695,-0.09994532765,0.5165983471,0.9827057017,0.06290758311,-0.05227448941,-0.1661310254
2145,71500000000,0,0,-0.1186781854,-0.09985864984,0.5159643795,0.9833754891,0.0636824103,-0.04719426719,-0.1633704353
2146,71533333333,0,0,-0.1128393527,-0.09722427188,0.5124210783,0.9836911608,0.06590960589,-0.04601220245,-0.1609052556
2147,71566666667,0,0,-0.10969641,-0.09911727256,0.5105081603,0.9842592936,0.06234729989,-0.0395126407,-0.1605777333
2148,71600000000,0,1,-0.1070704485,-0.09803571368,0.5097151565,0.9851086832,0.06377426293,-0.0342070878,-0.155960254
2149,71633333333,0,0,-0.103548509,-0.09602594937,0.5063648927,0.9857287446,0.06407051982,-0.03142508844,-0.1524672897
2150,71666666667,0,0,-0.1012088052,-0.09697605522,0.5060561062,0.9863672916,0.06201968862,-0.0271359148,-0.149989221
2151,71700000000,0,0,-0.09908778676,-0.09782433298,0.5049929277,0.9866556075,0.06357671499,-0.02243678201,-0.1482069647
2152,71733333333,0,0,-0.09640048936,-0.09604878667,0.5018757321,0.9869308043,0.0661804433,-0.01884305725,-0.145714363
2153,71766666667,0,0,-0.09354089931,-0.095924584,0.4998591433,0.987530012,0.0661940341,-0.01541558412,-0.1420041724
2154,71800000000,0,1,-0.09192630296,-0.09564781372,0.4976221206,0.9882909326,0.06621369536,-0.01057830644,-0.1370579387
2155,71833333333,0,0,-0.08989148604,-0.09523829945,0.4959815296,0.9886930609,0.06682690417,-0.006833056802,-0.1340653032
2156,71866666667,0,0,-0.08672465706,-0.09416024029,0.492855648,0.9891423128,0.06731339347,-0.002847050696,-0.1306073753
2157,71900000000,0,0,-0.08469963704,-0.09316415231,0.4911794505,0.9900080517,0.06586474615,0.002633381139,-0.1246553572
2158,71933333333,0,0,-0.08343408681,-0.09232107671,0.4901596656,0.99072802,0.06401861183,0.005412797212,-0.1197092704
2159,71966666667,0,0,-0.08102637332,-0.09201220458,0.488286297,0.991160032,0.06263960273,0.008028436464,-0.1166773988
2160,72000000000,0,1,-0.07639569765,-0.08943835155,0.4844034349,0.9916356741,0.06202587486,0.01240320695,-0.1125061829
2161,72033333333,0,0,-0.07611589793,-0.0884393642,0.48399139,0.9922891953,0.05945422502,0.01876882333,-0.1071217964
2162,72066666667,0,0,-0.07439770747,-0.08608277314,0.4824659458,0.9931257036,0.05744548447,0.02235436335,-0.09950696224
2163,72100000000,0,0,-0.07099859774,-0.0857653814,0.4801560627,0.9938597315,0.05254742901,0.02783185075,-0.09331125273
2164,72133333333,0,0,-0.07197515512,-0.08596290195,0.4808746865,0.9942153557,0.04900078545,0.03648880446,-0.08833638335
2165,72166666667,0,0,-0.07048856231,-0.08497246477,0.4793936183,0.9945153706,0.04816327595,0.04190246921,-0.08284720653
2166,72200000000,0,1,-0.067830102,-0.08561734984,0.4767204077,0.994868493,0.04469243022,0.04775272417,-0.07719420729
2167,72233333333,0,0,-0.06911671988,-0.08632623424,0.4770259737,0.9949648149,0.04211181635,0.05640349878,-0.07134603909
2168,72266666667,0,0,-0.06797271902,-0.08727504515,0.4752678323,0.9949758887,0.04164957208,0.0629197528,-0.06579816623
2169,72300000000,0,0,-0.06736554198,-0.08546371978,0.4736927559,0.9949360391,0.04217020464,0.06998704237,-0.05853004266
2170,72333333333,0,0,-0.06935058819,-0.08520840572,0.4733704246,0.9948480283,0.04139479832,0.07725153669,-0.05095165669
2171,72366666667,0,0,-0.07156022501,-0.08916045624,0.472405109,0.9947468251,0.03991278162,0.08234760539,-0.04587587202
2172,72400000000,0,1,-0.06596006894,-0.08539224792,0.4678274007,0.9947721027,0.04589041861,0.08215557119,-0.03966100555
2173,72433333333,0,0,-0.06737378077,-0.08481828986,0.466635957,0.9944888902,0.04733893203,0.0874411144,-0.03324040282
2174,72466666667,0,0,-0.06947127215,-0.08541599973,0.4640494215,0.9946379547,0.04832969531,0.08832442323,-0.02362997757
2175,72500000000,0,0,-0.06563601375,-0.08400785088,0.4602013945,0.995090311,0.04863009497,0.08501235535,-0.01425784705
2176,72533333333,0,0,-0.06651211967,-0.0834443352,0.4579846281,0.9950983614,0.04682636485,0.08681977257,-0.006990693847
2177,72566666667,0,0,-0.07017560253,-0.08359207334,0.4563415303,0.9950190864,0.04592163367,0.08847633941,0.0003983529982
2178,72600000000,0,1,-0.07112514691,-0.07993436116,0.4535464627,0.9949782144,0.04742737877,0.08784407297,0.007239855769
2179,72633333333,0,0,-0.07209121801,-0.08003419603,0.451796808,0.9950307361,0.04502237445,0.08824177913,0.01001041866
2180,72666666667,0,0,-0.07370347156,-0.08192522202,0.4502663843,0.9949810279,0.04419103342,0.08916163988,0.01049326594
2181,72700000000,0,0,-0.07499304567,-0.08181403748,0.4471972054,0.994706007,0.04716460058,0.09081669956,0.009369483412
2182,72733333333,0,0,-0.07514198946,-0.07823406789,0.4426318362,0.9944588313,0.04978170943,0.09211246587,0.009418485433
2183,72766666667,0,0,-0.07723040629,-0.07791637396,0.4394804798,0.9944724654,0.04444292779,0.09443106164,0.01149418979
2184,72800000000,0,0,-0.08033273809,-0.07893007856,0.4388114775,0.9944185601,0.04174510248,0.0960223874,0.01299134172
2185,72833333333,0,0,-0.07993089904,-0.07686856337,0.4348038478,0.9944669342,0.04109217719,0.09578130807,0.01314879637
2186,72866666667,0,0,-0.08234372796,-0.07802021669,0.4327488481,0.9943290515,0.03641829189,0.09895563401,0.01382851646
2187,72900000000,0,1,-0.08861822358,-0.07710307789,0.4336229097,0.9939903158,0.0364561005,0.101876737,0.01659322726
2188,72933333333,0,0,-0.08911280728,-0.07690390164,0.4298930742,0.9942727589,0.03621168205,0.09884377689,0.01844729706
2189,72966666667,0,0,-0.08909142145,-0.07818111708,0.4262069603,0.994323484,0.03380885016,0.09905838143,0.01911041415
2190,73000000000,0,0,-0.09145172769,-0.08004358535,0.4256008301,0.9939354341,0.03421014658,0.1025688909,0.02004099073
2191,73033333333,0,0,-0.09153719614,-0.07740774988,0.4218427371,0.9936456169,0.0379825926,0.103317821,0.02347634142
2192,73066666667,0,0,-0.09200521701,-0.07628781062,0.4189414066,0.9936021498,0.0376009857,0.1035289752,0.02495365734
2193,73100000000,0,0,-0.09219058858,-0.07786415551,0.4168522486,0.9935718875,0.03597164301,0.1041160505,0.02609201756
2194,73133333333,0,1,-0.08988910528,-0.07897508902,0.4117157843,0.9933243194,0.03495061466,0.1060613926,0.02891767708
2195,73166666667,0,0,-0.09049272267,-0.0796916996,0.410628167,0.9929392137,0.03560209796,0.1096787191,0.0278349965
2196,73200000000,0,0,-0.09205141173,-0.07924915169,0.4086334783,0.9924333609,0.0380811109,0.1130664478,0.02901433341
2197,73233333333,0,0,-0.0921571926,-0.07883456121,0.4053449972,0.9920273803,0.04072670771,0.1149585968,0.03174166041
2198,73266666667,0,0,-0.09168189423,-0.07632005291,0.4015825868,0.9914874599,0.04309859586,0.117276942,0.03662303545
2199,73300000000,0,0,-0.09353868553,-0.07677699199,0.4008955979,0.9908205132,0.04345511273,0.120826457,0.04227683916
2200,73333333333,0,0,-0.0932399978,-0.07725559852,0.3980343218,0.9904796462,0.04553991953,0.1215747528,0.04577953375
2201,73366666667,0,1,-0.09115262282,-0.07575862045,0.3930144259,0.9899839547,0.04812983894,0.1229709936,0.04993418365
2202,73400000000,0,0,-0.09281593771,-0.07365519878,0.3910957384,0.9891563634,0.05008313338,0.1266798911,0.05489602539
2203,73433333333,0,0,-0.09497615252,-0.07581352127,0.389883011,0.9888764775,0.0506116322,0.1281740437,0.05597490086
2204,73466666667,0,0,-0.09262762595,-0.07468238076,0.3839048447,0.9886585115,0.05358640235,0.1282865862,0.05679257766
2205,73500000000,0,0,-0.09519308771,-0.07273929617,0.3823203457,0.9876714812,0.05618373008,0.1335246478,0.05932623463
2206,73533333333,0,0,-0.09942386062,-0.07161726254,0.3807591468,0.9869466767,0.05925040134,0.1362118822,0.06222515884
2207,73566666667,0,0,-0.0980208453,-0.06857164615,0.3749701733,0.9867417686,0.06206846215,0.1345376304,0.06624057741
2208,73600000000,0,0,-0.09805725884,-0.06881518276,0.3706585718,0.9863757098,0.06114867817,0.1367450769,0.06800428042
2209,73633333333,0,0,-0.102110228,-0.06876995487,0.3684050617,0.9854834813,0.06303657626,0.1414809764,0.0695113759
2210,73666666667,0,0,-0.1049079274,-0.06487833481,0.3644353982,0.9848560858,0.06768220809,0.1422750686,0.07235616001
2211,73700000000,0,0,-0.1051357048,-0.06153800947,0.3587560319,0.9848762624,0.06819383873,0.140961615,0.07414965399
2212,73733333333,0,1,-0.109183055,-0.05915234705,0.3550486816,0.9844809621,0.06856636508,0.1424241682,0.07623152334
2213,73766666667,0,0,-0.1110310682,-0.05757722348,0.3502467504,0.9843133709,0.06990668802,0.1419719208,0.07800138842
2214,73800000000,0,0,-0.1116527089,-0.05604396889,0.3444462655,0.9844466261,0.06986207727,0.1415758454,0.07707405856
2215,73833333333,0,0,-0.1128688114,-0.0535793127,0.3390264826,0.9842927839,0.0693933843,0.1433770698,0.07612680009
2216,73866666667,0,0,-0.1172964129,-0.05214845579,0.3368044406,0.9837518139,0.0693132089,0.14739296,0.07552061304
2217,73900000000,0,0,-0.1199671531,-0.05005452056,0.3325155781,0.9834391368,0.07003327063,0.1488459805,0.07607679845
2218,73933333333,0,0,-0.1210340167,-0.04789523086,0.3271744203,0.9832261299,0.06900433845,0.1500012214,0.0774881432
2219,73966666667,0,0,-0.1247603067,-0.04675232264,0.325542264,0.9827087745,0.06829700471,0.1534544644,0.07791476727
2220,74000000000,0,1,-0.1295221314,-0.04340077259,0.3233687267,0.9818655788,0.07110581811,0.1572197231,0.07852328618
2221,74033333333,0,0,-0.1311147844,-0.03981013245,0.3185723137,0.9813506373,0.07193792037,0.1597404511,0.07911289778
2222,74066666667,0,0,-0.1346727162,-0.03788357706,0.3166618945,0.9807058405,0.07115101753,0.1632780994,0.08058442386
2223,74100000000,0,0,-0.1387097376,-0.03674426538,0.3154879752,0.980262115,0.07135129754,0.165022378,0.08223620206
2224,74133333333,0,0,-0.137275349,-0.03484003242,0.3086621596,0.9802411101,0.0705841842,0.1655744182,0.08203871619
2225,74166666667,0,0,-0.1384480155,-0.03282721963,0.3057525961,0.979150748,0.06745456325,0.1720747582,0.0842850653
2226,74200000000,0,0,-0.1454965384,-0.03370038967,0.309456428,0.9778900681,0.06652021905,0.1778696318,0.08756979606
2227,74233333333,0,1,-0.1466455008,-0.03214166832,0.30512907,0.9774834671,0.06843109613,0.1779628351,0.09040180293
2228,74266666667,0,0,-0.1471499137,-0.03224605378,0.3020349438,0.9767027313,0.06769514854,0.1809716536,0.09337238438
2229,74300000000,0,0,-0.1514947827,-0.0326866821,0.302778062,0.9752688871,0.0694236159,0.1859659348,0.09719892249
2230,74333333333,0,0,-0.1536450987,-0.03153678345,0.3008346637,0.9743971074,0.07226653369,0.1879707453,0.09997411716
2231,74366666667,0,0,-0.1561984541,-0.02982529801,0.2985651335,0.9737593452,0.0735356658,0.1903968167,0.1006692385
2232,74400000000,0,0,-0.1604809178,-0.02909702781,0.298910306,0.9730109662,0.0747581486,0.1926830592,0.1026358497
2233,74433333333,0,0,-0.1634501542,-0.02637478056,0.296903759,0.9725624105,0.07582656654,0.1928642993,0.1057168461
2234,74466666667,0,0,-0.1663883671,-0.02608586216,0.2966132312,0.9722964798,0.07382409369,0.1938399259,0.1077758865
2235,74500000000,0,0,-0.171425233,-0.02663281347,0.2975659938,0.9718326906,0.0736147282,0.1952495903,0.1095431
2236,74533333333,0,0,-0.1742098164,-0.02626228434,0.295719002,0.9716788995,0.07364423387,0.1954769418,0.1104780895
2237,74566666667,0,1,-0.1789482574,-0.02684027558,0.2971011581,0.9712135165,0.07352390869,0.1975359557,0.1109868751
2238,74600000000,0,0,-0.1852335396,-0.0268578534,0.2988273041,0.9707859701,0.07484458264,0.1988357991,0.1115222565
2239,74633333333,0,0,-0.1900254788,-0.02532495197,0.2980096277,0.9708833133,0.07639197948,0.196974391,0.1129200897
2240,74666666667,0,0,-0.1941240019,-0.02432788503,0.2979815992,0.9710612349,0.07615191787,0.1952042175,0.1146135983
2241,74700000000,0,0,-0.2011418687,-0.02533562397,0.3005257134,0.9712401351,0.07553681591,0.1947691037,0.1142444119
2242,74733333333,0,0,-0.2053640268,-0.02512343889,0.2990050427,0.971680486,0.07589316893,0.1925384117,0.1140448158
2243,74766666667,0,1,-0.2120614769,-0.0231760023,0.2992139838,0.9714810538,0.07589658267,0.1930184148,0.1149267698
2244,74800000000,0,0,-0.2189358677,-0.02400970008,0.3022599291,0.9714184424,0.07527978176,0.1925953484,0.1165598389
2245,74833333333,0,0,-0.225678516,-0.02199582554,0.3014061913,0.9717528123,0.07638660772,0.1888224429,0.1191958176
2246,74866666667,0,0,-0.2308718842,-0.01711443106,0.298620401,0.972117819,0.07441863766,0.184620866,0.1239513942
2247,74900000000,0,0,-0.236769871,-0.0176502758,0.3020758535,0.9721010778,0.06834126164,0.1825173489,0.1305234988
2248,74933333333,0,0,-0.2427684264,-0.02145290989,0.3039616436,0.9727967301,0.06329683202,0.1798873871,0.131531597
2249,74966666667,0,1,-0.2501837368,-0.02111617636,0.303185662,0.9731480483,0.06059265868,0.1795652613,0.1306434951
2250,75000000000,0,0,-0.2556762741,-0.02143122237,0.3053194331,0.9732659639,0.05796461058,0.1796566171,0.1308318284
2251,75033333333,0,0,-0.2627030249,-0.02157839643,0.3079758709,0.9730338629,0.05763731671,0.1785945883,0.1341156757
2252,75066666667,0,0,-0.2690233947,-0.01932181007,0.3081435527,0.9736859087,0.05653475948,0.1736700904,0.1363021342
2253,75100000000,0,0,-0.2726378537,-0.02142230098,0.3084515258,0.9744325727,0.05232663066,0.1696032023,0.1377600768
2254,75133333333,0,0,-0.2776190886,-0.02365128467,0.309679518,0.9747545381,0.05111823924,0.1677378385,0.1382191505
2255,75166666667,0,1,-0.2859217847,-0.02251341862,0.3110677442,0.9751623529,0.05082242498,0.1672773299,0.13599177
2256,75200000000,0,0,-0.2906048482,-0.02352335723,0.3118844452,0.9758388581,0.04987178104,0.164619045,0.1347289813
2257,75233333333,0,0,-0.2944185756,-0.02268898684,0.310613331,0.9765817795,0.04782136578,0.1623159012,0.1328709641
2258,75266666667,0,0,-0.2989919432,-0.02454348989,0.3131784715,0.9771481622,0.04503147468,0.1612506956,0.1309650661
2259,75300000000,0,0,-0.302876179,-0.02707805259,0.3136319955,0.9776484914,0.04406607798,0.1593686345,0.129858563
2260,75333333333,0,0,-0.3051555969,-0.02793878102,0.3107106006,0.9778004643,0.04362894347,0.1589410596,0.1293851109
2261,75366666667,0,1,-0.311516508,-0.02750694244,0.3139764865,0.9772868167,0.04257223334,0.1632330862,0.1282694134
2262,75400000000,0,0,-0.3157826698,-0.02821315666,0.316167362,0.9770473835,0.04279967702,0.1644169635,0.1285054865
2263,75433333333,0,0,-0.3187346837,-0.02783693233,0.3140064578,0.9771007875,0.04202602322,0.164262362,0.1285524829
2264,75466666667,0,0,-0.3218858549,-0.02835903479,0.3146313596,0.9767369529,0.0387132226,0.167377737,0.1283390209
2265,75500000000,0,0,-0.3265643047,-0.02923570756,0.3190530947,0.9764803142,0.03775330897,0.170031982,0.1270826844
2266,75533333333,0,0,-0.3301299413,-0.02851520425,0.3171337827,0.9767046598,0.03783347665,0.1694964301,0.1260460069
2267,75566666667,0,1,-0.3365326899,-0.02733830659,0.318032584,0.9761162561,0.0355896079,0.1726824825,0.1269298811
2268,75600000000,0,0,-0.3408125981,-0.02934735207,0.3213067679,0.9761542424,0.03234876368,0.1737673979,0.1260212044
2269,75633333333,0,0,-0.3446427225,-0.02894252171,0.320411216,0.9765703079,0.03196483119,0.173828476,0.1227694757
2270,75666666667,0,0,-0.3489257604,-0.0269093682,0.3193074675,0.9763397221,0.03029986431,0.1760705758,0.1218269991
2271,75700000000,0,0,-0.3541347718,-0.02523550079,0.3213597609,0.9760111694,0.02774507685,0.1776606947,0.1227562034
2272,75733333333,0,0,-0.3593606772,-0.02642789471,0.3232858835,0.9761135892,0.02475950851,0.1778136397,0.122358233
2273,75766666667,0,0,-0.3641505217,-0.02606779538,0.3214319041,0.9759140853,0.02214379727,0.1793397216,0.1222236255
2274,75800000000,0,1,-0.3714833123,-0.0239223331,0.326258732,0.9749024009,0.02014799582,0.1838173551,0.1239780098
2275,75833333333,0,0,-0.3769848453,-0.02462173011,0.3288005865,0.9746086256,0.01842617959,0.1851350134,0.1245934578
2276,75866666667,0,0,-0.3820161781,-0.02453250879,0.3273020251,0.9741703768,0.01687714752,0.1872202018,0.1251232787
2277,75900000000,0,0,-0.3871966548,-0.0228529156,0.3282252579,0.9729847838,0.01502294518,0.1915334083,0.1280229479
2278,75933333333,0,0,-0.3929819808,-0.02209434534,0.3314365206,0.9721240096,0.01564817839,0.1936216563,0.1313038408
2279,75966666667,0,0,-0.3988855722,-0.02121687098,0.3285037125,0.9719506522,0.01475670045,0.1930494381,0.1335143586
2280,76000000000,0,1,-0.4052321954,-0.02076972524,0.3304059743,0.9708164634,0.01208032712,0.1961016474,0.1375267393
2281,76033333333,0,0,-0.4106301798,-0.02143298024,0.3321635325,0.9695305067,0.008559170827,0.1996891745,0.1416388745
2282,76066666667,0,0,-0.4156169011,-0.02213528827,0.3327133733,0.9684255857,0.006814765927,0.2032147765,0.1442539377
2283,76100000000,0,0,-0.4209972015,-0.0215619563,0.3326066806,0.9670477102,0.0049670581,0.2079286871,0.1468322707
2284,76133333333,0,0,-0.4265277352,-0.02258193329,0.3353675939,0.9652873563,0.004098348389,0.2128823177,0.1512767074
2285,76166666667,0,0,-0.431537282,-0.02107622723,0.3351845325,0.9646608232,0.005300721333,0.2143572482,0.1531416621
2286,76200000000,0,1,-0.4371337043,-0.02006875454,0.3367735322,0.9637149899,0.004744265959,0.2169982372,0.1553791342
2287,76233333333,0,0,-0.4431194917,-0.02006805897,0.3389691297,0.9620244018,0.005038678158,0.2203501815,0.1610262696
2288,76266666667,0,0,-0.449202424,-0.01975646541,0.3415602326,0.9608851651,0.007824557588,0.2215212072,0.1660326189
2289,76300000000,0,0,-0.4531302464,-0.0203672076,0.3390862451,0.9606566733,0.008398688878,0.2212422307,0.1676904692
2290,76333333333,0,0,-0.4590137045,-0.0190171693,0.3395052419,0.9602104059,0.009332066663,0.2226762352,0.1682978999
2291,76366666667,0,0,-0.4656357701,-0.01655351627,0.3403939607,0.9598353113,0.01069259614,0.2223688571,0.1707452341
2292,76400000000,0,1,-0.4692657541,-0.01927041061,0.3426376084,0.9597651616,0.0080289685,0.2209260935,0.1731416512
2293,76433333333,0,0,-0.4756463544,-0.02222105628,0.346274351,0.9597451268,0.007005280859,0.2211804685,0.1729723042
2294,76466666667,0,0,-0.4809907953,-0.02312818738,0.3485420135,0.960462898,0.009794327606,0.2189017193,0.1717472851
2295,76500000000,0,0,-0.4861046082,-0.0223774141,0.3469522211,0.9610807018,0.01211616677,0.2161320552,0.1716508602
2296,76533333333,0,0,-0.4910816489,-0.02427314065,0.3500132256,0.9616770152,0.01176879474,0.2143424786,0.1705758357
2297,76566666667,0,0,-0.4979737241,-0.02435605518,0.3531876775,0.9623980408,0.01534444307,0.212250568,0.1688320334
2298,76600000000,0,1,-0.5003486624,-0.0253835098,0.3515575552,0.9638492204,0.01658754648,0.2071725438,0.1667305333
2299,76633333333,0,0,-0.5057550622,-0.02653184377,0.3529749329,0.964514656,0.01650426795,0.2059215208,0.1644244954
2300,76666666667,0,0,-0.5117186087,-0.02750500991,0.3558322873,0.9653949829,0.01750941418,0.2038903892,0.161662168
2301,76700000000,0,0,-0.5152221054,-0.03102916696,0.3591643482,0.9659763321,0.01769230944,0.2029746136,0.1593047839
2302,76733333333,0,0,-0.5194088309,-0.03341285059,0.361658062,0.965784285,0.02034496859,0.2050687319,0.1574598754
2303,76766666667,0,0,-0.5256427112,-0.03125149971,0.3617254989,0.9665134378,0.02462763936,0.2043363279,0.1532707377
2304,76800000000,0,1,-0.5286380775,-0.02948987878,0.3605459827,0.966442867,0.02694134297,0.2025072547,0.1557342629
2305,76833333333,0,0,-0.5325723259,-0.02993514194,0.3614821289,0.9662694014,0.02601377031,0.2016987301,0.1580011072
2306,76866666667,0,0,-0.5361555941,-0.03234805413,0.3655946712,0.9659211255,0.02495282872,0.2018998071,0.1600318829
2307,76900000000,0,0,-0.5384796172,-0.03594086763,0.3690611344,0.965334916,0.02552177342,0.202687901,0.1624646232
2308,76933333333,0,0,-0.5414616399,-0.0371715784,0.370128622,0.9643990707,0.02777094258,0.2053885183,0.1642521348
2309,76966666667,0,0,-0.5459193574,-0.0363003033,0.3723087281,0.9634159843,0.03085802525,0.206884551,0.1675595598
2310,77000000000,0,1,-0.5478018466,-0.03604759827,0.3729294925,0.9627847515,0.03273540251,0.2057108992,0.1722119093
2311,77033333333,0,0,-0.5490921167,-0.03932178234,0.3748874632,0.9618027671,0.03123191564,0.2082850175,0.1748638215
2312,77066666667,0,0,-0.5524870064,-0.03837981439,0.3775532097,0.9610480187,0.03227686366,0.2109968887,0.1755711331
2313,77100000000,0,0,-0.5547993018,-0.0409214479,0.3845503237,0.9606104268,0.03375205715,0.212650061,0.1756939329
2314,77133333333,0,0,-0.5560428903,-0.04434311641,0.3818542312,0.9599905409,0.03519909263,0.2165378804,0.1740417524
2315,77166666667,0,0,-0.5599586403,-0.04099117072,0.3821986737,0.9591903488,0.03655022331,0.2212157779,0.1722833005
2316,77200000000,0,1,-0.5636165094,-0.03951398819,0.3864089583,0.958903233,0.03700823007,0.2203561931,0.1748660312
2317,77233333333,0,0,-0.5643123841,-0.0410247015,0.3873098503,0.9587702916,0.03632469741,0.2177468033,0.1789591404
2318,77266666667,0,0,-0.5649598117,-0.04378795216,0.3885310992,0.95822566,0.03340117692,0.2198221154,0.1799060407
2319,77300000000,0,0,-0.5672794781,-0.04413539677,0.3924245164,0.9569315291,0.03455162622,0.2234290903,0.1821199475
2320,77333333333,0,0,-0.5691523628,-0.04419457169,0.3923788963,0.9562806199,0.03591975617,0.223701287,0.1849185805
2321,77366666667,0,0,-0.5693079012,-0.04601051869,0.3939710834,0.9556065366,0.03500004106,0.2250006175,0.1869916212
2322,77400000000,0,0,-0.5706439634,-0.04829966574,0.3977683244,0.9545209437,0.03584651128,0.2284337052,0.1882095589
2323,77433333333,0,1,-0.5724682044,-0.04710392226,0.3984014335,0.9538514654,0.04036379816,0.2297384583,0.1890988804
2324,77466666667,0,0,-0.5734548782,-0.04729352151,0.3980319184,0.9532285885,0.04161054409,0.2315403827,0.1897705769
2325,77500000000,0,0,-0.5736894047,-0.04924619588,0.3995537988,0.9523584023,0.04084605631,0.2350255821,0.1900211804
2326,77533333333,0,0,-0.5743158406,-0.04939956189,0.3999438388,0.9515550701,0.04143155123,0.2389672947,0.1890000191
2327,77566666667,0,0,-0.5757266258,-0.04865783177,0.4004223719,0.9508543701,0.04154361077,0.2417524952,0.1889598536
2328,77600000000,0,0,-0.5758598983,-0.04933301993,0.401933364,0.9502994273,0.04119404968,0.2440397104,0.1888879784
2329,77633333333,0,1,-0.5757591645,-0.04956060135,0.4028950814,0.9493959264,0.0415634214,0.2480257228,0.1881571092
2330,77666666667,0,0,-0.5766464981,-0.04926225251,0.4035822765,0.9479027278,0.04358485321,0.2532938862,0.188209953
2331,77700000000,0,0,-0.5766879431,-0.04887054308,0.4045800722,0.946701151,0.04606301465,0.2561197636,0.1898362348
2332,77733333333,0,0,-0.5767751785,-0.04896174437,0.403611991,0.9454260996,0.04866492498,0.258854097,0.1918222398
2333,77766666667,0,0,-0.577077201,-0.04834418556,0.4019573635,0.9444498944,0.04924373188,0.2609562596,0.1936266571
2334,77800000000,0,0,-0.5767917113,-0.04856654607,0.4045666254,0.9435196329,0.05040531914,0.2626951573,0.1955025845
2335,77833333333,0,0,-0.5767134607,-0.04963862168,0.4032472465,0.9425709097,0.05222659185,0.2654094645,0.1959343755
2336,77866666667,0,0,-0.5768840597,-0.04958597075,0.4019403183,0.94154244,0.05225433532,0.2695868132,0.1951672826
2337,77900000000,0,0,-0.5775012413,-0.04802276652,0.4022294286,0.940375398,0.05322581694,0.273042943,0.1957260191
2338,77933333333,0,0,-0.5776369533,-0.04771880163,0.4021740878,0.9394081206,0.05478878611,0.2741062029,0.1984347787
2339,77966666667,0,0,-0.5777955911,-0.04868818909,0.4014082731,0.9389956073,0.05412908417,0.2759430046,0.1980220946
2340,78000000000,0,0,-0.5780575574,-0.04832921851,0.4026310765,0.9376718687,0.05548263622,0.2797063863,0.1986390725
2341,78033333333,0,0,-0.5788568779,-0.04712785456,0.4027634502,0.9369973985,0.05937338474,0.2800321654,0.2002315226
2342,78066666667,0,0,-0.5797825332,-0.04700481198,0.401016712,0.9369946776,0.0615436254,0.2788354467,0.2012564285
2343,78100000000,0,0,-0.5798545102,-0.04855352034,0.3994900779,0.9372109704,0.05966634658,0.2800236118,0.1991539628
2344,78133333333,0,0,-0.5805581598,-0.04796038387,0.4018971076,0.9362221387,0.06020826943,0.2832170364,0.1991260445
2345,78166666667,0,0,-0.5812640681,-0.04716025331,0.4026835237,0.9360292727,0.06364125975,0.2830477578,0.1992058168
2346,78200000000,0,0,-0.5820138763,-0.04778316765,0.3986989218,0.9365615274,0.06297537281,0.2826676703,0.1974477043
2347,78233333333,0,0,-0.5825554297,-0.04798426648,0.4006097711,0.9357278857,0.06099754775,0.2858336448,0.1974632892
2348,78266666667,0,1,-0.5826289418,-0.04834159406,0.4034002818,0.9351783229,0.06348828434,0.2877279564,0.1965282812
2349,78300000000,0,0,-0.583941631,-0.04775703474,0.4009141373,0.9355345475,0.06656167762,0.2871358606,0.1946731903
2350,78333333333,0,0,-0.5849390664,-0.04699692038,0.4006700167,0.935850984,0.06816412284,0.2864947893,0.1935389463
2351,78366666667,0,0,-0.5858360647,-0.04682230068,0.40058216,0.9356332055,0.069689052,0.2865815338,0.1939199971
2352,78400000000,0,0,-0.5859536697,-0.0477314457,0.4010368862,0.9355883601,0.07198828341,0.2859906732,0.1941685924
2353,78433333333,0,0,-0.5862425351,-0.0482621775,0.4006196783,0.9359755022,0.07378138606,0.2865927388,0.1907112173
2354,78466666667,0,0,-0.58637851,-0.04875636229,0.4012526187,0.9352071632,0.07688424068,0.2897746805,0.1884330386
2355,78500000000,0,0,-0.5882192006,-0.04704149906,0.4001940467,0.9352855072,0.08171622323,0.289357496,0.1866432916
2356,78533333333,0,0,-0.5886621217,-0.0468338188,0.3982662559,0.936466838,0.08405317283,0.2869967053,0.1832970718
2357,78566666667,0,0,-0.5889122919,-0.04695202858,0.3962923739,0.9363050928,0.08278236114,0.2894788074,0.1807812876
2358,78600000000,0,0,-0.5888056288,-0.0460004238,0.3992019311,0.9357716489,0.08408928952,0.2911631524,0.1802343785
2359,78633333333,0,0,-0.5888982104,-0.04655653149,0.3979116006,0.9363463405,0.08692361783,0.2904880697,0.1769646765
2360,78666666667,0,1,-0.5897854735,-0.04413661964,0.3931809847,0.9362628014,0.08609700717,0.2926857004,0.1741675998
2361,78700000000,0,0,-0.5884134403,-0.04348627442,0.3962220892,0.935654848,0.085181263,0.2946603713,0.1745549294
2362,78733333333,0,0,-0.5881323427,-0.04348559119,0.3959251422,0.9358750001,0.08782452023,0.2938964801,0.1733484839
2363,78766666667,0,0,-0.5882356682,-0.04284635351,0.3924923684,0.9365567073,0.08585245481,0.2946462625,0.1693353774
2364,78800000000,0,0,-0.587008243,-0.04252854183,0.39508537,0.9357874008,0.08453584862,0.2979645731,0.1684421085
2365,78833333333,0,0,-0.5858303295,-0.0408660185,0.3958859257,0.9361083915,0.08743405471,0.2970478776,0.1667900592
2366,78866666667,0,0,-0.5853282675,-0.04042506519,0.3942251787,0.9368030097,0.08761699669,0.2967839476,0.1632258294
2367,78900000000,0,0,-0.5840596316,-0.04028275221,0.394798636,0.936450011,0.08630863596,0.3000678757,0.1599108074
2368,78933333333,0,0,-0.5829096359,-0.03943545736,0.3978219582,0.9361588255,0.08949103996,0.3011260007,0.1578643054
2369,78966666667,0,0,-0.5822939129,-0.03884467271,0.3943604935,0.9364998529,0.09234948975,0.3009617114,0.1544721511
2370,79000000000,0,0,-0.5817330333,-0.03838730579,0.3924071485,0.9360876497,0.09013993392,0.304254987,0.15180121
2371,79033333333,0,0,-0.5800557282,-0.03722073869,0.3963517661,0.9352740048,0.09199180339,0.3058851223,0.1524281337
2372,79066666667,0,0,-0.5788862748,-0.03656367429,0.3929254056,0.935869963,0.09476145949,0.3037986902,0.151241641
2373,79100000000,0,0,-0.5784326717,-0.0361941978,0.3912501048,0.9357837771,0.09338940664,0.3050463653,0.1501128116
2374,79133333333,0,0,-0.5770045198,-0.03537469675,0.3935684042,0.9351500251,0.09484393598,0.3059139973,0.1513792741
2375,79166666667,0,0,-0.5760467462,-0.0349068969,0.3921300884,0.9358959103,0.09761787997,0.3027275647,0.1514120741
2376,79200000000,0,0,-0.5752532517,-0.03484229347,0.3914948411,0.9366662681,0.09808102934,0.3003773357,0.1510293686
2377,79233333333,0,0,-0.5742291937,-0.03587584688,0.3932000015,0.9370657059,0.09890471797,0.2988850174,0.1509750507
2378,79266666667,0,0,-0.5731738702,-0.03542893589,0.3921855155,0.9379103442,0.1017511763,0.2955559413,0.1503913894
2379,79300000000,0,0,-0.5723575004,-0.03551301239,0.3913209803,0.9385537962,0.102500827,0.2931759945,0.1505263711
2380,79333333333,0,1,-0.5694988652,-0.03809571603,0.3927912594,0.9390462344,0.1020874305,0.2915629376,0.1508687497
2381,79366666667,0,0,-0.56762398,-0.03839347073,0.3924551419,0.9396769466,0.1039998176,0.2891336369,0.1503097266
2382,79400000000,0,0,-0.5655670511,-0.03864572406,0.3922145887,0.9400461403,0.1049110867,0.2872606019,0.1509578238
2383,79433333333,0,0,-0.5634075304,-0.03961710461,0.3926623535,0.9405285865,0.105996703,0.2852153621,0.1510724138
2384,79466666667,0,0,-0.5610157452,-0.0406919283,0.3919538591,0.9410318673,0.1058833795,0.2840734821,0.1501665458
2385,79500000000,0,0,-0.5583462108,-0.04232520251,0.3938282034,0.9408227164,0.106688316,0.2848581709,0.1494190148
2386,79533333333,0,1,-0.5536457182,-0.04543787981,0.3925323499,0.9410739811,0.1085744626,0.2840772813,0.147957583
2387,79566666667,0,0,-0.5494594574,-0.04753793544,0.3928501353,0.940219719,0.1141251873,0.2850665133,0.1473071775
2388,79600000000,0,0,-0.5473626117,-0.04847233287,0.3910856112,0.9398544858,0.1187450526,0.2846638475,0.1467639325
2389,79633333333,0,0,-0.5458673223,-0.04820801253,0.3898385446,0.9397726935,0.1205963467,0.284479336,0.1461345718
2390,79666666667,0,0,-0.5435833078,-0.05056823293,0.391685794,0.9393416283,0.1224265009,0.2847759117,0.1468051
2391,79700000000,0,0,-0.5415480474,-0.05108214724,0.3893642167,0.9388953091,0.1256218284,0.2847329755,0.1470438285
2392,79733333333,0,1,-0.5372188441,-0.05097849699,0.3854562006,0.9390068455,0.1267135228,0.2840605578,0.1466950128
2393,79766666667,0,0,-0.535535073,-0.0506516721,0.3850007323,0.9383450362,0.1292008323,0.2843232656,0.1482431066
2394,79800000000,0,0,-0.5338670828,-0.05098007584,0.3837924974,0.9380767874,0.1303516736,0.283884815,0.1497657968
2395,79833333333,0,0,-0.5321136243,-0.05175220177,0.3843491767,0.9375791983,0.1298077829,0.2852145462,0.1508239008
2396,79866666667,0,0,-0.5303561323,-0.05185388881,0.3849797901,0.9371836297,0.1315415048,0.2861582434,0.1499904548
2397,79900000000,0,0,-0.529207136,-0.05203255361,0.3838044561,0.9370585539,0.1326436949,0.2861879296,0.1497444011
2398,79933333333,0,0,-0.5280866514,-0.05141555991,0.3820339756,0.9369850985,0.1315442644,0.2863749825,0.1508124697
2399,79966666667,0,0,-0.5265884858,-0.05246223245,0.3843679624,0.9364467267,0.1309354968,0.2881916041,0.1512250743
2400,80000000000,0,0,-0.5250927941,-0.05282882752,0.3837340034,0.9363054617,0.1325518741,0.2882395867,0.1505988834
2401,80033333333,0,1,-0.522851059,-0.0504713897,0.3795404188,0.9363337617,0.132097141,0.2885532136,0.15022142
2402,80066666667,0,0,-0.5215110683,-0.05248252081,0.3828911043,0.9355371748,0.1306884683,0.2912971036,0.1511182196
2403,80100000000,0,0,-0.5208698608,-0.0522621949,0.3824610625,0.935400204,0.1323943423,0.2908501994,0.1513418581
2404,80133333333,0,0,-0.5198842357,-0.05093215879,0.380028287,0.9355423284,0.131363254,0.2915239649,0.1500600718
2405,80166666667,0,0,-0.5187445639,-0.05207553571,0.3825236097,0.9350723542,0.1303117376,0.2935982653,0.1498619432
2406,80200000000,0,0,-0.5183833071,-0.05206848644,0.3823099866,0.9350060122,0.1310237145,0.2933426552,0.1501553527
2407,80233333333,0,0,-0.5180106368,-0.05051862722,0.3811585287,0.9352241783,0.1302948761,0.2930717139,0.1499598349
2408,80266666667,0,0,-0.5168321125,-0.05248888764,0.3837313041,0.9353551616,0.127913912,0.2940255475,0.1493242454
2409,80300000000,0,0,-0.5163377994,-0.05281873438,0.3838894353,0.9355721469,0.1282072022,0.2939585062,0.1478379782
2410,80333333333,0,0,-0.5158846135,-0.05117083774,0.3836989632,0.9357608487,0.1280123258,0.2934016511,0.1479187265
2411,80366666667,0,0,-0.5150500545,-0.05151660607,0.3858761404,0.936214425,0.1266122375,0.2924922896,0.1480545582
2412,80400000000,0,0,-0.5137978301,-0.05241884042,0.3861225296,0.9372149544,0.1249648608,0.2910614919,0.1459284779
2413,80433333333,0,0,-0.5129432218,-0.05248737183,0.3871625656,0.9375932875,0.1238762719,0.2910523221,0.1444369841
2414,80466666667,0,0,-0.5118661191,-0.0527618115,0.3892893187,0.9384441044,0.1226364067,0.2893430954,0.1433999578
2415,80500000000,0,0,-0.5106572964,-0.05328317809,0.3895161126,0.9393756179,0.1211445856,0.2871249832,0.1430268576
2416,80533333333,0,0,-0.5091742275,-0.05515849582,0.3918476311,0.9403065848,0.1196007341,0.2862796277,0.1398683873
2417,80566666667,0,0,-0.5078290638,-0.05507950048,0.3919829864,0.941340025,0.119274975,0.2851635813,0.1354037277
2418,80600000000,0,0,-0.507325175,-0.05394137126,0.3931991173,0.9419303366,0.1192962084,0.2838372818,0.1340598867
2419,80633333333,0,1,-0.5053720159,-0.05416367507,0.3946668791,0.9431886448,0.1172356792,0.2803378183,0.1343937631
2420,80666666667,0,0,-0.5040532182,-0.0550273763,0.3956576619,0.9442609286,0.1152402102,0.27796897,0.1335074697
2421,80700000000,0,0,-0.5030323729,-0.05555116126,0.3955291812,0.9450330165,0.11391189,0.2769017424,0.1313853266
2422,80733333333,0,0,-0.5020632006,-0.05599611101,0.3980423504,0.9453776795,0.1144565805,0.2759911501,0.1303442345
2423,80766666667,0,0,-0.5013793724,-0.0555471326,0.3970227747,0.9463332247,0.1150297135,0.2726796118,0.1298746404
2424,80800000000,0,0,-0.5002780024,-0.05490037553,0.396989864,0.9465042631,0.1151963234,0.270763098,0.1324644545
2425,80833333333,0,0,-0.499383636,-0.05501746514,0.398078486,0.9470231234,0.1150955695,0.2682172694,0.1340138428
2426,80866666667,0,0,-0.4978991968,-0.05558782017,0.3980804074,0.9474895259,0.1154716158,0.2652608624,0.1362592354
2427,80900000000,0,0,-0.4969965563,-0.0550541233,0.3961630749,0.94798348,0.1155960304,0.2634019396,0.1363242368
2428,80933333333,0,0,-0.4955488386,-0.0543364283,0.3963421282,0.9481551804,0.114418787,0.2631930855,0.1365265354
2429,80966666667,0,0,-0.4943911925,-0.05440680038,0.3987266,0.9482390468,0.1155682637,0.2610888051,0.1389939654
2430,81000000000,0,0,-0.4927703881,-0.05314741945,0.3952269346,0.9490700685,0.1157995177,0.2566291581,0.141414115
2431,81033333333,0,0,-0.4905037109,-0.05420428204,0.3957168763,0.9494348231,0.1138959784,0.2560690225,0.141526953
2432,81066666667,0,0,-0.4887907532,-0.05588785686,0.3973179972,0.9493537288,0.1151129461,0.2562189136,0.1408132648
2433,81100000000,0,0,-0.4871022756,-0.0528561931,0.3936280355,0.9496956555,0.1176320751,0.2536994085,0.1409874706
2434,81133333333,0,0,-0.484671724,-0.0521597033,0.3932540821,0.9499930136,0.1158311125,0.2527609204,0.142156057
2435,81166666667,0,0,-0.4823068105,-0.05399903201,0.3951381011,0.9502316262,0.1158480252,0.2518117783,0.1422319234
2436,81200000000,0,0,-0.4806122601,-0.05213601117,0.3917164981,0.9511403456,0.1171324558,0.248302651,0.1412721636
2437,81233333333,0,0,-0.4783967313,-0.05139827503,0.3900303557,0.9518724084,0.114893379,0.247197421,0.1401137562
2438,81266666667,0,1,-0.4722325729,-0.05254366106,0.3926491092,0.9526612656,0.1137792968,0.2452613159,0.1390599568
2439,81300000000,0,0,-0.4702883546,-0.05282077523,0.3912944573,0.9540471297,0.1141208485,0.2425694952,0.1339049893
2440,81333333333,0,0,-0.4667515391,-0.04975135625,0.387031023,0.9551949372,0.1126844409,0.2412045813,0.1293259395
2441,81366666667,0,0,-0.4646338224,-0.05092750782,0.3908274834,0.9553916388,0.1109153084,0.2414352405,0.1289714526
2442,81400000000,0,0,-0.462041386,-0.05168901389,0.3900405545,0.9565600248,0.1115116785,0.236912256,0.1281820871
2443,81433333333,0,0,-0.4584786002,-0.05108683686,0.3874386033,0.9574044473,0.1110200783,0.2343400222,0.127027637
2444,81466666667,0,0,-0.4550966828,-0.05316958373,0.3882445436,0.957819073,0.1110612734,0.2335100676,0.1253836721
2445,81500000000,0,0,-0.4529212182,-0.05094449092,0.3859901575,0.9583682381,0.1130889775,0.230457881,0.1250214719
2446,81533333333,0,0,-0.4492056517,-0.05023835719,0.3843571187,0.9594000094,0.1121725891,0.2266108651,0.1249657876
2447,81566666667,0,0,-0.4455932923,-0.05160666047,0.3842500669,0.9600099997,0.1112557076,0.2249651198,0.124071201
2448,81600000000,0,1,-0.4410395047,-0.05071990697,0.3812677136,0.9607001117,0.1121692372,0.2230581962,0.1213194078
2449,81633333333,0,0,-0.4375059564,-0.04958767908,0.3796572969,0.9612072234,0.1117143124,0.2227550495,0.1182403235
2450,81666666667,0,0,-0.4347484961,-0.04872090036,0.380407098,0.9614515196,0.1113294823,0.2227660646,0.1165847426
2451,81700000000,0,0,-0.4322259991,-0.04835057656,0.3795817597,0.96248153,0.1104198738,0.2202155246,0.1137623781
2452,81733333333,0,0,-0.4280755788,-0.04704228191,0.376365432,0.9632248633,0.1083250158,0.2189174201,0.1119764121
2453,81766666667,0,0,-0.4252741486,-0.04771440864,0.377478237,0.9634933818,0.1055594572,0.2206408604,0.1088821151
2454,81800000000,0,0,-0.4226083296,-0.04774958497,0.3793744365,0.9639284443,0.1040698772,0.2206360466,0.1064478742
2455,81833333333,0,1,-0.4192523642,-0.04466341955,0.3744674083,0.9644124161,0.1031243106,0.2196517221,0.1050104246
2456,81866666667,0,0,-0.4162684101,-0.04447996056,0.3774645426,0.9644102605,0.09875960542,0.2218976666,0.1045027049
2457,81900000000,0,0,-0.4135198267,-0.04789608751,0.3812031836,0.9644132261,0.09804506269,0.221804781,0.1053419866
2458,81933333333,0,0,-0.4104999967,-0.04374469327,0.3767478994,0.9644648164,0.09995055003,0.2197452044,0.1073757451
2459,81966666667,0,0,-0.4073054282,-0.04335735243,0.3799583333,0.9645352017,0.09647931471,0.2201498098,0.1090763389
2460,82000000000,0,0,-0.4050938416,-0.04563025617,0.3822953823,0.9647704485,0.09575947003,0.2188559493,0.1102278502
2461,82033333333,0,0,-0.4022626145,-0.04220733125,0.3785294892,0.9653129527,0.09566223268,0.2159265136,0.1113345464
2462,82066666667,0,1,-0.3990903,-0.04201006921,0.3821142472,0.9659253013,0.09094566327,0.2147090861,0.1123263414
2463,82100000000,0,0,-0.3965844518,-0.04436412689,0.3864524741,0.9665945464,0.08866328641,0.212557776,0.1124855387
2464,82133333333,0,0,-0.3931099082,-0.04435331986,0.383854314,0.967564825,0.08734455311,0.2102483575,0.109475416
2465,82166666667,0,0,-0.3900550428,-0.04405234442,0.386998053,0.9678011941,0.08559743838,0.2105959375,0.1080892147
2466,82200000000,0,0,-0.3875078559,-0.04630093896,0.3908025218,0.9682159068,0.08602396256,0.2088905692,0.1073432148
2467,82233333333,0,0,-0.3836236539,-0.04584439085,0.3881369733,0.9688867757,0.08592944405,0.2063631142,0.1062488197
2468,82266666667,0,1,-0.3783338698,-0.04959827216,0.3909967843,0.969075441,0.08355707816,0.2076982397,0.1037903922
2469,82300000000,0,0,-0.3753058068,-0.05094718303,0.3949149737,0.9687794153,0.08691876478,0.2089673068,0.1012138212
2470,82333333333,0,0,-0.3717056496,-0.05068038069,0.3960626546,0.9690272349,0.09025940131,0.2058751035,0.1022492062
2471,82366666667,0,0,-0.3674138281,-0.0512600479,0.3959582372,0.9694887048,0.09019322383,0.2031296739,0.1034174509
2472,82400000000,0,0,-0.364117715,-0.05700146116,0.4023189673,0.9698293945,0.08939109233,0.2028182154,0.1015132977
2473,82433333333,0,0,-0.359495513,-0.05664507136,0.399997977,0.9703896748,0.09264911507,0.1998350333,0.09912608092
2474,82466666667,0,0,-0.3537188817,-0.05547549137,0.4001957937,0.9704316533,0.09200447369,0.1997835008,0.09941899112
2475,82500000000,0,0,-0.3510692783,-0.05923023969,0.4077164122,0.9701714006,0.09102934078,0.2006206869,0.101155586
2476,82533333333,0,0,-0.3460913151,-0.06117682913,0.4076191672,0.9706564486,0.09245188063,0.1967662955,0.1027702947
2477,82566666667,0,1,-0.339359515,-0.06141415533,0.4055577278,0.9711619029,0.09132735209,0.1952975657,0.1017975141
2478,82600000000,0,0,-0.3337833135,-0.06518651221,0.4099566921,0.9708415324,0.08972875247,0.1980657245,0.1009229345
2479,82633333333,0,0,-0.3295043292,-0.06730321806,0.4133866654,0.9705791556,0.09243218351,0.1981623583,0.1008170318
2480,82666666667,0,0,-0.3232282982,-0.065246103,0.4111305614,0.9707912119,0.09376359023,0.1964322405,0.1009315952
2481,82700000000,0,0,-0.3167556997,-0.06823869128,0.414331606,0.9707384951,0.09198141986,0.1977386471,0.1005267131
2482,82733333333,0,0,-0.31090159,-0.06989993596,0.415098774,0.9704956145,0.09320882313,0.1984774159,0.1002850587
2483,82766666667,0,1,-0.3040997197,-0.06857578781,0.4144973435,0.9705636742,0.09321880258,0.1984350486,0.09969925111
2484,82800000000,0,0,-0.2985956493,-0.07158473885,0.4182305319,0.9709717605,0.09000853397,0.1992984605,0.09691453865
2485,82833333333,0,0,-0.2928525631,-0.07554808479,0.4198868938,0.9712288409,0.08936826079,0.2004697738,0.09241061855
2486,82866666667,0,0,-0.2870127199,-0.07507468585,0.4188886379,0.9711372445,0.09122483464,0.201148462,0.09005430622
2487,82900000000,0,0,-0.2820291857,-0.07606354142,0.4206450874,0.9709596575,0.09168274573,0.2016362429,0.09041262776
2488,82933333333,0,0,-0.2774448609,-0.0790508545,0.4227446738,0.9707881017,0.09307100206,0.2009763135,0.09228635688
2489,82966666667,0,1,-0.2724481156,-0.07977763244,0.4210688888,0.9708689853,0.09518564228,0.1996343114,0.09219136933
2490,83000000000,0,0,-0.2677660664,-0.07891908046,0.42074825,0.9707559721,0.09653922878,0.1987815614,0.09380250961
2491,83033333333,0,0,-0.2653074026,-0.07924778576,0.4224504247,0.9708058595,0.09727146453,0.1968724115,0.09651683258
2492,83066666667,0,0,-0.256883615,-0.07936062046,0.4208038981,0.9713749443,0.09518628237,0.1964126362,0.09376761482
2493,83100000000,0,0,-0.2545780662,-0.08079748058,0.4229117509,0.9716005409,0.09522783674,0.1959821982,0.09227689904
2494,83133333333,0,0,-0.2514089518,-0.07892147582,0.4212401667,0.9719199441,0.09667580504,0.1932002858,0.09326875459
2495,83166666667,0,0,-0.2477465573,-0.0783199995,0.4208077367,0.9724040657,0.09551444676,0.1913625395,0.09320784223
2496,83200000000,0,0,-0.2454594659,-0.07972427422,0.4225672909,0.9724563397,0.09541454992,0.1906793983,0.09415996032
2497,83233333333,0,0,-0.241611272,-0.07732991253,0.420268203,0.9726494396,0.09749046519,0.1870438783,0.0972793116
2498,83266666667,0,0,-0.2379851874,-0.07625894105,0.4194223773,0.9729021755,0.09610427543,0.1849919404,0.1000165343
2499,83300000000,0,1,-0.2334644755,-0.07900197338,0.4198818885,0.9732857027,0.09453974424,0.1835154098,0.1004951344
2500,83333333333,0,0,-0.2295857623,-0.07810679043,0.4176580246,0.9732321597,0.09693188449,0.1819799573,0.1015217628
2501,83366666667,0,0,-0.2256353268,-0.07513032406,0.4170946501,0.9732693574,0.09694756454,0.1811594968,0.102611717
2502,83400000000,0,0,-0.2239328834,-0.07694045047,0.4200227492,0.9732824025,0.09625902524,0.1802143207,0.1047776865
2503,83433333333,0,0,-0.2189111461,-0.07563046242,0.4166071209,0.9737476192,0.09695242417,0.1762558619,0.1065348424
2504,83466666667,0,0,-0.2153443471,-0.07519767548,0.4173601738,0.9739257383,0.09541971432,0.176316522,0.10618954
2505,83500000000,0,0,-0.2124820739,-0.07991997214,0.4190193221,0.974170612,0.09526861059,0.1761071679,0.1044115703
2506,83533333333,0,0,-0.2088149359,-0.0758161193,0.4157197834,0.9740214671,0.100056313,0.1745991768,0.103855878
2507,83566666667,0,1,-0.2039796814,-0.07114367928,0.4134591749,0.9746956234,0.09949148231,0.1723263579,0.1018504448
2508,83600000000,0,0,-0.2004909377,-0.07563781697,0.4149254385,0.9750416786,0.09723935311,0.1721798353,0.1009571075
2509,83633333333,0,0,-0.1972916932,-0.07368508057,0.4127466723,0.9752574956,0.09972212057,0.1705942217,0.09912581618
2510,83666666667,0,0,-0.1932465434,-0.07334247073,0.4120204536,0.9758741067,0.09879580203,0.1692906138,0.09617590878
2511,83700000000,0,0,-0.1893195182,-0.07427343486,0.4110294064,0.9759591766,0.09937258009,0.1687038613,0.09574854142
2512,83733333333,0,0,-0.1864128409,-0.07338869215,0.4107294168,0.9761634326,0.1000816345,0.1679267279,0.09428273135
2513,83766666667,0,0,-0.1821559054,-0.07534511518,0.4096559499,0.9767740417,0.09964539054,0.166669695,0.09057858628
2514,83800000000,0,0,-0.1775900424,-0.07429682649,0.4075550726,0.9767271489,0.1018134067,0.1664000149,0.08915795967
2515,83833333333,0,0,-0.1745561805,-0.07402578563,0.4075520668,0.9766865324,0.10264563,0.1662485301,0.08893097526
2516,83866666667,0,1,-0.1693639559,-0.07436615134,0.4072842967,0.9770764764,0.1029234844,0.1641320825,0.08825517081
2517,83900000000,0,0,-0.1649317275,-0.07494394353,0.4055730414,0.9772360974,0.1038460288,0.1635232943,0.08652019729
2518,83933333333,0,0,-0.162699261,-0.07370127611,0.4057857975,0.9772352583,0.1050167814,0.1633007887,0.08553115188
2519,83966666667,0,0,-0.1600200552,-0.07382990375,0.4059223064,0.9776183432,0.1050218722,0.1612640722,0.08500988432
2520,84000000000,0,0,-0.1571467262,-0.07486962009,0.4050099168,0.9781926497,0.1051557106,0.1589443317,0.08257188332
2521,84033333333,0,0,-0.1535836231,-0.07191647254,0.402916149,0.9786184795,0.1061056185,0.1566671803,0.08064033646
2522,84066666667,0,0,-0.1534557874,-0.07190423117,0.4046294055,0.9791059211,0.1044845743,0.1555450429,0.07899562369
2523,84100000000,0,0,-0.1516134797,-0.07208601245,0.4040423332,0.9801304158,0.1036155505,0.1511109786,0.07598458988
2524,84133333333,0,0,-0.1475120185,-0.07066347488,0.4011850064,0.9809658212,0.1024927875,0.1481132559,0.07255170323
2525,84166666667,0,0,-0.1472798725,-0.07033230478,0.4032185145,0.9816111413,0.1005825279,0.1476417071,0.06726550937
2526,84200000000,0,1,-0.1480186693,-0.06804302869,0.4047278742,0.9821792214,0.1011779365,0.1436489026,0.06672327175
2527,84233333333,0,0,-0.1461769117,-0.06494514996,0.4031179617,0.9834494513,0.09970486177,0.1356971355,0.06687604013
2528,84266666667,0,0,-0.143523456,-0.06530607876,0.4026525936,0.9849530546,0.09459051595,0.1301303626,0.0631363858
2529,84300000000,0,0,-0.1423529225,-0.06719340698,0.4037719194,0.9859066371,0.09211870751,0.1261837557,0.05983232022
2530,84333333333,0,0,-0.1397385503,-0.06386856606,0.4015882007,0.986755825,0.09227751364,0.1209695659,0.05625092401
2531,84366666667,0,0,-0.1368242571,-0.06197215501,0.4012411369,0.9876565018,0.0893288864,0.1174564703,0.05252582217
2532,84400000000,0,0,-0.1355908888,-0.06317820458,0.4024523791,0.9881498383,0.08749424624,0.1148123597,0.05218022636
2533,84433333333,0,0,-0.1341811438,-0.06247203064,0.4025003973,0.9886340786,0.0875778426,0.1105791057,0.05201001268
2534,84466666667,0,1,-0.129211292,-0.06121927147,0.4002576671,0.9894669334,0.08583290858,0.1050098303,0.05060469495
2535,84500000000,0,0,-0.1274897746,-0.06152673717,0.4020194376,0.9896483039,0.08385871721,0.1046058914,0.05120114864
2536,84533333333,0,0,-0.1267719351,-0.06339541442,0.4041884432,0.9900613236,0.08292527976,0.1017309372,0.05052514024
2537,84566666667,0,0,-0.1218221154,-0.06300696302,0.4013699485,0.9906007474,0.08246969044,0.09754312296,0.04893105912
2538,84600000000,0,0,-0.1188787011,-0.06384195591,0.4022967675,0.9908815839,0.08106054723,0.09692258392,0.04678554323
2539,84633333333,0,0,-0.1168834212,-0.0666612157,0.4039452003,0.9909975417,0.08117690714,0.09633850637,0.04531086175
2540,84666666667,0,0,-0.112066162,-0.06574328285,0.403072235,0.9910403098,0.08347115873,0.09410577974,0.04489735114
2541,84700000000,0,0,-0.1091948678,-0.06734476896,0.4041805157,0.9911030554,0.0835219199,0.09403038734,0.04355581246
2542,84733333333,0,0,-0.1072902663,-0.06923355761,0.406841872,0.9909989677,0.08533306123,0.09350796829,0.04353819646
2543,84766666667,0,0,-0.1034248696,-0.06917749863,0.4066206344,0.9911615384,0.08761864037,0.09009623151,0.04247879185
2544,84800000000,0,1,-0.09823578757,-0.06850609528,0.4073580588,0.991398279,0.08820363285,0.08721098775,0.04175901295
2545,84833333333,0,0,-0.09613924698,-0.07048254773,0.4093920449,0.9916354533,0.08745832251,0.08617836677,0.03979269653
2546,84866666667,0,0,-0.09286094887,-0.07212341925,0.4105252035,0.9919515248,0.08819643041,0.08327368683,0.03631880068
2547,84900000000,0,0,-0.08747408077,-0.07224174601,0.4104566314,0.99224781,0.08849096487,0.08141562893,0.03138674997
2548,84933333333,0,0,-0.08541426449,-0.07409067716,0.4133161147,0.9922095559,0.08903433134,0.08276080302,0.02727149616
2549,84966666667,0,0,-0.08158379892,-0.07499855963,0.4141077342,0.9922947799,0.09073333502,0.08083951414,0.02415583937
2550,85000000000,0,0,-0.07676300571,-0.07521928184,0.4148701367,0.9923626234,0.09140672461,0.08005350022,0.02127607776
2551,85033333333,0,0,-0.07415035814,-0.07882928508,0.4172119455,0.992440115,0.09108545459,0.08034704984,0.01761844844
2552,85066666667,0,1,-0.06965323089,-0.07958649591,0.4182304911,0.9922736565,0.09405357275,0.07946071755,0.01526140413
2553,85100000000,0,0,-0.06574329294,-0.07893431492,0.4187759654,0.9920546886,0.09645774431,0.08000612782,0.01106426062
2554,85133333333,0,0,-0.0638891097,-0.07986875918,0.4212266245,0.9920327655,0.09714088787,0.07987379775,0.007403815901
2555,85166666667,0,0,-0.05876685669,-0.07921656206,0.4203120614,0.9920854865,0.09856154752,0.07757798852,0.005802107896
2556,85200000000,0,0,-0.05542679789,-0.07795681603,0.4213643502,0.992170236,0.09798567079,0.07731567287,0.004395214472
2557,85233333333,0,0,-0.05410854846,-0.08096334692,0.4233560178,0.9923997136,0.09631078322,0.07655580103,0.002500167224
2558,85266666667,0,0,-0.04417962563,-0.07881655162,0.422259274,0.9925807354,0.09589532798,0.07473403324,-0.00154728306
2559,85300000000,0,0,-0.0442731824,-0.08168960521,0.4250652122,0.9926951178,0.09402972746,0.07552076798,-0.003380402049
2560,85333333333,0,0,-0.03931637031,-0.08160421157,0.4239204975,0.9928154659,0.09455079927,0.07313462179,-0.005378110384
2561,85366666667,0,0,-0.03734068645,-0.08205461684,0.4249863654,0.9927633916,0.09376345719,0.07465143739,-0.007511681537
2562,85400000000,0,1,-0.03815902582,-0.08571476757,0.4268986734,0.992641031,0.09435275249,0.0753790769,-0.008907104974
2563,85433333333,0,0,-0.03375457836,-0.08384047789,0.4248237811,0.9924135665,0.09847857392,0.07310937902,-0.008503073266
2564,85466666667,0,0,-0.03213304379,-0.08298425419,0.4252827988,0.9923532276,0.09911346604,0.07311383554,-0.008121551705
2565,85500000000,0,0,-0.03067399224,-0.08496337561,0.4255152604,0.9924360833,0.09896340347,0.07227202156,-0.007322579003
2566,85533333333,0,0,-0.0268820898,-0.08337274738,0.4240751453,0.992330848,0.1008160411,0.07132422724,-0.005335595188
2567,85566666667,0,0,-0.02516359602,-0.08355095275,0.4242602047,0.9923424271,0.100208058,0.07211675787,-0.003745097951
2568,85600000000,0,0,-0.02462795022,-0.08432702659,0.4250773004,0.9923534308,0.1003416087,0.07187546995,-0.0003830337668
2569,85633333333,0,0,-0.0209553534,-0.08309471903,0.423726987,0.9923864636,0.1013561138,0.06993000484,0.002416503334
2570,85666666667,0,0,-0.01794760593,-0.08310397405,0.4227947332,0.992396628,0.1003225506,0.07115683002,0.004585203923
2571,85700000000,0,0,-0.01782686854,-0.08399063029,0.4234043626,0.9922505019,0.1003145653,0.07294588442,0.007404550985
2572,85733333333,0,0,-0.01474620423,-0.08166376342,0.4220481972,0.9921259668,0.1016073207,0.0724419731,0.0106854573
2573,85766666667,0,0,-0.01202838355,-0.08039553394,0.4215833002,0.9921843357,0.0996811027,0.07387090071,0.01330457806
2574,85800000000,0,0,-0.01247427698,-0.08220251236,0.4220352703,0.99216357,0.09792257684,0.07624101425,0.01448885801
2575,85833333333,0,1,-0.009371952214,-0.07999677005,0.4199599207,0.9920688079,0.09869462906,0.07636481705,0.01507532179
2576,85866666667,0,0,-0.007522019863,-0.08011892526,0.4195390951,0.9919820242,0.09719471985,0.07960638199,0.01369942039
2577,85900000000,0,0,-0.008643099996,-0.08283201929,0.4201786371,0.9917471327,0.0971240264,0.08273506507,0.01262763596
2578,85933333333,0,0,-0.005883667171,-0.08113792481,0.4184634849,0.991385751,0.1007366582,0.08266071557,0.01317666422
2579,85966666667,0,0,-0.004088388153,-0.08056883052,0.4173017918,0.99111987,0.1016517709,0.08457199588,0.01399636415
2580,86000000000,0,0,-0.00513510843,-0.08262541881,0.4174815779,0.9908040787,0.1031072192,0.08623534472,0.01548044658
2581,86033333333,0,0,-0.001382815875,-0.0801606377,0.414778492,0.9904524107,0.1069563998,0.0852318171,0.0173172773
2582,86066666667,0,0,-0.0005708854598,-0.0795709383,0.4137054905,0.9901470549,0.1073731654,0.08786974609,0.0189399257
2583,86100000000,0,0,-0.00114439136,-0.08140158113,0.4135951988,0.9898947161,0.1081348557,0.08930248637,0.02098499366
2584,86133333333,0,0,0.002110783917,-0.07913129829,0.41122444,0.9895913351,0.1105559507,0.08920271252,0.02300537437
