frame_index,timestamp_ns,segment,keyframe,cx,cy,cz,qw,qx,qy,qz,predicted,confidence
0,0,0,1,0,0,0,1,0,0,0,0,1
27,900000000,0,1,-0.02889291528,0.002454080351,-0.008141472197,0.9999124851,0.005451027398,0.0110251191,0.004873921916,0,1
28,933333333,0,0,-0.02944564512,0.003965956618,-0.009668336172,0.9999177966,0.004756550373,0.01083987327,0.004926708708,0,1
29,966666667,0,0,-0.03260707503,0.002549768763,-0.008780850536,0.9999085036,0.003947048391,0.01223529313,0.004207481988,0,1
30,1000000000,0,0,-0.03450071959,0.004956075264,-0.01067371005,0.9998959585,0.004422367507,0.01273859226,0.005122795499,0,1
31,1033333333,0,0,-0.03694329838,0.005218144029,-0.01069318747,0.9998969307,0.003212219624,0.01300678224,0.005160744178,0,1
32,1066666667,0,0,-0.0385146356,0.005991305931,-0.01236573366,0.9999010662,0.002210501203,0.0130215099,0.004838573945,0,1
33,1100000000,0,0,-0.04009374244,0.006658246795,-0.01248412019,0.9999000111,0.0005479052035,0.01334043039,0.004658372959,0,1
34,1133333333,0,0,-0.0450218705,0.005265725881,-0.01079646689,0.9998872104,-0.0002265791094,0.01457988214,0.003597513542,0,1
35,1166666667,0,0,-0.04463014732,0.008406698928,-0.01409113676,0.9999127464,0.0006575100419,0.0125014472,0.004216768099,0,1
36,1200000000,0,0,-0.0454605009,0.008953934012,-0.01377947423,0.9999258807,-0.002249382127,0.01121548952,0.004169668647,0,1
37,1233333333,0,0,-0.04809387957,0.007423692574,-0.01273317054,0.999917611,-0.00387231312,0.01153645059,0.004084937772,0,1
38,1266666667,0,0,-0.04973071238,0.007638789052,-0.01245195556,0.9999203528,-0.003678294891,0.01155266137,0.003506309566,0,1
39,1300000000,0,0,-0.05194977981,0.006887601828,-0.01191221586,0.9999264855,-0.003169776493,0.01154425411,0.001925161784,0,1
40,1333333333,0,0,-0.05338426722,0.006714872316,-0.01190624955,0.9999376605,-0.001736385903,0.01099747248,0.0008460297638,0,1
41,1366666667,0,0,-0.05436904689,0.008578981349,-0.01353416442,0.9999474325,-0.0002270285814,0.01025081501,-3.857887409e-05,0,1
42,1400000000,0,0,-0.06093575849,0.005032078198,-0.010009014,0.9999290336,-0.0003115039952,0.01183972718,-0.001285176622,0,1
43,1433333333,0,0,-0.0592395947,0.006638530189,-0.01361583223,0.9999558465,0.003486088295,0.008726505717,-1.871712186e-05,0,1
44,1466666667,0,0,-0.05452916702,0.007587251055,-0.01738320689,0.9999798945,0.002446820608,0.005807467462,0.0007049533267,0,1
45,1500000000,0,0,-0.05606947834,0.005025748904,-0.01584745352,0.9999672249,-8.18062025e-05,0.008081517455,0.0004811137925,0,1
46,1533333333,0,0,-0.05761873514,0.003773123708,-0.01549459607,0.9999441995,0.0005703500333,0.01052764363,-0.0006643121341,0,1
47,1566666667,0,1,-0.06685216269,0.006284880359,-0.01552914345,0.9998607113,0.002327811304,0.01652069815,-0.0004536760943,0,1
48,1600000000,0,0,-0.07185824631,0.005890634642,-0.01307927988,0.9997971389,0.004120006534,0.01961809533,0.001958797476,0,1
49,1633333333,0,0,-0.07487406089,0.006191278786,-0.01293963804,0.9997709983,0.007200238097,0.01928866493,0.005835659501,0,1
50,1666666667,0,0,-0.07417272851,0.005696550324,-0.01473718242,0.9997939228,0.009146557423,0.01642525018,0.007659211082,0,1
51,1700000000,0,0,-0.07314584079,0.004327978392,-0.01608450369,0.9997924457,0.009472820569,0.01601794062,0.008291971347,0,1
52,1733333333,0,0,-0.07284195247,0.003228901372,-0.01686819363,0.9997415537,0.009694364413,0.01850478148,0.008967614455,0,1
53,1766666667,0,0,-0.07432686511,0.004918431312,-0.01831571986,0.9996726509,0.01013594143,0.02144051253,0.00959990287,0,1
54,1800000000,0,0,-0.0782556698,0.005026820333,-0.01663731354,0.9996116434,0.00893671969,0.02430584493,0.01029190119,0,1
55,1833333333,0,0,-0.07727010498,0.004626734698,-0.01811937963,0.9996024963,0.007075600241,0.02481200964,0.0113643924,0,1
56,1866666667,0,0,-0.08070556265,0.004376414421,-0.01604021247,0.9995016729,0.00440086287,0.02850027517,0.01283638042,0,1
57,1900000000,0,0,-0.08334590753,0.003885429889,-0.01515590083,0.9994136621,0.003554068119,0.03154914957,0.01281997817,0,1
58,1933333333,0,0,-0.08449892124,0.004430802275,-0.01514715104,0.9993346498,0.002566826947,0.03383817468,0.01336588954,0,1
59,1966666667,0,0,-0.08639831729,0.004145929643,-0.01480060406,0.999218134,0.001077336132,0.03709845993,0.01362586663,0,1
60,2000000000,0,0,-0.09155650912,0.003694580604,-0.01235137565,0.999015594,0.0001275851741,0.04223465726,0.01356688912,0,1
61,2033333333,0,0,-0.09705751285,0.003408463367,-0.01067461971,0.9988347093,0.0005698248646,0.04588202856,0.01495788241,0,1
62,2066666667,0,0,-0.1000545562,0.004500618246,-0.01065055493,0.9987200245,0.001260378007,0.04773611199,0.01667296653,0,1
63,2100000000,0,0,-0.1052841002,0.003237103118,-0.008120277196,0.9985940707,0.001955089421,0.05019866239,0.01691608358,0,1
64,2133333333,0,1,-0.1138788367,0.0005298545129,-0.00775309091,0.9984233949,0.00335746867,0.05321985589,0.0175242375,0,1
65,2166666667,0,0,-0.1178410835,0.003564975471,-0.00898993767,0.9984028704,0.006349022049,0.05259104533,0.01963619655,0,1
66,2200000000,0,0,-0.1224368736,0.006060164842,-0.00962885202,0.9984425878,0.006461014206,0.05090094353,0.02190315129,0,1
67,2233333333,0,0,-0.1256402992,0.004075917777,-0.009560292129,0.9985194473,0.004197096277,0.0496358205,0.02185367395,0,1
68,2266666667,0,0,-0.1279025393,0.003458580235,-0.01035041735,0.9985054433,0.002890924616,0.05051437713,0.02065961949,0,1
69,2300000000,0,0,-0.1333579678,0.004363337921,-0.009358495548,0.9983964146,0.00193725864,0.05267096571,0.02065467854,0,1
70,2333333333,0,0,-0.1389159099,0.004398189372,-0.008672320331,0.9983537329,0.0007388223683,0.05315588576,0.0215343904,0,1
71,2366666667,0,0,-0.1425565263,0.003471215281,-0.007594231982,0.9983445889,-0.0006028055921,0.05293470455,0.02248633867,0,1
72,2400000000,0,0,-0.1478110469,0.002195040528,-0.005667579097,0.9982890915,-0.0003871947184,0.05349836335,0.02359374899,0,1
73,2433333333,0,0,-0.1527308312,0.002121603169,-0.006109586423,0.9982930966,0.0009307974079,0.05284684666,0.02484426869,0,1
74,2466666667,0,1,-0.1598632352,0.002026762517,-0.0086280342,0.9982708958,0.0009661142792,0.05275769839,0.02590193868,0,1
75,2500000000,0,0,-0.1624675,0.002179587959,-0.009471407423,0.9982975239,0.0002443702576,0.0518614733,0.02669047698,0,1
76,2533333333,0,0,-0.1647533429,0.003320874493,-0.01093866776,0.9982977042,-0.001547507186,0.05214611007,0.02607838734,0,1
77,2566666667,0,0,-0.1689157393,0.001582389478,-0.009895518804,0.9982009763,-0.004841466011,0.05433961725,0.02487121086,0,1
78,2600000000,0,0,-0.1727665908,-9.102864664e-05,-0.009107334117,0.9980609578,-0.006702839827,0.0570982471,0.02385763141,0,1
79,2633333333,0,0,-0.1790313982,-0.002369838912,-0.006288809228,0.9978448586,-0.007409658049,0.06097875383,0.02307220536,0,1
80,2666666667,0,0,-0.1844603532,0.0008140877166,-0.006598362782,0.9977572093,-0.00465641826,0.06191857573,0.02499917955,0,1
81,2700000000,0,0,-0.1891911994,0.00122756224,-0.007416758638,0.9977321296,-0.005615779443,0.0608298859,0.02826279338,0,1
82,2733333333,0,0,-0.1913679326,-0.003942753128,-0.00639921922,0.9977976077,-0.008361305183,0.06014398661,0.02669688376,0,1
83,2766666667,0,0,-0.1934240212,-0.005188247892,-0.008942587041,0.997761261,-0.00735451873,0.06218124381,0.02349191523,0,1
84,2800000000,0,1,-0.200006565,-0.00259294242,-0.009753091365,0.9974657842,-0.005852275314,0.06726235594,0.02243959953,0,1
85,2833333333,0,0,-0.2067357341,-0.001785939008,-0.008228940111,0.997245893,-0.00587223624,0.0703556622,0.02272061969,0,1
86,2866666667,0,0,-0.2126500154,-0.003876520132,-0.00762313719,0.9971488958,-0.005655294361,0.07151675306,0.02339767613,0,1
87,2900000000,0,0,-0.2170316816,-0.003536478223,-0.009094162344,0.9970819731,-0.004079951334,0.07252381467,0.02347741923,0,1
88,2933333333,0,0,-0.2226341002,-0.005143071104,-0.008538912762,0.9969323854,-0.00265429558,0.07466041397,0.02333658707,0,1
89,2966666667,0,0,-0.2282735808,-0.003089906021,-0.01025703904,0.9968249929,0.001126311218,0.07541270388,0.02552624297,0,1
90,3000000000,0,0,-0.2340354179,-0.001793797795,-0.01214906342,0.9967993391,0.002616632658,0.0749412645,0.02771349282,0,1
91,3033333333,0,0,-0.2394296258,-0.002819370701,-0.01321476771,0.996777719,0.003245977401,0.07476282496,0.02888187368,0,1
92,3066666667,0,0,-0.2450569793,-0.003830933405,-0.01383321333,0.9966779132,0.004522251327,0.07629313044,0.02814329112,0,1
93,3100000000,0,1,-0.2535686239,-0.002998594864,-0.01297042698,0.9964644016,0.008605217778,0.07854956005,0.0285414279,0,1
94,3133333333,0,0,-0.2604433791,0.001628705961,-0.01582736383,0.9963977615,0.01180319527,0.07755240943,0.03221504697,0,1
95,3166666667,0,0,-0.2672707693,0.001039294124,-0.01452018623,0.9964312188,0.01198722214,0.07591585428,0.03489865019,0,1
96,3200000000,0,0,-0.2709344984,0.002107884712,-0.01853325616,0.996531005,0.01217541761,0.07415753869,0.03575436596,0,1
97,3233333333,0,0,-0.2756006625,0.001606044535,-0.01904589139,0.9964739619,0.01021628847,0.0757179722,0.03467072823,0,1
98,3266666667,0,0,-0.2823795812,0.003014766745,-0.01847305509,0.9962930633,0.009732269684,0.07849004404,0.0338338288,0,1
99,3300000000,0,0,-0.2873431113,0.003479782781,-0.01925397204,0.9961351282,0.008174054961,0.08072809386,0.03362983838,0,1
100,3333333333,0,1,-0.293239783,0.006063788384,-0.02049012611,0.9959496264,0.006406794256,0.08355032686,0.03259812235,0,1
101,3366666667,0,0,-0.2994157516,0.0060390195,-0.01768112599,0.9957544096,0.002027225789,0.08646598926,0.03150680589,0,1
102,3400000000,0,0,-0.3057378679,0.005726335625,-0.01469363213,0.9956110515,0.001074355838,0.08844867935,0.03056650042,0,1
103,3433333333,0,0,-0.3102834238,0.01029256291,-0.0189323897,0.9956305534,0.0003900981027,0.08861681394,0.02943992749,0,1
104,3466666667,0,0,-0.3172706456,0.009666611087,-0.01352709503,0.995455935,-0.004446516518,0.09093357012,0.02790691333,0,1
105,3500000000,0,0,-0.3239316337,0.009756651661,-0.0104687227,0.995464461,-0.005447192398,0.09051061143,0.02878652768,0,1
106,3533333333,0,1,-0.3288235567,0.01229741909,-0.009494378326,0.9955334037,-0.006637015737,0.08942658754,0.02953096007,0,1
107,3566666667,0,0,-0.3331026031,0.01188633049,-0.007373035948,0.9955045584,-0.009481752285,0.08957303183,0.02928211921,0,1
108,3600000000,0,0,-0.3387481187,0.01261381868,-0.003541238522,0.995449259,-0.01098558664,0.08993472136,0.02952686244,0,1
109,3633333333,0,0,-0.3433991526,0.01435510713,-0.001936128591,0.9955335365,-0.01168916454,0.08832644992,0.03122145614,0,1
110,3666666667,0,0,-0.3478457219,0.01409451846,0.000852157427,0.9956113559,-0.01425277965,0.08651336957,0.03271579287,0,1
111,3700000000,0,0,-0.3531684069,0.01248185869,0.006596403597,0.9954898445,-0.01625668925,0.08726675983,0.03346942116,0,1
112,3733333333,0,0,-0.357275177,0.01263064008,0.009460620377,0.9954801931,-0.01586552274,0.087590154,0.03309735958,0,1
113,3766666667,0,0,-0.3616888026,0.01148033635,0.01322619689,0.9954009568,-0.01696715087,0.08850238484,0.03250198181,0,1
114,3800000000,0,0,-0.3649578892,0.01001221577,0.01510077514,0.9952260362,-0.01773984641,0.09022511766,0.03270875737,0,1
115,3833333333,0,0,-0.3689948895,0.009994274061,0.02067579749,0.9948821219,-0.01902735832,0.09348365521,0.03329158184,0,1
116,3866666667,0,1,-0.3734564306,0.01169630015,0.03168667507,0.9948157777,-0.01632036294,0.09470640124,0.03325525065,0,1
117,3900000000,0,0,-0.3770895514,0.009850041942,0.03420405458,0.9949452959,-0.01399733324,0.09331888365,0.03434412232,0,1
118,3933333333,0,0,-0.3804168556,0.008917090906,0.03745616739,0.9949327341,-0.01334053072,0.09310557959,0.03552796079,0,1
119,3966666667,0,0,-0.3843525786,0.006090435038,0.04597362231,0.9949184835,-0.01243794463,0.09340744397,0.03546206578,0,1
120,4000000000,0,0,-0.3875749961,0.003553527945,0.04902629863,0.9950499291,-0.01008798342,0.09243061217,0.03507781437,0,1
121,4033333333,0,0,-0.3907891725,0.002428850408,0.05216977629,0.9949998986,-0.009435664478,0.09278200314,0.03574450889,0,1
122,4066666667,0,0,-0.3956293345,0.0005501596897,0.06037197074,0.9947739037,-0.00845965609,0.09449236224,0.03774265779,0,1
123,4100000000,0,0,-0.3984724416,-0.003520614074,0.06672346987,0.9946924193,-0.006452701869,0.09495107471,0.03911070299,0,1
124,4133333333,0,0,-0.4013428388,-0.004469657847,0.06924221275,0.994620355,-0.00398719541,0.09512528201,0.04081215922,0,1
125,4166666667,0,0,-0.4044510196,-0.003531578245,0.07267807237,0.994533886,-0.002667265449,0.09467035873,0.04396314863,0,1
126,4200000000,0,1,-0.4072013267,-0.004096864352,0.0797982142,0.9944676346,-0.002925599484,0.09346136853,0.04785955652,0,1
127,4233333333,0,0,-0.4086830921,-0.006001116473,0.08375391552,0.9945410574,-0.004080549607,0.0912823531,0.0503881562,0,1
128,4266666667,0,0,-0.4096148548,-0.01019078091,0.08622737007,0.9944946761,-0.007581768979,0.0910241107,0.05135627802,0,1
129,4300000000,0,0,-0.4113752201,-0.01466596554,0.09248377832,0.9941256668,-0.01154305099,0.09444643569,0.05158281961,0,1
130,4333333333,0,0,-0.4140855399,-0.01765246288,0.09860244802,0.9937355099,-0.01274212612,0.09848020453,0.05127400827,0,1
131,4366666667,0,0,-0.4158962574,-0.01969992165,0.1037463073,0.9933387965,-0.01378843821,0.1014240635,0.05292516984,0,1
132,4400000000,0,0,-0.4174015063,-0.02302553189,0.1086302635,0.9929676625,-0.01489314588,0.1040881816,0.05439729661,0,1
133,4433333333,0,0,-0.4193318954,-0.02602822826,0.1148330055,0.9925291254,-0.01535550563,0.1077085572,0.05521784458,0,1
134,4466666667,0,0,-0.4214436648,-0.02909105407,0.1202897583,0.9922297629,-0.01433217591,0.1104237908,0.05550921342,0,1
135,4500000000,0,0,-0.4219162624,-0.03143754064,0.1216651585,0.9919590815,-0.01394313924,0.1125743053,0.0561230361,0,1
136,4533333333,0,0,-0.4238345484,-0.03424769289,0.1274747776,0.9915352891,-0.01443443238,0.1161387651,0.05622459256,0,1
137,4566666667,0,1,-0.4265114943,-0.03579065662,0.1345391829,0.9910713754,-0.0118179196,0.1200973702,0.05669644947,0,1
138,4600000000,0,0,-0.4276748491,-0.0361649476,0.1365573441,0.9909107284,-0.01018851207,0.121403754,0.05703727738,0,1
139,4633333333,0,0,-0.4293111674,-0.0391660835,0.1399210576,0.9907208972,-0.01197391808,0.1227673294,0.0570693617,0,1
140,4666666667,0,0,-0.4316449273,-0.04266123248,0.1465247642,0.9902276909,-0.01307495472,0.1263418817,0.05758380596,0,1
141,4700000000,0,0,-0.43380059,-0.04369452118,0.1517457874,0.9898923297,-0.01147542533,0.1290984992,0.05757662401,0,1
142,4733333333,0,0,-0.4354329982,-0.04561728423,0.155249651,0.9896453688,-0.01119260707,0.1304655999,0.05878347468,0,1
143,4766666667,0,0,-0.4371592111,-0.04846700958,0.159711597,0.9893530528,-0.01243883494,0.1323194511,0.05930746354,0,1
144,4800000000,0,0,-0.4392949208,-0.0517395264,0.1655359142,0.9888078936,-0.01350006926,0.135823041,0.060239516,0,1
145,4833333333,0,0,-0.441302791,-0.0537974468,0.1727492444,0.9882802517,-0.01250785668,0.1393158686,0.06112925982,0,1
146,4866666667,0,0,-0.4436763714,-0.05450861351,0.1779076592,0.9878770006,-0.009960981656,0.1415993244,0.06284458549,0,1
147,4900000000,0,0,-0.4460079543,-0.05833755301,0.1842961831,0.9873638,-0.008859328103,0.1444359905,0.06459476292,0,1
148,4933333333,0,1,-0.4475434324,-0.05860832613,0.1890978754,0.9869087507,-0.005286627807,0.1466186902,0.06697857133,0,1
149,4966666667,0,0,-0.45051358,-0.06059761211,0.1960356186,0.9863951918,-0.001425075259,0.1486756216,0.07012884127,0,1
150,5000000000,0,0,-0.4524703444,-0.06380783826,0.1991119639,0.9860541409,0.001516417725,0.1497688287,0.07255501147,0,1
151,5033333333,0,0,-0.4556005957,-0.06681034361,0.2053797627,0.9854167533,0.00417683966,0.1530626877,0.07421718137,0,1
152,5066666667,0,0,-0.4592756654,-0.06901483838,0.2133300148,0.9846033092,0.01111553563,0.1566329848,0.07680414317,0,1
153,5100000000,0,0,-0.4611497351,-0.07032710878,0.2127877082,0.9841676899,0.01824592589,0.1568495427,0.08049388319,0,1
154,5133333333,0,1,-0.4640658612,-0.07457445802,0.2115849942,0.9838318537,0.01649164632,0.1570094145,0.08456330731,0,1
155,5166666667,0,0,-0.4657555685,-0.07870129498,0.2169093753,0.9832025069,0.01310104152,0.1599757981,0.0868846199,0,1
156,5200000000,0,0,-0.4681239621,-0.08259876567,0.2228951188,0.9823894377,0.01188153786,0.1654313335,0.08603659527,0,1
157,5233333333,0,0,-0.47018281,-0.08358364847,0.2273402167,0.9815368329,0.01344762405,0.1701422406,0.08634943576,0,1
158,5266666667,0,0,-0.471958316,-0.08509893106,0.2308896963,0.9808809222,0.01440275977,0.1725312493,0.08887150777,0,1
159,5300000000,0,0,-0.4731375903,-0.08608139099,0.2348886998,0.9804190826,0.01455627152,0.1736111961,0.09179155744,0,1
160,5333333333,0,0,-0.4745559354,-0.09011901261,0.2392164691,0.980061877,0.01351711918,0.1751206965,0.09289104536,0,1
161,5366666667,0,0,-0.4761944956,-0.09510293943,0.2420454302,0.9795746022,0.01086710344,0.178074276,0.09276344614,0,1
162,5400000000,0,1,-0.480017186,-0.09792037423,0.2479294009,0.9784008136,0.008337516724,0.1840707393,0.09370323718,0,1
163,5433333333,0,0,-0.4808346358,-0.1006201116,0.255950328,0.9774739605,0.00779758702,0.1886292445,0.0943549802,0,1
164,5466666667,0,0,-0.4819961338,-0.1026217444,0.2598125374,0.9768595656,0.009898390761,0.1913621045,0.09501555619,0,1
165,5500000000,0,0,-0.4832636133,-0.1048299988,0.2636849606,0.9761143843,0.01135009565,0.1940292695,0.0970800016,0,1
166,5533333333,0,0,-0.4837878548,-0.1079172865,0.2688323236,0.975381258,0.01238674003,0.1971307765,0.09806848229,0,1
167,5566666667,0,0,-0.4850744946,-0.1107320477,0.2740932471,0.9744808995,0.01467613029,0.2008393432,0.09917230426,0,1
168,5600000000,0,0,-0.4857512297,-0.1124754011,0.2776005087,0.9736004212,0.01735931368,0.2037158263,0.1014925422,0,1
169,5633333333,0,0,-0.4868081913,-0.1147424392,0.2818125023,0.9727724616,0.01750598851,0.2066905451,0.1033745462,0,1
170,5666666667,0,0,-0.4873344332,-0.1172260158,0.2870999149,0.9719760972,0.0173416579,0.2097595611,0.1047027219,0,1
171,5700000000,0,1,-0.489336939,-0.1215824332,0.291851567,0.9710264295,0.01538153238,0.2138905844,0.105460417,0,1
172,5733333333,0,0,-0.4895909294,-0.1231758669,0.2986332222,0.9702024732,0.01522420166,0.2168723899,0.106966122,0,1
173,5766666667,0,0,-0.4901255867,-0.1263766585,0.3037139257,0.9696143275,0.01553610472,0.2188281399,0.1082632461,0,1
174,5800000000,0,0,-0.4909326419,-0.1290869106,0.3081074068,0.9690507893,0.01423877633,0.2211258256,0.1088172518,0,1
175,5833333333,0,0,-0.4912855449,-0.1315980353,0.3144280112,0.9682575756,0.01270927321,0.2246524416,0.1088440268,0,1
176,5866666667,0,0,-0.4918133469,-0.1339698722,0.3216479092,0.9672487552,0.01416432475,0.2284740781,0.1096759456,0,1
177,5900000000,0,0,-0.4919096416,-0.1350367374,0.3245888284,0.9665891253,0.01589242643,0.2297532685,0.112544788,0,1
178,5933333333,0,0,-0.492435937,-0.1360264296,0.3300298912,0.9658245481,0.01686228298,0.2306659031,0.117012165,0,1
179,5966666667,0,1,-0.495965318,-0.1411041923,0.3369240543,0.9646808297,0.01595206632,0.2329928025,0.1218637862,0,1
180,6000000000,0,0,-0.4962699412,-0.1434714666,0.339883044,0.9642473521,0.01462402416,0.2329214361,0.1255419713,0,1
181,6033333333,0,0,-0.4970651564,-0.1467350524,0.3447390611,0.9633824159,0.0105606231,0.2354062271,0.1279324127,0,1
182,6066666667,0,0,-0.497586211,-0.1488923744,0.351807837,0.9622710558,0.008476632713,0.2389975785,0.1297795029,0,1
183,6100000000,0,0,-0.4976756979,-0.1496234041,0.355941444,0.9617241937,0.008633821829,0.2400240526,0.1319109041,0,1
184,6133333333,0,0,-0.4983564091,-0.1505256124,0.3598049241,0.9613312638,0.007545742218,0.2398413973,0.135134626,0,1
185,6166666667,0,0,-0.4985538028,-0.1528513055,0.3647023982,0.9607729025,0.005201726619,0.2402533647,0.1384438248,0,1
186,6200000000,0,1,-0.5007394757,-0.160293208,0.3718393419,0.9597269465,0.0001081288574,0.2436752306,0.1398090073,0,1
187,6233333333,0,0,-0.5013394662,-0.1614752964,0.3771496279,0.9589075021,-0.0006797567668,0.2462499995,0.1409144357,0,1
188,6266666667,0,0,-0.5018102042,-0.1624975312,0.3811910096,0.9580675062,-0.0005054656527,0.2481096686,0.1433457026,0,1
189,6300000000,0,0,-0.5019818382,-0.1634783186,0.3846791154,0.9575447321,-0.001790901483,0.2485889095,0.1459740825,0,1
190,6333333333,0,0,-0.502734737,-0.1664126836,0.3899113491,0.956883437,-0.004488079968,0.2502079241,0.1474786081,0,1
191,6366666667,0,0,-0.5031874643,-0.1698492625,0.3954063835,0.9559652047,-0.006737779647,0.2540323496,0.1468083614,0,1
192,6400000000,0,1,-0.5055350023,-0.1750424808,0.4002167016,0.9545823846,-0.01060731771,0.2602344865,0.1446995778,0,1
193,6433333333,0,0,-0.5061376276,-0.1747459653,0.4050506283,0.9531619655,-0.01176694634,0.2653312056,0.1447175103,0,1
194,6466666667,0,0,-0.5068717801,-0.174267946,0.4095724907,0.951977134,-0.01170772959,0.2685395597,0.146591167,0,1
195,6500000000,0,0,-0.5076947102,-0.1768676674,0.4145950282,0.9508286889,-0.013637634,0.2718281048,0.1478117068,0,1
196,6533333333,0,0,-0.5087476472,-0.1801416099,0.4195067481,0.9493547142,-0.01569061536,0.2772079543,0.1470890248,0,1
197,6566666667,0,0,-0.5095514839,-0.1812713685,0.423854368,0.9477125125,-0.01560384438,0.2835676801,0.1455571521,0,1
198,6600000000,0,1,-0.5123684741,-0.1855279681,0.4321723352,0.9456747743,-0.0162388239,0.2918189884,0.1423980329,0,1
199,6633333333,0,0,-0.5136860714,-0.186968648,0.4359374409,0.94428404,-0.01319078222,0.2976269204,0.1398995046,0,1
200,6666666667,0,0,-0.5153625044,-0.1874450537,0.4390670482,0.942618337,-0.01054540895,0.3038277221,0.1380151454,0,1
201,6700000000,0,0,-0.5174330394,-0.1864895293,0.4452918835,0.9405146592,-0.006161522816,0.310175905,0.1385103589,0,1
202,6733333333,0,0,-0.5193703257,-0.1860895818,0.4501625021,0.9390787651,6.556579394e-05,0.3138462837,0.140112736,0,1
203,6766666667,0,0,-0.5215454751,-0.1846759962,0.4482024803,0.9383655136,0.001415825623,0.3146604298,0.1430278726,0,1
204,6800000000,0,0,-0.5228906118,-0.1875654583,0.4581656322,0.9359927273,-0.0002987913509,0.3210112524,0.1444621094,0,1
205,6833333333,0,0,-0.5252229141,-0.1863181151,0.4624703479,0.9339687393,0.005205717249,0.3258496772,0.1466195158,0,1
206,6866666667,0,0,-0.5274856062,-0.184027261,0.4639463603,0.9326077771,0.008637295324,0.3276515775,0.151038323,0,1
207,6900000000,0,1,-0.5314044408,-0.1833979645,0.4715873634,0.930757306,0.00891046681,0.331919808,0.1531035008,0,1
208,6933333333,0,0,-0.532929673,-0.1827120698,0.4761815429,0.9297882843,0.009570758278,0.3337292504,0.1550062398,0,1
209,6966666667,0,0,-0.5345278392,-0.1829429429,0.4825021781,0.9291233439,0.01023506837,0.3345400448,0.157187829,0,1
210,7000000000,0,0,-0.5363795346,-0.1831947856,0.4859960322,0.9281870268,0.01137188114,0.3352101336,0.1611635502,0,1
211,7033333333,0,0,-0.5382342507,-0.182541676,0.4909504535,0.9273179977,0.01249268383,0.335714616,0.1649877588,0,1
212,7066666667,0,0,-0.5401785376,-0.18291806,0.496030495,0.926597154,0.01363783204,0.3358482049,0.1686348334,0,1
213,7100000000,0,0,-0.5422024669,-0.1838003351,0.5005462783,0.9263336005,0.01341460354,0.3356283275,0.1705278125,0,1
214,7133333333,0,0,-0.5445341914,-0.183458413,0.5052857193,0.9257139475,0.01571213279,0.3362014879,0.1725554282,0,1
215,7166666667,0,1,-0.5468980384,-0.1859982809,0.5110166744,0.9257506585,0.01579387639,0.3360106164,0.1727227182,0,1
216,7200000000,0,0,-0.5489262507,-0.1885348269,0.5147891753,0.9260414647,0.01627728952,0.3365566527,0.1700349227,0,1
217,7233333333,0,0,-0.5515188143,-0.1888959235,0.5180691096,0.9260351994,0.01806635466,0.337599799,0.1678058166,0,1
218,7266666667,0,0,-0.5531380678,-0.1912358565,0.5234905546,0.9258809421,0.01812028632,0.3396836995,0.1644114367,0,1
219,7300000000,0,0,-0.5553132513,-0.1914809513,0.528234577,0.925860281,0.02184412571,0.3411764152,0.1609479046,0,1
220,7333333333,0,0,-0.5573004786,-0.1931259253,0.530584852,0.9264528291,0.02313131646,0.3417288644,0.1561136794,0,1
221,7366666667,0,0,-0.559043042,-0.194286025,0.5339801314,0.9260697323,0.0238828616,0.3443554969,0.1524590159,0,1
222,7400000000,0,0,-0.5616935696,-0.1919284161,0.5371754971,0.9253261143,0.02887012625,0.3457039243,0.1530584685,0,1
223,7433333333,0,1,-0.5636007052,-0.1900478757,0.5394796274,0.9254599162,0.0301197193,0.3435869454,0.1567314805,0,1
224,7466666667,0,0,-0.5640405823,-0.1932236828,0.5436514889,0.9254236655,0.02560513584,0.3432152388,0.1585519354,0,1
225,7500000000,0,0,-0.5643751185,-0.1950291018,0.5480757755,0.9247084584,0.02434728211,0.3453156511,0.1583621735,0,1
226,7533333333,0,0,-0.5662125568,-0.1931734861,0.5501583702,0.9239739385,0.02622088281,0.3466577233,0.1594147084,0,1
227,7566666667,0,0,-0.567608547,-0.1921403906,0.5532655522,0.9233454507,0.02527090314,0.3467217506,0.163029408,0,1
228,7600000000,0,0,-0.5678181507,-0.193950407,0.5577137794,0.9226362227,0.0229338796,0.3477735382,0.1651363192,0,1
229,7633333333,0,0,-0.5692085443,-0.1922993579,0.5612422703,0.9216477161,0.02550378367,0.3483769875,0.1689630702,0,1
230,7666666667,0,0,-0.5699934776,-0.1934725231,0.5645418576,0.9213054535,0.02444769263,0.3478659053,0.1720112894,0,1
231,7700000000,0,0,-0.5705491771,-0.1959558102,0.567479638,0.9207292004,0.02319507104,0.3502220402,0.1704824061,0,1
232,7733333333,0,0,-0.573039281,-0.1940063862,0.5686197281,0.9195245001,0.02580983778,0.3529342915,0.1710144199,0,1
233,7766666667,0,0,-0.5752535439,-0.1912279996,0.5704499041,0.9184291646,0.02772650857,0.3534002157,0.1755773271,0,1
234,7800000000,0,0,-0.5767207815,-0.1920510684,0.5731301575,0.9184792261,0.02519280986,0.3524052491,0.177684479,0,1
235,7833333333,0,0,-0.5782576022,-0.1937242041,0.5743121,0.9184996804,0.02115398561,0.3531229445,0.1766777635,0,1
236,7866666667,0,0,-0.579746812,-0.1941934422,0.5764973093,0.9178927653,0.01777791765,0.3556734012,0.1750806919,0,1
237,7900000000,0,0,-0.5816480938,-0.1941546381,0.5792947224,0.9173066708,0.01626748555,0.3578764507,0.1738053125,0,1
238,7933333333,0,0,-0.5840932506,-0.1942416224,0.5809098619,0.9166672259,0.01494716291,0.3594199282,0.1741123043,0,1
239,7966666667,0,1,-0.5847010436,-0.1937608351,0.582245,0.9159648009,0.01542606017,0.3598704265,0.1768157129,0,1
240,8000000000,0,0,-0.5869937046,-0.1939565846,0.5843365347,0.9149228236,0.01663944368,0.3604364522,0.1809003032,0,1
241,8033333333,0,0,-0.589612525,-0.1958507302,0.5853256171,0.9143517541,0.01657267591,0.360862189,0.1829335854,0,1
242,8066666667,0,0,-0.5926941052,-0.197120276,0.5847190837,0.9136313649,0.01514074898,0.3619898061,0.1844230655,0,1
243,8100000000,0,0,-0.5951994935,-0.1991542352,0.5866898378,0.9123763059,0.01206904895,0.3651138541,0.184704326,0,1
244,8133333333,0,0,-0.6021806162,-0.1998862394,0.5883694966,0.9101243908,0.0122531052,0.3692490069,0.187559659,0,1
245,8166666667,0,0,-0.6056067996,-0.2011165723,0.5899808802,0.9088363524,0.0103771192,0.3711637528,0.1901217204,0,1
246,8200000000,0,0,-0.6089736716,-0.20185171,0.5920580239,0.9077733188,0.01060571112,0.3723290215,0.19288914,0,1
247,8233333333,0,1,-0.6120990534,-0.2023316381,0.5919000268,0.9076309647,0.0095904207,0.3714053717,0.19537683,0,1
248,8266666667,0,0,-0.6150682006,-0.2059199773,0.5947067319,0.9070473847,0.005358789997,0.3731093591,0.1950018752,0,1
249,8300000000,0,0,-0.618049565,-0.208121647,0.5985089831,0.9065675529,0.006118941507,0.3751320754,0.1933229336,0,1
250,8333333333,0,0,-0.6230001719,-0.2098911591,0.5987706248,0.9066179514,0.009540290557,0.3746168682,0.1939460622,0,1
251,8366666667,0,0,-0.6269616628,-0.2125007962,0.6002547369,0.9063700178,0.01178316444,0.3746803392,0.194856848,0,1
252,8400000000,0,0,-0.6317088462,-0.2137775814,0.6016847787,0.9066560046,0.01557788563,0.3734403827,0.1956386961,0,1
253,8433333333,0,1,-0.6353470366,-0.2152916188,0.6019302719,0.9078779354,0.01810282633,0.3701685568,0.1959724004,0,1
254,8466666667,0,0,-0.63986215,-0.2186942244,0.6024813802,0.9088244076,0.01756484695,0.3689303848,0.1939588707,0,1
255,8500000000,0,0,-0.6447928824,-0.2204144722,0.6032919821,0.9101321076,0.01708330958,0.367670535,0.1902264043,0,1
256,8533333333,0,0,-0.6498036307,-0.2225861543,0.6037981072,0.9115319947,0.01508290964,0.3663318175,0.1862335305,0,1
257,8566666667,0,0,-0.6540863256,-0.2258649826,0.6043018455,0.9128935995,0.01021087928,0.3659013177,0.180657797,0,1
258,8600000000,0,0,-0.6575137033,-0.2287452937,0.6059471142,0.9132929082,0.006446715677,0.3675782307,0.175330397,0,1
259,8633333333,0,1,-0.6602974027,-0.2289937875,0.6078453202,0.9136956478,0.008895383081,0.368082838,0.1720353443,0,1
260,8666666667,0,0,-0.6661465455,-0.2305134194,0.6052290444,0.9144223669,0.008246867857,0.3672005856,0.1700807278,0,1
261,8700000000,0,0,-0.6691466145,-0.2329525177,0.6065444436,0.9139609991,0.005094623113,0.3684186893,0.1700500113,0,1
262,8733333333,0,0,-0.6722153266,-0.2336130348,0.6082527194,0.9136417272,0.006865046131,0.3684058663,0.1717229837,0,1
263,8766666667,0,0,-0.6769370391,-0.2365552351,0.6064383685,0.9140515315,0.005156524269,0.3675107723,0.1715197954,0,1
264,8800000000,0,0,-0.6788557934,-0.2401472837,0.6079885439,0.9133494311,0.001198274748,0.36993276,0.1701209392,0,1
265,8833333333,0,0,-0.6821508507,-0.2418530866,0.6087768836,0.9124670691,0.002328792574,0.373591409,0.1668169164,0,1
266,8866666667,0,0,-0.6877352977,-0.2411567857,0.607319805,0.9115013081,0.003968277761,0.3759698928,0.1667220974,0,1
267,8900000000,0,0,-0.6901237659,-0.242585875,0.6093964445,0.910766176,0.002191436273,0.3775734677,0.1671479786,0,1
268,8933333333,0,0,-0.6940978565,-0.2441043878,0.6092641893,0.9101494744,0.001081610407,0.3797028993,0.1656878768,0,1
269,8966666667,0,0,-0.6989037882,-0.2442806351,0.6091047469,0.9091840283,0.0007634143708,0.381893843,0.1659545499,0,1
270,9000000000,0,0,-0.7023349177,-0.2451831423,0.6109197599,0.9083615564,-0.000730272764,0.3836194583,0.1664778088,0,1
271,9033333333,0,0,-0.7063427057,-0.2465990102,0.6119338331,0.9075487308,-0.001511390775,0.385163691,0.1673378261,0,1
272,9066666667,0,0,-0.7091744141,-0.249315134,0.6142741921,0.9067177101,-0.002792485077,0.3880187981,0.165216853,0,1
273,9100000000,0,0,-0.7161157618,-0.2487796587,0.6130788582,0.9057660979,0.0005407544622,0.3900122067,0.1657647798,0,1
274,9133333333,0,1,-0.7209439807,-0.2473591474,0.6136795464,0.9050647675,0.004446130226,0.3895861455,0.1704717977,0,1
275,9166666667,0,0,-0.7254292782,-0.2502586716,0.6148132471,0.9052852234,0.00390182518,0.3887275753,0.1712726253,0,1
276,9200000000,0,0,-0.7310376561,-0.2525463419,0.6142472342,0.9049150975,0.003049159005,0.3900292701,0.1702836969,0,1
277,9233333333,0,0,-0.7357562428,-0.2529211735,0.6155705052,0.9039617746,0.003670550016,0.3922634429,0.1702029036,0,1
278,9266666667,0,0,-0.7412597045,-0.2536430849,0.6166692258,0.903909199,0.004859901385,0.392706107,0.1694297931,0,1
279,9300000000,0,0,-0.7474808624,-0.2552228099,0.6159306809,0.903842176,0.004674544474,0.3929454884,0.1692374443,0,1
280,9333333333,0,0,-0.7516612352,-0.2561065162,0.6175278971,0.9031674605,0.005319906421,0.3941102328,0.1701098509,0,1
281,9366666667,0,0,-0.757144533,-0.2559987715,0.6180933379,0.9031604688,0.009057978062,0.3934339579,0.1715483647,0,1
282,9400000000,0,0,-0.7633094364,-0.2575158359,0.617757515,0.9037994708,0.01103375497,0.3914429634,0.1726185944,0,1
283,9433333333,0,0,-0.7693256646,-0.2589293653,0.6170032088,0.9039373464,0.01068022055,0.3904979056,0.1740534179,0,1
284,9466666667,0,1,-0.7728633805,-0.2599284217,0.6198140319,0.9036264593,0.01202346613,0.3906732607,0.175182938,0,1
285,9500000000,0,0,-0.7793432853,-0.2608823583,0.619006078,0.9041925443,0.01293145272,0.3896744219,0.1744203693,0,1
286,9533333333,0,0,-0.7841173537,-0.2620686137,0.6199241156,0.9041025361,0.01127628301,0.3899067027,0.174482701,0,1
287,9566666667,0,0,-0.7881035103,-0.262373391,0.6218191249,0.9039791545,0.01200993,0.3900959215,0.1746499982,0,1
288,9600000000,0,0,-0.7945709113,-0.2627936994,0.6209150327,0.9045280411,0.01205663271,0.3888738807,0.1745301273,0,1
289,9633333333,0,0,-0.79860299,-0.263553328,0.62229692,0.9041484953,0.009484539559,0.3887645525,0.1768831949,0,1
290,9666666667,0,0,-0.8006171534,-0.2644183236,0.6251435187,0.9041714025,0.009085144883,0.3887112344,0.1769042434,0,1
291,9700000000,0,0,-0.8066138752,-0.2650708975,0.6241000847,0.9042895012,0.008544804027,0.3886676103,0.1764227111,0,1
292,9733333333,0,1,-0.8106793587,-0.2652941122,0.6253616192,0.9029469244,0.007714401974,0.3901166917,0.1801008234,0,1
293,9766666667,0,0,-0.8136578381,-0.2652348595,0.6271358948,0.9023938411,0.008612636452,0.3899665579,0.1831318155,0,1
294,9800000000,0,0,-0.8176044781,-0.2665750986,0.6275189337,0.9022163669,0.008037713648,0.3900984944,0.1837503389,0,1
295,9833333333,0,0,-0.8210650941,-0.2675738688,0.628322634,0.9012678606,0.005955609724,0.3921499048,0.1841174253,0,1
296,9866666667,0,0,-0.8248553048,-0.2672784851,0.6294367606,0.8998620453,0.006493578978,0.3941418661,0.1867038357,0,1
297,9900000000,0,0,-0.8290646525,-0.2672582987,0.6301561214,0.8991098663,0.008707675677,0.3940977475,0.1902960593,0,1
298,9933333333,0,0,-0.8337218426,-0.2683641721,0.6299343578,0.8983389645,0.008368221484,0.393854521,0.1944111467,0,1
299,9966666667,0,0,-0.8346727905,-0.269724526,0.6334594832,0.8972557704,0.007458466855,0.3948412017,0.1974256294,0,1
300,10000000000,0,0,-0.8380899275,-0.270705426,0.634107847,0.8963190691,0.009200535582,0.3968302147,0.1976189699,0,1
301,10033333333,0,0,-0.8427249887,-0.2710868697,0.6339813,0.8952619165,0.009502571745,0.398387358,0.1992569068,0,1
302,10066666667,0,1,-0.8445917072,-0.2726438504,0.6377444924,0.8938867581,0.008153541041,0.4008094104,0.2006285122,0,1
303,10100000000,0,0,-0.847217812,-0.2736391054,0.6391194483,0.8929351651,0.008017210962,0.4027881049,0.2009085808,0,1
304,10133333333,0,0,-0.8504867496,-0.2749778056,0.6398363931,0.8919238523,0.006301455042,0.4051395052,0.2007339401,0,1
305,10166666667,0,0,-0.8521346028,-0.2760180778,0.6426219494,0.8905408889,0.005189006674,0.4080208103,0.2010696841,0,1
306,10200000000,0,0,-0.8550408244,-0.2769229825,0.6444036517,0.8896229611,0.006569549905,0.4100058395,0.2010548177,0,1
307,10233333333,0,0,-0.8581728123,-0.2785933028,0.6452096582,0.8886025827,0.006603821906,0.4117977198,0.2019021483,0,1
308,10266666667,0,0,-0.8599448399,-0.2798926538,0.6475424907,0.8872478946,0.007108362184,0.4137466487,0.2038488544,0,1
309,10300000000,0,0,-0.8627149844,-0.2812309564,0.6493708292,0.886108891,0.009019513132,0.4151196246,0.2059256636,0,1
310,10333333333,0,0,-0.865162363,-0.2832824701,0.6512926103,0.8852666371,0.008665725533,0.416633945,0.2065043397,0,1
311,10366666667,0,0,-0.8674426032,-0.2847604285,0.6542178143,0.8838703441,0.008626425359,0.4191624821,0.2073683033,0,1
312,10400000000,0,1,-0.8700194256,-0.2868490603,0.6585748951,0.8824792885,0.009603261759,0.4220667561,0.2073589547,0,1
313,10433333333,0,0,-0.8741197379,-0.2882354603,0.6607408679,0.8817613756,0.01022885553,0.4237969226,0.2068536084,0,1
314,10466666667,0,0,-0.8762679258,-0.2898329381,0.6640875107,0.8804309632,0.01021696559,0.4262568684,0.2074656955,0,1
315,10500000000,0,0,-0.8801778823,-0.2900804937,0.6668853594,0.8789318503,0.0138876398,0.4283455374,0.2092989169,0,1
316,10533333333,0,0,-0.8860896969,-0.2898093317,0.6678270422,0.87849555,0.01840416726,0.426781344,0.2139264819,0,1
317,10566666667,0,0,-0.8893157523,-0.2922048839,0.6699733047,0.8779234393,0.0175387409,0.4247970127,0.2202051889,0,1
318,10600000000,0,0,-0.8900233074,-0.2947901158,0.6741625403,0.8766412088,0.01449875798,0.4257076788,0.2237475123,0,1
319,10633333333,0,0,-0.892377855,-0.2963248431,0.6770179879,0.8754798607,0.01229320701,0.4279454372,0.2241575193,0,1
320,10666666667,0,0,-0.8946952131,-0.2975573991,0.6799925845,0.8738101524,0.01048209955,0.4309466942,0.2250130883,0,1
321,10700000000,0,0,-0.8971446403,-0.2985985832,0.6828056876,0.8719779989,0.01003122044,0.4335630458,0.2271053267,0,1
322,10733333333,0,1,-0.9009903086,-0.300913041,0.685965455,0.8700129087,0.01000534935,0.4359304279,0.23009149,0,1
323,10766666667,0,0,-0.9033119874,-0.3023930847,0.6876761659,0.8679226202,0.01058664328,0.4373888535,0.2351366392,0,1
324,10800000000,0,0,-0.9042103569,-0.3040910261,0.6896955279,0.8656106972,0.01108671458,0.4394333127,0.239778167,0,1
325,10833333333,0,0,-0.9043154703,-0.3061348075,0.691560051,0.8626829024,0.01223553783,0.4429263242,0.2438129874,0,1
326,10866666667,0,0,-0.9052722817,-0.3080525352,0.6926298397,0.8593493591,0.01270593339,0.4481358702,0.2460314616,0,1
327,10900000000,0,0,-0.9077361937,-0.3094689394,0.6936317209,0.8565941186,0.01357006794,0.4527992189,0.2470531049,0,1
328,10933333333,0,0,-0.9105391041,-0.3108065922,0.6944354034,0.8543411879,0.01447680141,0.455450517,0.2499127518,0,1
329,10966666667,0,0,-0.9112245172,-0.3132016693,0.6962706406,0.8520251004,0.01320522569,0.4581907107,0.2528638428,0,1
330,11000000000,0,0,-0.9104951096,-0.3155554407,0.6990168102,0.8498433925,0.01192749212,0.4617897531,0.2537206478,0,1
331,11033333333,0,1,-0.9122421597,-0.3182781337,0.7005965243,0.8478581745,0.0117456824,0.466562935,0.2516298523,0,1
332,11066666667,0,0,-0.915773811,-0.3193788944,0.701488328,0.8455526669,0.012190298,0.4704334491,0.2521595807,0,1
333,11100000000,0,0,-0.9171799363,-0.3208703128,0.7038927407,0.8437870127,0.0131103,0.4722949964,0.2545369003,0,1
334,11133333333,0,0,-0.9184688358,-0.3238458533,0.7058216752,0.8427250296,0.01258132234,0.474114328,0.2546995069,0,1
335,11166666667,0,0,-0.919521032,-0.3264654458,0.7079993629,0.8414718445,0.01066861346,0.4772847226,0.2530031801,0,1
336,11200000000,0,0,-0.9214851311,-0.3280822277,0.7104263374,0.8394245374,0.01033677209,0.4812528749,0.2522999554,0,1
337,11233333333,0,0,-0.9255692695,-0.3289656204,0.7122472634,0.8380697343,0.01065523262,0.4836814559,0.2521464569,0,1
338,11266666667,0,0,-0.9267054866,-0.3311035345,0.7155830009,0.8372321548,0.00953147119,0.4849565636,0.252524457,0,1
339,11300000000,0,0,-0.9287019688,-0.3334056051,0.7185967227,0.8359413732,0.008595924836,0.4874252744,0.2520808055,0,1
340,11333333333,0,0,-0.9313979788,-0.3350427995,0.7215747937,0.8343010081,0.008887864593,0.4900965976,0.2523255015,0,1
341,11366666667,0,0,-0.9352951881,-0.3364721294,0.7240729605,0.8331963425,0.009440406115,0.4916450454,0.2529424496,0,1
342,11400000000,0,0,-0.9367645748,-0.3386093561,0.7280236923,0.8317860762,0.00944647547,0.4933611435,0.2542390008,0,1
343,11433333333,0,0,-0.9394437393,-0.3410135058,0.7305552523,0.8299811009,0.008859228476,0.4965604336,0.2539303487,0,1
344,11466666667,0,1,-0.9422954584,-0.3441460359,0.7348315393,0.8276127695,0.007254838532,0.50089036,0.2532060788,0,1
345,11500000000,0,0,-0.9460382704,-0.3454615496,0.7375960905,0.8252856454,0.009134845938,0.5040245795,0.2545179392,0,1
346,11533333333,0,0,-0.949931625,-0.3470973448,0.7402918061,0.8232511011,0.009728256969,0.5065715863,0.2560238536,0,1
347,11566666667,0,0,-0.9530268334,-0.3487276946,0.7434130295,0.8210364683,0.01062752986,0.508836511,0.2585953954,0,1
348,11600000000,0,0,-0.9558320888,-0.3508543852,0.7463151805,0.8185993946,0.01222625934,0.5113272764,0.2613234895,0,1
349,11633333333,0,0,-0.9601912689,-0.352629757,0.7488487256,0.8164131841,0.01319378446,0.5137740653,0.2633090329,0,1
350,11666666667,0,0,-0.9635446311,-0.3544259113,0.7517732609,0.8140721761,0.01399967026,0.5157342106,0.2666621933,0,1
351,11700000000,0,0,-0.9666889169,-0.356621064,0.7549817014,0.8122524595,0.01494114411,0.517542565,0.2686492093,0,1
352,11733333333,0,0,-0.971063224,-0.358795341,0.7578310731,0.8109393684,0.01508480334,0.5194864083,0.2688562088,0,1
353,11766666667,0,0,-0.9757832332,-0.3605268312,0.7607193975,0.8096224131,0.01440688526,0.5209887306,0.2699532043,0,1
354,11800000000,0,1,-0.978544824,-0.3635065183,0.7658095431,0.8081696799,0.01232179891,0.5230316094,0.2704586427,0,1
355,11833333333,0,0,-0.9826803459,-0.3652675714,0.7692074988,0.8067667558,0.0119172619,0.5242714654,0.272258721,0,1
356,11866666667,0,0,-0.984968966,-0.367670035,0.7729549911,0.8058948598,0.0109282388,0.5252512165,0.2729930551,0,1
357,11900000000,0,0,-0.9875415265,-0.3697981933,0.7764297145,0.804730195,0.0110690234,0.5273328726,0.2724093088,0,1
358,11933333333,0,0,-0.9928279192,-0.3710130481,0.7792494896,0.8032937623,0.01244982898,0.5290357741,0.2732860825,0,1
359,11966666667,0,0,-0.9959935527,-0.372891556,0.782613475,0.8027173759,0.01245315044,0.5292743871,0.2745147658,0,1
360,12000000000,0,0,-0.9982555987,-0.3745994897,0.7849959938,0.8025315896,0.01136576173,0.5299411796,0.273817847,0,1
361,12033333333,0,0,-1.001707416,-0.3757021028,0.7879505409,0.8013595212,0.009475555119,0.531985347,0.2733582305,0,1
362,12066666667,0,0,-1.003678951,-0.3772406724,0.7912529506,0.7999272504,0.007378363989,0.5334467945,0.2747662121,0,1
363,12100000000,0,0,-1.005073357,-0.3794455421,0.7949166712,0.7989090442,0.006415573881,0.5343604038,0.2759748872,0,1
364,12133333333,0,0,-1.006622891,-0.3805756146,0.7977770721,0.7980251656,0.005615322796,0.5355818607,0.2761817764,0,1
365,12166666667,0,0,-1.007532837,-0.3825777623,0.8014391668,0.7962991745,0.005521160172,0.5376157809,0.2772118569,0,1
366,12200000000,0,0,-1.011199531,-0.3839253243,0.804345892,0.7952563301,0.006351969927,0.5388703538,0.2777512621,0,1
367,12233333333,0,1,-1.011183183,-0.3855323067,0.8087410618,0.7942154686,0.005160065066,0.5399383194,0.2786786221,0,1
368,12266666667,0,0,-1.013000619,-0.3868874898,0.8122573016,0.7932558101,0.004138393426,0.5413670413,0.2786571731,0,1
369,12300000000,0,0,-1.014687919,-0.3880652394,0.8158387541,0.7923103764,0.002116630252,0.5429023694,0.278382479,0,1
370,12333333333,0,0,-1.015171803,-0.389681798,0.8197745886,0.7910784008,5.477067553e-05,0.5447824715,0.2782211703,0,1
371,12366666667,0,0,-1.015044408,-0.3918475834,0.8234638863,0.7891629414,-0.0005412166783,0.5473670759,0.2785872273,0,1
372,12400000000,0,0,-1.016978724,-0.3938395669,0.8272136556,0.7869078982,0.001788410222,0.5499383282,0.2798939021,0,1
373,12433333333,0,0,-1.018832408,-0.3960764725,0.8307682218,0.7855366305,0.004476883681,0.5509052291,0.2818077151,0,1
374,12466666667,0,0,-1.019182318,-0.3983371888,0.8341950632,0.7843401576,0.006689263872,0.5516896624,0.2835564977,0,1
375,12500000000,0,0,-1.020454821,-0.4002508778,0.8373697726,0.7826565422,0.00829163554,0.5539041847,0.2838487977,0,1
376,12533333333,0,1,-1.022474889,-0.401930536,0.8417344302,0.7806980438,0.008537492928,0.5565984602,0.2839644868,0,1
377,12566666667,0,0,-1.022431044,-0.4039263526,0.8459601976,0.7788691847,0.008021947337,0.5588582082,0.2845627252,0,1
378,12600000000,0,0,-1.023137419,-0.4057051736,0.8504290038,0.7765192571,0.007536368369,0.5618740455,0.2850589475,0,1
379,12633333333,0,0,-1.023464538,-0.4080663226,0.8552381152,0.7740410748,0.008054418085,0.5647281718,0.2861426792,0,1
380,12666666667,0,0,-1.025131575,-0.4102295292,0.8597053664,0.771837191,0.009715433822,0.5667279753,0.2880839513,0,1
381,12700000000,0,0,-1.027614163,-0.4118355116,0.8637829418,0.770012515,0.01163371485,0.5677215344,0.2909254934,0,1
382,12733333333,0,0,-1.029069422,-0.4137529451,0.8684762787,0.7679489601,0.01210093374,0.5683396808,0.2951236509,0,1
383,12766666667,0,1,-1.029847699,-0.4156181928,0.8728671124,0.7670177195,0.01127950963,0.5682344852,0.2977686359,0,1
384,12800000000,0,0,-1.030687064,-0.4177084378,0.8773387232,0.7660969509,0.00960502026,0.5684906258,0.2997025423,0,1
385,12833333333,0,0,-1.033566087,-0.4191446766,0.8813776675,0.7650742533,0.007047042718,0.5687950716,0.3018010812,0,1
386,12866666667,0,0,-1.032928639,-0.4210870328,0.8865626515,0.7643087417,0.002635044383,0.568484361,0.3043858327,0,1
387,12900000000,0,0,-1.029247675,-0.4238613926,0.8914438078,0.7634098271,-0.001547149611,0.5697187766,0.3043411865,0,1
388,12933333333,0,0,-1.029280248,-0.4262055265,0.8958813014,0.7612479957,-0.004422993894,0.5735777147,0.3024740175,0,1
389,12966666667,0,0,-1.031829624,-0.4278830837,0.9000405503,0.7591618454,-0.004867901104,0.5761662855,0.3027903688,0,1
390,13000000000,0,1,-1.032492772,-0.4298313055,0.9027245032,0.7590048942,-0.004874361723,0.5756995883,0.3040687344,0,1
391,13033333333,0,0,-1.033197817,-0.4321088218,0.9064459039,0.7586233115,-0.006507941511,0.5762354947,0.3039752828,0,1
392,13066666667,0,0,-1.032513134,-0.4341755818,0.910571999,0.757495271,-0.009291992508,0.5777176513,0.303902762,0,1
393,13100000000,0,0,-1.032309725,-0.4372400802,0.9144765935,0.7562282374,-0.00907349547,0.5792220297,0.3042011917,0,1
394,13133333333,0,0,-1.034386284,-0.4400433599,0.9168831275,0.7559169739,-0.01073620914,0.5800689711,0.303305541,0,1
395,13166666667,0,0,-1.031300554,-0.4423916873,0.9201667918,0.7541047576,-0.01429668966,0.5825723687,0.3028713498,0,1
396,13200000000,0,1,-1.031129912,-0.4448589221,0.9229235277,0.7516849622,-0.0124276229,0.5859625433,0.3024287843,0,1
397,13233333333,0,0,-1.034169953,-0.4472332267,0.9252363493,0.7504302855,-0.01051108029,0.5877966669,0.3020579118,0,1
398,13266666667,0,0,-1.03335878,-0.4494159228,0.9283511674,0.7486389482,-0.0107409238,0.5896984516,0.3027872091,0,1
399,13300000000,0,0,-1.032538929,-0.4520899275,0.9319552985,0.7466927485,-0.009209906,0.5924711182,0.3022301956,0,1
400,13333333333,0,0,-1.03536119,-0.4546488858,0.9342764896,0.7450284223,-0.006703246884,0.5948593702,0.3017118593,0,1
401,13366666667,0,0,-1.036295123,-0.45664517,0.9376384475,0.7426596589,-0.004841956704,0.5967005681,0.3039434463,0,1
402,13400000000,0,1,-1.035707011,-0.4598711733,0.9402243779,0.7405810671,-0.0005497072431,0.5979901014,0.3065081067,0,1
403,13433333333,0,0,-1.039327756,-0.4627985859,0.9424607167,0.7391358985,0.00220665349,0.6003495525,0.3053746373,0,1
404,13466666667,0,0,-1.041271958,-0.4646751725,0.9459376343,0.7371891295,0.001978470336,0.6026366841,0.3055769951,0,1
405,13500000000,0,0,-1.04002878,-0.4678657295,0.950216599,0.734684547,0.003354315558,0.6054477431,0.306039859,0,1
406,13533333333,0,0,-1.043493253,-0.470790653,0.9540604338,0.7329976128,0.005641620408,0.6080912846,0.3048075808,0,1
407,13566666667,0,0,-1.045089371,-0.473520693,0.9581352894,0.7311804303,0.007135479582,0.6099131878,0.3054998635,0,1
408,13600000000,0,1,-1.048314499,-0.4774443703,0.9620763085,0.7291568574,0.010401734,0.6113029703,0.3074585498,0,1
409,13633333333,0,0,-1.051524169,-0.4799925436,0.9665886363,0.7278162071,0.01318639599,0.6125944926,0.307957262,0,1
410,13666666667,0,0,-1.053431911,-0.4828100849,0.9713541132,0.7262140779,0.0138425742,0.6139166439,0.3090758006,0,1
411,13700000000,0,0,-1.054394795,-0.4855640847,0.9763299917,0.7241123885,0.01556769014,0.615625058,0.310523242,0,1
412,13733333333,0,0,-1.05796375,-0.4878042013,0.9808374652,0.7222923847,0.0175024192,0.6170028819,0.3119211762,0,1
413,13766666667,0,0,-1.060236781,-0.4896590194,0.985500477,0.7201921833,0.01669090747,0.6183423978,0.314161283,0,1
414,13800000000,0,1,-1.061963784,-0.4928322827,0.9905629984,0.7179903019,0.01577011556,0.6197670528,0.3164332949,0,1
415,13833333333,0,0,-1.064434867,-0.4954296348,0.9954150772,0.7165056244,0.01617381209,0.6210104301,0.317339162,0,1
416,13866666667,0,0,-1.067530125,-0.4967371411,0.9997092872,0.7150739408,0.01469279925,0.6220127577,0.3186746149,0,1
417,13900000000,0,0,-1.066499893,-0.5014759827,1.009452277,0.7105607046,0.01276555505,0.6265398226,0.3199818375,0,1
418,13933333333,0,0,-1.071068958,-0.5027355884,1.013510404,0.7078829806,0.01193329626,0.6296208732,0.3199012945,0,1
419,13966666667,0,0,-1.074070742,-0.5035790614,1.017872981,0.70460709,0.008139670702,0.6306849927,0.3251138792,0,1
420,14000000000,0,1,-1.074501383,-0.5082096368,1.022050037,0.7030210936,0.005611104824,0.6303264493,0.3292695321,0,1
421,14033333333,0,0,-1.07612577,-0.5095668546,1.02641837,0.7017941766,0.004884730956,0.6309396617,0.3307207529,0,1
422,14066666667,0,0,-1.076812151,-0.510458226,1.030811786,0.7003617289,0.001712358862,0.6325731382,0.3306686278,0,1
423,14100000000,0,0,-1.074959651,-0.5121221578,1.034870698,0.6976111366,-0.000145272329,0.6348015506,0.3322132935,0,1
424,14133333333,0,0,-1.076035116,-0.5139996438,1.038473052,0.6947210343,0.001199991065,0.6373335508,0.3334174403,0,1
425,14166666667,0,0,-1.077720098,-0.5154935066,1.042028138,0.6911609493,0.00106140799,0.6399164696,0.3358605774,0,1
426,14200000000,0,0,-1.074819379,-0.5170872591,1.045399309,0.6879884875,0.001242973608,0.6421967608,0.3380142253,0,1
427,14233333333,0,0,-1.07565719,-0.5188683861,1.048803789,0.6844755917,0.003173146567,0.6459283131,0.3380232387,0,1
428,14266666667,0,1,-1.078622952,-0.5206647142,1.05229611,0.6808133774,0.003711280241,0.6493567976,0.3388438002,0,1
429,14300000000,0,0,-1.076917511,-0.5223524822,1.055792442,0.6777629077,0.004675563576,0.6518714382,0.3401164624,0,1
430,14333333333,0,0,-1.078203023,-0.5246389327,1.058261858,0.6755247937,0.006306356506,0.6543293958,0.3398227843,0,1
431,14366666667,0,0,-1.080363731,-0.5266274257,1.06129645,0.6731639541,0.006422863929,0.6565952296,0.3401348883,0,1
432,14400000000,0,0,-1.078716967,-0.5284180842,1.064285962,0.6712101195,0.006748192609,0.6578703186,0.3415231783,0,1
433,14433333333,0,0,-1.07864923,-0.5308868576,1.067219839,0.6685621976,0.009441064168,0.6602501996,0.3420601236,0,1
434,14466666667,0,0,-1.082528612,-0.5325773822,1.070265952,0.6668367103,0.009763865491,0.6620085641,0.342020657,0,1
435,14500000000,0,0,-1.080199805,-0.5338040193,1.073705216,0.6647936518,0.008227269926,0.663547878,0.3430538239,0,1
436,14533333333,0,1,-1.080712818,-0.5364846123,1.077459368,0.6635088064,0.007696238034,0.6652263184,0.3423021721,0,1
437,14566666667,0,0,-1.081755505,-0.5381732122,1.0812666,0.6623603412,0.006728660615,0.6663134408,0.3424323321,0,1
438,14600000000,0,0,-1.079638099,-0.5397619189,1.084607424,0.660744776,0.005901092389,0.667663876,0.3429379926,0,1
439,14633333333,0,0,-1.079460945,-0.5417846648,1.088228393,0.6593717542,0.007640318846,0.6687937714,0.3433444432,0,1
440,14666666667,0,0,-1.080213702,-0.5442441568,1.09179121,0.659046377,0.01070726161,0.6680665691,0.3452973889,0,1
441,14700000000,0,0,-1.081389498,-0.5459518156,1.095303876,0.6577728611,0.01389375096,0.6669803283,0.3496842413,0,1
442,14733333333,0,1,-1.081105533,-0.5464562914,1.10009648,0.6568647846,0.01536657691,0.665854984,0.3534539055,0,1
443,14766666667,0,0,-1.079886295,-0.5472687898,1.103212305,0.6561457357,0.0146316089,0.6651987908,0.3560467079,0,1
444,14800000000,0,0,-1.078822325,-0.5481246411,1.106716075,0.6545131062,0.01258500241,0.6658616205,0.3578861745,0,1
445,14833333333,0,0,-1.077755385,-0.5495531312,1.11001129,0.6518430995,0.01075468253,0.6666810313,0.3612773352,0,1
446,14866666667,0,0,-1.074637467,-0.5508770642,1.112937558,0.6501766818,0.01040567524,0.6667486241,0.3641541936,0,1
447,14900000000,0,0,-1.074620974,-0.5523249659,1.116057322,0.6492101303,0.01048977297,0.6673501477,0.3647738363,0,1
448,14933333333,0,0,-1.073674281,-0.5528262565,1.119069583,0.6472937664,0.01022962907,0.6683964374,0.3662681219,0,1
449,14966666667,0,0,-1.071930564,-0.5545040489,1.121287332,0.6462137624,0.01031001367,0.6689867976,0.3670941862,0,1
450,15000000000,0,0,-1.07284177,-0.5553671325,1.124037188,0.6455562627,0.01084231841,0.6701189401,0.3661695808,0,1
451,15033333333,0,0,-1.074001121,-0.5563795241,1.126543404,0.6441368117,0.008737407063,0.6715739926,0.3660598284,0,1
452,15066666667,0,0,-1.070086463,-0.5574427133,1.128255094,0.642062428,0.007694254422,0.6728841611,0.3673194014,0,1
453,15100000000,0,1,-1.070320667,-0.5578283481,1.128625087,0.6404199825,0.009349828705,0.674493532,0.3671965441,0,1
454,15133333333,0,0,-1.071338798,-0.5587645815,1.130168235,0.638441886,0.007690729404,0.6765122583,0.3669659047,0,1
455,15166666667,0,0,-1.068258185,-0.5601517482,1.131481044,0.6359719965,0.006784910354,0.6783687144,0.3678443583,0,1
456,15200000000,0,0,-1.068437057,-0.5618391557,1.132778023,0.6339847408,0.009000257679,0.6804673653,0.3673506617,0,1
457,15233333333,0,0,-1.070461558,-0.5629428075,1.134214287,0.6326235446,0.009404689457,0.6822726774,0.3663372711,0,1
458,15266666667,0,0,-1.068104492,-0.5639642265,1.135322497,0.6301042371,0.008694098382,0.6844576166,0.3666208315,0,1
459,15300000000,0,0,-1.067756068,-0.5651731406,1.136699362,0.6270412703,0.01075907775,0.6877803855,0.3655976325,0,1
460,15333333333,0,0,-1.071218388,-0.5659320233,1.138185695,0.6256785101,0.01094012974,0.6902980338,0.3631739805,0,1
461,15366666667,0,0,-1.071291293,-0.5671726321,1.13963833,0.6233958177,0.009709391583,0.6920836904,0.3637355464,0,1
462,15400000000,0,0,-1.071169627,-0.5682799121,1.141669371,0.6206448987,0.01057497365,0.693525296,0.3656647966,0,1
463,15433333333,0,0,-1.071418823,-0.5690924288,1.143332473,0.6190137245,0.01153615245,0.6944797282,0.3665880975,0,1
464,15466666667,0,0,-1.07218978,-0.5696744939,1.144873694,0.6171040988,0.01150016223,0.6959977531,0.3669297007,0,1
465,15500000000,0,0,-1.071664295,-0.5703344946,1.146769642,0.6143850346,0.01087099461,0.697977322,0.3677506067,0,1
466,15533333333,0,0,-1.071269098,-0.5717020381,1.148477666,0.6112791429,0.01244748592,0.6999228205,0.3691759944,0,1
467,15566666667,0,0,-1.073220603,-0.5727875847,1.150751733,0.6085527475,0.01353105438,0.7018192751,0.370040767,0,1
468,15600000000,0,0,-1.07223141,-0.5739258576,1.152816053,0.606188549,0.0134741402,0.7031199514,0.3714515102,0,1
469,15633333333,0,0,-1.071691222,-0.5755839239,1.155050287,0.6038045714,0.01621567629,0.7047741318,0.3720893906,0,1
470,15666666667,0,0,-1.075743156,-0.5770543979,1.157892081,0.6019535422,0.01793326196,0.706606852,0.3715334276,0,1
471,15700000000,0,1,-1.07681581,-0.5766301056,1.160199862,0.6011136213,0.01682139341,0.7068420147,0.3724967399,0,1
472,15733333333,0,0,-1.0752139,-0.5779593989,1.162471115,0.5994158299,0.01690149842,0.7074861743,0.3740030954,0,1
473,15766666667,0,0,-1.080026395,-0.579311195,1.166585369,0.5977744881,0.01663843795,0.7085115351,0.3747001847,0,1
474,15800000000,0,0,-1.078852349,-0.5790941578,1.170044419,0.5964847064,0.01341331507,0.7083649019,0.377154138,0,1
475,15833333333,0,0,-1.077222577,-0.5792134539,1.172154891,0.5937763222,0.01161696137,0.7102791498,0.3778865633,0,1
476,15866666667,0,0,-1.080908471,-0.5796934426,1.176181721,0.5900187141,0.007584782755,0.7136571188,0.3775101387,0,1
477,15900000000,0,0,-1.077935537,-0.5809994605,1.179514042,0.5864910683,0.003126925318,0.7154867298,0.3796013549,0,1
478,15933333333,0,0,-1.078058276,-0.582436095,1.182921605,0.5829656161,0.003628521085,0.7172245042,0.3817419742,0,1
479,15966666667,0,0,-1.079892332,-0.5838790468,1.186971574,0.5802190934,0.004003866049,0.7186082054,0.383317127,0,1
480,16000000000,0,1,-1.079119481,-0.5851383227,1.190056341,0.5788801952,0.004074617404,0.7186038263,0.3853435582,0,1
481,16033333333,0,0,-1.07921077,-0.5872938898,1.193532022,0.5776691688,0.006424434902,0.7190615067,0.3862740059,0,1
482,16066666667,0,0,-1.081308389,-0.589598429,1.198256163,0.5764478033,0.008707957286,0.7194609431,0.3873087307,0,1
483,16100000000,0,0,-1.080306963,-0.5917566045,1.202040367,0.5756781445,0.01056310792,0.7198733284,0.3876409238,0,1
484,16133333333,0,0,-1.082952113,-0.5942904369,1.206620849,0.5748333602,0.01262993624,0.7210927601,0.3865647735,0,1
485,16166666667,0,0,-1.083921636,-0.5966975366,1.211327266,0.5743478587,0.01314291713,0.7215377195,0.3864390254,0,1
486,16200000000,0,0,-1.084689868,-0.5990656321,1.215995083,0.5739344708,0.01454713165,0.7220281985,0.3860866285,0,1
487,16233333333,0,0,-1.0867313,-0.6010880645,1.221012609,0.574036256,0.01432937232,0.722572252,0.3849238711,0,1
488,16266666667,0,0,-1.086411313,-0.6035199986,1.225743506,0.5740611718,0.01309345921,0.7230837629,0.3839690147,0,1
489,16300000000,0,1,-1.08701972,-0.605589129,1.228997888,0.5752788818,0.01335362697,0.7229209094,0.3824411689,0,1
490,16333333333,0,0,-1.089445945,-0.6073880038,1.233870864,0.5758400087,0.01293498954,0.7232463461,0.3809930356,0,1
491,16366666667,0,0,-1.08953392,-0.6091784137,1.238069235,0.5757444547,0.01153438774,0.723267959,0.3811413653,0,1
492,16400000000,0,0,-1.089571095,-0.6111556801,1.242089138,0.5752400358,0.01097878497,0.7232134968,0.3820217343,0,1
493,16433333333,0,0,-1.089460981,-0.6128039371,1.245404975,0.5749505877,0.009913430249,0.7233165049,0.3822914849,0,1
494,16466666667,0,0,-1.087065327,-0.6144618387,1.247729866,0.5735025915,0.008904563645,0.7244973785,0.382255196,0,1
495,16500000000,0,0,-1.087695442,-0.6167265773,1.251229173,0.5711958773,0.009109661663,0.7267636722,0.381401165,0,1
496,16533333333,0,0,-1.086419212,-0.6190814316,1.254382288,0.5690172093,0.008491698372,0.7284833698,0.3813912512,0,1
497,16566666667,0,1,-1.08397069,-0.6214214965,1.255159666,0.5676374402,0.009794130849,0.7298607698,0.3807821795,0,1
498,16600000000,0,0,-1.086411425,-0.6235414103,1.258715817,0.5649064062,0.01095684174,0.7330970916,0.3785886344,0,1
499,16633333333,0,0,-1.085218137,-0.6257359551,1.262180008,0.5616538747,0.0101309294,0.7354354887,0.3789154673,0,1
500,16666666667,0,0,-1.082597415,-0.6284661949,1.265189229,0.5594545754,0.009797714463,0.7372615118,0.378629167,0,1
501,16700000000,0,0,-1.081749043,-0.6305046565,1.268498392,0.5576299998,0.009517608605,0.7394722376,0.3770132734,0,1
502,16733333333,0,0,-1.080071047,-0.6329572749,1.271862647,0.5548758468,0.007783047407,0.7422873632,0.375581801,0,1
503,16766666667,0,0,-1.076754019,-0.6361633029,1.275601501,0.5522611791,0.007436952194,0.7445273507,0.3750084077,0,1
504,16800000000,0,0,-1.074861228,-0.6396374066,1.279618448,0.5513279484,0.009358348276,0.7457574221,0.3738927413,0,1
505,16833333333,0,0,-1.073570975,-0.6416186164,1.283709997,0.5506039972,0.01060399743,0.7470298455,0.3723831408,0,1
506,16866666667,0,1,-1.071468799,-0.6445417702,1.286374114,0.5489045071,0.01114324885,0.7489027083,0.3711123867,0,1
507,16900000000,0,0,-1.069549267,-0.6476584967,1.291338031,0.5465703343,0.01239084778,0.7515685863,0.3691232811,0,1
508,16933333333,0,0,-1.067594847,-0.6503484044,1.295996695,0.5451381822,0.01376566426,0.7528519676,0.3685766998,0,1
509,16966666667,0,0,-1.065921242,-0.6528431827,1.300024247,0.5435136133,0.01618229189,0.7537065299,0.3691308067,0,1
510,17000000000,0,0,-1.064805654,-0.65540003,1.304774133,0.540638255,0.01794523197,0.7547235417,0.3711881215,0,1
511,17033333333,0,0,-1.061057993,-0.6577265213,1.308445627,0.5385615351,0.01934282089,0.7549656382,0.3736364721,0,1
512,17066666667,0,0,-1.059205709,-0.6605947247,1.312871404,0.5363593122,0.02151294847,0.755299551,0.376003284,0,1
513,17100000000,0,0,-1.056470367,-0.6629286486,1.316424124,0.5353612664,0.0227033237,0.7549778697,0.3779964152,0,1
514,17133333333,0,1,-1.05416612,-0.6663605734,1.321171155,0.5338238409,0.02373676385,0.7558323718,0.3783993903,0,1
515,17166666667,0,0,-1.052045265,-0.6688698996,1.325594899,0.5325034828,0.02507326656,0.7563530078,0.3791325622,0,1
516,17200000000,0,0,-1.050540328,-0.6720980984,1.330148874,0.5326399095,0.02676222827,0.755506969,0.3805098288,0,1
517,17233333333,0,0,-1.049398016,-0.6742303744,1.334555646,0.5338120182,0.02842376942,0.753645428,0.3824335071,0,1
518,17266666667,0,0,-1.047487785,-0.6755282936,1.337754153,0.5342493282,0.02797343613,0.7527121103,0.3836920917,0,1
519,17300000000,0,0,-1.044657759,-0.6781668609,1.341430827,0.5352693454,0.02573165058,0.7521642324,0.3835017308,0,1
520,17333333333,0,0,-1.040234991,-0.6820055246,1.348488047,0.5364563638,0.02291284594,0.75169605,0.3829394464,0,1
521,17366666667,0,1,-1.035879257,-0.6859658941,1.35412272,0.5369960332,0.02119804085,0.7518370499,0.3820038662,0,1
522,17400000000,0,0,-1.035279164,-0.6879946784,1.357848322,0.5384155314,0.0217387846,0.7512862845,0.3810578165,0,1
523,17433333333,0,0,-1.033685785,-0.6896263844,1.362532352,0.5394043437,0.02050694783,0.7504715216,0.3813330754,0,1
524,17466666667,0,0,-1.030760533,-0.6920122242,1.366223389,0.5415371348,0.01951899081,0.7488359439,0.3815773445,0,1
525,17500000000,0,0,-1.030607592,-0.6932968145,1.369922534,0.5434365646,0.01750719576,0.7484312675,0.379764185,0,1
526,17533333333,0,0,-1.028793129,-0.695803823,1.375353854,0.544422846,0.01368916237,0.7482816257,0.378802033,0,1
527,17566666667,0,0,-1.026161748,-0.6980085725,1.379541074,0.5463936692,0.01196911249,0.7466925696,0.3791581531,0,1
528,17600000000,0,0,-1.025295494,-0.6995254404,1.384456605,0.547968848,0.01013452258,0.7457952891,0.3787041322,0,1
529,17633333333,0,0,-1.022479486,-0.7013148663,1.388689238,0.5493987681,0.006745044221,0.7452500821,0.3777801121,0,1
530,17666666667,0,1,-1.020242635,-0.7053182071,1.396358869,0.5484468062,0.005027805663,0.74599313,0.377723539,0,1
531,17700000000,0,0,-1.019034163,-0.707607621,1.401666793,0.549178657,0.003821093955,0.745586566,0.3774769854,0,1
532,17733333333,0,0,-1.0191285,-0.7088090653,1.407006213,0.5492392962,0.001362922617,0.7457995334,0.3769846069,0,1
533,17766666667,0,0,-1.016092169,-0.7113006455,1.411092589,0.5481711269,-0.001141381761,0.7459452617,0.3782496259,0,1
534,17800000000,0,0,-1.013927167,-0.7143404521,1.415939939,0.5474879433,-0.0002270913463,0.7460998435,0.3789352503,0,1
535,17833333333,0,0,-1.015069961,-0.7163085104,1.422211055,0.5476051961,0.0003840972922,0.7460452534,0.3788731735,0,1
536,17866666667,0,0,-1.012901779,-0.7175199889,1.426549973,0.5471094589,-8.649323488e-05,0.7456319407,0.380400107,0,1
537,17900000000,0,0,-1.012222774,-0.7191067187,1.431111184,0.545313538,0.0003962894188,0.7469788392,0.3803361698,0,1
538,17933333333,0,1,-1.011367165,-0.7227693663,1.441439033,0.5420444467,-0.001780306195,0.7497840039,0.3794846449,0,1
539,17966666667,0,0,-1.010129011,-0.7256549339,1.446559866,0.5412886218,-0.002513098183,0.7497105491,0.3807025148,0,1
540,18000000000,0,0,-1.01020022,-0.7280603257,1.452516244,0.5403286288,-0.0008578077649,0.7487619873,0.3839267163,0,1
541,18033333333,0,0,-1.009448961,-0.7285382005,1.457163016,0.5396387304,-0.0006988434327,0.7475460804,0.3872523854,0,1
542,18066666667,0,0,-1.006629953,-0.7306615985,1.461548726,0.5398369747,-0.002140521408,0.7462887021,0.389390077,0,1
543,18100000000,0,0,-1.006212661,-0.7316854345,1.465712709,0.5395172798,-0.002211749989,0.7460129772,0.3903598991,0,1
544,18133333333,0,0,-1.005405078,-0.7330524503,1.471347107,0.5377494389,-0.002535645487,0.7465680115,0.3917337306,0,1
545,18166666667,0,1,-1.00293752,-0.7357476646,1.480265296,0.5362586062,-0.004789918316,0.7466839058,0.3935313315,0,1
546,18200000000,0,0,-1.001020248,-0.7368647435,1.483244653,0.5361098211,-0.005664952523,0.7459549819,0.3951016742,0,1
547,18233333333,0,0,-1.000324658,-0.7374139632,1.486895504,0.5340488356,-0.006338436212,0.7470535421,0.3958063549,0,1
548,18266666667,0,0,-0.9972698392,-0.7383090928,1.490220952,0.5305929163,-0.006776978085,0.7490501742,0.3966724923,0,1
549,18300000000,0,0,-0.9949072291,-0.7398710587,1.493197923,0.5280777889,-0.007000326903,0.7514971936,0.3953945022,0,1
550,18333333333,0,0,-0.9943474048,-0.7421880187,1.495880822,0.5244349184,-0.005908256117,0.7548775927,0.3938183959,0,1
551,18366666667,0,0,-0.9924359681,-0.7442572991,1.499557554,0.5188815092,-0.002451812483,0.7585252456,0.3942022574,0,1
552,18400000000,0,0,-0.990321913,-0.7472114941,1.503966505,0.5153673988,0.002174533687,0.7598918661,0.3961768134,0,1
553,18433333333,0,0,-0.989386633,-0.7487219027,1.50647524,0.5135183355,0.007064442796,0.7604018526,0.3975399796,0,1
554,18466666667,0,0,-0.9890508543,-0.7496791378,1.510121387,0.5099995169,0.009968205134,0.7627142978,0.3975777,0,1
555,18500000000,0,1,-0.9839826585,-0.751296261,1.515791677,0.5044544716,0.00994998737,0.7665043039,0.3973636067,0,1
556,18533333333,0,0,-0.9814714873,-0.7529843945,1.51786138,0.5002634597,0.01107836743,0.7696653455,0.3965211174,0,1
557,18566666667,0,0,-0.9811949451,-0.7538382161,1.52035552,0.4955878699,0.01231344984,0.773236586,0.3954064039,0,1
558,18600000000,0,0,-0.9781084292,-0.7555700534,1.522293217,0.4868339051,0.01589010655,0.776753501,0.3992420971,0,1
559,18633333333,0,0,-0.9745815356,-0.7579683752,1.525056852,0.4808966246,0.02017154403,0.7787911751,0.4022634098,0,1
560,18666666667,0,0,-0.9729643084,-0.7582622001,1.52798792,0.4771481949,0.02216043425,0.7808057559,0.4027168817,0,1
561,18700000000,0,0,-0.9705168093,-0.7586454042,1.530330558,0.4720477634,0.02167760188,0.783507743,0.4035053993,0,1
562,18733333333,0,1,-0.963048082,-0.7611133405,1.531670157,0.4660845429,0.022293412,0.7860000528,0.4055516239,0,1
563,18766666667,0,0,-0.9613852207,-0.7623113987,1.535502806,0.4617715195,0.02429718139,0.788662108,0.4052021597,0,1
564,18800000000,0,0,-0.9575166775,-0.7626870679,1.53799444,0.4580456175,0.0235610827,0.7904078354,0.406072089,0,1
565,18833333333,0,0,-0.9512896762,-0.7627494437,1.537377497,0.4542614925,0.02473992661,0.7920068064,0.4071359124,0,1
566,18866666667,0,0,-0.9481735382,-0.7638662995,1.540459598,0.4494885765,0.0269752654,0.7949402392,0.4065739424,0,1
567,18900000000,0,0,-0.9455685665,-0.7646702821,1.543748075,0.4454214717,0.02771934222,0.7968940007,0.407174781,0,1
568,18933333333,0,1,-0.9418478573,-0.7654873735,1.546566894,0.4389711153,0.02908887018,0.7990683541,0.409814547,0,1
569,18966666667,0,0,-0.9380795837,-0.7661199137,1.548855664,0.4321625558,0.03126629488,0.8004692481,0.4141339481,0,1
570,19000000000,0,0,-0.9342895956,-0.7656367164,1.550450349,0.4269068265,0.03225385335,0.8010556457,0.4183540402,0,1
571,19033333333,0,0,-0.9303301412,-0.7646515728,1.552072835,0.4211675421,0.03238666195,0.8020183005,0.4222980597,0,1
572,19066666667,0,0,-0.9251220822,-0.7646222929,1.552446755,0.4152558801,0.03281249497,0.8021948427,0.4277491421,0,1
573,19100000000,0,0,-0.9202146415,-0.7638240371,1.552771416,0.4111649925,0.03352846713,0.8025529794,0.4309616062,0,1
574,19133333333,0,1,-0.9186409629,-0.7641741458,1.55539996,0.4073353736,0.03192307301,0.8034065673,0.4331243453,0,1
575,19166666667,0,0,-0.9144662201,-0.7631286645,1.555279915,0.4025040936,0.03024012786,0.80364019,0.4373081686,0,1
576,19200000000,0,0,-0.9104394987,-0.7626376933,1.555654857,0.3969989796,0.02844691704,0.8047524285,0.4404044867,0,1
577,19233333333,0,0,-0.9070021615,-0.7624730828,1.557073417,0.3916141139,0.02560003526,0.805846316,0.4433900529,0,1
578,19266666667,0,0,-0.9015534128,-0.7618459876,1.556196365,0.3874418791,0.02374136606,0.8059614439,0.4469354414,0,1
579,19300000000,0,0,-0.8984142193,-0.761978365,1.557065295,0.3834364375,0.02316278279,0.806405717,0.4496107244,0,1
580,19333333333,0,1,-0.8944758823,-0.7608288575,1.556539191,0.3807371352,0.02109733787,0.8063729816,0.4520583489,0,1
581,19366666667,0,0,-0.8908022482,-0.7602868737,1.556355646,0.3767305379,0.02067857312,0.8070510439,0.4542192323,0,1
582,19400000000,0,0,-0.8877788866,-0.7609365534,1.558162961,0.3728038682,0.0201454991,0.8074551398,0.4567577388,0,1
583,19433333333,0,0,-0.8833770539,-0.7596556364,1.558134111,0.3708513471,0.01950604024,0.8065933417,0.4598869142,0,1
584,19466666667,0,0,-0.8790715363,-0.7587365634,1.557022082,0.3684458787,0.01920787004,0.8067145905,0.4616170076,0,1
585,19500000000,0,0,-0.8768293804,-0.7587881684,1.558478799,0.3653288761,0.01970295432,0.8074249776,0.4628298946,0,1
586,19533333333,0,0,-0.8728984796,-0.7577239318,1.558441392,0.3633538407,0.0184030341,0.8074397408,0.4644097111,0,1
587,19566666667,0,0,-0.8684174304,-0.7561658607,1.557781453,0.360680307,0.01712107426,0.8086134206,0.4645007222,0,1
588,19600000000,0,1,-0.8645191311,-0.7562713643,1.558204823,0.3581685083,0.01692505726,0.8098672394,0.4642670746,0,1
589,19633333333,0,0,-0.8606022267,-0.7553480859,1.557713462,0.356876232,0.01749870448,0.8103880165,0.4643322228,0,1
590,19666666667,0,0,-0.8569405639,-0.7550216595,1.557274951,0.3536966007,0.01793642946,0.8120731993,0.4638039653,0,1
591,19700000000,0,0,-0.8525065279,-0.7553095697,1.557491105,0.3502583124,0.01813093517,0.8139619947,0.4630942183,0,1
592,19733333333,0,0,-0.848179227,-0.7551117,1.55712316,0.3469902745,0.01895151489,0.8159025543,0.462105628,0,1
593,19766666667,0,0,-0.8446542467,-0.7557442872,1.557909495,0.3421020968,0.02005155899,0.8181696099,0.4616953321,0,1
594,19800000000,0,1,-0.8405305337,-0.7557390724,1.556812505,0.338654652,0.02100429475,0.8193663525,0.4620721012,0,1
595,19833333333,0,0,-0.8355922621,-0.7561566982,1.556759007,0.3346679986,0.02266728145,0.8210299382,0.4619451976,0,1
596,19866666667,0,0,-0.8313148401,-0.7572049865,1.557577201,0.330372843,0.02551284297,0.822578671,0.4621333243,0,1
597,19900000000,0,0,-0.826314252,-0.7570544706,1.557779723,0.3274192146,0.02766020706,0.8238172244,0.4619055657,0,1
598,19933333333,0,0,-0.8221740522,-0.7584283467,1.558310157,0.3234031549,0.02888908421,0.8259811093,0.4607939098,0,1
599,19966666667,0,0,-0.8180606779,-0.7595711888,1.559419651,0.3187027831,0.03056098942,0.8274837543,0.4612647812,0,1
600,20000000000,0,1,-0.8146912276,-0.759517244,1.560508686,0.3166656314,0.03365207488,0.827697651,0.4620681923,0,1
601,20033333333,0,0,-0.8102616034,-0.7600203002,1.561071085,0.3145579271,0.03434238205,0.8283337809,0.4623170544,0,1
602,20066666667,0,0,-0.8051845601,-0.7605153401,1.56193619,0.3123349167,0.03392242006,0.8295355699,0.461700019,0,1
603,20100000000,0,0,-0.800311017,-0.761508655,1.562647439,0.3093382022,0.03514504127,0.8303255975,0.4622056955,0,1
604,20133333333,0,0,-0.7954990714,-0.7617925807,1.563120875,0.3069999231,0.03707353588,0.830507477,0.4632860141,0,1
605,20166666667,0,0,-0.7905735416,-0.7627126586,1.563951797,0.3044863451,0.03850290026,0.8308003687,0.464301992,0,1
606,20200000000,0,1,-0.7860373225,-0.7603603645,1.563722334,0.3020518922,0.04059674668,0.8316624394,0.4641703841,0,1
607,20233333333,0,0,-0.7774388603,-0.7600579222,1.566136274,0.2968782497,0.03899429123,0.834287442,0.462933272,0,1
608,20266666667,0,0,-0.7725531073,-0.7592858226,1.566972922,0.2937654606,0.03541157711,0.8361153951,0.4619079134,0,1
609,20300000000,0,0,-0.7678014388,-0.7580818616,1.567426857,0.2913408252,0.03192426411,0.8376999208,0.4608255717,0,1
610,20333333333,0,0,-0.7634243461,-0.7577678203,1.568260398,0.2870415448,0.03020281981,0.8394728299,0.4604131939,0,1
611,20366666667,0,0,-0.7588346945,-0.7559046859,1.56866577,0.2817571912,0.02888148201,0.8415489809,0.4599718012,0,1
612,20400000000,0,1,-0.7544766531,-0.7555185312,1.56879263,0.2762307234,0.02625463442,0.84344319,0.4600118117,0,1
613,20433333333,0,0,-0.7503219915,-0.7542759249,1.56766343,0.2717497442,0.02380829524,0.8448712186,0.4601932915,0,1
614,20466666667,0,0,-0.7457287985,-0.7533805765,1.566959529,0.2650388713,0.02373211972,0.8466445343,0.4608516201,0,1
615,20500000000,0,0,-0.7425956858,-0.752947356,1.567368679,0.2587596052,0.02220684408,0.848525974,0.4610357842,0,1
616,20533333333,0,0,-0.7383888034,-0.75020853,1.565945434,0.2529554573,0.01871521486,0.8498264683,0.462015423,0,1
617,20566666667,0,0,-0.7336846531,-0.7482863794,1.563853633,0.2471098239,0.01720737981,0.851621451,0.4619324033,0,1
618,20600000000,0,1,-0.7294325685,-0.7472307192,1.562885641,0.2386311257,0.01709083685,0.8549583799,0.4602273979,0,1
619,20633333333,0,0,-0.727218725,-0.7467152204,1.562480912,0.2304425579,0.0152820557,0.8567442283,0.4611420752,0,1
620,20666666667,0,0,-0.7213809359,-0.7433307873,1.559978403,0.2235530375,0.01424594731,0.8582514609,0.4617634916,0,1
621,20700000000,0,0,-0.7182121193,-0.7422046951,1.558767168,0.2183872789,0.01530868826,0.8604715596,0.4600666643,0,1
622,20733333333,0,0,-0.7151844793,-0.7426740255,1.557801506,0.2135823164,0.01462509189,0.8616109555,0.4602121926,0,1
623,20766666667,0,0,-0.7113580279,-0.7397538134,1.556626907,0.2088557851,0.01373421707,0.8628956794,0.4600018247,0,1
624,20800000000,0,1,-0.7066207607,-0.739496594,1.554716502,0.2040131306,0.0146835396,0.8649540242,0.458276742,0,1
625,20833333333,0,0,-0.7043189505,-0.7409091416,1.553820606,0.1989519879,0.01532561695,0.8660239613,0.4584601732,0,1
626,20866666667,0,0,-0.7005109403,-0.7394821048,1.552439556,0.1922923234,0.01447442141,0.8663138625,0.4607759164,0,1
627,20900000000,0,0,-0.6960844179,-0.736708527,1.550939662,0.1877349985,0.01609217217,0.8677725286,0.4598559025,0,1
628,20933333333,0,0,-0.6929324078,-0.7389205297,1.549266068,0.1837568038,0.01407278023,0.8682552178,0.4606172714,0,1
629,20966666667,0,0,-0.6899299071,-0.7364748076,1.549210135,0.1781617637,0.01558917368,0.8684437758,0.4624075821,0,1
630,21000000000,0,0,-0.6854591317,-0.7344291133,1.546011015,0.1748468153,0.01963377698,0.8686389634,0.4631516568,0,1
631,21033333333,0,1,-0.681203561,-0.7372441781,1.545295044,0.1695816814,0.02047374574,0.8691407636,0.4641305981,0,1
632,21066666667,0,0,-0.6774033891,-0.7355971111,1.544033278,0.1650900337,0.02269560245,0.8692087652,0.465517253,0,1
633,21100000000,0,0,-0.6731921667,-0.7344919813,1.540997451,0.1599539024,0.02462473848,0.8697423715,0.4662151635,0,1
634,21133333333,0,0,-0.6699441119,-0.7338469158,1.540907609,0.1568064998,0.0267626688,0.8706463447,0.4654787037,0,1
635,21166666667,0,0,-0.6659173831,-0.7335240814,1.538334627,0.1546369605,0.0259120989,0.8706219813,0.4662974793,0,1
636,21200000000,0,0,-0.6623802553,-0.7322071731,1.536817544,0.1491738793,0.02623902579,0.8709768021,0.4673949908,0,1
637,21233333333,0,1,-0.6570164283,-0.7318697109,1.535194583,0.1446799732,0.02637195754,0.8712554898,0.4682799341,0,1
638,21266666667,0,0,-0.6531888791,-0.7310040848,1.533197678,0.1419355831,0.02589424182,0.8713856928,0.4689037778,0,1
639,21300000000,0,0,-0.6496318742,-0.7300937807,1.531888046,0.1382623509,0.02242418085,0.8716363708,0.4697134397,0,1
640,21333333333,0,0,-0.6463444496,-0.7282876583,1.531536981,0.1348787521,0.02066008024,0.8717602602,0.4705474811,0,1
641,21366666667,0,0,-0.642708219,-0.7261611465,1.529734681,0.1305035511,0.01960880496,0.8714382152,0.4724190459,0,1
642,21400000000,0,0,-0.6401003192,-0.7251461561,1.529409631,0.1248985023,0.01871548195,0.8710735355,0.4746377467,0,1
643,21433333333,0,1,-0.6349285383,-0.7219719927,1.527743493,0.1213474884,0.01905187551,0.8707697942,0.4761005972,0,1
644,21466666667,0,0,-0.6315044069,-0.7212067013,1.524817574,0.1189087135,0.01725942447,0.8709576829,0.4764404944,0,1
645,21500000000,0,0,-0.6295394062,-0.7196798871,1.526694575,0.1152880208,0.01695824274,0.8709437774,0.4773657161,0,1
646,21533333333,0,0,-0.6254738023,-0.7164541457,1.524415247,0.113030449,0.01707362833,0.8703189204,0.479038188,0,1
647,21566666667,0,0,-0.6231991849,-0.7159689795,1.522795036,0.1100412319,0.01565833755,0.8699670189,0.4804197433,0,1
648,21600000000,0,0,-0.620509813,-0.7143234106,1.523519949,0.106855388,0.01365890728,0.8691310627,0.4827075265,0,1
649,21633333333,0,1,-0.616213625,-0.7114413966,1.521371905,0.1054959975,0.01168133069,0.8682819643,0.484582884,0,1
650,21666666667,0,0,-0.6131610938,-0.7100906013,1.520165442,0.104067447,0.00874414123,0.8680876912,0.4853012125,0,1
651,21700000000,0,0,-0.6109919322,-0.7092497,1.521971551,0.1024506943,0.006746909509,0.8672845507,0.4871096823,0,1
652,21733333333,0,0,-0.6062398309,-0.7045034033,1.520960978,0.1013719105,0.007281099158,0.8663797988,0.4889343163,0,1
653,21766666667,0,0,-0.6029105433,-0.7041933211,1.519704389,0.1011393715,0.00462572788,0.8655390206,0.4905014108,0,1
654,21800000000,0,0,-0.6001372342,-0.7016273558,1.52035296,0.09949923752,0.003695481882,0.8641967856,0.4932039749,0,1
655,21833333333,0,1,-0.596142081,-0.6971589066,1.518572386,0.0981884107,0.005876037558,0.8637546236,0.4942190389,0,1
656,21866666667,0,0,-0.5926171798,-0.6961067446,1.519452057,0.09851934707,0.008196759711,0.8647904522,0.4923050123,0,1
657,21900000000,0,0,-0.5885444217,-0.6955161353,1.518603676,0.0997409646,0.008254250041,0.8647960308,0.4920482013,0,1
658,21933333333,0,0,-0.584565881,-0.6939496467,1.518406571,0.1000635022,0.009512016023,0.8653742348,0.4909422073,0,1
659,21966666667,0,0,-0.5811809376,-0.6939987642,1.520632864,0.1040506494,0.01128160856,0.8664075009,0.4882460753,0,1
660,22000000000,0,0,-0.576452136,-0.693213841,1.518864856,0.1091473278,0.009381455501,0.8657279538,0.4883789094,0,1
661,22033333333,0,1,-0.5726264252,-0.6904177613,1.515895744,0.1117966511,0.008025392281,0.865669494,0.4879071931,0,1
662,22066666667,0,0,-0.5692770392,-0.6902303742,1.516397355,0.1129503754,0.009185360776,0.8673348705,0.484652519,0,1
663,22100000000,0,0,-0.566415556,-0.6914723083,1.517895233,0.1157918503,0.008168635909,0.8676176146,0.4834927049,0,1
664,22133333333,0,0,-0.5613890068,-0.6898176653,1.516361792,0.117223725,0.006349744064,0.8667772771,0.4846807516,0,1
665,22166666667,0,0,-0.5572488912,-0.6885806168,1.514906762,0.11772723,0.003941979283,0.8673946754,0.4834782696,0,1
666,22200000000,0,0,-0.5543155477,-0.6892324204,1.515922435,0.1195357873,-2.880068966e-05,0.8676552212,0.4825822333,0,1
667,22233333333,0,1,-0.5501778803,-0.6857066082,1.5132558,0.1191338132,-0.002726406855,0.8677171973,0.4825625004,0,1
668,22266666667,0,0,-0.5477815276,-0.6859061772,1.515118991,0.1178108596,-0.003576454473,0.8686841688,0.4811399226,0,1
669,22300000000,0,0,-0.5435566349,-0.684246358,1.514627836,0.1200114854,-0.005617287861,0.8686171543,0.4806973359,0,1
670,22333333333,0,0,-0.5398029917,-0.6831574404,1.514188107,0.121096299,-0.008928652692,0.8688037637,0.4800374836,0,1
671,22366666667,0,0,-0.5358528201,-0.6811406662,1.513849811,0.1228441053,-0.01073859497,0.8693721411,0.4785249091,0,1
672,22400000000,0,0,-0.5317353648,-0.6804900545,1.514136655,0.1261076786,-0.01419039992,0.8703432435,0.4758131192,0,1
673,22433333333,0,1,-0.527516969,-0.6803035981,1.515369803,0.1308622339,-0.01809263722,0.870519635,0.4740709833,0,1
674,22466666667,0,0,-0.5231613028,-0.6785004561,1.51512476,0.1355666208,-0.01770984914,0.8700943665,0.4735439218,0,1
675,22500000000,0,0,-0.5187910907,-0.67838338,1.516175586,0.140820916,-0.0175206443,0.8697656312,0.4726206126,0,1
676,22533333333,0,0,-0.5142245791,-0.6768312287,1.515419825,0.1501573619,-0.02062524722,0.8683083916,0.4723006488,0,1
677,22566666667,0,0,-0.5106189826,-0.6745542699,1.513928669,0.1551717484,-0.02154797698,0.8674200136,0.4722710378,0,1
678,22600000000,0,0,-0.5067863513,-0.6740994152,1.514185261,0.1591007847,-0.01981056363,0.8671709089,0.471496656,0,1
679,22633333333,0,1,-0.5028626242,-0.6733125708,1.513531142,0.1665567813,-0.01956807588,0.8664144964,0.4703210069,0,1
680,22666666667,0,0,-0.4995418523,-0.6718828097,1.512572788,0.1732597234,-0.019861547,0.8654944346,0.4695806329,0,1
681,22700000000,0,0,-0.496288259,-0.6704382866,1.510746973,0.1787669616,-0.02092846475,0.865195838,0.468017665,0,1
682,22733333333,0,0,-0.4925953795,-0.6698795949,1.510117666,0.1845439324,-0.0239623252,0.8650989805,0.4658037118,0,1
683,22766666667,0,0,-0.4899071786,-0.668420143,1.51000041,0.1904288723,-0.02641717208,0.864368874,0.4646562464,0,1
684,22800000000,0,0,-0.4865452847,-0.6666113144,1.50803935,0.1952629036,-0.02496981197,0.8632769053,0.4647600367,0,1
685,22833333333,0,1,-0.4828349907,-0.6655631214,1.507516455,0.1997673424,-0.02514303785,0.8624963498,0.4642853467,0,1
686,22866666667,0,0,-0.48019216,-0.6628974376,1.504778551,0.204698298,-0.02641538966,0.8610849649,0.464686472,0,1
687,22900000000,0,0,-0.4771486994,-0.6611180594,1.503298786,0.2070329609,-0.028045284,0.8610720634,0.4635792454,0,1
688,22933333333,0,0,-0.4737011687,-0.6606123516,1.501979033,0.2113539417,-0.02776038864,0.8601218985,0.4634103925,0,1
689,22966666667,0,0,-0.4725609968,-0.6561008479,1.501353935,0.2180595932,-0.02793359469,0.8597900637,0.4609021312,0,1
690,23000000000,0,0,-0.4694088388,-0.653897444,1.498327576,0.2198136002,-0.02717370046,0.8585715493,0.462383462,0,1
691,23033333333,0,1,-0.4647723568,-0.6535756048,1.493925772,0.223351535,-0.02580580556,0.856781244,0.4640841003,0,1
692,23066666667,0,0,-0.4620006763,-0.6506934189,1.493874486,0.2262041574,-0.02740574223,0.8570477798,0.462114388,0,1
693,23100000000,0,0,-0.4585928314,-0.6491517269,1.4902105,0.2281498116,-0.02598247222,0.8551921842,0.4646707465,0,1
694,23133333333,0,0,-0.4552130126,-0.6471201772,1.487495322,0.2327059612,-0.0251824349,0.8544287308,0.4638591646,0,1
695,23166666667,0,0,-0.4516771081,-0.6452451143,1.486017521,0.2363866606,-0.02519085634,0.8536532369,0.4634252028,0,1
696,23200000000,0,0,-0.44861785,-0.6429968687,1.484316866,0.2407341418,-0.02348335165,0.8525077993,0.4633854306,0,1
697,23233333333,0,1,-0.4452773581,-0.6402635207,1.481587817,0.2456497034,-0.02381510371,0.8506933152,0.464122772,0,1
698,23266666667,0,0,-0.4422380511,-0.6373293519,1.47924428,0.2510211982,-0.02571360012,0.8494248772,0.4634701142,0,1
699,23300000000,0,0,-0.4377380096,-0.6364729757,1.478304327,0.2539670423,-0.02685383105,0.8483915397,0.4636932267,0,1
700,23333333333,0,0,-0.4340733666,-0.6348873884,1.47715325,0.26081715,-0.0280081856,0.8460497515,0.4641010383,0,1
701,23366666667,0,0,-0.4312251875,-0.6314434151,1.475961374,0.2684168075,-0.02877020283,0.8443232885,0.4628637783,0,1
702,23400000000,0,0,-0.427963309,-0.6287354753,1.474673909,0.2747372698,-0.03177887997,0.8422547494,0.4627272118,0,1
703,23433333333,0,1,-0.423908473,-0.6272449556,1.473163008,0.280360629,-0.03400600449,0.839922416,0.4634348331,0,1
704,23466666667,0,0,-0.4207603137,-0.6250606336,1.472720447,0.2867600089,-0.03661573566,0.837999505,0.4628010532,0,1
705,23500000000,0,0,-0.4174052233,-0.6228410928,1.472146933,0.292229895,-0.03903728605,0.835795899,0.4631662704,0,1
706,23533333333,0,0,-0.4137289919,-0.6215177856,1.47225191,0.2963341262,-0.04091929251,0.8336261172,0.4643050654,0,1
707,23566666667,0,0,-0.4109264803,-0.6196547349,1.471185751,0.3015136829,-0.04053157191,0.8304937085,0.4666121417,0,1
708,23600000000,0,0,-0.4090060866,-0.6171671461,1.470652232,0.3053670276,-0.04168957169,0.8277100764,0.4689445463,0,1
709,23633333333,0,1,-0.404920353,-0.6156076445,1.469728057,0.3091060105,-0.04398808264,0.8254300238,0.4703018165,0,1
710,23666666667,0,0,-0.4027741421,-0.614130607,1.471586988,0.3125159327,-0.04659825743,0.8243403961,0.469707681,0,1
711,23700000000,0,0,-0.4000825691,-0.6121030018,1.470696046,0.3154136468,-0.04797678245,0.8209898471,0.4734850903,0,1
712,23733333333,0,0,-0.3975202073,-0.6104071752,1.469297659,0.3199419764,-0.04802179559,0.8181715582,0.4753170944,0,1
713,23766666667,0,0,-0.3967388504,-0.6083947017,1.469801506,0.3246464633,-0.04932189722,0.8168622013,0.4742448402,0,1
714,23800000000,0,0,-0.3939921711,-0.6073216556,1.470030265,0.3265660171,-0.05209014523,0.8147724747,0.4762216582,0,1
715,23833333333,0,0,-0.3916258162,-0.6067034415,1.468424894,0.3299828501,-0.05100460044,0.8120485336,0.4786303672,0,1
716,23866666667,0,1,-0.3900213098,-0.6056192744,1.470601553,0.333039865,-0.05279697943,0.8114500948,0.4773318248,0,1
717,23900000000,0,0,-0.3881056719,-0.6044456265,1.469839075,0.335356656,-0.05342707302,0.8095110486,0.4789293511,0,1
718,23933333333,0,0,-0.386835443,-0.6032462892,1.469958063,0.3389533864,-0.05354871882,0.8079791995,0.4789705103,0,1
719,23966666667,0,0,-0.3849851835,-0.6029164133,1.470109064,0.3420259487,-0.05379563913,0.8062652434,0.4796463665,0,1
720,24000000000,0,0,-0.3845571535,-0.6017107585,1.470329191,0.3462672704,-0.05330889374,0.8043761647,0.4798292665,0,1
721,24033333333,0,0,-0.3831681214,-0.6011777309,1.470171351,0.3492729714,-0.0547588679,0.8029078064,0.4799467807,0,1
722,24066666667,0,0,-0.3817512394,-0.6006011329,1.469677542,0.3532309351,-0.05572991862,0.8016092669,0.4791081985,0,1
723,24100000000,0,1,-0.3806399479,-0.5997797989,1.472519963,0.3553398196,-0.05735665301,0.8022952326,0.476199734,0,1
724,24133333333,0,0,-0.3789884905,-0.5995011754,1.47200583,0.3577607726,-0.05695956159,0.7998053453,0.4786170155,0,1
725,24166666667,0,0,-0.3773101032,-0.5996783238,1.47187722,0.361617721,-0.05437380942,0.7980342752,0.4789753734,0,1
726,24200000000,0,0,-0.3777545491,-0.5986501284,1.472560797,0.3666308211,-0.05373589577,0.7969351898,0.4770624674,0,1
727,24233333333,0,0,-0.3766266407,-0.5980472333,1.472686902,0.369388622,-0.05469623854,0.7959175703,0.4765244891,0,1
728,24266666667,0,0,-0.3742965126,-0.5979945632,1.472431948,0.3721953206,-0.05494511189,0.7946264396,0.4764666824,0,1
729,24300000000,0,0,-0.3743721575,-0.5970204088,1.473412584,0.3777954358,-0.05419853791,0.7934354082,0.4741238026,0,1
730,24333333333,0,0,-0.3729362791,-0.5971436212,1.473677597,0.3798687577,-0.05535243217,0.791603119,0.4753949276,0,1
731,24366666667,0,1,-0.3686286332,-0.5976497603,1.475608548,0.3819320823,-0.05809478195,0.7911182158,0.4742202542,0,1
732,24400000000,0,0,-0.3685316156,-0.5965057902,1.47643204,0.3879271717,-0.05563652282,0.7896151971,0.4721492638,0,1
733,24433333333,0,0,-0.3683025802,-0.5956214612,1.47691342,0.3914204077,-0.05501416405,0.7877240606,0.4724979476,0,1
734,24466666667,0,0,-0.3650777649,-0.5965986838,1.476503839,0.3936877119,-0.05653380592,0.785638411,0.4739052664,0,1
735,24500000000,0,0,-0.3645959064,-0.5963713151,1.478563681,0.3975949338,-0.05546142785,0.7847950915,0.4721641272,0,1
736,24533333333,0,0,-0.3632100409,-0.5953737475,1.478320698,0.4010293741,-0.05607157494,0.7823020175,0.4733233282,0,1
737,24566666667,0,0,-0.3608785678,-0.5957205545,1.478741192,0.4040035306,-0.05697581171,0.7810061992,0.4728257828,0,1
738,24600000000,0,0,-0.3600178951,-0.5952932411,1.478846332,0.4081346144,-0.0563954595,0.7793201822,0.4721289467,0,1
739,24633333333,0,1,-0.358043929,-0.5951720079,1.480672245,0.4107189303,-0.05792445343,0.7790675863,0.4701153198,0,1
740,24666666667,0,0,-0.3563170724,-0.5954145654,1.481027206,0.4139160928,-0.05853800544,0.7777975339,0.4693375825,0,1
741,24700000000,0,0,-0.3539180093,-0.5960493713,1.481498164,0.4172245775,-0.05832789004,0.7764878802,0.4686022632,0,1
742,24733333333,0,0,-0.3538243137,-0.5963775459,1.481204768,0.4221049074,-0.05685117933,0.7749418232,0.4669695507,0,1
743,24766666667,0,0,-0.3517976036,-0.5966811043,1.481645531,0.4248684522,-0.05780751595,0.774452964,0.4651534112,0,1
744,24800000000,0,0,-0.3490231764,-0.5979054248,1.483208979,0.4273432874,-0.05692863566,0.7739966342,0.4637521487,0,1
745,24833333333,0,1,-0.3489026071,-0.5980260436,1.484889663,0.4314144838,-0.05556066743,0.7729928589,0.4618187908,0,1
746,24866666667,0,0,-0.3472712851,-0.59802382,1.484949739,0.4347119325,-0.05573403186,0.7713467282,0.4614579919,0,1
747,24900000000,0,0,-0.344709317,-0.5998862592,1.48527572,0.4370632247,-0.05545641504,0.7703928127,0.4608635784,0,1
748,24933333333,0,0,-0.3447966612,-0.5999447599,1.487397321,0.4411617148,-0.05365331661,0.7698426704,0.458082881,0,1
749,24966666667,0,0,-0.3434490196,-0.5999566522,1.487580039,0.4446052606,-0.05411072765,0.7681759966,0.4574973549,0,1
750,25000000000,0,0,-0.3411552085,-0.6011401225,1.487765823,0.4470358992,-0.05373402893,0.7671899409,0.4568272689,0,1
751,25033333333,0,1,-0.3393075657,-0.6020988678,1.488830168,0.4510201555,-0.05181885135,0.766554778,0.4541909272,0,1
752,25066666667,0,0,-0.3397002921,-0.6011302931,1.489787224,0.4560876915,-0.05059023432,0.7656452263,0.4507904538,0,1
753,25100000000,0,0,-0.3363629968,-0.6024543152,1.488733194,0.4586437709,-0.05085202408,0.7646866926,0.4497935363,0,1
754,25133333333,0,0,-0.3352298069,-0.6023971646,1.490331534,0.4618112521,-0.04774728243,0.766175523,0.444326043,0,1
755,25166666667,0,0,-0.3346937891,-0.6025456109,1.491998789,0.4646859557,-0.04337949318,0.7662693653,0.4416066597,0,1
756,25200000000,0,0,-0.3334325131,-0.6027268495,1.492381689,0.4678047313,-0.04010921182,0.7652769,0.4403421975,0,1
757,25233333333,0,1,-0.3305965342,-0.6047583916,1.492823623,0.47095537,-0.03834382882,0.764370719,0.4387119718,0,1
758,25266666667,0,0,-0.330476483,-0.6044903315,1.494345836,0.4748509145,-0.03611797703,0.764518104,0.4344239511,0,1
759,25300000000,0,0,-0.3283979448,-0.6048394833,1.495813719,0.4771378344,-0.0343106283,0.763925765,0.4331047142,0,1
760,25333333333,0,0,-0.32668679,-0.6052907566,1.496751707,0.4811762135,-0.03108580885,0.7621518013,0.4320043469,0,1
761,25366666667,0,0,-0.3274836929,-0.6040616265,1.498129075,0.4865012245,-0.03128439215,0.7609996474,0.4280389959,0,1
762,25400000000,0,0,-0.3247850075,-0.6042607303,1.498507129,0.4872570902,-0.03262708374,0.7602448524,0.4284200811,0,1
763,25433333333,0,1,-0.3225840675,-0.6066755599,1.500245233,0.4884491602,-0.03151530892,0.7594648542,0.4285292737,0,1
764,25466666667,0,0,-0.3222125982,-0.6065641123,1.502042523,0.4911592971,-0.03104418672,0.7582593581,0.4275997536,0,1
765,25500000000,0,0,-0.3196344839,-0.6068532966,1.502178909,0.4921235246,-0.03113413503,0.7566583711,0.4293171458,0,1
766,25533333333,0,0,-0.3175088251,-0.6077110479,1.502765301,0.4940234544,-0.03049144694,0.7557442788,0.4287909552,0,1
767,25566666667,0,0,-0.3172416386,-0.608008286,1.504964829,0.4952967831,-0.03017974158,0.7559302148,0.4270126348,0,1
768,25600000000,0,0,-0.3148586126,-0.6087980599,1.505973843,0.4954125109,-0.03041457954,0.755294182,0.4279860932,0,1
769,25633333333,0,0,-0.3122557485,-0.6101543969,1.506802409,0.4961944228,-0.02911687125,0.7550483425,0.427604143,0,1
770,25666666667,0,1,-0.3117270843,-0.6121859378,1.510696792,0.4963206775,-0.02975527474,0.7559765264,0.4257697739,0,1
771,25700000000,0,0,-0.3087545969,-0.6125183259,1.510923817,0.4958307753,-0.03020590591,0.7554966562,0.4271583407,0,1
772,25733333333,0,0,-0.3066484116,-0.6149682536,1.512385256,0.4952631097,-0.02853074195,0.7558723084,0.4272674834,0,1
773,25766666667,0,0,-0.3050939475,-0.6161145711,1.514349967,0.4949732471,-0.02641024303,0.7559368956,0.4276252957,0,1
774,25800000000,0,0,-0.3036117964,-0.6175330475,1.515683448,0.4946268373,-0.02426570782,0.7561510126,0.4277746058,0,1
775,25833333333,0,0,-0.3018665262,-0.6186074805,1.517186468,0.49367229,-0.02288798205,0.7566187982,0.4281259214,0,1
776,25866666667,0,0,-0.3001781645,-0.6206703394,1.518236543,0.4927504279,-0.02056246927,0.7571436112,0.4283780488,0,1
777,25900000000,0,1,-0.2979997501,-0.622215013,1.521537044,0.4911399103,-0.02073777851,0.759099786,0.4267540837,0,1
778,25933333333,0,0,-0.2960608606,-0.6240854724,1.522734913,0.489225174,-0.01970913475,0.7606272356,0.426282169,0,1
779,25966666667,0,0,-0.2950502287,-0.6259745999,1.525447506,0.4860345811,-0.01838609975,0.7632198693,0.425356049,0,1
780,26000000000,0,0,-0.2931848498,-0.6285654945,1.527612916,0.4821172649,-0.01597902907,0.7648585371,0.4269649069,0,1
781,26033333333,0,0,-0.292634233,-0.6307778975,1.530297678,0.4785519996,-0.01315094907,0.7666071524,0.4279351705,0,1
782,26066666667,0,0,-0.2919152125,-0.6320709479,1.532610765,0.474641135,-0.01247927868,0.768261209,0.4293422589,0,1
783,26100000000,0,0,-0.2900680718,-0.6342055076,1.534412469,0.4700361259,-0.01264955553,0.7699793556,0.4313210186,0,1
784,26133333333,0,1,-0.2891434889,-0.6370392174,1.537298709,0.4666226198,-0.0121832949,0.7718368605,0.4317206953,0,1
785,26166666667,0,0,-0.2888000746,-0.6390321762,1.541000541,0.4628065337,-0.01192345689,0.7737630968,0.4323871108,0,1
786,26200000000,0,0,-0.2872854922,-0.6411354669,1.543167738,0.4585750384,-0.01161207437,0.7748487154,0.4349523677,0,1
787,26233333333,0,0,-0.2857216589,-0.6446921343,1.546310148,0.4540290896,-0.009829785939,0.7761266486,0.4374795841,0,1
788,26266666667,0,0,-0.2851498466,-0.6465755734,1.550123467,0.4511240201,-0.008193198687,0.7765884118,0.4396935621,0,1
789,26300000000,0,0,-0.2830591776,-0.6488034124,1.550655365,0.4486855512,-0.006836416622,0.7762422696,0.4428120124,0,1
790,26333333333,0,0,-0.2819814981,-0.6509889646,1.553225016,0.4463713128,-0.005924595519,0.7779969773,0.4420839893,0,1
791,26366666667,0,0,-0.2806038507,-0.6534470421,1.55558656,0.4450246376,-0.00680418021,0.7795729062,0.4406504952,0,1
792,26400000000,0,0,-0.2791255403,-0.6566217669,1.559231463,0.443188265,-0.006707121696,0.7812572407,0.4395182593,0,1
793,26433333333,0,1,-0.2788852937,-0.659106712,1.560647338,0.4443183405,-0.00488060065,0.7811637532,0.4385665089,0,1
794,26466666667,0,0,-0.2791579007,-0.6603391677,1.565474626,0.4437511847,-0.004762180429,0.7831872926,0.435522528,0,1
795,26500000000,0,0,-0.2776432426,-0.6622651897,1.568325158,0.4405600911,-0.005597096549,0.7841433381,0.4370294086,0,1
796,26533333333,0,0,-0.2741487011,-0.6670893424,1.569717656,0.4377837511,-0.004237796539,0.7838462466,0.4403549592,0,1
797,26566666667,0,0,-0.2739349997,-0.6682865907,1.573498831,0.4375967167,-0.003408024578,0.7847528962,0.4389309636,0,1
798,26600000000,0,0,-0.272842117,-0.6684199965,1.574796086,0.435468096,-0.005511324066,0.7860920569,0.4386301868,0,1
799,26633333333,0,0,-0.2693256052,-0.6725734328,1.576648748,0.4303719869,-0.006471260644,0.7880326631,0.4401620129,0,1
800,26666666667,0,1,-0.270045352,-0.6755177091,1.581749221,0.4264853162,-0.003446057604,0.7892895842,0.4417242941,0,1
801,26700000000,0,0,-0.2679430529,-0.6765139271,1.582832427,0.4207361188,-0.001066765306,0.7886324229,0.4483735963,0,1
802,26733333333,0,0,-0.2631514068,-0.6793088575,1.578426622,0.4166905886,0.001424295635,0.7876557124,0.4538341145,0,1
803,26766666667,0,0,-0.2627042471,-0.6812682529,1.584121341,0.4127334208,0.002261435527,0.7926184504,0.4487783431,0,1
804,26800000000,0,0,-0.2610667172,-0.6830113139,1.588035922,0.407819321,0.0006391900239,0.7946363542,0.4497066349,0,1
805,26833333333,0,0,-0.257401156,-0.6858540601,1.588443561,0.4025839917,0.002127690356,0.7948821661,0.4539646954,0,1
806,26866666667,0,0,-0.2562139309,-0.6857643455,1.591162933,0.3985301033,0.002915339967,0.7970572843,0.4537234214,0,1
807,26900000000,0,1,-0.2561696125,-0.6845270601,1.594030391,0.3931745114,0.0004148169725,0.7996963806,0.4537613143,0,1
808,26933333333,0,0,-0.2503749952,-0.690381169,1.592868326,0.3834835713,0.002304378288,0.7999139277,0.461598038,0,1
809,26966666667,0,0,-0.2477337943,-0.6941966627,1.596093543,0.3802655538,0.006705758702,0.8006396934,0.462957042,0,1
810,27000000000,0,0,-0.2472931876,-0.6929290477,1.599840297,0.3773321965,0.00873944678,0.8024375064,0.4622099998,0,1
811,27033333333,0,0,-0.2445058008,-0.6948967982,1.601266394,0.3711064812,0.008571022204,0.8033974035,0.4655739782,0,1
812,27066666667,0,0,-0.240986893,-0.6984801745,1.603957701,0.3660067166,0.008546418555,0.804442162,0.4678021485,0,1
813,27100000000,0,0,-0.2386441672,-0.698628488,1.606589339,0.3625027079,0.008485568548,0.8054992482,0.4687117909,0,1
814,27133333333,0,0,-0.2352208177,-0.6997045908,1.60769939,0.3577214732,0.007516651612,0.8069354985,0.4699297276,0,1
815,27166666667,0,1,-0.2335448772,-0.7000287967,1.610565122,0.3545433216,0.007288414604,0.8088187176,0.469103607,0,1
816,27200000000,0,0,-0.2304427503,-0.7020689289,1.613670014,0.3491894985,0.008875457271,0.8098300978,0.4713418431,0,1
817,27233333333,0,0,-0.2277266729,-0.7027653665,1.616941337,0.3447448105,0.009579902846,0.8104479725,0.4735328129,0,1
818,27266666667,0,0,-0.2245408606,-0.7037567944,1.618636343,0.3398960077,0.009629634752,0.8105738733,0.4768102033,0,1
819,27300000000,0,0,-0.2212772299,-0.7053259995,1.620853832,0.3348100862,0.00976983967,0.8109929636,0.4796844478,0,1
820,27333333333,0,0,-0.2173927493,-0.7073285007,1.622725472,0.3302642836,0.009976811186,0.8111084406,0.4826272514,0,1
821,27366666667,0,0,-0.2146766943,-0.7076836871,1.625406931,0.3269728189,0.009521917181,0.8120040486,0.4833710105,0,1
822,27400000000,0,1,-0.2130594952,-0.7081317732,1.62549129,0.3236700305,0.009682808603,0.8123225961,0.4850525275,0,1
823,27433333333,0,0,-0.2095790093,-0.7110697196,1.627170128,0.3191583008,0.01109413264,0.8129187151,0.4870093037,0,1
824,27466666667,0,0,-0.2071629588,-0.712198548,1.630446471,0.315377781,0.0121537305,0.81405291,0.4875520504,0,1
825,27500000000,0,0,-0.2047501144,-0.7127084,1.631044324,0.3111070779,0.01307288248,0.8144907691,0.4895367942,0,1
826,27533333333,0,0,-0.200944902,-0.716696006,1.631929058,0.305297965,0.01476653824,0.8151718825,0.4920059999,0,1
827,27566666667,0,0,-0.1985768788,-0.7186479738,1.635567529,0.3020690256,0.01708895858,0.8161699159,0.492269174,0,1
828,27600000000,0,0,-0.1961484141,-0.7200496038,1.637251326,0.2976285123,0.01900499046,0.8163416408,0.494613389,0,1
829,27633333333,0,0,-0.1928548914,-0.7224806058,1.636708271,0.2932024777,0.02095071342,0.8163350737,0.4971824837,0,1
830,27666666667,0,1,-0.1921549426,-0.7231415577,1.639132052,0.291085139,0.02246595348,0.8174556855,0.4965188064,0,1
831,27700000000,0,0,-0.1897020882,-0.7236212742,1.639095508,0.2876170251,0.02285400816,0.8183501322,0.4970484909,0,1
832,27733333333,0,0,-0.1867239242,-0.7266399847,1.641163674,0.282975954,0.02231232748,0.8201296104,0.496803977,0,1
833,27766666667,0,0,-0.1842999684,-0.7281010279,1.642825985,0.2808899577,0.02126714858,0.8208427373,0.4968558551,0,1
834,27800000000,0,0,-0.1816301321,-0.729330398,1.643177987,0.278106021,0.02021707645,0.8218872672,0.4967389967,0,1
835,27833333333,0,0,-0.1792575946,-0.7311649286,1.645921229,0.2750579014,0.01835198311,0.8234766063,0.4958756239,0,1
836,27866666667,0,0,-0.1765501835,-0.7329518266,1.64718817,0.2714375939,0.01821730602,0.8238374613,0.4972741696,0,1
837,27900000000,0,0,-0.1742764256,-0.7335293426,1.648452002,0.2680352962,0.0190277173,0.824482472,0.498019758,0,1
838,27933333333,0,0,-0.1726454232,-0.733261114,1.649716188,0.2645081495,0.01765730062,0.8259795518,0.4974750633,0,1
839,27966666667,0,0,-0.1692384565,-0.7363614101,1.650340167,0.2598587518,0.01623602395,0.8265675965,0.4989948186,0,1
840,28000000000,0,0,-0.1658413608,-0.7388154631,1.652907278,0.2566087654,0.01671283636,0.8270691504,0.4998292139,0,1
841,28033333333,0,0,-0.1639583573,-0.7382900998,1.656849725,0.2540798096,0.01560453652,0.8280432855,0.4995440582,0,1
842,28066666667,0,1,-0.1614899058,-0.7378385822,1.656431149,0.2509920373,0.01431744303,0.8278709526,0.5014256613,0,1
843,28100000000,0,0,-0.1588058783,-0.7379868286,1.657613562,0.2474837598,0.01396282559,0.8294196242,0.5006195314,0,1
844,28133333333,0,0,-0.1573982395,-0.736589692,1.659441862,0.2438881959,0.01122568797,0.8317998694,0.4984992568,0,1
845,28166666667,0,0,-0.1543189409,-0.7377886953,1.660049299,0.2369115352,0.009804252015,0.8338022146,0.4985485614,0,1
846,28200000000,0,0,-0.1514132292,-0.7397763471,1.66375934,0.2281875025,0.01084055496,0.8351370248,0.5003589669,0,1
847,28233333333,0,0,-0.1484485883,-0.7397317142,1.665257609,0.2203428355,0.01331010867,0.8345183771,0.5048276479,0,1
848,28266666667,0,1,-0.146490161,-0.7370776714,1.66576201,0.2136488928,0.01398907364,0.8349775872,0.5069229579,0,1
849,28300000000,0,0,-0.1441634016,-0.737419488,1.666609617,0.2055901351,0.01237531424,0.8361736615,0.508323869,0,1
850,28333333333,0,0,-0.1403051767,-0.7393213144,1.667109024,0.1979801327,0.01240105506,0.8357215278,0.5120738315,0,1
851,28366666667,0,0,-0.1380543539,-0.7385216815,1.66880016,0.1933876681,0.01319322789,0.8362685278,0.5129152932,0,1
852,28400000000,0,0,-0.1358141137,-0.7377961361,1.670979852,0.1877822587,0.01265654998,0.8365494001,0.5145510045,0,1
853,28433333333,0,0,-0.1324382643,-0.7383643162,1.670942214,0.183227394,0.01251391269,0.8362568744,0.5166677502,0,1
854,28466666667,0,0,-0.1295670259,-0.7386129706,1.673415542,0.1791485991,0.01210426864,0.836799064,0.517229729,0,1
855,28500000000,0,0,-0.1260144073,-0.7383515241,1.673793303,0.1761157945,0.01118889886,0.8360057775,0.5195694135,0,1
856,28533333333,0,0,-0.1236025267,-0.7375273093,1.673856874,0.1747870753,0.01122988285,0.8366127358,0.5190399776,0,1
857,28566666667,0,0,-0.1201972146,-0.7381378799,1.676938808,0.1725854985,0.009246293141,0.8375565554,0.5182931296,0,1
858,28600000000,0,1,-0.1155513323,-0.7368628692,1.676723177,0.1710883053,0.007075474954,0.8374208955,0.5190423616,0,1
859,28633333333,0,0,-0.111859954,-0.7367309946,1.676498888,0.1713358384,0.006529593185,0.838311826,0.5175274652,0,1
860,28666666667,0,0,-0.108880194,-0.7356354958,1.678431718,0.1724524801,0.004339000422,0.8398796564,0.5146294569,0,1
861,28700000000,0,0,-0.1050838865,-0.7346053085,1.678835547,0.1725994228,0.002335834175,0.8404603876,0.513644157,0,1
862,28733333333,0,0,-0.1004133498,-0.7349490348,1.677587036,0.1722763163,0.002372014294,0.8406832097,0.5133877533,0,1
863,28766666667,0,0,-0.09676247031,-0.734318727,1.679761103,0.1736147308,0.00197540523,0.8422826418,0.5103077252,0,1
864,28800000000,0,0,-0.09399953678,-0.7333358533,1.680746528,0.1736269803,0.002200542973,0.8425217476,0.5099077702,0,1
865,28833333333,0,0,-0.08926405174,-0.7337547577,1.679212172,0.1717065822,0.004637948774,0.8411277278,0.5128347537,0,1
866,28866666667,0,0,-0.08623138398,-0.7320363961,1.679696313,0.1731167512,0.005453407837,0.8414878009,0.5117608149,0,1
867,28900000000,0,0,-0.08327735068,-0.7295781926,1.679942426,0.1736224992,0.00367268878,0.8415815091,0.5114511734,0,1
868,28933333333,0,0,-0.07925169437,-0.7291870027,1.677231799,0.172827246,0.00311062245,0.8409196464,0.5128110913,0,1
869,28966666667,0,1,-0.07366417799,-0.7277286695,1.675923885,0.1738822376,0.002457039286,0.8414667435,0.5115590385,0,1
870,29000000000,0,0,-0.07233333416,-0.725563617,1.676486672,0.1754792022,0.003237156285,0.8420974556,0.5099690635,0,1
871,29033333333,0,0,-0.0692519827,-0.7232091841,1.674310495,0.174289622,0.00376287386,0.8416107218,0.5111754703,0,1
872,29066666667,0,0,-0.06542320106,-0.7218405894,1.672539179,0.1731969896,0.003214494255,0.8416005315,0.5115672148,0,1
873,29100000000,0,0,-0.06322143891,-0.7193093896,1.671455105,0.1720971994,0.002859963231,0.8417813266,0.5116430129,0,1
874,29133333333,0,0,-0.0591489408,-0.7176712464,1.668595352,0.1690486602,0.00257447397,0.8403794792,0.5149546131,0,1
875,29166666667,0,0,-0.05625370546,-0.7153833282,1.6637478,0.1677691855,0.003464012816,0.8394739812,0.5168413062,0,1
876,29200000000,0,0,-0.05431353209,-0.7129807294,1.660591472,0.1666844149,0.003981970779,0.8399737653,0.5163763389,0,1
877,29233333333,0,0,-0.05101030834,-0.7115809411,1.656863037,0.1635205823,0.004051059073,0.8396566517,0.5179008741,0,1
878,29266666667,0,1,-0.04786626024,-0.7094569428,1.653690374,0.1610742393,0.005155085312,0.8397081706,0.5185737196,0,1
879,29300000000,0,0,-0.04554808987,-0.7072650562,1.649509349,0.1586147402,0.006220060313,0.8390588547,0.5203680558,0,1
880,29333333333,0,0,-0.04341277655,-0.7053027761,1.645394842,0.157085023,0.006342565563,0.838963292,0.5209843203,0,1
881,29366666667,0,0,-0.04060933073,-0.7040665475,1.642292219,0.1540771778,0.006879140016,0.8390070225,0.5218046732,0,1
882,29400000000,0,0,-0.03864706904,-0.7020811638,1.639078184,0.1519964721,0.008029456416,0.8382960405,0.5235382973,0,1
883,29433333333,0,0,-0.03705406746,-0.7005469019,1.634272698,0.1495811856,0.008214661119,0.8376845595,0.5252071658,0,1
884,29466666667,0,1,-0.03565824021,-0.6994505226,1.630026091,0.147198477,0.007979287829,0.8374577958,0.5262446005,0,1
885,29500000000,0,0,-0.03357739924,-0.6978441027,1.628894092,0.1428508932,0.007752296425,0.837597871,0.5272222783,0,1
886,29533333333,0,0,-0.03179402281,-0.6971858382,1.621897424,0.1402898296,0.008623587893,0.8351807095,0.5317119332,0,1
887,29566666667,0,0,-0.03138891668,-0.6951971093,1.62119687,0.1381165463,0.008460470968,0.8372593102,0.5290076442,0,1
888,29600000000,0,0,-0.02971253689,-0.6940999589,1.618877795,0.1339348538,0.006562957978,0.8366116041,0.5311303101,0,1
889,29633333333,0,0,-0.02698693075,-0.6946794556,1.612731222,0.1302396521,0.007330080052,0.8350101908,0.5345482992,0,1
890,29666666667,0,0,-0.0280638481,-0.6923174981,1.612693682,0.1298023911,0.0083801587,0.8367641511,0.5318899018,0,1
891,29700000000,0,1,-0.0264136318,-0.6922438553,1.610063078,0.1255500702,0.007066397588,0.8363067776,0.5336461558,0,1
892,29733333333,0,0,-0.02552290281,-0.6915783031,1.606410703,0.1225871266,0.006548759403,0.8357363496,0.5352329064,0,1
893,29766666667,0,0,-0.02498989399,-0.6912753878,1.602218389,0.1188912796,0.007263315996,0.8359580488,0.5357109749,0,1
894,29800000000,0,0,-0.02427839681,-0.6906433811,1.601690078,0.1145984579,0.008247329216,0.8382785891,0.5329992327,0,1
895,29833333333,0,0,-0.02363190881,-0.6900220748,1.599578987,0.1107989611,0.008606274006,0.8385412415,0.5333836411,0,1
896,29866666667,0,0,-0.02309463036,-0.6893785704,1.596926572,0.1074794064,0.01055039104,0.8390943564,0.5331580699,0,1
897,29900000000,0,0,-0.02344133774,-0.6884510634,1.596144865,0.1053433641,0.01063416234,0.8401562885,0.5319089219,0,1
898,29933333333,0,1,-0.02240453957,-0.6888030101,1.592404487,0.1010126482,0.01044714821,0.8395374066,0.5337267512,0,1
899,29966666667,0,0,-0.02161459348,-0.6878074733,1.591221861,0.09852302815,0.01068074494,0.8403131326,0.5329662033,0,1
900,30000000000,0,0,-0.02088860002,-0.6866956675,1.590754726,0.09665823688,0.01136250673,0.8406599744,0.5327465496,0,1
901,30033333333,0,0,-0.02060294319,-0.6862702933,1.588407375,0.09455318329,0.01197161366,0.8401684831,0.5338850963,0,1
902,30066666667,0,0,-0.02034811443,-0.6854750427,1.587311646,0.09202367668,0.01299344343,0.8407102719,0.5334501402,0,1
903,30100000000,0,0,-0.01931816468,-0.6849934294,1.586861483,0.08939660452,0.01316443488,0.8410905995,0.5332931166,0,1
904,30133333333,0,0,-0.01839962145,-0.684551011,1.585952146,0.08670420396,0.01442329032,0.8410845923,0.5337143977,0,1
905,30166666667,0,0,-0.01828903262,-0.6837153947,1.586360928,0.08506047184,0.0148845296,0.8414641777,0.5333677948,0,1
906,30200000000,0,0,-0.01831119142,-0.6834716653,1.584098098,0.08303187313,0.0126768367,0.8403084191,0.5355621035,0,1
907,30233333333,0,0,-0.01641227445,-0.6833215023,1.582096739,0.07873407785,0.01037883254,0.8406452362,0.5357320334,0,1
908,30266666667,0,0,-0.01548599454,-0.682270888,1.582325328,0.07564545677,0.009430683698,0.8417528827,0.5344538442,0,1
909,30300000000,0,0,-0.01446623734,-0.6818750687,1.579899349,0.07076560789,0.009420477464,0.8415000179,0.5355195638,0,1
910,30333333333,0,0,-0.01265343652,-0.6819209835,1.577067381,0.06616769168,0.01035177876,0.8416759905,0.535813591,0,1
911,30366666667,0,0,-0.01274114554,-0.6800923839,1.579412107,0.0630136801,0.01136926668,0.8440261932,0.5324657746,0,1
912,30400000000,0,0,-0.01149491714,-0.6799720202,1.576130599,0.05838608725,0.0120825209,0.8424609377,0.5354480796,0,1
913,30433333333,0,1,-0.01058321741,-0.6802745547,1.573945647,0.05360722415,0.01316435694,0.8427872834,0.5354087785,0,1
914,30466666667,0,0,-0.01021012396,-0.6788911378,1.574965124,0.04902759596,0.01254626509,0.8439251993,0.5340684826,0,1
915,30500000000,0,0,-0.008418846419,-0.6778036948,1.573618151,0.04330462239,0.01280593267,0.8431663427,0.535752962,0,1
916,30533333333,0,0,-0.0075823016,-0.6770726719,1.570985128,0.03943581196,0.0142017065,0.8424936447,0.5370731672,0,1
917,30566666667,0,0,-0.008229767797,-0.6759821097,1.571379903,0.03797452713,0.01367542047,0.8433291822,0.5358794721,0,1
918,30600000000,0,0,-0.006831834271,-0.674456202,1.570758178,0.0327788937,0.01245553851,0.843008659,0.5367558146,0,1
919,30633333333,0,0,-0.005689119528,-0.6733998122,1.568475993,0.02908984624,0.013743366,0.8422662268,0.5381008307,0,1
920,30666666667,0,0,-0.006480710226,-0.6720040415,1.568970314,0.02765773626,0.01441454974,0.8424978999,0.5377960199,0,1
921,30700000000,0,0,-0.007482740061,-0.6707020244,1.56738483,0.02484773727,0.0131892136,0.8415013607,0.5395220983,0,1
922,30733333333,0,0,-0.006353765118,-0.669264776,1.56551195,0.02010566503,0.0112656113,0.8405268924,0.5412794024,0,1
923,30766666667,0,0,-0.006508368237,-0.6673790797,1.563911988,0.01659242983,0.01188512182,0.8399057586,0.5423483676,0,1
924,30800000000,0,0,-0.006883031342,-0.6655776738,1.561647457,0.01203012525,0.01330406681,0.8386325504,0.5444021705,0,1
925,30833333333,0,0,-0.005937878595,-0.6644058116,1.558620341,0.006547243122,0.01488999846,0.8375770567,0.5460770052,0,1
926,30866666667,0,0,-0.006620374285,-0.6626813618,1.558170283,0.004039680467,0.0161888285,0.8379064378,0.5455588,0,1
927,30900000000,0,0,-0.006466961903,-0.6614753011,1.55547098,0.0007863217255,0.01691814975,0.8364155929,0.5478340204,0,1
928,30933333333,0,0,-0.007167123417,-0.6602454311,1.552460734,-0.001092850502,0.01811307743,0.8359621354,0.5484870374,0,1
929,30966666667,0,0,-0.008380476093,-0.6584359926,1.552545664,-0.001896219039,0.01693551402,0.8367960199,0.5472494987,0,1
930,31000000000,0,0,-0.007483879564,-0.6565753004,1.550239003,-0.004067870411,0.01422240055,0.8357492009,0.5489120594,0,1
931,31033333333,0,1,-0.008650874324,-0.6550381947,1.546739978,-0.004732851215,0.01400275652,0.834310168,0.551097148,0,1
932,31066666667,0,0,-0.00933113878,-0.6528030808,1.543895995,-0.005559666812,0.01218792676,0.8335317207,0.5523091663,0,1
933,31100000000,0,0,-0.009218624125,-0.6504176232,1.540589552,-0.006851971853,0.01062421551,0.8329158651,0.5532552198,0,1
934,31133333333,0,0,-0.00855653703,-0.6476674467,1.538457348,-0.007545179475,0.01027746236,0.8329135478,0.553256239,0,1
935,31166666667,0,0,-0.00902364035,-0.6451636762,1.536066902,-0.005549273531,0.01100869326,0.8321756032,0.5543751254,0,1
936,31200000000,0,0,-0.009066946086,-0.642456621,1.533052451,-0.00417496184,0.01031277046,0.8308997956,0.5563108359,0,1
937,31233333333,0,0,-0.008839549373,-0.6400468943,1.529558367,-0.001833298791,0.008812014196,0.8297333613,0.5580873914,0,1
938,31266666667,0,0,-0.009769550562,-0.6376498557,1.527602576,0.001695708974,0.006916683917,0.8291060684,0.5590459833,0,1
939,31300000000,0,1,-0.009356721961,-0.6350779727,1.523279547,0.003482859204,0.003323422983,0.8274244542,0.5615564059,0,1
940,31333333333,0,0,-0.009220212465,-0.6323951665,1.520037721,0.006115406665,-0.0006526899072,0.8270085388,0.5621557192,0,1
941,31366666667,0,0,-0.008972447732,-0.6292323317,1.518935405,0.00860357547,-0.00345551434,0.8270414744,0.5620644425,0,1
942,31400000000,0,0,-0.008799322823,-0.626548075,1.514694882,0.01096364201,-0.006172816747,0.8247860058,0.5653049969,0,1
943,31433333333,0,0,-0.00865924152,-0.6242930962,1.510131297,0.01261243373,-0.008323794977,0.8236651002,0.5668751571,0,1
944,31466666667,0,0,-0.008463532899,-0.6214480502,1.508137845,0.01450935742,-0.01095755251,0.8240215294,0.5662666596,0,1
945,31500000000,0,1,-0.007379175661,-0.6196564002,1.50415281,0.01574345084,-0.01338009923,0.8220235864,0.5690785008,0,1
946,31533333333,0,0,-0.007164004181,-0.6177527375,1.499046915,0.01923724177,-0.01441179477,0.8205298106,0.5710981165,0,1
947,31566666667,0,0,-0.007364741052,-0.6153878832,1.498249218,0.02364302754,-0.01784738479,0.8219690906,0.5687611909,0,1
948,31600000000,0,0,-0.006086125848,-0.6133314251,1.495319843,0.02613082021,-0.02193774222,0.8210987042,0.5697655954,0,1
949,31633333333,0,0,-0.004527790757,-0.611150039,1.492822432,0.02933236365,-0.02318190005,0.8209009969,0.5698453872,0,1
950,31666666667,0,0,-0.004312994364,-0.6092827636,1.491370797,0.03508274937,-0.02478070304,0.820641458,0.5698269165,0,1
951,31700000000,0,0,-0.003884350979,-0.6073219129,1.488917755,0.04028947908,-0.02856623798,0.8198407003,0.5704576707,0,1
952,31733333333,0,1,-0.0005102264371,-0.6059404914,1.486472027,0.04294168349,-0.03296200993,0.8191493425,0.5710200281,0,1
953,31766666667,0,0,0.001057233686,-0.6038994615,1.485598378,0.04901228564,-0.03368384886,0.8193017749,0.5702699325,0,1
954,31800000000,0,0,0.0005747950955,-0.6031101683,1.482647055,0.05854110972,-0.03596908596,0.8173180617,0.5720754752,0,1
955,31833333333,0,0,0.000797283565,-0.6015944206,1.479031185,0.06611162047,-0.04011774831,0.8169655812,0.5714779602,0,1
956,31866666667,0,0,0.001872635388,-0.5998575809,1.480076065,0.0720592803,-0.04464328869,0.8196892384,0.5665015351,0,1
957,31900000000,0,0,0.002776739288,-0.5984043807,1.478636956,0.07877615069,-0.04764539092,0.8191746955,0.5661069273,0,1
958,31933333333,0,0,0.002424830885,-0.5972740525,1.476761421,0.08601752863,-0.05085948876,0.8191322167,0.564833346,0,1
959,31966666667,0,1,0.003657848676,-0.5955732561,1.477169799,0.09078619507,-0.05554462156,0.8203253339,0.5619065833,0,1
960,32000000000,0,0,0.004885815184,-0.5939540406,1.476909934,0.09620280224,-0.05759604962,0.8198176523,0.5615396094,0,1
961,32033333333,0,0,0.005505392217,-0.5926579761,1.474964869,0.1024255004,-0.05863445997,0.8188124282,0.5617982062,0,1
962,32066666667,0,0,0.006404853503,-0.5913718737,1.47498299,0.1089095656,-0.06021824924,0.8195214737,0.55937199,0,1
963,32100000000,0,0,0.007624256141,-0.5901247603,1.476343568,0.1146995913,-0.06095548192,0.8200865847,0.5573028141,0,1
964,32133333333,0,0,0.009585985023,-0.5891709872,1.476183029,0.1205478687,-0.06009035721,0.8189903415,0.55777431,0,1
965,32166666667,0,1,0.01002134068,-0.5884270864,1.476140716,0.1287496667,-0.05759404011,0.8176076583,0.5582330759,0,1
966,32200000000,0,0,0.01000932054,-0.5876095263,1.476044294,0.1353971328,-0.05662826064,0.8165187798,0.5583528801,0,1
967,32233333333,0,0,0.01235915144,-0.5867159434,1.477519677,0.1398608801,-0.05674494552,0.8158210422,0.5582606672,0,1
968,32266666667,0,0,0.01204948353,-0.58550623,1.477082089,0.1488754657,-0.05423454993,0.8133770461,0.5597432359,0,1
969,32300000000,0,0,0.01189120735,-0.5849755893,1.476501188,0.1565282279,-0.05587883246,0.8116892707,0.5599437452,0,1
970,32333333333,0,0,0.0140710606,-0.5842074345,1.478213624,0.1620967286,-0.06039815235,0.8114001948,0.5583067595,0,1
971,32366666667,0,1,0.01652249781,-0.5832958656,1.480741538,0.1679516111,-0.06262344947,0.8102368508,0.5580204347,0,1
972,32400000000,0,0,0.01844859471,-0.5821880241,1.482268928,0.1755280737,-0.06201315113,0.807295582,0.5600161674,0,1
973,32433333333,0,0,0.01839215877,-0.5824059456,1.479516132,0.1859443949,-0.06129630904,0.8017613501,0.5646646633,0,1
974,32466666667,0,0,0.01950242133,-0.582072368,1.479239716,0.1938094525,-0.06477703687,0.8002883154,0.5637201822,0,1
975,32500000000,0,0,0.02187176496,-0.5815073017,1.481061485,0.2008664644,-0.0693889012,0.8001720402,0.5608587612,0,1
976,32533333333,0,0,0.02491335811,-0.5815129067,1.482256481,0.208755869,-0.07243646442,0.7986837823,0.5597125705,0,1
977,32566666667,0,1,0.0252325809,-0.5811174875,1.483587094,0.2185483614,-0.0719516434,0.7977173279,0.5574106561,0,1
978,32600000000,0,0,0.02744360145,-0.5810065144,1.483830702,0.2251195492,-0.07303817263,0.7955258174,0.5577860592,0,1
979,32633333333,0,0,0.02996855954,-0.5825725241,1.481762927,0.2335351482,-0.07309441965,0.7926792795,0.5583709342,0,1
980,32666666667,0,0,0.03083473996,-0.5831260609,1.482078502,0.2423891415,-0.07376898737,0.7929858347,0.5540569524,0,1
981,32700000000,0,0,0.03250060596,-0.5834066753,1.482439134,0.2498521511,-0.07538158069,0.793191878,0.5502164706,0,1
982,32733333333,0,0,0.03400470964,-0.5827960702,1.484345346,0.2564021021,-0.07544228836,0.7947961202,0.5448536963,0,1
983,32766666667,0,1,0.0347468994,-0.5815125048,1.48700302,0.2634173064,-0.07518441328,0.7955560977,0.5404156938,0,1
984,32800000000,0,0,0.03553084659,-0.5812702049,1.487031358,0.270743159,-0.07476626539,0.7935066489,0.5398660441,0,1
985,32833333333,0,0,0.03729352925,-0.5812311509,1.485755015,0.2768547387,-0.07551750069,0.7919430121,0.5389571656,0,1
986,32866666667,0,0,0.03810256232,-0.580551017,1.487547449,0.2832341231,-0.07684797511,0.7925750582,0.5345068731,0,1
987,32900000000,0,0,0.04003628346,-0.5796860843,1.488999925,0.2887958883,-0.07869275118,0.791361988,0.5330577734,0,1
988,32933333333,0,0,0.04201212324,-0.5792941132,1.489215499,0.2946094432,-0.07851537415,0.7896036324,0.5325098268,0,1
989,32966666667,0,1,0.04380600389,-0.5788735562,1.489603358,0.3008590912,-0.0788516147,0.7878276739,0.53159551,0,1
990,33000000000,0,0,0.04627724563,-0.5783885479,1.490458154,0.3080259699,-0.07929149719,0.7857894396,0.5304411531,0,1
991,33033333333,0,0,0.04708839433,-0.57787019,1.489853753,0.3177429876,-0.08019692659,0.7824211423,0.5295516998,0,1
992,33066666667,0,0,0.04898272545,-0.5769917381,1.489959583,0.3249788925,-0.08455981507,0.780218378,0.5277287559,0,1
993,33100000000,0,0,0.05300820189,-0.57611891,1.49166972,0.330268844,-0.08902364187,0.7789412644,0.5255927972,0,1
994,33133333333,0,0,0.05586031292,-0.5753725889,1.492882541,0.3374414821,-0.09068476426,0.7759694533,0.5251484811,0,1
995,33166666667,0,1,0.05838034199,-0.5741907062,1.491631447,0.3464248865,-0.0931541316,0.7715054296,0.5254440768,0,1
996,33200000000,0,0,0.06315865838,-0.5745199558,1.492648105,0.3529533115,-0.09556196012,0.7702401242,0.5225150934,0,1
997,33233333333,0,0,0.0651893124,-0.5735422877,1.494672332,0.3620671197,-0.09632667394,0.7681008674,0.5192779893,0,1
998,33266666667,0,0,0.06934123003,-0.5728919817,1.494852055,0.3683791176,-0.09598938267,0.7652746219,0.5190738071,0,1
999,33300000000,0,0,0.07280072584,-0.5727196814,1.496459101,0.3762727878,-0.09553760051,0.7631627336,0.5165984882,0,1
1000,33333333333,0,0,0.07539023636,-0.5717289819,1.497354445,0.3874703958,-0.09568003832,0.7593179291,0.5139536022,0,1
1001,33366666667,0,1,0.07914299533,-0.5719302984,1.498103358,0.3955831612,-0.09824513047,0.7566916001,0.5111552398,0,1
1002,33400000000,0,0,0.08321369892,-0.5718622774,1.50054262,0.4039426483,-0.09939265931,0.7550097295,0.5068646215,0,1
1003,33433333333,0,0,0.08668025597,-0.5716310951,1.501036753,0.4152035186,-0.1002736055,0.7512909738,0.5031034833,0,1
1004,33466666667,0,0,0.08968327132,-0.5721909563,1.503908597,0.4247362575,-0.1021219844,0.7495021698,0.4974100013,0,1
1005,33500000000,0,0,0.09359320124,-0.5725598043,1.502687964,0.4354082331,-0.1025933152,0.7443913565,0.4957577943,0,1
1006,33533333333,0,0,0.09663030828,-0.5733124843,1.505013582,0.4437362995,-0.1033830371,0.7442938702,0.4882997839,0,1
1007,33566666667,0,1,0.09867539194,-0.5736410944,1.508569263,0.4516078149,-0.1032888641,0.7431814892,0.4827660574,0,1
1008,33600000000,0,0,0.1014412548,-0.5739217779,1.507853692,0.4601653071,-0.09996699662,0.738513836,0.4825472036,0,1
1009,33633333333,0,0,0.1055206183,-0.5749316971,1.508419285,0.4669153629,-0.09826598339,0.7362973867,0.4797916201,0,1
1010,33666666667,0,0,0.1072514893,-0.5751175279,1.507360521,0.4765515493,-0.09570640075,0.7334572789,0.4751624203,0,1
1011,33700000000,0,0,0.1100524339,-0.5753254409,1.508709693,0.4819134035,-0.09367241339,0.7334936267,0.4700766428,0,1
1012,33733333333,0,1,0.1163169904,-0.5777676871,1.514939852,0.4833977106,-0.09464584693,0.7347098236,0.4664443077,0,1
1013,33766666667,0,0,0.1178872992,-0.5775642254,1.51388623,0.4913104748,-0.0875931889,0.7302839002,0.466504958,0,1
1014,33800000000,0,0,0.1214455395,-0.5775430071,1.515056831,0.4967315527,-0.0850522037,0.7280965398,0.46464967,0,1
1015,33833333333,0,0,0.1245089572,-0.5783501823,1.51576364,0.5040735731,-0.0824827142,0.7247958922,0.462360627,0,1
1016,33866666667,0,0,0.1245191286,-0.5768808321,1.516126527,0.513132336,-0.07823906556,0.7215740393,0.4581536425,0,1
1017,33900000000,0,0,0.126830237,-0.5776153556,1.51760508,0.5170620911,-0.07679128692,0.7187409454,0.4584335782,0,1
1018,33933333333,0,1,0.1318057916,-0.5780426343,1.520023017,0.5202326427,-0.07644657038,0.715704746,0.4596527341,0,1
1019,33966666667,0,0,0.1307607999,-0.5772867942,1.519310731,0.5277773045,-0.07503785236,0.7101410123,0.4599132312,0,1
1020,34000000000,0,0,0.1323642998,-0.5752594658,1.519771479,0.5325120371,-0.08057684556,0.7050297214,0.4613798806,0,1
1021,34033333333,0,0,0.1357051712,-0.5742145599,1.520837686,0.5373963402,-0.08872441266,0.7007136707,0.460796597,0,1
1022,34066666667,0,0,0.1374272491,-0.5728231684,1.520974727,0.5432800072,-0.09487913824,0.6963865212,0.4592282613,0,1
1023,34100000000,0,0,0.1394262041,-0.572198138,1.522273729,0.546697703,-0.09934234426,0.6931807235,0.4590786476,0,1
1024,34133333333,0,1,0.1447021976,-0.5708839293,1.524084341,0.5489867997,-0.1037840912,0.6898013288,0.4604524763,0,1
1025,34166666667,0,0,0.1464136895,-0.5696156047,1.523737452,0.5552898165,-0.1043170966,0.6847230057,0.4603537429,0,1
1026,34200000000,0,0,0.1482516077,-0.5682429005,1.523634917,0.561314331,-0.1066864404,0.6806407031,0.4585547498,0,1
1027,34233333333,0,0,0.1501659964,-0.5677236518,1.524794633,0.5664076888,-0.1070045209,0.6773010421,0.4571604323,0,1
1028,34266666667,0,0,0.1515560406,-0.5667056456,1.524874607,0.5751619022,-0.104860293,0.6717964743,0.4548434922,0,1
1029,34300000000,0,0,0.152774322,-0.5657573754,1.52436126,0.5833869821,-0.1037397446,0.6661493853,0.4529268053,0,1
1030,34333333333,0,1,0.156069635,-0.5654232617,1.525893943,0.5888791707,-0.1037656872,0.6615120333,0.4526100245,0,1
1031,34366666667,0,0,0.1576542021,-0.5647721031,1.525656014,0.5972154581,-0.1016188148,0.655062416,0.4515534788,0,1
1032,34400000000,0,0,0.158481388,-0.5643947219,1.525385555,0.6050829282,-0.1007744537,0.649014211,0.4499996816,0,1
1033,34433333333,0,0,0.1604490425,-0.5636217754,1.525807687,0.6132989705,-0.1008821495,0.6431743796,0.447229116,0,1
1034,34466666667,0,0,0.1617606905,-0.5632274186,1.525701511,0.6224307604,-0.1009483414,0.6377226307,0.4423790537,0,1
1035,34500000000,0,0,0.1606018445,-0.563120647,1.525442177,0.6308503669,-0.09744441047,0.6315090519,0.4401462472,0,1
1036,34533333333,0,1,0.1637305221,-0.5634303999,1.524544607,0.6394186171,-0.1001992278,0.6223625249,0.4401918154,0,1
1037,34566666667,0,0,0.1647627957,-0.5629693261,1.524757548,0.6493682363,-0.1009283281,0.6164167103,0.433779674,0,1
1038,34600000000,0,0,0.1647619638,-0.5631165997,1.524796101,0.6584345154,-0.1021384125,0.6102514993,0.4285146919,0,1
1039,34633333333,0,0,0.1666099331,-0.5623618254,1.525759887,0.6654954539,-0.1030248696,0.6048610008,0.4250233485,0,1
1040,34666666667,0,0,0.1671701877,-0.5620408956,1.52667453,0.6728567207,-0.1006311009,0.6015237164,0.4186961112,0,1
1041,34700000000,0,0,0.1667056392,-0.5622586966,1.526103235,0.6808926225,-0.097226898,0.5959870078,0.4144051803,0,1
1042,34733333333,0,1,0.1688528375,-0.5622128526,1.526670608,0.6880162303,-0.09559064118,0.5900951218,0.4114411785,0,1
1043,34766666667,0,0,0.169496581,-0.5630929809,1.526482584,0.6947892954,-0.09508568058,0.5862824085,0.405585362,0,1
1044,34800000000,0,0,0.1686605665,-0.5634687254,1.5264159,0.700883853,-0.091877646,0.5823980376,0.401413563,0,1
1045,34833333333,0,0,0.1691201652,-0.5633192132,1.526433664,0.7075311376,-0.09076697551,0.5783327502,0.3958437514,0,1
1046,34866666667,0,0,0.1700333675,-0.5640509395,1.526608962,0.7129385454,-0.09337705867,0.5757366594,0.3892642476,0,1
1047,34900000000,0,0,0.1699525554,-0.5636855756,1.527084123,0.7189408813,-0.09067908272,0.5740120524,0.3813285681,0,1
1048,34933333333,0,1,0.1711832557,-0.5674230911,1.527043869,0.723224424,-0.09335089858,0.5705095639,0.377823874,0,1
1049,34966666667,0,0,0.1707387654,-0.5675326813,1.526987782,0.7281249825,-0.09007024242,0.5667453157,0.3748614523,0,1
1050,35000000000,0,0,0.1709956944,-0.5676724716,1.527746441,0.7325517238,-0.08797979609,0.5652570387,0.3689336088,0,1
1051,35033333333,0,0,0.1709033107,-0.5690681438,1.526647332,0.7374587272,-0.08764363136,0.5617688589,0.3645393925,0,1
1052,35066666667,0,0,0.1705754788,-0.5697987423,1.526110376,0.7408345469,-0.08888849795,0.5581844844,0.3628954262,0,1
1053,35100000000,0,0,0.1707695794,-0.5698009918,1.526019734,0.7436516741,-0.09070705179,0.5562415506,0.3596522705,0,1
1054,35133333333,0,1,0.1695188287,-0.5706194324,1.526486031,0.7444872098,-0.09176990204,0.5562968995,0.357562357,0,1
1055,35166666667,0,0,0.1688633999,-0.5706299673,1.526607452,0.7455326109,-0.09261650035,0.5547579056,0.3575569552,0,1
1056,35200000000,0,0,0.1694165754,-0.5701405853,1.527916508,0.745898652,-0.09173458638,0.5552704471,0.3562228196,0,1
1057,35233333333,0,0,0.1694280889,-0.5720167727,1.526970099,0.7462882647,-0.095646879,0.5545221618,0.3555427857,0,1
1058,35266666667,0,0,0.1692263058,-0.5721955179,1.527660455,0.7425325724,-0.09732445502,0.5567848332,0.3593939048,0,1
1059,35300000000,0,0,0.1686092,-0.5707973178,1.529134971,0.7396936845,-0.09038091878,0.5607351409,0.3609163953,0,1
1060,35333333333,0,0,0.1678109634,-0.5728949753,1.527566967,0.7390280994,-0.0898187546,0.5594905046,0.3643356075,0,1
1061,35366666667,0,0,0.1669687889,-0.5728131662,1.528950627,0.7351914869,-0.08518813005,0.5620791813,0.3691929767,0,1
1062,35400000000,0,1,0.1660203364,-0.5741635537,1.531051545,0.7319998034,-0.08283433053,0.5657552019,0.3704535234,0,1
1063,35433333333,0,0,0.1651299537,-0.5742989602,1.531109109,0.7316772766,-0.07768772495,0.5666536419,0.3708323482,0,1
1064,35466666667,0,0,0.1645280169,-0.5759437882,1.532574586,0.7291560964,-0.07730818352,0.5699976731,0.3707525919,0,1
1065,35500000000,0,0,0.163379548,-0.5750437531,1.533223813,0.7280411034,-0.07049226824,0.5722260017,0.3708697815,0,1
1066,35533333333,0,0,0.1622595693,-0.5769805319,1.533686746,0.7286025496,-0.06770387696,0.571543511,0.3713388276,0,1
1067,35566666667,0,0,0.1610689937,-0.5777610364,1.53382753,0.7272781438,-0.0645667214,0.5715495605,0.3744712805,0,1
1068,35600000000,0,1,0.1612257624,-0.5799063059,1.538627171,0.7234846021,-0.0617469007,0.5749687454,0.3770521086,0,1
1069,35633333333,0,0,0.1601224268,-0.5827386273,1.538383322,0.7252406449,-0.06094770491,0.5714926361,0.3790877881,0,1
1070,35666666667,0,0,0.159222273,-0.5837659585,1.543692875,0.7237792671,-0.05885481112,0.5752165162,0.3765709008,0,1
1071,35700000000,0,0,0.1566134775,-0.5873949051,1.543656798,0.7252838881,-0.05999753777,0.5740550572,0.3752657304,0,1
1072,35733333333,0,0,0.1548247728,-0.5882397678,1.546628478,0.7240312805,-0.05857684536,0.5747727042,0.3768073734,0,1
1073,35766666667,0,0,0.1542151826,-0.5897988482,1.547848968,0.7249878506,-0.05812681035,0.5732068377,0.3774225902,0,1
1074,35800000000,0,1,0.1504958746,-0.5916459131,1.552128338,0.7228926363,-0.05762163468,0.5768544325,0.3759587042,0,1
1075,35833333333,0,0,0.1484507251,-0.5929549591,1.554693255,0.721716251,-0.05588472603,0.5769386983,0.3783441408,0,1
1076,35866666667,0,0,0.1473729798,-0.5947937414,1.556442938,0.7223721144,-0.05703324906,0.5758047796,0.378648376,0,1
1077,35900000000,0,0,0.1449264437,-0.5967732942,1.558489774,0.7217872545,-0.0592239082,0.576977491,0.3776409179,0,1
1078,35933333333,0,0,0.1431198208,-0.5976819463,1.561305266,0.7198412038,-0.05865182712,0.5788679118,0.3785505847,0,1
1079,35966666667,0,0,0.1409882769,-0.599964132,1.563556021,0.7183458926,-0.05892636062,0.5801025687,0.3794573393,0,1
1080,36000000000,0,1,0.1385739753,-0.6014526994,1.5660354,0.7157973462,-0.0593777212,0.5826873017,0.3802419675,0,1
1081,36033333333,0,0,0.1373284882,-0.6031705284,1.567576347,0.712963183,-0.06013195714,0.5855397247,0.3810654513,0,1
1082,36066666667,0,0,0.134313426,-0.6051838916,1.569049,0.7088105492,-0.05843163571,0.5894191796,0.3830905637,0,1
1083,36100000000,0,0,0.132316263,-0.6069853071,1.570593869,0.7050157978,-0.05771633841,0.5927175098,0.3851071314,0,1
1084,36133333333,0,0,0.1312514807,-0.6089281975,1.571786769,0.7010730732,-0.0567353442,0.596513178,0.3865872155,0,1
1085,36166666667,0,0,0.127471685,-0.611383234,1.573083835,0.6970361209,-0.05433766919,0.6014889027,0.3865218801,0,1
1086,36200000000,0,1,0.1255002057,-0.6130927895,1.575597511,0.6920468482,-0.05146965082,0.6063458193,0.3882869846,0,1
1087,36233333333,0,0,0.1265939266,-0.6139449969,1.578099516,0.6892786477,-0.04867762075,0.6109086811,0.3864143093,0,1
1088,36266666667,0,0,0.1200196436,-0.6182589213,1.577885298,0.6867996076,-0.0424470835,0.6158483809,0.3837125432,0,1
1089,36300000000,0,0,0.1166484598,-0.620109212,1.578768172,0.6820539418,-0.04047600415,0.6199242078,0.385821319,0,1
1090,36333333333,0,0,0.1139998524,-0.6220632021,1.580171224,0.6771739642,-0.03421881145,0.6243862482,0.3878225214,0,1
1091,36366666667,0,0,0.1083972862,-0.6245519496,1.580295621,0.6746320963,-0.03145839314,0.6261103852,0.3897020524,0,1
1092,36400000000,0,1,0.108363896,-0.6262338324,1.582075039,0.6706894792,-0.03226257155,0.6294252911,0.3910991587,0,1
1093,36433333333,0,0,0.1050639573,-0.6280923865,1.582840239,0.6684973386,-0.03140419721,0.6326879253,0.3896550704,0,1
1094,36466666667,0,0,0.1015218145,-0.629651961,1.583436111,0.6652856963,-0.0297720926,0.6363606776,0.3892989248,0,1
1095,36500000000,0,0,0.1003377901,-0.6304660603,1.584768827,0.661744644,-0.02854160874,0.6394179277,0.3904153128,0,1
1096,36533333333,0,0,0.09791777055,-0.6325930693,1.584995679,0.659153768,-0.02631616651,0.6425555368,0.3898027085,0,1
1097,36566666667,0,0,0.09533921666,-0.6334117384,1.585951486,0.6555181352,-0.02428976802,0.6457407641,0.390800265,0,1
1098,36600000000,0,1,0.09772898028,-0.6343590022,1.587141675,0.6528909487,-0.02378290632,0.6491316732,0.3896098733,0,1
1099,36633333333,0,0,0.09157676254,-0.6366377534,1.586736492,0.6505202706,-0.01776278692,0.652144991,0.3888634356,0,1
1100,36666666667,0,0,0.0923306513,-0.6372044356,1.588186628,0.6469185085,-0.01489414043,0.6543548412,0.3912727307,0,1
1101,36700000000,0,0,0.09129106428,-0.639347408,1.588588048,0.6458131704,-0.01174121614,0.6562922061,0.3899590146,0,1
1102,36733333333,0,0,0.08751883163,-0.641324758,1.589127363,0.6440204933,-0.008984646948,0.659056029,0.3883323717,0,1
1103,36766666667,0,0,0.0858141949,-0.6420786583,1.59034755,0.6421887729,-0.006950504452,0.6606972116,0.3886186628,0,1
1104,36800000000,0,0,0.08425624113,-0.643413874,1.591196335,0.6409701387,-0.005562658762,0.6618365877,0.3887141228,0,1
1105,36833333333,0,0,0.08096137717,-0.6451819839,1.592194783,0.6396202158,-0.006244134851,0.66327258,0.388479697,0,1
1106,36866666667,0,0,0.08230658214,-0.6450962806,1.593800056,0.637660495,-0.00807758082,0.6651315472,0.3884892157,0,1
1107,36900000000,0,1,0.07783491856,-0.647184426,1.595971914,0.6365057954,-0.007314787429,0.6673723703,0.3865501076,0,1
1108,36933333333,0,0,0.07683942031,-0.6475661574,1.597160548,0.6342842378,-0.008399265506,0.6680761291,0.388956609,0,1
1109,36966666667,0,0,0.07754667857,-0.6485608387,1.597994821,0.6319819776,-0.01100221511,0.6702342349,0.3889264732,0,1
1110,37000000000,0,0,0.07451419952,-0.6494596981,1.599024321,0.6289342715,-0.01009985938,0.6730278391,0.389067093,0,1
1111,37033333333,0,0,0.07415091154,-0.6500237497,1.60059279,0.6248517832,-0.009092109705,0.6744399921,0.3932025937,0,1
1112,37066666667,0,0,0.07575035351,-0.6509825643,1.602069007,0.6217861168,-0.00887306771,0.6758813587,0.3955852406,0,1
1113,37100000000,0,0,0.07356309933,-0.6523215342,1.603452986,0.6189544466,-0.008959347107,0.6786948018,0.3952068941,0,1
1114,37133333333,0,0,0.07426500094,-0.6531710033,1.605211567,0.6150770915,-0.01006884906,0.6812769879,0.3967876705,0,1
1115,37166666667,0,1,0.07398849432,-0.6546172319,1.607177402,0.6120056077,-0.008824970497,0.6831347779,0.3983693403,0,1
1116,37200000000,0,0,0.07305645828,-0.656068517,1.609370668,0.6086018254,-0.006872690666,0.684358634,0.4015094573,0,1
1117,37233333333,0,0,0.07373403331,-0.6574187148,1.611141161,0.6055187135,-0.009194258588,0.6862246742,0.4029370295,0,1
1118,37266666667,0,0,0.07508749958,-0.6590697301,1.613762465,0.6012560617,-0.01113527043,0.6902844228,0.4023363887,0,1
1119,37300000000,0,0,0.07318485248,-0.6609600031,1.616520561,0.597782653,-0.009324008652,0.693036637,0.4028264916,0,1
1120,37333333333,0,0,0.07249192108,-0.6628653257,1.619748473,0.592657968,-0.00540976027,0.6942366853,0.4083658803,0,1
1121,37366666667,0,1,0.0734740229,-0.6641453842,1.623373636,0.5887289906,-0.003758406585,0.6951681264,0.4124625146,0,1
1122,37400000000,0,0,0.07361046563,-0.6656469894,1.625789149,0.5849906096,-0.002831546258,0.6971106888,0.4145053156,0,1
1123,37433333333,0,0,0.07301285745,-0.6674508763,1.630066429,0.5802765486,-0.001949294479,0.7004044571,0.4155826319,0,1
1124,37466666667,0,0,0.07236452497,-0.6692525124,1.634139676,0.5762633312,-0.001343355717,0.7025715293,0.4175069038,0,1
1125,37500000000,0,0,0.07349904991,-0.6711269046,1.637260169,0.5728974446,-0.002266344553,0.704786575,0.4184008429,0,1
1126,37533333333,0,0,0.07165455031,-0.6732251363,1.641288666,0.5680994765,-0.002077100265,0.7085125285,0.4186510091,0,1
1127,37566666667,0,1,0.07166708381,-0.6754070959,1.645950699,0.5643791901,-0.002428277865,0.710311923,0.4206271571,0,1
1128,37600000000,0,0,0.07084839525,-0.6773775848,1.649885108,0.5610523305,-0.002402512657,0.7115143402,0.4230388328,0,1
1129,37633333333,0,0,0.07248230236,-0.6798544038,1.653209639,0.5575515,-0.004604065474,0.7134075319,0.4244582676,0,1
1130,37666666667,0,0,0.07177733632,-0.6828094989,1.657691483,0.5549233316,-0.005465616067,0.7158226431,0.4238256324,0,1
1131,37700000000,0,0,0.0723273025,-0.6854728899,1.662138962,0.552585551,-0.005726971916,0.7171093086,0.4247006594,0,1
1132,37733333333,0,0,0.07380826241,-0.6876564569,1.664747597,0.5512719595,-0.006160718565,0.7183392291,0.4243230187,0,1
1133,37766666667,0,1,0.07359733916,-0.69049458,1.667772922,0.5498139351,-0.005027611191,0.720812582,0.422029124,0,1
1134,37800000000,0,0,0.07189103501,-0.6938043083,1.67229332,0.5475843876,-0.00315626644,0.7226279025,0.4218415471,0,1
1135,37833333333,0,0,0.0732228495,-0.6963232818,1.675604329,0.5452731952,1.448575373e-05,0.7226334754,0.4248270266,0,1
1136,37866666667,0,0,0.07168186562,-0.6992266026,1.67791159,0.5447937107,0.001772935266,0.7229980955,0.4248181063,0,1
1137,37900000000,0,0,0.07123650391,-0.7015091168,1.681098903,0.5425134338,0.0003227538083,0.7246068726,0.424998765,0,1
1138,37933333333,0,0,0.07051643617,-0.7070168652,1.686211808,0.5395195842,0.00078595465,0.7276815848,0.4235534342,0,1
1139,37966666667,0,1,0.07008680937,-0.7095292644,1.68886935,0.5367932944,-0.0008602332783,0.7295824748,0.4237471318,0,1
1140,38000000000,0,0,0.06988358811,-0.7123658879,1.691573118,0.5334214554,-0.001221805147,0.7316937984,0.424363339,0,1
1141,38033333333,0,0,0.06840086991,-0.7149625391,1.695003263,0.5298056256,-0.0004182245411,0.7335825634,0.4256318207,0,1
1142,38066666667,0,0,0.06743025146,-0.7172394988,1.697684369,0.5258462827,-0.0008916567847,0.735137134,0.4278531128,0,1
1143,38100000000,0,0,0.06837461479,-0.7190380214,1.700098703,0.5210939914,-0.002584084319,0.7377201419,0.4292124963,0,1
1144,38133333333,0,0,0.06747820444,-0.721803776,1.704270051,0.5171345865,-0.003146569138,0.7408342301,0.4286333655,0,1
1145,38166666667,0,1,0.06510410842,-0.724805953,1.709752215,0.5124521995,-0.004774032199,0.7435758239,0.4294938252,0,1
1146,38200000000,0,0,0.0672503441,-0.7267555154,1.71244138,0.5073538059,-0.006215376201,0.7454832043,0.4322132308,0,1
1147,38233333333,0,0,0.06556679358,-0.7298013428,1.717092128,0.50339048,-0.006535952404,0.7487576854,0.4311812084,0,1
1148,38266666667,0,0,0.06370874841,-0.7326122303,1.722128496,0.4983769166,-0.00785885821,0.7513322727,0.432502605,0,1
1149,38300000000,0,0,0.06544830783,-0.7350341412,1.725665158,0.4941213461,-0.008784453312,0.7533741751,0.4338136477,0,1
1150,38333333333,0,0,0.06302148918,-0.7382876977,1.730195958,0.4908280307,-0.009464753053,0.7564991342,0.4320964275,0,1
1151,38366666667,0,1,0.06436131764,-0.7405493839,1.736529854,0.4849828552,-0.01086714883,0.7607093423,0.4312711812,0,1
1152,38400000000,0,0,0.06352671142,-0.7446870407,1.741794536,0.4804793079,-0.007113047096,0.7631824746,0.4320203117,0,1
1153,38433333333,0,0,0.06186193097,-0.7477340025,1.747956226,0.4763771066,-0.004735564213,0.7647963863,0.4337383015,0,1
1154,38466666667,0,0,0.0632564689,-0.7499309822,1.751792977,0.4738075642,-0.004307337794,0.7657753933,0.4348285708,0,1
1155,38500000000,0,0,0.06158554464,-0.7526635956,1.757761185,0.4706385806,-0.004157581927,0.7683797295,0.4336757225,0,1
1156,38533333333,0,0,0.06159074323,-0.7564186406,1.76418973,0.4668716491,-0.003718486391,0.7694850875,0.4357863424,0,1
1157,38566666667,0,1,0.06239156047,-0.7585355711,1.769377204,0.4646791914,-0.002999899906,0.7696965225,0.4377573675,0,1
1158,38600000000,0,0,0.0624213304,-0.7593658954,1.772436761,0.4619913456,-0.003969543678,0.7712686172,0.4378275453,0,1
1159,38633333333,0,0,0.06291023492,-0.7625171239,1.776987208,0.4582707989,-0.005650110717,0.773471799,0.4378325334,0,1
1160,38666666667,0,0,0.06279744988,-0.7651727826,1.781813778,0.4551456736,-0.005111851712,0.7749543871,0.4384768895,0,1
1161,38700000000,0,0,0.06292406646,-0.7671753338,1.784780696,0.4519267814,-0.004243258367,0.7761615872,0.4396787117,0,1
1162,38733333333,0,0,0.0634292926,-0.7687649767,1.787538394,0.4479291715,-0.003981953005,0.7782108274,0.4401494171,0,1
1163,38766666667,0,1,0.06371659315,-0.7716178728,1.792009017,0.4430279373,-0.002878379071,0.7809222322,0.4403162828,0,1
1164,38800000000,0,0,0.06333172968,-0.7739279893,1.79603239,0.4376967798,-0.000496728487,0.7825569134,0.4427481897,0,1
1165,38833333333,0,0,0.06419847636,-0.7747365005,1.797811836,0.4326000261,0.001226074611,0.7838994448,0.445373298,0,1
1166,38866666667,0,0,0.06511297013,-0.7757180786,1.79957214,0.4271603606,0.0015126081,0.7863848577,0.4462405112,0,1
1167,38900000000,0,0,0.065612197,-0.777269756,1.802861133,0.4214133989,0.0006645441097,0.7896045297,0.4460212914,0,1
1168,38933333333,0,0,0.06719528383,-0.7792247068,1.806412272,0.4156256151,0.001633046619,0.7914383624,0.4481941542,0,1
1169,38966666667,0,1,0.06817849666,-0.7801618416,1.808353853,0.4116037724,0.003755571124,0.7926048996,0.4498285267,0,1
1170,39000000000,0,0,0.06878592247,-0.7809228828,1.810067228,0.4071356991,0.002332034489,0.794794276,0.4500412681,0,1
1171,39033333333,0,0,0.07053467151,-0.7830111672,1.813248578,0.4017519244,0.0002998844969,0.7979056225,0.449379482,0,1
1172,39066666667,0,0,0.07103570946,-0.785142984,1.816740491,0.3971926672,0.0002920543516,0.800177535,0.4493927151,0,1
1173,39100000000,0,0,0.07260371129,-0.7858639628,1.818965566,0.3919642392,-0.0002572888896,0.8021829295,0.4504070565,0,1
1174,39133333333,0,0,0.07529214275,-0.7876501049,1.820272845,0.3865569371,-0.0007003462004,0.8045960683,0.4507753439,0,1
1175,39166666667,0,1,0.0760040981,-0.7900738651,1.823543068,0.3813838365,-3.142928722e-05,0.8073561705,0.4502470235,0,1
1176,39200000000,0,0,0.07781357101,-0.7916034179,1.826444072,0.3756565083,0.0006739521426,0.8096928352,0.4508649977,0,1
1177,39233333333,0,0,0.08097667052,-0.7928348563,1.828098919,0.3696677874,0.001820742676,0.8120058918,0.4516512411,0,1
1178,39266666667,0,0,0.08285528829,-0.7943902695,1.83131622,0.3638039159,0.003131843428,0.8151189671,0.4507970406,0,1
1179,39300000000,0,0,0.08568511713,-0.795090255,1.833373227,0.3585887132,0.002365125487,0.8180389197,0.449689745,0,1
1180,39333333333,0,0,0.08912116023,-0.7964476852,1.834433218,0.352298386,0.002852505903,0.821596869,0.4481699402,0,1
1181,39366666667,0,1,0.08995559502,-0.7996755037,1.838965641,0.3460189407,0.004856996196,0.8254263286,0.4460030026,0,1
1182,39400000000,0,0,0.09196690115,-0.8018246614,1.842443973,0.3388273379,0.008116161304,0.8275200848,0.4475943166,0,1
1183,39433333333,0,0,0.09514300703,-0.8029027202,1.844929049,0.3326515924,0.01074416323,0.8292754262,0.4489206483,0,1
1184,39466666667,0,0,0.09602596739,-0.805425532,1.849103551,0.3270020658,0.01236266029,0.8308813188,0.4500589379,0,1
1185,39500000000,0,0,0.09890180973,-0.8073696821,1.852704358,0.3203423304,0.01413356985,0.8312579068,0.4540829505,0,1
1186,39533333333,0,0,0.1033535943,-0.8069436273,1.853711981,0.3158835697,0.01561016859,0.8317806105,0.4561961301,0,1
1187,39566666667,0,1,0.1033450074,-0.8087950145,1.857770662,0.312791282,0.0140171852,0.8335750559,0.4551019211,0,1
1188,39600000000,0,0,0.1067050454,-0.8109708588,1.86050224,0.3070422193,0.0132760612,0.8339370253,0.4583643307,0,1
1189,39633333333,0,0,0.1105191529,-0.8129387776,1.861935881,0.303360851,0.01606899,0.8334995758,0.4615110386,0,1
1190,39666666667,0,0,0.1116570873,-0.8140560344,1.865125473,0.3009635819,0.01680631733,0.8339579145,0.4622257749,0,1
1191,39700000000,0,0,0.1155327831,-0.8146221174,1.865901222,0.297240055,0.0155595456,0.834357171,0.4639551287,0,1
1192,39733333333,0,0,0.118947319,-0.8168428592,1.866948356,0.2947136865,0.01572831753,0.8351361273,0.4641595759,0,1
1193,39766666667,0,1,0.1203912642,-0.8198217939,1.871551177,0.2917219609,0.01632472397,0.8361715648,0.46416475,0,1
1194,39800000000,0,0,0.1237912205,-0.8203454484,1.872098214,0.28844945,0.01706184016,0.8361093651,0.4662906154,0,1
1195,39833333333,0,0,0.1268452115,-0.8219904572,1.873052577,0.2856816076,0.01638831565,0.8375910706,0.465358615,0,1
1196,39866666667,0,0,0.1285426889,-0.8248008784,1.876622945,0.2825787625,0.01604097703,0.8391375231,0.4644783604,0,1
1197,39900000000,0,0,0.1314430654,-0.8259924617,1.878797786,0.2783068452,0.01681524254,0.8395880801,0.4662128304,0,1
1198,39933333333,0,0,0.1353930393,-0.8265293465,1.879639683,0.2744294117,0.01784301781,0.8400970675,0.4675543197,0,1
1199,39966666667,0,1,0.1368276531,-0.8266786369,1.881162872,0.2717687046,0.01707006578,0.841184586,0.467181845,0,1
1200,40000000000,0,0,0.1406312399,-0.8281820195,1.883169671,0.266548404,0.0154187505,0.8426107256,0.4676765716,0,1
1201,40033333333,0,0,0.1442019574,-0.8304360837,1.884619013,0.2624842578,0.01589786543,0.8433363393,0.4686502865,0,1
1202,40066666667,0,0,0.1470597937,-0.8309893125,1.887941548,0.2581548899,0.01654847328,0.8445823783,0.4687886593,0,1
1203,40100000000,0,0,0.1505126782,-0.8299823136,1.887299303,0.2542087667,0.01469876405,0.8460666398,0.4683301082,0,1
1204,40133333333,0,0,0.1544565815,-0.8325095148,1.890449216,0.2477448706,0.01421852252,0.8486989961,0.4670442449,0,1
1205,40166666667,0,1,0.1595030569,-0.8336086951,1.892765159,0.241808,0.01478278066,0.8508450032,0.4662329258,0,1
1206,40200000000,0,0,0.1633629443,-0.8337482621,1.89374444,0.2358567625,0.01537733964,0.8535702482,0.4642768101,0,1
1207,40233333333,0,0,0.1676153136,-0.8355573298,1.895663395,0.2288930905,0.01495718439,0.857547476,0.4604308439,0,1
1208,40266666667,0,0,0.1706741247,-0.8391275094,1.899557935,0.2208250871,0.01774316846,0.8607100642,0.4583662796,0,1
1209,40300000000,0,0,0.1756983401,-0.8400806737,1.900570682,0.2128775304,0.02150734953,0.8630334637,0.4575957075,0,1
1210,40333333333,0,0,0.1789982916,-0.8431964323,1.903338419,0.2059198195,0.02482912264,0.8658351105,0.4553131934,0,1
1211,40366666667,0,1,0.1836909064,-0.8466176911,1.907181785,0.1987149507,0.02714400691,0.86785007,0.4545457373,0,1
1212,40400000000,0,0,0.1876164888,-0.8488411929,1.910504306,0.1931896481,0.03000819487,0.8688922448,0.4547565667,0,1
1213,40433333333,0,0,0.1957724221,-0.8502215726,1.914958407,0.1866944371,0.02400094807,0.8716977943,0.4524512096,0,1
1214,40466666667,0,0,0.1999348939,-0.8517190313,1.917345256,0.1827680905,0.01897627685,0.8730264385,0.4517306318,0,1
1215,40500000000,0,0,0.2053865873,-0.8529775161,1.918161687,0.178598585,0.01699208901,0.8740022369,0.4515904165,0,1
1216,40533333333,0,0,0.2089311759,-0.8552875955,1.921959099,0.1751847013,0.01764995063,0.8747788655,0.4513986443,0,1
1217,40566666667,0,1,0.2134049135,-0.8560552233,1.923842583,0.1705738481,0.01816953894,0.8747875463,0.453123801,0,1
1218,40600000000,0,0,0.2177634535,-0.8569148187,1.924490831,0.1660268841,0.01867830665,0.8752259207,0.4539446909,0,1
1219,40633333333,0,0,0.2210576072,-0.8569488804,1.927178437,0.1621867097,0.0172504599,0.8757838876,0.4543131904,0,1
1220,40666666667,0,0,0.2257053329,-0.8568286021,1.92654264,0.1571337521,0.01441116984,0.875997945,0.4557728628,0,1
1221,40700000000,0,0,0.2311016741,-0.8577759275,1.927527192,0.1523472589,0.01328764461,0.8769978341,0.4555091109,0,1
1222,40733333333,0,0,0.235723498,-0.858559325,1.928162454,0.1490289836,0.01261659478,0.8776345506,0.4553995818,0,1
1223,40766666667,0,1,0.2410515998,-0.8581320122,1.927596397,0.1449438855,0.01175044139,0.8787228868,0.4546419309,0,1
1224,40800000000,0,0,0.2457732202,-0.8590893786,1.927857045,0.141342412,0.01087407485,0.8802723676,0.4527964619,0,1
1225,40833333333,0,0,0.2502454452,-0.8598442945,1.928956627,0.1380605057,0.009514988742,0.8815803544,0.4512924113,0,1
1226,40866666667,0,0,0.2553188301,-0.8601240721,1.928620478,0.1335664009,0.008908325152,0.8825132507,0.450833695,0,1
1227,40900000000,0,0,0.2599133616,-0.8603249944,1.929010078,0.1295014302,0.008565989764,0.8835774763,0.4499409369,0,1
1228,40933333333,0,0,0.2645963977,-0.8601044478,1.928207722,0.1248364578,0.006845384801,0.8844001012,0.4496726147,0,1
1229,40966666667,0,0,0.2708565503,-0.859048603,1.927009038,0.1195966825,0.005740070411,0.8856205917,0.4487090959,0,1
1230,41000000000,0,1,0.2758889614,-0.8603325505,1.926540388,0.1149424685,0.005316218892,0.8868538547,0.4474932482,0,1
1231,41033333333,0,0,0.2811452267,-0.8594262846,1.925352914,0.110000757,0.004294060846,0.8882133101,0.4460476547,0,1
1232,41066666667,0,0,0.2855996103,-0.8596063572,1.922609025,0.1039810629,0.004673323531,0.8898995886,0.444122529,0,1
1233,41100000000,0,0,0.2906175585,-0.8613553236,1.923984475,0.09700586155,0.007320390915,0.8913345559,0.4427854833,0,1
1234,41133333333,0,0,0.2957103174,-0.8605300036,1.921404621,0.09015075975,0.01270908273,0.891527833,0.4437222586,0,1
1235,41166666667,0,0,0.2993592255,-0.8589062915,1.918440607,0.08475274813,0.01421015953,0.8930637148,0.4416471945,0,1
1236,41200000000,0,1,0.3033175117,-0.8630380508,1.918545859,0.07748699263,0.01519233889,0.8940975901,0.4408565052,0,1
1237,41233333333,0,0,0.3086589632,-0.8634627212,1.915110077,0.07122235447,0.01784784092,0.8944417768,0.4411153349,0,1
1238,41266666667,0,0,0.3120928958,-0.8637362124,1.912506399,0.0672329129,0.01931722257,0.89614408,0.4382149795,0,1
1239,41300000000,0,0,0.315788356,-0.8650745619,1.912025165,0.06191421649,0.01847116229,0.8975632326,0.4361257726,0,1
1240,41333333333,0,0,0.3211899136,-0.866930464,1.910067854,0.05571439797,0.01996706423,0.897972934,0.4360525565,0,1
1241,41366666667,0,0,0.3253979556,-0.8678291291,1.90753247,0.05179016838,0.0223352875,0.8986761777,0.4349713106,0,1
1242,41400000000,0,1,0.3264038059,-0.8674360413,1.906887805,0.04888865986,0.02213954988,0.8998151616,0.432957751,0,1
1243,41433333333,0,0,0.3310903307,-0.8692995635,1.903958362,0.04217252429,0.02143797078,0.9000382666,0.4332355137,0,1
1244,41466666667,0,0,0.3355754916,-0.8706631322,1.901283724,0.03747075906,0.02331330212,0.9012254386,0.4310976003,0,1
1245,41500000000,0,0,0.337379303,-0.8722182141,1.902840677,0.03317771851,0.02434268138,0.9018208266,0.4301463351,0,1
1246,41533333333,0,0,0.3408654853,-0.8725419144,1.899933634,0.02525823544,0.02443433908,0.9005839705,0.4332591565,0,1
1247,41566666667,0,0,0.3469282226,-0.8723545514,1.896000001,0.01823005552,0.02512989958,0.9004008766,0.433952088,0,1
1248,41600000000,0,1,0.3472755989,-0.8725913633,1.89900524,0.01534726003,0.02564289501,0.9006617688,0.4334919627,0,1
1249,41633333333,0,0,0.3501017208,-0.8711130072,1.896936983,0.006792466231,0.02349319642,0.898708731,0.4378636192,0,1
1250,41666666667,0,0,0.3562215725,-0.8700141672,1.893005649,-0.0003374039463,0.02252492257,0.8980514406,0.4393132413,0,1
1251,41700000000,0,0,0.3572225706,-0.8711282638,1.894812919,-0.004090686031,0.02138195357,0.8975705196,0.440333102,0,1
1252,41733333333,0,1,0.3612098164,-0.8698271391,1.894235756,-0.01652752952,0.01810880853,0.8930897967,0.4492098917,0,1
1253,41766666667,0,1,0.3698022321,-0.85975271,1.87908377,-0.02776368138,0.01194653114,0.8909276785,0.4531383123,0,1
1254,41800000000,0,0,0.3697960721,-0.86222745,1.882536886,-0.03228580521,0.005322182535,0.894360583,0.4461484605,0,1
1255,41833333333,0,0,0.3711384525,-0.8620451238,1.886024227,-0.04279099103,0.003895315902,0.8931720401,0.4476577537,0,1
1256,41866666667,0,0,0.3824879327,-0.8595087567,1.878561473,-0.0579748189,0.004718730198,0.8896513341,0.4529206969,0,1
1257,41900000000,0,0,0.3868751706,-0.8587077935,1.876600204,-0.06507507444,0.00898628013,0.8897108566,0.4517732542,0,1
1258,41933333333,0,0,0.3886211137,-0.8598334989,1.877083425,-0.07206993893,0.009607748104,0.8886028438,0.4528781306,0,1
1259,41966666667,0,1,0.3984271591,-0.8574198928,1.870128581,-0.08365784808,0.005104767522,0.8865984218,0.4548830006,0,1
1260,42000000000,0,0,0.4027818654,-0.8579229405,1.872079648,-0.09129401453,0.006962783263,0.8869504549,0.4526983689,0,1
1261,42033333333,0,0,0.4052417599,-0.8592564636,1.873973308,-0.09858542265,0.01111554462,0.884229457,0.456394157,0,1
1262,42066666667,0,0,0.4115181755,-0.8570555986,1.870425829,-0.1076124568,0.01177602191,0.8802437887,0.4620083949,0,1
1263,42100000000,0,0,0.4156398129,-0.8542579697,1.869466941,-0.1127181994,0.009244669932,0.8782114664,0.4647082567,0,1
1264,42133333333,0,0,0.4189026445,-0.8535054855,1.868127867,-0.1170523154,0.002367912003,0.875561569,0.4687057578,0,1
1265,42166666667,0,1,0.4250978953,-0.8498053602,1.866246927,-0.1244822412,-0.002636761331,0.8732965814,0.4710098725,0,1
1266,42200000000,0,0,0.429969322,-0.8484749751,1.864409882,-0.1292503739,-0.004099115582,0.8714751862,0.4730840708,0,1
1267,42233333333,0,0,0.4333661946,-0.8477384652,1.86408051,-0.133605551,-0.003845025648,0.8697734238,0.4750041724,0,1
1268,42266666667,0,0,0.4370778314,-0.8458357094,1.862175264,-0.1400520209,-0.001955201228,0.8671848012,0.477882966,0,1
1269,42300000000,0,0,0.4406040592,-0.8433410643,1.859343166,-0.1447630119,-0.0005517961758,0.8657198498,0.4791372535,0,1
1270,42333333333,0,0,0.4423615164,-0.8426702315,1.856958736,-0.147996443,-0.001732844408,0.8645219084,0.4803081511,0,1
1271,42366666667,0,1,0.4466393794,-0.8373200932,1.853195711,-0.1545824311,-0.00471241519,0.8638985422,0.4793343029,0,1
1272,42400000000,0,0,0.450848977,-0.8356284506,1.850178639,-0.1593722053,-0.005062896054,0.8636575972,0.4781949624,0,1
1273,42433333333,0,0,0.452858404,-0.8351497258,1.847862432,-0.1629584627,-0.003600831136,0.863596101,0.4771093666,0,1
1274,42466666667,0,0,0.4553014343,-0.8344356708,1.845431248,-0.1679117727,-0.004296745881,0.86328587,0.4759460907,0,1
1275,42500000000,0,0,0.458440792,-0.8329693714,1.842601788,-0.1738877188,-0.004373563811,0.8627942082,0.4746894642,0,1
1276,42533333333,0,0,0.4616843908,-0.8317074813,1.839622868,-0.1791730162,-0.002460094985,0.8627630073,0.4727906212,0,1
1277,42566666667,0,1,0.4644435514,-0.829059627,1.837262136,-0.1829608049,-0.001826778449,0.8625260606,0.4717741,0,1
1278,42600000000,0,0,0.4658880624,-0.8269104865,1.83189872,-0.1877527778,-0.003464941193,0.8611282112,0.4724352786,0,1
1279,42633333333,0,0,0.4689248541,-0.8254529196,1.829587524,-0.1931235524,-0.005047397579,0.8611187176,0.4702684036,0,1
1280,42666666667,0,0,0.4711833241,-0.8236785506,1.825860121,-0.197506643,-0.005187717353,0.8599432379,0.4705973237,0,1
1281,42700000000,0,0,0.4730297981,-0.8218579098,1.821089298,-0.2023541357,-0.005500258571,0.8588039978,0.4706147515,0,1
1282,42733333333,0,0,0.4747286356,-0.8199880946,1.815510399,-0.2070622148,-0.00666062817,0.8581422444,0.469758197,0,1
1283,42766666667,0,1,0.4764569668,-0.818423524,1.810705111,-0.2125751045,-0.006247010689,0.8580774116,0.4674141157,0,1
1284,42800000000,0,0,0.4787116873,-0.8174485224,1.808457042,-0.2195507978,-0.002679474241,0.8570517167,0.4661036608,0,1
1285,42833333333,0,0,0.480924282,-0.8147792569,1.803881341,-0.2262091722,0.00275426009,0.8550282511,0.4666353119,0,1
1286,42866666667,0,0,0.4825135287,-0.813252037,1.798440264,-0.2300576934,0.005606190454,0.8540068509,0.4665986786,0,1
1287,42900000000,0,0,0.4835786294,-0.8132828539,1.795127674,-0.2338797832,0.008146994553,0.8535049156,0.465578385,0,1
1288,42933333333,0,0,0.4856342878,-0.811931729,1.792072635,-0.2394533512,0.0113255438,0.8519457828,0.4655343252,0,1
1289,42966666667,0,1,0.487978246,-0.8087414822,1.785877604,-0.2439888062,0.01371371853,0.8503960632,0.4659484222,0,1
1290,43000000000,0,0,0.4882006,-0.8089364979,1.782187684,-0.2462000211,0.0154221082,0.8502487217,0.4649998059,0,1
1291,43033333333,0,0,0.4888778088,-0.8080926908,1.780854741,-0.2506587944,0.01552351871,0.8485358268,0.4657425682,0,1
1292,43066666667,0,0,0.4908606453,-0.8049669088,1.774882366,-0.2572518262,0.0162729851,0.8455514811,0.4675461268,0,1
1293,43100000000,0,0,0.4923886561,-0.8037310825,1.772665829,-0.2603928433,0.01779942457,0.8449409989,0.4668548554,0,1
1294,43133333333,0,0,0.4921768825,-0.8028861895,1.770124498,-0.2631926563,0.0176814042,0.8425407784,0.4696190269,0,1
1295,43166666667,0,1,0.4937494876,-0.7989408607,1.764323132,-0.2684236501,0.0154455114,0.8401292218,0.4710552736,0,1
1296,43200000000,0,0,0.494968913,-0.7977672487,1.761278189,-0.2722319116,0.013925185,0.8391326975,0.4706933093,0,1
1297,43233333333,0,0,0.4967384835,-0.7961777375,1.759170289,-0.2765193201,0.01398005241,0.8376800342,0.4707799741,0,1
1298,43266666667,0,0,0.4978379553,-0.7935926201,1.755490734,-0.2800927227,0.01397755095,0.8358811282,0.4718637879,0,1
1299,43300000000,0,0,0.4991222275,-0.7927965665,1.753416005,-0.2839530489,0.01340903321,0.834227368,0.4724992724,0,1
1300,43333333333,0,0,0.5013960427,-0.7897513679,1.750905369,-0.2886150128,0.01242482302,0.8320593189,0.4735232708,0,1
1301,43366666667,0,1,0.5035922963,-0.7869751732,1.747035067,-0.2918046019,0.01179514843,0.8303102334,0.4746534158,0,1
1302,43400000000,0,0,0.5051540981,-0.7862595482,1.745809292,-0.2946011644,0.01211131852,0.8292131601,0.4748357664,0,1
1303,43433333333,0,0,0.507421092,-0.7838669059,1.742993917,-0.2991640241,0.01068605525,0.8264353015,0.4768557302,0,1
1304,43466666667,0,0,0.5097791308,-0.7805237353,1.739354755,-0.3039159829,0.01031818263,0.8245163681,0.4771806463,0,1
1305,43500000000,0,0,0.5124292154,-0.7795734824,1.738551885,-0.3078081061,0.0115867698,0.8234002392,0.4765836366,0,1
1306,43533333333,0,0,0.5149383263,-0.7769760956,1.735998091,-0.3118992854,0.01230697635,0.8205281801,0.4788537144,0,1
1307,43566666667,0,1,0.5174836247,-0.7733078111,1.730734337,-0.3160936263,0.01181151344,0.8184863522,0.4796096317,0,1
1308,43600000000,0,0,0.5203807621,-0.7721644434,1.729697782,-0.3197973464,0.01118290933,0.8179636963,0.4780585647,0,1
1309,43633333333,0,0,0.5241852253,-0.7689437961,1.72694432,-0.3245926535,0.01084590147,0.8162416967,0.4777776347,0,1
1310,43666666667,0,0,0.5278671152,-0.7670873605,1.723627549,-0.3287142296,0.01324401173,0.8154713669,0.4762121389,0,1
1311,43700000000,0,0,0.5317002972,-0.7663219357,1.722979151,-0.3317431041,0.01640482772,0.8153779752,0.4741689068,0,1
1312,43733333333,0,0,0.5353369838,-0.7645341945,1.720103983,-0.3362026108,0.01837916928,0.8140642239,0.4732118447,0,1
1313,43766666667,0,1,0.5400942518,-0.7630339639,1.717861572,-0.3393245206,0.02055958304,0.813898614,0.4711742982,0,1
1314,43800000000,0,0,0.5442652056,-0.7628495782,1.71836772,-0.3419682054,0.02356145944,0.8131846035,0.4703545522,0,1
1315,43833333333,0,0,0.5480077323,-0.7605681521,1.714793626,-0.3461658662,0.02526171276,0.8101810254,0.4723745812,0,1
1316,43866666667,0,0,0.5517897289,-0.759254031,1.712454316,-0.3487908678,0.02450690378,0.8093569917,0.4718957536,0,1
1317,43900000000,0,0,0.5564149561,-0.757872887,1.711861742,-0.3524471195,0.02256006729,0.8079707302,0.471651747,0,1
1318,43933333333,0,0,0.5605650008,-0.7546104096,1.708761147,-0.3569682989,0.02222191246,0.8057030351,0.4721466292,0,1
1319,43966666667,0,1,0.5642138465,-0.7533932434,1.70711407,-0.3599015583,0.02502054986,0.8053616964,0.4703587763,0,1
1320,44000000000,0,0,0.5682101131,-0.7529367951,1.706670644,-0.3626392342,0.02692553274,0.8041346814,0.4702501628,0,1
1321,44033333333,0,0,0.5717489046,-0.7503667163,1.703084983,-0.3674476804,0.02769226353,0.8016411818,0.4707300249,0,1
1322,44066666667,0,0,0.5759254744,-0.7487217003,1.700717836,-0.3704507954,0.0287138826,0.8012881213,0.4689126441,0,1
1323,44100000000,0,0,0.5794429762,-0.7486667564,1.699852997,-0.3720846404,0.02972157861,0.800642182,0.4686595188,0,1
1324,44133333333,0,0,0.5824192487,-0.7469051749,1.696808512,-0.3747372116,0.02835507736,0.7989282624,0.4695547288,0,1
1325,44166666667,0,1,0.5848051044,-0.7452362278,1.69519688,-0.3762241249,0.02813717472,0.7989344473,0.4683667966,0,1
1326,44200000000,0,0,0.5884444381,-0.7446914558,1.694066873,-0.378433796,0.02996609043,0.7982263025,0.4676800888,0,1
1327,44233333333,0,0,0.5904136309,-0.7435767424,1.691244839,-0.3803844977,0.03006087837,0.7963458631,0.4692944106,0,1
1328,44266666667,0,0,0.5929719746,-0.7426173535,1.688415286,-0.3833380973,0.02792234174,0.7951330115,0.4690796733,0,1
1329,44300000000,0,0,0.5961079828,-0.7422154442,1.687126886,-0.3854783102,0.02636994354,0.7944434926,0.4685836484,0,1
1330,44333333333,0,0,0.5988240801,-0.7401276362,1.684568794,-0.3882851673,0.02648739779,0.7928323399,0.4689881954,0,1
1331,44366666667,0,1,0.5994629985,-0.7389870576,1.682758533,-0.389933353,0.02658072572,0.7918929532,0.4692025106,0,1
1332,44400000000,0,0,0.6018677807,-0.7373850601,1.680861388,-0.392340535,0.02533537843,0.7908725204,0.468985799,0,1
1333,44433333333,0,0,0.6045488808,-0.7356367772,1.679191509,-0.3950718392,0.02556142102,0.7898339899,0.46843049,0,1
1334,44466666667,0,0,0.6064146091,-0.7342974748,1.677179511,-0.3973423011,0.02643158431,0.788577645,0.4685784513,0,1
1335,44500000000,0,0,0.6086997652,-0.7334977929,1.675860877,-0.4003071493,0.02612487077,0.7869098011,0.4688759349,0,1
1336,44533333333,0,0,0.6103397234,-0.7310385822,1.672810603,-0.4029945112,0.02432325573,0.7847704551,0.4702543311,0,1
1337,44566666667,0,1,0.6113565211,-0.7299016111,1.670800546,-0.4044638283,0.0235421091,0.7843395297,0.4697512989,0,1
1338,44600000000,0,0,0.6138662213,-0.728689265,1.669499129,-0.4072725787,0.02408312066,0.7837221461,0.468325365,0,1
1339,44633333333,0,0,0.6154186171,-0.7265893157,1.666718971,-0.4101300881,0.02568949426,0.7822752329,0.4681653775,0,1
1340,44666666667,0,0,0.617418886,-0.7257370241,1.664590128,-0.4123756849,0.02751434922,0.7820214866,0.4665100744,0,1
1341,44700000000,0,0,0.6197619661,-0.7244221753,1.663157744,-0.4149043866,0.02944386862,0.7813051175,0.4653490323,0,1
1342,44733333333,0,0,0.6209015879,-0.7226466149,1.66046405,-0.4177161216,0.03116561956,0.7797099956,0.4653968937,0,1
1343,44766666667,0,1,0.6233564631,-0.7219662445,1.658877668,-0.4200204265,0.0319862759,0.7791251162,0.4642453799,0,1
1344,44800000000,0,0,0.6256379795,-0.7197698868,1.657270192,-0.4229862843,0.03349986078,0.777521522,0.4641342968,0,1
1345,44833333333,0,0,0.6269563721,-0.7173993172,1.653980021,-0.4262326735,0.03511690263,0.7756205768,0.4642254108,0,1
1346,44866666667,0,0,0.62912066,-0.7158932961,1.65162815,-0.4291991731,0.03597885319,0.77508544,0.4623160743,0,1
1347,44900000000,0,0,0.6319549478,-0.7141530286,1.650613262,-0.4329136273,0.03767570492,0.7736302687,0.4611534884,0,1
1348,44933333333,0,0,0.6336601177,-0.7115929116,1.646801754,-0.4367321147,0.04088252622,0.7713372486,0.4611209473,0,1
1349,44966666667,0,1,0.6363412547,-0.7108488921,1.645250917,-0.4390497764,0.04434818981,0.7709787515,0.4591952707,0,1
1350,45000000000,0,0,0.6385411724,-0.7093606864,1.643858018,-0.4421481372,0.04617785834,0.7687879081,0.4597148926,0,1
1351,45033333333,0,0,0.6406261792,-0.7070827547,1.640633837,-0.4461509045,0.04812698706,0.7661725083,0.4600139683,0,1
1352,45066666667,0,0,0.644049314,-0.7051782996,1.639603931,-0.4492014273,0.05181043648,0.7652767124,0.4581324151,0,1
1353,45100000000,0,0,0.6450846226,-0.7038736281,1.637355772,-0.4517202564,0.05550590956,0.7621986912,0.4603488449,0,1
1354,45133333333,0,0,0.6461307171,-0.7021215478,1.634415082,-0.4546135195,0.0559672896,0.760340553,0.4605175934,0,1
1355,45166666667,0,1,0.6486970294,-0.6998990255,1.632726016,-0.4575356482,0.0561303,0.7597531251,0.4585691975,0,1
1356,45200000000,0,0,0.6506665383,-0.6982500827,1.630783715,-0.4601256977,0.0580584008,0.7585908764,0.4576608423,0,1
1357,45233333333,0,0,0.6523313827,-0.6968925283,1.628171171,-0.4630633084,0.06017064541,0.7576311454,0.4560119663,0,1
1358,45266666667,0,0,0.6542711902,-0.6955619733,1.626539975,-0.4652582194,0.060714257,0.7574732895,0.4539634169,0,1
1359,45300000000,0,0,0.655904269,-0.6939691388,1.624596426,-0.4682034113,0.06095276296,0.7564409874,0.4526227557,0,1
1360,45333333333,0,0,0.6580565876,-0.692757282,1.622190787,-0.471105205,0.06058698471,0.7556240822,0.4510225598,0,1
1361,45366666667,0,1,0.6601164053,-0.6905299342,1.619602379,-0.4728940525,0.05885944238,0.7555399935,0.4495176297,0,1
1362,45400000000,0,0,0.6624946652,-0.6895104782,1.617955819,-0.4739770243,0.05704809252,0.7552879042,0.4490339378,0,1
1363,45433333333,0,0,0.6648273228,-0.6876874441,1.615542651,-0.4763083382,0.05677440493,0.7542504452,0.4483450678,0,1
1364,45466666667,0,0,0.6670677758,-0.6865553965,1.612995286,-0.4776898624,0.05697415064,0.7538894921,0.4474561153,0,1
1365,45500000000,0,0,0.6696098013,-0.6854207607,1.610677223,-0.4781233065,0.05581477917,0.7540124214,0.4469318545,0,1
1366,45533333333,0,0,0.6727358343,-0.6840197299,1.608903468,-0.4789376557,0.05474830331,0.7539177415,0.4463511893,0,1
1367,45566666667,0,1,0.676550319,-0.6819641463,1.605900646,-0.4803390491,0.05466427267,0.7528163091,0.4467144726,0,1
1368,45600000000,0,0,0.6797911344,-0.6802877625,1.603757195,-0.4807277358,0.05508891687,0.7520906167,0.4474659311,0,1
1369,45633333333,0,0,0.6831068931,-0.6790067328,1.601295175,-0.480085681,0.05422936033,0.751591154,0.4490964847,0,1
1370,45666666667,0,0,0.6869629142,-0.6774318453,1.599335098,-0.4804226028,0.05285316612,0.7509098389,0.4500389755,0,1
1371,45700000000,0,0,0.6909787204,-0.6751658628,1.596786347,-0.4806962387,0.05160643281,0.7501104356,0.4512230453,0,1
1372,45733333333,0,0,0.6951381983,-0.6739215911,1.594380015,-0.480123862,0.05131778358,0.750190883,0.4517313374,0,1
1373,45766666667,0,1,0.7004983305,-0.6717498669,1.592190036,-0.4804410596,0.05056619331,0.7499505036,0.4518779598,0,1
1374,45800000000,0,0,0.7041185026,-0.6702236642,1.590456322,-0.4802851823,0.05038599885,0.7494497002,0.4528935212,0,1
1375,45833333333,0,0,0.7093121262,-0.6688879642,1.587981378,-0.4816977907,0.05074198839,0.7491203359,0.4518973461,0,1
1376,45866666667,0,0,0.7146523045,-0.6681192873,1.587298135,-0.4816393249,0.05130186405,0.7492952793,0.4516063152,0,1
1377,45900000000,0,0,0.7178619421,-0.6668421845,1.585245947,-0.483555433,0.05290001308,0.7476905316,0.4520338491,0,1
1378,45933333333,0,0,0.7224036512,-0.6663181808,1.582579174,-0.4853153036,0.05279671249,0.7478789513,0.4498429031,0,1
1379,45966666667,0,1,0.7279954881,-0.6642579775,1.581896671,-0.4869108017,0.05182166874,0.7486430146,0.4469519242,0,1
1380,46000000000,0,0,0.7324822507,-0.6634037494,1.580572957,-0.4888059839,0.05200752809,0.7480531323,0.4458479991,0,1
1381,46033333333,0,0,0.7371613105,-0.6626423987,1.578828923,-0.4911804176,0.05241956618,0.7473757928,0.4443235428,0,1
1382,46066666667,0,0,0.742149436,-0.6622622071,1.577641556,-0.4920175331,0.05252579069,0.7475138738,0.4431509866,0,1
1383,46100000000,0,0,0.7469369686,-0.661542414,1.57610199,-0.4937018001,0.05248320989,0.7471266385,0.4419341933,0,1
1384,46133333333,0,0,0.7520960358,-0.6610265233,1.574254286,-0.4950473591,0.05289581925,0.747233979,0.4401948719,0,1
1385,46166666667,0,1,0.7563944323,-0.6589778506,1.572287843,-0.4962171645,0.05345246359,0.7483788437,0.4368529114,0,1
1386,46200000000,0,0,0.7614829529,-0.6581542649,1.570928835,-0.4959806883,0.05279831997,0.7498041428,0.4347519313,0,1
1387,46233333333,0,0,0.7660678339,-0.657680723,1.568732972,-0.4955695336,0.05251948544,0.751284246,0.4326944913,0,1
1388,46266666667,0,0,0.7709495446,-0.6570650943,1.567320241,-0.4940402903,0.05132217781,0.7538455682,0.4301244993,0,1
1389,46300000000,0,0,0.7759805961,-0.656672044,1.565562177,-0.4923857028,0.05062273403,0.755913421,0.4284723543,0,1
1390,46333333333,0,0,0.7800103755,-0.655569295,1.563989202,-0.4900316452,0.0500673667,0.7583742374,0.4268849511,0,1
1391,46366666667,0,1,0.784605154,-0.6547432712,1.562014327,-0.4884298402,0.04843189254,0.7602002794,0.4256596976,0,1
1392,46400000000,0,0,0.7882962586,-0.6540403109,1.560777642,-0.4868068875,0.0475020197,0.7616809576,0.4249761537,0,1
1393,46433333333,0,0,0.7917742562,-0.6532077745,1.558565738,-0.485568259,0.04736556106,0.7627976283,0.4244051693,0,1
1394,46466666667,0,0,0.795695459,-0.652754422,1.557122107,-0.483826548,0.04641952933,0.763706835,0.4248634709,0,1
1395,46500000000,0,0,0.7985316673,-0.6512958687,1.55501468,-0.4836642221,0.04690448551,0.763703981,0.4250001399,0,1
1396,46533333333,0,0,0.8013970161,-0.6502961781,1.552494873,-0.4826094225,0.04669942019,0.7641792786,0.4253672997,0,1
1397,46566666667,0,0,0.8037481169,-0.6491151919,1.55024704,-0.4805235764,0.04575299973,0.7655149915,0.4254298453,0,1
1398,46600000000,0,1,0.8073392374,-0.6468431152,1.547750147,-0.4798278739,0.04391885545,0.7660803399,0.4253907125,0,1
1399,46633333333,0,0,0.8100566356,-0.644691053,1.545263462,-0.4785923544,0.04357232576,0.7662421798,0.426525184,0,1
1400,46666666667,0,0,0.8119173713,-0.6431870393,1.542481492,-0.4763955708,0.04301525321,0.7668130823,0.4280124355,0,1
1401,46700000000,0,0,0.814874069,-0.6420313746,1.539860627,-0.4742783909,0.0412844894,0.7677029361,0.4289379918,0,1
1402,46733333333,0,0,0.8169168974,-0.6403218078,1.538042413,-0.4723702124,0.03984371288,0.7679360647,0.4307587044,0,1
1403,46766666667,0,0,0.8180104224,-0.6387414413,1.533808806,-0.4708016722,0.0390302653,0.7685933662,0.4313776318,0,1
1404,46800000000,0,0,0.8207011276,-0.6380235266,1.531839091,-0.4681584657,0.03678734509,0.7703806447,0.4312632658,0,1
1405,46833333333,0,1,0.822144063,-0.6364224777,1.529226874,-0.4672122635,0.03556978091,0.7708023696,0.4316378093,0,1
1406,46866666667,0,0,0.8239657981,-0.634382715,1.525621749,-0.4665800409,0.03576345681,0.7721641999,0.4298679902,0,1
1407,46900000000,0,0,0.8265243296,-0.6339027481,1.523347112,-0.4647898679,0.03645734827,0.7739726817,0.4284944906,0,1
1408,46933333333,0,0,0.8269737156,-0.6333177378,1.520368609,-0.4644530013,0.03723393493,0.774234424,0.428320091,0,1
1409,46966666667,0,0,0.8279893768,-0.632455847,1.515547692,-0.4649684979,0.03716389112,0.774848285,0.4266535789,0,1
1410,47000000000,0,0,0.8313730898,-0.6291875971,1.510669751,-0.4657548205,0.0377580235,0.7757279904,0.4241377886,0,1
1411,47033333333,0,1,0.8322271817,-0.6277286545,1.506329187,-0.4668075913,0.03850173845,0.7759352533,0.4225313852,0,1
1412,47066666667,0,0,0.8336405719,-0.6266799796,1.503917451,-0.4674264065,0.03788020315,0.7763333879,0.4211699367,0,1
1413,47100000000,0,0,0.8348310486,-0.6248510646,1.500198558,-0.4693587315,0.03798729301,0.7756933199,0.4201895051,0,1
1414,47133333333,0,0,0.8360234903,-0.6226662177,1.496594407,-0.4710524178,0.03886086371,0.7756002593,0.4183822304,0,1
1415,47166666667,0,0,0.8373206825,-0.6220856077,1.492931438,-0.4718582414,0.03942890184,0.7757140735,0.4172083866,0,1
1416,47200000000,0,0,0.8383297636,-0.6211140041,1.489788343,-0.4733743512,0.03946126074,0.7754434906,0.415989093,0,1
1417,47233333333,0,1,0.8418697911,-0.6188019235,1.484744963,-0.4757870327,0.03895483975,0.7750043795,0.4140983358,0,1
1418,47266666667,0,0,0.8447854364,-0.6172060191,1.481967542,-0.4767885363,0.04157402394,0.7749679693,0.4127577241,0,1
1419,47300000000,0,0,0.8458904989,-0.6156935969,1.476514191,-0.4773459816,0.0431574824,0.773888978,0.4139735442,0,1
1420,47333333333,0,0,0.8482581749,-0.6144625127,1.473432636,-0.4772423888,0.04226305924,0.7744202939,0.4131909299,0,1
1421,47366666667,0,0,0.8519154231,-0.6116401826,1.470434559,-0.4776338576,0.04242832112,0.7744013718,0.4127568908,0,1
1422,47400000000,0,0,0.8531788889,-0.6101519929,1.465459859,-0.4773265756,0.04367464819,0.7738507732,0.414013099,0,1
1423,47433333333,0,1,0.8594717705,-0.6081995832,1.457210054,-0.477723111,0.0439120082,0.7733717535,0.4144255007,0,1
1424,47466666667,0,0,0.861023317,-0.6061667275,1.453209501,-0.478583132,0.04517830919,0.773050653,0.4138958734,0,1
1425,47500000000,0,0,0.8630306051,-0.60479904,1.449022367,-0.4783302048,0.04577177585,0.7734964023,0.41328982,0,1
1426,47533333333,0,0,0.8649178559,-0.6030808098,1.445783589,-0.478074168,0.04533839881,0.7737743842,0.413113449,0,1
1427,47566666667,0,0,0.8670015503,-0.6010717683,1.441990406,-0.4780683992,0.04523588294,0.7741531677,0.4124211362,0,1
1428,47600000000,0,0,0.8701824224,-0.5989651914,1.439599938,-0.4776355501,0.04626281513,0.7749386407,0.4113321485,0,1
1429,47633333333,0,1,0.873053974,-0.5979154312,1.434845672,-0.4779235287,0.04763378255,0.7735950262,0.4133652851,0,1
1430,47666666667,0,0,0.8749127867,-0.5968540421,1.431105285,-0.4777294088,0.04923101722,0.7728101033,0.4148680068,0,1
1431,47700000000,0,0,0.8760800011,-0.5955329287,1.427042478,-0.4773015348,0.04974057564,0.7722667562,0.4163089924,0,1
1432,47733333333,0,0,0.8774676015,-0.5950324309,1.42341032,-0.4767730808,0.04835034471,0.771878665,0.4177954046,0,1
1433,47766666667,0,0,0.8788660551,-0.5935477767,1.419753652,-0.4774288426,0.04613399375,0.7712305212,0.418493534,0,1
1434,47800000000,0,0,0.8809595543,-0.5913940468,1.41784971,-0.4780424113,0.04499361013,0.7715004505,0.4174183549,0,1
1435,47833333333,0,0,0.8829505489,-0.5900103016,1.415822676,-0.478518664,0.04621362532,0.7713961242,0.4169318992,0,1
1436,47866666667,0,1,0.8847539168,-0.588619866,1.411932569,-0.4796029769,0.04596009915,0.7697044912,0.4188360658,0,1
1437,47900000000,0,0,0.886442749,-0.5870451959,1.409373679,-0.4806965389,0.04509440285,0.7682559459,0.4203333605,0,1
1438,47933333333,0,0,0.8884301416,-0.5852294337,1.40615722,-0.4816801978,0.04432171838,0.767032184,0.4215227171,0,1
1439,47966666667,0,0,0.8901290201,-0.5842353122,1.4036127,-0.4817441848,0.04312061071,0.7662719533,0.4229544265,0,1
1440,48000000000,0,0,0.8920175245,-0.583212197,1.400958937,-0.4829898082,0.04099516069,0.7650423995,0.4239697736,0,1
1441,48033333333,0,0,0.8946128947,-0.5809750342,1.399280929,-0.485260654,0.0393956847,0.7636352834,0.4240651267,0,1
1442,48066666667,0,0,0.8966543661,-0.5785749403,1.395203998,-0.4874647221,0.04020225604,0.7627036758,0.4231371247,0,1
1443,48100000000,0,0,0.8993674031,-0.578920403,1.393762586,-0.4877810084,0.04054913806,0.7627611063,0.4226357178,0,1
1444,48133333333,0,1,0.9026049554,-0.5767535233,1.390170061,-0.4912900342,0.03935493027,0.7605138397,0.4227339487,0,1
1445,48166666667,0,0,0.9053422203,-0.5751782719,1.387617613,-0.4937640299,0.0394462123,0.759837832,0.4210552792,0,1
1446,48200000000,0,0,0.9083887901,-0.5744604508,1.385236791,-0.4953912137,0.03905734395,0.7590966008,0.4205168485,0,1
1447,48233333333,0,0,0.9112675927,-0.5733157245,1.382417888,-0.4983550524,0.03790526667,0.7575946015,0.4198283606,0,1
1448,48266666667,0,0,0.9148055746,-0.5714483888,1.379498042,0.5017996178,-0.03795827143,-0.7567783449,-0.4171844314,0,1
1449,48300000000,0,0,0.9190934709,-0.5704020607,1.377164314,0.503810272,-0.03892543058,-0.7567311877,-0.4147504434,0,1
1450,48333333333,0,1,0.9233952924,-0.5694081831,1.373810453,0.5076598162,-0.03998220215,-0.7545669217,-0.4138981701,0,1
1451,48366666667,0,0,0.9263672715,-0.5680467878,1.37030252,0.5115654696,-0.04094895643,-0.7525429088,-0.4126779904,0,1
1452,48400000000,0,0,0.9307339952,-0.5668851106,1.368476056,0.5139116516,-0.04091068004,-0.7521225564,-0.4105274544,0,1
1453,48433333333,0,0,0.9348731324,-0.5657276904,1.366749733,0.5174710829,-0.04140914584,-0.7499035968,-0.4100653077,0,1
1454,48466666667,0,0,0.9381299735,-0.5635256739,1.363194326,0.5214328931,-0.04194019957,-0.7474656899,-0.4094432807,0,1
1455,48500000000,0,0,0.9422566005,-0.5623541831,1.361681041,0.5236529926,-0.04237274456,-0.7471615591,-0.4071138643,0,1
1456,48533333333,0,1,0.9466972255,-0.5608635462,1.359206684,0.526935708,-0.04242013113,-0.7448413796,-0.4071248106,0,1
1457,48566666667,0,0,0.9496354481,-0.5593440209,1.357067576,0.5299754085,-0.0430098359,-0.7429865359,-0.4065061229,0,1
1458,48600000000,0,0,0.9539323727,-0.5579328462,1.354773051,0.5332726449,-0.04408586291,-0.7414302748,-0.4049171155,0,1
1459,48633333333,0,0,0.9578555762,-0.5570571796,1.353421967,0.5355743764,-0.04528450479,-0.7399359993,-0.4044800587,0,1
1460,48666666667,0,0,0.9606573979,-0.5545698665,1.351149501,0.5389956271,-0.04581936572,-0.7376239328,-0.4040980494,0,1
1461,48700000000,0,0,0.96430751,-0.5531989559,1.349156728,0.5418056389,-0.04583607479,-0.7360590577,-0.4031907335,0,1
1462,48733333333,0,1,0.9679470177,-0.5516119766,1.34748886,0.5442753092,-0.04617238756,-0.734348181,-0.4029457128,0,1
1463,48766666667,0,0,0.9704234296,-0.5499463595,1.345563439,0.5464526999,-0.04668236207,-0.7326928185,-0.4029533938,0,1
1464,48800000000,0,0,0.9731451057,-0.5484321054,1.343278588,0.549043239,-0.0466344323,-0.7310750997,-0.4023753846,0,1
1465,48833333333,0,0,0.9764822046,-0.5469784567,1.341886959,0.5512315119,-0.0459125624,-0.7297239002,-0.4019190048,0,1
1466,48866666667,0,0,0.9791031193,-0.545626659,1.339748731,0.5538699543,-0.04631454104,-0.7276344775,-0.4020337102,0,1
1467,48900000000,0,0,0.9811803255,-0.5443355009,1.337844824,0.5562307475,-0.04664571877,-0.7260081001,-0.4016762017,0,1
1468,48933333333,0,0,0.9829280721,-0.5426460367,1.335763503,0.5594691343,-0.04612032395,-0.723499809,-0.4017651426,0,1
1469,48966666667,0,0,0.9851125391,-0.5407172878,1.334092205,0.5627796727,-0.04497663314,-0.7211432536,-0.4015078457,0,1
1470,49000000000,0,1,0.9867444226,-0.5385870419,1.331398811,0.5663181935,-0.0452410187,-0.7182425983,-0.4017020338,0,1
1471,49033333333,0,0,0.9885946573,-0.5371876518,1.329320611,0.5686718357,-0.045332761,-0.7162710017,-0.4018869695,0,1
1472,49066666667,0,0,0.9904450604,-0.5352147907,1.327547382,0.5722304343,-0.04535715686,-0.7130377549,-0.4025819401,0,1
1473,49100000000,0,0,0.991640147,-0.5337600854,1.324289967,0.5757036127,-0.04536329739,-0.7102691576,-0.402523596,0,1
1474,49133333333,0,0,0.9944511017,-0.5319705031,1.322884606,0.57835737,-0.04491639235,-0.70822379,-0.4023733759,0,1
1475,49166666667,0,0,0.995076679,-0.5302887958,1.319721571,0.5814986041,-0.04590535663,-0.7057152955,-0.4021417578,0,1
1476,49200000000,0,1,0.9968388807,-0.5283611814,1.318005011,0.5830454601,-0.04514541203,-0.7042918687,-0.4024833498,0,1
1477,49233333333,0,0,0.9976298226,-0.5261384358,1.315508897,0.5854074608,-0.04530874517,-0.7021396336,-0.40279667,0,1
1478,49266666667,0,0,0.9988490262,-0.5244226984,1.312825634,0.5883899881,-0.04544596358,-0.7002889125,-0.4016557299,0,1
1479,49300000000,0,0,1.000801941,-0.5227482324,1.310084888,0.5915106056,-0.04566381611,-0.6983604894,-0.4004031046,0,1
1480,49333333333,0,0,1.002393977,-0.5206288763,1.307469374,0.5948778101,-0.04677939147,-0.6961676293,-0.3991023822,0,1
1481,49366666667,0,0,1.003195775,-0.5187537972,1.304031383,0.5980086147,-0.04847198644,-0.6946063296,-0.3969360277,0,1
1482,49400000000,0,0,1.005172593,-0.5170532394,1.301305467,0.6003204618,-0.04946971853,-0.6940622318,-0.3942660378,0,1
1483,49433333333,0,1,1.005532178,-0.5154468106,1.299287141,0.6026140093,-0.0504771925,-0.6928823508,-0.3927116712,0,1
1484,49466666667,0,0,1.006360361,-0.5138592211,1.29528897,0.6065645492,-0.05097428469,-0.6906139477,-0.3905553036,0,1
1485,49500000000,0,0,1.008497805,-0.5121037106,1.292010062,0.6103096719,-0.05023318878,-0.6889351154,-0.387772018,0,1
1486,49533333333,0,0,1.010448816,-0.5102947645,1.288502769,0.6137964206,-0.05018486913,-0.6873426235,-0.3850916136,0,1
1487,49566666667,0,0,1.01364411,-0.5084771711,1.285491671,0.6176244518,-0.05152680327,-0.6861811626,-0.3808417483,0,1
1488,49600000000,0,0,1.01626739,-0.5067631994,1.282264143,0.6217656454,-0.05583495786,-0.684214848,-0.377014564,0,1
1489,49633333333,0,1,1.016392579,-0.5058288006,1.278996538,0.6241768111,-0.05958752718,-0.6833106643,-0.3740844439,0,1
1490,49666666667,0,0,1.017770028,-0.5054538517,1.274671844,0.6268827589,-0.05965946078,-0.6823309126,-0.3713263807,0,1
1491,49700000000,0,0,1.020138796,-0.5035792069,1.271042385,0.631329886,-0.05899976514,-0.6803091443,-0.3675881812,0,1
1492,49733333333,0,0,1.023115496,-0.5010391569,1.266328847,0.6342994105,-0.06031540565,-0.6794236768,-0.3638815428,0,1
1493,49766666667,0,0,1.025249988,-0.499659554,1.262891654,0.635803345,-0.06323998046,-0.6799338625,-0.359784316,0,1
1494,49800000000,0,0,1.027792642,-0.4983581487,1.259076147,0.6385565595,-0.06563074871,-0.678619638,-0.3569502935,0,1
1495,49833333333,0,1,1.029450446,-0.4981331934,1.25628426,0.6390067562,-0.06777174647,-0.6788568854,-0.3552895791,0,1
1496,49866666667,0,0,1.031986346,-0.4964104317,1.252272467,0.639401363,-0.06918077797,-0.679543782,-0.3529874859,0,1
1497,49900000000,0,0,1.034318065,-0.4953167871,1.248651068,0.640414942,-0.07058176135,-0.6789281794,-0.3520560242,0,1
1498,49933333333,0,0,1.035576583,-0.4936817041,1.244818598,0.6414783902,-0.07188514008,-0.6778817583,-0.3518725953,0,1
1499,49966666667,0,0,1.037900051,-0.4920205421,1.241627281,0.6419515919,-0.07308406848,-0.6780438094,-0.3504475213,0,1
1500,50000000000,0,0,1.040489296,-0.4901407821,1.238315504,0.642899241,-0.0757314387,-0.6769099806,-0.3503401109,0,1
1501,50033333333,0,1,1.040648246,-0.4902185341,1.235185602,0.6431470281,-0.07828155387,-0.6760149408,-0.3510522729,0,1
1502,50066666667,0,0,1.041751145,-0.4893987134,1.231873312,0.6442613299,-0.07751312508,-0.6754275252,-0.3503094524,0,1
1503,50100000000,0,0,1.043374293,-0.4888004821,1.229479144,0.6453883084,-0.07622770595,-0.6745899035,-0.3501310187,0,1
1504,50133333333,0,0,1.04487311,-0.4878117027,1.226762663,0.6470778176,-0.07541974781,-0.6733769275,-0.3495220639,0,1
1505,50166666667,0,0,1.046440282,-0.4874876578,1.224355978,0.6485175133,-0.07420431625,-0.6726680232,-0.348477381,0,1
1506,50200000000,0,0,1.048271298,-0.4867688003,1.222242246,0.650106338,-0.0724634602,-0.6708986851,-0.3492932158,0,1
1507,50233333333,0,1,1.049192472,-0.486139209,1.219548979,0.6525572381,-0.07126037963,-0.6688022683,-0.3489907379,0,1
1508,50266666667,0,0,1.051553768,-0.4855024951,1.217496708,0.6549694181,-0.07058298525,-0.6673611288,-0.3473646892,0,1
1509,50300000000,0,0,1.053173844,-0.4843675905,1.216009237,0.6578589667,-0.07072285082,-0.6648286399,-0.346731507,0,1
1510,50333333333,0,0,1.054321739,-0.4835172261,1.213581419,0.6602142338,-0.07047935248,-0.6631117978,-0.3455901764,0,1
1511,50366666667,0,0,1.056301506,-0.4827510996,1.211516818,0.6624047452,-0.06933336627,-0.6615771634,-0.3445700142,0,1
1512,50400000000,0,0,1.058432706,-0.4820318495,1.209634618,0.6650030715,-0.06851302755,-0.6594785811,-0.3437511905,0,1
1513,50433333333,0,0,1.059155333,-0.4813551677,1.207002245,0.6674869829,-0.06706658228,-0.6579996833,-0.342052069,0,1
1514,50466666667,0,1,1.063375962,-0.4818104197,1.20478516,0.6697690819,-0.06472363906,-0.6569150131,-0.3401218798,0,1
1515,50500000000,0,0,1.066330312,-0.4808020534,1.203506142,0.6728265329,-0.06462056921,-0.6546921877,-0.3383885017,0,1
1516,50533333333,0,0,1.067581419,-0.4800560513,1.201150108,0.6765892727,-0.06599632603,-0.6522143016,-0.3353922269,0,1
1517,50566666667,0,0,1.070025649,-0.480106636,1.199340745,0.6798098473,-0.06567949865,-0.6500335376,-0.3331683882,0,1
1518,50600000000,0,0,1.071911825,-0.4789258929,1.197458832,0.6829412435,-0.06394384556,-0.6477111192,-0.3316213934,0,1
1519,50633333333,0,0,1.074970916,-0.4784711445,1.195281274,0.6860250871,-0.06410445938,-0.646200726,-0.3281536527,0,1
1520,50666666667,0,0,1.078078789,-0.4777792081,1.193390589,0.6880841909,-0.06481587739,-0.64471851,-0.3266145912,0,1
1521,50700000000,0,0,1.0791819,-0.4767522766,1.191102208,0.6908966263,-0.06365134784,-0.6421141475,-0.3260364691,0,1
1522,50733333333,0,1,1.082943339,-0.4756235715,1.18739069,0.6935640411,-0.0612601771,-0.6401991634,-0.324593812,0,1
1523,50766666667,0,0,1.086926833,-0.4741776452,1.185364511,0.695707408,-0.06108633944,-0.6386641238,-0.3230600541,0,1
1524,50800000000,0,0,1.088828989,-0.4727565605,1.182655732,0.6972563816,-0.06191233146,-0.6375483472,-0.3217646756,0,1
1525,50833333333,0,0,1.091969749,-0.4720627389,1.180096882,0.6976580653,-0.06121462157,-0.6373041094,-0.3215112224,0,1
1526,50866666667,0,0,1.094891777,-0.4706250775,1.178039068,0.6991269511,-0.06090883757,-0.6357952647,-0.3213658369,0,1
1527,50900000000,0,0,1.097190368,-0.468738253,1.175473381,0.7001216466,-0.06118198981,-0.6352478219,-0.320229057,0,1
1528,50933333333,0,0,1.100257086,-0.4678695867,1.173311873,0.7005141763,-0.06129511619,-0.6350831532,-0.3196751257,0,1
1529,50966666667,0,1,1.102967498,-0.4649644624,1.170421139,0.7024273956,-0.06075969147,-0.632775309,-0.3201553096,0,1
1530,51000000000,0,0,1.104143781,-0.4638844814,1.167768657,0.7033548509,-0.06047418008,-0.6320167407,-0.3196711852,0,1
1531,51033333333,0,0,1.107894605,-0.4628977979,1.166058083,0.7042003607,-0.05966410399,-0.6316148012,-0.3187550622,0,1
1532,51066666667,0,0,1.10919252,-0.4611716348,1.164244441,0.7059707033,-0.05990486088,-0.6293822366,-0.3192096082,0,1
1533,51100000000,0,0,1.110723861,-0.46081056,1.161931262,0.7075995851,-0.05882052772,-0.6284435046,-0.3176503331,0,1
1534,51133333333,0,0,1.114330136,-0.4597504542,1.160296077,0.7090259493,-0.05768533955,-0.6278500317,-0.3158463907,0,1
1535,51166666667,0,0,1.11625657,-0.4588826408,1.158173079,0.709897662,-0.0572201178,-0.627231287,-0.3152016503,0,1
1536,51200000000,0,0,1.118543857,-0.4578155674,1.155776715,0.710657432,-0.05704239032,-0.6270818218,-0.3138161386,0,1
1537,51233333333,0,1,1.121060254,-0.4563970154,1.152776887,0.7121370855,-0.05636644548,-0.6262201966,-0.3123009136,0,1
1538,51266666667,0,0,1.122838836,-0.4554263515,1.150348973,0.713188335,-0.05619319908,-0.6255275592,-0.3113197646,0,1
1539,51300000000,0,0,1.124656561,-0.4550029667,1.147306961,0.7129710683,-0.05528739829,-0.6266374847,-0.309743478,0,1
1540,51333333333,0,0,1.126840562,-0.4542332874,1.144678475,0.7130839603,-0.05349244913,-0.6276510684,-0.3077400847,0,1
1541,51366666667,0,0,1.129045507,-0.453271218,1.141540442,0.7139193831,-0.05108064122,-0.6274822044,-0.3065549962,0,1
1542,51400000000,0,0,1.13125285,-0.4524339322,1.138236688,0.7139811579,-0.04920953318,-0.6281283926,-0.3053916346,0,1
1543,51433333333,0,0,1.134509471,-0.4517421524,1.13489176,0.7142475338,-0.04921303328,-0.6286934892,-0.3036001226,0,1
1544,51466666667,0,0,1.136681526,-0.4501901753,1.13178933,0.7144631695,-0.04959045239,-0.6282161905,-0.304019053,0,1
1545,51500000000,0,1,1.13583523,-0.4479887774,1.126223414,0.7154106899,-0.04910553359,-0.6272204898,-0.3039253995,0,1
1546,51533333333,0,0,1.139018208,-0.4468036377,1.12267468,0.7146471238,-0.04828065749,-0.6286125562,-0.3029764358,0,1
1547,51566666667,0,0,1.140205888,-0.4449930705,1.119717171,0.7149612388,-0.04928254892,-0.6282072232,-0.3029147438,0,1
1548,51600000000,0,0,1.140838476,-0.4437421853,1.11651131,0.7155108668,-0.05021267357,-0.6280001075,-0.301891954,0,1
1549,51633333333,0,0,1.142602211,-0.4418021397,1.113771485,0.716129006,-0.04978838704,-0.6275280056,-0.3014779686,0,1
1550,51666666667,0,0,1.142578048,-0.4397076281,1.110699162,0.7169022509,-0.04961254998,-0.6260500699,-0.3027392731,0,1
1551,51700000000,0,0,1.142512815,-0.4384408079,1.107472101,0.718248294,-0.04955338485,-0.6248355843,-0.3020667851,0,1
1552,51733333333,0,0,1.1431021,-0.4367832957,1.103909214,0.7195535093,-0.04936281946,-0.624036357,-0.3006404571,0,1
1553,51766666667,0,1,1.142820359,-0.4352004156,1.099908692,0.7213032114,-0.04828997864,-0.6224489637,-0.2999117249,0,1
1554,51800000000,0,0,1.142444901,-0.4337497354,1.096889534,0.7235193987,-0.04670879116,-0.6207428372,-0.2983559931,0,1
1555,51833333333,0,0,1.143075074,-0.4321996224,1.093318732,0.7255395231,-0.04634734073,-0.6198157091,-0.2954197203,0,1
1556,51866666667,0,0,1.144788476,-0.4306564668,1.090572059,0.7274199778,-0.04856236016,-0.6185846478,-0.2930100795,0,1
1557,51900000000,0,0,1.144126663,-0.4290094907,1.08774418,0.7295122967,-0.05132117585,-0.6165789598,-0.291561884,0,1
1558,51933333333,0,0,1.143615347,-0.4277697901,1.084650418,0.7317852174,-0.05152258384,-0.6144419621,-0.2903392743,0,1
1559,51966666667,0,1,1.145798834,-0.4261057733,1.080329686,0.7337983505,-0.05060216051,-0.6122533065,-0.2900436015,0,1
1560,52000000000,0,0,1.145401381,-0.4246017494,1.077404642,0.7359464178,-0.05175154999,-0.6096615779,-0.2898575645,0,1
1561,52033333333,0,0,1.146104489,-0.4234124695,1.074243146,0.7381234118,-0.05263636051,-0.6076857568,-0.2883075848,0,1
1562,52066666667,0,0,1.146836005,-0.4213980737,1.071335353,0.7396869875,-0.05280918873,-0.6055227204,-0.2888192951,0,1
1563,52100000000,0,0,1.145139716,-0.4204552171,1.068345097,0.7408111655,-0.05305877671,-0.6038520941,-0.2893894118,0,1
1564,52133333333,0,0,1.146170739,-0.4189307102,1.065186217,0.742024235,-0.05271580237,-0.603220206,-0.2876568477,0,1
1565,52166666667,0,0,1.146884865,-0.4171920816,1.06257368,0.7433551572,-0.05320536308,-0.6018388086,-0.2870232536,0,1
1566,52200000000,0,1,1.146093459,-0.415318244,1.059601924,0.7445240188,-0.05332640383,-0.6005192508,-0.2867349117,0,1
1567,52233333333,0,0,1.14620784,-0.414074124,1.056756611,0.7452860827,-0.05351997942,-0.6002917687,-0.2851912678,0,1
1568,52266666667,0,0,1.147486839,-0.4131148972,1.05496241,0.7464892212,-0.05406364869,-0.5994304616,-0.2837500419,0,1
1569,52300000000,0,0,1.147285727,-0.412212555,1.051985127,0.7487609872,-0.05588470308,-0.5970865641,-0.2823499937,0,1
1570,52333333333,0,0,1.147010106,-0.4112463527,1.048514116,0.7498139463,-0.05681606871,-0.5963876089,-0.2808430171,0,1
1571,52366666667,0,0,1.147923422,-0.410785586,1.046564446,0.7504855098,-0.05719953835,-0.5957823966,-0.2802553268,0,1
1572,52400000000,0,0,1.147869984,-0.4098054076,1.043464365,0.7521912222,-0.0584122009,-0.5939547752,-0.2793100518,0,1
1573,52433333333,0,0,1.146995491,-0.4092968253,1.040214923,0.7529630931,-0.05928054276,-0.5937944949,-0.2773814981,0,1
1574,52466666667,0,0,1.148388039,-0.4083417108,1.037942358,0.7533432933,-0.05796125642,-0.5938939986,-0.2764132661,0,1
1575,52500000000,0,1,1.149050913,-0.4075628276,1.035592585,0.7552014438,-0.05812836933,-0.5917833855,-0.2758338207,0,1
1576,52533333333,0,0,1.149239237,-0.4072604707,1.032318962,0.756932969,-0.05937781111,-0.590259695,-0.2740807335,0,1
1577,52566666667,0,0,1.150289589,-0.4060325099,1.030348718,0.7578334174,-0.06005110131,-0.5896310548,-0.2727958868,0,1
1578,52600000000,0,0,1.149901639,-0.4050187899,1.02905351,0.760260678,-0.06014013552,-0.5869742315,-0.2717501007,0,1
1579,52633333333,0,0,1.149745328,-0.4041722393,1.027219581,0.7637660456,-0.05753391918,-0.5834677269,-0.2700309007,0,1
1580,52666666667,0,0,1.150115037,-0.404221485,1.025177733,0.7668423898,-0.05439425566,-0.5807011805,-0.2679181837,0,1
1581,52700000000,0,1,1.151640588,-0.404426038,1.023936003,0.7702419207,-0.05116042624,-0.5776052962,-0.2654846817,0,1
1582,52733333333,0,0,1.153161978,-0.404081764,1.022075572,0.7749842719,-0.04909020406,-0.5729086706,-0.2622311678,0,1
1583,52766666667,0,0,1.154528396,-0.4039847264,1.0200889,0.7782858045,-0.04998958148,-0.5701692961,-0.2582232019,0,1
1584,52800000000,0,0,1.154403869,-0.4030989523,1.018480606,0.780967702,-0.04964788795,-0.5684561097,-0.2539334301,0,1
1585,52833333333,0,0,1.156003118,-0.4032120534,1.016946149,0.7860687527,-0.0471897094,-0.56330324,-0.250116987,0,1
1586,52866666667,0,0,1.158564765,-0.4030640489,1.014990098,0.7895228474,-0.04481146887,-0.5596948001,-0.2477646794,0,1
1587,52900000000,0,0,1.160752696,-0.4026070075,1.012583771,0.7919576853,-0.0446487606,-0.5577990601,-0.2442738656,0,1
1588,52933333333,0,0,1.162470231,-0.4019697836,1.010754546,0.795487439,-0.04630948073,-0.554160632,-0.2407512415,0,1
1589,52966666667,0,1,1.162646078,-0.4008431472,1.008434273,0.7984307265,-0.0460331335,-0.5510767335,-0.2381255118,0,1
1590,53000000000,0,0,1.165146357,-0.4004493109,1.00604658,0.8006443576,-0.04460137009,-0.5492644733,-0.2351337252,0,1
1591,53033333333,0,0,1.16729403,-0.4001397349,1.003635325,0.8032435546,-0.04561901156,-0.5466786162,-0.2320801335,0,1
1592,53066666667,0,0,1.169007869,-0.3991020795,1.000732101,0.805083331,-0.0464844947,-0.5451746073,-0.2290516741,0,1
1593,53100000000,0,0,1.171783199,-0.3981421626,0.9982338243,0.806318309,-0.04664892144,-0.5440410523,-0.2273631371,0,1
1594,53133333333,0,0,1.173872033,-0.3967492445,0.9951891117,0.8080416515,-0.04700616409,-0.5419214764,-0.2262304651,0,1
1595,53166666667,0,0,1.175604711,-0.3953835696,0.991693248,0.8089414997,-0.04670115099,-0.5410088889,-0.225259927,0,1
1596,53200000000,0,0,1.178042854,-0.3936945871,0.9878928248,0.8090977609,-0.04527935781,-0.5408193105,-0.225444154,0,1
1597,53233333333,0,1,1.180311663,-0.3908856231,0.9845140918,0.8097597331,-0.04414081593,-0.5397561293,-0.2258408376,0,1
1598,53266666667,0,0,1.18275213,-0.3888431501,0.9807262802,0.8097927319,-0.0449952499,-0.5395531871,-0.2260387516,0,1
1599,53300000000,0,0,1.187298694,-0.3835772077,0.9744594424,0.8098840441,-0.04731620988,-0.5383918055,-0.2279984105,0,1
1600,53333333333,0,0,1.188776303,-0.3809744334,0.9710695216,0.8109086857,-0.04788059168,-0.5366237312,-0.2284064874,0,1
1601,53366666667,0,0,1.191003573,-0.3786479615,0.9669805663,0.8112970716,-0.04835531364,-0.5360650723,-0.2282390491,0,1
1602,53400000000,0,0,1.193261825,-0.375376977,0.9635090456,0.8112175882,-0.04936493033,-0.5359870812,-0.2284884614,0,1
1603,53433333333,0,1,1.194047811,-0.3726838034,0.9609445544,0.8119405329,-0.05097742299,-0.5347071504,-0.2285653882,0,1
1604,53466666667,0,0,1.195417515,-0.3707564293,0.957518318,0.8125224284,-0.05129939226,-0.5339246424,-0.2282545772,0,1
1605,53500000000,0,0,1.197889377,-0.3677184899,0.9550541989,0.8119801284,-0.05051678533,-0.5341505766,-0.229824905,0,1
1606,53533333333,0,0,1.199042224,-0.3660082064,0.9535596455,0.8126299168,-0.05179495462,-0.5330497566,-0.2297996041,0,1
1607,53566666667,0,0,1.199807702,-0.3639912672,0.9513895268,0.8134405161,-0.05221672385,-0.5316387879,-0.2301046279,0,1
1608,53600000000,0,0,1.20000364,-0.3622578103,0.949352531,0.8143514354,-0.05219950209,-0.5297762144,-0.2311798311,0,1
1609,53633333333,0,0,1.201206136,-0.3607516101,0.946879693,0.815664671,-0.0523891378,-0.5276783935,-0.2313050708,0,1
1610,53666666667,0,0,1.201743799,-0.3594064197,0.9446762766,0.8168143874,-0.05358942749,-0.5257921794,-0.2312682727,0,1
1611,53700000000,0,0,1.202065973,-0.3575759579,0.9425153722,0.8175641338,-0.05464418826,-0.5245823095,-0.2311196668,0,1
1612,53733333333,0,1,1.201252128,-0.3554776785,0.9400333379,0.8185542954,-0.05427079413,-0.523258068,-0.2307044443,0,1
1613,53766666667,0,0,1.202875845,-0.3530251976,0.9374129038,0.8195303339,-0.054001707,-0.52147867,-0.2313305951,0,1
1614,53800000000,0,0,1.202575175,-0.3506260338,0.9351004568,0.8201113762,-0.05561433351,-0.5203272475,-0.231482034,0,1
1615,53833333333,0,0,1.20181254,-0.3489836405,0.9327273371,0.820132307,-0.05603044181,-0.52014342,-0.2317205458,0,1
1616,53866666667,0,0,1.202152665,-0.3470720424,0.9307044156,0.8212151444,-0.0556129971,-0.5184572055,-0.2317649826,0,1
1617,53900000000,0,0,1.202243755,-0.3454267129,0.9272849686,0.8218880055,-0.05527859574,-0.517238762,-0.2321819252,0,1
1618,53933333333,0,0,1.201542014,-0.3440777428,0.924975091,0.8219446327,-0.055463527,-0.5177003092,-0.2309051922,0,1
1619,53966666667,0,0,1.201688549,-0.3429737653,0.922325089,0.8229112357,-0.0556772286,-0.51704432,-0.2288718323,0,1
1620,54000000000,0,0,1.201228426,-0.3417455941,0.9189565767,0.8235376072,-0.05583557873,-0.516678011,-0.2274027939,0,1
1621,54033333333,0,1,1.20136966,-0.3389647093,0.9126014103,0.8251836102,-0.05642703373,-0.5160490153,-0.2226688418,0,1
1622,54066666667,0,0,1.199652404,-0.3376663715,0.9092966812,0.8259174287,-0.05683411146,-0.5154224684,-0.2212915809,0,1
1623,54100000000,0,0,1.200192187,-0.3364120127,0.9055154587,0.8267108466,-0.05691412528,-0.5155070465,-0.2180881552,0,1
1624,54133333333,0,0,1.201005559,-0.334602986,0.9022660404,0.8273560408,-0.05834457717,-0.5151968428,-0.2159863543,0,1
1625,54166666667,0,0,1.198387196,-0.3335390049,0.8997973216,0.8285848409,-0.06079313469,-0.5144057069,-0.2124573485,0,1
1626,54200000000,0,0,1.197460725,-0.3325667808,0.8963270866,0.82962104,-0.06001276258,-0.5140194801,-0.2095504056,0,1
1627,54233333333,0,1,1.198137234,-0.3297939201,0.892198591,0.831540637,-0.0592157073,-0.511938157,-0.2072510374,0,1
1628,54266666667,0,0,1.197376159,-0.3285487778,0.8890962453,0.8335359576,-0.06134134874,-0.5096234466,-0.2043012212,0,1
1629,54300000000,0,0,1.197614622,-0.3267779031,0.8858624228,0.8351188792,-0.06331522416,-0.5080170291,-0.2012121719,0,1
1630,54333333333,0,0,1.196915345,-0.3254653611,0.88341318,0.8374468184,-0.06623425903,-0.5043415295,-0.1998386121,0,1
1631,54366666667,0,0,1.194537224,-0.3242219219,0.8805000542,0.8393024794,-0.06782465177,-0.5017557057,-0.1980211513,0,1
1632,54400000000,0,0,1.194739229,-0.3228082185,0.8780075619,0.8404378893,-0.06759970381,-0.5002871859,-0.1969953448,0,1
1633,54433333333,0,0,1.193079667,-0.3210311406,0.8747634784,0.8429243074,-0.06839826222,-0.4962941828,-0.1961947342,0,1
1634,54466666667,0,1,1.1910675,-0.3198782704,0.8708561607,0.8450081123,-0.06916596239,-0.4937356824,-0.1933970935,0,1
1635,54500000000,0,0,1.191077622,-0.3192556665,0.8673166221,0.8459208701,-0.07034012787,-0.4931220245,-0.1905277323,0,1
1636,54533333333,0,0,1.189653376,-0.3176228939,0.8645810172,0.8469864342,-0.07147424055,-0.4921228421,-0.1879375466,0,1
1637,54566666667,0,0,1.188724552,-0.3171034053,0.8606567761,0.8477060594,-0.07249849171,-0.4918744803,-0.1849267457,0,1
1638,54600000000,0,0,1.189631441,-0.3157961975,0.8570789327,0.8478247884,-0.07396395163,-0.4926069505,-0.1818264403,0,1
1639,54633333333,0,0,1.189486307,-0.3140778052,0.8540509546,0.848245064,-0.07708671017,-0.4921464804,-0.1798048728,0,1
1640,54666666667,0,0,1.187139955,-0.3123276065,0.8514584426,0.848906203,-0.07897365563,-0.4912945167,-0.1781884342,0,1
1641,54700000000,0,0,1.186865245,-0.3114762533,0.8490214241,0.8495125162,-0.07891596668,-0.490418312,-0.1777375431,0,1
1642,54733333333,0,0,1.186242615,-0.3097127503,0.8461385716,0.8504561886,-0.07909947488,-0.4882276458,-0.1791683848,0,1
1643,54766666667,0,0,1.183871676,-0.3084488473,0.843216976,0.8515544692,-0.08037654104,-0.486011613,-0.1794082204,0,1
1644,54800000000,0,1,1.182633321,-0.3077412794,0.8404013664,0.852253093,-0.08049983631,-0.4849857173,-0.1788107824,0,1
1645,54833333333,0,0,1.182278276,-0.3064573903,0.8379260114,0.8529588103,-0.08000184946,-0.483651186,-0.1792833018,0,1
1646,54866666667,0,0,1.180298166,-0.304833819,0.8353954686,0.8536073096,-0.07851106637,-0.4823884661,-0.1802552116,0,1
1647,54900000000,0,0,1.17990167,-0.3028926599,0.8330082262,0.8550453113,-0.07581978153,-0.4799733786,-0.1810371015,0,1
1648,54933333333,0,0,1.179664024,-0.3021643053,0.8296605536,0.8565526544,-0.07532275767,-0.4770664727,-0.1818010261,0,1
1649,54966666667,0,0,1.177887592,-0.3005656139,0.8258613722,0.8572898347,-0.07558585306,-0.4757176814,-0.1817514945,0,1
1650,55000000000,0,0,1.176836705,-0.2991140124,0.8226290446,0.8579944225,-0.07561378498,-0.4748668511,-0.1806366522,0,1
1651,55033333333,0,0,1.176216964,-0.2977560835,0.8204073029,0.8593699034,-0.07503399958,-0.4725998077,-0.1802850238,0,1
1652,55066666667,0,0,1.174673441,-0.2958407919,0.817076508,0.8604734323,-0.07424886956,-0.4708215729,-0.1799989561,0,1
1653,55100000000,0,0,1.1744642,-0.294508577,0.812743676,0.8606315597,-0.07305975354,-0.4706919463,-0.1800685496,0,1
1654,55133333333,0,1,1.173221143,-0.2930657751,0.8094771355,0.8611506617,-0.07236610287,-0.4699495236,-0.1798058128,0,1
1655,55166666667,0,0,1.171933777,-0.2915596133,0.8058818244,0.8621690472,-0.07083129249,-0.4687468364,-0.1786725089,0,1
1656,55200000000,0,0,1.171117856,-0.289554327,0.8027119112,0.8633958394,-0.06951209934,-0.4673647919,-0.176878048,0,1
1657,55233333333,0,0,1.170005141,-0.2882543071,0.7984932323,0.8652034255,-0.06985329888,-0.4651707404,-0.1736655736,0,1
1658,55266666667,0,0,1.168076034,-0.2867643373,0.7946512891,0.8664499008,-0.06879876432,-0.4641757713,-0.1705055796,0,1
1659,55300000000,0,0,1.166932453,-0.2854656791,0.7897677571,0.8677801628,-0.06620267611,-0.4628618737,-0.1683261141,0,1
1660,55333333333,0,0,1.167463559,-0.283363702,0.7849737765,0.8693036926,-0.06479351043,-0.461425029,-0.1649237208,0,1
1661,55366666667,0,0,1.166112077,-0.2817822587,0.7801162809,0.8707311181,-0.06468615486,-0.4598819759,-0.161714531,0,1
1662,55400000000,0,0,1.165751411,-0.2804005848,0.7756404464,0.871998527,-0.06250850389,-0.45873492,-0.1589765046,0,1
1663,55433333333,0,1,1.168252729,-0.2793031046,0.7704000588,0.8733655027,-0.06112170773,-0.4567055596,-0.1578507756,0,1
1664,55466666667,0,0,1.166820247,-0.2778069443,0.7655157059,0.875252609,-0.06204063902,-0.4538731364,-0.1551870021,0,1
1665,55500000000,0,0,1.166752633,-0.2757858306,0.760337274,0.876843022,-0.06297030568,-0.4520533111,-0.1510922208,0,1
1666,55533333333,0,0,1.164932019,-0.2741334365,0.7562186003,0.8781461045,-0.06212914264,-0.4502209117,-0.1493335845,0,1
1667,55566666667,0,0,1.164750406,-0.2725384092,0.7513439941,0.8792761674,-0.05920497644,-0.4487338106,-0.1483447316,0,1
1668,55600000000,0,0,1.165213498,-0.270640537,0.7459038367,0.8808261221,-0.05811640984,-0.4465797547,-0.1460628227,0,1
1669,55633333333,0,0,1.163450832,-0.2685722928,0.7408579193,0.8817145049,-0.05613325536,-0.4453630006,-0.1451908648,0,1
1670,55666666667,0,0,1.162286111,-0.266440058,0.7368873327,0.882144089,-0.05230958383,-0.4451463358,-0.1446729187,0,1
1671,55700000000,0,1,1.162150766,-0.2648317654,0.7296496077,0.8834387416,-0.04938657196,-0.4435695816,-0.1426288278,0,1
1672,55733333333,0,0,1.16139189,-0.2629319685,0.7246018446,0.8837722576,-0.04812587025,-0.4436532422,-0.140720638,0,1
1673,55766666667,0,0,1.157891791,-0.2628214365,0.7201129503,0.8841686122,-0.04540376861,-0.4437342858,-0.1388677306,0,1
1674,55800000000,0,0,1.157861566,-0.2616239425,0.71405033,0.8828259019,-0.03737772435,-0.4476453316,-0.1372406274,0,1
1675,55833333333,0,0,1.159570301,-0.2582677007,0.7093930838,0.8824590363,-0.03393777137,-0.4497004565,-0.1337302375,0,1
1676,55866666667,0,0,1.156730564,-0.2563073249,0.7040383565,0.8820212802,-0.03064885664,-0.4515236506,-0.1312459595,0,1
1677,55900000000,0,1,1.158209866,-0.2546531627,0.6971115783,0.8802218852,-0.02490635202,-0.4553014058,-0.1314904415,0,1
1678,55933333333,0,0,1.158907906,-0.2519403235,0.692628841,0.8803781671,-0.02382911547,-0.4550553426,-0.131495594,0,1
1679,55966666667,0,0,1.155604074,-0.2511850111,0.688520865,0.8805737882,-0.0235426602,-0.4548028722,-0.1311102363,0,1
1680,56000000000,0,0,1.154426976,-0.2496497911,0.6842750185,0.8798721405,-0.01963419418,-0.4558683829,-0.1327536526,0,1
1681,56033333333,0,0,1.154148567,-0.2468985889,0.6797421533,0.8800542837,-0.01669597401,-0.4554045434,-0.1335380245,0,1
1682,56066666667,0,0,1.152274424,-0.2451142992,0.6746652355,0.8803001796,-0.01568740178,-0.4549310028,-0.1336535891,0,1
1683,56100000000,0,0,1.150325924,-0.2431033729,0.6704571425,0.8796532957,-0.01442011194,-0.4559897331,-0.1344451674,0,1
1684,56133333333,0,0,1.150297764,-0.2417731517,0.6663110684,0.8798899934,-0.01360260915,-0.4552474478,-0.1354929141,0,1
1685,56166666667,0,0,1.147358285,-0.2398164069,0.6627417996,0.8804883342,-0.01328519952,-0.4535749058,-0.1372355698,0,1
1686,56200000000,0,0,1.145460144,-0.238046092,0.6587798255,0.8805382314,-0.01229254293,-0.4533859548,-0.1376317279,0,1
1687,56233333333,0,1,1.144658602,-0.2356866272,0.6532302142,0.8816419158,-0.01240123057,-0.4509863924,-0.1384377683,0,1
1688,56266666667,0,0,1.14133015,-0.2345576964,0.6504807174,0.8828940131,-0.01201672723,-0.448077285,-0.1399303632,0,1
1689,56300000000,0,0,1.138440662,-0.2327753535,0.6474533466,0.8836863163,-0.01055730027,-0.4462729068,-0.140810264,0,1
1690,56333333333,0,0,1.136654502,-0.2314094239,0.6438367333,0.8850380291,-0.01028640211,-0.4438074709,-0.1401313873,0,1
1691,56366666667,0,0,1.134333071,-0.2291103245,0.640404731,0.8864905907,-0.01085364963,-0.4411810515,-0.1391973803,0,1
1692,56400000000,0,0,1.129565873,-0.2281870882,0.6388496915,0.8874618993,-0.01068366798,-0.4395042205,-0.1383230878,0,1
1693,56433333333,0,0,1.129324469,-0.2257007852,0.6344301526,0.8886925285,-0.009354232593,-0.4377110508,-0.1361878266,0,1
1694,56466666667,0,0,1.127694812,-0.2230299296,0.6308087839,0.8904972532,-0.0129006777,-0.4346729939,-0.1338192918,0,1
1695,56500000000,0,0,1.123682418,-0.2213350328,0.6289882641,0.8921424586,-0.01697816507,-0.4316349048,-0.1322304214,0,1
1696,56533333333,0,1,1.121243844,-0.2178214536,0.6237740824,0.8947752509,-0.01846623298,-0.4264073743,-0.1311983227,0,1
1697,56566666667,0,0,1.11851899,-0.2152237904,0.6204567429,0.896640749,-0.02141230163,-0.4224024785,-0.1309695642,0,1
1698,56600000000,0,0,1.114362961,-0.213689965,0.6177781682,0.8979427422,-0.02410937545,-0.4196431046,-0.1304501226,0,1
1699,56633333333,0,0,1.112563533,-0.2113650412,0.6148980365,0.89923641,-0.02513429975,-0.4168449746,-0.1303165879,0,1
1700,56666666667,0,0,1.110750541,-0.2091627026,0.6120001399,0.9011257292,-0.02801682742,-0.4125489587,-0.1303488943,0,1
1701,56700000000,0,0,1.107128734,-0.2076462783,0.6093734755,0.9029427226,-0.03155702055,-0.4085959652,-0.1294137992,0,1
1702,56733333333,0,0,1.104005814,-0.2062297568,0.6068276446,0.9040577547,-0.03297492084,-0.4059968922,-0.1294556077,0,1
1703,56766666667,0,0,1.102229079,-0.2038741294,0.6042552854,0.9052722017,-0.03322604858,-0.4029437101,-0.1304401667,0,1
1704,56800000000,0,0,1.099002966,-0.2023520905,0.6014147503,0.9068924718,-0.03531709127,-0.3994661337,-0.1293273199,0,1
1705,56833333333,0,0,1.095255369,-0.2012982747,0.5989141209,0.9077392598,-0.03633940902,-0.3979324274,-0.1278227941,0,1
1706,56866666667,0,1,1.092096707,-0.199361034,0.5956952255,0.9088403437,-0.03524428735,-0.3953990003,-0.1281666898,0,1
1707,56900000000,0,0,1.089794057,-0.1975506463,0.5922400082,0.9098498475,-0.03544367478,-0.3929094547,-0.1286046704,0,1
1708,56933333333,0,0,1.086015121,-0.1966615246,0.5905945768,0.910668724,-0.03569846459,-0.3911378877,-0.1281376117,0,1
1709,56966666667,0,0,1.084790221,-0.1950268218,0.5872374539,0.9117194745,-0.03361935311,-0.3886413947,-0.1288223791,0,1
1710,57000000000,0,0,1.081394222,-0.1949172852,0.5834635874,0.9125750585,-0.03314269072,-0.3861225537,-0.1304518999,0,1
1711,57033333333,0,0,1.079401396,-0.1937863311,0.5801293131,0.9130274353,-0.03268528198,-0.3857611886,-0.1284557515,0,1
1712,57066666667,0,0,1.077892292,-0.1921746525,0.5774275193,0.9137360657,-0.03282889385,-0.3843130096,-0.127719132,0,1
1713,57100000000,0,0,1.073996285,-0.1918949236,0.5754631515,0.9144956671,-0.0322931412,-0.382368417,-0.1282545184,0,1
1714,57133333333,0,1,1.069601597,-0.1910934641,0.5724128113,0.9152182209,-0.02902891217,-0.381431468,-0.1266608292,0,1
1715,57166666667,0,0,1.070302562,-0.1882870278,0.5684467388,0.9158968485,-0.02504671869,-0.3803437488,-0.1258739747,0,1
1716,57200000000,0,0,1.067259856,-0.1864362934,0.5640288903,0.916415371,-0.02334485646,-0.3789600506,-0.1265984423,0,1
1717,57233333333,0,0,1.065470318,-0.1853417056,0.5593724761,0.9163487351,-0.02209618278,-0.3794215449,-0.1259207912,0,1
1718,57266666667,0,0,1.065289017,-0.1830140274,0.554878727,0.9165687926,-0.02158072351,-0.3788424283,-0.1261520324,0,1
1719,57300000000,0,0,1.061004184,-0.1817155023,0.5523688206,0.9167362155,-0.02163164533,-0.3781821935,-0.1269055221,0,1
1720,57333333333,0,0,1.059811927,-0.180375283,0.5489717316,0.9166871103,-0.01874277363,-0.3783543128,-0.1272063844,0,1
1721,57366666667,0,0,1.059621907,-0.1780669224,0.5438617848,0.9174592775,-0.01769053197,-0.3766385017,-0.12688167,0,1
1722,57400000000,0,1,1.056618032,-0.1748320319,0.5360328406,0.9183015249,-0.01874477267,-0.3749180815,-0.1257273842,0,1
1723,57433333333,0,0,1.054229608,-0.1739324156,0.5340842479,0.9184597192,-0.01886285432,-0.3751582976,-0.1238232155,0,1
1724,57466666667,0,0,1.055168725,-0.1702393158,0.529780901,0.9196661752,-0.01629716582,-0.3726665085,-0.1227526051,0,1
1725,57500000000,0,0,1.053654466,-0.1684372815,0.5246684813,0.9210389482,-0.01817343869,-0.3696465811,-0.12131936,0,1
1726,57533333333,0,0,1.051605388,-0.1669285381,0.5204517422,0.9217353151,-0.01978383587,-0.3689831678,-0.1177456182,0,1
1727,57566666667,0,0,1.053853965,-0.1634314479,0.5162465043,0.9229740771,-0.0198953513,-0.3665620428,-0.1155651193,0,1
1728,57600000000,0,0,1.051453682,-0.1609748176,0.5126394684,0.924800949,-0.02170313506,-0.3616995069,-0.1159553593,0,1
1729,57633333333,0,0,1.048174019,-0.1603724449,0.5096373407,0.926111962,-0.02159852302,-0.3589987496,-0.1138860635,0,1
1730,57666666667,0,0,1.049657235,-0.1570822059,0.5036424817,0.9273186693,-0.02101923819,-0.3567376009,-0.111249995,0,1
1731,57700000000,0,1,1.046842048,-0.1541247065,0.4976112486,0.9285844622,-0.02176300085,-0.3537258394,-0.1101603329,0,1
1732,57733333333,0,0,1.046427123,-0.1526552793,0.4945836068,0.9291934298,-0.02136324808,-0.3529365263,-0.1076057159,0,1
1733,57766666667,0,0,1.047357794,-0.1489998883,0.4892600574,0.9303953979,-0.02151479492,-0.3502343292,-0.1060067535,0,1
1734,57800000000,0,0,1.044196502,-0.1484298666,0.486492635,0.9311436215,-0.02256919471,-0.3483148844,-0.1055411242,0,1
1735,57833333333,0,0,1.043879141,-0.1471113278,0.4821897244,0.9316731802,-0.02095768979,-0.3475448482,-0.1037228949,0,1
1736,57866666667,0,0,1.045717352,-0.1433085151,0.4770633629,0.9324632777,-0.02000040319,-0.3456976231,-0.1029823912,0,1
1737,57900000000,0,0,1.043149472,-0.1424466575,0.4745813853,0.9330515057,-0.02177261132,-0.3443019376,-0.1019657629,0,1
1738,57933333333,0,0,1.042563319,-0.1410627617,0.4708072932,0.9335285635,-0.02156612631,-0.3435389534,-0.100201351,0,1
1739,57966666667,0,0,1.043572178,-0.1381793633,0.4675194129,0.9338556107,-0.02092015259,-0.3425805164,-0.1005715431,0,1
1740,58000000000,0,0,1.042048159,-0.1362533876,0.4643274568,0.9346804845,-0.02118341106,-0.3401790598,-0.1010042691,0,1
1741,58033333333,0,0,1.041102863,-0.1343670124,0.4612167382,0.9351823897,-0.02150233214,-0.3388477523,-0.1007658104,0,1
1742,58066666667,0,1,1.039668661,-0.1320618903,0.4566945957,0.9359780028,-0.02216567705,-0.3364035912,-0.1014223095,0,1
1743,58100000000,0,0,1.03686911,-0.1308564799,0.455680202,0.9367087452,-0.02223626778,-0.3340858187,-0.1023178418,0,1
1744,58133333333,0,0,1.034926766,-0.1298868754,0.4514923338,0.9375994036,-0.02122169732,-0.3315323037,-0.1026807167,0,1
1745,58166666667,0,0,1.032814829,-0.1282548312,0.4473954169,0.9379892169,-0.02111450472,-0.3303880168,-0.1028307589,0,1
1746,58200000000,0,0,1.031093371,-0.1268256767,0.4456965064,0.9380513883,-0.02056009933,-0.3301155198,-0.1032502725,0,1
1747,58233333333,0,0,1.028939947,-0.1247263046,0.4433622537,0.9390293038,-0.01888938755,-0.3271749097,-0.1040371863,0,1
1748,58266666667,0,0,1.026134275,-0.1248825589,0.439235972,0.9395321951,-0.01804073035,-0.3254886064,-0.1049330908,0,1
1749,58300000000,0,0,1.024837408,-0.1224664332,0.4357345854,0.9395676982,-0.01756933151,-0.3255999177,-0.1043482278,0,1
1750,58333333333,0,0,1.022854325,-0.1198245594,0.4349581997,0.9400209675,-0.01698400391,-0.3241566111,-0.104855213,0,1
1751,58366666667,0,0,1.01868761,-0.1193025137,0.4327992375,0.9409389457,-0.01589069335,-0.3210382266,-0.1063759531,0,1
1752,58400000000,0,1,1.015787478,-0.1173327747,0.4289344208,0.9414965392,-0.01352427376,-0.3194470466,-0.1065595853,0,1
1753,58433333333,0,0,1.014114883,-0.1144250404,0.4263345182,0.9422149042,-0.01253055458,-0.3174718515,-0.1062340955,0,1
1754,58466666667,0,0,1.010012833,-0.1138287553,0.4251860905,0.9430184863,-0.01257841433,-0.3153006301,-0.1055624489,0,1
1755,58500000000,0,0,1.007436263,-0.1126336899,0.4216144672,0.9437533963,-0.01124430651,-0.3137351963,-0.1037946005,0,1
1756,58533333333,0,0,1.00588828,-0.110202079,0.4178330199,0.9446382952,-0.01200172811,-0.3118633487,-0.1012704371,0,1
1757,58566666667,0,0,1.000589536,-0.1092996735,0.416086667,0.945382653,-0.0144774061,-0.3102157352,-0.09903656769,0,1
1758,58600000000,0,0,0.997083512,-0.1082225942,0.4141981352,0.9458135291,-0.01384492869,-0.3096560427,-0.09673789998,0,1
1759,58633333333,0,0,0.9961715748,-0.1042629192,0.4104976413,0.9465888949,-0.01395216189,-0.307812451,-0.09500682239,0,1
1760,58666666667,0,0,0.9919783465,-0.1030177366,0.4082700818,0.9475815218,-0.01738338735,-0.3052544506,-0.09277282884,0,1
1761,58700000000,0,1,0.9879295694,-0.09991427744,0.4051413159,0.9488688124,-0.01942781257,-0.3017858714,-0.09053079494,0,1
1762,58733333333,0,0,0.9851805317,-0.09850437921,0.4028986619,0.9501271728,-0.02094203437,-0.2978584978,-0.09000056716,0,1
1763,58766666667,0,0,0.982056623,-0.09690784273,0.398784467,0.951076559,-0.02292541245,-0.294689636,-0.08992120299,0,1
1764,58800000000,0,0,0.979101875,-0.0952948935,0.3974428278,0.9518060199,-0.02648435377,-0.2926486401,-0.08786724566,0,1
1765,58833333333,0,0,0.9755373129,-0.09352528766,0.3953582692,0.9529896414,-0.02917331572,-0.2889350982,-0.08646484905,0,1
1766,58866666667,0,0,0.9703725358,-0.09411049017,0.3952790959,0.9540711825,-0.03065621631,-0.2854089565,-0.08573273998,0,1
1767,58900000000,0,0,0.9679190863,-0.09361021822,0.3912389336,0.9549556769,-0.02992708509,-0.283292851,-0.08312150898,0,1
1768,58933333333,0,0,0.9663190402,-0.09199140502,0.3863646257,0.9558580538,-0.03253460227,-0.2809908941,-0.07950470432,0,1
1769,58966666667,0,0,0.9611674344,-0.09166997834,0.3877861912,0.9565185006,-0.03466988765,-0.2791070267,-0.07726334507,0,1
1770,59000000000,0,1,0.954192288,-0.09161370226,0.383011683,0.9580593844,-0.0332376268,-0.2749092371,-0.07377253916,0,1
1771,59033333333,0,0,0.9525170866,-0.09048085422,0.3786876399,0.958771798,-0.0324343831,-0.2734890478,-0.07005990946,0,1
1772,59066666667,0,0,0.9491311809,-0.08964234674,0.3768016793,0.9592855257,-0.03264602,-0.2725044396,-0.0666846904,0,1
1773,59100000000,0,0,0.9455997738,-0.08965908699,0.3743259483,0.9598343117,-0.03115056449,-0.2710985646,-0.06521736483,0,1
1774,59133333333,0,0,0.9433112794,-0.08929250738,0.3693563822,0.960311139,-0.02922168568,-0.2697517993,-0.0646728399,0,1
1775,59166666667,0,0,0.9412724472,-0.08836310451,0.3660897354,0.9607075814,-0.02936849507,-0.268459188,-0.06409445393,0,1
1776,59200000000,0,0,0.9376536721,-0.08895309082,0.3649018483,0.9611503712,-0.03041192048,-0.2671342338,-0.06248503909,0,1
1777,59233333333,0,0,0.9361904753,-0.08678232165,0.3631141288,0.961776345,-0.02752199558,-0.2651273777,-0.06273974407,0,1
1778,59266666667,0,1,0.9319001434,-0.08750004001,0.3623476309,0.9632339209,-0.02696232998,-0.2600988862,-0.06166048803,0,1
1779,59300000000,0,0,0.9300771962,-0.08737932246,0.3633669117,0.9648637477,-0.02300375421,-0.254640267,-0.06055666915,0,1
1780,59333333333,0,0,0.9253005688,-0.08747287438,0.3598297539,0.9673756339,-0.01919438156,-0.2455831722,-0.05920189261,0,1
1781,59366666667,0,0,0.9230064546,-0.08636793202,0.3566567383,0.9689625135,-0.01521991175,-0.2397538708,-0.05829307883,0,1
1782,59400000000,0,0,0.9209775858,-0.08532168271,0.3543523997,0.9708446171,-0.01463936297,-0.2325087174,-0.05644568107,0,1
1783,59433333333,0,0,0.9154814506,-0.08580515294,0.3524173896,0.9722706954,-0.0139326782,-0.2267913772,-0.05532853355,0,1
1784,59466666667,0,1,0.9139264669,-0.08484512704,0.3495487868,0.9735359178,-0.01143441306,-0.2216772397,-0.05437161319,0,1
1785,59500000000,0,0,0.9114022956,-0.08420180627,0.3461539343,0.9749694793,-0.01193692079,-0.2159886363,-0.05139001268,0,1
1786,59533333333,0,0,0.9064042822,-0.08342002113,0.3458803905,0.9760262156,-0.0117068259,-0.2118467244,-0.04854628674,0,1
1787,59566666667,0,0,0.906302468,-0.08204557073,0.343422688,0.9772146761,-0.01146910072,-0.2070433124,-0.04531007936,0,1
1788,59600000000,0,0,0.9025094956,-0.08031431464,0.3413950512,0.978249016,-0.01408495801,-0.2029130523,-0.04070343732,0,1
1789,59633333333,0,0,0.8993501825,-0.07986337649,0.3426896029,0.9786993367,-0.0153207485,-0.2016081305,-0.03559557296,0,1
1790,59666666667,0,1,0.901080665,-0.07600834609,0.3386531195,0.9797674551,-0.01514207928,-0.1969054766,-0.03247590885,0,1
1791,59700000000,0,0,0.8971288187,-0.07393159011,0.3384491613,0.9808301788,-0.01943593548,-0.1917442202,-0.02878469749,0,1
1792,59733333333,0,0,0.8930273203,-0.07129529604,0.3358971643,0.9821459031,-0.02535034506,-0.1855113538,-0.01822971837,0,1
1793,59766666667,0,0,0.8886937071,-0.06994352123,0.3348806946,0.9827912658,-0.0281145389,-0.1818691143,-0.0159538636,0,1
1794,59800000000,0,0,0.8869873822,-0.06921306592,0.3329707492,0.9831454315,-0.02985662305,-0.1798789446,-0.01331194479,0,1
1795,59833333333,0,0,0.8841870635,-0.06639510903,0.3305068177,0.9836912051,-0.03309811395,-0.1764108625,-0.01163337719,0,1
1796,59866666667,0,0,0.8784803609,-0.06542694858,0.3326770735,0.9840648794,-0.0347591392,-0.1741300177,-0.009319457693,0,1
1797,59900000000,0,0,0.8780982994,-0.06457216534,0.3305648077,0.9845125149,-0.03354574502,-0.1718564459,-0.008669087819,0,1
1798,59933333333,0,0,0.8736144483,-0.06200677765,0.3302945047,0.9852270665,-0.03386582631,-0.1676134192,-0.009299192305,0,1
1799,59966666667,0,1,0.8690237775,-0.06265723749,0.3315921528,0.9860263207,-0.03459476475,-0.1628158403,-0.006804352876,0,1
1800,60000000000,0,0,0.8680579312,-0.0612513684,0.3263188082,0.9866291284,-0.03551679948,-0.1589801416,-0.005180200085,0,1
1801,60033333333,0,0,0.8636940282,-0.0599772675,0.3283174183,0.986991012,-0.03882329519,-0.1559143028,-0.005676642554,0,1
1802,60066666667,0,0,0.8593179967,-0.05965902629,0.3318433565,0.9876071601,-0.04051297744,-0.1515816384,-0.003715220877,0,1
1803,60100000000,0,0,0.8564815615,-0.0597287109,0.3299350911,0.9884870656,-0.04057659429,-0.1456991143,-0.004316148495,0,1
1804,60133333333,0,0,0.850567105,-0.05791724444,0.3306961183,0.9891690841,-0.04058990688,-0.1409715332,-0.004899925816,0,1
1805,60166666667,0,0,0.8463221432,-0.05811757987,0.3311503105,0.9896808195,-0.04056508441,-0.1373717085,-0.003919593099,0,1
1806,60200000000,0,0,0.8419605527,-0.05711551503,0.329422248,0.9901646825,-0.04035587652,-0.1339250534,-0.003063453763,0,1
1807,60233333333,0,0,0.835734603,-0.05717699892,0.3316833995,0.9904994425,-0.03988898375,-0.1315924687,-0.001773573446,0,1
1808,60266666667,0,0,0.8315851855,-0.05693846828,0.329771691,0.9909418932,-0.03886715653,-0.1285432137,0.0003881625322,0,1
1809,60300000000,0,0,0.8256417414,-0.05651412203,0.3306487893,0.991224912,-0.03898539966,-0.1262418489,0.004038315097,0,1
1810,60333333333,0,1,0.8203751929,-0.05662261727,0.3308763837,0.9914439542,-0.03810739814,-0.1246460514,0.007076285092,0,1
1811,60366666667,0,0,0.8151318846,-0.05602059349,0.3300896957,0.9915134816,-0.03702833535,-0.1240999379,0.01136325236,0,1
1812,60400000000,0,0,0.8109000716,-0.05649075686,0.3295098958,0.9915063533,-0.03690976807,-0.1239672301,0.01359949444,0,1
1813,60433333333,0,0,0.8050541517,-0.05673696178,0.3318509643,0.9916611815,-0.03755843489,-0.1221386447,0.01672173723,0,1
1814,60466666667,0,0,0.7985612732,-0.05887988006,0.3331883724,0.9919046251,-0.0358938731,-0.1201923581,0.01976465465,0,1
1815,60500000000,0,0,0.796826348,-0.05867785826,0.3295614187,0.9920633608,-0.03391869321,-0.1189057951,0.02283029152,0,1
1816,60533333333,0,0,0.7916885239,-0.05762156195,0.3293912915,0.9921371607,-0.03560576352,-0.1170398277,0.02641519682,0,1
1817,60566666667,0,1,0.7843830391,-0.06181959259,0.3334778036,0.9922037966,-0.03774642632,-0.1146121789,0.03115897639,0,1
1818,60600000000,0,0,0.7826095997,-0.06333352316,0.3305794069,0.992439466,-0.03577261806,-0.1129769264,0.03194433089,0,1
1819,60633333333,0,0,0.7773748477,-0.06217889704,0.3299327218,0.9926894456,-0.03682516349,-0.109898712,0.03367261468,0,1
1820,60666666667,0,0,0.7708896371,-0.06486191828,0.3338240138,0.9926768229,-0.03877589931,-0.1079253491,0.03796411455,0,1
1821,60700000000,0,0,0.7677590593,-0.0658362183,0.3322340912,0.9929783762,-0.03735451058,-0.1055509496,0.03817829283,0,1
1822,60733333333,0,0,0.7633754403,-0.06643237778,0.3332597353,0.9933880825,-0.03773554869,-0.1018547326,0.03717202261,0,1
1823,60766666667,0,0,0.7583101141,-0.0674973716,0.3349430116,0.9935709428,-0.03891642489,-0.09847990323,0.04004999519,0,1
1824,60800000000,0,1,0.7548343324,-0.06756849016,0.333422513,0.9938905028,-0.03859670288,-0.0952407613,0.04026363662,0,1
1825,60833333333,0,0,0.7503487041,-0.06741109362,0.3349060034,0.9944302425,-0.03924913102,-0.09016405891,0.03792678577,0,1
1826,60866666667,0,0,0.7451141421,-0.0675157575,0.3366301901,0.9946790896,-0.03963128886,-0.0863977539,0.03972779628,0,1
1827,60900000000,0,0,0.7408769743,-0.06604712519,0.3336618481,0.9947604508,-0.04028711828,-0.08337010951,0.04333611098,0,1
1828,60933333333,0,0,0.7363365069,-0.06662560702,0.3362964661,0.9947916006,-0.04339323498,-0.08071758327,0.0446247718,0,1
1829,60966666667,0,0,0.7309324892,-0.06740382025,0.3394436963,0.9949762185,-0.04450131287,-0.07637616645,0.04699616007,0,1
1830,61000000000,0,0,0.7279757739,-0.06625004351,0.3374968867,0.9951221322,-0.04387259544,-0.0724983053,0.05050874375,0,1
1831,61033333333,0,1,0.7217614084,-0.06395136547,0.3349891812,0.9953301824,-0.04578467852,-0.06662411857,0.0527524228,0,1
1832,61066666667,0,0,0.7160601027,-0.06514809946,0.3403217701,0.9953352497,-0.04842824506,-0.06222672604,0.05559028952,0,1
1833,61100000000,0,0,0.7121174026,-0.06514495931,0.3387861754,0.9955293271,-0.04757124613,-0.05658534664,0.05879144552,0,1
1834,61133333333,0,0,0.707661548,-0.06274299322,0.3385237035,0.9956271935,-0.04783356426,-0.05194458158,0.06115719254,0,1
1835,61166666667,0,0,0.7008807221,-0.06350144587,0.3434774326,0.99552566,-0.0484793282,-0.04731870026,0.06587378522,0,1
1836,61200000000,0,0,0.6977740446,-0.06333843024,0.3414291299,0.9956375778,-0.04553517617,-0.04362197898,0.06877124725,0,1
1837,61233333333,0,1,0.6924117699,-0.06179093671,0.3407487607,0.9957937364,-0.04473708178,-0.03747848,0.07063137833,0,1
1838,61266666667,0,0,0.6873492225,-0.06134638265,0.3414529655,0.9954501476,-0.04470143358,-0.03266538207,0.07754842493,0,1
1839,61300000000,0,0,0.6856352726,-0.05991739817,0.3390261635,0.9951201067,-0.04465478071,-0.02980829939,0.08278519808,0,1
1840,61333333333,0,0,0.6821802892,-0.05959623504,0.3396767734,0.9950848505,-0.04604791475,-0.02441807733,0.08419909376,0,1
1841,61366666667,0,0,0.6777955607,-0.05957018317,0.3412449546,0.9949377036,-0.04732125529,-0.01809626807,0.08678818927,0,1
1842,61400000000,0,0,0.6742404363,-0.05834680322,0.3399632551,0.9946521167,-0.04800875025,-0.01237793683,0.0906041569,0,1
1843,61433333333,0,1,0.6696564582,-0.05748739215,0.3397095356,0.9944924641,-0.04904699593,-0.007247046083,0.09233965209,0,1
1844,61466666667,0,0,0.6651822514,-0.05787788886,0.3421738686,0.9943776031,-0.04942468081,-0.00323497717,0.09359443527,0,1
1845,61500000000,0,0,0.66161634,-0.05800607153,0.3411326406,0.9942463782,-0.0478333045,0.001569170143,0.09583137313,0,1
1846,61533333333,0,0,0.6583176277,-0.05628788605,0.3398403191,0.9940052858,-0.04697000319,0.004761750224,0.09861357043,0,1
1847,61566666667,0,0,0.6547600085,-0.05580633822,0.3398336928,0.9935774277,-0.04769697937,0.007626949349,0.1023265502,0,1
1848,61600000000,0,0,0.6520488996,-0.05606086506,0.3398480408,0.9932448772,-0.04903123461,0.01106391122,0.1045855715,0,1
1849,61633333333,0,1,0.6461028568,-0.0561601772,0.3406013435,0.9931272803,-0.04998996875,0.0161641681,0.104584549,0,1
1850,61666666667,0,0,0.6421692855,-0.05622685477,0.3408585036,0.9928706976,-0.05025972291,0.01958091152,0.1062935838,0,1
1851,61700000000,0,0,0.6382575305,-0.05531336428,0.3406193134,0.9925464114,-0.05098883888,0.02310776365,0.1082487452,0,1
1852,61733333333,0,0,0.6330761908,-0.05615892254,0.3438833065,0.9925200382,-0.05172540026,0.02594155896,0.1074964753,0,1
1853,61766666667,0,0,0.6293276452,-0.05813333068,0.3459497708,0.9924974301,-0.05031701077,0.02899276962,0.107594001,0,1
1854,61800000000,0,0,0.6260041794,-0.05670377714,0.3427203964,0.9921776471,-0.04877410591,0.03266695971,0.1101701994,0,1
1855,61833333333,0,1,0.6187908775,-0.05776670538,0.3454190669,0.9918724498,-0.04921666688,0.03718597383,0.1112832709,0,1
1856,61866666667,0,0,0.6144005382,-0.05959039903,0.3470399886,0.9916665928,-0.04854881365,0.04087773314,0.1121133016,0,1
1857,61900000000,0,0,0.6107256912,-0.05844445474,0.3460294004,0.9914765546,-0.04687198995,0.04343536804,0.1135368973,0,1
1858,61933333333,0,0,0.6057200943,-0.05962549727,0.3482763479,0.9913600475,-0.04683507153,0.04468209543,0.1140843666,0,1
1859,61966666667,0,0,0.6026861777,-0.06058910899,0.3490360803,0.9912096053,-0.04633898109,0.04562045451,0.1152171483,0,1
1860,62000000000,0,0,0.5983517933,-0.062271287,0.3509640948,0.9909004188,-0.04720524225,0.04891611652,0.1161690095,0,1
1861,62033333333,0,0,0.5924034802,-0.06248765593,0.3542463414,0.9902909099,-0.04672099731,0.05227185566,0.120036308,0,1
1862,62066666667,0,0,0.5876690223,-0.06390459967,0.3557914267,0.9900874875,-0.04521341816,0.05257552634,0.1221406069,0,1
1863,62100000000,0,1,0.5813405967,-0.06490770422,0.3567300751,0.9895526405,-0.04530656654,0.05654278146,0.1246426919,0,1
1864,62133333333,0,0,0.5760976613,-0.06579621693,0.3584280315,0.9890919302,-0.04629797143,0.05816103263,0.1271650337,0,1
1865,62166666667,0,0,0.5716736036,-0.06656027836,0.3609042403,0.9887962328,-0.04763740443,0.05915306508,0.128505263,0,1
1866,62200000000,0,0,0.5672469207,-0.06865246932,0.3640947741,0.9883335523,-0.04958735466,0.06134557342,0.1302866238,0,1
1867,62233333333,0,0,0.5623874383,-0.06965911962,0.3672175817,0.9880922111,-0.04977573179,0.06357400823,0.1309752051,0,1
1868,62266666667,0,0,0.5583825108,-0.06950701732,0.3689216304,0.9878588428,-0.0494641411,0.06462170571,0.1323338225,0,1
1869,62300000000,0,1,0.553153652,-0.07111044777,0.3717625894,0.9870527104,-0.05252905092,0.06761735786,0.1356301537,0,1
1870,62333333333,0,0,0.5481417815,-0.07421168991,0.3768614825,0.9864121529,-0.05492834608,0.07040628106,0.1379017661,0,1
1871,62366666667,0,0,0.5445874306,-0.07723699104,0.3810622233,0.9863436698,-0.05403900799,0.07234395313,0.1377399837,0,1
1872,62400000000,0,0,0.5419683217,-0.07714114207,0.3806039364,0.9862318614,-0.05213566164,0.07430044799,0.1382318042,0,1
1873,62433333333,0,0,0.5365569513,-0.07727251412,0.3847645649,0.9857805454,-0.05303523468,0.07590235243,0.1402241529,0,1
1874,62466666667,0,0,0.5329637528,-0.08065010686,0.3877800226,0.9856477121,-0.05386215505,0.07634940044,0.1405995195,0,1
1875,62500000000,0,0,0.5313399687,-0.0812431766,0.3882129742,0.9857303983,-0.05395134446,0.07769550509,0.1392416706,0,1
1876,62533333333,0,1,0.5254152405,-0.08236595426,0.3914915268,0.9854851454,-0.05527222712,0.0815109183,0.138275013,0,1
1877,62566666667,0,0,0.5210701052,-0.08661941406,0.3958566658,0.9852619472,-0.05565234662,0.08245527941,0.1391504174,0,1
1878,62600000000,0,0,0.5195297145,-0.08607960809,0.3933428744,0.985443726,-0.05375073565,0.08240943496,0.1386369589,0,1
1879,62633333333,0,0,0.5138770949,-0.08688079851,0.3970877951,0.9851182957,-0.05626190013,0.08404592507,0.1389705888,0,1
1880,62666666667,0,0,0.5108591217,-0.08982211596,0.4011373716,0.9848468873,-0.05685588551,0.08349462092,0.1409704404,0,1
1881,62700000000,0,0,0.5095047799,-0.08957908249,0.4015155191,0.9848580999,-0.05640925086,0.08372292301,0.140936126,0,1
1882,62733333333,0,0,0.5072226965,-0.0909949094,0.4054080375,0.9846178131,-0.05787703921,0.08596782984,0.1406682004,0,1
1883,62766666667,0,0,0.5027629663,-0.09231203445,0.4074832155,0.9842212379,-0.05765109125,0.08839984924,0.1420224389,0,1
1884,62800000000,0,0,0.5013987418,-0.09188240521,0.4082780373,0.9840703764,-0.05731309288,0.08880117016,0.1429512362,0,1
1885,62833333333,0,0,0.4984223654,-0.09306682168,0.4114188197,0.9836478258,-0.05888966957,0.09124248688,0.1436794005,0,1
1886,62866666667,0,0,0.4957522379,-0.09400011481,0.4142946259,0.9833929617,-0.05894044191,0.09302897677,0.1442564267,0,1
1887,62900000000,0,1,0.4908727287,-0.09466058309,0.414838527,0.9828074424,-0.0587043089,0.09678089369,0.145865671,0,1
1888,62933333333,0,0,0.4893419064,-0.09540574126,0.4171802297,0.9821403221,-0.06028600176,0.09879340542,0.1483436848,0,1
1889,62966666667,0,0,0.4871951064,-0.09697837051,0.420487514,0.9811760963,-0.06150628034,0.1024503889,0.1517048562,0,1
1890,63000000000,0,0,0.4854018572,-0.09688388909,0.4227429501,0.9802887914,-0.06119750417,0.1056344302,0.1553387209,0,1
1891,63033333333,0,0,0.4827316132,-0.09730625209,0.4247941633,0.9791589506,-0.06171065746,0.1108571576,0.1585882556,0,1
1892,63066666667,0,0,0.4808440029,-0.09746069551,0.428166597,0.97789499,-0.06189171739,0.1157860588,0.1627402608,0,1
1893,63100000000,0,1,0.4775924789,-0.09919539984,0.4307392493,0.9766930915,-0.06237743443,0.1212342461,0.1657767121,0,1
1894,63133333333,0,0,0.4762442155,-0.09929446403,0.4332038479,0.9755311362,-0.06159254683,0.1251150983,0.1699752118,0,1
1895,63166666667,0,0,0.4734580425,-0.09880321123,0.4347140987,0.9739222917,-0.06162747201,0.1299432574,0.1754769905,0,1
1896,63200000000,0,0,0.4687395553,-0.1011568458,0.4405707566,0.9714461536,-0.06117053551,0.1371185529,0.1837091141,0,1
1897,63233333333,0,0,0.4653731927,-0.1024601045,0.4431966003,0.9701260201,-0.06044946456,0.1420546721,0.1871412236,0,1
1898,63266666667,0,0,0.4620300373,-0.1033329484,0.4460250067,0.9690316875,-0.05863192773,0.1457404276,0.1905245746,0,1
1899,63300000000,0,0,0.4601802142,-0.1021999223,0.4455014564,0.9687408862,-0.0563988251,0.1472671854,0.1915010288,0,1
1900,63333333333,0,1,0.4568908637,-0.1039147881,0.4485160806,0.9678701315,-0.05782382262,0.151149657,0.1924515399,0,1
1901,63366666667,0,0,0.4543673018,-0.1059231611,0.4513433429,0.9667488765,-0.05612281828,0.1531490356,0.1969573862,0,1
1902,63400000000,0,0,0.450185858,-0.104284636,0.4521998352,0.9662075493,-0.05200400836,0.1542140254,0.1998914433,0,1
1903,63433333333,0,0,0.4471112536,-0.105384925,0.453451393,0.9655781686,-0.05173767355,0.1556174581,0.2019039874,0,1
1904,63466666667,0,0,0.4424124183,-0.1052779793,0.4564738356,0.9643308473,-0.05039385815,0.1570586905,0.2070242589,0,1
1905,63500000000,0,0,0.4403977,-0.1051602431,0.4558339713,0.9643319612,-0.05027738004,0.1550721748,0.2085393829,0,1
1906,63533333333,0,0,0.4366803785,-0.1056492507,0.4571447412,0.9637832604,-0.05331290729,0.155896832,0.2097039311,0,1
1907,63566666667,0,0,0.4341787609,-0.1063916135,0.4614318446,0.9633603215,-0.05521337025,0.1566219765,0.2106132265,0,1
1908,63600000000,0,0,0.4321511402,-0.1066624902,0.4622369765,0.9631099699,-0.0554630795,0.1582845598,0.2104495921,0,1
1909,63633333333,0,0,0.4279622669,-0.1074053913,0.4653956829,0.9623954026,-0.0580162569,0.1618029753,0.2103544633,0,1
1910,63666666667,0,0,0.4243783025,-0.1097171761,0.4706844054,0.9617453689,-0.05931339469,0.1635607069,0.2116026035,0,1
1911,63700000000,0,0,0.4232938617,-0.1106878757,0.4709765977,0.9619253408,-0.05877742682,0.1636055516,0.2108982605,0,1
1912,63733333333,0,1,0.4226491722,-0.1115423229,0.4740491828,0.9625729995,-0.06005433599,0.1641691021,0.2071115719,0,1
1913,63766666667,0,0,0.4194959043,-0.1134227819,0.4781414527,0.9620980467,-0.05951741848,0.1655880626,0.2083401519,0,1
1914,63800000000,0,0,0.41617726,-0.1127943385,0.4793753905,0.9620012561,-0.05833644205,0.1659358094,0.2088438411,0,1
1915,63833333333,0,0,0.414058266,-0.1143919662,0.4835753422,0.9621392439,-0.06065392998,0.1671665898,0.206553885,0,1
1916,63866666667,0,0,0.4114161557,-0.1160717627,0.4887439966,0.9618859662,-0.06027864804,0.1689097726,0.2064251953,0,1
1917,63900000000,0,0,0.4070421651,-0.115331477,0.4906208653,0.9619107702,-0.05831069939,0.1694343126,0.2064450196,0,1
1918,63933333333,0,1,0.4048535426,-0.1177787435,0.4923837236,0.9621211858,-0.06239731504,0.1674273429,0.2059064927,0,1
1919,63966666667,0,0,0.4034978364,-0.1208764083,0.4974317283,0.9624182022,-0.06489901896,0.1655174566,0.2052883168,0,1
1920,64000000000,0,0,0.4014095061,-0.1219946279,0.5006812263,0.9627910018,-0.06464717586,0.1653874548,0.2037184803,0,1
1921,64033333333,0,0,0.3987480693,-0.1243816698,0.5054543047,0.9628681023,-0.06485309716,0.1665816024,0.202310808,0,1
1922,64066666667,0,0,0.3954754318,-0.1253054755,0.508303128,0.9629950082,-0.06273410216,0.1663381563,0.2025750831,0,1
1923,64100000000,0,0,0.3929750507,-0.1257918741,0.5114100041,0.9634483938,-0.06251191339,0.1640701299,0.2023374551,0,1
1924,64133333333,0,0,0.3907400421,-0.1267506338,0.5150242622,0.9637451785,-0.06344559562,0.1628781347,0.2015951403,0,1
1925,64166666667,0,0,0.3891405504,-0.1294150878,0.5193391595,0.9640952268,-0.06576801843,0.1618183254,0.2000244762,0,1
1926,64200000000,0,1,0.3863988384,-0.1322998241,0.5242023398,0.964558803,-0.06598473718,0.1603164771,0.1989245014,0,1
1927,64233333333,0,0,0.3843593125,-0.1312465936,0.5266695193,0.9652763263,-0.06452553427,0.1582768585,0.1975512726,0,1
1928,64266666667,0,0,0.3814344793,-0.1335360184,0.5313184692,0.9653919727,-0.06754293487,0.1581119899,0.1961042824,0,1
1929,64300000000,0,0,0.3793281292,-0.1370673932,0.5371129614,0.9658635156,-0.06886946051,0.1560295829,0.1949857323,0,1
1930,64333333333,0,0,0.3774354592,-0.1349950535,0.5391901091,0.9670069192,-0.06472428379,0.1529321611,0.1931842112,0,1
1931,64366666667,0,0,0.3740473428,-0.1350361711,0.5421131327,0.9674090308,-0.06633818775,0.1530015375,0.1905506273,0,1
1932,64400000000,0,1,0.3717854527,-0.1397324784,0.548130383,0.9670447259,-0.07145245774,0.1520237312,0.1913317264,0,1
1933,64433333333,0,0,0.3696540683,-0.1391162596,0.5517529058,0.9684855402,-0.06702953164,0.1465926654,0.1898773047,0,1
1934,64466666667,0,0,0.3686818187,-0.1370226106,0.553563935,0.9701236081,-0.06460208092,0.1418900948,0.1858869471,0,1
1935,64500000000,0,0,0.3651577755,-0.1387554821,0.55794608,0.9707088437,-0.06630087607,0.1409818291,0.1829006791,0,1
1936,64533333333,0,0,0.3610273918,-0.140133944,0.561732688,0.9716541674,-0.06517513509,0.1378595274,0.180651962,0,1
1937,64566666667,0,0,0.3596707757,-0.1377795085,0.5631677975,0.9732526107,-0.06241313373,0.1313733833,0.1778341664,0,1
1938,64600000000,0,1,0.3564296384,-0.1374505856,0.5654838692,0.9740184594,-0.06471417803,0.1306330081,0.1733064718,0,1
1939,64633333333,0,0,0.3535902905,-0.141007944,0.5697744545,0.9743231113,-0.0673857457,0.129879098,0.1711287699,0,1
1940,64666666667,0,0,0.351075552,-0.1381651784,0.5702782281,0.9759421006,-0.06284307311,0.126275172,0.1662598731,0,1
1941,64700000000,0,0,0.348385926,-0.1372898755,0.5710804763,0.9766042431,-0.06502685517,0.124214624,0.1630533274,0,1
1942,64733333333,0,0,0.3446067573,-0.13982533,0.5749797034,0.9769530035,-0.06903091806,0.1224375197,0.1606443747,0,1
1943,64766666667,0,0,0.3430443839,-0.1381790077,0.5758898485,0.9781938929,-0.06736199956,0.1173424408,0.157574809,0,1
1944,64800000000,0,1,0.3386783754,-0.1374519953,0.5782182366,0.9787634636,-0.06828397298,0.1173163803,0.1536107035,0,1
1945,64833333333,0,0,0.3351880006,-0.139217096,0.5799932489,0.9789974933,-0.0708511404,0.11643594,0.1516136402,0,1
1946,64866666667,0,0,0.3325141641,-0.138109173,0.5814102114,0.9797943158,-0.06978590406,0.1128326386,0.1496723825,0,1
1947,64900000000,0,0,0.3300621301,-0.1347793688,0.5817429066,0.98053351,-0.06904724563,0.110933262,0.1465616767,0,1
1948,64933333333,0,0,0.3263646893,-0.1369234823,0.5837278956,0.9802500833,-0.073778203,0.1116219357,0.1456265579,0,1
1949,64966666667,0,0,0.3230424313,-0.1353348094,0.5842835322,0.9809794666,-0.07255950859,0.108919055,0.1433563509,0,1
1950,65000000000,0,1,0.3175819876,-0.1332935462,0.5854169436,0.9813274495,-0.07281864486,0.1098006693,0.1401345597,0,1
1951,65033333333,0,0,0.3140640998,-0.1360121606,0.5858687416,0.9812404423,-0.07706748653,0.1092367591,0.1389069016,0,1
1952,65066666667,0,0,0.310770665,-0.1359488948,0.5858444454,0.9820047682,-0.07556285159,0.1054837297,0.1372227151,0,1
1953,65100000000,0,0,0.3079280675,-0.1327173192,0.5843338162,0.9829276681,-0.07258366961,0.1029798753,0.1340893566,0,1
1954,65133333333,0,0,0.3027444039,-0.1358023996,0.5841592644,0.9825762996,-0.07625292612,0.1035312552,0.1342035239,0,1
1955,65166666667,0,0,0.2991621877,-0.1351103912,0.5831474226,0.9832897431,-0.07359491512,0.0990608494,0.1338357861,0,1
1956,65200000000,0,0,0.2962308807,-0.1325291331,0.5814452243,0.9839849214,-0.07120240937,0.09555794009,0.132561576,0,1
1957,65233333333,0,0,0.2926472728,-0.1325659239,0.580834247,0.9841277958,-0.07144650633,0.0945973788,0.1320576172,0,1
1958,65266666667,0,1,0.2855400455,-0.1293249622,0.5812163935,0.9844131481,-0.06675342751,0.09621417966,0.1312157207,0,1
1959,65300000000,0,0,0.2823027521,-0.1257302646,0.5793909736,0.9851204717,-0.06330233858,0.09386634831,0.1293042102,0,1
1960,65333333333,0,0,0.2787139849,-0.1258974533,0.5782948487,0.9850196288,-0.0652682541,0.09438768948,0.1287142185,0,1
1961,65366666667,0,0,0.2751801195,-0.125171324,0.5767126825,0.9850885319,-0.06490383194,0.09388122863,0.1287415702,0,1
1962,65400000000,0,0,0.2708885732,-0.1228916257,0.5751949431,0.9852322716,-0.0636704593,0.0939847047,0.1281808052,0,1
1963,65433333333,0,0,0.2671763555,-0.1228368427,0.5739058174,0.9851218103,-0.06462448166,0.09404868755,0.128505018,0,1
1964,65466666667,0,0,0.2632938683,-0.121530959,0.5722470452,0.9852750278,-0.06405093389,0.09338771382,0.1280989163,0,1
1965,65500000000,0,1,0.2568046907,-0.1176669373,0.5716248921,0.9851615946,-0.06217526346,0.09581242203,0.1281048358,0,1
1966,65533333333,0,0,0.2527063582,-0.118710232,0.5705678312,0.9849630532,-0.0648767517,0.09595949176,0.1281817727,0,1
1967,65566666667,0,0,0.2485506805,-0.1156930136,0.568636905,0.9853863477,-0.06273085787,0.09484766458,0.1268168197,0,1
1968,65600000000,0,0,0.2446713917,-0.1140872907,0.566983495,0.9853196383,-0.06475642702,0.09441479981,0.1266398873,0,1
1969,65633333333,0,0,0.2411851925,-0.1148701884,0.5656667309,0.9852580527,-0.06763001415,0.09337344134,0.1263888887,0,1
1970,65666666667,0,0,0.2366875652,-0.1142042717,0.564565233,0.9855134746,-0.06756725995,0.09313060079,0.1245975441,0,1
1971,65700000000,0,0,0.2318189461,-0.1118805124,0.5627202533,0.9859532517,-0.06643571233,0.0924527858,0.1222086905,0,1
1972,65733333333,0,1,0.2244125412,-0.1096687317,0.5622125622,0.9858356586,-0.06602518248,0.09339255729,0.1226644192,0,1
1973,65766666667,0,0,0.2208796344,-0.1086484926,0.5607615761,0.9861782591,-0.06616339951,0.08988926156,0.12245312,0,1
1974,65800000000,0,0,0.2171842714,-0.1082074585,0.5591322787,0.9865907096,-0.06628662376,0.08840519144,0.1201223437,0,1
1975,65833333333,0,0,0.2113659506,-0.1075509553,0.5577110846,0.9868341501,-0.06564767479,0.08821120226,0.1186066055,0,1
1976,65866666667,0,0,0.2061018464,-0.1073353614,0.5561957659,0.9871189517,-0.06495074441,0.08504906727,0.1189295258,0,1
1977,65900000000,0,0,0.2034488968,-0.1070799596,0.5537196337,0.9877206945,-0.0646825289,0.08065835913,0.1171248448,0,1
1978,65933333333,0,0,0.1989458919,-0.1075395524,0.552022222,0.9881740134,-0.06364133589,0.07894775115,0.1150180516,0,1
1979,65966666667,0,0,0.1938618577,-0.1056139083,0.5495900779,0.9885982718,-0.06112650684,0.07698600068,0.1140621005,0,1
1980,66000000000,0,0,0.1892973766,-0.1053797356,0.547840921,0.9888459194,-0.06212629697,0.07466242565,0.1129140965,0,1
1981,66033333333,0,1,0.183717034,-0.1047912632,0.5488261338,0.9890079793,-0.06096686009,0.0744128515,0.1122897434,0,1
1982,66066666667,0,0,0.1810007248,-0.1034458996,0.5471038022,0.9895475212,-0.05878297163,0.07137070158,0.1106638532,0,1
1983,66100000000,0,0,0.1777435803,-0.1031365504,0.5460091334,0.9897595587,-0.05906213171,0.07103676488,0.1088184659,0,1
1984,66133333333,0,0,0.170535166,-0.1061529717,0.5461449243,0.9895428227,-0.06022948133,0.0730572755,0.1088119763,0,1
1985,66166666667,0,0,0.1688885843,-0.1031640845,0.5438993987,0.9903216472,-0.05587070951,0.06721617207,0.1078122681,0,1
1986,66200000000,0,0,0.1658626798,-0.1036947281,0.5428611854,0.9902758098,-0.05758756829,0.06654044026,0.1077490707,0,1
1987,66233333333,0,1,0.1598423442,-0.1029814738,0.5433751996,0.9902580964,-0.05717157995,0.06867027311,0.1067928209,0,1
1988,66266666667,0,0,0.1547094696,-0.1031888526,0.5428018114,0.9902411619,-0.05732491427,0.06907679925,0.1066053058,0,1
1989,66300000000,0,0,0.1520190046,-0.1023884706,0.5421458393,0.990595478,-0.05670190784,0.06677742285,0.1051012292,0,1
1990,66333333333,0,0,0.1488955145,-0.1025629962,0.5418127087,0.9906029259,-0.05802165538,0.06800093941,0.1035142645,0,1
1991,66366666667,0,0,0.1435034208,-0.1047053463,0.5421251298,0.9904084974,-0.05930507309,0.07045457231,0.1030051934,0,1
1992,66400000000,0,0,0.1395809003,-0.1041447634,0.5412050993,0.9905842441,-0.05707877454,0.06977265228,0.1030371091,0,1
1993,66433333333,0,0,0.136842658,-0.1027397497,0.5403629529,0.9907409306,-0.05611348118,0.06847952704,0.1029283251,0,1
1994,66466666667,0,0,0.1329323676,-0.1053120007,0.5409562769,0.990483003,-0.05851574172,0.07087619304,0.1024494709,0,1
1995,66500000000,0,1,0.1247455522,-0.1058424441,0.5415552295,0.9903656897,-0.05599552588,0.07443526944,0.1024680063,0,1
1996,66533333333,0,0,0.1231772736,-0.1034066097,0.5406697897,0.9907731627,-0.05357709895,0.07154645145,0.1018780636,0,1
1997,66566666667,0,0,0.1193517749,-0.1044567606,0.5404710529,0.9905198776,-0.0554305246,0.07379752073,0.1017435744,0,1
1998,66600000000,0,0,0.1138103614,-0.1060175598,0.5411677613,0.9902632746,-0.05599755397,0.07630941896,0.1020773897,0,1
1999,66633333333,0,0,0.1111684836,-0.1058840644,0.5403179311,0.9902815884,-0.05481517855,0.07549939894,0.1031383184,0,1
2000,66666666667,0,0,0.1080859018,-0.1057627227,0.5406145575,0.9900625178,-0.05472833064,0.07807795896,0.1033675624,0,1
2001,66700000000,0,0,0.1020607781,-0.1088319474,0.5413677196,0.9896305739,-0.0559882022,0.08196097113,0.1038221926,0,1
2002,66733333333,0,1,0.09911286307,-0.1090303185,0.5411416895,0.989530658,-0.05206983124,0.082152194,0.1066246993,0,1
2003,66766666667,0,0,0.09653537077,-0.1066551341,0.5396978589,0.9896227748,-0.04905235799,0.08382709738,0.1058945117,0,1
2004,66800000000,0,0,0.09114352498,-0.1085964423,0.5399192589,0.9891356596,-0.05089774571,0.08768854815,0.10644616,0,1
2005,66833333333,0,0,0.0880646528,-0.1101006511,0.5395414707,0.9888928136,-0.05033744505,0.08893390258,0.1079254639,0,1
2006,66866666667,0,0,0.0847853865,-0.1096590934,0.5384397758,0.9890929547,-0.04863775623,0.09080286974,0.1052821664,0,1
2007,66900000000,0,0,0.07954263303,-0.1118119562,0.5386726517,0.9888604165,-0.04852038727,0.0946193868,0.1041538305,0,1
2008,66933333333,0,0,0.07559637752,-0.1103167279,0.5371900808,0.9888827662,-0.04369797816,0.09608377148,0.1047342845,0,1
2009,66966666667,0,0,0.07181022486,-0.1090004544,0.5359012892,0.9888545482,-0.04234270734,0.09690785415,0.1047981179,0,1
2010,67000000000,0,1,0.06734954769,-0.1130299049,0.5364621308,0.9884955798,-0.04450650439,0.09881897146,0.105501046,0,1
2011,67033333333,0,0,0.0640323383,-0.1147843591,0.5357475964,0.9884830325,-0.04186033754,0.1000601029,0.105531902,0,1
2012,67066666667,0,0,0.05978828702,-0.1132706774,0.5342422939,0.9886181063,-0.03708649714,0.1006660536,0.1054759555,0,1
2013,67100000000,0,0,0.0570120356,-0.1144887785,0.5340866128,0.9885827345,-0.03594288404,0.1004302854,0.1064238878,0,1
2014,67133333333,0,0,0.05375494896,-0.1168915183,0.5336100762,0.9883641825,-0.03389429715,0.1021379084,0.1074954277,0,1
2015,67166666667,0,0,0.05088509719,-0.1139889042,0.5316363052,0.9886632291,-0.02752798989,0.1013930126,0.1072692229,0,1
2016,67200000000,0,0,0.04811269907,-0.115526121,0.5312393326,0.988504803,-0.02689398519,0.1015656439,0.1087170089,0,1
2017,67233333333,0,0,0.04548511636,-0.1164901389,0.5306553905,0.9883926295,-0.02442437991,0.1023449532,0.1095854465,0,1
2018,67266666667,0,0,0.04287849424,-0.1158369446,0.5295890327,0.9884682522,-0.02110547007,0.1027026218,0.1092577001,0,1
2019,67300000000,0,1,0.03919197738,-0.1199671981,0.5281767688,0.9884010881,-0.02164562018,0.1034007346,0.1091010737,0,1
2020,67333333333,0,0,0.03703547919,-0.118564222,0.5267301047,0.9888386765,-0.01689254705,0.1018812823,0.1073914241,0,1
2021,67366666667,0,0,0.03369467558,-0.1206753182,0.5261160084,0.9889896924,-0.0160131209,0.1026669759,0.1053682137,0,1
2022,67400000000,0,0,0.02937052487,-0.121168075,0.5249754739,0.9893213339,-0.0123045548,0.1026047997,0.1027820573,0,1
2023,67433333333,0,0,0.02582753891,-0.121139183,0.5237968325,0.9896920488,-0.008785170252,0.1010980976,0.101052679,0,1
2024,67466666667,0,0,0.02206602306,-0.1232798702,0.5231871023,0.9898506003,-0.006887394038,0.1006132162,0.1001265882,0,1
2025,67500000000,0,1,0.0202323203,-0.1263789229,0.5214923661,0.9903391334,-0.004805801592,0.09868480261,0.0972965307,0,1
2026,67533333333,0,0,0.01736846743,-0.1248962103,0.5191365077,0.9907513808,0.001263819297,0.09845005204,0.09336857855,0,1
2027,67566666667,0,0,0.0118619133,-0.1228452749,0.5177198961,0.9906616359,0.005635234117,0.09896079629,0.0936190584,0,1
2028,67600000000,0,0,0.008938306763,-0.1245142505,0.5167866065,0.9908945321,0.006118912554,0.09638694829,0.09380906872,0,1
2029,67633333333,0,0,0.007491092019,-0.1256474351,0.5152202255,0.9912167398,0.006987432944,0.09521477247,0.09151337386,0,1
2030,67666666667,0,0,0.002954974208,-0.1243636756,0.5143505369,0.9912798733,0.01064953824,0.09652129163,0.08907547592,0,1
2031,67700000000,0,0,-0.002170603212,-0.1215131356,0.5124621254,0.9913279699,0.01422484747,0.09616407548,0.08842499924,0,1
2032,67733333333,0,0,-0.005318054625,-0.1227069782,0.5115787744,0.9915396609,0.01268847523,0.0946588301,0.0879079596,0,1
2033,67766666667,0,0,-0.007631781251,-0.1234705982,0.5105303746,0.9917023194,0.01316149203,0.09473150024,0.08590243073,0,1
2034,67800000000,0,0,-0.01251246334,-0.1222543858,0.5086356099,0.9915736783,0.01508051143,0.09664430005,0.0849358465,0,1
2035,67833333333,0,1,-0.01887629729,-0.1229305333,0.5052935617,0.9914228958,0.01414150544,0.09742020133,0.08596489952,0,1
2036,67866666667,0,0,-0.02210593953,-0.1268878098,0.5053625827,0.9912673811,0.01111253079,0.09769618261,0.08786891773,0,1
2037,67900000000,0,0,-0.02450241026,-0.1253133664,0.502327109,0.9912432979,0.01475174866,0.09753396127,0.08778517352,0,1
2038,67933333333,0,0,-0.02874199392,-0.122556846,0.4998030234,0.9908849324,0.0168581386,0.09943139856,0.0893098584,0,1
2039,67966666667,0,0,-0.03504526993,-0.1257932778,0.5003403747,0.9902316591,0.01547263211,0.102534561,0.09321224615,0,1
2040,68000000000,0,0,-0.03518903789,-0.1216843525,0.4964236081,0.9904218588,0.02003241895,0.09950912764,0.09360116054,0,1
2041,68033333333,0,0,-0.0404836321,-0.1209982124,0.4945297463,0.9899832866,0.0196841143,0.1028149515,0.0947349649,0,1
2042,68066666667,0,0,-0.04774513206,-0.1209730408,0.493918323,0.9895742387,0.01995181688,0.1044729475,0.0971089818,0,1
2043,68100000000,0,0,-0.04956170617,-0.1204286787,0.4911240728,0.9897882987,0.02020070487,0.1011383883,0.09839756993,0,1
2044,68133333333,0,0,-0.05399265802,-0.1187730647,0.4883643661,0.9898008779,0.02042869504,0.1022468432,0.09706942665,0,1
2045,68166666667,0,1,-0.06361753079,-0.1183441023,0.4880405528,0.9895220924,0.01955272541,0.1056050259,0.09649506783,0,1
2046,68200000000,0,0,-0.06948293404,-0.1162536466,0.4868469035,0.9895815608,0.02049414869,0.10315246,0.09832545106,0,1
2047,68233333333,0,0,-0.07140517429,-0.114896867,0.4832726042,0.9903791042,0.01912485538,0.09789914566,0.0959126014,0,1
2048,68266666667,0,0,-0.07744019262,-0.1156508526,0.4821068261,0.9904648817,0.01697849161,0.09927853031,0.09399373534,0,1
2049,68300000000,0,0,-0.08431942879,-0.1116488581,0.4816541764,0.9905188667,0.02004847808,0.0981341184,0.09402195538,0,1
2050,68333333333,0,0,-0.08761591471,-0.1092772378,0.4774083896,0.9910849387,0.01885212318,0.09319245046,0.09332957199,0,1
2051,68366666667,0,1,-0.09179612483,-0.1144956339,0.4767385826,0.9915222755,0.01175506619,0.09213257325,0.09086795158,0,1
2052,68400000000,0,0,-0.09719795723,-0.1143404047,0.4761594021,0.9917214526,0.01299277592,0.09224159736,0.08838119682,0,1
2053,68433333333,0,0,-0.1015006202,-0.1091730204,0.4729680238,0.9920795854,0.01707917395,0.08866906198,0.08731663926,0,1
2054,68466666667,0,0,-0.1054274174,-0.1073091228,0.4713217864,0.9923798589,0.0162912265,0.08563178612,0.08708621494,0,1
2055,68500000000,0,0,-0.1106706353,-0.1095214686,0.4717366931,0.9926263266,0.0135594187,0.08408325606,0.08625035615,0,1
2056,68533333333,0,0,-0.1135309747,-0.1083298172,0.4698573731,0.9931616077,0.01477882838,0.08039560682,0.08335558506,0,1
2057,68566666667,0,1,-0.1182087972,-0.1066348727,0.468409919,0.9932885028,0.01493688773,0.07960480486,0.08257066479,0,1
2058,68600000000,0,0,-0.1237517654,-0.1071783461,0.4691330936,0.9935907403,0.01352870008,0.07749801855,0.08116940432,0,1
2059,68633333333,0,0,-0.1240816375,-0.1061516672,0.466007505,0.9943057544,0.01289730604,0.07204576146,0.0774540796,0,1
2060,68666666667,0,0,-0.1297760601,-0.1057385118,0.4665409161,0.9944930498,0.01120316554,0.07297291166,0.07438425287,0,1
2061,68700000000,0,0,-0.1358271719,-0.1046579949,0.4673133492,0.9948153736,0.01159478244,0.07102197988,0.07185966808,0,1
2062,68733333333,0,0,-0.1383287982,-0.1035070486,0.4654075423,0.995287151,0.01129865108,0.06675737073,0.0694210414,0,1
2063,68766666667,0,1,-0.1411394609,-0.1027809585,0.465777599,0.9956244618,0.01032938974,0.06520914946,0.06612867443,0,1
2064,68800000000,0,0,-0.1475761998,-0.1032683116,0.4668807342,0.9959220589,0.009951872064,0.06419002669,0.06260873262,0,1
2065,68833333333,0,0,-0.1500714912,-0.1008246015,0.4650018166,0.9962836424,0.01120216305,0.0595725387,0.06119254986,0,1
2066,68866666667,0,0,-0.1535182417,-0.1001118637,0.4644853405,0.9966591853,0.009819766799,0.05643412724,0.05821709139,0,1
2067,68900000000,0,0,-0.1587504793,-0.1019816628,0.4651995636,0.9968851894,0.007620021417,0.05498072241,0.05602655221,0,1
2068,68933333333,0,0,-0.1614285015,-0.1008137276,0.4646101909,0.9972205985,0.008689542774,0.05100195475,0.05361315468,0,1
2069,68966666667,0,1,-0.1652638427,-0.1011073909,0.4658318168,0.9975472272,0.008695035688,0.04896654991,0.04925650117,0,1
2070,69000000000,0,0,-0.1690163433,-0.1013176012,0.4651905483,0.9977909268,0.009398829398,0.04705202042,0.04594600919,0,1
2071,69033333333,0,0,-0.1739424527,-0.09944161239,0.4647952547,0.9979370618,0.01142738606,0.04482573663,0.04451616473,0,1
2072,69066666667,0,0,-0.1773176257,-0.09800774596,0.4637939144,0.9982210962,0.01164885728,0.03989064704,0.04275141439,0,1
2073,69100000000,0,0,-0.1814282746,-0.1023291058,0.4644529217,0.9985021752,0.00809749022,0.03751156517,0.03899640116,0,1
2074,69133333333,0,0,-0.1852327044,-0.1003177842,0.4638253405,0.9986770328,0.01159070034,0.0348024467,0.03603650179,0,1
2075,69166666667,0,1,-0.1898059099,-0.09959791059,0.4643167274,0.9988129941,0.01235174213,0.03220681222,0.03439125569,0,1
2076,69200000000,0,0,-0.193847321,-0.09901988412,0.4638657337,0.998925257,0.01303852801,0.02845920904,0.0341818824,0,1
2077,69233333333,0,0,-0.1978864638,-0.0984065845,0.4639031655,0.9990624579,0.01304513952,0.02417443005,0.03346082141,0,1
2078,69266666667,0,0,-0.2018891633,-0.101319318,0.4639264121,0.9992569841,0.0111902175,0.02038411944,0.03073672776,0,1
2079,69300000000,0,0,-0.2038023452,-0.09959890136,0.4619117273,0.9993961108,0.01340220121,0.01530234313,0.02817149226,0,1
2080,69333333333,0,0,-0.2082787617,-0.09824121357,0.4618776616,0.9994904924,0.01357849717,0.01263224795,0.02597703474,0,1
2081,69366666667,0,1,-0.2129760558,-0.09998995138,0.4643324866,0.99960395,0.01250609027,0.009525605813,0.02334102851,0,1
2082,69400000000,0,0,-0.2143050267,-0.1008329716,0.4624890397,0.999713166,0.01308408232,0.004798567813,0.01947732443,0,1
2083,69433333333,0,0,-0.2201234137,-0.0991755246,0.4633212979,0.999743856,0.01493778159,0.003989176731,0.01652790082,0,1
2084,69466666667,0,0,-0.2249616923,-0.09996967156,0.4638610803,0.9997725688,0.01541956748,0.001359926126,0.01466963691,0,1
2085,69500000000,0,0,-0.2268470209,-0.09838263681,0.4622119029,0.9997429089,0.01764709206,-0.003394855665,0.01382646675,0,1
2086,69533333333,0,0,-0.2305693987,-0.09941191906,0.4624986686,0.9997687867,0.01712512097,-0.006158263529,0.0114533475,0,1
2087,69566666667,0,1,-0.2337444006,-0.1000312614,0.462941521,0.9997449966,0.01812347615,-0.008896940924,0.01011561972,0,1
2088,69600000000,0,0,-0.2354005155,-0.09965304093,0.4610562518,0.9996990695,0.01934142131,-0.01276514564,0.008045551189,0,1
2089,69633333333,0,0,-0.2390562443,-0.09895315628,0.4608626151,0.9996699253,0.01994888615,-0.01402603458,0.008084100918,0,1
2090,69666666667,0,0,-0.2427402962,-0.09961398191,0.4616749212,0.9996261593,0.02007278752,-0.0162482584,0.008978800389,0,1
2091,69700000000,0,0,-0.244156582,-0.1006819563,0.461362377,0.9995319247,0.02121771753,-0.02069757441,0.007573009599,0,1
2092,69733333333,0,0,-0.2464332591,-0.1028494661,0.4613929251,0.9994836877,0.02216210714,-0.02287584842,0.004230207753,0,1
2093,69766666667,0,1,-0.2465418063,-0.100874452,0.4614961488,0.9992710239,0.0277608525,-0.026109425,0.002248069788,0,1
2094,69800000000,0,0,-0.2488928917,-0.09912235307,0.4618297732,0.9990436259,0.03313816982,-0.02846428305,0.00186541802,0,1
2095,69833333333,0,0,-0.2488769378,-0.09982581947,0.4594370468,0.9987772779,0.03524317857,-0.03465339913,-0.001004725593,0,1
2096,69866666667,0,0,-0.2496612237,-0.1000362352,0.4584267976,0.998641694,0.03659635304,-0.03696920417,-0.002958361917,0,1
2097,69900000000,0,0,-0.2510016788,-0.09869970853,0.458353179,0.9984072772,0.03965082885,-0.03982249214,-0.00498895867,0,1
2098,69933333333,0,0,-0.251201368,-0.09862081217,0.4569863366,0.9981526299,0.04109116131,-0.04411150958,-0.007551073082,0,1
2099,69966666667,0,0,-0.2516288567,-0.09718466346,0.4563217393,0.9978547452,0.0424514485,-0.04853848336,-0.01130475859,0,1
2100,70000000000,0,1,-0.2546217586,-0.1007134236,0.4589741637,0.9976860783,0.04103079458,-0.05132008998,-0.01747029911,0,1
2101,70033333333,0,0,-0.253357745,-0.1007742105,0.4560221901,0.9970386731,0.04481561957,-0.0571505301,-0.02528362215,0,1
2102,70066666667,0,0,-0.2552250938,-0.0979929742,0.4554942343,0.9965044802,0.04856787057,-0.06036946906,-0.03123315567,0,1
2103,70100000000,0,0,-0.2570892434,-0.09983197264,0.4575981451,0.9957332525,0.05012189683,-0.06687834895,-0.03911996513,0,1
2104,70133333333,0,0,-0.2554144335,-0.09822133308,0.4520141227,0.9948537083,0.05502739703,-0.07318777611,-0.04337780734,0,1
2105,70166666667,0,0,-0.2584066913,-0.09434451099,0.4506323253,0.9943172974,0.05708074031,-0.07710462076,-0.04614952397,0,1
2106,70200000000,0,1,-0.2611903683,-0.09505068826,0.4516055536,0.9935263563,0.05705553543,-0.08279261663,-0.05287180563,0,1
2107,70233333333,0,0,-0.2596474192,-0.09322684661,0.4484487474,0.9926495406,0.05947897055,-0.08885352646,-0.05669384761,0,1
2108,70266666667,0,0,-0.2599198774,-0.09421150699,0.4490976074,0.9918138293,0.05857782875,-0.09247287843,-0.06574749303,0,1
2109,70300000000,0,0,-0.2598063455,-0.09365963757,0.451025567,0.9905487501,0.06341204639,-0.09581053703,-0.07491613296,0,1
2110,70333333333,0,0,-0.2580501866,-0.09013480241,0.4441031847,0.9896524676,0.06743759325,-0.09778655207,-0.0804857423,0,1
2111,70366666667,0,0,-0.2593572469,-0.08804320533,0.443451431,0.9892747011,0.06490510999,-0.09899302354,-0.08557612801,0,1
2112,70400000000,0,1,-0.2593181397,-0.08786541872,0.4444128497,0.9883822973,0.06339527376,-0.1030056925,-0.09203967075,0,1
2113,70433333333,0,0,-0.2581429147,-0.08637358254,0.4391564058,0.9881068592,0.0614069175,-0.1024169438,-0.09687515168,0,1
2114,70466666667,0,0,-0.2583126016,-0.08622828787,0.4409571177,0.9881748318,0.05701744365,-0.1008808811,-0.1004119549,0,1
2115,70500000000,0,0,-0.2573200515,-0.08685103601,0.4419604284,0.9878945048,0.05658395066,-0.1007498772,-0.1034995953,0,1
2116,70533333333,0,0,-0.2526196712,-0.08451871381,0.4373903706,0.9874541999,0.05785739869,-0.1006812116,-0.1070047572,0,1
2117,70566666667,0,0,-0.2519106032,-0.0837179664,0.4383834783,0.9877012289,0.05604421249,-0.09580263913,-0.1101234902,0,1
2118,70600000000,0,1,-0.2486276729,-0.08320901937,0.4384267837,0.9873159006,0.0573225279,-0.09680649208,-0.1120265299,0,1
2119,70633333333,0,0,-0.2449773813,-0.08006290698,0.43267221,0.9867620601,0.05818348533,-0.09567566106,-0.1173093629,0,1
2120,70666666667,0,0,-0.2448271892,-0.08082202109,0.4341013741,0.9871442408,0.05422346832,-0.09157039637,-0.1192515234,0,1
2121,70700000000,0,0,-0.2423375424,-0.07940934404,0.4325024914,0.9867375355,0.05566547907,-0.09033430555,-0.1228417835,0,1
2122,70733333333,0,0,-0.2389575272,-0.07708897606,0.426123194,0.986399501,0.05493303617,-0.08766067864,-0.1277262363,0,1
2123,70766666667,0,0,-0.2365750805,-0.07591454387,0.4284704609,0.9866166269,0.05228567257,-0.08665698726,-0.1278452446,0,1
2124,70800000000,0,1,-0.2334279641,-0.07629981786,0.4280641534,0.9862583793,0.05204285767,-0.08603429178,-0.1310879509,0,1
2125,70833333333,0,0,-0.2301142006,-0.07415593807,0.4236742496,0.9861072043,0.05286010823,-0.08279862551,-0.133950656,0,1
2126,70866666667,0,0,-0.2292426751,-0.07281127001,0.4222794651,0.9868080789,0.05066673478,-0.07939103127,-0.1316805286,0,1
2127,70900000000,0,0,-0.2273233024,-0.07344372099,0.4233414813,0.98637028,0.05084308443,-0.08023826537,-0.134352046,0,1
2128,70933333333,0,0,-0.2241723808,-0.07284153839,0.4186877547,0.9862254586,0.05199839435,-0.07705910353,-0.1368115724,0,1
2129,70966666667,0,0,-0.2228241803,-0.07153264532,0.4186314012,0.9864078135,0.05348262112,-0.07361563594,-0.1368209515,0,1
2130,71000000000,0,1,-0.2189356152,-0.06870374756,0.4143354266,0.9859531925,0.05650469374,-0.07420256265,-0.1385550489,0,1
2131,71033333333,0,0,-0.2142929107,-0.06591495412,0.4092333609,0.9857005868,0.05614765138,-0.07277730753,-0.1412276813,0,1
2132,71066666667,0,0,-0.2138272755,-0.0663867112,0.4112322517,0.9855106361,0.05380179789,-0.0686376149,-0.1454751885,0,1
2133,71100000000,0,0,-0.2121957331,-0.06525828158,0.4095407478,0.9846913584,0.05640528267,-0.06723592179,-0.1506011406,0,1
2134,71133333333,0,0,-0.2081289047,-0.0630690483,0.4050102985,0.9838962929,0.05780550433,-0.06613415424,-0.1556691434,0,1
2135,71166666667,0,0,-0.2058255096,-0.06131509968,0.4031960015,0.9838117365,0.05736066246,-0.06329049376,-0.1575389952,0,1
2136,71200000000,0,1,-0.2019031681,-0.05930259119,0.3999786818,0.9841730504,0.05701027904,-0.06457612532,-0.1548649703,0,1
2137,71233333333,0,0,-0.1969902043,-0.0577479519,0.394574389,0.9844299387,0.0546650319,-0.06566090535,-0.1536166512,0,1
2138,71266666667,0,0,-0.1957717663,-0.05875379288,0.394838397,0.9850505069,0.04964431357,-0.06141393768,-0.153098887,0,1
2139,71300000000,0,0,-0.1948053256,-0.06114501952,0.3950187782,0.9846259506,0.05021228878,-0.0573246182,-0.1571761801,0,1
2140,71333333333,0,0,-0.1877355545,-0.05644862992,0.3888309494,0.9842381979,0.055883395,-0.05501639905,-0.158509974,0,1
2141,71366666667,0,0,-0.185306584,-0.05514494675,0.3849868438,0.9847165363,0.05374865384,-0.04947954385,-0.1581018662,0,1
2142,71400000000,0,1,-0.1815305082,-0.05579461349,0.3854586366,0.985085207,0.05291311161,-0.04789475385,-0.1565676538,0,1
2143,71433333333,0,0,-0.176934419,-0.05420590207,0.3799634866,0.9852503738,0.05375037378,-0.04534724804,-0.1560007221,0,1
2144,71466666667,0,0,-0.1740137933,-0.05338249819,0.3791762724,0.98578478,0.05278153366,-0.03910194714,-0.1546399528,0,1
2145,71500000000,0,0,-0.1732735604,-0.05319067669,0.3782976741,0.9863792609,0.05363516258,-0.03428838329,-0.1516691456,0,1
2146,71533333333,0,0,-0.1674686975,-0.05013851928,0.373881657,0.9866915153,0.05564754391,-0.0324253649,-0.1493043875,0,1
2147,71566666667,0,0,-0.1639453852,-0.05142691223,0.3724656385,0.9871916535,0.05270378214,-0.02598795144,-0.1483225439,0,1
2148,71600000000,0,1,-0.159808617,-0.05098446195,0.3702477796,0.9877842054,0.05354355637,-0.02110842909,-0.1448098247,0,1
2149,71633333333,0,0,-0.1559943177,-0.04836239431,0.3665946534,0.9883482701,0.05404307165,-0.01819519806,-0.1411239813,0,1
2150,71666666667,0,0,-0.1529815454,-0.04967020621,0.3658414373,0.988867367,0.05176206205,-0.01400460637,-0.1388016227,0,1
2151,71700000000,0,0,-0.1508032144,-0.05046057592,0.364600883,0.9890659874,0.05342748374,-0.009069509406,-0.1371558255,0,1
2152,71733333333,0,0,-0.1481760418,-0.04852829455,0.3606307349,0.9892849105,0.0558433841,-0.005151966339,-0.1347974022,0,1
2153,71766666667,0,0,-0.1447327155,-0.04853445688,0.3579008011,0.9898058068,0.05566836654,-0.001803032641,-0.1310810697,0,1
2154,71800000000,0,0,-0.1427057822,-0.04859490704,0.3558944739,0.9904011675,0.05556279887,0.002817165513,-0.1265320768,0,1
2155,71833333333,0,1,-0.1382992112,-0.04754126227,0.3527578783,0.9907062148,0.05649063093,0.005319619286,-0.1236191986,0,1
2156,71866666667,0,0,-0.134830136,-0.04598140281,0.3491585807,0.9910536963,0.05718921758,0.009494642035,-0.1202157073,0,1
2157,71900000000,0,0,-0.1327222435,-0.04537238562,0.3470441068,0.9917977915,0.05533899732,0.01508774256,-0.1142238859,0,1
2158,71933333333,0,0,-0.1314950224,-0.04384745571,0.3459457756,0.9923941003,0.05387083198,0.01807067803,-0.1092031763,0,1
2159,71966666667,0,0,-0.1288718793,-0.04387638015,0.3435521927,0.9927514625,0.05217247452,0.02082153351,-0.1062498489,0,1
2160,72000000000,0,0,-0.1244244229,-0.04198617961,0.3396201622,0.9930229966,0.05099407961,0.02553209915,-0.1032135847,0,1
2161,72033333333,0,1,-0.1231526172,-0.03896505276,0.338692851,0.9935272314,0.04962792963,0.03152261476,-0.09719585296,0,1
2162,72066666667,0,0,-0.1217966567,-0.03697620905,0.336558716,0.9942195183,0.04705560603,0.03557112499,-0.08971072678,0,1
2163,72100000000,0,0,-0.1180577713,-0.03693379032,0.3338209871,0.9947757892,0.04190772577,0.04121216178,-0.08346513978,0,1
2164,72133333333,0,0,-0.118743854,-0.0369894975,0.3345149821,0.9949425027,0.03846679333,0.04954640386,-0.07845301766,0,1
2165,72166666667,0,0,-0.1169672836,-0.03684476573,0.332199222,0.9951314822,0.03681419859,0.05479169697,-0.07318413733,0,1
2166,72200000000,0,0,-0.1144282457,-0.0352495065,0.3295996907,0.9952573904,0.03508459485,0.06099295079,-0.06716887664,0,1
2167,72233333333,0,1,-0.114413328,-0.03769800746,0.3295426618,0.9951788228,0.03126696278,0.06893752429,-0.06236269245,0,1
2168,72266666667,0,0,-0.1136886163,-0.03832366551,0.3275587283,0.9950287623,0.03112399102,0.07586292627,-0.05651438538,0,1
2169,72300000000,0,0,-0.1122784294,-0.03699904246,0.3254390847,0.9948774148,0.03113620214,0.08242371973,-0.04955599762,0,1
2170,72333333333,0,0,-0.1137825765,-0.03660696367,0.3250112214,0.9946775,0.03053692738,0.08914856159,-0.04167374394,0,1
2171,72366666667,0,0,-0.1157965723,-0.04070687457,0.3239457439,0.9944895145,0.0295081686,0.09389228796,-0.03611248845,0,1
2172,72400000000,0,0,-0.1124707943,-0.03853304995,0.3192900569,0.9943523125,0.03361088579,0.09600502698,-0.03027906522,0,1
2173,72433333333,0,1,-0.1141530079,-0.03734763057,0.3173243659,0.9939486327,0.03563223776,0.1010967294,-0.02399813536,0,1
2174,72466666667,0,0,-0.1161724071,-0.03690477329,0.3149238524,0.9939786801,0.03758328696,0.1019455255,-0.01417708985,0,1
2175,72500000000,0,0,-0.1142748271,-0.03515655316,0.3108924111,0.9941981617,0.03828924088,0.1004071599,-0.00472774746,0,1
2176,72533333333,0,0,-0.1156790645,-0.03586777353,0.3080114742,0.9940985923,0.03567949018,0.1024164698,0.002414448849,0,1
2177,72566666667,0,0,-0.1182328812,-0.03657134848,0.3062129266,0.9940280657,0.03449119289,0.1030889729,0.009551221205,0,1
2178,72600000000,0,0,-0.1176205168,-0.03506008908,0.3023325839,0.9941203058,0.03425017501,0.1013162245,0.0169341569,0,1
2179,72633333333,0,0,-0.1185449435,-0.03593313926,0.3000293924,0.9941505173,0.03138461688,0.1014418976,0.01973058776,0,1
2180,72666666667,0,0,-0.1212876362,-0.03949319445,0.2982744248,0.9940411793,0.02967367102,0.1029461802,0.02009206743,0,1
2181,72700000000,0,0,-0.122059133,-0.04013550195,0.294991467,0.9938588032,0.03226385168,0.1041495568,0.01888366931,0,1
2182,72733333333,0,0,-0.1221462656,-0.03497442888,0.2890763286,0.993636303,0.03563290225,0.1051714438,0.01887222859,0,1
2183,72766666667,0,1,-0.1268510223,-0.03129705903,0.2847424041,0.9933253187,0.03258389813,0.1086308237,0.02103437435,0,1
2184,72800000000,0,0,-0.1306622109,-0.03279012394,0.284459758,0.9931876747,0.02961918402,0.1104590593,0.02235493358,0,1
2185,72833333333,0,0,-0.1295651564,-0.03130349289,0.2788338814,0.9933193744,0.02850683061,0.1095416454,0.02246350476,0,1
2186,72866666667,0,0,-0.1326188898,-0.03142483607,0.2769783256,0.9930311575,0.02469970035,0.1128414397,0.02336352938,0,1
2187,72900000000,0,0,-0.1387880226,-0.03157109713,0.2777514751,0.9927208207,0.02385800296,0.1152596879,0.0255219942,0,1
2188,72933333333,0,0,-0.1382251664,-0.031447993,0.273088261,0.9931144623,0.02358328719,0.1114126857,0.02747192724,0,1
2189,72966666667,0,0,-0.1383763688,-0.03287424838,0.269242114,0.9931036048,0.02132448495,0.1116769694,0.02861382621,0,1
2190,73000000000,0,1,-0.1423986583,-0.03791329191,0.2678393063,0.9926431404,0.0199314769,0.1157437658,0.02942299592,0,1
2191,73033333333,0,0,-0.1423073754,-0.03485736411,0.2635708679,0.9923948771,0.02374777744,0.1163253359,0.0325094954,0,1
2192,73066666667,0,0,-0.1432047727,-0.03345326274,0.2601971029,0.9923062515,0.02351202952,0.1167146212,0.03395857543,0,1
2193,73100000000,0,0,-0.1435370785,-0.03632057705,0.2573632194,0.9922318173,0.02126011731,0.1174139352,0.03518516787,0,1
2194,73133333333,0,0,-0.1423857138,-0.0355125477,0.2533041986,0.9917591974,0.02188228048,0.1204488566,0.03777476761,0,1
2195,73166666667,0,0,-0.1434648146,-0.03680806735,0.2517179215,0.9913360919,0.02216252874,0.124184242,0.03660395182,0,1
2196,73200000000,0,0,-0.1452045525,-0.03603276675,0.249528497,0.9908095149,0.02486189689,0.1274986399,0.03771588594,0,1
2197,73233333333,0,0,-0.1451331747,-0.0357438229,0.2459186063,0.990401464,0.02754422953,0.129328554,0.04025395213,0,1
2198,73266666667,0,0,-0.1438118004,-0.03324120464,0.2411325876,0.9898964948,0.02970693523,0.1312015135,0.04481730019,0,1
2199,73300000000,0,0,-0.1466645611,-0.03294794302,0.2397130811,0.9890537856,0.0305445924,0.1351149271,0.05082906158,0,1
2200,73333333333,0,0,-0.146048708,-0.03387951277,0.2363447781,0.9887320984,0.03251829417,0.1356842089,0.0542327724,0,1
2201,73366666667,0,0,-0.1447282964,-0.03290051165,0.2316863243,0.9880984931,0.03503690684,0.1379879787,0.05825032964,0,1
2202,73400000000,0,0,-0.1475941387,-0.02968114453,0.2291285679,0.987100538,0.03737990625,0.1421347608,0.06350574951,0,1
2203,73433333333,0,0,-0.1503981196,-0.03183903532,0.2279383172,0.986754494,0.03814310799,0.1438276668,0.06460862222,0,1
2204,73466666667,0,1,-0.1448986819,-0.02868707012,0.21997165,0.9868220411,0.04225304588,0.1419753371,0.06511484472,0,1
2205,73500000000,0,0,-0.1476930417,-0.02733818696,0.2173110699,0.9858385642,0.04424514811,0.147000282,0.06749525362,0,1
2206,73533333333,0,0,-0.1528031151,-0.02563473887,0.2158090602,0.9850450104,0.04771868845,0.1497908891,0.07051201126,0,1
2207,73566666667,0,0,-0.1520042388,-0.02193464772,0.2093093665,0.9847934234,0.05082010628,0.1485498303,0.07437861252,0,1
2208,73600000000,0,0,-0.1514614063,-0.02227214149,0.203828877,0.9844410582,0.04988657819,0.1502973495,0.07614354165,0,1
2209,73633333333,0,0,-0.156146802,-0.02264672565,0.2014930744,0.983499109,0.05160759971,0.1550516424,0.07762181672,0,1
2210,73666666667,0,0,-0.1597091667,-0.01788055722,0.1967850085,0.9828943601,0.05649245828,0.1559338291,0.08007446564,0,1
2211,73700000000,0,0,-0.1608499226,-0.01322350992,0.1906218249,0.9828170994,0.05758445028,0.1550175087,0.08200092832,0,1
2212,73733333333,0,0,-0.1658188895,-0.01418364369,0.1874723972,0.9824129631,0.05615941681,0.1570725109,0.08389944123,0,1
2213,73766666667,0,0,-0.1676906201,-0.01181624482,0.18209459,0.9822686718,0.05793470244,0.1563561934,0.0857004522,0,1
2214,73800000000,0,0,-0.1686591225,-0.009473532786,0.1759472143,0.9823750915,0.05834683094,0.1559759032,0.08489019098,0,1
2215,73833333333,0,0,-0.1703071891,-0.006878675412,0.1697359743,0.9822163326,0.05776069218,0.1577706511,0.08380453538,0,1
2216,73866666667,0,0,-0.1761346346,-0.005311263342,0.1673742538,0.9815487775,0.05769062073,0.162127038,0.08335834184,0,1
2217,73900000000,0,0,-0.1791435738,-0.003002792049,0.1622006283,0.9812583456,0.05845697065,0.16342214,0.08371407263,0,1
2218,73933333333,0,1,-0.1815981557,0.0008167199073,0.1559446147,0.9808920718,0.05823682997,0.1648707402,0.08530447899,0,1
2219,73966666667,0,0,-0.1853845796,0.001437941425,0.153445958,0.9804139033,0.05713843139,0.1679252897,0.08558548276,0,1
2220,74000000000,0,0,-0.188375266,0.002721728648,0.1493258646,0.9798759386,0.0584026292,0.1703352923,0.08612877628,0,1
2221,74033333333,0,0,-0.1899847768,0.007115932787,0.143495113,0.9793693324,0.05940602093,0.1726180993,0.08665810496,0,1
2222,74066666667,0,0,-0.1947096449,0.009013457825,0.1415675564,0.9786227202,0.0584975356,0.1764588236,0.08796529686,0,1
2223,74100000000,0,0,-0.1995805375,0.01037270697,0.1401232295,0.9781349111,0.05881625256,0.1782466105,0.08955942098,0,1
2224,74133333333,0,1,-0.1988056257,0.01253876063,0.1326032644,0.9780035588,0.05804965842,0.1793090395,0.08937306312,0,1
2225,74166666667,0,0,-0.2006167095,0.01582093096,0.1294737304,0.9767573714,0.05546053501,0.1857855951,0.0913940865,0,1
2226,74200000000,0,0,-0.208716975,0.01389221215,0.1330877782,0.9754247119,0.05406693671,0.1914149059,0.09478254851,0,1
2227,74233333333,0,0,-0.2094727462,0.01482716457,0.1283247363,0.9750739236,0.05574187516,0.1912604156,0.09768899824,0,1
2228,74266666667,0,0,-0.2102760224,0.01462817145,0.1251124169,0.9741665427,0.05503552402,0.1944815534,0.1007351163,0,1
2229,74300000000,0,0,-0.2144988587,0.01439855619,0.1253992146,0.9727301584,0.05688912138,0.1990106233,0.1046634544,0,1
2230,74333333333,0,0,-0.2177491492,0.01511383584,0.1232056624,0.971804202,0.05950164209,0.2013666032,0.1072736629,0,1
2231,74366666667,0,0,-0.2205723499,0.01722596025,0.1210108183,0.9711482105,0.06092751239,0.2037772712,0.1078601648,0,1
2232,74400000000,0,0,-0.2259908535,0.01738011751,0.1208535924,0.9703868756,0.06175936093,0.2062177251,0.1095871477,0,1
2233,74433333333,0,0,-0.2298292708,0.02088779452,0.1188111845,0.9698859214,0.06309809951,0.2065090201,0.1126674488,0,1
2234,74466666667,0,0,-0.2335410759,0.02142484261,0.1189929402,0.9695212381,0.06130434123,0.2076366629,0.1147055486,0,1
2235,74500000000,0,0,-0.2394165129,0.02007968012,0.1195908796,0.9690429529,0.06082058715,0.2090361564,0.116449547,0,1
2236,74533333333,0,1,-0.2416735779,0.02082035155,0.1203993825,0.9688369314,0.06139244303,0.2092097626,0.1175467721,0,1
2237,74566666667,0,0,-0.2468404465,0.02033290039,0.1211896866,0.9683297612,0.0612830791,0.211180193,0.1182572781,0,1
2238,74600000000,0,0,-0.2539365749,0.01969807499,0.1230716761,0.967944772,0.06236503592,0.2124660617,0.1185398385,0,1
2239,74633333333,0,0,-0.2600975132,0.021550277,0.1230671399,0.9680144533,0.06410967246,0.2109320312,0.1197733125,0,1
2240,74666666667,0,0,-0.265983527,0.02243951176,0.1229068107,0.9681230156,0.06380674079,0.2096281891,0.121336511,0,1
2241,74700000000,0,0,-0.2730481089,0.02112707169,0.1257730817,0.9683857576,0.06310836315,0.2087020374,0.1212015618,0,1
2242,74733333333,0,0,-0.2782860392,0.02118985562,0.1247471312,0.9687968483,0.06360039725,0.2066613447,0.1211558697,0,1
2243,74766666667,0,1,-0.2854257224,0.02369799083,0.1254246789,0.9685832284,0.06375069849,0.2069438278,0.1222973026,0,1
2244,74800000000,0,0,-0.2936131006,0.02281261548,0.1294042584,0.9684660903,0.06326854001,0.2066229886,0.1240059042,0,1
2245,74833333333,0,0,-0.3017359575,0.02492455696,0.1291349608,0.9687881866,0.06444801596,0.2031263908,0.1266316396,0,1
2246,74866666667,0,0,-0.3074248695,0.03134764668,0.1257583914,0.9691187006,0.0631244318,0.1986980195,0.1316941434,0,1
2247,74900000000,0,0,-0.3152256239,0.03062196264,0.1298611876,0.9689221501,0.05715903035,0.1970109516,0.1382367436,0,1
2248,74933333333,0,0,-0.3219386106,0.02527260171,0.1326824291,0.9696095303,0.0516324917,0.1944833502,0.1391677804,0,1
2249,74966666667,0,1,-0.3297245699,0.02525204633,0.131812413,0.9699777458,0.04891155556,0.1937333485,0.1386298019,0,1
2250,75000000000,0,0,-0.3364441154,0.02478319435,0.1345112157,0.9700346342,0.04627247648,0.1940018632,0.138762183,0,1
2251,75033333333,0,0,-0.344898264,0.02469392816,0.138384971,0.9697114459,0.04625541958,0.1931078718,0.142230439,0,1
2252,75066666667,0,0,-0.3525973603,0.02599937351,0.1390326959,0.9703750322,0.04466010536,0.1886031046,0.1442450724,0,1
2253,75100000000,0,0,-0.357278273,0.02378120052,0.139598367,0.97105188,0.04067589378,0.1846787182,0.1459365926,0,1
2254,75133333333,0,0,-0.3625789588,0.02144020754,0.1415172709,0.9713608569,0.03969413532,0.1827088368,0.1466285857,0,1
2255,75166666667,0,1,-0.3706352719,0.02282722365,0.1429671776,0.9719171181,0.03940620931,0.1814794646,0.1445318998,0,1
2256,75200000000,0,0,-0.376204961,0.02162544176,0.144144356,0.9726058713,0.03849600969,0.1788894979,0.1433681409,0,1
2257,75233333333,0,0,-0.3808138394,0.02238167316,0.1428318975,0.9733629869,0.03645282198,0.1766064355,0.1415833835,0,1
2258,75266666667,0,0,-0.3859474575,0.02000854914,0.1459122599,0.973951813,0.03345289855,0.1755215612,0.1396099963,0,1
2259,75300000000,0,0,-0.3900031572,0.01720203732,0.1466681273,0.9744686371,0.03272145104,0.1734551639,0.1387569388,0,1
2260,75333333333,0,0,-0.393170801,0.01605314844,0.1437311646,0.974592541,0.03225328344,0.1733189984,0.1381652253,0,1
2261,75366666667,0,0,-0.3971514265,0.01578620309,0.1452454079,0.9745081327,0.03006629596,0.1758094859,0.1360916667,0,1
2262,75400000000,0,0,-0.4021985429,0.01485959642,0.1491422336,0.974195652,0.03034573784,0.1774201707,0.1361765429,0,1
2263,75433333333,0,1,-0.4086541335,0.01562564963,0.1467429539,0.9738795699,0.03032854385,0.1782209342,0.1373901795,0,1
2264,75466666667,0,0,-0.4121706857,0.01545565386,0.1476066388,0.9734601958,0.02721222253,0.1812002114,0.1371175609,0,1
2265,75500000000,0,0,-0.4176797414,0.01352481744,0.1523561841,0.973192273,0.02571925678,0.1837850299,0.1358616296,0,1
2266,75533333333,0,0,-0.4220509943,0.01429393217,0.1504162031,0.9734229285,0.02585061288,0.1833293956,0.1347957002,0,1
2267,75566666667,0,0,-0.4263967021,0.01630236986,0.1496531064,0.973084134,0.02372301976,0.184735595,0.1357101556,0,1
2268,75600000000,0,0,-0.4320541199,0.01324152865,0.1560848693,0.9728877403,0.02029910294,0.1868475159,0.1347790677,0,1
2269,75633333333,0,0,-0.4362768871,0.01306878852,0.1538132709,0.9734233138,0.01946469385,0.1864323234,0.1315719071,0,1
2270,75666666667,0,0,-0.4416499975,0.01536534798,0.1516905308,0.9731448367,0.01790983405,0.1884571919,0.1309666047,0,1
2271,75700000000,0,1,-0.4483016893,0.01907108421,0.157657571,0.9725161727,0.01653441791,0.1912184204,0.1318120729,0,1
2272,75733333333,0,0,-0.4538722088,0.0179007095,0.159938563,0.9726194111,0.01363548857,0.1912073827,0.1313974561,0,1
2273,75766666667,0,0,-0.4590075509,0.01780881854,0.1579014408,0.9723995594,0.01085115396,0.1925870099,0.1312691625,0,1
2274,75800000000,0,0,-0.4651311503,0.02012630315,0.1612542651,0.9716222513,0.008307166043,0.1956798106,0.1326295722,0,1
2275,75833333333,0,0,-0.4711770253,0.01860329384,0.1642121152,0.9713000824,0.006195291441,0.1969978872,0.1331525468,0,1
2276,75866666667,0,0,-0.4771075048,0.01812910374,0.1610262901,0.9709146546,0.004233346531,0.1986426188,0.1335961165,0,1
2277,75900000000,0,1,-0.4843363663,0.02089984365,0.1660633441,0.9692497518,0.003663077419,0.2041317583,0.1373743997,0,1
2278,75933333333,0,0,-0.4912131602,0.02175600848,0.1694655075,0.9683727118,0.004225432281,0.2061230152,0.1405337657,0,1
2279,75966666667,0,0,-0.4976267388,0.02281387383,0.1667783445,0.9681562825,0.003590660288,0.2055375538,0.1428804875,0,1
2280,76000000000,0,0,-0.5042995091,0.02282690917,0.1659625196,0.9671703711,0.0003398524995,0.2077621397,0.1463429227,0,1
2281,76033333333,0,0,-0.5105895382,0.02106846459,0.1682313102,0.9657215343,-0.003702403933,0.211519985,0.1504244209,0,1
2282,76066666667,0,0,-0.5164277171,0.02079758193,0.1691890577,0.9645214901,-0.005037858757,0.2150262391,0.1530902731,0,1
2283,76100000000,0,1,-0.5212004221,0.02234754711,0.1704414076,0.9630517535,-0.00621710312,0.2194500337,0.1559947126,0,1
2284,76133333333,0,0,-0.5275114955,0.02135769252,0.1739286844,0.9611892032,-0.006933483343,0.2243300041,0.1604471615,0,1
2285,76166666667,0,0,-0.5335495549,0.02270735783,0.1739805145,0.9605221922,-0.005895357923,0.2259918187,0.1621421012,0,1
2286,76200000000,0,0,-0.5407345573,0.02271101107,0.1738481111,0.9595540227,-0.007066542225,0.2285238159,0.1642650515,0,1
2287,76233333333,0,0,-0.5479804775,0.0227075849,0.1780787302,0.9576729875,-0.00664888483,0.232474253,0.1696288983,0,1
2288,76266666667,0,0,-0.5550226178,0.02307108969,0.1813778472,0.9564463517,-0.003648059327,0.2338501057,0.174674543,0,1
2289,76300000000,0,1,-0.5570428252,0.02266004608,0.1784557989,0.9564048791,-0.002901461673,0.2326552348,0.1765016445,0,1
2290,76333333333,0,0,-0.5638773604,0.02351000935,0.1792205751,0.9558996084,-0.002217003517,0.2342176812,0.1771809849,0,1
2291,76366666667,0,0,-0.5714786265,0.02600206294,0.179972687,0.9555553044,-0.0009635216292,0.2337944124,0.1795920505,0,1
2292,76400000000,0,0,-0.5764716106,0.02507411127,0.1807830898,0.9554816697,-0.002602392377,0.232256707,0.1819473235,0,1
2293,76433333333,0,0,-0.583618598,0.02305548677,0.1862468424,0.9553748403,-0.002761640851,0.2326219041,0.1820393847,0,1
2294,76466666667,0,0,-0.5900053301,0.02092382335,0.1888066278,0.956132255,-0.0005388040136,0.2304908765,0.1807893149,0,1
2295,76500000000,0,1,-0.5929152155,0.01996046871,0.1869301469,0.9570890688,0.0006855618651,0.2268653824,0.1803112383,0,1
2296,76533333333,0,0,-0.5984757229,0.01810066188,0.1901524012,0.9577318812,0.0005596243166,0.2248837393,0.1793784669,0,1
2297,76566666667,0,0,-0.6051025538,0.01703829787,0.1932218456,0.9586395235,0.003646593405,0.2222494316,0.1777699536,0,1
2298,76600000000,0,0,-0.6102841279,0.01685053815,0.1929516101,0.9599537247,0.005506643976,0.2185735623,0.1751688362,0,1
2299,76633333333,0,0,-0.6161070296,0.01516442632,0.1946137581,0.9606704917,0.005224385085,0.2172187094,0.1729188957,0,1
2300,76666666667,0,0,-0.6221812258,0.01500880027,0.1978787785,0.9617100748,0.006729832733,0.2148101881,0.1700735856,0,1
2301,76700000000,0,1,-0.6253470955,0.01239608823,0.2002488355,0.9623951131,0.007903964673,0.2128225269,0.1686408778,0,1
2302,76733333333,0,0,-0.6298242223,0.01011530144,0.2025394823,0.9623111199,0.01072469065,0.2145594707,0.1667528805,0,1
2303,76766666667,0,0,-0.6362366907,0.0113041237,0.2027649318,0.9631289461,0.01436512901,0.2137395087,0.1627627064,0,1
2304,76800000000,0,0,-0.6414968182,0.01131373748,0.2025456658,0.9629532101,0.01559520064,0.2132491441,0.1643250052,0,1
2305,76833333333,0,0,-0.6458939534,0.0106228842,0.2038392151,0.9627601468,0.01469526722,0.212452909,0.1665554271,0,1
2306,76866666667,0,0,-0.6503844894,0.007889932116,0.2088524993,0.9623027099,0.01372948396,0.2129013398,0.1686950362,0,1
2307,76900000000,0,0,-0.6535716078,0.002830449005,0.2141120099,0.9615688172,0.01387982725,0.214326633,0.1710463519,0,1
2308,76933333333,0,1,-0.6549331713,0.00505595417,0.2136674264,0.9608492222,0.01786803381,0.2155777056,0.1731350872,0,1
2309,76966666667,0,0,-0.6598205517,0.005612805367,0.2159699369,0.959844369,0.02080771663,0.2170097476,0.176557627,0,1
2310,77000000000,0,0,-0.6625778651,0.004223179018,0.2173505056,0.9591354518,0.02179692827,0.2165784681,0.1807701472,0,1
2311,77033333333,0,0,-0.6636812901,0.001293154523,0.2193319561,0.9581195848,0.02070589091,0.2188972597,0.1834723876,0,1
2312,77066666667,0,0,-0.6680162419,0.001360780253,0.2229878611,0.957247366,0.02136587063,0.2219969437,0.1842236054,0,1
2313,77100000000,0,0,-0.6702667949,-0.001005959282,0.2306873906,0.9568968519,0.02284058738,0.2235015879,0.1840482615,0,1
2314,77133333333,0,1,-0.6710748751,-0.002769786232,0.2273921774,0.9563317406,0.02543643681,0.2268709079,0.1825162481,0,1
2315,77166666667,0,0,-0.6756802415,-0.0003054984028,0.2275994521,0.9555246987,0.02610444014,0.2314524518,0.1808891121,0,1
2316,77200000000,0,0,-0.6800163029,0.004991444568,0.2330446715,0.9551438981,0.02869060577,0.2306048018,0.1835712625,0,1
2317,77233333333,0,0,-0.6823328733,0.0008269760383,0.2343748746,0.9548826412,0.0267152808,0.2287716765,0.1874805467,0,1
2318,77266666667,0,0,-0.6826690535,-0.003223500969,0.2357396213,0.9542951571,0.02331836547,0.2307217793,0.1885324043,0,1
2319,77300000000,0,0,-0.6854872434,-0.003419842873,0.2408712845,0.9528136645,0.02473001407,0.2345740672,0.1910747343,0,1
2320,77333333333,0,0,-0.6875223138,-0.002882436916,0.2399325853,0.9522648695,0.026298421,0.234618936,0.1935302722,0,1
2321,77366666667,0,0,-0.6879038818,-0.005790437331,0.2423830284,0.9514521501,0.0250205965,0.2362720757,0.1956739178,0,1
2322,77400000000,0,0,-0.6887528726,-0.007518130516,0.2466064049,0.9504210163,0.02624395017,0.2393299351,0.1968053075,0,1
2323,77433333333,0,0,-0.690553727,-0.008085499505,0.2473965349,0.9497881309,0.02961463413,0.2410154417,0.1973246986,0,1
2324,77466666667,0,0,-0.691495096,-0.007976475376,0.2463334454,0.9492461546,0.03095646155,0.2425398974,0.1978581147,0,1
2325,77500000000,0,0,-0.691281229,-0.01072376689,0.2478040125,0.9484141984,0.02973987212,0.2458884711,0.1979012582,0,1
2326,77533333333,0,0,-0.6919783467,-0.01094275029,0.2484774611,0.9475614546,0.03028624127,0.2498669218,0.1969176345,0,1
2327,77566666667,0,0,-0.6935469562,-0.009034160274,0.2487818134,0.9468594419,0.03098687297,0.2524204069,0.1969287919,0,1
2328,77600000000,0,1,-0.6933977641,-0.01162884347,0.2489440923,0.9464469845,0.0293211783,0.2546728602,0.1962654028,0,1
2329,77633333333,0,0,-0.6931161,-0.01279914634,0.2499932096,0.9455795511,0.02905321469,0.2586619509,0.1952670439,0,1
2330,77666666667,0,0,-0.6940747187,-0.0121720031,0.2506918383,0.9440693625,0.03117879432,0.2638467156,0.1953095806,0,1
2331,77700000000,0,0,-0.6943559573,-0.01146940917,0.252176746,0.942853285,0.0337629464,0.2668584519,0.196657858,0,1
2332,77733333333,0,0,-0.6943653662,-0.01148156115,0.2507484792,0.9415675107,0.03650058723,0.2694842653,0.1987374161,0,1
2333,77766666667,0,0,-0.6948670262,-0.01099106571,0.2488794969,0.9405430498,0.03704532837,0.2716749364,0.2004972419,0,1
2334,77800000000,0,0,-0.6945833224,-0.01111346721,0.2521351766,0.9395656091,0.03823362574,0.2735737934,0.2022672383,0,1
2335,77833333333,0,0,-0.6939285464,-0.01254940195,0.2502328835,0.9386817247,0.03989460605,0.2760118627,0.2027374948,0,1
2336,77866666667,0,0,-0.6939960854,-0.01209407212,0.2484623696,0.9376993455,0.04002438047,0.2799605865,0.2018416615,0,1
2337,77900000000,0,0,-0.6953399809,-0.01003510463,0.2494898641,0.9363851154,0.04120048556,0.2838153897,0.2023221695,0,1
2338,77933333333,0,0,-0.6952971404,-0.009588124345,0.249282539,0.9354392084,0.04281262238,0.2848191966,0.2049355802,0,1
2339,77966666667,0,0,-0.6950408264,-0.01133485764,0.2481759914,0.9350544184,0.04184669245,0.2864755225,0.2045821694,0,1
2340,78000000000,0,0,-0.6957400454,-0.01119384611,0.2502038884,0.9335773034,0.04312366692,0.2905945361,0.2052524873,0,1
2341,78033333333,0,0,-0.6968971195,-0.009118690027,0.250229247,0.9329661286,0.04742611229,0.2908976756,0.2066482739,0,1
2342,78066666667,0,0,-0.6977838093,-0.009194914646,0.2482138123,0.9329924533,0.04952854422,0.28971688,0.2076924044,0,1
2343,78100000000,0,0,-0.6975401242,-0.01089265001,0.2463971773,0.9332690118,0.047615985,0.290760459,0.2054264469,0,1
2344,78133333333,0,0,-0.6984235103,-0.01093853512,0.2491766763,0.9322525013,0.04768099481,0.2940491982,0.2053457221,0,1
2345,78166666667,0,0,-0.6999155438,-0.009836493558,0.2504687639,0.931966201,0.05135494348,0.2941843013,0.2055657239,0,1
2346,78200000000,0,0,-0.7004610125,-0.01043449748,0.2453460075,0.9326281987,0.05071703499,0.2935346636,0.2036414165,0,1
2347,78233333333,0,0,-0.701206093,-0.01039464925,0.2478895523,0.9316937079,0.048876272,0.2967792484,0.2036664489,0,1
2348,78266666667,0,1,-0.7018011907,-0.01238529781,0.2519496561,0.9309630714,0.05054630848,0.2993285602,0.2028675513,0,1
2349,78300000000,0,0,-0.7036479205,-0.01134776035,0.2493442913,0.9313307337,0.05393943646,0.298843685,0.2010125708,0,1
2350,78333333333,0,0,-0.7045208204,-0.01056729092,0.2488673863,0.9317479425,0.05541523953,0.2980613423,0.1998358303,0,1
2351,78366666667,0,0,-0.7055127658,-0.01084838213,0.2489666649,0.9315419848,0.05672210575,0.2982237792,0.20018669,0,1
2352,78400000000,0,0,-0.7056872598,-0.01220279443,0.2495742101,0.9315252908,0.05884817716,0.2977588268,0.2003427205,0,1
2353,78433333333,0,0,-0.7059307965,-0.01223213375,0.248903426,0.9319914346,0.06086532689,0.2981736956,0.1969259378,0,1
2354,78466666667,0,0,-0.7062563242,-0.01319335212,0.2497425626,0.9312311917,0.06374955751,0.3014797148,0.1945621833,0,1
2355,78500000000,0,0,-0.7083670524,-0.01147712667,0.2489791959,0.9313734366,0.06855644866,0.3012644795,0.1925701129,0,1
2356,78533333333,0,0,-0.7089964222,-0.01098292614,0.2459679261,0.9326808732,0.07098099159,0.2986167076,0.189462792,0,1
2357,78566666667,0,0,-0.7094333184,-0.01104837535,0.2433471456,0.9325522511,0.06969884914,0.3009230995,0.1869054777,0,1
2358,78600000000,0,0,-0.7090385189,-0.01083338442,0.2474682123,0.9320248323,0.07046315921,0.3029426962,0.1859848865,0,1
2359,78633333333,0,0,-0.709156428,-0.01141036614,0.2458244718,0.932673588,0.07335703097,0.3021719653,0.1828409898,0,1
2360,78666666667,0,1,-0.7095624371,-0.006627541387,0.2397401314,0.9327009335,0.07349224055,0.303604416,0.1802559786,0,1
2361,78700000000,0,0,-0.7081308133,-0.006785150757,0.2431687477,0.9320783488,0.0719338051,0.3057428656,0.1804903861,0,1
2362,78733333333,0,0,-0.7078225465,-0.006937394626,0.242976238,0.9323136566,0.07458330952,0.3051089873,0.1792681831,0,1
2363,78766666667,0,0,-0.7079026238,-0.004806191893,0.2388708697,0.9330090146,0.07338185825,0.3054657763,0.17549912,0,1
2364,78800000000,0,0,-0.7065506841,-0.005427080246,0.2422365317,0.9322064977,0.07133666075,0.3090476307,0.174332121,0,1
2365,78833333333,0,0,-0.7058030209,-0.003932315275,0.2432836748,0.9324821882,0.07409103171,0.3084427273,0.1727731801,0,1
2366,78866666667,0,0,-0.7051738999,-0.003530953111,0.2410926611,0.9332655802,0.07416972463,0.3080560047,0.1691617767,0,1
2367,78900000000,0,0,-0.7034192492,-0.00283943141,0.2418631028,0.9329091391,0.07306268963,0.3111394104,0.165935677,0,1
2368,78933333333,0,0,-0.7025279733,-0.0027820735,0.2458405484,0.932565459,0.07571504529,0.3126585228,0.1638094772,0,1
2369,78966666667,0,0,-0.701393046,-0.00173197198,0.241129803,0.9331034867,0.0787220754,0.3120355114,0.1604822656,0,1
2370,79000000000,0,0,-0.7005882633,0.0001956524772,0.2384748528,0.9326942069,0.07723044281,0.3149222605,0.1579270243,0,1
2371,79033333333,0,0,-0.699149976,0.0003661615044,0.2430793676,0.9318336014,0.0783615265,0.3169743822,0.1583440921,0,1
2372,79066666667,0,0,-0.6979999465,0.00177763266,0.2390069248,0.9324879982,0.08144419481,0.3148894369,0.1570911166,0,1
2373,79100000000,0,0,-0.6971598786,0.001333018822,0.2368384708,0.9324410034,0.07965181739,0.315943351,0.1561702984,0,1
2374,79133333333,0,0,-0.6957939105,0.002439550378,0.2398203098,0.9317294955,0.08118528262,0.3170930646,0.1572929928,0,1
2375,79166666667,0,0,-0.6949316786,0.003065788968,0.2388148821,0.9324629612,0.08410464262,0.3141561361,0.1573059355,0,1
2376,79200000000,0,0,-0.6942105743,0.002620231182,0.2380496533,0.9332456168,0.08433650527,0.311901372,0.1570270894,0,1
2377,79233333333,0,0,-0.6931473525,0.001741705448,0.2396764692,0.9336945337,0.08525016636,0.3104076381,0.1568248228,0,1
2378,79266666667,0,0,-0.6919633299,0.002155969165,0.2384606365,0.9346245309,0.08806809652,0.3071033796,0.1562322334,0,1
2379,79300000000,0,0,-0.6907708373,0.001963430848,0.2372747857,0.9353439349,0.08871727173,0.304634948,0.1563921915,0,1
2380,79333333333,0,1,-0.6870142118,0.0006498068728,0.2395467708,0.9358024918,0.08944698027,0.3027424494,0.1569074358,0,1
2381,79366666667,0,0,-0.684960952,0.0005430028912,0.2390163903,0.9364735933,0.09143803566,0.300370007,0.156314278,0,1
2382,79400000000,0,0,-0.6825655673,-4.701530061e-05,0.2389370273,0.9368562495,0.09221098587,0.2985765157,0.1570018028,0,1
2383,79433333333,0,0,-0.679968676,-0.0008747662913,0.2394324745,0.9373545659,0.09345793021,0.2964887737,0.1572464311,0,1
2384,79466666667,0,0,-0.6770356197,-0.002480514587,0.2384079817,0.9379300229,0.09307712319,0.295274609,0.1563228281,0,1
2385,79500000000,0,0,-0.6741023516,-0.0043256546,0.2403499643,0.9377448936,0.09380429283,0.2960578349,0.1555153612,0,1
2386,79533333333,0,0,-0.6708495498,-0.005853387061,0.2410677652,0.9375853669,0.09696106439,0.296329869,0.1540157155,0,1
2387,79566666667,0,1,-0.6639481077,-0.01006007042,0.2383205484,0.9374228357,0.1009638434,0.2961028668,0.1528653711,0,1
2388,79600000000,0,0,-0.66141732,-0.01114025805,0.2362831832,0.93714685,0.105569276,0.2956701117,0.1522829422,0,1
2389,79633333333,0,0,-0.6592316654,-0.01019949386,0.2346495034,0.9370779113,0.1078333659,0.2952374481,0.151959872,0,1
2390,79666666667,0,0,-0.6566555267,-0.01282296084,0.2371182286,0.9366083801,0.1097067433,0.2957044857,0.1526041606,0,1
2391,79700000000,0,0,-0.6541975276,-0.0135680286,0.2343790657,0.9362083025,0.1128190907,0.2956353667,0.1529235007,0,1
2392,79733333333,0,0,-0.652404014,-0.01387412866,0.2341787939,0.9357553114,0.1140843538,0.2967514465,0.1525953357,0,1
2393,79766666667,0,0,-0.6502597438,-0.01324036143,0.2335417921,0.9351016449,0.1167297364,0.2969741738,0.154160379,0,1
2394,79800000000,0,0,-0.6476518717,-0.01355561387,0.2310390525,0.9350770273,0.1177301203,0.2959802534,0.1554550144,0,1
2395,79833333333,0,0,-0.6458498406,-0.01577006365,0.2319832772,0.9345314507,0.1165207102,0.2976393648,0.1564758779,0,1
2396,79866666667,0,0,-0.6440214951,-0.014841923,0.2325594138,0.9340890785,0.1187270914,0.2985996714,0.1556268209,0,1
2397,79900000000,0,0,-0.6423827729,-0.0142657587,0.230934715,0.9340154245,0.1202153329,0.2983671907,0.1553720694,0,1
2398,79933333333,0,0,-0.6409808878,-0.01427531058,0.2287979922,0.9339754286,0.1187146606,0.298535726,0.1564389608,0,1
2399,79966666667,0,0,-0.639250232,-0.01574516725,0.2322572938,0.9333392088,0.1179685808,0.300626214,0.1567967305,0,1
2400,80000000000,0,0,-0.6374389111,-0.01603513792,0.2311451757,0.9332143743,0.1197511848,0.3005076881,0.1564151998,0,1
2401,80033333333,0,1,-0.6335381471,-0.01244961366,0.2240788774,0.9337190967,0.1194060455,0.2992831408,0.1560142503,0,1
2402,80066666667,0,0,-0.631688647,-0.01440029848,0.2275404119,0.9328993471,0.118053096,0.3018912767,0.1569201444,0,1
2403,80100000000,0,0,-0.6308981549,-0.01438002728,0.2272708332,0.9327856662,0.1196684535,0.3014960035,0.1571321803,0,1
2404,80133333333,0,0,-0.6300126954,-0.01283651331,0.2245693559,0.932903748,0.118653192,0.3022133255,0.1558175951,0,1
2405,80166666667,0,0,-0.628533176,-0.01380691197,0.227659962,0.9323796081,0.1177170769,0.3042954296,0.155612492,0,1
2406,80200000000,0,0,-0.6281920384,-0.01407422039,0.2276343594,0.9323242157,0.1183266289,0.3041387024,0.1557883675,0,1
2407,80233333333,0,0,-0.6276500211,-0.01239573612,0.225754932,0.9326081923,0.1174714883,0.3037038026,0.1555840907,0,1
2408,80266666667,0,0,-0.6263042467,-0.01444027488,0.228801018,0.9326750946,0.1151720848,0.3046826601,0.1549872102,0,1
2409,80300000000,0,0,-0.6257222284,-0.01483119685,0.2292025996,0.9328846953,0.1154501514,0.3046447066,0.1535871434,0,1
2410,80333333333,0,0,-0.6251332402,-0.01314055429,0.2286981655,0.9331013473,0.115175848,0.3040259459,0.1537030383,0,1
2411,80366666667,0,0,-0.6241809295,-0.01383694771,0.2315583315,0.9335289538,0.1136171351,0.3032538366,0.1537919038,0,1
2412,80400000000,0,0,-0.6229184565,-0.01477655345,0.2318575428,0.934519543,0.1120372872,0.3018164959,0.1517487163,0,1
2413,80433333333,0,0,-0.6216729467,-0.01455515452,0.232494878,0.9349855302,0.1109156114,0.3015680087,0.1501882873,0,1
2414,80466666667,0,0,-0.6207995681,-0.01504638595,0.2348996638,0.9357949847,0.1095869867,0.2999694933,0.1493209367,0,1
2415,80500000000,0,0,-0.6192026007,-0.01575591188,0.2357327986,0.936723911,0.1080742249,0.297839991,0.1488610637,0,1
2416,80533333333,0,0,-0.6173793401,-0.01727690081,0.2377030193,0.9377382982,0.1066937634,0.2967131835,0.1456866902,0,1
2417,80566666667,0,0,-0.6158777212,-0.01687539422,0.2379587172,0.9387979493,0.1064441386,0.2955851989,0.141270825,0,1
2418,80600000000,0,0,-0.6150079493,-0.01562720683,0.2386229259,0.9394985321,0.1063315986,0.2939693486,0.1400647046,0,1
2419,80633333333,0,0,-0.6143258444,-0.01475361386,0.2397157042,0.9406335695,0.1049277282,0.290573431,0.1405906863,0,1
2420,80666666667,0,0,-0.6128385343,-0.01602957397,0.2408581906,0.9417389073,0.1027765833,0.2881253933,0.1398161728,0,1
2421,80700000000,0,1,-0.6108987548,-0.01779691669,0.2411249805,0.9425274609,0.1007498661,0.2872053579,0.137856927,0,1
2422,80733333333,0,0,-0.6098087861,-0.01816898014,0.2438621739,0.9429207416,0.1012666526,0.2862878732,0.1366923323,0,1
2423,80766666667,0,0,-0.6091223666,-0.01753115345,0.2424087263,0.9439190972,0.101921065,0.2829135811,0.1363405301,0,1
2424,80800000000,0,0,-0.6079017152,-0.01692526093,0.2423025545,0.9440889214,0.1019940386,0.281047216,0.1389452661,0,1
2425,80833333333,0,0,-0.6065365196,-0.01714486363,0.24320915,0.9446622717,0.1018843594,0.278353062,0.1405430278,0,1
2426,80866666667,0,0,-0.6051304571,-0.01799973165,0.2436229202,0.9450538789,0.1022353912,0.2756791687,0.1429058668,0,1
2427,80900000000,0,0,-0.6039279447,-0.01724128341,0.2413126078,0.9456077623,0.1024073902,0.2737327279,0.1428603514,0,1
2428,80933333333,0,0,-0.60233467,-0.01625204743,0.2417060445,0.9457027912,0.1013700529,0.2735605855,0.1433002064,0,1
2429,80966666667,0,0,-0.6010545655,-0.01681211767,0.2450685717,0.9457703183,0.1023436352,0.2717015838,0.1456795615,0,1
2430,81000000000,0,0,-0.5992520627,-0.01506482203,0.2405473097,0.9466054465,0.1027926845,0.2671219222,0.1483835281,0,1
2431,81033333333,0,0,-0.5964924928,-0.01595083484,0.2411080677,0.9469669734,0.1010236398,0.2664539115,0.1484927221,0,1
2432,81066666667,0,0,-0.5946145035,-0.01780137928,0.2429603348,0.9469053178,0.1021949439,0.2666691777,0.1476958436,0,1
2433,81100000000,0,0,-0.5924597214,-0.01475284599,0.2386584017,0.947355149,0.1045078527,0.2640968679,0.1478146635,0,1
2434,81133333333,0,0,-0.5896601301,-0.01345352196,0.2374877384,0.9476497452,0.1028796262,0.2629725035,0.1490677879,0,1
2435,81166666667,0,0,-0.5867535582,-0.0157759119,0.2405850217,0.9478408771,0.1028672432,0.2622651187,0.1491073757,0,1
2436,81200000000,0,0,-0.5851730603,-0.01327023602,0.2360963706,0.9488110062,0.1043416959,0.2586650792,0.1481987242,0,1
2437,81233333333,0,0,-0.5825717795,-0.01242229789,0.2341185563,0.94954546,0.1021628463,0.2573955375,0.1472199357,0,1
2438,81266666667,0,0,-0.5798580117,-0.01397366443,0.2373030221,0.950099913,0.1008833232,0.2568348705,0.1454941913,0,1
2439,81300000000,0,0,-0.5777152195,-0.01390550557,0.235395329,0.9516462538,0.101310217,0.2539003104,0.1401437833,0,1
2440,81333333333,0,0,-0.5749476987,-0.01068110785,0.2303698767,0.9526680604,0.09988452191,0.2528540624,0.1360568711,0,1
2441,81366666667,0,1,-0.56844409,-0.01091224414,0.2345927858,0.9532731051,0.09834523887,0.2513641022,0.1357007336,0,1
2442,81400000000,0,0,-0.5656174506,-0.01194889523,0.2335971984,0.9545075467,0.09883934961,0.2468468312,0.1349546893,0,1
2443,81433333333,0,0,-0.561508921,-0.01107632867,0.2308608256,0.9553579263,0.09843293573,0.2442987542,0.1338667566,0,1
2444,81466666667,0,0,-0.5578718482,-0.01327028588,0.2317698636,0.9557736515,0.09850552881,0.2435226516,0.1322501649,0,1
2445,81500000000,0,0,-0.5552514863,-0.01054207632,0.2292859618,0.9563611018,0.1006512296,0.2404623657,0.1319872104,0,1
2446,81533333333,0,0,-0.5512142877,-0.009990777298,0.2276008998,0.9573948437,0.09976222971,0.2366481268,0.1320616328,0,1
2447,81566666667,0,0,-0.5472318414,-0.01130830555,0.2273240177,0.9580133755,0.09888327728,0.2349762672,0.1312197536,0,1
2448,81600000000,0,0,-0.5438504947,-0.01165611725,0.2253415742,0.9587349656,0.09914963196,0.2338357267,0.1277398495,0,1
2449,81633333333,0,0,-0.5397311334,-0.0100589635,0.2226820975,0.9593147734,0.09866873913,0.2332901674,0.1247210621,0,1
2450,81666666667,0,0,-0.5367441431,-0.0091539097,0.2235761425,0.9595473162,0.09825692587,0.233405649,0.1230297832,0,1
2451,81700000000,0,0,-0.5340783787,-0.008643694037,0.2231978772,0.9605532053,0.09741746866,0.2310073349,0.1203452855,0,1
2452,81733333333,0,1,-0.5289016693,-0.006017636508,0.218116022,0.9614223718,0.09585083856,0.2287109208,0.1190418182,0,1
2453,81766666667,0,0,-0.5255788165,-0.006384686444,0.2191263003,0.9616770328,0.09318917793,0.2302406272,0.1161133728,0,1
2454,81800000000,0,0,-0.5227188841,-0.006815667754,0.2214444161,0.9621294418,0.09143563389,0.2303192525,0.1135759834,0,1
2455,81833333333,0,0,-0.5193825559,-0.004234270334,0.2165217072,0.962691092,0.09017422472,0.2292883281,0.111898763,0,1
2456,81866666667,0,0,-0.5158985438,-0.003810210983,0.2198952659,0.9626444363,0.08567808714,0.2315677626,0.1111365195,0,1
2457,81900000000,0,0,-0.5127263739,-0.007483591262,0.2238723229,0.9626452415,0.08495721228,0.2313919772,0.1120453654,0,1
2458,81933333333,0,0,-0.5094149844,-0.003085263948,0.2186801918,0.9627214866,0.08685626066,0.2293703749,0.1140726104,0,1
2459,81966666667,0,0,-0.505644329,-0.002502196561,0.2224170783,0.9627320106,0.08337536723,0.2297831651,0.1157381565,0,1
2460,82000000000,0,0,-0.5029524221,-0.005146361134,0.2252611205,0.9629543065,0.08260282622,0.2285280598,0.1169217799,0,1
2461,82033333333,0,1,-0.5006377029,-0.0009607163965,0.2213183803,0.9634588441,0.08281557253,0.2257656558,0.1179767151,0,1
2462,82066666667,0,0,-0.4978656694,-1.838154509e-05,0.2241203978,0.9639751289,0.07852839639,0.2243412533,0.1193995142,0,1
2463,82100000000,0,0,-0.4948878479,-0.00293865341,0.2286452879,0.9646914833,0.07590099335,0.2221389641,0.1194305734,0,1
2464,82133333333,0,0,-0.4911080567,-0.002803350976,0.2256172726,0.9656769511,0.07472319558,0.2197066925,0.1166766444,0,1
2465,82166666667,0,0,-0.4876720185,-0.002421048357,0.2293552495,0.9659079827,0.07284762114,0.2200954516,0.1152084424,0,1
2466,82200000000,0,0,-0.4844273166,-0.004433575758,0.2335404048,0.9663657338,0.07340851357,0.2182693682,0.1144855517,0,1
2467,82233333333,0,0,-0.4804686464,-0.004112084471,0.2305135117,0.967039798,0.07325673526,0.215846798,0.1134796879,0,1
2468,82266666667,0,0,-0.4754511479,-0.007509913186,0.2342622868,0.9671546841,0.07106419609,0.2176859904,0.1103381465,0,1
2469,82300000000,0,0,-0.4719831946,-0.009345137513,0.2391323952,0.9669030265,0.07411875156,0.2192391774,0.1074203477,0,1
2470,82333333333,0,0,-0.4679328153,-0.008822724834,0.2403039132,0.9672164121,0.07761923865,0.2161041564,0.108474234,0,1
2471,82366666667,0,0,-0.4633064961,-0.009845451404,0.2401697045,0.9676813255,0.07744527115,0.2134845539,0.1096331493,0,1
2472,82400000000,0,1,-0.4590476378,-0.01602616722,0.2473003413,0.9680274373,0.07651484618,0.2128389469,0.1084801441,0,1
2473,82433333333,0,0,-0.4541315601,-0.01587801817,0.2452001875,0.9686561227,0.07958290366,0.2101570612,0.1058578628,0,1
2474,82466666667,0,0,-0.4474712406,-0.01382749516,0.2439936275,0.9687647602,0.07919942243,0.2095747026,0.106304915,0,1
2475,82500000000,0,0,-0.4443134444,-0.01820658436,0.2530406958,0.9684250307,0.07802555966,0.2106570333,0.1081137651,0,1
2476,82533333333,0,0,-0.4389603624,-0.02019265858,0.2532456447,0.9689125896,0.07957934868,0.2069832286,0.1096971467,0,1
2477,82566666667,0,0,-0.4321198724,-0.01988862862,0.2503244027,0.9694155778,0.07863401082,0.2052371549,0.1092146519,0,1
2478,82600000000,0,1,-0.4261942887,-0.02357237458,0.2544370672,0.9690838358,0.07694258113,0.208067945,0.1080004102,0,1
2479,82633333333,0,0,-0.4214425194,-0.02571645384,0.2576801479,0.9689172534,0.07946089811,0.2080319565,0.1077405528,0,1
2480,82666666667,0,0,-0.4144656479,-0.02311420576,0.255090321,0.9691653061,0.08095656794,0.206225332,0.1078691617,0,1
2481,82700000000,0,0,-0.4072260648,-0.0262983421,0.2584059512,0.9690923627,0.07913841289,0.2074755729,0.1074755356,0,1
2482,82733333333,0,0,-0.4005535981,-0.0278008453,0.2595117833,0.9688767878,0.08040770339,0.2081482938,0.107175833,0,1
2483,82766666667,0,0,-0.3941420338,-0.02583920362,0.2593547545,0.968846684,0.08063838603,0.2082984672,0.1069827187,0,1
2484,82800000000,0,0,-0.3876464208,-0.02865822474,0.2634169499,0.969250438,0.07753473396,0.2089005651,0.1044150723,0,1
2485,82833333333,0,1,-0.3813402905,-0.03362422083,0.2640837446,0.9696518942,0.07630759675,0.2099585104,0.09934675985,0,1
2486,82866666667,0,0,-0.3749533119,-0.03313276658,0.2633294421,0.9695794695,0.07812157155,0.2106872059,0.09707509238,0,1
2487,82900000000,0,0,-0.369325157,-0.0340503298,0.2650107206,0.9694573793,0.07854203671,0.2110021549,0.09727090429,0,1
2488,82933333333,0,0,-0.3645308072,-0.03725830254,0.2673491501,0.9692747118,0.07988388215,0.2104737123,0.09912575233,0,1
2489,82966666667,0,0,-0.3593418902,-0.03680690037,0.2653839412,0.9692966536,0.08274101835,0.2090155916,0.09965141038,0,1
2490,83000000000,0,0,-0.3540471909,-0.03576446051,0.2650628831,0.969205584,0.08416665438,0.208092481,0.1012621822,0,1
2491,83033333333,0,0,-0.351132471,-0.03569978935,0.2669852615,0.969241558,0.08513408136,0.2061847549,0.103975176,0,1
2492,83066666667,0,0,-0.342282963,-0.03613642083,0.2649698349,0.9698265469,0.0827817127,0.2056774737,0.101392474,0,1
2493,83100000000,0,0,-0.3396823448,-0.03768845293,0.2672506924,0.9700834113,0.08274705315,0.2052605439,0.09979583861,0,1
2494,83133333333,0,0,-0.3358249572,-0.03527270377,0.2655733114,0.9704535548,0.08449319785,0.2023371352,0.100699956,0,1
2495,83166666667,0,0,-0.3322553161,-0.03494401812,0.2648807444,0.9709432911,0.08307501787,0.2006341619,0.100566396,0,1
2496,83200000000,0,1,-0.3288059531,-0.03620284832,0.2645544017,0.9711828518,0.0826364604,0.1995849405,0.1007022108,0,1
2497,83233333333,0,0,-0.3249940946,-0.03386276788,0.2622306516,0.9713986895,0.08456822097,0.196262724,0.1035072234,0,1
2498,83266666667,0,0,-0.3210326143,-0.03237033099,0.2613125416,0.971598271,0.08343450425,0.1941576985,0.1064813192,0,1
2499,83300000000,0,0,-0.3175533312,-0.03573527924,0.2630048096,0.971775386,0.08187657209,0.1933794518,0.1074858773,0,1
2500,83333333333,0,0,-0.3132187746,-0.03456012257,0.2602671317,0.971772882,0.08442917472,0.1916954831,0.1085450234,0,1
2501,83366666667,0,0,-0.3088397775,-0.03108700831,0.2595507791,0.9718010992,0.0845418418,0.1908479729,0.109692077,0,1
2502,83400000000,0,0,-0.306887921,-0.03297910293,0.2627351018,0.9718039853,0.08384903486,0.1899002431,0.1118224094,0,1
2503,83433333333,0,0,-0.3016616771,-0.0316977984,0.2591943771,0.9722576558,0.08457971677,0.186118023,0.113672353,0,1
2504,83466666667,0,0,-0.2979311991,-0.03137130785,0.259757593,0.9724277175,0.08285583258,0.1861784865,0.1133879022,0,1
2505,83500000000,0,0,-0.2946964044,-0.03598995063,0.2614739099,0.9726726773,0.08293577043,0.1859315265,0.1116198382,0,1
2506,83533333333,0,0,-0.2908463452,-0.03195272378,0.2579783994,0.972618275,0.08754258599,0.1844768667,0.1109877128,0,1
2507,83566666667,0,1,-0.2861030404,-0.02673183269,0.2551506806,0.9732770623,0.0870070465,0.1823368099,0.1091550347,0,1
2508,83600000000,0,0,-0.2821739363,-0.03160573097,0.2566969699,0.9736173013,0.08469168384,0.1821283149,0.1082864079,0,1
2509,83633333333,0,0,-0.2787733111,-0.02942681036,0.254241617,0.9738816253,0.08719842918,0.1805674519,0.1065195245,0,1
2510,83666666667,0,0,-0.2740849388,-0.02895479033,0.25321568,0.9745535963,0.0862375087,0.1790847699,0.103619618,0,1
2511,83700000000,0,0,-0.2701128288,-0.02999219202,0.252017289,0.9746346963,0.08677289666,0.1786347133,0.103185815,0,1
2512,83733333333,0,0,-0.2668476316,-0.02886145349,0.2518073441,0.974863561,0.08756706069,0.1777790025,0.1018217734,0,1
2513,83766666667,0,0,-0.2621816078,-0.03089874915,0.2504780397,0.9755277659,0.08711727399,0.1764179424,0.09814717579,0,1
2514,83800000000,0,0,-0.2573686894,-0.02972278617,0.2480989457,0.9755091198,0.08928008415,0.1762801141,0.09662476439,0,1
2515,83833333333,0,0,-0.2541252117,-0.02925063941,0.2478433632,0.9754729382,0.09015431057,0.1761497278,0.09641587319,0,1
2516,83866666667,0,0,-0.2501957911,-0.03017986744,0.2474472026,0.9758587626,0.09005725329,0.1746163134,0.09538610792,0,1
2517,83900000000,0,0,-0.2452863425,-0.03076098899,0.2455085895,0.9760648861,0.09093602289,0.1739602547,0.09362589203,0,1
2518,83933333333,0,0,-0.2430922155,-0.02933143249,0.2456888708,0.9760660802,0.092158957,0.1738194563,0.09267432372,0,1
2519,83966666667,0,0,-0.240426149,-0.02933596549,0.2456855509,0.9764503793,0.09221149063,0.1719220287,0.09211142062,0,1
2520,84000000000,0,1,-0.2349466572,-0.02991151445,0.2443264388,0.9771967265,0.09252723255,0.1685217969,0.09014251508,0,1
2521,84033333333,0,0,-0.2313436503,-0.02677605614,0.2422741607,0.9776518507,0.09346503286,0.166416075,0.08812965735,0,1
2522,84066666667,0,0,-0.2311130177,-0.02659820668,0.243782803,0.9781520941,0.09186298904,0.1652002164,0.08653646929,0,1
2523,84100000000,0,0,-0.2290372281,-0.02705403395,0.2432947176,0.9792539036,0.09083453179,0.1606999155,0.08358479142,0,1
2524,84133333333,0,0,-0.2247420998,-0.02523657412,0.2401541312,0.9801183356,0.08990051137,0.1576658074,0.08017131338,0,1
2525,84166666667,0,0,-0.2245771094,-0.02512724103,0.2421593253,0.9808218001,0.08771662674,0.1571414052,0.07483961903,0,1
2526,84200000000,0,1,-0.2245981664,-0.02219482435,0.2434518051,0.9814961846,0.08864048842,0.1526767728,0.07414786948,0,1
2527,84233333333,0,0,-0.2230735103,-0.01867906739,0.2415862003,0.9827806901,0.08733056923,0.1448627598,0.0743657697,0,1
2528,84266666667,0,0,-0.2199339364,-0.01896412819,0.2410383726,0.9843223176,0.08222782468,0.139049297,0.07080574056,0,1
2529,84300000000,0,0,-0.2188170154,-0.02106920219,0.2421665134,0.9852912261,0.07972698417,0.1351232249,0.06772386543,0,1
2530,84333333333,0,0,-0.2160775959,-0.01754816137,0.2397725916,0.9862334201,0.07978604989,0.1298985852,0.06406391275,0,1
2531,84366666667,0,0,-0.2132877722,-0.01587219217,0.2392024768,0.9871581737,0.07659377284,0.1264799136,0.06045631136,0,1
2532,84400000000,0,0,-0.2119888428,-0.01693798379,0.2408442996,0.9876336657,0.07493356716,0.1238966383,0.06011926377,0,1
2533,84433333333,0,0,-0.2104551271,-0.01616918712,0.2408308543,0.9881495886,0.07501749971,0.1196953116,0.06004829503,0,1
2534,84466666667,0,0,-0.2053680454,-0.01425157962,0.2377695386,0.9890266881,0.07353801601,0.1140989648,0.05830777613,0,1
2535,84500000000,0,0,-0.2032304891,-0.01443467172,0.2396975158,0.9891705929,0.07165347236,0.1136441508,0.05909589755,0,1
2536,84533333333,0,0,-0.2025959682,-0.01660095267,0.2416996737,0.9896089859,0.07056955619,0.1108707129,0.05832390373,0,1
2537,84566666667,0,1,-0.1959918402,-0.01620476992,0.2392194719,0.990232662,0.07020076354,0.1058903032,0.0574314517,0,1
2538,84600000000,0,0,-0.1930112677,-0.01680323422,0.2403299247,0.9905015689,0.06888161511,0.1053553128,0.05533735808,0,1
2539,84633333333,0,0,-0.1904785605,-0.01977875265,0.2420590734,0.9906630641,0.06893951224,0.1046045324,0.05377665808,0,1
2540,84666666667,0,0,-0.1854368845,-0.01911151615,0.2408095513,0.9907580556,0.07104653297,0.1024482159,0.05343433836,0,1
2541,84700000000,0,0,-0.1817013623,-0.02043875382,0.2421152178,0.9908495097,0.07126383113,0.1020750706,0.05214782329,0,1
2542,84733333333,0,0,-0.1798870074,-0.02255149131,0.2450597801,0.9907654102,0.07297452958,0.1016947148,0.05212297854,0,1
2543,84766666667,0,0,-0.175740056,-0.02200828028,0.2445360746,0.9909676495,0.0755595744,0.09831365761,0.05107145109,0,1
2544,84800000000,0,0,-0.1710827368,-0.02165982051,0.244710158,0.9912783491,0.07567023355,0.09591755931,0.04940720755,0,1
2545,84833333333,0,0,-0.1684607249,-0.02344783061,0.2473189594,0.9915210568,0.0751424424,0.09477957876,0.04750198585,0,1
2546,84866666667,0,0,-0.1653111972,-0.02512842879,0.2485997668,0.9918850687,0.07584029555,0.09211973011,0.04388867118,0,1
2547,84900000000,0,1,-0.1582481587,-0.02479047544,0.2480199351,0.9922704448,0.07635211211,0.08942809768,0.03965267539,0,1
2548,84933333333,0,0,-0.1558561897,-0.02711432446,0.2509063541,0.9923070177,0.07653717836,0.09066861712,0.035327678,0,1
2549,84966666667,0,0,-0.1517584898,-0.0276222762,0.2519793669,0.9924282798,0.07845516654,0.08885208086,0.0321901246,0,1
2550,85000000000,0,0,-0.146359414,-0.02793294812,0.2525423353,0.9925536759,0.07902585281,0.08789274329,0.02944453574,0,1
2551,85033333333,0,0,-0.1435145615,-0.03155206493,0.2551220642,0.9926487392,0.0788000761,0.08817001417,0.02578908915,0,1
2552,85066666667,0,0,-0.138667739,-0.03310918809,0.2556607414,0.9926029817,0.08115380988,0.08730520601,0.02304735942,0,1
2553,85100000000,0,0,-0.1340136408,-0.03208809515,0.255796649,0.9924611287,0.08362546756,0.08758882771,0.01886495175,0,1
2554,85133333333,0,0,-0.1320284323,-0.03299773608,0.2583244015,0.9924786662,0.08428466626,0.08746871878,0.01521234535,0,1
2555,85166666667,0,0,-0.1264308567,-0.03204863475,0.2570186668,0.9925819803,0.08577455928,0.08507420808,0.01364245082,0,1
2556,85200000000,0,0,-0.122732291,-0.0306854591,0.2576048694,0.9926861525,0.08511441264,0.08475146688,0.01212139345,0,1
2557,85233333333,0,0,-0.1214480164,-0.033834862,0.2603513454,0.992898008,0.08346872554,0.08415167868,0.01024756653,0,1
2558,85266666667,0,1,-0.1104539602,-0.03111323754,0.259001146,0.9931241159,0.08322597944,0.08204899811,0.00677412476,0,1
2559,85300000000,0,0,-0.1106916684,-0.03409190506,0.2623256362,0.9932218894,0.08137211738,0.08286114225,0.00478413852,0,1
2560,85333333333,0,0,-0.1055251563,-0.03364813111,0.2608463584,0.9933624662,0.08202683954,0.08058885631,0.002836288734,0,1
2561,85366666667,0,0,-0.1028085518,-0.03456160313,0.2619194544,0.9933596827,0.08092411628,0.08177588218,0.000730321801,0,1
2562,85400000000,0,0,-0.1036521374,-0.03837996343,0.264190279,0.9932441084,0.08163294918,0.08247020477,-0.0009316493556,0,1
2563,85433333333,0,0,-0.09865110237,-0.03624267187,0.2613806732,0.9930946945,0.08571321582,0.0800989842,-0.0005701726386,0,1
2564,85466666667,0,0,-0.09700034071,-0.03522062092,0.2620176347,0.9930259445,0.0864575651,0.08015318101,-0.0001747656596,0,1
2565,85500000000,0,0,-0.09519042631,-0.03715579481,0.2622173209,0.9931079164,0.08637235661,0.07922241192,0.0005403018445,0,1
2566,85533333333,0,0,-0.09123215942,-0.03550165361,0.260320438,0.9930184293,0.08817125966,0.07831716445,0.002578712642,0,1
2567,85566666667,0,0,-0.08881032781,-0.03554541834,0.2603436145,0.9930190895,0.08764942962,0.07882458994,0.00416527139,0,1
2568,85600000000,0,0,-0.08820707496,-0.03614172199,0.2612246036,0.9929910744,0.08790821495,0.0786231594,0.007698747266,0,1
2569,85633333333,0,0,-0.08425251718,-0.03522302729,0.2594477654,0.9930423464,0.08870190464,0.0767492831,0.01041238885,0,1
2570,85666666667,0,0,-0.08082989117,-0.03511747958,0.2583956369,0.9930170123,0.08769606157,0.07790008876,0.01257737111,0,1
2571,85700000000,0,0,-0.08083325638,-0.03587532299,0.2590839489,0.9928247764,0.0877661023,0.07977278018,0.0152439543,0,1
2572,85733333333,0,0,-0.07733682357,-0.03331817669,0.2574100284,0.992696401,0.08905456908,0.07922253762,0.01862602255,0,1
2573,85766666667,0,0,-0.07420948833,-0.0319239899,0.2568229247,0.9926996812,0.08716357037,0.08059278038,0.0213227251,0,1
2574,85800000000,0,0,-0.07518627156,-0.03398474016,0.257427205,0.9926149013,0.08536433213,0.0832223042,0.02241955686,0,1
2575,85833333333,0,1,-0.07176413663,-0.03187491877,0.2555236833,0.9925319611,0.08604935018,0.08338294249,0.02287138892,0,1
2576,85866666667,0,0,-0.06959757529,-0.03192557223,0.2550280783,0.9924259577,0.08455362395,0.08649573456,0.02144507275,0,1
2577,85900000000,0,0,-0.07068317523,-0.0348343516,0.255919305,0.992183557,0.08447360898,0.0895540225,0.02039793465,0,1
2578,85933333333,0,0,-0.06784517216,-0.03309381115,0.2538508454,0.9918614298,0.08802960865,0.08959610515,0.02083818684,0,1
2579,85966666667,0,0,-0.06546915977,-0.03229967728,0.2524520216,0.9915981401,0.08902773023,0.09130380567,0.02169808399,0,1
2580,86000000000,0,0,-0.06662700936,-0.03494962959,0.2526541774,0.9912992023,0.09019899262,0.09303244901,0.02312999709,0,1
2581,86033333333,0,0,-0.06272352122,-0.03232402479,0.2494530145,0.990984147,0.09401803515,0.09216776707,0.02482201171,0,1
2582,86066666667,0,0,-0.06161405496,-0.0314402709,0.2484456644,0.9906513934,0.09459423387,0.09466419606,0.02646578398,0,1
2583,86100000000,0,0,-0.06197881845,-0.03353307685,0.2482292817,0.9904037751,0.09528019433,0.09597032794,0.02849110346,0,1
2584,86133333333,0,0,-0.05865261766,-0.0311694601,0.2455651849,0.9901106992,0.09765056162,0.09600200289,0.03047599908,0,1
