frame_index,timestamp_ns,segment,keyframe,cx,cy,cz,qw,qx,qy,qz,predicted,confidence
300,10000000000,0,1,0,0,0,1,0,0,0,0,1
308,10266666667,0,1,0.01144049211,0.006510679967,-0.03498508054,0.9999948615,-0.001362168554,-0.001301754177,0.002593638583,0,1
309,10300000000,0,0,0.01348172715,0.006621388608,-0.03895674169,0.9999810715,-0.0003124778194,-0.002767697877,0.005486248858,0,1
310,10333333333,0,0,0.0170080642,0.007702950918,-0.04168438227,0.9999763908,-1.277276031e-05,-0.004276142198,0.005378883072,0,1
311,10366666667,0,0,0.02037508251,0.008754185319,-0.04543528658,0.9999739595,2.68046693e-05,-0.004965785528,0.005236473048,0,1
312,10400000000,0,0,0.02760338722,0.008442173292,-0.04553957991,0.999960346,0.001226458164,-0.007428569875,0.004755896968,0,1
313,10433333333,0,0,0.02776333632,0.009450278292,-0.05468425992,0.9999494115,0.001868889097,-0.008885250088,0.004328285749,0,1
314,10466666667,0,1,0.03837307595,0.006406982854,-0.0451542819,0.9999090693,0.002719652337,-0.01056707524,0.007924241759,0,1
315,10500000000,0,0,0.04322426569,0.005692223528,-0.04930554545,0.9998397868,0.004499180255,-0.01302119689,0.01142832373,0,1
316,10533333333,0,0,0.04529192084,0.004921879398,-0.05681604396,0.9996586552,0.004620480971,-0.01831774369,0.01804673345,0,1
317,10566666667,0,0,0.04561916746,0.006085419598,-0.06512985355,0.9994631381,0.001265270774,-0.02264173661,0.02364712157,0,1
318,10600000000,0,0,0.05316619718,0.007441092564,-0.06389950227,0.9993841746,-0.00225492986,-0.0256204948,0.02387000613,0,1
319,10633333333,0,0,0.05754611002,0.007867585416,-0.06669759647,0.9993881077,-0.004143043754,-0.02640455958,0.02256201863,0,1
320,10666666667,0,1,0.05982932196,0.009091815869,-0.066435884,0.9994317518,-0.00512494143,-0.02488809468,0.02214703632,0,1
321,10700000000,0,0,0.06369360673,0.009257898331,-0.06937995814,0.9993787708,-0.006154850801,-0.02520593172,0.02385060229,0,1
322,10733333333,0,0,0.06699401182,0.01030245959,-0.07315433412,0.9992795403,-0.006616967503,-0.02633363311,0.02651708654,0,1
323,10766666667,0,0,0.0697521889,0.01130409491,-0.0760834808,0.9991101131,-0.007776085903,-0.02698217242,0.03147183942,0,1
324,10800000000,0,0,0.07183520576,0.01206644561,-0.07801811065,0.9989714302,-0.008713412067,-0.02645796214,0.03577896407,0,1
325,10833333333,0,0,0.07287348828,0.01398389934,-0.07944566132,0.998884587,-0.007557135017,-0.02397309383,0.03997201946,0,1
326,10866666667,0,1,0.0757963688,0.0145778178,-0.07569338503,0.9988648327,-0.006083522639,-0.01953601681,0.04301605249,0,1
327,10900000000,0,0,0.07842889293,0.01553509611,-0.0783270777,0.9988437215,-0.004358605361,-0.01687775526,0.04480361551,0,1
328,10933333333,0,0,0.08066816647,0.0155305422,-0.08141628388,0.9987029966,-0.004463236506,-0.01596640235,0.04814019138,0,1
329,10966666667,0,0,0.08289374607,0.0169837308,-0.08290640547,0.9985866074,-0.005224761055,-0.01470075136,0.05080725717,0,1
330,11000000000,0,0,0.0856615006,0.01924221376,-0.08321791014,0.9986107319,-0.004302020766,-0.01273484853,0.0509501949,0,1
331,11033333333,0,0,0.0878283912,0.02035364596,-0.08436946332,0.9987115734,-0.001438931588,-0.009949625906,0.04974060283,0,1
332,11066666667,0,0,0.09030567727,0.02005873287,-0.08838466351,0.9986440567,-0.0008747722352,-0.008137863109,0.05141067889,0,1
333,11100000000,0,0,0.09403950794,0.02138995216,-0.09003985353,0.9985257932,-0.0005299048185,-0.008966589919,0.05353092294,0,1
334,11133333333,0,0,0.09670322648,0.02283343187,-0.09188907641,0.998511253,0.0007476325194,-0.009655686489,0.05367947855,0,1
335,11166666667,0,1,0.1034492803,0.0234076266,-0.08462568229,0.9986484142,0.001647778027,-0.008880713721,0.05118361632,0,1
336,11200000000,0,0,0.1069700571,0.02443195622,-0.08700030449,0.9986850226,0.002937283701,-0.007494197645,0.05063037546,0,1
337,11233333333,0,0,0.1120636789,0.024016721,-0.09010924046,0.9986932599,0.002851900243,-0.008456070622,0.05032031545,0,1
338,11266666667,0,0,0.1160774476,0.02455839975,-0.09156476222,0.9986740558,0.002536530259,-0.01023907021,0.05038707821,0,1
339,11300000000,0,0,0.1189680855,0.02593994935,-0.0954491338,0.9986944466,0.003148469227,-0.01076120181,0.04983659208,0,1
340,11333333333,0,0,0.1236505466,0.02633498662,-0.09814394309,0.9986676323,0.003596549485,-0.0115979282,0.05015489196,0,1
341,11366666667,0,1,0.127361681,0.02595569626,-0.1002275889,0.9986524013,0.003344756841,-0.01274894611,0.05019619842,0,1
342,11400000000,0,0,0.131165844,0.02730535527,-0.10284122,0.9985885448,0.003513429702,-0.01445449362,0.05098668139,0,1
343,11433333333,0,0,0.1346584376,0.02834974272,-0.1063151867,0.9985956158,0.004378470684,-0.01416908658,0.05086120468,0,1
344,11466666667,0,0,0.1402515184,0.02833739795,-0.1087870336,0.9985937236,0.004594988886,-0.01404807317,0.05091279633,0,1
345,11500000000,0,0,0.1442586741,0.02918110093,-0.11358599,0.9984750532,0.005729554652,-0.01440424377,0.05298356416,0,1
346,11533333333,0,0,0.1478871278,0.02923484592,-0.117861882,0.9983708255,0.005489868235,-0.01504747833,0.05476430921,0,1
347,11566666667,0,1,0.1526202217,0.02963137086,-0.1188732807,0.9982263898,0.005138142369,-0.01578301844,0.05717141321,0,1
348,11600000000,0,0,0.1565243839,0.03123862913,-0.123393085,0.9980220432,0.005963714464,-0.01658121329,0.06034483171,0,1
349,11633333333,0,0,0.1616447533,0.03169022265,-0.1274660717,0.9978645836,0.005820331238,-0.01779749855,0.0625751195,0,1
350,11666666667,0,0,0.1666289959,0.03253661925,-0.1312400261,0.9976514472,0.004912335435,-0.01915649879,0.06557810198,0,1
351,11700000000,0,0,0.172933709,0.0340921512,-0.1337808653,0.9974910939,0.005335338904,-0.02152082931,0.06723024292,0,1
352,11733333333,0,0,0.177201597,0.03456522455,-0.1389444642,0.9974003688,0.005465432921,-0.02344267812,0.06791961635,0,1
353,11766666667,0,1,0.1849444779,0.03107276545,-0.1351398311,0.9973054144,0.00284749788,-0.02563747709,0.06867693838,0,1
354,11800000000,0,0,0.1891774989,0.03127791424,-0.1399862969,0.9972033819,0.00133001797,-0.0275853157,0.06944563679,0,1
355,11833333333,0,0,0.1957701678,0.0316178398,-0.1436415839,0.9970751537,-0.0002979710711,-0.03056103404,0.07005049813,0,1
356,11866666667,0,0,0.200560219,0.03399785656,-0.1470925612,0.9970294618,-0.0006207759184,-0.0332389774,0.06947688339,0,1
357,11900000000,0,0,0.2057785224,0.03578773425,-0.1504886008,0.9970228209,0.0007032229742,-0.035148435,0.06862643462,0,1
358,11933333333,0,0,0.2110983451,0.03459992293,-0.1559253548,0.9968379275,0.0001894746548,-0.03744571581,0.07008515431,0,1
359,11966666667,0,1,0.2151778546,0.03225927894,-0.1540894887,0.9965800356,-0.001478601209,-0.04024927388,0.07215290996,0,1
360,12000000000,0,0,0.2189194735,0.03316698557,-0.1557756339,0.9965910122,-0.001556257662,-0.04231058688,0.07080781584,0,1
361,12033333333,0,0,0.2229706928,0.03206232351,-0.1594383678,0.9966401643,-0.003658673577,-0.04296888397,0.069632407,0,1
362,12066666667,0,0,0.2265459779,0.03298324074,-0.1634113359,0.9965927592,-0.005822028808,-0.04389587665,0.0695854031,0,1
363,12100000000,0,0,0.2320939812,0.03300418975,-0.1640127564,0.9964241606,-0.006875605108,-0.04643166407,0.07025467162,0,1
364,12133333333,0,0,0.2359161731,0.03415150569,-0.1651112731,0.9964208586,-0.007271635784,-0.04764630649,0.06944368448,0,1
365,12166666667,0,1,0.2377895404,0.034139687,-0.164481468,0.9963439685,-0.007386172753,-0.04728503558,0.07076910622,0,1
366,12200000000,0,0,0.2426035088,0.03356364054,-0.1680055223,0.9961714605,-0.007663392767,-0.04951990423,0.07163429951,0,1
367,12233333333,0,0,0.2468412084,0.03473612994,-0.1691653225,0.9960486709,-0.008496873404,-0.05152899516,0.07183043201,0,1
368,12266666667,0,0,0.2517230061,0.03526257388,-0.1711720354,0.9960171249,-0.009248343464,-0.0532363358,0.07092423806,0,1
369,12300000000,0,0,0.2556552252,0.03401168736,-0.1735313659,0.9960034135,-0.01127034637,-0.05427040604,0.07003500935,0,1
370,12333333333,0,0,0.2598683591,0.03479730516,-0.1744965927,0.9960204106,-0.01214107733,-0.05505738302,0.06902623107,0,1
371,12366666667,0,1,0.2605780177,0.03479967627,-0.1733051071,0.9960074366,-0.01181428858,-0.05371269637,0.07031753055,0,1
372,12400000000,0,0,0.2654072567,0.03510124693,-0.1758539119,0.9957479089,-0.0102156029,-0.05489376065,0.07326949164,0,1
373,12433333333,0,0,0.270564852,0.03574813737,-0.1780275004,0.9953899184,-0.008933747233,-0.05777163797,0.07603641413,0,1
374,12466666667,0,0,0.2750024848,0.03756827634,-0.1785227989,0.9950365431,-0.007172876626,-0.06051980095,0.07866499551,0,1
375,12500000000,0,0,0.2787908435,0.03816073819,-0.1792431035,0.9948492625,-0.005380523568,-0.06125134793,0.08058701648,0,1
376,12533333333,0,0,0.2838230379,0.03800734244,-0.1819777402,0.9946603415,-0.005220883591,-0.06242553761,0.08201585058,0,1
377,12566666667,0,1,0.2845302421,0.03802045634,-0.1809726202,0.9946376646,-0.005288334217,-0.06141765361,0.08304108287,0,1
378,12600000000,0,0,0.2897235096,0.03865029743,-0.1809940101,0.9945643847,-0.005214177888,-0.06164414787,0.08375258861,0,1
379,12633333333,0,0,0.2942827515,0.03916174286,-0.1831239544,0.9943609098,-0.00460183661,-0.06219903871,0.08576994702,0,1
380,12666666667,0,0,0.2997936743,0.03925131239,-0.1848189999,0.9939404173,-0.004109347734,-0.06416209909,0.08915595997,0,1
381,12700000000,0,0,0.304945822,0.03788840851,-0.1866044849,0.9934039477,-0.005265801868,-0.06684106068,0.09302225828,0,1
382,12733333333,0,0,0.3106267093,0.03934429147,-0.1885732681,0.9928815797,-0.007299512413,-0.06983000278,0.09621151953,0,1
383,12766666667,0,1,0.3125459619,0.03650480791,-0.1856330684,0.9923240697,-0.01014869223,-0.07150575698,0.1003836218,0,1
384,12800000000,0,0,0.3175661389,0.03760737562,-0.1855772435,0.9920273531,-0.01210052238,-0.07452471338,0.1009028009,0,1
385,12833333333,0,0,0.3234313182,0.03704735128,-0.1878413688,0.9918187536,-0.01629042393,-0.07739661642,0.1001995307,0,1
386,12866666667,0,0,0.328509789,0.03841130981,-0.1887247272,0.991528386,-0.02083915116,-0.08062070665,0.09968696573,0,1
387,12900000000,0,0,0.3319358554,0.04083971805,-0.1860074968,0.9916128477,-0.02145871393,-0.08173434632,0.0977904926,0,1
388,12933333333,0,0,0.3359139235,0.0408547781,-0.1857366357,0.9918445141,-0.02121652423,-0.08059886175,0.09642687561,0,1
389,12966666667,0,1,0.3392040733,0.03995982685,-0.1865421472,0.9917382842,-0.02201380619,-0.08033052563,0.097558058,0,1
390,13000000000,0,0,0.3445307845,0.04083670123,-0.1883886438,0.9913323733,-0.02234882623,-0.08405277896,0.09846718265,0,1
391,13033333333,0,0,0.3483886549,0.04170379213,-0.1882748249,0.991149481,-0.02287455212,-0.08651785048,0.09805163282,0,1
392,13066666667,0,0,0.3521488111,0.04330195111,-0.1894707298,0.9911969258,-0.0239361205,-0.08743951784,0.09648858508,0,1
393,13100000000,0,0,0.3570277867,0.04592960869,-0.1898317228,0.9909910868,-0.02177122901,-0.0895816829,0.09714834845,0,1
394,13133333333,0,0,0.3612602405,0.04544800903,-0.1893860353,0.9908866948,-0.02215057708,-0.09158789018,0.09625262788,0,1
395,13166666667,0,1,0.3602578419,0.04931095196,-0.1911443381,0.991302641,-0.02198845013,-0.08897630922,0.09443939062,0,1
396,13200000000,0,0,0.3646874854,0.05324301798,-0.191145676,0.991323786,-0.0177757213,-0.08858999847,0.09546196725,0,1
397,13233333333,0,0,0.368713508,0.0509610809,-0.1947078222,0.9910308659,-0.01655966035,-0.08984057905,0.09753087131,0,1
398,13266666667,0,0,0.3715632211,0.05379174361,-0.1949917358,0.9909398279,-0.01555402662,-0.09006689321,0.09840876208,0,1
399,13300000000,0,0,0.3753238185,0.05767288627,-0.1953330371,0.9908711969,-0.01151577394,-0.09046453049,0.099286589,0,1
400,13333333333,0,0,0.3787092698,0.05512071128,-0.1970070192,0.9905648061,-0.009587094296,-0.09100977822,0.1020131016,0,1
401,13366666667,0,1,0.3810216885,0.05706759745,-0.2015317295,0.9901760749,-0.008995700395,-0.09158045804,0.1052779076,0,1
402,13400000000,0,0,0.3847169219,0.06055505686,-0.202108473,0.9895265628,-0.005090195632,-0.09321739903,0.1100989913,0,1
403,13433333333,0,0,0.3890367494,0.06079352288,-0.2052840193,0.9892636647,-0.002222126123,-0.09428859157,0.1116338899,0,1
404,13466666667,0,0,0.3933476648,0.06122309898,-0.2080856076,0.9891605644,-0.002531127549,-0.09483325621,0.1120786539,0,1
405,13500000000,0,0,0.3981879078,0.06551239363,-0.2091114886,0.9889727004,0.000874621195,-0.09564539677,0.1130671964,0,1
406,13533333333,0,0,0.4039526447,0.06593209241,-0.2111055455,0.988756637,0.00360362722,-0.09707089819,0.1136862673,0,1
407,13566666667,0,1,0.4075889947,0.06505812608,-0.215381867,0.9879888577,0.00410543476,-0.09881198355,0.1187322801,0,1
408,13600000000,0,0,0.4136237587,0.06700456552,-0.2179725376,0.9872907715,0.006042335917,-0.1017192757,0.1219574175,0,1
409,13633333333,0,0,0.4193240248,0.0680898797,-0.2224562197,0.9866276179,0.007392807929,-0.1050392608,0.1244107858,0,1
410,13666666667,0,0,0.4248764168,0.06929734857,-0.2241502688,0.9862166994,0.007288069456,-0.1076937806,0.1254015767,0,1
411,13700000000,0,0,0.4302358329,0.07043730926,-0.2263628429,0.9855520417,0.007995924531,-0.1101818121,0.1283869406,0,1
412,13733333333,0,0,0.4360785346,0.07014219459,-0.2305905079,0.9848151326,0.007600482487,-0.1130418693,0.131540576,0,1
413,13766666667,0,1,0.441543951,0.0693521937,-0.2363344963,0.9841313606,0.004554449327,-0.1148377775,0.1351924814,0,1
414,13800000000,0,0,0.4470813903,0.07068239895,-0.2381922564,0.9836289215,0.002903477565,-0.1168739249,0.1371357004,0,1
415,13833333333,0,0,0.453285234,0.07162551526,-0.2411422317,0.9830868495,0.002540847611,-0.1197855517,0.1385106931,0,1
416,13866666667,0,0,0.4586201442,0.07177939433,-0.2447157502,0.9827996421,-0.000447492651,-0.1219753415,0.138660302,0,1
417,13900000000,0,0,0.4684718728,0.07533062554,-0.2457144562,0.9824827788,-0.0006537593221,-0.1236572063,0.1394132606,0,1
418,13933333333,0,0,0.4743974772,0.07400033226,-0.2505713521,0.9824782632,-0.002647458074,-0.1235442104,0.1395216164,0,1
419,13966666667,0,1,0.4788015153,0.07291075063,-0.2568790283,0.9821550953,-0.01062105627,-0.1235992507,0.1413569496,0,1
420,14000000000,0,0,0.4836329169,0.07450524761,-0.2574479547,0.9814473649,-0.01366064067,-0.1265469343,0.1433887383,0,1
421,14033333333,0,0,0.4885876635,0.07496688384,-0.2600188845,0.9809587768,-0.01578335466,-0.1289674328,0.1443543043,0,1
422,14066666667,0,0,0.4930286078,0.07634914317,-0.2613755178,0.9811313723,-0.01809980158,-0.1296248015,0.1423061431,0,1
423,14100000000,0,0,0.4967424819,0.07586607655,-0.2624142748,0.9810099347,-0.01976356524,-0.1290842523,0.1434090838,0,1
424,14133333333,0,0,0.5011776555,0.07657387298,-0.2648012493,0.9806576906,-0.01962548564,-0.1291103086,0.1457939038,0,1
425,14166666667,0,1,0.5034438717,0.0762121216,-0.2665880698,0.9803770209,-0.02168613252,-0.1275652812,0.1487202324,0,1
426,14200000000,0,0,0.5064302264,0.07818779159,-0.2669633006,0.980050198,-0.02154323138,-0.1269423603,0.1514038826,0,1
427,14233333333,0,0,0.5104392732,0.07901496152,-0.2688262101,0.9798336461,-0.01988675893,-0.1254615364,0.1542398966,0,1
428,14266666667,0,0,0.5145901798,0.07991104367,-0.2701686437,0.9797643385,-0.02051930395,-0.1236500319,0.1560495712,0,1
429,14300000000,0,0,0.5183059471,0.08096203039,-0.2708412632,0.9794414434,-0.01962896886,-0.1231895559,0.1585354717,0,1
430,14333333333,0,0,0.5217302971,0.08187189297,-0.2731555779,0.9792056471,-0.01778594112,-0.1228302427,0.1604764547,0,1
431,14366666667,0,1,0.5246845124,0.08172895573,-0.2766130855,0.9791267126,-0.01810396474,-0.1222971222,0.1613274341,0,1
432,14400000000,0,0,0.5277476729,0.08378110199,-0.2766928707,0.978786372,-0.01766392407,-0.1229735831,0.1629193716,0,1
433,14433333333,0,0,0.5317304311,0.08462867244,-0.278006462,0.9782237663,-0.01551210022,-0.1230910047,0.1663918336,0,1
434,14466666667,0,0,0.5352864235,0.08472513565,-0.2807889876,0.9780003956,-0.01644114887,-0.1234793482,0.1673253283,0,1
435,14500000000,0,0,0.5391675953,0.0874548914,-0.2804147042,0.978002771,-0.0168802296,-0.1238602847,0.1669858305,0,1
436,14533333333,0,0,0.5433777388,0.08769084198,-0.281941611,0.9777859852,-0.01610565487,-0.1248085545,0.1676245799,0,1
437,14566666667,0,1,0.5461089357,0.08801713266,-0.2863616998,0.9777234687,-0.01696875725,-0.1257434699,0.1672048437,0,1
438,14600000000,0,0,0.549392767,0.09029201049,-0.2864319857,0.9776578724,-0.01655649373,-0.126448803,0.1670977777,0,1
439,14633333333,0,0,0.5546727625,0.09040422192,-0.2874972269,0.9769474839,-0.01533744889,-0.1285816236,0.1697207779,0,1
440,14666666667,0,0,0.5587421353,0.08968185374,-0.2895249906,0.9757504548,-0.01515233227,-0.1328352672,0.1733096899,0,1
441,14700000000,0,0,0.5622465411,0.09116422584,-0.2904952547,0.9740129295,-0.01730496938,-0.1366521508,0.1797930499,0,1
442,14733333333,0,0,0.5667672547,0.0916291883,-0.2914745784,0.9726791301,-0.02026011037,-0.1411782272,0.1831762703,0,1
443,14766666667,0,1,0.5681695978,0.09318627514,-0.2950234652,0.9722783174,-0.02249951413,-0.1433354461,0.183367378,0,1
444,14800000000,0,0,0.5707229076,0.09348617062,-0.2948928809,0.9720129966,-0.02537384453,-0.144085822,0.1838101695,0,1
445,14833333333,0,0,0.5740263369,0.09441441672,-0.2948730928,0.971637318,-0.02876730275,-0.1443968561,0.1850484059,0,1
446,14866666667,0,0,0.5769159532,0.09603313425,-0.2954716011,0.970956892,-0.02968688512,-0.1461273527,0.1871047822,0,1
447,14900000000,0,0,0.5799056066,0.09808847682,-0.2956606362,0.9705714253,-0.02998721749,-0.1477848101,0.1877538952,0,1
448,14933333333,0,0,0.5823878281,0.09854001021,-0.2956489166,0.9703286161,-0.03125782892,-0.148114068,0.1885405734,0,1
449,14966666667,0,1,0.5853273309,0.1021709619,-0.2963781111,0.9702131602,-0.02998392993,-0.1493995631,0.1883272635,0,1
450,15000000000,0,0,0.588094618,0.1024490001,-0.2975113942,0.9700481662,-0.02943131793,-0.1503712402,0.1884909625,0,1
451,15033333333,0,0,0.5901521256,0.1026525574,-0.2984005645,0.970308846,-0.03110755576,-0.1497777259,0.1873491289,0,1
452,15066666667,0,0,0.5916232822,0.1044540261,-0.2985831972,0.9703020723,-0.03076445944,-0.1489129836,0.1881285726,0,1
453,15100000000,0,0,0.5937202449,0.1052221814,-0.299611838,0.9702080601,-0.02963016657,-0.1477987907,0.1896678436,0,1
454,15133333333,0,0,0.5954356427,0.1054271441,-0.3003739289,0.9706319563,-0.03066998504,-0.1460105375,0.1887164019,0,1
455,15166666667,0,1,0.5975883548,0.108887959,-0.3021151407,0.97068116,-0.02953911361,-0.1445733002,0.1897474301,0,1
456,15200000000,0,0,0.5992744025,0.1102986106,-0.3026395642,0.9704802013,-0.02690234635,-0.1436819428,0.1918331099,0,1
457,15233333333,0,0,0.6008924068,0.1097106217,-0.3039379114,0.9706071452,-0.02656447726,-0.1426197458,0.1920304828,0,1
458,15266666667,0,0,0.6019122355,0.1120878118,-0.3042646129,0.9708641777,-0.02561464961,-0.1404110504,0.1924873377,0,1
459,15300000000,0,0,0.6036842603,0.1138140173,-0.3038159287,0.9708948349,-0.02267742564,-0.1379031877,0.1945036369,0,1
460,15333333333,0,0,0.606008943,0.1125650373,-0.305330517,0.97129991,-0.0217729911,-0.1363771207,0.1936587273,0,1
461,15366666667,0,1,0.6085697482,0.1114831419,-0.3065709909,0.9714316276,-0.02345824271,-0.1346440182,0.1940136389,0,1
462,15400000000,0,0,0.6107813888,0.1129080089,-0.3071349227,0.9710586968,-0.0240605726,-0.1340626242,0.1961971176,0,1
463,15433333333,0,0,0.6125147974,0.1130744834,-0.3078195301,0.9707217726,-0.02439492542,-0.1340184941,0.197846332,0,1
464,15466666667,0,0,0.6140126475,0.1132063737,-0.3086724073,0.9707313311,-0.02511925597,-0.1328540487,0.1984930918,0,1
465,15500000000,0,0,0.6158525189,0.1142787039,-0.3094763921,0.970776292,-0.02586432943,-0.1310642683,0.1993654558,0,1
466,15533333333,0,0,0.6180103748,0.1150650773,-0.3097558736,0.9704163099,-0.02558081454,-0.1297182264,0.2020172993,0,1
467,15566666667,0,0,0.6206335345,0.1151068276,-0.3116630949,0.97007775,-0.02643270389,-0.1286970411,0.2041752743,0,1
468,15600000000,0,1,0.6253690501,0.1169127994,-0.3137362417,0.9698091663,-0.02672927167,-0.1290517016,0.2051862209,0,1
469,15633333333,0,0,0.6281161953,0.1187322654,-0.314713096,0.9692409115,-0.02492482282,-0.1290808156,0.2080599716,0,1
470,15666666667,0,0,0.6314813114,0.1178411064,-0.3165197727,0.9688997721,-0.02498292634,-0.1290119271,0.2096783436,0,1
471,15700000000,0,0,0.6355802816,0.1180148843,-0.3180947342,0.9688281987,-0.02770180007,-0.1300312854,0.2090368305,0,1
472,15733333333,0,0,0.6381456831,0.1194206851,-0.3191007185,0.9684151573,-0.02800792314,-0.130631942,0.2105301286,0,1
473,15766666667,0,0,0.6430223205,0.1185142537,-0.3217546686,0.9681695963,-0.03092275026,-0.1317479876,0.2105561305,0,1
474,15800000000,0,1,0.6486523183,0.1196214514,-0.3232205639,0.9681317589,-0.03524115934,-0.1339312235,0.2086657267,0,1
475,15833333333,0,0,0.6503906304,0.1201005167,-0.3238472215,0.9683500419,-0.03694121191,-0.131920787,0.2086395195,0,1
476,15866666667,0,0,0.6546586295,0.1191883846,-0.3255798475,0.9691941571,-0.04085227784,-0.128848019,0.2058930916,0,1
477,15900000000,0,0,0.658165005,0.1231847435,-0.326043471,0.9695101627,-0.04369622639,-0.1275663926,0.2046154925,0,1
478,15933333333,0,0,0.6622135788,0.1239438213,-0.3270392972,0.9689823458,-0.04534542813,-0.1271721993,0.2069884959,0,1
479,15966666667,0,0,0.6666131611,0.1242154337,-0.3283198082,0.968446543,-0.04742464771,-0.1275509987,0.2087892212,0,1
480,16000000000,0,1,0.675131329,0.1253189827,-0.3309571744,0.967873868,-0.04875730261,-0.1307513003,0.2091578318,0,1
481,16033333333,0,0,0.6792763159,0.1266931906,-0.333039284,0.9670617785,-0.04796039271,-0.1331027661,0.2116009711,0,1
482,16066666667,0,0,0.6852944659,0.1276027795,-0.3353619636,0.9660553569,-0.04843109184,-0.136472959,0.2139313166,0,1
483,16100000000,0,0,0.6896096235,0.129244461,-0.3369069635,0.9654359366,-0.04705751589,-0.1392575822,0.2152356109,0,1
484,16133333333,0,0,0.6954531081,0.1301799711,-0.3397100401,0.9649495758,-0.04557886374,-0.1418903725,0.2160139012,0,1
485,16166666667,0,0,0.7005011113,0.1315191624,-0.3416362289,0.9645730585,-0.04549084522,-0.1449265685,0.2156981397,0,1
486,16200000000,0,1,0.7098920423,0.1334370543,-0.3452011669,0.9637921502,-0.0445051866,-0.1494208518,0.2163270411,0,1
487,16233333333,0,0,0.7157941034,0.1335440024,-0.3477826435,0.9635307743,-0.04474912473,-0.1526907541,0.2151545873,0,1
488,16266666667,0,0,0.7218788403,0.1362191526,-0.3497821116,0.9635281628,-0.04391907826,-0.1560905184,0.2128857536,0,1
489,16300000000,0,0,0.7276206903,0.1367696971,-0.3517631457,0.9632778028,-0.04251906349,-0.1598064263,0.2115417453,0,1
490,16333333333,0,0,0.7338396525,0.1369197116,-0.3535742086,0.9631386704,-0.04275659383,-0.1634895609,0.2093010718,0,1
491,16366666667,0,0,0.7389793889,0.1375021134,-0.3550532708,0.9629066938,-0.04394633195,-0.1664533528,0.2077804134,0,1
492,16400000000,0,1,0.7450811331,0.1410936258,-0.3575511102,0.9623078707,-0.04440402725,-0.1695902191,0.2079206626,0,1
493,16433333333,0,0,0.7490906232,0.1423192794,-0.3587057348,0.9621028056,-0.04519098715,-0.1717287498,0.2069425103,0,1
494,16466666667,0,0,0.7520229615,0.1451772425,-0.3596553028,0.9621910772,-0.04436428693,-0.171973302,0.2065074441,0,1
495,16500000000,0,0,0.756969022,0.1451359224,-0.3609650999,0.962216127,-0.04386128572,-0.1717132851,0.2067144415,0,1
496,16533333333,0,0,0.7610914196,0.1482345588,-0.3613749703,0.962238959,-0.0429362119,-0.171894869,0.2066514492,0,1
497,16566666667,0,0,0.7639177015,0.151296944,-0.3626195432,0.9620893175,-0.03949749956,-0.1717462331,0.2081521656,0,1
498,16600000000,0,1,0.7679311686,0.1514130809,-0.3643428653,0.9621653383,-0.03787805508,-0.1701787386,0.2093855574,0,1
499,16633333333,0,0,0.7725873805,0.1537073588,-0.364653385,0.9622109987,-0.03780922001,-0.1694595224,0.2097711304,0,1
500,16666666667,0,0,0.7773747457,0.1572231425,-0.3653859913,0.9620975033,-0.03593143038,-0.1699738511,0.2102051767,0,1
501,16700000000,0,0,0.7811517673,0.1581587392,-0.3656206638,0.9622685004,-0.03442188733,-0.1697750644,0.2098353982,0,1
502,16733333333,0,0,0.7858965585,0.1603025555,-0.3665557496,0.9626941974,-0.03303706893,-0.1687107337,0.2089620125,0,1
503,16766666667,0,0,0.7922474326,0.1652144924,-0.3657639451,0.9625749692,-0.03020817166,-0.1698022728,0.2090552154,0,1
504,16800000000,0,1,0.7951393532,0.1672957418,-0.3668471186,0.9617282269,-0.02704038325,-0.1716015357,0.2118974948,0,1
505,16833333333,0,0,0.7996445672,0.169307699,-0.3670615198,0.9612601032,-0.02472596257,-0.1737680194,0.2125377994,0,1
506,16866666667,0,0,0.8047485191,0.1737147895,-0.3678018832,0.9612202113,-0.02130293357,-0.1744026316,0.2125690768,0,1
507,16900000000,0,0,0.8111299422,0.1769805191,-0.3677445529,0.9608290696,-0.01768271814,-0.1756820224,0.2136133131,0,1
508,16933333333,0,0,0.8183999829,0.1801031366,-0.3677097598,0.959997763,-0.01560888981,-0.1788190166,0.2149056002,0,1
509,16966666667,0,0,0.8240563126,0.1809467906,-0.3675508488,0.9589071139,-0.01499286951,-0.1814463629,0.2175995821,0,1
510,17000000000,0,1,0.8255125472,0.1825051897,-0.3674606239,0.9579662845,-0.01568028332,-0.1819800287,0.2212193383,0,1
511,17033333333,0,0,0.830902608,0.1868319893,-0.3667034086,0.9568115207,-0.0155767476,-0.1849939576,0.2237103359,0,1
512,17066666667,0,0,0.8365002659,0.1894445107,-0.3664028478,0.9553308298,-0.01599810428,-0.1881378804,0.2273569975,0,1
513,17100000000,0,0,0.8414435237,0.1931921919,-0.3664907905,0.9540979218,-0.01584338308,-0.1917114994,0.2295492188,0,1
514,17133333333,0,0,0.846189509,0.1962615657,-0.3660198002,0.9530673082,-0.01477049505,-0.1945221204,0.2315290114,0,1
515,17166666667,0,0,0.8523712984,0.1992953281,-0.3660456288,0.9519623661,-0.01405234928,-0.1977923947,0.2333417102,0,1
516,17200000000,0,1,0.8542150331,0.1991761241,-0.3650268629,0.9507283959,-0.01389088498,-0.2017471081,0.2349907761,0,1
517,17233333333,0,0,0.8596232472,0.2007615663,-0.3651133842,0.9490243128,-0.01474382724,-0.2079000952,0.236459349,0,1
518,17266666667,0,0,0.8637023256,0.2036017417,-0.3650570549,0.9482739544,-0.01547024454,-0.2117523245,0.2360045171,0,1
519,17300000000,0,0,0.8685711915,0.2071656126,-0.3648475509,0.9478317942,-0.01461155535,-0.2160138984,0.2339645016,0,1
520,17333333333,0,0,0.877512366,0.2126604416,-0.3640013436,0.9470600077,-0.01336678216,-0.2229362551,0.2306471267,0,1
521,17366666667,0,0,0.8828486814,0.2152511004,-0.3635931231,0.946296888,-0.01142397556,-0.2277805424,0.2291456242,0,1
522,17400000000,0,1,0.882229317,0.2148040093,-0.3599322398,0.9455375296,-0.01052392691,-0.2308780727,0.2292233467,0,1
523,17433333333,0,0,0.8873769634,0.2179582213,-0.3595463755,0.9447043952,-0.0107251025,-0.2356831192,0.2277543527,0,1
524,17466666667,0,0,0.8929090731,0.2211010974,-0.3593834048,0.9435948822,-0.009914167832,-0.2418195361,0.2259507014,0,1
525,17500000000,0,0,0.8975752204,0.2231597483,-0.3599200641,0.9434825776,-0.009018287756,-0.2454171157,0.2225527702,0,1
526,17533333333,0,0,0.9042390115,0.2259008389,-0.3594452575,0.9432769284,-0.009027053793,-0.2497751889,0.2185394786,0,1
527,17566666667,0,0,0.910036601,0.2272202648,-0.3585522415,0.9422825553,-0.009394258989,-0.2556655172,0.2159872155,0,1
528,17600000000,0,1,0.907244545,0.2275709182,-0.3541207243,0.941835777,-0.009564153394,-0.2588193416,0.2141645268,0,1
529,17633333333,0,0,0.9121909252,0.2312138831,-0.3539181591,0.9415381562,-0.008936558207,-0.262889427,0.2105117279,0,1
530,17666666667,0,0,0.9187514699,0.2341633702,-0.3537367689,0.9409447831,-0.008359919762,-0.2669674256,0.2080418721,0,1
531,17700000000,0,0,0.925098794,0.2368485227,-0.3539375178,0.9400333203,-0.00815700042,-0.27150198,0.2062946797,0,1
532,17733333333,0,0,0.9312289167,0.2397330406,-0.3551633994,0.9396841926,-0.009109546414,-0.2743563273,0.204056953,0,1
533,17766666667,0,0,0.9368500616,0.2412788751,-0.3544247093,0.9394275792,-0.01039781726,-0.2767544936,0.2019273607,0,1
534,17800000000,0,1,0.9324536265,0.2427005075,-0.3463426266,0.9382070243,-0.009347177262,-0.279115344,0.2043889297,0,1
535,17833333333,0,0,0.9389475852,0.2460113626,-0.3475085592,0.936862768,-0.009396887298,-0.283283462,0.2048178032,0,1
536,17866666667,0,0,0.9445750559,0.2483781711,-0.3476511911,0.9358357714,-0.01097230851,-0.2868153023,0.204518947,0,1
537,17900000000,0,0,0.9513058343,0.2498185959,-0.3480843619,0.9352698311,-0.01080690528,-0.2883714491,0.2049279414,0,1
538,17933333333,0,0,0.957060311,0.2528671419,-0.3484299209,0.9351342941,-0.01072521138,-0.289834324,0.2034819069,0,1
539,17966666667,0,0,0.9631854965,0.2561088045,-0.3479099315,0.9341763287,-0.01110144681,-0.2933994799,0.2027513007,0,1
540,18000000000,0,1,0.9586532454,0.2547811868,-0.3407789837,0.9321874844,-0.01463518569,-0.2967043109,0.2068305035,0,1
541,18033333333,0,0,0.9643054801,0.2567365709,-0.3408272062,0.9307783948,-0.01808276125,-0.3007084595,0.2071207763,0,1
542,18066666667,0,0,0.9686242076,0.2591157375,-0.3400931675,0.9296039024,-0.01970105456,-0.3049885904,0.2059864383,0,1
543,18100000000,0,0,0.9743531689,0.2606495232,-0.3404619809,0.9285937441,-0.02113096125,-0.3080548936,0.2058381002,0,1
544,18133333333,0,0,0.9796403327,0.26288686,-0.3395696863,0.92780377,-0.02254200944,-0.3104119571,0.205709599,0,1
545,18166666667,0,0,0.9854760547,0.2664577173,-0.3402003036,0.9266497776,-0.02501897708,-0.3145705444,0.2043027487,0,1
546,18200000000,0,1,0.9796382483,0.2650962859,-0.3330710075,0.9258963477,-0.02688149943,-0.3161035372,0.2051143392,0,1
547,18233333333,0,0,0.9841611301,0.2664728864,-0.3327647956,0.9256727015,-0.028313999,-0.3166275337,0.2051228219,0,1
548,18266666667,0,0,0.9874583706,0.2686107831,-0.3310968809,0.9256607182,-0.02890685389,-0.3159476274,0.2061400623,0,1
549,18300000000,0,0,0.9916444489,0.2704828082,-0.3310107439,0.9260381404,-0.02716074784,-0.3150711789,0.2060238058,0,1
550,18333333333,0,0,0.996362481,0.2736626167,-0.3316830511,0.9262510193,-0.02492368909,-0.3129001757,0.208641652,0,1
551,18366666667,0,0,0.9990416063,0.2755346623,-0.3307255366,0.925970518,-0.02386350838,-0.3103144404,0.2138085142,0,1
552,18400000000,0,1,0.9955955076,0.277048845,-0.3225339364,0.9240946413,-0.02328077285,-0.3115007633,0.2201689668,0,1
553,18433333333,0,0,0.9999648496,0.280130494,-0.3233227369,0.9221309411,-0.02274588103,-0.3134571473,0.2256142041,0,1
554,18466666667,0,0,1.0036675,0.2808330396,-0.3228884701,0.9215740029,-0.0225745404,-0.3128196952,0.228769722,0,1
555,18500000000,0,0,1.00669525,0.2836124372,-0.3223549166,0.9217197899,-0.02202241452,-0.3108740478,0.2308786879,0,1
556,18533333333,0,0,1.008899171,0.2853794934,-0.3208104335,0.9218880646,-0.02043896406,-0.3084055255,0.2336464784,0,1
557,18566666667,0,0,1.011422876,0.2865210621,-0.3199814619,0.9224554225,-0.01938678829,-0.3048612711,0.2361350277,0,1
558,18600000000,0,1,1.007421235,0.2880260482,-0.3168793555,0.9221984633,-0.0218420037,-0.2989590802,0.244328446,0,1
559,18633333333,0,0,1.008902712,0.290751729,-0.3138471066,0.920599814,-0.02278252537,-0.2978360451,0.2515365367,0,1
560,18666666667,0,0,1.011434095,0.2919005336,-0.3134317522,0.9201403089,-0.02314050293,-0.2966503257,0.2545680917,0,1
561,18700000000,0,0,1.01344649,0.2939344364,-0.312111817,0.920555429,-0.02440129765,-0.2935543868,0.2565308966,0,1
562,18733333333,0,0,1.012749017,0.2962316894,-0.3071360152,0.9202462078,-0.02429868777,-0.2913401996,0.260148763,0,1
563,18766666667,0,0,1.015309302,0.2978389525,-0.3055491239,0.9196426511,-0.02392416234,-0.2899017149,0.2638977537,0,1
564,18800000000,0,1,1.018426182,0.3000652937,-0.3014927143,0.9196478455,-0.02486867638,-0.2892079302,0.2645527591,0,1
565,18833333333,0,0,1.017768337,0.302623221,-0.2977689662,0.9193897776,-0.02389761839,-0.2876050758,0.2672726345,0,1
566,18866666667,0,0,1.018891536,0.304277511,-0.2950636514,0.9187948273,-0.02275610675,-0.2855017106,0.2716376229,0,1
567,18900000000,0,0,1.019969829,0.3052393908,-0.292877824,0.9183846506,-0.02381204529,-0.2842517232,0.2742327077,0,1
568,18933333333,0,0,1.020456438,0.3074775883,-0.2903669435,0.9178398851,-0.02626084205,-0.2814038479,0.278733184,0,1
569,18966666667,0,0,1.022190987,0.3090117352,-0.286830467,0.916644017,-0.03056608908,-0.2796900939,0.2839065193,0,1
570,19000000000,0,1,1.021847572,0.3087087418,-0.2835141562,0.9160171159,-0.03522331531,-0.2778904614,0.2871390829,0,1
571,19033333333,0,0,1.021778212,0.3091934403,-0.280708978,0.9155461621,-0.0400796269,-0.2755603445,0.29023326,0,1
572,19066666667,0,0,1.021089307,0.3106609587,-0.276930439,0.9147398487,-0.04500916538,-0.2737649065,0.293731102,0,1
573,19100000000,0,0,1.020066803,0.3126623721,-0.2728518118,0.9138270556,-0.04760409674,-0.2729144454,0.2969371448,0,1
574,19133333333,0,0,1.020658486,0.3118447767,-0.2719658778,0.9139077942,-0.05184178299,-0.2708594595,0.2978592393,0,1
575,19166666667,0,0,1.019837228,0.3127284563,-0.2685281356,0.9140451011,-0.05642359799,-0.2685704153,0.2986768534,0,1
576,19200000000,0,1,1.020368893,0.3138119789,-0.2658256582,0.9144208338,-0.06025924344,-0.2654420604,0.2995728206,0,1
577,19233333333,0,0,1.020750591,0.3149180417,-0.2629837243,0.915107471,-0.06452732114,-0.2624088411,0.2992593213,0,1
578,19266666667,0,0,1.01928659,0.3169485279,-0.2590456297,0.9151266586,-0.0676646563,-0.2606340356,0.3000576485,0,1
579,19300000000,0,0,1.019786412,0.3179065975,-0.2560769617,0.9148504906,-0.07066359081,-0.2593430198,0.3013244678,0,1
580,19333333333,0,0,1.018738282,0.3183984225,-0.2529834834,0.9149442191,-0.07377176342,-0.2578828529,0.3015480674,0,1
581,19366666667,0,0,1.017642238,0.3212403941,-0.2502193967,0.9148042486,-0.07526529708,-0.2558490271,0.3033308377,0,1
582,19400000000,0,1,1.018368781,0.3200003814,-0.2477311362,0.9148081595,-0.07851251575,-0.2544222838,0.3036957651,0,1
583,19433333333,0,0,1.017559774,0.3216711349,-0.2442847761,0.9143286026,-0.0809994042,-0.2550569658,0.3039543503,0,1
584,19466666667,0,0,1.016715286,0.322812424,-0.2421213726,0.9140241755,-0.08222026706,-0.2540749885,0.305361318,0,1
585,19500000000,0,0,1.017309759,0.3242594574,-0.2385977698,0.9134978165,-0.08356628124,-0.2535017356,0.307042808,0,1
586,19533333333,0,0,1.016896463,0.3252594321,-0.2359996005,0.9136122714,-0.0850418013,-0.2531197331,0.3066119866,0,1
587,19566666667,0,0,1.014661133,0.3269740317,-0.23325554,0.9141065986,-0.08492878581,-0.2510372025,0.3068819818,0,1
588,19600000000,0,1,1.016908984,0.3302687416,-0.2306551784,0.9139957368,-0.08428968309,-0.2502136565,0.3080587097,0,1
589,19633333333,0,0,1.016235342,0.3318617388,-0.2279914855,0.9135876117,-0.08344354178,-0.250191607,0.309514153,0,1
590,19666666667,0,0,1.015646094,0.333199914,-0.2257425477,0.9137062941,-0.08237182086,-0.2478768834,0.3113081142,0,1
591,19700000000,0,0,1.014843957,0.3350711243,-0.222589376,0.9138486005,-0.08078768698,-0.24577807,0.3129652142,0,1
592,19733333333,0,0,1.014816872,0.3373366098,-0.2192016266,0.9137385594,-0.07887156725,-0.2439991026,0.3151595768,0,1
593,19766666667,0,0,1.010604667,0.3385450052,-0.2146792131,0.9134681565,-0.07789812435,-0.2404381537,0.3189001468,0,1
594,19800000000,0,1,1.011860841,0.3402533456,-0.2133275722,0.9132367659,-0.07751667194,-0.2382850952,0.3212631139,0,1
595,19833333333,0,0,1.012034595,0.3429821884,-0.2097194239,0.9127905151,-0.07590611601,-0.2368108208,0.3239944016,0,1
596,19866666667,0,0,1.011595079,0.3445252851,-0.2066135742,0.9116342926,-0.07479245284,-0.2353643617,0.3285310074,0,1
597,19900000000,0,0,1.011863148,0.3484330374,-0.2033136849,0.9105691685,-0.07293641582,-0.2352454582,0.3319693404,0,1
598,19933333333,0,0,1.010286563,0.3497751424,-0.2018244271,0.909901249,-0.07099488071,-0.2324777971,0.3361450844,0,1
599,19966666667,0,0,1.01113572,0.3498122868,-0.1972256435,0.9092162146,-0.07108972434,-0.2311059562,0.338913209,0,1
600,20000000000,0,1,1.01393157,0.3556923828,-0.1965790821,0.9077972223,-0.06981821325,-0.2323947223,0.3420852428,0,1
601,20033333333,0,0,1.014570598,0.3572335059,-0.1948102583,0.9070473141,-0.06919084004,-0.2325452215,0.3440937629,0,1
602,20066666667,0,0,1.015705941,0.360036515,-0.1907624792,0.9068135166,-0.06762969085,-0.2327745122,0.3448644625,0,1
603,20100000000,0,0,1.016285024,0.3627799602,-0.1871839491,0.9060405963,-0.06675666669,-0.2331210765,0.346826396,0,1
604,20133333333,0,0,1.015712458,0.3665110419,-0.1846497283,0.9044492385,-0.06639466076,-0.2339353233,0.3504819376,0,1
605,20166666667,0,0,1.016801501,0.3687052673,-0.1819408289,0.9031502892,-0.06620921056,-0.2349026852,0.3532090373,0,1
606,20200000000,0,1,1.015263582,0.369957303,-0.1792228777,0.9023064351,-0.06546541363,-0.2341449767,0.355996498,0,1
607,20233333333,0,0,1.014663099,0.3730194143,-0.1732400766,0.9023482087,-0.06418151625,-0.2326472697,0.3571045941,0,1
608,20266666667,0,0,1.017242101,0.3755189946,-0.1686211806,0.9035912624,-0.06371364982,-0.2312568359,0.3549417941,0,1
609,20300000000,0,0,1.012693357,0.3781913062,-0.1647129487,0.9046084754,-0.06286473641,-0.2288756562,0.3540444396,0,1
610,20333333333,0,0,1.011767472,0.3811874046,-0.1625287888,0.9049758353,-0.06271074492,-0.2261440914,0.3548872355,0,1
611,20366666667,0,0,1.008639112,0.382135708,-0.1580967327,0.9052799136,-0.06345706115,-0.2220555384,0.3565568922,0,1
612,20400000000,0,1,1.013717899,0.3829643615,-0.1551724623,0.9070311915,-0.06406221569,-0.2184367703,0.3542256731,0,1
613,20433333333,0,0,1.0150352,0.3847399653,-0.1521314678,0.9078426756,-0.06494734414,-0.2151809069,0.3539783838,0,1
614,20466666667,0,0,1.012517683,0.3879522352,-0.14804387,0.9076794428,-0.06538900299,-0.2105574704,0.3570824261,0,1
615,20500000000,0,0,1.013217617,0.3876466919,-0.1442563972,0.9081192323,-0.06748279923,-0.2061022468,0.3581722988,0,1
616,20533333333,0,0,1.010877113,0.3891986468,-0.1407323457,0.9095762955,-0.06957106583,-0.2007043868,0.3571394386,0,1
617,20566666667,0,0,1.00856511,0.3919144811,-0.1361170795,0.9096533319,-0.06991897963,-0.1957558318,0.3596134125,0,1
618,20600000000,0,1,1.001018076,0.3925228386,-0.1345250975,0.9107162287,-0.06806597464,-0.1863113998,0.3622858487,0,1
619,20633333333,0,0,1.003035145,0.3914453534,-0.1313195607,0.9116884016,-0.07138837294,-0.179847876,0.362467516,0,1
620,20666666667,0,0,0.9979869413,0.3954700362,-0.1250956047,0.9122736295,-0.07185135514,-0.1741437557,0.3636868984,0,1
621,20700000000,0,0,0.9971229809,0.3976263146,-0.1204164648,0.9119476698,-0.06987822245,-0.1696646411,0.366990996,0,1
622,20733333333,0,0,0.9992020006,0.395648987,-0.1213177763,0.9115616811,-0.07124776947,-0.1657541642,0.3694653083,0,1
623,20766666667,0,0,0.9958757177,0.3984106489,-0.1159014138,0.9119352977,-0.07146512278,-0.1621590623,0.3700961869,0,1
624,20800000000,0,1,0.9936335597,0.4111359249,-0.1021417844,0.9116272966,-0.06641692269,-0.1596389374,0.3728805091,0,1
625,20833333333,0,0,0.9902430649,0.4103883066,-0.1052159806,0.9112990452,-0.06571825183,-0.1545804469,0.3759255871,0,1
626,20866666667,0,0,0.9917231246,0.412661481,-0.09858136706,0.9106354851,-0.06943074481,-0.1509993105,0.3783141461,0,1
627,20900000000,0,0,0.9883165589,0.4156680937,-0.08991794603,0.9091313906,-0.06902083154,-0.1485569798,0.3829452482,0,1
628,20933333333,0,0,0.9898946707,0.4117061239,-0.09552394237,0.9086840336,-0.07043919722,-0.1445637129,0.3852700085,0,0.9999999999
629,20966666667,0,0,0.983339637,0.4171495,-0.08183283611,0.9081971818,-0.07211773541,-0.1423517019,0.386927518,0,1
630,21000000000,0,1,0.9774332978,0.418133146,-0.07177060703,0.9062118357,-0.07130439645,-0.1414990666,0.3920125074,0,1
631,21033333333,0,0,0.976162135,0.4193159776,-0.06924062761,0.904208637,-0.07101629089,-0.1390055734,0.3975435546,0,1
632,21066666667,0,0,0.9745184955,0.4201935196,-0.06582678924,0.9030659322,-0.0723384604,-0.1372470236,0.400502589,0,1
633,21100000000,0,0,0.9711456469,0.4218773837,-0.0585692773,0.9011222113,-0.07224108136,-0.134334576,0.4058499824,0,1
634,21133333333,0,0,0.970784753,0.423223527,-0.05627241707,0.8996531526,-0.07145998695,-0.133226826,0.4095952736,0,0.9999999982
635,21166666667,0,0,0.9669307752,0.4244818192,-0.05169752032,0.8995362802,-0.07075362886,-0.1315089359,0.4105286889,0,0.9999999863
636,21200000000,0,1,0.9618721847,0.4253872082,-0.04399101049,0.8984575762,-0.07206661008,-0.1275721262,0.4138909761,0,0.9999999521
637,21233333333,0,0,0.9600171432,0.4270690909,-0.03879528765,0.8972887943,-0.07190737919,-0.1262404836,0.4168518787,0,1
638,21266666667,0,0,0.9590311596,0.4274799297,-0.03753686364,0.89689913,-0.07210020812,-0.1243863991,0.4182123077,0,1
639,21300000000,0,0,0.9582162316,0.4276480506,-0.03576556976,0.8972172507,-0.07394872454,-0.1211493089,0.4181574299,0,1
640,21333333333,0,0,0.9549059981,0.4319084504,-0.02569928836,0.8969658351,-0.07571522851,-0.1196935028,0.4187994271,0,0.9999999948
679,22633333333,1,1,0,0,0,1,0,0,0,0,1
683,22766666667,1,1,-0.03733098786,-0.00834717755,0.01504983168,0.9998193452,0.001496053648,-0.009741929492,-0.01625218634,0,1
684,22800000000,1,0,-0.04317380402,-0.01087811031,0.02086587396,0.99975718,0.001188940891,-0.01414027795,-0.01685882498,0,1
685,22833333333,1,0,-0.05204324882,-0.01294095977,0.02474720181,0.9996620336,0.0006246042037,-0.01706487056,-0.01960149627,0,1
686,22866666667,1,0,-0.05674486735,-0.01545789665,0.03297915806,0.9995376814,-0.0006234932675,-0.01994062253,-0.02294354461,0,1
687,22900000000,1,0,-0.06225474615,-0.01733569027,0.03869598495,0.999466099,-1.503344615e-05,-0.02055816456,-0.02539445977,0,1
688,22933333333,1,0,-0.06452824821,-0.02438611759,0.04550628517,0.9992824081,-0.002391872256,-0.02649998514,-0.02695734604,0,1
689,22966666667,1,1,-0.06235193485,-0.01843314592,0.05591218404,0.9989283692,0.0008843721222,-0.03374428031,-0.03166472287,0,1
690,23000000000,1,0,-0.06594489308,-0.021899521,0.06436531258,0.9988492311,-0.0006914227505,-0.03584162981,-0.03186083756,0,1
691,23033333333,1,0,-0.06868541723,-0.02635836246,0.07299901246,0.9986063812,-2.941484362e-05,-0.04158799648,-0.03249204825,0,1
692,23066666667,1,0,-0.07495396794,-0.02508776314,0.07920451382,0.9984647682,0.001126174946,-0.04249854263,-0.03550651001,0,1
693,23100000000,1,0,-0.07625958307,-0.03117629075,0.08866206162,0.9983216565,-0.001995205702,-0.04638127759,-0.03462176063,0,1
694,23133333333,1,0,-0.07845172631,-0.03449408794,0.09751364452,0.997989711,-0.001129261331,-0.05205548544,-0.03613153536,0,1
695,23166666667,1,1,-0.08845697664,-0.03814761857,0.1025411748,0.9978942813,-0.002511185208,-0.05274928617,-0.03765912936,0,1
696,23200000000,1,0,-0.09236965439,-0.04062493719,0.110321962,0.9976171479,-0.003218879588,-0.05764732364,-0.0377683887,0,1
697,23233333333,1,0,-0.09634897747,-0.04214217776,0.1187779275,0.9972456139,-0.004027510493,-0.06187640107,-0.04069736685,0,1
698,23266666667,1,0,-0.100280295,-0.04425547506,0.1279151662,0.9968201603,-0.004542803361,-0.06564283771,-0.04494384116,0,1
699,23300000000,1,0,-0.1079924331,-0.04755214208,0.1331051534,0.9965729601,-0.00598284457,-0.06788678121,-0.0468820398,0,1
700,23333333333,1,0,-0.114679658,-0.04914798955,0.1391580187,0.9959748155,-0.007479082833,-0.07336410645,-0.05095034848,0,1
701,23366666667,1,1,-0.1181402412,-0.04735612936,0.1477575908,0.9952110571,-0.006828701974,-0.08000575402,-0.05574405693,0,1
702,23400000000,1,0,-0.1234800542,-0.04811799643,0.155130678,0.9945553149,-0.008346039014,-0.08408287532,-0.06099294479,0,1
703,23433333333,1,0,-0.1278877143,-0.05151584471,0.1627322551,0.9937473598,-0.01083667158,-0.08954652621,-0.06580403489,0,1
704,23466666667,1,0,-0.1343072732,-0.05016779705,0.1686553162,0.9929995089,-0.01112220864,-0.09352753936,-0.07128023056,0,1
705,23500000000,1,0,-0.1402410514,-0.04929852904,0.1744663888,0.9922374707,-0.01244748004,-0.09732379504,-0.07640641875,0,1
706,23533333333,1,0,-0.146684829,-0.04938777235,0.1798758421,0.991617304,-0.01497588228,-0.1006732078,-0.07959742818,0,1
707,23566666667,1,1,-0.1517077818,-0.04989679825,0.1833906837,0.9909531261,-0.01805894377,-0.1052662844,-0.08126983316,0,1
708,23600000000,1,0,-0.1560438689,-0.04701310043,0.1886246315,0.9903267421,-0.02029048675,-0.1078471144,-0.08491313147,0,1
709,23633333333,1,0,-0.1605467186,-0.0492279982,0.1960296594,0.9896366013,-0.02373857276,-0.1116491934,-0.08712252953,0,1
710,23666666667,1,0,-0.1652113747,-0.04578199686,0.19836895,0.9890145893,-0.02450850076,-0.1138407027,-0.09104817336,0,1
711,23700000000,1,0,-0.1700992106,-0.04588339706,0.2037196309,0.9884831873,-0.0294425705,-0.1158545254,-0.0928000673,0,1
712,23733333333,1,0,-0.1726181521,-0.04649562,0.2105063687,0.9876227461,-0.03179019192,-0.1210218711,-0.09457484755,0,1
713,23766666667,1,1,-0.1752881286,-0.04345583327,0.213977504,0.9868104948,-0.03147781092,-0.1241331424,-0.09902099694,0,1
714,23800000000,1,0,-0.1796827176,-0.04332183582,0.2174439568,0.9862902578,-0.03491552763,-0.1253016156,-0.1015477147,0,1
715,23833333333,1,0,-0.1834066244,-0.04548511707,0.221976812,0.9856665775,-0.0376630998,-0.1291387359,-0.1018139271,0,1
716,23866666667,1,0,-0.1858938011,-0.04136272684,0.2233028202,0.9849577833,-0.03720134362,-0.1322413758,-0.1048162377,0,1
717,23900000000,1,0,-0.18911469,-0.04321443448,0.2271489293,0.9844462614,-0.04025098727,-0.1342036598,-0.1059943116,0,1
718,23933333333,1,0,-0.1915949438,-0.0426147671,0.2291299722,0.983757383,-0.041163069,-0.1373173229,-0.1080322449,0,1
719,23966666667,1,1,-0.1964463206,-0.04205055902,0.2304162818,0.9831415283,-0.04235869591,-0.1394188005,-0.1104575679,0,1
720,24000000000,1,0,-0.1978457402,-0.04066420813,0.2323909349,0.9823365106,-0.04338133149,-0.143331224,-0.1122016058,0,1
721,24033333333,1,0,-0.1998505772,-0.04086091377,0.2350435269,0.9816219274,-0.04441026887,-0.1458867425,-0.1147308941,0,1
722,24066666667,1,0,-0.2015198904,-0.04160077169,0.2377626986,0.9807539888,-0.04437979125,-0.1494676075,-0.117522261,0,1
723,24100000000,1,0,-0.2043557836,-0.03739628732,0.2356805153,0.9804085058,-0.04229538517,-0.1504884746,-0.1198477416,0,1
724,24133333333,1,0,-0.2081616248,-0.03793945234,0.237556681,0.9798066193,-0.04506518218,-0.1528198256,-0.1208065355,0,1
725,24166666667,1,0,-0.2109549504,-0.03906654337,0.2375878604,0.9790642609,-0.04554851292,-0.157748807,-0.1203071895,0,1
726,24200000000,1,0,-0.210144307,-0.03724175876,0.2387651557,0.9780354693,-0.04472717325,-0.1628035553,-0.1222338055,0,1
727,24233333333,1,0,-0.2119527216,-0.03644232089,0.2409352341,0.9774214312,-0.04472425646,-0.1650578483,-0.1241087965,0,1
728,24266666667,1,1,-0.2197963613,-0.03537012001,0.2413313492,0.9769917675,-0.04391064138,-0.1654385421,-0.1272361214,0,1
729,24300000000,1,0,-0.2197683279,-0.0319502684,0.2417549746,0.9758161343,-0.04177074306,-0.1708856279,-0.1297543032,0,1
730,24333333333,1,0,-0.222755884,-0.0312241072,0.2423798331,0.9751828071,-0.04325425152,-0.1725070128,-0.1318669522,0,1
731,24366666667,1,0,-0.2289975445,-0.03388386669,0.242961018,0.9744535817,-0.04496734207,-0.1751088923,-0.1332480057,0,1
732,24400000000,1,0,-0.2294279976,-0.03109716542,0.2438128473,0.9732092554,-0.04329602003,-0.181633741,-0.1341580557,0,1
733,24433333333,1,0,-0.2303199851,-0.02912568428,0.2445984754,0.9723222439,-0.04412418833,-0.1851048433,-0.1355680899,0,1
734,24466666667,1,0,-0.2369700637,-0.03155346293,0.2454013241,0.9716633947,-0.04621340698,-0.1864306494,-0.13776132,0,1
735,24500000000,1,0,-0.2386788694,-0.02875758464,0.2443672334,0.9706887099,-0.04525325988,-0.1908552046,-0.1388879468,0,1
736,24533333333,1,0,-0.2409533485,-0.02909996302,0.2464450005,0.9696776282,-0.04767755832,-0.1939444252,-0.1408463977,0,1
737,24566666667,1,0,-0.2446527908,-0.03108572141,0.2474345722,0.9687285152,-0.04881214115,-0.1970850634,-0.1426180792,0,1
738,24600000000,1,1,-0.25032521,-0.02628820803,0.2475375958,0.9682070865,-0.04638064476,-0.1982549769,-0.1453232174,0,1
739,24633333333,1,0,-0.2534903024,-0.02642201582,0.2480826173,0.9672392107,-0.04653436791,-0.201370508,-0.1474204205,0,1
740,24666666667,1,0,-0.2571986428,-0.02709529175,0.247910975,0.9663510522,-0.04666341467,-0.203964922,-0.1496211219,0,1
741,24700000000,1,0,-0.2624939216,-0.02859372123,0.2474358328,0.9654494103,-0.04683848658,-0.207103235,-0.1510689989,0,1
742,24733333333,1,0,-0.2626800693,-0.02897710992,0.2472992458,0.964163104,-0.0454768463,-0.2121608445,-0.1526733159,0,1
743,24766666667,1,0,-0.2675778612,-0.02957210014,0.2471622144,0.9634270997,-0.04432911238,-0.2138667689,-0.1552551404,0,1
744,24800000000,1,1,-0.2737591962,-0.02826513245,0.2462863951,0.9628622006,-0.04283537001,-0.2163094173,-0.1557939333,0,1
745,24833333333,1,0,-0.2745644439,-0.02593817139,0.2444108939,0.9616132628,-0.04130181485,-0.2212656101,-0.1569573912,0,1
746,24866666667,1,0,-0.2777715218,-0.02661324341,0.2452396399,0.960591045,-0.0417753047,-0.2243157732,-0.1587516992,0,1
747,24900000000,1,0,-0.2835145467,-0.02853473537,0.2435685156,0.9598821403,-0.04119775416,-0.2266724524,-0.1598393604,0,1
748,24933333333,1,0,-0.2851029878,-0.0250160657,0.2409174403,0.9588020118,-0.03874148612,-0.2309556056,-0.1608020764,0,1
749,24966666667,1,0,-0.2878453129,-0.02500375073,0.2413309614,0.9576646864,-0.03876700092,-0.2339618277,-0.1632094706,0,1
750,25000000000,1,1,-0.2939622229,-0.02687362323,0.2406644439,0.9572000498,-0.03873459552,-0.2355009386,-0.1637284452,0,1
751,25033333333,1,0,-0.2973400956,-0.0274943565,0.2383115277,0.9558595418,-0.03627589097,-0.2406321243,-0.1646595788,0,1
752,25066666667,1,0,-0.2971476359,-0.0244055792,0.2391915723,0.9543277601,-0.03344959524,-0.2457495963,-0.1665736677,0,1
753,25100000000,1,0,-0.3030798484,-0.02979913439,0.2400518705,0.9534717329,-0.03342126747,-0.2481971941,-0.167847628,0,1
754,25133333333,1,0,-0.3061758722,-0.02734176121,0.2390771223,0.9527127004,-0.02737633835,-0.2520751244,-0.167472918,0,1
755,25166666667,1,0,-0.3085405401,-0.02468990188,0.2370086664,0.9519290546,-0.02393645868,-0.2564616966,-0.1657875721,0,1
756,25200000000,1,1,-0.3130786877,-0.02540794903,0.2353929728,0.9513471978,-0.02315715211,-0.25939215,-0.1646753417,0,1
757,25233333333,1,0,-0.3172977908,-0.02734751993,0.2354337042,0.9499822605,-0.02134964985,-0.2643844475,-0.1648598227,0,1
758,25266666667,1,0,-0.3183543182,-0.02499792361,0.2339632864,0.9487187527,-0.01735236937,-0.2687348133,-0.165569392,0,1
759,25300000000,1,0,-0.3233606409,-0.02386320605,0.232910163,0.9479824017,-0.01617991027,-0.2716646273,-0.1651239137,0,1
760,25333333333,1,0,-0.327740914,-0.02322124876,0.2322740555,0.9466011696,-0.01528130813,-0.2768302745,-0.1645530503,0,1
761,25366666667,1,0,-0.3254067496,-0.0204606215,0.2330543044,0.9445311742,-0.01312121516,-0.282372187,-0.1671964193,0,1
762,25400000000,1,1,-0.3319696039,-0.02011656798,0.2320585775,0.944405633,-0.01330835482,-0.2815818546,-0.1692115457,0,1
763,25433333333,1,0,-0.3371119129,-0.01978811412,0.2304629391,0.943754248,-0.01286417254,-0.2840145619,-0.1688139837,0,1
764,25466666667,1,0,-0.3388758262,-0.01728490325,0.2284943086,0.9427908409,-0.01276133478,-0.2867192363,-0.1696309472,0,1
765,25500000000,1,0,-0.3443762617,-0.01811042751,0.2292526053,0.9424286181,-0.01483260693,-0.2876077465,-0.1699708141,0,1
766,25533333333,1,0,-0.3494160605,-0.01880241966,0.2286706625,0.9417148839,-0.01463096031,-0.289666067,-0.1704481799,0,1
767,25566666667,1,0,-0.3518611313,-0.01606808218,0.2257106296,0.9413245965,-0.01314823535,-0.2906753905,-0.1710056878,0,1
768,25600000000,1,0,-0.357149167,-0.01653301278,0.2242084241,0.941292919,-0.01454365829,-0.290749259,-0.1709414845,0,1
769,25633333333,1,1,-0.3642893279,-0.01974662961,0.2199559708,0.9412036583,-0.01517524297,-0.2913082934,-0.1704255373,0,1
770,25666666667,1,0,-0.3663452793,-0.01473394574,0.2160694322,0.9407696644,-0.01244819093,-0.292110007,-0.1716660275,0,1
771,25700000000,1,0,-0.3726984005,-0.01569804357,0.2166406557,0.9409699141,-0.01393072708,-0.2913060877,-0.1718206007,0,1
772,25733333333,1,0,-0.3791624738,-0.01633629715,0.2120071454,0.9413163515,-0.0132812747,-0.2910466951,-0.1704082023,0,1
773,25766666667,1,0,-0.383963695,-0.01471776457,0.2096139219,0.9414713978,-0.01308900591,-0.2917534658,-0.1683454789,0,1
774,25800000000,1,0,-0.3885745568,-0.01450379316,0.2064389114,0.94168025,-0.01259801334,-0.2921116868,-0.1665843909,0,1
775,25833333333,1,0,-0.3934787345,-0.01370503585,0.2041089125,0.9421021936,-0.01242547171,-0.2917114626,-0.1649044783,0,1
776,25866666667,1,0,-0.3987602882,-0.01511321129,0.2003746576,0.9425956571,-0.01207601761,-0.2914794803,-0.1625032603,0,1
777,25900000000,1,1,-0.4018086995,-0.01413824763,0.1956344063,0.9428869037,-0.0105733483,-0.2914731548,-0.1609220035,0,1
778,25933333333,1,0,-0.4068204973,-0.01510096736,0.1925737218,0.9436210961,-0.009291783038,-0.2900492887,-0.1592617336,0,1
779,25966666667,1,0,-0.4110812651,-0.01315270161,0.1868810188,0.9448883495,-0.00709898192,-0.2873499669,-0.1567341952,0,1
780,26000000000,1,0,-0.4167892265,-0.01319934362,0.1812842516,0.9463507001,-0.007303867905,-0.2847669434,-0.1525607877,0,1
781,26033333333,1,0,-0.4204968589,-0.01155459716,0.1755180451,0.9476751576,-0.006967502587,-0.2826690694,-0.14819395,0,1
782,26066666667,1,0,-0.4233678228,-0.009175215426,0.1708708741,0.9490549809,-0.007165730779,-0.2793362562,-0.145652159,0,1
783,26100000000,1,0,-0.4288052448,-0.009314914275,0.1668411607,0.9506837534,-0.008172730707,-0.2749984336,-0.143211274,0,1
784,26133333333,1,1,-0.4324648508,-0.009241052155,0.1597579478,0.9518014387,-0.008062050844,-0.2723489151,-0.1408371156,0,1
785,26166666667,1,0,-0.436019386,-0.00581370414,0.1525304955,0.9531166955,-0.007849477862,-0.2688177463,-0.1387226357,0,1
786,26200000000,1,0,-0.4409114171,-0.005398601454,0.147773852,0.9545100476,-0.009684392366,-0.2652055896,-0.1359513768,0,1
787,26233333333,1,0,-0.4468325817,-0.004941999921,0.1397822424,0.955964503,-0.01104936875,-0.2619901042,-0.13179896,0,1
788,26266666667,1,0,-0.4508969373,-0.0009064184052,0.1326793853,0.9568515753,-0.01239219323,-0.2601783962,-0.1287971217,0,1
789,26300000000,1,0,-0.4555062879,-0.003743033496,0.1300179265,0.9575257283,-0.01524906652,-0.2590368731,-0.125745155,0,1
790,26333333333,1,0,-0.4599587934,-0.002448710722,0.1241730885,0.9583065931,-0.01365969195,-0.2570742287,-0.1239948681,0,1
791,26366666667,1,0,-0.4650432324,-0.001851156945,0.118081481,0.9588184426,-0.01185964072,-0.2550790374,-0.1243431853,0,1
792,26400000000,1,0,-0.4708703053,2.691273118e-05,0.110029847,0.9593822799,-0.01000327697,-0.2533628411,-0.1236642482,0,1
793,26433333333,1,1,-0.4726820608,-1.751121163e-05,0.1053504776,0.9590204725,-0.00860838967,-0.2551990492,-0.1227968821,0,1
794,26466666667,1,0,-0.4755172249,0.006536989191,0.09813016143,0.9592323157,-0.005004370053,-0.2544026266,-0.1229944081,0,1
795,26500000000,1,0,-0.4806804143,0.00842750016,0.09277909268,0.9602268961,-0.00609242934,-0.2511253594,-0.1219149059,0,1
796,26533333333,1,0,-0.489466225,0.003766335985,0.08541481822,0.9610071909,-0.008919929193,-0.249521684,-0.1188467208,0,1
797,26566666667,1,0,-0.492584107,0.008296595724,0.07969693777,0.9610695683,-0.007223921616,-0.2496049591,-0.118281293,0,1
798,26600000000,1,0,-0.4953250227,0.01012134452,0.07901975481,0.961732682,-0.006610860456,-0.2466412914,-0.1191411692,0,1
799,26633333333,1,0,-0.5041775296,0.006894605417,0.07223124081,0.9632424551,-0.007295046052,-0.2415669855,-0.1172866002,0,1
800,26666666667,1,1,-0.5070827747,0.01172135006,0.06173081793,0.9643588309,-0.007768761058,-0.2393630696,-0.1125033889,0,1
801,26700000000,1,0,-0.5120472717,0.01175881804,0.05976548381,0.9658746292,-0.01343486183,-0.2356571437,-0.1066368407,0,1
802,26733333333,1,0,-0.5192460309,-0.0003196308485,0.06266834916,0.9668426139,-0.01820948244,-0.2335983737,-0.1015656164,0,1
803,26766666667,1,0,-0.5239506105,0.006348958146,0.05365948194,0.9680558384,-0.01152529215,-0.2297290751,-0.09979786273,0,1
804,26800000000,1,0,-0.5297208732,0.009706429516,0.04789366484,0.9693741057,-0.01189842823,-0.224574586,-0.09868396959,0,1
805,26833333333,1,0,-0.5377811834,0.005942561044,0.04458356996,0.9706544614,-0.01522006511,-0.2207436027,-0.09418348049,0,1
806,26866666667,1,0,-0.5418115722,0.009748067968,0.04263318518,0.971703049,-0.01405496121,-0.2172827884,-0.09156327018,0,1
807,26900000000,1,1,-0.5445036713,0.01612995641,0.04188691929,0.9732075866,-0.01329356183,-0.2105992508,-0.09131390996,0,1
808,26933333333,1,0,-0.5563454188,0.004985374854,0.03669257263,0.975332832,-0.01990916857,-0.2032935294,-0.08367336965,0,1
809,26966666667,1,0,-0.5645267631,0.004618479979,0.02850844712,0.9759629132,-0.02013900271,-0.2024582297,-0.07811195774,0,1
810,27000000000,1,0,-0.5675383384,0.01231267017,0.02679898374,0.9766379841,-0.0182636541,-0.2004735623,-0.07519998562,0,1
811,27033333333,1,0,-0.5744644137,0.01107240698,0.02336040778,0.9779917059,-0.02096625123,-0.1948008771,-0.0717304524,0,1
812,27066666667,1,0,-0.5838985812,0.009589424292,0.01691483129,0.979035293,-0.022678794,-0.190354555,-0.0688528189,0,1
813,27100000000,1,0,-0.5894686715,0.01331331452,0.01518708691,0.9797273263,-0.02278688854,-0.1873266273,-0.06725963431,0,1
814,27133333333,1,0,-0.5968893756,0.01231242616,0.01453693208,0.9807240386,-0.02351581561,-0.1825791739,-0.06551497359,0,1
815,27166666667,1,1,-0.6025448376,0.0164891566,0.01228636046,0.9814622871,-0.02182414068,-0.1791500781,-0.06450376232,0,1
816,27200000000,1,0,-0.6109661941,0.01779510859,0.007515304204,0.982427332,-0.02322482573,-0.1751662445,-0.06011598387,0,1
817,27233333333,1,0,-0.6182273562,0.02138889896,0.004467273983,0.9831873144,-0.0247358517,-0.1716823798,-0.05706139618,0,1
818,27266666667,1,0,-0.6255946431,0.02151288727,0.003204015131,0.9839723073,-0.02769310206,-0.16761016,-0.05420723879,0,1
819,27300000000,1,0,-0.6337850195,0.0224422934,-0.0001093715425,0.9848055731,-0.02989912128,-0.1632276362,-0.0511934023,0,1
820,27333333333,1,0,-0.6428502034,0.02138834407,-0.00323736477,0.9854829099,-0.03257715587,-0.159443723,-0.04837212451,0,1
821,27366666667,1,0,-0.6496437098,0.02410690112,-0.005096959926,0.9860304268,-0.03300651037,-0.1563228996,-0.04709266056,0,1
822,27400000000,1,1,-0.6536892709,0.02394708527,-0.004787307738,0.9865732724,-0.03403077247,-0.1531913261,-0.04524933557,0,1
823,27433333333,1,0,-0.6622322249,0.02181549244,-0.009535300602,0.9872002404,-0.03533028848,-0.1498758591,-0.04152930316,0,1
824,27466666667,1,0,-0.6691438347,0.02492074315,-0.01362452415,0.9877627001,-0.03518836041,-0.1469254151,-0.03872402359,0,1
825,27500000000,1,0,-0.6742351002,0.02425496426,-0.01366498215,0.988312787,-0.03664725931,-0.1436360221,-0.03554583695,0,1
826,27533333333,1,0,-0.6830036146,0.01969054374,-0.01901362986,0.9890140874,-0.0382404811,-0.1393888515,-0.03097658289,0,1
827,27566666667,1,0,-0.690322327,0.02242785028,-0.02470204699,0.9893990828,-0.03769656797,-0.1375539739,-0.02733730001,0,1
828,27600000000,1,0,-0.6963679796,0.02234798056,-0.02733557583,0.9898340819,-0.03951897637,-0.1346498678,-0.02315499738,0,1
829,27633333333,1,0,-0.7028190127,0.01766281969,-0.02890993783,0.9902256428,-0.04138847344,-0.1318390384,-0.01893775624,0,1
830,27666666667,1,1,-0.7066868084,0.02070688035,-0.03192198997,0.9905340505,-0.04004478935,-0.1302146538,-0.01681824848,0,1
831,27700000000,1,0,-0.711421402,0.01905736718,-0.03122300725,0.9909460827,-0.04011214168,-0.1272812181,-0.01470947803,0,1
832,27733333333,1,0,-0.7192910858,0.01787882037,-0.03674346445,0.9915830425,-0.03920804147,-0.1227013887,-0.01304486621,0,1
833,27766666667,1,0,-0.7254006566,0.01795512955,-0.03960490015,0.9918828012,-0.03914324233,-0.1202816857,-0.01298581181,0,1
834,27800000000,1,0,-0.7310248179,0.01608017375,-0.04041166782,0.9922697971,-0.03877687267,-0.1172149069,-0.01255665079,0,1
835,27833333333,1,0,-0.7376229884,0.01752263125,-0.04492146823,0.9927392362,-0.03768929027,-0.1135072977,-0.01282262625,0,1
836,27866666667,1,0,-0.7440885323,0.0165352469,-0.04759092692,0.9930809828,-0.0388030774,-0.1102838248,-0.01104358386,0,1
837,27900000000,1,0,-0.7498181035,0.01698409597,-0.04880895995,0.9934030151,-0.03906668603,-0.107471245,-0.008612500142,0,1
838,27933333333,1,0,-0.7535354546,0.01871261899,-0.0487051247,0.9938546708,-0.03820046672,-0.1035673232,-0.008211411137,0,1
839,27966666667,1,0,-0.7614571354,0.01489671761,-0.05260431059,0.9942993016,-0.03957731645,-0.09876008002,-0.00699867163,0,1
840,28000000000,1,0,-0.7699884771,0.0148508417,-0.05730050651,0.9945422137,-0.0400619358,-0.09621597078,-0.004828408948,0,1
841,28033333333,1,0,-0.7760696989,0.02126311636,-0.0594712034,0.9948388881,-0.0395795536,-0.09330845233,-0.004751667748,0,1
842,28066666667,1,1,-0.7808976162,0.02042603965,-0.05655557587,0.9950810112,-0.04143832709,-0.08988642432,-0.004132428827,0,1
843,28100000000,1,0,-0.7870279555,0.02109058009,-0.05646374893,0.9954509615,-0.04016940686,-0.08634369696,-0.002927104554,0,1
844,28133333333,1,0,-0.7902966896,0.02511614056,-0.05508411728,0.9959426734,-0.03777007177,-0.08158478213,-0.003941600092,0,1
845,28166666667,1,0,-0.7970762367,0.02348871287,-0.05590731688,0.9965237837,-0.03726054089,-0.07448856778,-0.001858466466,0,1
846,28200000000,1,0,-0.8049811545,0.02619072294,-0.06122332622,0.9969882168,-0.03818850485,-0.0674071515,0.003522724608,0,1
847,28233333333,1,0,-0.8118450444,0.02730371277,-0.06104385589,0.9971429956,-0.04213856127,-0.06188297233,0.01003422423,0,1
848,28266666667,1,1,-0.8147965605,0.03066427284,-0.05605665839,0.9973454704,-0.04366838364,-0.0564976672,0.01425126441,0,1
849,28300000000,1,0,-0.8199361692,0.03082643827,-0.05620645571,0.9976759981,-0.04470176388,-0.04856899381,0.01689402404,0,1
850,28333333333,1,0,-0.8281275972,0.02781981848,-0.05758990401,0.9977189133,-0.04833846855,-0.04215000525,0.02106512659,0,1
851,28366666667,1,0,-0.8331160607,0.03083873176,-0.05660984427,0.9977803984,-0.04867609594,-0.03855332733,0.0240531741,0,1
852,28400000000,1,0,-0.8386525913,0.03386103556,-0.05642306784,0.9978200328,-0.05036763854,-0.03340145712,0.02650709022,0,1
853,28433333333,1,0,-0.8452235806,0.03184848368,-0.05535112472,0.9977715374,-0.05240704517,-0.02949213724,0.02890803807,0,1
854,28466666667,1,0,-0.8527342093,0.0348967494,-0.0567245074,0.9978203375,-0.05263381317,-0.02557778075,0.0304964396,0,1
855,28500000000,1,0,-0.859416841,0.03453733819,-0.05459361606,0.9977169165,-0.05520407385,-0.02283202937,0.0314986213,0,1
856,28533333333,1,0,-0.8639221483,0.03427901212,-0.05156921325,0.9977565058,-0.05461623431,-0.02159707621,0.03213391394,0,1
857,28566666667,1,0,-0.872703878,0.03744140911,-0.05401452182,0.9978864165,-0.0538662781,-0.01853251255,0.03126771363,0,1
858,28600000000,1,1,-0.8827407551,0.03679806009,-0.04912835197,0.9979122128,-0.05497517749,-0.01562984154,0.0300774565,0,1
859,28633333333,1,0,-0.8898408351,0.03526403427,-0.04675782266,0.9980323078,-0.05328291015,-0.01532140303,0.02928649166,0,1
860,28666666667,1,0,-0.8965189922,0.03850792151,-0.04515448884,0.9982673996,-0.05040715539,-0.01495671388,0.02641239003,0,1
861,28700000000,1,0,-0.9037282279,0.0390226728,-0.04161561565,0.998372646,-0.04956449402,-0.0140666142,0.02444485469,0,1
862,28733333333,1,0,-0.9117978716,0.03462366613,-0.03824207329,0.9983859221,-0.04928999966,-0.01381636919,0.02459988744,0,1
863,28766666667,1,0,-0.9200577121,0.03745279354,-0.03713273187,0.9985716941,-0.04594763086,-0.01447374649,0.02310622472,0,1
864,28800000000,1,0,-0.9261340594,0.03906686813,-0.03497835534,0.998590776,-0.04549518358,-0.01439377293,0.02322648565,0,1
865,28833333333,1,0,-0.934391503,0.03444367528,-0.03130557577,0.9983818183,-0.04818016136,-0.01413671752,0.0266940084,0,1
866,28866666667,1,0,-0.9395618431,0.03588156874,-0.02705187367,0.9984155124,-0.04699138953,-0.0158857817,0.02656907639,0,1
867,28900000000,1,0,-0.9446840302,0.03779399173,-0.0213994081,0.9984644655,-0.04706478219,-0.015500081,0.02476620525,0,1
868,28933333333,1,0,-0.9506626169,0.03245166532,-0.01579388687,0.9984023722,-0.04856138418,-0.01464119022,0.02490242228,0,1
869,28966666667,1,1,-0.9602628635,0.03025647351,-0.008417305193,0.9984994418,-0.04706452688,-0.01520594734,0.02350689607,0,1
870,29000000000,1,0,-0.9625589064,0.03313414269,-0.004504669383,0.9985652143,-0.04524757472,-0.01683966964,0.02316452643,0,1
871,29033333333,1,0,-0.9666690716,0.03099612787,0.003404166082,0.9984935279,-0.04646971507,-0.01606324938,0.02435595182,0,1
872,29066666667,1,0,-0.9726718989,0.0281538336,0.009827604104,0.9984889101,-0.0469133608,-0.01483284007,0.02447488013,0,1
873,29100000000,1,0,-0.9755878742,0.02845869145,0.01628997298,0.9984967531,-0.04699058182,-0.01362826017,0.0247060684,0,1
874,29133333333,1,0,-0.9810883387,0.02433486351,0.02438620875,0.9983121701,-0.05050544088,-0.0111922973,0.02639590821,0,1
875,29166666667,1,0,-0.9824276964,0.01765979797,0.03492689818,0.9981660775,-0.0525179026,-0.01087013938,0.02807475338,0,1
876,29200000000,1,0,-0.9839416124,0.0146651208,0.0433126767,0.9981922874,-0.05173483801,-0.009907970358,0.02893952237,0,1
877,29233333333,1,0,-0.987266811,0.00898488166,0.05155382776,0.9980839749,-0.05319149968,-0.007383174701,0.03073324269,0,1
878,29266666667,1,1,-0.9907208454,0.004503705766,0.06056755624,0.9979892434,-0.05380717534,-0.005805495635,0.03299324303,0,1
879,29300000000,1,0,-0.99205379,-0.0007501519021,0.06991083215,0.9978218077,-0.05552105408,-0.004246065642,0.03536981243,0,1
880,29333333333,1,0,-0.9927679854,-0.006036523585,0.07860581377,0.9977619763,-0.05608525515,-0.003095185028,0.03627537182,0,1
881,29366666667,1,0,-0.9959828745,-0.01095612973,0.08559130538,0.9976501061,-0.05681718263,-0.0006694137707,0.03828348749,0,1
882,29400000000,1,0,-0.9969502808,-0.01474453819,0.09339088315,0.997464086,-0.05850774785,0.0003522270346,0.04052303756,0,1
883,29433333333,1,0,-0.99663989,-0.02143435381,0.101899498,0.9972953049,-0.06020406547,0.002286238797,0.04209891195,0,1
884,29466666667,1,1,-0.9963948209,-0.02750097266,0.1087934869,0.9971849198,-0.06115150143,0.004449041357,0.0431617378,0,1
885,29500000000,1,0,-0.9991531584,-0.02855522988,0.1138104586,0.9970109595,-0.0621510739,0.008306771896,0.04513743639,0,1
886,29533333333,1,0,-0.9977486277,-0.04001745039,0.1231273002,0.9965551888,-0.06706327563,0.009571323978,0.04783996831,0,1
887,29566666667,1,0,-0.9975516901,-0.03901414999,0.1275028898,0.9967240507,-0.06380635361,0.01194154217,0.04824225944,0,1
888,29600000000,1,0,-0.999299697,-0.04211063091,0.132711353,0.996465232,-0.06629876207,0.0164447434,0.04889873232,0,1
889,29633333333,1,0,-1.000435438,-0.05395786039,0.1398094595,0.9960275904,-0.06994336357,0.01881704189,0.05179656338,0,1
890,29666666667,1,0,-0.9979900472,-0.05084676448,0.1430638194,0.9962122746,-0.06661026982,0.01919467168,0.05249514656,0,1
891,29700000000,1,1,-0.9990474608,-0.0567515449,0.1468855674,0.9958865328,-0.06922143903,0.0232250813,0.05365632938,0,1
892,29733333333,1,0,-0.9983448683,-0.06238358246,0.1521736695,0.9956291398,-0.07100618164,0.02597251948,0.05482851789,0,1
893,29766666667,1,0,-0.9968261137,-0.06913753809,0.1571250958,0.9953949599,-0.07124811977,0.02897722456,0.05720926185,0,1
894,29800000000,1,0,-0.9978746974,-0.06965102703,0.159279873,0.9953768796,-0.06777300759,0.03278678844,0.05963818878,0,1
895,29833333333,1,0,-0.9976084216,-0.07295159198,0.1628107183,0.9951089696,-0.0681113063,0.03598440478,0.06183939778,0,1
896,29866666667,1,0,-0.9966576111,-0.07675507517,0.1669548261,0.9948793088,-0.06735758493,0.0380078296,0.06506551717,0,1
897,29900000000,1,1,-0.9939093334,-0.07894132003,0.1696997402,0.9947617314,-0.06680640078,0.03953377183,0.0665062656,0,1
898,29933333333,1,0,-0.9941385549,-0.08177158454,0.173530604,0.9945153571,-0.06691741838,0.04326406707,0.06774573094,0,1
899,29966666667,1,0,-0.9949779701,-0.0833809987,0.1767240261,0.9943745487,-0.0661018665,0.04564412773,0.06903921931,0,1
900,30000000000,1,0,-0.9959198223,-0.08298921399,0.179585535,0.9942448647,-0.06554998335,0.04708386884,0.07045181395,0,1
901,30033333333,1,0,-0.9944833024,-0.08697110569,0.1828766279,0.9939651896,-0.0670195928,0.04836346376,0.07212871481,0,1
902,30066666667,1,0,-0.9942347962,-0.08815837559,0.1854856933,0.9937680629,-0.06631180055,0.05024240774,0.07418546213,0,1
903,30100000000,1,0,-0.9962046659,-0.08916489636,0.1873489123,0.9935358425,-0.06621297986,0.05275798726,0.07562384389,0,1
904,30133333333,1,0,-0.9980483113,-0.09005205027,0.1897877563,0.993241551,-0.06618669071,0.05490357267,0.07794960522,0,1
905,30166666667,1,0,-0.9972775993,-0.08853863265,0.1908595404,0.9931380476,-0.06572225158,0.05568900839,0.0790957544,0,1
906,30200000000,1,1,-0.9962463815,-0.09402256378,0.1929836104,0.9927548657,-0.06940061265,0.05844532322,0.07877484244,0,1
907,30233333333,1,0,-0.99818552,-0.09731901683,0.1968374095,0.9924604446,-0.06961175271,0.06316612319,0.07865437447,0,1
908,30266666667,1,0,-1.000475428,-0.0961463256,0.1988801779,0.9922843859,-0.06821561051,0.06686736974,0.07903848937,0,1
909,30300000000,1,0,-1.00148941,-0.1010032324,0.2025115386,0.9916596019,-0.06976459796,0.07137963799,0.0815419037,0,1
910,30333333333,1,0,-1.002881238,-0.10527002,0.2065348387,0.9912085142,-0.06925319948,0.07476936199,0.08437546029,0,1
911,30366666667,1,0,-1.003186978,-0.09997497389,0.2064632515,0.9910992115,-0.06549556141,0.07717074143,0.08647173516,0,1
912,30400000000,1,0,-1.003849637,-0.1055149188,0.2113067461,0.9903156433,-0.06874498807,0.08081313663,0.08954490559,0,1
913,30433333333,1,0,-1.003052427,-0.1073040814,0.2135425391,0.9899240053,-0.06734937902,0.08377336768,0.09217672002,0,1
914,30466666667,1,0,-1.004250487,-0.1042699031,0.2150858642,0.9894909072,-0.06586496537,0.08832200698,0.09364173191,0,1
915,30500000000,1,0,-1.005913657,-0.1055826052,0.2194121951,0.9886592609,-0.06764467915,0.09271407373,0.09685640766,0,1
916,30533333333,1,0,-1.006800398,-0.1103483364,0.2237199273,0.9879311045,-0.06932706444,0.09585611896,0.09998747625,0,1
917,30566666667,1,0,-1.004785841,-0.1077994755,0.2251139071,0.9878892383,-0.06789022239,0.09721265367,0.1000773227,0,1
918,30600000000,1,0,-1.006798464,-0.1075789325,0.2288241333,0.987159375,-0.06903321986,0.1022707695,0.1014468955,0,1
919,30633333333,1,0,-1.007509018,-0.1100988338,0.2334119656,0.9865110716,-0.0701182772,0.1048401905,0.1043449435,0,1
920,30666666667,1,0,-1.005525795,-0.1072649655,0.2347063743,0.9863188833,-0.06965669172,0.1055956936,0.1057003082,0,1
921,30700000000,1,1,-1.002358539,-0.1110200456,0.2387153073,0.9855645292,-0.07329676138,0.1087320471,0.1070863464,0,1
922,30733333333,1,0,-1.00237884,-0.1122894717,0.2437139404,0.9847955052,-0.07538827229,0.1131837809,0.1080918735,0,1
923,30766666667,1,0,-1.001128405,-0.1121407501,0.2483620461,0.9841582371,-0.07624116124,0.1160998907,0.1101846858,0,1
924,30800000000,1,0,-0.9988234508,-0.1132432767,0.2532309546,0.9832196639,-0.07819987535,0.1192871586,0.1137297049,0,1
925,30833333333,1,0,-0.9981286775,-0.1170354737,0.259374914,0.9821235762,-0.0799381987,0.1229924051,0.1179662397,0,1
926,30866666667,1,0,-0.9954645056,-0.1156604232,0.2619498069,0.9817552021,-0.07926117201,0.1242208441,0.1201814113,0,1
927,30900000000,1,0,-0.9945120057,-0.118498754,0.2671912821,0.98093384,-0.08164841085,0.1269234674,0.1224449756,0,1
928,30933333333,1,0,-0.9898589248,-0.1217813143,0.271384199,0.9805287179,-0.0823066046,0.1272934322,0.1248416534,0,1
929,30966666667,1,0,-0.9879305306,-0.1190363238,0.2740124142,0.9805237602,-0.08097735753,0.1291184837,0.1238718712,0,1
930,31000000000,1,0,-0.9867976519,-0.1208699058,0.2795008994,0.9801127531,-0.08336611754,0.1315874509,0.1229382949,0,1
931,31033333333,1,0,-0.9845057393,-0.1230284171,0.2850544072,0.979806809,-0.08528185085,0.1331609018,0.122367468,0,1
932,31066666667,1,1,-0.9784246894,-0.125544288,0.2916740618,0.9795387169,-0.0873182871,0.133703721,0.1224856476,0,1
933,31100000000,1,0,-0.9752949001,-0.1284096769,0.2990718479,0.9792749411,-0.08880012593,0.1351148101,0.12197998,0,1
934,31133333333,1,0,-0.9743068077,-0.1296859327,0.3058201455,0.9791453658,-0.08921247864,0.1357471049,0.122017252,0,1
935,31166666667,1,0,-0.9720173645,-0.1301064982,0.312599132,0.9793537895,-0.09004926259,0.1339791398,0.1216835052,0,1
936,31200000000,1,0,-0.9694488127,-0.1322165873,0.3199753605,0.979387824,-0.09248309028,0.1329757483,0.1206806474,0,1
937,31233333333,1,0,-0.9667944321,-0.135301094,0.3276696432,0.9796490805,-0.09483461972,0.1312321565,0.1186262834,0,1
938,31266666667,1,0,-0.9631429441,-0.1347326409,0.3335827112,0.9802205721,-0.09589576157,0.1290063993,0.1154512098,0,1
939,31300000000,1,1,-0.9591967443,-0.1398044445,0.3414920535,0.9802607554,-0.1000564128,0.128088221,0.112565418,0,1
940,31333333333,1,0,-0.957150716,-0.1417011923,0.3493637604,0.9807055514,-0.1011643139,0.1278753403,0.1078438702,0,1
941,31366666667,1,0,-0.9557239959,-0.1403489007,0.3558936575,0.9811616556,-0.1017282704,0.1268214239,0.1043527239,0,1
942,31400000000,1,0,-0.9528566341,-0.1443330092,0.3648694113,0.9811562045,-0.1060212071,0.125752742,0.1013817241,0,1
943,31433333333,1,0,-0.9493744207,-0.1494789783,0.3735311739,0.9812212926,-0.1083821882,0.1250440325,0.09910633765,0,1
944,31466666667,1,0,-0.9476920592,-0.1497505762,0.380487184,0.9816090009,-0.1082462508,0.1246769744,0.09582364271,0,1
945,31500000000,1,1,-0.9467576021,-0.153754694,0.3879219971,0.981523305,-0.1114018318,0.1243241308,0.09351547494,0,1
946,31533333333,1,0,-0.9434341286,-0.1605062106,0.3966687612,0.9817429107,-0.1142768787,0.1215426306,0.09137308834,0,1
947,31566666667,1,0,-0.9423248599,-0.1585998343,0.4013342392,0.9827452303,-0.1117969509,0.1198459511,0.08573331919,0,1
948,31600000000,1,0,-0.9424100773,-0.1616436338,0.4085715042,0.9829425833,-0.1137455656,0.119490012,0.08128936805,0,1
949,31633333333,1,0,-0.9432299129,-0.164390147,0.4155925328,0.9833343026,-0.1144101457,0.1172435084,0.07885383662,0,1
950,31666666667,1,0,-0.9416167066,-0.1640893874,0.4205076422,0.9841893025,-0.1143786343,0.1126491098,0.07482728712,0,1
951,31700000000,1,0,-0.9407429004,-0.1662722164,0.4265146018,0.9847254977,-0.1159880091,0.1099519092,0.0690872896,0,1
952,31733333333,1,1,-0.944812715,-0.1694033222,0.4328874621,0.9849887654,-0.117208706,0.1092899534,0.06414793275,0,1
953,31766666667,1,0,-0.9469235853,-0.1693305993,0.4381973817,0.9858002623,-0.1166178445,0.1045419791,0.06057306167,0,1
954,31800000000,1,0,-0.9439008231,-0.172591979,0.4423815381,0.9866475284,-0.1190568341,0.09694518796,0.05434846396,0,1
955,31833333333,1,0,-0.9416784849,-0.1771596613,0.4489315227,0.9874148807,-0.1194280364,0.09236456196,0.0470912423,0,1
956,31866666667,1,0,-0.9444121754,-0.1738496346,0.4511681211,0.988548246,-0.1144333414,0.0901595279,0.0393527032,0,1
957,31900000000,1,0,-0.9442025519,-0.1749094285,0.4556194738,0.9891444112,-0.114792314,0.08527392462,0.03382922181,0,1
958,31933333333,1,1,-0.9415573602,-0.1770820215,0.4592189769,0.9897862625,-0.114491542,0.08032071249,0.02763013801,0,1
959,31966666667,1,0,-0.9445890205,-0.1739447636,0.4617845958,0.9904032719,-0.1114819651,0.07906224591,0.02054973605,0,1
960,32000000000,1,0,-0.9468905107,-0.1730719043,0.4654886302,0.990730502,-0.1117406224,0.07556859598,0.0160153996,0,1
961,32033333333,1,0,-0.9458770567,-0.1751777904,0.4700570075,0.9910858418,-0.1126150877,0.07011401152,0.01227687381,0,1
962,32066666667,1,0,-0.9474503681,-0.173669393,0.4726582835,0.991734881,-0.1100606406,0.06550229731,0.007617764145,0,1
963,32100000000,1,0,-0.9500211324,-0.1700493447,0.4741975179,0.9922990459,-0.1078785305,0.06075474929,0.003699540871,0,1
964,32133333333,1,1,-0.9543474302,-0.1719367207,0.4760459385,0.9924167168,-0.1096587522,0.05551742258,0.001354296206,0,1
965,32166666667,1,0,-0.9536986212,-0.1709703165,0.4773387174,0.9928619992,-0.1098727502,0.04639916131,0.0003837174225,0,1
966,32200000000,1,0,-0.9531100793,-0.1698651371,0.4789179202,0.9931371068,-0.1099903212,0.03971831371,-0.001808849858,0,1
967,32233333333,1,0,-0.9584707839,-0.167386325,0.4802993125,0.9932488171,-0.1102196572,0.03595028724,-0.003998915035,0,1
968,32266666667,1,0,-0.9572833076,-0.1670794996,0.4826456375,0.9932948312,-0.1124037496,0.02641857951,-0.005730097637,0,1
969,32300000000,1,0,-0.9565840872,-0.1672745686,0.4837976012,0.9932860229,-0.113370624,0.0203386074,-0.01078514587,0,1
970,32333333333,1,1,-0.9625690091,-0.1658358686,0.4847657551,0.9931503227,-0.1139380943,0.0181041288,-0.01851452564,0,1
971,32366666667,1,0,-0.9672479532,-0.1606644574,0.4849214683,0.9931980021,-0.1135122633,0.01333740574,-0.02224428919,0,1
972,32400000000,1,0,-0.9712759522,-0.1575113578,0.4866409191,0.9928739764,-0.1164562657,0.005685070235,-0.02463503781,0,1
973,32433333333,1,0,-0.9704721477,-0.163275318,0.4882846298,0.9919418339,-0.1233165857,-0.004244226816,-0.02874725044,0,1
974,32466666667,1,0,-0.9728269802,-0.163068373,0.4899630383,0.9916913907,-0.1232077476,-0.009337204108,-0.03578900831,0,1
975,32500000000,1,0,-0.9784510372,-0.1604839909,0.4908845877,0.9915214372,-0.1216518955,-0.01326535303,-0.04370453434,0,1
976,32533333333,1,1,-0.9855590177,-0.1620573467,0.4904869959,0.9909144875,-0.1231942273,-0.01891226792,-0.05053698675,0,1
977,32566666667,1,0,-0.9862745126,-0.1597210736,0.4896749658,0.9907059638,-0.1213769798,-0.02794462196,-0.05466644541,0,1
978,32600000000,1,0,-0.990714133,-0.1592752143,0.4913746283,0.9901805243,-0.1223969888,-0.0334660145,-0.05866457446,0,1
979,32633333333,1,0,-0.9951645831,-0.165687742,0.4924007771,0.9893965126,-0.1243998243,-0.04079448295,-0.06288906621,0,1
980,32666666667,1,0,-0.996500517,-0.1645768334,0.4922205986,0.9892946978,-0.1194915944,-0.04853925566,-0.06827664675,0,1
981,32700000000,1,0,-1.000580225,-0.165552638,0.4923582123,0.9889632287,-0.1166276582,-0.0538550041,-0.07381978185,0,1
982,32733333333,1,1,-1.005314843,-0.1627818436,0.4910489753,0.9889418789,-0.111346527,-0.05889025665,-0.07828057743,0,1
983,32766666667,1,0,-1.007827824,-0.1585204488,0.4909698037,0.9887423659,-0.1075659595,-0.06502862476,-0.08117497224,0,1
984,32800000000,1,0,-1.009419917,-0.1585562303,0.4918151408,0.987962184,-0.1079258291,-0.07186208111,-0.08437167601,0,1
985,32833333333,1,0,-1.0116744,-0.1605464548,0.4947222673,0.9873220807,-0.1074496026,-0.07719087971,-0.08769982889,0,1
986,32866666667,1,0,-1.013890945,-0.1560146414,0.4943119844,0.9869524806,-0.1027569904,-0.08205256792,-0.09291489715,0,1
987,32900000000,1,0,-1.018464786,-0.1541305815,0.4952456589,0.9861494525,-0.1027684312,-0.08621837018,-0.09754127112,0,1
988,32933333333,1,1,-1.023372075,-0.1559447653,0.496101485,0.9852373216,-0.1042157639,-0.091273826,-0.1005762568,0,1
989,32966666667,1,0,-1.027761449,-0.1552436102,0.4976812279,0.9844797409,-0.1039498689,-0.09621362548,-0.1036195093,0,1
990,33000000000,1,0,-1.032982252,-0.1541346453,0.4993451567,0.9834319444,-0.1038079549,-0.1025694869,-0.1075407812,0,1
991,33033333333,1,0,-1.033551457,-0.1547643034,0.5017722353,0.9817597833,-0.1046159071,-0.1114385131,-0.1130694371,0,1
992,33066666667,1,0,-1.036904185,-0.1547365068,0.5037647312,0.9802859686,-0.1049350349,-0.1161290962,-0.1205905931,0,1
993,33100000000,1,0,-1.045137303,-0.1528500046,0.504774684,0.9791035393,-0.1044511329,-0.1191407836,-0.1274821316,0,1
994,33133333333,1,1,-1.052566452,-0.1512074573,0.5062003081,0.9776173364,-0.1059591431,-0.1245395934,-0.1323891733,0,1
995,33166666667,1,0,-1.0572067,-0.1536720483,0.5106854884,0.9756715552,-0.1087367769,-0.1312515053,-0.1378926109,0,1
996,33200000000,1,0,-1.06637689,-0.1544189326,0.5118624038,0.9743206556,-0.1071723347,-0.1365534703,-0.1434102523,0,1
997,33233333333,1,0,-1.072214877,-0.1510281891,0.5117116012,0.9725277181,-0.1054421097,-0.1440434735,-0.1494097615,0,1
998,33266666667,1,0,-1.080025361,-0.1521397134,0.5141818399,0.9710067451,-0.1066282786,-0.1503910632,-0.1521802857,0,1
999,33300000000,1,0,-1.088027908,-0.1513178185,0.5147278048,0.9693811304,-0.1056486364,-0.1576718363,-0.1558145745,0,1
1000,33333333333,1,1,-1.098621406,-0.1465144638,0.5178134804,0.9673087203,-0.103702453,-0.1645737603,-0.1627117643,0,1
1001,33366666667,1,0,-1.104377485,-0.1471853866,0.5215913415,0.9648957477,-0.1030246261,-0.1730972448,-0.1685214123,0,1
1002,33400000000,1,0,-1.114989173,-0.144142663,0.5208524835,0.9629387972,-0.0998595559,-0.1794544146,-0.174851523,0,1
1003,33433333333,1,0,-1.119880377,-0.1445636054,0.5238213999,0.959751379,-0.09837312067,-0.1907212443,-0.1811778867,0,1
1004,33466666667,1,0,-1.127199262,-0.141617697,0.5217270999,0.9571058311,-0.09443544042,-0.1988976363,-0.1883350895,0,1
1005,33500000000,1,1,-1.139608866,-0.1412636312,0.5243527932,0.9545307585,-0.09337008313,-0.2047534596,-0.1955225803,0,1
1006,33533333333,1,0,-1.145039928,-0.1389167547,0.524736152,0.9523477926,-0.08671241091,-0.2127998123,-0.2005763687,0,1
1007,33566666667,1,0,-1.150660883,-0.1338263471,0.5234707807,0.9501190921,-0.08233527997,-0.2213238183,-0.203740963,0,1
1008,33600000000,1,0,-1.156531915,-0.1357782356,0.5249505177,0.9474213253,-0.08309328005,-0.2303795503,-0.2059456287,0,1
1009,33633333333,1,0,-1.16447464,-0.1365291686,0.5258138916,0.9451999076,-0.08079674139,-0.237662632,-0.2087713933,0,1
1010,33666666667,1,0,-1.167560002,-0.1393604621,0.5273687238,0.9422640965,-0.07767902811,-0.2474128083,-0.2118755374,0,1
1011,33700000000,1,1,-1.181246736,-0.138557779,0.5231886278,0.9416730527,-0.07364638645,-0.2480942224,-0.2151216595,0,1
1012,33733333333,1,0,-1.189270171,-0.1349451929,0.5206338203,0.9404990036,-0.06966726537,-0.2542542726,-0.2143895082,0,1
1013,33766666667,1,0,-1.192083303,-0.1364461643,0.5221727188,0.9380687326,-0.07011296991,-0.2646418713,-0.212310867,0,1
1014,33800000000,1,0,-1.198747139,-0.1355898549,0.5227212612,0.936173641,-0.06878686805,-0.2712245853,-0.2128015625,0,1
1015,33833333333,1,0,-1.20704849,-0.1359795812,0.5226642125,0.9335797687,-0.06763719781,-0.2784523912,-0.215216846,0,1
1016,33866666667,1,0,-1.207569646,-0.1371588671,0.5228444044,0.9303766545,-0.06646620174,-0.2882388326,-0.2165638478,0,1
1017,33900000000,1,1,-1.218851372,-0.1349491886,0.520264707,0.9298981321,-0.06782639872,-0.2893481217,-0.216718038,0,1
1018,33933333333,1,0,-1.224984184,-0.1326039926,0.5211197,0.927695116,-0.06906284387,-0.2960162359,-0.2167636582,0,1
1019,33966666667,1,0,-1.221124404,-0.1309598074,0.5246346938,0.9241692592,-0.07068103957,-0.3049324119,-0.2189328551,0,1
1020,34000000000,1,0,-1.226359529,-0.1282016986,0.527378935,0.921529006,-0.07529570595,-0.3062239369,-0.2265871759,0,1
1021,34033333333,1,0,-1.231474565,-0.1278990336,0.5308557478,0.918335234,-0.07889019227,-0.3085058491,-0.2350763209,0,1
1022,34066666667,1,0,-1.235768883,-0.1265728462,0.533156938,0.9151250488,-0.08048190469,-0.3106477025,-0.2440631333,0,1
1023,34100000000,1,1,-1.242560253,-0.124309903,0.5350780112,0.913099873,-0.08241489992,-0.3110998999,-0.250346277,0,1
1024,34133333333,1,0,-1.248194172,-0.1236114705,0.5375328331,0.9108819355,-0.08660237114,-0.3139595472,-0.2534236209,0,1
1025,34166666667,1,0,-1.250978817,-0.1230133814,0.5419586513,0.9075099823,-0.08868485331,-0.3203368126,-0.2567974988,0,1
1026,34200000000,1,0,-1.254311229,-0.1232666351,0.5452119561,0.9042550063,-0.0899482731,-0.3249331942,-0.2620126162,0,1
1027,34233333333,1,0,-1.260214404,-0.1221931324,0.5460991995,0.9014696613,-0.09074492673,-0.3293005592,-0.2658551293,0,1
1028,34266666667,1,0,-1.261534135,-0.1220429467,0.5483678668,0.8970766021,-0.0911775317,-0.3390853667,-0.2682561121,0,1
1029,34300000000,1,1,-1.26762421,-0.1192543508,0.5502860446,0.893793817,-0.09082801057,-0.3449330136,-0.2718530875,0,1
1030,34333333333,1,0,-1.270722492,-0.118030167,0.5522305818,0.8900434846,-0.09246172018,-0.3530645772,-0.2731644744,0,1
1031,34366666667,1,0,-1.273325718,-0.1181291751,0.5547232635,0.8853866716,-0.09392323017,-0.3625507899,-0.2753648368,0,1
1032,34400000000,1,0,-1.275195749,-0.1188469033,0.5564363451,0.8807704131,-0.09559531295,-0.3707563738,-0.2786480339,0,1
1033,34433333333,1,0,-1.279101159,-0.1187778767,0.5582140255,0.8758040564,-0.09616737371,-0.3787949049,-0.2832552048,0,1
1034,34466666667,1,0,-1.281259937,-0.1183191371,0.5594656528,0.8705757313,-0.09394300103,-0.3874364482,-0.2883844781,0,1
1035,34500000000,1,1,-1.279475584,-0.1197652882,0.5603271165,0.8653806431,-0.09540363321,-0.3972286774,-0.2902134857,0,1
1036,34533333333,1,0,-1.284075711,-0.1188073051,0.5619394509,0.8599936503,-0.09808500379,-0.405158241,-0.2943417286,0,1
1037,34566666667,1,0,-1.286803434,-0.1187146837,0.5628826909,0.8534089709,-0.09520075999,-0.4140568993,-0.3019715679,0,1
1038,34600000000,1,0,-1.287131434,-0.1191551155,0.5625534138,0.8472703219,-0.09393426352,-0.4222382613,-0.3082599658,0,1
1039,34633333333,1,0,-1.289676009,-0.1174884334,0.5638297276,0.8419975563,-0.09326210039,-0.4295094004,-0.3128321768,0,1
1040,34666666667,1,0,-1.291744479,-0.1154401345,0.564092335,0.8374360343,-0.08871372507,-0.4375407906,-0.3152599245,0,1
1041,34700000000,1,1,-1.292227665,-0.11602775,0.5630800099,0.8322551884,-0.08630512955,-0.4458426881,-0.3180047538,0,1
1042,34733333333,1,0,-1.294514661,-0.1157130896,0.5637088485,0.8273298543,-0.08559883181,-0.4542292686,-0.3191769473,0,1
1043,34766666667,1,0,-1.295346506,-0.1162652642,0.5633121514,0.8224862893,-0.08126556308,-0.4613193057,-0.3226402182,0,1
1044,34800000000,1,0,-1.293815158,-0.1165046808,0.5623398971,0.8181462294,-0.07881265813,-0.4687160517,-0.3236210363,0,1
1045,34833333333,1,0,-1.295969394,-0.1167539996,0.5621211901,0.8132267283,-0.07589694872,-0.4749022732,-0.327673271,0,1
1046,34866666667,1,0,-1.297246484,-0.1160395643,0.561478374,0.8094484131,-0.07087932816,-0.4788304325,-0.3324015707,0,1
1047,34900000000,1,1,-1.303782075,-0.1196073647,0.5576281188,0.8048492806,-0.06762298728,-0.4819474463,-0.3396636957,0,1
1048,34933333333,1,0,-1.30172353,-0.120715363,0.5558396556,0.8008304963,-0.06366077506,-0.4885596384,-0.3404809858,0,1
1049,34966666667,1,0,-1.301433855,-0.1209131286,0.5557381692,0.7968911999,-0.06235812158,-0.4947968893,-0.3409573559,0,1
1050,35000000000,1,0,-1.303548216,-0.1201709373,0.5550461708,0.7934524381,-0.05794168725,-0.4996813564,-0.3426288538,0,1
1051,35033333333,1,0,-1.301453552,-0.1229589184,0.553897713,0.7892604251,-0.05478084986,-0.5050595383,-0.3449375344,0,1
1052,35066666667,1,0,-1.301612622,-0.124324037,0.5533024918,0.7860863681,-0.05548466412,-0.5078212467,-0.3480046773,0,1
1053,35100000000,1,1,-1.303897681,-0.1274685606,0.5506939703,0.7839529955,-0.05603171114,-0.5077760993,-0.3527627831,0,1
1054,35133333333,1,0,-1.302175954,-0.1282709189,0.5500894338,0.781941535,-0.05482352517,-0.5091924901,-0.3553657622,0,1
1055,35166666667,1,0,-1.301955729,-0.1278484737,0.5493638734,0.780950055,-0.05614505875,-0.5095595829,-0.3568105597,0,1
1056,35200000000,1,0,-1.303363033,-0.1259359394,0.5496609878,0.780452929,-0.05478634184,-0.510690295,-0.3564927839,0,1
1057,35233333333,1,0,-1.302294781,-0.1292746473,0.5477627186,0.779411,-0.05435250682,-0.5097430679,-0.3601753778,0,1
1058,35266666667,1,0,-1.301430051,-0.1280505734,0.5470317277,0.7824599823,-0.05666182602,-0.5059613221,-0.3585372423,0,1
1059,35300000000,1,0,-1.301146115,-0.1239816659,0.5471539089,0.7860334985,-0.05518221977,-0.5057212264,-0.3512154652,0,1
1060,35333333333,1,0,-1.298721862,-0.1276833643,0.5446366536,0.7869065378,-0.05815328522,-0.5056282791,-0.3489073509,0,1
1061,35366666667,1,1,-1.300452728,-0.1232243252,0.537209592,0.7924497416,-0.0594985464,-0.5001352356,-0.3440175519,0,1
1062,35400000000,1,0,-1.298964022,-0.1235429965,0.5370036601,0.7939634107,-0.06044176863,-0.5010633397,-0.3389755516,0,1
1063,35433333333,1,0,-1.297505627,-0.1229156843,0.5359878785,0.7949195929,-0.05921672255,-0.5028708953,-0.3342410557,0,1
1064,35466666667,1,0,-1.297403295,-0.1231503295,0.5324083306,0.7965923356,-0.05805741733,-0.5010990084,-0.3331212557,0,1
1065,35500000000,1,0,-1.295320856,-0.1196088674,0.5314251692,0.7992935283,-0.05570444791,-0.5020199652,-0.3255807499,0,1
1066,35533333333,1,0,-1.294437503,-0.1226303927,0.5286015963,0.7977188406,-0.05706568659,-0.5051004711,-0.3244405538,0,1
1067,35566666667,1,1,-1.294358579,-0.1188916325,0.5198990661,0.8012956839,-0.05654876092,-0.5011780204,-0.3217888384,0,1
1068,35600000000,1,0,-1.292738555,-0.1143296907,0.5184369382,0.8028155839,-0.05671299989,-0.5041182171,-0.3132660166,0,1
1069,35633333333,1,0,-1.29203157,-0.1181185714,0.5134194702,0.8009591462,-0.06070897878,-0.5065698005,-0.3133143839,0,1
1070,35666666667,1,0,-1.293028618,-0.1091249099,0.5055996206,0.8029114353,-0.05524400166,-0.5057212618,-0.3106884818,0,1
1071,35700000000,1,0,-1.289307944,-0.1133493637,0.4983485832,0.8011803416,-0.05568553396,-0.5069412373,-0.3130810812,0,1
1072,35733333333,1,0,-1.289579085,-0.1088951778,0.4920815573,0.802430915,-0.05672202539,-0.505657146,-0.3117660807,0,1
1073,35766666667,1,1,-1.292350404,-0.1051904768,0.4826226018,0.8037042729,-0.05616549763,-0.5030664428,-0.3127763301,0,1
1074,35800000000,1,0,-1.289504412,-0.1043750863,0.4757258493,0.8039042649,-0.05693815157,-0.5025918679,-0.3128855927,0,1
1075,35833333333,1,0,-1.287228357,-0.1001416846,0.4703693609,0.8045228613,-0.05814346927,-0.5029689525,-0.3104585889,0,1
1076,35866666667,1,0,-1.287176656,-0.09911252387,0.4643556445,0.8039913017,-0.0594594699,-0.5029333337,-0.3116418139,0,1
1077,35900000000,1,0,-1.283712822,-0.09771302668,0.4580394138,0.804109306,-0.05868557672,-0.5017505835,-0.3133856712,0,1
1078,35933333333,1,0,-1.283033646,-0.09393451307,0.4529549745,0.8056663351,-0.0590805924,-0.500110732,-0.311930274,0,1
1079,35966666667,1,1,-1.278879673,-0.0893688069,0.4435260155,0.8077368214,-0.05750071665,-0.4981349833,-0.3100265042,0,1
1080,36000000000,1,0,-1.276566731,-0.08801648643,0.4387017307,0.8090608892,-0.0578839749,-0.4960335312,-0.3098720041,0,1
1081,36033333333,1,0,-1.27566124,-0.08641570672,0.4328530597,0.8118385896,-0.05721152247,-0.4923529172,-0.3085993376,0,1
1082,36066666667,1,0,-1.271583787,-0.08569338054,0.4260628048,0.8151523832,-0.05710703316,-0.4888380748,-0.3054549322,0,1
1083,36100000000,1,0,-1.269719673,-0.08514880488,0.4206624665,0.8181474877,-0.05791279648,-0.4855066346,-0.3025956117,0,1
1084,36133333333,1,0,-1.269153541,-0.08355374757,0.4146847432,0.822042029,-0.05641702761,-0.4812361415,-0.2991250534,0,1
1085,36166666667,1,1,-1.261891782,-0.08213072131,0.4048107314,0.8256698286,-0.05293784033,-0.4778196031,-0.2952208428,0,1
1086,36200000000,1,0,-1.260027232,-0.07968997477,0.3992572747,0.8295910531,-0.05214149376,-0.4744196672,-0.2898032586,0,1
1087,36233333333,1,0,-1.263597624,-0.07810405761,0.3971940393,0.8315610732,-0.04858791705,-0.4733150046,-0.2865629115,0,1
1088,36266666667,1,0,-1.251946794,-0.08008919397,0.3857496296,0.8344185222,-0.04266615351,-0.4729585755,-0.2797061224,0,1
1089,36300000000,1,0,-1.246884018,-0.07899043122,0.3791593638,0.8384606094,-0.04215222004,-0.4686123993,-0.274971664,0,1
1090,36333333333,1,0,-1.242915945,-0.07822345151,0.3738220914,0.8418843133,-0.04087704619,-0.4672577704,-0.2668895768,0,1
1091,36366666667,1,1,-1.232613654,-0.07833523416,0.3640016985,0.8440595279,-0.04106283323,-0.4652838252,-0.2634166263,0,1
1092,36400000000,1,0,-1.232898584,-0.07747460587,0.3606009381,0.8466473119,-0.04086178174,-0.4618912968,-0.2611035694,0,1
1093,36433333333,1,0,-1.228257668,-0.07702844465,0.3546799621,0.8484604472,-0.03812511788,-0.4595475055,-0.2597641913,0,1
1094,36466666667,1,0,-1.222435075,-0.07671223434,0.3488935733,0.8508557097,-0.03581146808,-0.4567012397,-0.2572665499,0,1
1095,36500000000,1,0,-1.22134396,-0.07506232288,0.3454271144,0.8534042864,-0.03541327514,-0.453637766,-0.2542829156,0,1
1096,36533333333,1,0,-1.216265843,-0.0757530304,0.3409699307,0.8550866481,-0.03255900644,-0.452572318,-0.2508884858,0,1
1097,36566666667,1,1,-1.214208115,-0.07397353178,0.3359336113,0.8579407719,-0.03169615581,-0.448652502,-0.2482819325,0,1
1098,36600000000,1,0,-1.218863937,-0.0733686224,0.3337242739,0.8600036444,-0.02848833487,-0.4460542785,-0.2462066754,0,1
1099,36633333333,1,0,-1.20773037,-0.07415751607,0.3264313654,0.8617912107,-0.02532897042,-0.445980257,-0.2403663095,0,1
1100,36666666667,1,0,-1.210007707,-0.07262608177,0.3249153794,0.8640307781,-0.02596071494,-0.444145532,-0.2356090029,0,1
1101,36700000000,1,0,-1.208699728,-0.07357274403,0.3204824015,0.8648107794,-0.0230255125,-0.4444052424,-0.2325427321,0,1
1102,36733333333,1,0,-1.202575024,-0.07367168327,0.3140143993,0.8661218948,-0.01991337809,-0.443399255,-0.2298552183,0,1
1103,36766666667,1,0,-1.200418901,-0.07212632453,0.3099989567,0.8673698188,-0.01932808892,-0.4423517583,-0.2272024304,0,1
1104,36800000000,1,0,-1.198145944,-0.07198417717,0.3054955494,0.8681142704,-0.01872508639,-0.4417112313,-0.2256505548,0,1
1105,36833333333,1,0,-1.193137558,-0.07108393601,0.3006387381,0.868869791,-0.01807090131,-0.4402666263,-0.2256192071,0,1
1106,36866666667,1,0,-1.195586923,-0.06941709352,0.2986565114,0.8702017646,-0.01770405353,-0.4374478634,-0.2259973942,0,1
1107,36900000000,1,1,-1.189888867,-0.06754283924,0.2922042346,0.8709847558,-0.01617237786,-0.4368110356,-0.2243214847,0,1
1108,36933333333,1,0,-1.188787899,-0.06615330089,0.2900300845,0.8722276869,-0.01842250608,-0.4344991723,-0.2238078256,0,1
1109,36966666667,1,0,-1.19105265,-0.06571503468,0.2878071448,0.8737741226,-0.0175093064,-0.4308125325,-0.2249728177,0,1
1110,37000000000,1,0,-1.186659296,-0.06412751348,0.2828688773,0.8757569693,-0.01630896594,-0.4278028172,-0.223088543,0,1
1111,37033333333,1,0,-1.186477978,-0.06249662816,0.2801031618,0.8781130698,-0.01937079259,-0.4247842069,-0.2193184592,0,1
1112,37066666667,1,0,-1.19042881,-0.06171792524,0.2778262047,0.8799676312,-0.02076490254,-0.422112016,-0.2169037407,0,1
1113,37100000000,1,0,-1.188294752,-0.05952412863,0.2730665872,0.8817965195,-0.01902886795,-0.4188802116,-0.2158985151,0,1
1114,37133333333,1,0,-1.190202007,-0.05890808789,0.2699337805,0.8839785048,-0.01975554162,-0.4148325639,-0.2147222986,0,1
1115,37166666667,1,1,-1.192075563,-0.05609342447,0.2655008103,0.8858171423,-0.01967266626,-0.4122902873,-0.2120322983,0,1
1116,37200000000,1,0,-1.191826183,-0.05396057379,0.2600901421,0.8876511185,-0.02154326261,-0.410155371,-0.2082881446,0,1
1117,37233333333,1,0,-1.194848995,-0.05244287651,0.2567381491,0.8894074747,-0.02219647519,-0.4061649937,-0.2085465373,0,1
1118,37266666667,1,0,-1.199873932,-0.05037004957,0.2522356468,0.8918826704,-0.02003385976,-0.4007985181,-0.2085773106,0,1
1119,37300000000,1,0,-1.198462402,-0.04721723583,0.2450840017,0.8939158433,-0.01910710572,-0.3981943876,-0.204916113,0,1
1120,37333333333,1,0,-1.199864837,-0.04402877384,0.2378991007,0.8965203641,-0.0227348797,-0.3954257282,-0.1984259445,0,1
1121,37366666667,1,1,-1.204471791,-0.03998924371,0.2325371298,0.8985621603,-0.02573306536,-0.3927514832,-0.1940879332,0,1
1122,37400000000,1,0,-1.206461156,-0.03802961251,0.2274008651,0.9004885805,-0.02655119883,-0.3897323822,-0.191112586,0,1
1123,37433333333,1,0,-1.208544622,-0.03304554233,0.2196650565,0.9029824512,-0.02604971696,-0.3856229642,-0.187720629,0,1
1124,37466666667,1,0,-1.210230874,-0.0281135112,0.2120372997,0.9049912456,-0.02663953494,-0.3821778611,-0.1849899001,0,1
1125,37500000000,1,0,-1.215122066,-0.02522441445,0.2059327823,0.9067439962,-0.02638287018,-0.3783642013,-0.1842818512,0,1
1126,37533333333,1,0,-1.214744345,-0.02045494288,0.1973459335,0.9092320118,-0.02503650821,-0.3736911436,-0.1817285096,0,1
1127,37566666667,1,1,-1.218850929,-0.01522257747,0.1886808442,0.9111402885,-0.02605856089,-0.3698730941,-0.1798283078,0,1
1128,37600000000,1,0,-1.220069192,-0.01118285179,0.1804558517,0.9126424687,-0.02779092426,-0.3669751071,-0.1778782159,0,1
1129,37633333333,1,0,-1.226257872,-0.008960143783,0.174018782,0.9143307501,-0.02848870674,-0.362661113,-0.1779454698,0,1
1130,37666666667,1,0,-1.228466752,-0.004935717529,0.1638797725,0.9156436556,-0.0270950902,-0.3596772411,-0.1774678403,0,1
1131,37700000000,1,0,-1.233123318,-0.0008322551891,0.1549314505,0.9167155532,-0.02731006236,-0.3573573905,-0.1765855331,0,1
1132,37733333333,1,0,-1.23818967,0.0004724337956,0.1492545762,0.9173784646,-0.02646777389,-0.3558630648,-0.1762886518,0,1
1133,37766666667,1,1,-1.2409945,0.002020820475,0.1409325225,0.9183528351,-0.02328328338,-0.3543388462,-0.1747281917,0,1
1134,37800000000,1,0,-1.241422371,0.006324287574,0.1294279993,0.9193925524,-0.02203067778,-0.3530530675,-0.1720044049,0,1
1135,37833333333,1,0,-1.246985104,0.00834760578,0.122618106,0.9202722763,-0.02403961927,-0.3526487306,-0.1678091387,0,1
1136,37866666667,1,0,-1.246075062,0.009301123545,0.1141622273,0.9204673715,-0.02355613418,-0.3530358861,-0.1659837029,0,1
1137,37900000000,1,0,-1.247861906,0.01228219623,0.1068550531,0.9215375575,-0.02318593302,-0.3501590941,-0.16619131,0,1
1138,37933333333,1,0,-1.251375104,0.01442817905,0.09198780751,0.9229478242,-0.02048895244,-0.3473562985,-0.1645937985,0,1
1139,37966666667,1,1,-1.253448725,0.01616697276,0.08430832639,0.9243706924,-0.02016462306,-0.3435814118,-0.164572247,0,1
1140,38000000000,1,0,-1.255709527,0.01766095861,0.07693204935,0.9258729906,-0.01976581341,-0.3401800801,-0.1632361203,0,1
1141,38033333333,1,0,-1.255579962,0.02078235352,0.06748558354,0.9274298402,-0.01992658444,-0.3371340276,-0.1606781574,0,1
1142,38066666667,1,0,-1.255997038,0.02266500994,0.06033220814,0.9291222672,-0.02140156572,-0.3333064038,-0.1586840472,0,1
1143,38100000000,1,0,-1.259957398,0.0244337258,0.05535341603,0.9311759537,-0.02167471181,-0.3279695604,-0.1577260842,0,1
1144,38133333333,1,0,-1.261540006,0.02840825029,0.04577134606,0.9328653841,-0.01988098428,-0.323819017,-0.1565508411,0,1
1145,38166666667,1,1,-1.262217292,0.03503025818,0.03377768682,0.9349810178,-0.01970864349,-0.3182199751,-0.1554288043,0,1
1146,38200000000,1,0,-1.268835336,0.03657079888,0.02916029737,0.9370085105,-0.02144994881,-0.3128128116,-0.1539580976,0,1
1147,38233333333,1,0,-1.26913982,0.0411064116,0.01790728459,0.9386560183,-0.01924199244,-0.308738908,-0.1524300222,0,1
1148,38266666667,1,0,-1.269531328,0.04690964136,0.006712469591,0.9406270632,-0.01953404314,-0.3033919335,-0.1509717984,0,1
1149,38300000000,1,0,-1.275874964,0.04925917022,6.802273567e-05,0.9422537053,-0.01992448891,-0.2989892993,-0.1495538982,0,1
1150,38333333333,1,0,-1.275266719,0.05396521121,-0.01151576792,0.9436093735,-0.01713635176,-0.2951969236,-0.1488840895,0,1
1151,38366666667,1,1,-1.283130136,0.06138622872,-0.02218405829,0.9459830871,-0.01480304813,-0.2884699995,-0.1472478459,0,1
1152,38400000000,1,0,-1.286065106,0.06548148524,-0.03533602879,0.9476204814,-0.01377414084,-0.285917441,-0.1416930246,0,1
1153,38433333333,1,0,-1.287703291,0.07284486113,-0.04819963915,0.9490488244,-0.01415979487,-0.2832266481,-0.1374354207,0,1
1154,38466666667,1,0,-1.293648449,0.07618050767,-0.05479097005,0.949931748,-0.01456478208,-0.2810764783,-0.1356965536,0,1
1155,38500000000,1,0,-1.295076896,0.08340175465,-0.0664490888,0.9510772222,-0.01242820581,-0.2779890052,-0.134237737,0,1
1156,38533333333,1,0,-1.300385382,0.08954216251,-0.07979819726,0.9523387568,-0.01379579171,-0.2747950963,-0.1317126551,0,1
1157,38566666667,1,1,-1.306543979,0.09610242665,-0.08892300787,0.9531308414,-0.01510832311,-0.2729302245,-0.1297013119,0,1
1158,38600000000,1,0,-1.308897807,0.1000384232,-0.09380459907,0.9540751237,-0.01471023096,-0.2698598094,-0.129228289,0,1
1159,38633333333,1,0,-1.313681854,0.1037562483,-0.1036624034,0.9553468227,-0.01402687373,-0.2654998417,-0.1289400221,0,1
1160,38666666667,1,0,-1.317311783,0.1086269199,-0.1133037218,0.9563635095,-0.01387230831,-0.2628366897,-0.1268592581,0,1
1161,38700000000,1,0,-1.320078768,0.1112622463,-0.1195923341,0.9573835962,-0.0142308237,-0.2602725893,-0.1243877511,0,1
1162,38733333333,1,0,-1.323446387,0.1138210288,-0.1247050131,0.9586667299,-0.01365618529,-0.25657662,-0.1222294873,0,1
1163,38766666667,1,1,-1.328214601,0.1180312329,-0.1342749674,0.9602750427,-0.01242711533,-0.2521731386,-0.1188533434,0,1
1164,38800000000,1,0,-1.330789506,0.1221265263,-0.1429533159,0.9618503072,-0.01345750412,-0.2483971628,-0.1138496012,0,1
1165,38833333333,1,0,-1.333875961,0.1237232273,-0.1453796193,0.9633017829,-0.0149060072,-0.2446159301,-0.1095012912,0,1
1166,38866666667,1,0,-1.337205514,0.1253654805,-0.1482240397,0.9648967744,-0.01446678512,-0.2395909064,-0.1065885754,0,1
1167,38900000000,1,0,-1.340899461,0.1285980399,-0.1543785479,0.9666065043,-0.01309595016,-0.2335934805,-0.1045679097,0,1
1168,38933333333,1,0,-1.346744785,0.1314257321,-0.1604545078,0.968151865,-0.01410432852,-0.2288187019,-0.1006232372,0,1
1169,38966666667,1,1,-1.350721495,0.1336380478,-0.1632974221,0.9692187693,-0.0145066456,-0.2259641898,-0.09666808915,0,1
1170,39000000000,1,0,-1.353228868,0.1352879581,-0.1659690827,0.9704465268,-0.0140283939,-0.2210636075,-0.09574771113,0,1
1171,39033333333,1,0,-1.359216304,0.1374493829,-0.172106719,0.9719139644,-0.01244066677,-0.2149084308,-0.09509385906,0,1
1172,39066666667,1,0,-1.363211215,0.1405510356,-0.1790324751,0.9730836914,-0.01146987288,-0.2105471708,-0.09298634492,0,1
1173,39100000000,1,0,-1.367880057,0.142745064,-0.1821463646,0.9743959864,-0.01160114312,-0.2053965746,-0.09072002127,0,1
1174,39133333333,1,0,-1.374740949,0.1418966132,-0.1840893127,0.9757071362,-0.01092707127,-0.200098836,-0.0885247952,0,1
1175,39166666667,1,1,-1.37933978,0.1441421625,-0.1914542461,0.9769637941,-0.009201853003,-0.1953135241,-0.0854967737,0,1
1176,39200000000,1,0,-1.3852355,0.1463693706,-0.1961401702,0.9782584121,-0.008622207892,-0.1902699183,-0.08205787488,0,1
1177,39233333333,1,0,-1.392929477,0.1464746474,-0.1978672222,0.9795542493,-0.00811408148,-0.1852137331,-0.07812494698,0,1
1178,39266666667,1,0,-1.399172904,0.1493195345,-0.2027636142,0.9808009811,-0.005759494411,-0.1801883084,-0.07435346061,0,1
1179,39300000000,1,0,-1.406130947,0.1504671173,-0.204478188,0.9819080425,-0.003757343554,-0.1748237322,-0.07265769852,0,1
1180,39333333333,1,0,-1.413964351,0.1492209677,-0.2057256334,0.9831770095,-0.0008370444447,-0.168925452,-0.06947272143,0,1
1181,39366666667,1,1,-1.420002626,0.15307168,-0.2156197253,0.9843592648,0.003223059956,-0.1636059038,-0.06526528849,0,1
1182,39400000000,1,0,-1.426899623,0.1556570255,-0.2216597426,0.9855950185,0.003313508447,-0.1585390351,-0.05879502081,0,1
1183,39433333333,1,0,-1.435133429,0.1572391992,-0.224191442,0.9866070328,0.003334727335,-0.1540967872,-0.05338185672,0,1
1184,39466666667,1,0,-1.440507974,0.1608952984,-0.2326641346,0.9875146943,0.003300921949,-0.149623041,-0.04916073775,0,1
1185,39500000000,1,0,-1.449045102,0.1633691338,-0.2375688901,0.9885055059,0.0001814933679,-0.1447024409,-0.04379538101,0,1
1186,39533333333,1,0,-1.458460956,0.1639186562,-0.2352255637,0.9891405485,-0.001175139508,-0.1413842731,-0.04012582177,0,1
1187,39566666667,1,1,-1.461893796,0.1686101296,-0.2431768524,0.9896662243,0.0002484549881,-0.1376444944,-0.04018327818,0,1
1188,39600000000,1,0,-1.47097881,0.169135656,-0.2479002302,0.9904986484,-0.002682165045,-0.1322802488,-0.03751225546,0,1
1189,39633333333,1,0,-1.47986884,0.1675653386,-0.2507219069,0.9908878869,-0.005195843415,-0.1305227537,-0.03283305505,0,1
1190,39666666667,1,0,-1.484792135,0.1714271036,-0.2549407476,0.9911903919,-0.005411621101,-0.1286456537,-0.03102607069,0,1
1191,39700000000,1,0,-1.493165713,0.1703598071,-0.2545853044,0.9917086156,-0.007065921265,-0.1247685982,-0.02994814612,0,1
1192,39733333333,1,0,-1.501253572,0.1682307532,-0.2572198812,0.9920324101,-0.006866941157,-0.1224900222,-0.02864850716,0,1
1193,39766666667,1,1,-1.508031916,0.1718406893,-0.2662325455,0.9923855114,-0.006312020833,-0.1200679615,-0.02673648788,0,1
1194,39800000000,1,0,-1.515195773,0.1707400651,-0.2655738722,0.992729526,-0.008112506594,-0.117631687,-0.02418804969,0,1
1195,39833333333,1,0,-1.522395095,0.1691647562,-0.2676805737,0.9931085116,-0.006791492274,-0.1145969211,-0.0235988432,0,1
1196,39866666667,1,0,-1.529030231,0.1711722901,-0.2750575465,0.9935015708,-0.005399081847,-0.1114235044,-0.02258940967,0,1
1197,39900000000,1,0,-1.53645867,0.1722801425,-0.2776003979,0.9939287163,-0.006612089018,-0.1080554671,-0.01964696493,0,1
1198,39933333333,1,0,-1.544980512,0.1715491248,-0.2770220646,0.9942959537,-0.007408694794,-0.1050832434,-0.01667872129,0,1
1199,39966666667,1,1,-1.548968026,0.1732850231,-0.2777550983,0.994608634,-0.006770090767,-0.1022080821,-0.01616598207,0,1
1200,40000000000,1,0,-1.558193762,0.1733351322,-0.2800931552,0.9951793056,-0.006913001399,-0.09666581478,-0.01503597162,0,1
1201,40033333333,1,0,-1.566786505,0.1717015007,-0.2831704261,0.9955364709,-0.007392189012,-0.09324557944,-0.01255996041,0,1
1202,40066666667,1,0,-1.574833473,0.1753719864,-0.2859816822,0.99590735,-0.006911121307,-0.08956790268,-0.00991854073,0,1
1203,40100000000,1,0,-1.580993485,0.174265064,-0.2814414431,0.9963159172,-0.006163123212,-0.08497751562,-0.009768877869,0,1
1204,40133333333,1,0,-1.591420827,0.1748164046,-0.2867553224,0.9968631137,-0.00405752523,-0.07870331752,-0.007297726065,0,1
1205,40166666667,1,1,-1.603451515,0.175511992,-0.2882176642,0.9972914873,-0.002290039933,-0.07338797618,-0.004318568433,0,1
1206,40200000000,1,0,-1.611736435,0.17550072,-0.2871323354,0.9976851322,0.0006900921222,-0.06798713482,-0.001284660792,0,1
1207,40233333333,1,0,-1.621959325,0.1748987529,-0.2896346531,0.9981230838,0.005718644729,-0.0609650078,0.0009351073328,0,1
1208,40266666667,1,0,-1.631697056,0.1760025158,-0.297748196,0.9984385205,0.009349525761,-0.05465236042,0.006799017912,0,1
1209,40300000000,1,0,-1.642495706,0.1745448455,-0.2974545376,0.9986325413,0.01162188603,-0.04908812067,0.01372354104,0,1
1210,40333333333,1,0,-1.651801676,0.1741574053,-0.3036279062,0.9987222959,0.01539742739,-0.04403257189,0.01943778389,0,1
1211,40366666667,1,1,-1.664391536,0.1745650616,-0.3108233577,0.9987999157,0.01727218451,-0.03857699664,0.02474298691,0,1
1212,40400000000,1,0,-1.675066298,0.1760635501,-0.3156995354,0.9987825267,0.01802296146,-0.03490373199,0.02983901279,0,1
1213,40433333333,1,0,-1.694629288,0.178605442,-0.3177245646,0.9990883199,0.02016703315,-0.02589655932,0.02729813235,0,1
1214,40466666667,1,0,-1.704822159,0.1792802359,-0.3202825996,0.9992882022,0.02048502087,-0.01990632685,0.02464124718,0,1
1215,40500000000,1,0,-1.716496352,0.1769565188,-0.3198841571,0.9993625899,0.02063313594,-0.01517278651,0.02486913982,0,1
1216,40533333333,1,0,-1.726691165,0.1791309436,-0.3256848975,0.9993334747,0.02122841191,-0.01236797295,0.0269998923,0,1
1217,40566666667,1,1,-1.736761001,0.1793543416,-0.3262585045,0.999319495,0.01968670821,-0.008714531993,0.02995058174,0,1
1218,40600000000,1,0,-1.745911386,0.1776494111,-0.3258134975,0.9992690071,0.01920440583,-0.004976649774,0.03267835912,0,1
1219,40633333333,1,0,-1.754161331,0.180859722,-0.3267129969,0.9992681236,0.01883525646,-0.0009020910758,0.03328117423,0,1
1220,40666666667,1,0,-1.763122999,0.1780143933,-0.3227908385,0.9992832571,0.0170755518,0.004920903725,0.03342427687,0,1
1221,40700000000,1,0,-1.774698119,0.1762945267,-0.322090985,0.9991980394,0.01748308666,0.009797766966,0.03466444263,0,1
1222,40733333333,1,0,-1.784380974,0.1745451813,-0.3213040234,0.9991209359,0.01768745229,0.01307514496,0.0356868321,0,1
1223,40766666667,1,1,-1.794217591,0.1720633036,-0.3170128705,0.9990048798,0.01865015917,0.01718147191,0.03669085352,0,1
1224,40800000000,1,0,-1.804003801,0.1695801401,-0.3158767483,0.9988663252,0.02079025735,0.02104514859,0.03729519081,0,1
1225,40833333333,1,0,-1.813740207,0.1686016434,-0.3157313141,0.9987427641,0.02237607922,0.02475811484,0.03740639045,0,1
1226,40866666667,1,0,-1.823572183,0.1657266786,-0.3127355558,0.9985531887,0.0230444154,0.02910777184,0.03890015256,0,1
1227,40900000000,1,0,-1.83295168,0.164301871,-0.3106832138,0.998347707,0.02419331089,0.0330072587,0.04033683856,0,1
1228,40933333333,1,0,-1.841528907,0.1612902036,-0.3065378104,0.998137803,0.02443260735,0.03800300875,0.040984695,0,1
1229,40966666667,1,0,-1.852732788,0.1579400313,-0.2996610173,0.9978386459,0.02552841085,0.04328008934,0.04234584757,0,1
1230,41000000000,1,1,-1.862550165,0.1537485377,-0.2982848549,0.9975268199,0.02706250455,0.04774602781,0.04391105999,0,1
1231,41033333333,1,0,-1.871838087,0.1506695843,-0.2922180211,0.9971744394,0.02867936749,0.05277848746,0.04511166855,0,1
1232,41066666667,1,0,-1.878834129,0.1441193852,-0.2869288245,0.9966699033,0.03112198837,0.05816347014,0.04793262478,0,1
1233,41100000000,1,0,-1.890111288,0.1423860977,-0.2882635804,0.9960184413,0.03332009135,0.06325119969,0.05325712966,0,1
1234,41133333333,1,0,-1.89818001,0.1369536439,-0.2808725834,0.9953240043,0.03345245776,0.06673136598,0.06130240096,0,1
1235,41166666667,1,0,-1.902929643,0.1323521261,-0.2728350526,0.9947136498,0.03612339788,0.07102105789,0.06477549226,0,1
1236,41200000000,1,1,-1.911857277,0.1262291613,-0.2775073226,0.9939461423,0.03736861122,0.0770452805,0.06883805523,0,1
1237,41233333333,1,0,-1.920167001,0.1177811779,-0.2713268843,0.9932154807,0.03766926233,0.08129870096,0.07412527833,0,1
1238,41266666667,1,0,-1.925240527,0.1116592548,-0.2669377929,0.9926134048,0.04116449175,0.08442090882,0.07679338059,0,1
1239,41300000000,1,0,-1.932593232,0.1078234953,-0.2664350989,0.9919459821,0.04341243525,0.08971994965,0.07815919427,0,1
1240,41333333333,1,0,-1.942380739,0.1001357604,-0.2642174069,0.9911461173,0.04382883505,0.09446401956,0.08237084681,0,1
1241,41366666667,1,0,-1.949267401,0.09315744153,-0.2605757793,0.9905223736,0.0454604311,0.09692289818,0.0860507313,0,1
1242,41400000000,1,1,-1.950698004,0.09209430927,-0.2582282807,0.9900701462,0.04761517221,0.09982054698,0.08677418562,0,1
1243,41433333333,1,0,-1.958479964,0.08320127671,-0.2554355348,0.9892131257,0.04728505568,0.1060148516,0.08934409151,0,1
1244,41466666667,1,0,-1.965908023,0.07524697951,-0.252191778,0.9883880131,0.04994525348,0.1094662863,0.09279945773,0,1
1245,41500000000,1,0,-1.970821874,0.07523996441,-0.2553821279,0.9876880231,0.05114692757,0.1127923535,0.09557324832,0,1
1246,41533333333,1,0,-1.975942453,0.06867841261,-0.2506063749,0.9866601586,0.04779654594,0.1194109967,0.09979095886,0,1
1247,41566666667,1,0,-1.985140051,0.05983606289,-0.242578986,0.9855665547,0.04711527853,0.1251237377,0.1038401032,0,1
1248,41600000000,1,1,-1.987896666,0.06447775366,-0.2457819306,0.9850684962,0.04767120983,0.1274462509,0.1054749571,0,1
1249,41633333333,1,0,-1.991649505,0.06165665274,-0.2393539036,0.9839297597,0.04245654124,0.1354621613,0.1083036145,0,1
1250,41666666667,1,0,-2.000750001,0.05390127439,-0.2297078933,0.9827844253,0.04062114695,0.1419517393,0.1110603416,0,1
1251,41700000000,1,0,-2.004268456,0.05525321529,-0.2329194779,0.9821893965,0.03927335406,0.1456343589,0.1120367201,0,1
1252,41733333333,1,1,-2.012045076,0.05409716837,-0.2265132615,0.9801745486,0.02879794438,0.1574389593,0.1167968612,0,1
1253,41766666667,1,1,-2.015360393,0.0376967314,-0.1885982623,0.9783739734,0.02322690804,0.1691282462,0.1167926163,0,1
1254,41800000000,1,0,-2.018264273,0.04073389457,-0.1963223757,0.9773923053,0.02971093919,0.1768475261,0.1120111339,0,1
1255,41833333333,1,0,-2.023214803,0.04561336341,-0.1981808406,0.9752383263,0.02713870756,0.1865644303,0.1156175199,0,1
1256,41866666667,1,0,-2.038842287,0.03208206196,-0.1805758038,0.9720104438,0.02104752686,0.198109369,0.1245205875,0,1
1257,41900000000,1,0,-2.046161774,0.02797016184,-0.1742636176,0.9701766108,0.02275648274,0.2023665758,0.1314810073,0,1
1258,41933333333,1,0,-2.050618868,0.02663097392,-0.1751806519,0.9684569187,0.02123193096,0.2081496654,0.1353296663,0,1
1259,41966666667,1,1,-2.062711992,0.01528772178,-0.1602383732,0.9657172291,0.01798440459,0.219396965,0.1375927557,0,1
1260,42000000000,1,0,-2.072790719,0.01609030925,-0.1602398818,0.9636257668,0.02020119661,0.2253249234,0.1422883415,0,1
1261,42033333333,1,0,-2.079306642,0.01689814417,-0.1638168596,0.9616643233,0.01648909897,0.22903674,0.1499066732,0,1
1262,42066666667,1,0,-2.088630665,0.01086495119,-0.152509095,0.9592215323,0.009636212242,0.2357288592,0.1556698442,0,1
1263,42100000000,1,0,-2.094763623,0.01129298684,-0.1443772,0.957878936,0.005940737695,0.2407648652,0.1564126955,0,1
1264,42133333333,1,0,-2.100214114,0.008184519463,-0.1401994006,0.956813985,-0.0002288394502,0.2471813812,0.1529977468,0,1
1265,42166666667,1,1,-2.109033114,0.007024370816,-0.127566297,0.95463934,-0.004328542479,0.2556970436,0.1525254605,0,1
1266,42200000000,1,0,-2.116981485,0.003525552672,-0.1203089813,0.9532075567,-0.007326693247,0.2601627459,0.1538083843,0,1
1267,42233333333,1,0,-2.123198265,0.002529016003,-0.1168780255,0.9518548909,-0.009788415792,0.263448514,0.156433162,0,1
1268,42266666667,1,0,-2.128594626,0.0001108504474,-0.1096835237,0.9498152836,-0.01326694582,0.2675806451,0.1614791428,0,1
1269,42300000000,1,0,-2.132734629,-0.003117835419,-0.1002091361,0.9482841993,-0.01487475771,0.2706701016,0.1651469501,0,1
1270,42333333333,1,0,-2.134612841,-0.006952048701,-0.09508625492,0.9471993144,-0.01666077586,0.2739425831,0.1658051219,0,1
1271,42366666667,1,1,-2.138508341,-0.00830395197,-0.08037210364,0.9450843394,-0.01669491085,0.281008765,0.1660450103,0,1
1272,42400000000,1,0,-2.144218821,-0.01309091296,-0.07171121254,0.9435114254,-0.01598128073,0.2852951746,0.1677422194,0,1
1273,42433333333,1,0,-2.146523695,-0.01713894104,-0.06724817654,0.9422921833,-0.01482605877,0.2877334739,0.1705141554,0,1
1274,42466666667,1,0,-2.149421704,-0.02136720139,-0.06202934296,0.9406254037,-0.01416558643,0.2922920373,0.1720132289,0,1
1275,42500000000,1,0,-2.15328806,-0.02554524133,-0.05459175841,0.9385568734,-0.01336278096,0.2974401505,0.1745330579,0,1
1276,42533333333,1,0,-2.157337649,-0.03032824197,-0.04742017072,0.9366847302,-0.01144356033,0.3011401965,0.1783405258,0,1
1277,42566666667,1,1,-2.159947196,-0.03184847324,-0.03951154115,0.9353387994,-0.01066831331,0.3041062657,0.1804075849,0,1
1278,42600000000,1,0,-2.158537996,-0.03883498711,-0.02933373221,0.9336188533,-0.01223076606,0.3087478137,0.1813312786,0,1
1279,42633333333,1,0,-2.162499146,-0.04212135835,-0.02270123879,0.9316986555,-0.01069955048,0.3141249371,0.1820677315,0,1
1280,42666666667,1,0,-2.163897339,-0.04725966848,-0.01445484893,0.9300699955,-0.01165004945,0.3177584182,0.1840208342,0,1
1281,42700000000,1,0,-2.163808974,-0.05382519508,-0.005311255445,0.9282464558,-0.01230646092,0.3218818211,0.1860084986,0,1
1282,42733333333,1,0,-2.16286865,-0.06161828159,0.004788567157,0.9264671368,-0.01214547826,0.3263983191,0.1870167613,0,1
1283,42766666667,1,1,-2.162660188,-0.06802609796,0.01273221261,0.9242995677,-0.01022830189,0.3310982515,0.189577527,0,1
1284,42800000000,1,0,-2.165253701,-0.07157189352,0.01806467639,0.9215233061,-0.009069090548,0.3352887124,0.1956885979,0,1
1285,42833333333,1,0,-2.16573579,-0.07695238973,0.02880305612,0.9187622496,-0.009590702312,0.3381575642,0.2035519812,0,1
1286,42866666667,1,0,-2.16474434,-0.08486154639,0.03833379627,0.917134427,-0.009577553945,0.3400111302,0.2077622312,0,1
1287,42900000000,1,0,-2.164601312,-0.09088027837,0.04220327251,0.9155265833,-0.008518976179,0.3420145656,0.2115763204,0,1
1288,42933333333,1,0,-2.16620108,-0.09521308921,0.04896071749,0.9131238981,-0.008719925172,0.3450823322,0.216902959,0,1
1289,42966666667,1,1,-2.165915146,-0.1024533122,0.06171763471,0.9110594739,-0.00957720618,0.3478126004,0.2211454436,0,1
1290,43000000000,1,0,-2.163917692,-0.1089144999,0.06532033231,0.9100876724,-0.008567153809,0.3489012399,0.2234613102,0,1
1291,43033333333,1,0,-2.164173152,-0.1104349684,0.06862860791,0.9081556566,-0.01008277051,0.3524387299,0.2256957749,0,1
1292,43066666667,1,0,-2.163106178,-0.1173124633,0.08149055353,0.9052162354,-0.01293459546,0.3572682253,0.2297295773,0,1
1293,43100000000,1,0,-2.164216646,-0.120172623,0.08681154586,0.9037935087,-0.01239742849,0.3591678824,0.2323833679,0,1
1294,43133333333,1,0,-2.161812456,-0.123207708,0.09092538583,0.9024862283,-0.01595715225,0.3612148189,0.2340680064,0,1
1295,43166666667,1,1,-2.160166997,-0.1288899308,0.1038331035,0.9001796442,-0.01889418889,0.3663364366,0.2347705967,0,1
1296,43200000000,1,0,-2.160194043,-0.1329614846,0.1097286146,0.898495209,-0.01933560471,0.3701833136,0.2351527337,0,1
1297,43233333333,1,0,-2.161768412,-0.1352564396,0.1155639429,0.8965191877,-0.02012769971,0.3736100435,0.2371998255,0,1
1298,43266666667,1,0,-2.160741777,-0.1387414464,0.1243412127,0.8948339074,-0.02196968114,0.3763755935,0.2390209695,0,1
1299,43300000000,1,0,-2.161616806,-0.1417459821,0.1285795834,0.8930220227,-0.02345729369,0.3796881773,0.2404127914,0,1
1300,43333333333,1,0,-2.16349247,-0.1432368511,0.1376115681,0.8908150925,-0.02561236911,0.3837882921,0.2418657157,0,1
1301,43366666667,1,1,-2.164483097,-0.1473317435,0.147770144,0.8892386247,-0.02758289846,0.3865885727,0.2429879162,0,1
1302,43400000000,1,0,-2.166475172,-0.1491362478,0.151069602,0.8878813381,-0.02823159178,0.3886416043,0.244596423,0,1
1303,43433333333,1,0,-2.168305831,-0.1519371912,0.1592100476,0.8856437707,-0.03162735895,0.3927083592,0.2457945609,0,1
1304,43466666667,1,0,-2.169477747,-0.1549074546,0.1701856557,0.8832835194,-0.03292858962,0.3966972576,0.2477038921,0,1
1305,43500000000,1,0,-2.173753419,-0.1561989207,0.1740445145,0.8813599834,-0.03278738684,0.3992504628,0.2504568524,0,1
1306,43533333333,1,0,-2.176181652,-0.158253358,0.1827026063,0.8791730943,-0.03598314332,0.4019721957,0.2533342409,0,1
1307,43566666667,1,1,-2.176731879,-0.1637747587,0.1959662478,0.8769704388,-0.03775306729,0.4055427278,0.2550150019,0,1
1308,43600000000,1,0,-2.181306554,-0.1652855624,0.200637231,0.8751597842,-0.0368108413,0.4089615845,0.2559115793,0,1
1309,43633333333,1,0,-2.185918317,-0.1676084284,0.2111041059,0.8726986543,-0.03752007211,0.4129690399,0.2577709741,0,1
1310,43666666667,1,0,-2.190290651,-0.1724335543,0.2197634561,0.8705373901,-0.03617165756,0.4152995891,0.2615005066,0,1
1311,43700000000,1,0,-2.197043008,-0.1740182558,0.224141209,0.8689048365,-0.03390286156,0.4165067199,0.2652868888,0,1
1312,43733333333,1,0,-2.201688175,-0.1781919059,0.232145056,0.866519047,-0.03344507071,0.4192073441,0.2688705471,0,1
1313,43766666667,1,1,-2.208962501,-0.1820419501,0.2398546203,0.8648157338,-0.03143373816,0.4209531929,0.2718530414,0,1
1314,43800000000,1,0,-2.217287023,-0.1826517984,0.2421302748,0.8633003439,-0.03057279743,0.4217385351,0.2755257307,0,1
1315,43833333333,1,0,-2.221512929,-0.187357975,0.2519211365,0.8608628561,-0.03348482415,0.4240342625,0.2792648451,0,1
1316,43866666667,1,0,-2.226884336,-0.1911304297,0.2588584606,0.8594714601,-0.03360450147,0.4265382186,0.2797225318,0,1
1317,43900000000,1,0,-2.235027936,-0.1923821516,0.2645160025,0.8575393579,-0.03446619513,0.430369865,0.2796785839,0,1
1318,43933333333,1,0,-2.240077163,-0.1953185473,0.275704606,0.8550040058,-0.03607267445,0.4340488289,0.2815466681,0,1
1319,43966666667,1,1,-2.245675221,-0.1979960421,0.2818081801,0.8532816838,-0.03419437233,0.4353030648,0.2850479869,0,1
1320,44000000000,1,0,-2.252970846,-0.1998107836,0.2853948009,0.851654247,-0.03439607703,0.4365746749,0.287931427,0,1
1321,44033333333,1,0,-2.256700871,-0.2041549894,0.2954857597,0.8488486505,-0.03590684283,0.4399366733,0.2908992792,0,1
1322,44066666667,1,0,-2.262709067,-0.2077639966,0.3034992831,0.8471155194,-0.03435943139,0.4421054364,0.2928438309,0,1
1323,44100000000,1,0,-2.26891543,-0.2105764811,0.3066529221,0.8461093952,-0.03427767026,0.4429551225,0.2944735848,0,1
1324,44133333333,1,0,-2.272077285,-0.2145109268,0.314550625,0.844614147,-0.03610038535,0.4455629838,0.2946138699,0,1
1325,44166666667,1,1,-2.275315244,-0.2164136459,0.3201232165,0.8438096303,-0.03521004001,0.4469688812,0.2948972365,0,1
1326,44200000000,1,0,-2.281392705,-0.2191214588,0.324574264,0.8424330751,-0.0346684324,0.4479706847,0.2973665742,0,1
1327,44233333333,1,0,-2.282998218,-0.2232628702,0.3302663577,0.8412318704,-0.03696292358,0.4491968039,0.2986384333,0,1
1328,44266666667,1,0,-2.285863625,-0.2277908819,0.3364346205,0.8395646052,-0.03774239137,0.4525799914,0.2981243648,0,1
1329,44300000000,1,0,-2.290907627,-0.2305481363,0.3404338431,0.8383821791,-0.03788687937,0.4550424308,0.2976848875,0,1
1330,44333333333,1,0,-2.293854926,-0.2336725995,0.347970555,0.8366764718,-0.03910816818,0.4571097935,0.2991549253,0,1
1331,44366666667,1,1,-2.293594088,-0.2354240802,0.3523340536,0.8356691005,-0.03970591,0.4583685663,0.2999647523,0,1
1332,44400000000,1,0,-2.296498017,-0.2376533287,0.3584202381,0.8342736104,-0.04025614251,0.4608604079,0.2999577811,0,1
1333,44433333333,1,0,-2.300100207,-0.2394054287,0.364732124,0.8326198261,-0.04025232243,0.4629683996,0.3013042262,0,1
1334,44466666667,1,0,-2.301996754,-0.2419072095,0.3701707903,0.8311811526,-0.04085132779,0.4643129787,0.3031212932,0,1
1335,44500000000,1,0,-2.305305103,-0.2440527524,0.3742534148,0.8293501299,-0.041986345,0.4667327276,0.3042631588,0,1
1336,44533333333,1,0,-2.3057638,-0.2468725823,0.3825225459,0.8276845001,-0.04454234294,0.4695112403,0.3041603904,0,1
1337,44566666667,1,1,-2.306107704,-0.249271665,0.3870476084,0.8268285948,-0.04446658517,0.4710755098,0.3040806828,0,1
1338,44600000000,1,0,-2.309741829,-0.2509960948,0.3919436631,0.8251200792,-0.04346624053,0.4731796157,0.3055954715,0,1
1339,44633333333,1,0,-2.310308884,-0.2537501456,0.3992566822,0.8232583788,-0.04376378184,0.4746594035,0.308267455,0,1
1340,44666666667,1,0,-2.312517027,-0.2570574309,0.4040903129,0.8218392311,-0.04216106024,0.4757426519,0.310598861,0,1
1341,44700000000,1,0,-2.315711693,-0.258807951,0.4091949694,0.8201962513,-0.04118430098,0.4769356195,0.3132321465,0,1
1342,44733333333,1,0,-2.315634247,-0.261639356,0.4156145627,0.8183104298,-0.04171246933,0.4782896907,0.3160175345,0,1
1343,44766666667,1,1,-2.319123212,-0.264460519,0.4198598144,0.8168454836,-0.04089297302,0.4798264331,0.3175811941,0,1
1344,44800000000,1,0,-2.321859115,-0.2654622933,0.4266258064,0.8148550099,-0.04133814927,0.4814409282,0.320182921,0,1
1345,44833333333,1,0,-2.321540786,-0.2686344967,0.4347606383,0.8126432283,-0.04205330601,0.4831539903,0.3231171995,0,1
1346,44866666667,1,0,-2.323776998,-0.2716560577,0.4409513598,0.8107517879,-0.04056114961,0.4852577958,0.3249018361,0,1
1347,44900000000,1,0,-2.328079541,-0.2724310952,0.4466719711,0.8082493107,-0.03998313936,0.4874771282,0.3278726121,0,1
1348,44933333333,1,0,-2.328159053,-0.2764854026,0.4559342299,0.8055180246,-0.04056570411,0.4889164667,0.3323489497,0,1
1349,44966666667,1,1,-2.33205809,-0.2791529659,0.4602724826,0.8038535787,-0.03843399394,0.4892321935,0.3361459697,0,1
1350,45000000000,1,0,-2.334960006,-0.2805868673,0.4655279004,0.8016156269,-0.03962954491,0.4906767697,0.3392317698,0,1
1351,45033333333,1,0,-2.336179328,-0.2840704084,0.4739950865,0.7987409026,-0.04084752783,0.4927956452,0.3427782111,0,1
1352,45066666667,1,0,-2.341571984,-0.2848817158,0.4802388123,0.7964848156,-0.0389862003,0.4935785864,0.3470910454,0,1
1353,45100000000,1,0,-2.341738087,-0.2875166728,0.4853727781,0.7943458471,-0.04175318594,0.4934784987,0.351781634,0,1
1354,45133333333,1,0,-2.341311609,-0.2906993342,0.4919412633,0.7923033139,-0.04272899125,0.4954364332,0.3535144025,0,1
1355,45166666667,1,1,-2.344479275,-0.2919515255,0.498878226,0.7903720899,-0.04134196188,0.4977967727,0.3546846132,0,1
1356,45200000000,1,0,-2.346538859,-0.2940621363,0.5048483923,0.7884361262,-0.0408060906,0.4989658947,0.3574022577,0,1
1357,45233333333,1,0,-2.347656179,-0.2974159711,0.5108625958,0.7862841235,-0.03948890911,0.5004085693,0.360262636,0,1
1358,45266666667,1,0,-2.349922157,-0.299338569,0.5159579605,0.7847911457,-0.03773397121,0.5020627325,0.3614028468,0,1
1359,45300000000,1,0,-2.351350223,-0.3013220603,0.521611633,0.7827506512,-0.03705497229,0.5043511829,0.3627095688,0,1
1360,45333333333,1,0,-2.353567091,-0.3047270948,0.5274426199,0.7807845084,-0.03615881802,0.5069267808,0.3634464613,0,1
1361,45366666667,1,1,-2.355122875,-0.3071755372,0.5348248203,0.7797439739,-0.03521802615,0.5092265958,0.3625566161,0,1
1362,45400000000,1,0,-2.358315566,-0.3096478811,0.5396707295,0.779131865,-0.03525758578,0.510974253,0.3614080137,0,1
1363,45433333333,1,0,-2.360713979,-0.3124058284,0.5466483813,0.7775020025,-0.03522369372,0.5129664585,0.3620985225,0,1
1364,45466666667,1,0,-2.363019961,-0.3161823098,0.5525534839,0.7765249232,-0.0346246547,0.5140346175,0.362737631,0,1
1365,45500000000,1,0,-2.366044988,-0.3196874775,0.558358386,0.7763257576,-0.0343200849,0.5149674578,0.3618687154,0,1
1366,45533333333,1,0,-2.370515175,-0.322210409,0.5644203647,0.7758408643,-0.03405347761,0.5161708681,0.3612186994,0,1
1367,45566666667,1,1,-2.375238884,-0.326156725,0.5731270727,0.7748446399,-0.03489582524,0.5171839832,0.3618270207,0,1
1368,45600000000,1,0,-2.379565691,-0.3290369149,0.5801201241,0.7744877336,-0.03583339903,0.5171939531,0.3624846658,0,1
1369,45633333333,1,0,-2.383969557,-0.3328521981,0.586893043,0.774926509,-0.03760660258,0.5169523022,0.3617111642,0,1
1370,45666666667,1,0,-2.389644317,-0.3358174881,0.5938191788,0.774737474,-0.03900171233,0.5177406365,0.3608397791,0,1
1371,45700000000,1,0,-2.395079787,-0.3388920442,0.6026357627,0.7745628619,-0.0405956837,0.5183971759,0.3600954477,0,1
1372,45733333333,1,0,-2.401128572,-0.3431222815,0.6097703408,0.7749650593,-0.0410704886,0.518064112,0.3596553178,0,1
1373,45766666667,1,1,-2.409427343,-0.3462636553,0.6187368053,0.7748146225,-0.04143526198,0.5186025865,0.3591612131,0,1
1374,45800000000,1,0,-2.414833977,-0.3487548067,0.6252613104,0.774876058,-0.04255587913,0.5184558033,0.3591095543,0,1
1375,45833333333,1,0,-2.422813318,-0.3533390479,0.6331993192,0.7738681852,-0.04182433654,0.5194803186,0.3598874204,0,1
1376,45866666667,1,0,-2.432316238,-0.3556227949,0.638432177,0.7738796773,-0.04137222488,0.519207257,0.360308768,0,1
1377,45900000000,1,0,-2.436948241,-0.3588466606,0.6447182409,0.7723086824,-0.04226197909,0.5198868115,0.3625891993,0,1
1378,45933333333,1,0,-2.443740118,-0.364391754,0.6509926277,0.7711445758,-0.04029409529,0.521492767,0.3629844667,0,1
1379,45966666667,1,1,-2.453310255,-0.3653846337,0.6581804256,0.7702543287,-0.03769584259,0.5234067715,0.3623984604,0,1
1380,46000000000,1,0,-2.46084432,-0.3683407336,0.6637105472,0.7688748277,-0.03699610429,0.5248933218,0.3632489345,0,1
1381,46033333333,1,0,-2.468485799,-0.3721507347,0.6696104404,0.7671466111,-0.03593650278,0.5266650648,0.3644428,0,1
1382,46066666667,1,0,-2.477259509,-0.3755737737,0.6744412709,0.766584331,-0.03483294696,0.5273844613,0.3646926915,0,1
1383,46100000000,1,0,-2.485155495,-0.3791452549,0.6801839863,0.7653774849,-0.03397083935,0.5288140767,0.3652382235,0,1
1384,46133333333,1,0,-2.493745042,-0.3836003789,0.6859156581,0.7644323981,-0.03234003722,0.5297934996,0.3659454583,0,1
1385,46166666667,1,1,-2.500279502,-0.3862421854,0.6940352603,0.7636404004,-0.02889944991,0.5308711011,0.3663250397,0,1
1386,46200000000,1,0,-2.508924196,-0.3895433632,0.6999316974,0.7639435364,-0.02653782965,0.5312713429,0.3652899902,0,1
1387,46233333333,1,0,-2.5161583,-0.3944320455,0.7058238211,0.7643347409,-0.02411377727,0.5313591357,0.3645111775,0,1
1388,46266666667,1,0,-2.524432931,-0.3979412583,0.7111392871,0.7656620918,-0.02088303688,0.5310592335,0.3623555581,0,1
1389,46300000000,1,0,-2.532956113,-0.4023931123,0.7167078031,0.766989176,-0.01860979943,0.530374309,0.3606721109,0,1
1390,46333333333,1,0,-2.539261026,-0.4052873597,0.7225167332,0.7688062532,-0.01612800711,0.5290275331,0.3588965054,0,1
1391,46366666667,1,1,-2.546599177,-0.4093681504,0.7286502519,0.7701221368,-0.01444352249,0.5287221385,0.3565896513,0,1
1392,46400000000,1,0,-2.552712285,-0.4120784143,0.7333612174,0.7713883127,-0.01333425134,0.5280381249,0.3549056317,0,1
1393,46433333333,1,0,-2.557710012,-0.416167286,0.739070666,0.7723074568,-0.0123165436,0.5272218818,0.3541561551,0,1
1394,46466666667,1,0,-2.564166326,-0.4195647416,0.7436536916,0.7736319424,-0.01243113951,0.5263039957,0.3526232956,0,1
1395,46500000000,1,0,-2.567866948,-0.4223282014,0.7498985439,0.7737458246,-0.01240757263,0.5259013031,0.3529748864,0,1
1396,46533333333,1,0,-2.571375284,-0.4265209997,0.7561363906,0.7744518817,-0.01253796198,0.5252339439,0.3524150772,0,1
1397,46566666667,1,0,-2.57409936,-0.4296080806,0.7617031069,0.7760464782,-0.0120464458,0.5240670731,0.3506571683,0,1
1398,46600000000,1,1,-2.578618421,-0.4326254692,0.7704029667,0.7766752534,-0.01214792537,0.5244395067,0.3486992723,0,1
1399,46633333333,1,0,-2.581595064,-0.4352781307,0.778179569,0.7775718236,-0.01309627058,0.523533958,0.3480269266,0,1
1400,46666666667,1,0,-2.582920634,-0.4388487247,0.7847532075,0.7791446547,-0.01416658598,0.521977225,0.3468035343,0,1
1401,46700000000,1,0,-2.586525879,-0.4430279797,0.7910814491,0.7807589938,-0.01486396149,0.5210721383,0.344497145,0,1
1402,46733333333,1,0,-2.588705723,-0.4448000814,0.7968986343,0.782195465,-0.01654402683,0.5200391963,0.3427182282,0,1
1403,46766666667,1,0,-2.587464258,-0.4501955322,0.8046985113,0.7833661086,-0.01686618985,0.5191811014,0.3413269042,0,1
1404,46800000000,1,0,-2.591240937,-0.4537474281,0.8095274786,0.7853319477,-0.0163188368,0.5182784802,0.3381935015,0,1
1405,46833333333,1,1,-2.591921317,-0.4566638833,0.8158056818,0.7860515312,-0.0165831103,0.5180995251,0.336780155,0,1
1406,46866666667,1,0,-2.592477565,-0.4609523199,0.8240548749,0.786510964,-0.01437283468,0.5177389405,0.3363633669,0,1
1407,46900000000,1,0,-2.595800515,-0.465169609,0.8287312212,0.7877485615,-0.01219746903,0.5162019448,0.3359151349,0,1
1408,46933333333,1,0,-2.59449319,-0.4695397782,0.8330629388,0.7879406724,-0.01177130476,0.5155968766,0.3364086711,0,1
1409,46966666667,1,0,-2.593021918,-0.4768679561,0.8401064675,0.787616807,-0.01007027404,0.516203106,0.3362925933,0,1
1410,47000000000,1,0,-2.59538077,-0.4824126149,0.8526359707,0.7870535429,-0.007371229006,0.516807976,0.3367519883,0,1
1411,47033333333,1,1,-2.593751361,-0.4879793533,0.8600539061,0.7862987884,-0.005679033413,0.5174231436,0.3376022132,0,1
1412,47066666667,1,0,-2.594572883,-0.4912655849,0.8651498543,0.7859125128,-0.004424641227,0.5183383588,0.3371161381,0,1
1413,47100000000,1,0,-2.593847855,-0.495727058,0.8727579615,0.7845667883,-0.003891330024,0.5198580088,0.3379163549,0,1
1414,47133333333,1,0,-2.593138042,-0.499607786,0.8808576752,0.783324891,-0.002245490624,0.5209360525,0.3391499701,0,1
1415,47166666667,1,0,-2.593115248,-0.5054304379,0.8863522868,0.7827372779,-0.001069057974,0.5213983492,0.3398013719,0,1
1416,47200000000,1,0,-2.592646105,-0.509978949,0.8918494643,0.7816682044,-0.0002122367669,0.5226766666,0.3402996847,0,1
1417,47233333333,1,1,-2.595434552,-0.5168469493,0.9029603587,0.7800154471,0.001114693172,0.5249161769,0.3406430198,0,1
1418,47266666667,1,0,-2.598848681,-0.5204881971,0.9101849071,0.7791590108,0.002824631518,0.5245621024,0.3431295063,0,1
1419,47300000000,1,0,-2.596957641,-0.528177688,0.9189899843,0.7786602652,0.001551900217,0.5240864265,0.3449915949,0,1
1420,47333333333,1,0,-2.599046909,-0.5328471821,0.9257795623,0.7787774379,0.002233886134,0.5245553411,0.3440093111,0,1
1421,47366666667,1,0,-2.60331312,-0.5360117924,0.9357587123,0.7784757308,0.002607118477,0.5248228564,0.3442814385,0,1
1422,47400000000,1,0,-2.602118495,-0.5428903407,0.9440258271,0.7786401205,0.001525737349,0.5238347292,0.3454191821,0,1
1423,47433333333,1,1,-2.608083387,-0.5564653974,0.9597080051,0.7783495361,0.001057161828,0.5239656069,0.3458770372,0,1
1424,47466666667,1,0,-2.607829779,-0.5612751016,0.968253137,0.7776416214,0.001590292871,0.5240880296,0.3472790187,0,1
1425,47500000000,1,0,-2.608534436,-0.5673616413,0.9760798934,0.7777799673,0.002436005613,0.5236809715,0.3475782336,0,1
1426,47533333333,1,0,-2.609553448,-0.5714021418,0.9834574372,0.7779911533,0.002650371112,0.5237186364,0.3470468712,0,1
1427,47566666667,1,0,-2.610571314,-0.5760669018,0.9918724486,0.7780054449,0.003477424017,0.5238099672,0.3468696491,0,1
1428,47600000000,1,0,-2.614370469,-0.5790230705,0.9998266267,0.778236907,0.00484322065,0.5231347583,0.3473526801,0,1
1429,47633333333,1,1,-2.616547516,-0.5866378084,1.008107652,0.7779745492,0.002740633509,0.5224384199,0.3490074313,0,1
1430,47666666667,1,0,-2.617356341,-0.5922843672,1.014856605,0.7780053165,0.001360133042,0.5213616745,0.3505536791,0,1
1431,47700000000,1,0,-2.616578624,-0.59784088,1.021961397,0.7782787713,-1.986491038e-05,0.520635436,0.3510283415,0,1
1432,47733333333,1,0,-2.616656057,-0.6038318957,1.027389824,0.7787488115,-0.001763847536,0.520733821,0.349833482,0,1
1433,47766666667,1,0,-2.616541579,-0.6086755598,1.034486239,0.7784279226,-0.003058540887,0.5222051403,0.3483423691,0,1
1434,47800000000,1,0,-2.61870419,-0.6101286836,1.041301215,0.7780713023,-0.002210420089,0.5233311645,0.3474545364,0,1
1435,47833333333,1,0,-2.620805479,-0.6125716672,1.046954984,0.7776494951,-0.001604010553,0.5231666174,0.3486479318,0,1
1436,47866666667,1,1,-2.621336458,-0.6181204734,1.054304377,0.7768892048,-0.004105096634,0.5238821165,0.3492475334,0,1
1437,47900000000,1,0,-2.622453024,-0.6211609849,1.06058423,0.7761528238,-0.006246011966,0.5249515238,0.3492473036,0,1
1438,47933333333,1,0,-2.623643087,-0.6251290138,1.068131188,0.7754838821,-0.007998540312,0.5259288384,0.3492271881,0,1
1439,47966666667,1,0,-2.624951085,-0.6288211512,1.073431138,0.7755023085,-0.009804654845,0.5263830972,0.3484549803,0,1
1440,48000000000,1,0,-2.626545891,-0.6327368218,1.079009932,0.7747237385,-0.01164964185,0.5282175377,0.3473523396,0,1
1441,48033333333,1,0,-2.629798129,-0.6339265598,1.086022355,0.7731747224,-0.01271216473,0.5306782526,0.3470156218,0,1
1442,48066666667,1,0,-2.630365952,-0.6386484446,1.095467302,0.7715316984,-0.01222628223,0.532062647,0.3485666308,0,1
1443,48100000000,1,0,-2.634730561,-0.6424813229,1.097995923,0.7712904035,-0.01170660263,0.5321889658,0.3489254558,0,1
1444,48133333333,1,1,-2.63803373,-0.6472106304,1.107242054,0.7687952672,-0.0131294053,0.5353780307,0.3495022463,0,1
1445,48166666667,1,0,-2.641150757,-0.6506876978,1.114175398,0.7669809331,-0.01202346418,0.5373950586,0.3504314992,0,1
1446,48200000000,1,0,-2.64518322,-0.6550519999,1.119706783,0.7658022767,-0.01203482033,0.5388696648,0.3507442378,0,1
1447,48233333333,1,0,-2.648592457,-0.6593707448,1.126162511,0.7636939844,-0.01232911617,0.5416953739,0.3509780805,0,1
1448,48266666667,1,0,-2.652919619,-0.6634906788,1.134408623,0.7611480736,-0.01052112521,0.5445566216,0.3521377598,0,1
1449,48300000000,1,0,-2.659334375,-0.6678104874,1.141128788,0.7596041761,-0.008295783544,0.5458781015,0.3534823531,0,1
1450,48333333333,1,1,-2.665180884,-0.6737951131,1.148870293,0.7566337357,-0.00836611198,0.5483497855,0.3560167285,0,1
1451,48366666667,1,0,-2.668165004,-0.6792060073,1.156505479,0.7536008143,-0.008154710825,0.5509317397,0.3584599441,0,1
1452,48400000000,1,0,-2.674992243,-0.6826113503,1.162924275,0.7518300692,-0.006548062327,0.5529308801,0.3591324432,0,1
1453,48433333333,1,0,-2.681710145,-0.6857390488,1.168964705,0.7490722385,-0.007121836724,0.5553724785,0.3611114387,0,1
1454,48466666667,1,0,-2.684851483,-0.6902479738,1.178303871,0.745964193,-0.00767301582,0.5581277172,0.3632795051,0,1
1455,48500000000,1,0,-2.691476824,-0.6930909047,1.184287125,0.7442121777,-0.005809510016,0.5598463898,0.3642615872,0,1
1456,48533333333,1,1,-2.698130021,-0.6971252995,1.192070192,0.7416303521,-0.006891332184,0.5622684503,0.3657746851,0,1
1457,48566666667,1,0,-2.701963091,-0.700049275,1.198538033,0.7391952642,-0.007172281053,0.5643034363,0.3675602694,0,1
1458,48600000000,1,0,-2.708248919,-0.7038671976,1.20583411,0.7365047379,-0.00637423158,0.5664023217,0.3697411935,0,1
1459,48633333333,1,0,-2.714746373,-0.7066392716,1.210996975,0.7345899019,-0.006525493476,0.5675781875,0.3717392838,0,1
1460,48666666667,1,0,-2.717843776,-0.7085400498,1.219190168,0.7318008949,-0.007218029007,0.5698880028,0.3736883923,0,1
1461,48700000000,1,0,-2.723192603,-0.7116714801,1.225714386,0.7295224438,-0.007196013353,0.572054425,0.3748319038,0,1
1462,48733333333,1,1,-2.728648062,-0.7141466918,1.232519716,0.7274492294,-0.007804042241,0.5737890095,0.3761952793,0,1
1463,48766666667,1,0,-2.731658714,-0.7163589948,1.238787338,0.7256221018,-0.008524896213,0.5751486123,0.377629402,0,1
1464,48800000000,1,0,-2.734971052,-0.7194274186,1.245291166,0.7234984604,-0.008826955693,0.5771353723,0.3786645279,0,1
1465,48833333333,1,0,-2.740057618,-0.721410702,1.251114538,0.7217413802,-0.009248707741,0.5791361501,0.3789527164,0,1
1466,48866666667,1,0,-2.743225326,-0.7245201063,1.257119786,0.7195105896,-0.01035143414,0.5808549487,0.3805323742,0,1
1467,48900000000,1,0,-2.74567109,-0.7269444853,1.2625279,0.717504547,-0.0107455586,0.5824776076,0.3818266551,0,1
1468,48933333333,1,0,-2.74720735,-0.7289160747,1.268478404,0.7148367481,-0.01208623106,0.5850620166,0.3828378028,0,1
1469,48966666667,1,0,-2.749804818,-0.7302357256,1.274768964,0.7121029279,-0.0131869828,0.5880569647,0.3833073569,0,1
1470,49000000000,1,1,-2.750653791,-0.7329176436,1.282242886,0.7090242245,-0.01471848423,0.5905127418,0.3851788118,0,1
1471,49033333333,1,0,-2.75237069,-0.7355076269,1.287814644,0.7069908917,-0.01585502982,0.5921536673,0.3863502702,0,1
1472,49066666667,1,0,-2.754233972,-0.7367708651,1.294071304,0.7038792574,-0.0179654173,0.5946420237,0.3881135123,0,1
1473,49100000000,1,0,-2.754058326,-0.7409014356,1.300588246,0.7008285599,-0.01923053939,0.5971646428,0.389697197,0,1
1474,49133333333,1,0,-2.757989909,-0.742280484,1.306711161,0.698529785,-0.02019478599,0.5993152499,0.3904734835,0,1
1475,49166666667,1,0,-2.756612512,-0.7457895373,1.313154982,0.6956752415,-0.02104235031,0.6011323346,0.3927252146,0,1
1476,49200000000,1,1,-2.758313639,-0.7470923351,1.319300989,0.69433437,-0.02217941432,0.6025885316,0.3928039178,0,1
1477,49233333333,1,0,-2.757556464,-0.748926385,1.326055875,0.6922045348,-0.02347870987,0.6041712811,0.3940541782,0,1
1478,49266666667,1,0,-2.757602942,-0.7518324614,1.332458863,0.6895290432,-0.02335495413,0.6063890575,0.3953435918,0,1
1479,49300000000,1,0,-2.759089102,-0.7551650299,1.339256541,0.6867210915,-0.02317631157,0.6086705726,0.396733078,0,1
1480,49333333333,1,0,-2.759854467,-0.7576291693,1.346406436,0.6836122252,-0.02292498311,0.6106920729,0.3990037128,0,1
1481,49366666667,1,0,-2.758657274,-0.7614272292,1.353543421,0.68067606,-0.02152596925,0.6123714358,0.4015195618,0,1
1482,49400000000,1,0,-2.760127777,-0.7647363562,1.360434851,0.678529006,-0.01932453876,0.6138632921,0.4029848741,0,1
1483,49433333333,1,1,-2.759046741,-0.7663672911,1.365524711,0.6763520742,-0.01839817334,0.615218049,0.4046185007,0,1
1484,49466666667,1,0,-2.75750903,-0.7714687188,1.372826745,0.6726695162,-0.01756093786,0.6180449607,0.4064821791,0,1
1485,49500000000,1,0,-2.758962818,-0.775679496,1.380436763,0.6692677164,-0.01612178745,0.6213842073,0.4070656933,0,1
1486,49533333333,1,0,-2.759883235,-0.7801898793,1.388314346,0.6659992252,-0.01461386672,0.624206765,0.408163425,0,1
1487,49566666667,1,0,-2.763582275,-0.7842201057,1.396344345,0.6623359539,-0.01125164368,0.6267433304,0.4103380101,0,1
1488,49600000000,1,0,-2.765987663,-0.788598691,1.404130795,0.6580504168,-0.008184997794,0.628049077,0.415279438,0,1
1489,49633333333,1,1,-2.7638724,-0.792916599,1.409156941,0.6554184754,-0.005419303736,0.6282703704,0.4191343399,0,1
1490,49666666667,1,0,-2.763574554,-0.8001464194,1.415072799,0.6528107053,-0.003512828223,0.630448652,0.4199527834,0,1
1491,49700000000,1,0,-2.765181442,-0.8048979822,1.423429173,0.6485359355,-0.001413971785,0.6343229217,0.4207535764,0,1
1492,49733333333,1,0,-2.767144445,-0.8109318326,1.434307904,0.6455023626,0.001580107259,0.6361747664,0.4226178766,0,1
1493,49766666667,1,0,-2.768574633,-0.8157768251,1.441425797,0.6437323228,0.005870005988,0.636265699,0.4251355078,0,1
1494,49800000000,1,0,-2.770537506,-0.8215305245,1.449057952,0.640748423,0.008106820167,0.6373551886,0.4279650703,0,1
1495,49833333333,1,1,-2.771899435,-0.8265688157,1.453377235,0.6400608055,0.01001975179,0.6368202324,0.4297461593,0,1
1496,49866666667,1,0,-2.773678789,-0.8321321311,1.461899218,0.639502842,0.01258854354,0.6366561988,0.430751121,0,1
1497,49900000000,1,0,-2.775527818,-0.8377999299,1.468954005,0.6383174273,0.01336218008,0.636801,0.4322693611,0,1
1498,49933333333,1,0,-2.774840545,-0.8427569628,1.476398465,0.6371101822,0.01321152117,0.6369339845,0.4338561638,0,1
1499,49966666667,1,0,-2.776798633,-0.8469924145,1.483951149,0.6364792506,0.01473470572,0.6368504542,0.434854632,0,1
1500,50000000000,1,0,-2.779023253,-0.8512537259,1.492022851,0.6352474341,0.01474724804,0.636231845,0.4375525747,0,1
1501,50033333333,1,1,-2.777338808,-0.8565267633,1.495196743,0.6347374711,0.01417166902,0.6350810018,0.4399768491,0,1
1502,50066666667,1,0,-2.777071197,-0.8614786298,1.500665004,0.633703961,0.01437716628,0.636316269,0.439675099,0,1
1503,50100000000,1,0,-2.778477393,-0.8654225173,1.505149277,0.6327076167,0.01387933217,0.6377607657,0.4390326201,0,1
1504,50133333333,1,0,-2.779166973,-0.8694093201,1.510465143,0.631090056,0.01362539074,0.6393789525,0.4390150851,0,1
1505,50166666667,1,0,-2.780594469,-0.8735008547,1.514471426,0.62975593,0.0140240177,0.6410920562,0.4384196289,0,1
1506,50200000000,1,0,-2.782518633,-0.8768741528,1.5189707,0.6283508021,0.01216084859,0.6429537928,0.4377645527,0,1
1507,50233333333,1,1,-2.782319763,-0.8809318079,1.5233294,0.6259726912,0.01121803206,0.6452623711,0.437799975,0,1
1508,50266666667,1,0,-2.785330786,-0.8845042429,1.527938203,0.6235500763,0.01179906143,0.6474405537,0.4380260426,0,1
1509,50300000000,1,0,-2.787153287,-0.8862754608,1.532343749,0.6205475203,0.01114814177,0.649442583,0.4393413541,0,1
1510,50333333333,1,0,-2.787535699,-0.8897401161,1.536935932,0.6181249549,0.01123404072,0.6513091244,0.4399906373,0,1
1511,50366666667,1,0,-2.789763449,-0.8930987077,1.541583539,0.615938284,0.01115451405,0.6535009093,0.4398092413,0,1
1512,50400000000,1,0,-2.792420466,-0.896143499,1.546015704,0.6132915706,0.01073974466,0.6557683541,0.4401431279,0,1
1513,50433333333,1,0,-2.791951653,-0.8999499704,1.550239785,0.6108184391,0.01123236552,0.6583504633,0.4397150621,0,1
1514,50466666667,1,1,-2.798655204,-0.905838318,1.554300291,0.6086073448,0.01194012452,0.6612468686,0.4384143156,0,1
1515,50500000000,1,0,-2.803225514,-0.9079614601,1.559064322,0.6053305983,0.01234145016,0.6635718966,0.4394256404,0,1
1516,50533333333,1,0,-2.803850346,-0.9113849765,1.563369567,0.6011508586,0.01395158965,0.6657746664,0.4417771971,0,1
1517,50566666667,1,0,-2.807284643,-0.9154904023,1.566615295,0.5976437975,0.0147364964,0.6683549815,0.4426130881,0,1
1518,50600000000,1,0,-2.80933775,-0.9179502533,1.571676008,0.594370374,0.01466482348,0.6714909089,0.442276792,0,1
1519,50633333333,1,0,-2.81368535,-0.9221962251,1.576600452,0.5908941573,0.01695272437,0.6738969717,0.4431924769,0,1
1520,50666666667,1,0,-2.81823956,-0.9257322922,1.581602169,0.5885144999,0.01769163864,0.6751196162,0.4444673139,0,1
1521,50700000000,1,0,-2.818626268,-0.9287627994,1.586381709,0.5855004611,0.01672998552,0.6776632285,0.4446142896,0,1
1522,50733333333,1,1,-2.823212504,-0.9351020675,1.594382229,0.5827377018,0.01662213593,0.6807845445,0.4434781612,0,1
1523,50766666667,1,0,-2.829122251,-0.9383152742,1.601252505,0.5803243616,0.01717471529,0.6824658547,0.444037185,0,1
1524,50800000000,1,0,-2.830592255,-0.9418760869,1.607567178,0.5784684168,0.01790045928,0.6832444372,0.4452312919,0,1
1525,50833333333,1,0,-2.834788139,-0.9465451603,1.613312172,0.5780712288,0.01787211114,0.6838937611,0.4447511277,0,1
1526,50866666667,1,0,-2.838649913,-0.949416347,1.619604265,0.5764397091,0.01721864883,0.685046088,0.4451209242,0,1
1527,50900000000,1,0,-2.840775428,-0.9523584147,1.626850075,0.575240291,0.01798743673,0.6857113399,0.4456175694,0,1
1528,50933333333,1,0,-2.844932848,-0.9560029909,1.63233878,0.5747849373,0.01840413393,0.6859734143,0.4457847447,0,1
1529,50966666667,1,1,-2.847598378,-0.9584978547,1.641621407,0.5727134947,0.01680576313,0.6874123138,0.4462971321,0,1
1530,51000000000,1,0,-2.84780983,-0.9620799505,1.646881663,0.5716706805,0.01680717975,0.6882233863,0.4463840525,0,1
1531,51033333333,1,0,-2.853584623,-0.9652330934,1.652573573,0.570747871,0.01725335151,0.6892842119,0.4459108261,0,1
1532,51066666667,1,0,-2.854432473,-0.966731398,1.658094391,0.568717811,0.01583533306,0.6902948962,0.4469924496,0,1
1533,51100000000,1,0,-2.855740609,-0.97072564,1.662034839,0.566899379,0.01653498548,0.6920800865,0.4465163404,0,1
1534,51133333333,1,0,-2.861331315,-0.9736087744,1.667679603,0.5653088914,0.01761463061,0.6937667409,0.445873627,0,1
1535,51166666667,1,0,-2.863406621,-0.9768625415,1.67245684,0.5643341511,0.01777611468,0.6946382173,0.445745132,0,1
1536,51200000000,1,0,-2.865879884,-0.98047635,1.67811589,0.5634170883,0.01885768892,0.6953818056,0.4457013759,0,1
1537,51233333333,1,1,-2.868329961,-0.9847554831,1.684851066,0.5617447382,0.01963909406,0.696789973,0.4455792731,0,1
1538,51266666667,1,0,-2.869936068,-0.9882976655,1.69009738,0.5605070288,0.02013214031,0.6976865611,0.4457129458,0,1
1539,51300000000,1,0,-2.87131307,-0.993545321,1.695049113,0.5607877503,0.02185734183,0.698141687,0.4445644392,0,1
1540,51333333333,1,0,-2.873561399,-0.9978377418,1.700365185,0.5607427305,0.02374904938,0.6992844492,0.4427243294,0,1
1541,51366666667,1,0,-2.875468096,-1.002761034,1.706541147,0.559936392,0.02425916927,0.7011194391,0.4408109138,0,1
1542,51400000000,1,0,-2.877308217,-1.00810327,1.712686645,0.5599743507,0.02523816029,0.7021766399,0.43902133,0,1
1543,51433333333,1,0,-2.881159798,-1.014082333,1.719269834,0.5595815021,0.02706001995,0.7025344964,0.4388411776,0,1
1544,51466666667,1,0,-2.88286499,-1.018244027,1.726376134,0.5593197969,0.02654171419,0.7024527137,0.4393370999,0,1
1545,51500000000,1,1,-2.876987403,-1.024601087,1.735384045,0.558238994,0.02603718789,0.7033425894,0.4393182131,0,1
1546,51533333333,1,0,-2.880388352,-1.030447558,1.742861067,0.5591465439,0.02735615248,0.7033077729,0.4381380603,0,1
1547,51566666667,1,0,-2.880206091,-1.033667931,1.749690956,0.5586914598,0.02739865413,0.7030502344,0.4391281525,0,1
1548,51600000000,1,0,-2.878971837,-1.037672575,1.75544953,0.5579461081,0.02834913878,0.7030673154,0.4399872915,0,1
1549,51633333333,1,0,-2.880009988,-1.040578995,1.762637274,0.5572418799,0.02840679293,0.7037323997,0.4398127454,0,1
1550,51666666667,1,0,-2.877354409,-1.04321345,1.769320076,0.5564116677,0.02658254906,0.7042043898,0.4402222183,0,1
1551,51700000000,1,0,-2.874744238,-1.047031219,1.774729271,0.5548127463,0.02656770437,0.7051929371,0.440658479,0,1
1552,51733333333,1,0,-2.873047474,-1.051317706,1.781497616,0.553224957,0.02736371114,0.7062852353,0.4408565987,0,1
1553,51766666667,1,1,-2.869529589,-1.056144095,1.788510538,0.5511106667,0.0270314178,0.7081117924,0.4405950806,0,1
1554,51800000000,1,0,-2.866436449,-1.059298799,1.793835416,0.5485420692,0.02727130634,0.7104905271,0.4399557763,0,1
1555,51833333333,1,0,-2.864845159,-1.063621666,1.800469784,0.5460267954,0.02928581118,0.7122887169,0.4400475697,0,1
1556,51866666667,1,0,-2.865929566,-1.067047831,1.806946248,0.5434660809,0.03116750768,0.7127088398,0.4424017575,0,1
1557,51900000000,1,0,-2.862385809,-1.069411743,1.812183901,0.5406682058,0.03193948778,0.7129026063,0.4454521684,0,1
1558,51933333333,1,0,-2.858916187,-1.072971044,1.8171732,0.5378212671,0.03200375898,0.7144213866,0.4464595463,0,1
1559,51966666667,1,1,-2.859717535,-1.079221478,1.82607445,0.5353605726,0.03099903842,0.7162922155,0.4464902899,0,1
1560,52000000000,1,0,-2.856537792,-1.082140457,1.83142689,0.5326125073,0.03012637664,0.7171751236,0.4484151654,0,1
1561,52033333333,1,0,-2.85548342,-1.086234449,1.837111212,0.5297830547,0.03067502799,0.7183254408,0.4498861175,0,1
1562,52066666667,1,0,-2.854450882,-1.088961435,1.843890198,0.5278812984,0.02923388673,0.7191999551,0.4508194087,0,1
1563,52100000000,1,0,-2.848975352,-1.092134886,1.847544009,0.5264963431,0.02799020842,0.7197525058,0.4516353388,0,1
1564,52133333333,1,0,-2.848412242,-1.095961542,1.85397641,0.524935246,0.0291174389,0.7208791214,0.4515843826,0,1
1565,52166666667,1,0,-2.847564451,-1.0985276,1.860010784,0.52320322,0.02908575883,0.7215689765,0.4524937804,0,1
1566,52200000000,1,1,-2.843475367,-1.101025914,1.865872545,0.5216784348,0.02870381354,0.7223215821,0.4530775141,0,1
1567,52233333333,1,0,-2.841455472,-1.104312317,1.870980124,0.5206218844,0.0299595671,0.7228797256,0.4533212769,0,1
1568,52266666667,1,0,-2.842505324,-1.106643857,1.875145605,0.5190003811,0.03088873642,0.7235247958,0.4540884939,0,1
1569,52300000000,1,0,-2.839881549,-1.110408797,1.879592465,0.5158921956,0.03129796468,0.7242495481,0.4564408746,0,1
1570,52333333333,1,0,-2.836802552,-1.114945693,1.884620384,0.5143766104,0.03243241795,0.7246210326,0.4574813657,0,1
1571,52366666667,1,0,-2.837197332,-1.117989181,1.887979779,0.513462501,0.03270624647,0.724934916,0.4579911888,0,1
1572,52400000000,1,0,-2.834785554,-1.121950041,1.892818646,0.5111110311,0.03286458216,0.7255464909,0.459638687,0,1
1573,52433333333,1,0,-2.830829919,-1.126337852,1.896670838,0.50990834,0.03460252981,0.7258442985,0.460376155,0,1
1574,52466666667,1,0,-2.831735931,-1.129532327,1.901252241,0.5095302021,0.03525152968,0.7267782356,0.4592708342,0,1
1575,52500000000,1,1,-2.831048049,-1.132725319,1.905569693,0.5070457608,0.03476603193,0.7279846463,0.4601459272,0,1
1576,52533333333,1,0,-2.829150353,-1.137863872,1.909499399,0.504592673,0.03577492488,0.728648826,0.4617112491,0,1
1577,52566666667,1,0,-2.829522129,-1.140107806,1.914253321,0.503273327,0.03670061232,0.7290307278,0.4624751034,0,1
1578,52600000000,1,0,-2.827602135,-1.140923744,1.916979667,0.5000611676,0.03633686319,0.7306280457,0.4634664172,0,1
1579,52633333333,1,0,-2.825845589,-1.142886937,1.920198415,0.4956495666,0.03567518046,0.7342904966,0.4624675721,0,1
1580,52666666667,1,0,-2.825291542,-1.146453878,1.922559582,0.4917624824,0.0356255717,0.7379814216,0.4607427709,0,1
1581,52700000000,1,1,-2.826608825,-1.149789938,1.924723363,0.4872263425,0.03546645174,0.7420103095,0.4591005583,0,1
1582,52733333333,1,0,-2.828251932,-1.153115172,1.928150109,0.4808218027,0.03565933174,0.7463007827,0.4588833707,0,1
1583,52766666667,1,0,-2.829471408,-1.15673865,1.931196153,0.4759866522,0.03797797186,0.7483282502,0.4604337201,0,1
1584,52800000000,1,0,-2.827915129,-1.158321371,1.934261208,0.472040674,0.04078452306,0.7505798585,0.4605910342,0,1
1585,52833333333,1,0,-2.830047691,-1.161537769,1.936481914,0.4649856504,0.04117467344,0.7552680529,0.4600686465,0,1
1586,52866666667,1,0,-2.833578861,-1.165667173,1.940443056,0.4601347885,0.04106282987,0.7587979112,0.4591465456,0,1
1587,52900000000,1,0,-2.836076374,-1.169966456,1.945027413,0.4564355693,0.0431422066,0.7607058988,0.4594908668,0,1
1588,52933333333,1,0,-2.837889521,-1.173042311,1.949118742,0.4509553832,0.04471758647,0.7624208782,0.4619025701,0,1
1589,52966666667,1,1,-2.836346778,-1.17549925,1.953374283,0.4465245373,0.04545787149,0.7645997151,0.4625329125,0,1
1590,53000000000,1,0,-2.839488071,-1.179884805,1.957875336,0.4432496734,0.04689781703,0.766895823,0.4617370663,0,1
1591,53033333333,1,0,-2.841899726,-1.184371594,1.962435421,0.4390663949,0.04847453559,0.7683164556,0.463207021,0,1
1592,53066666667,1,0,-2.842967021,-1.188649192,1.968045877,0.4360181907,0.05053396833,0.7692551714,0.4643069423,0,1
1593,53100000000,1,0,-2.846408787,-1.192676074,1.974013408,0.4340306173,0.05148526769,0.7701005101,0.4646632057,0,1
1594,53133333333,1,0,-2.847994919,-1.196879954,1.980777269,0.4313430902,0.05152820656,0.7710732187,0.4655470695,0,1
1595,53166666667,1,0,-2.848585883,-1.20186912,1.987864665,0.4299059624,0.05186166549,0.7718727409,0.4655144498,0,1
1596,53200000000,1,0,-2.850341889,-1.206942425,1.99600676,0.4298637105,0.05138154412,0.7726226969,0.4643611692,0,1
1597,53233333333,1,1,-2.851176517,-1.209900536,2.006514347,0.4287875429,0.05036122406,0.7737257202,0.4636307798,0,1
1598,53266666667,1,0,-2.852739026,-1.214754602,2.015300387,0.4286879966,0.05022499873,0.7733147829,0.4644225421,0,1
1599,53300000000,1,0,-2.855755731,-1.220569892,2.033316213,0.4285397644,0.04841775972,0.7720869958,0.4667880266,0,1
1600,53333333333,1,0,-2.85544427,-1.223850366,2.042025416,0.4269816696,0.04731518239,0.7723781774,0.4678459986,0,1
1601,53366666667,1,0,-2.856408498,-1.228760957,2.051511987,0.4263340281,0.04727209452,0.7724043605,0.4683974268,0,1
1602,53400000000,1,0,-2.857482705,-1.231628309,2.062154376,0.4263303341,0.04720163863,0.7718853484,0.4692626775,0,1
1603,53433333333,1,1,-2.857719568,-1.233582145,2.068295126,0.4253748677,0.04668960715,0.7713043443,0.4711325832,0,1
1604,53466666667,1,0,-2.857494898,-1.237554514,2.075857011,0.4244447502,0.0466215124,0.771528729,0.471610548,0,1
1605,53500000000,1,0,-2.859827228,-1.239029867,2.08507728,0.4254635281,0.045260764,0.7714461431,0.4709597624,0,1
1606,53533333333,1,0,-2.860432401,-1.239980499,2.090226903,0.424337683,0.0449668188,0.7712401739,0.472338978,0,1
1607,53566666667,1,0,-2.859962602,-1.241609719,2.096141387,0.4231309247,0.04408736501,0.7714543116,0.4731540657,0,1
1608,53600000000,1,0,-2.858336988,-1.243059475,2.101396422,0.4217924152,0.04227877566,0.7719312567,0.4737360009,0,1
1609,53633333333,1,0,-2.85839491,-1.245931569,2.107348794,0.4197324049,0.04118246092,0.7726347865,0.4745146993,0,1
1610,53666666667,1,0,-2.857769142,-1.248052052,2.11208102,0.417936101,0.04054366271,0.7727201776,0.4760138171,0,1
1611,53700000000,1,0,-2.856718501,-1.249584091,2.117631032,0.4166907403,0.04034196823,0.7726621724,0.477215381,0,1
1612,53733333333,1,1,-2.852608029,-1.250678271,2.123666813,0.4150308393,0.04007480953,0.7735921268,0.4771777797,0,1
1613,53766666667,1,0,-2.853361031,-1.25278126,2.131449323,0.413615075,0.03865632492,0.7742338576,0.477483185,0,1
1614,53800000000,1,0,-2.850485942,-1.253693186,2.137628453,0.4125433922,0.03826524474,0.7737708152,0.4791893635,0,1
1615,53833333333,1,0,-2.846847382,-1.25545288,2.142372398,0.4124656649,0.03800924559,0.7735655811,0.4796078234,0,1
1616,53866666667,1,0,-2.845748524,-1.256605227,2.148011568,0.4108478658,0.03712093583,0.7744212267,0.4796851373,0,1
1617,53900000000,1,0,-2.843119829,-1.260246854,2.154371794,0.4098798722,0.0361141221,0.7749445157,0.4797449928,0,1
1618,53933333333,1,0,-2.839810173,-1.262236721,2.15862091,0.409655049,0.03749296082,0.7750097266,0.4797259033,0,1
1619,53966666667,1,0,-2.83813775,-1.265440301,2.16326893,0.4079851106,0.03896412923,0.7756490479,0.4799984382,0,1
1620,54000000000,1,0,-2.834733281,-1.26927999,2.16851004,0.4068949195,0.04008580309,0.7760783901,0.4801374651,0,1
1621,54033333333,1,0,-2.830587347,-1.277085662,2.178891491,0.4040475131,0.04403540073,0.7769432642,0.4807968957,0,1
1622,54066666667,1,1,-2.822441283,-1.280661224,2.186738282,0.4018370106,0.04479221451,0.7779991817,0.48087207,0,1
1623,54100000000,1,0,-2.820507481,-1.284847132,2.193335811,0.4002685424,0.04778971691,0.7787468265,0.4806814092,0,1
1624,54133333333,1,0,-2.819566024,-1.288524486,2.200112392,0.3989685015,0.04960102738,0.7786204342,0.4817822042,0,1
1625,54166666667,1,0,-2.812256728,-1.290356444,2.203030314,0.396281943,0.05271358616,0.7785010699,0.4838574001,0,1
1626,54200000000,1,0,-2.808106886,-1.294673207,2.20788507,0.3943834644,0.05494515773,0.7797349032,0.483173047,0,1
1627,54233333333,1,0,-2.807111543,-1.298395151,2.214961836,0.3917842067,0.05555475242,0.7810885158,0.483031609,0,1
1628,54266666667,1,0,-2.802736712,-1.301481483,2.220324035,0.387843096,0.05745211949,0.7816048139,0.4851503909,0,1
1629,54300000000,1,0,-2.800570276,-1.305176766,2.226616801,0.3847705832,0.05971619831,0.7817283736,0.4871204409,0,1
1630,54333333333,1,1,-2.79581388,-1.308649361,2.232914446,0.3797030204,0.05942958045,0.7821888756,0.4903817942,0,1
1631,54366666667,1,0,-2.788930646,-1.310633097,2.236514388,0.376341798,0.06010032397,0.782609194,0.4922170778,0,1
1632,54400000000,1,0,-2.786990985,-1.31390176,2.241801302,0.3742449251,0.06014776143,0.7834891216,0.4924101737,0,1
1633,54433333333,1,0,-2.782070473,-1.315787102,2.246791216,0.3701794526,0.0592366374,0.7844824163,0.4940096479,0,1
1634,54466666667,1,0,-2.77705833,-1.320689561,2.249853869,0.3667986427,0.06053797354,0.7852095574,0.4952169833,0,1
1635,54500000000,1,0,-2.77397609,-1.326075415,2.254580482,0.3646736545,0.06291671698,0.7853631324,0.4962452647,0,1
1636,54533333333,1,0,-2.76946758,-1.328007738,2.259329448,0.3625067167,0.06490398742,0.785610355,0.4971847974,0,1
1637,54566666667,1,0,-2.765462991,-1.332719925,2.263660767,0.3609168252,0.06767352054,0.7857664234,0.4977252935,0,1
1638,54600000000,1,1,-2.761668926,-1.338431875,2.271374909,0.3594224726,0.07023311628,0.785736337,0.4984989511,0,1
1639,54633333333,1,0,-2.758438579,-1.340645551,2.277963082,0.3578206531,0.07239549256,0.7847765479,0.5008483231,0,1
1640,54666666667,1,0,-2.751783099,-1.342574454,2.281614463,0.3562390239,0.0735215841,0.7842573839,0.5026218165,0,1
1641,54700000000,1,0,-2.749832491,-1.346123643,2.285589908,0.3551061634,0.07356623048,0.7846276628,0.5028389933,0,1
1642,54733333333,1,0,-2.746439539,-1.348535951,2.291249487,0.3537758422,0.07134315279,0.784947053,0.5035979865,0,1
1643,54766666667,1,0,-2.739665981,-1.350252445,2.29536332,0.3517485721,0.07043454153,0.7849689195,0.5051096047,0,1
1644,54800000000,1,0,-2.735446225,-1.353313261,2.298862268,0.350351758,0.07056106936,0.7854910334,0.5052510442,0,1
1645,54833333333,1,0,-2.732799975,-1.355046936,2.304169501,0.3492631395,0.06957603132,0.7862167695,0.5050125014,0,1
1646,54866666667,1,0,-2.726734338,-1.357260988,2.308278255,0.3484338297,0.06777149802,0.7872308299,0.5042504445,0,1
1647,54900000000,1,0,-2.723896025,-1.358691112,2.313405723,0.3465699091,0.06547261983,0.7892208824,0.502725604,0,1
1648,54933333333,1,1,-2.721281831,-1.363775249,2.316740483,0.3442233427,0.06334013575,0.7899862043,0.5034084968,0,1
1649,54966666667,1,0,-2.715202369,-1.367834254,2.32191053,0.342937694,0.06272170791,0.7901838275,0.5040528187,0,1
1650,55000000000,1,0,-2.710069116,-1.370106368,2.327111541,0.3414865858,0.0634307701,0.7907058582,0.5041306328,0,1
1651,55033333333,1,0,-2.707339318,-1.372221176,2.332081546,0.3390160912,0.06263413401,0.791858487,0.5040884761,0,1
1652,55066666667,1,0,-2.702625749,-1.375490369,2.337039279,0.3373399595,0.06180425067,0.7927076862,0.5039806649,0,1
1653,55100000000,1,0,-2.69861821,-1.38028623,2.343833205,0.3372158044,0.0615520959,0.7934549988,0.5029174938,0,1
1654,55133333333,1,0,-2.692002823,-1.382269179,2.349392557,0.336038914,0.0613380934,0.7943228573,0.5023611102,0,1
1655,55166666667,1,0,-2.686887272,-1.386727309,2.355535688,0.3342760968,0.06136469742,0.7957972308,0.5011991945,0,1
1656,55200000000,1,0,-2.682865282,-1.388899715,2.361552132,0.3320885812,0.06215632707,0.7972292511,0.5002792084,0,1
1657,55233333333,1,1,-2.677338123,-1.393314864,2.367602581,0.3282758423,0.06423108195,0.7983080836,0.5008128823,0,1
1658,55266666667,1,0,-2.670525631,-1.397354887,2.373124921,0.3256583562,0.0662554142,0.7997786425,0.4999109702,0,1
1659,55300000000,1,0,-2.664712796,-1.403056215,2.379723253,0.3233589911,0.06704748739,0.8019480419,0.4978181751,0,1
1660,55333333333,1,0,-2.661462566,-1.409107272,2.388274191,0.3201496128,0.06893969825,0.8037095098,0.4967922778,0,1
1661,55366666667,1,0,-2.655274092,-1.414350424,2.395086855,0.317119044,0.0709114732,0.8048015918,0.4966905201,0,1
1662,55400000000,1,0,-2.651093248,-1.419840945,2.401788098,0.314631864,0.0724064125,0.8067525821,0.4948882428,0,1
1663,55433333333,1,0,-2.649400188,-1.427392987,2.410865478,0.3115357645,0.07207994213,0.8084124352,0.4941854754,0,1
1664,55466666667,1,1,-2.645061316,-1.433807299,2.417793806,0.3078018997,0.07299834464,0.8091864182,0.4951227857,0,1
1665,55500000000,1,0,-2.640560804,-1.439661046,2.426103799,0.3040688655,0.07579215697,0.8098386828,0.4959425187,0,1
1666,55533333333,1,0,-2.63413958,-1.44331883,2.432112669,0.3015047214,0.07633841198,0.8111274927,0.4953176158,0,1
1667,55566666667,1,0,-2.628857467,-1.449823011,2.439765369,0.2994246882,0.07563606685,0.8132924529,0.4931322617,0,1
1668,55600000000,1,0,-2.625732822,-1.456108681,2.449127575,0.2962950289,0.07654976157,0.8148160668,0.4923658874,0,1
1669,55633333333,1,0,-2.618302941,-1.461362607,2.456937828,0.2946257277,0.0764582778,0.816309825,0.4909053696,0,1
1670,55666666667,1,0,-2.61209796,-1.465507933,2.464226909,0.2939764362,0.07590570031,0.8185064362,0.4877124086,0,1
1671,55700000000,1,1,-2.610910726,-1.475504446,2.471110885,0.2922782066,0.07693692402,0.8201627387,0.4857851805,0,1
1672,55733333333,1,0,-2.605545091,-1.481422465,2.478813069,0.2913979863,0.07845968643,0.821012359,0.48463388,0,1
1673,55766666667,1,0,-2.595440009,-1.48674904,2.481521299,0.2904903003,0.07979371448,0.8226818847,0.4821232884,0,1
1674,55800000000,1,0,-2.590904944,-1.495615837,2.490357097,0.2934953005,0.08136250985,0.8260293972,0.4742531871,0,1
1675,55833333333,1,0,-2.589753811,-1.500616789,2.501689845,0.2935921732,0.08466872975,0.8277621513,0.4705790719,0,1
1676,55866666667,1,0,-2.580223899,-1.505635364,2.5072207,0.2943831672,0.0871726566,0.8290368853,0.4673727866,0,1
1677,55900000000,1,1,-2.580241658,-1.514803128,2.518028154,0.2984725484,0.08800881404,0.8308667814,0.4613339117,0,1
1678,55933333333,1,0,-2.577663497,-1.51849688,2.527766257,0.2982041788,0.08788599879,0.831502224,0.4603850241,0,1
1679,55966666667,1,0,-2.568625841,-1.523412391,2.531608993,0.2977865871,0.08792235988,0.8318014795,0.4601077112,0,1
1680,56000000000,1,0,-2.563013387,-1.528169082,2.537968509,0.2996357887,0.08632034573,0.8331884337,0.4566883248,0,1
1681,56033333333,1,0,-2.558379155,-1.532124067,2.546460455,0.2996421249,0.08483328226,0.8345798579,0.4544165183,0,1
1682,56066666667,1,0,-2.551071991,-1.538466894,2.554232752,0.2991607596,0.08424725771,0.8352161992,0.453672944,0,1
1683,56100000000,1,0,-2.543358794,-1.542016553,2.559808395,0.3006725506,0.08363844726,0.8353696642,0.4525021013,0,1
1684,56133333333,1,0,-2.540477431,-1.546591458,2.566593138,0.3004649144,0.08240911727,0.8358522927,0.4519740229,0,1
1685,56166666667,1,0,-2.531423898,-1.54950267,2.57136844,0.2996071271,0.08004616591,0.8361336442,0.4524474663,0,1
1686,56200000000,1,0,-2.524377751,-1.552640336,2.577378384,0.2995928042,0.07948972475,0.8366552781,0.4515899477,0,1
1687,56233333333,1,1,-2.520816345,-1.559840391,2.586875224,0.2978734481,0.07763558811,0.8370608535,0.452297747,0,1
1688,56266666667,1,0,-2.512032232,-1.561483545,2.589349447,0.2958401083,0.07483420486,0.83777639,0.4527794081,0,1
1689,56300000000,1,0,-2.504071224,-1.563487441,2.593696662,0.2945312404,0.07298212193,0.8387957061,0.4520472561,0,1
1690,56333333333,1,0,-2.498053353,-1.566799918,2.598494525,0.2918793023,0.07238694605,0.8396629887,0.452252881,0,1
1691,56366666667,1,0,-2.490492145,-1.568696561,2.604115979,0.2888739733,0.07207374974,0.8401969833,0.4532397063,0,1
1692,56400000000,1,0,-2.480302465,-1.568300686,2.604741846,0.2868748913,0.07197797062,0.8408540896,0.4533060429,0,1
1693,56433333333,1,0,-2.476334317,-1.572149763,2.612910574,0.2841649569,0.0728514454,0.8422404883,0.4522984679,0,1
1694,56466666667,1,0,-2.470023623,-1.574278628,2.620232584,0.2800235862,0.07403005906,0.8416742619,0.4557310372,0,1
1695,56500000000,1,1,-2.458557707,-1.57612818,2.627196109,0.2752912071,0.0741695039,0.8412849057,0.4592965746,0,1
1696,56533333333,1,0,-2.451875611,-1.577816455,2.631829495,0.2707862587,0.07331242059,0.841311692,0.4620548972,0,1
1697,56566666667,1,0,-2.443847967,-1.578935464,2.637805617,0.2668071969,0.07222446548,0.8408426593,0.4653828193,0,1
1698,56600000000,1,0,-2.433515188,-1.580136004,2.640661961,0.2638560238,0.07169686409,0.8402566382,0.4681969035,0,1
1699,56633333333,1,0,-2.427707261,-1.581138184,2.646319116,0.2611836493,0.07069427774,0.8404126329,0.4695657855,0,1
1700,56666666667,1,0,-2.421467142,-1.582765962,2.652012099,0.2570490015,0.06910853923,0.8399540817,0.4728921243,0,1
1701,56700000000,1,0,-2.412752414,-1.583821715,2.655160846,0.2528251215,0.06872332573,0.839216541,0.4765208912,0,1
1702,56733333333,1,0,-2.404214033,-1.583981739,2.658668077,0.2503270304,0.06776993913,0.8391808655,0.4780367016,0,1
1703,56766666667,1,0,-2.399022202,-1.585314628,2.663952779,0.2479514667,0.06558578219,0.839469212,0.4790720379,0,1
1704,56800000000,1,1,-2.386501889,-1.587665874,2.668749438,0.2433551532,0.06445376284,0.8395950037,0.4813566367,0,1
1705,56833333333,1,0,-2.377401651,-1.589401716,2.670429909,0.2411833948,0.06514611492,0.8395475069,0.4824381177,0,1
1706,56866666667,1,0,-2.372506412,-1.590924271,2.674681166,0.2395235716,0.06436361187,0.8403168677,0.4820304408,0,1
1707,56900000000,1,0,-2.36566272,-1.593570648,2.680154639,0.2374161327,0.06275789775,0.8407019523,0.4826129438,0,1
1708,56933333333,1,0,-2.356919451,-1.593278711,2.680986859,0.2355294023,0.06234885943,0.841011366,0.4830511387,0,1
1709,56966666667,1,0,-2.351806049,-1.596710584,2.686345907,0.2334323047,0.06043964482,0.8423606419,0.4819594977,0,1
1710,57000000000,1,0,-2.34210164,-1.600113192,2.689218166,0.231793578,0.05755037016,0.8430927056,0.4818240154,0,1
1711,57033333333,1,0,-2.335948022,-1.603705291,2.692957215,0.2305711166,0.05879841593,0.8436254442,0.4813271407,0,1
1712,57066666667,1,1,-2.330615372,-1.607676133,2.698504823,0.2284618772,0.05894813653,0.8438815663,0.4818653235,0,1
1713,57100000000,1,0,-2.321366852,-1.60865714,2.698540794,0.2268446063,0.05757182396,0.8444322439,0.4818310857,0,1
1714,57133333333,1,0,-2.312816755,-1.611869681,2.699957786,0.225549247,0.05823046386,0.8463071289,0.47906262,0,1
1715,57166666667,1,0,-2.310235904,-1.61655112,2.708270235,0.2240994215,0.05751959609,0.8483970125,0.4761233606,0,1
1716,57200000000,1,0,-2.301148039,-1.620736496,2.713981678,0.2231965706,0.05585946327,0.8493395271,0.4750635526,0,1
1717,57233333333,1,0,-2.295048394,-1.625941788,2.719985227,0.2234607265,0.05658608731,0.8500004191,0.4736693001,0,1
1718,57266666667,1,0,-2.291568543,-1.630540356,2.728225735,0.2231311598,0.05598629895,0.8503022939,0.4733540206,0,1
1719,57300000000,1,0,-2.281183302,-1.631767363,2.729988811,0.2228319983,0.05502566457,0.8502369296,0.4737248571,0,1
1720,57333333333,1,0,-2.276068636,-1.634961656,2.735514133,0.2230894914,0.05444766965,0.8516183169,0.4711823134,0,1
1721,57366666667,1,1,-2.268110053,-1.643807126,2.747161484,0.220390004,0.05292432292,0.8527356673,0.4706050826,0,1
1722,57400000000,1,0,-2.259307571,-1.647531298,2.754877059,0.2193515947,0.05401236901,0.8523814241,0.4716073045,0,1
1723,57433333333,1,0,-2.253258446,-1.648749159,2.75704261,0.2186889168,0.05575513736,0.8525389746,0.4714274272,0,1
1724,57466666667,1,0,-2.251649276,-1.653137647,2.767701234,0.215876476,0.05490801567,0.8541885881,0.4698343463,0,1
1725,57500000000,1,0,-2.244416146,-1.658657467,2.775862151,0.2121922207,0.05503207992,0.854119287,0.471620796,0,1
1726,57533333333,1,0,-2.237798121,-1.662372227,2.781150221,0.2099536016,0.05825362217,0.8538847707,0.4726592843,0,1
1727,57566666667,1,0,-2.238743345,-1.667146747,2.793828088,0.2065484496,0.05898414556,0.8545737109,0.4728238374,0,1
1728,57600000000,1,0,-2.231615449,-1.667932498,2.798635089,0.2025196852,0.05675689443,0.8543493242,0.4752385341,0,1
1729,57633333333,1,0,-2.223676573,-1.671604689,2.800613635,0.1989744493,0.05732459408,0.8549985398,0.4755003222,0,1
1730,57666666667,1,0,-2.221394068,-1.678470417,2.813179664,0.1955599287,0.05816165992,0.8559811168,0.4750472222,0,1
1731,57700000000,1,1,-2.211385398,-1.680998896,2.820547462,0.192559804,0.05829442687,0.8560765035,0.4760835031,0,1
1732,57733333333,1,0,-2.208475817,-1.683565953,2.825907979,0.1906728672,0.06017011529,0.856723094,0.4754460591,0,1
1733,57766666667,1,0,-2.20569135,-1.689041013,2.83762503,0.1873039855,0.06034503407,0.8571510527,0.4759913514,0,1
1734,57800000000,1,0,-2.197948334,-1.691125361,2.839162583,0.1853750219,0.06007520406,0.8569708114,0.4771038665,0,1
1735,57833333333,1,0,-2.193939759,-1.696385048,2.845789154,0.1837661008,0.06097022016,0.8580995553,0.4755815446,0,1
1736,57866666667,1,0,-2.192798945,-1.701884766,2.858050216,0.1816476173,0.06052420221,0.8588553645,0.4750878097,0,1
1737,57900000000,1,0,-2.186122531,-1.70350106,2.86124591,0.1797698158,0.06110066302,0.8583912689,0.4765647404,0,1
1738,57933333333,1,0,-2.181909175,-1.708187616,2.867210123,0.178157501,0.06208572427,0.8588000903,0.4763062803,0,1
1739,57966666667,1,0,-2.180596402,-1.709703043,2.876238411,0.1774843166,0.06119450504,0.8593267233,0.4757227476,0,1
1740,58000000000,1,0,-2.175527422,-1.7121009,2.881551102,0.1755266924,0.05990180437,0.8594039409,0.4764735255,0,1
1741,58033333333,1,0,-2.170620254,-1.714392248,2.888082738,0.1740890331,0.05927806183,0.8596474823,0.4766396187,0,1
1742,58066666667,1,0,-2.167976279,-1.716049723,2.892182053,0.1731844174,0.0581693117,0.859290585,0.4777480292,0,1
1743,58100000000,1,1,-2.158086865,-1.719614729,2.897517516,0.1701402117,0.05600730077,0.8596751435,0.4784079203,0,1
1744,58133333333,1,0,-2.152129483,-1.724087749,2.902074459,0.1681311592,0.05435878002,0.8604413845,0.4779306019,0,1
1745,58166666667,1,0,-2.145033029,-1.727961939,2.907151217,0.1671964557,0.05362556387,0.8605579638,0.4781313994,0,1
1746,58200000000,1,0,-2.140897789,-1.727483668,2.910434624,0.1673213427,0.05327082005,0.8608734958,0.4775590145,0,1
1747,58233333333,1,0,-2.135069234,-1.728336152,2.914556344,0.1650863631,0.05092201071,0.8618945808,0.4767506404,0,1
1748,58266666667,1,0,-2.126720784,-1.733694184,2.917698582,0.1638178464,0.04916176536,0.8625367676,0.4762112541,0,1
1749,58300000000,1,0,-2.121300272,-1.735841807,2.923583344,0.1637960955,0.04960160724,0.8627486649,0.4757890929,0,1
1750,58333333333,1,0,-2.116559344,-1.733466246,2.927641462,0.1627114049,0.04844524314,0.8631463164,0.4755591379,0,1
1751,58366666667,1,0,-2.107662388,-1.735200013,2.927481753,0.1606678192,0.04557818054,0.8637283386,0.4754806394,0,1
1752,58400000000,1,0,-2.099098687,-1.737080488,2.932451593,0.1593602513,0.04426352319,0.8650495803,0.4736393929,0,1
1753,58433333333,1,0,-2.092962939,-1.737495218,2.940357879,0.1571466738,0.04340358772,0.8659347978,0.4728403297,0,1
1754,58466666667,1,0,-2.083502296,-1.738027688,2.940928896,0.154614954,0.04273162066,0.8662679919,0.4731257664,0,1
1755,58500000000,1,0,-2.076197004,-1.740943405,2.94395309,0.1524820105,0.04332512372,0.8672027934,0.4720502994,0,1
1756,58533333333,1,1,-2.065127109,-1.747859632,2.954602553,0.1484702097,0.04367570867,0.8676092055,0.4725497814,0,1
1757,58566666667,1,0,-2.054426273,-1.747359934,2.954221292,0.1460163643,0.04551827795,0.866779927,0.4746576302,0,1
1758,58600000000,1,0,-2.046206631,-1.747827653,2.955618428,0.1444057922,0.04708206498,0.8673343217,0.4739846209,0,1
1759,58633333333,1,0,-2.040615856,-1.748998261,2.965333093,0.1417468797,0.04766970597,0.867659656,0.4741330431,0,1
1760,58666666667,1,0,-2.03183054,-1.748823535,2.966936689,0.1385877838,0.04903485606,0.8665115653,0.4770185701,0,1
1761,58700000000,1,0,-2.024522265,-1.746924422,2.97076043,0.1352395707,0.04989184622,0.8659311402,0.4789408342,0,1
1762,58733333333,1,0,-2.017186205,-1.748241998,2.973523918,0.1312902858,0.04870850184,0.8655947682,0.4807660969,0,1
1763,58766666667,1,0,-2.007618885,-1.751187586,2.978806811,0.1281861262,0.04759245808,0.8650400441,0.4827100548,0,1
1764,58800000000,1,0,-2.000672198,-1.75078444,2.980901684,0.1253493175,0.04892798696,0.8636459901,0.4858077855,0,1
1765,58833333333,1,1,-1.985126308,-1.751756647,2.988838548,0.1194365688,0.04852180277,0.8633277779,0.4878992607,0,1
1766,58866666667,1,0,-1.975008694,-1.751149499,2.985258001,0.115783325,0.04760294295,0.8629485099,0.48953861,0,1
1767,58900000000,1,0,-1.967244973,-1.75616926,2.988209512,0.1124652308,0.04875781097,0.8636864679,0.4888966485,0,1
1768,58933333333,1,0,-1.961633477,-1.760804946,2.99511419,0.1088415175,0.05140439932,0.8629837796,0.4906833071,0,1
1769,58966666667,1,0,-1.952154248,-1.756739694,2.991146742,0.1058410343,0.05289377524,0.8621861032,0.4925799909,0,1
1770,59000000000,1,0,-1.944340888,-1.760817783,2.988547707,0.1025536684,0.05442125993,0.8630169005,0.4916532325,0,1
1771,59033333333,1,0,-1.937806593,-1.765445811,2.994452987,0.09948568183,0.05669650265,0.8639424344,0.4903994043,0,1
1772,59066666667,1,0,-1.929339745,-1.76725471,2.9957506,0.09669517462,0.05931197324,0.864069949,0.4904235478,0,1
1773,59100000000,1,0,-1.922189034,-1.768927968,2.996188141,0.09508097108,0.0598071937,0.8650639242,0.4889244477,0,1
1774,59133333333,1,0,-1.914809919,-1.775488021,3.000142918,0.09366499716,0.05939183928,0.866095217,0.4874203041,0,1
1775,59166666667,1,0,-1.908059045,-1.778638157,3.004597401,0.09207854792,0.05931547886,0.8662588231,0.4874411415,0,1
1776,59200000000,1,1,-1.893804375,-1.780733122,3.002956708,0.08887381862,0.05935059909,0.866123417,0.4882716225,0,1
1777,59233333333,1,0,-1.890377018,-1.780120426,3.006248125,0.08741843532,0.05791431078,0.8675063771,0.4862475043,0,1
1778,59266666667,1,0,-1.882740371,-1.780857215,3.003541845,0.08265992152,0.05617248035,0.868152589,0.4861307149,0,1
1779,59300000000,1,0,-1.881787531,-1.778721949,3.001745062,0.07764312504,0.05401258621,0.8703932451,0.4831871113,0,1
1780,59333333333,1,0,-1.87008437,-1.782511066,3.001880886,0.06863470407,0.05029059472,0.8727479467,0.4806986114,0,1
1781,59366666667,1,0,-1.863366825,-1.784080577,3.006708934,0.06293080544,0.04776287318,0.8751539674,0.4773509768,0,1
1782,59400000000,1,1,-1.854782576,-1.789196755,3.010021792,0.05447537429,0.04561726537,0.8756162804,0.4777526852,0,1
1783,59433333333,1,0,-1.845074325,-1.790323569,3.007328848,0.04929805961,0.0439215627,0.876138252,0.47751687,0,1
1784,59466666667,1,0,-1.84046834,-1.790473264,3.009672167,0.04460676665,0.04209219917,0.8775946448,0.4754641128,0,1
1785,59500000000,1,0,-1.832622507,-1.794020574,3.013007078,0.03795714533,0.04184811208,0.8777465912,0.4757824212,0,1
1786,59533333333,1,0,-1.824239992,-1.790941111,3.011206692,0.03320461752,0.04263812123,0.8780357906,0.4755340098,0,1
1787,59566666667,1,0,-1.822152229,-1.793329139,3.016595769,0.02740629046,0.0430605254,0.8784552734,0.4750905377,0,1
1788,59600000000,1,0,-1.81058635,-1.793656888,3.018683713,0.02079698758,0.04538682548,0.8773814343,0.4771889984,0,1
1789,59633333333,1,1,-1.802627086,-1.790292829,3.016408732,0.01683302419,0.04863579103,0.8771447956,0.4774601729,0,1
1790,59666666667,1,0,-1.803678241,-1.793388317,3.024318938,0.01136145031,0.04982802957,0.8768573419,0.4780264499,0,1
1791,59700000000,1,0,-1.794267031,-1.790397744,3.025854326,0.004749543893,0.05086678236,0.8749892844,0.4814392636,0,1
1792,59733333333,1,0,-1.781900636,-1.789448366,3.030342206,-0.006655076196,0.05841819877,0.8724109153,0.4852238853,0,1
1793,59766666667,1,0,-1.772520786,-1.787203216,3.031569284,-0.0110106641,0.05911469657,0.8711906202,0.487248521,0,1
1794,59800000000,1,0,-1.768031609,-1.788176216,3.033171507,-0.01396518252,0.06083214783,0.8703660306,0.488433615,0,1
1795,59833333333,1,1,-1.761092369,-1.788886844,3.04013315,-0.01740926441,0.06058943181,0.8689253261,0.4909120247,0,1
1796,59866666667,1,0,-1.752061063,-1.782864021,3.033959598,-0.0202040116,0.06138443492,0.8679097702,0.4925001317,0,1
1797,59900000000,1,0,-1.748632352,-1.785065281,3.037275441,-0.02293456064,0.0607217873,0.8684155847,0.4915701808,0,1
1798,59933333333,1,0,-1.740812677,-1.780763136,3.039597323,-0.02609967304,0.05852059049,0.8681631307,0.4921249091,0,1
1799,59966666667,1,0,-1.732601771,-1.778190706,3.036760909,-0.03169172251,0.0590172983,0.8678255386,0.4923326394,0,1
1800,60000000000,1,0,-1.727154045,-1.783651265,3.04396622,-0.03575972818,0.05897902274,0.867297196,0.4929891383,0,1
1801,60033333333,1,0,-1.719298153,-1.777371581,3.042475067,-0.03847319403,0.0575269151,0.865634568,0.4958702069,0,1
1802,60066666667,1,0,-1.712564453,-1.769524004,3.036290178,-0.04340145589,0.05738206813,0.8646360257,0.4972204289,0,1
1803,60100000000,1,0,-1.707235356,-1.769728479,3.037674905,-0.0480459367,0.05443825252,0.8645522849,0.4972699581,0,1
1804,60133333333,1,0,-1.696956381,-1.765188458,3.035268129,-0.0517272952,0.05164637572,0.8641050856,0.4979752402,0,1
1805,60166666667,1,1,-1.685696731,-1.764675491,3.029167798,-0.05632891149,0.05059709319,0.8634125357,0.4987843031,0,1
1806,60200000000,1,0,-1.675756139,-1.76476317,3.030524536,-0.05990353301,0.04978734963,0.8633378294,0.4985785584,0,1
1807,60233333333,1,0,-1.665341,-1.758542266,3.024275806,-0.06256057494,0.04968857046,0.8634987463,0.4979830675,0,1
1808,60266666667,1,0,-1.656539051,-1.758506175,3.025266716,-0.06630386223,0.05034914042,0.863985838,0.4965855754,0,1
1809,60300000000,1,0,-1.644629239,-1.753938885,3.0223117,-0.07023874654,0.05233920765,0.8639219139,0.4959496472,0,1
1810,60333333333,1,0,-1.635493501,-1.752657955,3.017962426,-0.07304563032,0.05457933642,0.8641180645,0.494960001,0,1
1811,60366666667,1,0,-1.623381303,-1.753577927,3.01482152,-0.07571872664,0.05703517756,0.8643593906,0.4938587924,0,1
1812,60400000000,1,0,-1.614911912,-1.752158434,3.012748193,-0.07698045141,0.05940605249,0.8645411063,0.4930655195,0,1
1813,60433333333,1,1,-1.604316442,-1.747050912,3.007175478,-0.07997778852,0.06062162591,0.8642222471,0.4929994721,0,1
1814,60466666667,1,0,-1.593671715,-1.744527752,2.997894411,-0.08303857013,0.06206673669,0.8648878674,0.4911428437,0,1
1815,60500000000,1,0,-1.588094726,-1.748600756,3.001239466,-0.08552815563,0.06387209835,0.8658852499,0.4887208034,0,1
1816,60533333333,1,0,-1.577650703,-1.745100427,3.000120863,-0.0888601092,0.06641201677,0.8649395525,0.4894618428,0,1
1817,60566666667,1,0,-1.56849474,-1.739678306,2.984391914,-0.09279316392,0.06971163642,0.8637308348,0.4904067306,0,1
1818,60600000000,1,0,-1.563544732,-1.744717986,2.984603242,-0.09465580399,0.06942140335,0.8646862683,0.4884041411,0,1
1819,60633333333,1,1,-1.551831853,-1.744528844,2.984123382,-0.09847940604,0.06970982868,0.8636672406,0.4894090762,0,1
1820,60666666667,1,0,-1.543015454,-1.739431333,2.970765166,-0.1020387169,0.07266122748,0.8623801663,0.4905190059,0,1
1821,60700000000,1,0,-1.537154941,-1.741617382,2.969661665,-0.1041409186,0.07179563882,0.8629188459,0.4892556802,0,1
1822,60733333333,1,0,-1.529421668,-1.73933911,2.965341839,-0.107008259,0.06930455975,0.862390656,0.4899270016,0,1
1823,60766666667,1,0,-1.519775038,-1.734303728,2.959895068,-0.1116127665,0.07028562854,0.8617320138,0.4899188271,0,1
1824,60800000000,1,0,-1.512674508,-1.734043552,2.956520436,-0.1141039701,0.06879213628,0.8614650706,0.4900263851,0,1
1825,60833333333,1,0,-1.504608029,-1.72960471,2.952768778,-0.1175561449,0.06421375545,0.8607601652,0.4910693276,0,1
1826,60866666667,1,0,-1.494077635,-1.725461025,2.946553847,-0.1220957463,0.06342826899,0.8599936453,0.4914065663,0,1
1827,60900000000,1,1,-1.485141066,-1.729078427,2.949195427,-0.1260581344,0.06551173758,0.8590652399,0.4917565175,0,1
1828,60933333333,1,0,-1.478049869,-1.723943972,2.942764472,-0.1290750878,0.06579637344,0.8571842599,0.4942121039,0,1
1829,60966666667,1,0,-1.47117944,-1.716970122,2.934035695,-0.1336043494,0.06616494474,0.8560597309,0.4949078854,0,1
1830,61000000000,1,0,-1.462854379,-1.716696301,2.936552359,-0.1389346365,0.06736092746,0.8559226336,0.49351405,0,1
1831,61033333333,1,0,-1.452692985,-1.713900342,2.938830003,-0.1438224539,0.0673186547,0.8544152275,0.4947301481,0,1
1832,61066666667,1,0,-1.444572117,-1.704054755,2.928596217,-0.1493028774,0.06831137597,0.8525034575,0.4962661198,0,1
1833,61100000000,1,1,-1.436795272,-1.703777217,2.926178879,-0.1554855878,0.06867690635,0.8519559982,0.4952561879,0,1
1834,61133333333,1,0,-1.427006573,-1.699596997,2.927977957,-0.1608007796,0.06864017831,0.8511499919,0.4949498221,0,1
1835,61166666667,1,0,-1.417501488,-1.690389362,2.918019716,-0.1670637331,0.07065396453,0.8499958109,0.4945754217,0,1
1836,61200000000,1,0,-1.410032675,-1.692992291,2.917873953,-0.1715934471,0.07080417046,0.8507290406,0.4917342351,0,1
1837,61233333333,1,0,-1.403406715,-1.690207291,2.919875024,-0.1767055088,0.07084718576,0.8503111402,0.4906391793,0,1
1838,61266666667,1,0,-1.394731565,-1.686867052,2.916404298,-0.1837156627,0.07440563819,0.8492890322,0.4893061373,0,1
1839,61300000000,1,1,-1.38567022,-1.688976425,2.919377296,-0.189496613,0.07662659376,0.8484868489,0.4881490204,0,1
1840,61333333333,1,0,-1.379599055,-1.686307273,2.916625227,-0.1949010527,0.07586578976,0.8467354074,0.48918004,0,1
1841,61366666667,1,0,-1.372680551,-1.681898232,2.912819801,-0.201357815,0.07534083939,0.8450123863,0.4896252193,0,1
1842,61400000000,1,0,-1.363249423,-1.68153477,2.913413092,-0.208378538,0.07568703062,0.8434136936,0.4893906413,0,1
1843,61433333333,1,0,-1.355134369,-1.678966066,2.913206364,-0.2135846728,0.0758572098,0.8419379704,0.4896608267,0,1
1844,61466666667,1,0,-1.347564069,-1.673487057,2.908990363,-0.2179328737,0.07544820545,0.8410902656,0.4892647505,0,1
1845,61500000000,1,1,-1.342236041,-1.674148648,2.906300815,-0.2220231753,0.07421533605,0.8409807734,0.4878002997,0,1
1846,61533333333,1,0,-1.332829315,-1.672262194,2.909455195,-0.2265799669,0.07505664688,0.8407579377,0.4859568999,0,1
1847,61566666667,1,0,-1.326676457,-1.670410732,2.90789542,-0.2305125758,0.07718166963,0.839553407,0.4858569945,0,1
1848,61600000000,1,0,-1.320300534,-1.670339245,2.905289266,-0.2349070969,0.07768097506,0.8378760212,0.4865676675,0,1
1849,61633333333,1,0,-1.312815339,-1.665967574,2.902317257,-0.2386254714,0.07666079196,0.8366429393,0.4870416815,0,1
1850,61666666667,1,0,-1.305968556,-1.664763789,2.899376521,-0.2422533925,0.07675112575,0.8356142824,0.4870023917,0,1
1851,61700000000,1,0,-1.297586262,-1.663439487,2.898895249,-0.2462444226,0.076754098,0.8343411122,0.4871831292,0,1
1852,61733333333,1,0,-1.288577825,-1.656396356,2.890656557,-0.2488237331,0.07482976468,0.8333988356,0.4877844165,0,1
1853,61766666667,1,1,-1.283639572,-1.65276077,2.881978245,-0.2510117433,0.07267037373,0.8336631225,0.4865366582,0,1
1854,61800000000,1,0,-1.276485808,-1.654421418,2.886896995,-0.2548305048,0.07347533343,0.8337029252,0.4843575351,0,1
1855,61833333333,1,0,-1.269306379,-1.649907975,2.879930526,-0.2577649465,0.07273274762,0.8327799673,0.4845045984,0,1
1856,61866666667,1,0,-1.262363276,-1.647097115,2.871770737,-0.261338375,0.07161224662,0.8322413263,0.4836820388,0,1
1857,61900000000,1,0,-1.252561574,-1.64565492,2.871909787,-0.2647154383,0.07129875777,0.8322891599,0.4818059549,0,1
1858,61933333333,1,0,-1.244934305,-1.640707451,2.864166824,-0.2660108364,0.07112000069,0.8319973468,0.4816228766,0,1
1859,61966666667,1,0,-1.23884264,-1.639620864,2.859398582,-0.2675298283,0.0712091034,0.8318697072,0.4809884041,0,1
1860,62000000000,1,0,-1.232706674,-1.636996171,2.853147106,-0.2705815296,0.07099283024,0.8307654038,0.48122188,0,1
1861,62033333333,1,1,-1.219498374,-1.628756894,2.845283732,-0.2761860816,0.07215538797,0.8298854698,0.4793797611,0,1
1862,62066666667,1,0,-1.212516254,-1.626534718,2.838835901,-0.2771369563,0.07369711135,0.8304221727,0.4776639596,0,1
1863,62100000000,1,0,-1.207050147,-1.623705618,2.835353381,-0.2800119399,0.07546468206,0.8297193877,0.4769320003,0,1
1864,62133333333,1,0,-1.19822435,-1.619750573,2.82861832,-0.2824645204,0.07685128959,0.8285911777,0.4772256638,0,1
1865,62166666667,1,0,-1.192741357,-1.614436177,2.822810071,-0.2835437362,0.07833119552,0.8277331721,0.4778336208,0,1
1866,62200000000,1,0,-1.186348782,-1.608968965,2.812880693,-0.2863023426,0.07889979596,0.8261403843,0.4788505573,0,1
1867,62233333333,1,1,-1.176628949,-1.603949193,2.802537688,-0.2891590446,0.07751209352,0.8250572826,0.4792279236,0,1
1868,62266666667,1,0,-1.170862236,-1.600607159,2.79930037,-0.2904773213,0.07854968681,0.8247820065,0.478735328,0,1
1869,62300000000,1,0,-1.16628296,-1.59581126,2.791791004,-0.2933941869,0.08066987502,0.8225414955,0.4804557321,0,1
1870,62333333333,1,0,-1.161147005,-1.589249172,2.778579236,-0.2966709832,0.08192605083,0.8204613576,0.4817858555,0,1
1871,62366666667,1,0,-1.158395582,-1.585182228,2.766435707,-0.2981186232,0.08083474583,0.8203371837,0.4812877885,0,1
1872,62400000000,1,0,-1.152776545,-1.584081364,2.766198391,-0.2999107511,0.07971687978,0.8210141085,0.4792020389,0,1
1873,62433333333,1,0,-1.144970436,-1.574709985,2.758985143,-0.3023541938,0.08124681755,0.8199944031,0.4791555854,0,1
1874,62466666667,1,1,-1.13870872,-1.571032945,2.748429315,-0.3035329698,0.08129658752,0.8195574097,0.4791495104,0,1
1875,62500000000,1,0,-1.135967647,-1.571281609,2.745278941,-0.3041401612,0.07935609032,0.8190932906,0.479882855,0,1
1876,62533333333,1,0,-1.130301762,-1.563760933,2.737060265,-0.3060401076,0.07792833951,0.8178682961,0.4809969612,0,1
1877,62566666667,1,0,-1.124783021,-1.558912176,2.723482533,-0.3073371296,0.07792172809,0.8175707028,0.4806768551,0,1
1878,62600000000,1,0,-1.120317519,-1.561564636,2.725254753,-0.3070909244,0.07715677552,0.8185250519,0.4793315507,0,1
1879,62633333333,1,0,-1.112368828,-1.553518951,2.716989689,-0.308540718,0.07726444327,0.8169118779,0.4811318061,0,1
1880,62666666667,1,0,-1.109967561,-1.549034653,2.706487109,-0.3088899399,0.07933935947,0.8166315485,0.4810459282,0,1
1881,62700000000,1,0,-1.106302481,-1.548672629,2.704539164,-0.309440042,0.07865789582,0.8164925978,0.4810401579,0,1
1882,62733333333,1,0,-1.104856521,-1.544279118,2.697144417,-0.31121549,0.07765263621,0.8151287228,0.4823693109,0,1
1883,62766666667,1,1,-1.095978605,-1.538650036,2.690076764,-0.314591952,0.07745589145,0.8145733553,0.4811473137,0,1
1884,62800000000,1,0,-1.093518672,-1.536381991,2.688554809,-0.31535399,0.07767186643,0.8144770196,0.4807765872,0,1
1885,62833333333,1,0,-1.089513669,-1.532465583,2.681705663,-0.31788266,0.07754294927,0.8128563976,0.4818736165,0,1
1886,62866666667,1,0,-1.086734649,-1.527808603,2.675550613,-0.3196559866,0.07730753811,0.8123093258,0.4816608288,0,1
1887,62900000000,1,0,-1.082794128,-1.52442978,2.672510443,-0.3220272984,0.07820345401,0.8118105431,0.4807767475,0,1
1888,62933333333,1,0,-1.080685268,-1.520467907,2.66724604,-0.3251743926,0.07942975855,0.8100856425,0.4813665751,0,1
1889,62966666667,1,0,-1.079273953,-1.515968462,2.6606476,-0.3297193483,0.08113140832,0.8082315829,0.4811076329,0,1
1890,63000000000,1,1,-1.072238634,-1.512247422,2.655612593,-0.3355819029,0.08156778975,0.8065255595,0.4798416447,0,1
1891,63033333333,1,0,-1.069951088,-1.508645131,2.651604901,-0.3410276123,0.08255142105,0.8044962757,0.4792402038,0,1
1892,63066666667,1,0,-1.068310656,-1.502594183,2.646536821,-0.3470084384,0.08361006409,0.802536901,0.4780470933,0,1
1893,63100000000,1,0,-1.065160397,-1.498217721,2.640077537,-0.3526738681,0.08416877725,0.8006618922,0.4769457979,0,1
1894,63133333333,1,0,-1.063296649,-1.493651878,2.636428942,-0.357984528,0.08577067002,0.7993633178,0.4748776221,0,1
1895,63166666667,1,0,-1.059151776,-1.488502543,2.633945157,-0.3643972205,0.08837079557,0.7973113853,0.4729691566,0,1
1896,63200000000,1,1,-1.053887194,-1.482082215,2.617707152,-0.374288447,0.09131105087,0.7934790901,0.4711277788,0,1
1897,63233333333,1,0,-1.049313446,-1.478529717,2.611374785,-0.379936987,0.09215451381,0.791884534,0.4691207908,0,1
1898,63266666667,1,0,-1.045580338,-1.474744135,2.605463421,-0.3841298248,0.09310926505,0.7912210884,0.4666306159,0,1
1899,63300000000,1,0,-1.03987445,-1.473226772,2.606838467,-0.3862292821,0.09253308739,0.7917096923,0.4641770486,0,1
1900,63333333333,1,0,-1.035516606,-1.467729976,2.599048587,-0.3905516423,0.09256348764,0.7895937816,0.4641584595,0,1
1901,63366666667,1,0,-1.030699066,-1.463499309,2.590726487,-0.3947591632,0.09439470964,0.7891391069,0.460992746,0,1
1902,63400000000,1,0,-1.023901537,-1.461567939,2.588765187,-0.3966412273,0.09600989559,0.7898536335,0.4578089933,0,1
1903,63433333333,1,0,-1.019303757,-1.45940657,2.583731294,-0.3985708942,0.09695325452,0.7892770916,0.4569277639,0,1
1904,63466666667,1,1,-1.013208897,-1.453533014,2.580713028,-0.4005646813,0.09960781925,0.7894690297,0.4542740027,0,1
1905,63500000000,1,0,-1.008634681,-1.451224507,2.581049631,-0.3996961504,0.1018317114,0.7902634926,0.4531632179,0,1
1906,63533333333,1,0,-1.003141249,-1.447984093,2.577391545,-0.4005260105,0.1030905551,0.7884695509,0.455265878,0,1
1907,63566666667,1,0,-1.002381423,-1.442153707,2.568758418,-0.4013928358,0.1041346442,0.7866999501,0.4573215016,0,1
1908,63600000000,1,0,-0.9981432743,-1.439524325,2.566509691,-0.402951121,0.1030206982,0.7861957502,0.4570704236,0,1
1909,63633333333,1,0,-0.9954116481,-1.435098132,2.56023909,-0.4047874468,0.1026275781,0.7839132159,0.4594505122,0,1
1910,63666666667,1,0,-0.99371225,-1.428157284,2.548801918,-0.4065616401,0.1038411339,0.7823931471,0.4602017112,0,1
1911,63700000000,1,0,-0.9912469609,-1.427485147,2.54628884,-0.4064779649,0.1027849824,0.7828952402,0.4596585193,0,1
1912,63733333333,1,0,-0.9877945102,-1.423067844,2.537259406,-0.4081849282,0.1001300859,0.7812903187,0.4614590646,0,1
1913,63766666667,1,0,-0.9857144006,-1.416947462,2.529538383,-0.4092579759,0.1003007083,0.7813702742,0.4603348473,0,1
1914,63800000000,1,0,-0.9790661341,-1.410795113,2.528431292,-0.409886898,0.1002424053,0.7822651109,0.4582635565,0,1
1915,63833333333,1,0,-0.9795987581,-1.407086535,2.518455914,-0.409752259,0.0984089753,0.7804766678,0.4618169885,0,1
1916,63866666667,1,0,-0.9786674546,-1.400085527,2.510592927,-0.4106034865,0.09746366117,0.7805254129,0.4611785896,0,1
1917,63900000000,1,1,-0.9723383547,-1.396628031,2.5074371,-0.4100620691,0.09629037459,0.7814060673,0.460414836,0,1
1918,63933333333,1,0,-0.9694092772,-1.389650596,2.500346747,-0.4089020161,0.09750576667,0.7807067235,0.4623729864,0,1
1919,63966666667,1,0,-0.9699941993,-1.383592388,2.489322142,-0.4074450627,0.09826343225,0.7801720719,0.4643967668,0,1
1920,64000000000,1,0,-0.9685846069,-1.37955388,2.482353107,-0.406690413,0.09717886612,0.7804258245,0.4648598804,0,1
1921,64033333333,1,0,-0.9683376977,-1.374815693,2.471881104,-0.4066434198,0.09569103399,0.7800730985,0.4658007258,0,1
1922,64066666667,1,0,-0.9643841582,-1.369021576,2.465261568,-0.4065150102,0.09575908332,0.7813029598,0.463833407,0,1
1923,64100000000,1,0,-0.961317995,-1.363632684,2.458865112,-0.4047113589,0.09616265123,0.7820017377,0.4641494833,0,1
1924,64133333333,1,0,-0.960730671,-1.359100717,2.451690372,-0.4032024822,0.09698445293,0.7817693911,0.4656805702,0,1
1925,64166666667,1,0,-0.9598804367,-1.353315473,2.442481748,-0.4018661736,0.09582113331,0.7814523284,0.4676046913,0,1
1926,64200000000,1,1,-0.9613782922,-1.347498719,2.433261946,-0.3990858917,0.09709276441,0.7825081186,0.467957787,0,1
1927,64233333333,1,0,-0.9587714579,-1.342252284,2.431069909,-0.396667631,0.09645634217,0.7840783259,0.4675169981,0,1
1928,64266666667,1,0,-0.9573941319,-1.335759894,2.421393672,-0.3955991335,0.0960243118,0.7830095328,0.4702943001,0,1
1929,64300000000,1,0,-0.9582439326,-1.32913886,2.408179738,-0.3933799071,0.09638860151,0.783186179,0.4717847976,0,1
1930,64333333333,1,0,-0.9556114625,-1.324016869,2.407539082,-0.3897829757,0.09540261138,0.7863309253,0.4697352974,0,1
1931,64366666667,1,0,-0.9501815942,-1.315287751,2.404366844,-0.3887288268,0.0929577322,0.786656965,0.4705524186,0,1
1932,64400000000,1,1,-0.9511638747,-1.311788104,2.38717012,-0.3885184159,0.09546938753,0.7834729181,0.4755094355,0,1
1933,64433333333,1,0,-0.9494515216,-1.304098691,2.383675408,-0.3831095551,0.09593990319,0.7878698038,0.4725291271,0,1
1934,64466666667,1,0,-0.9476233397,-1.298693855,2.384204227,-0.3776113917,0.09392792153,0.791009695,0.4721131695,0,1
1935,64500000000,1,0,-0.9441743265,-1.291938041,2.374644792,-0.3755573183,0.0921079728,0.790872573,0.474334687,0,1
1936,64533333333,1,0,-0.9410013581,-1.285535913,2.367447698,-0.3710878748,0.09184141209,0.7931991569,0.4740190309,0,1
1937,64566666667,1,0,-0.9366951842,-1.279374171,2.369340299,-0.3649302293,0.09126828179,0.7969982474,0.4725355248,0,1
1938,64600000000,1,1,-0.9327677489,-1.274541998,2.363315271,-0.3625616185,0.08871323097,0.7960291033,0.4764626976,0,1
1939,64633333333,1,0,-0.9320352395,-1.270983697,2.352030977,-0.3604161718,0.08796344132,0.795356985,0.4793431783,0,1
1940,64666666667,1,0,-0.9268263881,-1.266138289,2.353958645,-0.3553327893,0.08452113212,0.7992247899,0.4773201465,0,1
1941,64700000000,1,0,-0.9209625624,-1.261301453,2.353144291,-0.3525986604,0.08263801385,0.7992625314,0.479608746,0,1
1942,64733333333,1,0,-0.9184799225,-1.256759864,2.343590413,-0.3493665808,0.0827636403,0.7982563615,0.4836113661,0,1
1943,64766666667,1,0,-0.9143866688,-1.252514569,2.343439229,-0.344314868,0.08160019253,0.8006508898,0.4834737149,0,1
1944,64800000000,1,0,-0.911964065,-1.249162093,2.341870133,-0.3399903626,0.0796642525,0.8011837909,0.4859677905,0,1
1945,64833333333,1,1,-0.8995380891,-1.244178148,2.331523751,-0.3419230646,0.07655175905,0.7994198554,0.4880126441,0,1
1946,64866666667,1,0,-0.894691786,-1.239584649,2.330241722,-0.3381029039,0.07609215636,0.8011643315,0.4878853595,0,1
1947,64900000000,1,0,-0.8900931057,-1.234185227,2.334069033,-0.3349244327,0.0745803936,0.8024650863,0.4881733039,0,1
1948,64933333333,1,0,-0.8843447833,-1.231794963,2.326399352,-0.3351346851,0.07389739182,0.799971709,0.4922084752,0,1
1949,64966666667,1,0,-0.8775066022,-1.227812078,2.325789836,-0.3321360002,0.07287109363,0.8014015387,0.4920681405,0,1
1950,65000000000,1,0,-0.8717982905,-1.2250148,2.326749784,-0.328834045,0.07119996158,0.8017473458,0.4939634903,0,1
1951,65033333333,1,0,-0.8655407028,-1.224398794,2.319520195,-0.3282207265,0.07059737644,0.7998608463,0.4975035595,0,1
1952,65066666667,1,1,-0.854127306,-1.219806413,2.317544375,-0.3267064792,0.06941661679,0.801973566,0.4952601431,0,1
1953,65100000000,1,0,-0.8475312989,-1.217204123,2.323072849,-0.3229573678,0.06771861696,0.8046857505,0.4935519936,0,1
1954,65133333333,1,0,-0.8382231691,-1.218344095,2.315703398,-0.3233486736,0.06781869859,0.8028823828,0.4962117882,0,1
1955,65166666667,1,0,-0.8307577345,-1.217801216,2.315799955,-0.3193863728,0.06920676738,0.8054569535,0.4944106231,0,1
1956,65200000000,1,0,-0.823417637,-1.215712193,2.319995433,-0.3158319447,0.06917654014,0.8078552441,0.4927826027,0,1
1957,65233333333,1,0,-0.8161553814,-1.215384309,2.318407938,-0.314880331,0.06923859105,0.8080055451,0.4931363236,0,1
1958,65266666667,1,0,-0.807269044,-1.215836324,2.317073459,-0.313246944,0.06880203755,0.8090491781,0.4925262015,0,1
1959,65300000000,1,1,-0.7912615,-1.208581243,2.323996398,-0.3135270932,0.06606508038,0.8120985135,0.4876803988,0,1
1960,65333333333,1,0,-0.7837474079,-1.209398594,2.322703808,-0.3136727731,0.06579121305,0.8109735861,0.4894923394,0,1
1961,65366666667,1,0,-0.7749207234,-1.209799846,2.322718457,-0.3135779872,0.06560497271,0.8110661681,0.4894246668,0,1
1962,65400000000,1,0,-0.7652631295,-1.209042532,2.324904747,-0.3133658433,0.06515278517,0.8114780913,0.4889379002,0,1
1963,65433333333,1,0,-0.7578904338,-1.209253159,2.325455858,-0.3130934187,0.06573423836,0.8113500903,0.4892469234,0,1
1964,65466666667,1,0,-0.7485926704,-1.208804587,2.327318971,-0.3124431292,0.06558499032,0.8119096666,0.4887541237,0,1
1965,65500000000,1,1,-0.7338555431,-1.202358035,2.3310539,-0.3145583245,0.06369907763,0.8123881635,0.4868479842,0,1
1966,65533333333,1,0,-0.7257096158,-1.203697802,2.328358041,-0.3145285975,0.06412495379,0.8110753899,0.4889953615,0,1
1967,65566666667,1,0,-0.7162414996,-1.202403723,2.333216275,-0.3126898863,0.06337129884,0.812600449,0.487739299,0,1
1968,65600000000,1,0,-0.7061684614,-1.201653145,2.334822571,-0.3125900523,0.06339729623,0.8115151935,0.4896032402,0,1
1969,65633333333,1,0,-0.698274125,-1.203118843,2.332889346,-0.3118180699,0.06414936092,0.8103488899,0.4919238025,0,1
1970,65666666667,1,0,-0.6894399954,-1.202915158,2.332952353,-0.3103909513,0.06292090496,0.8107146765,0.492382098,0,1
1971,65700000000,1,0,-0.6782358221,-1.202198816,2.335807475,-0.3085851328,0.06120771788,0.8115978475,0.4922781379,0,1
1972,65733333333,1,1,-0.6625791815,-1.194696372,2.335659766,-0.3102381585,0.06088644106,0.8118268162,0.4908995282,0,1
1973,65766666667,1,0,-0.6545329666,-1.19488359,2.336756506,-0.3070896883,0.06234857108,0.8126148028,0.4913916578,0,1
1974,65800000000,1,0,-0.6460786871,-1.195477017,2.336993674,-0.3048487083,0.06104826727,0.8131641905,0.4920410281,0,1
1975,65833333333,1,0,-0.633504286,-1.194474121,2.336767664,-0.3040152883,0.05964985199,0.8138476021,0.491598088,0,1
1976,65866666667,1,0,-0.6223238115,-1.195405459,2.335201953,-0.3014289967,0.06135394308,0.81481021,0.4913863808,0,1
1977,65900000000,1,0,-0.6156453685,-1.197861017,2.33706687,-0.296815198,0.0617864249,0.8163415079,0.491599144,0,1
1978,65933333333,1,0,-0.6058416351,-1.20031822,2.334366995,-0.2945463808,0.06056236084,0.8171506093,0.4917718086,0,1
1979,65966666667,1,0,-0.594009987,-1.200376878,2.33711278,-0.2923697254,0.0603832236,0.8189700088,0.4900631945,0,1
1980,66000000000,1,0,-0.5853802445,-1.201360327,2.337176504,-0.2892991652,0.06081771869,0.819307917,0.4912654428,0,1
1981,66033333333,1,1,-0.5727752054,-1.195876412,2.333366497,-0.289669882,0.05936606826,0.8199096406,0.4902195535,0,1
1982,66066666667,1,0,-0.5658542686,-1.196324616,2.335140986,-0.2864942352,0.05894148239,0.8217004325,0.489137357,0,1
1983,66100000000,1,0,-0.5587406025,-1.196767063,2.33501034,-0.2853768697,0.05762351492,0.8217803785,0.4898128032,0,1
1984,66133333333,1,0,-0.5454440118,-1.196478818,2.325577248,-0.2872213355,0.05667285779,0.8208026939,0.4904844843,0,1
1985,66166666667,1,0,-0.5399647039,-1.196118844,2.331974815,-0.2817489377,0.05773099042,0.8245061439,0.4873133361,0,1
1986,66200000000,1,0,-0.5337991562,-1.197997217,2.330403405,-0.2810045104,0.05848327809,0.8237432004,0.4889410099,0,1
1987,66233333333,1,1,-0.5230267522,-1.194035953,2.328403916,-0.2820532851,0.05681060538,0.8237167568,0.4885787593,0,1
1988,66266666667,1,0,-0.5126021291,-1.193297895,2.325474677,-0.2823955149,0.05649344829,0.8235123659,0.4887623622,0,1
1989,66300000000,1,0,-0.5067203467,-1.192572585,2.32561777,-0.2797963306,0.05610817142,0.8244000937,0.4888050451,0,1
1990,66333333333,1,0,-0.5004728462,-1.192215872,2.324224564,-0.2800989555,0.05447035247,0.8236363118,0.4901028277,0,1
1991,66366666667,1,0,-0.4906302572,-1.191674868,2.316927045,-0.2820817523,0.05297200577,0.8224556079,0.4911116213,0,1
1992,66400000000,1,0,-0.4820699629,-1.190846237,2.316161378,-0.2816426118,0.05283598662,0.8236875542,0.4893103419,0,1
1993,66433333333,1,0,-0.4758383388,-1.190012976,2.317905913,-0.2803732932,0.05322260382,0.8244734736,0.4886733696,0,1
1994,66466666667,1,1,-0.4682986277,-1.187618248,2.310470599,-0.2832249889,0.05185569564,0.8229584119,0.4897285418,0,1
1995,66500000000,1,0,-0.4562453489,-1.18715684,2.305839135,-0.2843931523,0.05086454987,0.8236910795,0.4879204217,0,1
1996,66533333333,1,0,-0.4511614547,-1.184589314,2.309145356,-0.2821184648,0.05101542328,0.8254888875,0.4861838078,0,1
1997,66566666667,1,0,-0.4435604797,-1.184284002,2.305632768,-0.2840572741,0.05012525232,0.8241651736,0.4873917221,0,1
1998,66600000000,1,0,-0.4331403134,-1.183035417,2.299029672,-0.2865146757,0.04938550549,0.8231943595,0.4876694157,0,1
1999,66633333333,1,0,-0.4279739067,-1.181654322,2.300073274,-0.2860952152,0.050483439,0.8244517132,0.4856751206,0,1
2000,66666666667,1,0,-0.4218397086,-1.182048792,2.296837293,-0.2884149196,0.04956876666,0.8232991768,0.4863519682,0,1
2001,66700000000,1,0,-0.4116247868,-1.18041356,2.287763766,-0.2921336629,0.04837507249,0.8219508279,0.4865332587,0,1
2002,66733333333,1,1,-0.4077527956,-1.182261977,2.28570631,-0.2924975643,0.05000670736,0.8233867123,0.4837135786,0,1
2003,66766666667,1,0,-0.4010602732,-1.180557117,2.289883429,-0.2936056773,0.04801857182,0.8246602665,0.4810669059,0,1
2004,66800000000,1,0,-0.3909125579,-1.180376718,2.282827456,-0.2972671198,0.0467826632,0.8226021769,0.4824617089,0,1
2005,66833333333,1,0,-0.3849672489,-1.181520501,2.278867765,-0.2990565779,0.04743207473,0.8224694834,0.4815177155,0,1
2006,66866666667,1,0,-0.3779416682,-1.180887885,2.279313539,-0.2994252717,0.04398642491,0.823266585,0.4802518414,0,1
2007,66900000000,1,0,-0.3681956021,-1.181186694,2.272018951,-0.3022233942,0.0410104948,0.8223233358,0.480378487,0,1
2008,66933333333,1,0,-0.3593811847,-1.180687102,2.2736385,-0.3036238832,0.04016071023,0.8243089689,0.4761453336,0,1
2009,66966666667,1,0,-0.3502426454,-1.179923129,2.27416099,-0.3045926086,0.0394152217,0.8245523198,0.4751665551,0,1
2010,67000000000,1,0,-0.3446144822,-1.181223043,2.265111222,-0.3063783497,0.03989831957,0.8232576979,0.4762217905,0,1
2011,67033333333,1,1,-0.3390126374,-1.185618306,2.261952553,-0.3065642214,0.03931586965,0.824350873,0.4742554994,0,1
2012,67066666667,1,0,-0.3294211151,-1.185081162,2.263543201,-0.3069796782,0.03819337684,0.8265330768,0.4702635603,0,1
2013,67100000000,1,0,-0.3246578467,-1.185900541,2.260185534,-0.307086569,0.03905993978,0.827124372,0.4690814786,0,1
2014,67133333333,1,0,-0.3184717009,-1.187898089,2.25509125,-0.3090577961,0.03880984966,0.8277011549,0.4667846103,0,1
2015,67166666667,1,0,-0.3107544987,-1.186772143,2.259390768,-0.3084155939,0.03768987251,0.8307862689,0.4617937531,0,1
2016,67200000000,1,0,-0.3057986964,-1.188107201,2.256357043,-0.308999951,0.03880823056,0.8311350237,0.4606815863,0,1
2017,67233333333,1,0,-0.3007208593,-1.18915688,2.253954723,-0.3099867002,0.03887799212,0.8321063696,0.4582529183,0,1
2018,67266666667,1,0,-0.2947465582,-1.189220848,2.254481503,-0.3101415813,0.03779796972,0.8335936664,0.4555272906,0,1
2019,67300000000,1,0,-0.2876178061,-1.190021987,2.248425613,-0.3113292168,0.03695448812,0.8338308372,0.454350767,0,1
2020,67333333333,1,0,-0.2824215129,-1.190434426,2.250877296,-0.3091202846,0.03547031279,0.8365901455,0.4508918219,0,1
2021,67366666667,1,0,-0.2759947643,-1.192726695,2.245714323,-0.3090324959,0.03317876069,0.8368614468,0.450622908,0,1
2022,67400000000,1,1,-0.2666202763,-1.199756353,2.238950243,-0.3075704196,0.03064666347,0.8373294802,0.450932989,0,1
2023,67433333333,1,0,-0.2590358498,-1.199610283,2.239104779,-0.3054008533,0.02927916828,0.8398184498,0.4478593759,0,1
2024,67466666667,1,0,-0.2519526152,-1.201922633,2.23337002,-0.3046274529,0.02835905742,0.8407460922,0.4467033548,0,1
2025,67500000000,1,0,-0.2478341748,-1.20427027,2.230214875,-0.3020447335,0.02573086217,0.8429377957,0.4444803418,0,1
2026,67533333333,1,0,-0.239591956,-1.204771355,2.233113857,-0.3003294689,0.02112831455,0.8460097496,0.4400264856,0,1
2027,67566666667,1,0,-0.2279109572,-1.203433291,2.234450605,-0.300564407,0.02039750975,0.8477243505,0.4365872243,0,1
2028,67600000000,1,0,-0.221835035,-1.205755796,2.230500915,-0.2985959701,0.02160310814,0.8485275307,0.436319587,0,1
2029,67633333333,1,0,-0.2188344616,-1.207655051,2.230579127,-0.2965190879,0.02009808443,0.8497584384,0.4354114076,0,1
2030,67666666667,1,0,-0.2084384075,-1.206536113,2.230358447,-0.2965799506,0.01643679873,0.8510297895,0.4330340193,0,1
2031,67700000000,1,0,-0.1973452227,-1.203914755,2.234431317,-0.2957600825,0.01558026289,0.8529131906,0.429909663,0,1
2032,67733333333,1,0,-0.1910438797,-1.205732973,2.230217449,-0.2944586799,0.01606094548,0.8523099475,0.4319767185,0,1
2033,67766666667,1,1,-0.183186007,-1.214752015,2.227298209,-0.293455313,0.01482955947,0.8518904411,0.4335282456,0,1
2034,67800000000,1,0,-0.1726053534,-1.213500569,2.229433659,-0.2945607437,0.01288839468,0.8526440775,0.4313536074,0,1
2035,67833333333,1,0,-0.1619457299,-1.212091662,2.232510419,-0.2951960938,0.01402713049,0.8533994869,0.4293853998,0,1
2036,67866666667,1,0,-0.1564944734,-1.21545985,2.224337705,-0.2963539406,0.01600260985,0.8519152209,0.4314611394,0,1
2037,67900000000,1,0,-0.1495133383,-1.216903175,2.228362462,-0.2963025252,0.01525015005,0.8535714733,0.4282382356,0,1
2038,67933333333,1,0,-0.1390652767,-1.21639381,2.232798862,-0.298496192,0.01533256862,0.8538648063,0.4261218468,0,1
2039,67966666667,1,0,-0.1287982514,-1.215657108,2.224920935,-0.3026676598,0.01765103591,0.8526484352,0.4255248225,0,1
2040,68000000000,1,0,-0.1243287318,-1.218415199,2.234204314,-0.3004156459,0.01860298048,0.8550267032,0.4222957561,0,1
2041,68033333333,1,0,-0.1130764232,-1.218000096,2.234390659,-0.3037568474,0.01810967157,0.85403079,0.4219422083,0,1
2042,68066666667,1,1,-0.0954186281,-1.218777421,2.227269108,-0.3067828029,0.01885128079,0.8525338041,0.422747033,0,1
2043,68100000000,1,0,-0.08965468859,-1.222167383,2.229733959,-0.3046000255,0.0213949534,0.8533448262,0.4225679686,0,1
2044,68133333333,1,0,-0.07955369842,-1.223002538,2.233107996,-0.3046851055,0.01973980209,0.8533505149,0.4225757038,0,1
2045,68166666667,1,0,-0.06366785658,-1.218818731,2.233531029,-0.3062250447,0.01879864243,0.8532640161,0.4216792049,0,1
2046,68200000000,1,0,-0.05067861419,-1.214812334,2.235145194,-0.3051146935,0.0210682224,0.854298637,0.4202796601,0,1
2047,68233333333,1,0,-0.04541433094,-1.219399333,2.239187797,-0.2994905069,0.02201593266,0.8550665778,0.4227077981,0,1
2048,68266666667,1,1,-0.03139897536,-1.220418582,2.235197354,-0.2998526238,0.01958911327,0.8536389181,0.425447139,0,1
2049,68300000000,1,0,-0.01641327117,-1.214960747,2.238267201,-0.2987203722,0.01974181617,0.8551992744,0.4230964441,0,1
2050,68333333333,1,0,-0.008062711324,-1.215529334,2.246023888,-0.2940958387,0.02184594317,0.8564839231,0.4236339007,0,1
2051,68366666667,1,0,-0.001010053001,-1.220003557,2.237128067,-0.2924677491,0.02160664086,0.8541556379,0.4294344131,0,1
2052,68400000000,1,0,0.01006906579,-1.218676613,2.234406708,-0.2915220209,0.01902199129,0.8547261044,0.4290645192,0,1
2053,68433333333,1,0,0.02187792655,-1.215725069,2.24335579,-0.288009869,0.01883509054,0.8574646885,0.4259693213,0,1
2054,68466666667,1,1,0.03187432864,-1.215610459,2.242498739,-0.2859683749,0.0201818534,0.8571255552,0.4279609375,0,1
2055,68500000000,1,0,0.04056846904,-1.216962212,2.234813588,-0.2839874193,0.02077820103,0.8562026999,0.4310874027,0,1
2056,68533333333,1,0,0.04813589031,-1.217920393,2.236836397,-0.2796540051,0.01980113078,0.857763354,0.4308637617,0,1
2057,68566666667,1,0,0.05856044093,-1.215876626,2.241606207,-0.2780038195,0.01913750125,0.8586791567,0.4301368832,0,1
2058,68600000000,1,0,0.06823275597,-1.213143145,2.236056507,-0.275710873,0.01923337983,0.8585415208,0.4318796693,0,1
2059,68633333333,1,0,0.07210881511,-1.216952903,2.240164751,-0.2697189357,0.01851079424,0.8596143044,0.433557717,0,1
2060,68666666667,1,0,0.08237547798,-1.212478594,2.237482972,-0.2691265432,0.01576413827,0.8590034325,0.4352418852,0,1
2061,68700000000,1,1,0.09224213182,-1.204792997,2.236319905,-0.2662177821,0.0145379339,0.860324226,0.4344639998,0,1
2062,68733333333,1,0,0.0964823387,-1.207226117,2.238059448,-0.2609214127,0.01489970111,0.8611298577,0.4360658017,0,1
2063,68766666667,1,0,0.1050161265,-1.205246831,2.236985076,-0.2584349933,0.01219881297,0.8610103879,0.4378625984,0,1
2064,68800000000,1,0,0.116427561,-1.201131384,2.23192377,-0.255744337,0.009459880117,0.8613775724,0.4387869899,0,1
2065,68833333333,1,0,0.122896862,-1.20058747,2.236593383,-0.2511400936,0.01029705756,0.8630641363,0.4381129084,0,1
2066,68866666667,1,0,0.1306276815,-1.199643158,2.235844565,-0.2472821992,0.009412467695,0.8631337471,0.4401852497,0,1
2067,68900000000,1,1,0.1365790157,-1.197588623,2.228846645,-0.2446085594,0.008890450128,0.8627175811,0.4424997037,0,1
2068,68933333333,1,0,0.1426631436,-1.195683794,2.231031758,-0.2400323431,0.008553463706,0.8644306418,0.4416684027,0,1
2069,68966666667,1,0,0.1486867581,-1.196660695,2.225948239,-0.2355198072,0.005994033721,0.864482507,0.4440320789,0,1
2070,69000000000,1,0,0.1567095557,-1.195709555,2.224635873,-0.2325950224,0.00383618651,0.8654569764,0.4436992915,0,1
2071,69033333333,1,0,0.167563033,-1.192056556,2.225409928,-0.2301277627,0.003132497502,0.8669039457,0.4421639393,0,1
2072,69066666667,1,0,0.1741551546,-1.191954869,2.226150059,-0.2246789148,0.00397481712,0.8678587283,0.4430855604,0,1
2073,69100000000,1,1,0.1776653342,-1.19306839,2.216591456,-0.220328274,0.002726463524,0.8671530176,0.4466471339,0,1
2074,69133333333,1,0,0.1855797388,-1.191167411,2.217691247,-0.2166115563,0.001020497412,0.8691301066,0.444624842,0,1
2075,69166666667,1,0,0.1939791329,-1.189155559,2.217375453,-0.2126827116,0.0008963997716,0.8703320312,0.444170481,0,1
2076,69200000000,1,0,0.203249761,-1.1873625,2.216208094,-0.2097445512,0.002126464342,0.8713186787,0.4436287429,0,1
2077,69233333333,1,0,0.2105650589,-1.186104916,2.214633752,-0.2053592097,0.003599529025,0.8720524328,0.4442287617,0,1
2078,69266666667,1,0,0.2178498794,-1.186642435,2.207775203,-0.2011098767,0.003166079895,0.8721368368,0.4460068735,0,1
2079,69300000000,1,0,0.2233703916,-1.187553346,2.210773,-0.1957141548,0.003032457884,0.8739410179,0.4448751185,0,1
2080,69333333333,1,1,0.228903539,-1.185303737,2.210146013,-0.191581138,0.002663641986,0.8744378924,0.4456993886,0,1
2081,69366666667,1,0,0.2364012799,-1.184407429,2.202127759,-0.1872128025,0.002440893129,0.8743903587,0.4476459641,0,1
2082,69400000000,1,0,0.2407791682,-1.186986687,2.201707889,-0.1817185243,0.0009318915707,0.8755134303,0.447720608,0,1
2083,69433333333,1,0,0.2515224271,-1.181739164,2.200842692,-0.1793591748,-0.001379696289,0.8766180248,0.4465078067,0,1
2084,69466666667,1,0,0.2598318957,-1.181015292,2.195690066,-0.1760392996,-0.001716959602,0.8771552897,0.4467726657,0,1
2085,69500000000,1,0,0.2652635838,-1.181004022,2.199125139,-0.1714341549,-0.0008146383028,0.8789667921,0.4450022981,0,1
2086,69533333333,1,1,0.2711372263,-1.179645565,2.194579511,-0.1680643508,-0.001695940661,0.8790938241,0.4460331224,0,1
2087,69566666667,1,0,0.2779992577,-1.178887132,2.192395104,-0.1650107671,-0.002175725423,0.8801430034,0.4451011195,0,1
2088,69600000000,1,0,0.282471358,-1.180583526,2.194140673,-0.1606429515,-0.002380872777,0.8813511106,0.4443066434,0,1
2089,69633333333,1,0,0.2897964745,-1.179541297,2.19291552,-0.1595652671,-0.001805926599,0.8816590541,0.4440866767,0,1
2090,69666666667,1,0,0.2972225025,-1.17717305,2.188515911,-0.1584408047,-0.0002209002747,0.8820317809,0.443752634,0,1
2091,69700000000,1,0,0.2996916957,-1.177947437,2.186164508,-0.1539076839,0.000426577529,0.883258912,0.4429062398,0,1
2092,69733333333,1,1,0.3001076243,-1.180197783,2.183031126,-0.1492129456,-0.0008617759324,0.8842731304,0.442488175,0,1
2093,69766666667,1,0,0.304824852,-1.180137841,2.181940966,-0.1469590806,-0.002980559895,0.8860914905,0.4395861865,0,1
2094,69800000000,1,0,0.310187881,-1.176639632,2.183123344,-0.1448293778,-0.003272726043,0.8887755721,0.4348467812,0,1
2095,69833333333,1,0,0.3111786746,-1.180716859,2.185071137,-0.1379974289,-0.003046529041,0.8907224057,0.4330831609,0,1
2096,69866666667,1,0,0.313436301,-1.183211373,2.184456832,-0.1350549736,-0.003895718891,0.8913374012,0.4327385061,0,1
2097,69900000000,1,0,0.3167070172,-1.1804332,2.186211568,-0.1317793375,-0.00481143685,0.8931517314,0.4299895825,0,1
2098,69933333333,1,0,0.3185603442,-1.181915667,2.187967994,-0.127021503,-0.00558831366,0.8943833136,0.4288505532,0,1
2099,69966666667,1,1,0.3197885864,-1.183507298,2.188880727,-0.1211016615,-0.007257947008,0.894913912,0.4294307859,0,1
2100,70000000000,1,0,0.3209816786,-1.181203195,2.182320195,-0.1147713136,-0.01015321019,0.8953588792,0.4301824443,0,1
2101,70033333333,1,0,0.321393287,-1.184079769,2.186551268,-0.1062375109,-0.01556814325,0.8978003763,0.4271132268,0,1
2102,70066666667,1,0,0.3271822845,-1.18255451,2.189604855,-0.1010773476,-0.01983905032,0.8990941092,0.4254639405,0,1
2103,70100000000,1,0,0.3270888371,-1.180530116,2.182660546,-0.09084791361,-0.02344880555,0.9002223995,0.425201648,0,1
2104,70133333333,1,0,0.3313818741,-1.186484344,2.193454418,-0.08446997836,-0.02613847438,0.9029717135,0.4205040873,0,1
2105,70166666667,1,1,0.3358135017,-1.182386254,2.199315376,-0.07782893978,-0.02724318264,0.9041474382,0.4191871601,0,1
2106,70200000000,1,0,0.3369242334,-1.182820595,2.195300569,-0.06926995465,-0.02784044055,0.9042881013,0.4203446361,0,1
2107,70233333333,1,0,0.3361194574,-1.18747957,2.202376338,-0.06166974954,-0.0287379154,0.9054627215,0.418937029,0,1
2108,70266666667,1,0,0.3347765352,-1.18742692,2.200011812,-0.05373079848,-0.03437570788,0.9048792088,0.4208621264,0,1
2109,70300000000,1,0,0.3360792945,-1.184888828,2.197961596,-0.04715262308,-0.04231863305,0.9061133081,0.4182635967,0,1
2110,70333333333,1,0,0.3367041834,-1.192846459,2.212814377,-0.04196136339,-0.04685610305,0.9075015769,0.4153126984,0,1
2111,70366666667,1,1,0.3398752073,-1.191196064,2.217805036,-0.03793566884,-0.05055065132,0.9063149086,0.417850216,0,1
2112,70400000000,1,0,0.3391327939,-1.19081897,2.217404141,-0.03150390622,-0.05334374382,0.9053965012,0.4200227666,0,1
2113,70433333333,1,0,0.341087047,-1.195461,2.226945931,-0.02988949893,-0.05827245378,0.9044870925,0.4214428056,0,1
2114,70466666667,1,0,0.3405666859,-1.194447533,2.224560192,-0.02977536267,-0.06090546358,0.9018980406,0.426595683,0,1
2115,70500000000,1,0,0.3401390424,-1.193382876,2.222493032,-0.02944374316,-0.06407482755,0.9012344881,0.4275557039,0,1
2116,70533333333,1,0,0.330607741,-1.203861167,2.232810714,-0.02606681467,-0.06647879538,0.9009225042,0.428065103,0,1
2117,70566666667,1,0,0.342168795,-1.198332126,2.232354738,-0.03413452767,-0.0742676543,0.8990337751,0.4301830085,0,1
2118,70600000000,1,1,0.3426308705,-1.198096417,2.232111302,-0.03466110214,-0.07822553561,0.8987551952,0.4300214793,0,1
2119,70633333333,1,0,0.3454084322,-1.20431938,2.244888281,-0.03486985556,-0.08552902499,0.897974008,0.4302459297,0,1
2120,70666666667,1,0,0.3448070989,-1.202749005,2.24123277,-0.03825232848,-0.08769775725,0.8957409071,0.4341590609,0,1
2121,70700000000,1,0,0.3454751227,-1.204259164,2.244350002,-0.03910933414,-0.09257626787,0.8953121806,0.433954138,0,1
2122,70733333333,1,0,0.3483053504,-1.210837576,2.257659019,-0.04081605068,-0.09831446041,0.8944148139,0.4343851489,0,1
2123,70766666667,1,0,0.3270919118,-1.213549213,2.259751163,-0.03586664706,-0.09525009421,0.8931722806,0.4380459796,0,1
2124,70800000000,1,1,0.3123051974,-1.213234035,2.265266996,-0.03175533593,-0.096311801,0.893948062,0.4365461007,0,1
2125,70833333333,1,0,0.3116984566,-1.220009384,2.274039543,-0.0339700761,-0.1011980806,0.89316147,0.4368839331,0,1
2126,70866666667,1,0,0.3108721976,-1.223660074,2.276304223,-0.03807585301,-0.0999221815,0.8916891312,0.4398366518,0,1
2127,70900000000,1,0,0.3053425268,-1.221839167,2.277015183,-0.0356877002,-0.1016816726,0.8919712275,0.4390609922,0,1
2128,70933333333,1,0,0.303870333,-1.231825732,2.283572377,-0.03771269703,-0.1058347455,0.8913352494,0.4392018127,0,1
2129,70966666667,1,0,0.3007334639,-1.22876844,2.288000269,-0.04049573092,-0.1074717302,0.892086021,0.4370268345,0,1
2130,71000000000,1,1,0.2954056852,-1.23504784,2.299411684,-0.03853764392,-0.1092348712,0.8930765358,0.4347377303,0,1
2131,71033333333,1,0,0.2904438102,-1.243639189,2.310887061,-0.03834426964,-0.1123463664,0.8920032435,0.4361630711,0,1
2132,71066666667,1,0,0.2890130025,-1.241027911,2.308591732,-0.04032556745,-0.1176714922,0.8899766454,0.4387127068,0,1
2133,71100000000,1,0,0.286906734,-1.243081678,2.313597516,-0.03887836026,-0.1231112225,0.8902285927,0.436835384,0,1
2134,71133333333,1,0,0.2810678139,-1.249469426,2.324225824,-0.03685145757,-0.1279091387,0.8900512126,0.4359931895,0,1
2135,71166666667,1,0,0.2803272756,-1.252247239,2.330393303,-0.03910543819,-0.1313469692,0.8889706917,0.436978086,0,1
2136,71200000000,1,0,0.2814443708,-1.255004404,2.335468231,-0.04164507036,-0.1294622079,0.888828688,0.4375943192,0,1
2137,71233333333,1,1,0.2652919419,-1.26207832,2.355251249,-0.03822831709,-0.1243310481,0.8900749721,0.4368603098,0,1
2138,71266666667,1,0,0.264186485,-1.26426324,2.352623982,-0.04285889033,-0.1258054348,0.8871281175,0.4419726362,0,1
2139,71300000000,1,0,0.2617265378,-1.264652697,2.348607529,-0.04466002274,-0.1314365623,0.8865063787,0.4414027106,0,1
2140,71333333333,1,0,0.253528234,-1.273853447,2.366694715,-0.04578459473,-0.1349638824,0.888026156,0.4371476497,0,1
2141,71366666667,1,0,0.2521924409,-1.276761989,2.375002776,-0.05130251895,-0.1367582476,0.8869462569,0.4381684272,0,1
2142,71400000000,1,0,0.2550400256,-1.277532147,2.371931163,-0.05686627301,-0.1381843278,0.885635794,0.4396823387,0,1
2143,71433333333,1,1,0.2366907015,-1.289795268,2.387091908,-0.05504868102,-0.1368478614,0.886647073,0.4382913113,0,1
2144,71466666667,1,0,0.2334829713,-1.291089288,2.39146622,-0.06175817383,-0.1385590766,0.8856294449,0.4389166169,0,1
2145,71500000000,1,0,0.2330100844,-1.292132575,2.393597696,-0.067522999,-0.1386924674,0.8858050236,0.4376694005,0,1
2146,71533333333,1,0,0.2238017817,-1.300377772,2.405330552,-0.06948319096,-0.1378057457,0.8863081155,0.4366229345,0,1
2147,71566666667,1,0,0.2184622731,-1.305497082,2.406955272,-0.07593604651,-0.1395307088,0.8842875943,0.4390903651,0,1
2148,71600000000,1,0,0.2166866069,-1.307144802,2.410886822,-0.08335542334,-0.1396179043,0.8843341463,0.4376206483,0,1
2149,71633333333,1,1,0.2080756442,-1.315840135,2.42307924,-0.08630577003,-0.1372277194,0.8844863315,0.4374971959,0,1
2150,71666666667,1,0,0.2041106043,-1.318958762,2.424027038,-0.09161538079,-0.1373578463,0.8831953726,0.4389822068,0,1
2151,71700000000,1,0,0.1998114336,-1.322633194,2.425371067,-0.09649157858,-0.1385336655,0.8833793043,0.4371942401,0,1
2152,71733333333,1,0,0.1973240661,-1.327523213,2.433708916,-0.1010856466,-0.1384146081,0.8840773329,0.4347762158,0,1
2153,71766666667,1,0,0.1936431699,-1.333085932,2.438893564,-0.1062721875,-0.1368927179,0.8839000493,0.4343815245,0,1
2154,71800000000,1,0,0.1912773822,-1.337970174,2.441748341,-0.1125516313,-0.1351436774,0.8835088696,0.4341432876,0,1
2155,71833333333,1,0,0.1884896233,-1.341490302,2.446603511,-0.117435414,-0.134498382,0.8835249763,0.4330158486,0,1
2156,71866666667,1,1,0.182765649,-1.348887447,2.45691301,-0.122051121,-0.1334447515,0.8835454452,0.4320225324,0,1
2157,71900000000,1,0,0.1807580358,-1.352215634,2.461938763,-0.1298563848,-0.1308246054,0.8824940466,0.4326967756,0,1
2158,71933333333,1,0,0.1792757045,-1.352922143,2.466435758,-0.1348988424,-0.127565196,0.8818893051,0.4333597543,0,1
2159,71966666667,1,0,0.1751972452,-1.358504342,2.470314804,-0.1385833763,-0.1258420147,0.880942356,0.4346251265,0,1
2160,72000000000,1,0,0.17167375,-1.364817074,2.479131196,-0.1446085056,-0.1256663335,0.8795855096,0.4354603128,0,1
2161,72033333333,1,0,0.171096034,-1.36542171,2.482001118,-0.1527860794,-0.1232067729,0.8777453488,0.4370807794,0,1
2162,72066666667,1,1,0.1683754994,-1.366879401,2.490729749,-0.1596413912,-0.117357168,0.8769767216,0.4377827669,0,1
2163,72100000000,1,0,0.1648637528,-1.372069711,2.495641683,-0.1680852156,-0.1141261838,0.8741282998,0.4411601637,0,1
2164,72133333333,1,0,0.1658188712,-1.370602599,2.494139085,-0.1778080902,-0.1130415656,0.8712353463,0.4433450787,0,1
2165,72166666667,1,0,0.1639720037,-1.37434682,2.498499426,-0.1850084308,-0.1105769128,0.8699376987,0.4435685147,0,1
2166,72200000000,1,0,0.1624475652,-1.377506015,2.504520295,-0.1936354348,-0.1084184867,0.8680527106,0.4441117446,0,1
2167,72233333333,1,0,0.1635891822,-1.375446527,2.503403585,-0.2035697059,-0.107180388,0.8657151298,0.4445323984,0,1
2168,72266666667,1,1,0.1603551323,-1.382954651,2.502965275,-0.2114046635,-0.1051124261,0.864097271,0.4445169876,0,1
2169,72300000000,1,0,0.1601781168,-1.384469953,2.508038768,-0.2205912603,-0.1024191568,0.8629231278,0.4429599167,0,1
2170,72333333333,1,0,0.1640827618,-1.383882393,2.508462668,-0.2302373992,-0.09855445025,0.8614357319,0.4418215026,0,1
2171,72366666667,1,0,0.1675147059,-1.390082945,2.502018368,-0.2367232919,-0.09589928272,0.8601189802,0.4415435998,0,1
2172,72400000000,1,0,0.1661593309,-1.397178111,2.510660577,-0.2417396331,-0.09276426767,0.8612169435,0.4373352451,0,1
2173,72433333333,1,0,0.174995238,-1.395058384,2.51294202,-0.2506285177,-0.09030339129,0.8608033916,0.4336452059,0,1
2174,72466666667,1,1,0.1791611539,-1.398790617,2.518582083,-0.2544174547,-0.08291917586,0.8624059824,0.4297116365,0,1
2175,72500000000,1,0,0.180395543,-1.404995666,2.524917953,-0.2579985883,-0.07449742763,0.8628913862,0.4281417023,0,1
2176,72533333333,1,0,0.1833305831,-1.410413388,2.526861003,-0.2626468711,-0.06844622401,0.8615623545,0.4290012177,0,1
2177,72566666667,1,0,0.1890007095,-1.412705386,2.527217989,-0.2665581234,-0.06198001613,0.8611699321,0.4283591862,0,1
2178,72600000000,1,0,0.1916846463,-1.417270378,2.533681778,-0.2687995683,-0.05474033393,0.8614976394,0.4272845717,0,1
2179,72633333333,1,0,0.1951384978,-1.419170448,2.537824727,-0.2704785366,-0.05175901737,0.8608256942,0.4279503354,0,1
2180,72666666667,1,0,0.1990786203,-1.425377184,2.531425033,-0.2715191687,-0.05174974061,0.8596879369,0.4295764851,0,1
2181,72700000000,1,0,0.2041166866,-1.429093784,2.535855608,-0.272174271,-0.0539965986,0.8608895297,0.426467761,0,1
2182,72733333333,1,0,0.2098773565,-1.434544881,2.546392363,-0.273184547,-0.05529933163,0.8613504174,0.4247206678,0,1
2183,72766666667,1,0,0.2164721309,-1.43781598,2.5530117,-0.2759917199,-0.05325018355,0.8590165937,0.4278825543,0,1
2184,72800000000,1,0,0.2253410694,-1.438084227,2.547880321,-0.2787025354,-0.05260425871,0.8571662048,0.42991137,0,1
2185,72833333333,1,0,0.2267283803,-1.447175003,2.556704446,-0.277770191,-0.05188271773,0.8568550642,0.4312207134,0,1
2186,72866666667,1,0,0.2341579739,-1.447113877,2.558325314,-0.2812877296,-0.05186524137,0.8545621195,0.4334867863,0,1
2187,72900000000,1,1,0.249618345,-1.448948416,2.551947141,-0.2843040884,-0.05145494649,0.8528886616,0.4348614775,0,1
2188,72933333333,1,0,0.2529653922,-1.455984222,2.556060312,-0.2823633818,-0.04827459119,0.8536062117,0.4350826586,0,1
2189,72966666667,1,0,0.2553918884,-1.462711012,2.558507179,-0.2830942919,-0.04707681965,0.8527562407,0.4364036994,0,1
2190,73000000000,1,0,0.2613421347,-1.465949095,2.554312906,-0.286682637,-0.04793359683,0.8519009347,0.4356377319,0,1
2191,73033333333,1,0,0.2648352961,-1.469793786,2.563264173,-0.2885977499,-0.04616350803,0.8532813831,0.4318462117,0,1
2192,73066666667,1,0,0.2686601624,-1.474312054,2.568402482,-0.2894251389,-0.04494841349,0.8529692427,0.432037267,0,1
2193,73100000000,1,0,0.2709992632,-1.479306478,2.567147311,-0.2908342309,-0.04391324862,0.8520561815,0.4329980835,0,1
2194,73133333333,1,0,0.2710409392,-1.486559556,2.57315493,-0.2944052688,-0.04313707702,0.8513784098,0.4319948305,0,1
2195,73166666667,1,1,0.2730054137,-1.496125166,2.572755984,-0.2963802726,-0.04559501316,0.8503154289,0.4324852601,0,1
2196,73200000000,1,0,0.2779606442,-1.497902657,2.575555213,-0.2996825933,-0.04651484274,0.8506040437,0.4295340191,0,1
2197,73233333333,1,0,0.2806819748,-1.50416715,2.579824932,-0.3023615944,-0.04562377584,0.8511098089,0.4267411751,0,1
2198,73266666667,1,0,0.2839940257,-1.509217755,2.589827229,-0.3064777498,-0.04304307271,0.8513176815,0.4236471267,0,1
2199,73300000000,1,0,0.2882833288,-1.510019279,2.588205512,-0.3120671084,-0.03978003996,0.8503543373,0.4218165114,0,1
2200,73333333333,1,0,0.2899065863,-1.516362391,2.590962846,-0.3143003711,-0.03754786474,0.85097397,0.419104685,0,1
2201,73366666667,1,0,0.2929775814,-1.522838834,2.598483038,-0.3185671318,-0.03568807784,0.8511551967,0.4156635356,0,1
2202,73400000000,1,0,0.2996093615,-1.522121053,2.603447719,-0.3241076381,-0.03354292392,0.8506651082,0.4125505846,0,1
2203,73433333333,1,0,0.3036883423,-1.525821722,2.599789595,-0.3256402013,-0.03330937066,0.8506159591,0.4114625563,0,1
2204,73466666667,1,1,0.3020491661,-1.53961386,2.61751098,-0.3246723718,-0.0329553252,0.8525854396,0.4081664682,0,1
2205,73500000000,1,0,0.309497896,-1.540584939,2.621022232,-0.3299349637,-0.03359712248,0.8518981103,0.4053193343,0,1
2206,73533333333,1,0,0.3197483398,-1.539100309,2.622402403,-0.3333754872,-0.03268006373,0.8524238461,0.4014553331,0,1
2207,73566666667,1,0,0.3236027571,-1.547323096,2.636165376,-0.3338974429,-0.02920495309,0.853834577,0.3982789017,0,1
2208,73600000000,1,0,0.326303074,-1.556654432,2.641038643,-0.3363699931,-0.02841667488,0.8527507992,0.3985772131,0,1
2209,73633333333,1,0,0.337711647,-1.558609478,2.640266188,-0.3410768533,-0.02971518372,0.8519902154,0.3961013266,0,1
2210,73666666667,1,0,0.3491481123,-1.559757523,2.651192274,-0.3428933019,-0.0286084462,0.8535712408,0.3911801083,0,1
2211,73700000000,1,0,0.3554488614,-1.566185403,2.664268061,-0.3426346735,-0.0265422323,0.8540703104,0.3904624122,0,1
2212,73733333333,1,0,0.3671603324,-1.569321749,2.663249381,-0.3453604089,-0.02563700232,0.8528129321,0.3908695882,0,1
2213,73766666667,1,0,0.3749638799,-1.574283975,2.671856315,-0.3454708359,-0.02418528104,0.8537165069,0.3888870011,0,1
2214,73800000000,1,0,0.3819240106,-1.582105439,2.681850025,-0.3448122461,-0.02475097773,0.8540265577,0.3887551194,0,1
2215,73833333333,1,0,0.3901721793,-1.589690548,2.690432176,-0.3459907151,-0.02645574103,0.8530501158,0.3897383978,0,1
2216,73866666667,1,1,0.4059549266,-1.591492276,2.695658763,-0.3490384043,-0.02864886997,0.851922235,0.3893326856,0,1
2217,73900000000,1,0,0.4167071144,-1.595838381,2.703628354,-0.3504797171,-0.02899344175,0.8517966937,0.3882856434,0,1
2218,73933333333,1,0,0.4251578066,-1.601156951,2.712936763,-0.3524288784,-0.02837055091,0.8509068727,0.3885183284,0,1
2219,73966666667,1,0,0.4344216515,-1.603098879,2.714653836,-0.3551168152,-0.02925902845,0.8494979056,0.3890877346,0,1
2220,74000000000,1,0,0.4428004216,-1.606352197,2.720300865,-0.357214662,-0.03011940637,0.8493658146,0.3873863958,0,1
2221,74033333333,1,0,0.4505326558,-1.610508482,2.733498256,-0.3592256098,-0.03074558466,0.8490949894,0.3860691251,0,1
2222,74066666667,1,0,0.4623785806,-1.608252523,2.736130933,-0.363315633,-0.03117321643,0.8474250283,0.3858766678,0,1
2223,74100000000,1,0,0.472478455,-1.607802614,2.736757137,-0.3653328712,-0.03068163628,0.8468274194,0.3853230491,0,1
2224,74133333333,1,1,0.4803851042,-1.617073233,2.750017426,-0.3664925943,-0.03182206392,0.8461901017,0.3855293067,0,1
2225,74166666667,1,0,0.4875581274,-1.617448997,2.757343495,-0.372964601,-0.03284910223,0.8427411411,0.3867889759,0,1
2226,74200000000,1,0,0.4999329295,-1.611906581,2.744965135,-0.3791311393,-0.03211563717,0.8398871741,0.3870629146,0,1
2227,74233333333,1,0,0.5050283297,-1.617910008,2.752548008,-0.3802169921,-0.02975431201,0.8405941786,0.3846441819,0,1
2228,74266666667,1,0,0.5088784152,-1.62346497,2.755023338,-0.3842326456,-0.02854002403,0.8389641193,0.3843044985,0,1
2229,74300000000,1,0,0.5167861987,-1.621305989,2.750735135,-0.3897779257,-0.02763722122,0.8377575484,0.3814074499,0,1
2230,74333333333,1,0,0.5250667822,-1.622676859,2.752776732,-0.3928753387,-0.02688039593,0.8378327831,0.378104007,0,1
2231,74366666667,1,0,0.5327347717,-1.622731165,2.757458229,-0.3950158264,-0.02774080675,0.8375715725,0.3763865108,0,1
2232,74400000000,1,0,0.5429704415,-1.619627636,2.755056629,-0.3978436355,-0.02731850901,0.837008772,0.3746871445,0,1
2233,74433333333,1,0,0.5532766806,-1.617866255,2.761095974,-0.3994051506,-0.02503514453,0.8371728654,0.3728141101,0,1
2234,74466666667,1,0,0.5612396441,-1.61578915,2.759499638,-0.4013174118,-0.02358652584,0.8358054836,0.3739213878,0,1
2235,74500000000,1,1,0.5672716499,-1.612004005,2.751340709,-0.4029827283,-0.02225698972,0.8351365966,0.373706318,0,1
2236,74533333333,1,0,0.5764250338,-1.612364834,2.752144165,-0.403742795,-0.02178606785,0.8350217243,0.3731699916,0,1
2237,74566666667,1,0,0.5858449209,-1.60978856,2.747357683,-0.4056764554,-0.02201138787,0.8341978249,0.3729022676,0,1
2238,74600000000,1,0,0.5990135485,-1.603871189,2.739690828,-0.4069504091,-0.02260468113,0.8341333557,0.3716206908,0,1
2239,74633333333,1,0,0.6116248788,-1.599370197,2.739740181,-0.4060603326,-0.02099802711,0.8353669955,0.3699136007,0,1
2240,74666666667,1,0,0.6230859443,-1.59546141,2.737076136,-0.4057705026,-0.01889634119,0.8355506921,0.3699300858,0,1
2241,74700000000,1,0,0.635666778,-1.589886618,2.727499105,-0.4049390664,-0.01857343079,0.8355826162,0.3707844005,0,1
2242,74733333333,1,0,0.6474587035,-1.588989593,2.725283299,-0.4032717322,-0.01810475898,0.8364480273,0.3706734754,0,1
2243,74766666667,1,1,0.6613337759,-1.581933571,2.723773781,-0.4042430878,-0.01713497795,0.8362199182,0.3701758593,0,1
2244,74800000000,1,0,0.6753876219,-1.573048596,2.71220633,-0.4048527052,-0.01552331587,0.835869422,0.3703722762,0,1
2245,74833333333,1,0,0.6923727538,-1.567530914,2.711804233,-0.4030666905,-0.01189834783,0.8373989617,0.3689968173,0,1
2246,74866666667,1,0,0.7083303241,-1.562541426,2.722585158,-0.4017808788,-0.005303544345,0.8378634186,0.3694981591,0,1
2247,74900000000,1,0,0.7216128671,-1.552589863,2.710600786,-0.4037205991,0.001985296057,0.8351338618,0.3735735126,0,1
2248,74933333333,1,0,0.7308342178,-1.552355154,2.695792124,-0.4019294654,0.005230802884,0.8338193785,0.3783788942,0,1
2249,74966666667,1,1,0.7459591337,-1.552224754,2.692479893,-0.4008599828,0.005720922515,0.8330263988,0.3812421332,0,1
2250,75000000000,1,0,0.7576554088,-1.54534761,2.684470302,-0.4012614955,0.00611858663,0.8317597975,0.3835719154,0,1
2251,75033333333,1,0,0.7720387766,-1.535775392,2.675296134,-0.4020578087,0.009624929524,0.8317028429,0.3827887934,0,1
2252,75066666667,1,0,0.7872782283,-1.529612315,2.672527803,-0.3992349396,0.01377049664,0.8324227923,0.384049647,0,1
2253,75100000000,1,0,0.7953828111,-1.529759131,2.666059902,-0.3966428621,0.01776014653,0.8319471898,0.3875859783,0,1
2254,75133333333,1,0,0.8046675092,-1.527951488,2.656151705,-0.3953754553,0.01933846603,0.8320024544,0.3886852053,0,1
2255,75166666667,1,1,0.8188769823,-1.519300853,2.65170225,-0.3934816642,0.01830348313,0.8325766812,0.3894267997,0,1
2256,75200000000,1,0,0.8289688267,-1.51632064,2.644923215,-0.39084823,0.01857182687,0.833180083,0.3907732049,0,1
2257,75233333333,1,0,0.8391546039,-1.516036525,2.645084767,-0.3881579207,0.01846504925,0.8332779153,0.3932434188,0,1
2258,75266666667,1,0,0.8468874692,-1.510774185,2.633905719,-0.3866410258,0.01777974848,0.8325272608,0.3963470169,0,1
2259,75300000000,1,0,0.8541864923,-1.511754353,2.625321079,-0.3846063234,0.01805710375,0.8328781955,0.3975749344,0,1
2260,75333333333,1,0,0.8620277258,-1.516863706,2.624687043,-0.3842553567,0.01772262534,0.8327974152,0.3980982224,0,1
2261,75366666667,1,0,0.8686133146,-1.513075714,2.620268405,-0.3854314079,0.01523883395,0.8312660735,0.4002588198,0,1
2262,75400000000,1,0,0.8765424506,-1.50544836,2.611532147,-0.3868558202,0.01447452683,0.8308449013,0.399787209,0,1
2263,75433333333,1,1,0.8888208612,-1.50602515,2.612993954,-0.3876365542,0.01525287889,0.8306303952,0.3994476162,0,1
2264,75466666667,1,0,0.8955086725,-1.503273171,2.609561283,-0.3900891595,0.01409218011,0.8282748892,0.4019857784,0,1
2265,75500000000,1,0,0.9025468836,-1.49490824,2.598065506,-0.3917616437,0.0121191179,0.8269325272,0.4031854871,0,1
2266,75533333333,1,0,0.9130448556,-1.495902732,2.598981542,-0.3908805284,0.01137136931,0.8272530856,0.4034048053,0,1
2267,75566666667,1,0,0.9227138078,-1.49279712,2.600228219,-0.3925733555,0.01191441091,0.8257147962,0.4048941625,0,1
2268,75600000000,1,0,0.9285358854,-1.483111464,2.58466454,-0.393962981,0.01069254023,0.8235839212,0.4079072981,0,1
2269,75633333333,1,0,0.938635825,-1.485884193,2.583860572,-0.3922789988,0.008207245958,0.8236059864,0.4095399948,0,1
2270,75666666667,1,0,0.9515361479,-1.484255868,2.587682438,-0.3936411014,0.007016346376,0.8223861299,0.410704891,0,1
2271,75700000000,1,1,0.9606444102,-1.467790671,2.58348457,-0.3962329559,0.006829497302,0.8207300659,0.4115275951,0,1
2272,75733333333,1,0,0.9700763263,-1.46316863,2.575640472,-0.3961106011,0.006969321286,0.8194527867,0.4141798529,0,1
2273,75766666667,1,0,0.9818325102,-1.464345842,2.574602273,-0.3973198292,0.006696513969,0.8177227305,0.4164392465,0,1
2274,75800000000,1,0,0.9925170481,-1.453727982,2.57116857,-0.4005532722,0.006879167317,0.8153332974,0.4180207738,0,1
2275,75833333333,1,0,1.002309919,-1.447766074,2.561423152,-0.4019824127,0.007043500538,0.8138356662,0.4195617206,0,1
2276,75866666667,1,0,1.01649343,-1.45182054,2.560128832,-0.4036671091,0.007086443186,0.8122370826,0.4210386788,0,1
2277,75900000000,1,1,1.026951085,-1.436768012,2.556105975,-0.4096612541,0.00793458319,0.8097972111,0.4199323471,0,1
2278,75933333333,1,0,1.038733891,-1.427260806,2.549680496,-0.4127355981,0.009675760973,0.8089889528,0.4184406528,0,1
2279,75966666667,1,0,1.053278485,-1.428255368,2.550497624,-0.4132139928,0.01216074629,0.8086563886,0.4185464819,0,1
2280,76000000000,1,0,1.067350074,-1.426521121,2.547894105,-0.4166014867,0.01458476823,0.8060382185,0.4201581561,0,1
2281,76033333333,1,0,1.077936832,-1.422300596,2.538051374,-0.4216782474,0.01711038132,0.8022241376,0.4222926989,0,1
2282,76066666667,1,0,1.088916419,-1.418648749,2.533029632,-0.4257618196,0.01802119112,0.8000001035,0.422376543,0,1
2283,76100000000,1,1,1.097590834,-1.412452986,2.531024474,-0.430772842,0.01878557973,0.7973956555,0.4221871968,0,1
2284,76133333333,1,0,1.10729097,-1.40524084,2.521618875,-0.4367593898,0.02058105149,0.7946572706,0.4211145665,0,1
2285,76166666667,1,0,1.119809475,-1.401651937,2.519616824,-0.43891119,0.02108630559,0.7941778849,0.4197544784,0,1
2286,76200000000,1,0,1.13402647,-1.398746219,2.515950652,-0.4418872856,0.02198362863,0.7924813947,0.419792313,0,1
2287,76233333333,1,0,1.145818014,-1.388561982,2.506088789,-0.4476341204,0.02472698773,0.7903191132,0.4176218022,0,1
2288,76266666667,1,0,1.158368981,-1.379525217,2.498693644,-0.4510173604,0.0278745743,0.7904495972,0.4135163637,0,1
2289,76300000000,1,1,1.16319623,-1.384941395,2.501013257,-0.4504504836,0.03000603171,0.7911621682,0.4126214045,0,1
2290,76333333333,1,0,1.176475159,-1.379950821,2.497547997,-0.4520291411,0.02977251986,0.7907785703,0.4116460925,0,1
2291,76366666667,1,0,1.191720026,-1.372350997,2.496457724,-0.4527076176,0.03183368333,0.7911985163,0.4099357723,0,1
2292,76400000000,1,0,1.200722801,-1.370264405,2.491202961,-0.4524274362,0.03488554158,0.7907050917,0.4109475294,0,1
2293,76433333333,1,0,1.210647621,-1.359942279,2.476994934,-0.4528793068,0.03477946355,0.7904218238,0.4110037261,0,1
2294,76466666667,1,0,1.221024892,-1.355323181,2.467237103,-0.4505108365,0.03427166907,0.7925440707,0.4095599284,0,1
2295,76500000000,1,1,1.22857945,-1.359540639,2.465218429,-0.4473034171,0.03532731914,0.794441595,0.409309401,0,1
2296,76533333333,1,0,1.236776487,-1.354077744,2.455300971,-0.4452244307,0.03545049788,0.795288658,0.4099200154,0,1
2297,76566666667,1,0,1.247633393,-1.347467985,2.446139735,-0.4423164319,0.03472431308,0.7979447624,0.4079639105,0,1
2298,76600000000,1,0,1.258086387,-1.346163149,2.442867569,-0.4381184807,0.03383149963,0.800523044,0.4075174628,0,1
2299,76633333333,1,0,1.268050143,-1.342989297,2.434830974,-0.4360148562,0.03256226736,0.8012307505,0.4084850405,0,1
2300,76666666667,1,0,1.277817025,-1.335803466,2.426640833,-0.4328267507,0.03099256608,0.8030865543,0.4083533409,0,1
2301,76700000000,1,1,1.282101517,-1.332363598,2.417662028,-0.4306116098,0.03027705907,0.8046023822,0.407764574,0,1
2302,76733333333,1,0,1.288820235,-1.3295493,2.408440236,-0.4311776523,0.02732193779,0.8054887512,0.4056195454,0,1
2303,76766666667,1,0,1.301617011,-1.325344723,2.406235411,-0.4286751551,0.02361293878,0.8079582753,0.403588238,0,1
2304,76800000000,1,0,1.312443389,-1.323428649,2.403711866,-0.4289197355,0.02497610363,0.8085338625,0.4020908454,0,1
2305,76833333333,1,0,1.319797642,-1.320595227,2.398554139,-0.4291973792,0.0275232812,0.8081255857,0.4024488992,0,1
2306,76866666667,1,0,1.324492127,-1.313336548,2.38560033,-0.4305273738,0.02927674918,0.80722731,0.4027072415,0,1
2307,76900000000,1,0,1.325823246,-1.30932912,2.369501048,-0.43269213,0.03065554277,0.8064677447,0.4018053447,0,1
2308,76933333333,1,1,1.329718896,-1.306579632,2.372586343,-0.4346830822,0.03121752299,0.8074598252,0.3975986859,0,1
2309,76966666667,1,0,1.338030478,-1.300103074,2.368050446,-0.4372975047,0.03301444949,0.8077481182,0.3939846648,0,1
2310,77000000000,1,0,1.342173306,-1.298184925,2.362505098,-0.4387653809,0.03670023822,0.807733447,0.3920519247,0,1
2311,77033333333,1,0,1.342271481,-1.297916639,2.354743537,-0.4418804643,0.03818813871,0.8059898192,0.3919996591,0,1
2312,77066666667,1,0,1.348270196,-1.289735158,2.348131495,-0.4447663631,0.03724455805,0.804990979,0.390877537,0,1
2313,77100000000,1,0,1.346990427,-1.279016134,2.334565817,-0.4458931142,0.03620960643,0.8051161755,0.3894305317,0,1
2314,77133333333,1,1,1.350717391,-1.285789998,2.33426059,-0.4480888976,0.03280146592,0.8051989157,0.3870337321,0,1
2315,77166666667,1,0,1.360862085,-1.280222896,2.334861309,-0.4513208534,0.02909949563,0.8038946369,0.3862850237,0,1
2316,77200000000,1,0,1.3672088,-1.263148869,2.335767261,-0.4516564093,0.03135266665,0.8049915458,0.3834215817,0,1
2317,77233333333,1,0,1.369748225,-1.265260639,2.325943024,-0.4518218654,0.03602931391,0.8042602582,0.3843492261,0,1
2318,77266666667,1,0,1.368330486,-1.267331884,2.317404231,-0.4539704916,0.03659846231,0.8018658465,0.3867589811,0,1
2319,77300000000,1,0,1.370084492,-1.257602406,2.310073681,-0.4581580988,0.03679506511,0.8006482049,0.3843172279,0,1
2320,77333333333,1,0,1.375171375,-1.258105053,2.310541643,-0.4592530017,0.03868461344,0.8008811338,0.3823343964,0,1
2321,77366666667,1,0,1.37352907,-1.257433581,2.302920819,-0.4615358311,0.040035474,0.7993503579,0.3826497652,0,1
2322,77400000000,1,0,1.371553463,-1.25196034,2.294434712,-0.4645429913,0.03936930783,0.7984500401,0.3809559033,0,1
2323,77433333333,1,0,1.374507132,-1.250437654,2.291865357,-0.4660442553,0.03848585211,0.7992326039,0.3775564013,0,1
2324,77466666667,1,0,1.377311951,-1.251618764,2.292312381,-0.4675400475,0.03789380987,0.7990804973,0.3760860566,0,1
2325,77500000000,1,0,1.375301739,-1.252357678,2.286399425,-0.4703454207,0.03659541548,0.7972579368,0.3765843107,0,1
2326,77533333333,1,0,1.376218578,-1.251739733,2.284923772,-0.473143101,0.0338795984,0.7960540908,0.3758798521,0,1
2327,77566666667,1,0,1.379037859,-1.247879681,2.287031103,-0.475183803,0.03254405183,0.7953609631,0.3748895524,0,1
2328,77600000000,1,1,1.378754779,-1.250241627,2.281790662,-0.4769456187,0.03118168688,0.7937775384,0.376122053,0,1
2329,77633333333,1,0,1.377232086,-1.249858279,2.278983868,-0.4797892096,0.02849577713,0.7922115372,0.3760201928,0,1
2330,77666666667,1,0,1.378950432,-1.247692147,2.278419943,-0.484030699,0.02577594017,0.7909463453,0.3734350842,0,1
2331,77700000000,1,0,1.37864964,-1.244258163,2.278326562,-0.4869886249,0.02520414541,0.7906480504,0.3702465269,0,1
2332,77733333333,1,0,1.379617909,-1.246993132,2.279310118,-0.4899872238,0.02532222406,0.7903032571,0.3670041788,0,1
2333,77766666667,1,0,1.38205126,-1.249268281,2.282881604,-0.4924352424,0.0258142946,0.7894419979,0.3655440961,0,1
2334,77800000000,1,0,1.379133786,-1.244148065,2.278900072,-0.4947346315,0.02628409328,0.7887927891,0.3638031429,0,1
2335,77833333333,1,0,1.378749383,-1.249245549,2.278658765,-0.4969164801,0.02526722498,0.7883668245,0.3618194704,0,1
2336,77866666667,1,0,1.380155803,-1.251265471,2.280994,-0.4998115117,0.02257699303,0.7868433099,0.3613258057,0,1
2337,77900000000,1,0,1.382716541,-1.246991131,2.282735001,0.503075201,-0.02107698519,-0.7855863088,-0.3596182063,0,1
2338,77933333333,1,0,1.383149486,-1.246799189,2.284572983,0.5049123256,-0.02272218267,-0.7855108149,-0.3570994336,0,1
2339,77966666667,1,0,1.382469196,-1.250925409,2.282378425,0.5061448387,-0.02174639546,-0.784348882,-0.3579683337,0,1
2340,78000000000,1,0,1.382577338,-1.246803329,2.280639791,0.5096883076,-0.02021660517,-0.7830529618,-0.3558611764,0,1
2341,78033333333,1,0,1.385470023,-1.243916783,2.283346442,0.5104568335,-0.02058460054,-0.7844554426,-0.3516244502,0,1
2342,78066666667,1,0,1.388590446,-1.246568094,2.284626674,0.5099431588,-0.02156627854,-0.7856749752,-0.3495821846,0,1
2343,78100000000,1,0,1.388875324,-1.252403706,2.283869272,0.5098310214,-0.01955421694,-0.7847868849,-0.3518515418,0,1
2344,78133333333,1,0,1.388629883,-1.247165058,2.279800808,0.512525739,-0.0178592301,-0.7832960355,-0.351348453,0,1
2345,78166666667,1,0,1.391127036,-1.243292757,2.279505126,0.5126293584,-0.01739518227,-0.7847427727,-0.347976047,0,1
2346,78200000000,1,0,1.395567471,-1.252269785,2.283203898,0.5113502239,-0.01604073647,-0.7850422516,-0.3492453386,0,1
2347,78233333333,1,0,1.395238213,-1.247630409,2.280189054,0.5140232463,-0.01493695555,-0.7828366209,-0.3503195893,0,1
2348,78266666667,1,1,1.393215046,-1.242856363,2.271726297,0.5157659605,-0.0126892451,-0.7824504095,-0.3487059129,0,1
2349,78300000000,1,0,1.398944497,-1.245125539,2.275216579,0.5145007295,-0.0107053292,-0.7844171775,-0.3462139323,0,1
2350,78333333333,1,0,1.401180297,-1.244881257,2.276725508,0.5132898205,-0.009824618671,-0.7855986514,-0.3453574902,0,1
2351,78366666667,1,0,1.402947189,-1.244564138,2.275730846,0.5135047522,-0.009842692611,-0.786039635,-0.3440315147,0,1
2352,78400000000,1,0,1.40252214,-1.244640441,2.272722135,0.5131660289,-0.009810811784,-0.7871280352,-0.3420436099,0,1
2353,78433333333,1,0,1.403374113,-1.246098456,2.273190228,0.5119311918,-0.006270917165,-0.7883189452,-0.3412336019,0,1
2354,78466666667,1,0,1.403017237,-1.245587209,2.270364824,0.5135413435,-0.002159256726,-0.7883745063,-0.3387274182,0,1
2355,78500000000,1,0,1.408375978,-1.244170085,2.273113854,0.5123450852,0.0002327637426,-0.7907597793,-0.3349648204,0,1
2356,78533333333,1,0,1.411862443,-1.248297251,2.276431141,0.5088533018,0.002217026551,-0.7933859434,-0.3340690748,0,1
2357,78566666667,1,0,1.414156663,-1.252880534,2.278580795,0.509664621,0.005267428545,-0.7921983567,-0.3356128602,0,1
2358,78600000000,1,0,1.410939392,-1.246141917,2.275238473,0.5108047515,0.007067285105,-0.7917827405,-0.3348263001,0,1
2359,78633333333,1,0,1.412086216,-1.248778599,2.276041486,0.5088004033,0.01003649683,-0.7937919562,-0.3330401606,0,1
2360,78666666667,1,1,1.418509418,-1.25339621,2.29049031,0.5088287414,0.0129576148,-0.7935807745,-0.3333991099,0,1
2361,78700000000,1,0,1.413408053,-1.247919621,2.288153903,0.510687531,0.01340571267,-0.7920651993,-0.3341425633,0,1
2362,78733333333,1,0,1.412902284,-1.248250716,2.288949797,0.5094893306,0.01466781737,-0.7936873147,-0.3320631321,0,1
2363,78766666667,1,0,1.416046412,-1.25281875,2.296298767,0.5082011807,0.01796757683,-0.7935087266,-0.334294222,0,1
2364,78800000000,1,0,1.410458937,-1.24833438,2.292761371,0.5106447929,0.02012666741,-0.7912811386,-0.3357245484,0,1
2365,78833333333,1,0,1.408817158,-1.245087372,2.295713361,0.5092648777,0.02167692286,-0.7930204812,-0.3336134167,0,1
2366,78866666667,1,0,1.409440701,-1.248693165,2.298656254,0.5074694382,0.02467201095,-0.7936692854,-0.3345969615,0,1
2367,78900000000,1,0,1.405845734,-1.247628569,2.29951402,0.5086816018,0.02870404525,-0.7921502819,-0.3360313032,0,1
2368,78933333333,1,0,1.400988824,-1.24099405,2.296241222,0.5088337792,0.03170307235,-0.7928605738,-0.333849084,0,1
2369,78966666667,1,0,1.402509033,-1.248602121,2.303940131,0.5067767532,0.03474943339,-0.7947876431,-0.3320879427,0,1
2370,79000000000,1,0,1.40349904,-1.2508695,2.309523952,0.5082263302,0.03812310361,-0.7930477627,-0.3336583168,0,1
2371,79033333333,1,0,1.396982033,-1.242730808,2.306714354,0.5098978665,0.03895736743,-0.7926310351,-0.3319977884,0,1
2372,79066666667,1,0,1.398343508,-1.248361779,2.314014121,0.5076336588,0.03963700434,-0.7949426893,-0.3298531447,0,1
2373,79100000000,1,0,1.39786102,-1.253581933,2.3156757,0.5081273476,0.04052733932,-0.7938090406,-0.3317097232,0,1
2374,79133333333,1,0,1.393309803,-1.247142805,2.315851667,0.5094609781,0.04035610177,-0.7938240167,-0.329642727,0,1
2375,79166666667,1,0,1.392470425,-1.248493692,2.317759915,0.5070672514,0.03953883084,-0.7962356583,-0.3276099202,0,1
2376,79200000000,1,0,1.391713036,-1.250764842,2.31911412,0.5050604324,0.03871031717,-0.7975043709,-0.3277228239,0,1
2377,79233333333,1,0,1.387957598,-1.249571686,2.317132262,0.5035976642,0.03829403374,-0.7986853867,-0.327146164,0,1
2378,79266666667,1,0,1.386944105,-1.251113513,2.319347064,0.5007440297,0.03783413445,-0.8012804696,-0.3252285412,0,1
2379,79300000000,1,0,1.384973381,-1.253986337,2.320763898,-0.4987652787,-0.03663502434,0.8026271744,0.3250856667,0,1
2380,79333333333,1,1,1.375598879,-1.254587497,2.316717638,-0.4974328088,-0.03565484346,0.8034367709,0.3252363572,0,1
2381,79366666667,1,0,1.371698859,-1.256224015,2.31787771,-0.4952357494,-0.03543634646,0.8053028991,0.3239954607,0,1
2382,79400000000,1,0,1.36684412,-1.258207471,2.318107866,-0.4940880232,-0.03412842678,0.8062690403,0.3234849464,0,1
2383,79433333333,1,0,1.361154094,-1.2591977,2.317881573,-0.4924740489,-0.0331726353,0.8076691621,0.3225514099,0,1
2384,79466666667,1,0,1.355364716,-1.265159885,2.317697373,-0.4910177315,-0.03328511102,0.8081260142,0.3236140199,0,1
2385,79500000000,1,0,1.347826574,-1.264405597,2.314599491,-0.4913250815,-0.03452548819,0.8082224573,0.3227756412,0,1
2386,79533333333,1,0,1.340247538,-1.266995115,2.313530576,-0.4906344274,-0.03645521171,0.809518132,0.3203580343,0,1
2387,79566666667,1,1,1.327617296,-1.27856491,2.314012199,-0.4898594668,-0.03805975965,0.8113473398,0.3167090964,0,1
2388,79600000000,1,0,1.323361593,-1.284717124,2.315310609,-0.4891103666,-0.03910693796,0.8132415483,0.3128576047,0,1
2389,79633333333,1,0,1.320454473,-1.28706338,2.319577968,-0.4886045609,-0.03961869333,0.8142539142,0.3109445373,0,1
2390,79666666667,1,0,1.312652811,-1.287816223,2.314350272,-0.4890620934,-0.03954278722,0.8146865767,0.3090961316,0,1
2391,79700000000,1,0,1.309402209,-1.294333236,2.317533094,-0.4890176681,-0.03974384196,0.8158091991,0.3061658016,0,1
2392,79733333333,1,0,1.305961237,-1.295574,2.319305238,-0.4896394546,-0.0407131408,0.8159410368,0.3046897916,0,1
2393,79766666667,1,0,1.302300876,-1.297064769,2.322043703,-0.4904341375,-0.03986937158,0.816537273,0.3019133516,0,1
2394,79800000000,1,0,1.298703744,-1.302432092,2.324591207,-0.4903144464,-0.03858315668,0.8170284478,0.3009445118,0,1
2395,79833333333,1,0,1.293810979,-1.303604123,2.321760543,-0.4921049963,-0.03819144112,0.8158491059,0.3012711782,0,1
2396,79866666667,1,0,1.289872952,-1.302795588,2.323172868,-0.4924562234,-0.03972472944,0.8162176625,0.2994954779,0,1
2397,79900000000,1,0,1.287682499,-1.305616343,2.326376121,-0.4921364181,-0.04012104092,0.8168174103,0.2983309679,0,1
2398,79933333333,1,0,1.285939547,-1.309999408,2.329580515,-0.492721507,-0.03901813898,0.8160892485,0.2995019863,0,1
2399,79966666667,1,0,1.280322035,-1.306479433,2.325543147,-0.4945335181,-0.03948816318,0.814960092,0.2995285178,0,1
2400,80000000000,1,0,1.276983126,-1.309658918,2.327149518,-0.4941724998,-0.04005913297,0.8156832225,0.2980766458,0,1
2401,80033333333,1,1,1.276038244,-1.317433746,2.343044978,-0.493231942,-0.04002134777,0.8161337892,0.2984060677,0,1
2402,80066666667,1,0,1.26932496,-1.314806935,2.33672907,-0.495824065,-0.04016407067,0.8143091786,0.2990750837,0,1
2403,80100000000,1,0,1.267976714,-1.315482881,2.337709909,-0.4955234159,-0.04009111247,0.8150501372,0.2975609531,0,1
2404,80133333333,1,0,1.268489622,-1.318491486,2.343740532,-0.4955735709,-0.04140941087,0.8145311113,0.2987158603,0,1
2405,80166666667,1,0,1.263225696,-1.315137175,2.339407445,-0.4972373521,-0.04236281624,0.8132489275,0.2993101892,0,1
2406,80200000000,1,0,1.262551878,-1.315525565,2.339524828,-0.4971567733,-0.0422250096,0.8135507694,0.2986424902,0,1
2407,80233333333,1,0,1.262908748,-1.316354851,2.343897592,-0.4968449993,-0.04213630207,0.8133950774,0.2995964398,0,1
2408,80266666667,1,0,1.25752757,-1.314881406,2.338837285,-0.4973114094,-0.04261777616,0.8122941483,0.3017338296,0,1
2409,80300000000,1,0,1.256197454,-1.314485488,2.337959218,-0.4967261978,-0.04388493383,0.8125731711,0.3017648731,0,1
2410,80333333333,1,0,1.255781836,-1.313514008,2.341545176,-0.4963048812,-0.04344401589,0.812725027,0.3021127486,0,1
2411,80366666667,1,0,1.251956309,-1.309924253,2.338269994,-0.4957569309,-0.04271333219,0.8125526524,0.3035767183,0,1
2412,80400000000,1,0,1.248757126,-1.311174029,2.336963311,-0.4937382855,-0.04358889465,0.812869861,0.305884133,0,1
2413,80433333333,1,0,1.2458427,-1.310068049,2.336981493,-0.4929457574,-0.04468919412,0.8127261309,0.3073818347,0,1
2414,80466666667,1,0,1.242504178,-1.307027038,2.334722945,-0.4912741199,-0.04441579842,0.8131547855,0.3089599825,0,1
2415,80500000000,1,0,1.238680416,-1.307058509,2.333827808,-0.4893991848,-0.04357328302,0.81363281,0.3107916624,0,1
2416,80533333333,1,0,1.233169478,-1.306466768,2.330113013,-0.4870922351,-0.04560458126,0.814014036,0.3131174313,0,1
2417,80566666667,1,0,1.230180313,-1.306027381,2.331502726,-0.4842633447,-0.0488875036,0.8149515742,0.3145678888,0,1
2418,80600000000,1,0,1.228500909,-1.303913717,2.333741757,-0.4823891589,-0.04916643714,0.8157952154,0.3152166356,0,1
2419,80633333333,1,0,1.226548538,-1.300428082,2.333869267,-0.4800460836,-0.04693317385,0.8166874349,0.3168196152,0,1
2420,80666666667,1,0,1.222577424,-1.301018135,2.330836075,-0.4778405905,-0.04613565761,0.8169685235,0.3195345095,0,1
2421,80700000000,1,1,1.218178795,-1.304114095,2.329440442,-0.4761452956,-0.04704543224,0.8169180662,0.3220516386,0,1
2422,80733333333,1,0,1.214173741,-1.300427713,2.326637841,-0.474862039,-0.04771108767,0.8176501824,0.3219904894,0,1
2423,80766666667,1,0,1.213866586,-1.30246031,2.329468629,-0.4719428277,-0.0465727087,0.8193810432,0.3220491519,0,1
2424,80800000000,1,0,1.211654974,-1.302396896,2.33151694,-0.4715468025,-0.04345400507,0.8199509267,0.3216144281,0,1
2425,80833333333,1,0,1.208400019,-1.301735538,2.330639611,-0.4700900724,-0.04085396275,0.8208384542,0.3218237244,0,1
2426,80866666667,1,0,1.205090452,-1.302276209,2.329867534,-0.4689429006,-0.03761039186,0.8218900063,0.3212083933,0,1
2427,80900000000,1,0,1.204469781,-1.305872794,2.334071498,-0.4673407865,-0.03674937978,0.8227709995,0.3213875459,0,1
2428,80933333333,1,0,1.201239222,-1.304796086,2.33640085,-0.4673880427,-0.03615450886,0.8224033926,0.3223258115,0,1
2429,80966666667,1,0,1.196128996,-1.300281166,2.332790181,-0.4668619525,-0.03342548619,0.8232901737,0.321116714,0,1
2430,81000000000,1,0,1.195961384,-1.306563777,2.34153396,-0.4643031469,-0.02900014012,0.8250534819,0.3207309333,0,1
2431,81033333333,1,0,1.190004379,-1.307806545,2.34152759,-0.4638354316,-0.028265343,0.8247080001,0.3223576853,0,1
2432,81066666667,1,0,1.184150069,-1.307550086,2.336985246,-0.4636560166,-0.02924673972,0.8251087957,0.3215014802,0,1
2433,81100000000,1,0,1.183858848,-1.311512918,2.347829862,-0.4616230795,-0.02839312759,0.8270033722,0.3196300756,0,1
2434,81133333333,1,0,1.179345156,-1.313465926,2.353299076,-0.4612338598,-0.02646342479,0.8267457143,0.321021086,0,1
2435,81166666667,1,0,1.170950559,-1.3117023,2.347602061,-0.4607582523,-0.02614767025,0.8270136876,0.321039706,0,1
2436,81200000000,1,0,1.171475174,-1.317214512,2.357873286,-0.4572684734,-0.02552603303,0.8291767249,0.3204994912,0,1
2437,81233333333,1,0,1.167716895,-1.320545679,2.363106512,-0.4558497843,-0.0254335787,0.8290146937,0.3229376794,0,1
2438,81266666667,1,0,1.159855876,-1.318116511,2.358502841,-0.4547059301,-0.02644603074,0.8289579505,0.324610291,0,1
2439,81300000000,1,0,1.157270399,-1.321948251,2.362028051,-0.4500226474,-0.02983113131,0.8309168691,0.3258325907,0,1
2440,81333333333,1,0,1.155902172,-1.32796946,2.374828437,-0.4473265181,-0.03268446758,0.8312722061,0.3283553427,0,1
2441,81366666667,1,1,1.140472285,-1.324131779,2.373997585,-0.4459776629,-0.03203856158,0.8313224326,0.3301218984,0,1
2442,81400000000,1,0,1.135252893,-1.328174434,2.374992435,-0.4419222319,-0.03067266857,0.8334018701,0.3304621782,0,1
2443,81433333333,1,0,1.129263852,-1.333293098,2.382031686,-0.4393628432,-0.03038344895,0.8343902024,0.3314062889,0,1
2444,81466666667,1,0,1.120794313,-1.335979005,2.379590965,-0.4379815372,-0.03143317216,0.8349045523,0.3318411026,0,1
2445,81500000000,1,0,1.118032589,-1.337940563,2.388524863,-0.4352664481,-0.03064276647,0.8369394103,0.3303582351,0,1
2446,81533333333,1,0,1.111490837,-1.34138578,2.393464087,-0.4322611066,-0.0286911211,0.8380647645,0.3316241937,0,1
2447,81566666667,1,0,1.10336744,-1.345350711,2.393704757,-0.4305257601,-0.0285014429,0.8384470474,0.3329291012,0,1
2448,81600000000,1,0,1.097963782,-1.35042517,2.397446677,-0.428044148,-0.03102753899,0.8393539595,0.3336171906,0,1
2449,81633333333,1,0,1.09191542,-1.35433313,2.40526903,-0.4263175631,-0.03333918793,0.8396647518,0.3348207557,0,1
2450,81666666667,1,0,1.085693662,-1.353178279,2.407829356,-0.4256454107,-0.0347340048,0.8396436619,0.3355861354,0,1
2451,81700000000,1,0,1.080874927,-1.354287111,2.410744317,-0.4224984042,-0.03579881027,0.8405118362,0.3372734748,0,1
2452,81733333333,1,1,1.074553151,-1.362196533,2.424190754,-0.4200275357,-0.03565353605,0.8409201485,0.3393508485,0,1
2453,81766666667,1,0,1.067225785,-1.36216346,2.424453466,-0.420101074,-0.03844145208,0.8395851046,0.3422487321,0,1
2454,81800000000,1,0,1.059855593,-1.359846523,2.422946992,-0.4191000665,-0.04043211819,0.8390919288,0.3444489994,0,1
2455,81833333333,1,0,1.05740459,-1.366564917,2.434634558,-0.4175495746,-0.04117972906,0.8391419438,0.3461175823,0,1
2456,81866666667,1,0,1.048341662,-1.361651931,2.433869935,-0.4192316898,-0.04209575503,0.8366077091,0.3500861019,0,1
2457,81900000000,1,0,1.038344236,-1.360749876,2.425088423,-0.4195367308,-0.04110853809,0.8362886411,0.350599955,0,1
2458,81933333333,1,0,1.036590782,-1.365447522,2.440122254,-0.4187361743,-0.03873537098,0.8376301178,0.3486192381,0,1
2459,81966666667,1,0,1.026820088,-1.359844303,2.439577767,-0.4199269608,-0.03686636439,0.8359906024,0.3513145763,0,1
2460,82000000000,1,0,1.018977204,-1.359335395,2.433566905,-0.4194400261,-0.03516509765,0.8360468638,0.351936247,0,1
2461,82033333333,1,1,1.017845766,-1.36202654,2.446516249,-0.4175803456,-0.03298864648,0.8371059614,0.3518408924,0,1
2462,82066666667,1,0,1.010745016,-1.357212168,2.446570007,-0.4172040363,-0.03036585768,0.8358030158,0.3556009359,0,1
2463,82100000000,1,0,1.001045676,-1.35405136,2.438594941,-0.4155052049,-0.02887378504,0.8356014889,0.3581785601,0,1
2464,82133333333,1,0,0.9954958415,-1.360878248,2.443795542,-0.4123184206,-0.02991565613,0.8362248003,0.3603146637,0,1
2465,82166666667,1,0,0.9863786729,-1.354905664,2.443279824,-0.412027703,-0.03105421791,0.8355719486,0.3620612189,0,1
2466,82200000000,1,0,0.9767484372,-1.351443635,2.437411133,-0.410206536,-0.03095325781,0.8365371053,0.3619090565,0,1
2467,82233333333,1,0,0.9708046578,-1.358302445,2.44316549,-0.4077154353,-0.0306639148,0.837394086,0.3627657549,0,1
2468,82266666667,1,0,0.9571852066,-1.358260384,2.436482922,-0.4078388895,-0.03385684855,0.8361167856,0.3652805426,0,1
2469,82300000000,1,0,0.9467092794,-1.353507657,2.430302618,-0.4077620701,-0.03766798899,0.8370033108,0.3629554717,0,1
2470,82333333333,1,0,0.9379472316,-1.352751157,2.43230878,-0.4055144784,-0.03589670059,0.8394478185,0.3599955483,0,1
2471,82366666667,1,0,0.9287602748,-1.355760287,2.43353895,-0.4039196766,-0.03363272763,0.8402576846,0.3601177002,0,1
2472,82400000000,1,1,0.9135720886,-1.352765861,2.418252385,-0.4028271572,-0.03419820107,0.8402700488,0.3612575391,0,1
2473,82433333333,1,0,0.9051896609,-1.35838668,2.423645761,-0.3993237633,-0.03573783934,0.8426477254,0.3594553516,0,1
2474,82466666667,1,0,0.8934965305,-1.360591065,2.432343974,-0.3990843019,-0.03504970566,0.8426486664,0.3597866911,0,1
2475,82500000000,1,0,0.8798948671,-1.351697461,2.417234752,-0.4008118551,-0.03376818045,0.8416741007,0.3602697253,0,1
2476,82533333333,1,0,0.8686769827,-1.355693362,2.416900952,-0.398417393,-0.03099937563,0.8435048627,0.3588901868,0,1
2477,82566666667,1,0,0.8571405992,-1.363118062,2.424481593,-0.3968156527,-0.03043919914,0.8437620142,0.3601061737,0,1
2478,82600000000,1,1,0.8415585156,-1.363072077,2.417449895,-0.3986549478,-0.03250754151,0.8421853563,0.3615816891,0,1
2479,82633333333,1,0,0.8294173393,-1.361987348,2.413219678,-0.3984353238,-0.03316765054,0.8432157863,0.3593554473,0,1
2480,82666666667,1,0,0.8180219614,-1.366125671,2.42476612,-0.3969316207,-0.03248686584,0.8444472491,0.3581881285,0,1
2481,82700000000,1,0,0.8003506614,-1.367306769,2.420115648,-0.3978438927,-0.03308380625,0.8433084056,0.3598008226,0,1
2482,82733333333,1,0,0.7860996866,-1.369947817,2.420519711,-0.3982281503,-0.03384817766,0.8436075187,0.358601444,0,1
2483,82766666667,1,0,0.7741663458,-1.37035181,2.427689601,-0.3983059014,-0.03412194857,0.8436357848,0.3584226054,0,1
2484,82800000000,1,0,0.7577340366,-1.369605336,2.422492847,-0.3977323638,-0.03612382782,0.8423922823,0.3617724125,0,1
2485,82833333333,1,1,0.7431587161,-1.377023462,2.41693004,-0.3963722619,-0.04088615507,0.8418767077,0.3639518669,0,1
2486,82866666667,1,0,0.7312331231,-1.38033967,2.422393974,-0.3959286477,-0.04349595975,0.8424757792,0.362743944,0,1
2487,82900000000,1,0,0.7187303531,-1.380962774,2.422483599,-0.3962753831,-0.04351578639,0.8425102894,0.3622824994,0,1
2488,82933333333,1,0,0.7066151937,-1.382705985,2.417266533,-0.396634921,-0.04188450187,0.8430922963,0.360724005,0,1
2489,82966666667,1,0,0.6979683611,-1.387626583,2.423140939,-0.3955953099,-0.04130933925,0.8446715222,0.3582288499,0,1
2490,83000000000,1,0,0.6879338584,-1.389089212,2.428522485,-0.3954894804,-0.03973083168,0.8454498067,0.3566849537,0,1
2491,83033333333,1,0,0.6807030305,-1.387068315,2.428302363,-0.3950793326,-0.03662852035,0.8462962603,0.3554621109,0,1
2492,83066666667,1,0,0.6646069082,-1.394602164,2.435161867,-0.3935934652,-0.03823426592,0.8457576582,0.3582126584,0,1
2493,83100000000,1,0,0.6575210629,-1.393633562,2.431434966,-0.3925648595,-0.03944257615,0.84597935,0.3586865675,0,1
2494,83133333333,1,0,0.6515222406,-1.395256718,2.439906264,-0.3904470211,-0.03755644578,0.8476646882,0.3572187193,0,1
2495,83166666667,1,0,0.6450492107,-1.397328798,2.443370798,-0.3890226129,-0.0366606759,0.8477303689,0.3587068762,0,1
2496,83200000000,1,1,0.6377848669,-1.400687006,2.444202785,-0.388160678,-0.03590122683,0.8480003015,0.3590792094,0,1
2497,83233333333,1,0,0.6323695919,-1.403282766,2.452921691,-0.3865998175,-0.03225751794,0.8497109966,0.3570591769,0,1
2498,83266666667,1,0,0.625605696,-1.404982785,2.45906328,-0.3862015465,-0.02846866774,0.8497635257,0.3576868055,0,1
2499,83300000000,1,0,0.6164167706,-1.407218134,2.453478026,-0.3860387586,-0.02699893428,0.8493636048,0.3589242277,0,1
2500,83333333333,1,0,0.6100978068,-1.412211942,2.461089364,-0.3850448442,-0.02574078199,0.8508489562,0.3565584577,0,1
2501,83366666667,1,0,0.6029297734,-1.411215316,2.470543924,-0.3848317665,-0.02437955608,0.8510840242,0.3563230732,0,1
2502,83400000000,1,0,0.5964491959,-1.40866145,2.464673806,-0.3850742007,-0.02200674581,0.8509185316,0.356610734,0,1
2503,83433333333,1,0,0.5888422208,-1.415782411,2.474443798,-0.3826314512,-0.01873520171,0.8523817178,0.3559319767,0,1
2504,83466666667,1,0,0.5809763981,-1.41564619,2.476554642,-0.3826015824,-0.01869976779,0.851734181,0.3575125631,0,1
2505,83500000000,1,0,0.5722746465,-1.419531838,2.468683018,-0.3816212593,-0.02017269136,0.8519892138,0.3578724026,0,1
2506,83533333333,1,0,0.5683302285,-1.42239724,2.481661841,-0.3800170023,-0.02087641673,0.8542908655,0.354031595,0,1
2507,83566666667,1,1,0.5620463333,-1.422528564,2.496436328,-0.377442983,-0.0214303156,0.8549682572,0.3551152142,0,1
2508,83600000000,1,0,0.5517665414,-1.427275293,2.488710561,-0.3769471342,-0.02171831962,0.8542046069,0.3574544196,0,1
2509,83633333333,1,0,0.5471619375,-1.430308599,2.497331378,-0.3747390182,-0.02292883127,0.8558602249,0.3557361556,0,1
2510,83666666667,1,0,0.5388769207,-1.433345159,2.501991129,-0.3722818099,-0.02458623236,0.856196902,0.3573914328,0,1
2511,83700000000,1,0,0.5314859669,-1.438180702,2.503912774,-0.3716892659,-0.02483503075,0.8565996371,0.357025731,0,1
2512,83733333333,1,0,0.5254816494,-1.438605767,2.508133553,-0.3703390337,-0.02576342603,0.8572895619,0.3567069569,0,1
2513,83766666667,1,0,0.5164115019,-1.445057194,2.508668068,-0.3675859738,-0.02827474934,0.8578201342,0.3580861737,0,1
2514,83800000000,1,0,0.5088370504,-1.449682074,2.516129051,-0.3667226751,-0.02995085919,0.8587919112,0.3565022844,0,1
2515,83833333333,1,0,0.5025776022,-1.450860951,2.519283211,-0.3664747616,-0.03018043998,0.8592012718,0.3557507058,0,1
2516,83866666667,1,0,0.4948569972,-1.454332633,2.520626614,-0.3647108593,-0.03034702595,0.8597521744,0.356217975,0,1
2517,83900000000,1,0,0.4864379984,-1.460196723,2.524404518,-0.3634142165,-0.03177741699,0.8603870051,0.3558855216,0,1
2518,83933333333,1,0,0.4823577013,-1.459146896,2.528397744,-0.3627704549,-0.03273254931,0.861012462,0.354941851,0,1
2519,83966666667,1,0,0.476845279,-1.459921792,2.529935987,-0.3609228404,-0.03233923074,0.8617097198,0.3551693064,0,1
2520,84000000000,1,1,0.4665889329,-1.465302298,2.533806812,-0.357177409,-0.03245077188,0.863069769,0.3556428261,0,1
2521,84033333333,1,0,0.4616664545,-1.466573095,2.543637392,-0.35446721,-0.03338412637,0.8642358949,0.3554360914,0,1
2522,84066666667,1,0,0.4603205073,-1.463913597,2.542422565,-0.3528102514,-0.03392120644,0.8641032543,0.3573511496,0,1
2523,84100000000,1,0,0.4563262011,-1.466183043,2.54341489,-0.347719855,-0.03422622551,0.8653198699,0.3593619216,0,1
2524,84133333333,1,0,0.4505068766,-1.471018518,2.552475799,-0.3436834379,-0.03564184952,0.8661018552,0.3612186728,0,1
2525,84166666667,1,0,0.4488258577,-1.467663219,2.550742523,-0.3408856709,-0.03961839254,0.8657173051,0.3643636782,0,1
2526,84200000000,1,1,0.4490988625,-1.46172055,2.554161787,-0.3368367854,-0.03840851182,0.8674612285,0.3641109491,0,1
2527,84233333333,1,0,0.4482121547,-1.461393051,2.563097488,-0.3303782675,-0.03435194955,0.8693369072,0.3659555787,0,1
2528,84266666667,1,0,0.4423481167,-1.463981114,2.565103797,-0.3240476377,-0.0338828918,0.8692427846,0.3718360654,0,1
2529,84300000000,1,0,0.4387864359,-1.465100913,2.560896343,-0.3194091124,-0.03433881419,0.8695470914,0.3750820185,0,1
2530,84333333333,1,0,0.4358289058,-1.466188164,2.571512306,-0.3133003656,-0.03501001388,0.8712882708,0.3761302021,0,1
2531,84366666667,1,0,0.4312514658,-1.466106919,2.576502198,-0.3089098572,-0.03605452772,0.8711244046,0.3800224242,0,1
2532,84400000000,1,0,0.4270486329,-1.464971323,2.573933759,-0.3065858219,-0.03480022188,0.871259931,0.3817069702,0,1
2533,84433333333,1,0,0.4243795152,-1.464460143,2.575914665,-0.3030508591,-0.03298188793,0.8724505044,0.3819718435,0,1
2534,84466666667,1,0,0.4169032704,-1.469496795,2.585254638,-0.2976157861,-0.03166228631,0.8734199553,0.3841352953,0,1
2535,84500000000,1,0,0.4113803812,-1.467075153,2.584368076,-0.2976557078,-0.03039047275,0.8727990871,0.3856154203,0,1
2536,84533333333,1,0,0.408118174,-1.466290063,2.579576936,-0.2949018838,-0.02962201551,0.873243874,0.3867823052,0,1
2537,84566666667,1,1,0.3965095493,-1.473161907,2.586468274,-0.2902741161,-0.02804975353,0.8743851452,0.3878205341,0,1
2538,84600000000,1,0,0.3897824868,-1.473076672,2.58609148,-0.2889496659,-0.02938413947,0.8740713551,0.3894148547,0,1
2539,84633333333,1,0,0.382566168,-1.47490309,2.580658652,-0.2875486334,-0.03037178917,0.8743456786,0.3897601469,0,1
2540,84666666667,1,0,0.3736429094,-1.478260902,2.586145744,-0.2855089844,-0.03005023327,0.8757695696,0.3880840943,0,1
2541,84700000000,1,0,0.3649244859,-1.479108683,2.584800977,-0.2845776593,-0.03104322499,0.8760080026,0.3881518433,0,1
2542,84733333333,1,0,0.3585386094,-1.477271924,2.57914943,-0.284173909,-0.0311481747,0.876814623,0.3866149215,0,1
2543,84766666667,1,0,0.3507825197,-1.479460337,2.583016838,-0.2807318752,-0.03093151727,0.8787288696,0.3847966075,0,1
2544,84800000000,1,0,0.3416340608,-1.480465808,2.586345358,-0.2779621258,-0.03130314853,0.8794540681,0.3851203858,0,1
2545,84833333333,1,0,0.3342032125,-1.479430897,2.582028563,-0.2761286451,-0.03232535422,0.8795739624,0.3860798978,0,1
2546,84866666667,1,0,0.3266521923,-1.480475355,2.579678199,-0.2722081842,-0.03436120911,0.8806169043,0.3863105999,0,1
2547,84900000000,1,1,0.313121987,-1.483732063,2.585357869,-0.2679773785,-0.03689202318,0.8816137915,0.3867612,0,1
2548,84933333333,1,0,0.3057617567,-1.48257315,2.579706938,-0.2670481356,-0.04124226511,0.8814455322,0.3873475733,0,1
2549,84966666667,1,0,0.2967339862,-1.483032907,2.58017766,-0.2639994813,-0.04345434056,0.8827047633,0.3863266687,0,1
2550,85000000000,1,0,0.2854778776,-1.484710697,2.58231917,-0.2618869366,-0.04547721621,0.8831989705,0.3864021659,0,1
2551,85033333333,1,0,0.2770955779,-1.485817232,2.575019859,-0.2604579647,-0.04875440843,0.883061764,0.3872810055,0,1
2552,85066666667,1,0,0.266654757,-1.488726676,2.574738903,-0.2583803553,-0.05114348636,0.8842253529,0.3857064441,0,1
2553,85100000000,1,0,0.2574833156,-1.48932371,2.579273928,-0.2565595506,-0.05529987108,0.885141676,0.384243848,0,1
2554,85133333333,1,0,0.2516976736,-1.486695957,2.576144833,-0.2548077841,-0.0585463927,0.8854259429,0.3842736171,0,1
2555,85166666667,1,0,0.2417166283,-1.490179992,2.582469276,-0.2519870754,-0.05905508787,0.8865771578,0.3834005134,0,1
2556,85200000000,1,0,0.2344731849,-1.489182153,2.586483373,-0.2510073157,-0.06012812589,0.8863872137,0.3843145109,0,1
2557,85233333333,1,0,0.2290291552,-1.488547479,2.578895758,-0.2496883216,-0.06118383147,0.8859064039,0.3861115439,0,1
2558,85266666667,1,1,0.2089934165,-1.492158048,2.591642057,-0.2463396759,-0.06317836403,0.8862706897,0.3871040208,0,1
2559,85300000000,1,0,0.2063723822,-1.489985471,2.582789397,-0.2461730732,-0.06495089239,0.8853203093,0.3890863009,0,1
2560,85333333333,1,0,0.1972680425,-1.494036996,2.588352058,-0.2432930892,-0.06573853316,0.8861130544,0.3889608885,0,1
2561,85366666667,1,0,0.1909501289,-1.494517947,2.587231782,-0.2433660847,-0.06792279767,0.8853433087,0.390290492,0,1
2562,85400000000,1,0,0.1898630326,-1.494888693,2.577768168,-0.2431473652,-0.06976753291,0.8854431226,0.3898747578,0,1
2563,85433333333,1,0,0.182432065,-1.499115198,2.587373584,-0.2411756961,-0.0690620991,0.8876119882,0.3862766736,0,1
2564,85466666667,1,0,0.1790713568,-1.497521668,2.589434534,-0.2413898852,-0.06887577028,0.8878875379,0.3855421789,0,1
2565,85500000000,1,0,0.1747381965,-1.500111325,2.587005235,-0.2409458305,-0.06780574937,0.8881039479,0.3855111734,0,1
2566,85533333333,1,0,0.1687043102,-1.502967355,2.594299433,-0.2410598769,-0.06595764777,0.8890451242,0.3835863547,0,1
2567,85566666667,1,0,0.1638148657,-1.503963731,2.595751814,-0.2422290832,-0.06472184392,0.8887484637,0.3837477329,0,1
2568,85600000000,1,0,0.1619373526,-1.503343513,2.594093669,-0.2437174429,-0.06160257394,0.8889356342,0.3828842764,0,1
2569,85633333333,1,0,0.1556044538,-1.506859831,2.59993149,-0.2433627674,-0.05855422783,0.8897047487,0.3818002437,0,1
2570,85666666667,1,0,0.1493185586,-1.509996073,2.603369737,-0.2453217499,-0.05700778278,0.8890600682,0.3822820254,0,1
2571,85700000000,1,0,0.1488489639,-1.509367233,2.601364937,-0.2482314086,-0.05560359419,0.8886640143,0.3815307036,0,1
2572,85733333333,1,0,0.1436593972,-1.510845102,2.609734831,-0.2492378191,-0.05258671798,0.8892951556,0.3798279517,0,1
2573,85766666667,1,0,0.1382184377,-1.51156031,2.61451387,-0.251727892,-0.05053629921,0.8882002183,0.3810243077,0,1
2574,85800000000,1,0,0.1392229475,-1.512582256,2.60981181,-0.254525417,-0.0505218712,0.8868574595,0.3822933419,0,1
2575,85833333333,1,1,0.1342530507,-1.514451016,2.61760525,-0.2548400769,-0.05034125368,0.8871059963,0.3815301361,0,1
2576,85866666667,1,0,0.1302246474,-1.516326272,2.619288983,-0.2568853358,-0.05273922256,0.8857359809,0.3830147135,0,1
2577,85900000000,1,0,0.1310237452,-1.51783374,2.61271402,-0.2590128556,-0.05506748067,0.8849468723,0.3830782511,0,1
2578,85933333333,1,0,0.1272678829,-1.520383887,2.619712935,-0.2591334592,-0.05532107928,0.8863288873,0.3797506183,0,1
2579,85966666667,1,0,0.1236987025,-1.522808987,2.62398712,-0.260946775,-0.05553763506,0.8862751294,0.3786010389,0,1
2580,86000000000,1,0,0.1251289081,-1.525177978,2.618499316,-0.2630475879,-0.05529219428,0.8862821878,0.3771639211,0,1
2581,86033333333,1,0,0.1202766111,-1.528991609,2.628841583,-0.2629651497,-0.05409827479,0.8879682399,0.3734101119,0,1
2582,86066666667,1,0,0.1189833531,-1.530066307,2.632057394,-0.26583401,-0.05392705991,0.8875308924,0.3724420309,0,1
2583,86100000000,1,0,0.1192469522,-1.532768871,2.628506676,-0.2678508468,-0.05288199742,0.8874449142,0.3713501616,0,1
2584,86133333333,1,0,0.1151304906,-1.535815369,2.637418062,-0.2687142954,-0.05158945542,0.8883179089,0.3688122128,0,1
