frame_index,timestamp_ns,segment,keyframe,cx,cy,cz,qw,qx,qy,qz
0,0,0,1,0,0,0,1,0,0,0
10,333333333,0,1,0.01432535756,0.003126368596,-0.02261961388,0.9998737703,-0.004239236362,0.002165934695,-0.01515852795
11,366666667,0,0,0.01535107371,0.001744931889,-0.02458480369,0.9998830241,-0.004528482087,0.001431408476,-0.01453898597
12,400000000,0,0,0.01897720239,0.0008085355042,-0.02700336954,0.9998980097,-0.002602936259,-0.0001470109753,-0.0140418445
13,433333333,0,0,0.02177097269,-0.0004845149848,-0.02870017534,0.9998943855,-0.0006610056324,-0.0002742143005,-0.01451570691
14,466666667,0,0,0.02440384633,-0.00216842815,-0.03155890328,0.9998791123,0.002642188112,0.0004690470156,-0.01531534231
15,500000000,0,0,0.02760302378,-0.002451127546,-0.03396537746,0.9998350485,0.005650545644,0.002249955672,-0.01711387912
16,533333333,0,1,0.04846585797,-0.001835549849,-0.03348061314,0.9998204129,0.01017428329,-0.002604503038,-0.01577473904
17,566666667,0,0,0.05245183722,-0.000206712014,-0.03503671857,0.9997577614,0.01344854562,-0.001261236607,-0.01737712553
18,600000000,0,0,0.05631026313,0.002732475569,-0.03646968128,0.9997115711,0.01386389753,-0.0007408306241,-0.01959637957
19,633333333,0,0,0.06022629213,0.001419079446,-0.03708221764,0.9997403772,0.01131458995,-0.002451596969,-0.01962518811
20,666666667,0,0,0.06538384731,0.0001238054343,-0.03815526307,0.9997456674,0.0107661431,-0.005854499739,-0.01893186392
21,700000000,0,0,0.07145494783,0.001026282254,-0.0403125723,0.9996882275,0.01095408277,-0.009604094262,-0.02027849161
22,733333333,0,0,0.07904228363,-0.0001577417139,-0.04215328632,0.9996001525,0.009976689221,-0.01308616857,-0.02299462887
23,766666667,0,0,0.08602476399,-0.001747488154,-0.04349552696,0.9995140041,0.011600201,-0.0154563178,-0.02446003072
24,800000000,0,1,0.1099440937,-0.0001116759311,-0.04950753136,0.9992089329,0.01443055217,-0.02491907664,-0.02742821922
25,833333333,0,0,0.1177989904,0.002229510046,-0.05238942367,0.99904257,0.01602918946,-0.02699033396,-0.03047179349
26,866666667,0,0,0.1258211816,0.003958813152,-0.05438981404,0.9989579481,0.01559334971,-0.02845622316,-0.03209530721
27,900000000,0,0,0.1319841597,0.005539361351,-0.05569841257,0.9988712091,0.01428585779,-0.03081661803,-0.03320478737
28,933333333,0,0,0.1392543308,0.009510371534,-0.05663980016,0.9987101505,0.01267765624,-0.03510726408,-0.03442081117
29,966666667,0,0,0.1474094186,0.009692426581,-0.05823930632,0.998519969,0.008539333746,-0.04017073643,-0.03565477867
30,1000000000,0,0,0.155478257,0.01057201482,-0.05856763047,0.9983538712,0.007157480488,-0.04385664796,-0.03626172614
31,1033333333,0,1,0.1746408889,0.0151880516,-0.06022168982,0.9980057999,0.008416224406,-0.05033330362,-0.0371503567
32,1066666667,0,0,0.1824983715,0.01882361472,-0.06160072602,0.9979140185,0.007309142495,-0.05179828701,-0.03783021938
33,1100000000,0,0,0.1894491701,0.02218570985,-0.06144985543,0.9979398989,0.003278180243,-0.05306178732,-0.03591181468
34,1133333333,0,0,0.1949090497,0.02323018549,-0.06205224479,0.9979180525,-0.001797267612,-0.05509882919,-0.03347311355
35,1166666667,0,0,0.2018542014,0.02405808995,-0.06258705022,0.9978303843,-0.006473042072,-0.05729269018,-0.03178319503
36,1200000000,0,0,0.2075357258,0.02390865698,-0.06375403857,0.9978188536,-0.009684308066,-0.05768358821,-0.03059988968
37,1233333333,0,0,0.2122881262,0.0231969814,-0.06451559011,0.9977891013,-0.01066297094,-0.05746128655,-0.03164507713
38,1266666667,0,1,0.2220421889,0.02487854678,-0.06631220137,0.9976748118,-0.008820250293,-0.0586864007,-0.03351237912
39,1300000000,0,0,0.2273256777,0.02604180229,-0.06835777702,0.99773697,-0.00761295321,-0.05699004272,-0.0348585245
40,1333333333,0,0,0.2303048379,0.02714725964,-0.0710434728,0.9978753069,-0.005757611428,-0.05439342374,-0.03539883219
41,1366666667,0,0,0.2332789789,0.02896353947,-0.07479234692,0.9979368792,-0.004181144302,-0.05260855753,-0.03656286177
42,1400000000,0,0,0.2374419006,0.03243680346,-0.07844479686,0.9980483117,-0.003946513022,-0.05046722484,-0.03656571942
43,1433333333,0,0,0.2400333716,0.03381797258,-0.08137767451,0.9982415802,-0.0057659704,-0.04746766743,-0.03503315015
44,1466666667,0,0,0.2411484344,0.03468961773,-0.08568752701,0.9983599258,-0.008003582422,-0.04490987157,-0.03459052987
45,1500000000,0,0,0.2432065548,0.03650168775,-0.08989726222,0.9984269027,-0.01047726108,-0.04217374324,-0.03543052824
46,1533333333,0,0,0.2441509886,0.03709191532,-0.09253842928,0.9985407895,-0.01243125733,-0.03857432037,-0.03569001689
47,1566666667,0,0,0.2440012818,0.03762001045,-0.09623376538,0.9987155106,-0.01239149873,-0.03446684315,-0.03501165989
48,1600000000,0,1,0.2454474578,0.04033152881,-0.100592977,0.998868556,-0.01129063432,-0.03130920573,-0.03396856081
49,1633333333,0,0,0.245984968,0.04433330762,-0.1057037206,0.9989751089,-0.01172649167,-0.02854572874,-0.03311136739
50,1666666667,0,0,0.2464783076,0.04685542933,-0.1099873815,0.9991374875,-0.01350132593,-0.02519385034,-0.03012084356
51,1700000000,0,0,0.2453735395,0.05135462478,-0.1150794025,0.9992965223,-0.01589798742,-0.02162495613,-0.02619304687
52,1733333333,0,0,0.2432854464,0.05464521841,-0.1191292239,0.99928688,-0.02033616829,-0.01907277292,-0.02546372172
53,1766666667,0,0,0.2411876711,0.05682272954,-0.1237325127,0.9992385672,-0.0229354553,-0.0175559128,-0.02623052695
54,1800000000,0,1,0.2417448594,0.06235611019,-0.1283363063,0.9991914193,-0.02475574491,-0.01723721108,-0.0265808049
55,1833333333,0,0,0.2415722212,0.06667230626,-0.1321053956,0.9991032909,-0.02852094814,-0.01535333664,-0.027266181
56,1866666667,0,0,0.2409569174,0.07026169919,-0.1358696192,0.999050945,-0.03194460707,-0.0130769657,-0.0265658494
57,1900000000,0,0,0.2419560125,0.07555105691,-0.1400881543,0.9990078479,-0.03532582703,-0.01074072793,-0.02490065146
58,1933333333,0,0,0.2430451145,0.08130360611,-0.1435227845,0.9989575361,-0.03947049873,-0.007819807034,-0.02155855997
59,1966666667,0,0,0.2422586498,0.08600359271,-0.1465550298,0.998808818,-0.04463233142,-0.005363511299,-0.01897716844
60,2000000000,0,1,0.2433146828,0.08984691962,-0.1500189748,0.9985735585,-0.04936338994,-0.005310187588,-0.01964448566
61,2033333333,0,0,0.2448732937,0.09277186425,-0.1520231727,0.9983769855,-0.0528097684,-0.005194179648,-0.02067713099
62,2066666667,0,0,0.2472250655,0.09556570682,-0.156242565,0.9982579464,-0.05461676285,-0.003982010002,-0.02195962772
63,2100000000,0,0,0.2500124597,0.09831236262,-0.1591208206,0.9981453964,-0.05621028633,-0.001216212528,-0.02333864296
64,2133333333,0,0,0.2523947082,0.1006594657,-0.1611758374,0.9981285247,-0.0566060176,0.002358886542,-0.02301396479
65,2166666667,0,0,0.2541574173,0.1028340311,-0.163504212,0.998096582,-0.05700536349,0.004399338139,-0.02311379109
66,2200000000,0,0,0.2566821231,0.1030230401,-0.1660307125,0.9980791994,-0.05689658466,0.00497992972,-0.02399772335
67,2233333333,0,0,0.2593038417,0.1048843304,-0.1693616627,0.9981361507,-0.05589912116,0.005016015508,-0.02396565089
68,2266666667,0,1,0.2627444957,0.1062544212,-0.1699469718,0.9981792924,-0.05516689447,0.004233923929,-0.02401640994
69,2300000000,0,0,0.2672296265,0.1065310182,-0.1727753125,0.9982317517,-0.05471306198,0.003401374566,-0.0229843739
70,2333333333,0,0,0.2711979459,0.1065502193,-0.1754654799,0.9983044863,-0.05399472563,0.002969201108,-0.02153847781
71,2366666667,0,0,0.2756283047,0.1061074752,-0.1771679382,0.9983754224,-0.05313666149,0.00229808754,-0.02043844524
72,2400000000,0,0,0.2801811339,0.1068322263,-0.1793650411,0.9984726948,-0.05150687056,0.0009495376198,-0.01996042253
73,2433333333,0,0,0.285536369,0.1069636713,-0.1811157054,0.9985352104,-0.05022821701,-0.001005575541,-0.02008851901
74,2466666667,0,0,0.2909767915,0.1064432682,-0.1828746575,0.9985830579,-0.04896395393,-0.003164337632,-0.02060084118
75,2500000000,0,0,0.2973945762,0.1065679524,-0.184682021,0.9986011426,-0.0477045272,-0.005947602333,-0.02201504297
76,2533333333,0,0,0.3051607561,0.1058340831,-0.1860994986,0.998569361,-0.04664004317,-0.009162251553,-0.02449470759
77,2566666667,0,0,0.3134313534,0.1056152822,-0.1872248973,0.9985609278,-0.04501241133,-0.01158800874,-0.02675209151
78,2600000000,0,1,0.3204719393,0.1060267692,-0.1852071025,0.9985556696,-0.04289869531,-0.01385387761,-0.02922921062
79,2633333333,0,0,0.3286807858,0.106644933,-0.186114267,0.9984898529,-0.04118571569,-0.01691749905,-0.03217994221
80,2666666667,0,0,0.3385281612,0.107082527,-0.1875251865,0.9983000443,-0.04081868408,-0.02159370358,-0.03556077325
81,2700000000,0,0,0.3479825734,0.107327303,-0.1878369504,0.9980698547,-0.04077888852,-0.02639616884,-0.03868965924
82,2733333333,0,0,0.3585307429,0.1068796029,-0.1884590948,0.9978427068,-0.04086992851,-0.03119685079,-0.04082080238
83,2766666667,0,0,0.368282879,0.1062336165,-0.188305227,0.9975856838,-0.04109962644,-0.03577622571,-0.04305445303
84,2800000000,0,0,0.3776428852,0.1058046213,-0.1876905653,0.9972949271,-0.04071191641,-0.04048825694,-0.04589193098
85,2833333333,0,1,0.3832067093,0.1035737571,-0.1861058965,0.9970409543,-0.03972462694,-0.04464223118,-0.04835659948
86,2866666667,0,0,0.392714164,0.1032926781,-0.1868197518,0.9966804709,-0.03792622119,-0.05050369507,-0.0513713678
87,2900000000,0,0,0.40204289,0.1030152703,-0.1874206212,0.9962558373,-0.03686047884,-0.05588768276,-0.05470080955
88,2933333333,0,0,0.411669042,0.1014543027,-0.1878152626,0.9958848924,-0.03584053386,-0.05994156402,-0.05775591905
89,2966666667,0,0,0.4208399919,0.1019098595,-0.1887063883,0.9956295802,-0.03505488238,-0.06276424774,-0.05961160496
90,3000000000,0,0,0.4276808165,0.1018255037,-0.1890492685,0.9953890009,-0.03522347868,-0.06457331706,-0.06156565709
91,3033333333,0,0,0.4350805125,0.1020658643,-0.1894562455,0.995220459,-0.03545167894,-0.06631878599,-0.06229955886
92,3066666667,0,0,0.4416818049,0.1018092205,-0.1879085737,0.9950419777,-0.03622711865,-0.06882504003,-0.06198525901
93,3100000000,0,1,0.4448123083,0.1021150674,-0.1866462203,0.9949517798,-0.03643021727,-0.07087432738,-0.06099692492
94,3133333333,0,0,0.4505918409,0.1002441697,-0.1860979972,0.9946716594,-0.03694107006,-0.07379133313,-0.06179390306
95,3166666667,0,0,0.4574692082,0.09868552776,-0.1869750275,0.9944116708,-0.03629344409,-0.07616632743,-0.06345790241
96,3200000000,0,0,0.4633375883,0.0991848598,-0.1879367655,0.9943333209,-0.03549510936,-0.07709216269,-0.06401673707
97,3233333333,0,0,0.4682846611,0.09904925979,-0.1875162299,0.9942740771,-0.03546273826,-0.07803472917,-0.06381249692
98,3266666667,0,0,0.4716069403,0.09829636068,-0.186829144,0.9941840841,-0.03578406505,-0.0790395262,-0.06379859624
99,3300000000,0,0,0.4764524908,0.09824534198,-0.1868784544,0.9940333631,-0.03592933694,-0.08068893584,-0.06400040144
100,3333333333,0,0,0.4802955358,0.09754190737,-0.186506375,0.993849601,-0.0373231077,-0.08206086742,-0.06431150973
101,3366666667,0,0,0.4838448895,0.09779866097,-0.1855065794,0.9936401107,-0.03915361461,-0.08326465218,-0.06491011112
102,3400000000,0,0,0.4876434381,0.09697329141,-0.1837508138,0.9934468113,-0.04083995821,-0.08412475636,-0.06571572284
103,3433333333,0,0,0.4902680719,0.09701224144,-0.1824908912,0.9933649199,-0.04241799044,-0.08461342208,-0.06532548396
104,3466666667,0,0,0.493210434,0.09499242866,-0.1802772359,0.9932536117,-0.04369530603,-0.08473546254,-0.06601427413
105,3500000000,0,0,0.495879184,0.09305768474,-0.1783638623,0.9932831855,-0.04431299287,-0.08407115062,-0.06600692156
106,3533333333,0,1,0.4949965358,0.09204179823,-0.1728376423,0.9936463845,-0.04319167651,-0.08276858721,-0.06285461462
107,3566666667,0,0,0.4965623426,0.09084956008,-0.1713449927,0.9938598438,-0.04108526987,-0.08333086466,-0.06008809011
108,3600000000,0,0,0.4995073,0.08924432211,-0.170824295,0.9939319455,-0.04021416043,-0.08452963684,-0.05776547049
109,3633333333,0,0,0.5025018283,0.08776261261,-0.1692858721,0.994001727,-0.04043506016,-0.08510266294,-0.05552575489
110,3666666667,0,0,0.5046298969,0.08599732025,-0.1671052024,0.9940456102,-0.04093990354,-0.08552740919,-0.05368716173
111,3700000000,0,0,0.5065948605,0.08348946666,-0.1641095272,0.9940297146,-0.0414426582,-0.08566802779,-0.05337060603
112,3733333333,0,0,0.5072728218,0.08127637788,-0.1605180205,0.9940987958,-0.04071649528,-0.08516106084,-0.05345413812
113,3766666667,0,0,0.5081557252,0.07935759897,-0.1572644522,0.9941045763,-0.03943336529,-0.0852109736,-0.0542235284
114,3800000000,0,0,0.5093283303,0.07822371232,-0.154528763,0.9940887165,-0.03797861491,-0.08538690469,-0.05526594919
115,3833333333,0,0,0.5103394313,0.07698258878,-0.1512612478,0.9939796097,-0.03732559036,-0.08578479445,-0.0570289824
116,3866666667,0,0,0.5108388213,0.0758229065,-0.1483142402,0.9938655636,-0.03716350851,-0.08576325428,-0.05911665876
117,3900000000,0,0,0.5110967069,0.07459148773,-0.1438899591,0.9937077449,-0.03846110215,-0.08624387291,-0.06023002382
118,3933333333,0,0,0.5101059939,0.0715985247,-0.1385823933,0.9935159366,-0.04041704815,-0.087084058,-0.06090084327
119,3966666667,0,0,0.5097510018,0.06906062567,-0.1337700816,0.9932469151,-0.04241177489,-0.08860043373,-0.06173953513
120,4000000000,0,0,0.5082480971,0.06447586966,-0.1274142008,0.9930008549,-0.04397111971,-0.08983974778,-0.06280654822
121,4033333333,0,1,0.5084685742,0.05829236259,-0.1224153921,0.9928356233,-0.04333194784,-0.09143075296,-0.06356244865
122,4066666667,0,0,0.5070770867,0.0532151083,-0.1177143401,0.9926667948,-0.04091614935,-0.09244036568,-0.06628183768
123,4100000000,0,0,0.5066654239,0.04873211272,-0.1133112445,0.9926570281,-0.0373014749,-0.09287539447,-0.06793221367
124,4133333333,0,0,0.5050818817,0.04331080424,-0.1089619755,0.992780327,-0.03342034181,-0.09315248839,-0.06777106293
125,4166666667,0,0,0.5044118265,0.04090793297,-0.1049044412,0.9928084318,-0.02905934223,-0.09462050065,-0.06733448839
126,4200000000,0,0,0.504657826,0.0385591956,-0.1022290067,0.9927035679,-0.02719700773,-0.09663820884,-0.06679076018
127,4233333333,0,0,0.503886987,0.0355980179,-0.09728860522,0.9925780287,-0.02751552753,-0.09854040985,-0.06573842382
128,4266666667,0,0,0.5036949626,0.03204023155,-0.09254057965,0.9924353057,-0.02720609314,-0.1004006695,-0.06520504629
129,4300000000,0,0,0.5042215784,0.02887337024,-0.08831626258,0.9922697947,-0.02624458129,-0.1016031379,-0.06624710398
130,4333333333,0,0,0.5053316045,0.02733245324,-0.08459405576,0.9922463048,-0.02530627969,-0.1016616194,-0.06687135425
131,4366666667,0,1,0.5060673543,0.02670315084,-0.07933492448,0.9923375676,-0.02450970375,-0.1017216325,-0.06571252404
132,4400000000,0,0,0.5061058181,0.0255909833,-0.07547696108,0.9922369799,-0.02501496501,-0.1030413922,-0.06498075672
133,4433333333,0,0,0.5064301193,0.02437737065,-0.07114701438,0.9920183808,-0.02620962831,-0.1053325795,-0.06416880271
134,4466666667,0,0,0.5063846955,0.02167491665,-0.06709150745,0.9917512995,-0.02742693217,-0.1078772867,-0.06355796111
135,4500000000,0,0,0.5069445717,0.0181637417,-0.06357465611,0.9913755819,-0.0272386864,-0.1105942967,-0.06481829281
136,4533333333,0,0,0.5081489285,0.01541810047,-0.06004175811,0.9909639959,-0.02615065404,-0.1129763769,-0.06740059603
137,4566666667,0,0,0.5092437283,0.01261500178,-0.05579169368,0.9906244532,-0.02399686772,-0.1150337776,-0.06967476609
138,4600000000,0,0,0.5097957886,0.009263097069,-0.05190038439,0.9901990401,-0.02176299097,-0.1176565217,-0.07203593591
139,4633333333,0,0,0.5104883653,0.006362114042,-0.04850855283,0.9896325863,-0.01925913565,-0.1211843416,-0.0746376928
140,4666666667,0,0,0.5128412752,0.003032890299,-0.04438926538,0.9890132549,-0.01725801124,-0.125547147,-0.07611081819
141,4700000000,0,1,0.5126745787,-0.002805956699,-0.04090543969,0.9885287019,-0.01623386775,-0.1290551638,-0.07676087344
142,4733333333,0,0,0.514371921,-0.007180378182,-0.0367393553,0.9879148523,-0.01369093438,-0.1333328426,-0.07784058092
143,4766666667,0,0,0.5165282237,-0.01091228749,-0.03319358132,0.9871586125,-0.01075204054,-0.137930359,-0.07985914748
144,4800000000,0,0,0.5181128598,-0.01425696886,-0.02849532688,0.9862055701,-0.008154348624,-0.1432240122,-0.08257700865
145,4833333333,0,0,0.5199284112,-0.01913457516,-0.02431666708,0.9850095288,-0.006226390165,-0.1495118115,-0.08581187795
146,4866666667,0,0,0.5222312167,-0.02318471445,-0.0194466019,0.983728322,-0.003969283825,-0.1560579598,-0.08893113275
147,4900000000,0,1,0.5255234582,-0.02806399928,-0.01530067426,0.9824764297,-0.002356874129,-0.1624997629,-0.09125972399
148,4933333333,0,0,0.5278985144,-0.03364353461,-0.009687338976,0.9810807811,-0.0008935729644,-0.168831363,-0.09474003007
149,4966666667,0,0,0.530995362,-0.03902217613,-0.00407297679,0.9794923011,0.002187513359,-0.1754310791,-0.09906555116
150,5000000000,0,0,0.5335316998,-0.0453164503,0.0002979644032,0.9778766483,0.005665300822,-0.1814063252,-0.1040043758
151,5033333333,0,0,0.536960256,-0.0495727909,0.005561690536,0.9760337566,0.009933896839,-0.1884465899,-0.108384992
152,5066666667,0,0,0.5404105297,-0.05495636847,0.01009998061,0.9741155084,0.01293445726,-0.1960080769,-0.1118593307
153,5100000000,0,1,0.5421395143,-0.06242423344,0.01415648018,0.972210666,0.01525208216,-0.2028182361,-0.1159247949
154,5133333333,0,0,0.5463306695,-0.06817266865,0.01887829045,0.970233996,0.01797528815,-0.2093265991,-0.120437772
155,5166666667,0,0,0.55076379,-0.07462255263,0.02332257352,0.9685927115,0.02090349343,-0.2140254019,-0.1248372158
156,5200000000,0,0,0.5540157866,-0.08106013952,0.02791654638,0.9672604465,0.02457233187,-0.2170807992,-0.1291485805
157,5233333333,0,0,0.5570849687,-0.08555761407,0.03172265853,0.966114278,0.02936012232,-0.2194568667,-0.1326644965
158,5266666667,0,0,0.5591908272,-0.08837042943,0.0352581155,0.9647318992,0.0330944479,-0.2232609879,-0.1354682671
159,5300000000,0,0,0.5620616965,-0.09170268469,0.03835200713,0.9628767189,0.03587328426,-0.2292986407,-0.1378537814
160,5333333333,0,1,0.5653226512,-0.09624418695,0.04005960483,0.9609822448,0.03706230718,-0.2355262832,-0.1402386555
161,5366666667,0,0,0.5718748377,-0.09979642734,0.04407762171,0.9592480467,0.03842112686,-0.2411897177,-0.1421074311
162,5400000000,0,0,0.5768832725,-0.104035851,0.04811080145,0.9585176662,0.03915494807,-0.2437941607,-0.1423909436
163,5433333333,0,0,0.5797464286,-0.1076358087,0.050853265,0.9582659879,0.04098585892,-0.2452412498,-0.1410786488
164,5466666667,0,0,0.5830752497,-0.1089218293,0.05346192741,0.9577001001,0.04251513005,-0.2474206716,-0.1406626928
165,5500000000,0,0,0.5866941525,-0.1111444618,0.05626963575,0.9570518069,0.04249565547,-0.24947574,-0.1414489776
166,5533333333,0,0,0.5906820905,-0.1139133539,0.058908444,0.9566734685,0.04258036407,-0.2514340682,-0.1405122648
167,5566666667,0,0,0.5963274106,-0.1166967379,0.0608517993,0.9566272062,0.0416871478,-0.2523628568,-0.1394258174
168,5600000000,0,1,0.5994033803,-0.1225575605,0.06141418637,0.9570994349,0.04102016447,-0.2512263862,-0.1384316466
169,5633333333,0,0,0.6023539142,-0.1260274494,0.0631817267,0.957830049,0.0428210526,-0.2504090749,-0.134250698
170,5666666667,0,0,0.606661916,-0.1253351239,0.06162744287,0.9584460972,0.04411710711,-0.2505891922,-0.1289954125
171,5700000000,0,0,0.6093853863,-0.1275771643,0.06188208529,0.958456525,0.04304801475,-0.2520992541,-0.1263088443
172,5733333333,0,0,0.6126493891,-0.1324684744,0.06143954531,0.958041509,0.04337101715,-0.2549599976,-0.1235751656
173,5766666667,0,0,0.619544622,-0.133465953,0.06025189823,0.9575197339,0.04586711324,-0.2578154667,-0.1207615511
174,5800000000,0,0,0.625626384,-0.134390774,0.05934342429,0.9572770156,0.04753681195,-0.2587475767,-0.120044402
175,5833333333,0,0,0.6302411672,-0.1348186561,0.05834675418,0.9574767999,0.04780873497,-0.2588449814,-0.1181176456
176,5866666667,0,0,0.6356503074,-0.1346434164,0.05634856202,0.9578854273,0.04742279951,-0.25906229,-0.1144260292
177,5900000000,0,0,0.6398658795,-0.1329288576,0.05389872151,0.9581513986,0.04616452464,-0.2593142416,-0.1121198386
178,5933333333,0,0,0.6446483224,-0.134383517,0.05104543373,0.9578806443,0.04464695512,-0.2598797528,-0.1137270186
179,5966666667,0,1,0.6508092686,-0.1325906987,0.04771512641,0.9576756504,0.04522070674,-0.2596138171,-0.1158149481
180,6000000000,0,0,0.655780672,-0.1300231057,0.0438298997,0.9576685923,0.04496843766,-0.2588850572,-0.1175892599
181,6033333333,0,0,0.6595122082,-0.1270567781,0.04027616077,0.957483002,0.04417093392,-0.2582761324,-0.1207007412
182,6066666667,0,0,0.6623650992,-0.124382115,0.03671132637,0.9569409947,0.04352610367,-0.2589975065,-0.1236515366
183,6100000000,0,0,0.6673119537,-0.121145801,0.03372125049,0.9560534895,0.04283228836,-0.2608134609,-0.1268994051
184,6133333333,0,0,0.6724195334,-0.1191448641,0.03134780049,0.9555499893,0.04186884997,-0.2616529596,-0.1292630884
185,6166666667,0,0,0.6767763224,-0.1165415189,0.02871619911,0.9554494764,0.04073408412,-0.2621134845,-0.1294355196
186,6200000000,0,0,0.6801427461,-0.1157241099,0.02618561751,0.9554170761,0.03982026594,-0.2624474887,-0.1292821443
187,6233333333,0,0,0.6856906309,-0.1120815447,0.02209310172,0.955215334,0.03979136081,-0.2629651546,-0.1297291052
188,6266666667,0,0,0.6916124062,-0.1106420487,0.02034021458,0.9550351747,0.03798681814,-0.2633403701,-0.130830678
189,6300000000,0,0,0.6969638742,-0.1095131651,0.01792758808,0.9554444814,0.03635925713,-0.2624463441,-0.1300990543
190,6333333333,0,0,0.7012089742,-0.1070217398,0.01551996715,0.955934452,0.03415127648,-0.2615263854,-0.1289455836
191,6366666667,0,0,0.7048878249,-0.10603125,0.01307357013,0.9559758836,0.03144434702,-0.2620435731,-0.1282752069
192,6400000000,0,0,0.7095323747,-0.1055125443,0.01161115691,0.9557285528,0.02839694988,-0.2635210762,-0.1278013656
193,6433333333,0,0,0.7143464884,-0.1070295815,0.01056917216,0.9554787774,0.02633266118,-0.2649358608,-0.1271844589
194,6466666667,0,0,0.7188890078,-0.1066529096,0.008355272714,0.9553094163,0.02586093868,-0.2654550765,-0.1274705194
195,6500000000,0,0,0.7240705119,-0.1060818054,0.006841545827,0.9550233855,0.02511609732,-0.2665424126,-0.1274937532
196,6533333333,0,0,0.7297168972,-0.1070309637,0.005604365319,0.9550608443,0.02406910443,-0.2668096785,-0.1268544734
197,6566666667,0,1,0.7354179687,-0.108054135,0.004558328951,0.9551531998,0.02435742057,-0.2663467232,-0.1270767641
198,6600000000,0,0,0.7401922594,-0.1104782396,0.004505228968,0.9551823335,0.02629078091,-0.2646324522,-0.1300198826
199,6633333333,0,0,0.7425096856,-0.1083499665,0.002618013862,0.9553510404,0.02991610705,-0.263462897,-0.130371462
200,6666666667,0,0,0.7463719152,-0.1037762311,0.0006076630474,0.9547308245,0.03036025347,-0.2659001445,-0.1298630851
201,6700000000,0,0,0.7510354521,-0.1036715822,0.0002986673567,0.9535625402,0.02820006122,-0.2695565088,-0.1313869365
202,6733333333,0,0,0.7563839087,-0.1041931972,0.000427513643,0.952636386,0.0266081736,-0.2727111383,-0.1319263287
203,6766666667,0,0,0.7617428068,-0.1044220585,0.0009473849128,0.9519805002,0.02585772168,-0.2747956931,-0.1324833295
204,6800000000,0,0,0.7670245301,-0.1038155585,0.001678019204,0.9515986347,0.025369143,-0.2757567501,-0.1333216402
205,6833333333,0,0,0.7713030868,-0.1050357721,0.002050872645,0.9513656037,0.02507147572,-0.2762836297,-0.133948741
206,6866666667,0,0,0.7759380767,-0.1035435735,0.00226116371,0.9508858984,0.02571132961,-0.2773959786,-0.1349311189
207,6900000000,0,0,0.7804880057,-0.1026253111,0.002755646235,0.9501198028,0.0253683116,-0.2789609373,-0.1371481115
208,6933333333,0,0,0.7841977534,-0.1024295347,0.003946621689,0.9491843435,0.02543568457,-0.2810437961,-0.1393430757
209,6966666667,0,0,0.7900898115,-0.100725466,0.005121411125,0.9480876481,0.02529873033,-0.2839623894,-0.1409082936
210,7000000000,0,0,0.7945902847,-0.1006543141,0.006374465332,0.9468304929,0.02486052661,-0.2865546309,-0.144154138
211,7033333333,0,1,0.800683412,-0.1004896025,0.007193963475,0.9454335139,0.02526725114,-0.2890022937,-0.1483061396
212,7066666667,0,0,0.8061300312,-0.1008410919,0.008801695886,0.9442082232,0.02547136606,-0.2912084874,-0.1517223044
213,7100000000,0,0,0.8121888348,-0.09902087282,0.009896637204,0.9432341143,0.02545532387,-0.2938997066,-0.1525922493
214,7133333333,0,0,0.8176626085,-0.09918346557,0.01182256233,0.9418209794,0.02409948928,-0.2969772943,-0.1555536696
215,7166666667,0,0,0.8251907944,-0.1000949694,0.01359345923,0.9402716532,0.02392827873,-0.2998443498,-0.1594052121
216,7200000000,0,0,0.8327777182,-0.1007631902,0.0152098544,0.9394089144,0.023994858,-0.3013022322,-0.1617161195
217,7233333333,0,0,0.8397587728,-0.1002604061,0.01702366143,0.9387568771,0.02394680825,-0.3023646511,-0.1635166467
218,7266666667,0,0,0.8458346641,-0.1000887775,0.01957512488,0.9380971883,0.02336340905,-0.3037488223,-0.1648164717
219,7300000000,0,0,0.8528549305,-0.09887605797,0.0212354174,0.937059918,0.02278728983,-0.306023042,-0.1665813532
220,7333333333,0,0,0.8598767696,-0.09898587731,0.0238860742,0.9356960435,0.02138245099,-0.308568337,-0.1697094177
221,7366666667,0,0,0.8673560769,-0.09878397564,0.02665005089,0.9347127011,0.02025680001,-0.3103392347,-0.1720214749
222,7400000000,0,1,0.8715857942,-0.09804256557,0.03097565813,0.9340787256,0.01937416631,-0.3111166659,-0.1741493504
223,7433333333,0,0,0.8792763916,-0.09611132486,0.03371353161,0.933262186,0.01826770015,-0.3123417161,-0.176438759
224,7466666667,0,0,0.8871407859,-0.09611874116,0.03710709037,0.9327159392,0.01611903293,-0.3127976841,-0.1787141919
225,7500000000,0,0,0.8925084213,-0.09458800843,0.04115425199,0.9325449798,0.01377001564,-0.3125533043,-0.1802239699
226,7533333333,0,0,0.8981273272,-0.09358520147,0.04484307431,0.9320064588,0.01088823981,-0.3133454755,-0.1818241456
227,7566666667,0,0,0.9027987444,-0.09357865379,0.04829022369,0.9312701739,0.008021592774,-0.3146177513,-0.1835406978
228,7600000000,0,1,0.9075658673,-0.09294928783,0.05292081153,0.9307426113,0.005950739405,-0.3156670999,-0.1844913611
229,7633333333,0,0,0.9139402596,-0.09287802456,0.05626922412,0.9302314455,0.004151365956,-0.3160865158,-0.186390822
230,7666666667,0,0,0.9191105023,-0.09265304927,0.05993122433,0.9300417438,0.002767495386,-0.3158134498,-0.1878205548
231,7700000000,0,0,0.9232719807,-0.09136085437,0.06323007013,0.9299636552,0.001159145328,-0.316098805,-0.1877439795
232,7733333333,0,0,0.9288973279,-0.09026601607,0.06609993416,0.9294716187,-0.001591596331,-0.3174852006,-0.1878380264
233,7766666667,0,0,0.9343527258,-0.09067061434,0.06936133528,0.9290149546,-0.004785455149,-0.3185277985,-0.1882773358
234,7800000000,0,0,0.9400947332,-0.09024228442,0.07232587091,0.9287858845,-0.00767591401,-0.319112461,-0.1883217946
235,7833333333,0,0,0.9446994821,-0.09066540378,0.07541454974,0.9287157781,-0.01055370043,-0.3188830582,-0.1889159022
236,7866666667,0,0,0.9488308864,-0.09002742526,0.07805018066,0.9285471018,-0.01200964743,-0.3184993086,-0.1903003902
237,7900000000,0,1,0.9516533473,-0.08816490591,0.08373833884,0.9283617359,-0.01322780291,-0.318133679,-0.1917302137
238,7933333333,0,0,0.956041445,-0.08713652759,0.08675484432,0.9282001303,-0.01518480205,-0.3178171345,-0.1928891102
239,7966666667,0,0,0.9602687824,-0.0860286328,0.08946970007,0.9277735436,-0.01763709937,-0.3179165308,-0.1945617229
240,8000000000,0,0,0.9634797789,-0.08513200446,0.09280839642,0.9272581509,-0.02078217436,-0.3178765821,-0.1967610261
241,8033333333,0,0,0.9677698352,-0.08523203916,0.09685164081,0.9269068309,-0.0236629608,-0.3174200527,-0.1988172558
242,8066666667,0,0,0.9717936016,-0.08465533436,0.1005024586,0.9271141318,-0.0262679395,-0.3155297708,-0.200525175
243,8100000000,0,0,0.9751495131,-0.08437525161,0.1045775166,0.92723347,-0.02882334218,-0.3133134813,-0.2030811892
244,8133333333,0,1,0.9773015439,-0.0822166191,0.1092298947,0.92725858,-0.03063723387,-0.3109838833,-0.2062569029
245,8166666667,0,0,0.9806953478,-0.0817877167,0.1136494923,0.9273885894,-0.03312441155,-0.3093073052,-0.2078031968
246,8200000000,0,0,0.9828905878,-0.08032970083,0.1179269796,0.9278964638,-0.03574761909,-0.3075521948,-0.2077063014
247,8233333333,0,0,0.9858819409,-0.07921577481,0.1227118277,0.9279497981,-0.03882574405,-0.3067014059,-0.2081729603
248,8266666667,0,0,0.9892202265,-0.07898374018,0.1273397222,0.9279079958,-0.04223658443,-0.3057192629,-0.209137645
249,8300000000,0,0,0.992867417,-0.07820414065,0.1323377506,0.9281988304,-0.04567064041,-0.3043217292,-0.2091635938
250,8333333333,0,0,0.996264858,-0.077495382,0.1374857193,0.9287236835,-0.05024680096,-0.3023324704,-0.2086687711
251,8366666667,0,1,0.9983624995,-0.07455305088,0.1447109208,0.929270945,-0.05490975227,-0.3004527309,-0.2077705138
252,8400000000,0,0,1.000328499,-0.07446144197,0.1517876291,0.9295631016,-0.06079255393,-0.2982903897,-0.2079412151
253,8433333333,0,0,1.001037914,-0.07367318526,0.1587529863,0.9297584048,-0.06552188604,-0.2959227309,-0.2090117905
254,8466666667,0,0,1.001437455,-0.07357514185,0.1662864952,0.9294913651,-0.06956212544,-0.2942366733,-0.211262143
255,8500000000,0,0,1.002660382,-0.07362913126,0.1733255441,0.9293447158,-0.07317574933,-0.2933592539,-0.2119057741
256,8533333333,0,0,1.002577704,-0.0744303938,0.1807117708,0.9288039285,-0.07651551456,-0.2933561646,-0.2130980974
257,8566666667,0,0,1.003268528,-0.07528015565,0.1877829729,0.9280565228,-0.07897816679,-0.2940536529,-0.2144900671
258,8600000000,0,0,1.002448178,-0.07707825739,0.1951651339,0.9276387056,-0.08108173111,-0.2939426684,-0.2156615229
259,8633333333,0,0,1.002352599,-0.07943039782,0.2012779919,0.9272528745,-0.08134528541,-0.2937613655,-0.2174610571
260,8666666667,0,1,1.002877952,-0.08102938114,0.210842069,0.9269366334,-0.08102283284,-0.2933765217,-0.2194401848
261,8700000000,0,0,1.004144614,-0.08314387595,0.2168056476,0.927133334,-0.08139279674,-0.2917637207,-0.220619412
262,8733333333,0,0,1.003411195,-0.08506557519,0.2226786398,0.9274964072,-0.08205336835,-0.2902008857,-0.2209097222
263,8766666667,0,0,1.0040333,-0.08684253932,0.2280050535,0.927210538,-0.08353565622,-0.2900229885,-0.2217861098
264,8800000000,0,0,1.002590429,-0.09046111772,0.2344024396,0.9264706592,-0.08499247781,-0.2900140123,-0.2243217981
265,8833333333,0,0,1.000644933,-0.09476591973,0.240489596,0.9257827551,-0.08398873084,-0.2901434693,-0.2273520412
266,8866666667,0,0,1.002426879,-0.0990138274,0.2439438659,0.9250076113,-0.08132124063,-0.2909616718,-0.2304106777
267,8900000000,0,0,1.002574514,-0.1023046096,0.2479204562,0.9251607451,-0.07856428687,-0.2901896309,-0.231722305
268,8933333333,0,0,1.004624081,-0.1057350317,0.2515585466,0.9261370053,-0.07685772752,-0.289607315,-0.2291085775
269,8966666667,0,1,1.006525709,-0.1079171998,0.2572588981,0.9265288235,-0.07683949375,-0.2908662523,-0.2259133787
270,9000000000,0,0,1.006189134,-0.110478966,0.2615362475,0.9262435611,-0.07766632182,-0.2924283019,-0.2247809961
271,9033333333,0,0,1.006354822,-0.1143591638,0.2656745963,0.9256519985,-0.07776859548,-0.2942943305,-0.2247471252
272,9066666667,0,0,1.008324333,-0.1180803556,0.2691937129,0.9252032265,-0.07688535295,-0.2956117052,-0.2251696071
273,9100000000,0,0,1.009542041,-0.1204627446,0.2734958002,0.9253728717,-0.07571188135,-0.295823916,-0.2245906723
274,9133333333,0,0,1.011715208,-0.1230514102,0.2777438014,0.9257259214,-0.07486335721,-0.2965496898,-0.2224528661
275,9166666667,0,0,1.013858927,-0.124198999,0.2812269628,0.9256458843,-0.07510837625,-0.297828561,-0.2209899928
276,9200000000,0,0,1.016056743,-0.1266032953,0.2860909477,0.9251430948,-0.07655764208,-0.2995275898,-0.2203007137
277,9233333333,0,0,1.017263005,-0.128856869,0.2907543039,0.9248087617,-0.07759987188,-0.3005669278,-0.2199239323
278,9266666667,0,0,1.018136484,-0.1299043248,0.2952784034,0.9243878871,-0.07797829658,-0.3014284069,-0.2203799786
279,9300000000,0,0,1.018972922,-0.1327913679,0.301155625,0.9237434312,-0.07818932639,-0.3030295792,-0.220811179
280,9333333333,0,0,1.020390779,-0.1344487873,0.3058907228,0.9230685748,-0.07800184041,-0.3055466211,-0.2202302917
281,9366666667,0,0,1.020946308,-0.1368478824,0.3102103055,0.921714109,-0.07758538718,-0.3090381163,-0.2211765169
282,9400000000,0,1,1.02408837,-0.1418527734,0.3154931351,0.9195213892,-0.07712186465,-0.3139015517,-0.2236033289
283,9433333333,0,0,1.025066455,-0.1460350041,0.3206932215,0.9180114853,-0.07549434389,-0.3178829185,-0.2247353268
284,9466666667,0,0,1.027106501,-0.148915793,0.3247236758,0.9163851032,-0.07313972339,-0.3228611581,-0.2250546514
285,9500000000,0,0,1.029583134,-0.1527539022,0.3282079,0.9136602127,-0.07096715898,-0.3289475505,-0.2279960244
286,9533333333,0,0,1.032484058,-0.1571288598,0.3325419258,0.9105413624,-0.06822037717,-0.3349308463,-0.2325548013
287,9566666667,0,0,1.035452346,-0.1619938357,0.3360757146,0.907674867,-0.06462188963,-0.3399037625,-0.2375200612
288,9600000000,0,1,1.038417172,-0.1664300587,0.3395931731,0.9049145532,-0.06038670516,-0.3447311786,-0.2421642249
289,9633333333,0,0,1.042022691,-0.1697943267,0.3431938467,0.9018305994,-0.05579532755,-0.3499834757,-0.2471841784
290,9666666667,0,0,1.046457135,-0.1734339509,0.3473951212,0.8988056769,-0.05253694608,-0.3555106666,-0.2509987857
291,9700000000,0,0,1.050632493,-0.1778173019,0.3522451137,0.8964681519,-0.05093831451,-0.3604614322,-0.2526216471
292,9733333333,0,0,1.055738994,-0.1823582817,0.3573724476,0.8941790461,-0.05010459532,-0.3654896141,-0.2536744074
293,9766666667,0,0,1.059968641,-0.1862491339,0.3627945044,0.8919594696,-0.0494605169,-0.3693942243,-0.2559489575
294,9800000000,0,0,1.062418471,-0.1910958177,0.3688668879,0.8903089726,-0.04777356179,-0.3720460779,-0.2581653271
295,9833333333,0,1,1.069099409,-0.1968538754,0.3717982343,0.8891376345,-0.04574810425,-0.3743438514,-0.2592451711
296,9866666667,0,0,1.072274135,-0.1994613021,0.3763144055,0.8879925846,-0.0434940716,-0.376311073,-0.2607056037
297,9900000000,0,0,1.07650576,-0.2031101096,0.3803866456,0.8865211813,-0.04162017233,-0.3788426308,-0.2623475129
298,9933333333,0,0,1.080528263,-0.2054854481,0.3851466517,0.885118726,-0.03982862228,-0.381239843,-0.2638838832
299,9966666667,0,0,1.084760443,-0.2070026884,0.3888353177,0.8838611222,-0.03890163197,-0.383786225,-0.2645454843
300,10000000000,0,0,1.088206629,-0.2099735615,0.3933637993,0.882266809,-0.03919512873,-0.3865427447,-0.2658076863
301,10033333333,0,0,1.090929729,-0.2124008793,0.397728444,0.880740573,-0.03880703702,-0.3889563907,-0.267400417
302,10066666667,0,0,1.094331825,-0.2142821425,0.4013110482,0.8795490703,-0.03854033188,-0.3911988981,-0.2680886009
303,10100000000,0,0,1.095365761,-0.2146447435,0.4051004404,0.8785063901,-0.03829837977,-0.3935274695,-0.2681340849
304,10133333333,0,1,1.098371472,-0.2181590434,0.4072522972,0.876473647,-0.03844553167,-0.3972816624,-0.2692269821
305,10166666667,0,0,1.100746661,-0.2198812665,0.4107262893,0.8744727551,-0.03811580804,-0.4009648899,-0.2703178554
306,10200000000,0,0,1.102634468,-0.2212792482,0.4146642774,0.8731994921,-0.03800134372,-0.4039693914,-0.2699764354
307,10233333333,0,0,1.104048077,-0.2235135558,0.4176976014,0.8723446166,-0.03828188455,-0.4063575854,-0.2691149939
308,10266666667,0,0,1.105279161,-0.2261375603,0.4217715307,0.8719640301,-0.03858862138,-0.4083505397,-0.267281659
309,10300000000,0,0,1.105618842,-0.229010856,0.4252223876,0.8720657378,-0.03885234584,-0.409798632,-0.2646826882
310,10333333333,0,0,1.104866949,-0.231351059,0.4286431477,0.8719600336,-0.03859250863,-0.4114399557,-0.2625137728
311,10366666667,0,0,1.103205461,-0.2352544481,0.4318556407,0.8714637371,-0.0373589808,-0.4130849369,-0.2617557954
312,10400000000,0,0,1.102833517,-0.2396323405,0.435198138,0.8709390486,-0.03468196041,-0.4148861727,-0.2610206869
313,10433333333,0,0,1.10319004,-0.2428410546,0.4384120661,0.870747873,-0.03170364555,-0.4165607931,-0.2593648515
314,10466666667,0,0,1.102650018,-0.2465657776,0.4412717591,0.8705887162,-0.02920585274,-0.4180930287,-0.2577217973
315,10500000000,0,1,1.102539715,-0.2517139023,0.444531712,0.8702307504,-0.02681319328,-0.4198501491,-0.2563305406
316,10533333333,0,0,1.102645542,-0.255845568,0.4473501483,0.8702098488,-0.02350017342,-0.4206524108,-0.2554096908
317,10566666667,0,0,1.101740535,-0.2610186278,0.4507152941,0.8708446422,-0.02044570984,-0.4202946649,-0.2540944248
318,10600000000,0,0,1.100061484,-0.2636510224,0.4529128728,0.8721707077,-0.01672130545,-0.4193282693,-0.2514009888
319,10633333333,0,0,1.097451262,-0.266835689,0.4554146268,0.87271511,-0.01381950373,-0.4191365648,-0.2500037964
320,10666666667,0,0,1.094339648,-0.2708473085,0.4581196779,0.8725521674,-0.01032288417,-0.4195224961,-0.2500940394
321,10700000000,0,0,1.091939463,-0.2752884747,0.4601994144,0.8724540093,-0.006586341722,-0.4195684995,-0.2504853207
322,10733333333,0,1,1.088835029,-0.2800405933,0.4616288576,0.8726499585,-0.003884255074,-0.4193143372,-0.2502847359
323,10766666667,0,0,1.08331771,-0.2852305578,0.4638979543,0.8725102319,-0.0006030494627,-0.4198423474,-0.2499158557
324,10800000000,0,0,1.077590072,-0.2928077985,0.4665539915,0.8716054872,0.004871104118,-0.4214399898,-0.2503367372
325,10833333333,0,0,1.072704226,-0.3023731112,0.4681264478,0.8706351795,0.01430660539,-0.4227277978,-0.2511790481
326,10866666667,0,0,1.072165973,-0.3058195296,0.4702971967,0.8705346962,0.02750899745,-0.4239337607,-0.2483802818
327,10900000000,0,0,1.068985073,-0.3074474437,0.4733449522,0.8712478902,0.03797805403,-0.4247719458,-0.243009414
328,10933333333,0,1,1.065747973,-0.3092272659,0.4743548234,0.8715936215,0.04407229155,-0.4267971632,-0.2371210106
329,10966666667,0,0,1.064493381,-0.3092289963,0.4773701425,0.8711168218,0.04545611723,-0.4311893924,-0.2305752202
330,11000000000,0,0,1.061677327,-0.3140305566,0.4817583571,0.8700331019,0.04381588067,-0.4360915523,-0.2257138194
331,11033333333,0,0,1.059229481,-0.3195046103,0.4866142075,0.8690693672,0.04370288295,-0.4401379065,-0.2215561245
332,11066666667,0,0,1.057037142,-0.3241150676,0.4917697835,0.8684538899,0.04550226946,-0.4431083021,-0.2176520552
333,11100000000,0,0,1.053872266,-0.3295492417,0.4966117634,0.868371874,0.04871547367,-0.4446540573,-0.214102453
334,11133333333,0,0,1.052951652,-0.332076489,0.5019664526,0.8683472057,0.05394437088,-0.4462128702,-0.2096597474
335,11166666667,0,1,1.051518002,-0.334149153,0.5047122526,0.8686065034,0.05730648711,-0.4472293542,-0.2054862855
336,11200000000,0,0,1.050059858,-0.3342461778,0.5082640002,0.8682214896,0.0587306374,-0.4498153248,-0.2010182351
337,11233333333,0,0,1.049389765,-0.3381811575,0.5123246778,0.8666385182,0.05842939138,-0.4539608203,-0.1986032694
338,11266666667,0,0,1.048189302,-0.3432815777,0.5180724039,0.8647045568,0.05949542397,-0.4576085504,-0.1983449991
339,11300000000,0,0,1.048096752,-0.3479970158,0.5235772852,0.863421738,0.06269377337,-0.4597773598,-0.1979322423
340,11333333333,0,0,1.047524308,-0.3518089137,0.5274513309,0.8630156281,0.06652728608,-0.46061455,-0.1965003361
341,11366666667,0,1,1.04663533,-0.3532842744,0.5317224918,0.8624822008,0.0699256698,-0.4617297703,-0.195039671
342,11400000000,0,0,1.046170938,-0.3570559174,0.5359203348,0.8609879892,0.0722102102,-0.4642077221,-0.1949270598
343,11433333333,0,0,1.047659752,-0.3604190388,0.5401006409,0.8590582244,0.07452560363,-0.4676362725,-0.1943739135
344,11466666667,0,0,1.048975903,-0.3634234868,0.5450891906,0.8569299259,0.07554971604,-0.4714151737,-0.1942448881
345,11500000000,0,0,1.049870409,-0.3676437589,0.5497442316,0.8545900899,0.07695356508,-0.4753288088,-0.1944645229
346,11533333333,0,0,1.051716107,-0.3721893869,0.555357438,0.8520296874,0.07846370139,-0.4794368389,-0.1950107096
347,11566666667,0,0,1.053801998,-0.3758325281,0.5604158766,0.849532028,0.08015688617,-0.483141725,-0.1960721313
348,11600000000,0,1,1.056212855,-0.3788508923,0.5650059089,0.8470412742,0.08142836602,-0.4869487833,-0.1969045036
349,11633333333,0,0,1.059711833,-0.3818284118,0.570437458,0.8437761609,0.08195781208,-0.4919405794,-0.1982906295
350,11666666667,0,0,1.063033512,-0.38587511,0.5764279105,0.839977835,0.08200915481,-0.4970999219,-0.2015028609
351,11700000000,0,0,1.066835681,-0.3902440956,0.5827160907,0.8358052377,0.08302612982,-0.5019335514,-0.2063951946
352,11733333333,0,0,1.070460661,-0.3940180707,0.589279631,0.831743873,0.08430850579,-0.5063418475,-0.2114524511
353,11766666667,0,0,1.073463413,-0.3984022924,0.5957399198,0.8280083895,0.08523317315,-0.5103076143,-0.2161563135
354,11800000000,0,0,1.077929707,-0.4019452049,0.6019115041,0.8242889753,0.08666011601,-0.5142294778,-0.2204671263
355,11833333333,0,1,1.084285569,-0.4065411362,0.6067891948,0.8216652432,0.08653411625,-0.5170051357,-0.2237940226
356,11866666667,0,0,1.089294471,-0.4088942094,0.6140236232,0.8192409925,0.08517857194,-0.520091246,-0.2260396049
357,11900000000,0,0,1.093505801,-0.412357785,0.621931943,0.8170417744,0.08231676007,-0.522976752,-0.2283900322
358,11933333333,0,0,1.097159554,-0.4163236077,0.6299990953,0.8148600025,0.08020510634,-0.5253221342,-0.2315317962
359,11966666667,0,0,1.102108722,-0.4196059419,0.6391148278,0.8129006212,0.07884898114,-0.5269872041,-0.2350742542
360,12000000000,0,0,1.106865386,-0.422354255,0.6473098895,0.811653651,0.07719747544,-0.527870424,-0.237932167
361,12033333333,0,0,1.111130284,-0.423339836,0.6548283823,0.8107967882,0.07447390918,-0.528662569,-0.2399543566
362,12066666667,0,0,1.115730031,-0.4238063481,0.6631643709,0.8098564979,0.07047997531,-0.5298770733,-0.2416512219
363,12100000000,0,1,1.120118011,-0.4262548372,0.6673076207,0.8098596205,0.06543769422,-0.529425549,-0.2440366598
364,12133333333,0,0,1.122604061,-0.4295473153,0.6746009612,0.8096333203,0.06105638562,-0.5297749627,-0.2451621776
365,12166666667,0,0,1.126195283,-0.4303322307,0.681099847,0.8092390447,0.05820794263,-0.5300576203,-0.2465419298
366,12200000000,0,0,1.129091027,-0.4325848243,0.6874778086,0.8082168645,0.05622049607,-0.5306085349,-0.2491572566
367,12233333333,0,0,1.131421325,-0.4336212277,0.6927980939,0.8071861901,0.05525095586,-0.5312296765,-0.2513818157
368,12266666667,0,0,1.135063942,-0.4327036267,0.6988275187,0.8063939034,0.05317485606,-0.5324337805,-0.2518244956
369,12300000000,0,0,1.136152501,-0.4352572701,0.7039902324,0.8059731478,0.04954940171,-0.533431328,-0.2517998415
370,12333333333,0,0,1.138410493,-0.4365814024,0.709094563,0.8055419582,0.04656804257,-0.5346787158,-0.2511020546
371,12366666667,0,1,1.138704554,-0.4388370245,0.7141487998,0.8053692982,0.0439719506,-0.534981125,-0.251479536
372,12400000000,0,0,1.13867948,-0.4426062607,0.7177208748,0.8050475527,0.04369313109,-0.5352388792,-0.2520093061
373,12433333333,0,0,1.140336306,-0.4434363147,0.72196264,0.8044514938,0.04528930753,-0.535953401,-0.2521123256
374,12466666667,0,0,1.141607136,-0.444769252,0.7261164896,0.8041131817,0.04552991712,-0.5363125092,-0.2523844491
375,12500000000,0,0,1.14253043,-0.4452790426,0.7305814867,0.8040658899,0.0444922729,-0.5367290784,-0.2518340301
376,12533333333,0,0,1.142740003,-0.4483138128,0.735817183,0.8042760852,0.04245110711,-0.5366075596,-0.2517741234
377,12566666667,0,0,1.142324035,-0.4506105968,0.7407752314,0.8051048191,0.04150993172,-0.5354505202,-0.2517456976
378,12600000000,0,0,1.141591051,-0.4525811155,0.744081331,0.8057381433,0.04165218264,-0.5341392178,-0.2524805659
379,12633333333,0,0,1.141591787,-0.4533484071,0.74779851,0.8054673117,0.04249496002,-0.5337656703,-0.2539897583
380,12666666667,0,0,1.140647911,-0.4541313406,0.7521778759,0.8052014459,0.04182073478,-0.5335822934,-0.2553264454
381,12700000000,0,0,1.139155942,-0.4548455486,0.7564950587,0.8047779001,0.04028506672,-0.5336674443,-0.256726905
382,12733333333,0,0,1.137082069,-0.4584631879,0.7620030905,0.8039191814,0.03881797628,-0.5339419545,-0.2590619689
383,12766666667,0,1,1.134424854,-0.4627449472,0.7697879972,0.8036426388,0.03860817455,-0.5333570877,-0.2611477263
384,12800000000,0,0,1.131415164,-0.4662551825,0.7748809971,0.8042411516,0.04024373407,-0.5313379502,-0.2631664769
385,12833333333,0,0,1.128505142,-0.4685778978,0.7795521139,0.8048504446,0.04267044554,-0.5292373714,-0.2651467513
386,12866666667,0,0,1.125917722,-0.4706560045,0.7840395802,0.8053637484,0.04445418063,-0.5275301315,-0.2666927427
387,12900000000,0,0,1.122919559,-0.4718059755,0.7880711495,0.8057814393,0.0445386418,-0.5264709638,-0.2675087023
388,12933333333,0,0,1.119848722,-0.4730456837,0.7921586459,0.8056472443,0.04265598187,-0.5265604176,-0.2680431152
389,12966666667,0,0,1.115867651,-0.4766324202,0.7970740863,0.8046954476,0.04069289753,-0.5275048283,-0.2693473238
390,13000000000,0,0,1.113110444,-0.4812625441,0.8033497846,0.8037883506,0.03952356828,-0.5286116882,-0.2700589902
391,13033333333,0,0,1.109912234,-0.4868537745,0.8094035212,0.8034466811,0.04098224991,-0.528437643,-0.271196503
392,13066666667,0,0,1.108742663,-0.489559904,0.814987707,0.8036955305,0.0445024446,-0.5273757538,-0.2719702944
393,13100000000,0,0,1.107484039,-0.4900620654,0.8201790939,0.8048205264,0.04587859138,-0.5258612557,-0.2713466692
394,13133333333,0,0,1.106956011,-0.4888159791,0.8246642613,0.8062696403,0.04424026514,-0.5246884934,-0.2695812512
395,13166666667,0,1,1.106998345,-0.4863939394,0.8304067667,0.806422772,0.03990478383,-0.5249123767,-0.2693639134
396,13200000000,0,0,1.105173134,-0.4880549128,0.8368244122,0.8055035249,0.03398219983,-0.5254767842,-0.2718150672
397,13233333333,0,0,1.103326491,-0.490897119,0.8429672735,0.8046321377,0.03001173271,-0.5256568349,-0.2745019322
398,13266666667,0,0,1.101705474,-0.4934800304,0.848940118,0.8037979745,0.02868739141,-0.5251592916,-0.2780172084
399,13300000000,0,0,1.101394191,-0.4951959877,0.855075877,0.8032364427,0.02890975352,-0.5243203213,-0.2811825811
400,13333333333,0,0,1.100221275,-0.496537099,0.8596769608,0.8032440988,0.02887534861,-0.5233353201,-0.2829934182
401,13366666667,0,0,1.100496609,-0.4947633547,0.864038984,0.802873052,0.02775136957,-0.5237145665,-0.2834568338
402,13400000000,0,0,1.100028698,-0.4955939804,0.8683919731,0.8014971033,0.02465936735,-0.5255346126,-0.2842669166
403,13433333333,0,0,1.099603292,-0.4974672687,0.8721383692,0.7993444152,0.0217746191,-0.5287555287,-0.2845908689
404,13466666667,0,0,1.102148293,-0.498641355,0.8771927818,0.7957907966,0.02067917608,-0.5334504487,-0.2858670993
405,13500000000,0,1,1.10301602,-0.5007449809,0.8836550311,0.7916001064,0.02034059233,-0.5380158348,-0.2889541373
406,13533333333,0,0,1.105762871,-0.5026474633,0.8896067059,0.7884886991,0.02007673782,-0.5415500894,-0.2908710997
407,13566666667,0,0,1.108215804,-0.503923813,0.8948762434,0.7852570376,0.02026254449,-0.5448129993,-0.2934955026
408,13600000000,0,0,1.110673011,-0.5053374478,0.900275914,0.7811935165,0.02049242801,-0.5484284153,-0.2975617977
409,13633333333,0,0,1.113297296,-0.507016854,0.9055800636,0.7771881799,0.02062577372,-0.5523821793,-0.3007108887
410,13666666667,0,0,1.116958532,-0.5063261364,0.9105932409,0.7728139526,0.01972942469,-0.557037096,-0.3034452474
411,13700000000,0,1,1.1185115,-0.5067876878,0.9177116759,0.7674253278,0.01755520616,-0.5626953011,-0.3067966412
412,13733333333,0,0,1.12188859,-0.509133113,0.9233444176,0.7619379366,0.01571644929,-0.5678589355,-0.3110302291
413,13766666667,0,0,1.125126807,-0.5137009112,0.9300556273,0.756103126,0.01560579946,-0.5726963971,-0.3163595403
414,13800000000,0,0,1.128993351,-0.5171899253,0.9368957289,0.7518338148,0.01660262218,-0.5763553099,-0.3198199877
415,13833333333,0,0,1.13294598,-0.5204636958,0.9443868741,0.7488645435,0.01776523122,-0.5786832636,-0.3225088719
416,13866666667,0,0,1.136863665,-0.5246510132,0.9515894048,0.7471449944,0.02022076741,-0.5794327615,-0.3249971582
417,13900000000,0,1,1.138728055,-0.524286117,0.9582481946,0.7467031726,0.0240896147,-0.5788912026,-0.3267094091
418,13933333333,0,0,1.143110542,-0.5241823339,0.9624427657,0.7460235956,0.02667002697,-0.5787699115,-0.3282725911
419,13966666667,0,0,1.146839214,-0.5229001058,0.9660178633,0.7443713227,0.02705354081,-0.5803013548,-0.3292867708
420,14000000000,0,0,1.151683963,-0.521511778,0.9705282203,0.7413762621,0.02533764419,-0.5834229386,-0.3306613319
421,14033333333,0,0,1.155174299,-0.522237087,0.9749617283,0.7379777956,0.02115323372,-0.5868589645,-0.3324723591
422,14066666667,0,0,1.157900903,-0.5243339591,0.9795127838,0.7351016477,0.01653475387,-0.5905336145,-0.3325991876
423,14100000000,0,1,1.16134278,-0.5240423538,0.9822677932,0.732272126,0.01357128468,-0.5938720248,-0.3330305869
424,14133333333,0,0,1.165056656,-0.5246462683,0.986352508,0.729648139,0.00977321597,-0.596939514,-0.3334385912
425,14166666667,0,0,1.168367884,-0.526558293,0.9889069774,0.7281386782,0.006750315864,-0.5992987709,-0.332580038
426,14200000000,0,0,1.172947137,-0.5263228339,0.9915122473,0.7266840296,0.005301441306,-0.6014857527,-0.3318389748
427,14233333333,0,0,1.177624458,-0.5270174699,0.9932758231,0.7252852383,0.004527102441,-0.6030639522,-0.3320462286
428,14266666667,0,0,1.181868347,-0.5267303795,0.9944733848,0.7246085833,0.003626632292,-0.6042937815,-0.3312978632
429,14300000000,0,0,1.187645292,-0.525120743,0.9947250443,0.7234778879,0.003013093623,-0.6059337022,-0.3307794062
430,14333333333,0,0,1.192869711,-0.5251296893,0.9958517149,0.7218059677,0.000811098776,-0.6077229517,-0.3311620464
431,14366666667,0,0,1.197685967,-0.5252049235,0.9966992569,0.7206675353,-0.000400823909,-0.6088098065,-0.3316455373
432,14400000000,0,0,1.203134492,-0.5249902274,0.9960006006,0.7203644858,-0.0009368432944,-0.609171927,-0.3316378948
433,14433333333,0,1,1.209141846,-0.5236916511,0.9957921563,0.7196534648,-0.0001971427759,-0.6099475575,-0.3317571837
434,14466666667,0,0,1.2161839,-0.5222914172,0.9955890752,0.7194602384,-0.0009170005571,-0.6105013293,-0.3311559322
435,14500000000,0,0,1.223819818,-0.5207979961,0.9949289493,0.7197802486,-0.00307273169,-0.6106889497,-0.3300999223
436,14533333333,0,0,1.229901674,-0.5210721658,0.99449527,0.7197647619,-0.004936505991,-0.6107100742,-0.3300719976
437,14566666667,0,0,1.237235945,-0.5209972822,0.9926339083,0.7196897169,-0.005176349456,-0.6106132254,-0.330410965
438,14600000000,0,0,1.245320935,-0.521520809,0.992259338,0.7193195341,-0.004773212261,-0.6108672737,-0.3307533798
439,14633333333,0,0,1.253235118,-0.5215207413,0.9917817949,0.720227094,-0.004214852829,-0.6098406279,-0.3306804752
440,14666666667,0,0,1.26328825,-0.5210661276,0.9911016124,0.7219949069,-0.004259591923,-0.6084094235,-0.3294589257
441,14700000000,0,0,1.272139531,-0.5184518828,0.9885123384,0.7237553933,-0.005843403937,-0.6067082689,-0.3287081711
442,14733333333,0,1,1.280668793,-0.516200803,0.9856659292,0.7241490433,-0.008749808424,-0.6062472616,-0.3286272383
443,14766666667,0,0,1.288407408,-0.5147255901,0.9836588009,0.7229747069,-0.01145751494,-0.6070462503,-0.329653073
444,14800000000,0,0,1.295493388,-0.5160571673,0.9831911598,0.7208337972,-0.01133123614,-0.6080409018,-0.3325003784
445,14833333333,0,0,1.304685492,-0.5156766674,0.9831868084,0.7199789074,-0.00782378644,-0.6079851349,-0.3345493043
446,14866666667,0,0,1.315500118,-0.514222479,0.9833441922,0.7204205974,-0.005068683247,-0.6064365,-0.3364568957
447,14900000000,0,0,1.324203952,-0.5110146985,0.9838873388,0.7227238793,-0.005780761159,-0.6032306467,-0.3372677927
448,14933333333,0,1,1.33520448,-0.5103528927,0.9820134011,0.7261495895,-0.0110923552,-0.5997250916,-0.3360261118
449,14966666667,0,0,1.341656949,-0.5080602406,0.9808833566,0.7275601892,-0.01694170903,-0.598221814,-0.3354099147
450,15000000000,0,0,1.347598167,-0.5081667263,0.9809313435,0.7263390367,-0.02134156785,-0.5984772136,-0.3373442841
451,15033333333,0,0,1.354933536,-0.5086118695,0.9823527578,0.724945973,-0.02421262144,-0.5989023896,-0.3393862296
452,15066666667,0,0,1.361610624,-0.5100658835,0.9847465875,0.7249127611,-0.02593594711,-0.597899334,-0.3410941245
453,15100000000,0,0,1.368809094,-0.5104456693,0.9871753225,0.7267785874,-0.02537368604,-0.595123111,-0.3420198003
454,15133333333,0,0,1.374670464,-0.5099600667,0.988254199,0.7295833695,-0.02473704821,-0.5915166332,-0.3423510741
455,15166666667,0,0,1.381672873,-0.5088493651,0.9886587116,0.7318871504,-0.02526098937,-0.5887064415,-0.3422394004
456,15200000000,0,0,1.388003266,-0.5072829491,0.9902742827,0.7328070455,-0.02730662176,-0.5870961383,-0.3428794348
457,15233333333,0,0,1.393872459,-0.5072449394,0.9925828773,0.7329287649,-0.03005562357,-0.5860820644,-0.3441219244
458,15266666667,0,1,1.401459383,-0.5078088452,0.9971115725,0.7328393248,-0.03081363899,-0.5851733201,-0.3457878384
459,15300000000,0,0,1.407077661,-0.5087258654,1.000012317,0.7337843398,-0.03126618026,-0.5834277767,-0.3466915025
460,15333333333,0,0,1.413331035,-0.5090674106,1.002816478,0.735164451,-0.03111867556,-0.5816169836,-0.3468235033
461,15366666667,0,0,1.418908083,-0.5098746643,1.00507644,0.7361345911,-0.03125567036,-0.5799469642,-0.3475492276
462,15400000000,0,0,1.42454006,-0.5104749433,1.007733893,0.7366810121,-0.03194882704,-0.5791545418,-0.3476497886
463,15433333333,0,0,1.430459634,-0.5116217027,1.009316186,0.7365850201,-0.03272083783,-0.5790928084,-0.3478841392
464,15466666667,0,0,1.436193424,-0.512787414,1.012941277,0.7351805782,-0.03353583943,-0.5801515646,-0.3490114997
465,15500000000,0,0,1.441084589,-0.5145450402,1.016092205,0.7336146056,-0.03370486224,-0.5811770847,-0.3505806454
466,15533333333,0,0,1.446149738,-0.5155060759,1.019478512,0.7319003708,-0.03312566933,-0.5823666824,-0.3522408046
467,15566666667,0,0,1.451603356,-0.5181241526,1.023032867,0.7301028623,-0.03293796768,-0.5837128597,-0.3537572587
468,15600000000,0,0,1.456132025,-0.5200380957,1.026116234,0.7283848201,-0.03279301574,-0.5853899639,-0.3545402123
469,15633333333,0,1,1.462040354,-0.5222391565,1.03005051,0.7251975195,-0.0324397214,-0.5883824611,-0.3561492687
470,15666666667,0,0,1.466978938,-0.5244753491,1.034503614,0.7215380433,-0.03247758017,-0.5915152062,-0.3583822255
471,15700000000,0,0,1.472808893,-0.5270564709,1.04034391,0.7185141294,-0.03285156288,-0.5941914148,-0.3599927543
472,15733333333,0,0,1.477929064,-0.5293237902,1.046353519,0.7169241114,-0.03422252298,-0.5955493658,-0.3607902303
473,15766666667,0,0,1.483575398,-0.531755479,1.050429478,0.7159612233,-0.03628751713,-0.5962244723,-0.3613850043
474,15800000000,0,0,1.487099875,-0.5343434186,1.055174029,0.7143302017,-0.03863419081,-0.5972542675,-0.3626666543
475,15833333333,0,0,1.49143809,-0.5364395305,1.060579123,0.7128291651,-0.04039346418,-0.5988524564,-0.3627928952
476,15866666667,0,0,1.497570059,-0.5386557462,1.06555027,0.7111159453,-0.04218847991,-0.6006199456,-0.3630288218
477,15900000000,0,1,1.500713958,-0.5383954155,1.071438325,0.709280549,-0.04343348019,-0.6022874094,-0.3637093786
478,15933333333,0,0,1.505901444,-0.5403649999,1.075990755,0.7075676385,-0.04554165214,-0.6039058758,-0.3641039523
479,15966666667,0,0,1.510209081,-0.5409320563,1.081233328,0.7051923687,-0.04713422404,-0.6057361241,-0.3654666004
480,16000000000,0,0,1.514820171,-0.5420276345,1.085636997,0.702773117,-0.04834836955,-0.6075263758,-0.3669933022
481,16033333333,0,0,1.518613075,-0.5428310976,1.09121486,0.7005608821,-0.05015075595,-0.6094160528,-0.3678470155
482,16066666667,0,0,1.523646557,-0.5435932995,1.095782488,0.6983111277,-0.05184861394,-0.6112737939,-0.3688056928
483,16100000000,0,1,1.526608363,-0.5419664975,1.100106069,0.6962794908,-0.05376874311,-0.6125940285,-0.370178807
484,16133333333,0,0,1.528782792,-0.5430328831,1.104069056,0.6945613491,-0.05633650991,-0.6137534408,-0.3711030099
485,16166666667,0,0,1.531674298,-0.543635888,1.108912208,0.6924981615,-0.05811450377,-0.6149790334,-0.3726523705
486,16200000000,0,0,1.533559808,-0.5446507173,1.113039841,0.6908645588,-0.05894947518,-0.6158015709,-0.3741918572
487,16233333333,0,0,1.535920841,-0.5456323405,1.116591491,0.6901044407,-0.05907305876,-0.6160633522,-0.3751428804
488,16266666667,0,0,1.539633715,-0.5466121418,1.119882749,0.6896133539,-0.05963170216,-0.6162005445,-0.375731781
489,16300000000,0,0,1.541089512,-0.5480380101,1.123246352,0.6892143647,-0.06097531235,-0.6161196286,-0.3763803583
490,16333333333,0,0,1.543614404,-0.5500288223,1.125604102,0.6892446677,-0.06221072188,-0.616151101,-0.3760710502
491,16366666667,0,0,1.545678714,-0.5505608346,1.129766997,0.688982429,-0.06260303512,-0.6165121463,-0.3758947273
492,16400000000,0,0,1.546989998,-0.5530761198,1.132589556,0.6891349528,-0.06252223533,-0.6164460428,-0.3757369602
493,16433333333,0,0,1.549247382,-0.554427347,1.135822915,0.6895330333,-0.0618210943,-0.6164373981,-0.3751363519
494,16466666667,0,0,1.550837613,-0.5562939715,1.139340159,0.6901852398,-0.06087308237,-0.6160721656,-0.3746917257
495,16500000000,0,0,1.552260376,-0.5591032146,1.142394465,0.6912051458,-0.05999941592,-0.6155494452,-0.3738106432
496,16533333333,0,1,1.552897867,-0.5598362097,1.145326303,0.6925424545,-0.05927490885,-0.6148073609,-0.3726705553
497,16566666667,0,0,1.553581931,-0.5623741621,1.148059459,0.6941011461,-0.05912103585,-0.613752497,-0.3715321985
498,16600000000,0,0,1.554170413,-0.564298796,1.150698237,0.6958165437,-0.05913694848,-0.6130058043,-0.3695484307
499,16633333333,0,0,1.554863999,-0.5664404333,1.153715767,0.6967174536,-0.05892557574,-0.6128425136,-0.3681529845
500,16666666667,0,0,1.554420939,-0.5683339833,1.156219234,0.6975663477,-0.05828061595,-0.6120928663,-0.367895207
501,16700000000,0,0,1.553941237,-0.5703883733,1.159920165,0.6991407787,-0.05735416958,-0.6110836541,-0.3667280171
502,16733333333,0,0,1.554826697,-0.5712880103,1.161561225,0.7011577501,-0.05677113337,-0.6095347676,-0.3655437251
503,16766666667,0,0,1.554084532,-0.5727690889,1.163964293,0.7022373414,-0.0566149218,-0.6084392974,-0.3653205283
504,16800000000,0,0,1.553389185,-0.5738706556,1.166373376,0.7030359173,-0.05624116079,-0.6077142564,-0.3650490561
505,16833333333,0,0,1.552907377,-0.574397572,1.168004261,0.7035958952,-0.05622794026,-0.6069898032,-0.3651775101
506,16866666667,0,0,1.552163573,-0.5753315572,1.170503822,0.7037910711,-0.0562139148,-0.6065269696,-0.3655723719
507,16900000000,0,0,1.550755314,-0.5761824564,1.172700198,0.7039617488,-0.05672329956,-0.6057641613,-0.3664288531
508,16933333333,0,0,1.547684968,-0.5772737575,1.175727729,0.703871852,-0.05709829542,-0.6051180651,-0.3676089335
509,16966666667,0,0,1.544953995,-0.5780418635,1.178403856,0.7038423144,-0.05668448183,-0.6043927366,-0.3689204331
510,17000000000,0,0,1.542637959,-0.5782666398,1.180310841,0.704114807,-0.05532422548,-0.6032700929,-0.3704413093
511,17033333333,0,0,1.539829972,-0.5785275579,1.182345446,0.7048025046,-0.05448413403,-0.602147557,-0.3710838562
512,17066666667,0,0,1.537206495,-0.5794802503,1.183174925,0.7059134273,-0.05486293864,-0.6010925222,-0.3706265922
513,17100000000,0,0,1.534923014,-0.5801119442,1.184507637,0.7064384908,-0.05630678133,-0.6007624219,-0.3699442087
514,17133333333,0,0,1.531546462,-0.5815267498,1.185720821,0.7063352302,-0.05786373963,-0.6005205048,-0.3702937395
515,17166666667,0,0,1.526714421,-0.5817420886,1.189743158,0.7059549248,-0.0586842223,-0.600327965,-0.3712009438
516,17200000000,0,1,1.520370804,-0.5828785608,1.191769774,0.7062645117,-0.05839862769,-0.5994356081,-0.372098094
517,17233333333,0,0,1.515803425,-0.5836806249,1.193227858,0.7064547022,-0.05715357443,-0.5987711165,-0.3729991591
518,17266666667,0,0,1.510844301,-0.5842420591,1.195256712,0.7069864129,-0.05640910363,-0.5981535925,-0.3730958387
519,17300000000,0,0,1.505032828,-0.5852243515,1.196503089,0.7078364574,-0.05711395091,-0.5975455046,-0.3723505287
520,17333333333,0,0,1.498460566,-0.586503899,1.198386469,0.7085622563,-0.05886743223,-0.5974568334,-0.3708361992
521,17366666667,0,0,1.491933409,-0.5876750829,1.199766813,0.7089522294,-0.05991203668,-0.5976943504,-0.3695385607
522,17400000000,0,0,1.484902665,-0.5886045846,1.202132285,0.7085677161,-0.06016585538,-0.5982362573,-0.369357878
523,17433333333,0,0,1.476598796,-0.5907940012,1.204416974,0.7086910538,-0.05924836279,-0.5982045281,-0.3693209503
524,17466666667,0,0,1.469192814,-0.5923899324,1.205408946,0.7095509823,-0.05753697698,-0.5976892524,-0.3687742634
525,17500000000,0,0,1.463673161,-0.5944158615,1.2064424,0.7100638821,-0.05593605136,-0.5972406885,-0.3687600867
526,17533333333,0,0,1.456082409,-0.5959348966,1.20780495,0.7106622788,-0.05507003159,-0.5961791244,-0.3694548264
527,17566666667,0,0,1.44778245,-0.5978960125,1.208707913,0.7117357102,-0.05452322957,-0.5949853654,-0.3693939783
528,17600000000,0,1,1.438602154,-0.59924349,1.210125016,0.7124452155,-0.05420516831,-0.5942753327,-0.3692159851
529,17633333333,0,0,1.429201475,-0.6015822807,1.210791631,0.7125234892,-0.05267691739,-0.5942909748,-0.3692609606
530,17666666667,0,0,1.421061589,-0.6029455025,1.210548877,0.7125856324,-0.05102434497,-0.5948406901,-0.3684871587
531,17700000000,0,0,1.413079406,-0.6045641339,1.211732075,0.7123670279,-0.05027030878,-0.5958654623,-0.3673560459
532,17733333333,0,0,1.404852459,-0.6067168951,1.212867911,0.7124775331,-0.05031266288,-0.596404188,-0.3662600788
533,17766666667,0,0,1.397350441,-0.6073843206,1.214766701,0.7131848345,-0.05038394821,-0.5964990611,-0.3647159438
534,17800000000,0,0,1.389150916,-0.6089373506,1.216705971,0.7143602067,-0.05085555003,-0.5960351163,-0.3631051477
535,17833333333,0,0,1.382336964,-0.6095634121,1.218559475,0.7151965831,-0.05119356067,-0.5956953637,-0.3619669883
536,17866666667,0,1,1.37385084,-0.6130882457,1.220216877,0.7154541399,-0.05131210328,-0.5954697875,-0.3618123463
537,17900000000,0,0,1.367949589,-0.6139746584,1.2222718,0.7158165976,-0.05042244705,-0.5955557735,-0.3610782409
538,17933333333,0,0,1.361645729,-0.614736471,1.225405383,0.7163028186,-0.05048008684,-0.5951184373,-0.3608269371
539,17966666667,0,0,1.355124168,-0.6154755425,1.227861123,0.7177394914,-0.05148435214,-0.5939728277,-0.359716088
540,18000000000,0,0,1.348272703,-0.6158583649,1.230708761,0.7187744158,-0.05280657749,-0.5931939345,-0.3587419137
541,18033333333,0,0,1.339903079,-0.6170556253,1.233385506,0.719046387,-0.05338708065,-0.5927937867,-0.3587724063
542,18066666667,0,0,1.332150221,-0.6174269229,1.235983053,0.7187828402,-0.05236651014,-0.5931517034,-0.3588593513
543,18100000000,0,1,1.323379632,-0.6225957838,1.238994652,0.7182274903,-0.05190568063,-0.5939488592,-0.3587197028
544,18133333333,0,0,1.314539161,-0.6250468738,1.240988024,0.7187299969,-0.05028164124,-0.5946394257,-0.3567953217
545,18166666667,0,0,1.308215268,-0.6276060978,1.242439336,0.7184224307,-0.04768173409,-0.5966825651,-0.3543523384
546,18200000000,0,0,1.300384459,-0.6311553657,1.244449245,0.7170935538,-0.0454246196,-0.5992588905,-0.3529903981
547,18233333333,0,0,1.292237944,-0.6353726454,1.246733969,0.7158452754,-0.04312797529,-0.6022057995,-0.3507901003
548,18266666667,0,0,1.284252031,-0.6395645391,1.249659336,0.7141169614,-0.04034424387,-0.6059975102,-0.3481038997
549,18300000000,0,1,1.275624023,-0.6455517279,1.252499258,0.71139221,-0.03703043514,-0.6101661517,-0.3467666906
550,18333333333,0,0,1.266879821,-0.6497028938,1.255444942,0.7089373122,-0.03323496302,-0.6142210306,-0.3450157245
551,18366666667,0,0,1.259627273,-0.653123351,1.258253489,0.7062704774,-0.02958648948,-0.6186661472,-0.3428685619
552,18400000000,0,0,1.252290725,-0.654862732,1.26212115,0.7020262547,-0.02598267743,-0.6239127911,-0.3423694893
553,18433333333,0,0,1.243352669,-0.6588328773,1.266927196,0.6972087219,-0.02389605858,-0.6288251115,-0.3433772787
554,18466666667,0,0,1.234342809,-0.6626697733,1.271831175,0.6933134949,-0.02231623888,-0.6334504971,-0.3428685622
555,18500000000,0,1,1.225927234,-0.667671097,1.2752908,0.6886446354,-0.02046802565,-0.6377768569,-0.3443694337
556,18533333333,0,0,1.216282011,-0.6719552319,1.280121105,0.6829353317,-0.01881747001,-0.6427576434,-0.3465657908
557,18566666667,0,0,1.206671028,-0.6770281032,1.285370195,0.6769645767,-0.01634474145,-0.6480179901,-0.3486036372
558,18600000000,0,0,1.196461572,-0.6828909208,1.290281259,0.6711760618,-0.01320419951,-0.6526599877,-0.3512595674
559,18633333333,0,0,1.186107178,-0.688789834,1.295760675,0.666536322,-0.01022902707,-0.6564437023,-0.3531378828
560,18666666667,0,0,1.175085743,-0.6952095605,1.300427801,0.6629187922,-0.008213837147,-0.6594935267,-0.3543155318
561,18700000000,0,1,1.166698283,-0.704278432,1.302461249,0.6593373885,-0.005497518735,-0.6623710802,-0.3556803868
562,18733333333,0,0,1.157142912,-0.7101518013,1.306038983,0.6543977259,-0.002533270035,-0.6664262466,-0.3572579694
563,18766666667,0,0,1.147395003,-0.7166685333,1.310611373,0.6479445033,0.001304699809,-0.6708904636,-0.360655243
564,18800000000,0,0,1.136814443,-0.7239548486,1.313807516,0.6420727152,0.005581730191,-0.674724912,-0.3639474768
565,18833333333,0,0,1.12834573,-0.728562996,1.317626411,0.6369774041,0.009998669089,-0.6782493531,-0.3662480421
566,18866666667,0,0,1.11940438,-0.7335353557,1.32138093,0.6318036442,0.01290814953,-0.681022254,-0.3699543544
567,18900000000,0,1,1.110287041,-0.7393068879,1.323659851,0.6275492159,0.01532054184,-0.6828093286,-0.3737896244
568,18933333333,0,0,1.100746246,-0.7432993413,1.324591265,0.6233602422,0.01724444059,-0.6853463674,-0.3760651466
569,18966666667,0,0,1.093463366,-0.7458193893,1.326147846,0.6177794053,0.02004233136,-0.6890803277,-0.3783057141
570,19000000000,0,0,1.084529809,-0.7500587707,1.327950157,0.6114343741,0.02252071951,-0.69288225,-0.3815167243
571,19033333333,0,0,1.076319368,-0.7543095065,1.329965796,0.606470064,0.02466377586,-0.6964006587,-0.3828993108
572,19066666667,0,0,1.070279466,-0.7564176293,1.332361383,0.6032461075,0.02366172312,-0.6996084605,-0.3822070887
573,19100000000,0,1,1.063536274,-0.7584256117,1.331171334,0.6003217606,0.01927753665,-0.7022491318,-0.3822150144
574,19133333333,0,0,1.056995984,-0.7607395478,1.329921077,0.5959260346,0.01311798374,-0.7065128977,-0.3814965336
575,19166666667,0,0,1.052257149,-0.7612197733,1.331678432,0.5900916808,0.00572842863,-0.7118757147,-0.3807780984
576,19200000000,0,0,1.041155517,-0.7650093654,1.334049947,0.5842109699,-0.00304180195,-0.7162619453,-0.3816505153
577,19233333333,0,0,1.031950207,-0.769079516,1.336380223,0.5799888708,-0.008942366345,-0.7202359005,-0.3805170054
578,19266666667,0,0,1.02363987,-0.7709766243,1.340910442,0.5773211676,-0.01376041014,-0.7231995637,-0.3788051102
579,19300000000,0,0,1.012618845,-0.7744315873,1.343533998,0.5769032442,-0.01833673345,-0.7239394845,-0.3778333414
580,19333333333,0,1,1.004746664,-0.7787480196,1.345496446,0.5779783227,-0.02079200343,-0.7240010443,-0.3759404725
581,19366666667,0,0,0.9961322869,-0.7810165597,1.347789039,0.5788944251,-0.02102308903,-0.7232738389,-0.3759178478
582,19400000000,0,0,0.9887029542,-0.7836231238,1.347579334,0.5799237783,-0.0197124065,-0.7220732797,-0.3767094519
583,19433333333,0,0,0.9838347757,-0.7841468914,1.347676935,0.580175287,-0.01873854487,-0.7213052673,-0.3778415205
584,19466666667,0,0,0.9760374925,-0.7861994986,1.346122102,0.579322174,-0.01965658485,-0.7207693705,-0.3801196547
585,19500000000,0,0,0.9684542759,-0.7879296153,1.346206711,0.5780640697,-0.02130283515,-0.7211358142,-0.3812496007
586,19533333333,0,0,0.9598222476,-0.7911049325,1.346867255,0.5768991926,-0.02272282703,-0.7211592525,-0.3828842217
587,19566666667,0,0,0.9494551427,-0.7943049712,1.347394449,0.5763585951,-0.02321868317,-0.7207742227,-0.384390664
588,19600000000,0,1,0.9374347857,-0.7999394963,1.347545682,0.5764431861,-0.02142023687,-0.7203687669,-0.3851275974
589,19633333333,0,0,0.9279586655,-0.8046741383,1.348056991,0.5774175502,-0.01565189692,-0.7200228997,-0.3845920108
590,19666666667,0,0,0.9181776448,-0.8094735212,1.346848614,0.5802648417,-0.01101744873,-0.7189924182,-0.3823888491
591,19700000000,0,0,0.911979043,-0.8115678882,1.345104632,0.5838788645,-0.007800452629,-0.7183419962,-0.3781658381
592,19733333333,0,0,0.9053883182,-0.8132309477,1.343576166,0.5860020796,-0.007093761418,-0.7184914409,-0.3745948354
593,19766666667,0,0,0.8972227167,-0.8159933543,1.343594461,0.5864190505,-0.007383806367,-0.7194971563,-0.371997337
594,19800000000,0,0,0.8883253341,-0.8192937727,1.344030969,0.5865072927,-0.007191589084,-0.7208287888,-0.3692740634
595,19833333333,0,0,0.8817809562,-0.8203468045,1.34671949,0.5868103552,-0.005906569619,-0.7221024882,-0.3663150502
596,19866666667,0,1,0.8745941919,-0.8215565187,1.350799034,0.5881809573,-0.005919640802,-0.722056445,-0.3642013311
597,19900000000,0,0,0.8680956252,-0.8230720864,1.352598086,0.5904852908,-0.005118508973,-0.7209411861,-0.3626909543
598,19933333333,0,0,0.8633665719,-0.8228592722,1.353971639,0.591890426,-0.003836023519,-0.7198170242,-0.3626492247
599,19966666667,0,0,0.8571967784,-0.8237247476,1.353874996,0.5914771365,-0.002746661979,-0.7191632203,-0.3646251711
600,20000000000,0,0,0.8503960869,-0.8254119594,1.354350183,0.5897338708,-0.002165743599,-0.7198429973,-0.3661083589
601,20033333333,0,0,0.8429885104,-0.8273939279,1.356108223,0.5877923532,-0.003025432148,-0.7211743353,-0.3666041113
602,20066666667,0,0,0.8344155724,-0.8304422825,1.358358713,0.5862138697,-0.004141742037,-0.7227803057,-0.3659573399
603,20100000000,0,0,0.825381747,-0.8334563311,1.360679586,0.5849657022,-0.003788711074,-0.7244959237,-0.3645633408
604,20133333333,0,0,0.8181691183,-0.8352759456,1.3630573,0.5839116628,-0.001871969897,-0.7266758206,-0.3619197667
605,20166666667,0,0,0.8121552234,-0.8358340062,1.365995823,0.5826196913,-0.000561438338,-0.7289261382,-0.3594727599
606,20200000000,0,1,0.8052377202,-0.8345242919,1.36817533,0.580894686,-0.001082268127,-0.7312172608,-0.3576052431
607,20233333333,0,0,0.7981084545,-0.8354145814,1.370407725,0.5775264487,-0.002490143949,-0.7342089895,-0.356923185
608,20266666667,0,0,0.7912407042,-0.8368893395,1.372656169,0.5727394732,-0.00389872229,-0.7380417786,-0.3567192577
609,20300000000,0,0,0.7824009285,-0.8403570422,1.375652025,0.5667497392,-0.004821265238,-0.742494324,-0.3570345465
610,20333333333,0,0,0.7740928125,-0.8438334346,1.379239558,0.5602397386,-0.003186169203,-0.7473637627,-0.3571675934
611,20366666667,0,0,0.7653953766,-0.8477874288,1.383505244,0.5539016255,-0.000564724872,-0.7516161408,-0.3581422165
612,20400000000,0,1,0.7561598715,-0.8512280162,1.384779517,0.5497738314,0.002464179623,-0.75467194,-0.3580683247
613,20433333333,0,0,0.7477569951,-0.857005067,1.386823867,0.5454472222,0.006155388754,-0.7580723426,-0.3574573574
614,20466666667,0,0,0.7402560163,-0.8621701285,1.389548328,0.5407798315,0.009638933548,-0.7618205198,-0.3565021184
615,20500000000,0,0,0.7326277441,-0.8666458982,1.39250757,0.5363803862,0.01161751297,-0.7652905673,-0.3556563824
616,20533333333,0,0,0.7255855699,-0.8712314922,1.395592151,0.5317755604,0.01335663877,-0.7684849054,-0.3556224173
617,20566666667,0,0,0.7171030054,-0.8760836349,1.398539293,0.5275541014,0.01425184769,-0.7709475001,-0.356543836
618,20600000000,0,1,0.7116960548,-0.8787115241,1.399390184,0.5248578149,0.01728473031,-0.7726350758,-0.3567359694
619,20633333333,0,0,0.7052012761,-0.8813993663,1.402684999,0.5211358165,0.0202605534,-0.7745774858,-0.3578221475
620,20666666667,0,0,0.6976613724,-0.8847430021,1.404792349,0.5179170347,0.02256259352,-0.7757989129,-0.3597067158
621,20700000000,0,0,0.6918942105,-0.8873111247,1.406053545,0.5145339894,0.02649162725,-0.7774104871,-0.360812835
622,20733333333,0,0,0.6876875758,-0.8876336359,1.408792575,0.5107287431,0.02897284635,-0.7791186948,-0.3623407024
623,20766666667,0,0,0.6792091849,-0.8901167993,1.410111468,0.5078234447,0.02770560193,-0.7804140089,-0.3637330385
624,20800000000,0,0,0.6727110769,-0.8923929925,1.410955249,0.505962072,0.0256585195,-0.7822517151,-0.3625276215
625,20833333333,0,1,0.6685113379,-0.892740416,1.411261283,0.5039610935,0.02581575359,-0.7838929564,-0.3617576483
626,20866666667,0,0,0.6597531455,-0.8956770322,1.41325505,0.5010647133,0.02585482862,-0.7857763457,-0.3616921557
627,20900000000,0,0,0.6512193073,-0.89884477,1.414259988,-0.4998768115,-0.02660385216,0.7873564454,0.3598405706
628,20933333333,0,0,0.6432575105,-0.9018016375,1.414567267,-0.4993401617,-0.02851834475,0.7891934954,0.3563982796
629,20966666667,0,0,0.6383998033,-0.9017222295,1.417255378,-0.4985195928,-0.03156969971,0.7911243949,0.3529925799
630,21000000000,0,0,0.6317464555,-0.9025972061,1.419467005,-0.4983152277,-0.03269354502,0.7921991154,0.3507614967
631,21033333333,0,0,0.6249653069,-0.903141923,1.422007379,-0.4996738795,-0.03232648607,0.7926325001,0.3478717182
632,21066666667,0,1,0.6231366126,-0.9054670951,1.422903523,0.5029486536,0.03274144443,-0.7917860693,-0.3450296657
633,21100000000,0,0,0.6170779677,-0.9060935099,1.424831191,0.5054773486,0.03446295193,-0.7907683931,-0.3434971667
634,21133333333,0,0,0.6101284078,-0.9080808291,1.425242676,0.5076267851,0.03904858214,-0.7898505503,-0.3419449714
635,21166666667,0,0,0.6066643323,-0.9078031316,1.427252622,0.510303483,0.04418392705,-0.7887596659,-0.3398475029
636,21200000000,0,0,0.6019914959,-0.9084894082,1.425862189,0.5128256004,0.04729694152,-0.7877571329,-0.3379520712
637,21233333333,0,0,0.5980049415,-0.90968192,1.424908699,0.513143092,0.05148040454,-0.7883804036,-0.3353956982
638,21266666667,0,0,0.5942765095,-0.9113082019,1.427064194,0.5121288311,0.05548616709,-0.7894248696,-0.3338468524
639,21300000000,0,1,0.5871885879,-0.9130228869,1.427111702,0.5133019409,0.05757907973,-0.7896112991,-0.331239737
640,21333333333,0,0,0.5829699487,-0.9136776621,1.428140339,0.5157524744,0.0584695752,-0.7898249951,-0.3267371589
641,21366666667,0,0,0.5786488619,-0.914639769,1.429031721,0.5177973858,0.05842278063,-0.7901208166,-0.3227719647
642,21400000000,0,0,0.5740252877,-0.9162110725,1.4293995,0.5193269062,0.05827536746,-0.7906958923,-0.3189099433
643,21433333333,0,0,0.5712327402,-0.9154429296,1.431231367,0.5201320216,0.05710611308,-0.7917375874,-0.3152033702
644,21466666667,0,0,0.5681841722,-0.9149407479,1.432536465,0.5199934928,0.05409843818,-0.7929303492,-0.3129562074
645,21500000000,0,0,0.5645658289,-0.9129939578,1.434249495,0.5182755978,0.05082325142,-0.7945639579,-0.3122106958
646,21533333333,0,0,0.5602982701,-0.9130526422,1.43693715,0.5149669533,0.04800651084,-0.796155619,-0.3140710784
647,21566666667,0,0,0.5542438938,-0.9141848307,1.438925352,0.5119282663,0.04643415542,-0.7973444642,-0.3162516795
648,21600000000,0,0,0.5493896269,-0.9135785344,1.440615859,0.509078813,0.04632702218,-0.7985445627,-0.3178350995
649,21633333333,0,1,0.5466077819,-0.9151165557,1.44248174,0.5062066135,0.04634159093,-0.7997101616,-0.3194854909
650,21666666667,0,0,0.5420565465,-0.914942587,1.444937026,0.5026332587,0.04679152953,-0.8012425682,-0.3212175385
651,21700000000,0,0,0.5379142606,-0.914923229,1.448292986,-0.498397965,-0.04712356669,0.8027686438,0.3239465117
652,21733333333,0,0,0.5333774735,-0.9161454044,1.451368576,-0.4935983154,-0.04789494962,0.8044184683,0.3270744636
653,21766666667,0,0,0.5292683037,-0.9164765198,1.455066765,-0.4889811907,-0.04768377506,0.8062904335,0.3294228127
654,21800000000,0,0,0.5265769156,-0.9167297766,1.458706943,-0.4842648228,-0.04593527321,0.8085003012,0.3312171418
655,21833333333,0,1,0.5235062649,-0.9164050954,1.462011442,-0.4787429036,-0.04321961507,0.8109295523,0.3336623418
656,21866666667,0,0,0.5191671132,-0.9169963353,1.465597238,-0.4712235009,-0.04128149776,0.8137494641,0.3377218676
657,21900000000,0,0,0.5152959781,-0.9184626027,1.469254519,-0.4629869401,-0.04025026674,0.8169720837,0.341437584
658,21933333333,0,0,0.5119424378,-0.9194522426,1.473241693,-0.4553593108,-0.0390312186,0.820083836,0.3443645799
659,21966666667,0,0,0.509892312,-0.9193496686,1.47712376,-0.4475155182,-0.038158068,0.8233026396,0.3470541548
660,22000000000,0,0,0.5074579765,-0.9190397413,1.482273711,-0.4389658184,-0.03717421823,0.8263616077,0.3507899387
661,22033333333,0,1,0.5027794239,-0.9183304792,1.487412895,-0.4312479945,-0.03598949003,0.8290282071,0.3541781411
662,22066666667,0,0,0.5002150668,-0.9189274746,1.49308042,-0.4254009565,-0.034817269,0.8307901657,0.3572246976
663,22100000000,0,0,0.4983834815,-0.9191387873,1.497609646,-0.4217899474,-0.03298590071,0.8317474923,0.3594457952
664,22133333333,0,0,0.4974748103,-0.918651014,1.501011751,-0.4189189779,-0.03019092215,0.8325980716,0.3610759608
665,22166666667,0,0,0.497717654,-0.918396752,1.504319287,-0.4151843005,-0.02667325932,0.8338812178,0.3627018727
666,22200000000,0,0,0.4971273709,-0.9185021048,1.508004899,-0.4111784579,-0.02190361761,0.8351830069,0.3645844925
667,22233333333,0,0,0.4961363712,-0.9200946696,1.510805256,-0.4074961398,-0.01892398978,0.8362355342,0.3664681569
668,22266666667,0,0,0.4965202026,-0.9216773006,1.515235339,-0.4042574635,-0.01863341544,0.8370929086,0.3681088989
669,22300000000,0,1,0.4936137407,-0.921041364,1.519150158,-0.4028755543,-0.01863620567,0.837541954,0.3686020277
670,22333333333,0,0,0.496710602,-0.9214196402,1.522112299,-0.4024531146,-0.01971354905,0.837700812,0.3686464649
671,22366666667,0,0,0.5008644377,-0.9213995236,1.52570162,-0.4010192771,-0.02068641183,0.8380182027,0.3694334902
672,22400000000,0,0,0.5053474039,-0.9210017453,1.528691269,-0.3989992819,-0.02085655866,0.8383524774,0.3708499704
673,22433333333,0,0,0.5096856748,-0.9209098933,1.531965164,-0.3964661177,-0.01935326958,0.8390222611,0.3721313127
674,22466666667,0,0,0.5139528695,-0.920691224,1.535609163,-0.3938949098,-0.01699129034,0.8395024607,0.3738899765
675,22500000000,0,0,0.5167667567,-0.9210451679,1.538810909,-0.3916623475,-0.01422552761,0.8396275712,0.3760635339
676,22533333333,0,0,0.5196797755,-0.9225397644,1.541312221,-0.3904921413,-0.01237000857,0.8396747567,0.3772388812
677,22566666667,0,0,0.5234972981,-0.923990632,1.544929841,-0.3897348804,-0.01234784614,0.8395966553,0.3781953333
678,22600000000,0,0,0.5274411803,-0.9257015024,1.547913779,-0.3902475812,-0.01292708276,0.8391498018,0.3786387803
679,22633333333,0,0,0.5322961695,-0.9270264191,1.550455015,-0.3916604775,-0.01346398544,0.8385417436,0.3785083034
680,22666666667,0,0,0.5376066989,-0.928657603,1.553392456,-0.3933030554,-0.01318814276,0.8380215542,0.3779664723
681,22700000000,0,0,0.5447836766,-0.9293415476,1.556672216,-0.3951923381,-0.01175029886,0.8371965779,0.3778714548
682,22733333333,0,1,0.5499291428,-0.9300373266,1.559068555,-0.3969122331,-0.009448240103,0.8360113138,0.3787565091
683,22766666667,0,0,0.5549274119,-0.9314533268,1.561638692,-0.398856939,-0.007946812188,0.8346948321,0.3796505335
684,22800000000,0,0,0.560733945,-0.9332191483,1.564449979,-0.4005730289,-0.007611679002,0.8335239815,0.3804222431
685,22833333333,0,0,0.5684385795,-0.9331790585,1.568727398,-0.4020587336,-0.00844506018,0.8320644255,0.3820291188
686,22866666667,0,0,0.5756147223,-0.932563641,1.572994819,-0.4036846383,-0.008134246961,0.8298326201,0.385162783
687,22900000000,0,0,0.5826994755,-0.932458679,1.575495494,-0.4051547013,-0.006624875401,0.8271847538,0.3893214123
688,22933333333,0,0,0.5898284807,-0.9333732273,1.57789471,-0.4044190325,-0.005019064822,0.8250710659,0.3945602507
689,22966666667,0,0,0.594156007,-0.9352505569,1.581449367,-0.4022790097,-0.003865092532,0.8235188855,0.3999666293
690,23000000000,0,0,0.5954061684,-0.9379168075,1.586071463,-0.4021786596,-0.00285158582,0.8220054532,0.4031764244
691,23033333333,0,1,0.5947440602,-0.9376128675,1.591946994,-0.4050133248,-0.002970877252,0.8201656365,0.4040837899
692,23066666667,0,0,0.5975524633,-0.9402742123,1.596183299,-0.4091009437,-0.004607781712,0.817531494,0.4052868645
693,23100000000,0,0,0.6026223344,-0.9417526362,1.600699513,-0.4135546955,-0.005907175868,0.8152717681,0.4053018175
694,23133333333,0,0,0.6074481021,-0.9433740616,1.604802933,-0.416677546,-0.006020108054,0.8132581748,0.4061461831
695,23166666667,0,0,0.6108252925,-0.9449938606,1.608401899,-0.4181754508,-0.005635933734,0.8119881302,0.4071520661
696,23200000000,0,0,0.6133147659,-0.9469223148,1.613068696,-0.4183279464,-0.005750787805,0.8113653683,0.4082338751
697,23233333333,0,0,0.6146796978,-0.9489778104,1.617735689,-0.418932011,-0.006150202923,0.8106270001,0.4090745799
698,23266666667,0,0,0.616789438,-0.9503448978,1.622116097,-0.4202698839,-0.005725944803,0.8099443135,0.4090606889
699,23300000000,0,0,0.6190622414,-0.9518319852,1.626442773,-0.42117432,-0.004673205729,0.8096191209,0.408787515
700,23333333333,0,0,0.6218507061,-0.9525538524,1.630537342,-0.4209671654,-0.003849297066,0.8097438438,0.4087624445
701,23366666667,0,0,0.6230640443,-0.953645813,1.635851038,-0.419511462,-0.001753454531,0.8102152355,0.4093388949
702,23400000000,0,0,0.6220698301,-0.9557776118,1.640703406,-0.4183553035,0.0003963270725,0.8104742651,0.4100123761
703,23433333333,0,1,0.6211804024,-0.9576476637,1.646808986,-0.4167428486,0.001685067585,0.8115120172,0.4095983455
704,23466666667,0,0,0.6213814166,-0.9593470764,1.651905476,-0.414535489,0.00115506891,0.8123554437,0.4101678038
705,23500000000,0,0,0.6217521625,-0.9613236991,1.657918485,-0.4111858168,-0.001139066735,0.813707206,0.4108594766
706,23533333333,0,0,0.6216637062,-0.9631928707,1.664979138,-0.4074835103,-0.003197707079,0.8152027431,0.4115719269
707,23566666667,0,0,0.6210587998,-0.9653301018,1.671940525,-0.4041233425,-0.00439439327,0.8165089703,0.412284022
708,23600000000,0,0,0.6212873223,-0.9675739655,1.678285047,-0.4002357624,-0.005581529859,0.8182556941,0.4125988369
709,23633333333,0,0,0.6210005952,-0.968464861,1.686441586,-0.3947712042,-0.006689311545,0.8205649893,0.4132602664
710,23666666667,0,0,0.6183554734,-0.9699913958,1.69558703,-0.3895747297,-0.006046219885,0.8224404135,0.414471639
711,23700000000,0,0,0.6163846598,-0.9716919609,1.703571763,-0.3856359093,-0.004585944236,0.8236993505,0.4156720999
712,23733333333,0,1,0.6130504921,-0.9728641538,1.713745165,-0.3805704356,-0.001960721577,0.8256639026,0.4164629864
713,23766666667,0,0,0.6109776624,-0.9743631912,1.722853449,-0.3758122702,0.001097305126,0.8269496723,0.4182321997
714,23800000000,0,0,0.6090757777,-0.9752458171,1.73226339,-0.3707666785,0.004451153702,0.8281583954,0.4203164635
715,23833333333,0,0,0.6059793604,-0.976043403,1.742842313,-0.3655303722,0.007290825714,0.8289233883,0.4233443128
716,23866666667,0,0,0.6020028516,-0.9767937844,1.752464321,-0.3611477097,0.007641299668,0.8290069863,0.4269207877
717,23900000000,0,0,0.5991007288,-0.9754636208,1.763143206,-0.3569083129,0.005750385552,0.8286357925,0.4312146944
718,23933333333,0,1,0.5956631016,-0.9736524038,1.773487904,-0.3527257072,0.002909031519,0.8276759714,0.4364958183
719,23966666667,0,0,0.5935753218,-0.972267877,1.783166373,-0.3494353872,0.0008551946212,0.825988763,0.4423084243
720,24000000000,0,0,0.5907880282,-0.9709332472,1.791339583,-0.3471635923,1.482159762e-05,0.8239024416,0.4479533533
721,24033333333,0,0,0.5892322416,-0.9697461605,1.796977094,-0.3459405806,3.775161889e-05,0.8218917528,0.452569398
722,24066666667,0,0,0.5885859437,-0.9682685641,1.802629576,-0.3445513293,0.001331172544,0.8206667625,0.4558384302
723,24100000000,0,0,0.5894116282,-0.9677401623,1.806536563,-0.3428130294,0.004899750301,0.8199479098,0.4584109996
724,24133333333,0,1,0.5908795111,-0.9662049719,1.809461284,-0.3398961916,0.009276540958,0.8204805941,0.4595607896
725,24166666667,0,0,0.5929492756,-0.96719007,1.814226177,-0.3355159856,0.01354692018,0.8219737481,0.4600050672
726,24200000000,0,0,0.5950489593,-0.9683234714,1.819959174,-0.3315457716,0.01780233145,0.8233701654,0.4602412944
727,24233333333,0,0,0.5968668724,-0.9703301558,1.825706514,-0.3290983085,0.02152217949,0.824210981,0.4603339635
728,24266666667,0,0,0.5997832346,-0.9714028939,1.831292849,-0.3282340864,0.02379667963,0.8242700614,0.4607330772
729,24300000000,0,0,0.6049890622,-0.9721782941,1.836118175,-0.3279902135,0.02499871453,0.8237623704,0.461749977
730,24333333333,0,0,0.6094865682,-0.9727874351,1.840725355,-0.3273382073,0.02650496351,0.8230453147,0.4634043536
731,24366666667,0,0,0.6142929243,-0.9734448908,1.845895295,-0.3266749751,0.02844905585,0.8222569355,0.4651533552
732,24400000000,0,1,0.6199783037,-0.9744987904,1.850783854,-0.3267046267,0.0302395742,0.820920253,0.4673752168
733,24433333333,0,0,0.6260020666,-0.9753108162,1.856145298,-0.3266942795,0.03119086167,0.8197164,0.4694283774
734,24466666667,0,0,0.6320175352,-0.9763611765,1.861478514,-0.3266697861,0.03195938036,0.8182254115,0.4719879498
735,24500000000,0,0,0.6386344963,-0.9767198011,1.86594766,-0.3277754224,0.03382650688,0.8167717095,0.4736063919
736,24533333333,0,0,0.6466543328,-0.9767086022,1.870057176,-0.3279794664,0.03707023189,0.8159578063,0.4746241944
737,24566666667,0,0,0.6547517852,-0.9771593019,1.875846175,-0.3265189944,0.04209377223,0.8153288097,0.47629024
738,24600000000,0,1,0.6637701551,-0.978480108,1.881413694,-0.3258935295,0.04955380227,0.8140268578,0.4782239045
739,24633333333,0,0,0.6706837976,-0.9790158791,1.885754524,-0.3249910659,0.05751136211,0.8126513255,0.4802822852
740,24666666667,0,0,0.6762630883,-0.979703116,1.891431105,-0.3237350457,0.06332077866,0.811393947,0.4825204265
741,24700000000,0,0,0.6798962962,-0.9818574157,1.89621341,-0.3241355217,0.06696150269,0.8092481795,0.4853552355
742,24733333333,0,0,0.685087758,-0.9842973529,1.899617025,-0.3267367128,0.0656376201,0.8072805749,0.4870655979
743,24766666667,0,0,0.6926025739,-0.9853723522,1.903790179,-0.3295898222,0.06051142251,0.806242147,0.48752694
744,24800000000,0,1,0.702880197,-0.9854916991,1.910719409,-0.3313282507,0.05417672608,0.8050597035,0.4890453419
745,24833333333,0,0,0.7112604992,-0.9867013851,1.915275086,-0.3340233634,0.05291513916,0.8029133037,0.4908753482
746,24866666667,0,0,0.7194594017,-0.9876247486,1.920192303,-0.3362492469,0.05383671374,0.8004590556,0.4932578965
747,24900000000,0,0,0.7263879563,-0.9889307214,1.923681052,-0.3376673644,0.05523642743,0.7972960174,0.4972411374
748,24933333333,0,0,0.7316014109,-0.9913506993,1.926082758,-0.3381201667,0.05586288024,0.795055704,0.5004403252
749,24966666667,0,0,0.7377038065,-0.9926639423,1.931108696,-0.3378132599,0.05469748036,0.7940868131,0.5023111788
750,25000000000,0,0,0.7435844231,-0.9955487205,1.934617362,-0.33877934,0.0540442148,0.792169588,0.5047525389
751,25033333333,0,1,0.7504522174,-0.9962675558,1.940093586,-0.3404972015,0.05290886472,0.7907042715,0.5060129078
752,25066666667,0,0,0.7558860033,-0.9977604675,1.944376224,-0.3421654374,0.05249740945,0.7888433729,0.507831634
753,25100000000,0,0,0.760865133,-0.9997119002,1.947381897,-0.3442756264,0.05375660741,0.7868265432,0.5094001484
754,25133333333,0,0,0.7654072165,-1.001379703,1.951697309,-0.3453821893,0.05516953583,0.7854391259,0.5106396431
755,25166666667,0,0,0.7697737444,-1.003308343,1.955020008,-0.344479338,0.05438277521,0.784371511,0.5129696211
756,25200000000,0,0,0.7724417162,-1.004954314,1.959524863,-0.3427493607,0.05328457349,0.784031453,0.5147604401
757,25233333333,0,0,0.7752920805,-1.006889474,1.963388818,-0.342650906,0.05344018564,0.7835825522,0.5154928585
758,25266666667,0,0,0.7804005088,-1.008774537,1.968254224,-0.342894204,0.05468865529,0.7835378732,0.5152680052
759,25300000000,0,0,0.783611711,-1.009851706,1.973123834,-0.3422130698,0.05702494174,0.7831043575,0.5161258918
760,25333333333,0,0,0.7838823068,-1.011703537,1.978848555,-0.3409678056,0.05903776893,0.782938822,0.5169741757
761,25366666667,0,1,0.7834882593,-1.01288826,1.986884023,-0.3408746566,0.06065096083,0.7828982055,0.5169103687
762,25400000000,0,0,0.7839094193,-1.015052404,1.993718454,-0.3424304915,0.06086466069,0.782085298,0.517087457
763,25433333333,0,0,0.783140246,-1.017149982,2.000230949,-0.344409998,0.06023644223,0.7808437885,0.517722225
764,25466666667,0,0,0.7836348568,-1.019422822,2.005939312,-0.3473916549,0.05901793231,0.7796863102,0.5176148949
765,25500000000,0,0,0.7838249151,-1.022422492,2.012633594,-0.3499153849,0.0589926998,0.7788082641,0.5172395698
766,25533333333,0,0,0.7842516227,-1.025585754,2.018920395,-0.3515713172,0.05917409853,0.7780306277,0.5172662538
767,25566666667,0,0,0.784278891,-1.02805508,2.025958585,-0.3523159774,0.05963548486,0.777671888,0.5172460688
768,25600000000,0,0,0.7825410032,-1.031073222,2.03340485,-0.352324929,0.06008177622,0.7773808149,0.517625727
769,25633333333,0,1,0.7781317327,-1.033438391,2.041968198,-0.352085133,0.05976412776,0.7773695153,0.517842587
770,25666666667,0,0,0.776261691,-1.037282109,2.048611974,-0.353217885,0.05873809558,0.7771381724,0.5175357213
771,25700000000,0,0,0.7757502735,-1.041723768,2.055021087,-0.3543257792,0.05780086537,0.7768629311,0.5172970988
772,25733333333,0,0,0.7760220144,-1.046525348,2.061082044,-0.3549541562,0.05803730249,0.7767089449,0.5170710139
773,25766666667,0,0,0.7755560338,-1.050130173,2.068174501,-0.3544547641,0.05906928168,0.7770957701,0.5167153996
774,25800000000,0,0,0.7739990892,-1.053944553,2.074694828,-0.3539250067,0.06047811751,0.7773559927,0.5165241017
775,25833333333,0,0,0.7716618476,-1.057330592,2.08228523,-0.3532273732,0.06059348692,0.7779657184,0.51606995
776,25866666667,0,0,0.7691667167,-1.060770774,2.089534169,-0.35318556,0.05916473676,0.7784215658,0.5155767256
777,25900000000,0,0,0.7686445022,-1.064500232,2.096679264,-0.3546103489,0.05777689148,0.7784093754,0.5147739072
778,25933333333,0,1,0.7672117001,-1.068216755,2.104020905,-0.3563862449,0.05748134614,0.7780645565,0.5141014347
779,25966666667,0,0,0.765918871,-1.072160553,2.109899046,-0.3575932238,0.05688923591,0.7776969463,0.5138853576
780,26000000000,0,0,0.7652585886,-1.075616127,2.115535266,-0.3580961694,0.05652510732,0.7776886304,0.5135878112
781,26033333333,0,0,0.7650980681,-1.079080193,2.120998152,-0.3584802409,0.05710936782,0.7778022445,0.513082942
782,26066666667,0,0,0.7644929055,-1.082049869,2.12715092,-0.3584074965,0.05805615443,0.7782657709,0.5123240568
783,26100000000,0,0,0.7619530294,-1.08491277,2.133377615,-0.3582523956,0.05848182512,0.7786160539,0.5118516756
784,26133333333,0,0,0.7597037215,-1.087027132,2.140585633,-0.3590455077,0.05796112349,0.7790301815,0.5107238078
785,26166666667,0,0,0.7585315941,-1.089727708,2.146970635,-0.3606109829,0.05720548627,0.778676124,0.5102457694
786,26200000000,0,0,0.7573561192,-1.092064628,2.152346161,-0.3622016939,0.05656101982,0.777577748,0.5108655691
787,26233333333,0,0,0.754699857,-1.094979298,2.155379947,-0.3634763213,0.0558238265,0.7766191605,0.5114991142
788,26266666667,0,0,0.755005837,-1.097907788,2.158439054,-0.3647040787,0.05485543452,0.7764618987,0.5109684296
789,26300000000,0,0,0.754686539,-1.100077516,2.162145061,-0.364609758,0.05422344278,0.7767873433,0.5106084272
790,26333333333,0,0,0.7543016279,-1.102395612,2.164440666,-0.3642392745,0.05354892095,0.7773616002,0.5100698055
791,26366666667,0,0,0.7531495098,-1.104332642,2.167407522,-0.364056073,0.0538859112,0.7781676745,0.5089347253
792,26400000000,0,1,0.7520750861,-1.107036094,2.172014169,-0.3636171964,0.05467413514,0.7795807522,0.5069981502
793,26433333333,0,0,0.7524256327,-1.108560249,2.175192535,-0.3632241312,0.05560638759,0.7805085552,0.5057494988
794,26466666667,0,0,0.7529238482,-1.109962691,2.178102336,-0.3629538396,0.05677269515,0.7811809406,0.5047749098
795,26500000000,0,0,0.7533929691,-1.110401264,2.181761967,-0.3624390574,0.05752512098,0.7816553195,0.5043250456
796,26533333333,0,0,0.7521340165,-1.111294127,2.185341963,-0.361724887,0.05773284831,0.7817394742,0.5046834838
797,26566666667,0,0,0.752765957,-1.111308361,2.189141381,-0.3620119046,0.05735597634,0.781485354,0.5049141653
798,26600000000,0,0,0.7524510033,-1.112070056,2.192532677,-0.3624143263,0.05799503745,0.7804909892,0.5060891696
799,26633333333,0,0,0.7514632856,-1.111946069,2.195335408,-0.3628284905,0.05910026509,0.7793348029,0.5074444897
800,26666666667,0,0,0.7496769578,-1.112213753,2.197706161,-0.3628105566,0.06051502173,0.7782448002,0.5089611607
801,26700000000,0,0,0.7486491449,-1.111913262,2.200313401,-0.3626299662,0.06093861628,0.7775937668,0.5100332602
802,26733333333,0,0,0.746286576,-1.112597488,2.202027592,-0.3620809247,0.06108885667,0.7770202772,0.5112778544
803,26766666667,0,0,0.744174493,-1.11352376,2.203756873,-0.3618361086,0.06125368179,0.7768967139,0.5116191092
804,26800000000,0,0,0.7437633066,-1.114199537,2.205304975,-0.361655664,0.06104170392,0.7768261192,0.5118791572
805,26833333333,0,0,0.7418387943,-1.115236989,2.205394297,-0.3610493896,0.06048172386,0.7768510161,0.5123356304
806,26866666667,0,0,0.7408295637,-1.116717015,2.206834786,-0.3607870903,0.06017806707,0.7772816625,0.5119028159
807,26900000000,0,0,0.7393625321,-1.11788402,2.208184547,-0.3606670828,0.06017231229,0.7778093915,0.5111859728
808,26933333333,0,0,0.7392863195,-1.119202931,2.208950138,-0.3606160583,0.05923481011,0.7783320418,0.5105355311
809,26966666667,0,0,0.7383232135,-1.120920535,2.210482943,-0.3601629843,0.0580635861,0.7790372794,0.509913877
810,27000000000,0,0,0.7370368959,-1.122429521,2.210894944,-0.3604094642,0.0576110454,0.7792255676,0.5095031897
811,27033333333,0,0,0.7367387188,-1.123642876,2.21244081,-0.360954047,0.05727067288,0.7795031422,0.5087308692
812,27066666667,0,1,0.7344936437,-1.12388678,2.212424235,-0.3610237842,0.05700201187,0.7797529434,0.5083285799
813,27100000000,0,0,0.7334060974,-1.125624323,2.213782065,-0.3605031827,0.05559972667,0.7801631032,0.5082240235
814,27133333333,0,0,0.7325169844,-1.127284473,2.214744663,-0.3608448015,0.05501701463,0.7802099115,0.5079730812
815,27166666667,0,0,0.731270573,-1.128788854,2.21621225,-0.3607614268,0.05446980255,0.7804556233,0.5077137516
816,27200000000,0,0,0.7307928607,-1.129661578,2.217698929,-0.3608442804,0.05314362928,0.7804205479,0.5078493165
817,27233333333,0,0,0.7282002181,-1.13052196,2.21899282,-0.3606295771,0.05156930372,0.7801097557,0.5086410169
818,27266666667,0,0,0.7247046952,-1.131699655,2.219491407,-0.3609234952,0.04974024291,0.7800058846,0.5087739761
819,27300000000,0,0,0.724763052,-1.133566159,2.22020037,-0.3620356634,0.04874928899,0.780050408,0.5080108722
820,27333333333,0,0,0.7232657326,-1.133961307,2.220913454,-0.3630746493,0.049937391,0.7795062614,0.5079892169
821,27366666667,0,0,0.7206282282,-1.13479102,2.22074023,-0.3639090534,0.05187446674,0.7789866825,0.5079950679
822,27400000000,0,0,0.7173394066,-1.135061835,2.220578583,-0.3643609569,0.0529214979,0.7786279842,0.5081130488
823,27433333333,0,0,0.7152091127,-1.135393356,2.22052337,-0.3648646364,0.05279387052,0.7786013534,0.5078056092
824,27466666667,0,0,0.712891554,-1.135698284,2.220544361,-0.3652175114,0.05280736243,0.7784141927,0.5078374706
825,27500000000,0,0,0.7101880528,-1.136053492,2.219582734,-0.3654619637,0.05237526742,0.7783127473,0.5078618433
826,27533333333,0,0,0.7078549772,-1.136289299,2.219495523,-0.3657551931,0.05233483063,0.7781724307,0.5078699363
827,27566666667,0,0,0.7049664959,-1.136034515,2.219098734,-0.3670223222,0.05352187693,0.7776353013,0.5076547664
828,27600000000,0,0,0.7021762363,-1.136048112,2.218917915,-0.3681670611,0.05399450934,0.7769642443,0.50780328
829,27633333333,0,0,0.6985633419,-1.13548271,2.217655738,-0.3690509252,0.05361076356,0.7763159005,0.5081937851
830,27666666667,0,0,0.696104603,-1.13516211,2.216782759,-0.369824573,0.05277609662,0.775741709,0.508595389
831,27700000000,0,0,0.6929016238,-1.134003577,2.215343074,-0.3705681343,0.05217118909,0.7751905599,0.5089567965
832,27733333333,0,1,0.6896080515,-1.133848705,2.213221346,-0.3711755551,0.05244559548,0.7746404872,0.5093233574
833,27766666667,0,0,0.6864126284,-1.132800247,2.211364855,-0.3716124966,0.05204718113,0.7743591526,0.5094734008
834,27800000000,0,0,0.6831174429,-1.132281251,2.209441871,-0.3723003735,0.05200212837,0.7740268699,0.509480731
835,27833333333,0,0,0.6802422556,-1.131490021,2.20751325,-0.3732984045,0.0525034252,0.7734285145,0.5096077163
836,27866666667,0,0,0.6764041153,-1.130275906,2.205695415,-0.3746471962,0.05269908788,0.7725713653,0.5098978035
837,27900000000,0,0,0.6720682889,-1.129858864,2.203335462,-0.3767117239,0.05271787026,0.7714919254,0.5100091295
838,27933333333,0,0,0.6675725252,-1.129295306,2.200012077,-0.3785261416,0.0526044535,0.7707453202,0.5098062211
839,27966666667,0,0,0.6649543615,-1.129132329,2.196358261,-0.3791325311,0.05083882734,0.7708474623,0.5093801403
840,28000000000,0,0,0.6616950886,-1.129016282,2.192809795,-0.3784887355,0.04814392077,0.7713988987,0.5092859502
841,28033333333,0,0,0.6582298096,-1.129289593,2.189548957,-0.3783713018,0.04644519006,0.771857353,0.5088361513
842,28066666667,0,0,0.6542696125,-1.129045321,2.185890304,-0.3795359777,0.04632624058,0.7720898135,0.5076254928
843,28100000000,0,0,0.6501271257,-1.128598469,2.18218644,-0.3812754751,0.04673140671,0.7721788951,0.5061471542
844,28133333333,0,1,0.6466666279,-1.129425949,2.178433026,-0.382970318,0.04674447396,0.7721034039,0.5049802207
845,28166666667,0,0,0.642994629,-1.129291257,2.173874958,-0.3844352093,0.04607533984,0.7722668413,0.5036770382
846,28200000000,0,0,0.6401020657,-1.128551944,2.169142025,-0.3848552135,0.04573336641,0.7728253387,0.5025295212
847,28233333333,0,0,0.6381392764,-1.128118841,2.163872955,-0.3840599776,0.04568742314,0.7734690074,0.5021516579
848,28266666667,0,0,0.6348142809,-1.126662695,2.159473651,-0.3821028345,0.04591948007,0.7745673914,0.5019304548
849,28300000000,0,0,0.6306949619,-1.125213983,2.155722544,-0.3799910663,0.04549255673,0.7758726192,0.5015564731
850,28333333333,0,0,0.6279782031,-1.124743291,2.151325685,-0.3793577007,0.04534205137,0.7764933971,0.5010886523
851,28366666667,0,0,0.6254298667,-1.123419509,2.147921022,-0.3790463519,0.045709504,0.7770551131,0.5004196795
852,28400000000,0,0,0.621562506,-1.122252601,2.143595093,-0.3785121298,0.04602602434,0.7775900405,0.4999639003
853,28433333333,0,0,0.6193198962,-1.121249907,2.139753773,-0.3775487643,0.04570109583,0.7786379197,0.4990905032
854,28466666667,0,0,0.6164803353,-1.120888781,2.136609374,-0.3761183753,0.04510367509,0.7800251482,0.4980576215
855,28500000000,0,1,0.6154967427,-1.121221795,2.133484284,-0.3757620006,0.04431957607,0.7810366957,0.4968101992
856,28533333333,0,0,0.6126350323,-1.121153566,2.130074379,-0.375045785,0.04378102165,0.7821814358,0.4955966937
857,28566666667,0,0,0.6113877773,-1.12150652,2.127258617,-0.3741336366,0.0427349581,0.7834830035,0.4943198646
858,28600000000,0,0,0.6098891588,-1.122099095,2.124329526,-0.3728516667,0.0430143277,0.7844553153,0.4937218454
859,28633333333,0,0,0.607787884,-1.122958827,2.121775088,-0.3711118649,0.04367004825,0.7854057842,0.4934639448
860,28666666667,0,0,0.6048769835,-1.123720868,2.119230822,-0.3688011327,0.04365245739,0.786533535,0.4934016475
861,28700000000,0,0,0.6020747263,-1.124850556,2.117101977,-0.3660405735,0.04249786122,0.7877993028,0.4935387409
862,28733333333,0,0,0.6000666183,-1.126178004,2.113766033,-0.363688896,0.04046983177,0.7890877561,0.4933893927
863,28766666667,0,0,0.5984707779,-1.127309504,2.112021042,-0.3610570222,0.03905409182,0.7904809231,0.4932063613
864,28800000000,0,0,0.5959000362,-1.128313344,2.110059081,-0.3587674495,0.03894154631,0.7917617351,0.4928314398
865,28833333333,0,1,0.5959431805,-1.128788506,2.106781887,-0.3564221775,0.04165229231,0.7931167677,0.4921322087
866,28866666667,0,0,0.5959746712,-1.130160292,2.104243989,-0.3508412912,0.04611161526,0.7944967961,0.4935169179
867,28900000000,0,0,0.5912650298,-1.130292154,2.10457714,-0.3432801443,0.05012099903,0.7959209742,0.496141543
868,28933333333,0,0,0.5842373621,-1.130612952,2.103608774,-0.3375381117,0.05257140464,0.7969628736,0.49815103
869,28966666667,0,0,0.5807742943,-1.131756235,2.101918781,-0.3338326571,0.0531075905,0.7980664361,0.4988239212
870,29000000000,0,0,0.5776535289,-1.133552803,2.101129507,-0.3293262533,0.05263903153,0.7988730675,0.5005748429
871,29033333333,0,0,0.5712086126,-1.135396046,2.098170686,-0.3253991592,0.05220197546,0.7993914054,0.502358161
872,29066666667,0,0,0.5696629768,-1.137385322,2.096671392,-0.3221406237,0.05021796305,0.8008700312,0.5023054528
873,29100000000,0,0,0.564897933,-1.138951314,2.095716304,-0.31769685,0.04818560135,0.802048971,0.5034523884
874,29133333333,0,1,0.5634730809,-1.144152494,2.090694063,-0.3149684403,0.0441317238,0.8025997872,0.5046591464
875,29166666667,0,0,0.5610009563,-1.147138765,2.08873978,-0.3114332684,0.03923535273,0.8046671786,0.5039649174
876,29200000000,0,0,0.5581922982,-1.150240708,2.087659032,-0.3082593019,0.03431435652,0.8066380006,0.5031241036
877,29233333333,0,0,0.557330633,-1.153669746,2.085732352,-0.3064260018,0.03072194903,0.807853687,0.5025253105
878,29266666667,0,0,0.5549458857,-1.1565201,2.083660637,-0.3038457255,0.02814157202,0.8091587115,0.5021434124
879,29300000000,0,0,0.5519346777,-1.158958508,2.082020345,-0.301381175,0.02629181478,0.8108285439,0.5010341308
880,29333333333,0,0,0.5497648898,-1.161013005,2.080787049,-0.2992846574,0.02496669441,0.8124819739,0.4996782966
881,29366666667,0,0,0.5462031833,-1.163592579,2.079348258,-0.2972262662,0.02417944645,0.8141663649,0.4982017978
882,29400000000,0,0,0.5440134738,-1.166122452,2.077661627,-0.2956153516,0.02215585914,0.8157511568,0.4966595736
883,29433333333,0,0,0.5407079993,-1.168280488,2.077565614,-0.2940112606,0.0204768101,0.8172508291,0.4952162773
884,29466666667,0,1,0.5394533832,-1.172569704,2.073350516,-0.294580422,0.01737264672,0.8178151582,0.4940636934
885,29500000000,0,0,0.5368364001,-1.174711541,2.072477932,-0.2957379822,0.01551241481,0.8188322326,0.4917440246
886,29533333333,0,0,0.5359947472,-1.177298464,2.070502876,-0.2973261742,0.01438664476,0.819468411,0.4897567703
887,29566666667,0,0,0.5362692206,-1.17993392,2.06739487,-0.2981852206,0.01385261875,0.8203544045,0.4877625757
888,29600000000,0,0,0.5353989441,-1.182354896,2.067326482,-0.2967683726,0.01414474707,0.8217140664,0.4863275154
889,29633333333,0,0,0.5333778122,-1.184533436,2.066574445,-0.2952773553,0.01472663284,0.8226109804,0.4857011269
890,29666666667,0,0,0.5320936819,-1.18597112,2.066374797,-0.2943583852,0.01544799052,0.8232237311,0.4851980927
891,29700000000,0,0,0.5304447498,-1.188478617,2.064995698,-0.2932231671,0.01612922064,0.8233041378,0.485726589
892,29733333333,0,0,0.5296530296,-1.189794583,2.065922984,-0.2924099692,0.01584599088,0.823435463,0.4860034493
893,29766666667,0,0,0.5291172371,-1.1909983,2.066881554,-0.2925491302,0.01591155225,0.8222622901,0.4879001488
894,29800000000,0,0,0.5274934174,-1.19213284,2.063180235,-0.2926907483,0.01683410249,0.8202150427,0.4912189152
895,29833333333,0,0,0.5256209342,-1.194143128,2.058617581,-0.2914764731,0.01757601182,0.8198791367,0.4924741116
896,29866666667,0,0,0.5253393554,-1.195395779,2.059121253,-0.2888683528,0.01729571096,0.8208677289,0.4923739481
897,29900000000,0,0,0.5221108784,-1.196581403,2.058159202,-0.2869540862,0.01757717883,0.8209809934,0.4932936282
898,29933333333,0,0,0.519883288,-1.199266901,2.05446323,-0.2867818211,0.01760874085,0.8213730619,0.4927397005
899,29966666667,0,0,0.5187208412,-1.201323466,2.054137085,-0.2871681273,0.01781338845,0.8225563153,0.4905285497
900,30000000000,0,1,0.5154843612,-1.204274161,2.052253728,-0.2874321142,0.01726875552,0.8233589865,0.4890445267
901,30033333333,0,0,0.5145701405,-1.20650401,2.050695539,-0.2889595026,0.01706018688,0.8240934802,0.4869099422
902,30066666667,0,0,0.5138533155,-1.20894548,2.049336167,-0.2901450647,0.01727678969,0.8248754765,0.4848688505
903,30100000000,0,0,0.5121346409,-1.211144348,2.048542412,-0.2904452218,0.01635310524,0.8256786299,0.4833517862
904,30133333333,0,0,0.5099232253,-1.213593208,2.046827413,-0.2912906572,0.01498549951,0.8263305811,0.4817706493
905,30166666667,0,0,0.5092702012,-1.215128857,2.045971266,-0.2928009214,0.01325025989,0.8271856145,0.4794330091
906,30200000000,0,0,0.5089229353,-1.217762432,2.045093901,-0.2939768975,0.01196500184,0.827702774,0.4778520068
907,30233333333,0,0,0.5083361547,-1.219755226,2.043141138,-0.2950191673,0.01081742099,0.8280726461,0.4765945521
908,30266666667,0,0,0.507159401,-1.221611523,2.042067339,-0.2957036809,0.01025553955,0.8287464042,0.4750090047
909,30300000000,0,0,0.5076331542,-1.223453501,2.040755701,-0.296219802,0.009704814543,0.8294181868,0.4735241461
910,30333333333,0,0,0.5076353702,-1.224957389,2.040260782,-0.2962277345,0.01014667637,0.8301194525,0.4722794394
911,30366666667,0,0,0.507166949,-1.225312688,2.039234369,-0.2961488462,0.0117369755,0.8310006281,0.4707399074
912,30400000000,0,1,0.506539527,-1.227411073,2.037419286,-0.2947846334,0.01433655833,0.8319230164,0.4698942198
913,30433333333,0,0,0.5063622901,-1.228923765,2.038326672,-0.291979659,0.01703365038,0.8333043727,0.4691071902
914,30466666667,0,0,0.5028292146,-1.230252592,2.037951211,-0.2890853526,0.01973931032,0.8343389108,0.4689547957
915,30500000000,0,0,0.4996261914,-1.232599022,2.039041973,-0.287327267,0.0207828072,0.8357922504,0.4673996478
916,30533333333,0,0,0.4978365707,-1.23416254,2.041109599,-0.2871010913,0.02041693616,0.8366866016,0.4659524041
917,30566666667,0,0,0.4952641433,-1.236202704,2.042001935,-0.2877440573,0.01939999076,0.8370190966,0.4650011072
918,30600000000,0,0,0.4945110663,-1.238237316,2.042965993,-0.289851326,0.01880751968,0.8375482755,0.4627584383
919,30633333333,0,0,0.4944142748,-1.239538194,2.045173649,-0.2911149568,0.01851751445,0.8381604474,0.4608646744
920,30666666667,0,0,0.4933530613,-1.241431339,2.047311779,-0.291160415,0.01853484055,0.8384849546,0.4602445581
921,30700000000,0,0,0.4912888543,-1.243337485,2.049739426,-0.291471731,0.01844926766,0.8389336563,0.4592321579
922,30733333333,0,0,0.4899500223,-1.244736793,2.053596398,-0.2919106907,0.0180122297,0.8392446517,0.4584017046
923,30766666667,0,0,0.4872295572,-1.246922058,2.056283177,-0.2924946748,0.01688997418,0.8389468013,0.4586173334
924,30800000000,0,0,0.4860465685,-1.249171054,2.058807987,-0.2937004258,0.01429157187,0.8387393586,0.4583144108
925,30833333333,0,0,0.4852117482,-1.250887222,2.062649927,-0.2951139822,0.01219457655,0.8387370155,0.4574704893
926,30866666667,0,0,0.4836090778,-1.253229374,2.066324742,-0.2966733519,0.01146091058,0.838439441,0.4570261192
927,30900000000,0,0,0.4821017678,-1.254922797,2.069101536,-0.2979887865,0.01062023948,0.8384556906,0.4561600032
928,30933333333,0,0,0.4822576624,-1.256436669,2.074136704,-0.2988110071,0.009778867775,0.8387590738,0.4550819398
929,30966666667,0,0,0.4806950137,-1.258577812,2.078397668,-0.2994393807,0.01018934841,0.8385679268,0.455012161
930,31000000000,0,0,0.4790740345,-1.260715467,2.082862884,-0.3003623075,0.01037016241,0.8384776752,0.4545658721
931,31033333333,0,1,0.4777482059,-1.265425754,2.088740521,-0.3015495935,0.01076539331,0.8381580089,0.4543601007
932,31066666667,0,0,0.4757384532,-1.267588255,2.094380851,-0.3023609297,0.009469411299,0.8377446978,0.454611944
933,31100000000,0,0,0.4740003509,-1.269718794,2.099785444,-0.3037045775,0.007002409549,0.8370266314,0.4550834146
934,31133333333,0,0,0.4730376525,-1.271121067,2.105656197,-0.3061692425,0.004724743504,0.8360240607,0.45530412
935,31166666667,0,0,0.4723440084,-1.27243914,2.110360059,-0.3091172848,0.003297542561,0.834645073,0.4558543984
936,31200000000,0,0,0.4737973014,-1.272464133,2.115772145,-0.3113117839,0.003265867964,0.8336682302,0.4561486482
937,31233333333,0,0,0.4737530011,-1.273439282,2.121366206,-0.3120532208,0.004877283556,0.8324516026,0.4578464031
938,31266666667,0,0,0.4728458352,-1.274061433,2.127290695,-0.3119634557,0.005757147613,0.8313492756,0.4598956832
939,31300000000,0,0,0.4725097697,-1.273456826,2.133830148,-0.3118563578,0.006289302521,0.8298397301,0.4626792401
940,31333333333,0,0,0.4707529898,-1.274805623,2.138901749,-0.3118490004,0.006597981444,0.828107701,0.4657728021
941,31366666667,0,0,0.4703328128,-1.274309714,2.144656866,-0.3121736919,0.006034993774,0.826652075,0.4681426191
942,31400000000,0,1,0.4678369957,-1.274383499,2.149884267,-0.3133845227,0.005976758643,0.8250336559,0.4701849486
943,31433333333,0,0,0.4668396542,-1.274618128,2.15533105,-0.3158119194,0.004974411646,0.8237088949,0.4708946201
944,31466666667,0,0,0.4653981369,-1.274827869,2.160720123,-0.3194116629,0.00378605395,0.8222947961,0.4709491731
945,31500000000,0,0,0.465902712,-1.275294982,2.165768776,-0.3241128128,0.002233909103,0.8210215285,0.469967599
946,31533333333,0,0,0.4680405912,-1.275112406,2.170606097,-0.3289577619,0.001575403148,0.8197752616,0.4687780172
947,31566666667,0,0,0.4716711991,-1.274713947,2.175654267,-0.3327637394,0.001654785752,0.8186949117,0.4679788424
948,31600000000,0,0,0.4764838026,-1.274236347,2.179899706,-0.3346864,0.003741357268,0.8178221569,0.4681217101
949,31633333333,0,0,0.480617394,-1.273565822,2.186042683,-0.3344973373,0.006998086254,0.8172366474,0.4692406848
950,31666666667,0,0,0.4821281752,-1.27442274,2.190502034,-0.3338057727,0.01030961631,0.8158237055,0.4721219117
951,31700000000,0,0,0.4834759364,-1.275638754,2.194897884,-0.3344459257,0.01279221457,0.8143726497,0.4741091324
952,31733333333,0,1,0.4854781734,-1.275589045,2.200071287,-0.3363814219,0.01487833303,0.8128268906,0.4753300118
953,31766666667,0,0,0.4882757373,-1.27619286,2.204275477,-0.3391211761,0.01577785044,0.8109761759,0.4765139342
954,31800000000,0,0,0.4905501772,-1.276223866,2.208218366,-0.3423519566,0.01684985077,0.8088569625,0.4777673435
955,31833333333,0,0,0.4930958313,-1.276714401,2.211477528,-0.3461644476,0.01714208341,0.806778652,0.4785232814
956,31866666667,0,0,0.4972628587,-1.276598828,2.215120042,-0.3496168996,0.0170351714,0.8053907831,0.4783550072
957,31900000000,0,0,0.5009047934,-1.277175671,2.218664623,-0.352316961,0.01797505384,0.8038079463,0.4790015052
958,31933333333,0,0,0.5045284031,-1.277656682,2.222117031,-0.3556760546,0.02033333019,0.802519499,0.4785849491
959,31966666667,0,0,0.5082137379,-1.277401665,2.225325466,-0.3593952327,0.02396119404,0.8010652016,0.4780747543
960,32000000000,0,0,0.5128438955,-1.27776469,2.228926394,-0.3625910736,0.02726792762,0.7996674979,0.4778243047
961,32033333333,0,0,0.5164744407,-1.278161295,2.231718029,-0.3652900338,0.03049503578,0.7981199102,0.4781609069
962,32066666667,0,1,0.5212670891,-1.278529866,2.236870367,-0.3675889156,0.03293077207,0.7969796765,0.4781394657
963,32100000000,0,0,0.5248130723,-1.27848544,2.240676955,-0.3699340583,0.03529295421,0.7950861026,0.479313352
964,32133333333,0,0,0.5282273689,-1.278400348,2.244270495,-0.3721094251,0.03846687972,0.7932254674,0.4804666822
965,32166666667,0,0,0.5308071751,-1.277706249,2.247501425,-0.3745465754,0.04193668969,0.7913447338,0.4813831002
966,32200000000,0,0,0.5344713863,-1.277572307,2.251979528,-0.3772047811,0.04644571582,0.789542032,0.4818534303
967,32233333333,0,0,0.5365827988,-1.277341129,2.255417307,-0.3789354747,0.05013355835,0.7872969507,0.4837954566
968,32266666667,0,1,0.5394245396,-1.277554887,2.260134161,-0.3814409301,0.05323946615,0.7853386715,0.484676745
969,32300000000,0,0,0.541167879,-1.278000037,2.263711468,-0.3837981109,0.05679387127,0.7832300876,0.4858231119
970,32333333333,0,0,0.541664623,-1.278639737,2.268190993,-0.3856428457,0.05851588949,0.7815590756,0.4868479204
971,32366666667,0,0,0.5422678596,-1.279589963,2.272124503,-0.3887689045,0.05880867186,0.7799841429,0.4868521498
972,32400000000,0,0,0.5436100803,-1.280439043,2.277486436,-0.3923734691,0.05874446074,0.7785300402,0.486295307
973,32433333333,0,0,0.5446396236,-1.281938682,2.28221192,-0.3955547954,0.05924916798,0.7764886277,0.4869202717
974,32466666667,0,0,0.5447250195,-1.283458327,2.286306037,-0.3977078992,0.0587785645,0.7749166416,0.4877270813
975,32500000000,0,0,0.5439152185,-1.285166794,2.290952188,-0.3993243032,0.05769515766,0.7739573716,0.4880587634
976,32533333333,0,0,0.5439898253,-1.287622998,2.296247827,-0.4017017202,0.05779764848,0.7731467291,0.4873800315
977,32566666667,0,0,0.5429024406,-1.289863518,2.30114196,-0.4031876566,0.05815253067,0.7728232339,0.4866233101
978,32600000000,0,1,0.5425607053,-1.290914348,2.311015246,-0.4024918176,0.05711241294,0.7741082658,0.4852781696
979,32633333333,0,0,0.5412793883,-1.293124889,2.315606902,-0.4011047753,0.05567577126,0.7746190834,0.4857781833
980,32666666667,0,0,0.5408061446,-1.295690595,2.32169843,-0.3993900051,0.05460861638,0.7757552265,0.4854990746
981,32700000000,0,0,0.5397455762,-1.297820266,2.327457209,-0.3974596313,0.05412010786,0.7764121321,0.486087499
982,32733333333,0,0,0.5388210088,-1.30041051,2.33408397,-0.3947993254,0.05329174072,0.7767730592,0.4877674626
983,32766666667,0,0,0.5361015167,-1.302304136,2.340226679,-0.3918437046,0.0520502663,0.7766342597,0.4904982238
984,32800000000,0,0,0.5344491,-1.304199453,2.346354883,-0.3897915759,0.05127452295,0.7760789696,0.4930870953
985,32833333333,0,0,0.5314890683,-1.30545914,2.351225369,-0.3864828502,0.05026434017,0.7757500211,0.4963027376
986,32866666667,0,0,0.5282281729,-1.306513725,2.356976893,-0.3820792729,0.04911366168,0.7760602505,0.4993333206
987,32900000000,0,0,0.5258052239,-1.308268922,2.362297942,-0.3779343793,0.04882935036,0.7763847291,0.5020040357
988,32933333333,0,0,0.5232947023,-1.310183677,2.367821578,-0.3729738434,0.04819641051,0.7770721773,0.5047043189
989,32966666667,0,1,0.5185591804,-1.312603216,2.376733109,-0.366510815,0.04658702709,0.7783029991,0.5076848559
990,33000000000,0,0,0.5155685584,-1.31483036,2.3830493,-0.3623060844,0.04469089984,0.7786807171,0.5102875322
991,33033333333,0,0,0.5127645987,-1.3171273,2.389050529,-0.3594988689,0.04313840549,0.77859197,0.5125370089
992,33066666667,0,0,0.510062603,-1.319181283,2.395438731,-0.3568187605,0.04224348077,0.7785308758,0.514573159
993,33100000000,0,0,0.506818006,-1.320045662,2.401046264,-0.3537134237,0.04183540137,0.7784659053,0.5168437359
994,33133333333,0,0,0.5040592598,-1.321324234,2.407470095,-0.3504386525,0.04195280669,0.7785664279,0.5189094624
995,33166666667,0,0,0.5002822826,-1.322882373,2.413248503,-0.3483142332,0.04351586946,0.7781475873,0.5208357672
996,33200000000,0,0,0.4967627791,-1.324890623,2.419476228,-0.3473111142,0.04590017686,0.777529468,0.5222222612
997,33233333333,0,0,0.4930132577,-1.325937756,2.424712911,-0.346360461,0.04807377194,0.7767573055,0.5238047651
998,33266666667,0,0,0.4909219359,-1.326790489,2.430353664,-0.3451180956,0.04948317515,0.7763021829,0.5251664844
999,33300000000,0,1,0.4859208613,-1.325202807,2.438137935,-0.34245842,0.05074120011,0.7764876181,0.5265116714
1000,33333333333,0,0,0.4832931865,-1.326141504,2.443689508,-0.340790987,0.05143544586,0.7759001152,0.5283889753
1001,33366666667,0,0,0.4807455293,-1.326356989,2.448737095,-0.3394121049,0.05139199615,0.7752099434,0.5302903256
1002,33400000000,0,0,0.477957143,-1.326675267,2.453651314,-0.3377040235,0.05095102373,0.7749021887,0.5318708336
1003,33433333333,0,0,0.474978904,-1.327309096,2.458613504,-0.337424585,0.05232829325,0.774307412,0.5327799086
1004,33466666667,0,0,0.4727784678,-1.327419571,2.462665151,-0.3382343017,0.05520950865,0.7737235452,0.5328239324
1005,33500000000,0,0,0.4713020123,-1.327361537,2.46726748,-0.337818338,0.05811951645,0.7732383017,0.5334823531
1006,33533333333,0,0,0.469082831,-1.327730703,2.471561379,-0.3374985934,0.06125388681,0.7725052995,0.5343951937
1007,33566666667,0,1,0.4660578927,-1.325965177,2.476084683,-0.3373089693,0.06405884609,0.7715904849,0.5355065332
1008,33600000000,0,0,0.4622094883,-1.325407385,2.479004715,-0.3376076083,0.06473144044,0.7701874226,0.5372543881
1009,33633333333,0,0,0.4592967871,-1.324895409,2.481722397,-0.3384736413,0.06329402824,0.7691949464,0.5383015833
1010,33666666667,0,0,0.4569681773,-1.325106531,2.484915615,-0.3398704898,0.06183268646,0.7682200282,0.538983077
1011,33700000000,0,0,0.4539389802,-1.324655847,2.486377121,-0.3419816314,0.06132940354,0.7673538417,0.5389390965
1012,33733333333,0,0,0.4518697293,-1.325460635,2.488681853,-0.343294687,0.06199105892,0.7669392098,0.5386187101
1013,33766666667,0,0,0.4490048549,-1.326093289,2.490717406,-0.3434682499,0.06291385272,0.7666552678,0.5388052605
1014,33800000000,0,0,0.4459026826,-1.326140315,2.492895307,-0.3432567999,0.06302183133,0.7666550139,0.5389277389
1015,33833333333,0,0,0.4432653395,-1.327021471,2.494761787,-0.3436887929,0.06315023419,0.7665540549,0.5387809782
1016,33866666667,0,0,0.4399217557,-1.326764367,2.496673748,-0.3451966992,0.06272465894,0.7661451043,0.5384482659
1017,33900000000,0,0,0.4368269428,-1.326585528,2.499125468,-0.3479384569,0.06282013816,0.7655122071,0.5375718754
1018,33933333333,0,0,0.4341145621,-1.325910448,2.501129983,-0.350757363,0.06397681322,0.7646458143,0.5368361187
1019,33966666667,0,0,0.4313965855,-1.324644846,2.503337134,-0.3518032964,0.0661606173,0.7641200672,0.5366355712
1020,34000000000,0,1,0.4285085612,-1.322931722,2.503792553,-0.3513738065,0.06817681007,0.7634615145,0.5376010478
1021,34033333333,0,0,0.4233676825,-1.321641727,2.504591311,-0.3501135947,0.06920522195,0.7630828797,0.5388280122
1022,34066666667,0,0,0.4181965497,-1.320377335,2.505162895,-0.3499650511,0.06921144915,0.7630536131,0.5389651397
1023,34100000000,0,0,0.4138498423,-1.32042301,2.506633571,-0.3501482219,0.06885831061,0.7629405697,0.5390514288
1024,34133333333,0,0,0.4085368228,-1.319381882,2.506855227,-0.3500964365,0.06738151467,0.7628169337,0.5394465147
1025,34166666667,0,0,0.4044631651,-1.319546261,2.506843835,-0.3496582637,0.06569263316,0.7626856033,0.5401242886
1026,34200000000,0,0,0.4003987648,-1.318927525,2.507523746,-0.348611411,0.06422427369,0.7626340256,0.5410496001
1027,34233333333,0,0,0.394885414,-1.317946072,2.506572173,-0.3475306861,0.06293401784,0.7626138301,0.5419242361
1028,34266666667,0,0,0.3913645359,-1.31735747,2.506426759,-0.3460199806,0.06177409215,0.7627652558,0.5428105555
1029,34300000000,0,0,0.3871068606,-1.317856228,2.50594081,-0.3441762614,0.06125211159,0.7627131074,0.5441135872
1030,34333333333,0,0,0.3836158914,-1.31697854,2.504811729,-0.3429976449,0.06172712483,0.762393436,0.5452509755
1031,34366666667,0,0,0.379413085,-1.31681071,2.503679751,-0.3414300729,0.06282248105,0.7622432185,0.5463186955
1032,34400000000,0,0,0.3754140192,-1.316895432,2.503548622,-0.3390382885,0.06390301066,0.7621681035,0.5477857484
1033,34433333333,0,0,0.3700998011,-1.315301466,2.501852116,-0.3359715483,0.06322786559,0.7623735029,0.5494651926
1034,34466666667,0,0,0.3664540435,-1.315711087,2.502125667,-0.3328938311,0.06120334367,0.7629861135,0.5507159327
1035,34500000000,0,1,0.3608549395,-1.314456469,2.500589128,-0.3298087953,0.05911934223,0.7636240871,0.5519142284
1036,34533333333,0,0,0.3570353004,-1.314527676,2.500061826,-0.3278455069,0.05775671995,0.7646593974,0.5517947905
1037,34566666667,0,0,0.3529116491,-1.314207719,2.499749693,-0.3259805456,0.0578043995,0.7658021764,0.5513096787
1038,34600000000,0,0,0.3488939091,-1.314881277,2.499951189,-0.3241613758,0.05806492982,0.7667246757,0.5510727157
1039,34633333333,0,0,0.3440572532,-1.314147503,2.49955018,-0.3227561761,0.05781039067,0.7672347808,0.5512142966
1040,34666666667,0,0,0.3392482945,-1.315046016,2.499656158,-0.3212384732,0.05699392877,0.7675323486,0.551771356
1041,34700000000,0,0,0.3347297297,-1.314061672,2.499894846,-0.3201694661,0.05584681328,0.7675978185,0.5524185329
1042,34733333333,0,0,0.3298944089,-1.312429195,2.499206929,-0.3201210291,0.05522033161,0.767638371,0.5524532315
1043,34766666667,0,0,0.3260414981,-1.311863161,2.499031345,-0.3200472155,0.0559183948,0.7680577852,0.5518425061
1044,34800000000,0,0,0.3224886529,-1.311534704,2.498667174,-0.3187185678,0.05734771489,0.7688012657,0.5514293499
1045,34833333333,0,0,0.318975982,-1.311379562,2.499923957,-0.3168096659,0.05911864944,0.7694947192,0.5513750974
1046,34866666667,0,0,0.3153175523,-1.31051822,2.499399266,-0.3158625634,0.06076337176,0.7696492314,0.5515239925
1047,34900000000,0,0,0.3121533626,-1.31050455,2.49948236,-0.3153047717,0.06210340861,0.7696303933,0.5517201512
1048,34933333333,0,0,0.3085903936,-1.309566036,2.499618297,-0.3142940827,0.06190430305,0.7697752841,0.5521169249
1049,34966666667,0,0,0.3048842496,-1.308683356,2.499285967,-0.31301733,0.06080120724,0.7701786947,0.5524021566
1050,35000000000,0,0,0.3015851642,-1.308069476,2.499025989,-0.3128471042,0.06096251328,0.7705715592,0.5519327255
1051,35033333333,0,1,0.2994936424,-1.308683463,2.500098708,-0.3124837375,0.06248308233,0.7711521945,0.5511570295
1052,35066666667,0,0,0.2963153777,-1.308091089,2.500052657,-0.3112267037,0.06495276763,0.7715182414,0.5510704856
1053,35100000000,0,0,0.2928910253,-1.306902617,2.499293522,-0.3098762717,0.06672629126,0.7722131239,0.5506461565
1054,35133333333,0,0,0.2898622498,-1.306903706,2.498969047,-0.3078901528,0.06740999756,0.7730812579,0.550458822
1055,35166666667,0,0,0.2866712514,-1.306230509,2.498587874,-0.3053845204,0.06706161799,0.7740683437,0.5505099757
1056,35200000000,0,0,0.2838169795,-1.30656165,2.499175716,-0.3024169363,0.06703595403,0.7753230702,0.550385605
1057,35233333333,0,0,0.2816527478,-1.306391338,2.499629268,-0.2987912658,0.06727268835,0.776471228,0.5507182556
1058,35266666667,0,0,0.2785926939,-1.305653533,2.499971563,-0.2939974634,0.06751154994,0.7778430988,0.5513327451
1059,35300000000,0,0,0.2754831541,-1.305449342,2.500529418,-0.2885552023,0.06748398363,0.7792498724,0.5522240882
1060,35333333333,0,0,0.2711686526,-1.305482424,2.500820337,-0.2833370471,0.06696154088,0.7804698935,0.5532657726
1061,35366666667,0,0,0.267662907,-1.305863894,2.501816936,-0.2795829498,0.06663318324,0.7814746557,0.5537966735
1062,35400000000,0,0,0.2631514741,-1.306874474,2.503163979,-0.2760748491,0.06694883639,0.7820853153,0.5546558307
1063,35433333333,0,0,0.2582355993,-1.307228249,2.504096903,-0.2722654869,0.0669237847,0.7827872688,0.5555509009
1064,35466666667,0,0,0.2537655544,-1.307687317,2.505086305,-0.2678318236,0.06651961545,0.7835724363,0.5566466493
1065,35500000000,0,1,0.2493681949,-1.307694417,2.505636197,-0.2631636377,0.0647628843,0.7847713328,0.5573909076
1066,35533333333,0,0,0.2447814198,-1.309152138,2.506960023,-0.2576244487,0.06189067512,0.7863138773,0.5581305171
1067,35566666667,0,0,0.2396986151,-1.310070047,2.507995999,-0.2534026854,0.05924058314,0.7877862112,0.55827459
1068,35600000000,0,0,0.23468527,-1.312079746,2.510086562,-0.2501039296,0.05810846484,0.7895010045,0.5574581551
1069,35633333333,0,0,0.2301184199,-1.314426776,2.512626167,-0.2462776505,0.05835932733,0.7909953881,0.5570168792
1070,35666666667,0,0,0.2244590371,-1.317676626,2.516315958,-0.2412620724,0.05998342158,0.7919719753,0.5576513175
1071,35700000000,0,0,0.2183843643,-1.318894534,2.517945984,-0.236260286,0.06068378512,0.7923879564,0.5591242098
1072,35733333333,0,0,0.2125062276,-1.320917026,2.52017873,-0.231236707,0.0589352291,0.7930464272,0.5604762158
1073,35766666667,0,0,0.2062769708,-1.323075844,2.522448233,-0.2263049998,0.05433720778,0.7936706649,0.562067959
1074,35800000000,0,1,0.2010804173,-1.326373563,2.525632345,-0.223689138,0.05030493302,0.7941387189,0.5628288181
1075,35833333333,0,0,0.1956087266,-1.328656877,2.529604551,-0.2220540658,0.04878872579,0.7946266005,0.5629211471
1076,35866666667,0,0,0.1901845895,-1.331065401,2.53351981,-0.2195972283,0.04923447096,0.7949387633,0.5634051711
1077,35900000000,0,0,0.184830867,-1.333087293,2.536852471,-0.2157687026,0.04933574773,0.7952082606,0.5644941747
1078,35933333333,0,0,0.1790525719,-1.335098076,2.540874669,-0.2115410933,0.04914265441,0.7953969977,0.5658436016
1079,35966666667,0,0,0.1729030242,-1.336805369,2.543823151,-0.2083997285,0.04857688219,0.7954792762,0.5669414087
1080,36000000000,0,0,0.1675375858,-1.339019361,2.547762783,-0.2059499651,0.04744040991,0.7955372853,0.567850726
1081,36033333333,0,0,0.1622579112,-1.341101579,2.552250455,-0.2034225265,0.04653380704,0.7955114344,0.5688720754
1082,36066666667,0,0,0.1579892788,-1.343129535,2.555629426,-0.2012615961,0.04691643833,0.795012431,0.570305052
1083,36100000000,0,1,0.1530544061,-1.343294813,2.560115572,-0.198383792,0.04823812536,0.7946055327,0.5717683112
1084,36133333333,0,0,0.1480380073,-1.345003105,2.563560845,-0.1948418286,0.0488874395,0.7943074524,0.5733431357
1085,36166666667,0,0,0.1428860936,-1.346539447,2.5670184,-0.1915297274,0.04776294531,0.7942135126,0.5746824871
1086,36200000000,0,0,0.13803266,-1.348635443,2.571118453,-0.189576687,0.04568636794,0.7942914745,0.5753907273
1087,36233333333,0,0,0.1333376306,-1.350220946,2.574700748,-0.1891632688,0.04439532747,0.7941806658,0.5757806724
1088,36266666667,0,0,0.1290716619,-1.351489784,2.578750784,-0.1895434674,0.04529976987,0.7942719429,0.5754591954
1089,36300000000,0,0,0.1254093767,-1.35273228,2.582754879,-0.1884954378,0.04668286721,0.7946041702,0.5752342067
1090,36333333333,0,0,0.1214054028,-1.354846384,2.586227853,-0.1867435044,0.04785156411,0.7945506211,0.5757832942
1091,36366666667,0,0,0.1172523172,-1.355734409,2.58906107,-0.1856611376,0.04868157458,0.794764769,0.5757681897
1092,36400000000,0,0,0.1141532878,-1.357379064,2.592910182,-0.1848804339,0.04898846039,0.7949868442,0.5756867842
1093,36433333333,0,1,0.1100330366,-1.357330528,2.595748723,-0.1838802451,0.04859047032,0.7950672872,0.5759297097
1094,36466666667,0,0,0.1069267057,-1.358506589,2.598682611,-0.1833263374,0.04921006378,0.7950997732,0.5760088318
1095,36500000000,0,0,0.1043390181,-1.359370301,2.600930862,-0.1826145925,0.04966258433,0.7952740881,0.575955435
1096,36533333333,0,0,0.1017721982,-1.360263141,2.602974406,-0.1811834347,0.04978060939,0.7957030833,0.575804704
1097,36566666667,0,0,0.09937715026,-1.361646371,2.605180158,-0.1799116297,0.05031064121,0.7963134748,0.5753133882
1098,36600000000,0,0,0.09674846128,-1.362466277,2.607305806,-0.178714785,0.05145437075,0.7968935736,0.5747817896
1099,36633333333,0,0,0.09406037611,-1.36333924,2.60967941,-0.1771752685,0.05242767873,0.7974733173,0.5743662342
1100,36666666667,0,0,0.09120470453,-1.363814238,2.61074865,-0.1759766523,0.05291009687,0.7977503331,0.5743057945
1101,36700000000,0,0,0.08829937929,-1.365342919,2.612931444,-0.1758382737,0.05337802511,0.7980447246,0.573895727
1102,36733333333,0,0,0.08543962203,-1.3657538,2.61432615,-0.1767975417,0.05415072405,0.7979695261,0.5736331265
1103,36766666667,0,0,0.08316536542,-1.365642272,2.614490168,-0.1775769551,0.0544470391,0.7981289551,0.5731423174
1104,36800000000,0,0,0.08098154055,-1.365415969,2.615578212,-0.1765589688,0.05388579776,0.7988550231,0.5724979506
1105,36833333333,0,0,0.07918110905,-1.365940568,2.61610688,-0.1752635705,0.05369899424,0.7996439856,0.5718116781
1106,36866666667,0,0,0.07670925715,-1.367370379,2.617314873,-0.1744909972,0.05431037026,0.7998662902,0.5716792749
1107,36900000000,0,0,0.07359936501,-1.36723202,2.617599698,-0.1745895482,0.05448431522,0.7997760898,0.5717588262
1108,36933333333,0,0,0.07114050886,-1.367394296,2.618511727,-0.1752021305,0.05476348603,0.7996254116,0.5717555205
1109,36966666667,0,0,0.06817548476,-1.366701582,2.618354029,-0.1761981443,0.05555014463,0.799059903,0.5721640208
1110,37000000000,0,1,0.06448970054,-1.364639138,2.618154887,-0.1768651819,0.05593661732,0.798795155,0.5722902259
1111,37033333333,0,0,0.06231504332,-1.363553956,2.61795795,-0.1771827684,0.05555595129,0.7987044398,0.5723556767
1112,37066666667,0,0,0.05982313823,-1.36321462,2.61783734,-0.1771707318,0.05489461251,0.7987012775,0.5724276222
1113,37100000000,0,0,0.05756830022,-1.362985162,2.617307414,-0.1776222194,0.05452018255,0.7987663967,0.5722325929
1114,37133333333,0,0,0.05586473165,-1.363008631,2.617816267,-0.1781106931,0.05511854007,0.7987312396,0.5720724906
1115,37166666667,0,0,0.05482433692,-1.362606351,2.617530099,-0.1780648686,0.05546807138,0.7986977574,0.5720997185
1116,37200000000,0,0,0.05271794291,-1.361648869,2.617327807,-0.1769256688,0.05520424964,0.7988287377,0.5722957683
1117,37233333333,0,0,0.05038578804,-1.361206756,2.616385663,-0.1759491386,0.05392220315,0.798964905,0.5725289314
1118,37266666667,0,0,0.04777192569,-1.360345676,2.615461284,-0.1751593837,0.0522604028,0.7994108736,0.572302626
1119,37300000000,0,0,0.04585336738,-1.360094891,2.615516775,-0.1747578035,0.05125849805,0.8001307564,0.571509448
1120,37333333333,0,0,0.04370559162,-1.359931282,2.615787216,-0.1743721163,0.05164588199,0.8005915068,0.5709468515
1121,37366666667,0,0,0.04158895169,-1.359605802,2.615490798,-0.173921269,0.05247692534,0.8006742479,0.5708925584
1122,37400000000,0,0,0.03923773971,-1.359628664,2.615720008,-0.1730387268,0.05295090908,0.8005159108,0.5713388458
1123,37433333333,0,0,0.03640269661,-1.35869199,2.615457094,-0.1722825971,0.05302384681,0.8000998341,0.5721428439
1124,37466666667,0,0,0.03354010038,-1.358725306,2.615563945,-0.171154782,0.05324424332,0.7996061059,0.5731502129
1125,37500000000,0,0,0.03114321373,-1.357803781,2.614996951,-0.1693394871,0.05195220843,0.798994799,0.5746585223
1126,37533333333,0,0,0.02870186867,-1.357708487,2.615338386,-0.1675774468,0.04998698752,0.7983958128,0.576179856
1127,37566666667,0,0,0.02560395152,-1.356632124,2.614951247,-0.1664555246,0.04850343805,0.7977054512,0.5775863468
1128,37600000000,0,0,0.02227209045,-1.355920338,2.614905148,-0.1655141266,0.04720121938,0.7971231898,0.5787674309
1129,37633333333,0,0,0.01938603183,-1.355432631,2.615065339,-0.1646928014,0.04589410044,0.7965561422,0.579886476
1130,37666666667,0,1,0.01581064373,-1.353709347,2.614825749,-0.1640835007,0.04509846744,0.7959999416,0.5808845204
1131,37700000000,0,0,0.01226227137,-1.353852453,2.616149348,-0.1635637072,0.04527869272,0.7956884087,0.581443643
1132,37733333333,0,0,0.009329860972,-1.353900106,2.616648628,-0.1626559787,0.0459019153,0.795047807,0.5825247045
1133,37766666667,0,0,0.006108623336,-1.353664544,2.6173399,-0.1607831592,0.04628522383,0.7941959515,0.5841739847
1134,37800000000,0,0,0.002983168384,-1.353654475,2.61750095,-0.158387968,0.04533154157,0.7933425733,0.5860596082
1135,37833333333,0,0,-0.0006816024112,-1.352936663,2.618311672,-0.1557239736,0.043636594,0.7929250771,0.5874655001
1136,37866666667,0,0,-0.003925770042,-1.354325101,2.620597604,-0.1525097092,0.04271838695,0.792250944,0.5892829285
1137,37900000000,0,0,-0.007263815639,-1.352570342,2.620824394,-0.1493448361,0.04164198938,0.7910407199,0.5917910476
1138,37933333333,0,0,-0.01178688125,-1.351815443,2.621173172,-0.1467551577,0.04114599583,0.7901199734,0.5937005629
1139,37966666667,0,0,-0.01656907305,-1.351651306,2.621800818,-0.1450812849,0.04139422663,0.7893757942,0.5950830147
1140,38000000000,0,0,-0.02111590194,-1.35051699,2.621589136,-0.1449275517,0.0419584092,0.7887113012,0.5959613914
1141,38033333333,0,0,-0.02595225295,-1.350370545,2.622273461,-0.1447535017,0.04243602926,0.7887237636,0.5959533806
1142,38066666667,0,1,-0.03098122057,-1.350551755,2.623222262,-0.1433542497,0.04187175237,0.7888996922,0.5960986421
1143,38100000000,0,0,-0.03581408441,-1.351622518,2.624804677,-0.1416069058,0.04057645471,0.7892892293,0.596090218
1144,38133333333,0,0,-0.04119354199,-1.353285895,2.625802002,-0.1399580552,0.03886525972,0.7889367369,0.5970595109
1145,38166666667,0,0,-0.04677049323,-1.353652295,2.625702826,-0.1395483709,0.03563800718,0.7883933382,0.5980736818
1146,38200000000,0,0,-0.05225954583,-1.354400859,2.627250432,-0.1406093544,0.03251952108,0.7884895032,0.5978760687
1147,38233333333,0,0,-0.05731842413,-1.355009521,2.627638443,-0.1427001792,0.03133902806,0.7884141511,0.5975430115
1148,38266666667,0,0,-0.06264142805,-1.356491094,2.628884557,-0.1432240602,0.03188430413,0.7886812559,0.5970361265
1149,38300000000,0,0,-0.0680131193,-1.357392771,2.62868864,-0.141989309,0.03215657349,0.7888280295,0.5971225425
1150,38333333333,0,0,-0.07319863043,-1.358625346,2.628579076,-0.1404566841,0.03102915559,0.7894410217,0.596734434
1151,38366666667,0,0,-0.07875132567,-1.359690665,2.62798281,-0.1393750427,0.02840949728,0.7900848598,0.596266226
1152,38400000000,0,1,-0.08248017807,-1.360778983,2.626449954,-0.1402261923,0.0246179753,0.7910864832,0.5949056618
1153,38433333333,0,0,-0.08768646296,-1.361702164,2.626264199,-0.1409800861,0.02181621161,0.7925722972,0.5928556502
1154,38466666667,0,0,-0.09233891542,-1.363614902,2.627098002,-0.141702556,0.02130954735,0.7943108365,0.5903698704
1155,38500000000,0,0,-0.09606958254,-1.364516916,2.627216019,-0.1418701539,0.02261316972,0.7954554331,0.5887377666
1156,38533333333,0,0,-0.09927447099,-1.36544973,2.625441751,-0.1401900514,0.02301977158,0.7966539472,0.5875026196
1157,38566666667,0,0,-0.1021381654,-1.365568254,2.623465031,-0.137188108,0.02212661048,0.7984656704,0.5857835857
1158,38600000000,0,0,-0.1051580824,-1.366903159,2.622407072,-0.1336309005,0.02051469263,0.8005059568,0.5838768217
1159,38633333333,0,0,-0.1066193159,-1.367969409,2.619985383,-0.1315171356,0.01886369891,0.8021258398,0.5821868609
1160,38666666667,0,0,-0.107923984,-1.367691781,2.617827798,-0.1309842574,0.01816077547,0.8038877545,0.5798946359
1161,38700000000,0,0,-0.1104675597,-1.370242257,2.617413562,-0.1292657569,0.01928038314,0.8055548588,0.5779273314
1162,38733333333,0,1,-0.109422592,-1.368423044,2.616360634,-0.1274266595,0.02122867235,0.8067272867,0.5766306225
1163,38766666667,0,0,-0.1090620407,-1.366542537,2.614030955,-0.1243364026,0.02680543559,0.8084624644,0.5746393401
1164,38800000000,0,0,-0.1106893158,-1.369404879,2.61177196,-0.1171914546,0.03334074803,0.8096539534,0.5741210962
1165,38833333333,0,0,-0.1125510814,-1.37105615,2.604920869,-0.1103964529,0.03632888078,0.8107703669,0.5737109445
1166,38866666667,0,0,-0.114812004,-1.374722882,2.600442238,-0.1064835961,0.03787195745,0.8125953023,0.5717655405
1167,38900000000,0,0,-0.1161832479,-1.377009487,2.595489332,-0.1042811135,0.03750445392,0.8142945872,0.569774684
1168,38933333333,0,1,-0.1174366688,-1.380225221,2.591792865,-0.1022302255,0.03568485917,0.8167911629,0.5666813638
1169,38966666667,0,0,-0.1187454414,-1.383419352,2.587988309,-0.09995801009,0.03274982295,0.8192770368,0.5636674394
1170,39000000000,0,0,-0.119852207,-1.385815801,2.582490817,-0.09755974471,0.02901832978,0.8218213003,0.5605798633
1171,39033333333,0,0,-0.1208319678,-1.39009377,2.57911105,-0.09548400925,0.02624537741,0.8244154626,0.5572549948
1172,39066666667,0,0,-0.1222114238,-1.394966535,2.57773154,-0.09160106923,0.0246332738,0.826406817,0.5550263225
1173,39100000000,0,0,-0.1236491042,-1.398180945,2.574985529,-0.08585003664,0.02376605129,0.8271397199,0.5548917279
1174,39133333333,0,0,-0.1242328576,-1.398984718,2.57021214,-0.08076836217,0.02534174465,0.8272844667,0.5553689574
1175,39166666667,0,0,-0.1263498657,-1.402214075,2.564109117,-0.07458771318,0.02783907899,0.8276414831,0.5555818878
1176,39200000000,0,0,-0.1292924276,-1.40580726,2.558581441,-0.06821997745,0.0270307089,0.8280821997,0.5557834524
1177,39233333333,0,0,-0.1323032356,-1.409214923,2.554455301,-0.0639234908,0.02535333744,0.8284078191,0.5558880111
1178,39266666667,0,1,-0.1341596052,-1.407554901,2.548105822,-0.06247534824,0.02364577261,0.828952568,0.5553155394
1179,39300000000,0,0,-0.1372411765,-1.409855638,2.544283721,-0.06243909016,0.02444083718,0.8303359955,0.5532143708
1180,39333333333,0,0,-0.1405459727,-1.4135884,2.542891599,-0.05967457552,0.02355557421,0.8311844577,0.5522829684
1181,39366666667,0,0,-0.1442539647,-1.415842811,2.538650715,-0.0561691413,0.02207880982,0.8308763843,0.5531744642
1182,39400000000,0,0,-0.1470217603,-1.417161761,2.534572987,-0.05383057877,0.02273307154,0.8306949143,0.5536528114
1183,39433333333,0,0,-0.1511028628,-1.422275684,2.533416005,-0.04943786954,0.02515153617,0.830221154,0.5546675876
1184,39466666667,0,1,-0.1555804643,-1.430072069,2.534298269,-0.04265738591,0.02554358761,0.8278213459,0.5587841192
1185,39500000000,0,0,-0.1603057054,-1.430495977,2.527640841,-0.03479400289,0.02241211895,0.8234156897,0.5659272711
1186,39533333333,0,0,-0.1640450465,-1.424625548,2.515810952,-0.03012983923,0.01939537778,0.8213576709,0.5692869123
1187,39566666667,0,0,-0.1700422046,-1.428436313,2.509425233,-0.02779894556,0.01901271824,0.8217640473,0.5688317728
1188,39600000000,0,0,-0.1764470793,-1.431666609,2.503072667,-0.0263738328,0.01709648739,0.822241921,0.5682696142
1189,39633333333,0,0,-0.1793327168,-1.430878157,2.49641457,-0.02744504914,0.014503083,0.8242630253,0.5653555474
1190,39666666667,0,1,-0.1849344605,-1.440750644,2.495778328,-0.02700605923,0.01572024774,0.8265119538,0.5620511871
1191,39700000000,0,0,-0.1906876872,-1.445242122,2.491604378,-0.02355741122,0.01395670636,0.8270410873,0.561474219
1192,39733333333,0,0,-0.194506351,-1.4464876,2.485419942,-0.02121382613,0.01278525034,0.8279197608,0.560299367
1193,39766666667,0,0,-0.2001268709,-1.452633371,2.482693491,-0.01779343968,0.0140931827,0.8288235322,0.5590494863
1194,39800000000,0,0,-0.2051845453,-1.454453918,2.476335112,-0.01453384445,0.01480222789,0.8291733221,0.5586065371
1195,39833333333,0,0,-0.2107284312,-1.458524625,2.471392103,-0.01292250754,0.01583454674,0.8299843938,0.5574120397
1196,39866666667,0,0,-0.2168603506,-1.463326025,2.467267713,-0.01172954194,0.01627266112,0.8305887428,0.5565248949
1197,39900000000,0,0,-0.2230614147,-1.467428155,2.464143041,-0.01014139143,0.01633333216,0.8306112662,0.5565207084
1198,39933333333,0,1,-0.2259040166,-1.474126948,2.463161283,-0.008520835155,0.01635535286,0.8303220061,0.5569786926
1199,39966666667,0,0,-0.2305765708,-1.476538973,2.459963767,-0.004816685824,0.01531279741,0.8292325699,0.558673127
1200,40000000000,0,0,-0.234585667,-1.479389615,2.456198342,-0.001383230402,0.01531973948,0.8278200098,0.5607828667
1201,40033333333,0,0,-0.2385595554,-1.48002439,2.452067159,0.002119741263,0.01634967908,0.826621343,0.5625169775
1202,40066666667,0,0,-0.2437684539,-1.485274324,2.450445812,0.006467720041,0.0174071214,0.825339942,0.5643307017
1203,40100000000,0,0,-0.2482062215,-1.484605144,2.446273817,0.0107918426,0.0163075939,0.8232709099,0.5673117374
1204,40133333333,0,0,-0.251842829,-1.484626356,2.440341496,0.01399799289,0.01401827397,0.8225672217,0.5683227164
1205,40166666667,0,0,-0.2566116669,-1.487580349,2.437288208,0.01553320116,0.01147884073,0.8224554989,0.5685014583
1206,40200000000,0,1,-0.2612386128,-1.490774516,2.432926293,0.01394704146,0.009631864957,0.8228350527,0.5680274494
1207,40233333333,0,0,-0.2647962054,-1.494686386,2.431247459,0.01144151135,0.00785992136,0.8242960148,0.5659888633
1208,40266666667,0,0,-0.268197315,-1.498117747,2.429213583,0.009537770262,0.005610612294,0.8251856439,0.5647532249
1209,40300000000,0,0,-0.2718583794,-1.502847717,2.427964611,0.008627538465,0.002703673353,0.825998919,0.5635991852
1210,40333333333,0,0,-0.2748585151,-1.507918388,2.426958731,0.008953674348,-9.896806533e-05,0.8260685697,0.5634984828
1211,40366666667,0,0,-0.2777191903,-1.511144891,2.424312564,0.009939967299,-0.001484442105,0.8258818759,0.5637535991
1212,40400000000,0,0,-0.2808232167,-1.514733092,2.422059166,0.01081075458,-0.0006441608414,0.8255453497,0.5642318568
1213,40433333333,0,0,-0.2830599505,-1.518528136,2.420649279,0.01161384569,0.0018211611,0.8253151004,0.5645500748
1214,40466666667,0,1,-0.2847038137,-1.519906454,2.422404033,0.01475437582,0.007051903711,0.8249091178,0.5650287838
1215,40500000000,0,0,-0.287467609,-1.520136629,2.418527528,0.02145091375,0.01108054604,0.8234252118,0.5669109281
1216,40533333333,0,0,-0.2916605235,-1.52421106,2.415320885,0.02821995246,0.01377365958,0.8228486264,0.5673923322
1217,40566666667,0,0,-0.2972656944,-1.526024081,2.410569939,0.03279420309,0.01403414202,0.82248501,0.5676671484
1218,40600000000,0,0,-0.3036610888,-1.529902989,2.403443445,0.03242186536,0.0116549358,0.8229488749,0.5670697791
1219,40633333333,0,0,-0.3075135729,-1.535355889,2.399969536,0.02745854813,0.008647707582,0.8247303786,0.5647929249
1220,40666666667,0,1,-0.312206512,-1.543508413,2.399444975,0.02135712314,0.007904564128,0.8263574583,0.5626852959
1221,40700000000,0,0,-0.3137617758,-1.546899274,2.396734291,0.01623962114,0.00630744417,0.8276240243,0.5610124466
1222,40733333333,0,0,-0.315071291,-1.55082245,2.395454134,0.01303157494,0.006128250428,0.8294303358,0.5584245166
1223,40766666667,0,0,-0.3175583512,-1.554715378,2.394660972,0.01248598888,0.006223111434,0.8306368521,0.5566397336
1224,40800000000,0,0,-0.3199705153,-1.557512837,2.391278127,0.01285575726,0.006005253451,0.8314342989,0.5554418719
1225,40833333333,0,0,-0.3234647862,-1.561325007,2.389456059,0.01312694426,0.006098666902,0.8327386606,0.5534770209
1226,40866666667,0,0,-0.3260865742,-1.564534761,2.387883898,0.01257754605,0.005121904657,0.8338420463,0.5518360384
1227,40900000000,0,0,-0.3281548983,-1.567865536,2.38631223,0.01244628996,0.003452778161,0.834834977,0.5503487344
1228,40933333333,0,0,-0.3300745081,-1.569085554,2.383399738,0.01214655994,0.001211765864,0.8361101933,0.5484256899
1229,40966666667,0,0,-0.3310260538,-1.571687067,2.382775088,0.01088161784,8.767916494e-05,0.8379751272,0.5455999165
1230,41000000000,0,0,-0.3302669466,-1.5731034,2.381820588,0.01082453509,-0.0003237976745,0.839446538,0.5433343671
1231,41033333333,0,1,-0.3314028775,-1.577403686,2.382239957,0.0122246175,0.001059678601,0.8414869482,0.5401380859
1232,41066666667,0,0,-0.3325844554,-1.578902523,2.380664916,0.01465698525,0.003162991822,0.842930793,0.5378130218
1233,41100000000,0,0,-0.3342104475,-1.581148925,2.377557159,0.01656631961,0.00522559743,0.8450734353,0.5343679811
1234,41133333333,0,0,-0.3354011781,-1.583807567,2.375281057,0.01820396693,0.007098807655,0.8480912466,0.5294898109
1235,41166666667,0,0,-0.3368139275,-1.586565736,2.373083197,0.0196974592,0.009638064632,0.8515612787,0.5237962451
1236,41200000000,0,0,-0.3397416438,-1.590703412,2.371494175,0.02048700348,0.01228321207,0.8551790799,0.5177819489
1237,41233333333,0,0,-0.341573455,-1.595056031,2.373752589,0.02053171437,0.0143316436,0.8584005729,0.5123685287
1238,41266666667,0,0,-0.3436497457,-1.598176866,2.374198761,0.02101491763,0.01508866204,0.8601835009,0.5093280379
1239,41300000000,0,1,-0.3454905079,-1.600392207,2.372049739,0.02108689219,0.01325857725,0.8614750377,0.507188636
1240,41333333333,0,0,-0.3463677042,-1.602203544,2.37027644,0.01868325183,0.01178955227,0.8631268058,0.5045037756
1241,41366666667,0,0,-0.3457976412,-1.603723093,2.371597496,0.01529482355,0.01181293143,0.8644044248,0.5024256297
1242,41400000000,0,0,-0.3462871093,-1.605257964,2.36958104,0.01385388415,0.01139590858,0.8647457094,0.501889491
1243,41433333333,0,0,-0.3469665276,-1.605975099,2.368681712,0.01264598275,0.01090986556,0.8654017776,0.5008001771
1244,41466666667,0,0,-0.347063367,-1.605906049,2.366249077,0.01087805894,0.01022180153,0.8656626745,0.5004051524
1245,41500000000,0,0,-0.3467397495,-1.607138208,2.363272947,0.008655136216,0.01030512579,0.8665728854,0.4988690482
1246,41533333333,0,0,-0.3473305966,-1.608655852,2.362139348,0.007207023877,0.01106423805,0.8675954304,0.4970953738
1247,41566666667,0,0,-0.3483853728,-1.609346955,2.360029854,0.006421077784,0.01098738797,0.8688205763,0.4949634867
1248,41600000000,0,0,-0.3484165773,-1.610748381,2.358674723,0.0059388513,0.009655350837,0.8697762996,0.4933160173
1249,41633333333,0,0,-0.3490291557,-1.611834677,2.355922922,0.005769898994,0.008619854867,0.8707245824,0.4916615787
1250,41666666667,0,0,-0.3503841997,-1.613166966,2.353290349,0.004983002283,0.007799736926,0.8720086157,0.4894030118
1251,41700000000,0,0,-0.3504005648,-1.614692496,2.349805811,0.003258578641,0.007179368853,0.8729413937,0.4877613777
1252,41733333333,0,0,-0.3501016853,-1.617056288,2.347005099,0.001612746528,0.00839395597,0.8744226275,0.4850896918
1253,41766666667,0,1,-0.3501472939,-1.622234686,2.342059981,0.0008515288085,0.01031112032,0.8756246913,0.482881306
1254,41800000000,0,0,-0.3524821877,-1.623473745,2.338897581,0.0007815234139,0.01137867722,0.8772297497,0.4799352885
1255,41833333333,0,0,-0.3558353563,-1.625071713,2.335375503,-0.001564394732,0.01077199542,0.8789735282,0.4767463198
1256,41866666667,0,0,-0.3569998992,-1.625888699,2.335095246,-0.005811173069,0.009735412397,0.8804318343,0.4740371685
1257,41900000000,0,0,-0.3583594164,-1.626859603,2.333969881,-0.009153992841,0.007015970008,0.8813080212,0.4724014737
1258,41933333333,0,0,-0.3562171503,-1.627498807,2.331657348,-0.01246388977,0.004444861594,0.8818258008,0.4713895966
1259,41966666667,0,0,-0.3561318271,-1.627247417,2.332410551,-0.01386150033,0.004157312109,0.8826081427,0.4698866268
1260,42000000000,0,0,-0.3561207828,-1.626447083,2.332904461,-0.01404276786,0.004226266362,0.8825133931,0.4700585606
1261,42033333333,0,0,-0.3567649353,-1.624412487,2.33140346,-0.01400848588,0.003509225601,0.8819858247,0.4710546176
1262,42066666667,0,0,-0.3567186547,-1.621996363,2.330928958,-0.01472389081,0.00217358792,0.8816288493,0.4717086543
1263,42100000000,0,0,-0.3554473933,-1.620408219,2.331946861,-0.01513948262,0.002198504355,0.8810598694,0.4727573046
1264,42133333333,0,0,-0.3543876161,-1.616349407,2.333843637,-0.01461912795,0.004378078426,0.8802049861,0.4743482856
1265,42166666667,0,0,-0.3551234748,-1.612107937,2.334706873,-0.01167554386,0.004910354939,0.8791475065,0.4763813933
1266,42200000000,0,0,-0.3558710649,-1.608408619,2.335532342,-0.008753581999,0.002500475629,0.877742337,0.4790464615
1267,42233333333,0,0,-0.3567441969,-1.603985703,2.335009886,-0.006848823898,-0.00077399769,0.8765108491,0.4813327601
1268,42266666667,0,0,-0.3574400217,-1.600899704,2.337045092,-0.005810998718,-0.005216646883,0.8754652865,0.4832179125
1269,42300000000,0,0,-0.3582850113,-1.596224148,2.3364561,-0.00554293507,-0.009883880462,0.8742098693,0.485415996
1270,42333333333,0,0,-0.357934988,-1.593500982,2.338459327,-0.005586534398,-0.01383708818,0.8737081423,0.4862215624
1271,42366666667,0,0,-0.3571299621,-1.590499613,2.341661591,-0.004344117282,-0.0154582248,0.8731137781,0.4872519907
1272,42400000000,0,0,-0.3578040801,-1.586185257,2.343312565,-0.001851613955,-0.0150139872,0.8720214869,0.4892337663
1273,42433333333,0,1,-0.358735473,-1.5803676,2.34476506,0.001223544445,-0.01385323497,0.8711961437,0.490738087
1274,42466666667,0,0,-0.3610303748,-1.577295973,2.345561695,0.004811451862,-0.01453016884,0.8702772504,0.4923243154
1275,42500000000,0,0,-0.3640266001,-1.573838906,2.347933279,0.007100773444,-0.015387235,0.8699671377,0.4928184162
1276,42533333333,0,0,-0.3673651993,-1.570880338,2.349761986,0.008618679846,-0.01642766154,0.8693201475,0.4939011353
1277,42566666667,0,0,-0.3688286149,-1.568333378,2.352305183,0.009471173412,-0.0170895842,0.869414044,0.4936977446
1278,42600000000,0,0,-0.3705789524,-1.564334368,2.358932763,0.01195957638,-0.01709282702,0.8691386809,0.49412828
1279,42633333333,0,0,-0.37341292,-1.561362851,2.359977766,0.01572572227,-0.01763762648,0.8679337017,0.4961176325
1280,42666666667,0,0,-0.3786572083,-1.559461107,2.360832194,0.01880651598,-0.01858396077,0.8668840876,0.4978081256
1281,42700000000,0,0,-0.3832605267,-1.557068203,2.361792751,0.0197320081,-0.020536579,0.8667267082,0.4979695876
1282,42733333333,0,0,-0.3857526016,-1.554470552,2.366830727,0.02092888373,-0.02251765005,0.8670128741,0.4973365193
1283,42766666667,0,0,-0.3894066487,-1.552680271,2.370879148,0.02381656927,-0.02349598682,0.8666798002,0.4977417338
1284,42800000000,0,0,-0.3931216336,-1.550537486,2.373866828,0.02730575799,-0.02426094931,0.8661708959,0.4984112569
1285,42833333333,0,0,-0.3972912933,-1.549316438,2.376857817,0.03070569985,-0.02487759806,0.8656051099,0.4991653621
1286,42866666667,0,0,-0.401175253,-1.548612099,2.380574143,0.03382931491,-0.02511111756,0.8651593984,0.4997241484
1287,42900000000,0,0,-0.4056042561,-1.546079994,2.383918288,0.03687884185,-0.0240933648,0.8645347351,0.5006387445
1288,42933333333,0,1,-0.4147430048,-1.545051926,2.387332948,0.04010113073,-0.02182033967,0.8638177505,0.5017316674
1289,42966666667,0,0,-0.4192574991,-1.543071426,2.390421138,0.04258682922,-0.0199480078,0.8631299025,0.5027874405
1290,43000000000,0,0,-0.4237599235,-1.541361337,2.392377788,0.04511396748,-0.0179889924,0.8623784369,0.5039291196
1291,43033333333,0,0,-0.4302212592,-1.539646891,2.395626153,0.04774357256,-0.01474050291,0.8616313291,0.5050690266
1292,43066666667,0,0,-0.4368786454,-1.537638456,2.398013519,0.04946420952,-0.01170696662,0.8604876609,0.5069292104
1293,43100000000,0,0,-0.4429932816,-1.534794846,2.398977119,0.04980447108,-0.01002182949,0.8597453474,0.5081899401
1294,43133333333,0,0,-0.4492295691,-1.533544267,2.402887225,0.04938675806,-0.009955287683,0.8597254256,0.5082657109
1295,43166666667,0,0,-0.4543657747,-1.529985337,2.405008345,0.04875774646,-0.01124599039,0.859308428,0.5090041606
1296,43200000000,0,0,-0.4591346186,-1.527927983,2.408817758,0.04741492845,-0.01170896489,0.8592769768,0.5091736461
1297,43233333333,0,0,-0.4637976414,-1.52530965,2.412397671,0.04661773033,-0.01134974887,0.8588608168,0.5099569273
1298,43266666667,0,0,-0.4668098804,-1.521932437,2.416594592,0.04640622502,-0.01142438184,0.8585504309,0.5104969181
1299,43300000000,0,1,-0.4727588448,-1.516018027,2.421428663,0.04716184216,-0.0117315089,0.858047549,0.5112656218
1300,43333333333,0,0,-0.477825034,-1.513271702,2.423538597,0.04737436046,-0.01228677865,0.8572988091,0.5124875188
1301,43366666667,0,0,-0.4834675186,-1.510816517,2.427237632,0.04750435875,-0.01330190392,0.8566189112,0.5135858607
1302,43400000000,0,0,-0.4873638195,-1.507882248,2.429520693,0.04680514202,-0.01469668368,0.8558423042,0.5149050752
1303,43433333333,0,0,-0.4913286883,-1.505099265,2.431872553,0.04602230911,-0.01477560655,0.8550889759,0.5162232772
1304,43466666667,0,0,-0.4967351316,-1.502861033,2.434578879,0.04522478205,-0.01424632142,0.8544076726,0.5174353006
1305,43500000000,0,0,-0.5014845153,-1.501290572,2.437085401,0.04376063512,-0.01553009051,0.8537055777,0.5186816073
1306,43533333333,0,0,-0.5050930062,-1.498541212,2.440002281,0.04226110503,-0.01682366319,0.8531765086,0.5196352649
1307,43566666667,0,0,-0.5083939525,-1.496458718,2.443461007,0.04091993004,-0.0184542954,0.8526994377,0.5204696603
1308,43600000000,0,0,-0.5109006337,-1.49362219,2.446433016,0.03973488973,-0.01918234039,0.8521854619,0.5213761741
1309,43633333333,0,0,-0.5142021434,-1.492265719,2.450123029,0.0393163027,-0.01936270085,0.8517250663,0.5221529714
1310,43666666667,0,1,-0.5189029364,-1.487971869,2.455670301,0.03938768158,-0.01995870082,0.8516580574,0.5222344436
1311,43700000000,0,0,-0.521897219,-1.486225753,2.459993383,0.03954903586,-0.02101641401,0.8510169997,0.5232248564
1312,43733333333,0,0,-0.5246453617,-1.483837646,2.463606221,0.03987592441,-0.02273088647,0.8501723268,0.5244999831
1313,43766666667,0,0,-0.5277944053,-1.481853566,2.468001044,0.04032070862,-0.02508226362,0.8494274268,0.5255646174
1314,43800000000,0,0,-0.5307431386,-1.480062681,2.471544102,0.04033217712,-0.02796656559,0.8482302577,0.527348667
1315,43833333333,0,0,-0.5331858684,-1.477766032,2.475120698,0.03962468442,-0.03040168539,0.8474474221,0.5285248231
1316,43866666667,0,0,-0.5354029162,-1.47597098,2.479956275,0.03884503532,-0.03223365218,0.8467168297,0.5296439042
1317,43900000000,0,0,-0.5381812428,-1.474190673,2.484658781,0.0383305477,-0.03346021395,0.845846399,0.5309943996
1318,43933333333,0,0,-0.5397165132,-1.471231535,2.489140739,0.03821075869,-0.03368324366,0.8452035073,0.5320116617
1319,43966666667,0,0,-0.5421522097,-1.468780432,2.493724482,0.0388026712,-0.03312420798,0.8444960403,0.5331262304
1320,44000000000,0,0,-0.545604428,-1.467685873,2.497941029,0.04008369536,-0.03174506258,0.8436424414,0.5344651339
1321,44033333333,0,1,-0.5534114519,-1.465205467,2.505782111,0.04212919322,-0.03013784635,0.8433558233,0.5348530607
1322,44066666667,0,0,-0.5575372465,-1.463531464,2.510836281,0.04251432516,-0.02870542199,0.8425983395,0.5360938063
1323,44100000000,0,0,-0.5618976647,-1.461539658,2.513498534,0.04276334052,-0.02753960167,0.8414936668,0.5378673403
1324,44133333333,0,0,-0.5665497921,-1.45985541,2.515884156,0.04243247107,-0.02668095039,0.8407109714,0.5391592295
1325,44166666667,0,0,-0.5702993315,-1.45832438,2.51893686,0.04220693565,-0.02612531074,0.8405337115,0.5394804191
1326,44200000000,0,0,-0.5741340859,-1.456214463,2.521499846,0.04249807709,-0.0258994264,0.8407125248,0.5391897475
1327,44233333333,0,0,-0.5784260695,-1.454683756,2.52740086,0.0426757216,-0.02456472798,0.8411355934,0.5385780078
1328,44266666667,0,0,-0.5840559678,-1.453619552,2.532026078,0.04385442876,-0.02281800894,0.8402807499,0.5398929421
1329,44300000000,0,0,-0.5891775806,-1.451942869,2.533767182,0.04437201233,-0.02114832733,0.8382973233,0.5429930668
1330,44333333333,0,0,-0.5933678261,-1.448962088,2.536701549,0.04405981763,-0.01875134821,0.8366964387,0.5455696004
1331,44366666667,0,1,-0.599135559,-1.442891919,2.541435878,0.04520649934,-0.01793262029,0.8356828426,0.5470548237
1332,44400000000,0,0,-0.6037122797,-1.440780647,2.544086411,0.0455031243,-0.0184045378,0.833812209,0.5498617451
1333,44433333333,0,0,-0.6047901067,-1.436456038,2.545223013,0.04397228138,-0.01902734212,0.8320619483,0.5526095484
1334,44466666667,0,0,-0.6080760018,-1.43366029,2.547484824,0.04283424245,-0.01787501894,0.8307126047,0.5547632646
1335,44500000000,0,0,-0.6112212105,-1.430114393,2.551980208,0.0426357281,-0.01730959164,0.8292235851,0.5570195855
1336,44533333333,0,0,-0.6115720074,-1.424699323,2.552205096,0.04234454501,-0.01741054017,0.8275729511,0.5594880009
1337,44566666667,0,0,-0.6141876006,-1.421838353,2.553831027,0.04142482969,-0.01554618163,0.8265203644,0.5611652047
1338,44600000000,0,0,-0.6165917177,-1.418401558,2.55531117,0.04066666219,-0.01392933617,0.8255201917,0.5627331599
1339,44633333333,0,0,-0.619403415,-1.414629299,2.558071681,0.04020190563,-0.01430654499,0.8246354798,0.5640527059
1340,44666666667,0,0,-0.6219799313,-1.410927821,2.558886511,0.03918685986,-0.01589873307,0.8239751505,0.5650456368
1341,44700000000,0,1,-0.6257344828,-1.403114462,2.561806955,0.03819960238,-0.01698015741,0.8236865694,0.5655023431
1342,44733333333,0,0,-0.6282380507,-1.39896137,2.563905713,0.03647655434,-0.01671975921,0.8225878653,0.5672205166
1343,44766666667,0,0,-0.6286755764,-1.393031867,2.565037533,0.03469526721,-0.01656232185,0.8214428645,0.5689934518
1344,44800000000,0,0,-0.6316343317,-1.388969034,2.567266571,0.03490463307,-0.01641134468,0.8202790262,0.5706615929
1345,44833333333,0,0,-0.6313174807,-1.38281237,2.567387409,0.03564630299,-0.01730782054,0.8185632336,0.5730480024
1346,44866666667,0,0,-0.6319592658,-1.376770189,2.566018008,0.03659883766,-0.01766620996,0.8171665959,0.5749671161
1347,44900000000,0,0,-0.6322475163,-1.372169732,2.564147559,0.03728368729,-0.01814326669,0.8161085567,0.5764092055
1348,44933333333,0,0,-0.634640878,-1.367905638,2.564306418,0.03785457887,-0.01801048981,0.8153464849,0.5774536888
1349,44966666667,0,0,-0.6360278449,-1.362162624,2.561437614,0.03676359921,-0.01729939267,0.8143467343,0.5789547177
1350,45000000000,0,1,-0.6399138218,-1.357273881,2.563311634,0.03465910144,-0.01441702371,0.8143474545,0.5791624292
1351,45033333333,0,0,-0.6430365388,-1.35190959,2.563485083,0.03286316161,-0.01192030374,0.8136213172,0.5803432356
1352,45066666667,0,0,-0.6455186167,-1.345710136,2.562676506,0.03192126412,-0.009633893138,0.8127305745,0.5816848239
1353,45100000000,0,0,-0.6473526897,-1.339268198,2.55964704,0.03153607978,-0.008143446824,0.8122379586,0.5824162245
1354,45133333333,0,0,-0.6493809307,-1.333827056,2.558392132,0.03124548289,-0.00675000101,0.8128739072,0.5815618353
1355,45166666667,0,0,-0.6537831258,-1.330224872,2.557398261,0.03313078134,-0.006144651369,0.8130770465,0.5811801021
1356,45200000000,0,0,-0.6558545852,-1.32491923,2.554988561,0.03500362614,-0.006912612625,0.813085343,0.5810500726
1357,45233333333,0,0,-0.6582582839,-1.320794914,2.554120346,0.0355325607,-0.005041422191,0.8133122911,0.5807195005
1358,45266666667,0,0,-0.6616102929,-1.316644443,2.551104225,0.03670386368,-0.002163384713,0.8125815448,0.5816866675
1359,45300000000,0,0,-0.6634705659,-1.313025444,2.548759356,0.03936636467,-0.0005614572156,0.8120678054,0.5822335042
1360,45333333333,0,0,-0.6664574853,-1.310147037,2.545207814,0.04258140958,3.365613947e-05,0.8111143441,0.5833355323
1361,45366666667,0,0,-0.6672092004,-1.30642579,2.540404299,0.04368344456,-0.0007469082611,0.8106597701,0.5838852078
1362,45400000000,0,1,-0.671752036,-1.304314559,2.537444444,0.04537245821,-0.001799376831,0.8106902982,0.5837116948
1363,45433333333,0,0,-0.6748981128,-1.302407946,2.533964932,0.04575074492,-0.004824583039,0.8108342632,0.5834649864
1364,45466666667,0,0,-0.6768349196,-1.299287259,2.532894513,0.04457143466,-0.007980161145,0.8113350215,0.5828251772
1365,45500000000,0,0,-0.6787781571,-1.296273614,2.531675908,0.04345947841,-0.01072171314,0.8117309286,0.5823136768
1366,45533333333,0,0,-0.6772936612,-1.29090924,2.530029511,0.0415473197,-0.01295121758,0.8125939992,0.5812031303
1367,45566666667,0,0,-0.6780092229,-1.288286815,2.532119959,0.04139632844,-0.01307251552,0.8141560753,0.5790210172
1368,45600000000,0,0,-0.6793896869,-1.28512319,2.532073176,0.04275868074,-0.0124034477,0.8148268688,0.5779922349
1369,45633333333,0,0,-0.6783509632,-1.281579883,2.531279044,0.04310752062,-0.01114826541,0.8155820548,0.5769257922
1370,45666666667,0,0,-0.6805160314,-1.28022557,2.531177455,0.04481700238,-0.009606462119,0.8162355713,0.5758981198
1371,45700000000,0,0,-0.6819265611,-1.277436439,2.529052242,0.04655316254,-0.009564282191,0.8164732393,0.5754239976
1372,45733333333,0,0,-0.6845614597,-1.276103699,2.529068976,0.04846707526,-0.01018566422,0.8170085393,0.5744947708
1373,45766666667,0,0,-0.686374646,-1.274288494,2.527486636,0.04925171921,-0.01192719702,0.8169605099,0.5744628233
1374,45800000000,0,0,-0.6857389179,-1.270372481,2.526687534,0.04887547141,-0.01370682462,0.8173825702,0.5738545505
1375,45833333333,0,0,-0.6862071054,-1.268884107,2.527692948,0.04913209702,-0.01425724361,0.8178788797,0.5731116001
1376,45866666667,0,0,-0.686564743,-1.266300867,2.52859959,0.04961189543,-0.01439653741,0.8177870229,0.5731978582
1377,45900000000,0,0,-0.6869572168,-1.263568355,2.529556607,0.05025547508,-0.01358057689,0.8176047667,0.5734216604
1378,45933333333,0,0,-0.687689574,-1.262264734,2.529716455,0.05162871499,-0.01255451688,0.8168819898,0.5743523959
1379,45966666667,0,0,-0.689480761,-1.259739699,2.531495847,0.05361816986,-0.01160472474,0.8160094781,0.5754293649
1380,46000000000,0,0,-0.6898452214,-1.257302273,2.529547759,0.05519698786,-0.01140320855,0.8146129012,0.5772599766
1381,46033333333,0,0,-0.6913348747,-1.256036458,2.529363712,0.05606254141,-0.01135544759,0.8135952834,0.5786110612
1382,46066666667,0,1,-0.6928517793,-1.255225388,2.528856391,0.05695464742,-0.01168725495,0.8123209466,0.5803053126
1383,46100000000,0,0,-0.6915210549,-1.252342605,2.526896982,0.0567176709,-0.01248928483,0.8116123805,0.581302389
1384,46133333333,0,0,-0.6912447961,-1.249794731,2.527097384,0.05637921993,-0.01215199476,0.8118707724,0.5809815501
1385,46166666667,0,0,-0.6921392299,-1.248328674,2.528198534,0.05699236415,-0.01018385216,0.812323521,0.5803263365
1386,46200000000,0,0,-0.6932029561,-1.247660814,2.528601863,0.0580269722,-0.0078499644,0.8122188099,0.5804066276
1387,46233333333,0,0,-0.6940975167,-1.246637651,2.527842744,0.05919346513,-0.005487622725,0.8118739036,0.5807984024
1388,46266666667,0,0,-0.6966901966,-1.246636017,2.526737962,0.06112735267,-0.00407862226,0.811295739,0.5814172645
1389,46300000000,0,0,-0.6973093051,-1.245788622,2.523913175,0.06289157792,-0.004755419993,0.8107945031,0.5819229409
1390,46333333333,0,0,-0.6986290817,-1.245511786,2.52326545,0.06452222272,-0.00610435896,0.8110617314,0.5813591726
1391,46366666667,0,0,-0.7000445538,-1.244893681,2.522419022,0.06604942727,-0.007717816719,0.8115306994,0.5805134214
1392,46400000000,0,0,-0.7014556833,-1.244626524,2.521810006,0.06793064695,-0.009273551658,0.8122131753,0.5793178629
1393,46433333333,0,0,-0.703611651,-1.244421436,2.522034851,0.07076050733,-0.01061612865,0.812986559,0.5778694517
1394,46466666667,0,0,-0.7046462859,-1.244333886,2.521113354,0.07309733944,-0.01158821198,0.8135864227,0.5767145092
1395,46500000000,0,0,-0.7073604182,-1.244366973,2.521082863,0.0758195371,-0.01187980821,0.8144766883,0.5750982456
1396,46533333333,0,0,-0.7123587043,-1.245097046,2.522878598,0.07963849405,-0.01128312799,0.8148688691,0.5740375662
1397,46566666667,0,0,-0.7136496083,-1.244458252,2.520597483,0.0825677145,-0.01175405468,0.8145191368,0.5741106082
1398,46600000000,0,0,-0.7190136528,-1.245473772,2.520152092,0.08514046701,-0.01095072347,0.8144398223,0.5738631878
1399,46633333333,0,0,-0.7243237949,-1.246121673,2.518831648,0.08773075084,-0.01162593916,0.8137589683,0.5744253602
1400,46666666667,0,0,-0.728422699,-1.24548456,2.51693495,0.08929746992,-0.01411035239,0.8133364295,0.5747266413
1401,46700000000,0,0,-0.734690398,-1.244346556,2.51692572,0.09058677098,-0.01541324705,0.813383965,0.5744240544
1402,46733333333,0,1,-0.7391608304,-1.244206912,2.514484994,0.0918506509,-0.01706211569,0.8129811952,0.5747468298
1403,46766666667,0,0,-0.744817574,-1.243129281,2.515540889,0.09319690588,-0.01745633824,0.8131505176,0.5742785463
1404,46800000000,0,0,-0.7490419637,-1.241374747,2.515908714,0.09405760379,-0.0169298845,0.8130516778,0.5742939277
1405,46833333333,0,0,-0.7545617897,-1.241351686,2.516120644,0.09505093321,-0.01552191523,0.8129988794,0.5742449062
1406,46866666667,0,0,-0.763281815,-1.241407286,2.517087695,0.09795986841,-0.01430657612,0.812377617,0.5746666803
1407,46900000000,0,0,-0.7692865793,-1.241371779,2.516360337,0.1008706759,-0.01531940356,0.811522488,0.5753448306
1408,46933333333,0,0,-0.7779034412,-1.241646618,2.515280968,0.1041220667,-0.01712055458,0.810627279,0.5759764721
1409,46966666667,0,0,-0.7847888236,-1.241762361,2.514101177,0.1059768104,-0.02012185713,0.8101568207,0.5762030478
1410,47000000000,0,0,-0.790932756,-1.241167115,2.514336393,0.105872242,-0.02176266487,0.8100529708,0.5763086319
1411,47033333333,0,0,-0.7990861362,-1.240691366,2.516479564,0.1059646983,-0.02145040689,0.8102226566,0.5760647615
1412,47066666667,0,0,-0.8069470043,-1.240011761,2.517407913,0.107479656,-0.02167412129,0.8098526038,0.5762960316
1413,47100000000,0,0,-0.8142339139,-1.239740338,2.516745021,0.1094729429,-0.02253152189,0.8093522474,0.576590795
1414,47133333333,0,1,-0.8238924215,-1.240504529,2.515987011,0.1120572901,-0.0234641877,0.8090361319,0.5765007657
1415,47166666667,0,0,-0.8304841926,-1.241170988,2.515001361,0.1138124681,-0.02509048,0.8087406309,0.5765030632
1416,47200000000,0,0,-0.836628285,-1.241040428,2.515713387,0.1145957145,-0.02634283166,0.8089153199,0.5760467713
1417,47233333333,0,0,-0.8438499908,-1.240505826,2.517908072,0.115412837,-0.0266106869,0.8093719117,0.575229395
1418,47266666667,0,0,-0.8521994498,-1.240221417,2.519747317,0.1170895593,-0.02625941451,0.8091973755,0.5751522283
1419,47300000000,0,0,-0.8583961392,-1.240053007,2.521091291,0.1184803724,-0.02651418402,0.8087468115,0.5754893521
1420,47333333333,0,0,-0.8667669824,-1.240577846,2.521554159,0.1204085606,-0.02657751097,0.8078806323,0.576302263
1421,47366666667,0,0,-0.8722026846,-1.24085622,2.520642776,0.121289881,-0.02815066418,0.8068538067,0.5774800772
1422,47400000000,0,0,-0.8791674577,-1.240407788,2.522953022,0.1212882956,-0.02907327209,0.8066137388,0.577769998
1423,47433333333,0,0,-0.8839186892,-1.239322966,2.524023956,0.120179625,-0.02956768397,0.8063439101,0.5783529273
1424,47466666667,0,0,-0.8903887737,-1.238886688,2.52483157,0.1196479544,-0.02883250602,0.8062213814,0.57867101
1425,47500000000,0,1,-0.8982362026,-1.240619735,2.526427336,0.1203935222,-0.02784075652,0.8056904107,0.5793041121
1426,47533333333,0,0,-0.9037932865,-1.240873239,2.5261734,0.1211381266,-0.02758530189,0.8046633006,0.5805872699
1427,47566666667,0,0,-0.9100986741,-1.240953548,2.527100144,0.1211372578,-0.02711889055,0.8042863211,0.5811315206
1428,47600000000,0,0,-0.9171576679,-1.241326399,2.527537389,0.121366343,-0.02747519043,0.8038144587,0.5817195551
1429,47633333333,0,0,-0.923029231,-1.241165322,2.527810252,0.1209405017,-0.02886969649,0.8032658542,0.5824979855
1430,47666666667,0,0,-0.9278999739,-1.240599946,2.529520166,0.1193642268,-0.02974175456,0.8033268449,0.5826951087
1431,47700000000,0,0,-0.9332978493,-1.240701483,2.531358039,0.1178212267,-0.02917964221,0.8032579826,0.5831323353
1432,47733333333,0,0,-0.9393489453,-1.241056553,2.533550762,0.1177420559,-0.02881447471,0.8027872679,0.5838143
1433,47766666667,0,0,-0.9440007894,-1.240477372,2.532455704,0.1184621445,-0.03000541799,0.8018041546,0.5849585395
1434,47800000000,0,1,-0.9461104265,-1.240168989,2.532796765,0.1169986666,-0.03085457434,0.8018804804,0.5851042663
1435,47833333333,0,0,-0.9527290254,-1.240034443,2.534444629,0.1161375879,-0.03007205755,0.8021932272,0.5848878169
1436,47866666667,0,0,-0.9565874544,-1.24009803,2.534994316,0.115930882,-0.03015136527,0.8021586864,0.5849721084
1437,47900000000,0,0,-0.9604228393,-1.240220923,2.53494506,0.1163181268,-0.03039502695,0.8022130044,0.5848081149
1438,47933333333,0,0,-0.965286189,-1.240610791,2.5345386,0.1168264922,-0.03067650834,0.8023550662,0.5844971089
1439,47966666667,0,0,-0.9688839457,-1.242050916,2.533612584,0.1169144944,-0.03179268488,0.8023243951,0.5844619672
1440,48000000000,0,0,-0.9713710214,-1.241468341,2.533983546,0.1153627837,-0.03240156952,0.8028708754,0.583986236
1441,48033333333,0,0,-0.9752673953,-1.240827292,2.533896957,0.1127334134,-0.03087762198,0.8032628577,0.5840432616
1442,48066666667,0,0,-0.9811162219,-1.240912741,2.533237409,0.1111248342,-0.02943374347,0.8034916592,0.5841113589
1443,48100000000,0,0,-0.9822058919,-1.240075872,2.531424202,0.1089946055,-0.02927204223,0.803699233,0.5842352835
1444,48133333333,0,0,-0.985753582,-1.240427092,2.529783243,0.1075215706,-0.02831886828,0.8042993605,0.5837291257
1445,48166666667,0,0,-0.9898915508,-1.240460626,2.529167502,0.1072091969,-0.02826814412,0.8048714433,0.5830000513
1446,48200000000,0,0,-0.9908816661,-1.240188602,2.527392285,0.1061587155,-0.02915134045,0.8053102209,0.5825426804
1447,48233333333,0,0,-0.9920581308,-1.24062751,2.5257883,0.1037460228,-0.02889539427,0.8059298734,0.5821330244
1448,48266666667,0,0,-0.9967725605,-1.239966577,2.525554658,0.1018479853,-0.02778049937,0.8065894329,0.5816087331
1449,48300000000,0,0,-0.9984965692,-1.239370719,2.52210552,0.1003918257,-0.02813727564,0.8066161083,0.581807725
1450,48333333333,0,0,-1.000101988,-1.239135457,2.520437317,0.09900913306,-0.02817842834,0.8071784622,0.5812625034
1451,48366666667,0,0,-1.003731547,-1.238578015,2.519964761,0.09845896478,-0.02815258331,0.8080030358,0.5802106156
1452,48400000000,0,0,-1.006021263,-1.238091649,2.518863592,0.09782551904,-0.02868952795,0.8083324025,0.5798325671
1453,48433333333,0,1,-1.0066955,-1.238089418,2.515611104,0.09700947238,-0.02943605616,0.8084376241,0.5797855542
1454,48466666667,0,0,-1.009907646,-1.237613523,2.514395208,0.0966964176,-0.02984332321,0.8086288727,0.5795502783
1455,48500000000,0,0,-1.011658176,-1.237218854,2.511763596,0.09636212625,-0.031234552,0.8087589792,0.5793510653
1456,48533333333,0,0,-1.014010171,-1.236898001,2.510141924,0.09585206955,-0.03274232713,0.8090087258,0.5790036289
1457,48566666667,0,0,-1.015612693,-1.23508872,2.506448088,0.09514825697,-0.03430864273,0.8091488705,0.5788331638
1458,48600000000,0,0,-1.018301829,-1.234201185,2.506126863,0.09417293971,-0.03419778907,0.8101347273,0.5776189854
1459,48633333333,0,0,-1.020922397,-1.233406738,2.503172497,0.09420804092,-0.03315873537,0.8098190604,0.5781162795
1460,48666666667,0,0,-1.02208781,-1.232162247,2.50055056,0.09472133344,-0.03193713904,0.8097190795,0.578241213
1461,48700000000,0,0,-1.025043205,-1.231916332,2.496453147,0.09640444986,-0.03105752647,0.8091412914,0.5788194732
1462,48733333333,0,0,-1.028309007,-1.230448234,2.49254619,0.0985312515,-0.03151532639,0.8090298896,0.5785922696
1463,48766666667,0,0,-1.02992084,-1.229596256,2.488517857,0.1005027469,-0.0329780082,0.8090390362,0.5781587038
1464,48800000000,0,0,-1.029894855,-1.227919018,2.484116897,0.1023339241,-0.03492084331,0.809484709,0.5770986125
1465,48833333333,0,0,-1.032340581,-1.227224619,2.480192549,0.1046848466,-0.03521740961,0.8101634677,0.5757047616
1466,48866666667,0,0,-1.0344727,-1.226304052,2.476546873,0.1072208412,-0.03502235949,0.8107914652,0.5743642795
1467,48900000000,0,1,-1.03772265,-1.224610066,2.471777951,0.1102609267,-0.03467193459,0.8115919446,0.57267696
1468,48933333333,0,0,-1.042121658,-1.224224984,2.467827951,0.1134395113,-0.03492310485,0.8124361174,0.5708409666
1469,48966666667,0,0,-1.044693549,-1.223237819,2.464771677,0.1155382175,-0.03574499033,0.8132303836,0.5692359433
1470,49000000000,0,0,-1.0474441,-1.221973132,2.463766789,0.1166767898,-0.03576161363,0.8138108899,0.5681720419
1471,49033333333,0,0,-1.049553109,-1.220215363,2.46150092,0.1174859094,-0.03510638689,0.8136336361,0.5683000166
1472,49066666667,0,0,-1.053006529,-1.218848324,2.457175779,0.11923531,-0.03433761982,0.8129080075,0.5690205972
1473,49100000000,0,0,-1.056794853,-1.217433202,2.452739539,0.122148882,-0.03509640449,0.8120983638,0.5695121952
1474,49133333333,0,0,-1.059817669,-1.21586893,2.449446588,0.1248243162,-0.03720649362,0.8115011461,0.5696494157
1475,49166666667,0,0,-1.061996834,-1.214552669,2.445670066,0.1267248425,-0.03930541907,0.8109809864,0.5698295693
1476,49200000000,0,0,-1.063962492,-1.212949644,2.441987581,0.1285279084,-0.04105711164,0.8105046706,0.569979885
1477,49233333333,0,0,-1.066345118,-1.211682826,2.438472077,0.1309741723,-0.04295799942,0.8100631749,0.5699105449
1478,49266666667,0,0,-1.066622966,-1.210198676,2.433784828,0.1327234245,-0.04563097535,0.8096833412,0.5698378662
1479,49300000000,0,0,-1.068390482,-1.207949909,2.430549616,0.1337204911,-0.04687647121,0.8102466821,0.5687018031
1480,49333333333,0,0,-1.070381713,-1.206318113,2.428037561,0.1341891218,-0.04704072816,0.8108995857,0.5676462908
1481,49366666667,0,1,-1.070314894,-1.205973729,2.423079697,0.1346440611,-0.04697513852,0.8109392846,0.5674872597
1482,49400000000,0,0,-1.071925559,-1.204555299,2.420771736,0.134638902,-0.04422861224,0.811246384,0.5672702181
1483,49433333333,0,0,-1.073911814,-1.20345886,2.417361228,0.1348249685,-0.04142740398,0.8113394995,0.5673043403
1484,49466666667,0,0,-1.076795658,-1.202276133,2.41386879,0.1356647847,-0.03938688972,0.8114787542,0.5670502364
1485,49500000000,0,0,-1.078483379,-1.202374214,2.409502481,0.1365854312,-0.03924939168,0.8115258503,0.5667712938
1486,49533333333,0,0,-1.0809222,-1.201739258,2.406630847,0.137073795,-0.03903293485,0.8119911608,0.5660013776
1487,49566666667,0,0,-1.083424344,-1.201166722,2.403095789,0.1379917475,-0.03917534439,0.8124348923,0.5651310607
1488,49600000000,0,0,-1.084704954,-1.199928705,2.399474072,0.1393724599,-0.04007482819,0.8132855628,0.5635032554
1489,49633333333,0,0,-1.086275451,-1.199720284,2.397876584,0.1414702484,-0.03937350311,0.8144765715,0.5613054521
1490,49666666667,0,0,-1.08745427,-1.199330404,2.398820733,0.1440824872,-0.03809426841,0.8156662232,0.5589970267
1491,49700000000,0,0,-1.087840404,-1.19990133,2.396091489,0.1455947284,-0.03575075138,0.8157441663,0.5586461438
1492,49733333333,0,0,-1.090053663,-1.199278541,2.395190464,0.1463471779,-0.03088284465,0.8157037854,0.5587987902
1493,49766666667,0,1,-1.093103194,-1.200067543,2.392154628,0.148027044,-0.02686763562,0.8146797785,0.5600562319
1494,49800000000,0,0,-1.095649588,-1.198347408,2.390825914,0.1500935724,-0.02211286429,0.813964466,0.5607537684
1495,49833333333,0,0,-1.097651816,-1.198250075,2.387355735,0.1540226105,-0.01971712422,0.8127625375,0.5615205501
1496,49866666667,0,0,-1.098079775,-1.196840745,2.384829763,0.1576945302,-0.0202073008,0.8125014481,0.5608613883
1497,49900000000,0,0,-1.097612998,-1.196871747,2.382421959,0.1589358346,-0.02142863152,0.8126583496,0.5602380039
1498,49933333333,0,0,-1.098087911,-1.196202709,2.379888218,0.1581743121,-0.02197718959,0.8132214612,0.5596148186
1499,49966666667,0,0,-1.101677974,-1.195685503,2.378308228,0.1582357211,-0.02186212186,0.8136267479,0.5590125395
1500,50000000000,0,0,-1.102824641,-1.194922483,2.377772401,0.1586378468,-0.02156022369,0.81371865,0.558776475
1501,50033333333,0,0,-1.104292542,-1.193787744,2.376136091,0.159867119,-0.01962822828,0.8133660641,0.5590106285
1502,50066666667,0,0,-1.106697921,-1.193494815,2.37270888,0.1625228204,-0.0181992172,0.8128841858,0.5589941161
1503,50100000000,0,0,-1.110469505,-1.193006732,2.370693327,0.1663751075,-0.01860965976,0.8127387859,0.5580579451
1504,50133333333,0,0,-1.111281019,-1.19275386,2.368809135,0.16936339,-0.02086622903,0.8125978018,0.5572839986
1505,50166666667,0,0,-1.110846145,-1.191349434,2.366186961,0.1705530404,-0.02294832384,0.8127661233,0.5565934455
1506,50200000000,0,0,-1.114042516,-1.191688784,2.364045824,0.1722401204,-0.02334744623,0.8128207992,0.5559771452
1507,50233333333,0,0,-1.118131262,-1.190033911,2.361482699,0.1762875368,-0.02325134688,0.8125078966,0.555169341
1508,50266666667,0,0,-1.120590548,-1.189874787,2.359241857,0.1808806445,-0.02334690294,0.8120031403,0.5544258424
1509,50300000000,0,0,-1.120824597,-1.188628651,2.356062975,0.1848303449,-0.02353785233,0.8115399926,0.5537928796
1510,50333333333,0,1,-1.126979747,-1.18913033,2.352997979,0.1893197211,-0.02266702802,0.8111214357,0.5529251899
1511,50366666667,0,0,-1.129785044,-1.188030373,2.349311541,0.1934087897,-0.0226885408,0.8109444448,0.5517675032
1512,50400000000,0,0,-1.133288155,-1.187238863,2.346507682,0.1984429364,-0.02384629222,0.8108801004,0.5500229251
1513,50433333333,0,0,-1.135417004,-1.186675296,2.343956645,0.2036740019,-0.02566706562,0.8109266527,0.5479562634
1514,50466666667,0,0,-1.136406692,-1.185573913,2.341026053,0.2088833647,-0.02785775731,0.8112092844,0.5454641897
1515,50500000000,0,0,-1.139925161,-1.187111613,2.337068006,0.2138704967,-0.0279196104,0.8108308425,0.5440893777
1516,50533333333,0,0,-1.143864049,-1.186751928,2.334671724,0.2188917736,-0.02687905436,0.8097871111,0.5436991287
1517,50566666667,0,0,-1.148211051,-1.186289078,2.33048617,0.2246091032,-0.02688782849,0.8081371538,0.543821787
1518,50600000000,0,0,-1.150651497,-1.18511345,2.326870871,0.2302251514,-0.02960518333,0.8068601541,0.5432279489
1519,50633333333,0,0,-1.152196289,-1.183486416,2.324477003,0.2346950557,-0.03455298409,0.8066920257,0.5412691547
1520,50666666667,0,0,-1.154020011,-1.183450178,2.322678922,0.2370624987,-0.03870510198,0.8070224305,0.5394609193
1521,50700000000,0,1,-1.157846445,-1.184221947,2.317467275,0.2391084104,-0.04033790474,0.8065580748,0.5391327235
1522,50733333333,0,0,-1.159622692,-1.184011022,2.315618924,0.2410874441,-0.041022738,0.8069156623,0.5376626203
1523,50766666667,0,0,-1.163492884,-1.184630789,2.312674585,0.2450804764,-0.04135860548,0.8067565884,0.5360679368
1524,50800000000,0,0,-1.166089112,-1.185518478,2.309657586,0.2496203915,-0.04271126448,0.8063890298,0.5344175715
1525,50833333333,0,0,-1.167838112,-1.186494361,2.306360821,0.253235348,-0.04440076623,0.8060008141,0.5331633129
1526,50866666667,0,0,-1.169528553,-1.186573109,2.301873566,0.2561503337,-0.04579029161,0.8056779813,0.5321402504
1527,50900000000,0,0,-1.172220816,-1.187898527,2.298998019,0.2586021869,-0.04774170194,0.8053979175,0.5312060177
1528,50933333333,0,0,-1.172171508,-1.187759747,2.295176288,0.2601341333,-0.04936015539,0.8051741312,0.5306490612
1529,50966666667,0,0,-1.176145962,-1.190053875,2.290880308,0.2627612747,-0.04961286437,0.8045168063,0.5303279973
1530,51000000000,0,0,-1.176755703,-1.190038461,2.289048712,0.2653086063,-0.05066875542,0.8036447905,0.5302820677
1531,51033333333,0,0,-1.175287119,-1.190670806,2.284572147,0.2674804003,-0.05131911331,0.8030172269,0.5300791614
1532,51066666667,0,1,-1.176130377,-1.192891757,2.275735704,0.2706698244,-0.05112935406,0.8015818413,0.5306507203
1533,51100000000,0,0,-1.176421633,-1.19316048,2.272343328,0.2731414687,-0.05210598427,0.8016310232,0.5292130073
1534,51133333333,0,0,-1.175558605,-1.194511394,2.26875022,0.2753509253,-0.05403411545,0.8021653373,0.5270606739
1535,51166666667,0,0,-1.174974974,-1.198085357,2.264665258,0.276559035,-0.0545188958,0.8022873426,0.5261917997
1536,51200000000,0,0,-1.174678278,-1.200235971,2.259783233,0.2772851773,-0.05336912156,0.80206447,0.5262672831
1537,51233333333,0,0,-1.173320392,-1.200186701,2.256411264,0.2780537149,-0.05166489209,0.8026996782,0.5250619937
1538,51266666667,0,1,-1.175102247,-1.204182102,2.250236355,0.2818794011,-0.0503799306,0.8028566248,0.5229025777
1539,51300000000,0,0,-1.174924131,-1.206542586,2.246712171,0.2873041637,-0.05078850216,0.8025156771,0.5204281253
1540,51333333333,0,0,-1.173689335,-1.209683001,2.242883052,0.2921446139,-0.05133913405,0.8017964011,0.5187854557
1541,51366666667,0,0,-1.173119357,-1.210914611,2.239710501,0.2956991167,-0.05144745441,0.8013878353,0.5173903065
1542,51400000000,0,0,-1.172080669,-1.211700991,2.236576191,0.2985929845,-0.05209444526,0.801243885,0.5158843234
1543,51433333333,0,0,-1.170627919,-1.213573182,2.233735097,0.3017125974,-0.05333310385,0.8012618082,0.513911085
1544,51466666667,0,0,-1.168427126,-1.214296846,2.230768289,0.3030803799,-0.05377037413,0.8016039553,0.5125252471
1545,51500000000,0,0,-1.168813758,-1.217777833,2.225968368,0.3041914436,-0.05177647487,0.8013450631,0.5124771722
1546,51533333333,0,0,-1.166650947,-1.218785534,2.223388802,0.3058362391,-0.05083107356,0.8011655968,0.5118731126
1547,51566666667,0,0,-1.165718175,-1.222073171,2.218367905,0.308180237,-0.04987895618,0.8007737882,0.5111735238
1548,51600000000,0,1,-1.165928027,-1.224906802,2.212364565,0.3105042417,-0.04947109012,0.8000433849,0.5109503983
1549,51633333333,0,0,-1.164165643,-1.228070867,2.207736674,0.3110260035,-0.04894431928,0.7996081814,0.5113648746
1550,51666666667,0,0,-1.162829534,-1.230248554,2.203992274,0.311592991,-0.04791190639,0.7995818311,0.5111586374
1551,51700000000,0,0,-1.162193577,-1.232642961,2.199191795,0.3123620569,-0.0476298928,0.7995584896,0.5107519559
1552,51733333333,0,0,-1.160033441,-1.234333151,2.194519113,0.3112307682,-0.04696648191,0.8001126359,0.5106361996
1553,51766666667,0,0,-1.159734185,-1.236493136,2.189868007,0.3094529292,-0.04509875429,0.8015010952,0.5097067602
1554,51800000000,0,0,-1.162178572,-1.240341654,2.185080944,0.3100617603,-0.04351658319,0.8020378589,0.508628828
1555,51833333333,0,0,-1.160710747,-1.243161429,2.18210197,0.3108943184,-0.04323087966,0.8018900731,0.5083779348
1556,51866666667,0,1,-1.159587559,-1.245482794,2.175999664,0.3116116797,-0.04216278642,0.8020250144,0.5078152585
1557,51900000000,0,0,-1.161294486,-1.248562217,2.173142762,0.3121903413,-0.04022071886,0.802860188,0.5062953714
1558,51933333333,0,0,-1.162636307,-1.250816728,2.170594915,0.3143384002,-0.03981753896,0.8026725901,0.5052946138
1559,51966666667,0,0,-1.163790911,-1.252758958,2.167008782,0.3177498849,-0.03974505546,0.8017769563,0.5045880037
1560,52000000000,0,0,-1.163695135,-1.254962437,2.162922403,0.3202300394,-0.03922505817,0.8006591816,0.5048356084
1561,52033333333,0,0,-1.163464488,-1.255788749,2.158977879,0.320557148,-0.03855849005,0.8002959665,0.5052551075
1562,52066666667,0,0,-1.163359979,-1.25616808,2.155043987,0.3191153181,-0.03869551071,0.8008975226,0.5052041464
1563,52100000000,0,0,-1.164885144,-1.257137308,2.151951088,0.3171217898,-0.03963749347,0.802332561,0.5041082236
1564,52133333333,0,0,-1.165560001,-1.258782137,2.147864965,0.314977095,-0.04018029981,0.8033399848,0.5038053612
1565,52166666667,0,0,-1.166763139,-1.260468178,2.143260137,0.3133166692,-0.04029961147,0.8041048905,0.5036108926
1566,52200000000,0,1,-1.169422927,-1.261837112,2.137680057,0.3124169337,-0.03888320585,0.804474233,0.5036913383
1567,52233333333,0,0,-1.170408733,-1.264579606,2.134145011,0.3120359088,-0.03644425808,0.8048313422,0.5035393909
1568,52266666667,0,0,-1.171675814,-1.266245936,2.130982757,0.313018306,-0.03464459858,0.804868801,0.5029965258
1569,52300000000,0,0,-1.17243633,-1.26912759,2.127435771,0.3148954432,-0.03220709483,0.8050477828,0.5016987446
1570,52333333333,0,0,-1.174723183,-1.271114586,2.123762525,0.317501928,-0.02956215606,0.8048913579,0.5004682874
1571,52366666667,0,0,-1.174773487,-1.27212919,2.118348538,0.3183642072,-0.02758872308,0.8056207068,0.4988570644
1572,52400000000,0,0,-1.177410308,-1.274634564,2.115360908,0.3180131572,-0.02510149864,0.8074250537,0.4962885545
1573,52433333333,0,0,-1.17917599,-1.277019579,2.113169093,0.3180468997,-0.02398340177,0.8090327411,0.4936972653
1574,52466666667,0,0,-1.18069675,-1.279910508,2.1098391,0.3188111269,-0.02345869591,0.8100387673,0.4915753761
1575,52500000000,0,0,-1.181794099,-1.281871634,2.107686516,0.319296645,-0.02364950297,0.8106778278,0.4901956885
1576,52533333333,0,1,-1.182872603,-1.284224336,2.102456875,0.3194688264,-0.02520522077,0.8111776995,0.4891779898
1577,52566666667,0,0,-1.184113168,-1.286897716,2.099567141,0.3181552587,-0.02576262103,0.8123977214,0.4879789555
1578,52600000000,0,0,-1.184739325,-1.288831446,2.097197349,0.3164742934,-0.02553768997,0.8132477896,0.4876677975
1579,52633333333,0,0,-1.185969474,-1.2918707,2.096767902,0.3157055214,-0.02601215685,0.8138751967,0.4870939905
1580,52666666667,0,0,-1.18859015,-1.293093951,2.095346812,0.3156659999,-0.02754585631,0.8134110453,0.4878100795
1581,52700000000,0,0,-1.18827549,-1.294237031,2.092411995,0.3142371674,-0.0290665233,0.8125060352,0.4901470011
1582,52733333333,0,0,-1.186572427,-1.294452554,2.088158588,0.3121799216,-0.03005783934,0.8128144414,0.490889913
1583,52766666667,0,0,-1.186646332,-1.296934825,2.085250977,0.3106537881,-0.03041030959,0.8142047994,0.4895303684
1584,52800000000,0,0,-1.186850956,-1.297636867,2.082179275,0.3093638418,-0.03024985462,0.8157003489,0.4878646333
1585,52833333333,0,1,-1.184287235,-1.302943746,2.073584932,0.3078438002,-0.0295206451,0.8173366959,0.4861290484
1586,52866666667,0,0,-1.186260077,-1.306773201,2.07484705,0.3072366142,-0.02843190151,0.8199656046,0.4821345219
1587,52900000000,0,0,-1.18710652,-1.308954331,2.07377815,0.307085833,-0.02767135414,0.8214775658,0.4796948991
1588,52933333333,0,0,-1.188473793,-1.311426282,2.071809582,0.3062159198,-0.0264237254,0.8228396227,0.4779838413
1589,52966666667,0,0,-1.189225029,-1.313879501,2.071689781,0.3050827165,-0.02512736691,0.8246854997,0.4755911881
1590,53000000000,0,0,-1.190479622,-1.315678253,2.07209639,0.3049977046,-0.0247294698,0.825820996,0.4736924489
1591,53033333333,0,0,-1.190968092,-1.316448886,2.071161868,0.305794414,-0.02546031531,0.8266493132,0.471691066
1592,53066666667,0,0,-1.191828971,-1.317277704,2.071373181,0.3066224032,-0.02709519742,0.8275419277,0.4694921832
1593,53100000000,0,0,-1.192247783,-1.317279582,2.070023398,0.3067137295,-0.02866615344,0.8278736881,0.4687537694
1594,53133333333,0,0,-1.191264752,-1.317932468,2.069366576,0.3056195843,-0.02821261289,0.828216328,0.4688906399
1595,53166666667,0,0,-1.191394153,-1.317641451,2.069629369,0.3053570041,-0.02669809441,0.8277735003,0.4699312121
1596,53200000000,0,0,-1.191639658,-1.316246808,2.070211256,0.3060688983,-0.02604336824,0.827017574,0.4708349017
1597,53233333333,0,0,-1.192144117,-1.314475107,2.067913867,0.3066493939,-0.02634180316,0.8259630831,0.4722893647
1598,53266666667,0,0,-1.191349769,-1.312585284,2.066628047,0.30588436,-0.02647985191,0.8255066393,0.4735740325
1599,53300000000,0,0,-1.189435385,-1.310765543,2.066225479,0.3049920266,-0.02684499004,0.8251730693,0.4747089802
1600,53333333333,0,0,-1.187776483,-1.309803205,2.065112108,0.3049050446,-0.02750589947,0.8250157346,0.4750003969
1601,53366666667,0,0,-1.186274412,-1.310007382,2.06482413,0.3046507721,-0.02774622074,0.8249364529,0.4752871795
1602,53400000000,0,0,-1.184768205,-1.307782425,2.065286164,0.3046105485,-0.02817005501,0.8246666486,0.4757560093
1603,53433333333,0,0,-1.183924818,-1.307028832,2.063319221,0.3047439449,-0.02866817979,0.8242957013,0.4762833824
1604,53466666667,0,0,-1.182438348,-1.304994676,2.061888737,0.3044093318,-0.02985372673,0.8246498148,0.4758113036
1605,53500000000,0,1,-1.1820595,-1.303733345,2.061185831,0.3039906624,-0.03135423562,0.8255315748,0.4744514813
1606,53533333333,0,0,-1.181150107,-1.30314813,2.06091605,0.3029543583,-0.03240306886,0.8267888498,0.4728518751
1607,53566666667,0,0,-1.180100786,-1.303013888,2.061166547,0.3016902953,-0.0327840216,0.8280573129,0.4714119856
1608,53600000000,0,0,-1.178348488,-1.302553704,2.061817852,0.3009493402,-0.03203688771,0.8290477177,0.4701946557
1609,53633333333,0,0,-1.176220832,-1.302490216,2.063107821,0.3009423823,-0.03004620731,0.8298002623,0.4690015273
1610,53666666667,0,0,-1.175520651,-1.30199642,2.06622843,0.3027233211,-0.02912066169,0.8301182636,0.4673480997
1611,53700000000,0,0,-1.173729323,-1.300758416,2.065689688,0.3045407659,-0.0288194313,0.8301128619,0.4661941642
1612,53733333333,0,0,-1.172847988,-1.299073652,2.066499001,0.3054530534,-0.02803179511,0.8308201066,0.464381956
1613,53766666667,0,0,-1.172160908,-1.297118319,2.067702437,0.3059586757,-0.02746719519,0.8314948531,0.462872716
1614,53800000000,0,0,-1.172214329,-1.295640602,2.069686429,0.3064816011,-0.02730634209,0.8317277993,0.4621171495
1615,53833333333,0,0,-1.171201978,-1.29337876,2.070600621,0.3065069978,-0.02707594514,0.8314866975,0.4625475385
1616,53866666667,0,0,-1.169950905,-1.291264358,2.072771195,0.3068572043,-0.02577093317,0.8307975758,0.4636269009
1617,53900000000,0,0,-1.169212279,-1.289020703,2.074840383,0.3081094173,-0.02403241049,0.8295245045,0.465166773
1618,53933333333,0,0,-1.169695549,-1.285824495,2.074540341,0.3098277195,-0.02246462282,0.8280924388,0.4666530164
1619,53966666667,0,0,-1.171265611,-1.282162987,2.074526471,0.3106758372,-0.02170004051,0.8270650524,0.4679455433
1620,54000000000,0,0,-1.171840061,-1.27900383,2.074166436,0.3108674069,-0.02169784532,0.8267686866,0.4683419667
1621,54033333333,0,0,-1.173557127,-1.276219007,2.074632633,0.3106548392,-0.02173810307,0.8267445269,0.4685237592
1622,54066666667,0,0,-1.17552403,-1.273549074,2.073594747,0.3097655665,-0.02105144408,0.8267216896,0.4691837363
1623,54100000000,0,0,-1.178021169,-1.271556805,2.075753253,0.3083380952,-0.01871987333,0.8269331453,0.4698497191
1624,54133333333,0,0,-1.179854974,-1.268142571,2.076572017,0.3081867238,-0.01738802311,0.8263114262,0.4710923762
1625,54166666667,0,1,-1.185738646,-1.261191296,2.082547743,0.3088376812,-0.0160949736,0.8266885571,0.4700492187
1626,54200000000,0,0,-1.187297839,-1.257818792,2.080480829,0.3077697033,-0.01479583142,0.8266548774,0.4708509391
1627,54233333333,0,0,-1.189309307,-1.256497047,2.082459375,0.3069004405,-0.0134675211,0.8281166214,0.4688854943
1628,54266666667,0,0,-1.191922541,-1.255194433,2.085532725,0.3081239986,-0.01379311024,0.8289554591,0.4665856818
1629,54300000000,0,0,-1.194148766,-1.254343281,2.086591195,0.3109568063,-0.01297039815,0.828553972,0.4654416707
1630,54333333333,0,0,-1.195999354,-1.25311534,2.088967655,0.3147775088,-0.01071657435,0.8276349418,0.4645650419
1631,54366666667,0,0,-1.199042252,-1.251361173,2.088783639,0.3190233244,-0.008359110325,0.8265088073,0.4637212904
1632,54400000000,0,0,-1.2030534,-1.249360999,2.089997005,0.322755009,-0.007196364163,0.8260898662,0.46190145
1633,54433333333,0,0,-1.207423071,-1.247498069,2.089529513,0.3253898055,-0.008191679634,0.8259763565,0.4602362755
1634,54466666667,0,0,-1.211935891,-1.246187299,2.090077786,0.3265689627,-0.009465511159,0.8262083391,0.4589584917
1635,54500000000,0,1,-1.220310941,-1.240583663,2.092089658,0.3281492179,-0.01107363412,0.826425871,0.4574010769
1636,54533333333,0,0,-1.224259966,-1.237862748,2.093807272,0.3288776902,-0.01479224045,0.8261290882,0.4573088498
1637,54566666667,0,0,-1.228153443,-1.234153788,2.095002013,0.3295160383,-0.01840669976,0.8249383857,0.4588649406
1638,54600000000,0,0,-1.230431026,-1.230379374,2.094129149,0.3303061955,-0.0218901866,0.8239850417,0.4598557251
1639,54633333333,0,0,-1.232916361,-1.226696682,2.095232743,0.3315113827,-0.02612623492,0.8238688617,0.4589746416
1640,54666666667,0,0,-1.236467751,-1.222459958,2.095197275,0.3327075821,-0.02915737539,0.8238207364,0.4580119066
1641,54700000000,0,0,-1.2393229,-1.218022713,2.09580622,0.333219059,-0.03019018872,0.8238708266,0.4574827563
1642,54733333333,0,0,-1.24185074,-1.213433705,2.096576611,0.3336122456,-0.02902217301,0.8237450251,0.4574983242
1643,54766666667,0,1,-1.247051418,-1.204389314,2.101227743,0.3354104447,-0.02699196571,0.8238336132,0.456146298
1644,54800000000,0,0,-1.25071474,-1.197840695,2.102943456,0.3366221476,-0.02539214136,0.8235981844,0.4557705558
1645,54833333333,0,0,-1.255055367,-1.191371629,2.105083379,0.3370129776,-0.02443300752,0.8235655853,0.4555930288
1646,54866666667,0,0,-1.259418792,-1.185076997,2.105949916,0.3365110861,-0.02254866613,0.8233374426,0.4564726741
1647,54900000000,0,0,-1.263040946,-1.178900308,2.109143095,0.3354054284,-0.02035823706,0.8234021952,0.4572718729
1648,54933333333,0,0,-1.266561539,-1.171996537,2.112828528,0.3350657449,-0.01890927641,0.8229626495,0.4583730613
1649,54966666667,0,0,-1.269756465,-1.165470191,2.115971238,0.3354820723,-0.01820429873,0.8221755677,0.4595081267
1650,55000000000,0,1,-1.27385303,-1.154285436,2.120937204,0.3371573417,-0.017970299,0.8213331187,0.4597976766
1651,55033333333,0,0,-1.27634929,-1.14759021,2.123010632,0.3388382107,-0.01752063048,0.819389531,0.4620416551
1652,55066666667,0,0,-1.277918443,-1.140981475,2.12619581,0.3408244399,-0.01494861248,0.8172117068,0.4645215458
1653,55100000000,0,0,-1.280949062,-1.134078227,2.130036369,0.3441198518,-0.01218220433,0.8146165352,0.4667258532
1654,55133333333,0,0,-1.284598326,-1.126303463,2.133309013,0.3482807308,-0.01066574225,0.8112152606,0.4695919244
1655,55166666667,0,0,-1.287948018,-1.119515282,2.131939783,0.3517304704,-0.008977844016,0.8077128367,0.4730803821
1656,55200000000,0,1,-1.290490546,-1.111874763,2.135240771,0.3536796539,-0.007982226366,0.8061224054,0.4743560413
1657,55233333333,0,0,-1.293191991,-1.105112676,2.136556895,0.3551442178,-0.007155870772,0.8040382299,0.4768059385
1658,55266666667,0,0,-1.295139541,-1.099296201,2.137635318,0.3560027194,-0.005668343246,0.8023826566,0.478969734
1659,55300000000,0,0,-1.296122136,-1.094180763,2.139119786,0.3567436753,-0.002072517872,0.8004023347,0.4817527971
1660,55333333333,0,0,-1.296956304,-1.089207461,2.141168416,0.3587946769,0.001145599819,0.7983490145,0.4836361427
1661,55366666667,0,0,-1.299414464,-1.085375552,2.14544686,0.3619180119,0.00239901153,0.7968099191,0.483842485
1662,55400000000,0,0,-1.301032726,-1.080737745,2.146913435,0.3652339595,0.001932041523,0.795462759,0.4835694584
1663,55433333333,0,1,-1.30103174,-1.077476697,2.150367517,0.3673572824,0.001412769726,0.7952682396,0.4822810988
1664,55466666667,0,0,-1.302659354,-1.074179952,2.152933892,0.3693229517,0.002641326249,0.7949386237,0.4813171151
1665,55500000000,0,0,-1.303907143,-1.070517861,2.156150977,0.370971137,0.003506817995,0.7948232711,0.4802333656
1666,55533333333,0,0,-1.305535332,-1.06719454,2.160151589,0.3723954142,0.004718196833,0.794220764,0.4801174567
1667,55566666667,0,0,-1.305550859,-1.0633979,2.161935168,0.3739908083,0.00653418001,0.7931718346,0.4805898674
1668,55600000000,0,0,-1.307003639,-1.060249234,2.16702237,0.3759345849,0.008493043121,0.7922722653,0.4805264963
1669,55633333333,0,0,-1.308532149,-1.055931361,2.169917391,0.3780635649,0.01043447938,0.7907469223,0.4813297907
1670,55666666667,0,0,-1.310783387,-1.052297258,2.174240706,0.3796339817,0.01222949882,0.7891109285,0.4827343181
1671,55700000000,0,1,-1.311266465,-1.049340357,2.178334198,0.3813709312,0.01171648847,0.7865728698,0.4855121596
1672,55733333333,0,0,-1.312130125,-1.044083205,2.181406533,0.3831415426,0.01101511404,0.7840691548,0.4881770029
1673,55766666667,0,0,-1.312824743,-1.039501247,2.184459238,0.3843836718,0.01061490693,0.7822109207,0.4901862831
1674,55800000000,0,0,-1.31399728,-1.035008554,2.187692114,0.3854488103,0.01052098666,0.7806744803,0.4917986166
1675,55833333333,0,0,-1.316388823,-1.031371146,2.192783576,0.3862846075,0.01066110586,0.7788954222,0.4939559333
1676,55866666667,0,0,-1.316343205,-1.026323496,2.193903974,0.3871910191,0.01137851459,0.7766055114,0.4968274588
1677,55900000000,0,1,-1.317722079,-1.023872819,2.197420668,0.3888200289,0.01043763203,0.7751357047,0.4978701439
1678,55933333333,0,0,-1.319293396,-1.018663885,2.201608098,0.391044998,0.008812520364,0.7734578399,0.4987676002
1679,55966666667,0,0,-1.320271264,-1.01411728,2.204209926,0.3927446143,0.006454135291,0.7726814356,0.4986716467
1680,56000000000,0,0,-1.323054058,-1.010849393,2.208033339,0.3944829711,0.004575740944,0.7722196264,0.4980352365
1681,56033333333,0,0,-1.325800047,-1.007561665,2.21255896,0.3965310077,0.002151898858,0.7710539599,0.4982311915
1682,56066666667,0,0,-1.328502069,-1.003587327,2.21694719,0.398571691,-0.0003886434809,0.7696043471,0.4988482786
1683,56100000000,0,0,-1.330616474,-1.000593961,2.219940314,0.4002071878,-0.002481840773,0.7680130623,0.4999839832
1684,56133333333,0,1,-1.332321107,-1.000089921,2.220405131,0.4021890557,-0.00531467606,0.7654163996,0.5023479401
1685,56166666667,0,0,-1.33507116,-0.9969662204,2.223757389,0.4037675693,-0.006869764851,0.7630616873,0.5046398892
1686,56200000000,0,0,-1.337507108,-0.9933150869,2.226235683,0.4046883344,-0.008772875805,0.760557852,0.5076437161
1687,56233333333,0,0,-1.339642268,-0.9906103514,2.228429448,0.4044476028,-0.01031006568,0.758778449,0.5104616581
1688,56266666667,0,0,-1.342155131,-0.9875846362,2.230676645,0.4044294205,-0.01263172064,0.7570353734,0.5130055818
1689,56300000000,0,0,-1.344645471,-0.983646528,2.232322265,0.4044813052,-0.01488304187,0.7558209031,0.5146922685
1690,56333333333,0,1,-1.347242386,-0.9818963513,2.233956299,0.4039267765,-0.01609105279,0.7550365915,0.5162402375
1691,56366666667,0,0,-1.350935673,-0.9817446248,2.234484204,0.4043183705,-0.01594551364,0.7530667908,0.518809025
1692,56400000000,0,0,-1.353663584,-0.9797822932,2.236286657,0.4054626106,-0.01613272934,0.7508656201,0.5210956026
1693,56433333333,0,0,-1.355856633,-0.9776083745,2.238002924,0.405800885,-0.0154929373,0.749380541,0.5229860566
1694,56466666667,0,0,-1.359467488,-0.9766137559,2.238398258,0.4059790231,-0.01446630464,0.7478981165,0.5249953963
1695,56500000000,0,0,-1.363816492,-0.9735467723,2.240028024,0.4067669268,-0.01476688461,0.7465145726,0.5263445632
1696,56533333333,0,0,-1.366066417,-0.970819076,2.241466192,0.4068036876,-0.01565206693,0.7460497143,0.52694933
1697,56566666667,0,0,-1.369107436,-0.9689941717,2.243352879,0.4064183568,-0.01655540424,0.7467080489,0.5262861651
1698,56600000000,0,1,-1.373967044,-0.9654862593,2.24423326,0.4073072946,-0.01741990781,0.7469864231,0.5251748264
1699,56633333333,0,0,-1.376187936,-0.9655865337,2.244159283,0.4079580842,-0.01877965258,0.7462185281,0.5257142136
1700,56666666667,0,0,-1.378501245,-0.9637666561,2.244223113,0.4090692369,-0.01972635949,0.745643796,0.5256315817
1701,56700000000,0,0,-1.380654349,-0.9640092471,2.245143232,0.4097756257,-0.02007404918,0.7453884162,0.5254303741
1702,56733333333,0,0,-1.382686317,-0.9636192635,2.246432935,0.4102495711,-0.02059450287,0.7447671971,0.5259210758
1703,56766666667,0,0,-1.384269095,-0.961797327,2.247912879,0.4101475142,-0.02093619803,0.744448372,0.5264383284
1704,56800000000,0,0,-1.385855594,-0.9609443274,2.24784906,0.4097348753,-0.02080108058,0.744564926,0.52660015
1705,56833333333,0,0,-1.388292712,-0.9607676842,2.249666089,0.409610236,-0.02114316131,0.7446367827,0.5265818865
1706,56866666667,0,0,-1.390610459,-0.9575910096,2.250142291,0.4102547936,-0.02147173682,0.7448761163,0.5257276294
1707,56900000000,0,0,-1.392208986,-0.9579068082,2.251353229,0.4103865723,-0.02207986804,0.7455506113,0.5246423798
1708,56933333333,0,0,-1.394290887,-0.9583504234,2.252311992,0.4107111141,-0.02272875993,0.7459335768,0.5238156958
1709,56966666667,0,0,-1.396179691,-0.9574691703,2.2528537,0.4113353598,-0.02377297026,0.7456717114,0.5236523336
1710,57000000000,0,0,-1.397289689,-0.9566523835,2.254074581,0.4114179988,-0.02444553958,0.7461101072,0.5229315001
1711,57033333333,0,0,-1.399611663,-0.9561117269,2.253430264,0.4116620523,-0.02499415636,0.7468353255,0.5216767614
1712,57066666667,0,0,-1.402357922,-0.9576461197,2.253937049,0.4116603162,-0.02538389903,0.7474339867,0.5208011878
1713,57100000000,0,0,-1.404128172,-0.9589253174,2.254504807,0.4120227088,-0.0265014463,0.7470803897,0.5209662678
1714,57133333333,0,1,-1.405239797,-0.9575897467,2.256863389,0.4116422585,-0.02700164192,0.7475423733,0.5205784882
1715,57166666667,0,0,-1.406977815,-0.9587187067,2.256714907,0.411035908,-0.02716713043,0.7476631646,0.5208754378
1716,57200000000,0,0,-1.408148791,-0.958966199,2.256849957,0.4104286818,-0.02721535061,0.7473632859,0.5217813151
1717,57233333333,0,0,-1.409545177,-0.9588836281,2.257271248,0.4096511753,-0.02634521057,0.7474442028,0.5223207904
1718,57266666667,0,0,-1.411022457,-0.9582745065,2.256745683,0.4089514836,-0.02528823067,0.7474324942,0.5229377171
1719,57300000000,0,0,-1.412444602,-0.9585388839,2.256977635,0.4081464381,-0.02430248063,0.7480043174,0.5227957686
1720,57333333333,0,0,-1.413730133,-0.9598460443,2.256962709,0.4074230197,-0.02416397389,0.7480640617,0.5232807516
1721,57366666667,0,0,-1.41453712,-0.957847636,2.257705883,0.405897377,-0.02299957064,0.7490103081,0.5231652679
1722,57400000000,0,0,-1.416849325,-0.9589336438,2.256192043,0.4050165172,-0.02249854057,0.7494382563,0.5232568551
1723,57433333333,0,0,-1.417887519,-0.9589165707,2.257215585,0.4036585862,-0.02325271261,0.7501647594,0.5232321577
1724,57466666667,0,0,-1.418252326,-0.9594263297,2.256223063,0.4010796091,-0.02324807643,0.7506819616,0.5244723697
1725,57500000000,0,0,-1.419369637,-0.961081846,2.254927957,0.3982121754,-0.02231458706,0.7504940617,0.526960896
1726,57533333333,0,0,-1.42064871,-0.9594024489,2.253483748,0.3965177025,-0.02061511924,0.74992002,0.5291206782
1727,57566666667,0,0,-1.422678986,-0.9580598485,2.25140461,0.3965062924,-0.01943481077,0.7498343584,0.5292952704
1728,57600000000,0,0,-1.423867801,-0.957913029,2.250592957,0.3969593847,-0.019393743,0.7502319046,0.5283930536
1729,57633333333,0,0,-1.425678768,-0.9564503802,2.251249473,0.3963607617,-0.01942568138,0.7515604675,0.5269512815
1730,57666666667,0,1,-1.427680534,-0.9580035472,2.249960984,0.3953242216,-0.01980786781,0.7523232187,0.5266271763
1731,57700000000,0,0,-1.429184921,-0.9586857328,2.249044893,0.3949207873,-0.02035003873,0.7519347669,0.5274633201
1732,57733333333,0,0,-1.429520743,-0.956983644,2.247992474,0.3942154445,-0.01983353842,0.7520424752,0.5278569215
1733,57766666667,0,0,-1.4321538,-0.9558412301,2.245829507,0.394222301,-0.01917635442,0.7521802653,0.527679726
1734,57800000000,0,0,-1.433961076,-0.9537063333,2.244967153,0.3937359925,-0.01992845988,0.7527148853,0.5272524312
1735,57833333333,0,0,-1.434370902,-0.9522566581,2.242603707,0.3921607951,-0.02065958988,0.7536772553,0.5270234216
1736,57866666667,0,0,-1.43674024,-0.9531047964,2.239770361,0.3908705233,-0.02066190071,0.7538541925,0.5277283167
1737,57900000000,0,0,-1.438455419,-0.951400692,2.237726365,0.3907147852,-0.02091190261,0.7533608153,0.5285377289
1738,57933333333,0,0,-1.438858493,-0.9500337545,2.236136055,0.3902409276,-0.02134406862,0.7532505131,0.5290275169
1739,57966666667,0,0,-1.440765984,-0.9498589474,2.233504069,0.389738966,-0.02107871849,0.7525134261,0.5304552475
1740,58000000000,0,0,-1.442473754,-0.9473828182,2.230394676,0.3893094804,-0.02018355792,0.7517284626,0.5319164136
1741,58033333333,0,0,-1.4434429,-0.9450701912,2.227189548,0.3889434682,-0.0191687729,0.7512741597,0.5328627155
1742,58066666667,0,1,-1.447817995,-0.9444696181,2.220071204,0.3901317549,-0.01800124237,0.7501088217,0.5336758612
1743,58100000000,0,0,-1.449673506,-0.9424515251,2.217363726,0.3912239065,-0.01847843109,0.7497392352,0.5333793038
1744,58133333333,0,0,-1.451527192,-0.9415173535,2.213721256,0.3933612243,-0.01965832204,0.7491689726,0.5325658158
1745,58166666667,0,0,-1.452606004,-0.9405972063,2.210520499,0.3961676062,-0.0213569469,0.7483475196,0.5315741704
1746,58200000000,0,0,-1.453329758,-0.9392759158,2.207215351,0.399357937,-0.02308612314,0.7476197542,0.5301367486
1747,58233333333,0,0,-1.454744459,-0.9387819242,2.204381643,0.4026530374,-0.02448973645,0.7467087002,0.5288637833
1748,58266666667,0,0,-1.456510466,-0.9370550264,2.201239888,0.4061802881,-0.02657337071,0.7451874199,0.5282112633
1749,58300000000,0,0,-1.45702235,-0.9371052256,2.201014952,0.4074852475,-0.02837366315,0.7446737037,0.5278368907
1750,58333333333,0,0,-1.457977055,-0.9375058325,2.19881673,0.4082664299,-0.02893755912,0.7427965142,0.5298438245
1751,58366666667,0,0,-1.458921432,-0.9340781142,2.193382618,0.4103971999,-0.02830626624,0.7401785605,0.5318915229
1752,58400000000,0,1,-1.462560007,-0.9313496444,2.188259454,0.4138460035,-0.02779440493,0.7381065126,0.5321256736
1753,58433333333,0,0,-1.464401571,-0.9294344345,2.185818268,0.4171043824,-0.02870063591,0.7369925792,0.531076403
1754,58466666667,0,0,-1.465763944,-0.9281822095,2.184818307,0.419078618,-0.03008962575,0.7364588997,0.530184888
1755,58500000000,0,0,-1.467420547,-0.927186192,2.181851296,0.4197300954,-0.03169121716,0.7355480916,0.5308402007
1756,58533333333,0,0,-1.468313538,-0.9250851671,2.178733934,0.4195276176,-0.03276142344,0.7349505344,0.5317621454
1757,58566666667,0,0,-1.468843679,-0.9237265819,2.175091668,0.4197945377,-0.03285374525,0.7342321047,0.5325376926
1758,58600000000,0,0,-1.471038274,-0.9226602272,2.170246036,0.4222520578,-0.03245626916,0.733272042,0.5319416347
1759,58633333333,0,0,-1.473630102,-0.9225523337,2.167995711,0.4259035961,-0.03321512144,0.7321934411,0.5304673857
1760,58666666667,0,0,-1.473553622,-0.920096857,2.166599723,0.4281087234,-0.03401884578,0.7318357663,0.529133301
1761,58700000000,0,0,-1.474456787,-0.9195427342,2.164822191,0.4283472009,-0.03364659932,0.7326911627,0.5277785917
1762,58733333333,0,1,-1.478509076,-0.9206550884,2.158079027,0.4298582447,-0.0333355825,0.7314985249,0.5282239453
1763,58766666667,0,0,-1.47911285,-0.9184851421,2.155502585,0.4310858265,-0.03338587104,0.7311656669,0.5276809276
1764,58800000000,0,0,-1.481400709,-0.9183071778,2.152615496,0.4329214397,-0.03296209717,0.7309066027,0.526562499
1765,58833333333,0,0,-1.483407077,-0.9182338665,2.150198791,0.4353904882,-0.03341639149,0.729535296,0.5263997715
1766,58866666667,0,0,-1.483624003,-0.9162254431,2.148119337,0.4371745563,-0.03359507097,0.7283816373,0.5265073304
1767,58900000000,0,0,-1.485273515,-0.9143146809,2.146502956,0.4382893098,-0.03338772429,0.7279315209,0.5262161548
1768,58933333333,0,0,-1.487256219,-0.9115898335,2.14514644,0.4391497749,-0.03362220145,0.7276308474,0.5258995842
1769,58966666667,0,0,-1.487942122,-0.9090330587,2.141989774,0.4397703091,-0.03434132894,0.7273559199,0.5257148601
1770,59000000000,0,0,-1.488884602,-0.9073087052,2.138501997,0.4406590952,-0.03465916103,0.7273585208,0.5249456035
1771,59033333333,0,0,-1.489770097,-0.9069933873,2.135675962,0.4419105844,-0.03458243839,0.7270345853,0.5243470245
1772,59066666667,0,0,-1.490410434,-0.9059070435,2.133814183,0.4431621714,-0.03389061194,0.7268249992,0.5236259513
1773,59100000000,0,0,-1.492144276,-0.904839936,2.132406943,0.4441746705,-0.03306734738,0.7266745964,0.523029104
1774,59133333333,0,0,-1.49389964,-0.903386963,2.131593427,0.4442581274,-0.03270897575,0.7269618894,0.5225813338
1775,59166666667,0,0,-1.494865562,-0.9023074774,2.130127566,0.4425110826,-0.03261642641,0.7273359267,0.5235480496
1776,59200000000,0,0,-1.494853322,-0.900634722,2.126995317,0.4406621598,-0.03182978857,0.7286335482,0.5233515817
1777,59233333333,0,0,-1.497083175,-0.9033436902,2.122802382,0.4408665957,-0.03078469247,0.7289842947,0.5227531402
1778,59266666667,0,1,-1.498359293,-0.9047012976,2.118583538,0.4424439298,-0.02989897346,0.7279154339,0.5229613193
1779,59300000000,0,0,-1.499117425,-0.9047449878,2.119334272,0.4428935474,-0.0286475252,0.7283413536,0.522056987
1780,59333333333,0,0,-1.499819129,-0.9056392925,2.118421438,0.4426809752,-0.02712313775,0.7282236866,0.5224826809
1781,59366666667,0,0,-1.501186079,-0.904853227,2.117760811,0.4425285706,-0.02570996297,0.7280011591,0.5229930921
1782,59400000000,0,0,-1.502777739,-0.9040191251,2.116577911,0.4424139413,-0.02469010673,0.7277047553,0.5235514227
1783,59433333333,0,0,-1.504088288,-0.902678145,2.115253769,0.4427650845,-0.02430685603,0.7274066014,0.5236868272
1784,59466666667,0,0,-1.505151841,-0.9019715487,2.114203843,0.4433109263,-0.02392110787,0.7273848233,0.5232728945
1785,59500000000,0,0,-1.506817539,-0.9027755902,2.112209208,0.4439049674,-0.02262127169,0.7265037771,0.5240504936
1786,59533333333,0,0,-1.508853259,-0.9023117666,2.111396217,0.4449507623,-0.02099305914,0.7252668597,0.5249438949
1787,59566666667,0,0,-1.511157006,-0.8997138424,2.110445823,0.4458881162,-0.01950833737,0.7244631836,0.5253154369
1788,59600000000,0,0,-1.512672195,-0.8977667573,2.109647417,0.4452385399,-0.01772468521,0.7248167351,0.525441889
1789,59633333333,0,0,-1.515232729,-0.8964813737,2.10725937,0.4441432262,-0.01555463552,0.7252499231,0.5258397066
1790,59666666667,0,0,-1.518852467,-0.8958640572,2.105090037,0.4441720908,-0.01389921084,0.725343581,0.525732494
1791,59700000000,0,0,-1.52143389,-0.8949618345,2.102095007,0.4451983703,-0.01251574333,0.7248851535,0.5255314276
1792,59733333333,0,0,-1.525820487,-0.8936951846,2.10039549,0.4471548642,-0.01132827545,0.7245148988,0.5244066732
1793,59766666667,0,0,-1.528650224,-0.89269917,2.097996125,0.4488299412,-0.01161509538,0.7238511819,0.5238857127
1794,59800000000,0,0,-1.532227536,-0.8896725158,2.095048269,0.4508686961,-0.0124533522,0.7236005615,0.5224601041
1795,59833333333,0,1,-1.537230533,-0.8886088831,2.09031859,0.4526776322,-0.013726575,0.723044364,0.5216333868
1796,59866666667,0,0,-1.539275361,-0.8873500718,2.086541156,0.4535916059,-0.01507647643,0.7228065569,0.5211314962
1797,59900000000,0,0,-1.542851245,-0.8859362337,2.081978782,0.4560638964,-0.01546016953,0.7225054178,0.5193771527
1798,59933333333,0,0,-1.546063375,-0.8855081526,2.07785111,0.4598481533,-0.01646739879,0.7220363563,0.5166546244
1799,59966666667,0,0,-1.549052348,-0.8842121908,2.074482767,0.4628359727,-0.0167110195,0.7220216699,0.5139925217
1800,60000000000,0,0,-1.552546331,-0.8836798584,2.071857641,0.4642646316,-0.01600689788,0.7227047681,0.5117616137
1801,60033333333,0,0,-1.557719999,-0.8843993243,2.06944584,0.4655726661,-0.01573811734,0.7223236441,0.5111193181
1802,60066666667,0,0,-1.561233814,-0.8829495846,2.064394619,0.4671278336,-0.01585047414,0.720835819,0.5117969047
1803,60100000000,0,0,-1.566310241,-0.8810055288,2.061591968,0.46874166,-0.01553943005,0.7201203846,0.5113378667
1804,60133333333,0,0,-1.571515942,-0.8785082208,2.057242233,0.4717788489,-0.01679285058,0.7188706725,0.5102623581
1805,60166666667,0,1,-1.57542259,-0.8765495845,2.050549826,0.4752928327,-0.01964074853,0.7173916528,0.5089795484
1806,60200000000,0,0,-1.578881792,-0.8751189935,2.047138999,0.4768002286,-0.02227211379,0.7175339667,0.5072578256
1807,60233333333,0,0,-1.583966292,-0.8749984201,2.043868639,0.4769376314,-0.02357440079,0.7179760368,0.5064436335
1808,60266666667,0,0,-1.588205744,-0.874159588,2.038257043,0.4772665019,-0.02357784474,0.7174334395,0.5069023883
1809,60300000000,0,0,-1.593226722,-0.8729873704,2.033383401,0.4781916216,-0.02259594935,0.7167055517,0.5071048691
1810,60333333333,0,0,-1.598889174,-0.8716377316,2.030087243,0.4799274354,-0.02241791212,0.7159048242,0.5066037669
1811,60366666667,0,0,-1.603605282,-0.8701620244,2.026512807,0.4810353514,-0.02330311782,0.7151351151,0.5066001604
1812,60400000000,0,0,-1.608727195,-0.8657462885,2.023778665,0.4812020624,-0.0239684756,0.7153066175,0.5061684802
1813,60433333333,0,0,-1.61394319,-0.8646771337,2.020273095,0.4808398493,-0.02511965332,0.7155652182,0.5060913561
1814,60466666667,0,0,-1.617675649,-0.863313346,2.015017523,0.4815527745,-0.02688608001,0.714402137,0.5069651376
1815,60500000000,0,1,-1.619321917,-0.8597338892,2.008015675,0.4830503651,-0.02835835756,0.7134769182,0.506763096
1816,60533333333,0,0,-1.623403112,-0.8593378432,2.00471849,0.4842155215,-0.02941124369,0.7136200141,0.505387755
1817,60566666667,0,0,-1.62681603,-0.8574378256,2.000862338,0.4857120236,-0.03016213281,0.7133722356,0.5042560156
1818,60600000000,0,0,-1.630324996,-0.8571046341,1.997287878,0.4866353896,-0.03072494518,0.7135443669,0.5030868829
1819,60633333333,0,0,-1.633238529,-0.8562373245,1.993142195,0.4871954875,-0.03070261774,0.7137590587,0.5022408908
1820,60666666667,0,0,-1.637234757,-0.8563113632,1.989676466,0.4875809679,-0.03000610332,0.714130705,0.5013798657
1821,60700000000,0,0,-1.64034028,-0.8569439246,1.98637192,0.4883783548,-0.0297183066,0.7140463131,0.5007407189
1822,60733333333,0,0,-1.643456321,-0.8559620885,1.982821173,0.4897148029,-0.02923725367,0.713926398,0.4996335588
1823,60766666667,0,0,-1.647206378,-0.856186141,1.980714325,0.4904839378,-0.02880172988,0.7140501748,0.4987266936
1824,60800000000,0,0,-1.650863142,-0.855691154,1.97861424,0.4909080704,-0.02848063032,0.7138935829,0.4985519757
1825,60833333333,0,1,-1.654935527,-0.8541544934,1.976850542,0.4916495714,-0.02845851418,0.7135838305,0.4982659218
1826,60866666667,0,0,-1.65883836,-0.8527540285,1.975252641,0.4925491498,-0.02873333439,0.7130454775,0.4981323896
1827,60900000000,0,0,-1.661940442,-0.8519501643,1.97355575,0.4935614081,-0.02970531455,0.7125059349,0.497845381
1828,60933333333,0,0,-1.666084874,-0.8509951018,1.971773614,0.4949021089,-0.03076725419,0.7119079854,0.4973050362
1829,60966666667,0,0,-1.669114469,-0.8500264368,1.970616032,0.4956860387,-0.03175939142,0.7116305417,0.496858797
1830,61000000000,0,0,-1.672992787,-0.8501195094,1.969537645,0.496198111,-0.03214886008,0.7112071559,0.4969288347
1831,61033333333,0,0,-1.67635403,-0.8485354273,1.967533379,0.4970123497,-0.03202487008,0.7102803599,0.4974484317
1832,61066666667,0,0,-1.679222546,-0.8465766065,1.965362647,0.4978385942,-0.03168949887,0.7095579339,0.497674641
1833,61100000000,0,0,-1.681991993,-0.8461263852,1.963265664,0.4985420544,-0.03162891799,0.7088043838,0.4980479667
1834,61133333333,0,0,-1.685280468,-0.8447424935,1.961528993,0.4996028217,-0.03152765857,0.7084103825,0.4975517634
1835,61166666667,0,0,-1.688245382,-0.8432152977,1.959679051,0.5006931283,-0.03163408124,0.7080447029,0.496969189
1836,61200000000,0,0,-1.691057708,-0.8431877536,1.957593901,0.5014914157,-0.03165330372,0.7078382337,0.4964569097
1837,61233333333,0,1,-1.692474982,-0.8428165287,1.954832082,0.502550839,-0.03151187774,0.7071241668,0.4964121962
1838,61266666667,0,0,-1.696045772,-0.8428234741,1.953262671,0.503785114,-0.03057651008,0.7062299929,0.4964925308
1839,61300000000,0,0,-1.698928794,-0.8422200603,1.952855819,0.5051587444,-0.02944858888,0.705126171,0.4967338387
1840,61333333333,0,0,-1.702461188,-0.8412682508,1.951552878,0.5071798402,-0.02859266098,0.7033728114,0.4972099733
1841,61366666667,0,0,-1.704904069,-0.838810916,1.949994469,0.5091543343,-0.02836817338,0.701705527,0.4975605129
1842,61400000000,0,0,-1.707002987,-0.836848196,1.947764902,0.5105725796,-0.02798209223,0.7008917501,0.4972759778
1843,61433333333,0,0,-1.710133823,-0.8365468223,1.947177681,0.5119500133,-0.02757841693,0.7000654867,0.4970462042
1844,61466666667,0,0,-1.712131324,-0.8352214397,1.944660313,0.5139203526,-0.02727576191,0.6988119838,0.4967934332
1845,61500000000,0,0,-1.715320829,-0.8342096056,1.944475218,0.5155497119,-0.02736816675,0.698161149,0.4960146046
1846,61533333333,0,0,-1.717562633,-0.8332368336,1.944304461,0.5161547465,-0.02748597335,0.6978604785,0.4958019276
1847,61566666667,0,0,-1.720083803,-0.8320902275,1.943475149,0.5164464174,-0.02766612639,0.6977550728,0.4956365017
1848,61600000000,0,0,-1.722133292,-0.831402878,1.941755752,0.5166123307,-0.02753851842,0.6976193847,0.495661703
1849,61633333333,0,0,-1.724312714,-0.8312548896,1.93990113,0.517174598,-0.02747391685,0.6972170886,0.4956449842
1850,61666666667,0,0,-1.725452861,-0.8298041578,1.936642887,0.5192273781,-0.02781374283,0.6959692617,0.4952333918
1851,61700000000,0,1,-1.727602039,-0.8281869904,1.93538771,0.5214194116,-0.02857954197,0.6953489479,0.4937558583
1852,61733333333,0,0,-1.730005771,-0.8273843417,1.935643708,0.5222848355,-0.02999743823,0.6954727115,0.492581376
1853,61766666667,0,0,-1.731897938,-0.8263725511,1.934709986,0.5218785581,-0.0317603601,0.6958789045,0.4923277367
1854,61800000000,0,0,-1.732871335,-0.8247625607,1.9329058,0.5199818267,-0.03252449615,0.6969109115,0.4928247542
1855,61833333333,0,0,-1.734304293,-0.8242402762,1.928732364,0.518747755,-0.03241229196,0.6971862539,0.4937423795
1856,61866666667,0,0,-1.735505222,-0.8224107386,1.924518373,0.5193954435,-0.03237102187,0.6971581731,0.493103409
1857,61900000000,0,0,-1.736938111,-0.8207043783,1.9213627,0.5200902804,-0.03259783027,0.6981648983,0.490926936
1858,61933333333,0,0,-1.740500665,-0.8202239066,1.920611267,0.5191777819,-0.03306923783,0.7000001227,0.4892450148
1859,61966666667,0,0,-1.741764971,-0.8197097027,1.91715035,0.517140268,-0.033482614,0.7010207,0.4899130902
1860,62000000000,0,0,-1.743044189,-0.8199288655,1.913634555,0.5143667364,-0.03266028414,0.7020190745,0.4914563921
1861,62033333333,0,0,-1.744885003,-0.8187537048,1.909034124,0.5127184576,-0.03113734871,0.7018324503,0.4935397252
1862,62066666667,0,0,-1.746214843,-0.8160755509,1.904857724,0.5114523136,-0.02964267474,0.7020281823,0.4946658205
1863,62100000000,0,1,-1.749036171,-0.8135344307,1.898548292,0.5103580171,-0.02832474352,0.7020224669,0.495879884
1864,62133333333,0,0,-1.749794319,-0.8111990958,1.893290018,0.5096303189,-0.02811547606,0.7020848869,0.4965513766
1865,62166666667,0,0,-1.750513532,-0.8101222351,1.887383353,0.5089227217,-0.02766044797,0.7023190272,0.4969713744
1866,62200000000,0,0,-1.752001859,-0.8091912142,1.881585613,0.5093051595,-0.02701665112,0.7017034816,0.49748425
1867,62233333333,0,0,-1.753352799,-0.8054293859,1.877249545,0.5103545998,-0.02740000976,0.7017524922,0.4963172993
1868,62266666667,0,0,-1.754783209,-0.8031653576,1.872811513,0.5103027539,-0.02880635064,0.7027686728,0.4948509736
1869,62300000000,0,0,-1.754836815,-0.8019355112,1.866937199,0.5091664563,-0.0296686797,0.7035609712,0.4948446716
1870,62333333333,0,0,-1.756228409,-0.8026751172,1.859387228,0.5087292473,-0.02990291923,0.7032242538,0.4957580228
1871,62366666667,0,0,-1.756048719,-0.8019349264,1.853475482,0.5091864638,-0.02988047208,0.7016550184,0.4975103392
1872,62400000000,0,0,-1.755115619,-0.8003788617,1.845324705,0.5101980069,-0.02831133163,0.6995347076,0.4995474503
1873,62433333333,0,1,-1.755443931,-0.7954899425,1.835459049,0.5130509384,-0.02692483326,0.6974173066,0.4996627746
1874,62466666667,0,0,-1.755098187,-0.7929194039,1.827832786,0.516338056,-0.026754715,0.6958833959,0.4984230096
1875,62500000000,0,0,-1.754928374,-0.7896213305,1.820843714,0.5196380855,-0.02670048603,0.6955902318,0.4953963802
1876,62533333333,0,0,-1.754606398,-0.7881540071,1.8132358,0.5219025795,-0.02697420633,0.6958829945,0.4925819198
1877,62566666667,0,0,-1.755369206,-0.7878142213,1.808384214,0.5221844876,-0.02686040144,0.6968619467,0.4909025433
1878,62600000000,0,0,-1.755226031,-0.7863733642,1.800364436,0.522019287,-0.02608271138,0.6972325376,0.4905938693
1879,62633333333,0,0,-1.755381574,-0.7847127029,1.792612071,0.521721257,-0.02527793006,0.6974313545,0.4906704209
1880,62666666667,0,1,-1.755930858,-0.7807342828,1.784286543,0.5223689645,-0.02476353689,0.6974762861,0.4899431217
1881,62700000000,0,0,-1.756235693,-0.7779900881,1.776609226,0.5231745081,-0.02541776106,0.6980812454,0.4881853606
1882,62733333333,0,0,-1.756912147,-0.7763025526,1.770154062,0.5242217314,-0.02744149994,0.6992019809,0.4853402212
1883,62766666667,0,0,-1.755859068,-0.7746667276,1.762630409,0.5251310346,-0.0296418322,0.7004349657,0.4824413095
1884,62800000000,0,0,-1.754877066,-0.7755328739,1.755130736,0.5255190738,-0.03000408384,0.7010761169,0.4810631313
1885,62833333333,0,0,-1.753420593,-0.7749209665,1.747871837,0.5263203344,-0.02811057499,0.6998318621,0.4821120886
1886,62866666667,0,1,-1.752396518,-0.7708218424,1.73843509,0.5281833657,-0.02393508164,0.6979133328,0.4830801424
1887,62900000000,0,0,-1.753211867,-0.76959115,1.733136135,0.5300566803,-0.02087149245,0.6964325283,0.4833073867
1888,62933333333,0,0,-1.75294686,-0.7667210173,1.728833944,0.5314838013,-0.01936289837,0.6956221582,0.4829698336
1889,62966666667,0,0,-1.751946137,-0.7632474753,1.723455636,0.5314793502,-0.01767347158,0.6960463288,0.4824280847
1890,63000000000,0,0,-1.752161951,-0.7621646631,1.717414001,0.5318052279,-0.01691393609,0.6965318909,0.4813942701
1891,63033333333,0,0,-1.75113143,-0.7608341343,1.711706141,0.5330247537,-0.01684549083,0.6963115687,0.4803655283
1892,63066666667,0,0,-1.750753096,-0.7599934822,1.70712682,0.5344556284,-0.01607904072,0.6956793491,0.4797175095
1893,63100000000,0,0,-1.750989977,-0.7585691472,1.702404318,0.5366262827,-0.01469167287,0.6942213811,0.4794507915
1894,63133333333,0,0,-1.750640244,-0.7570391633,1.698477958,0.5384838393,-0.01386568904,0.6928308276,0.4794041529
1895,63166666667,0,1,-1.750870693,-0.7535531583,1.692119667,0.5410904066,-0.01283884851,0.691612003,0.4782563884
1896,63200000000,0,0,-1.751614548,-0.7524623587,1.687803421,0.5436974442,-0.01245055951,0.690571308,0.4768116413
1897,63233333333,0,0,-1.752521589,-0.7511999842,1.684653386,0.5464118144,-0.0125891204,0.689265259,0.4755933619
1898,63266666667,0,0,-1.751912044,-0.749335851,1.680441416,0.5489279276,-0.01234812481,0.6877052269,0.4749601825
1899,63300000000,0,0,-1.753141545,-0.7482241501,1.676308556,0.5523654645,-0.01248297257,0.686003596,0.4734296519
1900,63333333333,0,0,-1.753399897,-0.7463107296,1.672129375,0.5566115185,-0.01328423787,0.6838281534,0.4715784166
1901,63366666667,0,0,-1.75409042,-0.744249737,1.668608871,0.5601082565,-0.01322331973,0.6818443436,0.4703107227
1902,63400000000,0,0,-1.755220194,-0.7420656461,1.663535759,0.5638575381,-0.01262117493,0.679511529,0.4692221911
1903,63433333333,0,1,-1.757814741,-0.742684829,1.66015093,0.5675634086,-0.01275396755,0.6769035649,0.468519666
1904,63466666667,0,0,-1.758619065,-0.7396709522,1.656278145,0.5722212866,-0.0134864946,0.6739005827,0.4671604845
1905,63500000000,0,0,-1.759938118,-0.7375482014,1.652677845,0.5763550854,-0.01396038673,0.6718129142,0.4650670183
1906,63533333333,0,0,-1.762126116,-0.7352197542,1.648503141,0.58121123,-0.01540771967,0.6696567995,0.4620777847
1907,63566666667,0,0,-1.763927161,-0.7340230425,1.644392397,0.5859126906,-0.01716800757,0.6676780583,0.4589309196
1908,63600000000,0,0,-1.76609672,-0.7326938992,1.639308141,0.5902056129,-0.01802078002,0.6652989464,0.4568477842
1909,63633333333,0,0,-1.769667573,-0.7324640433,1.635449881,0.5940885925,-0.0182489769,0.6624690318,0.4559172085
1910,63666666667,0,0,-1.772029749,-0.7308431237,1.630952169,0.598102015,-0.01846787882,0.6588217682,0.4559460438
1911,63700000000,0,1,-1.771955992,-0.7274795088,1.622632506,0.6024699295,-0.01854184497,0.6548832746,0.455866297
1912,63733333333,0,0,-1.775422363,-0.725310357,1.618469397,0.6066337906,-0.0193818779,0.6524862231,0.4537416837
1913,63766666667,0,0,-1.777490323,-0.7222543469,1.613108894,0.6101481854,-0.02012033691,0.6505288991,0.4518036247
1914,63800000000,0,0,-1.780432297,-0.7209617712,1.607459453,0.6130941425,-0.02047704427,0.6489875841,0.4500126429
1915,63833333333,0,0,-1.78375388,-0.7194472392,1.60199656,0.6164475671,-0.02076018594,0.6474731891,0.4475934328
1916,63866666667,0,0,-1.788666432,-0.7194009205,1.597684723,0.6199027949,-0.02130077609,0.6457363493,0.4452991904
1917,63900000000,0,0,-1.791305263,-0.7171781696,1.592256161,0.6232828248,-0.02140423636,0.643531048,0.4437658947
1918,63933333333,0,0,-1.795562871,-0.7157951441,1.586908412,0.6262295115,-0.02089440257,0.6416979436,0.4422937622
1919,63966666667,0,1,-1.798034837,-0.7153507696,1.582068011,0.6284695823,-0.02096521588,0.6400533165,0.4414954087
1920,64000000000,0,0,-1.803537732,-0.7132251975,1.578690087,0.630288831,-0.02136772163,0.639255776,0.4400357518
1921,64033333333,0,0,-1.806749843,-0.7108937983,1.57413274,0.6307484999,-0.02133084749,0.6387604091,0.4400982441
1922,64066666667,0,0,-1.810551298,-0.7099531414,1.568359747,0.6309661683,-0.02075801094,0.6379694044,0.4409601325
1923,64100000000,0,0,-1.814004691,-0.7082433844,1.562896804,0.6326671589,-0.02096399668,0.6364644767,0.440687811
1924,64133333333,0,0,-1.817392051,-0.7063048695,1.55852535,0.6352548384,-0.02273015447,0.6351948781,0.4387050229
1925,64166666667,0,0,-1.8211301,-0.7041806224,1.55404345,0.6374634311,-0.02471481029,0.6349618154,0.4357212929
1926,64200000000,0,0,-1.827219971,-0.7028252143,1.550534058,0.6388493642,-0.02714545059,0.6353326043,0.4329978018
1927,64233333333,0,1,-1.829125238,-0.7006900853,1.544471273,0.6390929978,-0.02956461717,0.6353109861,0.4325112999
1928,64266666667,0,0,-1.831761191,-0.699125065,1.538176489,0.6394110488,-0.03150254634,0.6351475622,0.4321442752
1929,64300000000,0,0,-1.834760315,-0.6998922983,1.532538964,0.6408188137,-0.03369141429,0.6340785722,0.4314632092
1930,64333333333,0,0,-1.838109257,-0.6994071611,1.527355158,0.6428061565,-0.03501566968,0.6322704888,0.4310547262
1931,64366666667,0,0,-1.840459381,-0.6966492507,1.521888456,0.6451585559,-0.03513547066,0.6305180682,0.430096387
1932,64400000000,0,0,-1.844985325,-0.6950961176,1.517896711,0.6470915674,-0.03542439313,0.6295254439,0.4286202647
1933,64433333333,0,0,-1.849735212,-0.6923543524,1.513316818,0.6485775671,-0.03614478807,0.6285899439,0.427686072
1934,64466666667,0,0,-1.85194536,-0.6904426386,1.508394678,0.649218591,-0.03677761387,0.6280965791,0.4273842715
1935,64500000000,0,1,-1.854880603,-0.688979386,1.504387862,0.6499578265,-0.03787268386,0.627802232,0.4265968133
1936,64533333333,0,0,-1.857631794,-0.6859668326,1.500146736,0.6505190953,-0.03912256028,0.6279932625,0.4253454998
1937,64566666667,0,0,-1.859562489,-0.6833117991,1.495420667,0.6499800717,-0.03916702021,0.6284009091,0.4255633306
1938,64600000000,0,0,-1.861690299,-0.6829501359,1.490697839,0.6487794667,-0.03817268489,0.6285459062,0.4272681752
1939,64633333333,0,0,-1.862663493,-0.6810965948,1.486367814,0.6479871085,-0.0372490235,0.62837581,0.4287995556
1940,64666666667,0,0,-1.862999889,-0.6773809898,1.482439798,0.6466964743,-0.03554663831,0.629054529,0.4298959247
1941,64700000000,0,0,-1.863408669,-0.6757847205,1.47768928,0.6445589356,-0.03325272202,0.6305524679,0.4310935169
1942,64733333333,0,0,-1.861257438,-0.6755260779,1.471823697,0.6423178217,-0.03069839182,0.6317069614,0.4329338743
1943,64766666667,0,0,-1.861250672,-0.6756127232,1.466484952,0.6413985207,-0.02807768271,0.6325152359,0.4332944238
1944,64800000000,0,0,-1.862143906,-0.6753486183,1.462245048,0.6424457067,-0.02733597529,0.6327676975,0.4314177781
1945,64833333333,0,1,-1.859152004,-0.6717121559,1.4573397,0.6441456306,-0.02774734526,0.6331179691,0.4283317973
1946,64866666667,0,0,-1.858434865,-0.6731118503,1.454239091,0.6435735279,-0.02727549434,0.6352461573,0.4260651139
1947,64900000000,0,0,-1.860026669,-0.677526915,1.451488545,0.6420251111,-0.02782993835,0.6364664338,0.4265439367
1948,64933333333,0,0,-1.863907192,-0.6838403007,1.450211387,0.6403506892,-0.03048040286,0.6360697571,0.429461528
1949,64966666667,0,0,-1.856710149,-0.6819090262,1.444844928,0.6397933854,-0.03382043106,0.6330841977,0.4344249085
1950,65000000000,0,0,-1.851100933,-0.6857634433,1.438194891,0.6388569821,-0.03481429377,0.6300338327,0.4401216776
1951,65033333333,0,1,-1.844135957,-0.686950548,1.430599985,0.6403710367,-0.03528388955,0.6234087923,0.447259947
1952,65066666667,0,0,-1.834943617,-0.6818941992,1.426090406,0.6433427723,-0.03556962967,0.6177726253,0.4507791723
1953,65100000000,0,0,-1.829486708,-0.6786119143,1.422661279,0.6452493072,-0.03502367422,0.6159046013,0.4506530771
1954,65133333333,0,0,-1.82403988,-0.6759672299,1.418870035,0.6458407317,-0.03509855482,0.6160850113,0.44955211
1955,65166666667,0,0,-1.821765628,-0.6747811661,1.416257917,0.6452986968,-0.03633167928,0.618903337,0.4463499304
1956,65200000000,0,0,-1.816631204,-0.677647539,1.412400992,0.6432171181,-0.03905811534,0.6219022554,0.4449536913
1957,65233333333,0,1,-1.807831566,-0.6833620452,1.403336084,0.6410593926,-0.04104959257,0.6223909068,0.4471994468
1958,65266666667,0,0,-1.801173477,-0.686380199,1.397767163,0.640136429,-0.04153549899,0.6220961736,0.4488836212
1959,65300000000,0,0,-1.795223877,-0.6872838107,1.393225586,0.6412003544,-0.04286010363,0.6213415773,0.448285357
1960,65333333333,0,0,-1.788511527,-0.6894129482,1.388442632,0.6416754673,-0.04423457322,0.6206172972,0.4484752699
1961,65366666667,0,0,-1.781193021,-0.6907715371,1.383651826,0.641850801,-0.04371865124,0.6201093899,0.4489772525
1962,65400000000,0,0,-1.77586979,-0.6924398738,1.379826539,0.6417976555,-0.04327804403,0.6204521172,0.4486222805
1963,65433333333,0,1,-1.763704481,-0.6991506992,1.370335218,0.6409155918,-0.04389488654,0.6193940426,0.4512775899
1964,65466666667,0,0,-1.75749529,-0.7021521072,1.365579887,0.6406818403,-0.04181667745,0.6190791962,0.4522378731
1965,65500000000,0,0,-1.749440365,-0.7031097446,1.360891965,0.6407350395,-0.03968187641,0.6191346466,0.4522789485
1966,65533333333,0,0,-1.744092286,-0.7080854307,1.356532751,0.6404346042,-0.03793919627,0.619214089,0.4527450134
1967,65566666667,0,0,-1.738142231,-0.7079674522,1.353614114,0.6409783372,-0.03856762711,0.6193831807,0.451689921
1968,65600000000,0,0,-1.729918029,-0.7109530334,1.348296092,0.6409095649,-0.03864064003,0.6199546405,0.4509967563
1969,65633333333,0,1,-1.722602385,-0.717180398,1.341419949,0.6411308212,-0.03931935288,0.6190536903,0.4518603624
1970,65666666667,0,0,-1.716107129,-0.7170504022,1.338099525,0.6409440513,-0.04039435242,0.6185849925,0.4526716541
1971,65700000000,0,0,-1.707921379,-0.7198495112,1.332347665,0.6400292305,-0.0396489392,0.6181659227,0.4546003056
1972,65733333333,0,0,-1.704193208,-0.7228820382,1.3287062,0.6393048334,-0.04047541072,0.6181400736,0.4555808605
1973,65766666667,0,0,-1.695317008,-0.7198590164,1.324602346,0.6378779996,-0.04191213097,0.619322773,0.4558446376
1974,65800000000,0,0,-1.686271673,-0.7196807318,1.319969526,0.6354598448,-0.04077963343,0.6232084543,0.4540253623
1975,65833333333,0,1,-1.680193029,-0.7274313802,1.31222791,0.6332270327,-0.04142971494,0.6266413303,0.4523579853
1976,65866666667,0,0,-1.675498668,-0.7306680224,1.307770014,0.6313856596,-0.04290928572,0.6291314628,0.4513363985
1977,65900000000,0,0,-1.667978418,-0.7337429609,1.301327931,0.6311770295,-0.0433166923,0.6301551862,0.4501595971
1978,65933333333,0,0,-1.66639306,-0.7415586224,1.29749111,0.6312651368,-0.0447297974,0.6299800324,0.4501430117
1979,65966666667,0,0,-1.656936715,-0.7418293878,1.291538224,0.6313394439,-0.04424838535,0.6276822137,0.4532853687
1980,66000000000,0,0,-1.652625317,-0.7460430188,1.285593186,0.6323411976,-0.04277676736,0.6246350044,0.4562300618
1981,66033333333,0,1,-1.647950869,-0.751436448,1.278390307,0.6336503454,-0.04496434895,0.6204746636,0.4598658924
1982,66066666667,0,0,-1.640287471,-0.7521168729,1.272608225,0.6328979744,-0.04502993665,0.6155849309,0.4674052327
1983,66100000000,0,0,-1.631310949,-0.7486691156,1.266851728,0.6318022901,-0.04095582116,0.6112679089,0.474868435
1984,66133333333,0,0,-1.625844376,-0.7455962289,1.263357717,0.6292414447,-0.03572196278,0.6105376743,0.4796070203
1985,66166666667,0,0,-1.621728936,-0.7418431595,1.259773967,0.6257295524,-0.03139662877,0.6134119278,0.4808353
1986,66200000000,0,0,-1.618852583,-0.7452327488,1.253520844,0.6209635355,-0.03036906575,0.6178430579,0.4814062351
1987,66233333333,0,1,-1.609865971,-0.7438563463,1.241953171,0.6177656289,-0.03230814364,0.6193024812,0.4835144759
1988,66266666667,0,0,-1.598321462,-0.7455177906,1.233849298,0.6160252077,-0.02991875047,0.6217285471,0.4827747152
1989,66300000000,0,0,-1.595766208,-0.7479234068,1.227986708,0.6167274272,-0.02652222659,0.6236547684,0.4795816738
1990,66333333333,0,0,-1.589617068,-0.7490229502,1.221633472,0.6178569688,-0.02179865245,0.6248274603,0.476831448
1991,66366666667,0,0,-1.588780716,-0.7523385351,1.216663,0.6205058519,-0.01829803953,0.6261650154,0.4717573984
1992,66400000000,0,0,-1.587509016,-0.7520897541,1.213649888,0.6223370427,-0.01824908652,0.6278803156,0.4670437725
1993,66433333333,0,1,-1.582222507,-0.7556820738,1.205601494,0.6224831171,-0.02029851656,0.6285402984,0.46587534
1994,66466666667,0,0,-1.580683326,-0.7582351905,1.200167444,0.6224380319,-0.02281074672,0.6293998609,0.464657273
1995,66500000000,0,0,-1.580616942,-0.7609170463,1.195445913,0.6223063116,-0.0270119802,0.6289945934,0.4651569724
1996,66533333333,0,0,-1.573416565,-0.7583968653,1.190268554,0.6236842371,-0.03276918661,0.6276255141,0.4647906698
1997,66566666667,0,0,-1.565671705,-0.7575268718,1.183566209,0.6252086716,-0.03641667967,0.6272001466,0.4630420268
1998,66600000000,0,0,-1.560817769,-0.7577801259,1.178020698,0.6260674681,-0.03841928048,0.6277720449,0.4609400654
1999,66633333333,0,1,-1.554344489,-0.756971777,1.169644722,0.6267014463,-0.03973512575,0.6287025473,0.4586932788
2000,66666666667,0,0,-1.549665068,-0.7573353781,1.164301605,0.6274399868,-0.04203658242,0.6307793568,0.4546090537
2001,66700000000,0,0,-1.54429427,-0.7580326656,1.158027775,0.6277170487,-0.04305275321,0.6333298332,0.4505675194
2002,66733333333,0,0,-1.544075876,-0.7627618551,1.15210538,0.6270790172,-0.04287128351,0.6359516331,0.4477716823
2003,66766666667,0,0,-1.547662117,-0.7664330904,1.148743755,0.6278200842,-0.04542141683,0.6365246889,0.4456626046
2004,66800000000,0,0,-1.546083467,-0.7667854484,1.143823161,0.6303591483,-0.05295140398,0.6342937537,0.4444265147
2005,66833333333,0,1,-1.53787003,-0.7669080748,1.135835254,0.6318341236,-0.06027620077,0.6315238458,0.4453426232
2006,66866666667,0,0,-1.533864937,-0.7676161076,1.130375273,0.6307613511,-0.06508881496,0.6302628666,0.4479646003
2007,66900000000,0,0,-1.529442156,-0.7693771151,1.126479746,0.6298227575,-0.07050481866,0.6288186784,0.4504879958
2008,66933333333,0,0,-1.524630343,-0.7703152619,1.122563851,0.6307046965,-0.07693967603,0.6265545323,0.4513549492
2009,66966666667,0,0,-1.518827684,-0.7719522655,1.118551461,0.6320687915,-0.08366657767,0.6237369067,0.4521517642
2010,67000000000,0,0,-1.513705518,-0.7726097095,1.114526489,0.6333743354,-0.08954100232,0.6207345776,0.4533298406
2011,67033333333,0,1,-1.504480962,-0.771204152,1.110266016,0.6331438972,-0.09335837393,0.6187294538,0.4556170349
2012,67066666667,0,0,-1.496511867,-0.7705427312,1.106131457,0.6318262988,-0.09426725942,0.6188348124,0.457113429
2013,67100000000,0,0,-1.493133238,-0.773673952,1.101839506,0.6305823284,-0.09409345989,0.6193991295,0.4581015894
2014,67133333333,0,0,-1.487007834,-0.7767255871,1.099053405,0.6302116622,-0.09559683145,0.6190223506,0.45880915
2015,67166666667,0,0,-1.480251393,-0.7802205026,1.095119219,0.6305757584,-0.09608496522,0.6184143939,0.4590267201
2016,67200000000,0,0,-1.474219633,-0.7831505216,1.092427206,0.6319033317,-0.09619391581,0.6176859082,0.4581583011
2017,67233333333,0,1,-1.46733978,-0.7875871979,1.090863716,0.6331665074,-0.09657912338,0.6177302156,0.4562696873
2018,67266666667,0,0,-1.463016971,-0.791193993,1.088292537,0.634539786,-0.09732493206,0.6180804642,0.4537220044
2019,67300000000,0,0,-1.458377067,-0.793138875,1.086558647,0.6346756544,-0.100031558,0.6189667726,0.4517307113
2020,67333333333,0,0,-1.451039213,-0.7959213434,1.084147469,0.6329547267,-0.1020352473,0.6200899558,0.4521565756
2021,67366666667,0,0,-1.444484766,-0.8010305267,1.082289358,0.6314568829,-0.1032815307,0.6212019798,0.4524414113
2022,67400000000,0,0,-1.441841838,-0.8044632954,1.08041631,0.6308754596,-0.104604865,0.6216523836,0.4523298473
2023,67433333333,0,1,-1.435811492,-0.8106967332,1.078825186,0.6290650705,-0.1058710401,0.6214124895,0.4548790805
2024,67466666667,0,0,-1.431012647,-0.8164703897,1.077743473,0.6274961531,-0.1050935951,0.6200962223,0.4590039097
2025,67500000000,0,0,-1.424718911,-0.81901668,1.076622407,0.627777251,-0.1041789661,0.6177169928,0.4620261714
2026,67533333333,0,0,-1.416880424,-0.8225832647,1.074937668,0.6291570883,-0.1048592473,0.6158825954,0.4624440779
2027,67566666667,0,0,-1.411910537,-0.8268793842,1.0743827,0.6301834005,-0.1059465758,0.6152845963,0.4615940537
2028,67600000000,0,0,-1.406436074,-0.8310303544,1.073142665,0.6305980613,-0.1081248064,0.6150303273,0.460860942
2029,67633333333,0,1,-1.401136195,-0.8353230074,1.071766256,0.6314045409,-0.110579922,0.6148457045,0.4594182693
2030,67666666667,0,0,-1.396769536,-0.8398051594,1.070794097,0.6327512931,-0.1126322627,0.6143816834,0.4576843034
2031,67700000000,0,0,-1.391721549,-0.8446158721,1.070165444,0.6337131652,-0.114483362,0.6134269279,0.4571745708
2032,67733333333,0,0,-1.386020695,-0.8487010309,1.070504777,0.634943953,-0.1162894233,0.6120479301,0.4568591444
2033,67766666667,0,0,-1.379281388,-0.851073855,1.069156367,0.6360605623,-0.117282802,0.6109265024,0.4565528602
2034,67800000000,0,0,-1.374089414,-0.8558360657,1.068692823,0.6359374203,-0.1176469237,0.6106292395,0.4570281509
2035,67833333333,0,1,-1.370471027,-0.8600841276,1.069222574,0.6356512995,-0.1176537014,0.6101655577,0.4580426009
2036,67866666667,0,0,-1.363092884,-0.8623057981,1.068762745,0.6356091829,-0.1174221265,0.6093914836,0.4591895366
2037,67900000000,0,0,-1.359000245,-0.865625949,1.0672239,0.6356680655,-0.1175072109,0.6092049106,0.4593338032
2038,67933333333,0,0,-1.35430329,-0.8701104775,1.067406931,0.6349076706,-0.1176056446,0.6085866371,0.4611761782
2039,67966666667,0,0,-1.347634695,-0.8712272727,1.067439573,0.6347243437,-0.1179185067,0.6079408058,0.4621993183
2040,68000000000,0,0,-1.34142835,-0.873219376,1.066285929,0.6333711204,-0.117702254,0.6089790878,0.4627436373
2041,68033333333,0,1,-1.336447668,-0.8772348413,1.06455793,0.6307663201,-0.1160941111,0.6106361009,0.4645207844
2042,68066666667,0,0,-1.331560417,-0.8804899348,1.063844067,0.6280650967,-0.1147089222,0.6129542372,0.4654709449
2043,68100000000,0,0,-1.32712556,-0.8839538833,1.063052983,0.625648507,-0.1143186573,0.6152625461,0.4657759007
2044,68133333333,0,0,-1.322665118,-0.8872367043,1.061919306,0.6237065373,-0.114353911,0.6173863805,0.4655613768
2045,68166666667,0,0,-1.318939868,-0.8920613951,1.061951602,0.6213857779,-0.1144618653,0.6195120618,0.4658143425
2046,68200000000,0,0,-1.314949297,-0.896116732,1.06214439,0.6199638289,-0.1142161751,0.6205876209,0.4663373468
2047,68233333333,0,1,-1.309649262,-0.9008896698,1.063117775,0.6194142966,-0.1138919024,0.621839661,0.4654782484
2048,68266666667,0,0,-1.307563833,-0.9056278701,1.063344449,0.6192462289,-0.1127894376,0.6222167678,0.4654663732
2049,68300000000,0,0,-1.301990078,-0.9083010463,1.062708633,0.6193092446,-0.1111411235,0.6219247935,0.4661687049
2050,68333333333,0,0,-1.299170868,-0.9124288322,1.062756949,0.6192067576,-0.1082779284,0.6223146773,0.4664582768
2051,68366666667,0,0,-1.296447901,-0.9154569357,1.06259857,0.6198500651,-0.1060252438,0.6225041343,0.4658681651
2052,68400000000,0,0,-1.29476926,-0.9175168312,1.062867663,0.6208046427,-0.1055540086,0.6231803107,0.46379548
2053,68433333333,0,0,-1.291534019,-0.9198836641,1.062977333,0.6215374992,-0.106412304,0.6244142045,0.4609495198
2054,68466666667,0,0,-1.289798901,-0.9231248865,1.063813178,0.6219250235,-0.1069423431,0.6261659494,0.4579179013
2055,68500000000,0,1,-1.288878478,-0.925490866,1.067138972,0.6221103168,-0.1065725598,0.6280479317,0.4551668252
2056,68533333333,0,0,-1.286665038,-0.9281174016,1.068750239,0.6227328062,-0.1054194525,0.6289218046,0.4533739679
2057,68566666667,0,0,-1.285827394,-0.9308440743,1.070077179,0.6238810634,-0.1032768962,0.6292284181,0.4518604866
2058,68600000000,0,0,-1.286111154,-0.9327622403,1.071003047,0.6253252668,-0.1014526711,0.6289067431,0.4507238343
2059,68633333333,0,0,-1.28457539,-0.9342535604,1.072281205,0.6266666528,-0.1003556084,0.6279792508,0.4503995101
2060,68666666667,0,0,-1.283424343,-0.9357703229,1.074072936,0.6289632612,-0.09881024731,0.6269723932,0.4489402735
2061,68700000000,0,0,-1.284446467,-0.9369888731,1.074649304,0.6316858388,-0.09778679919,0.6255322011,0.4473479724
2062,68733333333,0,0,-1.283432614,-0.9371587642,1.074505756,0.6338975682,-0.09799730756,0.6243141485,0.4458724535
2063,68766666667,0,0,-1.282296575,-0.9369644565,1.074100472,0.6348001892,-0.09755310869,0.6250394419,0.4436640697
2064,68800000000,0,0,-1.284021119,-0.9382206988,1.074164797,0.6346328252,-0.0952560687,0.6266702087,0.4420994322
2065,68833333333,0,0,-1.286020872,-0.9388618503,1.075186493,0.6346806166,-0.09386491502,0.6272518331,0.4415031489
2066,68866666667,0,0,-1.285027512,-0.9395634867,1.075272034,0.6355905337,-0.09249320271,0.6269201472,0.4409544307
2067,68900000000,0,0,-1.287025959,-0.9387495394,1.074343944,0.6368003634,-0.0901103634,0.6266659417,0.4400627422
2068,68933333333,0,0,-1.288835782,-0.9381345362,1.074759706,0.6367486903,-0.0865968884,0.6265899534,0.4409502405
2069,68966666667,0,1,-1.291303387,-0.9392863207,1.075799202,0.6373992809,-0.0833988326,0.6252214246,0.4425663359
2070,69000000000,0,0,-1.293044044,-0.9381365241,1.075585503,0.6404731547,-0.08118961165,0.6226799167,0.4421222754
2071,69033333333,0,0,-1.297079859,-0.9354834407,1.075339829,0.6449168132,-0.07970049214,0.6198606724,0.4398896252
2072,69066666667,0,0,-1.299946197,-0.9301667557,1.074333906,0.6480837866,-0.07962781046,0.6178871563,0.4380208665
2073,69100000000,0,0,-1.30251353,-0.9265364129,1.072763181,0.6491843137,-0.07905261144,0.6177804626,0.4366436894
2074,69133333333,0,0,-1.308288045,-0.9224172575,1.07187995,0.6499253609,-0.07888419026,0.6184523339,0.434615946
2075,69166666667,0,0,-1.31243896,-0.9196244454,1.071027459,0.6495400484,-0.07981379519,0.6189447276,0.4343212035
2076,69200000000,0,0,-1.315430289,-0.9164562224,1.069356873,0.6492602722,-0.08017129655,0.6187557306,0.4349425342
2077,69233333333,0,0,-1.32031902,-0.913162535,1.067862962,0.6496342094,-0.08016170899,0.6185313441,0.4347050388
2078,69266666667,0,0,-1.323834951,-0.9088538288,1.065729104,0.6506653855,-0.08067293827,0.617817588,0.4340827813
2079,69300000000,0,0,-1.329280644,-0.9052707549,1.064059659,0.6523168474,-0.08050688971,0.6170733506,0.4326914044
2080,69333333333,0,0,-1.334041703,-0.9000017949,1.061326734,0.6544190853,-0.08055049262,0.615701268,0.4314617335
2081,69366666667,0,0,-1.339506478,-0.895711858,1.059123268,0.6560742844,-0.07984585094,0.6149072469,0.4302095432
2082,69400000000,0,0,-1.346859824,-0.8898024239,1.057013394,0.6581905259,-0.07965480773,0.6135310365,0.428975536
2083,69433333333,0,1,-1.349253867,-0.8845402207,1.052765434,0.6592482289,-0.07998299365,0.6116248572,0.4300110783
2084,69466666667,0,0,-1.355285471,-0.8795443987,1.049825715,0.6604672192,-0.07835698721,0.6100771594,0.4306380087
2085,69500000000,0,0,-1.359140362,-0.8744496682,1.045247554,0.6621463993,-0.07790759746,0.6085305738,0.4303290518
2086,69533333333,0,0,-1.365815311,-0.8688508016,1.040432804,0.6633386072,-0.07773293071,0.6082840817,0.4288705628
2087,69566666667,0,0,-1.370538259,-0.8639771883,1.035390106,0.662768827,-0.0775717112,0.6085477855,0.429406223
2088,69600000000,0,0,-1.376514382,-0.8601501905,1.031613124,0.6620224728,-0.0773248164,0.6088145509,0.4302231525
2089,69633333333,0,1,-1.381501204,-0.857574933,1.028167496,0.662064313,-0.07776713995,0.6085601958,0.4304388521
2090,69666666667,0,0,-1.386040614,-0.8544160785,1.024301884,0.6630660537,-0.07810119641,0.6080211625,0.4295973434
2091,69700000000,0,0,-1.391786677,-0.8517246932,1.019612608,0.6647443892,-0.07839938815,0.6078025695,0.4272522317
2092,69733333333,0,0,-1.396881103,-0.8489576324,1.014183286,0.6660572376,-0.0790083236,0.6081364643,0.4246121545
2093,69766666667,0,0,-1.402649483,-0.8470956373,1.009597266,0.6673027433,-0.07921683436,0.6097480712,0.4202844651
2094,69800000000,0,0,-1.411128368,-0.8457024543,1.006834912,0.6685730353,-0.07908102239,0.6111136349,0.4162888583
2095,69833333333,0,1,-1.417789142,-0.8439150498,1.003336492,0.6704764684,-0.07885532052,0.6109834087,0.4134518328
2096,69866666667,0,0,-1.425066833,-0.8429015849,1.000313595,0.6731104499,-0.07811605545,0.6101379784,0.4105506685
2097,69900000000,0,0,-1.433084929,-0.8403212806,0.9977893881,0.676370375,-0.0780868937,0.6089064416,0.4070116684
2098,69933333333,0,0,-1.438416202,-0.8374644476,0.9940809745,0.679382024,-0.0784834216,0.6081479152,0.4030341565
2099,69966666667,0,0,-1.44691471,-0.8349787133,0.9910753916,0.6819369956,-0.07843762928,0.6084982304,0.398170034
2100,70000000000,0,0,-1.455592043,-0.8321141125,0.9891915349,0.683963586,-0.07878302991,0.6087419307,0.3942338255
2101,70033333333,0,1,-1.464014495,-0.8298691534,0.9877178845,0.6858486708,-0.07893961698,0.6083946312,0.391453842
2102,70066666667,0,0,-1.472010051,-0.8265377064,0.985425738,0.6876679242,-0.07950278801,0.6075627394,0.3894350401
2103,70100000000,0,0,-1.479577083,-0.8240108807,0.9831405965,0.689364482,-0.07998818707,0.6067259068,0.3876366531
2104,70133333333,0,0,-1.486866426,-0.8202802093,0.9803508851,0.6908464744,-0.08037623396,0.6057284586,0.3864761884
2105,70166666667,0,0,-1.493557663,-0.8169270939,0.9768998871,0.6919669415,-0.08063805646,0.6049868266,0.3855777424
2106,70200000000,0,0,-1.500689512,-0.8126422166,0.9746597928,0.6927166384,-0.08106242608,0.6048321826,0.3843833669
2107,70233333333,0,1,-1.507389431,-0.8073760165,0.9713830948,0.6934413048,-0.08208190967,0.6046409975,0.383159211
2108,70266666667,0,0,-1.514637933,-0.80395278,0.9690109933,0.6935269918,-0.08248825056,0.6046691115,0.3828723884
2109,70300000000,0,0,-1.521684367,-0.7996583528,0.9665908051,0.6935617579,-0.08288945494,0.6044652043,0.383044701
2110,70333333333,0,0,-1.528677984,-0.7959383387,0.9640865532,0.6939096457,-0.08321779198,0.6038929524,0.3832460106
2111,70366666667,0,0,-1.534866739,-0.7919888319,0.9610984035,0.6942796802,-0.08356006659,0.603033486,0.3838542114
2112,70400000000,0,0,-1.541704422,-0.7878448593,0.9589505905,0.6946130039,-0.08362958511,0.6027915111,0.383616034
2113,70433333333,0,1,-1.548232438,-0.7834663703,0.9562796958,0.6950158543,-0.08386228137,0.602472295,0.3833369455
2114,70466666667,0,0,-1.555297622,-0.7802888127,0.9539260908,0.6953389274,-0.08354901765,0.6023702406,0.3829796744
2115,70500000000,0,0,-1.56110176,-0.7769232606,0.9515626385,0.6957703219,-0.08328856489,0.6020665173,0.3827304311
2116,70533333333,0,0,-1.56971929,-0.772266653,0.9498320627,0.6964153684,-0.0831667258,0.6015648088,0.3823724769
2117,70566666667,0,0,-1.575153188,-0.76779129,0.9475104121,0.6968796977,-0.08385106163,0.6005203883,0.3830182105
2118,70600000000,0,0,-1.581414562,-0.7634862172,0.9454010671,0.6974545356,-0.08393115122,0.5995914618,0.3834094568
2119,70633333333,0,1,-1.589305205,-0.7571429107,0.9433544977,0.6984475663,-0.08461320381,0.5988624126,0.3825903992
2120,70666666667,0,0,-1.595030117,-0.752330043,0.9414476773,0.6988589445,-0.08558737964,0.5979759589,0.3830087842
2121,70700000000,0,0,-1.599938505,-0.7478490686,0.9384076651,0.6989130042,-0.08644574247,0.597044998,0.3841679536
2122,70733333333,0,0,-1.605532114,-0.7429416926,0.9358800965,0.6986817132,-0.08726603117,0.5966332369,0.3850419251
2123,70766666667,0,0,-1.610553929,-0.7390130883,0.9329753174,0.6985121766,-0.08763309585,0.5960127081,0.3862253634
2124,70800000000,0,0,-1.616713336,-0.7342810537,0.9297925266,0.6984800771,-0.08692762577,0.5950143613,0.3879781947
2125,70833333333,0,1,-1.624020469,-0.7272455844,0.9252779587,0.6989959558,-0.08586685041,0.593543176,0.3895356673
2126,70866666667,0,0,-1.628157373,-0.7220290358,0.9218761943,0.6990397822,-0.08624046643,0.5927779183,0.39053848
2127,70900000000,0,0,-1.631450767,-0.7177099163,0.918709079,0.6982593775,-0.08536096665,0.5928092865,0.3920771568
2128,70933333333,0,0,-1.634944443,-0.7133413366,0.9159139298,0.6975610343,-0.08360302828,0.5930260184,0.3933691379
2129,70966666667,0,0,-1.63862937,-0.7083511477,0.9123942109,0.6973892095,-0.08181348566,0.5936110779,0.3931675625
2130,71000000000,0,0,-1.642159941,-0.7035416788,0.9087977938,0.6967715819,-0.07965431486,0.5947641941,0.3929632377
2131,71033333333,0,1,-1.649014316,-0.694406717,0.9047897004,0.6965268715,-0.07672783953,0.5960386565,0.3920472879
2132,71066666667,0,0,-1.654117983,-0.6897927578,0.9027331687,0.6957957548,-0.07635532462,0.5968436702,0.3921935304
2133,71100000000,0,0,-1.655126772,-0.6851099551,0.9001508336,0.6953106012,-0.07633627335,0.5972894978,0.3923788948
2134,71133333333,0,0,-1.660449856,-0.6809557876,0.8979349035,0.6951441893,-0.07570774205,0.5979013861,0.3918632751
2135,71166666667,0,0,-1.660067153,-0.6746522375,0.8952414063,0.6948852739,-0.07615977548,0.5981238496,0.3918954008
2136,71200000000,0,0,-1.660381476,-0.6691968245,0.891459906,0.6939406032,-0.07549726993,0.5999769988,0.3908634063
2137,71233333333,0,1,-1.663830161,-0.6616662111,0.8866121182,0.692543776,-0.07464222406,0.6030426878,0.3887816527
2138,71266666667,0,0,-1.665817187,-0.656564875,0.8834163214,0.6901222324,-0.07483313691,0.6068372329,0.3871432278
2139,71300000000,0,0,-1.667877543,-0.6519004749,0.8822647962,0.687648678,-0.07514348458,0.6103613063,0.3859427783
2140,71333333333,0,0,-1.670212396,-0.6482143353,0.8806645394,0.6863971698,-0.07509808086,0.6126345698,0.3845752039
2141,71366666667,0,0,-1.673705639,-0.6437890169,0.8791606145,0.6864221133,-0.07566378313,0.6133796768,0.3832297567
2142,71400000000,0,0,-1.675491959,-0.639988254,0.8778116069,0.6867628013,-0.07584210335,0.6130549159,0.3831037721
2143,71433333333,0,1,-1.680280396,-0.6329037073,0.8750816545,0.688696429,-0.0743639704,0.611247382,0.3828104839
2144,71466666667,0,0,-1.682432361,-0.628007755,0.8725992503,0.6912884121,-0.07455531378,0.608421993,0.3826022935
2145,71500000000,0,0,-1.68201374,-0.6225232617,0.869742242,0.6932454216,-0.07499308278,0.6060496477,0.3827409666
2146,71533333333,0,0,-1.681999254,-0.6170800583,0.8668208519,0.6941896963,-0.07387542474,0.6048353905,0.3831673754
2147,71566666667,0,0,-1.684311045,-0.6123830523,0.8638777364,0.6950728021,-0.0732667328,0.603731935,0.3834234425
2148,71600000000,0,0,-1.682421539,-0.606340532,0.8619064843,0.6955149696,-0.0730018633,0.6028277664,0.38409418
2149,71633333333,0,1,-1.681294266,-0.5990679174,0.8584520839,0.6962291928,-0.07030999524,0.6019962389,0.3846062195
2150,71666666667,0,0,-1.683759423,-0.5948503953,0.8561455922,0.6980193722,-0.0678059158,0.6002641768,0.3845181814
2151,71700000000,0,0,-1.683342992,-0.5901186217,0.8534243534,0.701167791,-0.06698056378,0.5970477002,0.3839418922
2152,71733333333,0,0,-1.68198353,-0.584227159,0.8493300568,0.7043281328,-0.06606738517,0.5939467203,0.3831243603
2153,71766666667,0,0,-1.683361952,-0.5800909795,0.8450530884,0.7062173136,-0.06515365732,0.5918629754,0.3830278386
2154,71800000000,0,0,-1.68275468,-0.5742857627,0.8420807238,0.7072916958,-0.06434444155,0.5896254592,0.38462978
2155,71833333333,0,1,-1.680079469,-0.5679032967,0.8390734903,0.7082614457,-0.06251663952,0.5875194226,0.3863655296
2156,71866666667,0,0,-1.683603865,-0.5637652243,0.8357813221,0.7107326173,-0.06186734785,0.5845374657,0.3864550803
2157,71900000000,0,0,-1.684228212,-0.5579546054,0.8326506243,0.7138095917,-0.06417689128,0.5805021514,0.3864899036
2158,71933333333,0,0,-1.680262154,-0.5517829178,0.8293471193,0.7159707121,-0.06685739613,0.5777489602,0.3861633941
2159,71966666667,0,0,-1.677771236,-0.5466412573,0.8268441173,0.7173331597,-0.06891155385,0.5771717724,0.3841315931
2160,72000000000,0,0,-1.678928677,-0.5414238126,0.8231291946,0.7189854213,-0.07092334704,0.5770688766,0.3808166942
2161,72033333333,0,1,-1.678162814,-0.5340483765,0.8199220088,0.7198258161,-0.07295108937,0.57727408,0.3785281622
2162,72066666667,0,0,-1.678442016,-0.5294776438,0.8172139485,0.7197755405,-0.07372042514,0.5774654823,0.3781826105
2163,72100000000,0,0,-1.677347204,-0.5240752297,0.8152669068,0.7196479615,-0.07397865377,0.5771199245,0.3789017855
2164,72133333333,0,0,-1.677487181,-0.5195684224,0.8129952129,0.7201582875,-0.07255065019,0.5760052366,0.3799031606
2165,72166666667,0,0,-1.675683912,-0.5146631512,0.8101900466,0.7219726458,-0.07122801904,0.5739990991,0.3797461023
2166,72200000000,0,0,-1.675206659,-0.5102510277,0.8084197236,0.7234944593,-0.0685888595,0.5725093734,0.379584448
2167,72233333333,0,1,-1.675445493,-0.5054011557,0.8047761498,0.7257578389,-0.06470138663,0.5700218901,0.3796897875
2168,72266666667,0,0,-1.675635529,-0.5010016392,0.8026762836,0.7283112298,-0.06244400781,0.5679511878,0.3782789272
2169,72300000000,0,0,-1.674023935,-0.4971594401,0.8006357936,0.7306023972,-0.05973753938,0.5663667977,0.3766699006
2170,72333333333,0,0,-1.675188248,-0.4925004771,0.7984159062,0.7325062138,-0.05772875862,0.5653782994,0.3747658147
2171,72366666667,0,0,-1.674723847,-0.488440489,0.7966466099,0.7336046318,-0.05552532252,0.5650060232,0.37350954
2172,72400000000,0,0,-1.677454967,-0.4842554271,0.7948219638,0.7345472757,-0.05323920868,0.5648060875,0.3722901691
2173,72433333333,0,1,-1.679074343,-0.4776650757,0.7922231226,0.7357271978,-0.05147973489,0.5641597649,0.3711860544
2174,72466666667,0,0,-1.681422406,-0.4739135213,0.7912435477,0.7373257933,-0.05064614581,0.5628923117,0.3700511962
2175,72500000000,0,0,-1.684169433,-0.4691742803,0.7900963749,0.7396110508,-0.0503200188,0.5603013038,0.3694669648
2176,72533333333,0,0,-1.68488955,-0.4640768422,0.7884143588,0.7419295606,-0.05006480776,0.5572420256,0.3694798601
2177,72566666667,0,0,-1.685982417,-0.4581634692,0.7865500289,0.7437600741,-0.04972368068,0.5545917504,0.3698330678
2178,72600000000,0,0,-1.686277584,-0.4526044802,0.7850210134,0.7443898908,-0.04874502931,0.5523743085,0.3720083816
2179,72633333333,0,1,-1.683222687,-0.4465868133,0.7830986433,0.7441658509,-0.04650249688,0.5508683945,0.3749649531
2180,72666666667,0,0,-1.684818105,-0.4425739956,0.7813775946,0.7443968273,-0.04405865844,0.5502393329,0.3757244664
2181,72700000000,0,0,-1.686329807,-0.4369313036,0.77842079,0.7457143987,-0.04295226393,0.5488126374,0.375326295
2182,72733333333,0,0,-1.686248121,-0.4319969773,0.7757856823,0.7467156437,-0.04115588758,0.5474679657,0.3755006882
2183,72766666667,0,0,-1.690011502,-0.4273905421,0.7723843972,0.7480853235,-0.03838548212,0.5456499964,0.3757139671
2184,72800000000,0,0,-1.689785715,-0.4214788207,0.7696729584,0.7496438498,-0.03621208405,0.5432532373,0.3762960319
2185,72833333333,0,1,-1.689340028,-0.4160656283,0.7651502223,0.7513627304,-0.03334531472,0.5412959761,0.3759531933
2186,72866666667,0,0,-1.691429507,-0.4108391129,0.7609830051,0.7534950383,-0.03120572664,0.5394329661,0.3745443965
2187,72900000000,0,0,-1.692934076,-0.4058314959,0.755328945,0.7555057571,-0.02991639128,0.5376702677,0.3731310008
2188,72933333333,0,0,-1.694236562,-0.4008571058,0.750348884,0.7572381217,-0.02917074252,0.5362167214,0.3717675652
2189,72966666667,0,0,-1.697371183,-0.3961340936,0.7442535369,0.7593108868,-0.02930055829,0.5346559482,0.3697721886
2190,73000000000,0,0,-1.699082032,-0.3911980117,0.7384608619,0.7613010131,-0.03128309296,0.5327324238,0.3682910537
2191,73033333333,0,1,-1.700055653,-0.383146483,0.7289165614,0.7627363447,-0.03152578662,0.5308567826,0.3680087902
2192,73066666667,0,0,-1.702174803,-0.3784050765,0.7223066346,0.7638558794,-0.0319529207,0.5297022019,0.3673129233
2193,73100000000,0,0,-1.703471346,-0.3738070599,0.7156543238,0.7656481945,-0.03302136074,0.5279445122,0.3660150598
2194,73133333333,0,0,-1.705268754,-0.3695367937,0.708298935,0.7680241929,-0.03423562419,0.5257726258,0.3640465728
2195,73166666667,0,0,-1.709635491,-0.365247589,0.7017551332,0.7711604028,-0.03605655817,0.5231697505,0.3609777969
2196,73200000000,0,0,-1.711001165,-0.3600267195,0.6945847904,0.7746833878,-0.03988525952,0.51993366,0.3576923315
2197,73233333333,0,1,-1.711247459,-0.3537169226,0.6841973679,0.7773426339,-0.04273384287,0.5179567161,0.354447582
2198,73266666667,0,0,-1.71318984,-0.3495866507,0.6763347849,0.7791870257,-0.04601844583,0.5179274188,0.3500015292
2199,73300000000,0,0,-1.717113073,-0.3447253551,0.6682687115,0.781134988,-0.04983580248,0.5177574934,0.3453573532
2200,73333333333,0,0,-1.719487643,-0.3403570694,0.6615686269,0.7831393897,-0.05267813313,0.5167071207,0.3419524264
2201,73366666667,0,0,-1.723770114,-0.3370565729,0.6547098789,0.785856176,-0.053117479,0.5139871433,0.3397437571
2202,73400000000,0,0,-1.726478322,-0.3324071536,0.6471174258,0.7890226341,-0.05266307113,0.5091332671,0.3397840493
2203,73433333333,0,1,-1.727801098,-0.3256025034,0.6384863957,0.7919378639,-0.05118919035,0.504707645,0.3398297802
2204,73466666667,0,0,-1.730250722,-0.3211863592,0.6308258502,0.794384441,-0.0499484492,0.5015332512,0.3390028173
2205,73500000000,0,0,-1.732560448,-0.3161483676,0.6223203552,0.7963856983,-0.04966690471,0.4987795051,0.3384110273
2206,73533333333,0,0,-1.736160198,-0.3115265998,0.6152091149,0.7975709895,-0.0496571897,0.4969581016,0.3383006436
2207,73566666667,0,0,-1.738222697,-0.3055912769,0.608063971,0.7984500527,-0.0497962343,0.4947831615,0.3393927981
2208,73600000000,0,0,-1.73974194,-0.3010535979,0.6013470149,0.7990486683,-0.05017836812,0.4931679335,0.3402774551
2209,73633333333,0,1,-1.743472804,-0.2936243474,0.5929868823,0.7998945866,-0.04948798547,0.4911529883,0.3413038701
2210,73666666667,0,0,-1.745777129,-0.2882731816,0.5867333823,0.8007749257,-0.05050658756,0.4887624305,0.3425199111
2211,73700000000,0,0,-1.74672323,-0.2827316482,0.5816092497,0.8014137541,-0.05119026152,0.486925689,0.3435388264
2212,73733333333,0,0,-1.748390367,-0.2774940016,0.5765078316,0.8018456811,-0.05170976157,0.4855258853,0.344433185
2213,73766666667,0,0,-1.750534504,-0.2740534331,0.5716346098,0.8026936016,-0.05232529732,0.4838988386,0.3446548407
2214,73800000000,0,0,-1.750898218,-0.2680834215,0.5660587234,0.8044302933,-0.05243665612,0.481515384,0.3439262062
2215,73833333333,0,1,-1.752992349,-0.2628988701,0.561227773,0.8059713678,-0.05264750667,0.4795616808,0.3430145603
2216,73866666667,0,0,-1.753609041,-0.2589440258,0.5564593411,0.8068127939,-0.05310654413,0.4777095493,0.3435497011
2217,73900000000,0,0,-1.75289395,-0.2542589249,0.5517230661,0.8069673388,-0.05280485325,0.4766166285,0.3447491132
2218,73933333333,0,0,-1.752501803,-0.2509891338,0.5475409367,0.8067514895,-0.052941671,0.4765852617,0.345276269
2219,73966666667,0,0,-1.751121678,-0.2470732717,0.5439924554,0.8063951963,-0.05305337074,0.4773907952,0.3449784862
2220,74000000000,0,0,-1.75137245,-0.2437572487,0.539188014,0.8063474868,-0.05297942708,0.478304051,0.3438344741
2221,74033333333,0,0,-1.751936868,-0.2415086324,0.5354162404,0.8068262103,-0.05344664027,0.4783154444,0.342621159
2222,74066666667,0,0,-1.749486697,-0.237744179,0.5325472105,0.807287316,-0.05260578833,0.4779628445,0.3421568933
2223,74100000000,0,1,-1.748886029,-0.2347070985,0.5273819762,0.8078400914,-0.05129970082,0.4769372303,0.3424815407
2224,74133333333,0,0,-1.747295514,-0.2322778723,0.5236549796,0.8084432953,-0.04982885994,0.4756440742,0.343073225
2225,74166666667,0,0,-1.747009583,-0.2297752897,0.5194144026,0.8090913047,-0.04878010025,0.4739669825,0.3440160782
2226,74200000000,0,0,-1.745675538,-0.2265005388,0.5161426061,0.8094365229,-0.04779642918,0.4721880317,0.3457838623
2227,74233333333,0,0,-1.742608888,-0.2224972605,0.5127818611,0.8096919344,-0.04787869552,0.4712712666,0.3464245879
2228,74266666667,0,0,-1.741321107,-0.2182882807,0.5087241928,0.8092896836,-0.04979842723,0.4722595013,0.3457474339
2229,74300000000,0,1,-1.738144088,-0.2166012409,0.5054656308,0.8081891686,-0.05316061561,0.4741730514,0.3452015847
2230,74333333333,0,0,-1.737531918,-0.2127601796,0.5016730733,0.8072745381,-0.05630104471,0.475675336,0.3447767208
2231,74366666667,0,0,-1.734411867,-0.2091463648,0.4982297981,0.8060833247,-0.05900324859,0.4762023232,0.3463807697
2232,74400000000,0,0,-1.731072666,-0.2040716026,0.495791186,0.8047969993,-0.06027381762,0.476487246,0.3487531522
2233,74433333333,0,0,-1.728083064,-0.1997466267,0.4911124412,0.8032772282,-0.06050029673,0.4766079708,0.3520372863
2234,74466666667,0,0,-1.723620252,-0.1941043879,0.4872137462,0.802185583,-0.06038285487,0.4763976458,0.3548203551
2235,74500000000,0,1,-1.72150937,-0.1896003186,0.4829192802,0.802191453,-0.06051512985,0.4756645532,0.3557668122
2236,74533333333,0,0,-1.71753443,-0.1852273991,0.480650678,0.8019794948,-0.06045013316,0.4746288397,0.357634081
2237,74566666667,0,0,-1.713233512,-0.1813183642,0.4773757608,0.8016665999,-0.05927368985,0.4736343723,0.3598440965
2238,74600000000,0,0,-1.711072629,-0.1786562605,0.4718360138,0.8016341868,-0.05864391608,0.4723355622,0.3617217693
2239,74633333333,0,0,-1.7061646,-0.1752094346,0.4701412464,0.8025235555,-0.05946759716,0.4707668487,0.3616602299
2240,74666666667,0,0,-1.700579199,-0.1727183256,0.4672924823,0.8043785879,-0.05884180323,0.4696602147,0.3590710406
2241,74700000000,0,1,-1.697970234,-0.1697766574,0.463938977,0.8070115324,-0.05859437009,0.4695125721,0.3533511442
2242,74733333333,0,0,-1.694731327,-0.1674834399,0.4600872605,0.8096966207,-0.06033003016,0.4693773831,0.3470396838
2243,74766666667,0,0,-1.690947787,-0.1651445003,0.4580722849,0.8117573159,-0.06126566086,0.4698630525,0.3413580096
2244,74800000000,0,0,-1.690164486,-0.1640528674,0.4549414989,0.8129888576,-0.06001263285,0.4693208941,0.3393898932
2245,74833333333,0,0,-1.688280103,-0.1611508877,0.4507154685,0.8148091468,-0.05840901699,0.4656219445,0.3403977759
2246,74866666667,0,0,-1.685908403,-0.1589216222,0.4472094363,0.8173834585,-0.05663988989,0.4608944449,0.3409582311
2247,74900000000,0,1,-1.685806514,-0.1543107159,0.4453139412,0.8197818022,-0.05474898882,0.4564323757,0.3415111001
2248,74933333333,0,0,-1.682648112,-0.1516185122,0.4431666773,0.8217503244,-0.05348726211,0.4523536541,0.342405737
2249,74966666667,0,0,-1.6789365,-0.1484258865,0.4409841785,0.823747629,-0.05253399469,0.4484628932,0.3428717787
2250,75000000000,0,0,-1.6759071,-0.1450535254,0.4403369111,0.825323024,-0.05148458544,0.4456825521,0.342867768
2251,75033333333,0,0,-1.673352603,-0.1415106802,0.4376592283,0.8270342586,-0.05048134257,0.442371712,0.3431810566
2252,75066666667,0,0,-1.671897423,-0.1391115347,0.4349825138,0.827935914,-0.05036052407,0.4394936515,0.3447191179
2253,75100000000,0,1,-1.670014318,-0.1364213268,0.433297193,0.828441174,-0.05086730178,0.4368321554,0.3468074492
2254,75133333333,0,0,-1.666798532,-0.1328178628,0.4330592721,0.8290640086,-0.05156139831,0.4351559368,0.347323484
2255,75166666667,0,0,-1.663955926,-0.1296410402,0.4321188656,0.8300584641,-0.0522374728,0.4340646066,0.3462110771
2256,75200000000,0,0,-1.661732557,-0.127128424,0.429200703,0.832170562,-0.05374544057,0.432801003,0.3424717144
2257,75233333333,0,0,-1.660320551,-0.1238785823,0.4274214835,0.8344975941,-0.0557329484,0.431080563,0.3386401513
2258,75266666667,0,0,-1.659175777,-0.1197559783,0.4250180801,0.8369663382,-0.05645493079,0.4284609797,0.3357400458
2259,75300000000,0,0,-1.658271828,-0.1172338763,0.4229291519,0.8386562054,-0.05769543373,0.4256380941,0.3349018048
2260,75333333333,0,1,-1.656683604,-0.1154705479,0.4220262403,0.8394556186,-0.05836616035,0.4230759332,0.3360273953
2261,75366666667,0,0,-1.655658464,-0.1129952845,0.4197387669,0.8408855512,-0.05994414506,0.4201705965,0.3358196824
2262,75400000000,0,0,-1.653752812,-0.1090966692,0.4181866586,0.8430544052,-0.06227439804,0.4176146862,0.3331353226
2263,75433333333,0,0,-1.652235104,-0.1051433486,0.4164374259,0.8449902044,-0.06359623702,0.4158804156,0.330137173
2264,75466666667,0,0,-1.652301002,-0.102204199,0.4137660392,0.8468767857,-0.06377507495,0.4138611193,0.3277978395
2265,75500000000,0,0,-1.652368281,-0.09925143948,0.4082967006,0.8492002731,-0.06316526702,0.4097763333,0.3270357806
2266,75533333333,0,1,-1.65290463,-0.09419126955,0.4050578177,0.8514246725,-0.06090062408,0.4051218084,0.327480475
2267,75566666667,0,0,-1.652158179,-0.09157510465,0.400839455,0.8536607702,-0.05915164809,0.4003373974,0.3278632949
2268,75600000000,0,0,-1.652246364,-0.08959563157,0.3949486966,0.8558117279,-0.05867609131,0.3964191456,0.327101305
2269,75633333333,0,0,-1.653112995,-0.08744958852,0.3884983023,0.8578296017,-0.06036266996,0.3934536198,0.3250830226
2270,75666666667,0,0,-1.652748331,-0.08282644767,0.3827377083,0.8597858731,-0.06322919362,0.3913935736,0.3218406314
2271,75700000000,0,0,-1.652119072,-0.07938353777,0.3773794231,0.8605545421,-0.06643059629,0.3915085647,0.3189888709
2272,75733333333,0,1,-1.648457444,-0.071324174,0.3668130329,0.8616638499,-0.0673228768,0.3899350543,0.3177321097
2273,75766666667,0,0,-1.647826529,-0.06684704501,0.359532625,0.862169838,-0.06791297367,0.3891245652,0.3172271603
2274,75800000000,0,0,-1.647298493,-0.06389555697,0.3498102523,0.8634398201,-0.06835179111,0.3869046665,0.3163929342
2275,75833333333,0,0,-1.648129938,-0.06004508043,0.3430884848,0.8648014042,-0.06862023824,0.3850829644,0.314834726
2276,75866666667,0,0,-1.647389444,-0.05497661989,0.3343749797,0.8663097121,-0.06838117421,0.3831008657,0.3131536753
2277,75900000000,0,0,-1.65011383,-0.05260856722,0.3246990803,0.8679030068,-0.06982898688,0.3811941546,0.3107399231
2278,75933333333,0,1,-1.649486468,-0.04682656542,0.3178711487,0.8699443033,-0.07303987767,0.3789982324,0.3069567156
2279,75966666667,0,0,-1.64847734,-0.04217327552,0.3126772759,0.8705680666,-0.07615671585,0.3790769247,0.3043223311
2280,76000000000,0,0,-1.649233463,-0.03768076504,0.3057512701,0.8706502238,-0.07767120909,0.3799658502,0.3025910173
2281,76033333333,0,0,-1.651122704,-0.03407957469,0.2970867731,0.8715041657,-0.08020143437,0.3795174117,0.300024588
2282,76066666667,0,0,-1.653263713,-0.03006685263,0.2906713467,0.8728136283,-0.08363931278,0.3782932378,0.2968081229
2283,76100000000,0,0,-1.654086318,-0.02454452779,0.2873627261,0.8738554716,-0.08685720557,0.3782015869,0.2929095429
2284,76133333333,0,1,-1.652812101,-0.02012877997,0.2816697672,0.875025307,-0.08948433088,0.3775437045,0.2894546904
2285,76166666667,0,0,-1.655812887,-0.01669853343,0.2764643203,0.8761033785,-0.09136021222,0.3761674708,0.2873920939
2286,76200000000,0,0,-1.65758787,-0.01208188859,0.2733455111,0.8771895782,-0.09240197496,0.3746809929,0.285682468
2287,76233333333,0,0,-1.660597499,-0.00798143972,0.2697118295,0.8773660097,-0.09192679834,0.3739520248,0.2862485493
2288,76266666667,0,0,-1.662183562,-0.00451685776,0.2643047213,0.8775473049,-0.09116740249,0.3715815259,0.2890093459
2289,76300000000,0,0,-1.663256762,-0.001575950557,0.2606184583,0.8775426932,-0.09111169327,0.3693054531,0.2919434246
2290,76333333333,0,1,-1.662613914,0.00307560479,0.25979089,0.8775855912,-0.09034719517,0.3687087259,0.2928050374
2291,76366666667,0,0,-1.662734884,0.004794972069,0.254912978,0.8774410738,-0.08923878923,0.3682546094,0.2941464654
2292,76400000000,0,0,-1.663749087,0.006873924779,0.2503092509,0.8776969732,-0.08933020947,0.3674306564,0.294385546
2293,76433333333,0,0,-1.665874602,0.008757756453,0.2473604989,0.8778098682,-0.08936033301,0.3673808321,0.2941018368
2294,76466666667,0,0,-1.668140382,0.01134751467,0.244735573,0.8769756998,-0.08933683827,0.3686455684,0.2950135526
2295,76500000000,0,0,-1.66825568,0.0118000539,0.2427449774,0.8754589099,-0.08984978712,0.3705944798,0.2969148772
2296,76533333333,0,0,-1.669360297,0.01149632188,0.236167574,0.8741553751,-0.09162440656,0.3713038379,0.2993172367
2297,76566666667,0,1,-1.67000996,0.008714897185,0.2319248959,0.8726288122,-0.09655808715,0.3707766381,0.302853391
2298,76600000000,0,0,-1.663706782,0.007979904782,0.2312211442,0.8708824616,-0.1024878423,0.3693422778,0.3076463262
2299,76633333333,0,0,-1.657482343,0.01013582067,0.2311852637,0.8700839938,-0.1040690734,0.3697354008,0.3088999921
2300,76666666667,0,0,-1.651995536,0.008347704147,0.2275718367,0.8702002394,-0.1057074407,0.3694147073,0.3083995045
2301,76700000000,0,0,-1.646888384,0.008402954523,0.2278270321,0.8708436064,-0.1057967691,0.3700289113,0.3058055946
2302,76733333333,0,0,-1.644543627,0.006243992119,0.226871736,0.8707121228,-0.1034705222,0.3724533404,0.3040275636
2303,76766666667,0,0,-1.640235973,0.001041988804,0.2220179707,0.8708784773,-0.1019933559,0.373304573,0.303004503
2304,76800000000,0,1,-1.632990727,-0.009926946614,0.2199329795,0.8705184893,-0.1028990171,0.3742966276,0.3025084901
2305,76833333333,0,0,-1.632721492,-0.01534719658,0.2153354129,0.8702555721,-0.1018741328,0.3755007641,0.3021193084
2306,76866666667,0,0,-1.629872555,-0.0210454548,0.2115673094,0.8699849336,-0.1046893691,0.3751104889,0.3024210186
2307,76900000000,0,0,-1.624715849,-0.02514482884,0.2137382474,0.8683876897,-0.105445216,0.3771197989,0.3042446123
2308,76933333333,0,0,-1.61969997,-0.03109335781,0.2122973861,0.8664401668,-0.1043588732,0.3781641403,0.308840648
2309,76966666667,0,0,-1.610233125,-0.03802146939,0.2089692745,0.8660717305,-0.104323074,0.3762819997,0.3121671198
2310,77000000000,0,1,-1.596090061,-0.04126824824,0.2063889112,0.8675393406,-0.1034207049,0.37352522,0.3117026794
2311,77033333333,0,0,-1.591540907,-0.04702891629,0.204137945,0.8676965385,-0.1017504394,0.3735618267,0.3117709525
2312,77066666667,0,0,-1.584730947,-0.05259655877,0.203939705,0.867788832,-0.100834657,0.3733667455,0.3120451703
2313,77100000000,0,0,-1.579012097,-0.05878449013,0.201783761,0.8677696862,-0.09868061837,0.3729920217,0.313232915
2314,77133333333,0,0,-1.574937599,-0.06404720761,0.2018057895,0.8676462891,-0.09567284654,0.3728023928,0.314730042
2315,77166666667,0,0,-1.570376221,-0.06950081628,0.1995000394,0.8670154271,-0.09303198677,0.3726377607,0.3174435349
2316,77200000000,0,1,-1.5591021,-0.07780014061,0.1967288256,0.8668273845,-0.09345903697,0.3715517353,0.3191003006
2317,77233333333,0,0,-1.551893201,-0.07957786453,0.1955216148,0.8666413789,-0.0930843928,0.3713603906,0.3199366758
2318,77266666667,0,0,-1.546318466,-0.08245783508,0.1931183125,0.8668018343,-0.09128835267,0.3714878664,0.3198715084
2319,77300000000,0,0,-1.539944938,-0.08957544061,0.1908274605,0.8668600895,-0.09105234136,0.3705477613,0.3208697757
2320,77333333333,0,0,-1.535030481,-0.09348329657,0.1885464763,0.8673624785,-0.0901053756,0.3692131195,0.3213176381
2321,77366666667,0,0,-1.527562076,-0.09737968809,0.1857239681,0.8688196666,-0.08942166957,0.3665167426,0.3206581192
2322,77400000000,0,1,-1.522473321,-0.101605505,0.181854187,0.870372421,-0.08887712114,0.3645572033,0.3188271501
2323,77433333333,0,0,-1.516951991,-0.1043675743,0.178957291,0.8720216821,-0.08937842935,0.3633107575,0.3155867169
2324,77466666667,0,0,-1.510539855,-0.1068418281,0.1775176247,0.8737323515,-0.08966797851,0.3633306275,0.3107125467
2325,77500000000,0,0,-1.505370609,-0.1119157026,0.1730629889,0.8757643559,-0.09062024675,0.3633686621,0.3046111936
2326,77533333333,0,0,-1.498179976,-0.1138670132,0.1714425698,0.8779378283,-0.09028456931,0.3630588535,0.2987676943
2327,77566666667,0,0,-1.494571062,-0.1174814264,0.1648116459,0.8802387531,-0.08889881135,0.3619102824,0.2937646787
2328,77600000000,0,1,-1.488689012,-0.1225998708,0.1602370502,0.8824728357,-0.08930008925,0.3591251995,0.2903382155
2329,77633333333,0,0,-1.484337221,-0.1257522094,0.15548132,0.8842619652,-0.08835713745,0.3560013499,0.2890273898
2330,77666666667,0,0,-1.480042698,-0.1301921338,0.1496144981,0.8863439967,-0.08844981217,0.351877045,0.2876690728
2331,77700000000,0,0,-1.476606508,-0.1327777287,0.1449655558,0.8887164181,-0.0899747786,0.3474130186,0.2852925901
2332,77733333333,0,0,-1.472284163,-0.1340488342,0.1412793093,0.89055477,-0.09080700301,0.3439919052,0.283435811
2333,77766666667,0,0,-1.467903838,-0.1348115437,0.1365546443,0.8925059838,-0.09214502334,0.3412346406,0.2801808051
2334,77800000000,0,1,-1.463557859,-0.1353626204,0.1295808142,0.8949361147,-0.09336707094,0.3386159997,0.2751565835
2335,77833333333,0,0,-1.46033967,-0.136610545,0.125763942,0.8965847956,-0.0943244176,0.3377233876,0.2705208346
2336,77866666667,0,0,-1.458557439,-0.1385806984,0.1194254341,0.8980778674,-0.0937112927,0.3365021837,0.2672837782
2337,77900000000,0,0,-1.458221885,-0.1396754931,0.1134303129,0.8997526731,-0.09413340935,0.3339811867,0.2646518382
2338,77933333333,0,0,-1.456208784,-0.1410699967,0.1103748182,0.9011651273,-0.09408830045,0.3311637274,0.2633996786
2339,77966666667,0,0,-1.454946126,-0.142062213,0.1040452812,0.902702742,-0.09215807952,0.3271322789,0.2638543537
2340,78000000000,0,1,-1.452719968,-0.1439800912,0.09923606949,0.9041967012,-0.09119266726,0.3224050497,0.264890934
2341,78033333333,0,0,-1.450047518,-0.1429791958,0.09812016274,0.9057380974,-0.089390234,0.31874598,0.2646674993
2342,78066666667,0,0,-1.446654466,-0.143083335,0.09506984539,0.9075419687,-0.08752863119,0.3158597561,0.2625622368
2343,78100000000,0,0,-1.4447106,-0.1425356522,0.09223661167,0.9097519095,-0.08742295289,0.3137449491,0.2574350353
2344,78133333333,0,0,-1.440991204,-0.1417555185,0.09047506546,0.9116285639,-0.08702614396,0.3127062774,0.2521400324
2345,78166666667,0,0,-1.440994286,-0.1420042009,0.08548377086,0.912681688,-0.08667668481,0.3116479831,0.249749521
2346,78200000000,0,0,-1.438363299,-0.1398071497,0.08384602601,0.9134442429,-0.08578943124,0.3089881905,0.2505715202
2347,78233333333,0,1,-1.437753401,-0.1387714447,0.07843551864,0.9147083419,-0.08367527481,0.3039916831,0.2527768864
2348,78266666667,0,0,-1.435286905,-0.1369118404,0.07731781656,0.9166065975,-0.08252617495,0.2979315833,0.2534926972
2349,78300000000,0,0,-1.434131922,-0.1358048515,0.07671233444,0.9187198048,-0.08248413089,0.2934252605,0.2511013838
2350,78333333333,0,0,-1.428929981,-0.1321334765,0.07957902762,0.9200789018,-0.08157614446,0.2921457166,0.2478931773
2351,78366666667,0,0,-1.42527949,-0.1277836805,0.07950247704,0.9202372158,-0.07804877237,0.2953718818,0.2445962128
2352,78400000000,0,0,-1.424578917,-0.1285143405,0.0773890315,0.9191212143,-0.07601413251,0.3005181772,0.2431601739
2353,78433333333,0,1,-1.418602588,-0.1292383064,0.07050537248,0.9179118277,-0.07412435445,0.3036054242,0.2444733177
2354,78466666667,0,0,-1.419145429,-0.1300180697,0.06613402873,0.9167636094,-0.07353023415,0.306399477,0.2454733174
2355,78500000000,0,0,-1.415264587,-0.1278096182,0.06662844769,0.9163648949,-0.07374740625,0.3076208931,0.245369284
2356,78533333333,0,0,-1.414434406,-0.1272876463,0.06367418825,0.9163843224,-0.07287454381,0.3094341484,0.2432685395
2357,78566666667,0,0,-1.412815513,-0.1242369558,0.06275674301,0.9161293135,-0.07363480625,0.3112469967,0.2416822361
2358,78600000000,0,0,-1.408170192,-0.1213488279,0.06396564456,0.9149052527,-0.07239189489,0.3138709707,0.2432957171
2359,78633333333,0,0,-1.405659251,-0.1210004259,0.0616491834,0.9137316292,-0.06976192731,0.3155673014,0.2462621804
2360,78666666667,0,0,-1.405982429,-0.1200659007,0.05736342276,0.9132668696,-0.06722494974,0.3156483738,0.2485770204
2361,78700000000,0,0,-1.403001916,-0.1171090256,0.05591125593,0.9128556287,-0.0661734668,0.3144112669,0.2519151221
2362,78733333333,0,0,-1.400176535,-0.1143620764,0.05523210637,0.9119441085,-0.06460988276,0.3146537733,0.2552969037
2363,78766666667,0,1,-1.393591622,-0.1086023862,0.04752580236,0.9123709645,-0.063452118,0.3131424501,0.2559196316
2364,78800000000,0,0,-1.390111371,-0.1066379166,0.04690808134,0.9127507273,-0.06353137718,0.3138655244,0.2536499686
2365,78833333333,0,0,-1.387493254,-0.106006405,0.04420736477,0.9130806739,-0.06290514612,0.31534535,0.250766696
2366,78866666667,0,0,-1.38681783,-0.1056377109,0.04046354789,0.9131368032,-0.062140232,0.3162276397,0.2496394401
2367,78900000000,0,0,-1.384811431,-0.1050123129,0.03769638538,0.9133030233,-0.06090660687,0.3154491888,0.2503193602
2368,78933333333,0,0,-1.384343628,-0.105231016,0.03345510299,0.9141977552,-0.05974061037,0.3129926914,0.2504178489
2369,78966666667,0,0,-1.381920779,-0.1030796996,0.03133501857,0.915914222,-0.05928754545,0.309375014,0.2487432924
2370,79000000000,0,0,-1.378512717,-0.100882771,0.02857347425,0.9175850727,-0.0585578818,0.3069098271,0.2457945622
2371,79033333333,0,0,-1.377009726,-0.0997423024,0.02314368616,0.9191353304,-0.05896366861,0.3057240246,0.241342808
2372,79066666667,0,0,-1.373414751,-0.09636316016,0.02109871299,0.9201442978,-0.05993972057,0.3060115224,0.2368515343
2373,79100000000,0,1,-1.363966384,-0.09121792262,0.01107311332,0.9213741617,-0.06007997512,0.3047773948,0.2336039176
2374,79133333333,0,0,-1.362475091,-0.08912976289,0.005195667069,0.9220751785,-0.0604802354,0.3049495326,0.2304892383
2375,79166666667,0,0,-1.361381369,-0.08688503936,-0.0006276308662,0.9234068206,-0.06096535436,0.3027984635,0.2278511788
2376,79200000000,0,0,-1.361247559,-0.08609320267,-0.007925547761,0.9254584127,-0.06160144018,0.2981351264,0.2254937592
2377,79233333333,0,0,-1.362198691,-0.08392388507,-0.01583978629,0.9284261257,-0.0627411925,0.2912025278,0.2220125212
2378,79266666667,0,0,-1.358741001,-0.07883817719,-0.02234495278,0.9314076535,-0.0651359038,0.2830527029,0.2193587574
2379,79300000000,0,1,-1.352912066,-0.07186011906,-0.03092944756,0.9341787167,-0.06749438888,0.2755153359,0.2164392118
2380,79333333333,0,0,-1.348332718,-0.06745044188,-0.03726804125,0.9362122115,-0.07120435609,0.2706943085,0.2125117081
2381,79366666667,0,0,-1.34497608,-0.06224365355,-0.04423144191,0.9377742363,-0.07545005708,0.2681566754,0.2073132124
2382,79400000000,0,0,-1.339312984,-0.05725414938,-0.05122953083,0.9383796807,-0.07904399891,0.2671951561,0.2044562778
2383,79433333333,0,0,-1.336114176,-0.05251254107,-0.05812304842,0.9378737612,-0.0816282609,0.2672467208,0.205691092
2384,79466666667,0,0,-1.333538033,-0.04821436462,-0.06485145575,0.9374556533,-0.08365881369,0.2663324546,0.2079546213
2385,79500000000,0,1,-1.327482653,-0.04272428914,-0.07187844283,0.9386649929,-0.08496764195,0.2625433849,0.206783708
2386,79533333333,0,0,-1.326811472,-0.03812405344,-0.07952185487,0.9404875637,-0.08581532191,0.2577421618,0.2041760294
2387,79566666667,0,0,-1.324389849,-0.0354315391,-0.0860703661,0.9424086225,-0.08667910479,0.2519336076,0.2021934182
2388,79600000000,0,0,-1.323080442,-0.03169045584,-0.0933218685,0.944450335,-0.08726890093,0.245445297,0.2003854031
2389,79633333333,0,0,-1.320055906,-0.02749279179,-0.09831158371,0.9463913424,-0.08785033395,0.2395359738,0.198111744
2390,79666666667,0,0,-1.317295796,-0.02259635829,-0.1034929357,0.9479127844,-0.08783577599,0.234952579,0.1963250243
2391,79700000000,0,1,-1.311236306,-0.01864353925,-0.104916639,0.9490824616,-0.08660338629,0.2313676747,0.195477195
2392,79733333333,0,0,-1.308251973,-0.01460071409,-0.1100576404,0.9502102885,-0.08357695491,0.2286585128,0.1945008607
2393,79766666667,0,0,-1.306695779,-0.007995379246,-0.1160690147,0.9515448017,-0.08112554402,0.2264411621,0.1915868902
2394,79800000000,0,0,-1.30346354,-0.003563965442,-0.1197501654,0.9526429798,-0.07941974854,0.2253704863,0.1880744547
2395,79833333333,0,0,-1.303649316,0.002125491289,-0.1270072429,0.9537106649,-0.07719016956,0.2243704483,0.184758078
2396,79866666667,0,0,-1.304269153,0.0083885294,-0.1319797156,0.9547598119,-0.07665173569,0.2219685978,0.1824504167
2397,79900000000,0,1,-1.307199874,0.01147656283,-0.1366963927,0.9560850576,-0.07745607324,0.2181887155,0.1797097763
2398,79933333333,0,0,-1.309485835,0.01808307539,-0.1448216811,0.9580096156,-0.08046246711,0.2114025427,0.176216721
2399,79966666667,0,0,-1.305914576,0.02668046679,-0.145753344,0.9590962464,-0.08409482332,0.2060809293,0.1749088376
2400,80000000000,0,0,-1.299926751,0.03539414517,-0.1458542527,0.9593439247,-0.08437825633,0.204456736,0.1753196709
2401,80033333333,0,0,-1.298552543,0.04283966472,-0.1519850509,0.9591751934,-0.08420154475,0.2054358714,0.1751831927
2402,80066666667,0,0,-1.293235402,0.04882227409,-0.1531490779,0.958538672,-0.08523883017,0.2079670986,0.1751788856
2403,80100000000,0,1,-1.293080158,0.0506225542,-0.154526636,0.9575190574,-0.0853505775,0.2125557925,0.1751929471
2404,80133333333,0,0,-1.292553254,0.05529232031,-0.1597840399,0.9571171652,-0.08509680867,0.2147988244,0.174776229
2405,80166666667,0,0,-1.288573266,0.05905574174,-0.1631173273,0.9571930402,-0.08528862086,0.215523947,0.1733688646
2406,80200000000,0,0,-1.290158685,0.06330478171,-0.1697855115,0.9571172931,-0.08456510219,0.2160674188,0.1734649858
2407,80233333333,0,0,-1.28767626,0.06792992311,-0.1726900668,0.95728439,-0.08534546053,0.214226932,0.1744407366
2408,80266666667,0,0,-1.287542941,0.07178809576,-0.1784482696,0.9581822649,-0.08493564423,0.2108506884,0.1738236773
2409,80300000000,0,0,-1.285137745,0.07910744739,-0.1824266842,0.959329062,-0.08607919422,0.2063332567,0.1723505448
2410,80333333333,0,1,-1.282630838,0.0858742946,-0.1798941077,0.9592959362,-0.08761093099,0.2057002482,0.1725196783
2411,80366666667,0,0,-1.276101113,0.0927169144,-0.17905591,0.9583903652,-0.08730723502,0.2075408108,0.1754769682
2412,80400000000,0,0,-1.273292389,0.09897834976,-0.1818184908,0.9569639174,-0.08637515759,0.2115483205,0.1789041675
2413,80433333333,0,0,-1.270795123,0.1036890264,-0.1864842953,0.9552259971,-0.08786265049,0.2149064681,0.1834084485
2414,80466666667,0,0,-1.262859716,0.1080977044,-0.1840432187,0.95374516,-0.08939218508,0.2180776393,0.1866047969
2415,80500000000,0,0,-1.26009343,0.1124095555,-0.1885639538,0.9528958229,-0.0896430491,0.2212960695,0.1870340186
2416,80533333333,0,1,-1.257512492,0.1166667403,-0.1907124126,0.9524011907,-0.09221774102,0.2236241753,0.1855265169
2417,80566666667,0,0,-1.252073624,0.1200495991,-0.1907742124,0.9520999626,-0.09456579681,0.2250371178,0.1841772704
2418,80600000000,0,0,-1.250459321,0.1240821933,-0.1939107749,0.9518158498,-0.09657566375,0.2264314791,0.1828893502
2419,80633333333,0,0,-1.247123455,0.1286062496,-0.1948651681,0.9516397837,-0.1004619096,0.2264587453,0.1816743336
2420,80666666667,0,0,-1.240044155,0.1326873946,-0.1928272994,0.9517368566,-0.1040850744,0.2255541392,0.1802458967
2421,80700000000,0,0,-1.231366022,0.137817421,-0.1905606603,0.9521605299,-0.1046754739,0.2256651559,0.1775066419
2422,80733333333,0,1,-1.227794224,0.1428621786,-0.1927744066,0.9520781204,-0.1042218879,0.2276126011,0.1757201031
2423,80766666667,0,0,-1.220802877,0.1453762942,-0.1914356154,0.9512629697,-0.1046858902,0.230818394,0.1756772491
2424,80800000000,0,0,-1.214722196,0.1474717775,-0.1911732876,0.9504981992,-0.1031764701,0.2345989546,0.1757017922
2425,80833333333,0,0,-1.210141146,0.148081398,-0.1936905481,0.9505507608,-0.1011161757,0.2357224027,0.1751105908
2426,80866666667,0,0,-1.20746539,0.1468813727,-0.1981618179,0.9511745273,-0.09959492423,0.233122081,0.1760737491
2427,80900000000,0,0,-1.202441871,0.148102686,-0.1991103464,0.9525371539,-0.09838164534,0.2275098962,0.176729368
2428,80933333333,0,1,-1.192738491,0.1577078351,-0.2023259149,0.9550087451,-0.09425358071,0.2211376006,0.1737029677
2429,80966666667,0,0,-1.186921747,0.1593642528,-0.2015670016,0.9561499868,-0.09252029086,0.2178140252,0.1725521627
2430,81000000000,0,0,-1.180580885,0.1613812637,-0.2019807185,0.9570412356,-0.08966478018,0.21636027,0.170940148
2431,81033333333,0,0,-1.175602016,0.1613101721,-0.2065757697,0.9579891939,-0.0882933848,0.2145874589,0.1685621696
2432,81066666667,0,0,-1.168884563,0.1630466044,-0.2090181558,0.9587622153,-0.08743212639,0.211858338,0.1680674933
2433,81100000000,0,0,-1.161716581,0.1653215709,-0.209271735,0.9594074944,-0.08451606784,0.2092226315,0.1691750111
2434,81133333333,0,1,-1.153131975,0.1689890418,-0.2181415198,0.9608511749,-0.08064688197,0.2034792672,0.1698743299
2435,81166666667,0,0,-1.14754461,0.1727479136,-0.2201946178,0.9623444733,-0.07923194816,0.1979350454,0.1686331253
2436,81200000000,0,0,-1.142534631,0.1763771378,-0.2235962054,0.9636074498,-0.07724823657,0.1942591015,0.166603704
2437,81233333333,0,0,-1.140195066,0.1797298715,-0.2278558799,0.9637043156,-0.07734801419,0.1938272514,0.1665000705
2438,81266666667,0,0,-1.136199087,0.1858121477,-0.2297447614,0.9626972311,-0.07901859214,0.1963292403,0.1685969533
2439,81300000000,0,0,-1.130291377,0.1912941898,-0.2301759502,0.961252407,-0.08030171646,0.2001768515,0.1716818933
2440,81333333333,0,1,-1.117620305,0.1981682409,-0.2339653872,0.9601563558,-0.07964247079,0.2010825085,0.1769821289
2441,81366666667,0,0,-1.112647783,0.2005351831,-0.2367429236,0.9589971423,-0.07961927409,0.2011869663,0.183054792
2442,81400000000,0,0,-1.106102947,0.2029275127,-0.2403372726,0.9587903722,-0.07979179606,0.1973544824,0.1881634921
2443,81433333333,0,0,-1.100701456,0.2083927939,-0.2431072297,0.9593869594,-0.07975670247,0.1921722451,0.1904871619
2444,81466666667,0,0,-1.096658572,0.2119520808,-0.2474360173,0.9597675042,-0.08029692041,0.1876820123,0.1928061327
2445,81500000000,0,0,-1.091378272,0.2164088691,-0.2507561185,0.960173816,-0.08242531278,0.1836453213,0.1937697266
2446,81533333333,0,1,-1.082032859,0.227098859,-0.2562139785,0.9609652698,-0.08330010794,0.1800632898,0.1928316723
2447,81566666667,0,0,-1.077067197,0.2327767971,-0.2596679631,0.9613100207,-0.08467703933,0.1789990757,0.1914998016
2448,81600000000,0,0,-1.072852097,0.2358779311,-0.266764491,0.9617202934,-0.08816263076,0.1768441518,0.1898619863
2449,81633333333,0,0,-1.067837044,0.2425116694,-0.269298034,0.9625574211,-0.09092512079,0.1753100582,0.1856938796
2450,81666666667,0,0,-1.065134692,0.2457425782,-0.2765050011,0.9635427453,-0.09436759836,0.1727613182,0.1812006109
2451,81700000000,0,0,-1.062076595,0.2491316579,-0.2802076715,0.9643866651,-0.0979985833,0.1696556501,0.1776839841
2452,81733333333,0,1,-1.057406945,0.2555265074,-0.2874413072,0.9652688074,-0.09988859147,0.1658203674,0.1754480109
2453,81766666667,0,0,-1.053927996,0.2588020779,-0.2941759664,0.9658293046,-0.1022221999,0.1614758995,0.175071157
2454,81800000000,0,0,-1.051150525,0.2643969695,-0.2995754107,0.9663891428,-0.1045026565,0.1579148505,0.1738796118
2455,81833333333,0,0,-1.048879994,0.2685435946,-0.3033455521,0.9666360986,-0.1059396903,0.157143051,0.1723296155
2456,81866666667,0,0,-1.046626067,0.2718477061,-0.3101381584,0.9663432903,-0.106968576,0.1576045843,0.1729137477
2457,81900000000,0,0,-1.044043593,0.278107553,-0.3171436663,0.9662441189,-0.1071031132,0.158406476,0.1726517135
2458,81933333333,0,1,-1.038026265,0.2844595586,-0.3225161059,0.9665826139,-0.1078119817,0.1587780536,0.1699533958
2459,81966666667,0,0,-1.037343871,0.2869673901,-0.3293139257,0.9666433428,-0.1080594433,0.1592826306,0.1689758804
2460,82000000000,0,0,-1.037258038,0.2892623055,-0.3384418857,0.9669640878,-0.1091859201,0.1574301846,0.1681506012
2461,82033333333,0,0,-1.037551863,0.2951490321,-0.344811497,0.9673688902,-0.1101011081,0.1551098368,0.1673801506
2462,82066666667,0,0,-1.036846206,0.3008454503,-0.3509770595,0.967423291,-0.111364668,0.1540013471,0.1672533162
2463,82100000000,0,0,-1.036553251,0.3049084454,-0.3571310778,0.9670740857,-0.1131079755,0.1545201593,0.1676240408
2464,82133333333,0,0,-1.034871384,0.309244771,-0.3627392773,0.9666827257,-0.1149874178,0.1552389627,0.1679382804
2465,82166666667,0,1,-1.03313139,0.3145923435,-0.3701015212,0.966575129,-0.115944526,0.1552206811,0.1679164287
2466,82200000000,0,0,-1.032869176,0.3202993373,-0.3760163507,0.9664906877,-0.1176934022,0.1551842813,0.1672179788
2467,82233333333,0,0,-1.032672958,0.3256724626,-0.3808867776,0.9661523649,-0.1191341403,0.156382666,0.167036302
2468,82266666667,0,0,-1.033056825,0.3289495593,-0.3877610489,0.9655262453,-0.120493638,0.1577635938,0.168377556
2469,82300000000,0,0,-1.032076859,0.3332543755,-0.3943183289,0.9649112464,-0.1229242148,0.1578799213,0.1700289813
2470,82333333333,0,0,-1.030070376,0.3379040411,-0.3972547575,0.9643093887,-0.1240749656,0.1589242606,0.171627169
2471,82366666667,0,1,-1.028645652,0.3419887829,-0.4045814222,0.9638955319,-0.1244866528,0.1600218077,0.1726311038
2472,82400000000,0,0,-1.026176397,0.3451346901,-0.4092925855,0.9637566947,-0.1255975984,0.1606518144,0.1720153225
2473,82433333333,0,0,-1.025510886,0.3484707394,-0.4145474895,0.9638274565,-0.1256574131,0.1620240528,0.1702793439
2474,82466666667,0,0,-1.024863891,0.3501573121,-0.4205843561,0.9635745532,-0.1262192477,0.1636470108,0.1697422687
2475,82500000000,0,0,-1.024819779,0.3518839624,-0.4243733311,0.9628925292,-0.1265666075,0.165899238,0.1711616602
2476,82533333333,0,0,-1.0223618,0.3547954141,-0.4276649,0.962417018,-0.1262310615,0.1674422244,0.1725755027
2477,82566666667,0,0,-1.018476641,0.3561413276,-0.4320543738,0.9622655793,-0.1260574884,0.1681559702,0.1728526371
2478,82600000000,0,0,-1.016280835,0.3574247654,-0.4355222779,0.9621454319,-0.1260142064,0.1694951601,0.1722439501
2479,82633333333,0,1,-1.015248779,0.3633815679,-0.4389526204,0.9617993709,-0.1248037968,0.1716558943,0.1729168483
2480,82666666667,0,0,-1.011797787,0.3641451558,-0.440800809,0.9610300572,-0.1251929078,0.1737055213,0.1748552455
2481,82700000000,0,0,-1.007309607,0.3646171816,-0.4424737624,0.9605091167,-0.1253611704,0.1754439343,0.1758585781
2482,82733333333,0,0,-1.004624197,0.3642450356,-0.4423236145,0.9598884051,-0.1252042109,0.1774861379,0.1773043321
2483,82766666667,0,0,-1.001446292,0.3627366818,-0.4440388532,0.9593569446,-0.1250616482,0.1783402063,0.1794118387
2484,82800000000,0,0,-0.9953986688,0.3607929666,-0.4427645181,0.9594017459,-0.1256428878,0.1772359779,0.1798598422
2485,82833333333,0,0,-0.9910135578,0.3593602379,-0.4437805469,0.9597483303,-0.1252843586,0.1758340718,0.1796367201
2486,82866666667,0,0,-0.9858377605,0.3556372203,-0.4433410806,0.9599152343,-0.1253759827,0.1749281325,0.1795654596
2487,82900000000,0,0,-0.9832837773,0.3546190117,-0.444609446,0.9598052379,-0.1243161341,0.1750974561,0.1807215675
2488,82933333333,0,0,-0.9767748633,0.3517716707,-0.4451642222,0.9597707087,-0.1250711985,0.1740454127,0.1813989423
2489,82966666667,0,0,-0.9699891672,0.3505517819,-0.443975244,0.9600830677,-0.125424853,0.1736315608,0.1798921635
2490,83000000000,0,0,-0.9653600022,0.3482452038,-0.4437731158,0.9603084164,-0.1255257693,0.1745393354,0.1777274513
2491,83033333333,0,1,-0.9597476433,0.3461083679,-0.4419358488,0.9603559219,-0.1259011071,0.1753769584,0.1763755567
2492,83066666667,0,0,-0.9546735558,0.342570427,-0.4396637891,0.9604211736,-0.1264067624,0.1759412262,0.1750919319
2493,83100000000,0,0,-0.9487888826,0.3395787873,-0.4373664391,0.9607799313,-0.1268285322,0.1750089346,0.1737478628
2494,83133333333,0,0,-0.9419153526,0.3364891727,-0.432699194,0.9612682918,-0.1267570318,0.1743818049,0.1717175362
2495,83166666667,0,0,-0.9380866882,0.3330760674,-0.4298544724,0.9614010649,-0.1254120874,0.1746002973,0.1717397358
2496,83200000000,0,0,-0.9276554348,0.328356161,-0.4256951056,0.9616069694,-0.1251614366,0.1724516674,0.1729366173
2497,83233333333,0,1,-0.9236212853,0.3274054382,-0.4224321067,0.9620656962,-0.1221228199,0.1718248434,0.1731815124
2498,83266666667,0,0,-0.9173221443,0.3227003219,-0.419775953,0.9623188862,-0.1202544251,0.1704662748,0.174420422
2499,83300000000,0,0,-0.9104582545,0.3191889356,-0.4170617311,0.9623603637,-0.1186377816,0.1693195591,0.176404348
2500,83333333333,0,0,-0.901399007,0.3152321434,-0.4148972735,0.9625440002,-0.1177026528,0.1675474063,0.1777160651
2501,83366666667,0,0,-0.8916314571,0.3118595546,-0.4121811514,0.9630769597,-0.1176830884,0.165718294,0.176552846
2502,83400000000,0,0,-0.8838887576,0.3086648752,-0.4090301365,0.9637022143,-0.1172320171,0.1657600921,0.1733732627
2503,83433333333,0,1,-0.8746078634,0.3003800187,-0.4076585563,0.9641183525,-0.1185884173,0.1660682507,0.1698055528
2504,83466666667,0,0,-0.8677028739,0.2962143082,-0.4036612839,0.9643469001,-0.1187641919,0.1676788606,0.1667750664
2505,83500000000,0,0,-0.859291405,0.291251652,-0.3993203359,0.9645198057,-0.1189020708,0.1687824138,0.1645488946
2506,83533333333,0,0,-0.8526543615,0.2868584528,-0.3960514134,0.9647906852,-0.1180038379,0.1695535401,0.1628054822
2507,83566666667,0,0,-0.8466230968,0.2822948385,-0.3920181607,0.9648093667,-0.1174152549,0.1696725361,0.1629962403
2508,83600000000,0,0,-0.8382293188,0.2778250107,-0.3885316386,0.964804201,-0.1166987455,0.1690953042,0.1641372431
2509,83633333333,0,1,-0.8248200398,0.2728996946,-0.3854043655,0.9650795461,-0.116716401,0.1668832795,0.1647686936
2510,83666666667,0,0,-0.8177585057,0.269065751,-0.380322369,0.9653550631,-0.1156792246,0.165478002,0.1653026012
2511,83700000000,0,0,-0.8115999001,0.264145511,-0.3779149149,0.9660354037,-0.1139858563,0.1626480836,0.1653131097
2512,83733333333,0,0,-0.8053286366,0.2599283404,-0.375881008,0.9668045282,-0.1135544451,0.1586340419,0.1650140385
2513,83766666667,0,0,-0.7992814082,0.2557688918,-0.3732050698,0.967389419,-0.1143776898,0.1550939614,0.1643816268
2514,83800000000,0,0,-0.7931761987,0.2528521977,-0.3668399738,0.9674573192,-0.1145223475,0.1536741708,0.1652126407
2515,83833333333,0,1,-0.7852312267,0.2479586501,-0.3656113259,0.9674978909,-0.113861802,0.1516073822,0.1673275912
2516,83866666667,0,0,-0.7769674054,0.2440563219,-0.3641918094,0.9676472607,-0.1153904315,0.1482575298,0.1684147618
2517,83900000000,0,0,-0.7688119427,0.2454826069,-0.3587674637,0.9683895618,-0.1155648273,0.1460547993,0.1659349961
2518,83933333333,0,0,-0.7621776005,0.2420021604,-0.3565620556,0.9689203347,-0.1156914779,0.1453890446,0.1633122549
2519,83966666667,0,0,-0.7544549462,0.238373917,-0.3553908818,0.9691994779,-0.1179471735,0.1442496576,0.1610368675
2520,84000000000,0,0,-0.74631636,0.2359531406,-0.3517867039,0.9693176461,-0.1205294815,0.1429897264,0.1595301955
2521,84033333333,0,1,-0.7343550363,0.2331467187,-0.3500340315,0.9697000017,-0.1217883748,0.1403652663,0.1585783418
2522,84066666667,0,0,-0.7272933784,0.2276098584,-0.3499831745,0.9698534828,-0.1234151907,0.1377792366,0.1586499122
2523,84100000000,0,0,-0.7175658257,0.2261942721,-0.3451649847,0.9702965017,-0.1258752969,0.1334117738,0.1577384131
2524,84133333333,0,0,-0.7079318845,0.2242848251,-0.3414080766,0.9710772863,-0.1262000446,0.1293031514,0.1560869881
2525,84166666667,0,0,-0.6995187753,0.2215363888,-0.3394058594,0.971927971,-0.126859672,0.1251065073,0.1536587277
2526,84200000000,0,0,-0.6911707368,0.2203813973,-0.3358455322,0.9728477223,-0.1265298236,0.1219013196,0.1506571644
2527,84233333333,0,1,-0.6752134723,0.2151253317,-0.338373706,0.9739972743,-0.1279485425,0.1168171945,0.1459870655
2528,84266666667,0,0,-0.667680008,0.2158578172,-0.3350761696,0.9749490938,-0.1295825657,0.1157455823,0.1388725434
2529,84300000000,0,0,-0.6600201661,0.2130237495,-0.331893763,0.9755382687,-0.1304890846,0.1177818022,0.1320042885
2530,84333333333,0,0,-0.64947943,0.2042309084,-0.33619566,0.9758342625,-0.1340572226,0.1173343927,0.1265258606
2531,84366666667,0,0,-0.6406249617,0.199891552,-0.3344015261,0.9760643544,-0.1391509437,0.1150732038,0.121216949
2532,84400000000,0,0,-0.6319613284,0.1951597782,-0.3326373834,0.9763989265,-0.1415309644,0.1114284699,0.1191545997
2533,84433333333,0,1,-0.6181214951,0.1830947873,-0.333201548,0.9763894687,-0.1468154721,0.1040043187,0.1195488363
2534,84466666667,0,0,-0.6107912206,0.1801975478,-0.331288296,0.9765113435,-0.1495608614,0.09805302037,0.1201779926
2535,84500000000,0,0,-0.60183757,0.1799928217,-0.3293550462,0.9766469476,-0.1502959944,0.09334783128,0.1218935443
2536,84533333333,0,0,-0.5927471697,0.1796660773,-0.3276358811,0.9767082199,-0.1504936526,0.09164140218,0.1224523057
2537,84566666667,0,0,-0.5835410448,0.1808910835,-0.3237050273,0.9765979596,-0.1495068707,0.09424914391,0.1225610861
2538,84600000000,0,0,-0.574985188,0.1794914588,-0.3247707811,0.9763951187,-0.1488492521,0.09847936358,0.1216482114
2539,84633333333,0,1,-0.5624648673,0.1729432148,-0.324392855,0.9758828489,-0.1505374261,0.1017581766,0.1209810811
2540,84666666667,0,0,-0.5531881326,0.167811383,-0.3242610456,0.9756890619,-0.1503409792,0.1053620941,0.1196965899
2541,84700000000,0,0,-0.5442299548,0.1625460354,-0.3268099908,0.9753531661,-0.1519866921,0.1067064015,0.1191637138
2542,84733333333,0,0,-0.5368617447,0.1613845536,-0.3244843856,0.9749686544,-0.1538729585,0.1076998337,0.1189957203
2543,84766666667,0,0,-0.5267126754,0.1590821559,-0.323765095,0.9748063051,-0.155261446,0.1072796418,0.1189017638
2544,84800000000,0,0,-0.5205652417,0.1572387998,-0.322827716,0.9746649124,-0.1569476902,0.1075774534,0.1175705006
2545,84833333333,0,1,-0.5112111854,0.1543036769,-0.3155241699,0.974402947,-0.1583853987,0.1082428182,0.1172026218
2546,84866666667,0,0,-0.5051812042,0.1507716187,-0.3141738286,0.9742172614,-0.1574166616,0.1099498902,0.1184556625
2547,84900000000,0,0,-0.4997748529,0.148955654,-0.3133453094,0.9743092974,-0.1567741688,0.1099989103,0.1185052437
2548,84933333333,0,0,-0.4950301436,0.1457171899,-0.3099477556,0.9745079917,-0.1560768677,0.1099433169,0.117841642
2549,84966666667,0,0,-0.4893264703,0.1427209624,-0.3079595242,0.9749179163,-0.1541112812,0.1095565715,0.1173973048
2550,85000000000,0,0,-0.4855529554,0.1383717031,-0.3057990883,0.9750838232,-0.1528374454,0.1096763991,0.1175727028
2551,85033333333,0,1,-0.4784793845,0.1330134284,-0.2993580564,0.9751280923,-0.1525026054,0.1090602989,0.1182117178
2552,85066666667,0,0,-0.4743516908,0.1292327471,-0.2959934488,0.9753485987,-0.1508266488,0.1091680427,0.1184431149
2553,85100000000,0,0,-0.4701575679,0.1248155532,-0.293012192,0.9755398074,-0.1491255498,0.1096954278,0.1185350907
2554,85133333333,0,0,-0.4667944123,0.122459678,-0.2891750786,0.9758293718,-0.1470049391,0.1116347263,0.1169797969
2555,85166666667,0,0,-0.4629313482,0.1176635983,-0.2855433142,0.976094415,-0.1446697752,0.1146460647,0.114745932
2556,85200000000,0,0,-0.4594156903,0.1115845562,-0.2825170565,0.9763343215,-0.1425196025,0.1169253102,0.1130837186
2557,85233333333,0,1,-0.4550772445,0.1053643242,-0.2791527393,0.9763194033,-0.1413035667,0.1176900805,0.1139419578
2558,85266666667,0,0,-0.4507670393,0.09894686421,-0.2751745822,0.9761758485,-0.1411360803,0.1173643735,0.1157018732
2559,85300000000,0,0,-0.447245686,0.09343152854,-0.2709656047,0.9762014062,-0.142029443,0.1160246297,0.1157442751
2560,85333333333,0,0,-0.4446823351,0.0883619475,-0.2658139237,0.9760895982,-0.1436718578,0.1147665934,0.1159142902
2561,85366666667,0,0,-0.4400881498,0.08570137724,-0.2600258257,0.9759231158,-0.144744833,0.1138596509,0.1168716612
2562,85400000000,0,0,-0.4348572677,0.08157042889,-0.2548522946,0.9759154563,-0.1442707079,0.113736029,0.1176397074
2563,85433333333,0,1,-0.432019356,0.07719518652,-0.2485500517,0.9759259625,-0.144026654,0.1147950258,0.1168201214
2564,85466666667,0,0,-0.428228164,0.07207096098,-0.2426140329,0.9760400159,-0.1428775106,0.1165222481,0.1155615418
2565,85500000000,0,0,-0.4241803694,0.06657448622,-0.2375464643,0.9759758756,-0.1412384554,0.1184992271,0.1161065119
2566,85533333333,0,0,-0.4210631469,0.06109393429,-0.232620294,0.9758324152,-0.1398755127,0.1204648235,0.1169365842
2567,85566666667,0,0,-0.4183016508,0.05480167711,-0.2267772116,0.9756955495,-0.1384016314,0.1225885678,0.1176232386
2568,85600000000,0,0,-0.4145384573,0.0474228994,-0.221526337,0.975783564,-0.1363767504,0.1241074805,0.1176654218
2569,85633333333,0,1,-0.4110546202,0.04107802671,-0.2161926616,0.9759074288,-0.1346657044,0.1256029541,0.1170202391
2570,85666666667,0,0,-0.4090507454,0.03479115054,-0.211359982,0.975921057,-0.1332899859,0.1276400167,0.1162750886
2571,85700000000,0,0,-0.4065994963,0.02893221316,-0.2061449933,0.9759889273,-0.1319323858,0.1291244458,0.1156128749
2572,85733333333,0,0,-0.4050529888,0.02278791269,-0.2002087201,0.9762692113,-0.1303620662,0.1307185366,0.1132114085
2573,85766666667,0,0,-0.402725348,0.01539758019,-0.1959052892,0.9764369861,-0.1296646761,0.1312707916,0.111919003
2574,85800000000,0,0,-0.4003296716,0.009196868021,-0.1897063121,0.9764595889,-0.1293174877,0.1303870356,0.1131498102
2575,85833333333,0,1,-0.3991110252,0.003342752465,-0.1847097192,0.9765840462,-0.1286748206,0.1284237742,0.1150379309
2576,85866666667,0,0,-0.3975611838,-0.001847515668,-0.1788893956,0.9768574641,-0.1280679171,0.1261043304,0.1159560318
2577,85900000000,0,0,-0.3938473977,-0.007991097786,-0.1745237767,0.9771937805,-0.1268049663,0.1242321228,0.1165298056
2578,85933333333,0,0,-0.3917311647,-0.01387264659,-0.1702150226,0.9772602119,-0.1250312226,0.1233237834,0.1188314604
2579,85966666667,0,0,-0.389705759,-0.01728291447,-0.1664620449,0.9774643812,-0.1228671659,0.1224460824,0.1203079383
2580,86000000000,0,0,-0.3875115816,-0.02271994637,-0.1626418829,0.9777954113,-0.1215231181,0.1222368619,0.1191906667
2581,86033333333,0,0,-0.3866968373,-0.0275392983,-0.1589658387,0.9781406658,-0.1198557951,0.122955862,0.1172914417
2582,86066666667,0,0,-0.3849210353,-0.03376417655,-0.1553584841,0.978207457,-0.119197375,0.1230354123,0.1173219677
2583,86100000000,0,0,-0.3840181949,-0.03842647405,-0.1512086576,0.9785051521,-0.1179133171,0.1228513918,0.1163256312
2584,86133333333,0,0,-0.3825196977,-0.04357114293,-0.1480472508,0.9789940619,-0.1176650972,0.1215604398,0.1137919646
2585,86166666667,0,1,-0.3838965403,-0.04900028892,-0.1432679864,0.9792301225,-0.1181195022,0.119106816,0.113884664
2586,86200000000,0,0,-0.3827715626,-0.05349302559,-0.1400604837,0.9792473119,-0.1179791689,0.1148136203,0.1182093498
2587,86233333333,0,0,-0.3796060592,-0.0583860534,-0.1371513244,0.9792951197,-0.1176068477,0.1114143107,0.1213941895
2588,86266666667,0,0,-0.3757163154,-0.06364953368,-0.1355055212,0.9796092892,-0.1167011287,0.1096828696,0.1213101611
2589,86300000000,0,0,-0.3727078309,-0.06917753441,-0.1335523826,0.9798383713,-0.1154619425,0.110494683,0.1199009219
2590,86333333333,0,0,-0.3715006423,-0.0731800301,-0.1312581857,0.9798487079,-0.1131427963,0.1123775403,0.1202767878
2591,86366666667,0,0,-0.3720060796,-0.07724198361,-0.1292141428,0.9800161294,-0.1108989657,0.1132136697,0.1202184281
2592,86400000000,0,0,-0.3715560324,-0.08155410342,-0.1278441712,0.980498771,-0.1096015315,0.1122437228,0.1183681166
2593,86433333333,0,1,-0.3723959018,-0.08762192066,-0.1258260181,0.9810204388,-0.1085461739,0.1118048184,0.1153963147
2594,86466666667,0,0,-0.3715998934,-0.09081639173,-0.1247817681,0.9814939923,-0.1053951278,0.1112940197,0.114782626
2595,86500000000,0,0,-0.3704982326,-0.09135675294,-0.1248694382,0.9818642457,-0.1031616881,0.1109937402,0.1139326939
2596,86533333333,0,0,-0.3680163142,-0.09527933073,-0.124019587,0.9819909822,-0.1028553588,0.1113330985,0.1127804384
2597,86566666667,0,0,-0.3676154653,-0.1006383868,-0.1226491377,0.9823310696,-0.1003330704,0.1133264945,0.1100729323
2598,86600000000,0,0,-0.3720139956,-0.100090197,-0.1231683887,0.9830574318,-0.09536653025,0.1147674389,0.1064506725
2599,86633333333,0,0,-0.3738067111,-0.09894052762,-0.123407791,0.9837804587,-0.09350760897,0.1127810016,0.1035025691
2600,86666666667,0,0,-0.3751217992,-0.09871291607,-0.1234329297,0.9844482681,-0.09301133056,0.1094973664,0.1010981036
2601,86700000000,0,0,-0.3744280873,-0.09649123732,-0.1241848903,0.9849411113,-0.09332981865,0.105662396,0.1000800194
2602,86733333333,0,0,-0.3721055848,-0.0973506958,-0.124456012,0.9849709182,-0.09482077818,0.103317929,0.1008301339
2603,86766666667,0,0,-0.3695251647,-0.0953645784,-0.1257127573,0.98486471,-0.09470217315,0.1029545419,0.1023394536
2604,86800000000,0,0,-0.3673778348,-0.09344084196,-0.1269314887,0.9847052014,-0.09515477438,0.1041986693,0.102195267
2605,86833333333,0,0,-0.3668302653,-0.09090046722,-0.127644114,0.9846429382,-0.09519931555,0.1067421666,0.1001073641
2606,86866666667,0,0,-0.366334502,-0.08746894994,-0.129253389,0.9846416404,-0.09580116923,0.1086548876,0.09745302129
2607,86900000000,0,0,-0.3661447465,-0.08522533534,-0.1294981723,0.9846376884,-0.09726146826,0.1099127208,0.09459399126
2608,86933333333,0,0,-0.3650442384,-0.08257646386,-0.1307989242,0.9847816506,-0.09800155673,0.110071365,0.09211454925
2609,86966666667,0,0,-0.3628298133,-0.07790247853,-0.1328365219,0.9847592517,-0.09861928846,0.1102399903,0.09149096514
2610,87000000000,0,0,-0.3605671623,-0.0746378291,-0.1340158774,0.9844539793,-0.09955989099,0.1109722591,0.09286198617
2611,87033333333,0,0,-0.3592850326,-0.07105791595,-0.1352868275,0.984306936,-0.1000239877,0.111535509,0.0932463823
2612,87066666667,0,0,-0.3568713995,-0.06746479193,-0.1371577477,0.9844866235,-0.09973381224,0.1109076847,0.09240530446
2613,87100000000,0,1,-0.3512064445,-0.06414135119,-0.1423082529,0.9845309944,-0.1006746156,0.1091302667,0.09302648929
2614,87133333333,0,0,-0.3480901644,-0.05956819,-0.1452424284,0.9844233135,-0.1013644518,0.1082474084,0.09443773835
2615,87166666667,0,0,-0.3435822352,-0.05610547411,-0.1487778658,0.9842825412,-0.1028081776,0.1071013354,0.0956434084
2616,87200000000,0,0,-0.3398228767,-0.05345720085,-0.1515484453,0.9841284649,-0.102956455,0.1071494903,0.09700577184
2617,87233333333,0,0,-0.3370984845,-0.05043270092,-0.1556724973,0.983989411,-0.1021123627,0.1072949552,0.09912465362
2618,87266666667,0,0,-0.3335507646,-0.04823465916,-0.1598229428,0.9841296291,-0.1008482403,0.1065953295,0.09977946291
2619,87300000000,0,0,-0.3302479997,-0.04197743308,-0.165409185,0.9846124395,-0.09892241633,0.1051592645,0.09845927417
2620,87333333333,0,0,-0.3258744549,-0.0395632447,-0.170122778,0.9849663646,-0.09973806122,0.1039039738,0.095381046
2621,87366666667,0,1,-0.3197278469,-0.03704879409,-0.1769249735,0.9853724764,-0.09993560422,0.1028695969,0.09204240227
2622,87400000000,0,0,-0.3133374897,-0.03301231495,-0.1826502322,0.9855952838,-0.09989353443,0.1034078005,0.08905080093
2623,87433333333,0,0,-0.3092474788,-0.0279571367,-0.1873786471,0.9854802258,-0.1001989691,0.1045729568,0.08861934224
2624,87466666667,0,0,-0.3045293768,-0.02536441573,-0.1910895183,0.9853218692,-0.101481272,0.1044877407,0.0890206581
2625,87500000000,0,0,-0.2996062517,-0.02062802375,-0.1961293959,0.9853667606,-0.102115771,0.1032054098,0.08929367151
2626,87533333333,0,0,-0.2920500934,-0.01780803548,-0.2008781684,0.9854867867,-0.1035386136,0.1012707318,0.08854257503
2627,87566666667,0,0,-0.2859919399,-0.01427863257,-0.2057018832,0.9856500699,-0.1041182421,0.1001972086,0.08725738272
2628,87600000000,0,1,-0.2779451692,-0.01198809437,-0.2117992196,0.9858548004,-0.1045770962,0.09887938026,0.08588836702
2629,87633333333,0,0,-0.2708653413,-0.01051699284,-0.2174938777,0.9861089196,-0.1029666369,0.09898243702,0.08479119919
2630,87666666667,0,0,-0.2649654719,-0.006186991313,-0.2241297484,0.986419623,-0.1014278683,0.09894241029,0.08306090717
2631,87700000000,0,0,-0.2580805049,-0.00315781957,-0.2299231571,0.9866770738,-0.1014981507,0.09810925741,0.08087676421
2632,87733333333,0,0,-0.2521478973,-0.001234010949,-0.235524919,0.9869509987,-0.1014522654,0.09670427679,0.07926819586
2633,87766666667,0,0,-0.2462314816,0.002419538736,-0.2418673557,0.9873797411,-0.1009648938,0.0945038186,0.07717749304
2634,87800000000,0,0,-0.237263432,0.005562384377,-0.2491683671,0.987860833,-0.1013710988,0.09174816356,0.0737370294
2635,87833333333,0,1,-0.2291317532,0.008065288333,-0.2567774267,0.9882243099,-0.1012874109,0.09071001841,0.07018024144
2636,87866666667,0,0,-0.2225115342,0.01262532306,-0.2641728166,0.988671746,-0.1003096405,0.09027634891,0.06569882454
2637,87900000000,0,0,-0.2154799614,0.01646396367,-0.2704907689,0.9891190549,-0.1002453874,0.08964668595,0.05964754247
2638,87933333333,0,0,-0.2083829669,0.0218759045,-0.2780650941,0.9895965419,-0.09926441931,0.08914641925,0.0538347029
2639,87966666667,0,0,-0.2022384661,0.02725818392,-0.2846669766,0.9898041174,-0.09997649976,0.08891376424,0.04885541091
2640,88000000000,0,0,-0.1958086596,0.0322318598,-0.2907071947,0.989947846,-0.1007231156,0.08811160753,0.04576528018
2641,88033333333,0,1,-0.1888434899,0.03853379742,-0.2971226303,0.9900500554,-0.1019695187,0.08610764136,0.04459348788
2642,88066666667,0,0,-0.1824995773,0.04473884322,-0.3025888016,0.9901696763,-0.1032294213,0.0831863528,0.04458395872
2643,88100000000,0,0,-0.1747898613,0.05018894383,-0.3081469634,0.9901668852,-0.1054495674,0.07948594178,0.04617264579
2644,88133333333,0,0,-0.167148883,0.05459365328,-0.3134717453,0.9901219322,-0.1073184179,0.07627644123,0.04819980421
2645,88166666667,0,0,-0.1606057364,0.05975426801,-0.319549303,0.9901990159,-0.1080305517,0.07331791564,0.04959629151
2646,88200000000,0,0,-0.1518692925,0.06567923285,-0.3250953284,0.9902245259,-0.109600061,0.07033038186,0.04996851355
2647,88233333333,0,1,-0.1428229313,0.07213861552,-0.328350687,0.9901294088,-0.1109806539,0.06884143037,0.05087146228
2648,88266666667,0,0,-0.1351277774,0.07724106914,-0.3335178801,0.9898938555,-0.1129266707,0.06845275289,0.0516908362
2649,88300000000,0,0,-0.1284317293,0.08269942605,-0.3382178391,0.989700536,-0.1146918363,0.06880768277,0.05103072183
2650,88333333333,0,0,-0.1225697608,0.08737231298,-0.3429625897,0.989462718,-0.1165091222,0.06962299094,0.05041620054
2651,88366666667,0,0,-0.1160091576,0.09216405294,-0.3475403672,0.9892369919,-0.1179475763,0.06966308656,0.05143537184
2652,88400000000,0,0,-0.1100009171,0.09677985521,-0.3516315021,0.9889644578,-0.1199577967,0.06902674807,0.05286526561
2653,88433333333,0,1,-0.1015635529,0.1034031414,-0.3529934816,0.9888704702,-0.1212552416,0.06742402223,0.05372486164
2654,88466666667,0,0,-0.09591255905,0.1082521526,-0.3565811944,0.98871179,-0.1226895138,0.06697011271,0.05395631148
2655,88500000000,0,0,-0.08913020947,0.1125031883,-0.3593211419,0.9884897743,-0.1237461189,0.06687879529,0.05569641674
2656,88533333333,0,0,-0.08384879565,0.1158974571,-0.3623115108,0.9882671681,-0.1245994382,0.06713682422,0.05740759007
2657,88566666667,0,0,-0.07807884099,0.1192474997,-0.3642693105,0.988159216,-0.1256429528,0.06670174119,0.05749860894
2658,88600000000,0,0,-0.07190730409,0.122885468,-0.3662531533,0.9881072384,-0.1257358179,0.06667282347,0.05821790266
2659,88633333333,0,0,-0.06654731385,0.1249229842,-0.3680064194,0.9879540081,-0.1262726387,0.06659187212,0.05972956706
2660,88666666667,0,1,-0.05668074151,0.1301209995,-0.3681080132,0.9880843671,-0.1261767106,0.06463961299,0.05992029435
2661,88700000000,0,0,-0.04977073024,0.132194454,-0.3691659109,0.9880474751,-0.1257439185,0.0648072369,0.06124276276
2662,88733333333,0,0,-0.04413762722,0.1342355502,-0.3708777521,0.9879039737,-0.1254105472,0.06563338982,0.06332607311
2663,88766666667,0,0,-0.03705825303,0.1379961105,-0.3728080474,0.9876840403,-0.1259727109,0.06596801053,0.06526357541
2664,88800000000,0,0,-0.03132597811,0.1402610835,-0.3735044615,0.9872304365,-0.1277478974,0.06729900242,0.06728583934
2665,88833333333,0,0,-0.02484690183,0.1422759791,-0.3735446619,0.9869485899,-0.129199896,0.06825260567,0.06768640602
2666,88866666667,0,1,-0.01617893493,0.1452250285,-0.3736510479,0.9869054571,-0.1306389211,0.06816626654,0.06560831566
2667,88900000000,0,0,-0.008907802135,0.1476110619,-0.3736675488,0.9867737856,-0.1321681625,0.06984203653,0.06269898504
2668,88933333333,0,0,-0.001211068695,0.1505848582,-0.3742554657,0.9865053676,-0.1331237912,0.07217436992,0.06225814252
2669,88966666667,0,0,0.0049636114,0.1520913474,-0.3740927452,0.9861737105,-0.1340659412,0.07424829764,0.06304701806
2670,89000000000,0,0,0.01167112067,0.152952894,-0.3742865926,0.9860620202,-0.1346491877,0.07489476298,0.06278585069
2671,89033333333,0,0,0.01949134974,0.153721324,-0.3730711309,0.9858914345,-0.1358203827,0.07520158681,0.06257494959
2672,89066666667,0,1,0.0302834442,0.1558240233,-0.3736377784,0.9858262214,-0.1359557825,0.0750620294,0.0634695057
2673,89100000000,0,0,0.03809818821,0.1563762723,-0.3737055101,0.9854798911,-0.1376703118,0.07526263527,0.06489842234
2674,89133333333,0,0,0.04630899075,0.1568725498,-0.3708619412,0.9852331695,-0.139337185,0.07534508592,0.06499129594
2675,89166666667,0,0,0.05440178486,0.1565696662,-0.3694167572,0.9851824526,-0.1400576325,0.07491173077,0.06471187877
2676,89200000000,0,0,0.06263766358,0.1575035548,-0.3667081982,0.985357053,-0.1397396623,0.07377347536,0.06404513412
2677,89233333333,0,0,0.06953410778,0.1580671643,-0.3651844159,0.9857193417,-0.1381038339,0.07282659647,0.06309514419
2678,89266666667,0,0,0.07699736445,0.1577536447,-0.3640625956,0.9861318315,-0.135341547,0.07170016642,0.06391997026
2679,89300000000,0,0,0.08239888505,0.1576497244,-0.3642546036,0.9866900638,-0.1316215548,0.06990322345,0.06505400498
2680,89333333333,0,1,0.09125574758,0.1606893653,-0.3655736343,0.9873191596,-0.1290482154,0.06566776109,0.06507826368
2681,89366666667,0,0,0.09714766978,0.1631374514,-0.3647015684,0.9874628945,-0.1287318104,0.06360759075,0.06556849354
2682,89400000000,0,0,0.104288968,0.1650017461,-0.3648271537,0.9874709628,-0.1282791858,0.06284356227,0.0670539699
2683,89433333333,0,0,0.1115265596,0.1671394158,-0.363939295,0.9873321661,-0.1285705148,0.06275212469,0.06860748756
2684,89466666667,0,0,0.1186392966,0.1678736494,-0.3628260096,0.9872733703,-0.1287035388,0.06257682664,0.06936016203
2685,89500000000,0,0,0.1252909075,0.1687508561,-0.3634784076,0.9872848962,-0.1291662018,0.06152860216,0.06927378462
2686,89533333333,0,0,0.1319878406,0.1709644351,-0.3625371611,0.987204807,-0.1301213986,0.0600612249,0.06991237384
2687,89566666667,0,0,0.1388210251,0.1731301754,-0.362035878,0.9871230842,-0.1307218772,0.05882903375,0.07098557801
2688,89600000000,0,0,0.1460977092,0.173890621,-0.3617758957,0.9871358416,-0.1314551472,0.05764826098,0.07042054004
2689,89633333333,0,1,0.155660823,0.1762678548,-0.3640272112,0.987420297,-0.1315565281,0.055424968,0.06798610122
2690,89666666667,0,0,0.1616367464,0.1780281502,-0.3633490534,0.9877127746,-0.1311620666,0.05490291927,0.06485103392
2691,89700000000,0,0,0.1683436317,0.1804097431,-0.3638983936,0.9880429987,-0.1302853191,0.05399824401,0.06229733548
2692,89733333333,0,0,0.1754075591,0.1825279954,-0.3639895898,0.9883199083,-0.1298724483,0.05258212027,0.05993351846
2693,89766666667,0,0,0.1818189843,0.1853052385,-0.363928841,0.9886258581,-0.1295230579,0.0501986214,0.05764363358
2694,89800000000,0,0,0.1893196858,0.1875480088,-0.3654670914,0.9888465721,-0.130103739,0.04614408899,0.05591240468
2695,89833333333,0,1,0.1984541614,0.1919468996,-0.3656600533,0.9890624886,-0.1303095608,0.04156598044,0.05520037342
2696,89866666667,0,0,0.2062729278,0.1940168842,-0.3675762321,0.9891750302,-0.1309054938,0.03642885535,0.05540261632
2697,89900000000,0,0,0.2139510304,0.1969851431,-0.3692134262,0.9892303199,-0.1322485053,0.03085142704,0.05460674427
2698,89933333333,0,0,0.2228219736,0.1994727739,-0.3705055234,0.9893118703,-0.1334276688,0.02563956771,0.05293102105
2699,89966666667,0,0,0.2303918665,0.2005712386,-0.3731394548,0.9892378555,-0.1350711001,0.02164743508,0.05191966611
2700,90000000000,0,0,0.2398955785,0.2026704945,-0.3746741393,0.9891928979,-0.1370356507,0.01739936994,0.04915183683
2701,90033333333,0,1,0.2484400012,0.2038336807,-0.3773546414,0.9891550795,-0.1390204313,0.01386662201,0.04531296884
2702,90066666667,0,0,0.2572960539,0.2067643244,-0.3788986769,0.989257317,-0.1401089661,0.01024467379,0.04042876543
2703,90100000000,0,0,0.2655563187,0.2078478426,-0.3822592681,0.9892508571,-0.1416817123,0.006112202239,0.03566055293
2704,90133333333,0,0,0.2741754405,0.2107871217,-0.3845523376,0.9891529602,-0.1433318063,0.001002647662,0.03211556124
2705,90166666667,0,0,0.2829709476,0.2119589624,-0.388300819,0.9888165768,-0.1459878235,-0.004698517577,0.03012070222
2706,90200000000,0,0,0.2920380578,0.216709882,-0.391510651,0.9885330512,-0.1482201074,-0.01046366256,0.02690201063
2707,90233333333,0,1,0.2982707994,0.2179335879,-0.3937792395,0.9880878291,-0.1513510549,-0.0138813574,0.02413727456
2708,90266666667,0,0,0.3068585111,0.2231406322,-0.3962366943,0.987851953,-0.153078239,-0.01660757158,0.02097046234
2709,90300000000,0,0,0.3160998421,0.2255022371,-0.3988233753,0.9876094556,-0.1547205721,-0.01851934695,0.01860487866
2710,90333333333,0,0,0.3240852562,0.2285420236,-0.4019467539,0.9872776682,-0.1566765343,-0.0206239562,0.0176045981
2711,90366666667,0,0,0.331720229,0.2327826746,-0.4040037491,0.9869058991,-0.158630295,-0.02349518329,0.01735373504
2712,90400000000,0,0,0.3400923193,0.2361432174,-0.4068142723,0.986502412,-0.1605411636,-0.02709374898,0.01747726211
2713,90433333333,0,0,0.3482016476,0.2398792994,-0.4082921966,0.9861352617,-0.162300262,-0.03047042485,0.01635309765
2714,90466666667,0,1,0.3529140055,0.2415649877,-0.4079131985,0.9858771825,-0.1637805462,-0.03162050546,0.01490829435
2715,90500000000,0,0,0.3595752749,0.2461054115,-0.4110938971,0.985713198,-0.1646262783,-0.03247285729,0.01460114043
2716,90533333333,0,0,0.3673384793,0.2485666115,-0.4125142695,0.9853939271,-0.1662408016,-0.03358642422,0.0153217623
2717,90566666667,0,0,0.3742589544,0.2508993999,-0.4153597828,0.9851236236,-0.1674036442,-0.03529402276,0.01618017307
2718,90600000000,0,0,0.3812409794,0.2548075864,-0.4175941427,0.9848992711,-0.168264639,-0.03747264885,0.01600742241
2719,90633333333,0,0,0.3873855633,0.2570851523,-0.4195068212,0.984671925,-0.1691832759,-0.03928101651,0.01597563704
2720,90666666667,0,1,0.3930238704,0.259179699,-0.4215573551,0.9844743758,-0.1700293257,-0.04074487317,0.01549474354
2721,90700000000,0,0,0.3988976029,0.2627249911,-0.4233661793,0.9844703715,-0.1697571923,-0.04213868349,0.014997158
2722,90733333333,0,0,0.4044462436,0.2642386518,-0.4258065178,0.9844841877,-0.1692960246,-0.04361948073,0.01506921376
2723,90766666667,0,0,0.4097589642,0.2661185549,-0.4306212792,0.9843576571,-0.1694683019,-0.04576473049,0.01503619249
2724,90800000000,0,0,0.414984785,0.269759431,-0.4321770556,0.9842551928,-0.1695471092,-0.0478536976,0.01433585895
2725,90833333333,0,0,0.4198746548,0.2713888597,-0.4340802159,0.9842371168,-0.1693869876,-0.04908107361,0.01328135861
2726,90866666667,0,0,0.4248410623,0.2729573956,-0.4363010477,0.9841991687,-0.1693412538,-0.05011713454,0.01279878324
2727,90900000000,0,1,0.4279186685,0.2732275041,-0.4369427025,0.9840732798,-0.1699250243,-0.05059296276,0.01286927465
2728,90933333333,0,0,0.4314251969,0.274242324,-0.4394565327,0.9839866343,-0.1701901272,-0.05129095752,0.01322353013
2729,90966666667,0,0,0.4362489198,0.2763556689,-0.4390261411,0.9838535952,-0.1706431995,-0.05240341116,0.01291836212
2730,91000000000,0,0,0.4402251159,0.278361095,-0.4408580214,0.9839599024,-0.170007878,-0.0524277642,0.01309814646
2731,91033333333,0,0,0.4450912203,0.2804558807,-0.4404646083,0.9840810376,-0.1693022909,-0.05231826705,0.01356630688
2732,91066666667,0,0,0.4499065251,0.280399967,-0.4401931232,0.9842246589,-0.1683007053,-0.05271896968,0.01405003938
2733,91100000000,0,0,0.4544023356,0.2816206523,-0.4390990672,0.9843965509,-0.1669450913,-0.05377462332,0.01417945772
2734,91133333333,0,0,0.4576966164,0.2810477443,-0.4402655801,0.9845278132,-0.1657786956,-0.05471971388,0.01510503508
2735,91166666667,0,1,0.4609482819,0.2793626432,-0.4397884064,0.9844386228,-0.1658989254,-0.05560264035,0.01632454633
2736,91200000000,0,0,0.4649480193,0.2799644982,-0.4412109089,0.9842951432,-0.1665128773,-0.0559877533,0.01737539382
2737,91233333333,0,0,0.4695755066,0.2817492631,-0.4396712712,0.9842847518,-0.1666748056,-0.05543205484,0.01817481609
2738,91266666667,0,0,0.4747220061,0.2816449122,-0.439720872,0.9842534928,-0.1672170023,-0.05433722337,0.01819346428
2739,91300000000,0,0,0.4795852238,0.2827475441,-0.4382676454,0.9842194679,-0.1678440523,-0.05352375014,0.0166018467
2740,91333333333,0,0,0.4845656914,0.2835975496,-0.435897476,0.9842807836,-0.1677463838,-0.05335395316,0.01434731466
2741,91366666667,0,0,0.4902010295,0.282503116,-0.4354536065,0.984228806,-0.1680499144,-0.05376241839,0.01274700229
2742,91400000000,0,0,0.4958814897,0.2831396633,-0.4339785508,0.9841301984,-0.1685189313,-0.05436031868,0.01157921192
2743,91433333333,0,0,0.5020326609,0.2827405139,-0.4325875521,0.9839382856,-0.1695983089,-0.05453410334,0.01130907883
2744,91466666667,0,1,0.5077171622,0.2818700487,-0.4287706513,0.9837630788,-0.1706310047,-0.05440128568,0.01165182955
2745,91500000000,0,0,0.5142324654,0.2810610885,-0.4262684774,0.983828872,-0.1704633815,-0.05375814388,0.01153464769
2746,91533333333,0,0,0.5212602203,0.2788081831,-0.4237254844,0.9837339956,-0.1709880654,-0.0535275221,0.0128573589
2747,91566666667,0,0,0.5288701291,0.2780862943,-0.4204928521,0.9836427245,-0.1711063769,-0.05447806075,0.01420349633
2748,91600000000,0,0,0.5361688946,0.2768136142,-0.4183973727,0.9834739003,-0.1715534126,-0.05609627887,0.01420287075
2749,91633333333,0,0,0.5434579022,0.2753032677,-0.4150597923,0.983296062,-0.1721621602,-0.05758365324,0.01315932961
2750,91666666667,0,0,0.5509913493,0.2728311754,-0.4122224089,0.9831379824,-0.1726680566,-0.05908430954,0.01159716191
2751,91700000000,0,1,0.5600610867,0.2718372143,-0.4092884363,0.9830585947,-0.172675791,-0.06095923798,0.007927291264
2752,91733333333,0,0,0.5666643483,0.2698774687,-0.4048819981,0.9832491936,-0.1716802835,-0.06107276091,0.004125705253
2753,91766666667,0,0,0.5746274937,0.2667031533,-0.4017071903,0.9834256239,-0.1705479377,-0.06152307897,0.001534233865
2754,91800000000,0,0,0.5826846763,0.2611556891,-0.3993244902,0.98337698,-0.1704535171,-0.06257246593,1.559362692e-05
2755,91833333333,0,0,0.5904723412,0.2577715651,-0.397267229,0.9831738793,-0.1711141292,-0.06394001478,-0.000867366161
2756,91866666667,0,0,0.598453956,0.2552505975,-0.3943576832,0.982893763,-0.172242814,-0.06516384933,-0.002436498421
2757,91900000000,0,1,0.6062180556,0.2547542542,-0.3901507869,0.9829494134,-0.1716939776,-0.06558139067,-0.005541656346
2758,91933333333,0,0,0.612761216,0.252702005,-0.3855011338,0.9832404977,-0.1701516001,-0.06494280607,-0.008305935821
2759,91966666667,0,0,0.6196445196,0.2485743952,-0.3817246807,0.9836117703,-0.168051197,-0.06449272427,-0.01036189941
2760,92000000000,0,0,0.6275551307,0.2455535853,-0.3789916811,0.9839578415,-0.1655135486,-0.06529057408,-0.01301431535
2761,92033333333,0,0,0.6336894662,0.2431857805,-0.376028152,0.9843907921,-0.1627625706,-0.06556568165,-0.01357407081
2762,92066666667,0,0,0.6406208749,0.2401801138,-0.3735993033,0.9846515382,-0.1608997423,-0.06660941889,-0.01165360482
2763,92100000000,0,1,0.6484666131,0.2387794471,-0.3708069556,0.9848320971,-0.1588523906,-0.06891678943,-0.01105145574
2764,92133333333,0,0,0.6552146607,0.2361908124,-0.3675102395,0.9850002737,-0.1569862273,-0.07091676964,-0.01002981082
2765,92166666667,0,0,0.6629305698,0.2331003204,-0.3654873686,0.9851264785,-0.1553277164,-0.07295008582,-0.008798113882
2766,92200000000,0,0,0.6694473318,0.2312264211,-0.3617548864,0.985354894,-0.1533973767,-0.07399244619,-0.008372315007
2767,92233333333,0,0,0.6770221631,0.2281302016,-0.3587028697,0.9856837324,-0.1511543215,-0.07425314443,-0.008149929887
2768,92266666667,0,0,0.6843801822,0.2251919339,-0.3559052946,0.9860345635,-0.1491421398,-0.0737935321,-0.006853921393
2769,92300000000,0,0,0.6922756876,0.2220686338,-0.3537645027,0.9861555133,-0.1482400183,-0.07407099663,-0.005973944051
2770,92333333333,0,1,0.6994739369,0.2199151715,-0.3514315307,0.9862111162,-0.1472002999,-0.07532632432,-0.006756537348
2771,92366666667,0,0,0.7059496626,0.217151023,-0.3484900016,0.9862358126,-0.1461757564,-0.07688542537,-0.007758962942
2772,92400000000,0,0,0.7122283736,0.2149995715,-0.3452375734,0.9862082532,-0.1451551715,-0.07903650542,-0.008745763825
2773,92433333333,0,0,0.718993377,0.2121464169,-0.3417778352,0.985991359,-0.1443137721,-0.08289898123,-0.01106047171
2774,92466666667,0,0,0.7251148082,0.2090894207,-0.3380182126,0.9856212217,-0.1438123069,-0.0875371567,-0.0143552768
2775,92500000000,0,0,0.7311374399,0.2065588482,-0.336571311,0.9852870847,-0.1433028501,-0.09147128447,-0.01751165097
2776,92533333333,0,0,0.737365802,0.2035254772,-0.3340079294,0.9849864745,-0.1433003024,-0.09410144446,-0.02028759762
2777,92566666667,0,1,0.7432962565,0.2024802554,-0.3318066357,0.9849249504,-0.1422078679,-0.09560239709,-0.02366318091
2778,92600000000,0,0,0.7489473515,0.2004071099,-0.3280749913,0.9848413481,-0.1415804705,-0.09671648555,-0.0262375848
2779,92633333333,0,0,0.7545959219,0.1973598128,-0.3234475618,0.9847638245,-0.1404653578,-0.09882528217,-0.0272627377
2780,92666666667,0,0,0.7614999683,0.1939755892,-0.3218731113,0.9843734457,-0.1396530141,-0.1031561931,-0.02940671642
2781,92700000000,0,0,0.7667467217,0.1909652787,-0.3185540185,0.9838367469,-0.1389492685,-0.1076702746,-0.03413895533
2782,92733333333,0,0,0.7727523857,0.186878958,-0.3164460176,0.9833896145,-0.1378280605,-0.111780158,-0.03812463968
2783,92766666667,0,0,0.7790965995,0.1830728678,-0.3159695043,0.9829472174,-0.1372587765,-0.1149734077,-0.04190359977
2784,92800000000,0,0,0.7856677433,0.1790432401,-0.3138585077,0.9825470079,-0.137144125,-0.1174486267,-0.04470667036
2785,92833333333,0,1,0.7908322304,0.1766483049,-0.3136992878,0.9822204135,-0.1374566969,-0.1190785747,-0.04657261889
2786,92866666667,0,0,0.7975470202,0.1735019146,-0.3132704515,0.9814730398,-0.1396060691,-0.1213647185,-0.04991415264
2787,92900000000,0,0,0.8040447101,0.1699423745,-0.3110126331,0.9806480298,-0.1420257343,-0.1231400527,-0.05472348516
2788,92933333333,0,0,0.8113332727,0.1643147396,-0.3091248271,0.979889546,-0.1443565973,-0.1244303431,-0.05911632687
2789,92966666667,0,0,0.8193058154,0.161118274,-0.3081189396,0.9790674021,-0.1470468423,-0.1262311355,-0.06220891194
2790,93000000000,0,0,0.8258605847,0.1580698947,-0.3028943285,0.9781286151,-0.1494463373,-0.1291778505,-0.06514052082
2791,93033333333,0,1,0.8291846714,0.1546610614,-0.2982747756,0.9775240694,-0.1497436429,-0.1326635647,-0.06651250802
2792,93066666667,0,0,0.8363346215,0.1489612411,-0.2978980346,0.9767061986,-0.1499465328,-0.1372783979,-0.06867081185
2793,93100000000,0,0,0.842829375,0.1445274429,-0.2960405718,0.9761328184,-0.1495080759,-0.1404565992,-0.071302172
2794,93133333333,0,0,0.8489001251,0.139364047,-0.2933075463,0.9758539714,-0.1481281867,-0.1429297375,-0.07306269158
2795,93166666667,0,0,0.8557309817,0.1351594652,-0.2931468582,0.9754083013,-0.1465173661,-0.1459744709,-0.07617585532
2796,93200000000,0,0,0.8609176442,0.1309791946,-0.2908125791,0.9749105918,-0.144338434,-0.1483837867,-0.08184134794
2797,93233333333,0,1,0.8657857254,0.1280520227,-0.2905010209,0.9746590388,-0.1420304876,-0.1508816519,-0.08427233124
2798,93266666667,0,0,0.8709969507,0.1246471254,-0.2888497381,0.9741061019,-0.1406643641,-0.1546696848,-0.08607048018
2799,93300000000,0,0,0.8775591679,0.1200688906,-0.2885818466,0.9733744353,-0.1404381192,-0.1589771348,-0.08686549406
2800,93333333333,0,0,0.8825039233,0.116930401,-0.2869437861,0.9726003596,-0.1413207936,-0.1625764115,-0.08744074685
2801,93366666667,0,0,0.8865332993,0.1123921399,-0.2829449105,0.9720542115,-0.1406933654,-0.1651012322,-0.08976396766
2802,93400000000,0,0,0.8910044253,0.1077736989,-0.2834292031,0.9717619427,-0.1389168597,-0.1663725544,-0.09327918273
2803,93433333333,0,1,0.8940631274,0.1041252939,-0.2819152512,0.9714205871,-0.1373815181,-0.1666360907,-0.09849251059
2804,93466666667,0,0,0.8971950604,0.09880845927,-0.2800677166,0.9714823396,-0.134715203,-0.1657136745,-0.1030187165
2805,93500000000,0,0,0.9002617538,0.09410046244,-0.2801248092,0.9715696043,-0.132926877,-0.1653007529,-0.1051599278
2806,93533333333,0,0,0.9027020121,0.09009523626,-0.279561504,0.9710290708,-0.1329443078,-0.1667162807,-0.107861191
2807,93566666667,0,0,0.9038713409,0.08459029099,-0.2763167674,0.9700293743,-0.1341348412,-0.1699908262,-0.1102450744
2808,93600000000,0,0,0.9069788603,0.08057387681,-0.2756677422,0.9686619765,-0.1375787527,-0.1748903526,-0.1103604393
2809,93633333333,0,1,0.9054135408,0.07660503863,-0.2684153566,0.9668889297,-0.1426378001,-0.180144124,-0.1110331044
2810,93666666667,0,0,0.9036319497,0.07150577877,-0.2607791875,0.9650247667,-0.1462121883,-0.1870238352,-0.1112262595
2811,93700000000,0,0,0.9043728039,0.06569454864,-0.256609717,0.9630307551,-0.147789183,-0.1954658572,-0.111907197
2812,93733333333,0,0,0.9068074249,0.05874984283,-0.2541364708,0.9607891811,-0.1503404718,-0.2031862556,-0.1140054276
2813,93766666667,0,0,0.9089421847,0.05347118843,-0.2491209291,0.9587651754,-0.1533390274,-0.2092632789,-0.1160403429
2814,93800000000,0,0,0.9109734203,0.0468940486,-0.2447360395,0.9573875211,-0.1558530181,-0.2125272676,-0.118114909
2815,93833333333,0,1,0.9167212155,0.03635628306,-0.2412786374,0.9564739975,-0.1584444161,-0.2135355735,-0.1202306863
2816,93866666667,0,0,0.9184967358,0.0300241354,-0.2364022329,0.9567004634,-0.1582838042,-0.2109368266,-0.1231913787
2817,93900000000,0,0,0.9206097675,0.02444027544,-0.2312906284,0.9571537521,-0.1583864218,-0.2072691205,-0.1257376156
2818,93933333333,0,0,0.9211979548,0.01948970557,-0.2263208967,0.9573348095,-0.1603068528,-0.2042736899,-0.1268228495
2819,93966666667,0,0,0.9195631647,0.01420149692,-0.2169735216,0.9570652135,-0.1623793131,-0.2037307293,-0.1270941611
2820,94000000000,0,0,0.9191043824,0.007239690834,-0.2115959645,0.9566931974,-0.163056543,-0.2046430372,-0.1275614246
2821,94033333333,0,0,0.9191843974,-2.570299986e-05,-0.2056183691,0.9559572192,-0.1630481403,-0.2059095545,-0.1310051691
2822,94066666667,0,1,0.92012971,-0.01294620176,-0.1997688708,0.9553289765,-0.1629713703,-0.2059681996,-0.135513763
2823,94100000000,0,0,0.9197399549,-0.02016417416,-0.1945109226,0.9558298175,-0.1601716536,-0.2037262319,-0.1386723616
2824,94133333333,0,0,0.9191046035,-0.02811530572,-0.1893224478,0.9564864557,-0.1569532785,-0.2014543817,-0.1411221474
2825,94166666667,0,0,0.9195520109,-0.0357831034,-0.1835802746,0.9570813229,-0.153621802,-0.199744148,-0.1431710817
2826,94200000000,0,0,0.9197253691,-0.04241343979,-0.1782567419,0.9581686843,-0.1500092854,-0.1984712411,-0.1414890569
2827,94233333333,0,0,0.9207921196,-0.0478004296,-0.1736719978,0.9588521796,-0.148248395,-0.1991985891,-0.1376402306
2828,94266666667,0,1,0.9193359797,-0.05392079874,-0.1636815949,0.9590392827,-0.1477451355,-0.2011220214,-0.1340334351
2829,94300000000,0,0,0.9192101234,-0.06033112392,-0.158025565,0.9593708022,-0.1453516949,-0.2044727735,-0.1291179055
2830,94333333333,0,0,0.9210479592,-0.06566821099,-0.1545665156,0.9591254934,-0.1440390611,-0.2087916683,-0.1254475028
2831,94366666667,0,0,0.9222318851,-0.07064573662,-0.1494688284,0.9588329744,-0.1437790199,-0.2127093059,-0.1213328968
2832,94400000000,0,0,0.9237103959,-0.07641514369,-0.1447621722,0.958263248,-0.1445227748,-0.2167991561,-0.1176556031
2833,94433333333,0,0,0.924119388,-0.08389140325,-0.1388215492,0.9575816015,-0.1443086256,-0.2195443713,-0.11837553
2834,94466666667,0,0,0.9257920052,-0.09025930416,-0.1344323643,0.9574253562,-0.1421888799,-0.2206409893,-0.1201522521
2835,94500000000,0,1,0.9288207995,-0.09961306293,-0.1278180368,0.9571874996,-0.1412214777,-0.2207899211,-0.1228836669
2836,94533333333,0,0,0.9297350428,-0.1034656577,-0.1228861849,0.9575155263,-0.138691681,-0.21973958,-0.1250725846
2837,94566666667,0,0,0.9288072289,-0.107390935,-0.1163399162,0.9575139835,-0.1367772027,-0.220378708,-0.1260642425
2838,94600000000,0,0,0.9301648923,-0.1086468306,-0.111238843,0.9571724834,-0.1339212714,-0.22324461,-0.1266798095
2839,94633333333,0,0,0.9328523545,-0.1150468509,-0.1048689679,0.9560378503,-0.1331384107,-0.226553579,-0.1301509439
2840,94666666667,0,0,0.9370903942,-0.120503405,-0.0995937815,0.9554305902,-0.1312701492,-0.2281976908,-0.1335902286
2841,94700000000,0,0,0.9384689467,-0.1240928962,-0.0928654617,0.955069978,-0.1297649884,-0.2283326982,-0.1373556106
2842,94733333333,0,0,0.9386505503,-0.1265754877,-0.08600068776,0.9548378089,-0.1275892688,-0.2291502808,-0.1396276695
2843,94766666667,0,1,0.9378548647,-0.1330976515,-0.07767309835,0.9540205583,-0.1269315518,-0.2314750526,-0.1419593446
2844,94800000000,0,0,0.9382640656,-0.1375522065,-0.07092195387,0.9532451822,-0.1239893282,-0.2352104319,-0.1436186683
2845,94833333333,0,0,0.9428570307,-0.141741229,-0.06487700374,0.9522585721,-0.1206495909,-0.2398043522,-0.1454000028
2846,94866666667,0,0,0.9468599659,-0.146353698,-0.05903606902,0.9515705811,-0.1175105554,-0.2431591264,-0.14689567
2847,94900000000,0,0,0.9527420002,-0.1490001764,-0.0536466186,0.9509608849,-0.115766812,-0.2454940095,-0.1483378981
2848,94933333333,0,0,0.9549223524,-0.1512671474,-0.04827861743,0.9503461482,-0.1147169784,-0.2468423244,-0.1508346127
2849,94966666667,0,0,0.9580140939,-0.1538649798,-0.04238740974,0.9492443079,-0.114588395,-0.2495879847,-0.1533316063
2850,95000000000,0,0,0.9625688159,-0.1596844783,-0.03539727971,0.9479453894,-0.1142741778,-0.2527119582,-0.156453243
2851,95033333333,0,0,0.967727426,-0.1666879832,-0.02852858693,0.9470647493,-0.1124770962,-0.2543001554,-0.1604639972
2852,95066666667,0,1,0.9750424841,-0.1753366582,-0.02460577755,0.946764236,-0.1100133423,-0.2542162942,-0.1640384762
2853,95100000000,0,0,0.9802956375,-0.1785304131,-0.01899567636,0.9473533651,-0.1066374992,-0.2521183376,-0.1660915088
2854,95133333333,0,0,0.9844163879,-0.1794577112,-0.01488115425,0.947845584,-0.1022225356,-0.2504092714,-0.168625321
2855,95166666667,0,0,0.9900994448,-0.1776219555,-0.01145944763,0.9477100391,-0.09905238361,-0.2501635453,-0.1716173293
2856,95200000000,0,0,0.9939480423,-0.1798991128,-0.006719977422,0.9467796709,-0.09791340929,-0.2504132954,-0.1769587538
2857,95233333333,0,0,0.9987394249,-0.1819093969,-0.002627783447,0.9460176132,-0.09681660776,-0.2505830656,-0.1813431751
2858,95266666667,0,0,1.002531453,-0.1825747975,0.001129023952,0.9457957935,-0.09657392914,-0.2500911007,-0.1832982121
2859,95300000000,0,0,1.00561968,-0.1820064667,0.00526801855,0.945843703,-0.09743548729,-0.2502938281,-0.1823157011
2860,95333333333,0,0,1.007684999,-0.1833725455,0.009723128718,0.9456411303,-0.09891296999,-0.2517181062,-0.1806019713
2861,95366666667,0,0,1.011628822,-0.1854865675,0.01288999459,0.9452628786,-0.098709296,-0.2544546207,-0.178850248
2862,95400000000,0,0,1.017012362,-0.1870295905,0.01581783539,0.9445410972,-0.09838230254,-0.2576798304,-0.1782249795
2863,95433333333,0,0,1.021605746,-0.1894488861,0.01935701922,0.9436721234,-0.09686658613,-0.2603405066,-0.1797848954
2864,95466666667,0,1,1.029641913,-0.1962594375,0.02243566978,0.9425125757,-0.09498385255,-0.2631929909,-0.1826952705
2865,95500000000,0,0,1.035405299,-0.1967067644,0.02353356634,0.9425721612,-0.09240620713,-0.2631822234,-0.1837224293
2866,95533333333,0,0,1.037984646,-0.1962074816,0.02541935619,0.943169228,-0.09173808778,-0.2618234792,-0.1829327643
2867,95566666667,0,0,1.037223771,-0.1949919803,0.02664974819,0.9437857678,-0.09115509603,-0.2610585834,-0.1811286533
2868,95600000000,0,0,1.039210071,-0.1918540024,0.02689163865,0.9438769733,-0.09037980972,-0.2627655876,-0.1785553001
2869,95633333333,0,0,1.042067526,-0.1905468568,0.02777298889,0.9433044033,-0.09198572566,-0.265293323,-0.1770166147
2870,95666666667,0,0,1.043595471,-0.1920824342,0.02941793873,0.9424669983,-0.09277477614,-0.2676944765,-0.1774498953
2871,95700000000,0,0,1.047753206,-0.1915669245,0.02937764513,0.9419149503,-0.09271800341,-0.2691488298,-0.1782091625
2872,95733333333,0,0,1.049599997,-0.190735461,0.03049676747,0.9418842765,-0.09358205592,-0.2686953507,-0.178603519
2873,95766666667,0,0,1.049937964,-0.1891541358,0.03109571778,0.942025472,-0.09421211618,-0.267413492,-0.1794494681
2874,95800000000,0,0,1.050741323,-0.1852853393,0.03050596338,0.9423703759,-0.09512769753,-0.2658488175,-0.1794803665
2875,95833333333,0,0,1.048708485,-0.1827335886,0.03079931363,0.9426613265,-0.09795131258,-0.2643558444,-0.1786369262
2876,95866666667,0,0,1.046814351,-0.1810797308,0.0313224406,0.9427979678,-0.1010196558,-0.2639359726,-0.1768186171
2877,95900000000,0,0,1.04520847,-0.1796021242,0.03142768979,0.9426846794,-0.1032025308,-0.2642130033,-0.1757450474
2878,95933333333,0,0,1.043412751,-0.1778767307,0.03149369263,0.9425271511,-0.1046040856,-0.2647411803,-0.1749647454
2879,95966666667,0,0,1.040331222,-0.1758559339,0.03015923952,0.9424802306,-0.1067439556,-0.2653604321,-0.1729756746
2880,96000000000,0,0,1.03655603,-0.175729907,0.0294995705,0.9422000073,-0.1089751558,-0.2671696043,-0.1703055028
2881,96033333333,0,0,1.035823342,-0.1749353665,0.02894235597,0.9417384171,-0.1088381712,-0.2696915337,-0.1689659226
2882,96066666667,0,0,1.034380664,-0.1748123189,0.02704062442,0.9411248893,-0.1085774364,-0.2708526084,-0.1706861081
2883,96100000000,0,0,1.031963123,-0.1741888878,0.02615688283,0.9406975104,-0.1075269667,-0.2712026499,-0.1731336713
2884,96133333333,0,1,1.028431693,-0.1713376597,0.02443284361,0.9408083297,-0.1058856418,-0.2707321792,-0.1742756575
2885,96166666667,0,0,1.025005714,-0.1685213178,0.02277505559,0.9409594731,-0.1050550977,-0.2707696862,-0.1739036328
2886,96200000000,0,0,1.020580684,-0.1662972163,0.02164242631,0.9408288204,-0.1052374182,-0.2716582776,-0.1731126707
2887,96233333333,0,0,1.01675458,-0.1641998316,0.01987166497,0.9404126945,-0.1054625341,-0.2737081847,-0.172004208
2888,96266666667,0,0,1.014180292,-0.1629170041,0.01914913214,0.9395022523,-0.1061135448,-0.2766290874,-0.1719063164
2889,96300000000,0,0,1.012256195,-0.1631926593,0.01861806345,0.9383377779,-0.1068814456,-0.279200168,-0.1736255667
2890,96333333333,0,0,1.009837089,-0.1634758308,0.01812399133,0.937625221,-0.1076731667,-0.280296196,-0.1752126611
2891,96366666667,0,0,1.006746836,-0.1630126521,0.01805819971,0.9374205723,-0.1086572736,-0.2803823352,-0.1755619939
2892,96400000000,0,0,1.003240452,-0.1620665012,0.01721982434,0.9374448481,-0.1091580933,-0.2804084786,-0.1750792751
2893,96433333333,0,0,1.000392535,-0.1600491568,0.01696898105,0.9372806874,-0.1094152793,-0.2812707993,-0.174413151
2894,96466666667,0,0,0.9976384761,-0.1579862911,0.01636684498,0.9368827569,-0.1096109375,-0.2827471741,-0.1740407358
2895,96500000000,0,0,0.9968978138,-0.1572798559,0.01548336928,0.9360961918,-0.1107375532,-0.2847331331,-0.1743219924
2896,96533333333,0,0,0.9949415311,-0.1587451428,0.01576850573,0.9353654484,-0.1118824014,-0.2858636802,-0.1756580842
2897,96566666667,0,0,0.9938613564,-0.1590171735,0.01521646739,0.9351359828,-0.1119502581,-0.2861191434,-0.1764190159
2898,96600000000,0,0,0.9921785141,-0.1594988651,0.01464335206,0.9352702641,-0.1121921183,-0.2857262845,-0.176190102
2899,96633333333,0,0,0.9900940443,-0.1577957104,0.01352716559,0.9354540279,-0.1118923835,-0.285749114,-0.1753661884
2900,96666666667,0,0,0.9887897553,-0.15773841,0.0127306407,0.9350504765,-0.1119987547,-0.2867696422,-0.1757841221
2901,96700000000,0,0,0.9882532684,-0.1578317252,0.01195872188,0.9344962151,-0.1115874918,-0.2877674303,-0.1773554669
2902,96733333333,0,0,0.9874825999,-0.157758636,0.01098778687,0.9341756513,-0.1109846715,-0.2880812255,-0.1789062958
2903,96766666667,0,0,0.9875365945,-0.1577719865,0.01048020573,0.93396688,-0.110630328,-0.2880650069,-0.1802369258
2904,96800000000,0,1,0.9841857946,-0.1574349736,0.01002813144,0.9342074054,-0.1102813666,-0.2863340836,-0.1819542153
2905,96833333333,0,0,0.9828903265,-0.1568123796,0.009300683209,0.9345219419,-0.1101885306,-0.2849529222,-0.1825624827
2906,96866666667,0,0,0.9808795339,-0.1567161779,0.0096063884,0.9349414502,-0.1107980836,-0.2837900572,-0.1818556374
2907,96900000000,0,0,0.9787754866,-0.1557960763,0.009309727622,0.9353248295,-0.1105422482,-0.2834657973,-0.1805408998
2908,96933333333,0,0,0.9778835055,-0.1544732862,0.008591327265,0.9349650456,-0.1100761471,-0.2848723836,-0.1804752904
2909,96966666667,0,0,0.9789528644,-0.1538706911,0.008378796628,0.9340054047,-0.1101904121,-0.2875355237,-0.1811499373
2910,97000000000,0,0,0.97834011,-0.1549464517,0.008806909485,0.9333065068,-0.1114366326,-0.2889184919,-0.1817881909
2911,97033333333,0,0,0.9784407818,-0.156551615,0.009036983111,0.9332293953,-0.1123709077,-0.2893973805,-0.1808447703
2912,97066666667,0,0,0.9782736971,-0.1574426767,0.009749876599,0.93354563,-0.1128219755,-0.2890719261,-0.1794468727
2913,97100000000,0,0,0.9784151924,-0.1566970009,0.009804457374,0.9339816518,-0.1122220352,-0.2886995455,-0.1781489865
2914,97133333333,0,0,0.9772018548,-0.1562672412,0.009605978896,0.9339565078,-0.1118176567,-0.2888837546,-0.1782364427
2915,97166666667,0,0,0.9774700514,-0.1557726634,0.009452742193,0.9334805592,-0.1113830083,-0.2900477732,-0.1791093528
2916,97200000000,0,0,0.9782653794,-0.1567555271,0.009548830776,0.9329879772,-0.1115282199,-0.2909928507,-0.1800501357
2917,97233333333,0,0,0.9790668229,-0.1566889086,0.009845959782,0.9329574178,-0.1117389574,-0.2910186982,-0.18003605
2918,97266666667,0,0,0.9788964327,-0.1568666893,0.009534776033,0.9330980981,-0.112413049,-0.2901641801,-0.1802664536
2919,97300000000,0,0,0.9776180731,-0.156558501,0.009832494755,0.9332172077,-0.1126845294,-0.2894126915,-0.1806879469
2920,97333333333,0,0,0.9765783203,-0.154820431,0.009481578368,0.9331008049,-0.1128300949,-0.2891781033,-0.1815716995
2921,97366666667,0,0,0.9755221255,-0.1547541994,0.01000191402,0.9327039307,-0.1136012404,-0.2895862838,-0.1824771767
2922,97400000000,0,0,0.9759094377,-0.1544727743,0.00958287253,0.9322596222,-0.1139621895,-0.2902513556,-0.1834632571
2923,97433333333,0,0,0.9756330711,-0.154913912,0.01009819897,0.9320029308,-0.1145212539,-0.2902072997,-0.1844861583
2924,97466666667,0,1,0.9767210805,-0.1530745624,0.009680250822,0.9321722659,-0.1145549998,-0.2898134616,-0.1842285978
2925,97500000000,0,0,0.9762599866,-0.1533117619,0.01000129208,0.9322092012,-0.1158554733,-0.2891971192,-0.1841970163
2926,97533333333,0,0,0.9759887034,-0.1530571508,0.01034510566,0.932221587,-0.1165761538,-0.2888894255,-0.1841624636
2927,97566666667,0,0,0.9748990905,-0.1536080312,0.01082869567,0.9321323372,-0.1171154089,-0.2887593055,-0.1844758804
2928,97600000000,0,0,0.9745057461,-0.1524576177,0.01026273289,0.9321181486,-0.1167724287,-0.2890009412,-0.1843865856
2929,97633333333,0,0,0.9741879771,-0.1532671759,0.01032620824,0.9317596828,-0.1174506079,-0.289770903,-0.1845591287
2930,97666666667,0,0,0.9748278063,-0.1538479761,0.01072441492,0.9314610155,-0.1172107405,-0.2907554686,-0.1846707243
2931,97700000000,0,0,0.9752525256,-0.1547798443,0.01075774556,0.9313683368,-0.1172618488,-0.290929839,-0.184831028
2932,97733333333,0,0,0.9755022656,-0.154928138,0.01070048751,0.9316704223,-0.1167574147,-0.2905788408,-0.184178901
2933,97766666667,0,0,0.9758968429,-0.1542792097,0.01039921384,0.9318648105,-0.1164778208,-0.2903235309,-0.1837746978
2934,97800000000,0,0,0.9757771884,-0.1544680966,0.01038034192,0.9318404576,-0.1163692365,-0.2901501341,-0.184240229
2935,97833333333,0,0,0.9762267852,-0.1548116594,0.01026920745,0.931858381,-0.1163856293,-0.2899033115,-0.18452754
2936,97866666667,0,0,0.9762013767,-0.1552812154,0.01026455622,0.9321070494,-0.1162964211,-0.2892047443,-0.1844239866
2937,97900000000,0,0,0.9753182031,-0.1559360861,0.009884821839,0.9325457591,-0.1158414399,-0.288282675,-0.1839354973
2938,97933333333,0,0,0.9763617384,-0.1537299662,0.009340103109,0.9327975946,-0.1155792272,-0.2880948935,-0.1831158706
2939,97966666667,0,0,0.9738720975,-0.1544251528,0.009623604667,0.932640065,-0.1164612644,-0.2880683774,-0.1834009078
2940,98000000000,0,0,0.9740014615,-0.1537900878,0.009644103388,0.9324730492,-0.1165264366,-0.2893275663,-0.1822228346
2941,98033333333,0,0,0.9746985248,-0.1548546225,0.00952202392,0.93222845,-0.1172213362,-0.2901848724,-0.1816645678
2942,98066666667,0,0,0.9752495927,-0.1557422932,0.01005460981,0.9320758745,-0.1171847971,-0.2902957221,-0.1822928447
2943,98100000000,0,0,0.9750304755,-0.1557573037,0.009979515433,0.9322346828,-0.1165363016,-0.2895633242,-0.1830597388
2944,98133333333,0,1,0.9754876118,-0.1540305354,0.009632733266,0.9326598191,-0.1159580866,-0.2887351385,-0.1825689014
2945,98166666667,0,0,0.9745815094,-0.1536494951,0.009854671708,0.9329918679,-0.1160515246,-0.2880214097,-0.1819392361
2946,98200000000,0,0,0.9743878602,-0.1538845794,0.009763401824,0.9330675464,-0.1161821257,-0.2878854563,-0.181682777
2947,98233333333,0,0,0.9748797132,-0.1546935124,0.01004732334,0.9330837596,-0.1160071883,-0.2879512367,-0.1816070351
2948,98266666667,0,0,0.974865714,-0.154843533,0.009870045444,0.9332416111,-0.1159061414,-0.2877484479,-0.18118138
2949,98300000000,0,0,0.975119826,-0.1547609267,0.009823016962,0.9335862424,-0.115592025,-0.2876379281,-0.1797766226
2950,98333333333,0,0,0.9749526038,-0.1550707087,0.01010659328,0.9336714811,-0.1155391345,-0.2874720924,-0.1796331535
2951,98366666667,0,0,0.9753502517,-0.1550344262,0.009751817738,0.933698644,-0.114885724,-0.2874669277,-0.1799190878
2952,98400000000,0,0,0.9755113002,-0.1551272349,0.009098105611,0.9337049867,-0.1149983401,-0.2873640277,-0.1799785963
2953,98433333333,0,0,0.9754347882,-0.1546853411,0.009298807731,0.9337552198,-0.1150641979,-0.2873665991,-0.1796715267
2954,98466666667,0,0,0.9752993158,-0.1548256515,0.009490245785,0.9337155491,-0.1155621052,-0.2874696845,-0.1793930147
2955,98500000000,0,0,0.9751367494,-0.1545223855,0.009423052886,0.9336857909,-0.1152838623,-0.2876665903,-0.1794112812
2956,98533333333,0,0,0.9754214638,-0.1540788686,0.009114754026,0.9336342234,-0.1153012674,-0.287969744,-0.1791819778
2957,98566666667,0,0,0.9758641887,-0.1542003788,0.009311643496,0.9335503358,-0.1158098757,-0.2882453776,-0.1788475482
2958,98600000000,0,0,0.975871185,-0.1546947128,0.009599220909,0.9335309417,-0.1161737201,-0.2882592934,-0.1786903117
2959,98633333333,0,0,0.9759868746,-0.1546773592,0.009605441893,0.9335668589,-0.1161377465,-0.2881952671,-0.1786293138
2960,98666666667,0,0,0.9760130442,-0.1546817149,0.009479797998,0.9335556148,-0.1159557029,-0.2880977473,-0.1789633399
2961,98700000000,0,0,0.9762873831,-0.1542785893,0.009259481722,0.9335123833,-0.1157133436,-0.2882280871,-0.1791357647
2962,98733333333,0,0,0.9761911541,-0.1535756599,0.009532657131,0.933399479,-0.1158574649,-0.2883574807,-0.1794224727
2963,98766666667,0,0,0.976411171,-0.153863671,0.009166430336,0.933353547,-0.1164827228,-0.2882822182,-0.1793775187
2964,98800000000,0,1,0.9763458414,-0.1549215883,0.009213541053,0.9333130053,-0.1175384683,-0.2878771729,-0.1795502044
