frame_index,timestamp_ns,segment,keyframe,cx,cy,cz,qw,qx,qy,qz,predicted,confidence
0,0,0,1,0,0,0,1,0,0,0,0,1
4,133333333,0,1,-0.01495547355,0.01283155178,0.04652009555,0.9999944607,-0.0003785858582,-0.00263510407,0.001997860208,0,1
5,166666667,0,0,-0.01903034321,0.01500851737,0.0578563368,0.9999904439,-0.0005869530305,-0.003545438943,0.002489467474,0,1
6,200000000,0,0,-0.02320150933,0.01679061483,0.06843118957,0.9999869562,-0.0006712207713,-0.004209899203,0.002813120746,0,1
7,233333333,0,0,-0.02688649385,0.01848128266,0.07906961683,0.9999830073,-0.0009368264425,-0.004778774489,0.003204803497,0,1
8,266666667,0,0,-0.02964539201,0.02010994459,0.09020596505,0.9999776171,-0.001197804565,-0.005523670726,0.003580445326,0,1
9,300000000,0,0,-0.03197430577,0.02158091023,0.1013368301,0.9999710448,-0.001459211804,-0.006290891973,0.004025538948,0,1
10,333333333,0,0,-0.03386685849,0.02308020435,0.1124199595,0.9999647259,-0.001793717735,-0.006961436931,0.004343725175,0,1
11,366666667,0,1,-0.03471122875,0.02366548699,0.1237241644,0.9999527478,-0.002517552932,-0.007841680575,0.005164508175,0,1
12,400000000,0,0,-0.03571108342,0.02473404344,0.1352962639,0.9999431621,-0.003063094862,-0.008486847659,0.005680088409,0,1
13,433333333,0,0,-0.03662395099,0.02578478205,0.1470362147,0.9999326771,-0.003625150449,-0.009167587097,0.006120044898,0,1
14,466666667,0,0,-0.03779515039,0.02671509117,0.1587169076,0.9999218984,-0.004198278866,-0.009753225166,0.006591375191,0,1
15,500000000,0,0,-0.03939718764,0.02756740422,0.1704243441,0.9999104496,-0.004714557463,-0.01041066705,0.006963021905,0,1
16,533333333,0,0,-0.04123478665,0.02843078226,0.181718636,0.9998980057,-0.005291776365,-0.01106128803,0.007322793554,0,1
17,566666667,0,0,-0.04340763742,0.02947035233,0.1926403935,0.9998818763,-0.006134895748,-0.01194796747,0.007472785701,0,1
18,600000000,0,0,-0.04636140183,0.02987120327,0.2038214035,0.9998690989,-0.007064660455,-0.01207398899,0.008129850066,0,1
19,633333333,0,1,-0.04883700972,0.03014089424,0.215242834,0.9998422807,-0.008027709415,-0.01307173515,0.008949823044,0,1
20,666666667,0,0,-0.05183209014,0.03046913254,0.2254334409,0.9998234903,-0.009070844688,-0.01354447635,0.009341050373,0,1
21,700000000,0,0,-0.05476664707,0.03060959876,0.2358085624,0.999801988,-0.01015287084,-0.01407378226,0.00973820933,0,1
22,733333333,0,0,-0.05753002666,0.03081113651,0.2449103512,0.9997760542,-0.01144267858,-0.01454288895,0.01026698302,0,1
23,766666667,0,0,-0.05940160661,0.03118045,0.2555752224,0.9997487073,-0.01285670615,-0.01495245425,0.01066074265,0,1
24,800000000,0,0,-0.06064651369,0.03159189509,0.2654604063,0.9997169721,-0.01435195689,-0.01544396218,0.01102184729,0,1
25,833333333,0,0,-0.06118149882,0.03178215068,0.2760001295,0.9996842188,-0.01588666439,-0.0157159604,0.0114928339,0,1
26,866666667,0,0,-0.06124646402,0.03210947642,0.2868620561,0.9996509102,-0.01745894486,-0.01607328926,0.01161431758,0,1
27,900000000,0,1,-0.06084701208,0.03259318573,0.2983793776,0.9996134967,-0.01903437292,-0.01636064529,0.01195320728,0,1
28,933333333,0,0,-0.06033822598,0.03270796548,0.309832718,0.9995677565,-0.02086716995,-0.01662861613,0.01234303835,0,1
29,966666667,0,0,-0.05990851953,0.03297166545,0.3213786328,0.9995181414,-0.02280640849,-0.0168591672,0.01261432241,0,1
30,1000000000,0,0,-0.05972407264,0.03352661125,0.333283448,0.999463891,-0.02485956121,-0.01708088447,0.01273484323,0,1
31,1033333333,0,0,-0.05986971365,0.03395837352,0.3453060421,0.9993955522,-0.02711207685,-0.0172025458,0.01332433628,0,1
32,1066666667,0,0,-0.06040829996,0.03490550759,0.3572719953,0.9993302791,-0.02928353007,-0.01733430137,0.01345325724,0,1
33,1100000000,0,0,-0.06126011196,0.03556256048,0.3688403347,0.9992485345,-0.03170164217,-0.01745248413,0.01388463304,0,1
34,1133333333,0,0,-0.06259602753,0.03629706036,0.3800113474,0.999151855,-0.03440693208,-0.01758182577,0.01423422233,0,1
35,1166666667,0,1,-0.06410232567,0.03727851368,0.3920666617,0.9990638378,-0.03674544257,-0.0177799193,0.01432113564,0,1
36,1200000000,0,0,-0.06601729326,0.0377892454,0.4026018067,0.9989491786,-0.03949108834,-0.01789018198,0.0148638436,0,1
37,1233333333,0,0,-0.06737813902,0.03846703309,0.4142662235,0.9988391058,-0.04215376958,-0.01782319895,0.01502777344,0,1
38,1266666667,0,0,-0.06924187597,0.03880441049,0.4253644975,0.9987142313,-0.04495413245,-0.01763864082,0.01542363719,0,1
39,1300000000,0,0,-0.07112634346,0.03888373632,0.436345643,0.9985655522,-0.04801878323,-0.01769972123,0.01574021386,0,1
40,1333333333,0,0,-0.07281024948,0.03870960234,0.4478393597,0.9984189936,-0.05106960038,-0.01743385909,0.01573116874,0,1
41,1366666667,0,1,-0.07396453792,0.03794886186,0.4589859589,0.9982500402,-0.05404579154,-0.0177004806,0.01620502212,0,1
42,1400000000,0,0,-0.07508116439,0.0379347338,0.4700187903,0.9980988899,-0.05673941486,-0.01783709602,0.01615805449,0,1
43,1433333333,0,0,-0.07576275238,0.03719961044,0.4816031785,0.997904538,-0.05991241372,-0.01770416396,0.01684037669,0,1
44,1466666667,0,0,-0.07634822476,0.03744508666,0.4934834844,0.9977295778,-0.06284361053,-0.01757965107,0.01665310725,0,1
45,1500000000,0,0,-0.0765143562,0.03718318734,0.505158701,0.997526105,-0.06592377311,-0.0174148379,0.01710115022,0,1
46,1533333333,0,0,-0.07673946214,0.03670329345,0.5166176114,0.9973081207,-0.06906899201,-0.0173364657,0.01747666268,0,1
47,1566666667,0,1,-0.07671859626,0.0358730883,0.527579536,0.9970716987,-0.07233754972,-0.0174156324,0.01766358957,0,1
48,1600000000,0,0,-0.07764647947,0.03570034946,0.5394703317,0.9968070503,-0.07593075536,-0.01726812462,0.0176645624,0,1
49,1633333333,0,0,-0.07901102409,0.03547746141,0.5511001709,0.996541386,-0.07934987677,-0.0170736316,0.01781443485,0,1
50,1666666667,0,0,-0.08102519134,0.03563384851,0.5627001779,0.9962651678,-0.08282455774,-0.01668841199,0.01781305541,0,1
51,1700000000,0,0,-0.08377983634,0.03612522871,0.5744275147,0.9960087942,-0.08591094043,-0.01638536695,0.01781325399,0,1
52,1733333333,0,0,-0.08669523834,0.03617645382,0.5854310787,0.9956529108,-0.08991501475,-0.01597600202,0.01831225515,0,1
53,1766666667,0,1,-0.08913889551,0.03571190272,0.5955715508,0.9952559381,-0.09417614848,-0.01568196274,0.01872289643,0,1
54,1800000000,0,0,-0.09184988419,0.03638963551,0.6055772289,0.9949097529,-0.09784218093,-0.01526592915,0.01866661944,0,1
55,1833333333,0,0,-0.09436358985,0.03745356179,0.6160508871,0.9945085705,-0.1018998513,-0.01471377055,0.01877840661,0,1
56,1866666667,0,0,-0.09635747277,0.0388014954,0.6264077758,0.9940669486,-0.1061616258,-0.01432398437,0.01885296768,0,1
57,1900000000,0,0,-0.09799329978,0.0403409738,0.6363057474,0.9936098835,-0.1104251355,-0.01379287125,0.01885326321,0,1
58,1933333333,0,0,-0.09920856143,0.04219949728,0.6464151039,0.9931224965,-0.114790759,-0.01338127748,0.01875446478,0,1
59,1966666667,0,1,-0.09954580814,0.04354274028,0.6563034999,0.9925495902,-0.1196499659,-0.01288148464,0.01905948562,0,1
60,2000000000,0,0,-0.1001712724,0.04532707636,0.6666425435,0.9919737148,-0.1244018926,-0.01225821848,0.0190277265,0,1
61,2033333333,0,0,-0.1006445192,0.04734265918,0.6770758477,0.9913743783,-0.1291689776,-0.01174643097,0.01882123091,0,1
62,2066666667,0,0,-0.1012710679,0.04967896283,0.6874931635,0.9907338125,-0.1340866103,-0.01111289683,0.01854176897,0,1
63,2100000000,0,0,-0.1018302816,0.05248080898,0.698293863,0.9900610859,-0.1390533316,-0.01067651509,0.01814467399,0,1
64,2133333333,0,0,-0.1028108735,0.0551786067,0.7090069977,0.9893149903,-0.1443395999,-0.01005455728,0.01791188953,0,1
65,2166666667,0,1,-0.1034225159,0.05765948231,0.720112081,0.9885335176,-0.1496160356,-0.009635630765,0.01799114117,0,1
66,2200000000,0,0,-0.1051358126,0.06063119398,0.7310555769,0.9877581184,-0.1547462715,-0.008995832046,0.01750902465,0,1
67,2233333333,0,0,-0.1072718319,0.06349080706,0.7416022169,0.9869229032,-0.1600746514,-0.008346219171,0.0170185139,0,1
68,2266666667,0,0,-0.1098202824,0.06686348732,0.7523404896,0.9860791607,-0.1652881068,-0.007581696778,0.016439235,0,1
69,2300000000,0,0,-0.1124971108,0.06974760477,0.7621659828,0.9851737111,-0.1706683331,-0.007013374768,0.01599661403,0,1
70,2333333333,0,0,-0.1154600843,0.07206234384,0.7723593873,0.9842958472,-0.1757353121,-0.006390142495,0.01542567143,0,1
71,2366666667,0,1,-0.1181471023,0.07382582643,0.7823055535,0.9833555277,-0.1809616073,-0.005669500921,0.01525318578,0,1
72,2400000000,0,0,-0.1208249954,0.07554387691,0.7920441493,0.9824829379,-0.1857008176,-0.005076344293,0.01472120321,0,1
73,2433333333,0,0,-0.123216129,0.07692836227,0.8015216506,0.981619461,-0.190265591,-0.004427791435,0.01423493322,0,1
74,2466666667,0,0,-0.1248787966,0.0787129469,0.811776351,0.9808129739,-0.1944353624,-0.003819251966,0.0136460054,0,1
75,2500000000,0,0,-0.1262001417,0.07986080405,0.822007977,0.9800541375,-0.1982459631,-0.003267218215,0.01348150402,0,1
76,2533333333,0,0,-0.1272847913,0.08132183749,0.8324961652,0.9794584137,-0.2012074491,-0.002711787201,0.01301631509,0,1
77,2566666667,0,1,-0.1274774646,0.08283992356,0.8434190555,0.9789171283,-0.2038290237,-0.002435368168,0.01300207975,0,1
78,2600000000,0,0,-0.1279848152,0.08437061427,0.854550163,0.9783988167,-0.206319697,-0.002058253864,0.01279459686,0,1
79,2633333333,0,0,-0.1283739154,0.08581168755,0.866019246,0.9779811877,-0.2083011965,-0.00175344231,0.01266228561,0,1
80,2666666667,0,0,-0.128938556,0.08698711257,0.87784099,0.9778124811,-0.2090918953,-0.001488802996,0.01269308969,0,1
81,2700000000,0,0,-0.1295867005,0.08809831664,0.8894175114,0.977742253,-0.2094135664,-0.001318599498,0.01281820056,0,1
82,2733333333,0,0,-0.1306062683,0.08924747718,0.9010823851,0.9777792802,-0.2092375704,-0.001240303582,0.01287555447,0,1
83,2766666667,0,0,-0.1319875917,0.08951525775,0.9120231318,0.9779260388,-0.2085179823,-0.001249322908,0.01339227158,0,1
84,2800000000,0,1,-0.1348957787,0.08995060956,0.9220280395,0.9781438908,-0.2074616616,-0.0009442043046,0.01390310769,0,1
85,2833333333,0,0,-0.1374934184,0.09076659813,0.9330518709,0.9784793574,-0.2058483028,-0.0009410452384,0.01427367664,0,1
86,2866666667,0,0,-0.1400172805,0.0912967741,0.9438955799,0.9788868865,-0.2038578029,-0.001032481182,0.01487929962,0,1
87,2900000000,0,0,-0.1426930249,0.09234365706,0.9554121278,0.9794381362,-0.2011437655,-0.001204422076,0.01551362037,0,1
88,2933333333,0,0,-0.1451452033,0.093072544,0.9655154856,0.9800830291,-0.1979087543,-0.001563102828,0.01633822866,0,1
89,2966666667,0,0,-0.1474797148,0.09436796243,0.9760162556,0.9808494928,-0.1940076618,-0.001825199219,0.01708708029,0,1
90,3000000000,0,0,-0.1495324694,0.0956346394,0.9859233211,0.9816383511,-0.1899062977,-0.002139560106,0.01780921176,0,1
91,3033333333,0,1,-0.1520954969,0.09689519042,0.9949248826,0.9825607208,-0.1850126257,-0.002407941508,0.01841086798,0,1
92,3066666667,0,0,-0.1537187428,0.09808581103,1.005654815,0.9835141054,-0.1797587846,-0.002753310387,0.01947313933,0,1
93,3100000000,0,0,-0.1550572913,0.09894987858,1.016402916,0.9844795638,-0.1742337435,-0.003120962673,0.0208050648,0,1
94,3133333333,0,0,-0.1561798502,0.1002117608,1.027453089,0.9854885552,-0.1682608167,-0.003526830483,0.02209449465,0,1
95,3166666667,0,0,-0.1571043697,0.1016197821,1.038632673,0.9865118834,-0.1619527749,-0.003935920436,0.02345444651,0,1
96,3200000000,0,0,-0.1579385727,0.103544597,1.050055869,0.9875822806,-0.1550771214,-0.004463943049,0.02474668915,0,1
97,3233333333,0,1,-0.1602026074,0.1049403984,1.06118719,0.9886023211,-0.1481312198,-0.004677255601,0.02647103583,0,1
98,3266666667,0,0,-0.1622322658,0.1062550937,1.072545042,0.9896106764,-0.1408831296,-0.005036091386,0.02823633579,0,1
99,3300000000,0,0,-0.1646187696,0.1073942941,1.08373006,0.9906026088,-0.1333190984,-0.005537139485,0.03003047675,0,1
100,3333333333,0,0,-0.1674606627,0.1082725099,1.095060144,0.9915430798,-0.1256349602,-0.005933244964,0.03198397063,0,1
101,3366666667,0,0,-0.1708078468,0.1093097562,1.106497318,0.9924514747,-0.117656729,-0.006383671148,0.03400313541,0,1
102,3400000000,0,0,-0.174155567,0.1102265478,1.117352097,0.993344641,-0.1092000521,-0.006885223657,0.03597730509,0,1
103,3433333333,0,1,-0.1778604532,0.1115471661,1.129699493,0.9942276193,-0.1002416125,-0.00735892395,0.03753540218,0,1
104,3466666667,0,0,-0.1811104908,0.1117230342,1.139799972,0.9949954577,-0.09137502441,-0.007850927626,0.03966115311,0,1
105,3500000000,0,0,-0.1843331624,0.1118436483,1.150133211,0.9957097048,-0.0821819848,-0.008191592994,0.04172772428,0,1
106,3533333333,0,0,-0.1871189791,0.1116813866,1.161034147,0.9963282479,-0.07301160598,-0.008455602095,0.04390706866,0,1
107,3566666667,0,0,-0.1898827261,0.1111251416,1.170380955,0.996872556,-0.06363573905,-0.008735493497,0.04603575833,0,1
108,3600000000,0,0,-0.1917190338,0.110422817,1.180681952,0.9973270408,-0.05419658408,-0.009009051523,0.04816991771,0,1
109,3633333333,0,1,-0.1933410891,0.1109537932,1.192671549,0.997765139,-0.04431477495,-0.009404699204,0.04911700147,0,1
110,3666666667,0,0,-0.1940502568,0.1105155474,1.203694162,0.9980567943,-0.03471037102,-0.009601068411,0.05084923772,0,1
111,3700000000,0,0,-0.1947470306,0.1100114756,1.214495721,0.9982540433,-0.02488237552,-0.009865665405,0.05265359492,0,1
112,3733333333,0,0,-0.1951903796,0.1092427495,1.225893832,0.998352068,-0.01497516873,-0.01006096879,0.05447632175,0,1
113,3766666667,0,0,-0.1954542307,0.1080404716,1.237605853,0.9983559836,-0.005210010746,-0.01023533311,0.05615535319,0,1
114,3800000000,0,0,-0.1962313507,0.106048922,1.248874605,0.9982394703,0.004392929098,-0.01045576846,0.05821803055,0,1
115,3833333333,0,1,-0.1989692243,0.1023987575,1.259350752,0.9980052015,0.01360153873,-0.01000347292,0.06083211714,0,1
116,3866666667,0,0,-0.2007863385,0.09986116786,1.270501769,0.9976870633,0.02312304844,-0.009982195239,0.06313639342,0,1
117,3900000000,0,0,-0.2035511391,0.09807489728,1.281727832,0.9972894865,0.03299340109,-0.009896072112,0.06501679261,0,1
118,3933333333,0,0,-0.2063366468,0.09580378242,1.292670074,0.996772102,0.0430102687,-0.009917262955,0.06706072938,0,1
119,3966666667,0,0,-0.2093648716,0.09294188284,1.303258166,0.9961519774,0.05270975021,-0.00980714093,0.06933065768,0,1
120,4000000000,0,1,-0.2112286292,0.08938189366,1.315672035,0.9955148881,0.06161241167,-0.01003432506,0.07108678242,0,1
121,4033333333,0,0,-0.2143276039,0.08688596992,1.32621795,0.9947509741,0.07100371942,-0.01004205472,0.07299403005,0,1
122,4066666667,0,0,-0.2169279884,0.08424279564,1.336705035,0.9939000334,0.08028756746,-0.01011303542,0.07492901069,0,1
123,4100000000,0,0,-0.2195069402,0.08104175442,1.347301122,0.9929571112,0.08932689712,-0.009935842613,0.07718911662,0,1
124,4133333333,0,0,-0.2211409056,0.07765741016,1.358566891,0.991920539,0.09847381185,-0.009797406445,0.07937608904,0,1
125,4166666667,0,0,-0.2223831052,0.07425750747,1.370500497,0.9907991021,0.1077315258,-0.009800032866,0.08133275419,0,1
126,4200000000,0,1,-0.2234274694,0.07140716744,1.383592112,0.9896338156,0.1171380134,-0.009550695236,0.08253715006,0,1
127,4233333333,0,0,-0.2246197657,0.067995238,1.395995173,0.9883104522,0.1266424039,-0.009484264541,0.08434571862,0,1
128,4266666667,0,0,-0.2255258062,0.06401795832,1.409602417,0.9869171794,0.1358964511,-0.009391486493,0.08624636511,0,1
129,4300000000,0,0,-0.2268701981,0.05995136363,1.421850774,0.9855257972,0.1445123055,-0.00933968791,0.08813550301,0,1
130,4333333333,0,0,-0.2280432339,0.05591715797,1.434810804,0.9840513491,0.1531519269,-0.00921406187,0.09001405811,0,1
131,4366666667,0,0,-0.2300735336,0.05250094182,1.446837055,0.9824895644,0.1619318619,-0.008971345136,0.09171609913,0,1
132,4400000000,0,1,-0.2315855148,0.04986662761,1.458748335,0.9808406517,0.1708625298,-0.008751408731,0.09317201639,0,1
133,4433333333,0,0,-0.2333575053,0.04683508712,1.471243833,0.9792068255,0.1793351207,-0.008589119782,0.09444116898,0,1
134,4466666667,0,0,-0.2349258468,0.04288633244,1.484621707,0.9774404723,0.1877639559,-0.00902043697,0.09629876296,0,1
135,4500000000,0,0,-0.2372140563,0.03900222701,1.49623646,0.9756010647,0.1962429725,-0.009233703828,0.09801018822,0,1
136,4533333333,0,0,-0.2394895643,0.03509607726,1.507837249,0.9737562688,0.2046324451,-0.009400543882,0.09917621308,0,1
137,4566666667,0,0,-0.2412729639,0.03104789168,1.51995641,0.9718344202,0.2129620818,-0.009639100579,0.1004594403,0,1
138,4600000000,0,1,-0.2464907581,0.02757240818,1.530424033,0.9696613245,0.222032849,-0.008164047206,0.10193958,0,1
139,4633333333,0,0,-0.2480689747,0.0228139487,1.541497712,0.9676167876,0.2301819634,-0.008216874245,0.1032787448,0,1
140,4666666667,0,0,-0.2495907516,0.01728991126,1.552098128,0.9655434091,0.238147971,-0.008127384284,0.1046203355,0,1
141,4700000000,0,0,-0.2502823403,0.01106781405,1.562514451,0.9634760185,0.2457202187,-0.008111582974,0.1061590231,0,1
142,4733333333,0,0,-0.2505327057,0.005190522601,1.573085047,0.9613707429,0.2533723341,-0.008139154726,0.1072497514,0,1
143,4766666667,0,0,-0.2505268703,-0.001294364793,1.584302389,0.959245531,0.2607619866,-0.008070227779,0.1085636637,0,1
144,4800000000,0,1,-0.2517373537,-0.006279508481,1.593717997,0.9569716227,0.2684346943,-0.007422005724,0.109968368,0,1
145,4833333333,0,0,-0.251631976,-0.01302626047,1.60440364,0.9547376682,0.2757378618,-0.00728939871,0.1113170298,0,1
146,4866666667,0,0,-0.2509109631,-0.02074561854,1.614878595,0.9525250789,0.2827243243,-0.007443634197,0.1127276488,0,1
147,4900000000,0,0,-0.2510748158,-0.02831588444,1.625100546,0.9502825806,0.2897206141,-0.007336406412,0.1138909998,0,1
148,4933333333,0,0,-0.2512448446,-0.03604338673,1.635685139,0.9480046031,0.2966524928,-0.007375238372,0.115022506,0,1
149,4966666667,0,0,-0.2523629638,-0.04408974527,1.646090439,0.9457489523,0.3033187617,-0.007094368023,0.1162166854,0,1
150,5000000000,0,1,-0.2547452412,-0.04986714743,1.656091999,0.9432636953,0.3106978396,-0.006395927902,0.1169595897,0,1
151,5033333333,0,0,-0.2559786495,-0.05715752559,1.66590567,0.9407931417,0.3176423957,-0.006591929862,0.1181867989,0,1
152,5066666667,0,0,-0.2574120608,-0.0643209971,1.675681076,0.93852708,0.3240021273,-0.006636091351,0.1189348724,0,1
153,5100000000,0,0,-0.258853502,-0.07174904132,1.685636718,0.936129312,0.3305220436,-0.006452370792,0.1198976934,0,1
154,5133333333,0,0,-0.2603048666,-0.07846671956,1.694958659,0.9338131568,0.3366982476,-0.006712558242,0.1207568627,0,1
155,5166666667,0,0,-0.2619863197,-0.08483564953,1.704361892,0.9314818945,0.3428441649,-0.006635481409,0.121471516,0,1
156,5200000000,0,1,-0.2640927761,-0.09039852064,1.713272546,0.929013773,0.3491418247,-0.005948839971,0.1224663507,0,1
157,5233333333,0,0,-0.2646212157,-0.09715846899,1.722606141,0.9267044805,0.3549199695,-0.006177115006,0.1233388191,0,1
158,5266666667,0,0,-0.2646262071,-0.1042490642,1.732308412,0.9244272136,0.3605263344,-0.00631926964,0.1241577857,0,1
159,5300000000,0,0,-0.2642182548,-0.1115679917,1.742252091,0.9222202509,0.3658932047,-0.006438490404,0.1248619935,0,1
160,5333333333,0,0,-0.2634690639,-0.1194171625,1.752828856,0.9199887754,0.3712103663,-0.00660439284,0.1256180682,0,1
161,5366666667,0,0,-0.2630115232,-0.1269696896,1.763118492,0.9177694951,0.3764004728,-0.006690842579,0.1264004378,0,1
162,5400000000,0,1,-0.2644626782,-0.1318111474,1.772970212,0.9152338529,0.3824222294,-0.005788970039,0.1267545688,0,1
163,5433333333,0,0,-0.2642171748,-0.1395924099,1.783911604,0.9129053001,0.3877355976,-0.005890049873,0.1273982992,0,1
164,5466666667,0,0,-0.2647250099,-0.1474020288,1.794368568,0.9106190734,0.392895664,-0.005938621444,0.1279477754,0,1
165,5500000000,0,0,-0.2661213611,-0.1551653549,1.803997004,0.9083870347,0.3978152103,-0.005988316542,0.1286086845,0,1
166,5533333333,0,0,-0.2677526296,-0.1633359925,1.813713456,0.9062329363,0.4024763282,-0.006123743493,0.1292948963,0,1
167,5566666667,0,0,-0.2694915277,-0.1720070878,1.824045856,0.9041018188,0.4070229937,-0.006508274956,0.1299608644,0,1
168,5600000000,0,1,-0.27303745,-0.1776349238,1.833132856,0.9016078233,0.4123531817,-0.006012323733,0.130506852,0,1
169,5633333333,0,0,-0.274878376,-0.1860345641,1.84266636,0.899337524,0.4171339211,-0.006266354551,0.1309658069,0,1
170,5666666667,0,0,-0.2766859274,-0.1938513794,1.851837822,0.8972263431,0.421569679,-0.006433754149,0.13123453,0,1
171,5700000000,0,0,-0.2779532979,-0.2024605698,1.861168607,0.8952118319,0.425709454,-0.0065835379,0.1316202638,0,1
172,5733333333,0,0,-0.2791392692,-0.2110139457,1.870285285,0.8933166323,0.4295797692,-0.006667648168,0.1319172423,0,1
173,5766666667,0,0,-0.2798069783,-0.2190966629,1.878610127,0.8913460647,0.4334426503,-0.007006840724,0.1325917266,0,1
174,5800000000,0,1,-0.282624297,-0.2243823431,1.887115578,0.8889687197,0.4382231307,-0.006206797311,0.1328780597,0,1
175,5833333333,0,0,-0.2823190673,-0.2331359701,1.896193776,0.8870629089,0.4419422127,-0.006349105858,0.133289779,0,1
176,5866666667,0,0,-0.2819841389,-0.2413054614,1.90502806,0.8851991929,0.4455455532,-0.006464839818,0.1336778022,0,1
177,5900000000,0,0,-0.2815138231,-0.2492924209,1.913522561,0.8833614482,0.4490337616,-0.006623988295,0.1341542228,0,1
178,5933333333,0,0,-0.2806951889,-0.2577476138,1.922082177,0.8815342793,0.4524718164,-0.006826854076,0.134610415,0,1
179,5966666667,0,0,-0.2802983439,-0.265817425,1.930621694,0.8800999046,0.4552219583,-0.00677103655,0.1347266852,0,1
180,6000000000,0,1,-0.2808903648,-0.2723212455,1.941056781,0.8781738939,0.4589835551,-0.006211485021,0.1345590043,0,1
181,6033333333,0,0,-0.2805952598,-0.2811205613,1.949729525,0.8769334105,0.4612698439,-0.006399119793,0.1348220159,0,1
182,6066666667,0,0,-0.2810557323,-0.2901774295,1.958441523,0.875688019,0.4636117829,-0.006375431127,0.1348849956,0,1
183,6100000000,0,0,-0.2819309354,-0.2994408329,1.967497478,0.8746060117,0.4657581907,-0.006181443318,0.1345192251,0,1
184,6133333333,0,0,-0.2834064557,-0.3081061559,1.976187059,0.8736035399,0.4676241066,-0.006321944566,0.1345532722,0,1
185,6166666667,0,0,-0.2847383631,-0.3179243168,1.984296636,0.872680411,0.4692603951,-0.006565869591,0.1348349779,0,1
186,6200000000,0,1,-0.2876620177,-0.3255208718,1.992924967,0.8716512585,0.4712629107,-0.006054719914,0.134531383,0,1
187,6233333333,0,0,-0.2891581383,-0.333930085,2.001112288,0.8711894271,0.4722435568,-0.005989357149,0.1340862882,0,1
188,6266666667,0,0,-0.2911318463,-0.3423333537,2.009310979,0.8708260784,0.4730183267,-0.005717609766,0.133727008,0,1
189,6300000000,0,0,-0.2926226292,-0.3505047353,2.017570081,0.8708345822,0.4731276755,-0.005542580142,0.1332914588,0,1
190,6333333333,0,0,-0.2938532724,-0.3589470476,2.025917577,0.8706019746,0.473619731,-0.005480689842,0.1330658268,0,1
191,6366666667,0,0,-0.2947828775,-0.3668282429,2.034209415,0.8709666439,0.4730735493,-0.005386578014,0.1326254384,0,1
192,6400000000,0,1,-0.2968360905,-0.372533077,2.042795324,0.8711433123,0.4728801016,-0.004736763749,0.1321790533,0,1
193,6433333333,0,0,-0.2971194181,-0.3801122035,2.051673836,0.8717877515,0.4718413987,-0.004365291185,0.1316539211,0,1
194,6466666667,0,0,-0.2971797651,-0.3874017388,2.060946344,0.872658645,0.4703922406,-0.00403707907,0.1310791033,0,1
195,6500000000,0,0,-0.2972269929,-0.3942069684,2.070072091,0.8737182634,0.4685652236,-0.003745234606,0.1305718219,0,1
196,6533333333,0,0,-0.2971679614,-0.4015714452,2.080096736,0.875237788,0.4658952642,-0.003372937015,0.1299578411,0,1
197,6566666667,0,0,-0.2972159605,-0.4086218443,2.089736803,0.8770456927,0.4626721285,-0.002960860746,0.1292926439,0,1
198,6600000000,0,1,-0.2986691958,-0.4132279177,2.100137815,0.8788178583,0.4594095753,-0.002655635893,0.1288990366,0,1
199,6633333333,0,0,-0.2999219486,-0.419357113,2.109890944,0.881274831,0.4548324273,-0.002222737411,0.1283635261,0,1
200,6666666667,0,0,-0.3014228442,-0.4256501928,2.120055394,0.8838938993,0.4499154702,-0.001634976527,0.1276909207,0,1
201,6700000000,0,0,-0.3027679148,-0.4326549511,2.130428555,0.8865577639,0.4448006084,-0.001343596943,0.1271453684,0,1
202,6733333333,0,0,-0.3051323101,-0.4385939988,2.140498116,0.8893376462,0.4394050491,-0.0006706018369,0.1264962611,0,1
203,6766666667,0,0,-0.3068236015,-0.445345548,2.150290404,0.8922076139,0.4337747833,-9.501420675e-05,0.1257179465,0,1
204,6800000000,0,1,-0.31213439,-0.4516156987,2.159939962,0.8947068014,0.4285292869,0.001199470189,0.1259402678,0,1
205,6833333333,0,0,-0.3135113025,-0.4586844279,2.168552401,0.8975464939,0.4226882513,0.001768559573,0.1254663529,0,1
206,6866666667,0,0,-0.31540974,-0.4655468672,2.176719647,0.9003579143,0.4167973158,0.002666469766,0.125014054,0,1
207,6900000000,0,0,-0.3161766174,-0.4732520763,2.184687691,0.9032871159,0.4105538175,0.003422988015,0.124524023,0,1
208,6933333333,0,0,-0.316073095,-0.4810388317,2.192839647,0.9061111168,0.4044295891,0.004105002867,0.124026209,0,1
209,6966666667,0,1,-0.31690586,-0.4894148579,2.202681986,0.9086905478,0.3986423015,0.005058100453,0.1238556395,0,1
210,7000000000,0,0,-0.3164182158,-0.4973241346,2.21105139,0.9115642998,0.3921518992,0.006071934368,0.123412102,0,1
211,7033333333,0,0,-0.3153396662,-0.5049992334,2.219810786,0.9143997694,0.3856924565,0.007316232138,0.1227227099,0,1
212,7066666667,0,0,-0.313998349,-0.5130381164,2.229493784,0.9172135532,0.3791764808,0.00870332541,0.1219374694,0,1
213,7100000000,0,0,-0.3122749927,-0.5204332278,2.239440132,0.9200108377,0.3725463592,0.009891459808,0.1212081999,0,1
214,7133333333,0,0,-0.3107393442,-0.527865929,2.249775806,0.9226977856,0.3660028775,0.01115479822,0.1206078797,0,1
215,7166666667,0,1,-0.3087446252,-0.537868793,2.261208396,0.9255120648,0.358996502,0.01174776818,0.1200454886,0,1
216,7200000000,0,0,-0.3080238942,-0.5453944008,2.271167056,0.9283425184,0.3519056757,0.01298497801,0.1190544175,0,1
217,7233333333,0,0,-0.3073349045,-0.5534444714,2.282510673,0.9308838009,0.345403457,0.01383646887,0.1181539384,0,1
218,7266666667,0,0,-0.3085471826,-0.5609584079,2.291650313,0.9333739686,0.3387110372,0.01435344134,0.1178212494,0,1
219,7300000000,0,0,-0.3096605688,-0.5690236832,2.301448519,0.9358042388,0.3322326013,0.01510458428,0.1168921591,0,1
220,7333333333,0,1,-0.3122130763,-0.5800283302,2.311738928,0.9385145913,0.3246641509,0.01612892583,0.1162901917,0,1
221,7366666667,0,0,-0.3147228052,-0.5875161044,2.320928084,0.9407937772,0.3182648258,0.0166855837,0.1154822965,0,1
222,7400000000,0,0,-0.3173023303,-0.5947305184,2.330370382,0.9429533023,0.3121554578,0.01738938569,0.1144362231,0,1
223,7433333333,0,0,-0.3191169934,-0.6021778228,2.339293409,0.9451248344,0.3058538665,0.0176497637,0.1134942534,0,1
224,7466666667,0,0,-0.3205926858,-0.6096727797,2.348987458,0.9473019325,0.2995468305,0.01808793061,0.1120873396,0,1
225,7500000000,0,0,-0.3219367963,-0.6169638251,2.358669136,0.9493617592,0.2934034478,0.01850768481,0.1108338057,0,1
226,7533333333,0,1,-0.3221026009,-0.6264089137,2.372078678,0.9515168182,0.2869886611,0.01887967114,0.1090725035,0,1
227,7566666667,0,0,-0.3220704443,-0.634156379,2.383261337,0.9535761526,0.2805080706,0.018883178,0.1079405818,0,1
228,7600000000,0,0,-0.3224261417,-0.6412705663,2.394679276,0.9554985906,0.2743316283,0.01887844224,0.1068092016,0,1
229,7633333333,0,0,-0.3228446077,-0.6483230728,2.406598215,0.9574110771,0.2681030868,0.01859169038,0.1055419981,0,1
230,7666666667,0,0,-0.3238641348,-0.6548671865,2.418429597,0.9593108516,0.2618135649,0.01812898028,0.1041522317,0,1
231,7700000000,0,0,-0.3253130099,-0.6611318002,2.431533509,0.9611866829,0.2555522632,0.01759902564,0.1024864661,0,1
232,7733333333,0,1,-0.32812081,-0.6681847056,2.445529005,0.9630711646,0.2489873246,0.01708662554,0.1010311406,0,1
233,7766666667,0,0,-0.3305850449,-0.6749200552,2.458442597,0.9648975856,0.2424316491,0.01600972128,0.09971576452,0,1
234,7800000000,0,0,-0.3340075497,-0.6810246994,2.471103914,0.9666774558,0.2358049049,0.01457775377,0.09858109517,0,1
235,7833333333,0,0,-0.3382578815,-0.6860296725,2.482655832,0.9683054199,0.229893023,0.01353288706,0.09669887618,0,1
236,7866666667,0,0,-0.3421167113,-0.6912901342,2.49447035,0.9700493405,0.2233742073,0.01216121189,0.09465910131,0,1
237,7900000000,0,0,-0.3445516861,-0.6957170073,2.506870285,0.9716088851,0.2175382094,0.01037930373,0.09244226222,0,1
238,7933333333,0,1,-0.3499208793,-0.7037613412,2.518902593,0.9732787556,0.2099549388,0.01016086907,0.09243454085,0,1
239,7966666667,0,0,-0.3533345637,-0.7087271418,2.529792756,0.9747669815,0.2036708751,0.00891361662,0.09092883997,0,1
240,8000000000,0,0,-0.3557037511,-0.7145176751,2.540850511,0.9762090313,0.1972303111,0.007123422545,0.08980750761,0,1
241,8033333333,0,0,-0.3579321769,-0.7203697841,2.551659222,0.9776447003,0.1906700528,0.005362479336,0.08847041731,0,1
242,8066666667,0,0,-0.3595463618,-0.7254599305,2.56281161,0.9789834149,0.1845865175,0.003727671647,0.08663368554,0,1
243,8100000000,0,0,-0.3592886134,-0.7293341232,2.575889017,0.9801504456,0.1792767503,0.001462510346,0.08463339684,0,1
244,8133333333,0,1,-0.3592796015,-0.7385006418,2.589917168,0.9815386334,0.1715439699,-0.0002570432851,0.08458434512,0,1
245,8166666667,0,0,-0.3596068892,-0.7441564416,2.602469269,0.982753469,0.1651388995,-0.002305611205,0.08318321426,0,1
246,8200000000,0,0,-0.3600723646,-0.7493865657,2.615539094,0.9839072637,0.1589615656,-0.00435010525,0.08147879299,0,1
247,8233333333,0,0,-0.3610165167,-0.7548591774,2.628433383,0.9850046351,0.1526007489,-0.006395232602,0.08023703176,0,1
248,8266666667,0,0,-0.3622662482,-0.759503275,2.641230994,0.9860937269,0.1460854142,-0.008682554298,0.07875802685,0,1
249,8300000000,0,0,-0.3637160485,-0.763256489,2.653721047,0.9871599795,0.1394511638,-0.0112454943,0.07708493095,0,1
250,8333333333,0,1,-0.3682332845,-0.7711194884,2.666560801,0.9882580845,0.1314118296,-0.01167000824,0.07707593864,0,1
251,8366666667,0,0,-0.3712976601,-0.7751431486,2.679119209,0.9891801531,0.1243956552,-0.01431314637,0.07644265462,0,1
252,8400000000,0,0,-0.3741137735,-0.7780228626,2.691781299,0.9900896479,0.117695698,-0.01683954395,0.07474383913,0,1
253,8433333333,0,0,-0.3757863991,-0.780278306,2.704748448,0.9908723363,0.1115028366,-0.02001607462,0.07306495243,0,1
254,8466666667,0,0,-0.3788603061,-0.7831799155,2.717242593,0.9915769045,0.1048578985,-0.02241075051,0.07264861876,0,1
255,8500000000,0,0,-0.3816448263,-0.7846859165,2.728459027,0.9923039909,0.09826088784,-0.0247569301,0.07116657881,0,1
256,8533333333,0,1,-0.3844270613,-0.7888394387,2.738636154,0.993044954,0.09017703394,-0.02608760239,0.07105813788,0,1
257,8566666667,0,0,-0.386254315,-0.7900140925,2.750925496,0.9936079851,0.08375867593,-0.02813831928,0.07025589709,0,1
258,8600000000,0,0,-0.3872273686,-0.7908415856,2.763326135,0.9941474518,0.07729850575,-0.03026657862,0.06913551471,0,1
259,8633333333,0,0,-0.3871635528,-0.7922943986,2.776864471,0.9946552085,0.07038649376,-0.03249906278,0.06819507811,0,1
260,8666666667,0,0,-0.3879217378,-0.7922140526,2.789499775,0.9951246475,0.06384748748,-0.03439486384,0.06683881773,0,1
261,8700000000,0,0,-0.3882366327,-0.7938515143,2.803056426,0.9954392569,0.05688731245,-0.03658524243,0.06727584666,0,1
262,8733333333,0,1,-0.3910536917,-0.794570764,2.815820229,0.9959166686,0.04950193477,-0.03707755377,0.06576323246,0,1
263,8766666667,0,0,-0.3929309841,-0.7933207986,2.829323027,0.9961930039,0.04312988935,-0.03900745459,0.06494405327,0,1
264,8800000000,0,0,-0.3953874292,-0.7920005016,2.84349859,0.9964067388,0.03672209861,-0.04081564609,0.0644917163,0,1
265,8833333333,0,0,-0.3992671297,-0.7910226558,2.857378984,0.99661722,0.02965455238,-0.04229572508,0.06392023173,0,1
266,8866666667,0,0,-0.4022195819,-0.7894184102,2.871558843,0.9967589793,0.02278447377,-0.04434756138,0.06313238987,0,1
267,8900000000,0,0,-0.4061208088,-0.7888872751,2.885290931,0.9968340108,0.01555151604,-0.04639633227,0.06266965406,0,1
268,8933333333,0,1,-0.4133259365,-0.7891769615,2.898609042,0.997112783,0.007157056531,-0.04592524953,0.06004786362,0,1
269,8966666667,0,0,-0.4190097309,-0.7879046322,2.911890919,0.9971168655,0.0004654417457,-0.04741030633,0.05924527667,0,1
270,9000000000,0,0,-0.4228929968,-0.7866997338,2.923962307,0.9970555271,-0.006709146743,-0.04946353408,0.05821187109,0,1
271,9033333333,0,0,-0.426435817,-0.7853459886,2.936024696,0.9969286471,-0.01370644253,-0.05153907712,0.05735093299,0,1
272,9066666667,0,0,-0.4296138198,-0.7843419723,2.947810267,0.9967887269,-0.02061643072,-0.05310307598,0.05627841614,0,1
273,9100000000,0,0,-0.4321688588,-0.7839384727,2.959895417,0.9965614333,-0.02746243996,-0.05493650932,0.05561568057,0,1
274,9133333333,0,1,-0.4384062964,-0.7851357379,2.968533005,0.9964657136,-0.03472442306,-0.05331592605,0.05484257537,0,1
275,9166666667,0,0,-0.4400363086,-0.7842727553,2.980289368,0.9962208713,-0.04136192564,-0.05423183602,0.05377801356,0,1
276,9200000000,0,0,-0.4411771582,-0.7830872467,2.992872001,0.9959351661,-0.0481822672,-0.05493385129,0.05266769405,0,1
277,9233333333,0,0,-0.4418399698,-0.7814533003,3.006218954,0.9956092572,-0.05476590353,-0.05550394047,0.05179010841,0,1
278,9266666667,0,0,-0.4422704074,-0.7798524559,3.01923686,0.9952258761,-0.06159063721,-0.05593018534,0.05102806314,0,1
279,9300000000,0,0,-0.4422998298,-0.7780535308,3.033719518,0.9947990292,-0.06855599154,-0.0563420859,0.0500053683,0,1
280,9333333333,0,1,-0.4423003617,-0.7788055574,3.045836077,0.9942723404,-0.07672254935,-0.0563824257,0.04855085687,0,1
281,9366666667,0,0,-0.4426789648,-0.7766459316,3.059918637,0.9937341228,-0.08367269922,-0.05687329274,0.04750580175,0,1
282,9400000000,0,0,-0.4440038242,-0.7741187071,3.074154505,0.9931519622,-0.09069815294,-0.05713992162,0.04645486505,0,1
283,9433333333,0,0,-0.4460245146,-0.7711407274,3.088498403,0.9925463783,-0.09744709219,-0.05745006474,0.04533476827,0,1
284,9466666667,0,0,-0.4484981065,-0.7677056115,3.101991467,0.9918625717,-0.1042967212,-0.05793444834,0.0444345874,0,1
285,9500000000,0,0,-0.4519623524,-0.7642453119,3.114289558,0.991170803,-0.1109766719,-0.05814108626,0.04340773758,0,1
286,9533333333,0,1,-0.4558269364,-0.7626575832,3.125607201,0.990385063,-0.1188448956,-0.05714202497,0.04181036741,0,1
287,9566666667,0,0,-0.4583514717,-0.7590657079,3.13883589,0.9896025919,-0.125546853,-0.0572379097,0.04060196482,0,1
288,9600000000,0,0,-0.4608622339,-0.7552813623,3.15080372,0.9887599783,-0.1323554753,-0.057264276,0.03945296186,0,1
289,9633333333,0,0,-0.4630921384,-0.7509430306,3.162421414,0.9878843846,-0.1391453579,-0.05716899124,0.03814077179,0,1
290,9666666667,0,0,-0.4649776822,-0.7457001263,3.174493356,0.9870319836,-0.1455087069,-0.05705162342,0.0366086316,0,1
291,9700000000,0,0,-0.4662211821,-0.7408915932,3.186422238,0.9860981526,-0.1520230039,-0.05705617537,0.0352708465,0,1
292,9733333333,0,1,-0.4687347736,-0.7383819906,3.196871491,0.9851075485,-0.1589950396,-0.05579081241,0.03422105503,0,1
293,9766666667,0,0,-0.4695747487,-0.7334297766,3.209292464,0.9840882467,-0.1655567843,-0.05549996912,0.0328789807,0,1
294,9800000000,0,0,-0.4704186745,-0.7277214888,3.222128968,0.9830362228,-0.1720900559,-0.05516599209,0.03132907033,0,1
295,9833333333,0,0,-0.4711150965,-0.7220293914,3.234446358,0.9819584334,-0.1784878631,-0.05483453042,0.02988129924,0,1
296,9866666667,0,0,-0.4716911705,-0.7153682277,3.247412532,0.9808521098,-0.1848267438,-0.05443047044,0.02838198868,0,1
297,9900000000,0,0,-0.4722966914,-0.7085471287,3.261029413,0.979698492,-0.191140875,-0.05406133807,0.02708140467,0,1
298,9933333333,0,1,-0.4752463701,-0.7031646,3.271312975,0.9785690951,-0.1973634002,-0.05287106173,0.02559033566,0,1
299,9966666667,0,0,-0.4779635749,-0.6957462912,3.283972714,0.9773767882,-0.203493139,-0.05230542926,0.02427546829,0,1
300,10000000000,0,0,-0.4813854326,-0.6873324125,3.297697553,0.9761409175,-0.2096365999,-0.05178928215,0.02278761475,0,1
301,10033333333,0,0,-0.4857029689,-0.6800497245,3.310114425,0.9748354361,-0.2158574271,-0.05120134332,0.02190584861,0,1
302,10066666667,0,0,-0.4903725379,-0.6724905019,3.323269022,0.9734673709,-0.2221530993,-0.05080641191,0.02068783995,0,1
303,10100000000,0,0,-0.4943611064,-0.6645931791,3.336231123,0.9720978104,-0.2282168098,-0.05075224463,0.01916101053,0,1
304,10133333333,0,1,-0.5016505143,-0.6582397437,3.345226402,0.9708596165,-0.2339974233,-0.0488756043,0.01697015998,0,1
305,10166666667,0,0,-0.5066585542,-0.6509440232,3.356686593,0.9694088736,-0.2402228917,-0.04785788826,0.01578038929,0,1
306,10200000000,0,0,-0.5105298154,-0.6440416177,3.368097548,0.9679672509,-0.2461927777,-0.04705005113,0.0146563997,0,1
307,10233333333,0,0,-0.5139196714,-0.6370749345,3.380227941,0.9665175298,-0.2520234642,-0.0463508829,0.01340275426,0,1
308,10266666667,0,0,-0.5159362356,-0.6301046135,3.392550701,0.9650068394,-0.2579059934,-0.04580388204,0.01217796258,0,1
309,10300000000,0,0,-0.5176068984,-0.6231265095,3.405170991,0.9634330116,-0.2638935403,-0.04517128484,0.01079752949,0,1
310,10333333333,0,1,-0.5197028425,-0.6159525131,3.415797575,0.9619895125,-0.2694289466,-0.04367201308,0.008773587549,0,1
311,10366666667,0,0,-0.5203957534,-0.6078768811,3.4292396,0.9603596446,-0.2753492034,-0.04288126903,0.007305200227,0,1
312,10400000000,0,0,-0.5210678381,-0.5999079294,3.442077026,0.9588192232,-0.2808304936,-0.04201099265,0.005916716313,0,1
313,10433333333,0,0,-0.5219482555,-0.5916967709,3.455793055,0.9572329879,-0.2863514378,-0.04107878136,0.004516035532,0,1
314,10466666667,0,0,-0.5234002355,-0.5833424631,3.469937167,0.9556336523,-0.2917932928,-0.04014485589,0.003063878357,0,1
315,10500000000,0,0,-0.5253903503,-0.5749648332,3.484295069,0.9540490097,-0.2970511733,-0.03935190974,0.001585771104,0,1
316,10533333333,0,1,-0.5286915877,-0.5689696292,3.496603216,0.9523270495,-0.3027048923,-0.03798481543,0.0003044764874,0,1
317,10566666667,0,0,-0.5316038057,-0.561284307,3.511088322,0.9506481037,-0.3080707892,-0.03686746194,-0.001167068893,0,1
318,10600000000,0,0,-0.5351026666,-0.5536462062,3.52416156,0.9489810367,-0.3132642979,-0.03597351601,-0.002525434456,0,1
319,10633333333,0,0,-0.5386803161,-0.5459571066,3.536996489,0.9472210951,-0.3186536187,-0.03486708105,-0.004044130574,0,1
320,10666666667,0,0,-0.5414972457,-0.5373598626,3.550053619,0.9455861752,-0.3235775955,-0.03368628839,-0.00543681288,0,1
321,10700000000,0,0,-0.5446770961,-0.5290264873,3.562355545,0.9438302507,-0.3287603551,-0.03252388101,-0.006579051862,0,1
322,10733333333,0,1,-0.5483411243,-0.5225337738,3.572635325,0.9420660334,-0.3339253131,-0.03068186529,-0.008006064559,0,1
323,10766666667,0,0,-0.5504156028,-0.5143965431,3.585102641,0.9403197077,-0.3388908671,-0.02942767388,-0.00926495953,0,1
324,10800000000,0,0,-0.5518706282,-0.5056029851,3.597667382,0.9386102468,-0.3436477326,-0.0283628855,-0.01061071431,0,1
325,10833333333,0,0,-0.5526326788,-0.496721962,3.609752467,0.9368901943,-0.3483575288,-0.02729799498,-0.01177350303,0,1
326,10866666667,0,0,-0.5530163465,-0.4872750014,3.622269348,0.9352074479,-0.3528830948,-0.02636279096,-0.01286677944,0,1
327,10900000000,0,0,-0.553497939,-0.4779348289,3.633877307,0.9335481794,-0.3572678022,-0.02541513678,-0.01419806333,0,1
328,10933333333,0,1,-0.5536557981,-0.4693098089,3.644516851,0.9318185156,-0.3617830387,-0.02434967498,-0.01530948179,0,1
329,10966666667,0,0,-0.5539333734,-0.4594621788,3.656206702,0.9301660989,-0.3660236465,-0.02345799203,-0.0163536324,0,1
330,11000000000,0,0,-0.5548484542,-0.4490469088,3.668221483,0.92856134,-0.3700930411,-0.02251788387,-0.01726046672,0,1
331,11033333333,0,0,-0.5564974718,-0.438621056,3.679750573,0.9269759766,-0.3740554986,-0.02157725817,-0.01823306484,0,1
332,11066666667,0,0,-0.5588062562,-0.428292998,3.690575008,0.925437091,-0.3778331747,-0.02079142209,-0.0193907062,0,1
333,11100000000,0,0,-0.5617811354,-0.4177863051,3.701926694,0.9238548696,-0.3816840038,-0.01993845645,-0.02029677658,0,1
334,11133333333,0,1,-0.5653295913,-0.4085794166,3.712560295,0.92226926,-0.3855045032,-0.01897392885,-0.02111113442,0,1
335,11166666667,0,0,-0.5694679524,-0.3993172855,3.723417643,0.9207795903,-0.3890554692,-0.01812669784,-0.02173041127,0,1
336,11200000000,0,0,-0.5738484722,-0.3897884479,3.734968084,0.9192040551,-0.3927586984,-0.01725377075,-0.0225126052,0,1
337,11233333333,0,0,-0.57810186,-0.3802484492,3.746353225,0.9176891339,-0.3962679767,-0.01642373845,-0.0234223167,0,1
338,11266666667,0,0,-0.5819776886,-0.3713637609,3.757612282,0.9162638035,-0.3995385271,-0.01565668076,-0.02417593985,0,1
339,11300000000,0,0,-0.585302986,-0.3625936583,3.769052522,0.9148393032,-0.4027748467,-0.01489019841,-0.02489486403,0,1
340,11333333333,0,1,-0.5884778153,-0.3566197027,3.779376001,0.9132546969,-0.4063488375,-0.01385915308,-0.02558133383,0,1
341,11366666667,0,0,-0.5910833587,-0.3490356434,3.790710793,0.9118903531,-0.4093931815,-0.01306782987,-0.02612352571,0,1
342,11400000000,0,0,-0.5927949292,-0.3413295659,3.80241361,0.9105360714,-0.412368177,-0.01247375122,-0.02685060293,0,1
343,11433333333,0,0,-0.5942340851,-0.3333403001,3.814466854,0.9092204317,-0.4152412436,-0.01176751938,-0.02746710164,0,1
344,11466666667,0,0,-0.5953442624,-0.3251689048,3.826096835,0.9079360043,-0.4180154343,-0.01107722658,-0.02815322149,0,1
345,11500000000,0,0,-0.5963258127,-0.3168448735,3.838173261,0.9066666127,-0.4207364078,-0.01038898221,-0.02878537156,0,1
346,11533333333,0,1,-0.597421307,-0.3101767286,3.849972145,0.9053238389,-0.4236153669,-0.009617378186,-0.02909078261,0,1
347,11566666667,0,0,-0.5990258663,-0.3022031227,3.862318954,0.9042243182,-0.425937615,-0.008962814529,-0.02958375243,0,1
348,11600000000,0,0,-0.6011674031,-0.2948324673,3.874533529,0.9031183205,-0.4282624506,-0.008325760515,-0.02998756962,0,1
349,11633333333,0,0,-0.6035801152,-0.2878765634,3.886981099,0.9019443899,-0.4307303774,-0.007675929421,-0.03014530723,0,1
350,11666666667,0,0,-0.606366332,-0.2797353373,3.899735075,0.9009138375,-0.4328674215,-0.007037134635,-0.03050461491,0,1
351,11700000000,0,0,-0.609515481,-0.2713189925,3.911998573,0.9000258763,-0.4346979065,-0.006430098833,-0.03081892303,0,1
352,11733333333,0,1,-0.6125736464,-0.2648194897,3.922831275,0.8991822569,-0.4364216244,-0.006012779684,-0.03116538215,0,1
353,11766666667,0,0,-0.6158696053,-0.2568930042,3.934892912,0.8985792534,-0.4376561281,-0.005563668509,-0.03132865178,0,1
354,11800000000,0,0,-0.6190939663,-0.2480852304,3.946762478,0.8981385342,-0.4385571846,-0.005071499702,-0.03144915252,0,1
355,11833333333,0,0,-0.6219979557,-0.240007077,3.957882961,0.8977940501,-0.4392717618,-0.00455981458,-0.03139061995,0,1
356,11866666667,0,0,-0.6243179401,-0.2316771907,3.969359392,0.8975620001,-0.4397562123,-0.004115488906,-0.03130483113,0,1
357,11900000000,0,0,-0.6265175862,-0.2230885197,3.980850565,0.897455421,-0.4399691875,-0.003630417707,-0.03142771863,0,1
358,11933333333,0,1,-0.6280189411,-0.215227586,3.991216189,0.8970904201,-0.4406961569,-0.00340008877,-0.03168777266,0,1
359,11966666667,0,0,-0.6294566703,-0.2067953503,4.002622297,0.897142253,-0.4406011019,-0.003007911959,-0.03158163042,0,1
360,12000000000,0,0,-0.6304530883,-0.1978686673,4.014484356,0.8973220238,-0.4402522266,-0.002656690796,-0.03137044059,0,1
361,12033333333,0,0,-0.6312956376,-0.1892740753,4.026291264,0.8975851617,-0.4397353878,-0.002349522131,-0.03111504356,0,1
362,12066666667,0,0,-0.63209596,-0.1804580594,4.038071045,0.8979619431,-0.4389835974,-0.001978877137,-0.03088420155,0,1
363,12100000000,0,0,-0.6331004852,-0.1717034394,4.049835496,0.8984167999,-0.4380770091,-0.001634663886,-0.03054694041,0,1
364,12133333333,0,1,-0.6345808703,-0.1631231352,4.06100995,0.8990062239,-0.4368844527,-0.001369997716,-0.03029698633,0,1
365,12166666667,0,0,-0.6365002725,-0.1546423768,4.072554605,0.8996816798,-0.4355235462,-0.001004455173,-0.0298514109,0,1
366,12200000000,0,0,-0.6389014533,-0.146466634,4.084112477,0.9004227814,-0.4340194058,-0.0006704362847,-0.02941973355,0,1
367,12233333333,0,0,-0.6416981974,-0.1377043754,4.09563833,0.9012674916,-0.4322913836,-0.0004659316892,-0.02899743252,0,1
368,12266666667,0,0,-0.6453106686,-0.1301220405,4.106773047,0.9023125242,-0.4301475352,-0.0002308560171,-0.02837522315,0,1
369,12300000000,0,0,-0.6490536345,-0.1221449094,4.118748433,0.9034161314,-0.4278617963,-5.73418811e-05,-0.02781318875,0,1
370,12333333333,0,1,-0.6525141038,-0.1146867191,4.129203983,0.9047139412,-0.4251415404,-9.08737687e-05,-0.02733764795,0,1
371,12366666667,0,0,-0.6560536562,-0.1070359094,4.141081129,0.9059706683,-0.4225003094,0.0001006554157,-0.02665758089,0,1
372,12400000000,0,0,-0.659096927,-0.09966038954,4.153063002,0.90732801,-0.4196228977,0.0002669797492,-0.02593134528,0,1
373,12433333333,0,0,-0.6617624121,-0.09281703491,4.165003327,0.9087531854,-0.4165726892,0.0004051764834,-0.02519282661,0,1
374,12466666667,0,0,-0.6639883226,-0.08581330282,4.176993221,0.9102959894,-0.4132390191,0.0005486344034,-0.02438080863,0,1
375,12500000000,0,0,-0.6655977044,-0.07846791389,4.189430909,0.9118938355,-0.4097482486,0.0006633306599,-0.02357043731,0,1
376,12533333333,0,1,-0.6669074517,-0.07087953567,4.2021886,0.9135519318,-0.4060778117,0.0006473578343,-0.02287487189,0,1
377,12566666667,0,0,-0.6679411116,-0.06359607459,4.214749111,0.9152321395,-0.4023219949,0.0008494123468,-0.02205497135,0,1
378,12600000000,0,0,-0.6686480518,-0.05643327166,4.22780007,0.9169820329,-0.3983707478,0.0009683942245,-0.02106563126,0,1
379,12633333333,0,0,-0.6695594508,-0.04946068558,4.240977927,0.9188117099,-0.3941870014,0.001073160579,-0.02001244787,0,1
380,12666666667,0,0,-0.6706697244,-0.04238457677,4.254743973,0.9206855485,-0.3898396514,0.001151611547,-0.01902211299,0,1
381,12700000000,0,0,-0.6722586618,-0.03578987055,4.268445559,0.9226525702,-0.385211023,0.001215329629,-0.01797847281,0,1
382,12733333333,0,1,-0.6745711549,-0.02873307372,4.282233277,0.9247219959,-0.3802614719,0.001305747608,-0.01699230113,0,1
383,12766666667,0,0,-0.6773049687,-0.0219730552,4.295994887,0.9267002385,-0.3754616314,0.001272187016,-0.01592522465,0,1
384,12800000000,0,0,-0.6808409331,-0.01588005527,4.308824935,0.9287636574,-0.3703764859,0.001312018559,-0.01475147393,0,1
385,12833333333,0,0,-0.6848039248,-0.009613647068,4.322279041,0.9307979437,-0.3652803499,0.001368331806,-0.01354922862,0,1
386,12866666667,0,0,-0.6885886225,-0.00315900393,4.334934229,0.9328670997,-0.3600057116,0.001363566894,-0.01236942245,0,1
387,12900000000,0,0,-0.6927338573,0.003090302606,4.347012738,0.9349758259,-0.3545346666,0.001525253853,-0.01109273339,0,1
388,12933333333,0,1,-0.6964074206,0.01121035859,4.359305275,0.9371443934,-0.3487884598,0.001487751245,-0.01023634867,0,1
389,12966666667,0,0,-0.7000074872,0.01798682652,4.370855073,0.9392332853,-0.343151901,0.001591780466,-0.009223601158,0,1
390,13000000000,0,0,-0.7028359809,0.02425990112,4.382274349,0.9412741217,-0.3375468855,0.001740260281,-0.007880311852,0,1
391,13033333333,0,0,-0.7049923504,0.03082875114,4.393420062,0.9433392639,-0.3317574151,0.001836479909,-0.006684169625,0,1
392,13066666667,0,0,-0.7068205613,0.03750972684,4.404311,0.9453576972,-0.3259841524,0.001978895449,-0.005407466096,0,1
393,13100000000,0,0,-0.7082158281,0.04466761329,4.415396147,0.9473635302,-0.3201251172,0.002115337087,-0.004216208366,0,1
394,13133333333,0,1,-0.708655576,0.05331177448,4.427484889,0.9493857248,-0.3140906104,0.002139503275,-0.003042441742,0,1
395,13166666667,0,0,-0.7098605856,0.06125181882,4.438803195,0.9513437136,-0.3081175172,0.002275161456,-0.001886230311,0,1
396,13200000000,0,0,-0.7108831589,0.06962025856,4.450332234,0.953290369,-0.3020457264,0.002318355851,-0.0006905131447,0,1
397,13233333333,0,0,-0.7122551983,0.07843989832,4.462142761,0.9552352428,-0.2958372302,0.002371774142,0.00058216423,0,1
398,13266666667,0,0,-0.7136619917,0.08748789951,4.474434,0.9570915348,-0.2897687233,0.002373566428,0.002060875869,0,1
399,13300000000,0,0,-0.7167966501,0.09612779063,4.48580161,0.9589674836,-0.2834841117,0.002616503093,0.003358230097,0,1
400,13333333333,0,1,-0.7195084071,0.1052901065,4.497086189,0.9608261456,-0.2771034102,0.002581005447,0.004489585803,0,1
401,13366666667,0,0,-0.7229722742,0.1141341622,4.507885726,0.9627270245,-0.2703957831,0.002552378596,0.006023465554,0,1
402,13400000000,0,0,-0.726781011,0.1230235563,4.519538107,0.9645450839,-0.2638018735,0.002620681673,0.007381373814,0,1
403,13433333333,0,0,-0.7304573436,0.131420209,4.530868434,0.9662269952,-0.257532731,0.00258166851,0.008696039528,0,1
404,13466666667,0,0,-0.7343607587,0.1394406267,4.541692666,0.9678759653,-0.2512106102,0.002793837936,0.01007668428,0,1
405,13500000000,0,0,-0.7377083491,0.1477093528,4.552943376,0.9694871844,-0.2448626535,0.003001637952,0.0113079782,0,1
406,13533333333,0,1,-0.7391824819,0.1554019595,4.563298844,0.9710476116,-0.2385574752,0.002929387535,0.01217726125,0,1
407,13566666667,0,0,-0.7413168592,0.1624591415,4.57472669,0.9725047472,-0.2324585965,0.00302689304,0.01372426906,0,1
408,13600000000,0,0,-0.7429107763,0.1696711761,4.586301335,0.9739430725,-0.2262760805,0.003088738193,0.01498287962,0,1
409,13633333333,0,0,-0.7442963079,0.1774027342,4.598297555,0.975327576,-0.220145927,0.003252189121,0.01616519384,0,1
410,13666666667,0,0,-0.7455381629,0.1847137212,4.610472929,0.9766297544,-0.214189128,0.003469143275,0.01747298879,0,1
411,13700000000,0,0,-0.7470311042,0.1921394937,4.622474823,0.9779258623,-0.2080754998,0.003739724921,0.01875123113,0,1
412,13733333333,0,1,-0.7467266852,0.200703523,4.63464121,0.9793294897,-0.2012665584,0.003516089063,0.0198282689,0,1
413,13766666667,0,0,-0.7484041062,0.2080823293,4.647508954,0.9805695161,-0.1949933431,0.0036795158,0.02115375435,0,1
414,13800000000,0,0,-0.750190857,0.2153430035,4.660754152,0.9817438733,-0.1888312718,0.003841719221,0.02251575472,0,1
415,13833333333,0,0,-0.7524180392,0.2227969144,4.673644609,0.9828786115,-0.1826754601,0.003938302029,0.02374449555,0,1
416,13866666667,0,0,-0.755514562,0.2309247774,4.686439927,0.9839798693,-0.1765062711,0.004187594002,0.02473089577,0,1
417,13900000000,0,0,-0.759233974,0.2386494066,4.69860977,0.9850029243,-0.170478547,0.004466632711,0.0261983472,0,1
418,13933333333,0,1,-0.7610885154,0.2483004347,4.709769189,0.9862007577,-0.1633601597,0.004004608397,0.0265610034,0,1
419,13966666667,0,0,-0.7646106757,0.2558921992,4.721498205,0.9872118452,-0.1569795062,0.004060710607,0.02745392462,0,1
420,14000000000,0,0,-0.7681034436,0.2633532988,4.732594274,0.9881550213,-0.1507284893,0.004120181152,0.02852368187,0,1
421,14033333333,0,0,-0.7714376166,0.2707358554,4.743607023,0.9890344853,-0.144635692,0.004216191932,0.02955549304,0,1
422,14066666667,0,0,-0.7743351144,0.2781428292,4.755286644,0.9898674451,-0.1385425936,0.004354399701,0.03081282347,0,1
423,14100000000,0,0,-0.7766859284,0.2853582887,4.766052319,0.9906613687,-0.1324326748,0.004401128999,0.0321289468,0,1
424,14133333333,0,1,-0.777717399,0.2941207214,4.775048089,0.9915504206,-0.1254575489,0.004238707134,0.03271391573,0,1
425,14166666667,0,0,-0.7790535767,0.3019808324,4.786155539,0.9922887068,-0.1191403815,0.004247477766,0.03392124373,0,1
426,14200000000,0,0,-0.780373064,0.3101322879,4.796925002,0.9929698805,-0.1129995805,0.004288392203,0.03497886503,0,1
427,14233333333,0,0,-0.7809479289,0.3182362618,4.808827281,0.9935975892,-0.1069000879,0.004237495686,0.03630765123,0,1
428,14266666667,0,0,-0.7819320206,0.326771046,4.819932891,0.9941828467,-0.1008718511,0.004244107829,0.03751432379,0,1
429,14300000000,0,0,-0.7828145693,0.3353930817,4.831560282,0.9947217557,-0.09491911343,0.004217059592,0.0387454128,0,1
430,14333333333,0,1,-0.7840152329,0.346655171,4.839798868,0.9953694588,-0.08780120187,0.003925033184,0.038925358,0,1
431,14366666667,0,0,-0.7853762776,0.3561940178,4.851417978,0.9958188847,-0.08196111325,0.00384944737,0.04015353818,0,1
432,14400000000,0,0,-0.7871643953,0.3658616733,4.862917287,0.996236908,-0.07609559737,0.003786232026,0.04131764273,0,1
433,14433333333,0,0,-0.789687304,0.3751111456,4.873879794,0.9966130455,-0.07026885081,0.003721609336,0.04255438621,0,1
434,14466666667,0,0,-0.792620582,0.3847140557,4.885154567,0.9969441414,-0.06453229436,0.003618889729,0.04387329071,0,1
435,14500000000,0,0,-0.7958877567,0.3945428727,4.896142652,0.9972683881,-0.05846267287,0.00331789269,0.04502076854,0,1
436,14533333333,0,1,-0.7988762562,0.4049269795,4.905420134,0.9976366598,-0.05144473161,0.002958279033,0.04545088843,0,1
437,14566666667,0,0,-0.8021460748,0.4139945358,4.916451675,0.9979023781,-0.0451941832,0.00289007922,0.04625988467,0,1
438,14600000000,0,0,-0.8050136309,0.4225602105,4.928110227,0.9980977443,-0.03925013273,0.002602980862,0.04747151151,0,1
439,14633333333,0,0,-0.80794511,0.4304479035,4.939523099,0.9982578995,-0.03324513609,0.002357807554,0.04868642222,0,1
440,14666666667,0,0,-0.8110521577,0.4375952474,4.950646217,0.99837676,-0.02736763417,0.002171487862,0.04990132626,0,1
441,14700000000,0,0,-0.8132375425,0.4444820748,4.962318485,0.9984486958,-0.02163679169,0.001895777432,0.0512684804,0,1
442,14733333333,0,1,-0.8157186077,0.4523997884,4.971605342,0.998561175,-0.01509410687,0.001583156923,0.05143190924,0,1
443,14766666667,0,0,-0.8172032528,0.4593007215,4.983355277,0.9985748785,-0.009370070374,0.001355621201,0.05252214792,0,1
444,14800000000,0,0,-0.8183012947,0.4660490727,4.995869546,0.9985547568,-0.003554543348,0.001034225197,0.05361616664,0,1
445,14833333333,0,0,-0.8194392264,0.4723504319,5.008213485,0.9984955712,0.002197390009,0.0006794470774,0.05478415893,0,1
446,14866666667,0,0,-0.8204196086,0.4782513147,5.021381022,0.9983977049,0.007839119289,0.0003051331355,0.05603996744,0,1
447,14900000000,0,0,-0.8217568154,0.4844092266,5.034550201,0.9982812367,0.01355054749,-0.0001309566662,0.05701699637,0,1
448,14933333333,0,1,-0.8237132426,0.4915831251,5.045686234,0.9981742455,0.01980961849,-0.0007336864757,0.05705450335,0,1
449,14966666667,0,0,-0.8261259553,0.497624187,5.058949408,0.9979927805,0.02552182213,-0.001286765976,0.05794299669,0,1
450,15000000000,0,0,-0.8286751272,0.5034819014,5.072106855,0.9977760219,0.03118271077,-0.001941349194,0.05888021519,0,1
451,15033333333,0,0,-0.8323414235,0.5097288356,5.085137036,0.9975413349,0.03673152285,-0.002486548816,0.05963134559,0,1
452,15066666667,0,0,-0.8361368149,0.5159331346,5.097932642,0.9972519587,0.04244705193,-0.00321706646,0.06063356458,0,1
453,15100000000,0,0,-0.8399290389,0.5216054514,5.110280808,0.9969354324,0.04806663005,-0.003830479736,0.06160089319,0,1
454,15133333333,0,1,-0.8446229242,0.5285957688,5.119811814,0.9966146532,0.05407491573,-0.004433586918,0.06176957079,0,1
455,15166666667,0,0,-0.8485842139,0.5350159648,5.131856557,0.9962482159,0.05965587885,-0.005119098459,0.06248570421,0,1
456,15200000000,0,0,-0.8519578572,0.5414684019,5.14356906,0.9958408187,0.06524291539,-0.005804682017,0.06333033578,0,1
457,15233333333,0,0,-0.855173868,0.547873736,5.154657295,0.9954140544,0.07072767242,-0.006482749188,0.06408143729,0,1
458,15266666667,0,0,-0.8579028423,0.5543590571,5.165271043,0.9949358702,0.07643438237,-0.007273818583,0.06486517462,0,1
459,15300000000,0,0,-0.8597375314,0.5610708498,5.176252968,0.9944349905,0.08199684733,-0.008218244178,0.06563556271,0,1
460,15333333333,0,1,-0.8619351045,0.568189623,5.184705286,0.9939205505,0.08754162098,-0.009092656275,0.06614928133,0,1
461,15366666667,0,0,-0.8631048782,0.5756303767,5.1956264,0.9933795725,0.0929484671,-0.0100113749,0.06676361158,0,1
462,15400000000,0,0,-0.8641843064,0.5830409068,5.206238836,0.9927685875,0.09849772844,-0.01103285142,0.06772743384,0,1
463,15433333333,0,0,-0.8655019416,0.590803667,5.216824787,0.9921656542,0.1037269878,-0.01193267766,0.06859765176,0,1
464,15466666667,0,0,-0.8668879327,0.5989684278,5.227503835,0.9915324563,0.1091589208,-0.01275449494,0.06917398993,0,1
465,15500000000,0,0,-0.8687786978,0.6072957095,5.238065579,0.9908717951,0.1144296008,-0.01369169921,0.06993918391,0,1
466,15533333333,0,1,-0.8710955974,0.6151539902,5.247990129,0.9901933105,0.1194933116,-0.01465509568,0.07087865996,0,1
467,15566666667,0,0,-0.8740592617,0.6237504513,5.258442873,0.989481893,0.1247687699,-0.01561329603,0.0715161691,0,1
468,15600000000,0,0,-0.8773973969,0.6321449324,5.268943999,0.9887498811,0.1299575471,-0.01650729728,0.07219568974,0,1
469,15633333333,0,0,-0.8815055481,0.6408687327,5.279377671,0.9879875354,0.1351808823,-0.01746207474,0.0728137,0,1
470,15666666667,0,0,-0.8855619026,0.6488390798,5.289891612,0.9871674642,0.1402912176,-0.01854023746,0.07399345584,0,1
471,15700000000,0,0,-0.8894755894,0.6558866723,5.300279408,0.9863189163,0.1455373893,-0.01956345158,0.0749075093,0,1
472,15733333333,0,1,-0.8935995785,0.6630503408,5.309289003,0.9855654704,0.1501166713,-0.02046512514,0.07554380975,0,1
473,15766666667,0,0,-0.8973417261,0.6703268713,5.319602915,0.9847220756,0.1549942898,-0.02147029395,0.07640831389,0,1
474,15800000000,0,0,-0.900506326,0.6773284303,5.329931751,0.983881384,0.1597590651,-0.02242437604,0.07714668238,0,1
475,15833333333,0,0,-0.9034102095,0.6840527295,5.340151173,0.9830295519,0.1644177351,-0.02331159554,0.07795048396,0,1
476,15866666667,0,0,-0.9056469531,0.6907917208,5.350628269,0.9821541331,0.1689972564,-0.02418626221,0.07891901409,0,1
477,15900000000,0,0,-0.9077595615,0.6977139339,5.360741392,0.9812638436,0.1736080194,-0.02509367828,0.07969838211,0,1
478,15933333333,0,1,-0.9106669872,0.7049074911,5.368372259,0.9804167101,0.1780394675,-0.02579432762,0.08012287539,0,1
479,15966666667,0,0,-0.9127672941,0.7121722307,5.378211598,0.9795365316,0.1825651079,-0.02659486971,0.08044176431,0,1
480,16000000000,0,0,-0.9141337468,0.7184614492,5.389015067,0.9785762998,0.1869416802,-0.02774141337,0.08168015473,0,1
481,16033333333,0,0,-0.9158118661,0.7250651757,5.399333218,0.9776428506,0.1913053349,-0.02863805805,0.08244141635,0,1
482,16066666667,0,0,-0.9180583996,0.7320418488,5.409296854,0.9767103424,0.1956326592,-0.02932302639,0.08309590788,0,1
483,16100000000,0,0,-0.9191420783,0.7380340546,5.421908256,0.9758144723,0.1995828649,-0.0301793671,0.08391663426,0,1
484,16133333333,0,1,-0.9227117993,0.7452556382,5.43106012,0.9750257425,0.2034326952,-0.03078232432,0.08362050239,0,1
485,16166666667,0,0,-0.9257097448,0.7513928379,5.441379669,0.9741248347,0.2073009954,-0.03165691455,0.0842908264,0,1
486,16200000000,0,0,-0.9293909864,0.7576987468,5.451940444,0.9732350918,0.2112334058,-0.03229379369,0.08456367632,0,1
487,16233333333,0,0,-0.9322123978,0.7633736572,5.465686358,0.9723573254,0.2148419579,-0.03304957477,0.08527537991,0,1
488,16266666667,0,0,-0.9348090261,0.7678050657,5.479066493,0.9714935356,0.2183699458,-0.03385477928,0.08584131295,0,1
489,16300000000,0,0,-0.9381586889,0.7717583316,5.494147629,0.9706628288,0.2217913045,-0.03461271072,0.08616408934,0,1
490,16333333333,0,0,-0.9401450707,0.7777603018,5.505727639,0.9697598551,0.2253770845,-0.03516353929,0.08680160554,0,1
491,16366666667,0,1,-0.9536319832,0.7950416638,5.498512233,0.9689985473,0.2286167651,-0.03509939709,0.08685748368,0,1
492,16400000000,0,0,-0.9545764897,0.79845075,5.513728142,0.9681286506,0.2319773157,-0.03592500756,0.08730884711,0,1
493,16433333333,0,0,-0.9556416689,0.8026671827,5.526934411,0.9672952889,0.2350844817,-0.03659561568,0.0879538026,0,1
494,16466666667,0,0,-0.9569413759,0.8077141189,5.538552745,0.9664497748,0.2382775549,-0.03711267829,0.0884380507,0,1
495,16500000000,0,0,-0.9580126125,0.812668394,5.550274629,0.96573814,0.2409389047,-0.03760304704,0.08879358053,0,1
496,16533333333,0,0,-0.9590414592,0.8183702992,5.560711542,0.9649754716,0.2437944668,-0.03783954891,0.08918949349,0,1
497,16566666667,0,0,-0.9577904367,0.8213709576,5.574858011,0.9641831823,0.2466906354,-0.03843745478,0.08953816797,0,1
498,16600000000,0,0,-0.9583378969,0.8265604534,5.586329096,0.9634329889,0.2494423043,-0.0387413942,0.08985831732,0,1
499,16633333333,0,0,-0.956737827,0.8290956673,5.600884748,0.9627220133,0.2519717606,-0.03920699568,0.09021844809,0,1
500,16666666667,0,0,-0.9569577694,0.8331370699,5.613354045,0.9619980109,0.254566278,-0.03958160954,0.09049383015,0,1
501,16700000000,0,1,-0.9798203813,0.8731935313,5.60393108,0.9611242503,0.2584341583,-0.03853329685,0.08925887242,0,1
502,16733333333,0,0,-0.9812517202,0.8780137059,5.61557447,0.9605098725,0.2606916213,-0.03861110595,0.08927399331,0,1
503,16766666667,0,0,-0.9809911353,0.8807458283,5.629507862,0.9597519343,0.2632599261,-0.03904285361,0.08970000864,0,1
504,16800000000,0,0,-0.9825970344,0.8851903457,5.6401859,0.9591736602,0.2653233697,-0.03899474276,0.08982655017,0,1
505,16833333333,0,0,-0.9839001613,0.8882525521,5.652168033,0.9584764803,0.2677780963,-0.03924869502,0.08987362099,0,1
506,16866666667,0,0,-0.985485973,0.8920487956,5.663078795,0.9578977775,0.2698421599,-0.03926366039,0.08986334982,0,1
507,16900000000,0,0,-0.9852394478,0.892688006,5.677021577,0.9572865247,0.271863419,-0.03945768815,0.09019912366,0,1
508,16933333333,0,1,-1.002414118,0.9224577147,5.686646588,0.9564332896,0.2752022751,-0.0386294117,0.08948094194,0,1
509,16966666667,0,0,-1.003005402,0.9255735251,5.698723602,0.9558479687,0.2772560335,-0.03848501036,0.08945756885,0,1
510,17000000000,0,0,-1.002541501,0.9271416912,5.712314354,0.9552682395,0.2792154717,-0.03844851861,0.08957132502,0,1
511,17033333333,0,0,-1.003509755,0.9311506891,5.72225402,0.9547497073,0.2810796431,-0.03815992023,0.08939267944,0,1
512,17066666667,0,0,-1.003721476,0.9348277954,5.732678627,0.954206476,0.2829590575,-0.03784873517,0.08939600749,0,1
513,17100000000,0,0,-1.004419491,0.9389813381,5.741957822,0.9536744349,0.2847570728,-0.03742751485,0.08954140275,0,1
514,17133333333,0,0,-1.003073632,0.9404498913,5.754226404,0.9531817874,0.2864941842,-0.03699814935,0.08942426747,0,1
515,17166666667,0,1,-1.016476032,0.9682311067,5.766705268,0.9523595357,0.2894958735,-0.03588871924,0.08896883582,0,1
516,17200000000,0,0,-1.016946889,0.9726129974,5.777998321,0.9518849236,0.2912146793,-0.03526011919,0.08868949653,0,1
517,17233333333,0,0,-1.016170503,0.9753267426,5.792331998,0.9514123859,0.2929286823,-0.03462717785,0.08836411999,0,1
518,17266666667,0,0,-1.017955592,0.9807682247,5.801474745,0.9509154593,0.294715372,-0.0339238919,0.08804435447,0,1
519,17300000000,0,0,-1.018415815,0.9843892833,5.814388048,0.9504317165,0.2964308511,-0.03331056381,0.08774228834,0,1
520,17333333333,0,0,-1.019344109,0.9883768818,5.82578903,0.9499481306,0.2980329167,-0.03275763473,0.08776028184,0,1
521,17366666667,0,0,-1.020553918,0.9917252871,5.837540896,0.9494810647,0.2996892018,-0.03200352001,0.08745207123,0,1
522,17400000000,0,0,-1.020977209,0.9945915639,5.849786505,0.9489621392,0.301476251,-0.03144647644,0.08714383268,0,1
523,17433333333,0,1,-1.039119398,1.025722393,5.860308964,0.9482620804,0.3039275875,-0.03005754026,0.08673864608,0,1
524,17466666667,0,0,-1.040903094,1.030456449,5.871523495,0.9477524705,0.3056798885,-0.02915950054,0.08645683264,0,1
525,17500000000,0,0,-1.042495764,1.035874466,5.881841374,0.9473170325,0.3072082672,-0.02834589936,0.08608153369,0,1
526,17533333333,0,0,-1.043447499,1.040766635,5.892717256,0.9468595968,0.3087992272,-0.02740932401,0.08572438449,0,1
527,17566666667,0,0,-1.045093669,1.04750948,5.901495159,0.9464192981,0.3103121125,-0.02649929187,0.08540897264,0,1
528,17600000000,0,0,-1.046078781,1.053640765,5.911154584,0.9459182637,0.3120181314,-0.02554571229,0.08503376178,0,1
529,17633333333,0,0,-1.047079753,1.060138972,5.920253907,0.945408334,0.3137011978,-0.02473553475,0.08475136513,0,1
530,17666666667,0,0,-1.045162449,1.064013261,5.933207574,0.9448948455,0.315387408,-0.02395032594,0.08444463144,0,1
531,17700000000,0,0,-1.043598005,1.068455724,5.945041425,0.9443943039,0.3170269525,-0.02307875528,0.08414678412,0,1
532,17733333333,0,0,-1.041083602,1.071759835,5.958024661,0.943860214,0.3187411052,-0.02231321703,0.08386968865,0,1
533,17766666667,0,0,-1.041693671,1.078902553,5.965725892,0.943320884,0.3204897164,-0.02132493989,0.08353022497,0,1
534,17800000000,0,1,-1.052164472,1.111962372,5.985983589,0.9423023555,0.3236451998,-0.02003684217,0.08317800424,0,1
535,17833333333,0,0,-1.052970266,1.119701601,5.995455233,0.9417286985,0.3254848172,-0.01899689939,0.08273941053,0,1
536,17866666667,0,0,-1.054555601,1.127879494,6.004539388,0.9410951637,0.327434891,-0.01804503088,0.08246612563,0,1
537,17900000000,0,0,-1.056081301,1.135108554,6.014897166,0.9404852131,0.3293133553,-0.01711280493,0.08214274062,0,1
538,17933333333,0,0,-1.060004642,1.145524206,6.022503934,0.9398920877,0.3311173485,-0.01587609497,0.08192749566,0,1
539,17966666667,0,0,-1.062161757,1.153250414,6.032321846,0.9391995633,0.3331297942,-0.01495599244,0.08188430171,0,1
540,18000000000,0,0,-1.066102727,1.162892725,6.04025537,0.9385271126,0.3351338594,-0.01394181078,0.08159522668,0,1
541,18033333333,0,1,-1.075826339,1.185934531,6.054334277,0.9375924412,0.3378160399,-0.01268410584,0.08148528033,0,1
542,18066666667,0,0,-1.078560106,1.193907705,6.06386833,0.9368613593,0.3398669791,-0.01164588576,0.08152057019,0,1
543,18100000000,0,0,-1.077063167,1.196812791,6.080748381,0.9361338966,0.3419587093,-0.01069943877,0.08125940441,0,1
544,18133333333,0,0,-1.078168217,1.203259417,6.092147057,0.9353792444,0.3440901728,-0.009695074518,0.08107791145,0,1
545,18166666667,0,0,-1.080966239,1.212345129,6.100099645,0.9346031896,0.3462368903,-0.008648358156,0.08100678846,0,1
546,18200000000,0,0,-1.080296924,1.217023634,6.113229353,0.9338107943,0.3483872555,-0.007634439257,0.08102737813,0,1
547,18233333333,0,1,-1.085550255,1.234255539,6.129414315,0.932787951,0.3511194176,-0.006521480079,0.08111265775,0,1
548,18266666667,0,0,-1.085747738,1.240957764,6.141150912,0.9319403001,0.3533692946,-0.005623960071,0.08115287829,0,1
549,18300000000,0,0,-1.083658091,1.243618991,6.156594584,0.9310481488,0.3557004712,-0.004800856779,0.08126174548,0,1
550,18333333333,0,0,-1.085849279,1.252484886,6.166525871,0.9303297251,0.3575868653,-0.00377280127,0.08126501306,0,1
551,18366666667,0,0,-1.087179367,1.259153979,6.179029975,0.9294163398,0.3599668661,-0.002800744489,0.08124825188,0,1
552,18400000000,0,0,-1.088447356,1.265203984,6.191835113,0.9285926509,0.3620839751,-0.002034222212,0.08128188929,0,1
553,18433333333,0,1,-1.091494876,1.276353609,6.21208722,0.9274637795,0.3648923998,-0.001198287364,0.08162743687,0,1
554,18466666667,0,0,-1.094605913,1.284840986,6.224077784,0.92650947,0.367257928,-0.0003328136672,0.08186394553,0,1
555,18500000000,0,0,-1.098442209,1.293426755,6.235996124,0.9255834215,0.3695564075,0.0007446587147,0.08199290868,0,1
556,18533333333,0,0,-1.10275962,1.301755432,6.246888531,0.9245660732,0.3720637891,0.001445276161,0.08212200859,0,1
557,18566666667,0,0,-1.105881273,1.309334029,6.258548332,0.923551703,0.3745371063,0.001956397593,0.08228232124,0,1
558,18600000000,0,1,-1.109655987,1.31861009,6.275235288,0.9224148257,0.3772081274,0.002718047757,0.08281020585,0,1
559,18633333333,0,0,-1.113064053,1.32659882,6.28668826,0.9215381186,0.3793064999,0.003533057665,0.08295536542,0,1
560,18666666667,0,0,-1.115794177,1.327295945,6.310737249,0.9203800017,0.3820592979,0.004211435437,0.08314811613,1,0.3237350927
561,18700000000,0,0,-1.118450126,1.327706429,6.334802054,0.919213218,0.3848084983,0.004889773551,0.08334008387,1,0.09075701155
562,18733333333,0,0,-1.121031419,1.327830256,6.358879988,0.9180377786,0.3875540752,0.005568065622,0.08353126684,1,0.0364811628
563,18766666667,0,0,-1.123537578,1.327667435,6.382968363,0.9168536945,0.3902960027,0.00624630526,0.08372166324,1,0.02059357535
564,18800000000,0,0,-1.12596813,1.327217994,6.407064492,0.9156609768,0.3930342549,0.00692448608,0.08391127128,1,0.01241816679
565,18833333333,0,0,-1.128322608,1.326481983,6.431165686,0.9144596369,0.3957688062,0.007602601696,0.08410008916,1,0.01016620802
566,18866666667,0,0,-1.130600553,1.325459474,6.455269253,0.913249686,0.3984996306,0.008280645723,0.08428811512,1,0.008175919486
567,18900000000,0,0,-1.132801509,1.32415056,6.479372506,0.9120311354,0.4012267027,0.008958611774,0.08447534739,1,0.007681758588
568,18933333333,0,0,-1.134925027,1.322555358,6.503472753,0.9108039968,0.4039499966,0.009636493467,0.08466178419,1,0.006724663623
569,18966666667,0,0,-1.136970662,1.320674002,6.527567304,0.9095682816,0.4066694867,0.01031428442,0.08484742378,1,0.006278805405
570,19000000000,0,0,-1.138937979,1.318506653,6.55165347,0.9083240014,0.4093851474,0.01099197825,0.0850322644,1,0.003067144247
571,19033333333,0,0,-1.140826544,1.316053488,6.575728559,0.907071168,0.4120969531,0.01166956857,0.08521630432,1,0.002469997206
572,19066666667,0,0,-1.142635932,1.31331471,6.599789884,0.9058097932,0.4148048784,0.012347049,0.0853995418,1,0.002029802969
573,19100000000,0,1,-1.154640269,1.438765173,6.45865292,0.9055044353,0.4153878259,0.01288511212,0.08572424219,0,1
574,19133333333,0,0,-1.159066325,1.455456089,6.470226664,0.9042103906,0.4181454646,0.01339781403,0.0858978378,0,1
575,19166666667,0,0,-1.167488926,1.460474819,6.480399085,0.9031393025,0.4203346794,0.01417357865,0.08635547002,0,1
576,19200000000,0,0,-1.177591946,1.474682088,6.480069232,0.9021083781,0.4224234771,0.0147810601,0.0868354788,0,1
577,19233333333,0,0,-1.178880847,1.48075169,6.492754628,0.901046983,0.4246278344,0.01518004328,0.08703506734,0,1
578,19266666667,0,0,-1.178161363,1.489690418,6.499798673,0.9000208269,0.4266844723,0.01519436012,0.08758997439,0,1
579,19300000000,0,0,-1.171511417,1.505584762,6.510820011,0.898935244,0.428980035,0.01514171412,0.08753447932,0,1
580,19333333333,0,0,-1.159711201,1.516841457,6.515241935,0.897948667,0.4308898303,0.01453813895,0.08837866297,0,1
581,19366666667,0,0,-1.155517438,1.535166083,6.523953414,0.8969038862,0.4330113278,0.01461038322,0.08860669071,0,1
582,19400000000,0,0,-1.145135582,1.539371663,6.533952619,0.8960015745,0.4348011961,0.01431467604,0.08901791077,0,1
583,19433333333,0,0,-1.148113486,1.553863631,6.531176026,0.8951607464,0.436388161,0.01447974546,0.08968248452,0,1
584,19466666667,0,0,-1.143197105,1.563007036,6.536066144,0.8942969165,0.4380413221,0.01433780226,0.09026213295,0,1
585,19500000000,0,0,-1.141444659,1.571938872,6.543918779,0.8934113716,0.4397695686,0.01428137899,0.09063602941,0,1
586,19533333333,0,0,-1.142581955,1.579422803,6.549162722,0.8925709401,0.4413469456,0.01431847432,0.09124128322,0,1
587,19566666667,0,0,-1.143841343,1.581004774,6.558250843,0.8917642246,0.4428353022,0.01426647006,0.09192350459,0,1
588,19600000000,0,0,-1.146771903,1.587583833,6.567914789,0.8909276635,0.4444266527,0.01442146479,0.09233022281,0,1
589,19633333333,0,0,-1.14590938,1.590704564,6.582299018,0.8901611,0.4458656257,0.01425578576,0.09281073446,0,1
590,19666666667,0,0,-1.144295911,1.596092991,6.594896147,0.8892949227,0.4474933678,0.01392905114,0.09332849394,0,1
591,19700000000,0,0,-1.146681341,1.597299106,6.606836167,0.8885589676,0.4488248089,0.01386522474,0.09395215585,0,1
592,19733333333,0,0,-1.152297257,1.608734043,6.620768857,0.8876819271,0.4504682542,0.01397102899,0.09436078975,0,1
593,19766666667,0,1,-1.192691646,1.648836586,6.605013535,0.8870993217,0.4517172167,0.0159805276,0.0935466321,0,1
594,19800000000,0,0,-1.194760806,1.655433766,6.615525362,0.8863484263,0.4530765918,0.01583849937,0.09411275722,0,1
595,19833333333,0,0,-1.1965648,1.664563079,6.624101544,0.8856798713,0.454287109,0.01572233832,0.09458961992,0,1
596,19866666667,0,0,-1.198758488,1.671127844,6.634324133,0.8850508249,0.4554343806,0.01571077731,0.09496174892,0,1
597,19900000000,0,0,-1.199564723,1.678986033,6.646355154,0.8843960742,0.4566096711,0.01558504206,0.09543740701,0,1
598,19933333333,0,0,-1.197510151,1.682607879,6.660830559,0.8838119959,0.4576634431,0.01544963237,0.09582190562,0,1
599,19966666667,0,0,-1.197677091,1.691780751,6.670587702,0.8833185437,0.4585525405,0.015382788,0.09613161715,0,1
600,20000000000,0,0,-1.197443766,1.703510254,6.681530309,0.8826555906,0.4597378023,0.01522779153,0.09658351784,0,1
601,20033333333,0,0,-1.197490481,1.710684882,6.691305808,0.882136857,0.4606378803,0.01500176287,0.09706830543,0,1
602,20066666667,0,0,-1.19649603,1.72144571,6.704054061,0.8815968059,0.4615915617,0.01479106159,0.09747577364,0,1
603,20100000000,0,0,-1.196713852,1.729516287,6.714088296,0.8811783199,0.462319738,0.0146305032,0.09783239105,0,1
604,20133333333,0,1,-1.205295363,1.74947418,6.710645675,0.8809759952,0.4627704302,0.01502914324,0.09746255551,0,1
605,20166666667,0,0,-1.206678322,1.761942841,6.719832898,0.8805282098,0.4635536591,0.0148250926,0.09781765429,0,1
606,20200000000,0,0,-1.207610468,1.775829751,6.731587027,0.8800975872,0.4643393755,0.0146056258,0.09799927068,0,1
607,20233333333,0,0,-1.211763305,1.787015234,6.742869274,0.8796701631,0.465101454,0.01443292295,0.09824831971,0,1
608,20266666667,0,0,-1.215929911,1.802489515,6.749893449,0.8792719084,0.4657487723,0.01442081378,0.09874731559,0,1
609,20300000000,0,0,-1.219884102,1.814048207,6.757865721,0.8788986628,0.4664102822,0.014030943,0.09900364609,0,1
610,20333333333,0,0,-1.223739804,1.823815319,6.768004749,0.8786143492,0.4669110166,0.01405166624,0.09916389727,0,1
611,20366666667,0,0,-1.223218402,1.834504933,6.77864091,0.8782363639,0.4675740433,0.01371694,0.09943464499,0,1
612,20400000000,0,0,-1.225590776,1.844252749,6.788702051,0.8779500569,0.4680499016,0.01356271544,0.09974487445,0,1
613,20433333333,0,0,-1.227162847,1.853916848,6.800650309,0.8776401446,0.4685752328,0.0133736452,0.1000308624,0,1
614,20466666667,0,0,-1.228011034,1.861563552,6.811597962,0.8772989883,0.4691412695,0.01314952833,0.1003994238,0,1
615,20500000000,0,0,-1.228910754,1.87032543,6.823772698,0.8770273921,0.4696061427,0.0130187801,0.1006157821,0,1
616,20533333333,0,0,-1.231224243,1.877416955,6.837809027,0.8766853758,0.4701706384,0.01294166856,0.1009694804,0,1
617,20566666667,0,0,-1.231400272,1.886228038,6.847745733,0.8764723723,0.4705152536,0.01278104829,0.1012335,0,1
618,20600000000,0,0,-1.230806162,1.891347772,6.861503015,0.8762393613,0.4708930146,0.01265097993,0.1015101141,0,1
619,20633333333,0,1,-1.232882794,1.89442703,6.859078026,0.876531336,0.4703390545,0.01275222521,0.1015449235,0,1
620,20666666667,0,0,-1.234955637,1.906314003,6.870164432,0.8763168497,0.4706858371,0.01268526984,0.1017973756,0,1
621,20700000000,0,0,-1.233412041,1.91331141,6.885454873,0.8761305388,0.4710105986,0.01245562841,0.1019271911,0,1
622,20733333333,0,0,-1.236603467,1.920146712,6.896785923,0.8759373166,0.4713071681,0.01226332677,0.1022398233,0,1
623,20766666667,0,0,-1.23938316,1.931197088,6.9064723,0.8757932624,0.4715297218,0.01211461842,0.1024652088,0,1
624,20800000000,0,0,-1.243569842,1.942500956,6.919894997,0.8756478426,0.4717772919,0.01200444326,0.1025813626,0,1
625,20833333333,0,0,-1.248979826,1.950472752,6.930446669,0.8754788509,0.4720145649,0.0118898213,0.1029449574,0,1
626,20866666667,0,0,-1.24891789,1.958782896,6.945582473,0.8752796915,0.4723641383,0.01161023336,0.1030668956,0,1
627,20900000000,0,0,-1.251109683,1.970966738,6.954158915,0.875225647,0.4724317713,0.01144185747,0.1032345495,0,1
628,20933333333,0,0,-1.255023424,1.977373625,6.964818275,0.87516757,0.4725042293,0.01137636049,0.1034023988,0,1
629,20966666667,0,0,-1.25937454,1.987156773,6.975792498,0.8750422978,0.4726907086,0.01127346347,0.1036213306,0,1
630,21000000000,0,0,-1.262266559,1.995844767,6.986994597,0.8749095589,0.4729035256,0.01119398609,0.1037796414,0,1
631,21033333333,0,0,-1.265470273,2.006395292,6.998886181,0.8747446511,0.473197041,0.01119599358,0.1038316206,0,1
632,21066666667,0,0,-1.265533763,2.011154149,7.01262319,0.8746240939,0.4733771757,0.01099230944,0.1040476478,0,1
633,21100000000,0,0,-1.26768009,2.021857421,7.023435332,0.8744535485,0.4736588043,0.01093755659,0.1042050792,0,1
634,21133333333,0,0,-1.266848834,2.032177857,7.031226846,0.8743827559,0.4737440505,0.01083398465,0.1044221983,0,1
635,21166666667,0,0,-1.26648596,2.042372834,7.046125664,0.8742281285,0.474018749,0.01088448911,0.1044649837,0,1
636,21200000000,0,0,-1.268426374,2.056049239,7.052859769,0.8741002825,0.4742182973,0.01087000358,0.10463052,0,1
637,21233333333,0,0,-1.273067498,2.068433842,7.062168806,0.8739506729,0.4744839143,0.01097362503,0.1046652566,0,1
638,21266666667,0,0,-1.273012738,2.083510886,7.073058508,0.8738175851,0.4747091834,0.01104634665,0.1047473027,0,1
639,21300000000,0,1,-1.272092264,2.080447165,7.059585158,0.8744831273,0.4735064515,0.01130899443,0.1046088292,0,1
640,21333333333,0,0,-1.277456807,2.099849901,7.066390882,0.8744179969,0.4736314749,0.0116427136,0.1045506571,0,1
641,21366666667,0,0,-1.284489642,2.108110828,7.080922522,0.8742755517,0.4738760002,0.01190364081,0.104604491,0,1
642,21400000000,0,0,-1.290325993,2.119047433,7.091238201,0.8740951035,0.474083905,0.01233928806,0.1051187092,0,1
643,21433333333,0,0,-1.293613262,2.132293113,7.099465137,0.8740222437,0.4742542322,0.0121319449,0.1049802679,0,1
644,21466666667,0,0,-1.295357808,2.137710001,7.114865067,0.8738764102,0.4744695697,0.01237204594,0.1051930592,0,1
645,21500000000,0,0,-1.298124092,2.150226767,7.124117748,0.8737409654,0.474655556,0.01257644762,0.1054545472,0,1
646,21533333333,0,0,-1.298472362,2.160271917,7.133789992,0.8735944744,0.4748909388,0.01267413031,0.1055966716,0,1
647,21566666667,0,0,-1.301582725,2.172031338,7.144102201,0.8733928307,0.4752133651,0.01293960162,0.1057817924,0,1
648,21600000000,0,0,-1.301565795,2.181345746,7.152693911,0.8731874992,0.4755447273,0.01310465397,0.105967314,0,1
649,21633333333,0,0,-1.302640963,2.190035927,7.164487033,0.8729615005,0.4759231168,0.01340567616,0.1060928525,0,1
650,21666666667,0,0,-1.303905422,2.199931106,7.173318146,0.8727450916,0.476275417,0.01363964707,0.1062623742,0,1
651,21700000000,0,0,-1.305882654,2.211168474,7.18372145,0.8725140361,0.476656842,0.01396224255,0.1064075538,0,1
652,21733333333,0,0,-1.305668602,2.21998388,7.195964858,0.8722726195,0.4770612601,0.01434949406,0.1065228779,0,1
653,21766666667,0,0,-1.304886732,2.228152339,7.20843414,0.8720213905,0.4774857506,0.0147630037,0.1066213219,0,1
654,21800000000,0,1,-1.300400072,2.23173322,7.214508486,0.8720749886,0.4774180685,0.01517166785,0.1064284857,0,1
655,21833333333,0,0,-1.301448084,2.241717182,7.224303467,0.8717920042,0.4778819815,0.01558142033,0.1066054998,0,1
656,21866666667,0,0,-1.301372365,2.247609818,7.234077681,0.8715101408,0.4783310601,0.01590288319,0.1068483491,0,1
657,21900000000,0,0,-1.303969769,2.25684933,7.245639569,0.8711603267,0.4789139159,0.0164223887,0.1070114547,0,1
658,21933333333,0,0,-1.306725131,2.270145902,7.255173343,0.870925441,0.4793074039,0.01694061598,0.1070808306,0,1
659,21966666667,0,0,-1.310514317,2.270307979,7.267879928,0.8705107031,0.4799911432,0.01738456899,0.1073191272,0,1
660,22000000000,0,1,-1.31086399,2.275053138,7.280675659,0.8701037766,0.4807479128,0.01803680148,0.1071239284,0,1
661,22033333333,0,0,-1.314775613,2.277153129,7.292842647,0.8697654503,0.4813051745,0.01856691098,0.1072784245,0,1
662,22066666667,0,0,-1.315551112,2.273962465,7.306457861,0.8694202591,0.4818577911,0.01908205503,0.1075051508,0,1
663,22100000000,0,0,-1.308330894,2.265304447,7.31665247,0.8691225916,0.4823180333,0.01927766209,0.1078128343,0,1
664,22133333333,0,1,-1.333888827,2.293628617,7.319829732,0.8685907485,0.4830709762,0.02087472611,0.1084287294,0,1
665,22166666667,0,0,-1.334732425,2.289974779,7.33272054,0.8681641409,0.4837505258,0.0216544559,0.1086624944,0,1
666,22200000000,0,0,-1.327350174,2.295221469,7.33950759,0.8678053313,0.4843773041,0.02221164667,0.1086240168,0,1
667,22233333333,0,1,-1.337628302,2.312901177,7.342028679,0.8674133483,0.4849605523,0.02319821177,0.108945807,0,1
668,22266666667,0,0,-1.341461827,2.321004482,7.359129652,0.8665024319,0.4864635467,0.02424863081,0.1092646196,1,0.07747621242
669,22300000000,0,0,-1.345258348,2.328982593,7.376297927,0.865587795,0.4879644522,0.02529894573,0.1095829631,1,0.02394946975
670,22333333333,0,0,-1.349017356,2.336835277,7.393532785,0.8646694415,0.4894632626,0.02634915201,0.1099008361,1,0.01035518573
671,22366666667,0,0,-1.352738343,2.344562302,7.410833501,0.8637473752,0.4909599713,0.02739924517,0.1102182371,1,0.01474684691
672,22400000000,0,0,-1.356420802,2.352163442,7.428199351,0.8628216002,0.492454572,0.02844922067,0.1105351649,1,0.008511286878
673,22433333333,0,0,-1.360064229,2.359638475,7.445629608,0.8618921204,0.4939470581,0.02949907402,0.1108516181,1,0.005653512849
674,22466666667,0,0,-1.36366812,2.366987185,7.463123541,0.8609589398,0.4954374234,0.03054880071,0.1111675953,1,0.003089890452
675,22500000000,0,0,-1.367231972,2.374209357,7.480680418,0.8600220625,0.4969256613,0.03159839623,0.1114830952,1,0.002164340568
676,22533333333,0,0,-1.370755285,2.381304782,7.498299505,0.8590814924,0.4984117656,0.03264785607,0.1117981164,1,0.001567151581
677,22566666667,0,0,-1.374237558,2.388273257,7.515980066,0.8581372336,0.4998957298,0.03369717573,0.1121126576,1,0.001166436642
678,22600000000,0,0,-1.377678294,2.395114581,7.533721362,0.8571892902,0.5013775475,0.0347463507,0.1124267174,1,0.0007692266914
679,22633333333,0,0,-1.381076995,2.401828558,7.551522653,0.8562376662,0.5028572124,0.03579537648,0.1127402944,1,0.0006293528868
680,22666666667,0,1,-1.364064351,2.41013313,7.462271906,0.8563864231,0.5027310777,0.03732835662,0.1116707286,0,1
681,22700000000,0,0,-1.366250679,2.416530329,7.477635374,0.8552492232,0.5045947252,0.03809221515,0.1117224804,0,1
682,22733333333,0,0,-1.367813358,2.42681957,7.491732437,0.8540580816,0.5065198616,0.03884986636,0.1118620171,0,1
683,22766666667,0,0,-1.368862041,2.435279718,7.506224939,0.8528444854,0.5084407024,0.03944885716,0.1121968074,0,1
684,22800000000,0,0,-1.369089041,2.441395506,7.522039503,0.8515916869,0.5104161972,0.04000624449,0.1125451239,0,1
685,22833333333,0,0,-1.367958888,2.450931399,7.524375966,0.8503659187,0.5122738847,0.04050109139,0.1131942269,0,1
686,22866666667,0,0,-1.367010688,2.469739731,7.525064573,0.8490244629,0.5143084074,0.0409343991,0.1138801933,0,1
687,22900000000,0,0,-1.375358337,2.492065371,7.507082184,0.8478614429,0.5159539971,0.04158199704,0.1148624571,0,1
688,22933333333,0,0,-1.381964523,2.507645342,7.512208692,0.8462956174,0.5183520631,0.04232818354,0.1153394623,0,1
689,22966666667,0,0,-1.388298643,2.521316255,7.52184664,0.8446947857,0.5208190215,0.04309700926,0.1156758992,0,1
690,23000000000,0,0,-1.395771099,2.53605065,7.528397514,0.8430926701,0.5232110751,0.0438312024,0.1162916431,0,1
691,23033333333,0,0,-1.397720259,2.557258587,7.542459363,0.8413324046,0.5259383829,0.04437959265,0.1165291987,0,1
692,23066666667,0,0,-1.401595457,2.565752368,7.550530922,0.8399131734,0.52806351,0.04506987785,0.1168909604,0,1
693,23100000000,0,0,-1.412958389,2.574084428,7.56068037,0.8380169847,0.5308439174,0.04573050241,0.1176477367,0,1
694,23133333333,0,0,-1.426316149,2.59314801,7.572550435,0.8361684469,0.5335541362,0.04664034768,0.1181820215,0,1
695,23166666667,0,0,-1.426518764,2.601017769,7.587365513,0.834331609,0.5363393929,0.04709444623,0.1183762435,0,1
696,23200000000,0,0,-1.429561731,2.609071018,7.60107821,0.8324724992,0.5390397737,0.04751039924,0.1190311828,0,1
697,23233333333,0,0,-1.438562748,2.619113671,7.61349537,0.8304668302,0.5419221798,0.04806668341,0.1197279789,0,1
698,23266666667,0,0,-1.456152506,2.634709042,7.622199581,0.8284464683,0.5447166044,0.04880677876,0.120740086,0,1
699,23300000000,0,0,-1.452667619,2.639061127,7.638896327,0.826373664,0.547745933,0.04907834635,0.1211291715,0,1
700,23333333333,0,1,-1.410277718,2.552201998,7.699395294,0.8253681732,0.5498442576,0.04934822348,0.1183360634,0,1
701,23366666667,0,0,-1.412302576,2.560022185,7.714050572,0.8232004787,0.5529297617,0.04976822607,0.1188813447,0,1
702,23400000000,0,0,-1.413721458,2.567344887,7.72951152,0.8209722729,0.5560764547,0.05010790573,0.1194684124,0,1
703,23433333333,0,0,-1.416395817,2.576295237,7.744752141,0.818662681,0.5593198353,0.05045978141,0.1200272764,0,1
704,23466666667,0,0,-1.417560286,2.583020737,7.761592895,0.8163044755,0.5626071299,0.05071265021,0.1206169467,0,1
705,23500000000,0,0,-1.412497797,2.579325517,7.786028942,0.813905317,0.5659725356,0.05090046171,0.1210056481,0,1
706,23533333333,0,0,-1.414272859,2.585474765,7.803506147,0.8114387641,0.5693597851,0.05122589384,0.1215420705,0,1
707,23566666667,0,0,-1.411259431,2.581532409,7.825402334,0.8089223457,0.5728168409,0.05122449072,0.1220719331,0,1
708,23600000000,0,0,-1.416632383,2.591063429,7.839965082,0.8062780782,0.5763602148,0.05152412539,0.1227592276,0,1
709,23633333333,0,0,-1.417774969,2.590469766,7.858496679,0.8037493703,0.5797643986,0.05184454504,0.1231760322,0,1
710,23666666667,0,0,-1.417589013,2.588210038,7.880263936,0.8010180908,0.5834021421,0.05186576712,0.1237816663,0,1
711,23700000000,0,0,-1.426968098,2.600724505,7.889402372,0.7983760465,0.5868592716,0.05215922282,0.1243836773,0,1
712,23733333333,0,0,-1.43609768,2.612418156,7.902038652,0.7957147303,0.5902791553,0.05258946937,0.1250717175,0,1
713,23766666667,0,1,-1.441916361,2.618686388,7.875761044,0.7941624475,0.5923360056,0.05332335257,0.1249026961,0,1
714,23800000000,0,0,-1.444939725,2.621564189,7.89086512,0.7915004595,0.5957636764,0.05344848818,0.1254429096,0,1
715,23833333333,0,0,-1.44655077,2.622140515,7.905967237,0.7887884382,0.5992469536,0.05356261128,0.1258846101,0,1
716,23866666667,0,0,-1.448802267,2.623976281,7.920112947,0.7859367594,0.6028605197,0.05359931141,0.126450456,0,1
717,23900000000,0,0,-1.449837056,2.624137244,7.934594011,0.7831134675,0.6064100657,0.05362756782,0.1269811528,0,1
718,23933333333,0,0,-1.451233362,2.625105273,7.948554885,0.780212459,0.6100014738,0.05362282193,0.1276374308,0,1
719,23966666667,0,0,-1.452026997,2.624730281,7.962884608,0.7773841578,0.6134782225,0.05365660954,0.1282158725,0,1
720,24000000000,0,0,-1.453547801,2.625867861,7.976933222,0.7745147776,0.6169933674,0.05358201219,0.1287439779,0,1
721,24033333333,0,1,-1.454243845,2.626982416,7.978041348,0.7721563622,0.6199031715,0.05386510208,0.128814444,0,1
722,24066666667,0,0,-1.455243192,2.625270874,7.992923238,0.7693651475,0.6232699237,0.05372900107,0.1293254288,0,1
723,24100000000,0,0,-1.457127862,2.624542855,8.007661044,0.7665952174,0.6265848281,0.05361748218,0.1298013537,0,1
724,24133333333,0,0,-1.459341503,2.622780893,8.022107491,0.7637835341,0.6299121852,0.05349098192,0.1303229329,0,1
725,24166666667,0,0,-1.462251167,2.621149426,8.036710431,0.7609863432,0.6332030176,0.05333091869,0.1308034289,0,1
726,24200000000,0,0,-1.466782518,2.619249368,8.051735237,0.7582425168,0.6363995682,0.05324159997,0.131260075,0,1
727,24233333333,0,0,-1.472004291,2.616805101,8.066463987,0.7553562381,0.639728977,0.05305642839,0.1317907619,0,1
728,24266666667,0,1,-1.475275422,2.616669443,8.069651027,0.7528191522,0.6427103756,0.05277249441,0.1319157347,0,1
729,24300000000,0,0,-1.479846826,2.613569472,8.083573771,0.7499707478,0.6459420562,0.05262924081,0.1324118594,0,1
730,24333333333,0,0,-1.484362502,2.611135552,8.097654338,0.7472518646,0.649019482,0.05256846292,0.1327588778,0,1
731,24366666667,0,0,-1.488152851,2.608398849,8.111762987,0.7445917323,0.6520239508,0.05242694668,0.1330388482,0,1
732,24400000000,0,0,-1.491460856,2.606472507,8.125668716,0.7420112974,0.6549185549,0.05209952121,0.133366266,0,1
733,24433333333,0,0,-1.494292465,2.604580189,8.139287887,0.7394596306,0.6577326344,0.05179219456,0.1338088377,0,1
734,24466666667,0,0,-1.497194416,2.603345442,8.152820834,0.7369174039,0.6605321829,0.05158279704,0.1341237872,0,1
735,24500000000,0,0,-1.499795759,2.60225211,8.166504768,0.7345550977,0.6631147843,0.05130011087,0.1344466062,0,1
736,24533333333,0,0,-1.501841046,2.60053467,8.180569839,0.7322716377,0.66561225,0.05102872952,0.1346649549,0,1
737,24566666667,0,1,-1.501773936,2.601629118,8.180590927,0.7305344355,0.6675061981,0.05069658991,0.134850917,0,1
738,24600000000,0,0,-1.503963713,2.600662909,8.194462381,0.7284254006,0.6698006433,0.05041248884,0.1349893145,0,1
739,24633333333,0,0,-1.506476823,2.599582835,8.208658439,0.7262247231,0.6721928265,0.05030023328,0.1349975635,0,1
740,24666666667,0,0,-1.509234433,2.597860678,8.222804502,0.7243740773,0.6741669339,0.05013775816,0.135156748,0,1
741,24700000000,0,0,-1.511927646,2.595341191,8.237337428,0.7222988025,0.6764187566,0.04983472927,0.1351244071,0,1
742,24733333333,0,0,-1.515179597,2.59312519,8.251390659,0.7203349004,0.6784939801,0.04938926865,0.1353670952,0,1
743,24766666667,0,0,-1.519086739,2.590805453,8.265701396,0.7185904239,0.6803598672,0.04922427718,0.1353337517,0,1
744,24800000000,0,1,-1.524501491,2.591313357,8.273957015,0.7169877941,0.6820709853,0.04893123207,0.135327043,0,1
745,24833333333,0,0,-1.528695786,2.58924975,8.286786954,0.7153577088,0.6838022685,0.04831700148,0.1354373412,0,1
746,24866666667,0,0,-1.533295815,2.586559165,8.299508307,0.71384841,0.6854052553,0.04810174166,0.135374687,0,1
747,24900000000,0,0,-1.537611133,2.583373331,8.311640701,0.7124949201,0.6868441161,0.04787730568,0.1352919537,0,1
748,24933333333,0,0,-1.541970076,2.580393128,8.323552112,0.7112449522,0.6881722814,0.04765246225,0.1351990087,0,1
749,24966666667,0,0,-1.545658347,2.576968927,8.335499537,0.7100223408,0.6894969448,0.04747951059,0.1349367805,0,1
750,25000000000,0,1,-1.548298809,2.572258205,8.347018276,0.7090196564,0.6905305709,0.04685713693,0.1351409128,0,1
751,25033333333,0,0,-1.551764638,2.568773622,8.358628662,0.7079423028,0.6916753163,0.04660911021,0.1350205306,0,1
752,25066666667,0,0,-1.554366569,2.564533331,8.370521067,0.7070444683,0.6926865358,0.04630969248,0.1346435862,0,1
753,25100000000,0,0,-1.556661131,2.560340505,8.382201495,0.7062664612,0.6935517176,0.0457838431,0.1344527444,0,1
754,25133333333,0,0,-1.559116531,2.556411515,8.394254762,0.7055094756,0.6944016792,0.04534347095,0.1341888869,0,1
755,25166666667,0,0,-1.561000007,2.551385584,8.406219123,0.7048192362,0.6951567669,0.04491310208,0.1340512102,0,1
756,25200000000,0,0,-1.563141534,2.546961066,8.419022881,0.7042943646,0.6957750045,0.04455434945,0.13372173,0,1
757,25233333333,0,1,-1.56504504,2.542078566,8.431216948,0.7038853124,0.6962374412,0.04378379697,0.1337231151,0,1
758,25266666667,0,0,-1.567658951,2.537451915,8.444551264,0.703435234,0.6967845571,0.04335205806,0.1333819761,0,1
759,25300000000,0,0,-1.570783219,2.533116086,8.45774344,0.7030882948,0.6972298662,0.04284132468,0.1330488042,0,1
760,25333333333,0,0,-1.574118623,2.527802526,8.470981689,0.7029005316,0.6975345881,0.04234026162,0.1326033306,0,1
761,25366666667,0,0,-1.578551376,2.523761635,8.484183466,0.7026017641,0.6979375079,0.04182786909,0.1322286864,0,1
762,25400000000,0,0,-1.583099545,2.518266989,8.497531281,0.702371072,0.6982792068,0.04140980687,0.1317810855,0,1
763,25433333333,0,1,-1.585707699,2.511398962,8.50985732,0.70247042,0.6982999447,0.04044128045,0.1314419987,0,1
764,25466666667,0,0,-1.589731129,2.505679884,8.523233896,0.7023997656,0.6984944708,0.03993004543,0.1309413419,0,1
765,25500000000,0,0,-1.593869498,2.500802259,8.536566684,0.7024305064,0.6985698518,0.03918893058,0.1305977546,0,1
766,25533333333,0,0,-1.597823839,2.49625283,8.54977901,0.7024723645,0.698661457,0.03866264364,0.1300382469,0,1
767,25566666667,0,0,-1.600838494,2.490907531,8.562992772,0.7025441557,0.6987206191,0.03812869614,0.1294890275,0,1
768,25600000000,0,0,-1.604165409,2.486008351,8.576128447,0.7027395082,0.6986585794,0.03755049835,0.1289315055,0,1
769,25633333333,0,1,-1.608208689,2.484183226,8.588104517,0.7029100971,0.6985802631,0.03658840576,0.1287023698,0,1
770,25666666667,0,0,-1.610863431,2.480506788,8.600593024,0.7031529677,0.6984541075,0.03582604898,0.1282741518,0,1
771,25700000000,0,0,-1.613724101,2.47754444,8.613165697,0.7033168429,0.6984138419,0.03509911196,0.1277950553,0,1
772,25733333333,0,0,-1.615664825,2.474363673,8.62591302,0.7035149299,0.698351409,0.03435832513,0.1272460549,0,1
773,25766666667,0,0,-1.617067828,2.469579473,8.639006955,0.7037755499,0.6982106802,0.03358301244,0.1267832906,0,1
774,25800000000,0,0,-1.618995396,2.466122223,8.651805827,0.704058508,0.6980459079,0.03276260228,0.1263334462,0,1
775,25833333333,0,1,-1.620320786,2.461842446,8.664702658,0.7043897586,0.6978457517,0.03194240994,0.1258016586,0,1
776,25866666667,0,0,-1.622631802,2.458721153,8.678359279,0.7046444782,0.6977311312,0.0311594303,0.1252059015,0,1
777,25900000000,0,0,-1.625838722,2.456130965,8.691992138,0.705022459,0.6974777217,0.03038026201,0.1246803906,0,1
778,25933333333,0,0,-1.628860549,2.453020056,8.705749044,0.7053421326,0.6972749339,0.0295464489,0.1242060785,0,1
779,25966666667,0,0,-1.632079412,2.450201188,8.719636549,0.7056700522,0.6970969156,0.02889129599,0.12349478,0,1
780,26000000000,0,0,-1.636047672,2.447379916,8.733740151,0.7061021308,0.6967882784,0.02822512531,0.1229195606,0,1
781,26033333333,0,1,-1.639565226,2.444358333,8.746652046,0.7068074057,0.6962442503,0.02747503503,0.1221161641,0,1
782,26066666667,0,0,-1.643732489,2.44151515,8.760290312,0.7071796022,0.6960065898,0.02675581498,0.1214741272,0,1
783,26100000000,0,0,-1.647706326,2.438392758,8.773807061,0.707589234,0.6957507919,0.02617533075,0.1206779331,0,1
784,26133333333,0,0,-1.651016412,2.434315452,8.786833085,0.707978431,0.6954909647,0.02541620758,0.1200536366,0,1
785,26166666667,0,1,-1.653678285,2.430624175,8.797773956,0.7090549917,0.6945167759,0.02441004937,0.1195475482,0,1
786,26200000000,0,0,-1.656397202,2.427169336,8.810614074,0.7095263684,0.6942181953,0.02383481351,0.1185973509,0,1
787,26233333333,0,0,-1.65882534,2.423953342,8.82301837,0.7100389515,0.6938605883,0.02328616059,0.1177281874,0,1
788,26266666667,0,0,-1.661313674,2.421648162,8.835314349,0.7106039451,0.6934408294,0.02271711203,0.1169007363,0,1
789,26300000000,0,0,-1.663064623,2.419111729,8.847138228,0.7111962258,0.6929229566,0.02184185539,0.1165359945,0,1
790,26333333333,0,0,-1.66268501,2.41297352,8.85863864,0.7117863589,0.6923933737,0.02084961126,0.116262157,0,1
791,26366666667,0,1,-1.664905369,2.410275553,8.869346442,0.712898128,0.6914179897,0.02019848925,0.1153665619,0,1
792,26400000000,0,0,-1.665376082,2.405634158,8.88179764,0.7134131814,0.6910066103,0.01932110337,0.1147963069,0,1
793,26433333333,0,0,-1.666192097,2.401408099,8.894269775,0.7140568946,0.6905077574,0.0186629974,0.113901189,0,1
794,26466666667,0,0,-1.667254336,2.397205383,8.906998448,0.7148039144,0.6898822936,0.01804406078,0.1131025938,0,1
795,26500000000,0,0,-1.668337243,2.392323839,8.919751889,0.7155609349,0.689259015,0.01742729399,0.1122089481,0,1
796,26533333333,0,0,-1.670142845,2.387273883,8.93251796,0.71619412,0.6887666481,0.01671530136,0.1112972848,0,1
797,26566666667,0,0,-1.67250723,2.382931956,8.945222348,0.7170041476,0.6880796167,0.01598308822,0.1104356564,0,1
798,26600000000,0,0,-1.675462962,2.377522705,8.958830813,0.7177321147,0.6874524492,0.01524011673,0.1097154522,0,1
799,26633333333,0,0,-1.677895496,2.372324016,8.972094547,0.7184045081,0.6869310491,0.01432148362,0.1086995477,0,1
800,26666666667,0,1,-1.680493098,2.367535567,8.98337577,0.7198571008,0.6855384683,0.01342184334,0.1079935971,0,1
801,26700000000,0,0,-1.683293837,2.363138254,8.99683603,0.7207211231,0.6847582416,0.01280156367,0.1072535933,0,1
802,26733333333,0,0,-1.685222547,2.358372085,9.010596624,0.7215100793,0.6840691778,0.01206709338,0.1064281486,0,1
803,26766666667,0,0,-1.687329709,2.354498382,9.024326542,0.722309367,0.68337822,0.01141625474,0.1055132971,0,1
804,26800000000,0,0,-1.689091966,2.350482041,9.038504026,0.723142175,0.6826451027,0.01083218033,0.1046122478,0,1
805,26833333333,0,0,-1.689656666,2.344870779,9.052942361,0.7239387414,0.6819398759,0.01038740691,0.1037439448,0,1
806,26866666667,0,0,-1.690070779,2.341005738,9.066403121,0.7248323883,0.6811350214,0.009792228327,0.1028455331,0,1
807,26900000000,0,0,-1.692363861,2.338167541,9.080187299,0.7255539753,0.6805032094,0.009316154179,0.1019804895,0,1
808,26933333333,0,0,-1.693836004,2.336584614,9.093787969,0.7264464184,0.679700883,0.008993591535,0.1010021094,0,1
809,26966666667,0,0,-1.694657378,2.333937139,9.10831371,0.7274278274,0.6788094195,0.008795997574,0.09994577698,0,1
810,27000000000,0,0,-1.693916104,2.329386825,9.12246996,0.7284418259,0.6778870467,0.008563282288,0.09883485441,0,1
811,27033333333,0,1,-1.696376122,2.33107028,9.136497471,0.7300021895,0.6763715319,0.008405634297,0.09771233019,0,1
812,27066666667,0,0,-1.696887768,2.328855386,9.151026985,0.731084829,0.6753555817,0.008245730382,0.09665308582,0,1
813,27100000000,0,0,-1.697916912,2.327808772,9.165262266,0.7322193334,0.6742675691,0.007993194358,0.0956775931,0,1
814,27133333333,0,0,-1.698869714,2.325192,9.18001213,0.7333781692,0.6731542707,0.008004586518,0.09463464184,0,1
815,27166666667,0,0,-1.701065023,2.324351618,9.194527012,0.7347371134,0.6718316362,0.007980003916,0.09348767974,0,1
816,27200000000,0,0,-1.702617011,2.32215448,9.208206029,0.735899997,0.6707093179,0.007787928612,0.09240970427,0,1
817,27233333333,0,0,-1.70450962,2.321077063,9.221847523,0.7371594508,0.6694879525,0.007839248729,0.09121607184,0,1
818,27266666667,0,0,-1.706215618,2.319744291,9.235767103,0.7388362705,0.6678152578,0.008104858215,0.08987801843,0,1
819,27300000000,0,0,-1.708903259,2.320921105,9.24968573,0.7405796978,0.6660636813,0.008401832203,0.08848894243,0,1
820,27333333333,0,0,-1.709538366,2.319494411,9.263781068,0.742591712,0.6639895554,0.008753815574,0.08717104035,0,1
821,27366666667,0,0,-1.711124767,2.319284058,9.278277035,0.7444816703,0.6620262827,0.009149988474,0.08593323742,0,1
822,27400000000,0,0,-1.706660662,2.311727748,9.292057306,0.7465635879,0.6598374966,0.009384052872,0.08467128704,0,1
823,27433333333,0,1,-1.712187081,2.318484075,9.307807652,0.7487481772,0.657468806,0.009601830605,0.08377792684,0,1
824,27466666667,0,0,-1.711382573,2.316555247,9.321743484,0.7509627753,0.6550908456,0.01002898024,0.08252462465,0,1
825,27500000000,0,0,-1.710487926,2.314962884,9.335567924,0.7531206461,0.6527563395,0.01051141714,0.0812893831,0,1
826,27533333333,0,0,-1.707414658,2.309653811,9.349649589,0.7552693739,0.6503928054,0.01091885936,0.08023808339,0,1
827,27566666667,0,0,-1.705940003,2.306779837,9.363556588,0.7574232834,0.6480384064,0.01160542781,0.07887653395,0,1
828,27600000000,0,0,-1.701651983,2.297368318,9.377348612,0.7597436256,0.6454645052,0.01196409106,0.0776019101,0,1
829,27633333333,0,0,-1.700395944,2.293613191,9.391405676,0.7618276799,0.6431433137,0.012468999,0.07635305004,0,1
830,27666666667,0,0,-1.701531175,2.29429066,9.404873701,0.7642512617,0.6404031314,0.01306329881,0.07505457013,0,1
831,27700000000,0,1,-1.700386551,2.289765851,9.421983595,0.7666299267,0.6376969889,0.01362133399,0.07372628548,0,1
832,27733333333,0,0,-1.69857479,2.282190011,9.434876707,0.7690954603,0.6348654505,0.01425552073,0.07235200647,0,1
833,27766666667,0,0,-1.697310636,2.275874822,9.447222387,0.771846291,0.6316589145,0.01497651396,0.07096494034,0,1
834,27800000000,0,0,-1.696167924,2.270932821,9.45946615,0.7745136622,0.6285268916,0.0157624914,0.06952753049,0,1
835,27833333333,0,0,-1.693135418,2.263067398,9.472072837,0.7773449059,0.6251601586,0.01662496017,0.06806823025,0,1
836,27866666667,0,0,-1.667183716,2.216054427,9.498578497,0.7798408509,0.6222172001,0.01735783928,0.0662775113,0,1
837,27900000000,0,1,-1.672393556,2.218618589,9.521691298,0.7824866565,0.6190111295,0.0185212592,0.06478284441,0,1
838,27933333333,0,0,-1.671203384,2.2149502,9.533587923,0.7852312989,0.6156384706,0.0194356457,0.06342977515,0,1
839,27966666667,0,0,-1.66624777,2.205589397,9.546710532,0.7878962284,0.6123276773,0.02030285885,0.06214614031,0,1
840,28000000000,0,0,-1.6616335,2.196523572,9.559777829,0.7906834,0.6088237293,0.02149722817,0.06075604351,0,1
841,28033333333,0,0,-1.660114843,2.193121623,9.570931958,0.7934196226,0.6053395154,0.02267408081,0.05945804965,0,1
842,28066666667,0,0,-1.65872558,2.191076757,9.581672939,0.7961049763,0.6018733387,0.02370115511,0.0583404336,0,1
843,28100000000,0,1,-1.647077618,2.172026573,9.605980895,0.7986091718,0.5986195967,0.02468551682,0.05717162284,0,1
844,28133333333,0,0,-1.644076859,2.167364057,9.618527258,0.8013199758,0.5950563205,0.02572266212,0.05596978126,0,1
845,28166666667,0,0,-1.642126148,2.16462972,9.630418841,0.8040027037,0.5914790633,0.02692320724,0.05483895453,0,1
846,28200000000,0,1,-1.633070188,2.149541191,9.645399141,0.8065682283,0.588016099,0.02806900829,0.05382277557,0,1
847,28233333333,0,0,-1.629185735,2.143003721,9.657827752,0.8091419103,0.584516696,0.02918126188,0.05270725782,0,1
848,28266666667,0,0,-1.623507871,2.135096039,9.670856854,0.8116924793,0.5810430883,0.03026511107,0.05126667125,0,1
849,28300000000,0,1,-1.621767944,2.130787555,9.68343526,0.8141641876,0.5776141731,0.03239934946,0.04948560132,0,1
850,28333333333,0,0,-1.618127714,2.124591149,9.696323802,0.816613217,0.5741982844,0.03411876402,0.04769794368,0,1
851,28366666667,0,0,-1.61443691,2.118503278,9.709249631,0.8190427962,0.5707687194,0.03583736594,0.04590914996,1,0.5863967742
852,28400000000,0,0,-1.61069527,2.112524213,9.722211582,0.8214528674,0.5673255598,0.03755511427,0.04411926277,1,0.1725609335
853,28433333333,0,0,-1.606902535,2.106654215,9.735208487,0.823843373,0.5638688874,0.03927196811,0.04232832474,1,0.06471759199
854,28466666667,0,0,-1.603058453,2.100893533,9.748239175,0.8262142562,0.5603987848,0.04098788657,0.04053637853,1,0.03515828377
855,28500000000,0,0,-1.599162774,2.095242407,9.761302472,0.8285654605,0.5569153345,0.04270282877,0.03874346682,1,0.0201482292
856,28533333333,0,0,-1.595215255,2.089701066,9.774397199,0.8308969299,0.5534186195,0.04441675387,0.03694963231,1,0.01234894494
857,28566666667,0,0,-1.591215658,2.084269728,9.787522177,0.8332086089,0.5499087232,0.04612962104,0.03515491773,1,0.008283327393
858,28600000000,0,0,-1.587163749,2.078948601,9.800676222,0.8355004425,0.546385729,0.04784138949,0.03335936582,1,0.005494441404
859,28633333333,0,0,-1.583059299,2.073737882,9.813858147,0.8377723759,0.5428497209,0.04955201845,0.03156301935,1,0.00375693397
860,28666666667,0,0,-1.578902084,2.068637759,9.827066764,0.8400243552,0.5393007831,0.05126146717,0.02976592111,1,0.002643925751
861,28700000000,0,0,-1.574691886,2.063648409,9.840300882,0.8422563266,0.5357390002,0.05296969494,0.02796811391,1,0.001909618061
862,28733333333,0,0,-1.570428491,2.058769996,9.853559306,0.844468237,0.532164457,0.05467666107,0.02616964055,1,0.001405914655
863,28766666667,0,0,-1.56611169,2.054002676,9.86684084,0.8466600338,0.5285772386,0.0563823249,0.02437054388,1,0.001047294181
864,28800000000,0,0,-1.561741281,2.049346595,9.880144287,0.8488316647,0.5249774305,0.05808664581,0.02257086675,1,0.0007885377786
865,28833333333,0,0,-1.557317065,2.044801885,9.893468444,0.850983078,0.5213651184,0.0597895832,0.02077065203,1,0.0006009220214
866,28866666667,0,0,-1.552838848,2.040368672,9.906812111,0.8531142225,0.5177403883,0.06149109652,0.01896994258,1,0.0004624420196
867,28900000000,0,0,-1.548306443,2.036047067,9.920174083,0.8552250474,0.5141033266,0.06319114523,0.01716878131,1,0.0003549743377
868,28933333333,0,0,-1.543719666,2.031837172,9.933553154,0.8573155024,0.51045402,0.06488968884,0.01536721111,1,0.0002769897633
869,28966666667,0,0,-1.53907834,2.027739081,9.946948115,0.8593855377,0.5067925552,0.06658668691,0.01356527489,1,0.0002847694507
870,29000000000,0,0,-1.534382293,2.023752873,9.960357759,0.8614351041,0.5031190196,0.068282099,0.01176301557,1,0.0003456215538
871,29033333333,0,0,-1.529631356,2.019878618,9.973780874,0.8634641526,0.4994335007,0.06997588474,0.009960476078,1,0.0005823802596
872,29066666667,0,0,-1.524825369,2.016116378,9.987216248,0.8654726351,0.4957360862,0.07166800378,0.008157699345,1,0.001389954903
873,29100000000,0,0,-1.519964173,2.012466199,10.00066267,0.8674605036,0.4920268641,0.07335841582,0.006354728311,1,0.001204937561
874,29133333333,0,0,-1.515047618,2.008928122,10.01411892,0.8694277108,0.4883059229,0.0750470806,0.004551605919,1,0.001047396985
875,29166666667,0,0,-1.510075557,2.005502173,10.02758379,0.8713742098,0.4845733511,0.0767339579,0.002748375116,1,0.0009134382033
876,29200000000,0,0,-1.50504785,2.002188369,10.04105606,0.8732999543,0.4808292377,0.07841900754,0.000945078852,1,0.0008013469401
877,29233333333,0,0,-1.499964359,1.998986717,10.05453452,0.8752048985,0.4770736719,0.08010218939,-0.0008582399221,1,0.0007005887525
878,29266666667,0,0,-1.494824956,1.995897212,10.06801795,0.8770889968,0.473306743,0.08178346335,-0.002661538254,1,0.0006140103645
879,29300000000,0,0,-1.489629514,1.99291984,10.08150512,0.8789522046,0.4695285408,0.08346278937,-0.004464773194,1,0.0005420774935
880,29333333333,0,0,-1.484377915,1.990054573,10.09499483,0.8807944773,0.4657391554,0.08514012747,-0.006267901791,1,0.0005161897743
881,29366666667,0,0,-1.479070043,1.987301377,10.10848585,0.8826157712,0.4619386769,0.08681543769,-0.008070881098,1,0.0004560045875
