frame_index,timestamp_ns,segment,keyframe,cx,cy,cz,qw,qx,qy,qz
300,10000000000,0,1,0,0,0,1,0,0,0
305,10166666667,0,1,-0.03302085751,0.01541134647,0.01755563771,0.993081687,0.04292431476,0.1049431437,0.03054836591
306,10200000000,0,0,-0.03908500014,0.02016191016,0.02093818897,0.990140879,0.04881827729,0.1257943135,0.037597956
307,10233333333,0,0,-0.04531199147,0.02417821579,0.02721349352,0.9867313058,0.05460163137,0.1465554536,0.0436060896
308,10266666667,0,0,-0.04809147204,0.02667850035,0.02996500962,0.9835057097,0.0587930426,0.1647965538,0.04584749811
309,10300000000,0,1,-0.04644770583,0.02983644206,0.03143541661,0.9808638538,0.06033379773,0.1791624743,0.04654826591
310,10333333333,0,0,-0.04778091616,0.03199490914,0.03428629338,0.9778434029,0.06064639583,0.1938467881,0.05067264408
311,10366666667,0,0,-0.05163007414,0.03429621055,0.03886967697,0.974716448,0.05806501127,0.2094726483,0.05174466312
312,10400000000,0,0,-0.05645245474,0.03860026957,0.04331377538,0.9709515157,0.05545859608,0.2267032437,0.05275545046
313,10433333333,0,0,-0.05872113357,0.04695306191,0.04995108939,0.9668826378,0.05810243853,0.2431198966,0.05152462675
314,10466666667,0,1,-0.0556626572,0.05273884945,0.04768079308,0.9634974577,0.06229126763,0.2555372519,0.04993155241
315,10500000000,0,0,-0.05443265431,0.05654106487,0.05022064228,0.9599587179,0.06712987165,0.2675269253,0.04901208477
316,10533333333,0,0,-0.05481175618,0.0595583072,0.05132776459,0.9570589463,0.07118112753,0.2766963381,0.04909742142
317,10566666667,0,0,-0.05621820978,0.06386448638,0.05517835305,0.9536858101,0.07614430346,0.2861116904,0.05315563176
318,10600000000,0,0,-0.0582667387,0.06506055362,0.05985430863,0.9505804535,0.07968891822,0.2945355896,0.05740439247
319,10633333333,0,0,-0.06547183795,0.07045318446,0.06526185837,0.9458784599,0.08557096979,0.3071162844,0.06058990155
320,10666666667,0,1,-0.06287645123,0.06490798854,0.06555733662,0.942506851,0.08552789754,0.3162731382,0.06585678858
321,10700000000,0,0,-0.06548748596,0.06644827433,0.06976397428,0.9376691576,0.08945536849,0.3277533406,0.07315760827
322,10733333333,0,0,-0.06932691068,0.06786747229,0.07495089813,0.9315449901,0.09342255828,0.3421218108,0.0803045675
323,10766666667,0,0,-0.07344516796,0.07035772864,0.07997349894,0.9243723496,0.09695566155,0.3589275126,0.08547748056
324,10800000000,0,0,-0.07481060271,0.07444945862,0.08768448741,0.9157947831,0.1052291281,0.3771310245,0.08954851262
325,10833333333,0,0,-0.0774157924,0.07285460551,0.08571548583,0.9085248585,0.1081656841,0.3929827209,0.09190945207
326,10866666667,0,1,-0.07691976898,0.06743533611,0.08966084998,0.9008621811,0.1042238364,0.4090881501,0.1011514118
327,10900000000,0,0,-0.07884673622,0.07046923138,0.09593465918,0.8898780878,0.1064569202,0.4297912155,0.1098336194
328,10933333333,0,0,-0.07634197102,0.07037974095,0.1026453924,0.8781591991,0.106562384,0.4517749365,0.1156731866
329,10966666667,0,0,-0.07610944833,0.06836386312,0.1091704818,0.8647208115,0.1038781032,0.4756144648,0.1235238389
330,11000000000,0,1,-0.06990165381,0.06994180525,0.1099203058,0.8545083681,0.101731035,0.4921419981,0.1313868297
331,11033333333,0,0,-0.06450811138,0.07390409875,0.1080089825,0.8468688193,0.1009786504,0.5036080289,0.1378240483
332,11066666667,0,0,-0.06016583999,0.0771363763,0.1077791301,0.8412241271,0.09949489374,0.5114045397,0.1445964413
333,11100000000,0,0,-0.05872425104,0.07971511679,0.111407238,0.8362959907,0.1012149457,0.518087344,0.1481555083
334,11133333333,0,0,-0.05403819488,0.07588217176,0.1161191765,0.8313411853,0.09633269977,0.5260697016,0.1511373997
335,11166666667,0,0,-0.05154671392,0.07795432229,0.1217718442,0.8244238516,0.09518509896,0.5350799208,0.1579702126
336,11200000000,0,1,-0.04670061662,0.07699947442,0.129011477,0.8156620747,0.09571738039,0.5465117128,0.1638856635
337,11233333333,0,0,-0.04340480245,0.07640933634,0.1308008491,0.8064782951,0.09459649362,0.5580947794,0.1708053867
338,11266666667,0,0,-0.04047463394,0.07939691613,0.131729652,0.7984142152,0.09382807142,0.5678732554,0.176779523
339,11300000000,0,0,-0.03698931164,0.08282040269,0.1341127894,0.7904993974,0.09488425039,0.5764025543,0.1840320003
340,11333333333,0,0,-0.03311740072,0.085298224,0.1355124658,0.7840945616,0.09633488153,0.5829240317,0.19003916
341,11366666667,0,0,-0.03017747846,0.0871538621,0.1363593354,0.7780311083,0.09689327228,0.589267302,0.1950470074
342,11400000000,0,1,-0.02528424524,0.0823736796,0.1432076136,0.7693276945,0.09380813796,0.5984263778,0.2030290671
343,11433333333,0,0,-0.02319430764,0.0848601374,0.1448741703,0.7632731701,0.09404643187,0.6040699174,0.2089709821
344,11466666667,0,0,-0.02073732217,0.08652762266,0.1455311767,0.7579072545,0.09322442606,0.6097879696,0.212236736
345,11500000000,0,0,-0.01909861702,0.08725026649,0.1459215502,0.7517872056,0.0906510233,0.6156643682,0.2180728667
346,11533333333,0,0,-0.01708015384,0.08687669313,0.1461122214,0.7458798718,0.08489469715,0.6218028409,0.2231979711
347,11566666667,0,0,-0.0145564959,0.08983779766,0.1464044706,0.7397803121,0.07985759196,0.6278088815,0.2284816472
348,11600000000,0,1,-0.006676755598,0.08729470515,0.1573335273,0.731824002,0.07525865576,0.6354196984,0.2345454577
349,11633333333,0,0,-0.005705686365,0.08606510765,0.1570504979,0.7271952652,0.06983817357,0.6396069235,0.2391916787
350,11666666667,0,0,-0.00224212453,0.08809922199,0.1589464078,0.7207164619,0.06420523095,0.6445833472,0.2468962908
351,11700000000,0,0,0.001851964782,0.08891633756,0.1626780002,0.7150516552,0.06082629344,0.6488040593,0.2530900731
352,11733333333,0,0,0.002812049948,0.08937140098,0.1610690828,0.7112388706,0.05694754451,0.6515919446,0.2575348208
353,11766666667,0,0,0.00542645606,0.09065327888,0.1635327713,0.7059646367,0.05363944166,0.6543236842,0.265701446
354,11800000000,0,1,0.008305568519,0.08895394426,0.1678456381,0.7012445301,0.04742758999,0.6592400276,0.2672252209
355,11833333333,0,0,0.009401434324,0.08863441136,0.1677353798,0.6957750945,0.04045683032,0.663811252,0.2713206302
356,11866666667,0,0,0.01309166276,0.08904862544,0.1707575903,0.6902332705,0.03680489921,0.6679206929,0.2758720349
357,11900000000,0,0,0.01233874981,0.08876706455,0.1690789223,0.686442806,0.03223720108,0.6712104219,0.2779093495
358,11933333333,0,0,0.01487764554,0.08776797118,0.169255192,0.6789495866,0.02651287174,0.677349904,0.2819958052
359,11966666667,0,0,0.01867757293,0.08687834106,0.171478489,0.6713422005,0.02626957943,0.6835995715,0.2851336265
360,12000000000,0,1,0.01957463654,0.08692071734,0.1739963829,0.6632254435,0.02848304702,0.6904040516,0.2875116913
361,12033333333,0,0,0.01994421642,0.08701636021,0.1742367972,0.6551530785,0.03114248384,0.6964669395,0.2910985943
362,12066666667,0,0,0.02016167293,0.08685299708,0.1740101549,0.6476994552,0.03210376545,0.7025242096,0.2931117517
363,12100000000,0,0,0.02046213941,0.0872143983,0.1735515566,0.6388522056,0.03335767789,0.7096014049,0.2953319672
364,12133333333,0,0,0.02158291118,0.08892670642,0.173862929,0.6306175555,0.03617643037,0.7163705349,0.2963545533
365,12166666667,0,0,0.01861820542,0.09176453114,0.1730170676,0.62387448,0.03797512011,0.7214528693,0.2980675775
366,12200000000,0,1,0.01919717473,0.09592281487,0.1729629834,0.6185851237,0.04118752037,0.7242328171,0.3018987572
367,12233333333,0,0,0.01676533529,0.09596621413,0.1710534874,0.6151820588,0.0411576712,0.7258675601,0.304915342
368,12266666667,0,0,0.01669808493,0.09711512512,0.1700664949,0.6095241991,0.04077937209,0.7289606589,0.3089233746
369,12300000000,0,0,0.01855966248,0.09784901226,0.1712401939,0.6039200589,0.04269733256,0.7317487435,0.313051556
370,12333333333,0,0,0.01523784345,0.09797430314,0.1686068314,0.6004064789,0.04251321006,0.7339045182,0.3147838073
371,12366666667,0,0,0.01390572808,0.09843686771,0.1664286197,0.5943137311,0.04027693929,0.7376725408,0.3178178405
372,12400000000,0,1,0.01890524742,0.09806730442,0.167990673,0.5877010294,0.03946516416,0.7429404233,0.3179457947
373,12433333333,0,0,0.01838879004,0.09854294491,0.1669534241,0.5811482127,0.04137806889,0.7499600661,0.313232357
374,12466666667,0,0,0.01501683849,0.09898837571,0.1665531937,0.5727128299,0.04326719453,0.7569239114,0.311759774
375,12500000000,0,0,0.007958328432,0.1012241113,0.1644541923,0.5640608791,0.04447582707,0.7607921509,0.3178876036
376,12533333333,0,0,0.00418076744,0.1043578346,0.1622633406,0.5554890499,0.04735492594,0.7634477642,0.3260934495
377,12566666667,0,0,0.0009357555544,0.1053831408,0.1601966016,0.5483014203,0.049115554,0.7659889467,0.331985163
378,12600000000,0,1,-0.01143584049,0.1122873665,0.1494809843,0.5457134568,0.0510860517,0.7659457443,0.3360270155
379,12633333333,0,0,-0.0159142387,0.1136155657,0.1472931912,0.5381233351,0.05033299569,0.7669519762,0.3459400698
380,12666666667,0,0,-0.0182026959,0.113543654,0.1451748064,0.528750617,0.05014205909,0.7698469301,0.3538986623
381,12700000000,0,0,-0.0209291551,0.1131224541,0.1450599751,0.5181506045,0.05109070925,0.774101343,0.3601066527
382,12733333333,0,0,-0.01592671755,0.113040331,0.1467264091,0.50843822,0.05222186717,0.7800840444,0.3608771768
383,12766666667,0,0,-0.02688042092,0.1121722859,0.1450800544,0.5009538359,0.05896186137,0.7850745264,0.3594812113
384,12800000000,0,1,-0.0403086648,0.1215933399,0.1362505563,0.4991316103,0.06813575077,0.7856951149,0.3590380779
385,12833333333,0,0,-0.04846947284,0.1209637268,0.1360297934,0.4944383693,0.07283542609,0.7887476599,0.357914555
386,12866666667,0,0,-0.06080439661,0.1198250906,0.1361074884,0.4890397812,0.07755050887,0.7904657422,0.3605411509
387,12900000000,0,0,-0.07045348793,0.1193169554,0.1344807512,0.4839809186,0.08234950496,0.7918922328,0.3631634909
388,12933333333,0,0,-0.08774913187,0.1192159025,0.1341996165,0.4795417233,0.0866791415,0.7939846602,0.3634760258
389,12966666667,0,0,-0.1011119549,0.1203158975,0.1336922716,0.4759878941,0.08868688197,0.7946097236,0.366286157
390,13000000000,0,1,-0.1169492744,0.1338435021,0.1217325151,0.4779507619,0.09318640649,0.7939549271,0.3640260109
391,13033333333,0,0,-0.1334690668,0.133672621,0.1238127787,0.4746983663,0.09043328677,0.7957644299,0.3650236345
392,13066666667,0,0,-0.1426584622,0.1379618752,0.1204788201,0.4723672631,0.09012157685,0.7970862023,0.3652408194
393,13100000000,0,0,-0.1566143959,0.1389850448,0.1196060608,0.4716887399,0.09157815599,0.7996367615,0.3601447259
394,13133333333,0,0,-0.1721733314,0.1415700841,0.1204000348,0.4717918684,0.08974293684,0.8026708949,0.3536637847
395,13166666667,0,0,-0.1908353016,0.1428034697,0.124021825,0.4707395571,0.08696323186,0.8060738144,0.3479751017
396,13200000000,0,1,-0.2086287618,0.1511817158,0.1217610655,0.4722345155,0.08301150532,0.8053884179,0.3485012893
397,13233333333,0,0,-0.2151290578,0.1616680441,0.1141173079,0.472010408,0.07936552128,0.8055439753,0.3492938486
398,13266666667,0,0,-0.2315923611,0.1663149981,0.1149922622,0.4686242443,0.08053892699,0.8102483744,0.3426402933
399,13300000000,0,0,-0.2545065969,0.1649140517,0.1218039673,0.4634009959,0.0800866631,0.8119472767,0.3458139142
400,13333333333,0,0,-0.2638675481,0.1727059751,0.1194820954,0.4622481013,0.07733548795,0.8110066182,0.3501630768
401,13366666667,0,0,-0.2762407873,0.1799659581,0.1180897119,0.4631723619,0.07632130656,0.8121021132,0.3466072404
402,13400000000,0,1,-0.292251961,0.1852281631,0.1226585452,0.4648339484,0.07675367451,0.8111629997,0.3464864524
403,13433333333,0,0,-0.2999799891,0.1934104021,0.1191798897,0.469422454,0.07518865892,0.808726059,0.3463399873
404,13466666667,0,0,-0.3176785413,0.1980019355,0.1210581174,0.4743135798,0.07533825922,0.8073489212,0.3428388749
405,13500000000,0,0,-0.3298892981,0.2067908642,0.1198763395,0.4782735115,0.07524251786,0.8055227968,0.3416519217
406,13533333333,0,0,-0.3472620341,0.2100282663,0.1226842265,0.4803001252,0.07634084956,0.8040035492,0.3421434747
407,13566666667,0,0,-0.3614281688,0.2148313732,0.1233796478,0.4830692641,0.07632082798,0.8015923855,0.343902406
408,13600000000,0,1,-0.3707509584,0.2187592809,0.1247805011,0.4884597262,0.07599888229,0.7997007305,0.3407491854
409,13633333333,0,0,-0.3853983809,0.2216437846,0.1268189395,0.4946100452,0.07699656449,0.7962618294,0.3397050652
410,13666666667,0,0,-0.3979543667,0.2274550477,0.1279301034,0.5002268724,0.07806398429,0.7928714215,0.3391666249
411,13700000000,0,0,-0.4086563777,0.2316747313,0.1297471099,0.5051769669,0.07867594375,0.7909900116,0.3360671503
412,13733333333,0,0,-0.4217682439,0.2330425218,0.1316299508,0.5116062176,0.08127868551,0.7882184771,0.3322115076
413,13766666667,0,0,-0.4330746474,0.2343478549,0.133346377,0.5185505673,0.0857162155,0.7841323767,0.329991599
414,13800000000,0,1,-0.4431755699,0.2380153906,0.1374348291,0.5273617981,0.09197273127,0.7805048219,0.322866495
415,13833333333,0,0,-0.4555743282,0.2425406925,0.1379396867,0.5345445756,0.09763785924,0.7773437758,0.3169630884
416,13866666667,0,0,-0.4632859311,0.2468273313,0.1383233764,0.5374790867,0.1044320477,0.7761805444,0.3126562669
417,13900000000,0,0,-0.476518406,0.2506519875,0.1406341342,0.5408895955,0.112186001,0.7750682957,0.3067929002
418,13933333333,0,0,-0.4850000465,0.2565514316,0.1420696101,0.5441343159,0.117129257,0.7740541048,0.3017264096
419,13966666667,0,0,-0.4962746846,0.2617858345,0.1438348214,0.5470532667,0.1221957194,0.7735563453,0.2956543762
420,14000000000,0,1,-0.5083282304,0.2703750153,0.14390909,0.5490315561,0.1254170775,0.7729822828,0.2921186362
421,14033333333,0,0,-0.5160808177,0.2759360725,0.145316352,0.5479571706,0.126604938,0.7737282226,0.291648361
422,14066666667,0,0,-0.5264859119,0.2821440343,0.1489620287,0.546809234,0.128141331,0.7751652157,0.2893066698
423,14100000000,0,0,-0.5384653049,0.2877492752,0.1549135281,0.5459910237,0.12766407,0.7753410253,0.2905890253
424,14133333333,0,0,-0.545715488,0.290652489,0.1574411071,0.5478392277,0.125992595,0.7725843569,0.2951465029
425,14166666667,0,0,-0.5515739109,0.2958896081,0.1611283858,0.5518326383,0.1260849696,0.7703993835,0.2933736689
426,14200000000,0,1,-0.5615748525,0.305768687,0.168917602,0.5551188327,0.1269689352,0.7693784254,0.2894456936
427,14233333333,0,0,-0.5685879442,0.3107547398,0.1725415619,0.5581126721,0.1279260242,0.7682812171,0.2861628016
428,14266666667,0,0,-0.575905192,0.3156504848,0.1767505493,0.5599121387,0.1295131328,0.7682608668,0.2819574186
429,14300000000,0,0,-0.5840694609,0.3195740307,0.1805257589,0.5604438568,0.1314374509,0.769717706,0.2759737904
430,14333333333,0,0,-0.5981268527,0.324727889,0.1875086993,0.5612322688,0.1332819605,0.7699871118,0.272716166
431,14366666667,0,0,-0.6083712821,0.3292070713,0.1930879574,0.5625963736,0.1332060486,0.7671067503,0.278008458
432,14400000000,0,1,-0.6125714789,0.3313449805,0.1982011159,0.5644455369,0.1327302459,0.7649922274,0.2803048515
433,14433333333,0,0,-0.6211589006,0.334833947,0.2018493884,0.5677724577,0.1341330797,0.7634169639,0.2771954046
434,14466666667,0,0,-0.6334771744,0.3389340237,0.2086290967,0.5711167111,0.1337864046,0.7615003391,0.2757610084
435,14500000000,0,0,-0.6411273356,0.3428200316,0.2136158891,0.575880397,0.1308465746,0.7587872643,0.274741387
436,14533333333,0,0,-0.650643629,0.3483270039,0.2186353768,0.5795953833,0.1271623368,0.7572676193,0.2728455323
437,14566666667,0,0,-0.6599896886,0.3543665914,0.2248752042,0.5817983597,0.1230571475,0.7558735678,0.2739028233
438,14600000000,0,1,-0.668042404,0.3606491353,0.2307221909,0.5851334592,0.1169645669,0.7545264967,0.2731810589
439,14633333333,0,0,-0.6757278343,0.3668146981,0.2346397549,0.5878705117,0.1122828129,0.7537020441,0.2715401629
440,14666666667,0,0,-0.6828638821,0.3725781769,0.2388458861,0.5901268388,0.111371981,0.7529756387,0.2690246895
441,14700000000,0,0,-0.6927973261,0.3814725368,0.2398598318,0.5905755967,0.111528377,0.7540662288,0.2648886713
442,14733333333,0,0,-0.7033083378,0.3894120719,0.2411716171,0.5861199426,0.1139839056,0.758117375,0.2621624075
443,14766666667,0,0,-0.7136556241,0.3986702868,0.2450329542,0.5794287044,0.1185511024,0.7634587558,0.2594970921
444,14800000000,0,1,-0.720412015,0.4066702427,0.243529339,0.5730102909,0.1231735886,0.7668915941,0.2614665494
445,14833333333,0,0,-0.7315643051,0.4160890752,0.2450094894,0.5668896091,0.1261343193,0.7707503155,0.2620501017
446,14866666667,0,0,-0.7433900481,0.4252858453,0.2470471757,0.5608433034,0.1272808483,0.7742311489,0.2642356954
447,14900000000,0,0,-0.7544408604,0.4323060756,0.248056142,0.5570173128,0.1282633401,0.7748424995,0.2699987588
448,14933333333,0,0,-0.7628993086,0.4404849405,0.2476361134,0.5566826956,0.1293426552,0.7738130535,0.2731084258
449,14966666667,0,0,-0.7717622465,0.450580407,0.2462353489,0.5577914209,0.129258536,0.7725479604,0.2744642245
450,15000000000,0,1,-0.7841933192,0.4619102764,0.2469941036,0.5566759725,0.1293920727,0.7715247075,0.2794980838
451,15033333333,0,0,-0.7929400395,0.4725565929,0.2435464362,0.5551914471,0.1266828499,0.7706961907,0.2859043447
452,15066666667,0,0,-0.8019178296,0.4834426624,0.2433199188,0.5517469009,0.1232042974,0.770465433,0.294582883
453,15100000000,0,0,-0.807188585,0.4926971226,0.2408356044,0.548513898,0.1179212958,0.7701337555,0.3035145307
454,15133333333,0,0,-0.8170253451,0.5019222201,0.2388966801,0.5443929563,0.1147499055,0.7700973863,0.3121198232
455,15166666667,0,0,-0.8251533416,0.5086452556,0.2389821003,0.5395777981,0.1137103666,0.7694966129,0.3221811836
456,15200000000,0,1,-0.8363131407,0.5164739903,0.2425216676,0.5361708596,0.111793419,0.7681935468,0.3315142764
457,15233333333,0,0,-0.8419584786,0.5215770373,0.2409342771,0.5340916111,0.1097731842,0.766025537,0.3404421766
458,15266666667,0,0,-0.8511177544,0.5285823268,0.2397966169,0.5323456256,0.1110719865,0.7641479647,0.3469135869
459,15300000000,0,0,-0.8621863513,0.537251806,0.2392250554,0.5304759698,0.1109327193,0.7630439359,0.3522117674
460,15333333333,0,0,-0.8697587152,0.5437292835,0.2391727781,0.527045522,0.1081981981,0.7642378921,0.3556073847
461,15366666667,0,0,-0.8832248143,0.5507497728,0.2388614891,0.5235169755,0.1065104485,0.7660250653,0.3574788108
462,15400000000,0,1,-0.892704378,0.5588865393,0.2408034808,0.5184593262,0.1026387658,0.7682515346,0.3611852577
463,15433333333,0,0,-0.9010061648,0.5614083509,0.2402018089,0.5119680421,0.10100984,0.7712692112,0.3644578713
464,15466666667,0,0,-0.9162771163,0.5681912049,0.2422036314,0.5061419944,0.1005112516,0.7742773447,0.3663500557
465,15500000000,0,0,-0.9292284024,0.5737663313,0.2420311948,0.5011895468,0.09729996879,0.7764059323,0.3695072159
466,15533333333,0,0,-0.9394591046,0.5776007195,0.2427852201,0.4948077935,0.09405611203,0.7802332057,0.3708838632
467,15566666667,0,0,-0.9525889397,0.5826095845,0.2428184312,0.4864212147,0.09170273221,0.7845377404,0.3734776361
468,15600000000,0,1,-0.9641686753,0.586431821,0.2437685561,0.4768417353,0.08956239384,0.7894803141,0.3759273476
469,15633333333,0,0,-0.976474591,0.5867527693,0.2450932772,0.4674983829,0.08902358748,0.7937818707,0.3787220676
470,15666666667,0,0,-0.9896645172,0.5879002586,0.2462319313,0.4586197467,0.08875071929,0.797245125,0.3823499031
471,15700000000,0,0,-0.999840625,0.5896415171,0.2458420074,0.4498375574,0.08834126494,0.8004616398,0.3861387781
472,15733333333,0,0,-1.008718037,0.5907691005,0.2459671567,0.4396032105,0.08975541485,0.8047765974,0.3886227106
473,15766666667,0,0,-1.021160737,0.5896580535,0.2485478529,0.4281416406,0.09191620303,0.8093413484,0.3914239761
474,15800000000,0,1,-1.033284085,0.5877127102,0.2478376783,0.41699055,0.09525941108,0.8124647279,0.3961635922
475,15833333333,0,0,-1.043657103,0.585186205,0.2513471632,0.4055460949,0.09840951101,0.8156616978,0.4006793327
476,15866666667,0,0,-1.053251649,0.5820120736,0.2538411689,0.3938806834,0.1018819027,0.8178196101,0.4070002093
477,15900000000,0,0,-1.060793198,0.5803506359,0.2565866245,0.3819473834,0.1054414278,0.819872902,0.4132877039
478,15933333333,0,0,-1.066597168,0.582784865,0.2592438736,0.369976279,0.1066936448,0.8234145344,0.4168003403
479,15966666667,0,0,-1.071981893,0.5807020782,0.2650596707,0.3550205044,0.1037758302,0.8284098414,0.4206282839
480,16000000000,0,1,-1.076505175,0.5801391291,0.2679133111,0.3377343005,0.1035582008,0.8319966358,0.4277766232
481,16033333333,0,0,-1.080225291,0.5801527198,0.2708255589,0.3200624261,0.1045161918,0.8349507707,0.4353086487
482,16066666667,0,0,-1.080123248,0.575381792,0.2751224951,0.2984748472,0.1047985399,0.8382658707,0.4441175088
483,16100000000,0,0,-1.08759533,0.5800621865,0.2772064508,0.2779759382,0.1072387267,0.8406286995,0.4522970516
484,16133333333,0,0,-1.08075329,0.5755821447,0.2762321982,0.2504195001,0.1078205332,0.8424473713,0.4647012299
485,16166666667,0,1,-1.091304629,0.5784829486,0.2738282685,0.2279044638,0.1081134646,0.8441640471,0.4730307557
486,16200000000,0,0,-1.096081,0.5749832568,0.2739660057,0.2041083622,0.1048955422,0.8448866306,0.4832217743
487,16233333333,0,0,-1.094733037,0.5709518206,0.2760119163,0.1803298293,0.1008033596,0.8442629136,0.494509826
488,16266666667,0,0,-1.094585811,0.5741026658,0.2766827025,0.1573516223,0.09963513171,0.843326207,0.5040974271
489,16300000000,0,0,-1.096764516,0.575625991,0.2782395872,0.1347433629,0.09997680268,0.8414530142,0.5136201806
490,16333333333,0,1,-1.123032055,0.5836948694,0.2882512184,0.1219404388,0.1046579608,0.8390469719,0.5197859363
491,16366666667,0,0,-1.127264964,0.5833564987,0.2913529371,0.104300131,0.1033100568,0.835407378,0.5296631265
492,16400000000,0,0,-1.131893497,0.5857617343,0.2910408305,0.08687603436,0.1024453309,0.8304785732,0.5406134
493,16433333333,0,0,-1.137488983,0.585564718,0.2940933361,0.0714692792,0.1012268413,0.8248995916,0.5515305363
494,16466666667,0,1,-1.178184495,0.594943511,0.2961196026,0.07318660203,0.1044242031,0.8161893078,0.5635373288
495,16500000000,0,0,-1.175644021,0.6020801025,0.3022279857,0.06387450537,0.104271125,0.8093511616,0.5744547652
496,16533333333,0,0,-1.175941927,0.605874117,0.3049429176,0.05467452676,0.1026090848,0.8025982719,0.5850795551
497,16566666667,0,0,-1.172447462,0.6119093109,0.3037276104,0.04298522937,0.1023354215,0.7960455172,0.5949716515
498,16600000000,0,0,-1.175551384,0.6122827186,0.3049192069,0.03122504856,0.1008053265,0.7897880179,0.6042335387
499,16633333333,0,0,-1.178510647,0.6168943196,0.3103249938,0.01847811561,0.1010222815,0.7835949349,0.6127250899
500,16666666667,0,1,-1.206383159,0.639105793,0.3308636068,0.0170809284,0.105427677,0.7823242337,0.6136465108
501,16700000000,0,0,-1.210076524,0.6416102375,0.334045945,0.01020934398,0.1037488657,0.7767153065,0.6211644507
502,16733333333,0,0,-1.212141493,0.6457925672,0.3359862819,0.005077534869,0.1009668111,0.7711213534,0.6286109926
503,16766666667,0,0,-1.215695567,0.6507617845,0.3377453874,0.001074559952,0.09921718537,0.767194988,0.633692864
504,16800000000,0,0,-1.221036478,0.6515650116,0.3422823886,0.0001454299789,0.09610247901,0.7636923769,0.6383872225
505,16833333333,0,0,-1.225187389,0.650354505,0.3496640353,0.00170821827,0.09104628633,0.7595073191,0.6440933846
506,16866666667,0,1,-1.258839922,0.6740638878,0.3727259556,0.01432969172,0.09324739614,0.7592745577,0.6438957439
507,16900000000,0,0,-1.265822857,0.6797561616,0.3771142034,0.02200241953,0.08807395933,0.7576903806,0.6462694162
508,16933333333,0,0,-1.267552658,0.6833886258,0.3748467412,0.02967041638,0.07908467568,0.7545325001,0.6508041079
509,16966666667,0,0,-1.272486049,0.6869883417,0.3777938419,0.03669515587,0.07155631865,0.7521352603,0.65408387
510,17000000000,0,0,-1.277182397,0.6930196504,0.3766476103,0.04339325885,0.0649664548,0.7495772575,0.6572901337
511,17033333333,0,0,-1.278211667,0.6982868169,0.3758618322,0.04671285323,0.05949623507,0.7481645972,0.6591872593
512,17066666667,0,1,-1.303296161,0.7073508113,0.3892909165,0.05320560075,0.06022089084,0.7489409721,0.6577461735
513,17100000000,0,0,-1.31121394,0.7142880831,0.3908963174,0.05403376886,0.05795242561,0.7466674163,0.6604616853
514,17133333333,0,0,-1.317250833,0.7215122647,0.3869615148,0.05405545921,0.05490058659,0.7452659651,0.6623009694
515,17166666667,0,0,-1.326700556,0.7243160134,0.3906807252,0.0536106768,0.05300375284,0.7461083529,0.6615427599
516,17200000000,0,0,-1.33984153,0.7267703195,0.3934429985,0.05432651652,0.0527618136,0.7449970267,0.6627550459
517,17233333333,0,0,-1.348421625,0.7324689412,0.3924808914,0.05306958361,0.05178115189,0.7437570445,0.6643250638
518,17266666667,0,1,-1.368180004,0.7390113745,0.4005229099,0.05386063623,0.05314232761,0.7444205374,0.6634101208
519,17300000000,0,0,-1.381976871,0.7430604586,0.4043286314,0.05225882677,0.05234936792,0.7423162913,0.6659542644
520,17333333333,0,0,-1.393440166,0.7479672166,0.4019939031,0.05025532687,0.05152205624,0.7399597835,0.6687895024
521,17366666667,0,0,-1.409071295,0.7521143139,0.4040327421,0.04887582282,0.05072218248,0.7388532377,0.6701748333
522,17400000000,0,0,-1.419218373,0.7556611918,0.4020726332,0.04522216407,0.04677442809,0.737743635,0.671938567
523,17433333333,0,0,-1.429253193,0.7577343588,0.402231352,0.03939089172,0.04213745613,0.7378487352,0.6724968672
524,17466666667,0,1,-1.440375462,0.7584564479,0.4078554866,0.03136675768,0.03948483662,0.7381270906,0.6727744587
525,17500000000,0,0,-1.444420722,0.76092339,0.4064428152,0.02085963808,0.0370351414,0.7366266503,0.6749625559
526,17533333333,0,0,-1.454338675,0.7611192052,0.4057819301,0.01193249948,0.03683475096,0.7361025544,0.6757616784
527,17566666667,0,0,-1.46286911,0.7608940826,0.4073497253,0.001743121064,0.03706310585,0.7357931544,0.6761891168
528,17600000000,0,0,-1.467608502,0.7632489214,0.4063084927,-0.01079239988,0.03834276326,0.7353352787,0.6765318799
529,17633333333,0,0,-1.478684856,0.7629224094,0.4056904234,-0.02367755897,0.04128262639,0.7355546237,0.6757917679
530,17666666667,0,1,-1.49033644,0.7599026613,0.3988589802,-0.04047221608,0.04526417906,0.7347898305,0.6755716533
531,17700000000,0,0,-1.50115521,0.7586216341,0.3999784737,-0.06026214347,0.05001228003,0.7353568692,0.6731400455
532,17733333333,0,0,-1.506185028,0.7598732051,0.3963613508,-0.08169569913,0.05441929592,0.7357376071,0.6701153083
533,17766666667,0,0,-1.511972569,0.7593435782,0.3978430873,-0.1005134259,0.05945718364,0.7385337575,0.6640254389
534,17800000000,0,0,-1.526473596,0.7561426657,0.4017980572,-0.1161700498,0.06415726122,0.7414675844,0.6577341307
535,17833333333,0,1,-1.537463165,0.7537260474,0.3951023543,-0.1343438541,0.06647706421,0.7431420879,0.6521291023
536,17866666667,0,0,-1.547414626,0.7512363921,0.3932774478,-0.1513498686,0.06613113014,0.7476019197,0.6432816339
537,17900000000,0,0,-1.553721965,0.7446547732,0.3906134907,-0.1667238508,0.06276657685,0.7527001668,0.6338027874
538,17933333333,0,0,-1.559798169,0.737924275,0.3876008583,-0.1796943347,0.05881832251,0.757612201,0.6247192201
539,17966666667,0,0,-1.56392647,0.7311612273,0.385280101,-0.1933265941,0.05563613289,0.762262084,0.6152121293
540,18000000000,0,0,-1.567243055,0.7220632697,0.3797746404,-0.2073491741,0.05328175943,0.7662034216,0.6058875233
541,18033333333,0,1,-1.581686113,0.71910872,0.3771507111,-0.2182846424,0.05334193402,0.7714214515,0.5953279744
542,18066666667,0,0,-1.583689272,0.7114873776,0.3753326739,-0.2306435385,0.05028310019,0.7769246224,0.5836636867
543,18100000000,0,0,-1.588899344,0.7063178763,0.3727224191,-0.2424675581,0.0479251764,0.7822908666,0.5717811301
544,18133333333,0,0,-1.591915673,0.6983623149,0.3695165195,-0.2542177251,0.04448408143,0.7875156721,0.5596548767
545,18166666667,0,0,-1.596378829,0.6876137852,0.3588599324,-0.2654694397,0.04108800483,0.7923899178,0.5476823629
546,18200000000,0,1,-1.594462138,0.679287371,0.3579893985,-0.2764926602,0.03247148093,0.7998499174,0.531730685
547,18233333333,0,0,-1.594105361,0.669404125,0.355566143,-0.2888199754,0.02455153531,0.8046358343,0.5182098204
548,18266666667,0,0,-1.593860311,0.6593247141,0.3509487126,-0.3015365174,0.01732492639,0.8090732092,0.504158822
549,18300000000,0,0,-1.594602352,0.6484888439,0.3508751753,-0.3133863624,0.007489737035,0.8147310728,0.4877972639
550,18333333333,0,1,-1.600572434,0.6349050215,0.3417407098,-0.3264003606,0.0005390502322,0.8167455833,0.4758037055
551,18366666667,0,0,-1.600525957,0.6251672165,0.3384075885,-0.339790931,-0.006412422245,0.8203035976,0.4600032736
552,18400000000,0,0,-1.598940119,0.6122159292,0.3362391897,-0.3516976989,-0.0134923456,0.8234119451,0.4451061153
553,18433333333,0,0,-1.595942403,0.6065050501,0.3306530406,-0.3652397478,-0.01945487927,0.8249877008,0.4308325984
554,18466666667,0,1,-1.60365841,0.5907441937,0.3172424235,-0.3792003681,-0.01990855763,0.8261497446,0.4162779476
555,18500000000,0,0,-1.602494639,0.5803707978,0.3136828546,-0.3910649203,-0.02438463207,0.8291453573,0.3987375005
556,18533333333,0,0,-1.603380062,0.5642015014,0.3109885755,-0.4015602193,-0.02912360153,0.8307165622,0.384462221
557,18566666667,0,0,-1.59772692,0.5594723591,0.307595311,-0.41338616,-0.03325010715,0.8318133248,0.3689077198
558,18600000000,0,0,-1.589696978,0.5548298745,0.3074907415,-0.4231043127,-0.03559815665,0.8339649111,0.3524457957
559,18633333333,0,1,-1.579024539,0.5400671053,0.3013531244,-0.4309763647,-0.03458135931,0.8352513307,0.3397333032
560,18666666667,0,0,-1.574555638,0.5334789276,0.3008554253,-0.435954954,-0.03665914416,0.8380389874,0.3260215343
561,18700000000,0,0,-1.568275684,0.5243075066,0.3016049513,-0.4406817262,-0.03996086493,0.8400368783,0.3139120714
562,18733333333,0,0,-1.565178833,0.5175878858,0.3014176654,-0.4451420316,-0.04167404279,0.842017776,0.3018574345
563,18766666667,0,0,-1.560177624,0.5125547547,0.3044265246,-0.4487924832,-0.045294561,0.8442155064,0.2895408235
564,18800000000,0,0,-1.550579825,0.504912154,0.3065481401,-0.4524166393,-0.04902779193,0.8458791887,0.2782154888
565,18833333333,0,1,-1.543103247,0.4836623126,0.2889302925,-0.456348358,-0.05296082072,0.8457369998,0.2714226495
566,18866666667,0,0,-1.535868361,0.475690114,0.2903158604,-0.4584856304,-0.05942257042,0.8475358457,0.2606585411
567,18900000000,0,0,-1.529775496,0.4692823732,0.2902738578,-0.4598811479,-0.06647738711,0.84931055,0.2505228061
568,18933333333,0,0,-1.523053539,0.4619757916,0.2923430198,-0.4604340879,-0.07253414701,0.8515397602,0.2400401737
569,18966666667,0,0,-1.518565263,0.4513266303,0.2925471238,-0.4590672323,-0.07627733641,0.8541530666,0.2320809837
570,19000000000,0,0,-1.511816936,0.4497707624,0.2935094085,-0.455483244,-0.07940459754,0.8577863306,0.2245718934
571,19033333333,0,1,-1.503373453,0.4366065784,0.2851299204,-0.4529495874,-0.08153508759,0.8608070992,0.2172552388
572,19066666667,0,0,-1.495656389,0.4303490047,0.2854484666,-0.4494594834,-0.0837969771,0.8642719208,0.2097576849
573,19100000000,0,0,-1.490383996,0.424461515,0.2851168442,-0.4451403882,-0.08633827888,0.867726032,0.2035860254
574,19133333333,0,0,-1.484836222,0.4183631961,0.2851011535,-0.4413189994,-0.08831621586,0.8708672748,0.1975549961
575,19166666667,0,0,-1.479883051,0.4118872844,0.284378602,-0.4392619563,-0.0909382086,0.8726784939,0.1929026238
576,19200000000,0,0,-1.476505495,0.4079500141,0.284279442,-0.4395474975,-0.09416812987,0.8729482535,0.189451069
577,19233333333,0,1,-1.470539921,0.3872446006,0.2667626598,-0.4440398473,-0.09480572973,0.8701488414,0.1915241016
578,19266666667,0,0,-1.467478737,0.3811969708,0.2656797939,-0.4483888672,-0.09364149426,0.8683339544,0.19019684
579,19300000000,0,0,-1.465265945,0.3759692366,0.267025167,-0.4526656373,-0.09114227192,0.8663604984,0.190279778
580,19333333333,0,0,-1.464145353,0.3696662656,0.2676593495,-0.4561420908,-0.08997426567,0.8639828109,0.1933202707
581,19366666667,0,0,-1.462010628,0.3677507145,0.2675772369,-0.4609855752,-0.09109819809,0.8603142274,0.1976179341
582,19400000000,0,0,-1.459541789,0.3660902802,0.263322938,-0.4693992875,-0.09246404873,0.8549477937,0.2004469472
583,19433333333,0,1,-1.459076629,0.3534830328,0.2519867949,-0.4797234321,-0.09282625366,0.847609171,0.206899513
584,19466666667,0,0,-1.458112706,0.3514486151,0.2540950125,-0.4889902847,-0.09519030087,0.8405943339,0.2126698705
585,19500000000,0,0,-1.454623439,0.3531941631,0.251989025,0.5006803222,0.09710324903,-0.8324932641,-0.2164373797
586,19533333333,0,0,-1.453971681,0.3453504429,0.2523588707,0.5116216011,0.09603068546,-0.8242430982,-0.2228110407
587,19566666667,0,0,-1.452830696,0.3457608665,0.2560834248,0.5218252876,0.09726884528,-0.8156939485,-0.2299576555
588,19600000000,0,0,-1.449694874,0.3483823592,0.2564877682,0.5338664148,0.09823923362,-0.8062249377,-0.2352382918
589,19633333333,0,1,-1.448064644,0.3409953168,0.2408072664,0.5480956837,0.09510732392,-0.794646246,-0.2430700766
590,19666666667,0,0,-1.444980882,0.3382530105,0.2425450518,0.5581148013,0.09386415305,-0.7853245557,-0.2509237565
591,19700000000,0,0,-1.440306733,0.3366806365,0.2514155943,0.5664111713,0.09044651431,-0.7771049343,-0.259047745
592,19733333333,0,0,-1.435924946,0.3381053271,0.2556129555,0.5750076142,0.08359950461,-0.7685841834,-0.2676858599
593,19766666667,0,0,-1.437493997,0.3419483806,0.2621574519,0.5816651236,0.0778156536,-0.7610255108,-0.2764969801
594,19800000000,0,0,-1.435957379,0.3499052784,0.2675643198,0.5880274801,0.07620425107,-0.7535111995,-0.2839673696
595,19833333333,0,1,-1.429107035,0.3445942014,0.2726441428,0.5946173121,0.07053991458,-0.7449866643,-0.2940225207
596,19866666667,0,0,-1.428660558,0.3463150568,0.2724482915,0.5999118059,0.06456397677,-0.7362441775,-0.3064014182
597,19900000000,0,0,-1.429330164,0.3481815222,0.271318733,0.6030757798,0.05697809631,-0.7289595184,-0.3188590924
598,19933333333,0,0,-1.434422997,0.3552180835,0.2749674703,0.6037609578,0.04783121955,-0.724284389,-0.3295405956
599,19966666667,0,0,-1.428498479,0.3545753507,0.2770700934,0.6037615489,0.03859010877,-0.719437856,-0.3411626693
600,20000000000,0,0,-1.429895357,0.3509849,0.2759049482,0.6032263686,0.03031819704,-0.7139022446,-0.3543195454
601,20033333333,0,1,-1.436228653,0.3520826631,0.2716398053,0.6038193589,0.02103397904,-0.7084311623,-0.3648082261
602,20066666667,0,0,-1.433909216,0.3529341791,0.2728195519,0.6052469451,0.01504092058,-0.7032906431,-0.3726019021
603,20100000000,0,0,-1.434258245,0.3516337246,0.2722348243,0.6069478128,0.01028574764,-0.6966496251,-0.3823452051
604,20133333333,0,0,-1.434900829,0.3508778289,0.2721566851,0.6090437351,0.004367375728,-0.6897877056,-0.3914582684
605,20166666667,0,0,-1.433424997,0.3510788983,0.2717927947,0.6114354608,-0.001844029472,-0.6828672572,-0.3997944295
606,20200000000,0,0,-1.433496887,0.350920983,0.2717107338,0.6141303551,-0.008906670986,-0.675464192,-0.4080596812
607,20233333333,0,1,-1.43068375,0.3488728865,0.2701722468,0.6169556096,-0.01623817416,-0.6663439294,-0.4184350191
608,20266666667,0,0,-1.430872896,0.3489264995,0.2702091503,0.6192828337,-0.02357449345,-0.6574593547,-0.4285792949
609,20300000000,0,0,-1.430207237,0.3485986858,0.2700993012,0.6222763205,-0.03117042064,-0.6478796613,-0.4382379836
610,20333333333,0,0,-1.432092867,0.3495676503,0.2712499798,0.6260831786,-0.04045261386,-0.6379201976,-0.4465884695
611,20366666667,0,0,-1.431816346,0.3492745992,0.2715454369,0.6304201367,-0.04829709269,-0.6276835641,-0.4541488582
612,20400000000,0,0,-1.432373469,0.3492653844,0.2723614063,0.63662519,-0.05613311546,-0.6155635837,-0.461127873
613,20433333333,0,1,-1.437236321,0.3546625718,0.2860317696,0.6423851186,-0.06112120642,-0.6042690967,-0.4674017719
614,20466666667,0,0,-1.43790502,0.3549501472,0.2865363474,0.6503787981,-0.06698352971,-0.588263292,-0.4758854116
615,20500000000,0,0,-1.438412945,0.3551283433,0.2866145275,0.6596021009,-0.07226824591,-0.5719315474,-0.4822827741
616,20533333333,0,0,-1.439003207,0.3554318316,0.2869529397,0.6689615176,-0.07641072394,-0.5556449926,-0.4877607318
617,20566666667,0,1,-1.444187229,0.3585808905,0.295361411,0.6775478824,-0.07809208836,-0.5420551154,-0.4909243777
618,20600000000,0,0,-1.445297875,0.3594109266,0.2953177038,0.6886493725,-0.08086415878,-0.5258126947,-0.4926906125
619,20633333333,0,0,-1.445259331,0.3596375725,0.2948195669,0.6994918254,-0.08584745293,-0.5109744143,-0.4921854823
620,20666666667,0,0,-1.446550756,0.3606644107,0.2953277397,0.7086523124,-0.08933470855,-0.4982158057,-0.4915406605
621,20700000000,0,0,-1.448079008,0.3621556814,0.2956962561,0.7178203621,-0.09229352134,-0.4871914756,-0.4887333626
622,20733333333,0,0,-1.448591709,0.3628864221,0.2968373344,0.7263772,-0.09637743832,-0.4775579722,-0.4847947359
623,20766666667,0,1,-1.452072796,0.3735780014,0.3020704373,0.7353783923,-0.09709039386,-0.4694383115,-0.478977815
624,20800000000,0,0,-1.453893215,0.3752600653,0.302762066,0.7438108631,-0.1003356316,-0.4618411225,-0.4726319271
625,20833333333,0,0,-1.455058136,0.376536179,0.3029643769,0.7504619638,-0.1021352803,-0.4556493917,-0.4677166421
626,20866666667,0,0,-1.456581325,0.3782194763,0.3033561566,0.7551863111,-0.1033672456,-0.4502508867,-0.4650623475
627,20900000000,0,0,-1.458140302,0.3796295191,0.3040151231,0.75857375,-0.1025786185,-0.4464319143,-0.4634026744
628,20933333333,0,0,-1.459521043,0.3814181311,0.3048445892,0.7625939019,-0.1019608351,-0.4415000309,-0.4616624866
629,20966666667,0,1,-1.465458886,0.3905614513,0.2971831864,0.7689325505,-0.09973101687,-0.4311481169,-0.461419287
630,21000000000,0,0,-1.466894709,0.392816577,0.2980569081,0.7703897793,-0.1016681176,-0.4274406216,-0.4620148231
631,21033333333,0,0,-1.469041408,0.3953199135,0.2990298229,0.7725057684,-0.1067108163,-0.4242556634,-0.4602768424
632,21066666667,0,0,-1.470212746,0.397765394,0.2995675131,0.7757146503,-0.1127916153,-0.4207164104,-0.4566645758
633,21100000000,0,0,-1.472101873,0.4004139558,0.3002751599,0.7798096388,-0.1229681579,-0.4152954749,-0.4520015795
634,21133333333,0,0,-1.474818231,0.4036408119,0.3015295479,0.7827722507,-0.1298379054,-0.4119704654,-0.4479844388
635,21166666667,0,1,-1.477554973,0.4105368985,0.297412965,0.7876593415,-0.1306642243,-0.4072398043,-0.4434809625
636,21200000000,0,0,-1.479248845,0.4138596744,0.2978335659,0.7900794775,-0.1344841455,-0.4062157799,-0.4389500815
637,21233333333,0,0,-1.480732979,0.4170346828,0.2984675985,0.7930931576,-0.1359013883,-0.4052566865,-0.4339367167
638,21266666667,0,0,-1.483114684,0.419353865,0.299331591,0.7969005958,-0.138901119,-0.403704712,-0.427408967
639,21300000000,0,0,-1.484839467,0.4216696118,0.2993503251,0.7994174793,-0.1403786017,-0.4029783792,-0.4228876539
640,21333333333,0,0,-1.486818618,0.4231728461,0.299461305,0.8019005294,-0.1450550891,-0.4005972937,-0.4188512509
641,21366666667,0,1,-1.492117059,0.4259412137,0.2969737638,0.8034950347,-0.1519069992,-0.399873899,-0.4140300203
642,21400000000,0,0,-1.494107771,0.42796226,0.2963675717,0.8004443277,-0.156758501,-0.4053330199,-0.4128205343
643,21433333333,0,0,-1.497241786,0.4301300051,0.2969724751,0.7954652755,-0.1610984648,-0.4119880583,-0.4141836789
644,21466666667,0,0,-1.500245448,0.4316398153,0.2972740027,0.7892929837,-0.1643358876,-0.4204213773,-0.4162405163
645,21500000000,0,0,-1.503912628,0.4342943104,0.2978267344,0.7829207904,-0.1660857373,-0.428982777,-0.4188368905
646,21533333333,0,0,-1.507418451,0.4366356312,0.2984672433,0.7772824183,-0.1648668135,-0.4374025404,-0.4211056798
647,21566666667,0,1,-1.511635664,0.4388432947,0.2983912077,0.7737740639,-0.1640911841,-0.4426853866,-0.4223475226
648,21600000000,0,0,-1.515296895,0.4401861907,0.2984670203,0.7692583565,-0.1626908458,-0.4506341538,-0.4227317461
649,21633333333,0,0,-1.519389167,0.4413467123,0.2972342469,0.7644606877,-0.1612673164,-0.4588111559,-0.4231843958
650,21666666667,0,0,-1.522395017,0.441940123,0.2962404252,0.7593642428,-0.1621978782,-0.4673372129,-0.4226744901
651,21700000000,0,0,-1.526536832,0.4435030748,0.2959089612,0.7535393403,-0.1635822966,-0.4759432453,-0.422962554
652,21733333333,0,0,-1.529852433,0.4443519514,0.2955803067,0.7465885303,-0.1639736456,-0.4851662932,-0.4246550104
653,21766666667,0,1,-1.535524603,0.4454311835,0.2941555513,0.7404583825,-0.1651670033,-0.4925457446,-0.426426939
654,21800000000,0,0,-1.539426711,0.446206276,0.2931834307,0.7331767437,-0.16399665,-0.5023716592,-0.4279949501
655,21833333333,0,0,-1.543049776,0.4468356255,0.2915789457,0.7240700795,-0.1624571256,-0.5132849238,-0.4311250276
656,21866666667,0,0,-1.546802358,0.4472562849,0.2911692392,0.7129064731,-0.1603207796,-0.5260540904,-0.4351191816
657,21900000000,0,0,-1.55036159,0.4476160913,0.2891974034,0.7034595236,-0.1581396194,-0.5370811579,-0.4378131899
658,21933333333,0,0,-1.553483979,0.4482576707,0.28916149,0.692708061,-0.1548664239,-0.549482664,-0.4407275065
659,21966666667,0,1,-1.558179603,0.4492319687,0.2882550009,0.6836549686,-0.1512488437,-0.5602630157,-0.4425438106
660,22000000000,0,0,-1.562124574,0.4494515967,0.2862627739,0.6753879162,-0.1481746895,-0.5709764727,-0.4425847847
661,22033333333,0,0,-1.565123506,0.4496297592,0.2857229921,0.6659777254,-0.1437414524,-0.5841376924,-0.4411294826
662,22066666667,0,0,-1.568589111,0.4502878042,0.2850196255,0.6573719776,-0.1383833045,-0.595038736,-0.4411814216
663,22100000000,0,0,-1.571338464,0.4516197813,0.2839844962,0.6506979253,-0.1309085061,-0.6052127297,-0.4395141919
664,22133333333,0,0,-1.57464712,0.4516292927,0.2830312265,0.644441445,-0.1222059848,-0.6161047356,-0.4360915913
665,22166666667,0,1,-1.577863846,0.4529891783,0.2788666437,0.6394916525,-0.1172438359,-0.6226112979,-0.4354991171
666,22200000000,0,0,-1.581490923,0.4547365212,0.2777347985,0.6328353931,-0.112141254,-0.62898072,-0.4374093713
667,22233333333,0,0,-1.584615956,0.4558507014,0.2771884065,0.6292234474,-0.1040037272,-0.6342260549,-0.4370565058
668,22266666667,0,0,-1.587425206,0.4557219123,0.276517642,0.6284974641,-0.09690863041,-0.6372853466,-0.4352781203
669,22300000000,0,0,-1.589379813,0.456915516,0.2758875462,0.6297920358,-0.09228992586,-0.6370033888,-0.4348232329
670,22333333333,0,1,-1.592739683,0.4574439044,0.2760673962,0.632362318,-0.08835016616,-0.6357394352,-0.4337597463
671,22366666667,0,0,-1.594917482,0.4576768429,0.2760639149,0.6401457525,-0.08077711458,-0.6323532291,-0.4287398594
672,22400000000,0,0,-1.596771756,0.458389472,0.2761985955,0.6501067935,-0.07545475914,-0.6259318078,-0.4241192148
673,22433333333,0,0,-1.598329858,0.4589046838,0.2763970979,0.6596218948,-0.07090440434,-0.6194224443,-0.419746777
674,22466666667,0,0,-1.599093206,0.4593561083,0.2766855139,0.667117534,-0.06667325359,-0.6145697352,-0.4157077262
675,22500000000,0,0,-1.601098082,0.4604195345,0.2766354228,0.673082575,-0.06160758895,-0.610502458,-0.4128572404
676,22533333333,0,1,-1.600370654,0.4589460589,0.2776458708,0.6789263845,-0.05920691297,-0.6068658409,-0.4089833213
677,22566666667,0,0,-1.600745971,0.4590178786,0.2777400032,0.6852206436,-0.05919261622,-0.6016151106,-0.4062365844
678,22600000000,0,0,-1.601412687,0.4595052156,0.2782750584,0.6912390202,-0.05831708081,-0.5967102297,-0.4033914189
679,22633333333,0,0,-1.601279074,0.4588370924,0.2786557504,0.6973389924,-0.05851247364,-0.5919456569,-0.3998686776
680,22666666667,0,0,-1.601362725,0.4587174773,0.2793266955,0.7030595399,-0.0611020003,-0.5860667017,-0.3981201453
681,22700000000,0,0,-1.601644888,0.4592525829,0.2797293705,0.7096706911,-0.06181803651,-0.5800854652,-0.3950277124
682,22733333333,0,0,-1.601702097,0.4590843968,0.2802314074,0.7160822326,-0.06105331552,-0.574291017,-0.3920313209
683,22766666667,0,1,-1.601073284,0.4592565651,0.2829368205,0.7228960448,-0.06046434238,-0.5682346855,-0.3884259439
684,22800000000,0,0,-1.600918955,0.4592821913,0.283126734,0.7317040779,-0.05962415121,-0.5597885666,-0.3843056905
685,22833333333,0,0,-1.600963792,0.4590643189,0.2839055716,0.7411986046,-0.05844374457,-0.5508683813,-0.3791477069
686,22866666667,0,0,-1.600274423,0.4591869837,0.2837275575,0.7522396918,-0.05601748494,-0.5392797466,-0.3743993088
687,22900000000,0,0,-1.599094311,0.4587571485,0.2837359299,0.7644323041,-0.0547987862,-0.5262535135,-0.3683715311
688,22933333333,0,0,-1.597958765,0.4582337122,0.284421492,0.7765935439,-0.05464232125,-0.5131003387,-0.3614480969
689,22966666667,0,1,-1.593079275,0.457406277,0.2910285441,0.7866597243,-0.0561588852,-0.5043730317,-0.3515970742
690,23000000000,0,0,-1.591689723,0.457254082,0.2917643268,0.7971749087,-0.05608419553,-0.4919681645,-0.3454476127
691,23033333333,0,0,-1.590124839,0.4566691193,0.2913030632,0.8068389933,-0.05457890924,-0.4791977196,-0.3411766802
692,23066666667,0,0,-1.587278341,0.4557472153,0.2895587501,0.8161295398,-0.05433675844,-0.4654739558,-0.3381036638
693,23100000000,0,0,-1.585989027,0.4555407459,0.2891502653,0.8238936168,-0.05529931184,-0.4528033598,-0.3363189136
694,23133333333,0,0,-1.583383291,0.4546099159,0.2885416109,0.8304194697,-0.05700864761,-0.4416715023,-0.3347832172
695,23166666667,0,1,-1.579493376,0.453493739,0.2901481302,0.8356391101,-0.0577522208,-0.4323755335,-0.3338013731
696,23200000000,0,0,-1.576383225,0.4525124926,0.289836756,0.8406513911,-0.06045213555,-0.422897009,-0.3328797046
697,23233333333,0,0,-1.573164945,0.4518480248,0.289395481,0.8439741901,-0.06265793245,-0.4153827908,-0.3335246422
698,23266666667,0,0,-1.569942469,0.4510633138,0.2896039778,0.846978569,-0.06477201528,-0.4078508492,-0.3347978113
699,23300000000,0,0,-1.567031406,0.4505742634,0.2897784023,0.8500518583,-0.06572694487,-0.3998563327,-0.3364620634
700,23333333333,0,0,-1.562871606,0.4503676873,0.2909900038,0.85362683,-0.06668147333,-0.3916996559,-0.3368177487
701,23366666667,0,1,-1.556591957,0.4512505203,0.2979587181,0.8562912417,-0.06635208653,-0.3868251517,-0.3357514141
702,23400000000,0,0,-1.553137603,0.4496728804,0.2971615102,0.8602229303,-0.06706975698,-0.377345187,-0.3363462021
703,23433333333,0,0,-1.548949438,0.4483844374,0.2963563413,0.863816489,-0.06796049262,-0.3678484558,-0.3374758633
704,23466666667,0,0,-1.545091887,0.4470369884,0.2978430998,0.8675715386,-0.06967194703,-0.3596122191,-0.3363695842
705,23500000000,0,0,-1.541427699,0.4447716411,0.2977640319,0.8707160872,-0.07164644016,-0.3528822445,-0.3349543321
706,23533333333,0,0,-1.536343063,0.4418219233,0.2962782727,0.8726169539,-0.07491027042,-0.3471599316,-0.3352731499
707,23566666667,0,1,-1.531014483,0.4403387811,0.3016389019,0.8717790802,-0.07775417288,-0.3467534105,-0.3372203972
708,23600000000,0,0,-1.527104982,0.437454953,0.3016452072,0.8713525612,-0.0800131563,-0.3451286099,-0.3394537548
709,23633333333,0,0,-1.522851583,0.434324075,0.3016435023,0.8698562659,-0.08228309141,-0.3449023044,-0.3429605954
710,23666666667,0,0,-1.519380164,0.4319581144,0.3034908165,0.8670740445,-0.08157138225,-0.3469307502,-0.3480916051
711,23700000000,0,0,-1.51508058,0.4291569025,0.3039932626,0.8633463985,-0.07661467536,-0.3499120459,-0.3554219293
712,23733333333,0,0,-1.509539369,0.426051869,0.3053133855,0.8596667078,-0.07161459866,-0.3507045682,-0.3644870458
713,23766666667,0,1,-1.505565165,0.4229675132,0.3125217804,0.8563536276,-0.06721893157,-0.35346488,-0.370408772
714,23800000000,0,0,-1.501314446,0.4190667886,0.3137969739,0.855443,-0.06293669311,-0.353608562,-0.3731182539
715,23833333333,0,0,-1.496658753,0.413993145,0.3137750491,0.854749312,-0.06168547026,-0.3529611001,-0.3755222739
716,23866666667,0,0,-1.493980995,0.4095866814,0.3160469137,0.8524946236,-0.06252108946,-0.3547424216,-0.3788163728
717,23900000000,0,0,-1.49016745,0.4060271791,0.3185390435,0.849114307,-0.05766707339,-0.3591501636,-0.3830020396
718,23933333333,0,0,-1.485163374,0.4011167262,0.3190125792,0.8465296744,-0.05396297648,-0.3609578197,-0.3875370434
719,23966666667,0,1,-1.482944304,0.3966696368,0.3242912433,0.8419562486,-0.05230394465,-0.3663693715,-0.3926161693
720,24000000000,0,0,-1.478551501,0.3920050191,0.3259837312,0.8374009334,-0.04808353,-0.3711932181,-0.3983255524
721,24033333333,0,0,-1.474237391,0.3875991383,0.3287789769,0.8332927855,-0.04459212044,-0.3753260743,-0.4034414634
722,24066666667,0,0,-1.471233606,0.3830953487,0.3317142187,0.8292801632,-0.04164635105,-0.3799291053,-0.4076933496
723,24100000000,0,0,-1.466526061,0.377985243,0.33348591,0.8242577968,-0.03625722861,-0.3853590813,-0.413258849
724,24133333333,0,0,-1.463687119,0.3729236964,0.3371240843,0.818587843,-0.03310222074,-0.3918946825,-0.4186128809
725,24166666667,0,1,-1.460792371,0.3679437105,0.3407285943,0.812865629,-0.02732436864,-0.3996149552,-0.4228601845
726,24200000000,0,0,-1.457687076,0.3624552605,0.3440231716,0.8069637578,-0.01906965731,-0.4068124752,-0.4277259073
727,24233333333,0,0,-1.453705485,0.3563839378,0.3464982723,0.8011524229,-0.00984157117,-0.4141789482,-0.4318723626
728,24266666667,0,0,-1.45117157,0.3510358524,0.3493346919,0.7972917198,-0.003474993816,-0.4203457937,-0.4331549974
729,24300000000,0,0,-1.447770668,0.3449808362,0.3517771866,0.7934507254,0.001904404802,-0.4282837515,-0.4324411494
730,24333333333,0,0,-1.443445224,0.3384824157,0.3539723919,0.7906351334,0.005260467832,-0.4338150007,-0.4320566611
731,24366666667,0,1,-1.442598629,0.3337053239,0.3565562393,0.7897637543,0.00730383233,-0.4348556667,-0.4325741736
732,24400000000,0,0,-1.441550524,0.328289429,0.3592003318,0.7881652519,0.009842480949,-0.4382472068,-0.4320162578
733,24433333333,0,0,-1.439127264,0.3241955832,0.3621151748,0.7875045002,0.011378864,-0.442431513,-0.4289073792
734,24466666667,0,0,-1.437426665,0.3196039125,0.3649519863,0.7868693384,0.009170917938,-0.4466209058,-0.4257725978
735,24500000000,0,0,-1.436434176,0.3139606501,0.3678783795,0.7859157102,0.005862399,-0.4507608461,-0.4232219139
736,24533333333,0,0,-1.434382473,0.3075012121,0.3706173629,0.7858823319,0.004104818922,-0.452506326,-0.4214381755
737,24566666667,0,1,-1.433961321,0.3035792047,0.3735029952,0.7888603165,0.004547071817,-0.4509589489,-0.4175101814
738,24600000000,0,0,-1.432234665,0.2981836849,0.3763227686,0.7929020467,0.003316896345,-0.4488166518,-0.4121394856
739,24633333333,0,0,-1.431889415,0.2932295681,0.37904908,0.7988635231,0.0009429420667,-0.4448446846,-0.4048819444
740,24666666667,0,0,-1.431861137,0.2887014517,0.3816017906,0.805203828,-0.001837739174,-0.4411453807,-0.3962753728
741,24700000000,0,0,-1.432431931,0.2829117733,0.3843946796,0.8102922334,-0.004560648,-0.4386572073,-0.3885685931
742,24733333333,0,0,-1.433601281,0.277114109,0.3874866378,0.8153060459,-0.003600050907,-0.4365673937,-0.3803577288
743,24766666667,0,1,-1.433625154,0.2735448577,0.3903261784,0.8206881828,0.0003163220447,-0.4353944207,-0.3700033851
744,24800000000,0,0,-1.433575193,0.2658785699,0.3928961003,0.8255717844,0.004307079284,-0.4342984033,-0.3602743048
745,24833333333,0,0,-1.433210309,0.2585570757,0.3951036777,0.8317280353,0.01243580331,-0.4307757375,-0.3500086999
746,24866666667,0,1,-1.433898148,0.2531483646,0.397979201,0.8386337628,0.0243572872,-0.4265913911,-0.3378163992
747,24900000000,0,0,-1.431892689,0.2460733362,0.3991715545,0.8452350697,0.04056709269,-0.4209340044,-0.3267209083
748,24933333333,0,0,-1.428500421,0.2376187624,0.4005941379,0.8510619941,0.05891021891,-0.413006865,-0.3188234587
749,24966666667,0,1,-1.426734342,0.2310128093,0.4027925054,0.8580133973,0.08113683096,-0.4008800625,-0.3106847281
750,25000000000,0,0,-1.423324557,0.2258406031,0.4034539465,0.8651293225,0.1033371243,-0.3864913753,-0.3024848937
751,25033333333,0,0,-1.423034449,0.222926677,0.404369144,0.8717150173,0.1214720092,-0.3724985284,-0.2942827312
752,25066666667,0,0,-1.423526831,0.226579229,0.4040136078,0.8761738896,0.138953559,-0.3603071335,-0.2884267552
753,25100000000,0,1,-1.426077698,0.2238677813,0.4044900689,0.8804993352,0.1501308353,-0.3505976194,-0.2815367867
754,25133333333,0,0,-1.428085022,0.2217244964,0.4069865138,0.8834256937,0.1615314294,-0.3429833457,-0.2753707783
755,25166666667,0,0,-1.430147293,0.2195963782,0.4097181354,0.8841672937,0.1751661444,-0.3370044035,-0.2720166368
756,25200000000,0,0,-1.431601084,0.2169707199,0.411208092,0.8837344218,0.1885890398,-0.332419615,-0.2700830344
757,25233333333,0,0,-1.432181212,0.2156607977,0.4121583936,0.8831331827,0.2021168299,-0.3279618192,-0.2677043404
758,25266666667,0,0,-1.430894412,0.2152461786,0.4127043244,0.8820491163,0.2160360444,-0.3235419587,-0.265778827
759,25300000000,0,1,-1.428826223,0.2177289545,0.411175145,0.8829485391,0.2275810078,-0.3174240824,-0.2604816962
760,25333333333,0,0,-1.42950397,0.216202223,0.4132620509,0.883811933,0.2380040628,-0.3113791085,-0.2554869547
761,25366666667,0,0,-1.429674976,0.2150791295,0.4125925185,0.8857304559,0.2460566486,-0.3052788131,-0.2484804447
762,25400000000,0,0,-1.430029146,0.2139341771,0.4138076194,0.8876459377,0.2511301337,-0.3003113949,-0.2425518734
763,25433333333,0,0,-1.431078318,0.2128714715,0.4171474999,0.888787109,0.2589198488,-0.2956219915,-0.2358508532
764,25466666667,0,0,-1.431426552,0.2136339629,0.4171138108,0.8896768159,0.26821611,-0.290458623,-0.2284054945
765,25500000000,0,1,-1.430812828,0.2148028614,0.4144090442,0.8921533734,0.2743789999,-0.2844727059,-0.2187551193
766,25533333333,0,0,-1.431297477,0.2135921316,0.4158300756,0.8937979029,0.2806801042,-0.2810670059,-0.2081954036
767,25566666667,0,0,-1.431259841,0.2129892912,0.4165226878,0.8955635039,0.2859758624,-0.2796332795,-0.1949077874
768,25600000000,0,0,-1.431471741,0.2126772344,0.4169066667,0.8972864957,0.2905379403,-0.2775737555,-0.1828044315
769,25633333333,0,0,-1.431714961,0.2129465581,0.416555909,0.8990197092,0.2956170544,-0.2731993166,-0.1724420282
770,25666666667,0,0,-1.431692274,0.2121462636,0.416985269,0.899976158,0.3000947417,-0.269893604,-0.1647528561
771,25700000000,0,1,-1.432294851,0.2110637373,0.4179023776,0.9017990394,0.3023993329,-0.2676520848,-0.1538684421
772,25733333333,0,0,-1.432411835,0.2102910217,0.4184802753,0.902084306,0.3068480171,-0.2659256737,-0.1461907498
773,25766666667,0,0,-1.432627836,0.2095739645,0.4189672743,0.9020132151,0.3106196864,-0.2644262683,-0.1413022249
774,25800000000,0,0,-1.432869589,0.2083416445,0.4199929436,0.9018869657,0.3126277251,-0.2653977023,-0.1357492767
775,25833333333,0,0,-1.433126591,0.2079828843,0.4206455575,0.9016954676,0.3143413186,-0.2670138403,-0.1297629691
776,25866666667,0,0,-1.433064087,0.2081903515,0.421207951,0.9016132016,0.3158349415,-0.2666655111,-0.1274026281
777,25900000000,0,1,-1.433977463,0.2072928346,0.4233066622,0.9022650594,0.3177131582,-0.2634459043,-0.1247892909
778,25933333333,0,0,-1.434298656,0.2067236506,0.4242335,0.9030368424,0.3207206214,-0.2590603322,-0.1206254061
779,25966666667,0,0,-1.434449341,0.2075453715,0.4229251661,0.905146802,0.3183971785,-0.2566573487,-0.1160151236
780,26000000000,0,0,-1.434604927,0.2064868631,0.4250095963,0.9063776263,0.3153405713,-0.2554114498,-0.1174943142
781,26033333333,0,0,-1.435082189,0.2061025054,0.4254816247,0.9089334975,0.3097961988,-0.2543564975,-0.1147561965
782,26066666667,0,0,-1.435104549,0.2068120794,0.4255610507,0.9118220026,0.3015505305,-0.2546009632,-0.1132530915
783,26100000000,0,1,-1.436630588,0.2051573427,0.4290331687,0.9149602866,0.2906693518,-0.2542940444,-0.1170194038
784,26133333333,0,0,-1.437032921,0.2042620115,0.4305428293,0.9181335773,0.2773215909,-0.2563411489,-0.1200528422
785,26166666667,0,0,-1.437406378,0.2039906711,0.4316774173,0.9212064058,0.2633934925,-0.2566562261,-0.1270047546
786,26200000000,0,0,-1.437883794,0.2029970563,0.4335915716,0.92476243,0.2475335811,-0.2560398151,-0.1341088639
787,26233333333,0,0,-1.438341324,0.2015844338,0.4353057577,0.9278274735,0.2325227781,-0.2572604624,-0.1374277686
788,26266666667,0,0,-1.438793817,0.2009882198,0.4362764384,0.9297356819,0.2181849007,-0.259544443,-0.1436091675
789,26300000000,0,1,-1.439622444,0.1998248582,0.4378534421,0.9317880862,0.1995427231,-0.2643537131,-0.1485623723
790,26333333333,0,0,-1.439927544,0.1994456304,0.4396068846,0.9321821932,0.1864279618,-0.2686371178,-0.1552902849
791,26366666667,0,0,-1.440035721,0.1993616123,0.4411178241,0.9330051332,0.1745256498,-0.2706290162,-0.1606304906
792,26400000000,0,0,-1.440293448,0.1990387196,0.4421555426,0.9353129557,0.158781195,-0.2708972384,-0.1630732756
793,26433333333,0,0,-1.440639049,0.1986346889,0.4434550711,0.9369632828,0.1434275537,-0.2712778852,-0.1671426116
794,26466666667,0,0,-1.441112512,0.197958452,0.4448017415,0.9386975458,0.1250548194,-0.273981488,-0.1677568294
795,26500000000,0,1,-1.440661765,0.1977177511,0.4472184565,0.9394385259,0.1083752544,-0.2767912406,-0.1705774588
796,26533333333,0,0,-1.440920893,0.1971561696,0.4487700976,0.9410682118,0.09053129383,-0.2776245491,-0.1706438259
797,26566666667,0,0,-1.441203862,0.1972036648,0.4498466236,0.9422894793,0.07374190306,-0.2776549971,-0.1719312988
798,26600000000,0,0,-1.441474285,0.1974059382,0.4520312703,0.9440619475,0.06083089235,-0.2737674078,-0.1734878909
799,26633333333,0,0,-1.441723192,0.1973562319,0.4533103034,0.9461924702,0.04809169396,-0.2686471996,-0.1738841007
800,26666666667,0,1,-1.440714137,0.1992644175,0.454084726,0.9459639944,0.04003338151,-0.2666571055,-0.1801206199
801,26700000000,0,0,-1.440882658,0.1995595696,0.4550427456,0.9462834953,0.02648900291,-0.2645677088,-0.1839831698
802,26733333333,0,0,-1.44110354,0.199825571,0.4556548986,0.9464580253,0.01150730639,-0.2611643296,-0.1894148388
803,26766666667,0,0,-1.441375724,0.2002771994,0.4565790195,0.9466871983,-0.004891746102,-0.2565374647,-0.1948023321
804,26800000000,0,0,-1.44164774,0.2006718216,0.4577522032,0.9471199131,-0.02238611606,-0.2523378262,-0.1969475908
805,26833333333,0,0,-1.441748715,0.2014789938,0.4593235286,0.9469809766,-0.03799364653,-0.2474863172,-0.2013306624
806,26866666667,0,1,-1.440973255,0.2035894731,0.4611750369,0.9470780587,-0.04749664987,-0.2426705944,-0.2046905021
807,26900000000,0,0,-1.441082219,0.2041619505,0.462422212,0.9477666062,-0.06210358234,-0.2347355926,-0.2068352166
808,26933333333,0,0,-1.441274603,0.2045275237,0.4646520143,0.9485946994,-0.0738493202,-0.2265903436,-0.2082575099
809,26966666667,0,0,-1.441408963,0.2048540242,0.4656235162,0.9492903374,-0.08473337844,-0.2189874293,-0.2090756219
810,27000000000,0,0,-1.441112891,0.2053451613,0.467008096,0.9493675892,-0.09360071917,-0.2125560208,-0.2115656493
811,27033333333,0,1,-1.438598445,0.2069637186,0.4721173125,0.9486259867,-0.09335358863,-0.2110700132,-0.2164331176
812,27066666667,0,0,-1.438403019,0.2072500343,0.4727123924,0.9497036364,-0.09947003652,-0.2020823084,-0.217557936
813,27100000000,0,0,-1.43863049,0.2074609204,0.4740472882,0.9513379246,-0.1066952345,-0.1922933043,-0.2158600595
814,27133333333,0,0,-1.43873012,0.2077737358,0.4750976782,0.9534536087,-0.1116752897,-0.180936463,-0.2138149714
815,27166666667,0,0,-1.438756742,0.2079964144,0.4760667084,0.9558836716,-0.1186444652,-0.1670327498,-0.210499306
816,27200000000,0,0,-1.438821967,0.2084017874,0.4776476389,0.958603875,-0.1238865426,-0.1524769072,-0.2061104757
817,27233333333,0,1,-1.437185472,0.2079366447,0.4812360404,0.9600938202,-0.1288094881,-0.1434367157,-0.2026175728
818,27266666667,0,0,-1.43684013,0.2078655814,0.4837426115,0.9621756274,-0.134008561,-0.1305714206,-0.1980173522
819,27300000000,0,0,-1.436633684,0.207814255,0.4850030611,0.9646060153,-0.1361628965,-0.1174308046,-0.1928857355
820,27333333333,0,0,-1.436416893,0.2076300487,0.4850995506,0.9664553768,-0.1400499291,-0.103593131,-0.1887286023
821,27366666667,0,0,-1.436484851,0.2077981883,0.4861791199,0.9684480167,-0.1450945045,-0.08807686075,-0.1824787394
822,27400000000,0,1,-1.434735116,0.2073909324,0.4887681351,0.9698906413,-0.152067191,-0.07752442129,-0.1737172344
823,27433333333,0,0,-1.433872492,0.2076199248,0.4899734634,0.9709565196,-0.1599883634,-0.06585755789,-0.1652572019
824,27466666667,0,0,-1.433440569,0.2080632075,0.4918165171,0.9721592887,-0.1651833286,-0.05325984733,-0.1574299021
825,27500000000,0,0,-1.433221855,0.2080181769,0.493591682,0.9737693784,-0.1685701106,-0.03913259874,-0.1477361
826,27533333333,0,0,-1.433414228,0.2082037014,0.4944499683,0.9754601276,-0.1679409351,-0.02369745513,-0.1403987623
827,27566666667,0,0,-1.433481632,0.2081301623,0.4957401943,0.9764962452,-0.1669575776,-0.009559115867,-0.1359737981
828,27600000000,0,1,-1.431295486,0.2079503731,0.4969274958,0.9775655565,-0.1657958262,-0.0006364706656,-0.129911207
829,27633333333,0,0,-1.430666059,0.2080206664,0.4975928936,0.97849011,-0.1627517779,0.01144267351,-0.1262459054
830,27666666667,0,0,-1.430322467,0.2080869586,0.4986444752,0.979710869,-0.1577321163,0.02412624969,-0.1212646555
831,27700000000,0,0,-1.43028581,0.2076466925,0.498314507,0.9808690183,-0.1520619631,0.03647041878,-0.1159441111
832,27733333333,0,0,-1.430187831,0.2073433186,0.4984561266,0.9813536825,-0.1475845801,0.04686897738,-0.113872914
833,27766666667,0,1,-1.428280969,0.2076665959,0.5001631382,0.982638427,-0.1386069992,0.05413400222,-0.1108121442
834,27800000000,0,0,-1.428244679,0.2073839275,0.4999132678,0.9834385344,-0.1273104442,0.06468002001,-0.1116118048
835,27833333333,0,0,-1.428160002,0.2071474236,0.4997029808,0.9838956931,-0.1167978748,0.07433132755,-0.1130591671
836,27866666667,0,0,-1.42772114,0.2070056667,0.4997071551,0.9846264273,-0.1030500457,0.08325804057,-0.1138401747
837,27900000000,0,0,-1.427676462,0.2065384659,0.4990752015,0.9852102237,-0.08882868743,0.09144036498,-0.1144942752
838,27933333333,0,1,-1.427533088,0.2059557271,0.4989489528,0.9854999117,-0.07536455903,0.09893114822,-0.1154241534
839,27966666667,0,0,-1.427350889,0.2058334869,0.4984689025,0.9855959135,-0.05653731186,0.1072426642,-0.1179119949
840,28000000000,0,0,-1.427428755,0.2052541918,0.4973415679,0.9850595395,-0.03998830902,0.1156955678,-0.1211328793
841,28033333333,0,0,-1.427068503,0.2055172718,0.4966676604,0.9840562653,-0.0188876401,0.1227716242,-0.1272935662
842,28066666667,0,1,-1.427394117,0.2047928694,0.4947634736,0.9826783193,-0.0002597392407,0.1328221383,-0.1292344103
843,28100000000,0,0,-1.427263607,0.2043878237,0.4935368694,0.980687906,0.0193518493,0.1406744,-0.1344895915
844,28133333333,0,0,-1.427264407,0.2043149336,0.492333301,0.9782372646,0.04024763364,0.1499810018,-0.1376142476
845,28166666667,0,1,-1.427207304,0.2038729854,0.4907198524,0.9764516126,0.05855369906,0.1580552061,-0.1346560969
846,28200000000,0,0,-1.426932512,0.2035537159,0.4883220382,0.9747903912,0.07616532638,0.1629755586,-0.1319905439
847,28233333333,1,1,0,0,0,1,0,0,0
849,28300000000,1,1,0.005789301149,-0.01941408982,-0.01388593423,0.99969414,0.02220638721,0.009756074985,0.004829265983
850,28333333333,1,0,0.009108070273,-0.02330557472,-0.02023122182,0.9992127183,0.03603513598,0.01318934678,0.01007242218
851,28366666667,1,0,0.01317677022,-0.03160318966,-0.02753008154,0.9985697707,0.04906133506,0.01705985714,0.01266331864
852,28400000000,1,0,0.01798996764,-0.035431707,-0.03393825691,0.9975045833,0.0662346343,0.0193524349,0.01493528679
853,28433333333,1,0,0.01764488001,-0.03564853941,-0.03875600364,0.9959679893,0.08434859996,0.02303016869,0.02006711964
854,28466666667,1,0,0.01967682025,-0.03636608054,-0.04563156681,0.9940343183,0.1031047319,0.02643805345,0.02379532919
855,28500000000,1,1,0.02362270285,-0.06297885634,-0.05716069293,0.9932996708,0.1097125971,0.03012623349,0.02028102725
856,28533333333,1,0,0.0240545047,-0.06543548429,-0.06363961326,0.9907875312,0.1288455356,0.03520480552,0.02234989071
857,28566666667,1,0,0.03121777536,-0.08395065424,-0.07450737781,0.9889534161,0.1414139368,0.03804919855,0.02292373872
858,28600000000,1,0,0.03595583429,-0.09069613053,-0.08218609769,0.9853516911,0.1635648393,0.04165558623,0.02435980817
859,28633333333,1,0,0.03916615694,-0.09435224341,-0.08718410494,0.981709925,0.1835001402,0.04449047958,0.02437045054
860,28666666667,1,0,0.04143081566,-0.1011845569,-0.09417537943,0.9790200385,0.1967560292,0.04549892037,0.02714180105
861,28700000000,1,1,0.04260673481,-0.1111493429,-0.1032806135,0.9768588463,0.2074305497,0.04672635364,0.02315187494
862,28733333333,1,0,0.04398913714,-0.114946427,-0.1093956011,0.9746411688,0.2175890948,0.0457896953,0.02515714027
863,28766666667,1,0,0.04197273884,-0.1140403474,-0.1160641179,0.9719603705,0.2283683599,0.04860657092,0.02789859401
864,28800000000,1,0,0.04242993664,-0.1138905976,-0.1200488436,0.9693631046,0.2381250516,0.05203815623,0.03039179999
865,28833333333,1,0,0.04258186137,-0.1157462205,-0.1274918839,0.9673896721,0.2449503042,0.05565749498,0.03253942358
866,28866666667,1,0,0.04442064271,-0.1126660814,-0.1319696166,0.9652473656,0.2521759455,0.05834156152,0.03607045897
867,28900000000,1,1,0.05354656635,-0.1237408891,-0.1462460542,0.9655052729,0.251083443,0.05831162585,0.03682970129
868,28933333333,1,0,0.05580894527,-0.1276158557,-0.1527035187,0.9654874262,0.2499557904,0.0612558258,0.04004817793
869,28966666667,1,0,0.05563723519,-0.1271332531,-0.1549645755,0.9647089831,0.2505482585,0.06673797307,0.04591504179
870,29000000000,1,0,0.05826704179,-0.1301507388,-0.1593049947,0.9644892036,0.2489484881,0.0720895018,0.05087563347
871,29033333333,1,0,0.0534746585,-0.1329465372,-0.162530577,0.9639511427,0.2462259005,0.08402855095,0.0557691945
872,29066666667,1,1,0.07035983877,-0.130977209,-0.1763801955,0.9641763038,0.2425391283,0.08914609444,0.05993162924
873,29100000000,1,0,0.07242991998,-0.1306988632,-0.1781659214,0.9631546622,0.2400249145,0.1012179423,0.06690340174
874,29133333333,1,0,0.07548366314,-0.1299434849,-0.1826398233,0.9624088495,0.2356645527,0.113222425,0.07356702776
875,29166666667,1,0,0.0795860608,-0.128177895,-0.1907188153,0.962628578,0.2268159112,0.1246446505,0.07977765581
876,29200000000,1,1,0.09117412594,-0.1177469159,-0.1942793302,0.9628756207,0.2179991977,0.1326686852,0.08801084501
877,29233333333,1,0,0.09332798557,-0.1206034306,-0.1900113565,0.9631469554,0.2044960306,0.1467624679,0.09481610454
878,29266666667,1,0,0.09738765238,-0.1225864677,-0.1851526631,0.962744793,0.1924489809,0.1609985531,0.1008232077
879,29300000000,1,0,0.09821046984,-0.1277451458,-0.1731630259,0.9612906576,0.182105035,0.1779682482,0.1052868957
880,29333333333,1,0,0.1018533471,-0.1318000906,-0.1624205386,0.958803141,0.17630996,0.1952166814,0.1072463616
881,29366666667,1,0,0.1064453542,-0.1326782581,-0.1540636702,0.9559157276,0.1727787187,0.2103662575,0.1100848485
882,29400000000,1,1,0.1121645259,-0.1376291839,-0.1366448448,0.9526406136,0.1704194999,0.2252355609,0.112703139
883,29433333333,1,0,0.1141950055,-0.1371210121,-0.1321818597,0.9497538447,0.168509589,0.23581694,0.1181631233
884,29466666667,1,0,0.1174705848,-0.138269151,-0.1252583844,0.9472941025,0.1650883102,0.2440929067,0.1256916311
885,29500000000,1,0,0.1212764248,-0.1397096165,-0.1184089753,0.9444115377,0.160567183,0.2534584966,0.1344017031
886,29533333333,1,0,0.1270746569,-0.1440351915,-0.1098807783,0.940689973,0.1549641475,0.2650824789,0.1442905644
887,29566666667,1,1,0.1346316514,-0.147330376,-0.1025823227,0.9360890597,0.1487346278,0.2794986641,0.1532833311
888,29600000000,1,0,0.1400518585,-0.1461407184,-0.1049826993,0.9316022309,0.1375438486,0.294481275,0.1627260021
889,29633333333,1,0,0.1453833076,-0.1475870136,-0.09383259487,0.9253376541,0.1262250817,0.3106058179,0.1770352522
890,29666666667,1,0,0.1495182387,-0.1490303288,-0.07787599633,0.9179681294,0.1164186261,0.3271305533,0.1917467547
891,29700000000,1,1,0.150750911,-0.1483179532,-0.05917646828,0.9100176595,0.1076598357,0.3420650574,0.2080113353
892,29733333333,1,0,0.1583630383,-0.1523013151,-0.04474837588,0.9037295892,0.09837897712,0.3541295419,0.2195146329
893,29766666667,1,0,0.1594496121,-0.1551346198,-0.038224444,0.898010369,0.09120061848,0.3648054036,0.2284225074
894,29800000000,1,0,0.1636757345,-0.1551722978,-0.02836760469,0.8933834041,0.08365156195,0.3730841948,0.235959092
895,29833333333,1,0,0.1729444164,-0.159326254,-0.01089303782,0.8889617194,0.07676565189,0.3818230604,0.2409673146
896,29866666667,1,0,0.1786752658,-0.1608324895,-0.008537053893,0.8843206723,0.07233538282,0.3926668115,0.2419861898
897,29900000000,1,1,0.1782324038,-0.1425644406,0.0188633359,0.8768397138,0.07398816197,0.4054041294,0.2476395768
898,29933333333,1,0,0.1828385392,-0.1425690622,0.02586875046,0.8727008126,0.06732506197,0.4150711354,0.2481462882
899,29966666667,1,0,0.1868919891,-0.1428813556,0.03380037221,0.8678859426,0.06166072866,0.4246851833,0.2502287759
900,30000000000,1,0,0.1917187041,-0.1419077547,0.04111168618,0.863223763,0.05623961642,0.4326566914,0.2539488687
901,30033333333,1,0,0.1964556315,-0.1408318517,0.04862438136,0.8590198851,0.04895846037,0.4400647425,0.2569648393
902,30066666667,1,0,0.2044320589,-0.1414577595,0.0609879157,0.8552827288,0.04081265597,0.4467806667,0.2592543476
903,30100000000,1,1,0.2186607293,-0.1225704617,0.07195686562,0.8532075302,0.03530431728,0.449683692,0.2618684645
904,30133333333,1,0,0.2260952678,-0.1177350259,0.08000799646,0.8507769388,0.02428404279,0.4543900172,0.2629041611
905,30166666667,1,0,0.2349879528,-0.1152166186,0.08985219193,0.8479447035,0.01350759185,0.4592446553,0.2643892421
906,30200000000,1,0,0.2460174336,-0.1119014534,0.09976229961,0.8449917869,0.003249835847,0.4638879424,0.2660569402
907,30233333333,1,0,0.2589518552,-0.108030472,0.1155157951,0.8416933632,-0.006257109472,0.4690167805,0.2674628769
908,30266666667,1,0,0.2693469511,-0.1046487599,0.1275592317,0.8394138459,-0.01415951977,0.4732179063,0.2669245519
909,30300000000,1,1,0.2935413208,-0.09567865497,0.1696795285,0.8364567615,-0.02036312059,0.4778197922,0.2676073161
910,30333333333,1,0,0.3064935524,-0.09349980662,0.1818961202,0.8345652185,-0.02745084323,0.480283973,0.2684672282
911,30366666667,1,0,0.3213753143,-0.09007334041,0.1914364281,0.8319156992,-0.03365036419,0.4833174576,0.2705330988
912,30400000000,1,0,0.3355874071,-0.08685801035,0.2060558118,0.8274274542,-0.03812531711,0.4879310137,0.2753790008
913,30433333333,1,0,0.3530527212,-0.08299404084,0.2195111167,0.8228887366,-0.04045625458,0.4932634949,0.2791210191
914,30466666667,1,0,0.3683891386,-0.07938706754,0.2287188628,0.8175065618,-0.04289040056,0.4999297339,0.2826901062
915,30500000000,1,1,0.4084683546,-0.07466845876,0.2699847854,0.8103775241,-0.04562161071,0.5085561973,0.2873630652
916,30533333333,1,0,0.4274026786,-0.07088122355,0.279138251,0.8039599621,-0.04695189107,0.5160302046,0.2918162559
917,30566666667,1,0,0.4392323834,-0.07078845978,0.2946446678,0.794831928,-0.0473093075,0.5264010488,0.2981710439
918,30600000000,1,0,0.4480623124,-0.07385200272,0.3066909485,0.786163595,-0.04705669899,0.5336007295,0.3082251295
919,30633333333,1,0,0.4576749773,-0.07897702469,0.32124716,0.7777387558,-0.04727754092,0.5383569756,0.3210280807
920,30666666667,1,0,0.4733522421,-0.08689899791,0.3386541023,0.7681567741,-0.04674064826,0.5424661304,0.3368693805
921,30700000000,1,1,0.5112075931,-0.1140567216,0.3819626589,0.7569140748,-0.04388038875,0.5467000814,0.3553513977
922,30733333333,1,0,0.5254730523,-0.1018561482,0.3857863767,0.7508052951,-0.0387865519,0.5475053867,0.3674572951
923,30766666667,1,0,0.5546276247,-0.08240240409,0.3797343213,0.7464743555,-0.03831747882,0.5489765967,0.374075532
924,30800000000,1,0,0.5746851528,-0.06689441329,0.3802316794,0.739404829,-0.03894398864,0.5557910594,0.3779684681
925,30833333333,1,0,0.5794057469,-0.06218649084,0.3955991491,0.7284399002,-0.04192798361,0.566639508,0.3828015465
926,30866666667,1,0,0.5845612523,-0.06860331408,0.4120267372,0.7169087029,-0.04918333253,0.5762962721,0.3892370979
927,30900000000,1,1,0.6093582029,-0.06673730573,0.4291857266,0.7052958117,-0.05423476046,0.5842457214,0.3978358276
928,30933333333,1,0,0.6293203329,-0.06678615188,0.4370719564,0.6963159357,-0.05550660426,0.5918518146,0.4022120885
929,30966666667,1,0,0.6319633327,-0.06580463219,0.4509524749,0.6889339701,-0.05727919471,0.6000006792,0.4026018675
930,31000000000,1,0,0.6426044306,-0.06708463326,0.4649208074,0.6827836599,-0.06206200262,0.6059028691,0.4035300421
931,31033333333,1,0,0.6607102924,-0.06475185892,0.4761105726,0.6792483951,-0.06656142652,0.6103263708,0.402110576
932,31066666667,1,0,0.6767948235,-0.07035551126,0.4929037226,0.6749577678,-0.07011445659,0.6160423416,0.4000097599
933,31100000000,1,1,0.6944165314,-0.0723282718,0.5084689151,0.671968274,-0.07172696721,0.6204173395,0.3979902082
934,31133333333,1,0,0.7173827788,-0.06785043105,0.5184704113,0.6696976399,-0.07007919277,0.6251073119,0.3947592006
935,31166666667,1,0,0.723293777,-0.07074155921,0.5385219935,0.6663526037,-0.06740576169,0.631979745,0.3899131605
936,31200000000,1,0,0.7406986898,-0.06617124718,0.5553828016,0.6630295793,-0.06359135236,0.637700171,0.3868932782
937,31233333333,1,0,0.7420219224,-0.0746016001,0.579700087,0.6586355421,-0.06020783983,0.6449109295,0.3829675335
938,31266666667,1,0,0.7572292947,-0.08297501455,0.6074666561,0.6558703804,-0.05800358458,0.6494194981,0.3804260029
939,31300000000,1,1,0.7453893526,-0.09095307213,0.6271870039,0.6571694819,-0.05468649885,0.6510955597,0.375782159
940,31333333333,1,0,0.7384403296,-0.09330499803,0.6503967528,0.6574249419,-0.06065269144,0.6502609947,0.3758647836
941,31366666667,1,0,0.7639934467,-0.07963054697,0.657689681,0.6581133098,-0.06685716873,0.6466852267,0.3797567748
942,31400000000,1,0,0.7743887358,-0.07507837034,0.6711609053,0.6579532324,-0.07054686755,0.6474378865,0.3780805028
943,31433333333,1,0,0.7730335925,-0.07470783478,0.6922679768,0.656134977,-0.07670758439,0.6482921574,0.378576435
944,31466666667,1,0,0.7958099916,-0.06001205584,0.6991615435,0.6555728052,-0.0817651718,0.6471362838,0.3804646947
945,31500000000,1,1,0.7862197249,-0.07259833378,0.7356513843,0.6495387203,-0.08932040858,0.6523112006,0.3802780732
946,31533333333,1,0,0.7947947602,-0.06871352965,0.7531392406,0.64562038,-0.09607073515,0.6506796247,0.3880216035
947,31566666667,1,0,0.8076571191,-0.06332376039,0.7676513328,0.6429627088,-0.09996228402,0.6491284032,0.3940035697
948,31600000000,1,0,0.8116201982,-0.0625445702,0.7848872755,0.6402053237,-0.1043078603,0.6466712235,0.4013394356
949,31633333333,1,0,0.8301485815,-0.05032573111,0.7960441144,0.641421276,-0.1085312057,0.6415221501,0.4065083703
950,31666666667,1,1,0.8601366129,-0.03636102115,0.7960517086,0.6455856742,-0.1103286458,0.6363378826,0.407579227
951,31700000000,1,0,0.8710592036,-0.03052696122,0.79915942,0.6478953885,-0.1095512235,0.6360140489,0.4046186162
952,31733333333,1,0,0.8751007111,-0.0299454554,0.8099996794,0.6471208402,-0.1092878004,0.636534711,0.4051103017
953,31766666667,1,0,0.8924575468,-0.0240896484,0.819473646,0.6479370738,-0.1076031645,0.6354246465,0.4059983078
954,31800000000,1,0,0.8997012116,-0.02418204364,0.8259925597,0.6512242582,-0.1058170013,0.6337689088,0.4037904134
955,31833333333,1,0,0.9097092482,-0.02021099009,0.8312178986,0.6549458289,-0.1042062128,0.6308019425,0.4028348741
956,31866666667,1,0,0.9181118513,-0.0172947864,0.8362481065,0.6584724981,-0.1039622995,0.6280868481,0.401388491
957,31900000000,1,1,0.9158640506,-0.01184124475,0.859864711,0.6614678145,-0.1060959221,0.6263844261,0.3985555626
958,31933333333,1,0,0.9319397703,-0.002557341442,0.8601785764,0.6673541858,-0.1102084741,0.6194424672,0.3984764895
959,31966666667,1,0,0.9434926416,0.002865989809,0.8620575173,0.6713628192,-0.1152278218,0.6149807579,0.3972318989
960,32000000000,1,0,0.9612162518,0.009200074152,0.8631061695,0.6727770484,-0.1184386426,0.6116571122,0.3990224407
961,32033333333,1,0,0.9789058904,0.0164027255,0.8582486379,0.6746104385,-0.1210353152,0.6095012989,0.3984462014
962,32066666667,1,0,0.9869724109,0.01606624373,0.8685214291,0.6739323069,-0.1237468636,0.6098730944,0.3981918736
963,32100000000,1,1,1.00362821,0.01195866542,0.8762319975,0.675005104,-0.12594981,0.6073702018,0.3995074378
964,32133333333,1,0,1.011441994,0.01566106433,0.8769805916,0.6782376095,-0.1265404226,0.6034223879,0.3998283236
965,32166666667,1,0,1.028352725,0.02194323256,0.8757468672,0.6812525316,-0.1279638919,0.5989864107,0.4009183337
966,32200000000,1,0,1.04297383,0.02646941174,0.8684619207,0.6840463937,-0.1293046673,0.5964987487,0.3994372005
967,32233333333,1,0,1.056690977,0.02692087317,0.8719997841,0.6845629313,-0.1305639346,0.5960894872,0.3987530256
968,32266666667,1,0,1.068971584,0.02735052954,0.8716460953,0.6888484774,-0.1298926624,0.5934924854,0.3954520719
969,32300000000,1,0,1.073272448,0.03024386279,0.8696259689,0.693351697,-0.1294361899,0.5902102543,0.3926341207
970,32333333333,1,1,1.092364094,0.03109363556,0.8595783245,0.6966578966,-0.1313202294,0.5852438405,0.3935891508
971,32366666667,1,0,1.109971049,0.03007417476,0.8537738622,0.6975846074,-0.1311827911,0.5835765356,0.3944682724
972,32400000000,1,0,1.123785505,0.03092809909,0.8461421956,0.6976552902,-0.1292699725,0.5825931929,0.3964234377
973,32433333333,1,0,1.142212925,0.03162762178,0.8331699378,0.69851757,-0.1282270312,0.5807881233,0.3978896691
974,32466666667,1,0,1.157498556,0.03152613493,0.8205238181,0.6991415791,-0.1269652355,0.5800616587,0.3982578983
975,32500000000,1,0,1.178378775,0.02872454485,0.810241282,0.6986072606,-0.1254364879,0.5798463885,0.3999896856
976,32533333333,1,1,1.204956819,0.01834230134,0.7958764628,0.7000340586,-0.1236684536,0.5791149831,0.3991043306
977,32566666667,1,0,1.223552907,0.01316649048,0.7782550842,0.702593588,-0.118875788,0.5790892515,0.3960889242
978,32600000000,1,0,1.238706813,0.006686065574,0.7639958527,0.7040176271,-0.1130928159,0.5807831756,0.3927595941
979,32633333333,1,0,1.254258191,0.002053079768,0.7475819392,0.7051319198,-0.1063654896,0.5819393239,0.3909245216
980,32666666667,1,0,1.270887543,-0.005455487933,0.7244955212,0.7075255359,-0.09966081893,0.5826340747,0.3873149521
981,32700000000,1,0,1.275917987,-0.01176805375,0.713282461,0.7090211343,-0.09545561444,0.5856589225,0.3810260926
982,32733333333,1,1,1.289733838,-0.01719350989,0.6974444073,0.708494054,-0.09135714631,0.5877856907,0.3797341557
983,32766666667,1,0,1.302160302,-0.02570592327,0.6788326471,0.7090958251,-0.0862830446,0.5900503077,0.3762698252
984,32800000000,1,0,1.306664715,-0.03407474348,0.6702136101,0.7079606029,-0.08232953318,0.5939034065,0.3732189392
985,32833333333,1,0,1.308453254,-0.04227325308,0.6581754818,0.7072137241,-0.08094005951,0.5951431013,0.3729639985
986,32866666667,1,0,1.321585511,-0.05070796625,0.639822526,0.7067505461,-0.08351495108,0.5945452014,0.3742257634
987,32900000000,1,0,1.341238733,-0.05507993073,0.6205276401,0.7062370094,-0.08173339964,0.5965527781,0.3723892062
988,32933333333,1,1,1.352334846,-0.06599123991,0.6113393298,0.7059488463,-0.07571261864,0.6020236546,0.3653373032
989,32966666667,1,0,1.349396991,-0.07238076693,0.6066040526,0.706585835,-0.0691486126,0.6080645345,0.3552639146
990,33000000000,1,0,1.354918939,-0.0834088747,0.5986101643,0.707576755,-0.06687600201,0.6106399778,0.349258577
991,33033333333,1,0,1.362205253,-0.09087792467,0.5887981072,0.7098202273,-0.06427229607,0.6118952351,0.3429410126
992,33066666667,1,0,1.370376427,-0.1008501269,0.5813143882,0.7113665996,-0.06224998603,0.6127411541,0.3385716737
993,33100000000,1,1,1.386186859,-0.1200484413,0.5712615773,0.7140358476,-0.05902766896,0.6131440253,0.3327505777
994,33133333333,1,0,1.384749328,-0.1220727537,0.5662967877,0.7172914823,-0.05115581574,0.6153317443,0.3228666234
995,33166666667,1,0,1.399169652,-0.145253556,0.5585796719,0.7192527024,-0.0469833322,0.6152019822,0.3193659931
996,33200000000,1,0,1.403021168,-0.1497598833,0.5479491755,0.7223741769,-0.03564756638,0.6176535595,0.3088832788
997,33233333333,1,0,1.400335119,-0.1420455971,0.5365078761,0.7221900855,-0.02661824517,0.6218290146,0.3017641894
998,33266666667,1,0,1.408175914,-0.151856994,0.5241867449,0.7174527127,-0.01945522892,0.6289673768,0.2988028414
999,33300000000,1,1,1.413821085,-0.165602217,0.5068961854,0.7118077793,-0.01309725603,0.6374016078,0.2947496184
1000,33333333333,1,0,1.41266727,-0.172416132,0.5077452453,0.7037051179,-0.006207532248,0.6484685269,0.2902570296
1001,33366666667,1,0,1.41018204,-0.1780298449,0.5101667099,0.6964225337,0.001785241773,0.657676838,0.2871474258
1002,33400000000,1,0,1.405218886,-0.1803422576,0.5097768085,0.6911584581,0.008942455189,0.6643224939,0.2844215927
1003,33433333333,1,0,1.39499199,-0.1747602978,0.5120319294,0.6869121356,0.01590866446,0.669901655,0.2813012709
1004,33466666667,1,0,1.388483116,-0.1773953105,0.5100641296,0.6832288756,0.02043579144,0.6735759423,0.2812047866
1005,33500000000,1,1,1.381014113,-0.1783663609,0.5066961603,0.678248204,0.02344711863,0.6783196198,0.2816240399
1006,33533333333,1,0,1.375417767,-0.1802165203,0.5054003858,0.6713690973,0.02644138082,0.6843232948,0.2833125776
1007,33566666667,1,0,1.367754515,-0.1842297823,0.5035935917,0.6633967471,0.02779703534,0.6914145164,0.2847420716
1008,33600000000,1,0,1.361776928,-0.1864946561,0.5028405815,0.6540999288,0.02996422953,0.698390926,0.2889732558
1009,33633333333,1,0,1.353109528,-0.1874024771,0.4969671858,0.6444952019,0.03252710465,0.704557539,0.2952398966
1010,33666666667,1,0,1.344043622,-0.1829897824,0.4948111543,0.6316116457,0.03265172999,0.7126464795,0.3035384471
1011,33700000000,1,1,1.342453419,-0.1753884386,0.4726003021,0.6189093656,0.03390082626,0.7186963862,0.31508322
1012,33733333333,1,0,1.335494264,-0.1741466691,0.4651408536,0.6041198034,0.03353996531,0.7286590592,0.3208898711
1013,33766666667,1,0,1.325383784,-0.1798572703,0.4737553683,0.5890985511,0.0283132767,0.738953043,0.3257447707
1014,33800000000,1,0,1.316992863,-0.1857608564,0.4748477286,0.5772668028,0.02419590992,0.7452352875,0.3328692876
1015,33833333333,1,0,1.309029523,-0.1828879072,0.4744597723,0.5677814534,0.01867499594,0.7498532667,0.3391099293
1016,33866666667,1,0,1.299644927,-0.1859422283,0.4700793055,0.5588052647,0.01097996575,0.7534598329,0.3462865818
1017,33900000000,1,1,1.282899758,-0.182472512,0.4554755485,0.5502762286,0.003578011502,0.7562131786,0.3540125684
1018,33933333333,1,0,1.27907448,-0.1861706582,0.4543751408,0.5370132561,-0.008866444797,0.7611174269,0.3636459973
1019,33966666667,1,0,1.2869168,-0.187787548,0.453089546,0.5219048861,-0.0169950922,0.7677702627,0.3712886753
1020,34000000000,1,0,1.278987294,-0.1876981385,0.4545720437,0.5089019495,-0.02265535807,0.7751553135,0.3736840651
1021,34033333333,1,0,1.278844894,-0.1908917133,0.4548472442,0.4985161519,-0.03137842663,0.7799629771,0.3770342093
1022,34066666667,1,0,1.271153532,-0.191447703,0.4533972847,0.4901492648,-0.03634076055,0.7820377523,0.3832101269
1023,34100000000,1,1,1.268260279,-0.1798162179,0.4431846538,0.4840281463,-0.03851084309,0.7828084811,0.3891587729
1024,34133333333,1,0,1.265412949,-0.1797646021,0.4416802426,0.4765458598,-0.04298216156,0.7857674897,0.3919515651
1025,34166666667,1,0,1.264654338,-0.1773858046,0.4401160049,0.4687876816,-0.05010550352,0.7884059224,0.3951501609
1026,34200000000,1,0,1.273007089,-0.164236891,0.4275826685,0.4616271658,-0.05027579354,0.7915989799,0.3971696859
1027,34233333333,1,1,1.281372684,-0.1607756358,0.3969681133,0.4550513817,-0.03994435601,0.7961555561,0.3968236624
1028,34266666667,1,0,1.281245639,-0.1620778537,0.3918541568,0.4488903029,-0.02700216736,0.8063137678,0.3842219239
1029,34300000000,1,0,1.277134255,-0.1674208257,0.393990593,0.4450153727,-0.0146491194,0.8142332095,0.3725198008
1030,34333333333,1,0,1.280500908,-0.1615642829,0.3783698517,0.4455835036,0.001548846607,0.8190220826,0.3614633738
1031,34366666667,1,0,1.275376003,-0.1642861858,0.3791243731,0.4466998096,0.0127087947,0.8268192122,0.3415666216
1032,34400000000,1,1,1.259365564,-0.1828504734,0.3766960307,0.4489579464,0.02026153304,0.8319953655,0.3252844054
1033,34433333333,1,0,1.255671802,-0.1777442016,0.3745935493,0.4522364288,0.0262891468,0.8370606326,0.3067907927
1034,34466666667,1,0,1.252738153,-0.1677717205,0.3741927333,0.452467226,0.02413973508,0.8423462858,0.2917934499
1035,34500000000,1,0,1.2494338,-0.1704322916,0.3751282715,0.449223283,0.02202621624,0.8466360459,0.2844656281
1036,34533333333,1,0,1.250098203,-0.1790029675,0.3676602018,0.4470937902,0.02526025264,0.8490826912,0.2802278464
1037,34566666667,1,0,1.247407413,-0.1839333029,0.3659522472,0.4474157299,0.03259056206,0.8517294505,0.2707655131
1038,34600000000,1,1,1.233533546,-0.1947480008,0.361925895,0.4505021688,0.03747611008,0.8519157274,0.264353798
1039,34633333333,1,0,1.23430666,-0.1940552549,0.3572326189,0.4540802261,0.04579625517,0.8517005058,0.2575268911
1040,34666666667,1,0,1.2364312,-0.1850900009,0.3405091016,0.4589032665,0.05566941538,0.8521612677,0.2452139515
1041,34700000000,1,0,1.230075896,-0.1786725647,0.3404935549,0.4626431189,0.05695966676,0.8540939116,0.2307390973
1042,34733333333,1,1,1.198626607,-0.1918191158,0.3176615415,0.4660307616,0.05682624999,0.8533680804,0.2266032345
1043,34766666667,1,0,1.200003178,-0.1850068519,0.2994312812,0.4638372204,0.05848751235,0.8564324038,0.2189926519
1044,34800000000,1,0,1.190596685,-0.1777429999,0.2996628743,0.4569912518,0.05881569408,0.8623784611,0.2097691581
1045,34833333333,1,0,1.185441578,-0.1767802899,0.2993611802,0.4497841899,0.05660487754,0.8661125923,0.2105683924
1046,34866666667,1,0,1.184991905,-0.1707670255,0.2923896105,0.4466080008,0.05441739491,0.8676334952,0.2116415807
1047,34900000000,1,0,1.178776639,-0.1696095609,0.2913494729,0.4439400285,0.05053640229,0.8684410538,0.2148801042
1048,34933333333,1,1,1.147216461,-0.1414453156,0.2710562608,0.4436935315,0.05070186453,0.8672920507,0.2199315117
1049,34966666667,1,0,1.145236831,-0.1339239667,0.2609875337,0.4400555418,0.04603097107,0.868147751,0.2248371683
1050,35000000000,1,0,1.133876362,-0.1261633773,0.2648423273,0.4337970209,0.03900597419,0.8698797475,0.2315338065
1051,35033333333,1,0,1.128857299,-0.1229010657,0.2632361261,0.4278106048,0.03186787103,0.8697564606,0.2438979797
1052,35066666667,1,0,1.123033589,-0.1168824901,0.2580477454,0.4232489315,0.02428158498,0.8689112173,0.2554682821
1053,35100000000,1,1,1.079069629,-0.10461229,0.243067178,0.4201646501,0.02112462688,0.8657348156,0.2711432205
1054,35133333333,1,0,1.070985382,-0.10662579,0.2373983348,0.4134373429,0.01244950719,0.862229399,0.292361141
1055,35166666667,1,0,1.073255393,-0.09725152684,0.2279881457,0.404792221,0.003135426911,0.8601525545,0.3102756997
1056,35200000000,1,0,1.067213692,-0.09294628672,0.2232918245,0.394293333,-0.007305217853,0.8589046826,0.3267447744
1057,35233333333,1,1,1.049434391,-0.06261989348,0.2140090987,0.3836553487,-0.01438140524,0.8575632678,0.342325854
1058,35266666667,1,0,1.045135134,-0.0600281954,0.2081343996,0.3705484129,-0.02265017438,0.8556750461,0.3605565959
1059,35300000000,1,0,1.039826753,-0.06079782747,0.2010273997,0.3586598484,-0.02835321624,0.8542943597,0.3751537754
1060,35333333333,1,0,1.030751411,-0.06049236137,0.1991672625,0.347008419,-0.03232564193,0.8537299033,0.386892055
1061,35366666667,1,0,1.014567667,-0.07332513339,0.1984430794,0.3376857384,-0.035259071,0.8527353747,0.3969477557
1062,35400000000,1,0,0.9993835232,-0.07682774391,0.199929912,0.3322985619,-0.0399280954,0.8529300939,0.4006166096
1063,35433333333,1,1,0.9724017459,-0.06227450848,0.1873445981,0.3303941191,-0.04372820169,0.8517567625,0.4042746443
1064,35466666667,1,0,0.9581697067,-0.06799507576,0.193089032,0.325408754,-0.04593685039,0.8499420693,0.4118220822
1065,35500000000,1,0,0.9467340353,-0.07237030608,0.2039920609,0.3243925894,-0.0479263449,0.8468720393,0.418664857
1066,35533333333,1,0,0.9318208586,-0.076813428,0.2166271443,0.3283926749,-0.05071271044,0.8419916804,0.4250135082
1067,35566666667,1,0,0.9114055706,-0.08209709348,0.2246524522,0.3350670904,-0.05410338141,0.8358329985,0.4314928362
1068,35600000000,1,1,0.8959991809,-0.07050544693,0.2399133003,0.3401443698,-0.05739092469,0.832333683,0.4338533504
1069,35633333333,1,0,0.8793764678,-0.08143046345,0.2528952233,0.3431153078,-0.06182396906,0.8278350357,0.4394756376
1070,35666666667,1,0,0.8582465099,-0.09573841654,0.2659412898,0.3456876648,-0.06238612757,0.8243988516,0.4438181418
1071,35700000000,1,0,0.8314908703,-0.1075356633,0.2826308806,0.3482557538,-0.06079949411,0.8217324513,0.4469643498
1072,35733333333,1,0,0.8035533215,-0.1174509112,0.297200872,0.3508829651,-0.0601056704,0.8188962985,0.4501969631
1073,35766666667,1,0,0.7770281577,-0.1293209907,0.3080083924,0.3522885918,-0.06016449972,0.8168345451,0.452829225
1074,35800000000,1,1,0.7605588717,-0.1282161382,0.3182873026,0.3513374507,-0.05948429567,0.8171915238,0.4530139377
1075,35833333333,1,0,0.7343033252,-0.1384064081,0.3310913547,0.347811944,-0.05921969157,0.817523166,0.4551656322
1076,35866666667,1,0,0.710392509,-0.1507733294,0.3425806726,0.3434254136,-0.06018694916,0.8188298779,0.456019898
1077,35900000000,1,0,0.6878854591,-0.1632726648,0.3563438385,0.3387758346,-0.06231130242,0.8204291755,0.4563378173
1078,35933333333,1,0,0.6659943112,-0.1769948679,0.3714290354,0.3343611369,-0.06592940832,0.8225008456,0.4553551385
1079,35966666667,1,0,0.6465236504,-0.1865516122,0.3935024366,0.3308594587,-0.06925207198,0.8238769969,0.4549317125
1080,36000000000,1,1,0.6176141201,-0.1984056905,0.4058029147,0.3302831813,-0.07303788805,0.8224045191,0.4574158874
1081,36033333333,1,0,0.5965646078,-0.2118191194,0.4158264338,0.3269530843,-0.07646047103,0.8214347716,0.4609776491
1082,36066666667,1,0,0.5780190259,-0.2267403631,0.4279333107,0.3232288653,-0.07823650133,0.8209164467,0.4642179855
1083,36100000000,1,0,0.5642674924,-0.2448822368,0.4388499391,0.3216289675,-0.08064898971,0.8206391109,0.465405197
1084,36133333333,1,0,0.5505480099,-0.2603961561,0.4552360472,0.3222840006,-0.08023780185,0.8206717002,0.4649654596
1085,36166666667,1,0,0.526402865,-0.2686101894,0.4681096271,0.3259515238,-0.07699935273,0.8192834199,0.4654045356
1086,36200000000,1,0,0.502705496,-0.2751777792,0.4778363995,0.3281870127,-0.07673378079,0.8168465314,0.4681527055
1087,36233333333,1,0,0.4875384382,-0.2877781852,0.4829269295,0.3305848512,-0.07835545725,0.8130526052,0.4727785313
1088,36266666667,1,0,0.4651153584,-0.2955714147,0.4817712199,0.334940006,-0.07751022441,0.8097758793,0.4754685928
1089,36300000000,1,1,0.4381234312,-0.2981905326,0.4846669249,0.3364096086,-0.07731721739,0.8088415205,0.4760525369
1090,36333333333,1,0,0.4198882827,-0.3061440449,0.4822082908,0.337819355,-0.08001190108,0.8091287503,0.4741169102
1091,36366666667,1,0,0.3903351919,-0.3012380159,0.4850902035,0.3381948085,-0.08221635216,0.8108731678,0.470477894
1092,36400000000,1,0,0.3721378074,-0.3032493424,0.4841830983,0.3340964208,-0.08295097576,0.811323315,0.472496768
1093,36433333333,1,0,0.3579351242,-0.3060996095,0.4781271948,0.3330114634,-0.08318954041,0.810929111,0.4738953919
1094,36466666667,1,0,0.3406964249,-0.3054916588,0.4743182992,0.3336758147,-0.08413481471,0.8107312575,0.4735996322
1095,36500000000,1,0,0.3225682216,-0.3003004132,0.473071771,0.337626169,-0.08708706276,0.8090429799,0.473153115
1096,36533333333,1,1,0.2991162924,-0.2870866313,0.4661662452,0.3421550573,-0.09063116153,0.804858316,0.4763601584
1097,36566666667,1,0,0.2894504613,-0.2848898067,0.4495116019,0.3459470514,-0.09562650514,0.7992642835,0.4820298893
1098,36600000000,1,0,0.2754204965,-0.2807163366,0.4316197236,0.3543815753,-0.1020418304,0.7946666986,0.4821887619
1099,36633333333,1,0,0.2558818274,-0.2705115159,0.4184544057,0.3625364858,-0.1060833707,0.7918500484,0.4798823978
1100,36666666667,1,0,0.2419443381,-0.2668839201,0.3966279611,0.3691660743,-0.1060985641,0.7879649643,0.4812179541
1101,36700000000,1,0,0.2325417031,-0.2691735613,0.3712299697,0.3768321511,-0.1039930695,0.786003774,0.4789374057
1102,36733333333,1,1,0.2178246446,-0.2548618129,0.3623145622,0.3870976265,-0.1019868721,0.7864260067,0.4704128415
1103,36766666667,1,0,0.1910599101,-0.2398552652,0.3522907766,0.3996025823,-0.09929964381,0.7845509155,0.4636132203
1104,36800000000,1,0,0.1762789926,-0.2383741192,0.3326174326,0.4121521678,-0.09792432462,0.7787504423,0.4626977046
1105,36833333333,1,0,0.149608958,-0.2253510997,0.3081538569,0.430219195,-0.09965392387,0.7723310268,0.4566019325
1106,36866666667,1,0,0.1271887364,-0.2141443768,0.2841241099,0.4447755364,-0.1021674157,0.7680127222,0.4493250493
1107,36900000000,1,0,0.1099635655,-0.2098162132,0.2638448393,0.4577445826,-0.1011952163,0.7643713548,0.4426803105
1108,36933333333,1,1,0.08972958381,-0.201713532,0.2414370902,0.474662306,-0.09992951944,0.7598094701,0.4328964722
1109,36966666667,1,0,0.0608972281,-0.1875411712,0.2212227791,0.4922339178,-0.1004797743,0.755839992,0.4198993828
1110,37000000000,1,0,0.03401877144,-0.1776901185,0.1968409947,0.5079454038,-0.09996577957,0.7525778154,0.4069704428
1111,37033333333,1,0,-0.003991820267,-0.1562625259,0.1805672752,0.5189230554,-0.09879681612,0.7509333776,0.3963043202
1112,37066666667,1,0,-0.01168582617,-0.1533077381,0.1570451266,0.5277256485,-0.1017840134,0.7469432128,0.3914351688
1113,37100000000,1,0,-0.04228709002,-0.1392279522,0.1424384648,0.5399549692,-0.1019441754,0.7443201411,0.379530689
1114,37133333333,1,1,-0.0498869502,-0.1425015994,0.127886025,0.5465104555,-0.1067806772,0.7399401159,0.3773762498
1115,37166666667,1,0,-0.06825663495,-0.1324518926,0.1127371452,0.5570234691,-0.1077783584,0.7353858022,0.3705622785
1116,37200000000,1,0,-0.09155603232,-0.1155059244,0.09572850004,0.5662424358,-0.1093332306,0.7301083033,0.3665482424
1117,37233333333,1,0,-0.0997973702,-0.1101126426,0.07530043963,0.5726379366,-0.1126880471,0.7243467256,0.3670272724
1118,37266666667,1,0,-0.1093924259,-0.0975626244,0.05007972106,0.5792115109,-0.1119565812,0.7201918681,0.3651074126
1119,37300000000,1,0,-0.1243364357,-0.08602007661,0.02755369414,0.5831158046,-0.1101117058,0.7189567863,0.3618736106
1120,37333333333,1,0,-0.1319238778,-0.07989291323,0.01396209921,0.5854817859,-0.1096578048,0.7183522423,0.3593832218
1121,37366666667,1,1,-0.139113299,-0.07744448762,-0.002211329594,0.5888812749,-0.1080178283,0.7157541561,0.3595093612
1122,37400000000,1,0,-0.1421092787,-0.06962069356,-0.02404139423,0.5957014672,-0.1067214175,0.7114577594,0.3571808473
1123,37433333333,1,0,-0.151164696,-0.05594260798,-0.04444502962,0.6040772063,-0.1060067937,0.7070957101,0.3519502029
1124,37466666667,1,0,-0.1589553181,-0.04116399473,-0.06375726191,0.6116383809,-0.1058820225,0.7025033955,0.3481041046
1125,37500000000,1,0,-0.1602814741,-0.02913535308,-0.08595980979,0.6187194676,-0.1046392155,0.6968465924,0.3473351144
1126,37533333333,1,0,-0.1664128973,-0.0100010568,-0.1148959159,0.625413817,-0.1004610954,0.6915284255,0.3472082409
1127,37566666667,1,1,-0.1756330125,0.001807106189,-0.1495910955,0.6275097282,-0.0990534975,0.6882052725,0.3504189615
1128,37600000000,1,0,-0.1706278059,0.01451118247,-0.1799192381,0.6263707143,-0.1013947469,0.6868414106,0.3544399953
1129,37633333333,1,0,-0.1729634397,0.03126776974,-0.2096760692,0.6261526721,-0.1027651855,0.6866151925,0.3548686027
1130,37666666667,1,0,-0.1773852935,0.05645686563,-0.2349487891,0.6244058674,-0.1062874517,0.6866385809,0.3568581645
1131,37700000000,1,0,-0.1661886168,0.06604397414,-0.2617697565,0.621573467,-0.1112014698,0.6850928725,0.3632195125
1132,37733333333,1,0,-0.1632097836,0.08223927242,-0.2944076553,0.6216991492,-0.1134069097,0.682614304,0.3669696891
1133,37766666667,1,1,-0.1605337519,0.1001411461,-0.331961956,0.6211384325,-0.1173219827,0.6806481743,0.3703250772
1134,37800000000,1,0,-0.1528021627,0.1103227748,-0.3661943228,0.6190940886,-0.1221505464,0.6801988594,0.3730030363
1135,37833333333,1,0,-0.1536819703,0.1265850528,-0.392547912,0.6180594311,-0.1271894113,0.6812176589,0.3711709774
1136,37866666667,1,0,-0.1486227939,0.1359277186,-0.4216214768,0.6163674497,-0.1351191468,0.6808697156,0.3718204049
1137,37900000000,1,0,-0.1459394773,0.1464020491,-0.4516320556,0.6159099905,-0.1412098228,0.6808206374,0.3704023884
1138,37933333333,1,0,-0.1501619111,0.1632553045,-0.4800480623,0.6148659399,-0.148149086,0.6814437318,0.3682745778
1139,37966666667,1,1,-0.1444908463,0.1735580749,-0.5114299681,0.6114658469,-0.1555649202,0.6816717022,0.3704494083
1140,38000000000,1,0,-0.1459583426,0.1877005113,-0.5346248845,0.6082873129,-0.1580761182,0.6826534617,0.3728038854
1141,38033333333,1,0,-0.1473603015,0.2036641236,-0.5614365328,0.6045272172,-0.1614400015,0.6826641607,0.3774302761
1142,38066666667,1,0,-0.1484389423,0.218235515,-0.5833127961,0.5992380635,-0.1647573564,0.6832955132,0.3832440455
1143,38100000000,1,0,-0.1531731306,0.2407032699,-0.6033400542,0.5940106878,-0.1679441835,0.6826438961,0.3910797426
1144,38133333333,1,0,-0.1462809597,0.2508806685,-0.6248669432,0.5869013925,-0.174196202,0.6795147458,0.404304525
1145,38166666667,1,1,-0.1462890931,0.2706999847,-0.6533627005,0.5841841186,-0.1752111353,0.6746511342,0.415783382
1146,38200000000,1,0,-0.1512696376,0.2908853322,-0.6702668934,0.5821539853,-0.1800614686,0.6686698104,0.4260930528
1147,38233333333,1,0,-0.1475660608,0.3104289812,-0.6925241557,0.5813916029,-0.1883792509,0.6584071037,0.4393144064
1148,38266666667,1,0,-0.1444923064,0.3302077192,-0.7162065142,0.579304565,-0.1967365558,0.649562546,0.4514082934
1149,38300000000,1,0,-0.1376319175,0.3424821329,-0.7345349068,0.5743753005,-0.2092810573,0.6409595524,0.4641824054
1150,38333333333,1,1,-0.1346210144,0.3710561707,-0.7413623347,0.5735336877,-0.2149127127,0.6341223394,0.4719750986
1151,38366666667,1,0,-0.1321380369,0.3879364813,-0.7565669741,0.5754835409,-0.2229007675,0.6219487831,0.4819892667
1152,38400000000,1,0,-0.1298378541,0.4024510168,-0.7712238093,0.5793096962,-0.2285424852,0.6103338281,0.4895520674
1153,38433333333,1,0,-0.1306670547,0.417828948,-0.7846290823,0.5861823394,-0.2337597224,0.5981432985,0.4939344608
1154,38466666667,1,0,-0.1304815365,0.4317524966,-0.8017407164,0.5951922478,-0.2400463326,0.5837817981,0.4973155523
1155,38500000000,1,1,-0.1293131496,0.4548850902,-0.8195680355,0.6062567097,-0.2427340857,0.5699349932,0.4987053931
1156,38533333333,1,0,-0.1252448111,0.4652001024,-0.8400697948,0.6148329944,-0.2472062206,0.5581307625,0.4993591147
1157,38566666667,1,0,-0.1299376433,0.4791360681,-0.8590470682,0.6245032084,-0.249345686,0.5494792314,0.4958780553
1158,38600000000,1,0,-0.1324443018,0.4931625625,-0.8806752711,0.6336525969,-0.2557957854,0.5388693428,0.4926182436
1159,38633333333,1,0,-0.1263406393,0.5008379063,-0.9070229193,0.641020024,-0.2657561192,0.5283023,0.4892480902
1160,38666666667,1,0,-0.1219719936,0.5010854592,-0.9289653125,0.6475382641,-0.2713373184,0.5231782872,0.4830680449
1161,38700000000,1,1,-0.1273268808,0.5158221649,-0.9425980123,0.6567778945,-0.2694736952,0.5200893907,0.4749039383
1162,38733333333,1,0,-0.1251519376,0.5169547013,-0.9636389868,0.6637862984,-0.2710111183,0.5136546136,0.4712745078
1163,38766666667,1,0,-0.1184020247,0.5117912203,-0.9843302369,0.6698860041,-0.2711818084,0.5083263477,0.4683134554
1164,38800000000,1,0,-0.1094947973,0.5035789125,-1.004896729,0.678311302,-0.2683196459,0.5043801703,0.462059508
1165,38833333333,1,0,-0.1119809506,0.5021612957,-1.026214822,0.6897983376,-0.2617453988,0.5022186909,0.451047654
1166,38866666667,1,0,-0.1041831809,0.4938939866,-1.045737987,0.6985982178,-0.2574785291,0.500292411,0.4420100006
1167,38900000000,1,1,-0.1003431533,0.4888357098,-1.061257395,0.708065706,-0.2475990824,0.5021446962,0.4303351652
1168,38933333333,1,0,-0.1046461234,0.4870207872,-1.079970887,0.7171891379,-0.2361930032,0.506716411,0.4160421667
1169,38966666667,1,0,-0.09689993931,0.4753695865,-1.09644118,0.7215306614,-0.2294718509,0.510607822,0.4074503975
1170,39000000000,1,0,-0.09232370553,0.4653296117,-1.1113967,0.7255843743,-0.2179768915,0.5170071971,0.3983929576
1171,39033333333,1,0,-0.08368677709,0.4525823702,-1.128989223,0.730020113,-0.207024939,0.5225492736,0.3887847296
1172,39066666667,1,0,-0.08000308673,0.4411829576,-1.142937599,0.7349724778,-0.1961401188,0.5292000484,0.375888041
1173,39100000000,1,1,-0.06854019466,0.4256827009,-1.151820088,0.7386142013,-0.1858395735,0.5350993844,0.365487843
1174,39133333333,1,0,-0.06396474665,0.41741033,-1.171615511,0.74392398,-0.1699085242,0.5415177049,0.3527984988
1175,39166666667,1,0,-0.06299373496,0.4122617127,-1.193692212,0.7477494163,-0.155855976,0.5492939655,0.3389039166
1176,39200000000,1,1,-0.05613415827,0.3992737012,-1.214052706,0.7474846718,-0.1462805444,0.5584836955,0.3285797157
1177,39233333333,1,0,-0.05033357095,0.3895201242,-1.228057001,0.744467173,-0.1346318593,0.5708683724,0.3189861943
1178,39266666667,1,0,-0.04070279797,0.381303642,-1.24548121,0.7402075376,-0.1208298025,0.583402125,0.3116647568
1179,39300000000,1,0,-0.03471883407,0.3744774104,-1.262089356,0.7347301503,-0.1053517922,0.5968797231,0.3046427452
1180,39333333333,1,1,-0.02381022098,0.3554537397,-1.273418101,0.7283477221,-0.09184750638,0.6102006076,0.2978738823
1181,39366666667,1,0,3.941179654e-05,0.3308282566,-1.296664191,0.7224481833,-0.07151435857,0.6229796209,0.2912914536
1182,39400000000,1,0,-0.002769269297,0.3324022378,-1.303935442,0.716692223,-0.04311741155,0.6395610201,0.2746904581
1183,39433333333,1,1,0.009341847055,0.3154051051,-1.328178704,0.7111984366,-0.02189367828,0.6518044166,0.2624279962
1184,39466666667,1,0,0.01068706752,0.3141454433,-1.334690477,0.7042869889,0.0005950300059,0.6667964058,0.2436432566
1185,39500000000,1,1,0.009557917723,0.3018196006,-1.339018938,0.698079081,0.01529553463,0.6785688319,0.2280262783
1186,39533333333,1,0,0.005672140122,0.3009444286,-1.341652246,0.6923917298,0.02735823331,0.6888549488,0.2128945256
1187,39566666667,1,0,0.01151515911,0.2960954486,-1.345666924,0.6872772279,0.03837877959,0.6974102567,0.1994893859
1188,39600000000,1,0,0.01576056752,0.2902366866,-1.34800482,0.6835260493,0.05040351862,0.704421676,0.1845040044
1189,39633333333,1,1,0.03317179585,0.2739913739,-1.366898872,0.6835642039,0.05900536608,0.7063626998,0.1740979101
1190,39666666667,1,0,0.04010714086,0.2717175322,-1.370898348,0.6836201287,0.0706203703,0.7084261397,0.1606508249
1191,39700000000,1,0,0.04000429675,0.2714982186,-1.372391809,0.6846049497,0.0810074927,0.7091864126,0.1476769488
1192,39733333333,1,1,0.03452319531,0.269446937,-1.370145759,0.6849011715,0.08787051263,0.7101910924,0.1371778795
1193,39766666667,1,0,0.03213544014,0.2662185191,-1.370495606,0.684252741,0.09222060198,0.7109613883,0.1335194795
1194,39800000000,1,0,0.03437715295,0.2636411764,-1.369091303,0.6819871229,0.09320826006,0.7130116523,0.1334922025
1195,39833333333,1,0,0.03684132027,0.2606511044,-1.369692837,0.6786002787,0.0938026673,0.7151400779,0.1388430421
1196,39866666667,1,1,0.03592151269,0.2592943304,-1.373654676,0.6774141231,0.08912245561,0.7157371498,0.1445255209
1197,39900000000,1,0,0.03629035318,0.2585494137,-1.375553066,0.6770957807,0.08388332143,0.7147884288,0.1535656025
1198,39933333333,1,0,0.03653682009,0.2574418019,-1.37713533,0.6790328391,0.07638744924,0.7117306831,0.1628459264
1199,39966666667,1,0,0.03691773333,0.2547556119,-1.379416952,0.6828415461,0.0653007523,0.7064599086,0.1742918018
1200,40000000000,1,1,0.03615059381,0.2532678284,-1.378945863,0.6865309392,0.05202322308,0.7004674174,0.1879208634
1201,40033333333,1,0,0.03620820027,0.2522885279,-1.378511828,0.6899703796,0.03958457951,0.6940071448,0.2018118415
1202,40066666667,1,0,0.03726360891,0.2515469359,-1.378102893,0.6920910985,0.02521708275,0.6882604909,0.2160358921
1203,40100000000,1,0,0.03862943574,0.2524254532,-1.378220987,0.6937251188,0.01334901205,0.6822173713,0.2305357276
1204,40133333333,1,0,0.04181757234,0.2535399707,-1.377820356,0.6949498834,0.00193192556,0.6765154308,0.2436550822
1205,40166666667,1,1,0.04483483702,0.2523547582,-1.375904629,0.6955265889,-0.00985996719,0.6702226041,0.2587415818
1206,40200000000,1,0,0.04563392418,0.2537545012,-1.375234492,0.6974384516,-0.01984375513,0.6636207005,0.2698025155
1207,40233333333,1,0,0.04608411754,0.2581422759,-1.374202746,0.6996010523,-0.0278874013,0.6579994418,0.2771595119
1208,40266666667,1,0,0.04761843333,0.261378758,-1.373370316,0.7022469501,-0.03461588632,0.6535472338,0.2802266488
1209,40300000000,1,0,0.05156819939,0.2596431938,-1.373213629,0.7046997746,-0.04345623836,0.6487630409,0.2839300968
1210,40333333333,1,1,0.04291988317,0.2608735372,-1.38706163,0.7101482579,-0.0534632068,0.6403466574,0.2877278153
1211,40366666667,1,0,0.04345998582,0.2618459699,-1.387644956,0.7132459984,-0.0614030467,0.6337559469,0.2930242503
1212,40400000000,1,0,0.04031576842,0.2613323627,-1.389344894,0.7177925853,-0.07002934435,0.6259308604,0.2967831757
1213,40433333333,1,1,0.03198787071,0.269477707,-1.393415406,0.7256842431,-0.07767042534,0.6147660001,0.2990191456
1214,40466666667,1,0,0.03046765073,0.2700754158,-1.395085099,0.7326430068,-0.09282602288,0.6014919368,0.3046719614
1215,40500000000,1,0,0.03028866323,0.2703508419,-1.396362891,0.7383303387,-0.1098550631,0.59066942,0.306447079
1216,40533333333,1,0,0.02901362125,0.2705336247,-1.397466818,0.7436305698,-0.1234535057,0.5824654869,0.3041492464
1217,40566666667,1,1,0.02254153881,0.2804684231,-1.409391495,0.7540907618,-0.1313188373,0.5697458456,0.2991523983
1218,40600000000,1,0,0.02124330073,0.2814169873,-1.411735949,0.7577853513,-0.1476078318,0.5608965706,0.2989453569
1219,40633333333,1,0,0.01951131499,0.2817894166,-1.414360032,0.7605860462,-0.160961908,0.553769583,0.29822706
1220,40666666667,1,0,0.01709821446,0.282929967,-1.417307772,0.7608102919,-0.1730180055,0.5492019065,0.2993488523
1221,40700000000,1,0,0.01615947764,0.2837421423,-1.419636042,0.7584570455,-0.185547692,0.5461743783,0.3033290501
1222,40733333333,1,1,0.01144812794,0.295171754,-1.435527613,0.7624448321,-0.1879987653,0.5383370125,0.3058228298
1223,40766666667,1,0,0.01059276066,0.2968305106,-1.439284108,0.7577681312,-0.1969909861,0.5370022708,0.3140232028
1224,40800000000,1,0,0.009238736525,0.2983035674,-1.442800343,0.7516507659,-0.2040060181,0.5376798984,0.322959746
1225,40833333333,1,0,0.008551754679,0.2998807377,-1.446311672,0.7464507702,-0.210565976,0.5373859422,0.3311941522
1226,40866666667,1,0,0.007372679963,0.3019051841,-1.450693894,0.7430192226,-0.2164333675,0.5360243253,0.3372787497
1227,40900000000,1,1,0.008180442248,0.3153279521,-1.463175312,0.7445174683,-0.2200270607,0.5316247098,0.3386103953
1228,40933333333,1,0,0.008437390899,0.3188476899,-1.466970995,0.7389345518,-0.2286162544,0.5318906674,0.3446776092
1229,40966666667,1,0,0.008576985958,0.3224830872,-1.471199502,0.732840923,-0.2368365818,0.5307246013,0.353813528
1230,41000000000,1,0,0.01058853251,0.3258902492,-1.474617515,0.7259491373,-0.247287143,0.5290868119,0.3631997583
1231,41033333333,1,0,0.01204144178,0.3294182885,-1.479117023,0.7201912251,-0.2548234988,0.528347053,0.3704577915
1232,41066666667,1,1,0.01335365027,0.3392369684,-1.488019627,0.7178029858,-0.2579845531,0.5261296659,0.3760191733
1233,41100000000,1,0,0.01503167465,0.3432299251,-1.491766558,0.7103830337,-0.267058746,0.5264580294,0.383246024
1234,41133333333,1,0,0.01728196502,0.3475481334,-1.495663644,0.7039350018,-0.2733510054,0.5266022912,0.3904417601
1235,41166666667,1,0,0.01892052178,0.3521334653,-1.499462212,0.6981491977,-0.2782113764,0.5277915352,0.3957552567
1236,41200000000,1,1,0.02121916095,0.3583235471,-1.504581535,0.695864609,-0.2791106605,0.5261122924,0.4013421743
1237,41233333333,1,0,0.02329982927,0.3626561027,-1.508232191,0.6950534894,-0.2793825802,0.5224866334,0.407251444
1238,41266666667,1,0,0.02582480586,0.3663445577,-1.511730574,0.6969893793,-0.2792390267,0.5177070563,0.4101350692
1239,41300000000,1,0,0.02875885578,0.3701871982,-1.514971714,0.7016558541,-0.2770631513,0.5135670241,0.4088569241
1240,41333333333,1,0,0.03164834199,0.3732219066,-1.518291832,0.70827454,-0.2737039027,0.509845336,0.4043403059
1241,41366666667,1,0,0.03282605856,0.3758780198,-1.52174775,0.7186706899,-0.2685094619,0.5043097084,0.396341805
1242,41400000000,1,1,0.03439173323,0.3800022545,-1.525741277,0.7322092816,-0.2628112057,0.4927833458,0.3898261307
1243,41433333333,1,0,0.03734666057,0.3825385351,-1.528713734,0.7446284488,-0.2624207485,0.4794326555,0.3831555204
1244,41466666667,1,0,0.04096867946,0.384161191,-1.531882277,0.7585936219,-0.2628060246,0.4663443221,0.3714723186
1245,41500000000,1,0,0.04304663084,0.3851557966,-1.535796377,0.7712823108,-0.2614002077,0.4539533484,0.3615520515
1246,41533333333,1,0,0.04709794371,0.3869766923,-1.539901237,0.7817257204,-0.2628337883,0.4408561806,0.3542162134
1247,41566666667,1,0,0.051509471,0.3879600548,-1.54372717,0.7900897065,-0.2630116222,0.4341276256,0.3436805886
1248,41600000000,1,1,0.05527260211,0.3862393005,-1.549034952,0.7937932054,-0.2651114217,0.4308511182,0.3376027179
1249,41633333333,1,0,0.05907426415,0.3870075181,-1.552054265,0.7933154101,-0.2654125307,0.4320686356,0.3369325494
1250,41666666667,1,0,0.06226258113,0.3882803869,-1.554727538,0.791857077,-0.2619159024,0.4356358712,0.3385023151
1251,41700000000,1,0,0.06587389036,0.3895931895,-1.557130203,0.7907710307,-0.258766908,0.4381898767,0.3401624558
1252,41733333333,1,0,0.06900512417,0.3905313505,-1.559872983,0.7907128253,-0.2555921912,0.4403678733,0.3398852687
1253,41766666667,1,0,0.07247089778,0.3915641018,-1.561977949,0.7903454529,-0.2532564644,0.4428570493,0.3392533893
1254,41800000000,1,1,0.0776801419,0.3919647914,-1.565228198,0.7918201801,-0.2499692839,0.443237385,0.3377525427
1255,41833333333,1,0,0.07982645176,0.3929575929,-1.567136391,0.7932234743,-0.2436105916,0.4462256291,0.3351612856
1256,41866666667,1,0,0.08253627584,0.3940257643,-1.568063353,0.7947334673,-0.2373386027,0.4484274718,0.3331394695
1257,41900000000,1,0,0.08515213381,0.3949203669,-1.568867428,0.7975575741,-0.2288598753,0.4503906691,0.3296563645
1258,41933333333,1,0,0.08693017542,0.3962416769,-1.569441437,0.8009193616,-0.2160713009,0.4521898334,0.3276670928
1259,41966666667,1,0,0.08850216487,0.3967595411,-1.570246854,0.8058364459,-0.2030258064,0.4517954733,0.3244826571
1260,42000000000,1,1,0.09045335275,0.3959634414,-1.571081976,0.8122951483,-0.1935416202,0.4468820081,0.320959038
1261,42033333333,1,0,0.09269074196,0.3957701653,-1.570573829,0.8206194536,-0.1810103153,0.4404206312,0.3159883632
1262,42066666667,1,0,0.09402838617,0.3951924039,-1.571332186,0.8305669831,-0.1655876636,0.4325942819,0.3091947598
1263,42100000000,1,0,0.09506237643,0.3954827826,-1.572074652,0.8401557286,-0.1512355116,0.4236343955,0.3029852648
1264,42133333333,1,0,0.09920170828,0.3938333612,-1.573823436,0.8502901963,-0.1377256715,0.4124810844,0.2964752544
1265,42166666667,1,0,0.09702960763,0.3965512611,-1.575639168,0.8617369777,-0.1167965212,0.4061865041,0.2806786024
1266,42200000000,1,1,0.09845469796,0.3953642286,-1.578977979,0.8705437459,-0.1108546816,0.3920070246,0.2760349955
1267,42233333333,1,0,0.1030599189,0.394387,-1.581357377,0.8776272786,-0.1030740614,0.379346406,0.2743034852
1268,42266666667,1,0,0.1039297927,0.3947281488,-1.584407365,0.8840359767,-0.09395107546,0.3727025161,0.2659819952
1269,42300000000,1,0,0.1055679378,0.3940282713,-1.586557708,0.8884992823,-0.09012908226,0.367516316,0.2595718232
1270,42333333333,1,0,0.1070712196,0.3933197726,-1.588326159,0.8923258852,-0.0867704933,0.3621035746,0.2551595527
1271,42366666667,1,0,0.1095215928,0.3936331098,-1.590345587,0.8965315416,-0.08290417426,0.3553669361,0.2511422575
1272,42400000000,1,1,0.1115618894,0.3928190672,-1.59263272,0.900447802,-0.08029963112,0.3507610322,0.2443612559
1273,42433333333,1,0,0.1126721288,0.3918339198,-1.594051878,0.9040152106,-0.0780333287,0.347245685,0.2368284882
1274,42466666667,1,0,0.1133756376,0.3907217962,-1.594819773,0.9081038828,-0.07543494586,0.3430592877,0.2279632252
1275,42500000000,1,0,0.1144323579,0.3893699705,-1.595751542,0.9125812756,-0.07289867885,0.3366359387,0.2203575338
1276,42533333333,1,0,0.1159800124,0.3883273735,-1.596812482,0.9162914033,-0.06905592699,0.3317580531,0.2134899
1277,42566666667,1,0,0.11636293,0.386285966,-1.597108634,0.9191937911,-0.06549454199,0.3289111816,0.2064235305
1278,42600000000,1,1,0.1158331814,0.3836906067,-1.598197704,0.9218602697,-0.06049442132,0.3252248503,0.2018486188
1279,42633333333,1,0,0.1147693877,0.3818009052,-1.598034078,0.9244950191,-0.05446699428,0.3209030217,0.198402512
1280,42666666667,1,0,0.1131537011,0.3809312446,-1.598260485,0.9274353482,-0.04920744681,0.3143153948,0.1965912885
1281,42700000000,1,0,0.1131489075,0.378752524,-1.598765643,0.9289981614,-0.04797206432,0.3078330533,0.1997496142
1282,42733333333,1,0,0.1121722165,0.3759370479,-1.598553876,0.9295164339,-0.04580150811,0.3036145861,0.2042537737
1283,42766666667,1,0,0.1093735745,0.3759542537,-1.598512658,0.930487343,-0.04319504726,0.2989085596,0.2073189945
1284,42800000000,1,1,0.1083185635,0.3741613888,-1.598364707,0.9312951866,-0.04678521787,0.2943859322,0.209373689
1285,42833333333,1,0,0.1057886137,0.3736989541,-1.598430965,0.931270157,-0.0494671242,0.2930841202,0.2106907611
1286,42866666667,1,0,0.1031762643,0.3725592301,-1.598154706,0.9298059118,-0.05606144968,0.2913615248,0.2177763578
1287,42900000000,1,0,0.1034123321,0.3700161358,-1.597540941,0.927092217,-0.06167960767,0.2908848353,0.2282140659
1288,42933333333,1,0,0.1007453227,0.3695531193,-1.597416436,0.9240421245,-0.06280957078,0.2943801177,0.2356723494
1289,42966666667,1,0,0.09706763888,0.3696490339,-1.59687731,0.9215713864,-0.06705974518,0.2964049422,0.2415642369
1290,43000000000,1,1,0.09663795368,0.3680302655,-1.596310047,0.9186073287,-0.07249145321,0.2966562166,0.2508000279
1291,43033333333,1,0,0.0940554431,0.3686892723,-1.596102956,0.9144607523,-0.07272829594,0.3004833972,0.2611165551
1292,43066666667,1,0,0.09149591665,0.3696398249,-1.595848219,0.9089020236,-0.07809913825,0.3056673249,0.272699693
1293,43100000000,1,0,0.09068838863,0.3687379077,-1.595225116,0.9020982626,-0.08390146842,0.3130438802,0.2849259503
1294,43133333333,1,0,0.08794825488,0.3698775331,-1.595281293,0.8950935921,-0.08772363297,0.3233848526,0.2941670661
1295,43166666667,1,0,0.08609790353,0.3695875177,-1.594982838,0.8869229785,-0.0983668687,0.3346992251,0.3027672671
1296,43200000000,1,1,0.08634312427,0.3691861273,-1.593862692,0.8788368879,-0.1075448316,0.3468103071,0.3095196998
1297,43233333333,1,0,0.0835567369,0.3688811857,-1.593329167,0.8709884174,-0.115070131,0.363295514,0.3100877476
1298,43266666667,1,0,0.07993185577,0.3671443789,-1.591987815,0.8622318777,-0.128151335,0.37942019,0.3101189188
1299,43300000000,1,0,0.07871737561,0.3639484865,-1.590372849,0.8540789935,-0.141299221,0.3914582304,0.312000091
1300,43333333333,1,0,0.07687087719,0.3621059472,-1.589278297,0.8468011026,-0.1499800129,0.4038246753,0.3120248707
1301,43366666667,1,0,0.07443668705,0.3597007605,-1.587333958,0.8386310484,-0.1588938545,0.4181238276,0.3108426811
1302,43400000000,1,1,0.07302336879,0.3584925205,-1.586498174,0.832551314,-0.1645048336,0.4285466764,0.310071307
1303,43433333333,1,0,0.07179867963,0.3541115869,-1.584873337,0.8250286229,-0.1707148506,0.4399829061,0.3108042045
1304,43466666667,1,0,0.06933239587,0.3491140609,-1.582370205,0.81848732,-0.1747473962,0.4520973616,0.308463661
1305,43500000000,1,0,0.06642408954,0.3443791645,-1.579401051,0.8135166972,-0.1752193037,0.4629186003,0.3052788045
1306,43533333333,1,0,0.06203837697,0.341070424,-1.577588498,0.8093446085,-0.1728379429,0.4724037526,0.3031881342
1307,43566666667,1,0,0.05746348873,0.3376684172,-1.574241599,0.8041650027,-0.1733382095,0.4808848978,0.3033516585
1308,43600000000,1,1,0.05505993673,0.3359341512,-1.572793415,0.803430337,-0.172874172,0.48258694,0.302859802
1309,43633333333,1,0,0.05239428801,0.3311183712,-1.569387402,0.8009484111,-0.1766469576,0.4867134584,0.3006451473
1310,43666666667,1,0,0.04806816406,0.328119705,-1.566937066,0.7983283998,-0.1782934482,0.4922192873,0.2976632083
1311,43700000000,1,0,0.04408246905,0.3245233371,-1.563180071,0.7928388442,-0.1818772749,0.4980909096,0.3003875327
1312,43733333333,1,0,0.04137866415,0.3207458717,-1.559261868,0.786713102,-0.1846088476,0.5032480315,0.3061755827
1313,43766666667,1,0,0.03717036268,0.3176597458,-1.556691227,0.7810494851,-0.1854759597,0.5089515074,0.3106907356
1314,43800000000,1,1,0.03488174374,0.3164784941,-1.554267576,0.775108625,-0.1878339591,0.5125212603,0.3181933075
1315,43833333333,1,0,0.03510841648,0.310154292,-1.5489476,0.7662175028,-0.1902618668,0.5190690129,0.3275339988
1316,43866666667,1,0,0.0332421789,0.3061104946,-1.545601981,0.7629954033,-0.1850766275,0.5262482004,0.3265692701
1317,43900000000,1,0,0.02771326682,0.3037812001,-1.5400055,0.760317878,-0.1787670043,0.5354965234,0.3212515463
1318,43933333333,1,0,0.02337400453,0.3020805684,-1.535273071,0.7603016351,-0.174287015,0.538343054,0.3189862322
1319,43966666667,1,0,0.02127085001,0.29982602,-1.531469616,0.7607199227,-0.1738927769,0.5389239579,0.31721833
1320,44000000000,1,1,0.02010712085,0.2958856091,-1.528286755,0.7628742174,-0.1737294808,0.5374307054,0.3146573259
1321,44033333333,1,0,0.01725270094,0.2942761248,-1.526014067,0.76357183,-0.1702405447,0.5385048154,0.3130315978
1322,44066666667,1,0,0.01531735684,0.2924529269,-1.522772528,0.7613297328,-0.1701234175,0.5411981889,0.313910148
1323,44100000000,1,0,0.01424401852,0.2900824347,-1.520560956,0.7598631171,-0.1696862023,0.5438254377,0.3131589522
1324,44133333333,1,0,0.01079756914,0.2899649659,-1.518098118,0.7554165205,-0.1676771321,0.5498588534,0.3144606515
1325,44166666667,1,0,0.01010975152,0.2871964469,-1.513979137,0.7495948302,-0.1699326065,0.5546610468,0.3187187207
1326,44200000000,1,0,0.00806083593,0.2866034147,-1.512549984,0.7476187375,-0.1698049265,0.5573455643,0.3187450897
1327,44233333333,1,0,0.006417514211,0.2854530324,-1.509540725,0.7433997766,-0.1730035879,0.5617465973,0.319166557
1328,44266666667,1,0,0.004910786865,0.2846441118,-1.506490338,0.7401181451,-0.1752102991,0.5650698627,0.319722587
1329,44300000000,1,1,0.001085997452,0.2840917191,-1.502689261,0.7371912842,-0.1785774978,0.5679918447,0.3194438169
1330,44333333333,1,0,0.0001416823555,0.2838540282,-1.498871968,0.7331630827,-0.1835904891,0.5698136495,0.3226125096
1331,44366666667,1,0,-0.001261401972,0.2840144642,-1.496371992,0.7316196197,-0.1870779611,0.5694440905,0.3247583662
1332,44400000000,1,0,-0.002884815237,0.2848116858,-1.493999051,0.7296120496,-0.1912648021,0.5688512361,0.3278601892
1333,44433333333,1,0,-0.002880666571,0.2849011556,-1.491005581,0.7279447438,-0.1965823067,0.5668620812,0.3318421727
1334,44466666667,1,0,-0.00319327556,0.2848542525,-1.490077164,0.7286677906,-0.2017290071,0.5636638096,0.3326135421
1335,44500000000,1,0,-0.003771185714,0.2852831488,-1.488475082,0.7273553011,-0.206839744,0.5628093723,0.3337921461
1336,44533333333,1,0,-0.003191104361,0.285077397,-1.486547924,0.7251684691,-0.2111436823,0.5620570722,0.3371066366
1337,44566666667,1,0,-0.003506719381,0.2855840851,-1.486129026,0.7236915191,-0.2123926098,0.5621108439,0.3393985322
1338,44600000000,1,0,-0.003440178135,0.2858557061,-1.48501096,0.7200375375,-0.2149200012,0.5633096115,0.3435660332
1339,44633333333,1,0,-0.00300146698,0.2858405706,-1.484576153,0.7166094838,-0.2155084482,0.564616339,0.3481886648
1340,44666666667,1,0,-0.002940559304,0.2861247441,-1.48414015,0.7128226075,-0.2158337877,0.5664825366,0.352699932
1341,44700000000,1,0,-0.002473726865,0.2858728378,-1.483274688,0.7103814577,-0.2171955869,0.5674906772,0.3551599539
1342,44733333333,1,0,-0.00309468454,0.286283946,-1.483152305,0.7095233311,-0.2175905916,0.5678160304,0.3561122474
1343,44766666667,1,1,-0.002654049188,0.2859293946,-1.480867177,0.7068144831,-0.2191076539,0.5686393319,0.3592414686
1344,44800000000,1,0,-0.001815608899,0.2851351543,-1.480922095,0.7066479448,-0.218886279,0.5683743952,0.3601222374
1345,44833333333,1,0,-0.002540221732,0.2854717561,-1.481375089,0.7068299678,-0.218085638,0.5690841539,0.3591284964
1346,44866666667,1,0,-0.00276929224,0.2854487405,-1.480749072,0.7056284359,-0.2168012849,0.5703021149,0.3603348596
1347,44900000000,1,0,-0.002952860251,0.285418834,-1.480913719,0.7056806091,-0.2158782989,0.5697828141,0.3616061155
1348,44933333333,1,0,-0.002629252841,0.285147852,-1.481443725,0.7053473457,-0.2156383445,0.5696174417,0.362658512
1349,44966666667,1,0,-0.002662165416,0.2849855147,-1.481317627,0.7043941252,-0.2142726144,0.5707919279,0.3634731601
1350,45000000000,1,0,-0.002830012799,0.2849040857,-1.481698189,0.7040186154,-0.2126973392,0.5712102279,0.3644674287
1351,45033333333,1,0,-0.002849651768,0.2845953774,-1.481981355,0.7031452471,-0.2110883829,0.5721582364,0.3656000665
1352,45066666667,1,0,-0.003244519601,0.2845665894,-1.482027594,0.702589833,-0.2099514077,0.5730278841,0.365960349
1353,45100000000,1,0,-0.003087858796,0.2842828665,-1.48231265,0.7023366845,-0.2084720691,0.5734560096,0.3666207618
1354,45133333333,1,0,-0.004174105175,0.2847346032,-1.482623607,0.7019470661,-0.2062327186,0.5742711083,0.3673568789
1355,45166666667,1,0,-0.003855265016,0.2840464531,-1.482360309,0.7012759315,-0.2063914604,0.5741033282,0.3688088957
1356,45200000000,1,0,-0.003786130665,0.2836360498,-1.482748629,0.7019998408,-0.2051951943,0.573504758,0.3690304165
1357,45233333333,1,0,-0.004230490759,0.2836419088,-1.483964768,0.7021663579,-0.2035729251,0.5738566187,0.3690651043
1358,45266666667,1,0,-0.004186453344,0.2831887768,-1.483788835,0.7007678866,-0.2034537761,0.5756853819,0.368940742
1359,45300000000,1,0,-0.004230478003,0.2828906641,-1.483640114,0.7003663462,-0.2019325703,0.5769015724,0.3686391106
1360,45333333333,1,0,-0.004915894364,0.2830275785,-1.484482522,0.7001420496,-0.1996226684,0.5782266973,0.3682469106
1361,45366666667,1,0,-0.005317912332,0.2830812243,-1.484351835,0.698759869,-0.1998031447,0.5798205435,0.3682682258
