frame_index,timestamp_ns,segment,keyframe,cx,cy,cz,qw,qx,qy,qz
0,0,0,1,-1.137572192,0.247539147,-0.1700775324,0.9998406315,0.0007540004117,-0.01677756474,-0.006054448568
5,166666667,0,1,-1.162738364,0.2383981639,-0.1245638108,0.9974212826,0.0139308415,-0.05578211655,-0.04295430258
6,200000000,0,0,-1.16492527,0.2352418074,-0.1214779562,0.9966758686,0.01963092864,-0.06442225658,-0.04584334604
7,233333333,0,1,-1.196947024,0.2370942379,-0.1300990777,0.9959038319,0.02082484913,-0.06844838876,-0.05528744211
8,266666667,0,0,-1.206497959,0.2309817962,-0.1196866913,0.9944770019,0.01846296976,-0.08096903449,-0.06417652969
9,300000000,0,0,-1.223315815,0.2254301685,-0.1295637464,0.9923239638,0.01768885937,-0.09811746346,-0.0731656916
10,333333333,0,0,-1.220165967,0.2223600793,-0.1148337733,0.9888844536,0.01658223412,-0.1208057044,-0.08507966079
11,366666667,0,1,-1.238046852,0.2096508794,-0.1095462975,0.9863427166,0.01755317021,-0.1324652891,-0.09629578784
12,400000000,0,0,-1.24556491,0.2087983551,-0.1091032908,0.9836069687,0.02224549195,-0.14643717,-0.1028524399
13,433333333,0,0,-1.250596523,0.2092704815,-0.1051768559,0.9806561615,0.02481664928,-0.1597877473,-0.1102973373
14,466666667,0,0,-1.259909216,0.2053206703,-0.09857037733,0.9777953374,0.02717973958,-0.1718871061,-0.1167577095
15,500000000,0,0,-1.262446419,0.2062976576,-0.09589422059,0.9742303729,0.02959785006,-0.1849487936,-0.1256705677
16,533333333,0,0,-1.271887535,0.2052702165,-0.08279332267,0.9712395519,0.03088164682,-0.1946697434,-0.1335804915
17,566666667,0,1,-1.292102425,0.19957453,-0.08200001558,0.9688477637,0.03256129199,-0.2021326437,-0.1393419081
18,600000000,0,0,-1.294874238,0.1981171262,-0.06980150208,0.9659462526,0.03625437363,-0.2105862686,-0.1459002434
19,633333333,0,0,-1.302288982,0.1935565067,-0.06733039059,0.9639042115,0.04067000152,-0.2163951554,-0.1496922133
20,666666667,0,0,-1.311922619,0.1967711145,-0.0644456101,0.961699385,0.04563693103,-0.2236956208,-0.151696515
21,700000000,0,0,-1.32079417,0.1959350213,-0.05893797672,0.9595247764,0.04739311665,-0.232832557,-0.1511790209
22,733333333,0,0,-1.329197886,0.193689551,-0.05499138163,0.9563843524,0.04949704379,-0.2454203723,-0.1504920399
23,766666667,0,1,-1.338128252,0.189069828,-0.04877506393,0.9530545285,0.05067731476,-0.2568255254,-0.1521825383
24,800000000,0,0,-1.352520051,0.1852502206,-0.04205612668,0.9505885574,0.05274976757,-0.2657157891,-0.1516376469
25,833333333,0,0,-1.359933504,0.1848149956,-0.03447866297,0.9461591617,0.05885469696,-0.2796372736,-0.1520590693
26,866666667,0,0,-1.360791922,0.1859298243,-0.02721377256,0.9409506287,0.06263595526,-0.2922774172,-0.1589420107
27,900000000,0,0,-1.370358092,0.186580962,-0.01911870794,0.9366160205,0.06518048839,-0.3011741673,-0.1667214897
28,933333333,0,0,-1.37469052,0.1877545629,-0.01148115974,0.9316522638,0.06651195415,-0.3113285909,-0.1751420217
29,966666667,0,1,-1.391989387,0.1901412901,-0.007815715954,0.9278625434,0.06700357917,-0.3170823236,-0.1845004634
30,1000000000,0,0,-1.393803153,0.1922949237,-0.002397608752,0.9234896522,0.06653641566,-0.3245416857,-0.1934230127
31,1033333333,0,0,-1.397114477,0.1931079985,0.004288167655,0.9199592492,0.06501282324,-0.3302988857,-0.2008754806
32,1066666667,0,0,-1.403730698,0.1979632613,0.01074453066,0.9164449015,0.06242925597,-0.3361959754,-0.2078547488
33,1100000000,0,0,-1.412105159,0.2035111855,0.0186052016,0.9121450798,0.05826378082,-0.344708608,-0.2139454621
34,1133333333,0,0,-1.417203418,0.2057689052,0.0222847824,0.9077972791,0.05270481384,-0.3538926041,-0.2188294482
35,1166666667,0,1,-1.438634571,0.2174029785,0.02152173556,0.903359709,0.0474144703,-0.3618945643,-0.2252230639
36,1200000000,0,0,-1.448864378,0.2231263406,0.02159628807,0.8967930014,0.0407007098,-0.3751814068,-0.2309646659
37,1233333333,0,0,-1.449552954,0.2254134629,0.02456942258,0.8881048101,0.03212874858,-0.3926759712,-0.23673439
38,1266666667,0,0,-1.444367131,0.2208727222,0.02995939097,0.8804431076,0.02132097513,-0.4073775022,-0.2416793766
39,1300000000,0,0,-1.443060045,0.2134064763,0.04204313483,0.8742940242,0.01287077947,-0.4195958131,-0.2436876196
40,1333333333,0,0,-1.437960658,0.2068060045,0.05070617057,0.8685423703,0.007609309659,-0.4284240728,-0.2490563454
41,1366666667,0,1,-1.448204067,0.203238779,0.05920129312,0.864049399,0.0070415342,-0.4321925471,-0.2580283997
42,1400000000,0,0,-1.448255067,0.2026113583,0.05957663862,0.8579245729,0.01165170274,-0.4374281174,-0.2692328123
43,1433333333,0,0,-1.448985766,0.2032469149,0.0601036995,0.8523257941,0.01590245986,-0.4401898143,-0.2819942906
44,1466666667,0,0,-1.444644088,0.1966982326,0.0671155153,0.8468306666,0.02022595348,-0.4435487598,-0.2928023744
45,1500000000,0,0,-1.445109909,0.1851437009,0.06898832548,0.8427835056,0.02378542423,-0.4453613919,-0.301336103
46,1533333333,0,0,-1.452829041,0.1673161677,0.06164389769,0.8400802756,0.03087111424,-0.4472341234,-0.3054402457
47,1566666667,0,1,-1.442940321,0.186195415,0.06300160278,0.8375210391,0.04699478842,-0.451754551,-0.3037561926
48,1600000000,0,0,-1.440051027,0.1875013011,0.06120564366,0.8354558479,0.05311653973,-0.4549093839,-0.3037262119
49,1633333333,0,0,-1.436545836,0.1932014697,0.05639526616,0.8314932994,0.05894404218,-0.4606480088,-0.3048735882
50,1666666667,0,0,-1.431222823,0.1948890986,0.05871654929,0.8249066004,0.06129959355,-0.4679254983,-0.3111546055
51,1700000000,0,0,-1.428038664,0.1936952408,0.05741300531,0.8184469854,0.06256709463,-0.4746331051,-0.3177315003
52,1733333333,0,0,-1.418500955,0.1939438169,0.0618668861,0.8126145741,0.060875916,-0.4808505918,-0.3236269228
53,1766666667,0,1,-1.413961285,0.1867242908,0.06006844563,0.8090092445,0.05581658001,-0.4839359766,-0.3289293576
54,1800000000,0,0,-1.41201346,0.1867816868,0.05891821642,0.8056687315,0.05196654297,-0.488818821,-0.330535223
55,1833333333,0,0,-1.40926474,0.1824674909,0.06165351527,0.8027591435,0.04645372488,-0.4935829127,-0.3313543681
56,1866666667,0,0,-1.406780172,0.1807139252,0.06182656556,0.8001198974,0.04422058284,-0.4968335937,-0.3331802364
57,1900000000,0,0,-1.402776919,0.1815063974,0.05733690165,0.7963228815,0.04219154392,-0.5001824786,-0.3375014519
58,1933333333,0,0,-1.401460837,0.1808364112,0.05882757175,0.790091041,0.03963479054,-0.5065646109,-0.3428957936
59,1966666667,0,1,-1.392706508,0.1762155619,0.06279818581,0.7819669877,0.03747321235,-0.51447101,-0.3499185168
60,2000000000,0,0,-1.39525562,0.1732431563,0.06852996639,0.7764174614,0.03690159195,-0.5185445484,-0.3562664024
61,2033333333,0,0,-1.393184175,0.1713768071,0.06938050346,0.7749581836,0.03627305966,-0.5186194975,-0.3593854415
62,2066666667,0,0,-1.390777203,0.1657362711,0.07385654431,0.7748720515,0.03508901682,-0.5170422954,-0.3619521093
63,2100000000,0,0,-1.39667588,0.1648826093,0.07823026315,0.7761006632,0.03607152841,-0.5136676337,-0.3640222074
64,2133333333,0,0,-1.393916046,0.1601259319,0.07837285622,0.7788242676,0.03780688831,-0.5096189425,-0.3637195799
65,2166666667,0,0,-1.390499425,0.1604401081,0.07660533251,0.7832090002,0.03989267151,-0.5040359161,-0.3618563693
66,2200000000,0,1,-1.397681089,0.1556415944,0.08150980205,0.7840341167,0.04421462684,-0.5015995439,-0.3629510548
67,2233333333,0,0,-1.393409386,0.1564332129,0.08132266415,0.7862262316,0.05151351584,-0.4981516929,-0.3619938691
68,2266666667,0,0,-1.389798043,0.157703787,0.07523264289,0.789407684,0.05538683056,-0.4946269488,-0.3593215676
69,2300000000,0,0,-1.386306117,0.1521115859,0.07826233756,0.7920184072,0.05671730182,-0.4937261205,-0.3545765196
70,2333333333,0,0,-1.380759135,0.1504508053,0.08247177112,0.7977554266,0.0578351142,-0.4905942769,-0.3457725183
71,2366666667,0,0,-1.380311332,0.1480310067,0.09399940266,0.8053557666,0.05890278649,-0.4847428925,-0.3360905816
72,2400000000,0,1,-1.380376769,0.1454255706,0.09875964614,0.8169673651,0.05885957845,-0.4743307303,-0.3226611734
73,2433333333,0,0,-1.378062292,0.1466355919,0.09894031025,0.8279449572,0.05919924001,-0.46387006,-0.3095596312
74,2466666667,0,0,-1.377737548,0.1445240049,0.1037553532,0.8387817577,0.0583561924,-0.4539194084,-0.2949523493
75,2500000000,0,0,-1.377289107,0.1471916031,0.1095090877,0.8506526071,0.05808219941,-0.4426836228,-0.2775748732
76,2533333333,0,0,-1.374647133,0.1474935856,0.1170945085,0.8621120127,0.05804112152,-0.4301279629,-0.2615034251
77,2566666667,0,0,-1.369057355,0.1495035342,0.1149252579,0.87368307,0.05870341847,-0.4152827334,-0.2465198838
78,2600000000,0,1,-1.360275904,0.1426342257,0.1129777086,0.8830987724,0.05783346224,-0.4020212731,-0.2348845352
79,2633333333,0,0,-1.353435064,0.1454313116,0.1174435014,0.89151009,0.06048014222,-0.3887614693,-0.2245360368
80,2666666667,0,0,-1.345211809,0.1416166466,0.1230987956,0.9006599834,0.0630365342,-0.3730273678,-0.2137488538
81,2700000000,0,1,-1.314589609,0.1299648462,0.1261659319,0.9117827482,0.0637476271,-0.3537482113,-0.1986219098
82,2733333333,0,0,-1.306906626,0.1321163245,0.1194949998,0.9255215824,0.06405754908,-0.3261775327,-0.1814239457
83,2766666667,0,0,-1.307935777,0.1417713306,0.1173757925,0.9376414322,0.06539662655,-0.2991073931,-0.1645800509
84,2800000000,0,0,-1.301773286,0.1376610289,0.1126146099,0.9474799132,0.0640870047,-0.2744418422,-0.1511831512
85,2833333333,0,0,-1.294428032,0.1347788395,0.1027435535,0.9559741104,0.06588932895,-0.2512421417,-0.1365631092
86,2866666667,0,1,-1.254567855,0.1452581881,0.1003382085,0.9624885336,0.06846864631,-0.2325788273,-0.1217988355
87,2900000000,0,0,-1.252225403,0.1501197673,0.09520362053,0.9702058827,0.06488818056,-0.2073755844,-0.1071701273
88,2933333333,0,0,-1.244923677,0.1548282642,0.08579679944,0.9771628456,0.05958683383,-0.1830379362,-0.08999609109
89,2966666667,0,0,-1.23439551,0.1588420323,0.07780931319,0.9828128694,0.0537243684,-0.1595192546,-0.0758034529
90,3000000000,0,0,-1.226641503,0.1633596339,0.06616946662,0.9877034488,0.04604100146,-0.1357193509,-0.0624690414
91,3033333333,0,0,-1.226693318,0.1658575792,0.05386391895,0.9916482537,0.03688636061,-0.113694109,-0.04844364711
92,3066666667,0,1,-1.186312456,0.1720706563,0.03810829167,0.9941309881,0.02820027891,-0.09930291093,-0.03236131462
93,3100000000,0,0,-1.180166077,0.1729160316,0.02705819558,0.9963717654,0.02385902603,-0.07972894308,-0.017814252
94,3133333333,0,0,-1.167879784,0.177959406,0.01321827244,0.9979368761,0.0187196789,-0.06140460819,-0.00101929624
95,3166666667,0,0,-1.160994971,0.1786351,-0.0008199641479,0.9987382527,0.01477378274,-0.04564315316,0.01484386896
96,3200000000,0,0,-1.151059652,0.1861124304,-0.01024980181,0.9990615677,0.01583057604,-0.03176483643,0.02482684086
97,3233333333,0,1,-1.091580578,0.2074343915,-0.02637551568,0.9987964472,0.01447114416,-0.02464570511,0.03986016011
98,3266666667,0,0,-1.067764753,0.209526564,-0.03852015123,0.998213386,0.01346682709,-0.01259512142,0.05683347148
99,3300000000,0,0,-1.051648197,0.2257705013,-0.06203136074,0.9975238595,0.0149332016,0.002113821405,0.06869265551
100,3333333333,0,0,-1.028882086,0.2338820133,-0.0736696549,0.9967021454,0.01298901141,0.01476979217,0.07872720145
101,3366666667,0,0,-1.006794861,0.2408021884,-0.08642951696,0.995568161,0.01212401282,0.02663134864,0.08937458439
102,3400000000,0,1,-0.9492135693,0.2624827171,-0.09576505696,0.9945235244,0.01491236154,0.03209745363,0.09833785815
103,3433333333,0,0,-0.918094648,0.2765552779,-0.1146118347,0.9934822553,0.01692435986,0.04267938931,0.1043314151
104,3466666667,0,0,-0.8711831975,0.2801691625,-0.1156763634,0.9922210485,0.01940310042,0.05175508208,0.1115451572
105,3500000000,0,1,-0.8201751422,0.2907795617,-0.145581537,0.9910625485,0.02710478783,0.06283204635,0.1145097782
106,3533333333,0,0,-0.8041532342,0.3185834262,-0.1759799084,0.9898678382,0.03563894649,0.07751172392,0.1135053345
107,3566666667,0,1,-0.7729918528,0.3501244752,-0.1975676837,0.9893150978,0.03764322751,0.08390372712,0.1131317341
108,3600000000,0,0,-0.7424656499,0.3722631744,-0.2220031984,0.989469718,0.03218117105,0.08686445218,0.1112142807
109,3633333333,0,0,-0.692250396,0.3858889935,-0.2444617599,0.9900167067,0.02492380858,0.08329605317,0.1109391352
110,3666666667,0,0,-0.6376074625,0.4044216721,-0.2649735062,0.9904675541,0.02036092244,0.08031255124,0.1100424971
111,3700000000,0,0,-0.5871467431,0.4249052332,-0.2863179943,0.9908401158,0.01687467402,0.07873923514,0.1084031506
112,3733333333,0,0,-0.5281861802,0.450429111,-0.3103042504,0.9913494744,0.01429549221,0.07795416829,0.1046183835
113,3766666667,0,1,-0.5139856024,0.4575596021,-0.3103221505,0.9918456095,0.01083535136,0.0787599446,0.09960799738
114,3800000000,0,0,-0.4651370174,0.4734935263,-0.3347672855,0.9922494902,0.008067547612,0.07843329456,0.09604208507
115,3833333333,0,0,-0.4110362638,0.5086885394,-0.3590747437,0.9927151082,0.006933690216,0.07828307306,0.09132578198
116,3866666667,0,0,-0.3633291041,0.530902016,-0.3779722456,0.9929981401,0.001038379802,0.08076441195,0.0862016552
117,3900000000,0,0,-0.3174306813,0.5466988744,-0.3896960623,0.9927966785,-0.005369904837,0.08512802908,0.0841376132
118,3933333333,0,0,-0.2824747559,0.5526461985,-0.3995531593,0.9922556381,-0.01020807279,0.09155692385,0.08331790689
119,3966666667,0,1,-0.2867506735,0.5435617424,-0.410643639,0.9920696338,-0.01265568756,0.0962191563,0.0798720801
120,4000000000,0,0,-0.2524658218,0.5737788119,-0.4269164073,0.9917793431,-0.01405590549,0.1003722146,0.07811264101
121,4033333333,0,0,-0.2263917773,0.5792599177,-0.4382808557,0.991490576,-0.02017069535,0.102176082,0.0781001218
122,4066666667,0,0,-0.1898752709,0.5736375486,-0.4538747065,0.9917010635,-0.02493060442,0.1002357044,0.07655239446
123,4100000000,0,0,-0.1604533497,0.5800678133,-0.4688894396,0.9922127318,-0.02578010449,0.09773401699,0.07278284752
124,4133333333,0,0,-0.1193102775,0.5872802309,-0.4804086459,0.992824873,-0.02644124217,0.09248054457,0.07104210795
125,4166666667,0,1,-0.1075490017,0.5757920098,-0.4846744639,0.9935610527,-0.0253877493,0.08533661717,0.07006824172
126,4200000000,0,0,-0.0548972771,0.5996605204,-0.5023654641,0.9947614211,-0.01895527407,0.07617861644,0.06547695143
127,4233333333,0,0,-0.005150277173,0.6243544317,-0.5138845101,0.9953025195,-0.0156617039,0.07131581713,0.0635740507
128,4266666667,0,0,0.03252633749,0.6247703024,-0.5252221853,0.9955371419,-0.01628367044,0.06796610531,0.06341332511
129,4300000000,0,0,0.08656115054,0.6431385532,-0.5376261541,0.9960126657,-0.01329728814,0.06209170606,0.06266236398
130,4333333333,0,0,0.1300020254,0.6440001282,-0.5489635394,0.9964488464,-0.01327220422,0.05917753399,0.05840859954
131,4366666667,0,1,0.1318837175,0.6303133209,-0.5604930757,0.9970692299,-0.01162463573,0.05622911377,0.05055794121
132,4400000000,0,0,0.1738429035,0.6309463531,-0.5727886223,0.9976729486,-0.007308635702,0.05470999464,0.04002609183
133,4433333333,0,0,0.210421595,0.6349472245,-0.5874054519,0.9982651758,-0.0002528088249,0.05163936092,0.02828340891
134,4466666667,0,0,0.2588534721,0.6648586861,-0.5973908743,0.9987400124,0.007911603117,0.0459734896,0.01849952582
135,4500000000,0,0,0.2960494144,0.665947196,-0.6071170166,0.9990472505,0.008321936939,0.04160842807,0.0102017302
136,4533333333,0,0,0.3291656417,0.6688536292,-0.6163875338,0.9993681536,0.009713301571,0.03400031251,0.003595003281
137,4566666667,0,1,0.3468053714,0.6606128225,-0.6186560334,0.9997548088,0.009182754167,0.01997403092,-0.002652820585
138,4600000000,0,0,0.3965529906,0.6587724243,-0.6246256267,0.9998771167,0.009392003049,0.00720603939,-0.01027690659
139,4633333333,0,0,0.4456846005,0.6610981847,-0.6299097384,0.9997768602,0.009605539354,-0.004906712671,-0.01816280698
140,4666666667,0,0,0.4942556241,0.6412387797,-0.6353261219,0.9994344127,0.00729856461,-0.01717492638,-0.02797512534
141,4700000000,0,0,0.5376722318,0.6397967619,-0.6454786821,0.998556509,0.009400780166,-0.02900377466,-0.04421882717
142,4733333333,0,0,0.5820267833,0.6507132745,-0.6478356494,0.9972251992,0.01007100584,-0.04295144029,-0.05996374517
143,4766666667,0,1,0.5881057,0.640470213,-0.6443757639,0.9958400463,0.005977645041,-0.05667835512,-0.07109454251
144,4800000000,0,0,0.6522957539,0.6286466888,-0.6475049829,0.9941109114,0.006429832882,-0.06902591808,-0.08329211021
145,4833333333,0,0,0.7143793027,0.6250974206,-0.6485287593,0.9924497881,0.008100110224,-0.07484571794,-0.09682935925
146,4866666667,0,0,0.763227701,0.6185094865,-0.6459246508,0.9915202458,0.009040678913,-0.07464644485,-0.1059895117
147,4900000000,0,0,0.7963045961,0.5993818844,-0.6492861614,0.9910020525,0.009788718719,-0.07273293466,-0.1119331636
148,4933333333,0,0,0.8273232021,0.6036647169,-0.6546711794,0.990299288,0.01464955689,-0.07368735167,-0.1168883433
149,4966666667,0,1,0.8110135077,0.6081434669,-0.6598754957,0.9893384818,0.01460711356,-0.07985486273,-0.1209098905
150,5000000000,0,0,0.8417514609,0.6172065679,-0.6581634707,0.9875934377,0.01229079496,-0.09397020542,-0.1252107772
151,5033333333,0,0,0.8814790905,0.5896737263,-0.6498263272,0.9850803538,0.005478602602,-0.1115832594,-0.1309040017
152,5066666667,0,0,0.9303359529,0.5831916831,-0.645867273,0.9816823167,0.006974173353,-0.1296642733,-0.1394215412
153,5100000000,0,0,0.9843660096,0.59154264,-0.6344023424,0.9777167928,0.006794226639,-0.1465420358,-0.1501637215
154,5133333333,0,0,1.028901382,0.5813765933,-0.6224020823,0.9738548698,0.003288561096,-0.1608905476,-0.1603437232
155,5166666667,0,1,1.037735951,0.5819804455,-0.6118955779,0.9701259637,-0.0003080802515,-0.1738620463,-0.1691966564
156,5200000000,0,0,1.08142795,0.5504989843,-0.5979606928,0.9673478148,-0.004467413763,-0.1828317702,-0.1754730497
157,5233333333,0,0,1.136285875,0.5567770374,-0.5863388194,0.9645337207,-0.001799335165,-0.1903981694,-0.1828113811
158,5266666667,0,0,1.176109627,0.5283421463,-0.571137419,0.9614498208,-0.006749516995,-0.1956399717,-0.1931157364
159,5300000000,0,1,1.163930182,0.4911734014,-0.568688169,0.9587872554,-0.005170775164,-0.2002054375,-0.201539189
160,5333333333,0,0,1.18781033,0.4679802024,-0.5739330341,0.9559238377,0.01251464187,-0.2078083533,-0.2070475513
161,5366666667,0,0,1.215053477,0.44642403,-0.5788354285,0.9519306363,0.03249039433,-0.2210744252,-0.2095197757
162,5400000000,0,1,1.244495885,0.4720001209,-0.585420508,0.9461963578,0.05892527446,-0.2383585773,-0.2107734641
163,5433333333,0,0,1.297157887,0.4862428907,-0.5851556517,0.9395108776,0.07101061267,-0.2582579495,-0.2134938764
164,5466666667,0,0,1.350383622,0.4526343756,-0.5650815274,0.9327509297,0.0773545971,-0.2777243052,-0.2164744321
165,5500000000,0,0,1.402381551,0.4327661861,-0.5542995784,0.9259171015,0.09173922174,-0.2913686144,-0.2221840835
166,5533333333,0,0,1.449964861,0.4194050957,-0.5465704361,0.9197989416,0.1059100641,-0.3012342186,-0.2280590076
167,5566666667,0,1,1.460418199,0.393909863,-0.5344866738,0.9138741249,0.1195936249,-0.3105058387,-0.2326318399
168,5600000000,0,0,1.51111684,0.3707952049,-0.5196624751,0.9079023851,0.1399263974,-0.3152449243,-0.2382320302
169,5633333333,0,0,1.544630582,0.3662034656,-0.5230410613,0.9048459526,0.159621445,-0.3129297853,-0.2405197409
170,5666666667,0,0,1.566363674,0.3461538538,-0.5294585102,0.9034803308,0.1737351788,-0.3123119425,-0.2366445225
171,5700000000,0,0,1.587183677,0.3438664385,-0.5426926968,0.9009821228,0.1888601919,-0.3141367912,-0.2321230679
172,5733333333,0,0,1.601879875,0.3377410599,-0.5495165848,0.8976065746,0.1994991937,-0.3205712263,-0.2274568042
173,5766666667,0,1,1.60488062,0.3153851628,-0.547325279,0.8913333521,0.2089131539,-0.3344021868,-0.2237304786
174,5800000000,0,0,1.625930944,0.3086284741,-0.5462278504,0.8838955071,0.2213682054,-0.3478137186,-0.2207950798
175,5833333333,0,0,1.648165095,0.2988884656,-0.5392963291,0.8771702095,0.2274699013,-0.3611362593,-0.2200237937
176,5866666667,0,0,1.66605975,0.2720310552,-0.5221659826,0.8703989783,0.2329392138,-0.3745768193,-0.2187170496
177,5900000000,0,0,1.691331851,0.2600822816,-0.5068394308,0.8636857807,0.2416205246,-0.3843228823,-0.2190030055
178,5933333333,0,1,1.697730947,0.2547110829,-0.4868383422,0.8574116404,0.2509366813,-0.3929629002,-0.2178444855
179,5966666667,0,0,1.709894685,0.242423318,-0.4761833451,0.8515695728,0.2589493705,-0.4005686969,-0.2175297804
180,6000000000,0,0,1.722359198,0.2152604019,-0.4615113506,0.846871991,0.2642273546,-0.4094074243,-0.2130194751
181,6033333333,0,0,1.736932021,0.1987566063,-0.4465464357,0.8415106321,0.2717965052,-0.4184171466,-0.2071559977
182,6066666667,0,0,1.748408721,0.1847123013,-0.4279466762,0.8358616002,0.2793939319,-0.4263935855,-0.2036244738
183,6100000000,0,0,1.756458467,0.1592621151,-0.4108727084,0.8305254627,0.2848459562,-0.4346099984,-0.200510315
184,6133333333,0,1,1.766363342,0.1405844785,-0.4015599215,0.8237166217,0.290100637,-0.4460285385,-0.1959364446
185,6166666667,0,0,1.780341513,0.1189298346,-0.3765459275,0.8169406834,0.2974905502,-0.4556533877,-0.191016446
186,6200000000,0,0,1.796667564,0.1085224788,-0.3644371026,0.8113001364,0.3045948048,-0.4625709385,-0.1871956741
187,6233333333,0,0,1.799245206,0.0796015115,-0.3463407746,0.8058229258,0.3107142126,-0.4700618743,-0.182065715
188,6266666667,0,0,1.783712058,0.03361969406,-0.3251462494,0.7990887713,0.320327492,-0.4779569737,-0.1743690475
189,6300000000,0,1,1.828242077,0.0225362571,-0.3012805904,0.788336995,0.3351499236,-0.486994329,-0.1703990452
190,6333333333,0,0,1.848442906,0.006816602029,-0.2831555081,0.7792711998,0.3502314697,-0.4916717417,-0.1683247253
191,6366666667,0,0,1.863078234,-0.03293408098,-0.3044370402,0.7715424333,0.3652151342,-0.4936300177,-0.1663417717
192,6400000000,0,0,1.880015583,-0.04827814417,-0.3149718287,0.7634782753,0.3817974095,-0.4956313555,-0.1602536139
193,6433333333,0,1,1.910368338,-0.03964006167,-0.2991991096,0.7548775493,0.3975332354,-0.4981242179,-0.1549176423
194,6466666667,0,0,1.917413544,-0.04021766115,-0.3031753979,0.7500241515,0.408571195,-0.4988859322,-0.1471263996
195,6500000000,0,0,1.928987398,-0.05818654662,-0.3095030481,0.744367335,0.4179182441,-0.5016427723,-0.1400576339
196,6533333333,0,0,1.949681489,-0.0275889451,-0.2766461029,0.7374682617,0.4276844707,-0.5050258464,-0.13481636
197,6566666667,0,1,1.981697329,-0.1185622099,-0.3297937712,0.7363163387,0.4245547722,-0.5093881124,-0.1345928885
198,6600000000,0,0,1.996634795,-0.1422615618,-0.3391650833,0.7349074522,0.422284543,-0.5128755232,-0.1361818605
199,6633333333,0,0,2.022106622,-0.1494202042,-0.3440023116,0.7350681435,0.4180228845,-0.5151608994,-0.1397889129
200,6666666667,0,0,2.052230792,-0.1448472228,-0.3396280161,0.7375364418,0.4117934463,-0.5157174404,-0.1431840645
201,6700000000,0,0,2.065961331,-0.1506792941,-0.326472983,0.7424144442,0.4028225378,-0.5143610741,-0.1482817643
202,6733333333,0,0,2.086283452,-0.1443880062,-0.3055843032,0.7497021838,0.3878520327,-0.5137246545,-0.1536372858
203,6766666667,0,1,2.081423506,-0.188240135,-0.3040600679,0.7560934604,0.3723583383,-0.5127277343,-0.1636527345
204,6800000000,0,0,2.099733972,-0.1827109012,-0.2754981666,0.7599112673,0.360716833,-0.5119498,-0.1741425695
205,6833333333,0,0,2.109858817,-0.1726745586,-0.2570597893,0.7640846257,0.3480241328,-0.5111323245,-0.1838413302
206,6866666667,0,0,2.11957934,-0.1567826208,-0.2152017705,0.7664909476,0.3371142504,-0.5120708797,-0.191387104
207,6900000000,0,0,2.136291708,-0.1512965615,-0.1967626599,0.7687918007,0.3255401394,-0.5131914179,-0.1990410846
208,6933333333,0,0,2.152452577,-0.1426141324,-0.1793654138,0.7715939434,0.3123659398,-0.5152024952,-0.2040507171
209,6966666667,0,1,2.159693258,-0.1549921777,-0.1291562234,0.7723839702,0.3000856192,-0.5190593306,-0.2096402516
210,7000000000,0,0,2.199513772,-0.1596529266,-0.1196475201,0.7747404897,0.2835745884,-0.5218883821,-0.2167836322
211,7033333333,0,0,2.233441761,-0.1728248086,-0.1282302346,0.7794117584,0.2620529479,-0.5231060471,-0.2240661214
212,7066666667,0,0,2.257467345,-0.1811091118,-0.1135344854,0.7824371361,0.2427419415,-0.5243752863,-0.2321616614
213,7100000000,0,1,2.269523018,-0.2076887344,-0.03108273994,0.7824099142,0.2247909771,-0.5274363199,-0.2431350885
214,7133333333,0,0,2.301404364,-0.224721184,-0.0207757906,0.7850351736,0.2068776551,-0.5254593929,-0.2545856209
215,7166666667,0,0,2.329133029,-0.229104624,-0.01066068511,0.7888046147,0.1876117752,-0.5225931385,-0.2636010491
216,7200000000,0,0,2.337732472,-0.2551120231,0.001307820757,0.7919748095,0.1673232304,-0.5194829692,-0.2737083893
217,7233333333,0,1,2.332265956,-0.2938670648,0.06148682837,0.7921849423,0.1521625533,-0.5177477909,-0.2850031572
218,7266666667,0,0,2.358968059,-0.2979929983,0.06941076126,0.792778074,0.1365577872,-0.5148534844,-0.2962782235
219,7300000000,0,0,2.367068994,-0.3237303053,0.08077566231,0.7912321571,0.1203702345,-0.5124494952,-0.3112204927
220,7333333333,0,0,2.379890495,-0.3377281778,0.09867503328,0.787380259,0.1111308723,-0.5139548813,-0.3217648784
221,7366666667,0,0,2.403031812,-0.342635817,0.1203027871,0.7828136842,0.1019022464,-0.5152756638,-0.3336310211
222,7400000000,0,1,2.421888193,-0.4067199269,0.1899125943,0.7787805392,0.08946487997,-0.5159624172,-0.3453689202
223,7433333333,0,0,2.443565764,-0.4194494355,0.2082404726,0.7785598873,0.08170225057,-0.5131176673,-0.3519652023
224,7466666667,0,0,2.464099026,-0.4301941316,0.2329317923,0.777885071,0.0725966681,-0.5098448103,-0.3601149948
225,7500000000,0,0,2.484940955,-0.4484991434,0.2521189632,0.7772899381,0.06293966692,-0.5047546459,-0.3702454563
226,7533333333,0,0,2.506393417,-0.4637657939,0.2725612702,0.7765161679,0.05313801524,-0.498907329,-0.3811698696
227,7566666667,0,0,2.520305489,-0.483475721,0.2969357598,0.7754078869,0.04242092267,-0.4914158771,-0.3942759313
228,7600000000,0,1,2.550832937,-0.5235229859,0.4273936539,0.7713540564,0.03849618213,-0.4887073656,-0.4058276414
229,7633333333,0,0,2.572264674,-0.5342153197,0.4585750485,0.7719065679,0.03214473792,-0.4812515106,-0.4141544999
230,7666666667,0,0,2.583212434,-0.5522221909,0.4882144958,0.7722566285,0.02085922092,-0.4716048632,-0.4251746061
231,7700000000,0,0,2.590483589,-0.584136216,0.5142062185,0.7729084552,0.01017759224,-0.4624349425,-0.4343533819
232,7733333333,0,0,2.6017201,-0.6118856093,0.5364905182,0.7749455937,0.004783533458,-0.4526151253,-0.4411076886
233,7766666667,0,1,2.62755844,-0.6566867935,0.656503704,0.7749590816,0.004926739198,-0.448348597,-0.4454185499
234,7800000000,0,0,2.643051767,-0.6799558987,0.6926979551,0.775859112,-0.0007647471059,-0.442395269,-0.4498093812
235,7833333333,0,0,2.643931275,-0.7158549338,0.7214087177,0.7768878462,-0.007509470779,-0.43606874,-0.4541287662
236,7866666667,0,0,2.658097932,-0.7392387481,0.7552237661,0.7759070796,-0.009522486873,-0.433357939,-0.4583431277
237,7900000000,0,0,2.666927457,-0.7634420059,0.7850395609,0.7735914672,-0.0132217954,-0.4311208736,-0.4642372436
238,7933333333,0,1,2.684180971,-0.8184270515,0.8668443215,0.7697120122,-0.01777335456,-0.4341970707,-0.4676541777
239,7966666667,0,0,2.689249867,-0.8572680029,0.9010944198,0.7660936878,-0.02288547186,-0.435377363,-0.4722533943
240,8000000000,0,0,2.696747944,-0.898893278,0.9346648411,0.7605582991,-0.02109787199,-0.4360234975,-0.4806136318
241,8033333333,0,0,2.705656755,-0.9329645806,0.9652320522,0.7541875714,-0.01305969035,-0.4348228289,-0.4918939511
242,8066666667,0,0,2.712663951,-0.959090593,0.9892893316,0.7486971706,-0.005051885591,-0.4333455472,-0.5016359854
243,8100000000,0,0,2.712306279,-0.9883079401,1.010195083,0.7414878264,0.001255922805,-0.4341955781,-0.5115353614
244,8133333333,0,1,2.719121736,-1.029408831,1.06315023,0.7321151835,0.01145685669,-0.4381267838,-0.5214604681
245,8166666667,0,0,2.724677824,-1.051806126,1.088942467,0.7207659753,0.01789397164,-0.4456656666,-0.530620701
246,8200000000,0,0,2.730416706,-1.078548541,1.119896645,0.7077274588,0.02337550078,-0.4545749101,-0.540312022
247,8233333333,0,0,2.729260337,-1.099548101,1.143231171,0.6955400258,0.02906352239,-0.4617700598,-0.5496797214
248,8266666667,0,0,2.741474653,-1.119053709,1.175566557,0.6834643631,0.03316891824,-0.4728830444,-0.555119729
249,8300000000,0,0,2.741913905,-1.140476261,1.207196551,0.6710990478,0.03228079431,-0.481447088,-0.5628434239
250,8333333333,0,1,2.741738933,-1.184775182,1.254785716,0.658275874,0.03200802301,-0.4895847381,-0.570924815
251,8366666667,0,0,2.743200806,-1.207871483,1.286135579,0.6466190623,0.03310168543,-0.4969293598,-0.5777969176
252,8400000000,0,0,2.74341589,-1.227527362,1.317050493,0.6364207579,0.0331807483,-0.5036686872,-0.5832542417
253,8433333333,0,0,2.746560539,-1.242035116,1.347864482,0.6251818424,0.03319525617,-0.5111009371,-0.588915589
254,8466666667,0,0,2.742714586,-1.257507355,1.368198989,0.6107018673,0.03338104285,-0.5188511134,-0.5972624694
255,8500000000,0,0,2.747976983,-1.281057118,1.398867163,0.5924699831,0.03587150212,-0.5303396023,-0.6053366507
256,8533333333,0,1,2.747858848,-1.319952921,1.45489562,0.5758628054,0.03748436187,-0.541585915,-0.6112786996
257,8566666667,0,0,2.76301783,-1.347323516,1.484518922,0.5622928377,0.03753866602,-0.5547040198,-0.6121446427
258,8600000000,0,0,2.773689381,-1.373422476,1.518977506,0.5483915899,0.03519961357,-0.5646510585,-0.6157896016
259,8633333333,0,0,2.778255583,-1.400373405,1.543407957,0.536133289,0.03237303915,-0.5723031254,-0.6196629854
260,8666666667,0,0,2.789491357,-1.430186925,1.573141563,0.5236564844,0.02889963198,-0.5812004513,-0.6222175929
261,8700000000,0,0,2.797414052,-1.464159969,1.602784208,0.5109938147,0.0265389531,-0.5878828467,-0.6265578695
262,8733333333,0,1,2.811724916,-1.51524126,1.647897052,0.5027322054,0.02621801741,-0.5901091514,-0.631145098
263,8766666667,0,0,2.810637825,-1.549011511,1.667137966,-0.4978166128,-0.02675997648,0.5920939766,0.6331565735
264,8800000000,0,0,2.820574572,-1.579732537,1.683099644,-0.4949009717,-0.03059858661,0.5954451802,0.6321248232
265,8833333333,0,0,2.823797006,-1.607730306,1.697666675,-0.490923473,-0.03155343656,0.5986981586,0.6321068257
266,8866666667,0,0,2.821842197,-1.636832578,1.703084377,-0.4861145333,-0.03366042678,0.6042905332,0.6303908214
267,8900000000,0,0,2.828814108,-1.675370444,1.73153628,-0.4806225512,-0.03619380231,0.6149062597,0.6241652535
268,8933333333,0,1,2.814978952,-1.742001435,1.789048602,-0.4763821024,-0.03865002125,0.6228004549,0.6194238143
269,8966666667,0,0,2.810499946,-1.771838299,1.801239879,-0.4766886124,-0.04512648361,0.6276181949,0.6138623369
270,9000000000,0,0,2.815175865,-1.788087651,1.81387854,-0.4774500266,-0.04809035609,0.6335295355,0.6069341952
271,9033333333,0,0,2.809273243,-1.801645958,1.816767024,-0.4746875155,-0.04660142188,0.6411280761,0.6012111611
272,9066666667,0,0,2.817435166,-1.807960258,1.832963515,-0.4686010501,-0.04386010173,0.6527887087,0.5935960319
273,9100000000,0,0,2.795417973,-1.835730363,1.853217549,-0.4584543696,-0.03001170986,0.6632356644,0.5907938233
274,9133333333,0,1,2.745955438,-1.890753014,1.882743348,-0.4490749793,-0.01977742707,0.6727617197,0.5876497127
275,9166666667,0,0,2.731220063,-1.909148866,1.89739407,-0.4452971756,-0.01564193269,0.6811433984,0.5809556147
276,9200000000,0,0,2.704763451,-1.922658659,1.915354806,-0.441949584,-0.009536822027,0.6887364141,0.5746579557
277,9233333333,0,0,2.683016282,-1.933306269,1.920807418,-0.4402229032,-0.005888489232,0.6956434587,0.5676700622
278,9266666667,0,0,2.674958421,-1.934124181,1.934412455,-0.4348930432,-0.001155970193,0.704555462,0.560774737
279,9300000000,0,0,2.638861715,-1.942969294,1.948948805,-0.4253256315,0.008361902639,0.7133898801,0.5568689834
280,9333333333,0,1,2.595345992,-1.968632101,1.974010917,-0.4169431001,0.01230978784,0.7223269159,0.5515892919
281,9366666667,0,0,2.567850767,-1.972615828,1.997856083,-0.4087897826,0.01526260956,0.7292585144,0.5484888199
282,9400000000,0,0,2.533709447,-1.984187526,2.022481438,-0.4024906297,0.01744867715,0.7342117836,0.5464703958
283,9433333333,0,0,2.496599069,-1.991827605,2.052616599,-0.4007727197,0.01766209416,0.7355007546,0.5459925984
284,9466666667,0,0,2.455352428,-1.997871169,2.065707886,-0.4064581418,0.01645341022,0.7335426832,0.5444595449
285,9500000000,0,1,2.396816459,-2.01237769,2.093591555,-0.4144509347,0.01120760063,0.7310318667,0.5419383934
286,9533333333,0,0,2.36276966,-2.017629626,2.105113929,-0.4259892879,0.006824698283,0.7272369014,0.5381570768
287,9566666667,0,0,2.337062314,-2.017918876,2.11334894,-0.4417601274,0.001368529055,0.7237036411,0.5301878505
288,9600000000,0,0,2.313838238,-2.022700532,2.125662442,-0.4572098859,-0.003225653273,0.7186954714,0.5238564066
289,9633333333,0,0,2.280427319,-2.02467474,2.130107631,-0.4740486564,-0.006593365705,0.7125278189,0.5172412456
290,9666666667,0,0,2.267751757,-2.026078174,2.129844409,-0.4902738103,-0.01531296283,0.7069042054,0.5095915507
291,9700000000,0,1,2.214171996,-2.029969596,2.135483549,0.5035442086,0.02039654194,-0.701928149,-0.503313108
292,9733333333,0,0,2.194470922,-2.032633381,2.133375811,0.5150154053,0.02802228196,-0.6984008707,-0.4961956346
293,9766666667,0,0,2.180705306,-2.033190993,2.130344066,0.5243107295,0.03545643143,-0.6957963565,-0.4896003786
294,9800000000,0,0,2.164518061,-2.03755615,2.126362582,0.5294722369,0.04068987582,-0.6948828937,-0.4849136504
295,9833333333,0,0,2.143163965,-2.043916846,2.126154264,0.5348476983,0.04535858106,-0.6947814732,-0.4787058003
296,9866666667,0,0,2.123109261,-2.05646979,2.132321427,0.5430464496,0.04915158615,-0.694156832,-0.4699265558
297,9900000000,0,1,2.085369086,-2.084054001,2.148216341,0.5548452078,0.05314032339,-0.689458541,-0.462568721
298,9933333333,0,0,2.058160226,-2.08869524,2.151550846,0.5729368143,0.05981833857,-0.6800549411,-0.4535310907
299,9966666667,0,0,2.049426542,-2.098862665,2.148720248,0.5902812041,0.07046184103,-0.6708584457,-0.4433420518
300,10000000000,0,1,2.025994782,-2.118876028,2.149664837,0.6067906824,0.07847250866,-0.6609912628,-0.4344395052
301,10033333333,0,0,2.016929803,-2.121575859,2.142900758,0.623025071,0.08784614196,-0.6509770599,-0.4246783298
302,10066666667,0,0,2.007990367,-2.122428317,2.146163434,0.634721462,0.09625365436,-0.64423839,-0.4157172074
303,10100000000,0,0,1.995202892,-2.135736939,2.146496019,0.6454685545,0.1031146704,-0.6371848201,-0.4083297869
304,10133333333,0,1,1.952442545,-2.157247982,2.16413695,0.6566035544,0.1054935406,-0.6317999423,-0.3982106454
305,10166666667,0,0,1.942352378,-2.165917249,2.172770723,0.6697165212,0.1088124787,-0.6235684305,-0.388332381
306,10200000000,0,0,1.923555156,-2.180020615,2.175305974,0.6826423682,0.1108866574,-0.6135450113,-0.3811378562
307,10233333333,0,0,1.902333254,-2.190717412,2.17648718,0.6947217267,0.1145420048,-0.6031668034,-0.3747421232
308,10266666667,0,1,1.879292279,-2.211082138,2.19278923,0.7036543661,0.1202664471,-0.5944926777,-0.3701148078
309,10300000000,0,0,1.869091374,-2.219102757,2.194102645,0.7128606111,0.1243700701,-0.5838044134,-0.3681497543
310,10333333333,0,0,1.859828147,-2.224166531,2.194742151,0.7223061973,0.1257721835,-0.5737797559,-0.3650094614
311,10366666667,0,0,1.847063592,-2.223688206,2.204226823,0.7300460513,0.1280747448,-0.5632356446,-0.3652331193
312,10400000000,0,0,1.831546319,-2.239394618,2.207478013,0.7383347262,0.1282714552,-0.5507126255,-0.3675919886
313,10433333333,0,0,1.807604098,-2.26065359,2.209892934,0.7455905812,0.130293021,-0.5393571492,-0.3690694779
314,10466666667,0,1,1.770606406,-2.326197729,2.213517732,0.7511458734,0.1317019815,-0.5305744565,-0.3700340674
315,10500000000,0,0,1.76090303,-2.338043054,2.206094635,0.7574588977,0.1369097771,-0.5219322257,-0.3675574553
316,10533333333,0,0,1.754177033,-2.347577416,2.204159595,0.7622082676,0.1405960398,-0.5159183848,-0.3648280836
317,10566666667,0,0,1.741822488,-2.356861709,2.20718131,0.7679014402,0.1413720537,-0.5106219651,-0.3600090684
318,10600000000,0,0,1.732650167,-2.363758682,2.210155568,0.7725200438,0.1420009879,-0.5065859347,-0.3555547668
319,10633333333,0,0,1.725478936,-2.38286808,2.217688128,0.7770714149,0.1427437011,-0.502127613,-0.3516420228
320,10666666667,0,1,1.701561659,-2.422835447,2.227745779,0.7827724221,0.1423448369,-0.4963464763,-0.3473405505
321,10700000000,0,0,1.695209128,-2.438538921,2.233001806,0.7897334968,0.1413530125,-0.4904134471,-0.3403453846
322,10733333333,0,0,1.688134747,-2.457398573,2.245895971,0.7970941576,0.1409936234,-0.4835744458,-0.3330427262
323,10766666667,0,0,1.682784683,-2.480150973,2.255983167,0.8048677282,0.142068867,-0.474191911,-0.3273322605
324,10800000000,0,0,1.666639383,-2.513926434,2.253854646,0.8134862938,0.1451183778,-0.4629856539,-0.3206633601
325,10833333333,0,0,1.678618302,-2.497215509,2.26101261,0.8204985925,0.1559280971,-0.4522243071,-0.3129882813
326,10866666667,0,1,1.665376378,-2.541870778,2.297498023,0.8286799475,0.154092701,-0.4412139472,-0.3080182412
327,10900000000,0,0,1.664340847,-2.578909911,2.31021534,0.8395110303,0.1519058899,-0.4270748572,-0.2995878786
328,10933333333,0,0,1.656816059,-2.592751306,2.338881838,0.8495607877,0.155858901,-0.411064196,-0.2915144896
329,10966666667,0,0,1.650416758,-2.59205543,2.356890291,0.8603428158,0.1605327527,-0.3911224387,-0.2847151428
330,11000000000,0,0,1.63250781,-2.583398378,2.354350026,0.8717864689,0.1628108768,-0.3695710699,-0.2773052386
331,11033333333,0,0,1.614915699,-2.576616358,2.357476168,0.8806404498,0.1634759808,-0.3527943616,-0.2707104363
332,11066666667,0,1,1.591913962,-2.5831231,2.378286781,0.8870282456,0.1607160524,-0.3417316424,-0.2656515133
333,11100000000,0,0,1.579226752,-2.596209092,2.398352373,0.8907166788,0.1584522975,-0.3367061433,-0.2610471999
334,11133333333,0,0,1.574517282,-2.59103786,2.404210428,0.8939222462,0.1598313852,-0.3281833654,-0.2601011816
335,11166666667,0,0,1.556675487,-2.596748753,2.419588742,0.8993660761,0.1561977908,-0.3182732398,-0.2558223136
336,11200000000,0,0,1.539464163,-2.609460593,2.441684219,0.9043255398,0.1559395138,-0.3088907543,-0.2499293662
337,11233333333,0,0,1.534970441,-2.616491771,2.445229083,0.9106553081,0.1556498458,-0.2956079823,-0.2430965984
338,11266666667,0,1,1.507160229,-2.618123575,2.457777728,0.9167905371,0.1552048559,-0.2809978835,-0.2375852548
339,11300000000,0,0,1.492287165,-2.623341323,2.462573782,0.9223878987,0.1527340685,-0.2690529379,-0.2312647515
340,11333333333,0,0,1.476314694,-2.626716182,2.463831559,0.9269150745,0.1514023443,-0.2588785317,-0.2255829794
341,11366666667,0,0,1.462021633,-2.631252662,2.46633408,0.9310510162,0.1499494311,-0.2491306482,-0.220438412
342,11400000000,0,0,1.456488237,-2.63025217,2.467299394,0.9356060708,0.147652248,-0.2391133159,-0.2136935098
343,11433333333,0,0,1.442154115,-2.634955357,2.468947395,0.9392693799,0.1450859863,-0.2296655404,-0.2097065284
344,11466666667,0,1,1.405501977,-2.62839614,2.475311546,0.9422092853,0.1459467566,-0.2193638056,-0.206931698
345,11500000000,0,0,1.400736429,-2.625012224,2.47927443,0.9455852527,0.1439839714,-0.209682666,-0.2029047203
346,11533333333,0,0,1.396071884,-2.622791134,2.482708228,0.9487346724,0.1409845235,-0.1988845313,-0.2011736284
347,11566666667,0,0,1.382024244,-2.621143333,2.484038057,0.9520989725,0.1371417995,-0.1855592262,-0.2006675035
348,11600000000,0,0,1.36703287,-2.620639321,2.483611982,0.9548132194,0.1336857089,-0.1751843424,-0.1994249067
349,11633333333,0,0,1.365043528,-2.615887695,2.484644559,0.9571015267,0.1308337615,-0.1667825375,-0.1975418425
350,11666666667,0,1,1.330197276,-2.613903408,2.499114199,0.9606151057,0.1242376708,-0.153893511,-0.1951932558
351,11700000000,0,0,1.31749711,-2.614043708,2.504347998,0.9629212309,0.1199675124,-0.1448056837,-0.1934471839
352,11733333333,0,0,1.316254243,-2.609403515,2.507657888,0.9646867259,0.1174503819,-0.1377604675,-0.1913295121
353,11766666667,0,0,1.304608846,-2.610096867,2.508483759,0.9672060529,0.1108967409,-0.1290074922,-0.1886038999
354,11800000000,0,0,1.296932046,-2.608695974,2.51513594,0.9685035815,0.1081782489,-0.1221938172,-0.1880610274
355,11833333333,0,0,1.294474896,-2.606633006,2.521095258,0.9700991822,0.1047268254,-0.1122664057,-0.1879790493
356,11866666667,0,1,1.246640166,-2.589528173,2.552456314,0.9718634416,0.1037187587,-0.1012566826,-0.1856635511
357,11900000000,0,0,1.257957589,-2.589634402,2.554462915,0.9726162323,0.1021552872,-0.09584266035,-0.185461981
358,11933333333,0,0,1.25651974,-2.594267674,2.559178814,0.9743528254,0.09945487644,-0.08502422998,-0.1830742457
359,11966666667,0,0,1.24404052,-2.59925987,2.561392735,0.9759130744,0.09981535075,-0.07541600742,-0.1787260274
360,12000000000,0,0,1.248072809,-2.59853257,2.563778292,0.9771558855,0.1027347929,-0.06865317706,-0.172912345
361,12033333333,0,0,1.247159841,-2.593790198,2.567378157,0.9786181763,0.1058484414,-0.06069469519,-0.1655860089
362,12066666667,0,1,1.255965722,-2.598862054,2.568288438,0.9797113461,0.1080107666,-0.0536414083,-0.1600685848
363,12100000000,0,0,1.256058309,-2.600843385,2.569396652,0.980806214,0.110768779,-0.0439369585,-0.1543340271
364,12133333333,0,0,1.254401239,-2.598080287,2.572810673,0.9814979182,0.1153155721,-0.03525507322,-0.1487320922
365,12166666667,0,0,1.263440027,-2.587721106,2.573933261,0.9820305899,0.1187519956,-0.02845973342,-0.1438885942
366,12200000000,0,0,1.255733,-2.578789385,2.583474498,0.9830148162,0.1195730429,-0.02199344039,-0.137478897
367,12233333333,0,0,1.267330515,-2.578513723,2.582732191,0.9836081148,0.1188377273,-0.01965575426,-0.1341876388
368,12266666667,0,0,1.278304648,-2.578580395,2.58454857,0.9844084268,0.1178321021,-0.01470438104,-0.1297668141
369,12300000000,0,1,1.301912763,-2.579051927,2.587783261,0.9851373312,0.117303361,-0.01254724812,-0.1248476141
370,12333333333,0,0,1.316772269,-2.578157998,2.583989771,0.9854612548,0.1176061638,-0.009678734403,-0.1222343144
371,12366666667,0,0,1.323015742,-2.578442366,2.586665951,0.9859988574,0.1168193351,-0.002523133979,-0.1189669283
372,12400000000,0,0,1.311034721,-2.590493818,2.593141834,0.986127158,0.1178229963,0.005771086316,-0.1167804106
373,12433333333,0,0,1.326854235,-2.594633585,2.589037149,0.9852811669,0.1253844286,0.01123163101,-0.115644359
374,12466666667,0,0,1.346496881,-2.579523941,2.582371799,0.9848317938,0.1327048548,0.01793043663,-0.1103370236
375,12500000000,0,1,1.3902417,-2.576999315,2.552558283,0.9856981031,0.1305303984,0.02435271413,-0.1037690222
376,12533333333,0,0,1.392764075,-2.576168241,2.557636606,0.9866991161,0.1282095898,0.03212612231,-0.09463121864
377,12566666667,0,0,1.401908266,-2.574438525,2.557191815,0.987348459,0.1269931463,0.0377519692,-0.08712376353
378,12600000000,0,0,1.419661919,-2.560373957,2.547244709,0.9878543215,0.1260938232,0.043144055,-0.07989228804
379,12633333333,0,0,1.43574804,-2.55122707,2.545354749,0.988915121,0.1207214863,0.04910859419,-0.07114458586
380,12666666667,0,0,1.436737187,-2.558642754,2.543514331,0.9894814307,0.1164932373,0.05801090058,-0.06317087379
381,12700000000,0,1,1.497908935,-2.540604649,2.531381963,0.9897133837,0.1169602257,0.06195732351,-0.0543048225
382,12733333333,0,0,1.507477794,-2.546819176,2.530335018,0.9892608422,0.1196586318,0.06881998172,-0.04804797653
383,12766666667,0,0,1.522191167,-2.538473376,2.515456659,0.9882173552,0.127794538,0.07314754082,-0.04176664037
384,12800000000,0,0,1.523860405,-2.529508188,2.494033026,0.9874930133,0.132397605,0.07749710037,-0.03636787476
385,12833333333,0,0,1.537260666,-2.5223508,2.473258592,0.9868857952,0.1371687415,0.0791384677,-0.03127725246
386,12866666667,0,0,1.558520929,-2.506151663,2.445887339,0.98662684,0.1395709603,0.08061861672,-0.02425003715
387,12900000000,0,1,1.655118886,-2.485841614,2.405151233,0.9868374718,0.1420255234,0.07532653128,-0.01750624632
388,12933333333,0,0,1.669900722,-2.468489772,2.376814038,0.9862129381,0.1455936517,0.07758225393,-0.01294307663
389,12966666667,0,0,1.69283905,-2.45572664,2.35759765,0.9862043592,0.1453181747,0.07874848175,-0.009070092263
390,13000000000,0,0,1.712500692,-2.442553207,2.336008017,0.9856388874,0.147933736,0.08106113168,-0.007790137502
391,13033333333,0,0,1.72646591,-2.419313436,2.30275959,0.9853890702,0.1471031865,0.08546029344,-0.008097594198
392,13066666667,0,0,1.750661488,-2.412891243,2.295866022,0.9851811513,0.147375435,0.08744582158,-0.00719781307
393,13100000000,0,1,1.830515825,-2.360774592,2.226324166,0.9843883029,0.1543384158,0.08407977746,-0.009482273949
394,13133333333,0,0,1.849655215,-2.337940683,2.200204733,0.9833102696,0.1595590362,0.08612770576,-0.01496147989
395,13166666667,0,0,1.859920318,-2.309879144,2.16426153,0.9822173326,0.1635474439,0.09006343567,-0.01974646184
396,13200000000,0,0,1.872740137,-2.284662287,2.126373576,0.9825546354,0.1588662502,0.09424704815,-0.02157306164
397,13233333333,0,0,1.905038071,-2.271151352,2.131654018,0.9824419834,0.1575515985,0.09671944338,-0.02511159692
398,13266666667,0,0,1.924357718,-2.247528458,2.107190073,0.9808100742,0.1647991446,0.1008227183,-0.02622250545
399,13300000000,0,1,1.986547725,-2.165823842,2.021464599,0.9806778,0.1650401848,0.1024390558,-0.023217018
400,13333333333,0,0,2.012101366,-2.153073968,2.015230539,0.9813960663,0.1599781242,0.103976517,-0.02139263236
401,13366666667,0,0,2.038128783,-2.134682551,2.001119258,0.980988021,0.1621041259,0.10389304,-0.0243103132
402,13400000000,0,0,2.0516087,-2.102266668,1.965118445,0.9812657148,0.1604120185,0.1038857117,-0.02435857589
403,13433333333,0,0,2.073214964,-2.091372156,1.961270291,0.9819404704,0.1579188116,0.1004599059,-0.02761102566
404,13466666667,0,0,2.095427625,-2.062959607,1.93421654,0.9819891861,0.1596296508,0.0959560039,-0.03174993238
405,13500000000,0,1,2.165967621,-2.000024239,1.907121692,0.9821063133,0.1612441836,0.09094665776,-0.03458624206
406,13533333333,0,0,2.185253305,-1.972934083,1.879493228,0.9824713324,0.1606273854,0.08803097623,-0.03463338383
407,13566666667,0,0,2.206134984,-1.950476216,1.861095268,0.9831336155,0.1581981795,0.08485299262,-0.03495138971
408,13600000000,0,0,2.223799846,-1.929603658,1.842167756,0.9834849873,0.1579090935,0.08010235101,-0.03749148218
409,13633333333,0,0,2.238623442,-1.904929658,1.816132315,0.9839953276,0.157297157,0.07360284206,-0.0399176829
410,13666666667,0,0,2.259310805,-1.880360816,1.799345156,0.9845189615,0.156342681,0.06718180497,-0.04202363155
411,13700000000,0,1,2.30117909,-1.817694242,1.754297208,0.9842182423,0.1591353057,0.061898079,-0.046465405
412,13733333333,0,0,2.312451936,-1.797954455,1.72947793,0.9841234079,0.1613829449,0.0546840646,-0.04966201887
413,13766666667,0,0,2.321832913,-1.77870496,1.708209091,0.9842414472,0.1631229874,0.04550382337,-0.05088287198
414,13800000000,0,0,2.336289233,-1.760221612,1.693358189,0.9837169933,0.1683471241,0.03354537356,-0.05324313022
415,13833333333,0,0,2.355570492,-1.738555752,1.67493871,0.9829393937,0.1737131846,0.02373059967,-0.05559439234
416,13866666667,0,0,2.370139372,-1.721782276,1.667168023,0.9820072456,0.1798695552,0.01761091469,-0.05475918533
417,13900000000,0,1,2.409124948,-1.67086111,1.615484016,0.980784742,0.1873186172,0.009957972217,-0.05360843403
418,13933333333,0,0,2.424592654,-1.651675117,1.60460986,0.9797769494,0.1925845349,0.004394467179,-0.05412037565
419,13966666667,0,0,2.439960291,-1.628593255,1.589831661,0.9784341313,0.1990617343,-0.0004094045957,-0.0551444385
420,14000000000,0,0,2.459484578,-1.601420358,1.574228345,0.9776106486,0.2027062481,-0.002768010057,-0.05639091118
421,14033333333,0,0,2.473881089,-1.58100488,1.566648652,0.9773745047,0.2040968801,-0.002139350729,-0.05548841632
422,14066666667,0,0,2.48804975,-1.554703392,1.553922158,0.9767715034,0.2070944184,-0.001526741882,-0.05501818808
423,14100000000,0,1,2.518256931,-1.475969064,1.536366543,0.9765370469,0.2082626487,-0.0004666446177,-0.05478911845
424,14133333333,0,0,2.524864006,-1.457225994,1.528810513,0.9776432521,0.2031706162,-0.00207236936,-0.05413942779
425,14166666667,0,0,2.532890648,-1.436305706,1.524397603,0.9775080589,0.2030797882,-0.006278185826,-0.05654360072
426,14200000000,0,0,2.543011034,-1.408440487,1.516719692,0.9770753009,0.2042299855,-0.01007589533,-0.0592658895
427,14233333333,0,0,2.551628508,-1.385155737,1.510137759,0.9764163583,0.2064570235,-0.01338437103,-0.06170454874
428,14266666667,0,0,2.55998181,-1.3611832,1.500493538,0.9754998397,0.209985032,-0.01567796361,-0.06372244893
429,14300000000,0,0,2.568441341,-1.339878122,1.48932939,0.9740809843,0.2157137328,-0.01656914006,-0.06602488188
430,14333333333,0,1,2.590129281,-1.262168516,1.457118529,0.9731654866,0.2194805965,-0.01762384771,-0.06683265319
431,14366666667,0,0,2.597759835,-1.234708807,1.442117145,0.9744359734,0.2141921652,-0.01983231639,-0.06483000348
432,14400000000,0,0,2.599560549,-1.222672976,1.435526393,0.9751880723,0.2106903745,-0.02267371946,-0.06406006744
433,14433333333,0,0,2.606493106,-1.201748416,1.423809273,0.9745167046,0.2126307111,-0.02654663711,-0.06633738971
434,14466666667,0,0,2.615618472,-1.169854883,1.405854027,0.9743213878,0.2122774232,-0.03004905317,-0.06879813415
435,14500000000,0,0,2.620701797,-1.145753684,1.394759467,0.9744205434,0.2097478048,-0.033562101,-0.07337607409
436,14533333333,0,0,2.629355149,-1.117453377,1.384144765,0.9742786261,0.2081991466,-0.03516084275,-0.07872730888
437,14566666667,0,1,2.643379444,-1.041454094,1.356405399,0.9746162692,0.2051196565,-0.03465298746,-0.08275400188
438,14600000000,0,0,2.651126594,-1.017444484,1.351654548,0.9749645867,0.2010664024,-0.03526867363,-0.08816165332
439,14633333333,0,0,2.661042433,-0.9925187474,1.345200836,0.9748731886,0.1990267572,-0.03538457406,-0.09358711457
440,14666666667,0,0,2.669291029,-0.9686089511,1.338168457,0.9744014704,0.1995974364,-0.03693527986,-0.09663551641
441,14700000000,0,0,2.693818552,-0.943145151,1.328257206,0.9734927871,0.202887093,-0.03734630563,-0.09876170526
442,14733333333,0,0,2.712285965,-0.9162916502,1.320225828,0.9726749535,0.2084261848,-0.0330679782,-0.09679085268
443,14766666667,0,1,2.751348456,-0.860349758,1.316146742,0.9716009848,0.2156586518,-0.02836829286,-0.09315638611
444,14800000000,0,0,2.772887009,-0.8308537018,1.306905276,0.9714880437,0.2196609394,-0.02351632851,-0.08606413242
445,14833333333,0,0,2.79899828,-0.8022192742,1.297626244,0.971294137,0.2229349198,-0.01884711986,-0.08082392577
446,14866666667,0,0,2.822337182,-0.7715898873,1.288335024,0.9715342243,0.2239786589,-0.01321405145,-0.07602762743
447,14900000000,0,0,2.843778344,-0.7465256183,1.278550247,0.9726306842,0.2211343767,-0.01044201879,-0.07056985067
448,14933333333,0,0,2.865379801,-0.7262813756,1.272690756,0.9732674922,0.2190725219,-0.01091735179,-0.06810602161
449,14966666667,0,1,2.918431537,-0.6637051716,1.245859664,0.9736983606,0.2173764182,-0.01153035552,-0.0672758969
450,15000000000,0,0,2.94858467,-0.6393411208,1.244779646,0.9748027619,0.2132520567,-0.01153016077,-0.06442197643
451,15033333333,0,0,2.980394973,-0.618831123,1.242614456,0.9763103364,0.2071407439,-0.009290883967,-0.06184269329
452,15066666667,0,0,3.009243595,-0.5925217092,1.240147798,0.978187175,0.1993805588,-0.004932420671,-0.05807679975
453,15100000000,0,0,3.033135867,-0.5793796926,1.240489765,0.9802131799,0.1900365398,0.0002592018317,-0.05539104815
454,15133333333,0,0,3.062454591,-0.5579076094,1.235234878,0.9818647072,0.1825603615,0.004941303352,-0.05088216439
455,15166666667,0,1,3.109803179,-0.5053298741,1.230512405,0.9834506635,0.1756882934,0.00935768762,-0.0432533213
456,15200000000,0,0,3.132903904,-0.4786232414,1.221396324,0.9850468979,0.1676404858,0.01148253392,-0.03804507657
457,15233333333,0,0,3.148837594,-0.4668108345,1.217053644,0.9865474679,0.1594737747,0.01331712376,-0.03338956524
458,15266666667,0,0,3.173892934,-0.4471046572,1.209202433,0.9874189982,0.1550292574,0.01310381215,-0.02824785904
459,15300000000,0,0,3.198258451,-0.4248142944,1.198765176,0.9882057614,0.1505259286,0.01439639842,-0.02416736623
460,15333333333,0,0,3.221168878,-0.4041679707,1.188296192,0.9886467788,0.1473822668,0.01849451395,-0.02267084467
461,15366666667,0,1,3.265536249,-0.3507808366,1.167358236,0.9885862246,0.1471462629,0.02366410826,-0.02202870313
462,15400000000,0,0,3.28951081,-0.3260602517,1.154165653,0.9890897159,0.1429807295,0.02972470212,-0.01935166439
463,15433333333,0,0,3.301920392,-0.3127551349,1.13850089,0.9891072766,0.1415868965,0.03704588119,-0.01573368218
464,15466666667,0,0,3.327853899,-0.2788134563,1.116842976,0.9888714098,0.1419535327,0.04279616059,-0.01228894017
465,15500000000,0,0,3.350064964,-0.2553536215,1.094685792,0.9889914926,0.139134466,0.04924115551,-0.01061775024
466,15533333333,0,0,3.368886015,-0.2377503341,1.08258853,0.9886816186,0.1385045548,0.05692400642,-0.009208843965
467,15566666667,0,1,3.423239396,-0.1777731179,1.051569359,0.9880388015,0.139354346,0.06572513037,-0.006316669349
468,15600000000,0,0,3.439874221,-0.1642529738,1.030983581,0.9874701725,0.1382700152,0.07604472068,-0.001123304073
469,15633333333,0,0,3.452951143,-0.1469928732,1.004729913,0.986688491,0.138537856,0.08504981503,0.004428681579
470,15666666667,0,0,3.466600672,-0.1270997593,0.9768972024,0.9859655508,0.1379268225,0.0935265081,0.01004572655
471,15700000000,0,0,3.483419392,-0.112622613,0.9575530049,0.9852129023,0.1371340839,0.1014682247,0.01593673365
472,15733333333,0,0,3.495059231,-0.0990403782,0.940801794,0.9838680473,0.1387913563,0.1105506017,0.02278572841
473,15766666667,0,1,3.530794788,-0.06020480992,0.8856577027,0.982384074,0.1410374335,0.1186371767,0.03090620973
474,15800000000,0,0,3.537830329,-0.04885962,0.8606855286,0.9808257006,0.1419197644,0.1272244569,0.04066525593
475,15833333333,0,0,3.540646943,-0.03404372228,0.8337236605,0.9791905832,0.142519886,0.1353686373,0.05048976049
476,15866666667,0,0,3.538801197,-0.02425838518,0.8049059947,0.9775285528,0.1412964944,0.1435753733,0.06212359672
477,15900000000,0,0,3.539371348,-0.01296792604,0.7866863432,0.975649489,0.1403932893,0.151565027,0.07366031115
478,15933333333,0,0,3.544953845,0.005850333433,0.7792912685,0.9733429005,0.1413109914,0.1613149524,0.0813159756
479,15966666667,0,1,3.558069561,0.0416837806,0.7532685224,0.9706135713,0.1411625095,0.1740801396,0.0876273142
480,16000000000,0,0,3.555675601,0.05303741219,0.738395179,0.9671502978,0.138821231,0.1884014866,0.09926654605
481,16033333333,0,0,3.554497571,0.06155779128,0.7295327592,0.9633026543,0.1361619095,0.2021936166,0.1123640161
482,16066666667,0,0,3.536073478,0.06125044583,0.7225218609,0.9581227646,0.1327035885,0.2194016445,0.1274889957
483,16100000000,0,0,3.548253909,0.08161354341,0.7114475844,0.9527346833,0.130451102,0.2339830672,0.1432866274
484,16133333333,0,1,3.529414907,0.06787891716,0.7125959316,0.9450842214,0.1245076326,0.2546922514,0.1626207891
485,16166666667,0,0,3.533627721,0.06851265811,0.7018113595,0.9373964636,0.1198574732,0.2736988215,0.1789162129
486,16200000000,0,0,3.529019803,0.07344266303,0.6901753824,0.9293240058,0.1134024368,0.2933520407,0.1934976996
487,16233333333,0,0,3.518116182,0.07347772243,0.6799795682,0.9211345019,0.1046749597,0.3116444874,0.2084036843
488,16266666667,0,0,3.521925287,0.0800745427,0.685135797,0.9126296196,0.09812705148,0.3279281822,0.2234756509
489,16300000000,0,1,3.58616961,0.1925075673,0.6384973147,0.90739843,0.1007197181,0.3331245997,0.2356090591
490,16333333333,0,0,3.579237886,0.2059164111,0.6267301466,0.8993032835,0.09361296993,0.3450479913,0.2518573008
491,16366666667,0,0,3.580026797,0.2149459396,0.620200741,0.8920565724,0.08479966032,0.3564349418,0.26457177
492,16400000000,0,0,3.586202554,0.2341655656,0.6112685826,0.8844859105,0.07678979366,0.3664776966,0.2783560662
493,16433333333,0,1,3.651919585,0.3418513085,0.5299158851,0.882746378,0.07210162814,0.3642383327,0.2879073192
494,16466666667,0,0,3.630740561,0.3743237677,0.5000771072,0.8773364864,0.0607332187,0.3683875469,0.3014677116
495,16500000000,0,0,3.631163012,0.3801357086,0.5185879213,0.873249264,0.04840392885,0.3717175381,0.3113179313
496,16533333333,0,0,3.632040824,0.3888307535,0.5308058682,0.8680635953,0.03738691744,0.3759787507,0.3220369418
497,16566666667,0,0,3.642608431,0.390599357,0.5515523516,0.8623122024,0.02750921381,0.3810565122,0.3323504825
498,16600000000,0,1,3.676662227,0.5700463381,0.523428385,0.8614695362,0.03202452796,0.3785845932,0.3369248783
499,16633333333,0,0,3.682884271,0.5872926356,0.5257879308,0.8550821488,0.02325019008,0.3842171449,0.3473775079
500,16666666667,0,0,3.684837724,0.5986499797,0.5247451436,0.8495534382,0.01559693179,0.3885263789,0.3564588956
501,16700000000,0,0,3.687696751,0.6231068143,0.5241369397,0.845603715,0.008057515028,0.3912763023,0.3630320769
502,16733333333,0,0,3.694674655,0.6396677184,0.5240530844,0.8424741266,-0.0006908933921,0.3931152896,0.3683710598
503,16766666667,0,1,3.722011263,0.7911295428,0.4844112242,0.8456480186,0.003019661686,0.3885990177,0.365870351
504,16800000000,0,0,3.72598926,0.8075559845,0.4724702254,0.8450362913,-0.003805056289,0.3887365491,0.3671281566
505,16833333333,0,0,3.730499575,0.8178928085,0.460699334,0.8459474128,-0.01399302586,0.3872924662,0.3663082249
506,16866666667,0,0,3.734118211,0.8377917934,0.4692787376,0.8470756463,-0.02309291523,0.3852151709,0.3654296634
507,16900000000,0,0,3.74072097,0.851339013,0.469044002,0.8506459992,-0.02984626689,0.3824946358,0.3594557525
508,16933333333,0,0,3.754138374,0.8597302677,0.4750318724,0.8544550896,-0.03918841929,0.3801814903,0.3518988522
509,16966666667,0,1,3.794947932,0.9704410486,0.4451500721,0.8614552064,-0.04023925071,0.3724899443,0.3428220697
510,17000000000,0,0,3.810908488,0.9830876951,0.4464619099,0.8644627553,-0.04763783613,0.3702696581,0.3366528799
511,17033333333,0,0,3.82644615,0.9920886272,0.4562653974,0.8659475712,-0.05277507006,0.3699412239,0.3324050043
512,17066666667,0,0,3.837138248,1.005554031,0.4457428439,0.8668259948,-0.05711665965,0.3696910851,0.3296648047
513,17100000000,0,0,3.85215101,1.018231836,0.4477061986,0.8660963632,-0.06222546663,0.3701844311,0.3301038743
514,17133333333,0,0,3.866354938,1.033695006,0.4668840416,0.8649682525,-0.06477760854,0.372887343,0.3295281673
515,17166666667,0,1,3.912388751,1.131347928,0.386835069,0.8686518367,-0.0602772438,0.3674605363,0.3267772861
516,17200000000,0,0,3.924393871,1.1505949,0.3688086339,0.8682460501,-0.0625315172,0.367649193,0.3272196155
517,17233333333,0,0,3.944075833,1.164725658,0.3609317649,0.867170899,-0.06503261002,0.3690718425,0.3279807414
518,17266666667,0,0,3.952421955,1.184903147,0.3338424444,0.8662354677,-0.06661395549,0.3707337948,0.3282607939
519,17300000000,0,0,3.965201809,1.201932988,0.3111463616,0.8644121432,-0.07119396015,0.3723785633,0.3302382053
520,17333333333,0,0,3.985458713,1.214772182,0.3016205227,0.8625398502,-0.07499639731,0.3744964458,0.3318929937
521,17366666667,0,1,4.039933515,1.323794787,0.2487870199,0.8647917591,-0.07111370607,0.3696947652,0.3322707252
522,17400000000,0,0,4.071127029,1.346052143,0.2246311218,0.8629779402,-0.07446384684,0.3730509069,0.3325014752
523,17433333333,0,0,4.086208682,1.355877775,0.1955230238,0.8597924234,-0.07761173106,0.3796535234,0.3325606862
524,17466666667,0,0,4.092862016,1.383419448,0.1698509771,0.8553429383,-0.07956255473,0.3871636055,0.3349068533
525,17500000000,0,0,4.104345998,1.386625357,0.1661165383,0.8495724127,-0.08282194939,0.395220988,0.3393635379
526,17533333333,0,0,4.121234531,1.390240548,0.140035249,0.8446010789,-0.084261054,0.4014891573,0.3440284128
527,17566666667,0,1,4.139144812,1.43262387,0.1169970956,0.8405392522,-0.08179013559,0.4055180654,0.3497988535
528,17600000000,0,0,4.151169301,1.438836407,0.1041604246,0.8337708938,-0.08097627551,0.4131439844,0.3571848089
529,17633333333,0,0,4.170449191,1.443829239,0.07099538005,0.8267032678,-0.07909389353,0.4206262378,0.3652114882
530,17666666667,0,0,4.19285267,1.461531371,0.03244739345,0.8172911143,-0.0747057645,0.4301439774,0.3760723892
531,17700000000,0,0,4.20673641,1.477579502,0.004239047534,0.8059790102,-0.06944838938,0.4415985672,0.3880276559
532,17733333333,0,1,4.225445696,1.489455802,-0.01865555949,0.7947648414,-0.06291047553,0.45193695,0.4001800997
533,17766666667,0,0,4.226758158,1.486559644,-0.03826448787,0.7834971973,-0.0545140194,0.4638305586,0.4099043503
534,17800000000,0,0,4.232700602,1.508404077,-0.07373306336,0.7739905385,-0.04603488421,0.4741155687,0.4171736608
535,17833333333,0,0,4.250814603,1.518885172,-0.09669498284,0.7625567662,-0.03813637445,0.4870598781,0.4240583337
536,17866666667,0,0,4.263526217,1.509857618,-0.1343249542,0.7524245564,-0.03064430929,0.5008575892,0.4266847648
537,17900000000,0,0,4.262330032,1.507086157,-0.1563090737,0.7428139486,-0.02215187174,0.5158007473,0.4262467847
538,17933333333,0,1,4.282906662,1.517042813,-0.1986236959,0.7354735396,-0.01405247252,0.5260975651,0.4267347567
539,17966666667,0,0,4.273046218,1.503391069,-0.223390404,0.7264132587,-0.006128095459,0.5395939289,0.4255873775
540,18000000000,0,0,4.273297425,1.483942479,-0.2497199615,0.7171222625,0.001852063358,0.5520832765,0.4253660615
541,18033333333,0,0,4.28203054,1.468641531,-0.2829541423,0.7090091913,0.01067970817,0.5636307828,0.4236888613
542,18066666667,0,0,4.270541576,1.450543098,-0.30073404,0.7002613359,0.01995421442,0.5763146061,0.4208293782
543,18100000000,0,1,4.27263675,1.463678731,-0.335776741,0.6925158965,0.03116402791,0.5864411182,0.4189717787
544,18133333333,0,0,4.260478895,1.449332075,-0.3564090623,0.6836520453,0.04126452309,0.598880255,0.4150416369
545,18166666667,0,0,4.267998426,1.425464627,-0.3883333102,0.6748622415,0.05192313909,0.6104101858,0.411417486
546,18200000000,0,0,4.251590132,1.408869905,-0.3960818795,0.6652449464,0.06309514956,0.6255770008,0.402643241
547,18233333333,0,1,4.248391891,1.387107728,-0.4214352319,0.6556132305,0.06971751316,0.6389194278,0.3963492464
548,18266666667,0,0,4.234313788,1.362784072,-0.4405741541,0.644498937,0.07894281806,0.653015338,0.3898206254
549,18300000000,0,0,4.226097375,1.339511065,-0.4623741819,0.6327900519,0.0880016257,0.6681354876,0.3813494911
550,18333333333,0,0,4.209647353,1.309479874,-0.4920645521,0.6203921641,0.09538200109,0.6823388566,0.3747392711
551,18366666667,0,1,4.212837156,1.283788756,-0.517581946,0.6080906192,0.1034752121,0.695245997,0.3689873751
552,18400000000,0,0,4.1851167,1.260288967,-0.5367260267,0.5960379183,0.1127274129,0.7079554907,0.3617047877
553,18433333333,0,0,4.173055277,1.237521248,-0.5527856531,0.5828837769,0.1217804424,0.7198126249,0.3567713714
554,18466666667,0,0,4.164045624,1.203976921,-0.5805765433,0.5690402932,0.1330482248,0.7309823934,0.3523578509
555,18500000000,0,0,4.155140666,1.16716121,-0.6013371132,0.5554574251,0.1447562463,0.7421292092,0.3460591206
556,18533333333,0,1,4.137298083,1.165018758,-0.6405979469,0.5447462377,0.1540474027,0.75070252,0.3405387801
557,18566666667,0,0,4.121564445,1.128635297,-0.6424916158,0.5314833759,0.1633006649,0.7603734028,0.3356942094
558,18600000000,0,0,4.09764069,1.091823085,-0.6568656049,0.5206718519,0.1735300473,0.7676326129,0.3309506262
559,18633333333,0,0,4.072371938,1.071148554,-0.6599788209,0.5123084219,0.1837941613,0.7729038516,0.3261585862
560,18666666667,0,0,4.064538774,1.029152037,-0.701500458,0.5057740928,0.1920578541,0.7771629556,0.3214406448
561,18700000000,0,0,4.042724005,1.014373326,-0.6943228673,0.4975581805,0.200766765,0.7829350535,0.3148670594
562,18733333333,0,1,4.031566406,0.9583048579,-0.6825338215,0.4887004338,0.20783524,0.7881761328,0.3110543082
563,18766666667,0,0,3.999164264,0.933598546,-0.6856358226,0.4816832113,0.2159380573,0.7927204561,0.3048709856
564,18800000000,0,0,3.971572283,0.9068470984,-0.6770150681,0.4751416797,0.2222261177,0.7975314832,0.2979923996
565,18833333333,0,0,3.936650049,0.8919043294,-0.6793053339,0.4704941498,0.2283696088,0.8018096088,0.2891088514
566,18866666667,0,0,3.904730578,0.8627702371,-0.6773700214,0.4648798169,0.2330239397,0.8068752281,0.2802480432
567,18900000000,0,0,3.868155288,0.8420433606,-0.6604168553,0.4592502021,0.238418643,0.8118145435,0.270560436
568,18933333333,0,1,3.87539984,0.7681076681,-0.6785820427,0.4544571449,0.2395658158,0.816344966,0.2639276791
569,18966666667,0,0,3.842097046,0.7370879308,-0.6668401936,0.4515975888,0.2449484563,0.8188821226,0.2559139324
570,19000000000,0,0,3.823991269,0.7100254071,-0.6634629498,0.4524449579,0.2494478225,0.8193024561,0.2486218601
571,19033333333,0,0,3.80064688,0.6834492209,-0.6526447752,0.4524097949,0.256173613,0.8198480734,0.2398949644
572,19066666667,0,0,3.770441117,0.6578265834,-0.6530037533,0.4532178922,0.2614531275,0.8197909749,0.2327628873
573,19100000000,0,0,3.74730477,0.6331729521,-0.6470255093,0.4544912317,0.2659159707,0.8196412175,0.2256428404
574,19133333333,0,1,3.719705971,0.6121099073,-0.6985168626,0.4583394701,0.2683418413,0.8181341317,0.2203953923
575,19166666667,0,0,3.694139633,0.5831772559,-0.695940422,0.4581438627,0.2709249383,0.8188374932,0.2149628773
576,19200000000,0,0,3.674585561,0.5552921637,-0.6893748208,0.4559410844,0.2718425407,0.8206065726,0.2117172965
577,19233333333,0,0,3.653505947,0.5333468049,-0.696428276,0.4525926907,0.272583494,0.822389,0.2110318172
578,19266666667,0,0,3.634434775,0.5117004216,-0.7052956752,0.4486501087,0.2731654779,0.8237787309,0.2132658065
579,19300000000,0,0,3.619934319,0.4996196252,-0.7110088505,0.4450038668,0.2737089709,0.8244938572,0.2174047775
580,19333333333,0,1,3.629126516,0.4422274406,-0.7476476873,0.4429083539,0.2687880622,0.8251353291,0.2252484324
581,19366666667,0,0,3.624188695,0.4304688741,-0.7513136118,0.440103648,0.2632176803,0.8272875973,0.2293915064
582,19400000000,0,0,3.625936389,0.4122522844,-0.7409658592,0.4330060957,0.2587844636,0.8310251066,0.2343791685
583,19433333333,0,0,3.611004163,0.3973354242,-0.7464641808,0.4255740664,0.2529197048,0.8348303862,0.2407832286
584,19466666667,0,0,3.599210321,0.3961826869,-0.7449734375,0.4183878435,0.2449312482,0.8389272658,0.2473081859
585,19500000000,0,0,3.603560739,0.3880427001,-0.7304912898,0.4085307178,0.2380144066,0.8436999731,0.2542088714
586,19533333333,0,1,3.627349712,0.3240454536,-0.7185857134,0.3956180352,0.2303179263,0.8479334379,0.2672992853
587,19566666667,0,0,3.61902934,0.330526271,-0.7153876836,0.3876899918,0.2209471591,0.8513016613,0.2759788119
588,19600000000,0,0,3.617710702,0.3329871807,-0.6983547637,0.3773710223,0.2124406364,0.855356873,0.2842968647
589,19633333333,0,0,3.601902601,0.3317967095,-0.7028229048,0.3683167966,0.2053748868,0.8575054889,0.294700237
590,19666666667,0,0,3.584813642,0.3283507115,-0.695004072,0.3605610378,0.1965574269,0.8593089936,0.3048753343
591,19700000000,0,0,3.558285658,0.3290011692,-0.6833726123,0.3541008707,0.1889521563,0.8593031159,0.317029669
592,19733333333,0,1,3.566809176,0.331272491,-0.7011695588,0.3491868781,0.1824316153,0.8571490028,0.3317873068
593,19766666667,0,0,3.570197932,0.3411049231,-0.712493288,0.3451020792,0.1751649529,0.8550455438,0.3451360778
594,19800000000,0,0,3.573327573,0.3568494237,-0.7016886609,0.3405813186,0.1669070808,0.8546411048,0.3545912772
595,19833333333,0,0,3.536314043,0.3282047507,-0.6809121778,0.3355474477,0.1569262709,0.8531007367,0.3674250794
596,19866666667,0,0,3.548222686,0.3389052866,-0.6791591363,0.3331467022,0.1478424993,0.8496601886,0.381095046
597,19900000000,0,0,3.554900587,0.3502783778,-0.6675258247,0.333031462,0.1401088126,0.8450053983,0.3942403363
598,19933333333,0,1,3.497441324,0.4452109079,-0.7035701647,0.3408999898,0.1369898685,0.8375949588,0.4042964975
599,19966666667,0,0,3.493137221,0.4375020642,-0.7168756125,0.3442054383,0.1313406385,0.8304278609,0.4179256162
600,20000000000,0,0,3.495912013,0.4385675305,-0.7103685874,0.347095461,0.1242334154,0.8240662878,0.4301227183
601,20033333333,0,0,3.509955862,0.4675075194,-0.6922665675,0.3486513184,0.1187997262,0.8188240925,0.4402908003
602,20066666667,0,0,3.496250066,0.4683014335,-0.6893941411,0.3491292974,0.1133048862,0.8145509527,0.4491964848
603,20100000000,0,0,3.492245321,0.4675078521,-0.692660979,0.3488752762,0.1060765445,0.8103442128,0.4586677067
604,20133333333,0,1,3.406830359,0.6656100233,-0.6062634659,0.3527811824,0.1049921795,0.809632378,0.4571843087
605,20166666667,0,0,3.399990372,0.679563474,-0.5996299157,0.3516843517,0.09971437042,0.8052075613,0.4669217753
606,20200000000,0,0,3.395392347,0.6928533362,-0.5956848392,0.3500740607,0.09422260499,0.8005005519,0.4772516307
607,20233333333,0,0,3.392050168,0.6992665141,-0.5887641355,0.3481462164,0.08749121215,0.795081913,0.4888601553
608,20266666667,0,0,3.393416981,0.7239918249,-0.5961151337,0.3470300536,0.08017495219,0.7892074992,0.5002935561
609,20300000000,0,0,3.386851288,0.7474048946,-0.592684411,0.3447869491,0.07359876553,0.7833702326,0.5118947745
610,20333333333,0,1,3.340510109,0.8522237581,-0.5248642345,0.3431250108,0.07035801044,0.7800831065,0.5184451025
611,20366666667,0,0,3.327711174,0.8828144579,-0.5267251118,0.3390714484,0.06510835053,0.7746568768,0.5298095683
612,20400000000,0,0,3.315768338,0.9179553123,-0.5320253483,0.3328559364,0.05849717226,0.7698353196,0.5414227435
613,20433333333,0,0,3.310133156,0.9469141539,-0.522548754,0.3234635661,0.05044762687,0.765932667,0.553329475
614,20466666667,0,0,3.298447238,0.990853357,-0.5284371013,0.3139689402,0.0412618591,0.7612775942,0.5658421937
615,20500000000,0,1,3.247937509,1.082327602,-0.5109443232,0.305976733,0.03485815016,0.7589190641,0.5737638908
616,20533333333,0,0,3.241930844,1.127510099,-0.5196861087,0.294357242,0.02669444698,0.7556831072,0.5844521041
617,20566666667,0,0,3.247420302,1.151045484,-0.532847348,0.2797572031,0.0186173016,0.7535663725,0.5945813868
618,20600000000,0,0,3.258800248,1.15540274,-0.5306735675,0.2633478236,0.01202259061,0.7519686884,0.6041907586
619,20633333333,0,0,3.277422659,1.140615819,-0.5209704269,0.2468569624,0.007785603615,0.7499808959,0.6136201433
620,20666666667,0,1,3.29568117,1.15381919,-0.5128192908,0.2324212264,0.003979174507,0.7487157857,0.620797239
621,20700000000,0,0,3.307859904,1.181505166,-0.5107139149,0.2190871485,0.002741416708,0.7482041123,0.6262458881
622,20733333333,0,0,3.320662371,1.201157392,-0.5114176415,0.2063662537,0.00146487256,0.7472224649,0.6317194087
623,20766666667,0,0,3.342333001,1.219985936,-0.5133751968,0.1925499743,0.001155862465,0.7449243055,0.6387573487
624,20800000000,0,0,3.375021806,1.240196017,-0.5211780711,0.1787569607,0.003749748605,0.7446363526,0.6430774377
625,20833333333,0,1,3.398393779,1.237391678,-0.5266409618,0.1672428599,0.00555652532,0.7446027938,0.6461931834
626,20866666667,0,0,3.425388505,1.261736272,-0.5266285324,0.1594048192,0.005636873638,0.7444173138,0.6483835225
627,20900000000,0,0,3.444809476,1.291232483,-0.5267239637,0.1540424593,0.004549680555,0.7454363627,0.6485174249
628,20933333333,0,0,3.471805956,1.310645622,-0.5202744277,0.1469693537,0.002646822094,0.7461368203,0.6493634182
629,20966666667,0,0,3.504904847,1.32453855,-0.5149269768,0.1411720164,0.0008703160107,0.7461564325,0.6506306806
630,21000000000,0,0,3.542284128,1.324417527,-0.5095039953,0.1368229151,-0.001630091767,0.7442342684,0.6537523892
631,21033333333,0,1,3.578150309,1.320783457,-0.4963946535,0.1306915928,-0.003248473526,0.7425114842,0.6569519395
632,21066666667,0,0,3.611267053,1.332902306,-0.4731605376,0.1243989435,-0.0003024867606,0.7404176676,0.660535002
633,21100000000,0,0,3.642697501,1.362507584,-0.4710198764,0.1167619594,0.00494949198,0.7354094635,0.6674691517
634,21133333333,0,0,3.659572189,1.422716938,-0.4763066482,0.1123971877,0.01091959532,0.732036159,0.6718412734
635,21166666667,0,0,3.687023179,1.448692908,-0.4773046795,0.107272803,0.01561396485,0.7312059568,0.6734883804
636,21200000000,0,0,3.717491908,1.47937618,-0.4673349583,0.103433857,0.02001805902,0.7303038221,0.6749496589
637,21233333333,0,1,3.717168894,1.476585018,-0.4612666668,0.09815545832,0.02390119463,0.7313073406,0.674524879
638,21266666667,0,0,3.745578993,1.505312834,-0.465813582,0.09167138163,0.02934433563,0.7312257136,0.6753104646
639,21300000000,0,0,3.776884877,1.51944966,-0.4568562929,0.08748139766,0.03236648064,0.7319926534,0.6748971562
640,21333333333,0,0,3.810067325,1.532416936,-0.4614692756,0.08215218462,0.03563106781,0.730114446,0.6774321673
641,21366666667,0,0,3.842523473,1.5626116,-0.4956460163,0.08054593186,0.04368817184,0.7269739881,0.6805237079
642,21400000000,0,0,3.873730795,1.558138485,-0.5049674535,0.0852459512,0.04916810872,0.7245927111,0.6821151134
643,21433333333,0,1,3.874343541,1.556071669,-0.5043253504,0.09238330781,0.05283991885,0.7226521795,0.6829693221
644,21466666667,0,0,3.905995099,1.573778907,-0.5166454728,0.1022768958,0.05579721662,0.7214582564,0.6825863253
645,21500000000,0,0,3.931566903,1.615009566,-0.5349822552,0.1134390233,0.05912221537,0.7204953444,0.6815589559
646,21533333333,0,0,3.951454253,1.651750316,-0.5479829281,0.123972418,0.06061083038,0.7217390502,0.6782697916
647,21566666667,0,0,3.977808488,1.679290586,-0.572291133,0.130535966,0.06228498534,0.7222301613,0.6763612469
648,21600000000,0,0,4.009461212,1.70177938,-0.6100274128,0.1380337444,0.06483072974,0.72303174,0.6737720422
649,21633333333,0,1,4.013699319,1.677027191,-0.6104738949,0.1458568042,0.06776045945,0.7245796406,0.6701631572
650,21666666667,0,0,4.047487775,1.680333069,-0.6332512681,0.1538421872,0.07172457599,0.7249062339,0.6676070091
651,21700000000,0,0,4.081638343,1.703855665,-0.6667878828,0.1630386551,0.07604376528,0.7241761511,0.6657361676
652,21733333333,0,0,4.109031711,1.719904082,-0.6909338735,0.1738137178,0.07895180908,0.72398506,0.6628733184
653,21766666667,0,0,4.134607656,1.75192798,-0.7224094919,0.1846324042,0.08214437237,0.7236481242,0.6599216391
654,21800000000,0,0,4.167980559,1.779164979,-0.7557231542,0.1959595683,0.08498436077,0.7242979399,0.6555684558
655,21833333333,0,1,4.169615265,1.747448405,-0.741357958,0.2090389455,0.08572737591,0.724620653,0.6510594792
656,21866666667,0,0,4.197949026,1.762834971,-0.7715494306,0.2251233414,0.08724343549,0.7247870044,0.6452843267
657,21900000000,0,0,4.229284497,1.765488938,-0.8012262593,0.2392145829,0.08890159275,0.725055971,0.6396614175
658,21933333333,0,0,4.254275601,1.783634621,-0.8276525904,0.2545185887,0.09018453271,0.7257164043,0.632789648
659,21966666667,0,0,4.270844462,1.792610998,-0.8532051837,0.2690028165,0.09131040575,0.7270961086,0.6250049146
660,22000000000,0,0,4.320964076,1.796173574,-0.8962460917,0.28040524,0.09334420974,0.7279708215,0.6186422577
661,22033333333,0,1,4.315069976,1.795370497,-0.8756992286,0.2919671366,0.09745455026,0.7304058703,0.6097254025
662,22066666667,0,0,4.335533626,1.808172239,-0.9062363355,0.3039701466,0.09966182997,0.7324056873,0.6010420774
663,22100000000,0,0,4.381269482,1.816269405,-0.9335460501,0.3126016933,0.1009007378,0.7361880147,0.5917148211
664,22133333333,0,0,4.402821312,1.819662018,-0.9603879425,0.3213494854,0.1035570495,0.7413763599,0.5799754638
665,22166666667,0,0,4.413325757,1.80747683,-0.983598194,0.3293355284,0.1068060543,0.7433810141,0.5722894761
666,22200000000,0,0,4.46567754,1.831356484,-1.00933836,0.337809316,0.1049160809,0.7445072798,0.5662034902
667,22233333333,0,1,4.466733807,1.833164587,-0.9832364405,0.3416390747,0.1018597309,0.7493632531,0.5579982552
668,22266666667,0,0,4.47960873,1.838263159,-1.010768774,0.3431050462,0.1008115783,0.7537482173,0.5513434301
669,22300000000,0,0,4.488758961,1.844833909,-1.030712323,0.3423222244,0.09906122141,0.7561665429,0.5488301454
670,22333333333,0,0,4.530777945,1.874423081,-1.044694547,0.3374947107,0.09760067888,0.7599115348,0.5469057388
671,22366666667,0,0,4.537711543,1.886493244,-1.058154732,0.3279605744,0.09661251755,0.7671689352,0.5427335515
672,22400000000,0,0,4.551099625,1.908152793,-1.070132551,0.3158819259,0.09521065376,0.7731052464,0.5417211628
673,22433333333,0,1,4.527450107,1.889502167,-1.061146885,0.305402276,0.09342809892,0.777425292,0.5418584276
674,22466666667,0,0,4.530649902,1.902039903,-1.064542354,0.29604722,0.09215375475,0.7820397085,0.5406270649
675,22500000000,0,0,4.542875131,1.914736962,-1.072724604,0.2885321111,0.09022230952,0.7864166822,0.5386631208
676,22533333333,0,0,4.535240204,1.909935289,-1.079570679,0.2807044582,0.08930747454,0.789630939,0.5382491638
677,22566666667,0,0,4.53282117,1.91600273,-1.084114974,0.2727530122,0.08943655455,0.7910295156,0.540258459
678,22600000000,0,0,4.537064378,1.92494779,-1.086005666,0.2646126238,0.08898306552,0.7929944284,0.5414997783
679,22633333333,0,1,4.517752303,1.913298141,-1.098577753,0.2583835809,0.088795989,0.7936142279,0.5436263926
680,22666666667,0,0,4.514354875,1.915041794,-1.100470604,0.2503334106,0.08885586644,0.7932625651,0.5478798421
681,22700000000,0,0,4.522325298,1.923051848,-1.100029228,0.2411770481,0.08848102738,0.7943411613,0.5504787542
682,22733333333,0,0,4.521192024,1.921565974,-1.101158166,0.2317899221,0.08789106784,0.7959928882,0.5522172707
683,22766666667,0,0,4.523451316,1.923471798,-1.1058613,0.2217368215,0.08516960893,0.797375892,0.5547707693
684,22800000000,0,0,4.528645608,1.921546196,-1.103450197,0.2087936634,0.08385839635,0.7994698279,0.5569748377
685,22833333333,0,1,4.543469662,1.926163971,-1.106994174,0.1936341123,0.08221549364,0.8019617908,0.559109765
686,22866666667,0,0,4.546558709,1.922579182,-1.103709499,0.1770466216,0.07962038238,0.8044295375,0.5614340635
687,22900000000,0,0,4.547460317,1.912357026,-1.099517438,0.1576714502,0.07780317063,0.8062812794,0.5647980869
688,22933333333,0,0,4.548547414,1.906248194,-1.095271845,0.1379111349,0.07627581749,0.8076788076,0.5681702758
689,22966666667,0,0,4.542584835,1.882477703,-1.08244946,0.1185603837,0.07512661487,0.8081582479,0.5719962181
690,23000000000,0,0,4.546929556,1.887424625,-1.089971286,0.1011110859,0.07326948291,0.8082265382,0.5754806636
691,23033333333,0,1,4.541163219,1.873303935,-1.087755899,0.08356561405,0.07050275653,0.8083382573,0.5784768027
692,23066666667,0,0,4.536956289,1.855237361,-1.084130265,0.06763230289,0.06688571987,0.8070518567,0.5827687986
693,23100000000,0,0,4.534425237,1.841569886,-1.080101158,0.05320117766,0.06344130846,0.8048785898,0.5876353382
694,23133333333,0,0,4.531119159,1.825709033,-1.075538536,0.04056323166,0.06046066067,0.8022615217,0.592516315
695,23166666667,0,0,4.528927505,1.799862002,-1.068340593,0.02850281902,0.05654857607,0.7995578241,0.5972412693
696,23200000000,0,0,4.524941549,1.771496242,-1.061365238,0.01767916244,0.05450727792,0.7959847293,0.6025983029
697,23233333333,0,1,4.504229764,1.765472923,-1.042967546,0.01262821245,0.0504672782,0.7939088132,0.6058072122
698,23266666667,0,0,4.498553191,1.738317288,-1.0322831,0.005390403802,0.04658263882,0.7905054304,0.610657159
699,23300000000,0,0,4.492111548,1.707307879,-1.019191135,-0.001914126021,0.04168507219,0.7875063701,0.6148921921
700,23333333333,0,0,4.487005889,1.678449407,-1.005415528,-0.01060303172,0.03677442198,0.784241787,0.6192737982
701,23366666667,0,0,4.48077541,1.64653785,-0.9929435888,-0.02043443718,0.0318401778,0.7806702659,0.6237969003
702,23400000000,0,0,4.476698331,1.614351499,-0.9824263989,-0.02956191153,0.02622870092,0.7777179789,0.6273698223
703,23433333333,0,1,4.439105179,1.610592547,-0.9249933316,-0.03630741695,0.0229520672,0.777833642,0.6270006375
704,23466666667,0,0,4.42723724,1.577090731,-0.9137573516,-0.04608973494,0.01969616877,0.7742707287,0.6308665754
705,23500000000,0,0,4.41774668,1.535547058,-0.9064409258,-0.05439926654,0.01789064855,0.771192877,0.634020655
706,23533333333,0,0,4.402816228,1.486432086,-0.894274521,-0.0600068207,0.01639963708,0.7674263051,0.6381121372
707,23566666667,0,0,4.390414983,1.452545841,-0.8860963542,-0.06377113139,0.01485519492,0.7629403937,0.6431442464
708,23600000000,0,0,4.367784605,1.421648026,-0.8758583205,-0.06396764821,0.01367775508,0.7606546611,0.6458525726
709,23633333333,0,1,4.256012756,1.510952728,-0.8426868325,-0.05146528525,0.01580404466,0.7627388136,0.6444618365
710,23666666667,0,0,4.236330237,1.473829402,-0.8322834079,-0.04796135153,0.01207775025,0.7619207,0.6457791291
711,23700000000,0,0,4.217298825,1.425880627,-0.818512995,-0.04201325022,0.004815261684,0.7632097359,0.644765538
712,23733333333,0,0,4.197777094,1.364813551,-0.7973222292,-0.03738148156,-0.00546334025,0.7632990101,0.6449398406
713,23766666667,0,0,4.168672992,1.33753995,-0.7912411516,-0.03534001344,-0.01316702366,0.7634274546,0.644791621
714,23800000000,0,0,4.145018198,1.285609908,-0.7796796538,-0.03527877082,-0.01823608344,0.764777735,0.6430691017
715,23833333333,0,1,4.034974177,1.379601238,-0.7758718756,-0.02530843314,-0.01681240331,0.7676603794,0.6401362106
716,23866666667,0,0,4.00393216,1.350956756,-0.7754961054,-0.02232568197,-0.01935052805,0.7669670534,0.6410059751
717,23900000000,0,0,3.976935685,1.308710568,-0.7638408499,-0.01766239543,-0.02407565634,0.7692324955,0.6382709224
718,23933333333,0,0,3.943669678,1.251968437,-0.7558489096,-0.01397305076,-0.02996795588,0.7701906949,0.6369560181
719,23966666667,0,0,3.907843257,1.223937507,-0.7577828624,-0.009161547396,-0.03359696138,0.7705911795,0.6363776742
720,24000000000,0,0,3.87146639,1.177654629,-0.750694688,-0.002276387612,-0.03855478626,0.7721023228,0.6343235371
721,24033333333,0,1,3.776971757,1.262047762,-0.7604632017,0.01187199339,-0.03706586966,0.7742434484,0.6316900028
722,24066666667,0,0,3.740600468,1.23294087,-0.7601049234,0.01786841549,-0.04094975093,0.7754834067,0.6297851408
723,24100000000,0,0,3.699551933,1.186219675,-0.7569712201,0.02553961051,-0.04607625008,0.777274896,0.6269517074
724,24133333333,0,0,3.656493823,1.159039267,-0.7611021439,0.03383539565,-0.04944090044,0.7784546864,0.62483523
725,24166666667,0,0,3.615015735,1.126075291,-0.7577560608,0.04281584462,-0.05373324987,0.7818039661,0.61972744
726,24200000000,0,0,3.569717557,1.082990764,-0.764458053,0.05177591939,-0.05981255222,0.7852360389,0.6141221995
727,24233333333,0,1,3.484440355,1.146360681,-0.7801773911,0.06682199546,-0.05985046508,0.7906082165,0.6057156022
728,24266666667,0,0,3.435615759,1.124180344,-0.7886668282,0.07282026465,-0.06217130224,0.7944343238,0.5997549861
729,24300000000,0,0,3.382947984,1.083177158,-0.7943471648,0.07893719539,-0.06162190546,0.7986125025,0.593455753
730,24333333333,0,0,3.324886481,1.03541199,-0.7960663589,0.083528089,-0.06166290767,0.8012828241,0.5892084351
731,24366666667,0,0,3.276723756,1.014519923,-0.8117583949,0.08562222863,-0.06300703312,0.8023483855,0.5873125369
732,24400000000,0,0,3.230937481,0.9925089844,-0.8308664113,0.08794593651,-0.06287135636,0.8043793241,0.5841974048
733,24433333333,0,1,3.197250736,1.045174562,-0.8416638589,0.09224661283,-0.05608988405,0.8063613579,0.5814858965
734,24466666667,0,0,3.154530237,1.029920061,-0.8531916283,0.0936253238,-0.05108480355,0.8069533166,0.5809053162
735,24500000000,0,0,3.108160462,1.014470512,-0.8729924138,0.0956138366,-0.04603106983,0.8069474967,0.5810119382
736,24533333333,0,0,3.052641303,0.9865663694,-0.8912407635,0.0957880035,-0.04334645753,0.8070077537,0.581106039
737,24566666667,0,0,3.003868756,0.9653272603,-0.9218830545,0.09216773527,-0.04135510802,0.8072867383,0.5814490397
738,24600000000,0,0,2.953518731,0.9441678681,-0.9403831387,0.0858620883,-0.03828976867,0.8079701571,0.5816750129
739,24633333333,0,1,2.926482485,0.9840968933,-0.9465502788,0.07785917742,-0.03162994724,0.8093308004,0.5813098575
740,24666666667,0,0,2.889192091,0.9797579342,-0.9670703946,0.06765312463,-0.02568463984,0.8102158188,0.5816473854
741,24700000000,0,0,2.846561085,0.972944707,-0.9984655337,0.05947425899,-0.0200777537,0.810943166,0.5817481223
742,24733333333,0,0,2.805573346,0.964049095,-1.039050528,0.05138247411,-0.01619306846,0.8133071892,0.5793349996
743,24766666667,0,0,2.768221587,0.9545252256,-1.070277888,0.0432521337,-0.01192107073,0.8172297306,0.5745630587
744,24800000000,0,0,2.713970187,0.9376541024,-1.108250818,0.03485727799,-0.007606755357,0.8217640652,0.5687098808
745,24833333333,0,1,2.676318314,0.9374170723,-1.128321959,0.02391616668,-0.004209715616,0.8274570758,0.5610036391
746,24866666667,0,0,2.625243062,0.9195688569,-1.175861519,0.01196172279,-0.004475546542,0.8346998652,0.5505570104
747,24900000000,0,0,2.570738061,0.8850607243,-1.198851662,-0.001207891863,-0.008337189501,0.8436685792,0.5367982496
748,24933333333,0,1,2.527753343,0.8545807782,-1.211297155,-0.0143478224,-0.01633477301,0.8520805805,0.5229588889
749,24966666667,0,0,2.460556813,0.8087045693,-1.242217205,-0.03011123533,-0.02771494915,0.860193987,0.5083222401
750,25000000000,0,0,2.413570873,0.762628729,-1.244878898,-0.0484960882,-0.04032946718,0.867854859,0.4927977345
751,25033333333,0,1,2.46820264,0.7924942879,-1.233022356,-0.06724016069,-0.05361198009,0.8735094729,0.4791510378
752,25066666667,0,0,2.44991188,0.78853502,-1.254755349,-0.0816544785,-0.06154165049,0.8777720538,0.468039948
753,25100000000,0,0,2.438735708,0.7880136943,-1.260969242,-0.09418565687,-0.06777278565,0.881490931,0.4577222412
754,25133333333,0,0,2.420940975,0.800680866,-1.297973963,-0.1042274165,-0.07335932087,0.8844664169,0.4488587897
755,25166666667,0,0,2.397281565,0.8250263219,-1.318674471,-0.1113729677,-0.08021755978,0.8884644228,0.4379408346
756,25200000000,0,0,2.386878945,0.8184808403,-1.333888445,-0.1158678148,-0.08864946404,0.8922081121,0.4274115191
757,25233333333,0,1,2.374454205,0.8299628413,-1.334741978,-0.1191804453,-0.09714387615,0.8959347894,0.4167252596
758,25266666667,0,0,2.362536129,0.8346579814,-1.340432661,-0.1235988531,-0.1050108281,0.8994175801,0.4058867651
759,25300000000,0,0,2.356336056,0.8287789073,-1.342605743,-0.1297789188,-0.1109641003,0.9019568627,0.3966336074
760,25333333333,0,0,2.346847483,0.8386474726,-1.350162261,-0.1371905952,-0.1168339281,0.9041993704,0.3872364555
761,25366666667,0,0,2.34024454,0.833329175,-1.358865067,-0.1458737052,-0.1191497496,0.9059829928,0.3791029097
762,25400000000,0,0,2.322793391,0.8394121213,-1.369602536,-0.1531172803,-0.1202496339,0.9069020592,0.3736626539
763,25433333333,0,1,2.351860186,0.8385201086,-1.364196565,-0.1644335106,-0.1204116633,0.908383721,0.3651050085
764,25466666667,0,0,2.348157249,0.8417308353,-1.367632109,-0.1721050944,-0.1221297221,0.9104307119,0.3557809527
765,25500000000,0,0,2.348789641,0.840318191,-1.368107216,-0.1805292042,-0.123308798,0.9118609253,0.3474389149
766,25533333333,0,0,2.339279526,0.8467545632,-1.375118425,-0.1893988662,-0.1208844836,0.9138499863,0.3382206583
767,25566666667,0,0,2.334741508,0.8495371499,-1.379449006,-0.1982806607,-0.1149610788,0.9163112869,0.3283935984
768,25600000000,0,0,2.338624763,0.8444570006,-1.376389531,-0.2068328177,-0.1103378468,0.9179974821,0.3198849291
769,25633333333,0,1,2.311124199,0.8649865,-1.395679768,-0.2158433089,-0.106605291,0.9191750834,0.3117116361
770,25666666667,0,0,2.30642578,0.8666764366,-1.399269648,-0.2228486184,-0.1052214596,0.9199283787,0.3049569082
771,25700000000,0,0,2.30081431,0.8704227396,-1.403640621,-0.2288036833,-0.1037035939,0.9208839494,0.298106006
772,25733333333,0,0,2.298860379,0.8720041716,-1.405244924,-0.2341980044,-0.1021903199,0.9220044676,0.2908886298
773,25766666667,0,0,2.295254817,0.8746445983,-1.408631897,-0.2377168727,-0.1019773934,0.9227671145,0.2856434003
774,25800000000,0,0,2.28840208,0.8788099637,-1.414416115,-0.2397310857,-0.09945671008,0.9239760966,0.2809013035
775,25833333333,0,1,2.267434088,0.8863611157,-1.434568545,-0.2431579359,-0.09264440177,0.9250394882,0.276754726
776,25866666667,0,0,2.26530481,0.8873774583,-1.436432833,-0.2449492938,-0.0918045658,0.9251988038,0.2749162394
777,25900000000,0,0,2.260758973,0.8911450511,-1.440050345,-0.2483911325,-0.09406656988,0.9247520915,0.2725562237
778,25933333333,0,0,2.256957809,0.8945197539,-1.442288659,-0.2540184504,-0.09490203072,0.9242890406,0.2686224133
779,25966666667,0,0,2.252788184,0.8986866745,-1.445055295,-0.2582472759,-0.09162051169,0.9233664193,0.2689023653
780,26000000000,0,0,2.245176588,0.9054230158,-1.448991978,-0.2594638981,-0.09238287954,0.9219672865,0.2722502742
781,26033333333,0,1,2.215892641,0.926850482,-1.468285167,-0.2618626041,-0.08791714502,0.9205836536,0.2760874659
782,26066666667,0,0,2.21265555,0.9303075738,-1.471764706,-0.2635978064,-0.08098581136,0.9187102141,0.2827172391
783,26100000000,0,0,2.205162411,0.9363574071,-1.477124762,-0.2635156935,-0.07685227002,0.9154695212,0.2942257018
784,26133333333,0,0,2.195567605,0.9450993893,-1.483588704,-0.26169237,-0.07181302426,0.9124223154,0.3063421477
785,26166666667,0,1,2.174606037,0.9637936215,-1.497470764,-0.2594852496,-0.06843881448,0.9082407958,0.3210641536
786,26200000000,0,0,2.161459649,0.9709780896,-1.504548799,-0.2578574736,-0.06482776683,0.9029417071,0.3376435361
787,26233333333,0,0,2.146932731,0.9773121289,-1.513984362,-0.2564190525,-0.05909444871,0.8985658811,0.3511929284
788,26266666667,0,0,2.14320649,0.9824099743,-1.518928322,-0.2524910948,-0.05529876891,0.8943548648,0.3651296607
789,26300000000,0,1,2.12234985,0.9899980128,-1.533257466,-0.2467907917,-0.04478451627,0.8897697392,0.3813115045
790,26333333333,0,0,2.113837419,0.9973020384,-1.538567331,-0.2410917684,-0.0393062595,0.8860299524,0.3940567227
791,26366666667,0,0,2.110373622,1.00354326,-1.539347004,-0.2380693241,-0.03536368848,0.8818126364,0.4055599594
792,26400000000,0,0,2.102589064,1.012397226,-1.54301074,-0.2376764271,-0.02910613917,0.8761236269,0.4184138371
793,26433333333,0,0,2.09273504,1.020389601,-1.548104927,-0.2358540252,-0.02268354172,0.8702009575,0.4319822095
794,26466666667,0,0,2.08872612,1.023954409,-1.552421206,-0.2342750167,-0.01241318798,0.8639930354,0.4455077598
795,26500000000,0,1,2.057773506,1.052681369,-1.539693165,-0.2271891567,-0.007821724724,0.859643289,0.4575339587
796,26533333333,0,0,2.051381161,1.060109689,-1.542927402,-0.2274517103,0.001158182138,0.8526097853,0.470447587
797,26566666667,0,0,2.045572608,1.0701517,-1.543592369,-0.2267203006,0.008615374037,0.845632712,0.4831449026
798,26600000000,0,0,2.033230708,1.086067082,-1.54633537,-0.2294875037,0.01281626451,0.8381748664,0.4946050166
799,26633333333,0,0,2.027432328,1.092669737,-1.548347269,-0.2334195327,0.01637116737,0.8306393662,0.5052579044
800,26666666667,0,0,2.020552705,1.098502413,-1.552915711,-0.2348083037,0.02136043113,0.8226477275,0.5173582019
801,26700000000,0,1,1.993292355,1.125846392,-1.526198559,-0.2273746844,0.02227971198,0.8195516738,0.5254896966
802,26733333333,0,0,1.990023852,1.133847995,-1.52407594,-0.2262371513,0.02457668682,0.8111344045,0.5387705595
803,26766666667,0,0,1.987719413,1.141264942,-1.524424452,-0.2265595905,0.02749620173,0.8009336633,0.5535521455
804,26800000000,0,0,1.983324244,1.149885269,-1.525908203,-0.2282382468,0.03362512421,0.7903962753,0.5674948297
805,26833333333,0,0,1.975369303,1.161728554,-1.527754493,-0.229738509,0.03856034715,0.7798131204,0.5810549151
806,26866666667,0,1,1.970432109,1.196718655,-1.490981676,-0.2294619512,0.03602335053,0.7746987394,0.5881253219
807,26900000000,0,0,1.968628993,1.207050133,-1.48719853,-0.2338631479,0.03779204334,0.7640218014,0.6001253839
808,26933333333,0,0,1.955590264,1.225611771,-1.483819837,-0.2383435474,0.03874039185,0.7551350437,0.6094773181
809,26966666667,0,0,1.946836294,1.238065129,-1.482403366,-0.2425245062,0.03965464859,0.7466491909,0.6181620811
810,27000000000,0,0,1.937382562,1.251854845,-1.476733472,-0.2456474696,0.03982175465,0.7394393216,0.6255405968
811,27033333333,0,1,1.906917751,1.283361586,-1.431825962,-0.244128938,0.0362725476,0.7394631265,0.6263223199
812,27066666667,0,0,1.903778331,1.287714978,-1.431267096,-0.2507409663,0.03519909715,0.7323082901,0.6321507413
813,27100000000,0,0,1.899694622,1.296934613,-1.426256891,-0.2583331967,0.03445375115,0.7253323631,0.6371576427
814,27133333333,0,0,1.894131142,1.305281938,-1.422235831,-0.2677277174,0.03290426663,0.7186525994,0.6409193553
815,27166666667,0,0,1.88565939,1.315584837,-1.421403598,-0.2796883118,0.03244550645,0.7097491958,0.645738195
816,27200000000,0,0,1.879071677,1.323922547,-1.417826012,-0.2930580114,0.03201248781,0.701415274,0.6489289761
817,27233333333,0,1,1.839275001,1.343982692,-1.403402344,-0.3016973601,0.03347394281,0.69549199,0.6512672953
818,27266666667,0,0,1.821838057,1.361400316,-1.396950772,-0.3132244084,0.03249174348,0.6882056766,0.6536112784
819,27300000000,0,0,1.814365744,1.366942093,-1.393757614,-0.326048143,0.03088616121,0.6819765304,0.6539469898
820,27333333333,0,0,1.814196757,1.364362144,-1.393258153,-0.3385166855,0.0289428377,0.6740475097,0.655918227
821,27366666667,0,0,1.804594276,1.37429453,-1.391954985,-0.3530117759,0.02883129058,0.664681705,0.657837118
822,27400000000,0,0,1.79446128,1.375708807,-1.390365863,-0.3679788839,0.03297780921,0.6550075421,0.6591427197
823,27433333333,0,1,1.755204976,1.386220081,-1.372418837,-0.3771328971,0.04075298733,0.6466557229,0.6617751491
824,27466666667,0,0,1.742652278,1.397674364,-1.363809098,-0.3896299849,0.04339305695,0.6386144562,0.6621760293
825,27500000000,0,0,1.732798085,1.406184115,-1.358863764,-0.4045559139,0.04477749432,0.6308382844,0.6605850039
826,27533333333,0,0,1.723050272,1.414889616,-1.354043777,-0.4186043402,0.04273065784,0.6247847357,0.6577146276
827,27566666667,0,0,1.716807004,1.418659186,-1.349709296,-0.4307710741,0.03845635865,0.6191901623,0.6554089816
828,27600000000,0,0,1.707071276,1.420899055,-1.348164637,-0.442323313,0.03652649341,0.6137312245,0.6529547351
829,27633333333,0,1,1.674549041,1.416238986,-1.323775802,-0.450891383,0.03608112393,0.6110676115,0.6496087188
830,27666666667,0,0,1.666611745,1.419678376,-1.319403204,-0.4629593692,0.03130677235,0.607731721,0.6444770468
831,27700000000,0,0,1.664150355,1.416146972,-1.3213527,-0.4748546579,0.02655991436,0.6045235919,0.6390296172
832,27733333333,0,0,1.657860329,1.415803319,-1.320565103,-0.4834188243,0.02145812745,0.601663455,0.6354894775
833,27766666667,0,0,1.649884535,1.419839166,-1.313322824,-0.4919818273,0.01410449638,0.6019805882,0.628787974
834,27800000000,0,1,1.622098564,1.40517528,-1.299516808,-0.4968624938,0.006632409022,0.60415133,0.6229645606
835,27833333333,0,0,1.621116097,1.40036283,-1.300581813,0.5038573168,0.003871665606,-0.6044186907,-0.6170825397
836,27866666667,0,0,1.619522356,1.398056375,-1.299257436,0.5113696239,0.01554194767,-0.6066650351,-0.6084546745
837,27900000000,0,0,1.619606114,1.389347581,-1.304851325,0.5185716537,0.02628792703,-0.6088113591,-0.5997842228
838,27933333333,0,1,1.609969711,1.372418467,-1.325312935,0.5250532445,0.0357303502,-0.6089964079,-0.5934355969
839,27966666667,0,0,1.612654081,1.369281842,-1.322748126,0.5297481583,0.05273979218,-0.6146360126,-0.5820721391
840,28000000000,0,0,1.614117998,1.35629837,-1.33123973,0.5358370585,0.06576463181,-0.6167920071,-0.5728187147
841,28033333333,0,0,1.619318321,1.34945389,-1.322896702,0.5376869012,0.08489594364,-0.6237061676,-0.5609599733
842,28066666667,0,1,1.621714104,1.316852506,-1.339472466,0.5430423213,0.09901617446,-0.6256871852,-0.5511954107
843,28100000000,0,0,1.627402178,1.30251703,-1.339830078,0.545672951,0.1166867455,-0.6303419854,-0.5397167919
844,28133333333,0,0,1.632645206,1.289228919,-1.347945567,0.5510629448,0.1332169419,-0.6325316065,-0.5277183378
845,28166666667,0,1,0.6594054296,0.9911416975,-0.8906297224,-0.3443477208,-0.05665725223,0.7538830862,0.5566640776
846,28200000000,0,0,0.6636082172,0.9613636941,-0.8884991331,-0.3521899335,-0.06285547373,0.7596982586,0.543019333
847,28233333333,0,0,0.6654709439,0.9314842706,-0.889071039,-0.3591738747,-0.06594773962,0.7640693153,0.5318299584
848,28266666667,0,1,0.6366557446,0.9131422614,-0.91868648,-0.355144541,-0.07349336223,0.76729401,0.5288960038
849,28300000000,0,0,0.6350252871,0.8931060237,-0.9308552563,-0.3593150221,-0.07769496118,0.7715041764,0.5192663225
850,28333333333,0,0,0.6326999687,0.8783969508,-0.9368293014,-0.3635497201,-0.07973364057,0.7771455631,0.5074632217
851,28366666667,0,0,0.6297650072,0.8551791219,-0.9467378183,-0.3662655401,-0.0847654085,0.7822285717,0.496772424
852,28400000000,0,0,0.6284401622,0.8369477958,-0.9525000491,-0.3681334043,-0.08972340239,0.7888982572,0.4838047617
853,28433333333,0,1,0.6338737586,0.8441518447,-0.9302750244,-0.3704407412,-0.09647918203,0.8000194316,0.4619895387
854,28466666667,0,0,0.6396732963,0.8364350547,-0.9242462678,-0.3732103685,-0.1022822168,0.8082538491,0.4438221315
855,28500000000,0,0,0.6374773561,0.8231722003,-0.9266485013,-0.3737605165,-0.108330359,0.8147428537,0.4298391466
856,28533333333,0,0,0.6389210699,0.8116028285,-0.9285739393,-0.375944355,-0.1153814674,0.8213285504,0.4132461388
857,28566666667,0,0,0.6331057637,0.7830557026,-0.9452921164,-0.3780838844,-0.1189155026,0.826026805,0.4007385644
858,28600000000,0,0,0.6326908634,0.7634856076,-0.9513217751,-0.3785999192,-0.1284570316,0.8332273231,0.3819595794
859,28633333333,0,1,0.6180700945,0.7105062375,-0.9749571741,-0.3740575404,-0.1347390689,0.83671612,0.3766065245
860,28666666667,0,0,0.6228049174,0.6971376975,-0.9778391612,-0.3744698023,-0.1389171661,0.8420789019,0.3624603579
861,28700000000,0,0,0.6307831617,0.6963330925,-0.9714214091,-0.3746590453,-0.1430888775,0.8476104952,0.3474372193
862,28733333333,0,0,0.63256009,0.6846512271,-0.9676009329,-0.372874791,-0.1444720352,0.8525177582,0.3366091106
863,28766666667,0,0,0.6361514833,0.6805412401,-0.9491346071,-0.3729123353,-0.1462415547,0.8574270974,0.323061249
864,28800000000,0,1,0.633432544,0.6657939302,-0.9355342865,-0.3716267119,-0.1496935484,0.8612239502,0.3126959163
865,28833333333,0,0,0.6380755051,0.6583914172,-0.9274296601,-0.3736606169,-0.1520480321,0.8631583531,0.3036721862
866,28866666667,0,0,0.6426872045,0.6505481254,-0.9167438278,-0.3766824301,-0.1523823488,0.864736754,0.2951615031
867,28900000000,0,0,0.6471875113,0.6430172841,-0.9069605039,-0.37974303,-0.1507831689,0.8658709312,0.2886645069
868,28933333333,0,0,0.6529483327,0.6350366003,-0.8996334673,-0.384180579,-0.1498783994,0.8651276266,0.2854749338
869,28966666667,0,0,0.6543164277,0.6312726894,-0.8967903772,-0.3906309411,-0.1482797494,0.863544804,0.2823312864
870,29000000000,0,1,0.6439059082,0.6059729089,-0.8831112036,-0.3925759658,-0.1451089279,0.8632076771,0.2823119133
871,29033333333,0,0,0.6475893,0.595198025,-0.8823740631,-0.4017503857,-0.1464257687,0.8586202253,0.2827143974
872,29066666667,0,0,0.6515352743,0.5945390946,-0.8790947944,-0.4149524913,-0.1460275386,0.8531711975,0.2803378242
873,29100000000,0,0,0.6510730031,0.5895762486,-0.8761986545,-0.4281784015,-0.1453091561,0.8473621596,0.2784346892
874,29133333333,0,0,0.64734831,0.5799413589,-0.8587720832,-0.4397046414,-0.1441218469,0.8420495088,0.2772027171
875,29166666667,0,1,0.6257078431,0.5548905623,-0.8166078496,-0.4456299087,-0.1367157916,0.8394007612,0.279515901
876,29200000000,0,0,0.6226296831,0.5504843752,-0.8106337791,-0.4592053581,-0.1339886604,0.8301666866,0.2863577315
877,29233333333,0,0,0.6088176847,0.548949178,-0.8126951633,-0.4741886635,-0.1310841169,0.81943958,0.2940762494
878,29266666667,0,0,0.5902431413,0.5536475423,-0.8212006893,-0.4896891796,-0.1293581752,0.8081859984,0.3005101694
879,29300000000,0,0,0.5694519053,0.5586887226,-0.847049276,0.5055814086,0.1318849378,-0.7952003755,-0.3076526696
880,29333333333,0,0,0.5452904645,0.5736272385,-0.8577492735,0.5201155007,0.1365869981,-0.7845462959,-0.3087247439
881,29366666667,0,1,0.5484303968,0.5735846801,-0.8496398489,0.532482642,0.1422612935,-0.7751855344,-0.3087253595
882,29400000000,0,0,0.5353828099,0.581688157,-0.862581253,0.5451990541,0.1457353047,-0.76610389,-0.3075777009
883,29433333333,0,0,0.525485439,0.59340575,-0.8634080838,0.5558208761,0.1459509689,-0.7596917799,-0.3043515532
884,29466666667,0,0,0.5099881983,0.5997011936,-0.8648587168,0.5652449267,0.1432701787,-0.7538015264,-0.3029110224
885,29500000000,0,0,0.4918196526,0.6065321352,-0.866972762,0.5763883129,0.1396211098,-0.7465780979,-0.3015022423
886,29533333333,0,0,0.4630863416,0.6112700126,-0.8714617388,0.5896030462,0.135211064,-0.7378473035,-0.2994454421
887,29566666667,0,1,0.4688846862,0.5985795945,-0.8505745058,0.6022479331,0.1333342399,-0.7286791693,-0.2975669266
888,29600000000,0,0,0.4642648782,0.5974986578,-0.8383536421,0.618500079,0.1293568863,-0.715268978,-0.2985209161
889,29633333333,0,0,0.4336563537,0.6123474284,-0.8479396919,0.6374591204,0.1228758837,-0.6995276111,-0.2986779341
890,29666666667,0,0,0.4108084609,0.6246072951,-0.8573187721,0.6559307048,0.115963948,-0.683774408,-0.297925884
891,29700000000,0,1,0.4111917359,0.6390974027,-0.8584340418,0.6735784906,0.1079483154,-0.6692390052,-0.2945476737
892,29733333333,0,0,0.378800818,0.6528995072,-0.8675553715,0.6876935101,0.1017667624,-0.656003904,-0.2939048149
893,29766666667,0,0,0.3595762052,0.6626818518,-0.8774150713,0.6993652963,0.0978935499,-0.6444667822,-0.2932023224
894,29800000000,0,0,0.3462450623,0.675998893,-0.8873111399,0.7092455514,0.09484287171,-0.6335443432,-0.2942739248
895,29833333333,0,0,0.3171459739,0.6897139464,-0.8964963312,0.7176503578,0.09348419372,-0.6234953944,-0.2957907413
896,29866666667,0,0,0.3026049068,0.6835256838,-0.8931013476,0.7257324953,0.09500054706,-0.6141726925,-0.2950917571
897,29900000000,0,1,0.3053472078,0.7142349593,-0.8686257814,0.7350335002,0.09677847288,-0.6060611776,-0.288183153
898,29933333333,0,0,0.2861940834,0.722798675,-0.8696893957,0.7421182547,0.09890800035,-0.5959186751,-0.2904455822
899,29966666667,0,0,0.2672239173,0.7316194362,-0.8708564846,0.7494798471,0.1000594093,-0.5860429379,-0.2912417354
900,30000000000,0,0,0.2495392064,0.7421891732,-0.8665444031,0.7564599332,0.09930488355,-0.5772431687,-0.2910278917
901,30033333333,0,0,0.2327647619,0.7506344723,-0.8596146807,0.7625874015,0.09805119858,-0.5683465781,-0.2929651594
902,30066666667,0,0,0.2123857634,0.7592636067,-0.8548321718,0.7680701416,0.09670293958,-0.5596414743,-0.2958347837
903,30100000000,0,1,0.2195132569,0.7618331227,-0.8334284905,0.771566958,0.09437980796,-0.5535987504,-0.2988399317
904,30133333333,0,0,0.1975552132,0.7725606967,-0.822151092,0.77573429,0.09213006785,-0.5443343167,-0.3056934961
905,30166666667,0,0,0.1722584734,0.7835053594,-0.8142309821,0.7801360262,0.08973135217,-0.534971152,-0.311676004
906,30200000000,0,0,0.1465144187,0.790329157,-0.802745873,0.7843052972,0.08703182808,-0.5260411258,-0.317129935
907,30233333333,0,0,0.104175614,0.8105209863,-0.7881305851,0.7885575514,0.08539862423,-0.5169103168,-0.3220058812
908,30266666667,0,0,0.07574619692,0.8237870586,-0.782584586,0.7913924721,0.08531552291,-0.5092695257,-0.3272060005
909,30300000000,0,1,0.06291258991,0.8366892239,-0.7844673702,0.7944434034,0.08472469136,-0.5023720292,-0.330611176
910,30333333333,0,0,0.02668989768,0.8453468745,-0.7722030585,0.7965752888,0.0826970177,-0.4966376981,-0.3346341426
911,30366666667,0,0,-0.01004236945,0.8513487185,-0.7574365809,0.7996005369,0.08050904369,-0.4902486229,-0.3373626582
912,30400000000,0,0,-0.05113525653,0.8663615497,-0.7447559932,0.8045461654,0.07739393125,-0.4831458516,-0.3365794605
913,30433333333,0,0,-0.09824224217,0.8767198719,-0.7254268955,0.8093369228,0.07622027566,-0.4768161679,-0.3343808562
914,30466666667,0,0,-0.1329295253,0.8827589744,-0.7077866693,0.8147751476,0.0758805686,-0.4693628741,-0.3317862123
915,30500000000,0,1,-0.1276083601,0.882524461,-0.7189176936,0.8214754131,0.07505243216,-0.4601547531,-0.3283334909
916,30533333333,0,0,-0.1709559256,0.8846878253,-0.6980619887,0.8276856829,0.07464230466,-0.4520807101,-0.3240184688
917,30566666667,0,0,-0.2112675725,0.8981208119,-0.6941087623,0.836070772,0.07421125016,-0.4417094487,-0.3168140108
918,30600000000,0,0,-0.2429725727,0.9098384554,-0.6961810379,0.8439680866,0.06994899371,-0.4333706195,-0.3082448917
919,30633333333,0,0,-0.2814220075,0.9198240934,-0.703629847,0.8515330717,0.06173369389,-0.4258773034,-0.2995144425
920,30666666667,0,0,-0.3334606435,0.926078833,-0.7080243652,0.8595938936,0.05102782299,-0.4187428716,-0.2883555215
921,30700000000,0,1,-0.3306442612,0.9162504168,-0.7290669795,0.8683204528,0.03917229096,-0.4119436212,-0.273473172
922,30733333333,0,0,-0.3506856405,0.923754702,-0.6963179583,0.8728420071,0.03172140312,-0.41032425,-0.2622491051
923,30766666667,0,0,-0.382539735,0.9069519704,-0.6391525048,0.8762355443,0.02709802991,-0.4065085782,-0.257347515
924,30800000000,0,0,-0.4061070563,0.907874581,-0.5950842464,0.8813169795,0.02726592219,-0.3985654757,-0.2523539432
925,30833333333,0,0,-0.4289841203,0.930050744,-0.5913469315,0.8889325936,0.02724252833,-0.3850047734,-0.2466333576
926,30866666667,0,0,-0.4612035657,0.9463588413,-0.6042571456,0.8964444729,0.02417064158,-0.3694089599,-0.2435982501
927,30900000000,0,1,-0.4559413079,0.9345071965,-0.6332388041,0.9034225461,0.01858146103,-0.3558103635,-0.2384982553
928,30933333333,0,0,-0.4962712209,0.9302771346,-0.6194216473,0.9087816151,0.01821569624,-0.3457724616,-0.2328638428
929,30966666667,0,0,-0.516186098,0.9521474144,-0.6213298939,0.9130128595,0.02128397044,-0.336422737,-0.2297264742
930,31000000000,0,0,-0.550147411,0.9594393582,-0.6190798482,0.916293786,0.02132277981,-0.3273469947,-0.2297715863
931,31033333333,0,0,-0.5893100157,0.9633002998,-0.6045099674,0.9181435844,0.02308894676,-0.3206341643,-0.2316743225
932,31066666667,0,0,-0.6341923667,0.9665162538,-0.6045844563,0.9201263564,0.02608172991,-0.3138531163,-0.232773394
933,31100000000,0,1,-0.6074819333,0.9608430782,-0.6081617628,0.9215404289,0.02923749543,-0.3094676388,-0.2326761425
934,31133333333,0,0,-0.6531091952,0.9595191136,-0.5839608369,0.9226749478,0.03458446268,-0.3067714351,-0.23101113
935,31166666667,0,0,-0.6856952137,0.9827937209,-0.5919028367,0.9242133302,0.04266635337,-0.3031538558,-0.22826967
936,31200000000,0,0,-0.730063026,0.9966744207,-0.5763490767,0.9257747852,0.04898383206,-0.3004850924,-0.2241658772
937,31233333333,0,0,-0.7640715427,1.025274211,-0.600081773,0.9276473357,0.0566691394,-0.2963146375,-0.2201287458
938,31266666667,0,0,-0.8224862695,1.046007354,-0.612762457,0.9287272148,0.06148380921,-0.2939204947,-0.2174769974
939,31300000000,0,1,-0.7579524582,1.040852627,-0.6354657731,0.9278059141,0.06717021068,-0.2957855061,-0.2171987177
940,31333333333,0,0,-0.7753329119,1.080482444,-0.6568281967,0.9276471159,0.06468425625,-0.2932257187,-0.222048313
941,31366666667,0,0,-0.8170240365,1.081228653,-0.6133352403,0.9274865028,0.05775263899,-0.2919846956,-0.2262263411
942,31400000000,0,0,-0.8464699962,1.096696801,-0.6025578634,0.9273856245,0.05820438708,-0.2896076703,-0.2295551132
943,31433333333,0,0,-0.8687264109,1.1312865,-0.6131261561,0.9281022084,0.05611266292,-0.2847817042,-0.2331888523
944,31466666667,0,0,-0.9058780463,1.134637708,-0.5712088896,0.9283467907,0.0522960202,-0.2820753359,-0.2363701914
945,31500000000,0,1,-0.8814635913,1.140344988,-0.6226966457,0.9307749462,0.05216081004,-0.2718798118,-0.2387857143
946,31533333333,0,0,-0.9138153696,1.163021198,-0.6169675325,0.9326542622,0.04270312182,-0.2663023087,-0.239615423
947,31566666667,0,0,-0.9482839672,1.178837981,-0.6030384367,0.9339146751,0.03572902005,-0.2630821351,-0.239404693
948,31600000000,0,0,-0.9736506998,1.202444176,-0.6051056691,0.9351285687,0.02704549085,-0.2600995335,-0.2390634522
949,31633333333,0,0,-1.009979172,1.215347157,-0.5730681726,0.9344766104,0.01907252173,-0.2608442321,-0.2415574262
950,31666666667,0,0,-1.051284889,1.206622404,-0.5183450298,0.9325563876,0.01521659693,-0.2648419568,-0.2448791069
951,31700000000,0,1,-1.002334663,1.184976243,-0.5440946668,0.9314709402,0.01848113499,-0.2671683372,-0.2462547761
952,31733333333,0,0,-1.020645873,1.201312738,-0.5425683869,0.9318780322,0.01864024891,-0.2667061801,-0.2452013208
953,31766666667,0,0,-1.056025371,1.202870119,-0.5211591946,0.9315627797,0.01773915443,-0.2687128971,-0.2442733896
954,31800000000,0,0,-1.074818413,1.208190722,-0.5182461285,0.9301488741,0.01956587474,-0.2725639324,-0.245253239
955,31833333333,0,0,-1.096332605,1.214055685,-0.5050317746,0.9285153101,0.0198386975,-0.2770044109,-0.2464433023
956,31866666667,0,0,-1.112425963,1.215813332,-0.4949760866,0.9267562174,0.01979749711,-0.2808449393,-0.2487108615
957,31900000000,0,1,-1.090996704,1.228671915,-0.5127524489,0.9247887029,0.01973668039,-0.2830500189,-0.2534936
958,31933333333,0,0,-1.111680008,1.223481732,-0.4821975383,0.9215106972,0.01525785235,-0.2878400896,-0.2602562501
959,31966666667,0,0,-1.129003128,1.224231552,-0.4624033346,0.9190851394,0.0128105318,-0.2897564143,-0.2667575999
960,32000000000,0,0,-1.154281951,1.215487731,-0.434577926,0.918057351,0.0086981707,-0.2905543684,-0.2695796748
961,32033333333,0,0,-1.172236609,1.196971555,-0.4053159037,0.9168594427,0.007121337338,-0.2912671814,-0.2729129494
962,32066666667,0,0,-1.196137113,1.205109021,-0.4027080799,0.9168875676,0.006566871856,-0.289325224,-0.2748908499
963,32100000000,0,1,-1.18748826,1.207497825,-0.4342613739,0.9160786658,0.003351591556,-0.2900555553,-0.2768689579
964,32133333333,0,0,-1.198443328,1.205233045,-0.421365136,0.9142659575,0.001105875849,-0.2936169013,-0.2791158384
965,32166666667,0,0,-1.220224579,1.192902545,-0.3944668422,0.9123965824,-0.002422906427,-0.2968242659,-0.2818190221
966,32200000000,0,0,-1.231145688,1.173662036,-0.3691718729,0.910703085,-0.002683977608,-0.2991389933,-0.284830739
967,32233333333,0,0,-1.256929353,1.166662277,-0.3580098327,0.9102601166,-0.00282000762,-0.2989482357,-0.2864411284
968,32266666667,0,0,-1.278106828,1.154695732,-0.3469980566,0.9079523515,-0.001226156131,-0.3029923936,-0.2895110246
969,32300000000,0,0,-1.279826273,1.15303766,-0.3363773489,0.9054268777,3.95432461e-05,-0.3077300486,-0.2924113281
970,32333333333,0,1,-1.261397434,1.149152887,-0.3523235405,0.9032480822,-0.003689820939,-0.3110510987,-0.2955951645
971,32366666667,0,0,-1.281945656,1.123534993,-0.3348709759,0.9026913216,-0.005125804312,-0.3125180833,-0.2957271574
972,32400000000,0,0,-1.294070113,1.099493415,-0.3165150709,0.9028055663,-0.006603483072,-0.3140676506,-0.2937005521
973,32433333333,0,0,-1.307197082,1.061472339,-0.2923265772,0.9023317541,-0.008494543651,-0.3160072966,-0.2930266826
974,32466666667,0,0,-1.316363011,1.030662832,-0.2723533224,0.9021322753,-0.008468743525,-0.3173134186,-0.2922290756
975,32500000000,0,0,-1.337917412,0.9943011434,-0.2536520177,0.9026063342,-0.009355529479,-0.317816476,-0.2901843676
976,32533333333,0,1,-1.333189592,1.007263982,-0.2765204484,0.9019477793,-0.008386891247,-0.3199972503,-0.2898648363
977,32566666667,0,0,-1.343441047,0.959533336,-0.2597680872,0.9009073724,-0.004142553291,-0.3243158159,-0.2883886218
978,32600000000,0,0,-1.354449596,0.91765379,-0.2509019787,0.9006255611,0.00128240432,-0.3275272113,-0.2856534264
979,32633333333,0,0,-1.361232422,0.8737434232,-0.236357176,0.9004944893,0.005567216056,-0.3314278486,-0.2814858114
980,32666666667,0,0,-1.364513037,0.8169212701,-0.222861348,0.8995787829,0.01118901743,-0.3361809976,-0.2785949678
981,32700000000,0,0,-1.362001156,0.7904372381,-0.2243090224,0.8988996835,0.01933319146,-0.3380893861,-0.2780308504
982,32733333333,0,1,-1.349847481,0.8391388904,-0.2340405045,0.8994834053,0.0241742284,-0.3395454929,-0.2739599762
983,32766666667,0,0,-1.351137947,0.7916746071,-0.2278928268,0.8993176862,0.02983828419,-0.3416641091,-0.2712987517
984,32800000000,0,0,-1.352102559,0.7664084944,-0.234474863,0.9001095722,0.03543919456,-0.3413446182,-0.2683853071
985,32833333333,0,0,-1.345326789,0.7383362612,-0.2424874787,0.9006251857,0.03669060801,-0.3409308645,-0.2670097745
986,32866666667,0,0,-1.350103867,0.6922434184,-0.2357105355,0.9009432456,0.03451873396,-0.339287491,-0.2683164619
987,32900000000,0,0,-1.360138675,0.6436896191,-0.2172676288,0.9013772136,0.0379444097,-0.3388580582,-0.2669354922
988,32933333333,0,1,-1.362861854,0.6865442369,-0.225586484,0.9014036701,0.04877272748,-0.339614438,-0.2641111092
989,32966666667,0,0,-1.35642821,0.6751725931,-0.2366550136,0.9006724168,0.06191376555,-0.3408358183,-0.2622724312
990,33000000000,0,0,-1.36028777,0.647987995,-0.2460884367,0.8997523271,0.06886922622,-0.341617191,-0.2626794137
991,33033333333,0,0,-1.360270239,0.6256198307,-0.2446597278,0.8978826904,0.07632234749,-0.3442127815,-0.2636268852
992,33066666667,0,0,-1.367455679,0.5953039245,-0.2488265292,0.896480692,0.0809247605,-0.3462238424,-0.264391004
993,33100000000,0,1,-1.379185659,0.5891614157,-0.243865107,0.8943914116,0.08576489095,-0.3505072158,-0.2642973289
994,33133333333,0,0,-1.372510093,0.5796353927,-0.247564153,0.8915574593,0.09733175972,-0.3556353264,-0.2630120526
995,33166666667,0,0,-1.395199872,0.5353895038,-0.2691453626,0.889938345,0.1019099306,-0.3593644403,-0.2616893335
996,33200000000,0,0,-1.388376071,0.5128355867,-0.2664777614,0.8865993465,0.115669459,-0.3664038414,-0.2575080582
997,33233333333,0,0,-1.372280989,0.4987587684,-0.2541187256,0.8857363207,0.1255455602,-0.3684821071,-0.2528446544
998,33266666667,0,0,-1.374462635,0.461187591,-0.2581059477,0.8877939148,0.1334972563,-0.3659587459,-0.2451012929
999,33300000000,0,1,-1.371298987,0.4918766971,-0.2636943039,0.8900104592,0.1453291797,-0.3608430692,-0.237808939
1000,33333333333,0,0,-1.373453585,0.4886953011,-0.2777704267,0.8931682741,0.1564182733,-0.3540490921,-0.2289825282
1001,33366666667,0,0,-1.372733532,0.4904218686,-0.2901025815,0.8957241831,0.1659066398,-0.3494354064,-0.2191987029
1002,33400000000,0,0,-1.36608943,0.4895317416,-0.2965671158,0.8972530758,0.1732149456,-0.3467840243,-0.2113630552
1003,33433333333,0,0,-1.352275613,0.5072408788,-0.3015213717,0.8982650543,0.180394745,-0.3445650334,-0.2045789971
1004,33466666667,0,0,-1.340810734,0.5096435586,-0.3121666263,0.8995597293,0.1838598256,-0.3426910195,-0.198873636
1005,33500000000,0,1,-1.341271528,0.5059292958,-0.2960118507,0.9014640874,0.1870528171,-0.3391796256,-0.1932121226
1006,33533333333,0,0,-1.332556766,0.5094387764,-0.3046155981,0.9045937176,0.1895405962,-0.3332781093,-0.1863069251
1007,33566666667,0,0,-1.320688639,0.5138352303,-0.3168165208,0.9080906875,0.1924132595,-0.3254763633,-0.1800377122
1008,33600000000,0,0,-1.309891692,0.5144566295,-0.3263562902,0.9125288027,0.1926321763,-0.317396435,-0.1715911769
1009,33633333333,0,0,-1.288630376,0.5070577067,-0.3329382009,0.9172890293,0.190557432,-0.3098097425,-0.1621315063
1010,33666666667,0,0,-1.267873896,0.5127319328,-0.3332865838,0.9236458883,0.1870309368,-0.2978346048,-0.1522900187
1011,33700000000,0,1,-1.244129481,0.5040595069,-0.2738788248,0.9281531913,0.1832681488,-0.2931181122,-0.1379355334
1012,33733333333,0,0,-1.224993313,0.5001873712,-0.2726010667,0.9342215856,0.1826787727,-0.2783541182,-0.1279745283
1013,33766666667,0,0,-1.215327414,0.5148701844,-0.2986113668,0.9403478142,0.1808390647,-0.26138097,-0.1213392335
1014,33800000000,0,0,-1.216547209,0.5202945757,-0.322135187,0.9456007922,0.1764804282,-0.2473034337,-0.1163392107
1015,33833333333,0,0,-1.20460137,0.5302893346,-0.321556018,0.9498068803,0.1715263148,-0.2358513693,-0.1132243128
1016,33866666667,0,0,-1.180524847,0.5296122699,-0.3350698182,0.9539868609,0.1644220377,-0.2244116956,-0.1118653366
1017,33900000000,0,1,-1.168049123,0.5255722719,-0.3036876501,0.9573613045,0.1583254276,-0.2149265784,-0.1104488913
1018,33933333333,0,0,-1.160680192,0.5240129381,-0.3177649345,0.9629222108,0.148051518,-0.197126701,-0.1095565043
1019,33966666667,0,0,-1.170572101,0.5087575515,-0.3081442716,0.9677943724,0.1413703037,-0.1800170072,-0.1047967892
1020,34000000000,0,0,-1.162030933,0.5161218875,-0.3206152831,0.9711184425,0.1402017937,-0.1641251878,-0.1016629259
1021,34033333333,0,0,-1.15947208,0.5144163316,-0.3311773764,0.9740061594,0.1361137271,-0.1503623692,-0.1008772155
1022,34066666667,0,0,-1.152123425,0.522637427,-0.3319847255,0.9763752583,0.1308617097,-0.1405522566,-0.09905367774
1023,34100000000,0,1,-1.133385287,0.5176728884,-0.3097617199,0.9782007328,0.1246284604,-0.1361701458,-0.09512499417
1024,34133333333,0,0,-1.127775608,0.5184222973,-0.3109439044,0.9798859441,0.1220010126,-0.1271356431,-0.09367933482
1025,34166666667,0,0,-1.123213392,0.5180267099,-0.305738781,0.9816697798,0.1178131604,-0.1168521082,-0.09375546598
1026,34200000000,0,0,-1.117067708,0.5028807732,-0.2675123045,0.9829805639,0.1172184649,-0.1100243304,-0.08890269484
1027,34233333333,0,1,-1.100706417,0.4570091644,-0.2960417353,0.9838329564,0.1195734154,-0.1078697978,-0.0783518921
1028,34266666667,0,0,-1.09552739,0.4490643632,-0.3041711945,0.9823719056,0.1386927091,-0.1048802595,-0.06862873142
1029,34300000000,0,0,-1.094435925,0.4510831633,-0.3143069398,0.9803231505,0.1559250894,-0.1048360113,-0.06052518399
1030,34333333333,0,0,-1.074777412,0.4202637551,-0.3154869529,0.9775688794,0.1713337673,-0.110554969,-0.05273921793
1031,34366666667,0,0,-1.068396477,0.4215620922,-0.3373503962,0.973218885,0.1941464668,-0.1126999228,-0.04950634914
1032,34400000000,0,1,-1.065193302,0.4253326715,-0.3376019511,0.9689894354,0.2119399383,-0.1171233939,-0.04922445742
1033,34433333333,0,0,-1.043891727,0.4320158469,-0.3289155237,0.9640137737,0.2313565006,-0.1207060334,-0.05081010919
1034,34466666667,0,0,-1.030935647,0.4488335093,-0.3103912261,0.9606562278,0.2454002989,-0.1171503054,-0.05651646805
1035,34500000000,0,0,-1.024651021,0.4570736098,-0.3172230132,0.9591926384,0.2530599052,-0.1117199592,-0.05855610645
1036,34533333333,0,0,-1.022307322,0.4228513565,-0.3408558127,0.9582694324,0.2575361485,-0.1102112565,-0.05699391172
1037,34566666667,0,0,-1.015364502,0.4174817053,-0.3456532673,0.9548471734,0.2692592464,-0.1129624625,-0.05482531952
1038,34600000000,0,1,-0.9899948648,0.4160823148,-0.3479452542,0.9516931291,0.2762731007,-0.1223378418,-0.0546517554
1039,34633333333,0,0,-0.9784521118,0.3928557256,-0.3422858387,0.9487581738,0.2834094157,-0.129539216,-0.05250354428
1040,34666666667,0,0,-0.947420793,0.3697010557,-0.3271052962,0.9436743917,0.2965166501,-0.1375671797,-0.05130097117
1041,34700000000,0,0,-0.9325020863,0.3924735992,-0.3296290166,0.9389242168,0.3097583918,-0.1391980314,-0.05563238155
1042,34733333333,0,1,-0.8803178839,0.3799156493,-0.3451354128,0.9364799188,0.3128063178,-0.1466016943,-0.06054347509
1043,34766666667,0,0,-0.8484448773,0.3495473176,-0.3235780162,0.9342153536,0.3205099933,-0.144445545,-0.06041938262
1044,34800000000,0,0,-0.8232677372,0.3656390621,-0.3317314491,0.9322743775,0.3297607327,-0.1367209548,-0.05856385116
1045,34833333333,0,0,-0.8001049692,0.386492907,-0.3285141599,0.9329821211,0.331128153,-0.1297826112,-0.05527188965
1046,34866666667,0,0,-0.7875731244,0.3796518468,-0.3149871236,0.9341448149,0.3296619488,-0.1256854834,-0.05384815302
1047,34900000000,0,0,-0.7623497974,0.3854717108,-0.3178743348,0.9356912177,0.3262782093,-0.1223975646,-0.05516621705
1048,34933333333,0,1,-0.6987574433,0.4020273546,-0.2751454872,0.9349023099,0.3246642499,-0.1324166724,-0.054923772
1049,34966666667,0,0,-0.6689182159,0.3947114968,-0.2620059775,0.9373804447,0.3193352338,-0.1276372975,-0.05524156677
1050,35000000000,0,0,-0.6263351407,0.4226148216,-0.2668919131,0.9408064849,0.3120812965,-0.1204002463,-0.05470103284
1051,35033333333,0,0,-0.6114595744,0.4294022759,-0.2640600573,0.9458316747,0.2995782826,-0.1129730596,-0.053780884
1052,35066666667,0,0,-0.5747514208,0.4346712545,-0.2626315507,0.9503045442,0.2871611262,-0.1076036962,-0.05367686205
1053,35100000000,0,1,-0.5539526824,0.459011328,-0.2043381361,0.9527009822,0.2784716281,-0.110286277,-0.0514910467
1054,35133333333,0,0,-0.5279137392,0.4602125984,-0.2088806847,0.9595989983,0.2570468651,-0.1033659453,-0.04911367349
1055,35166666667,0,0,-0.5059385455,0.4431565453,-0.1895628107,0.96560943,0.2376856036,-0.09418899372,-0.04724845
1056,35200000000,0,0,-0.4779014401,0.4385679789,-0.185477154,0.9710443966,0.2195702789,-0.08268691964,-0.04499495395
1057,35233333333,0,1,-0.4573393364,0.4799853472,-0.134025905,0.9743686155,0.207429391,-0.07635927025,-0.04181041322
1058,35266666667,0,0,-0.4426167489,0.4751860019,-0.126144341,0.9792907389,0.1886825527,-0.06335059937,-0.03708428999
1059,35300000000,0,0,-0.4129424211,0.4673238128,-0.1345967115,0.9828987662,0.173552058,-0.05295886789,-0.03138561761
1060,35333333333,0,0,-0.3874333364,0.4717623423,-0.143308558,0.985558156,0.1617935995,-0.04304274386,-0.02540225405
1061,35366666667,0,1,-0.3967072765,0.4665422561,-0.1301430826,0.9873464446,0.1523544115,-0.0374135709,-0.0231377682
1062,35400000000,0,0,-0.3696000031,0.4832140558,-0.1486331031,0.9882845918,0.1477283152,-0.03098416206,-0.02258079371
1063,35433333333,0,0,-0.3427131063,0.5096440115,-0.164826705,0.9894128151,0.1415163853,-0.02504933627,-0.02019714579
1064,35466666667,0,0,-0.3204140255,0.5381919749,-0.1958125111,0.9906232705,0.1338829273,-0.02135950355,-0.01687214835
1065,35500000000,0,0,-0.3131378104,0.5704941132,-0.2296781197,0.9916452525,0.1262457547,-0.02087583226,-0.016306508
1066,35533333333,0,1,-0.3560638683,0.5532974043,-0.1573583568,0.991847939,0.1231178197,-0.02483718636,-0.02151237878
1067,35566666667,0,0,-0.3320751549,0.5804087824,-0.1975214942,0.9927296097,0.1136841699,-0.03004674509,-0.02571039795
1068,35600000000,0,0,-0.2996390964,0.615543315,-0.2471035193,0.9934634527,0.1052516157,-0.03396352618,-0.02826560646
1069,35633333333,0,0,-0.2836181987,0.6474818686,-0.2873552169,0.9940310286,0.09762056165,-0.03646048125,-0.03229819444
1070,35666666667,0,0,-0.2653684705,0.6815250408,-0.3405471362,0.9943344155,0.09275987655,-0.03966956923,-0.03348134823
1071,35700000000,0,0,-0.2429072823,0.7273396305,-0.3940938311,0.9944819035,0.0895840974,-0.04344135494,-0.03306481102
1072,35733333333,0,1,-0.2912262052,0.6738325971,-0.2916260905,0.9943740977,0.08864450519,-0.04601448652,-0.03528416845
1073,35766666667,0,0,-0.2613280487,0.7102883959,-0.3438738852,0.9945410023,0.08587103426,-0.04766907794,-0.03524229362
1074,35800000000,0,0,-0.2304367221,0.7516605705,-0.3992937413,0.99473335,0.08458339343,-0.04739487494,-0.03324060499
1075,35833333333,0,0,-0.1992027636,0.7958565671,-0.4517387347,0.995069858,0.08306856761,-0.04478843469,-0.03048912751
1076,35866666667,0,0,-0.1716879886,0.8303482793,-0.5083404008,0.9953571061,0.08244055552,-0.04051748976,-0.02874228996
1077,35900000000,0,0,-0.1512292774,0.8719871115,-0.5617443325,0.9955813584,0.08248521772,-0.03522724987,-0.02780267054
1078,35933333333,0,1,-0.2104247995,0.7981956521,-0.4630677574,0.9957144809,0.08293734164,-0.02891257743,-0.02895052118
1079,35966666667,0,0,-0.2021748685,0.8496588326,-0.5215381343,0.9958603565,0.08239606557,-0.02420876675,-0.02978211439
1080,36000000000,0,0,-0.1776259105,0.8918537903,-0.5718159027,0.9961510716,0.07907147064,-0.02170995218,-0.03097455407
1081,36033333333,0,0,-0.1553203872,0.9185004735,-0.6273299792,0.9965979121,0.07427076823,-0.01774446924,-0.03100949037
1082,36066666667,0,0,-0.1388133618,0.9468351033,-0.6839962627,0.9969531653,0.0706914708,-0.01448068507,-0.0296211383
1083,36100000000,0,0,-0.133379272,0.96656834,-0.7415836694,0.9970800432,0.0690110738,-0.01212560188,-0.0303616358
1084,36133333333,0,0,-0.1337395251,0.9954430534,-0.7990049356,0.9970377284,0.06945542272,-0.01294606342,-0.03039920928
1085,36166666667,0,0,-0.1093813264,1.036776808,-0.846062252,0.996974514,0.06957699271,-0.01778607496,-0.02974081392
1086,36200000000,0,1,-0.1353093713,0.9429055053,-0.6852921702,0.9970569707,0.06645428464,-0.02160789036,-0.03153290833
1087,36233333333,0,0,-0.1196739281,0.9545665691,-0.7289611717,0.9973391688,0.06043062662,-0.02399086627,-0.03297211071
1088,36266666667,0,0,-0.07855929411,0.9719406579,-0.7655843573,0.9973492748,0.0574678059,-0.0288637255,-0.03404057289
1089,36300000000,0,0,-0.02874540173,0.9829460605,-0.8011108403,0.9974188139,0.05509666804,-0.03069232742,-0.03432270235
1090,36333333333,0,0,0.008401839751,0.986556438,-0.8347494235,0.9972694098,0.05586293213,-0.03031884769,-0.03760085792
1091,36366666667,0,0,0.06636197234,1.026014266,-0.8509137109,0.9970282288,0.05894735878,-0.0288136368,-0.04036947067
1092,36400000000,0,0,0.1034860855,1.04437841,-0.8680808161,0.997296324,0.0573373657,-0.02516445132,-0.03846061732
1093,36433333333,0,0,0.1381565027,1.045340343,-0.8859705599,0.997432354,0.05582499223,-0.02428973566,-0.03771310245
1094,36466666667,0,1,0.02568050992,1.010330308,-0.7864386625,0.9973154375,0.05727887828,-0.02383744778,-0.03889504294
1095,36500000000,0,0,0.06687336671,1.030452587,-0.7915543306,0.9971292635,0.05596522469,-0.02601098655,-0.04386973913
1096,36533333333,0,0,0.1263488427,1.058347242,-0.7808901897,0.9970928269,0.05103330213,-0.02953067179,-0.04826423211
1097,36566666667,0,0,0.1685832548,1.03811337,-0.7729579354,0.9971784168,0.04228370711,-0.03210425945,-0.05307174039
1098,36600000000,0,0,0.218127844,1.02309535,-0.7661921982,0.996605363,0.03851826169,-0.03650857174,-0.06293820873
1099,36633333333,0,0,0.2789893307,1.02955132,-0.7509807169,0.9958358497,0.03850450736,-0.04166504795,-0.07136096424
1100,36666666667,0,1,0.1868072198,1.016509341,-0.7545377433,0.9954001081,0.03781935559,-0.04777110074,-0.07393404528
1101,36700000000,0,0,0.238097619,0.9793547233,-0.7487613375,0.9946622062,0.04021624356,-0.05544810294,-0.07717031235
1102,36733333333,0,0,0.2947964769,0.9801844707,-0.7403231581,0.9932148804,0.04720150485,-0.06517275965,-0.0839567197
1103,36766666667,0,0,0.3621167855,1.00040486,-0.7276754505,0.9915706673,0.05304328852,-0.07616121836,-0.09040735661
1104,36800000000,0,0,0.416447589,0.9830691291,-0.7203837747,0.9899958126,0.05243011227,-0.08846775332,-0.09660657882
1105,36833333333,0,0,0.5061114194,0.9762439709,-0.7009881608,0.9870243237,0.05470333568,-0.1034207823,-0.109975776
1106,36866666667,0,1,0.3918862637,0.9865611086,-0.719315505,0.9843724788,0.05794621412,-0.1132269032,-0.1217896865
1107,36900000000,0,0,0.4485241935,0.9729286213,-0.7140577681,0.9817026736,0.06276599693,-0.1241969814,-0.129982307
1108,36933333333,0,0,0.530489059,0.9537650021,-0.6999434728,0.977497945,0.06949036418,-0.1398367517,-0.1418257369
1109,36966666667,0,0,0.6149522195,0.9596738962,-0.6829733829,0.9726676355,0.07891140831,-0.1532619101,-0.1555681442
1110,37000000000,0,0,0.6970124325,0.9553680632,-0.6672470246,0.9677866233,0.08922883008,-0.1653179952,-0.1676222783
1111,37033333333,0,0,0.7997285388,0.980318092,-0.6515470194,0.9640191723,0.09744700141,-0.1742374624,-0.1755346807
1112,37066666667,0,1,0.6270919451,0.9627577602,-0.681822545,0.9615355775,0.09816363016,-0.1790228475,-0.1837499795
1113,37100000000,0,0,0.7080064867,0.982592508,-0.6680517497,0.9566400431,0.1073543246,-0.1882265043,-0.1946423903
1114,37133333333,0,0,0.7647556025,0.976537153,-0.6484941505,0.9532910958,0.1083837748,-0.1947513579,-0.2038650353
1115,37166666667,0,0,0.8220414655,0.9780578782,-0.6336278007,0.9491795497,0.1120392667,-0.203134465,-0.2127011385
1116,37200000000,0,0,0.8950481972,0.9856230972,-0.6070892983,0.9456986153,0.1125671565,-0.2108724047,-0.220262555
1117,37233333333,0,0,0.9363733156,0.9640405866,-0.5917525216,0.9435821767,0.1088663151,-0.2154157622,-0.2267087352
1118,37266666667,0,1,0.8216439571,0.9472945699,-0.6224890269,0.9414611925,0.1080132042,-0.2213881122,-0.2301548925
1119,37300000000,0,0,0.8822112147,0.9335540028,-0.5965252931,0.9397644345,0.1109218682,-0.2253148016,-0.2318887384
1120,37333333333,0,0,0.9174534603,0.9195444534,-0.5837322,0.9386610005,0.1125509325,-0.2275549287,-0.2333807365
1121,37366666667,0,0,0.9601719134,0.9077376715,-0.5595953634,0.9368285078,0.1131879332,-0.2331710888,-0.2348873817
1122,37400000000,0,0,0.9964601984,0.8799508318,-0.5316212965,0.9340109477,0.1139042226,-0.2402350863,-0.2386136648
1123,37433333333,0,0,1.044333047,0.8654378059,-0.4964794236,0.9301183311,0.1167327047,-0.2479843805,-0.2444526801
1124,37466666667,0,1,0.9666459871,0.8903703259,-0.5447059764,0.9270339982,0.116544678,-0.2548783145,-0.2491231603
1125,37500000000,0,0,1.003251944,0.8650751724,-0.5046801687,0.9240627865,0.1153972338,-0.2626961855,-0.2525513
1126,37533333333,0,0,1.059888725,0.8389512985,-0.4514858051,0.9213218898,0.1147150977,-0.2715077562,-0.2535546489
1127,37566666667,0,0,1.132696477,0.8072782293,-0.3939576828,0.920280334,0.1124882852,-0.2763381865,-0.2531159797
1128,37600000000,0,0,1.16665182,0.7570665272,-0.3458264273,0.9212394167,0.1076819966,-0.2747569112,-0.25343868
1129,37633333333,0,0,1.216424979,0.7197073367,-0.2947195093,0.9213627405,0.1067222949,-0.2740262238,-0.2541863114
1130,37666666667,0,1,1.130514027,0.7879031281,-0.3797215685,0.9220180503,0.1037631752,-0.2712287822,-0.2560290337
1131,37700000000,0,0,1.149888064,0.7321734974,-0.3340320085,0.9238153861,0.09593122045,-0.2677214983,-0.2562957913
1132,37733333333,0,0,1.190734166,0.6855721348,-0.2776092408,0.924134046,0.09115896688,-0.2672970697,-0.257329719
1133,37766666667,0,0,1.236689706,0.634308302,-0.2164230183,0.9244779173,0.0863224243,-0.2656249109,-0.2594849248
1134,37800000000,0,0,1.268307778,0.5740893904,-0.1669324895,0.9253589352,0.08260532951,-0.2615391076,-0.2616954258
1135,37833333333,0,0,1.311757503,0.5400232028,-0.1172160686,0.9252694431,0.08289402187,-0.2577991876,-0.2656023677
1136,37866666667,0,1,1.245800146,0.6252983576,-0.2118087394,0.9252997704,0.07940153997,-0.2532787485,-0.2708608608
1137,37900000000,0,0,1.283059589,0.5761083641,-0.1674314802,0.9249237713,0.0783439068,-0.2499394559,-0.2755150051
1138,37933333333,0,0,1.333282635,0.5475371597,-0.1146995371,0.9244266209,0.07874793483,-0.2452116537,-0.2812568758
1139,37966666667,0,0,1.355386353,0.5038714747,-0.08490356179,0.9258548449,0.0749591132,-0.2371208564,-0.284512982
1140,38000000000,0,0,1.39344688,0.4771493288,-0.0363720535,0.9270858607,0.07279162137,-0.2336123688,-0.2839690966
1141,38033333333,0,0,1.433321301,0.4478100664,0.01193148473,0.9288017251,0.06803605245,-0.2290053745,-0.2832931158
1142,38066666667,0,1,1.374535804,0.5079833691,-0.06348445944,0.9307949707,0.0615034641,-0.2248994017,-0.2815285164
1143,38100000000,0,0,1.420925369,0.4930243776,-0.01003202283,0.9330891826,0.05319086083,-0.2200189362,-0.2794762554
1144,38133333333,0,0,1.443158013,0.4551487737,0.03384230975,0.9360322029,0.03885002274,-0.2135652322,-0.2769914844
1145,38166666667,0,0,1.474562753,0.4294878869,0.07665817749,0.9380021854,0.02715414283,-0.2106755375,-0.2739167221
1146,38200000000,0,0,1.512067994,0.4271826981,0.1304510321,0.9386789731,0.01465063261,-0.2090260092,-0.2738161279
1147,38233333333,0,1,1.467205831,0.4570603776,0.08315320353,0.9375183755,-0.001857795676,-0.2106271331,-0.2769333042
1148,38266666667,0,0,1.504584378,0.4317489082,0.147545183,0.9370200499,-0.01819992828,-0.2086915364,-0.279481719
1149,38300000000,0,0,1.523263331,0.4092586119,0.1944934729,0.9368024101,-0.03572896339,-0.2020203024,-0.2833945714
1150,38333333333,0,0,1.539475086,0.3990484626,0.239616579,0.9355278694,-0.05005412144,-0.1997300732,-0.2870367369
1151,38366666667,0,0,1.556887102,0.3860226336,0.2905711484,0.9325185181,-0.06659358906,-0.2009391265,-0.2925713156
1152,38400000000,0,0,1.576520574,0.3728647655,0.3326330283,0.9288901961,-0.0795946033,-0.2047366127,-0.2981788425
1153,38433333333,0,1,1.535049128,0.4249069072,0.2430728785,0.9247604533,-0.08614615236,-0.2122225952,-0.3039054368
1154,38466666667,0,0,1.561253336,0.4042458524,0.2860501122,0.918288102,-0.09773998422,-0.2202549274,-0.3141363145
1155,38500000000,0,0,1.587791846,0.3839990505,0.3282390006,0.9120663795,-0.1074301875,-0.2284197318,-0.3231378967
1156,38533333333,0,0,1.614273961,0.3500544779,0.3731029734,0.905695394,-0.1146668507,-0.2373356419,-0.3320228302
1157,38566666667,0,0,1.656394448,0.3326344869,0.414390216,0.8999071245,-0.1163241466,-0.2465484334,-0.3403670521
1158,38600000000,0,0,1.689217687,0.3108496493,0.4541464731,0.893172214,-0.1201395258,-0.2518222261,-0.3526974012
1159,38633333333,0,1,1.624177956,0.3469467777,0.3788414627,0.8855749929,-0.1247149244,-0.2570107282,-0.3662630273
1160,38666666667,0,0,1.644691745,0.3019996465,0.4018981774,0.8806401497,-0.1233956221,-0.2605280703,-0.3759941113
1161,38700000000,0,0,1.682377604,0.2766429837,0.4245133754,0.875951139,-0.1191748365,-0.2674193209,-0.3833977925
1162,38733333333,0,0,1.706594586,0.2315604004,0.4415341454,0.8710325563,-0.1200475052,-0.2736099616,-0.3899082858
1163,38766666667,0,0,1.717630034,0.1750218652,0.450265609,0.8667488045,-0.1205254889,-0.2797515184,-0.3949167056
1164,38800000000,0,0,1.726075256,0.1206102373,0.4515576489,0.8626034109,-0.115398929,-0.288474298,-0.3992255279
1165,38833333333,0,1,1.692565201,0.2263336146,0.4305087188,0.8584243334,-0.1023126219,-0.3028586882,-0.4011438722
1166,38866666667,0,0,1.698817789,0.16892328,0.43061722,0.8541272824,-0.09448653293,-0.3115679152,-0.4055420013
1167,38900000000,0,0,1.70852911,0.1114167022,0.4274659314,0.8510678684,-0.08227916523,-0.3220894587,-0.4064135861
1168,38933333333,0,0,1.739051487,0.07723764629,0.43039249,0.8488950731,-0.06471570737,-0.3323581316,-0.4058658701
1169,38966666667,0,0,1.73899458,0.02046126012,0.4243052776,0.8479749471,-0.05443730362,-0.3376548453,-0.4049250235
1170,39000000000,0,0,1.75115592,-0.019920849,0.4173486975,0.8484920158,-0.03921687014,-0.3448087325,-0.3995375754
1171,39033333333,0,1,1.719742084,0.07663691678,0.4226695959,0.8480188745,-0.02671642434,-0.3523109421,-0.3950028116
1172,39066666667,0,0,1.725259561,0.03296259373,0.411955323,0.8471620311,-0.009611198939,-0.3589501797,-0.3916361659
1173,39100000000,0,0,1.718596561,-0.02078638512,0.3973777901,0.846228668,0.005759642394,-0.3660188033,-0.3871615989
1174,39133333333,0,0,1.733778013,-0.07765520076,0.4001224088,0.8447492562,0.02400163492,-0.3760381841,-0.3800235516
1175,39166666667,0,0,1.75633375,-0.1261298728,0.4006105057,0.8437787363,0.04356412821,-0.3821129845,-0.3743384537
1176,39200000000,0,1,1.739424945,-0.04412274323,0.4049979967,0.8447623379,0.06023605226,-0.3823969099,-0.369487231
1177,39233333333,0,0,1.740663432,-0.08884386939,0.3967222827,0.847591111,0.07759916041,-0.3815305343,-0.3605580816
1178,39266666667,0,0,1.739591499,-0.1431579838,0.3940883973,0.8512322924,0.09377469932,-0.3807041308,-0.3488183695
1179,39300000000,0,0,1.744385821,-0.1886206924,0.3965703131,0.8554485734,0.1104971534,-0.3798843171,-0.3341945887
1180,39333333333,0,1,1.739469678,-0.1375409252,0.3928466742,0.8592549592,0.1268390464,-0.3787370424,-0.3196107385
1181,39366666667,0,0,1.706666527,-0.2485370754,0.37339845,0.862430532,0.1438765376,-0.3804869179,-0.3012354971
1182,39400000000,0,0,1.726018737,-0.2636290619,0.3766746037,0.8626126117,0.1733338095,-0.3847823577,-0.2789218705
1183,39433333333,0,1,1.737788678,-0.2105663445,0.3804591127,0.8621720763,0.1993121638,-0.3862255868,-0.2603147484
1184,39466666667,0,0,1.744517591,-0.2348045449,0.3841433625,0.8599406235,0.2277209762,-0.3868064557,-0.2429527666
1185,39500000000,0,1,1.743653417,-0.2245275335,0.3700635866,0.8572691076,0.2513223856,-0.3846865471,-0.2322563156
1186,39533333333,0,0,1.75704285,-0.2288144026,0.360999112,0.8547022415,0.2715125514,-0.3821728924,-0.222954913
1187,39566666667,0,0,1.74622414,-0.2538862291,0.3614434177,0.8516387671,0.2896052793,-0.3804124402,-0.2147709662
1188,39600000000,0,0,1.736125273,-0.2763455918,0.35846398,0.8468969712,0.3083309124,-0.3806794112,-0.2068350903
1189,39633333333,0,1,1.738422725,-0.2534054635,0.3638962164,0.8411254963,0.3253776671,-0.3825299297,-0.2007688375
1190,39666666667,0,0,1.723942945,-0.2888959866,0.3713770647,0.8343566901,0.3403992345,-0.3870648548,-0.1953409148
1191,39700000000,0,0,1.724508312,-0.2981370601,0.3682430168,0.8274317139,0.3538140007,-0.3918453268,-0.1913887446
1192,39733333333,0,1,1.743165486,-0.2771247428,0.3506628964,0.8218260027,0.3642666041,-0.3946836206,-0.1900965599
1193,39766666667,0,0,1.749790449,-0.2811896363,0.3336334823,0.8197776526,0.3688592645,-0.3958147932,-0.1877181205
1194,39800000000,0,0,1.73994579,-0.2808259675,0.310735244,0.8207811545,0.3698804302,-0.3939665799,-0.185194756
1195,39833333333,0,0,1.718145637,-0.3106285023,0.3212787265,0.824176494,0.3665942565,-0.3916764772,-0.1814698184
1196,39866666667,0,1,1.738483726,-0.3058913984,0.323527243,0.8278438149,0.3612180236,-0.3885112673,-0.1823599538
1197,39900000000,0,0,1.742017715,-0.3199191244,0.3237590424,0.8323428426,0.3519023558,-0.3867123509,-0.1839121582
1198,39933333333,0,0,1.747236838,-0.3321992338,0.3202477951,0.8361391101,0.3409255328,-0.386039681,-0.1887181346
1199,39966666667,0,0,1.744137192,-0.3489884215,0.3072775976,0.8405264091,0.3261596657,-0.3851896396,-0.1968861842
1200,40000000000,0,1,1.745139204,-0.3290321709,0.3099120709,0.8451077277,0.3097244219,-0.3840054464,-0.2059211697
1201,40033333333,0,0,1.742793079,-0.3289368752,0.3047045624,0.8496874317,0.2921892193,-0.3830934321,-0.2142338693
1202,40066666667,0,0,1.735431671,-0.3294365453,0.3033651041,0.854847276,0.2739530219,-0.3801717118,-0.2228347953
1203,40100000000,0,0,1.733027085,-0.3320848133,0.3098919252,0.8593828232,0.2560465688,-0.3784831245,-0.2294598926
1204,40133333333,0,0,1.715552964,-0.3374807032,0.3204821488,0.8635671764,0.2392801383,-0.3760764975,-0.2357185086
1205,40166666667,0,1,1.712794263,-0.3492128419,0.3135923476,0.8675209432,0.2203442334,-0.3738475139,-0.2430923039
1206,40200000000,0,0,1.706426005,-0.3436385156,0.3253509153,0.8697476679,0.2055466071,-0.3729626623,-0.2493760994
1207,40233333333,0,0,1.705731176,-0.3278687853,0.3489036001,0.8706893822,0.1946018092,-0.3725951356,-0.255348782
1208,40266666667,0,0,1.694425829,-0.3201660899,0.3803601537,0.8701526424,0.1884244648,-0.3726482535,-0.2616560323
1209,40300000000,0,0,1.686368307,-0.3550442936,0.3528876293,0.8700877655,0.1795951068,-0.3714934538,-0.2696024698
1210,40333333333,0,0,1.686765694,-0.3333617373,0.3475158432,0.8703649972,0.1710141613,-0.3688927826,-0.2777355635
1211,40366666667,0,1,1.818958706,-0.3811228188,0.406499909,0.8652913709,0.1614242219,-0.3787651072,-0.2859196699
1212,40400000000,0,0,1.831102566,-0.3811217488,0.4056209526,0.8632247792,0.1524682823,-0.3802674345,-0.2949458963
1213,40433333333,0,0,1.849123741,-0.3764853097,0.3989808873,0.860751466,0.1405688952,-0.3809616349,-0.3069454874
1214,40466666667,0,0,1.853415154,-0.3763461109,0.40711147,0.8570259184,0.124925224,-0.3830835631,-0.3211654516
1215,40500000000,0,0,1.863256539,-0.3829329475,0.4057058839,0.8522766063,0.1130994668,-0.3822704297,-0.3386774506
1216,40533333333,0,0,1.875464015,-0.3848803986,0.4025457773,0.846942348,0.1075153659,-0.381070219,-0.3548444638
1217,40566666667,0,1,2.013563136,-0.3836442623,0.5185066476,0.8362021617,0.1064256666,-0.3936673795,-0.3666954003
1218,40600000000,0,0,2.029065317,-0.3883294469,0.5241850606,0.8317791249,0.09780838291,-0.3901788449,-0.3825408168
1219,40633333333,0,0,2.049106481,-0.3969045532,0.5263250215,0.8275048134,0.09100508535,-0.3875485009,-0.395929309
1220,40666666667,0,0,2.072155563,-0.4020445189,0.5326855744,0.8255203507,0.08439432188,-0.3826673422,-0.4061520087
1221,40700000000,0,0,2.084961763,-0.4076051927,0.5400240879,0.8259430553,0.07606015006,-0.3753856097,-0.4136648002
1222,40733333333,0,1,2.185011801,-0.4413918652,0.6403706613,0.8223294705,0.07067465979,-0.3807889608,-0.4168682066
1223,40766666667,0,0,2.202720317,-0.4526184024,0.6523492991,0.8253045289,0.06033517036,-0.373489176,-0.4192110891
1224,40800000000,0,0,2.221175149,-0.4606608834,0.6649533095,0.8295152899,0.05134048613,-0.3658883088,-0.4188010074
1225,40833333333,0,0,2.235399912,-0.4696619149,0.6782726077,0.8329287399,0.04246005901,-0.3591030178,-0.4188936382
1226,40866666667,0,0,2.255360262,-0.4820656853,0.693605338,0.8347981131,0.03482462792,-0.3541294533,-0.4201091358
1227,40900000000,0,1,2.323820301,-0.5174874661,0.8118935837,0.8322689294,0.03161273747,-0.3559153314,-0.4238553301
1228,40933333333,0,0,2.343966773,-0.529555657,0.8517581014,0.8345918678,0.02453651488,-0.348429805,-0.4259707086
1229,40966666667,0,0,2.368044094,-0.544265486,0.894864247,0.8370716366,0.01439296226,-0.3417803137,-0.4269544882
1230,41000000000,0,0,2.378023171,-0.5590742505,0.9421237911,0.8396743373,0.003244972566,-0.3340397173,-0.4281984876
1231,41033333333,0,0,2.393284309,-0.5846769677,0.9878580733,0.8415256279,-0.005906195406,-0.3278293081,-0.429333995
1232,41066666667,0,1,2.409999297,-0.5957984208,1.019123101,0.8440007565,-0.01342159364,-0.3212612039,-0.4292712694
1233,41100000000,0,0,2.417228538,-0.6097936022,1.050156857,0.8469994918,-0.0224910744,-0.3109499408,-0.4305765283
1234,41133333333,0,0,2.422895102,-0.623484128,1.087921862,0.8498160434,-0.03030963356,-0.3035143246,-0.4298523855
1235,41166666667,0,0,2.431862912,-0.6352561678,1.123558783,0.852533979,-0.03579094467,-0.2966343438,-0.4288506606
1236,41200000000,0,1,2.445503815,-0.6556045262,1.180448957,0.8535461244,-0.04173003655,-0.2957813887,-0.426885216
1237,41233333333,0,0,2.45071495,-0.6675899396,1.211253915,0.853675404,-0.04869658998,-0.296719063,-0.4252349285
1238,41266666667,0,0,2.452427158,-0.6805337659,1.240376019,0.8518446994,-0.0530574894,-0.3000327756,-0.4260584989
1239,41300000000,0,0,2.451603181,-0.6936585008,1.270264436,0.8489594946,-0.05327676582,-0.3060063136,-0.4275388858
1240,41333333333,0,0,2.451187171,-0.7097471567,1.294259419,0.8450269892,-0.05025517276,-0.3135248599,-0.4302394303
1241,41366666667,0,0,2.458493344,-0.7216088551,1.315653851,0.8387132298,-0.04430462469,-0.3253905797,-0.4344170682
1242,41400000000,0,1,2.469263545,-0.7453625084,1.382964607,0.8294621163,-0.04223976825,-0.342479656,-0.439222136
1243,41433333333,0,0,2.466803396,-0.7601899931,1.405527368,0.8187744379,-0.04268350449,-0.3555411326,-0.4487505335
1244,41466666667,0,0,2.460891236,-0.7804221821,1.425046972,0.806029872,-0.03932775727,-0.3688260673,-0.4612336773
1245,41500000000,0,0,2.464563811,-0.800012473,1.439992192,0.794357476,-0.03614419154,-0.3821171662,-0.4708250938
1246,41533333333,0,0,2.458918876,-0.8246410167,1.461787113,0.7830908823,-0.03683939141,-0.3921884067,-0.4812481512
1247,41566666667,0,0,2.451600443,-0.8518563765,1.481946587,0.7742693417,-0.03161045166,-0.39990537,-0.4894726355
1248,41600000000,0,1,2.444572106,-0.9099603037,1.498017531,0.7706007892,-0.02827455616,-0.4000408026,-0.495320431
1249,41633333333,0,0,2.437218366,-0.9310376382,1.513597626,0.7711126273,-0.02710793541,-0.3991289963,-0.4953246613
1250,41666666667,0,0,2.431460656,-0.9486348764,1.52997028,0.7739424758,-0.02576066577,-0.3990053979,-0.4910642776
1251,41700000000,0,0,2.423600931,-0.9651890819,1.547485166,0.7762653354,-0.02488290956,-0.39942454,-0.4870862416
1252,41733333333,0,0,2.418566941,-0.9830987979,1.561738859,0.7775528215,-0.02254302711,-0.4003602112,-0.4843708526
1253,41766666667,0,0,2.409546966,-0.9986969942,1.576645607,0.7787937927,-0.02005559013,-0.4005105521,-0.4823580614
1254,41800000000,0,1,2.388121362,-1.045686456,1.611736622,0.7780779165,-0.01800153477,-0.4037974365,-0.4808516725
1255,41833333333,0,0,2.385015222,-1.057405896,1.623616456,0.778786068,-0.01244146852,-0.4072218368,-0.4769778253
1256,41866666667,0,0,2.376257226,-1.065944748,1.635657587,0.7792324693,-0.007754050158,-0.4109940063,-0.4730967769
1257,41900000000,0,0,2.367471955,-1.074078156,1.646684735,0.7788032008,-0.001243993631,-0.4169496825,-0.4686331071
1258,41933333333,0,0,2.361986641,-1.078519064,1.656949856,0.7787443468,0.005163869646,-0.4256427151,-0.460824105
1259,41966666667,0,0,2.358267167,-1.084018878,1.664245172,0.7768811333,0.01187883127,-0.43638571,-0.4537423391
1260,42000000000,0,1,2.346609236,-1.100277402,1.679505379,0.771746081,0.01566337499,-0.4487004271,-0.4503671524
1261,42033333333,0,0,2.334877364,-1.103807669,1.683323157,0.7649184978,0.02056165661,-0.4635973544,-0.4467151251
1262,42066666667,0,0,2.330364055,-1.112700734,1.682244059,0.7563397593,0.02702452722,-0.4807631027,-0.4428167596
1263,42100000000,0,0,2.32778995,-1.118979772,1.686806692,0.7470194867,0.0318305009,-0.4979422924,-0.439320133
1264,42133333333,0,0,2.313003868,-1.139875136,1.688657575,0.7360799558,0.03631736722,-0.5154937976,-0.4371881656
1265,42166666667,0,0,2.33056519,-1.137042266,1.700795001,0.7235651569,0.05230795765,-0.5357929455,-0.4320222921
1266,42200000000,0,1,2.331167096,-1.165625322,1.708065295,0.7123216883,0.05066451659,-0.5495034377,-0.4336783268
1267,42233333333,0,0,2.316688061,-1.190349091,1.715309498,0.7025299011,0.04817732622,-0.5626253827,-0.4331089495
1268,42266666667,0,0,2.321670427,-1.206593692,1.723535788,0.6935860562,0.05398356097,-0.5736228372,-0.4324129952
1269,42300000000,0,0,2.320202565,-1.222138633,1.726077723,0.6868653638,0.05782645847,-0.5799473808,-0.4342039938
1270,42333333333,0,0,2.31825752,-1.235751265,1.728108108,0.6809217907,0.05972106797,-0.5858412298,-0.4353951797
1271,42366666667,0,0,2.313445598,-1.249638831,1.737883791,0.6742573969,0.06083594009,-0.5927807935,-0.4362188464
1272,42400000000,0,1,2.308258296,-1.279676166,1.746104847,0.6679322952,0.06611117904,-0.5976160079,-0.438578235
1273,42433333333,0,0,2.306813599,-1.290811876,1.745389836,0.6619417933,0.07122142637,-0.6018294584,-0.441091684
1274,42466666667,0,0,2.305465027,-1.298496574,1.742144912,0.654745102,0.07724921067,-0.6066790504,-0.4441643171
1275,42500000000,0,0,2.302213602,-1.308388876,1.738507966,0.6465641013,0.08105095148,-0.6125290845,-0.4474301362
1276,42533333333,0,0,2.297901139,-1.319826176,1.737762743,0.6396725088,0.08529418589,-0.6181768654,-0.4487776135
1277,42566666667,0,0,2.295774082,-1.326474506,1.728898518,0.6341032475,0.09075530498,-0.622457173,-0.4496927995
1278,42600000000,0,1,2.298975428,-1.342400528,1.71436536,0.6289635949,0.09434714957,-0.6281289966,-0.4482826957
1279,42633333333,0,0,2.302031505,-1.343295735,1.702433296,0.6238239617,0.09673370623,-0.6342458861,-0.4463388969
1280,42666666667,0,0,2.309958775,-1.341942801,1.695448373,0.6178922432,0.09653652628,-0.6410509613,-0.4449084624
1281,42700000000,0,0,2.309796678,-1.349176758,1.685217084,0.6147842924,0.09102893701,-0.6450810377,-0.4445497287
1282,42733333333,0,0,2.311727568,-1.35122422,1.668692174,0.6138177349,0.08608405465,-0.6482462632,-0.4422602244
1283,42766666667,0,0,2.324446462,-1.34423604,1.663335224,0.6116130186,0.08195993824,-0.6520563324,-0.4404936134
1284,42800000000,0,1,2.333946168,-1.348406189,1.643768757,0.6093272388,0.07690374238,-0.6526884493,-0.4436258769
1285,42833333333,0,0,2.347160851,-1.343246111,1.635801975,0.6092152971,0.07427790479,-0.6517815522,-0.4455561949
1286,42866666667,0,0,2.359052935,-1.337300886,1.623215947,0.6118540078,0.06571978174,-0.6483689912,-0.4482557693
1287,42900000000,0,0,2.354180642,-1.341946708,1.608066134,0.6167984236,0.05539361855,-0.6446028812,-0.44830612
1288,42933333333,0,0,2.367608149,-1.335096401,1.600828038,0.6226179671,0.05062713003,-0.6416470771,-0.4450536926
1289,42966666667,0,0,2.385159824,-1.321670318,1.591903522,0.627134638,0.04544682156,-0.6373904466,-0.445387641
1290,43000000000,0,0,2.386117011,-1.320971271,1.578448441,0.6325884975,0.036596388,-0.6327227528,-0.4451453867
1291,43033333333,0,1,2.395863556,-1.309506726,1.577128853,0.6395966687,0.02957528918,-0.6294205157,-0.4403080945
1292,43066666667,0,0,2.408873196,-1.297558069,1.57744453,0.6487927239,0.02118519014,-0.6220098549,-0.4378617698
1293,43100000000,0,0,2.409111172,-1.294733107,1.569493943,0.6598991209,0.01278040428,-0.6127611119,-0.4346189495
1294,43133333333,0,0,2.424172955,-1.284068349,1.570896747,0.6713852737,0.009017719823,-0.6032896602,-0.4303511135
1295,43166666667,0,0,2.433098474,-1.278528784,1.563503201,0.6838784746,0.004341487955,-0.5887635041,-0.4308699569
1296,43200000000,0,0,2.430159284,-1.273846903,1.555841618,0.6960096671,0.003038479002,-0.5744704363,-0.4307493805
1297,43233333333,0,1,2.440675518,-1.267433076,1.553490661,0.7073790017,0.006782323723,-0.5607144922,-0.4303117548
1298,43266666667,0,0,2.453759098,-1.258922523,1.532797982,0.7188651973,0.01012864593,-0.5424326959,-0.4346228353
1299,43300000000,0,0,2.451969369,-1.254081327,1.512732975,0.7283339106,0.01070570423,-0.5264550024,-0.4384748945
1300,43333333333,0,0,2.456506385,-1.248555554,1.498072143,0.7368216105,0.01407557,-0.5129921168,-0.4401532469
1301,43366666667,0,0,2.460979973,-1.240924351,1.476128191,0.7459952999,0.01879269178,-0.4979154226,-0.4418349003
1302,43400000000,0,0,2.464270086,-1.233270333,1.443078375,0.7554341606,0.02275199086,-0.4827124751,-0.4424819118
1303,43433333333,0,1,2.461021062,-1.219594428,1.424417485,0.7615308117,0.02889150343,-0.4732698841,-0.441872969
1304,43466666667,0,0,2.461110051,-1.213066101,1.387916621,0.7682739845,0.03531898424,-0.4627898219,-0.440832434
1305,43500000000,0,0,2.463343206,-1.204673652,1.349083708,0.7736782708,0.04254916599,-0.4554603713,-0.4383689679
1306,43533333333,0,0,2.478291941,-1.190201769,1.317308486,0.7787214392,0.04970482667,-0.4505929777,-0.4336915018
1307,43566666667,0,0,2.487429265,-1.170474106,1.279685984,0.7841231625,0.05308609189,-0.4436413062,-0.4307146669
1308,43600000000,0,0,2.490835232,-1.155457999,1.243894632,0.7876424471,0.05462088046,-0.4380075626,-0.4298666188
1309,43633333333,0,1,2.489971487,-1.145907736,1.222318967,0.7870181521,0.05663880945,-0.4375399219,-0.4312230169
1310,43666666667,0,0,2.502454647,-1.129326842,1.193438928,0.7889374143,0.06131186393,-0.4331866754,-0.431471802
1311,43700000000,0,0,2.507173147,-1.106413011,1.156946368,0.7939021494,0.06108631825,-0.4253437278,-0.4301982706
1312,43733333333,0,0,2.504740059,-1.090865342,1.120262042,0.7996122131,0.05761044331,-0.4180628743,-0.4272291875
1313,43766666667,0,0,2.515249551,-1.07300984,1.091851234,0.8049941244,0.05619668167,-0.4123855621,-0.4228055592
1314,43800000000,0,0,2.514362601,-1.050546131,1.058700439,0.8125975904,0.0516556485,-0.4020329493,-0.4187915445
1315,43833333333,0,1,2.49196142,-1.039511601,1.021286891,0.8188995999,0.04632396083,-0.396071553,-0.412777011
1316,43866666667,0,0,2.486509198,-1.029167568,0.9909920806,0.8228683657,0.05117237017,-0.3945004515,-0.4057566203
1317,43900000000,0,0,2.492706434,-0.9925597578,0.9575132627,0.8256719782,0.06153222694,-0.3928575963,-0.4001780585
1318,43933333333,0,0,2.497419278,-0.9629433645,0.9301970936,0.8261329017,0.06567120943,-0.3943525166,-0.3970866576
1319,43966666667,0,0,2.494096384,-0.9458032319,0.9066419171,0.8255233648,0.0672865699,-0.3948948154,-0.3975446849
1320,44000000000,0,0,2.483353085,-0.9234178904,0.8756218101,0.8248700403,0.07096827922,-0.394713918,-0.3984392586
1321,44033333333,0,0,2.489229047,-0.9094885422,0.8555761355,0.8246993134,0.07343282286,-0.3966866579,-0.3963815819
1322,44066666667,0,1,2.485037524,-0.8904944679,0.8188286248,0.8264767607,0.07336814701,-0.3936068441,-0.3957612049
1323,44100000000,0,0,2.479606749,-0.8820530975,0.7968351922,0.8277294549,0.07534612403,-0.3914962986,-0.3948639757
1324,44133333333,0,0,2.489298007,-0.8593279867,0.7825768818,0.8317865746,0.07769323789,-0.3872985147,-0.3899932252
1325,44166666667,0,0,2.47584742,-0.8415219066,0.7600930281,0.8364829203,0.07590193829,-0.3808222192,-0.3866647865
1326,44200000000,0,0,2.480735392,-0.829717816,0.7476285855,0.8382020243,0.07708409683,-0.3782338584,-0.385246099
1327,44233333333,0,0,2.478162033,-0.8119906172,0.7333002255,0.8410754722,0.07782259736,-0.372209807,-0.3847019015
1328,44266666667,0,0,2.474778857,-0.7945747923,0.7194822837,0.8433404618,0.07806524637,-0.3675567885,-0.3841675285
1329,44300000000,0,1,2.481366245,-0.7681866115,0.7058007225,0.8448500388,0.07827112762,-0.3632444452,-0.3849097499
1330,44333333333,0,0,2.472298755,-0.7460917166,0.695418831,0.8473962477,0.0749525597,-0.3571810372,-0.3856467553
1331,44366666667,0,0,2.470843295,-0.7287062553,0.6885262528,0.8482046783,0.07185102092,-0.3543884426,-0.3870337017
1332,44400000000,0,0,2.471090673,-0.7086094398,0.6856047551,0.8492705608,0.06782600906,-0.3509885548,-0.3885179294
1333,44433333333,0,0,2.460432052,-0.6926672159,0.6801408044,0.8499587984,0.06201460245,-0.3477463842,-0.390892162
1334,44466666667,0,0,2.458393761,-0.6861636267,0.6781017529,0.8486255273,0.05844697578,-0.3465269045,-0.3953957129
1335,44500000000,0,0,2.456135419,-0.6749136475,0.6760131424,0.8488048588,0.05547166587,-0.3430692248,-0.3984428603
1336,44533333333,0,0,2.445877923,-0.6672490034,0.6732505542,0.8497664712,0.05104807298,-0.339686871,-0.3998798173
1337,44566666667,0,0,2.446478604,-0.6634821496,0.6736750946,0.8507382308,0.0487205373,-0.3379745285,-0.3995547396
1338,44600000000,0,0,2.442428594,-0.6569795285,0.6738695967,0.853124298,0.045007843,-0.3338939725,-0.3983315722
1339,44633333333,0,0,2.438456463,-0.6561852066,0.6739177884,0.8557238483,0.04154900332,-0.3310104607,-0.3955280656
1340,44666666667,0,0,2.436856746,-0.6525623557,0.6753854436,0.8585989274,0.03863518967,-0.3278075584,-0.3922466172
1341,44700000000,0,0,2.431014508,-0.6501306554,0.6740244783,0.8601308786,0.03660381801,-0.3252340196,-0.3912261043
1342,44733333333,0,0,2.433889579,-0.6470659404,0.6746143225,0.860695288,0.03567935261,-0.3242959829,-0.3908487182
1343,44766666667,0,0,2.427831914,-0.6442229439,0.6738091573,0.8623171692,0.03287312689,-0.3221695543,-0.3892752697
1344,44800000000,0,0,2.423524289,-0.6490531243,0.6719533775,0.8623842057,0.03224619197,-0.3225420975,-0.3888704929
1345,44833333333,0,0,2.429514262,-0.6484030248,0.6723417469,0.8624735973,0.03355973783,-0.3227155978,-0.3884168906
1346,44866666667,0,0,2.427833703,-0.6448939509,0.6702620542,0.8636034964,0.03341145684,-0.322128148,-0.3864015163
1347,44900000000,0,1,2.425795901,-0.6376322429,0.6673593959,0.8639428743,0.03262845639,-0.3225467752,-0.3853591462
1348,44933333333,0,0,2.425309913,-0.6418387622,0.6674034202,0.864248254,0.031774007,-0.3225053233,-0.3847800467
1349,44966666667,0,0,2.424953002,-0.6415027777,0.6659874189,0.8652187302,0.03205150281,-0.3222220079,-0.3828083433
1350,45000000000,0,0,2.426917551,-0.6427437519,0.6660752408,0.8658208921,0.03194572034,-0.3227225932,-0.3810298959
1351,45033333333,0,0,2.427995097,-0.6451917731,0.6647819611,0.8667359364,0.03190473021,-0.3227840744,-0.378894901
1352,45066666667,0,0,2.430240864,-0.6445365158,0.6636278215,0.8673459461,0.03229636477,-0.3227372218,-0.377503166
1353,45100000000,0,0,2.429915444,-0.6473952081,0.6622962491,0.8678150916,0.03234355765,-0.3231688606,-0.3760488648
1354,45133333333,0,0,2.437692129,-0.6451245048,0.6631978985,0.8684991816,0.03265228527,-0.3239591882,-0.3737558617
1355,45166666667,0,0,2.434184867,-0.646429962,0.6594013623,0.8689642313,0.03133835658,-0.3235371632,-0.3731524837
1356,45200000000,0,0,2.435656763,-0.6499602092,0.6580346027,0.8686928715,0.0312641993,-0.3250686269,-0.3724589006
1357,45233333333,0,0,2.44203202,-0.6552309811,0.6586745143,0.8688642801,0.0318166212,-0.3258393747,-0.3713371343
1358,45266666667,0,0,2.440944832,-0.6557121605,0.6558067724,0.8698219047,0.03279851549,-0.3243137871,-0.3703440009
1359,45300000000,0,0,2.440334669,-0.655343617,0.6537756125,0.8703728965,0.03408177175,-0.3244141623,-0.3688426564
1360,45333333333,0,0,2.447101942,-0.6574838171,0.6548080283,0.8708796381,0.03566716251,-0.3250740528,-0.3669105745
1361,45366666667,0,0,2.448824003,-0.655024943,0.654146538,0.8717956039,0.03637854182,-0.3234527929,-0.3660974153
